Gene_encoded,TF_encoded,Tissue_encoded,log2FoldChange,Gene,TF,Tissue,TF_Family
2297,11,1,2.65957264531854,POU3F4,E2F6,MEF,E2F
1463,7,1,-1.11626598764505,INCENP,CTCF,MEF,Zf
1346,21,0,1.85192391244381,HMHA1,FOXA1,LMC,Forkhead
1744,34,0,1.61605159328595,MAFB,MAFK,LMC,bZIP
3225,36,1,5.45899308497482,WNT10A,MAZ,MEF,Zf
1217,24,1,-1.68453986158092,GNG3,GABPA,MEF,ETS
711,14,1,2.11217937635769,CYBRD1,ELF1,MEF,ETS
2018,7,1,3.27657972227678,NOTUM,CTCF,MEF,Zf
2424,8,1,-1.43699971579521,RAB3D,CUX1,MEF,Homeobox
3037,10,1,2.44630845450856,TMEM255A,E2F4,MEF,E2F
589,10,1,-2.54677802260555,CMTM8,E2F4,MEF,E2F
1348,58,0,1.6180838227508,HMOX1,ZEB1,LMC,Zf
1995,7,1,-1.79862701384107,NKAIN3,CTCF,MEF,Zf
1256,34,1,5.22776982339002,GPR37,MAFK,MEF,bZIP
948,49,1,-1.28879864864141,F2R,STAT1,MEF,Stat
1421,50,1,-1.30620556259726,IGF2BP3,STAT3,MEF,Stat
2452,23,0,1.99174899636394,RASAL3,FOXM1,LMC,Forkhead
1792,6,1,-5.09340625018667,MCOLN2,BHLHE40,MEF,bHLH
1277,12,1,3.21200492818692,GRHL1,EBF1,MEF,EBF
1476,24,1,1.61848963132255,IRF6,GABPA,MEF,ETS
1219,12,1,-2.16856191000515,GNGT2,EBF1,MEF,EBF
1957,0,0,-1.64466006634202,NDC80,ATF1,LMC,bZIP
198,57,1,-3.3044652172803,ARHGEF39,ZBTB33,MEF,Zf
1269,36,1,-3.15847904173922,GPSM3,MAZ,MEF,Zf
944,15,0,-1.00757252383823,EZH2,ELK1,LMC,ETS
2564,6,1,-1.20488236911413,S1PR2,BHLHE40,MEF,bHLH
2750,19,0,1.09773948896469,SLC46A3,FOS,LMC,bZIP
1662,60,1,4.04496698430501,LIN7A,ZNF263,MEF,Zf
1441,7,0,-1.95169115556536,IL17D,CTCF,LMC,Zf
108,16,1,1.07862740724675,ALCAM,ELK4,MEF,ETS
563,56,1,-3.27232018490678,CKAP2L,YY1,MEF,Zf
2615,15,0,-1.46513423498235,SEMA6A,ELK1,LMC,ETS
609,49,1,2.58711429478437,COL14A1,STAT1,MEF,Stat
3103,22,1,-2.65821541512878,TRIM14,FOXA2,MEF,Forkhead
490,53,1,-1.01868372437041,CDK2,TEAD4,MEF,TEA
698,47,0,2.17434427517752,CXADR,SP1,LMC,Zf
3016,54,1,1.16688239476946,TMEM151A,USF1,MEF,bHLH
1596,54,1,1.73718361562128,KLHL31,USF1,MEF,bHLH
276,34,0,-2.52309707321754,BCAT1,MAFK,LMC,bZIP
1279,36,1,1.2815939015013,GRIA2,MAZ,MEF,Zf
1662,53,0,-1.79206421323517,LIN7A,TEAD4,LMC,TEA
3160,11,1,-2.89414773676838,UBE2C,E2F6,MEF,E2F
2330,21,1,-1.38610302093725,PREX1,FOXA1,MEF,Forkhead
2908,11,0,2.15018091102076,SYCP3,E2F6,LMC,E2F
2479,52,0,1.00352479153394,RCSD1,TCF3,LMC,HMG
842,11,0,-1.22085282670557,EBF4,E2F6,LMC,E2F
3197,29,0,2.62564068851822,VILL,IRF1,LMC,IRF
1959,4,1,2.12947183778239,NDP,BATF,MEF,bZIP
988,24,1,1.57124127789086,FAM19A3,GABPA,MEF,ETS
1680,13,0,-2.52137855759845,LOXL4,EGR1,LMC,Zf
1655,52,1,-1.4939244371639,LIG1,TCF3,MEF,HMG
1437,32,0,2.5909647487906,IL11,JUND,LMC,bZIP
3015,22,0,1.30655408629672,TMEM140,FOXA2,LMC,Forkhead
65,54,1,-1.53401258580735,ADAMTSL2,USF1,MEF,bHLH
1914,54,0,-1.36772091134983,MYLK,USF1,LMC,bHLH
2466,1,1,1.32338894662691,RB1,ATF2,MEF,bZIP
2756,35,0,2.04133615806583,SLC7A14,MAX,LMC,bHLH
2223,51,0,2.42323666921668,PKIB,TCF12,LMC,bHLH
371,55,0,-1.48706087543006,CASS4,USF2,LMC,bHLH
1984,8,1,-1.74102844682325,NFKBID,CUX1,MEF,Homeobox
693,12,0,-1.02311552800996,CUL7,EBF1,LMC,EBF
1941,2,0,1.87583189367755,NAT8L,ATF3,LMC,bZIP
706,22,1,1.17172577203364,CXXC5,FOXA2,MEF,Forkhead
1901,24,1,1.12093207460751,MYBL1,GABPA,MEF,ETS
2937,7,1,1.50150751434557,TBC1D8,CTCF,MEF,Zf
1201,11,1,5.88965789173088,GLDN,E2F6,MEF,E2F
54,15,0,-1.06071433236995,ADAMTS1,ELK1,LMC,ETS
711,17,0,1.60648665149506,CYBRD1,ETS1,LMC,ETS
2484,29,1,-1.61727756925469,REPS2,IRF1,MEF,IRF
879,43,0,1.68125619987682,ELMO1,PAX5,LMC,"Paired,Homeobox"
2439,25,1,-1.16961792333877,RALGPS2,GATA1,MEF,Zf
1751,25,0,1.2574581791148,MAN1C1,GATA1,LMC,Zf
791,50,0,-1.80214698809254,DNM3OS,STAT3,LMC,Stat
2505,34,1,1.57356945981718,RHPN2,MAFK,MEF,bZIP
2496,47,0,-1.87567434541817,RGS5,SP1,LMC,Zf
2209,46,1,-3.76137984375333,PIF1,RFX5,MEF,HTH
1809,1,1,-1.12365506432939,MESDC1,ATF2,MEF,bZIP
116,6,1,1.26327774022441,ALOX5,BHLHE40,MEF,bHLH
1380,44,0,2.66649461859052,HOXD8,PBX3,LMC,Homeobox
3040,59,0,-1.15867301067613,TMEM38A,ZKSCAN1,LMC,Zf
1730,27,0,2.2809729198419,LYL1,GATA3,LMC,Zf
2988,44,1,2.47016823813231,TIPARP,PBX3,MEF,Homeobox
340,36,1,-1.36183817971496,CACNA1G,MAZ,MEF,Zf
2296,42,1,-3.99984604222538,POU2F2,NRF1,MEF,NRF
1859,10,0,-1.22977631970534,MNS1,E2F4,LMC,E2F
1181,14,1,3.4981608425236,GFRA3,ELF1,MEF,ETS
2686,58,1,1.0133885125942,SLC12A2,ZEB1,MEF,Zf
2626,6,1,3.1389116323707,SERPINE2,BHLHE40,MEF,bHLH
235,3,0,-1.029209618599,ATG16L2,BACH1,LMC,bZIP
171,19,0,-1.30844755503104,APOLD1,FOS,LMC,bZIP
267,34,0,1.93708273972907,BAI2,MAFK,LMC,bZIP
2110,19,0,1.9334545394149,PADI1,FOS,LMC,bZIP
317,33,0,1.98250644378338,BTK,MAFF,LMC,bZIP
1571,6,1,-2.07809907277535,KIF20B,BHLHE40,MEF,bHLH
2668,19,1,2.58347136368488,SHROOM3,FOS,MEF,bZIP
1850,46,0,-1.38750787951632,MMP17,RFX5,LMC,HTH
1614,14,1,-1.61904378831684,LAG3,ELF1,MEF,ETS
1421,13,1,-1.30620556259726,IGF2BP3,EGR1,MEF,Zf
1613,24,0,2.4317777613676,LAD1,GABPA,LMC,ETS
1665,42,1,-1.09066040559918,LIPA,NRF1,MEF,NRF
2688,3,0,2.79969545867571,SLC13A4,BACH1,LMC,bZIP
2132,32,0,-3.97146035306406,PAX9,JUND,LMC,bZIP
1835,13,1,1.22196139832031,MKX,EGR1,MEF,Zf
1935,7,0,-1.2886287110064,NACAD,CTCF,LMC,Zf
2702,35,1,-2.34280893316681,SLC17A6,MAX,MEF,bHLH
150,60,1,-1.50638570003123,ANXA4,ZNF263,MEF,Zf
2614,6,1,-1.66143168013089,SEMA4G,BHLHE40,MEF,bHLH
3122,19,0,-1.24389385987994,TSHZ2,FOS,LMC,bZIP
840,11,1,-1.61717204304951,EBF2,E2F6,MEF,E2F
939,0,1,1.71146128558084,EXPH5,ATF1,MEF,bZIP
3160,46,0,-1.97475920549478,UBE2C,RFX5,LMC,HTH
2366,50,1,-1.40721476381322,PSTPIP1,STAT3,MEF,Stat
2270,51,0,1.49305765456438,PLXDC1,TCF12,LMC,bHLH
2766,17,0,2.08815946386601,SLCO2A1,ETS1,LMC,ETS
2982,0,0,-1.48427698650404,TICRR,ATF1,LMC,bZIP
3124,36,1,1.83509447372902,TSLP,MAZ,MEF,Zf
2446,1,0,1.07317576939101,RAP2A,ATF2,LMC,bZIP
2886,50,1,1.35412699954028,STK38L,STAT3,MEF,Stat
3129,55,0,-1.65562226803156,TSPAN2,USF2,LMC,bHLH
1757,3,1,-1.5178339960259,MAP1B,BACH1,MEF,bZIP
917,54,1,-2.15452790343404,ERCC6L,USF1,MEF,bHLH
1808,54,0,-1.82115918803008,MELK,USF1,LMC,bHLH
1466,13,1,-6.8335510393848,INPP5D,EGR1,MEF,Zf
3080,3,0,1.78306212287679,TOX2,BACH1,LMC,bZIP
2651,19,1,-1.09294851276797,SH3KBP1,FOS,MEF,bZIP
1705,34,0,-3.18006629249493,LRRC7,MAFK,LMC,bZIP
2116,41,1,1.25392386281418,PAM,NANOG,MEF,Homeobox
2603,49,1,1.0266249678335,SEC61G,STAT1,MEF,Stat
1094,14,1,1.9671559113756,FOXA3,ELF1,MEF,ETS
1123,7,0,1.42329473898804,FTH1,CTCF,LMC,Zf
1535,7,1,-1.95833333411484,KCND1,CTCF,MEF,Zf
2514,36,0,1.36002626195056,RNASEL,MAZ,LMC,Zf
640,32,1,2.11611963339668,CPNE7,JUND,MEF,bZIP
767,60,1,2.50105789905647,DLX1,ZNF263,MEF,Zf
2616,47,0,-1.1018521339641,SEMA6C,SP1,LMC,Zf
1446,8,0,1.17277834852757,IL18RAP,CUX1,LMC,Homeobox
3197,25,0,2.62564068851822,VILL,GATA1,LMC,Zf
1164,35,1,3.04067722262109,GCHFR,MAX,MEF,bHLH
1913,4,0,1.12680224428471,MYLIP,BATF,LMC,bZIP
296,5,1,-1.59805342544592,BLNK,BCL11A,MEF,Zf
1003,42,1,-3.49365096633453,FAM64A,NRF1,MEF,NRF
438,46,1,-3.80310192593788,CD244,RFX5,MEF,HTH
2004,12,1,-3.25660835850974,NLRP3,EBF1,MEF,EBF
3160,14,0,-1.97475920549478,UBE2C,ELF1,LMC,ETS
725,7,1,1.02420262689616,DACH2,CTCF,MEF,Zf
1751,42,0,1.2574581791148,MAN1C1,NRF1,LMC,NRF
695,55,1,1.09241109000734,CWF19L2,USF2,MEF,bHLH
1401,55,1,1.38533707225827,HSPB6,USF2,MEF,bHLH
55,54,0,-1.02577829579336,ADAMTS10,USF1,LMC,bHLH
1290,11,1,1.06880276531926,GRTP1,E2F6,MEF,E2F
2524,7,1,2.85091477264428,RNF208,CTCF,MEF,Zf
2286,52,0,3.9140576319777,PODXL,TCF3,LMC,HMG
2658,22,1,-2.88909226113325,SHC2,FOXA2,MEF,Forkhead
1966,50,1,2.59471853436988,NEBL,STAT3,MEF,Stat
248,7,1,-1.93874767251077,ATP8B4,CTCF,MEF,Zf
2057,44,0,-2.07327400721528,NUF2,PBX3,LMC,Homeobox
2507,24,1,1.46211095668612,RIC3,GABPA,MEF,ETS
762,23,0,1.09464442057264,DLEU2,FOXM1,LMC,Forkhead
441,1,0,2.38543624011782,CD300A,ATF2,LMC,bZIP
2736,27,1,2.09488654749349,SLC35G1,GATA3,MEF,Zf
3080,53,0,1.78306212287679,TOX2,TEAD4,LMC,TEA
729,42,0,-2.11502159319182,DCC,NRF1,LMC,NRF
1779,12,1,-1.49186664130323,MBOAT1,EBF1,MEF,EBF
2902,40,1,1.29983786074991,SUSD4,MYOG,MEF,bHLH
450,17,1,-6.20798443020464,CD52,ETS1,MEF,ETS
150,34,1,-1.50638570003123,ANXA4,MAFK,MEF,bZIP
854,36,0,1.36893250160883,EEPD1,MAZ,LMC,Zf
407,49,1,1.03514271363307,CCDC90B,STAT1,MEF,Stat
1871,7,0,2.04102619873036,MRC1,CTCF,LMC,Zf
826,19,1,1.4823410612308,DUSP27,FOS,MEF,bZIP
328,36,1,1.77868570595405,C1QTNF4,MAZ,MEF,Zf
1970,51,0,-1.56249356356483,NEK2,TCF12,LMC,bHLH
1465,55,1,-1.70855556177806,INPP4B,USF2,MEF,bHLH
2750,50,0,1.09773948896469,SLC46A3,STAT3,LMC,Stat
761,34,1,2.14213441280121,DKKL1,MAFK,MEF,bZIP
165,20,0,1.51242432274021,APOBEC1,FOSL2,LMC,bZIP
1387,7,1,-2.44170919251263,HPSE,CTCF,MEF,Zf
761,13,1,2.14213441280121,DKKL1,EGR1,MEF,Zf
2492,44,1,-1.83237956996519,RGS16,PBX3,MEF,Homeobox
352,51,0,5.17564912690725,CALCB,TCF12,LMC,bHLH
2572,57,1,1.24918446806687,SAP18,ZBTB33,MEF,Zf
1023,3,1,-1.69694882969295,FBLN1,BACH1,MEF,bZIP
2725,44,0,1.14130727579286,SLC2A13,PBX3,LMC,Homeobox
2616,10,0,-1.1018521339641,SEMA6C,E2F4,LMC,E2F
10,40,1,-1.23887475365134,ABCB4,MYOG,MEF,bHLH
2477,51,1,1.46967424150988,RCAN2,TCF12,MEF,bHLH
2593,60,1,1.89579329835955,SCUBE1,ZNF263,MEF,Zf
1482,25,0,1.42105511718159,ISG15,GATA1,LMC,Zf
1121,51,0,-1.09945691947873,FSTL3,TCF12,LMC,bHLH
963,11,0,1.37994791995384,FAM105A,E2F6,LMC,E2F
399,7,1,2.3751815801806,CCDC65,CTCF,MEF,Zf
2901,13,1,-5.15300147386645,SUSD3,EGR1,MEF,Zf
2964,33,0,1.01587424208926,TFEB,MAFF,LMC,bZIP
1747,14,1,3.56156755762499,MAL2,ELF1,MEF,ETS
1838,3,1,1.00684294020748,MLLT3,BACH1,MEF,bZIP
3062,43,0,1.39526638579777,TNFRSF1B,PAX5,LMC,"Paired,Homeobox"
351,6,1,3.43618473851565,CADM4,BHLHE40,MEF,bHLH
2639,59,1,1.44337984031243,SGMS2,ZKSCAN1,MEF,Zf
353,36,0,-1.62535534434489,CALML4,MAZ,LMC,Zf
16,32,1,-2.05030147335999,ABHD15,JUND,MEF,bZIP
1035,56,0,-2.22203456792335,FBXO41,YY1,LMC,Zf
3235,6,1,-2.62409631254694,WT1,BHLHE40,MEF,bHLH
2538,36,1,-1.60153695378032,RPS6KA2,MAZ,MEF,Zf
997,52,0,-1.75327919236448,FAM43A,TCF3,LMC,HMG
1080,13,0,-1.8819161171877,FMN2,EGR1,LMC,Zf
671,33,1,1.80514834363837,CSRNP3,MAFF,MEF,bZIP
1820,54,1,-1.62563638359958,MFSD12,USF1,MEF,bHLH
793,22,1,-3.6299744403086,DOCK10,FOXA2,MEF,Forkhead
1260,46,0,2.07455494213152,GPR65,RFX5,LMC,HTH
115,60,1,-1.46853695672575,ALDH3B1,ZNF263,MEF,Zf
2992,26,0,-1.59620965406724,TLE2,GATA2,LMC,Zf
1077,7,1,2.05188092465229,FLRT1,CTCF,MEF,Zf
759,29,0,-1.00993525857208,DIXDC1,IRF1,LMC,IRF
58,45,1,-1.67805893584247,ADAMTS16,PRDM1,MEF,Zf
2727,21,0,-3.11197659189262,SLC2A4,FOXA1,LMC,Forkhead
3142,35,1,1.51900011031051,TTYH1,MAX,MEF,bHLH
1311,7,1,7.38466154151092,HAPLN1,CTCF,MEF,Zf
1482,13,0,1.42105511718159,ISG15,EGR1,LMC,Zf
2964,21,0,1.01587424208926,TFEB,FOXA1,LMC,Forkhead
2383,24,1,-3.4084277039216,PTPN18,GABPA,MEF,ETS
1957,4,1,-2.61766850781226,NDC80,BATF,MEF,bZIP
479,32,0,4.50682592257257,CDH1,JUND,LMC,bZIP
2816,1,1,-4.21242303903556,SP110,ATF2,MEF,bZIP
1246,17,0,1.71022493459667,GPR160,ETS1,LMC,ETS
2803,36,1,1.55210166985957,SOD3,MAZ,MEF,Zf
1753,8,1,-1.17597499133754,MANBA,CUX1,MEF,Homeobox
450,7,1,-6.20798443020464,CD52,CTCF,MEF,Zf
143,49,0,-1.25200855268607,ANKRD6,STAT1,LMC,Stat
1984,54,1,-1.74102844682325,NFKBID,USF1,MEF,bHLH
526,40,0,-1.55044439537775,CEP72,MYOG,LMC,bHLH
2970,29,1,1.23882960320647,TGFB2,IRF1,MEF,IRF
2763,6,1,-1.53388752706097,SLC9A5,BHLHE40,MEF,bHLH
3138,13,0,-1.6865426189192,TTLL11,EGR1,LMC,Zf
2811,22,0,-1.33669227241244,SOX13,FOXA2,LMC,Forkhead
745,28,0,1.87936915159703,DENND1C,HNF4A,LMC,NR
586,58,0,-1.51585649307847,CLYBL,ZEB1,LMC,Zf
556,35,1,-1.31285877421793,CHSY3,MAX,MEF,bHLH
2352,32,1,-3.19271883925877,PRSS16,JUND,MEF,bZIP
2041,34,1,-3.86600513615225,NRROS,MAFK,MEF,bZIP
2317,44,1,-1.34514921030394,PPP1R3E,PBX3,MEF,Homeobox
563,42,1,-3.27232018490678,CKAP2L,NRF1,MEF,NRF
41,21,1,-1.29710351150971,ACTN3,FOXA1,MEF,Forkhead
2857,20,0,-1.06293551098304,SSC5D,FOSL2,LMC,bZIP
2994,22,0,-2.49436125174685,TLL1,FOXA2,LMC,Forkhead
2880,21,1,1.70598114113973,STEAP4,FOXA1,MEF,Forkhead
101,23,1,-2.3698435360429,AIM2,FOXM1,MEF,Forkhead
384,6,0,-1.17409117648331,CCDC116,BHLHE40,LMC,bHLH
1783,8,1,-1.39828248423787,MCAM,CUX1,MEF,Homeobox
1466,32,0,2.28222195528639,INPP5D,JUND,LMC,bZIP
1124,15,1,1.2403597876149,FUNDC1,ELK1,MEF,ETS
2765,57,1,-1.43101148114046,SLC9B2,ZBTB33,MEF,Zf
1175,32,1,1.5987715046868,GDF7,JUND,MEF,bZIP
2288,55,1,-1.22235801190337,POLA1,USF2,MEF,bHLH
3101,3,0,-1.46144599891915,TRHDE,BACH1,LMC,bZIP
1431,15,1,-1.08610051353498,IGSF8,ELK1,MEF,ETS
2614,53,1,-1.66143168013089,SEMA4G,TEAD4,MEF,TEA
876,22,1,1.64352848468001,ELAVL2,FOXA2,MEF,Forkhead
2950,5,1,-1.66854097421248,TCIRG1,BCL11A,MEF,Zf
719,34,0,1.91902687404355,CYSLTR1,MAFK,LMC,bZIP
1267,50,0,-2.02246298759905,GPRIN3,STAT3,LMC,Stat
2690,12,1,2.2300285433824,SLC14A2,EBF1,MEF,EBF
1123,11,0,1.42329473898804,FTH1,E2F6,LMC,E2F
2243,7,0,1.91484846940288,PLD4,CTCF,LMC,Zf
1080,35,0,-1.8819161171877,FMN2,MAX,LMC,bHLH
2191,59,1,-1.12489024784302,PFKFB3,ZKSCAN1,MEF,Zf
2035,43,1,1.14847538568602,NR4A2,PAX5,MEF,"Paired,Homeobox"
103,40,0,-1.30472250216679,AKAP12,MYOG,LMC,bHLH
1594,14,0,-1.09820656454142,KLHL13,ELF1,LMC,ETS
2430,44,1,-1.31416017052017,RACGAP1,PBX3,MEF,Homeobox
261,7,1,4.30976032654458,B4GALNT3,CTCF,MEF,Zf
2036,6,1,2.71189412058373,NRAP,BHLHE40,MEF,bHLH
2923,20,0,1.05851666857904,SYTL1,FOSL2,LMC,bZIP
2168,32,0,-1.54705845470902,PDE4B,JUND,LMC,bZIP
646,54,0,1.44373091276632,CRB2,USF1,LMC,bHLH
1769,6,0,1.45666431649405,MAPK4,BHLHE40,LMC,bHLH
1758,15,0,-2.57018479728734,MAP2,ELK1,LMC,ETS
1611,11,1,2.32954569295926,KRT80,E2F6,MEF,E2F
2260,7,1,-1.06024887079135,PLK3,CTCF,MEF,Zf
2273,55,0,2.09848892681081,PLXNC1,USF2,LMC,bHLH
2256,20,0,1.27870663584014,PLIN2,FOSL2,LMC,bZIP
1329,25,1,-3.29733302336002,HHEX,GATA1,MEF,Zf
2982,6,0,-1.48427698650404,TICRR,BHLHE40,LMC,bHLH
2985,4,0,1.18351069680431,TIMP1,BATF,LMC,bZIP
43,50,1,-1.10283547570767,ACY1,STAT3,MEF,Stat
548,5,1,1.36084304816401,CHRNA1,BCL11A,MEF,Zf
2462,54,1,-1.27388781825867,RASSF2,USF1,MEF,bHLH
1192,7,0,2.12975177309084,GIPC2,CTCF,LMC,Zf
1531,59,0,1.72895569764727,KCNB1,ZKSCAN1,LMC,Zf
597,53,1,2.28671545640635,CNNM1,TEAD4,MEF,TEA
329,27,0,-2.28989215593683,C1QTNF6,GATA3,LMC,Zf
3191,16,1,-1.09005170142181,VAV2,ELK4,MEF,ETS
3111,42,1,-2.16167846771077,TRIP13,NRF1,MEF,NRF
278,35,1,1.00590719166316,BCL11A,MAX,MEF,bHLH
566,60,0,-1.1170682511222,CKS2,ZNF263,LMC,Zf
2484,34,1,-1.61727756925469,REPS2,MAFK,MEF,bZIP
1775,27,1,-1.0848607122183,MASTL,GATA3,MEF,Zf
310,35,1,-4.55177016480624,BRINP3,MAX,MEF,bHLH
835,46,0,-1.62654006826296,E2F7,RFX5,LMC,HTH
1168,8,1,-1.4900698007944,GCNT2,CUX1,MEF,Homeobox
645,7,1,2.28998351004863,CRABP2,CTCF,MEF,Zf
1894,46,0,-1.00373976817537,MTSS1L,RFX5,LMC,HTH
57,14,1,-3.23525709952468,ADAMTS14,ELF1,MEF,ETS
2969,26,0,-1.39028771607637,TGFB1I1,GATA2,LMC,Zf
2061,1,1,-2.58080923652457,NUSAP1,ATF2,MEF,bZIP
3218,34,0,2.51484974969282,WFDC1,MAFK,LMC,bZIP
2248,50,0,1.09603278515227,PLEKHA7,STAT3,LMC,Stat
1525,14,1,-2.06682158138137,KCNA3,ELF1,MEF,ETS
975,43,1,1.2401815530898,FAM161B,PAX5,MEF,"Paired,Homeobox"
609,10,0,-2.48383705669678,COL14A1,E2F4,LMC,E2F
609,46,1,2.58711429478437,COL14A1,RFX5,MEF,HTH
2816,35,1,-4.21242303903556,SP110,MAX,MEF,bHLH
784,47,1,1.08312646824662,DNAJB4,SP1,MEF,Zf
1470,40,1,2.5503707450511,IP6K3,MYOG,MEF,bHLH
2442,36,0,-1.35797305870814,RAMP3,MAZ,LMC,Zf
1730,54,1,-4.43367583493052,LYL1,USF1,MEF,bHLH
2692,56,1,-5.35420024219679,SLC15A3,YY1,MEF,Zf
1298,0,0,1.79871714318156,GSTA4,ATF1,LMC,bZIP
1178,23,0,-1.42420978182455,GEN1,FOXM1,LMC,Forkhead
414,47,1,-3.70901129351102,CCL3,SP1,MEF,Zf
2332,33,1,-1.39027810102326,PRIM1,MAFF,MEF,bZIP
146,7,1,1.51709684147196,ANO7,CTCF,MEF,Zf
1773,60,1,-1.05508208421694,MAST1,ZNF263,MEF,Zf
72,24,1,1.58089716931538,ADCY5,GABPA,MEF,ETS
2101,56,1,1.9803470891141,P2RY10,YY1,MEF,Zf
2414,55,0,-1.30372944762323,RAB23,USF2,LMC,bHLH
3138,12,0,-1.6865426189192,TTLL11,EBF1,LMC,EBF
3074,20,0,1.95037145184557,TNS4,FOSL2,LMC,bZIP
929,36,0,-1.30787333118885,ETS1,MAZ,LMC,Zf
2512,53,1,4.27800513359514,RNASE1,TEAD4,MEF,TEA
1199,22,0,1.2217073878264,GLA,FOXA2,LMC,Forkhead
2569,6,0,-1.64177687245511,SAMD14,BHLHE40,LMC,bHLH
769,7,1,5.10455270438126,DLX3,CTCF,MEF,Zf
1658,26,0,-1.11995880005209,LIMCH1,GATA2,LMC,Zf
1065,27,0,-1.11066739441419,FHL2,GATA3,LMC,Zf
951,51,0,-1.22121692603149,F3,TCF12,LMC,bHLH
1426,21,1,3.03515583117171,IGSF1,FOXA1,MEF,Forkhead
2475,8,1,-1.44061168735286,RBPMS,CUX1,MEF,Homeobox
513,33,0,-1.3525440584189,CENPH,MAFF,LMC,bZIP
742,43,1,-8.87308429668951,DDX3Y,PAX5,MEF,"Paired,Homeobox"
1413,35,0,1.905682413793,IFIT1,MAX,LMC,bHLH
303,49,1,1.45646153834468,BMP8B,STAT1,MEF,Stat
465,15,1,-2.79960891240183,CDC20,ELK1,MEF,ETS
1436,44,0,2.10053679133287,IL10RA,PBX3,LMC,Homeobox
657,53,1,-2.29638885268615,CRMP1,TEAD4,MEF,TEA
1087,33,1,1.13617462924265,FNDC3A,MAFF,MEF,bZIP
1976,47,1,1.28300620910815,NET1,SP1,MEF,Zf
854,54,0,1.36893250160883,EEPD1,USF1,LMC,bHLH
1218,33,0,-1.40791351049592,GNG8,MAFF,LMC,bZIP
784,1,1,1.08312646824662,DNAJB4,ATF2,MEF,bZIP
2957,29,0,2.25325284092505,TESC,IRF1,LMC,IRF
2290,17,0,-1.59233149150338,POLE,ETS1,LMC,ETS
263,53,0,-1.00072208985651,B4GALT2,TEAD4,LMC,TEA
2699,28,0,-1.13247654437372,SLC16A3,HNF4A,LMC,NR
1103,14,0,-1.1218794612056,FOXP1,ELF1,LMC,ETS
1940,21,0,1.91405361951721,NAT1,FOXA1,LMC,Forkhead
2336,60,0,-1.53261289998332,PRKCG,ZNF263,LMC,Zf
2196,36,1,-1.48538119052124,PGAP3,MAZ,MEF,Zf
1993,20,1,1.04031542771177,NIPAL3,FOSL2,MEF,bZIP
1597,51,1,-3.37533486723335,KLHL33,TCF12,MEF,bHLH
1731,10,1,-1.28097207449901,LYN,E2F4,MEF,E2F
2757,10,0,1.83771530730849,SLC7A8,E2F4,LMC,E2F
1956,32,1,2.06161702512849,NCKAP5,JUND,MEF,bZIP
1002,55,0,-1.07799221381173,FAM57A,USF2,LMC,bHLH
3065,31,1,-1.67207013939252,TNIK,IRF4,MEF,IRF
454,35,0,2.02419233042325,CD68,MAX,LMC,bHLH
2988,12,1,2.47016823813231,TIPARP,EBF1,MEF,EBF
1352,7,1,2.31405148866726,HOMER2,CTCF,MEF,Zf
664,57,0,1.50200208422451,CSF2RA,ZBTB33,LMC,Zf
307,35,1,-1.18056924901314,BOK,MAX,MEF,bHLH
400,55,1,1.69037125761884,CCDC68,USF2,MEF,bHLH
1214,51,1,1.14691349426281,GNAL,TCF12,MEF,bHLH
1243,55,1,-1.02712658887003,GPR153,USF2,MEF,bHLH
2194,23,1,1.41728947266059,PFN4,FOXM1,MEF,Forkhead
732,44,0,1.36123063542454,DCN,PBX3,LMC,Homeobox
2726,45,0,1.94893923934692,SLC2A3,PRDM1,LMC,Zf
2153,60,0,-1.51740049418196,PCLO,ZNF263,LMC,Zf
1591,2,1,1.24681343695408,KLF9,ATF3,MEF,bZIP
2112,47,0,2.46587352718723,PADI3,SP1,LMC,Zf
2512,0,1,4.27800513359514,RNASE1,ATF1,MEF,bZIP
1274,11,1,-1.13146745223396,GRB10,E2F6,MEF,E2F
1754,17,1,1.57566577442679,MANEAL,ETS1,MEF,ETS
16,29,1,-2.05030147335999,ABHD15,IRF1,MEF,IRF
2479,27,0,1.00352479153394,RCSD1,GATA3,LMC,Zf
2750,29,0,1.09773948896469,SLC46A3,IRF1,LMC,IRF
1613,51,0,2.4317777613676,LAD1,TCF12,LMC,bHLH
819,27,0,1.14268323152742,DTNB,GATA3,LMC,Zf
2692,8,0,2.0074981520264,SLC15A3,CUX1,LMC,Homeobox
1628,10,0,-1.03193745565036,LBR,E2F4,LMC,E2F
1429,17,0,1.33431188831457,IGSF3,ETS1,LMC,ETS
62,56,1,-1.74379178598136,ADAMTS6,YY1,MEF,Zf
944,1,1,-1.00394440145578,EZH2,ATF2,MEF,bZIP
1591,15,1,1.24681343695408,KLF9,ELK1,MEF,ETS
827,42,0,1.31630430034092,DUSP6,NRF1,LMC,NRF
994,47,1,1.02278867867513,FAM222A,SP1,MEF,Zf
451,33,1,-1.77541440908592,CD53,MAFF,MEF,bZIP
705,28,1,1.96907516552775,CXXC4,HNF4A,MEF,NR
499,51,0,-1.08134160329322,CDR2L,TCF12,LMC,bHLH
762,43,0,1.09464442057264,DLEU2,PAX5,LMC,"Paired,Homeobox"
2780,50,0,-2.20674711365804,SMOC1,STAT3,LMC,Stat
327,6,0,-2.45949876522906,C1QTNF3,BHLHE40,LMC,bHLH
1657,1,0,1.80988149856431,LILRB4,ATF2,LMC,bZIP
2123,55,0,-1.05912084907737,PAQR8,USF2,LMC,bHLH
1682,58,1,-2.74353016291485,LPAR5,ZEB1,MEF,Zf
1360,11,1,-2.49612425829247,HOXA5,E2F6,MEF,E2F
1631,46,0,1.88765751605467,LCP1,RFX5,LMC,HTH
3127,26,1,-1.25041688315433,TSPAN14,GATA2,MEF,Zf
53,4,1,-5.64244157319056,ADAM8,BATF,MEF,bZIP
1571,0,1,-2.07809907277535,KIF20B,ATF1,MEF,bZIP
1627,50,1,-5.37255434397412,LAT2,STAT3,MEF,Stat
87,5,0,-1.07602901160322,AFF3,BCL11A,LMC,Zf
1307,49,0,-1.36464889595292,H1FX,STAT1,LMC,Stat
720,6,0,1.18837675419197,CYSTM1,BHLHE40,LMC,bHLH
2818,26,1,-2.08194247908824,SP3,GATA2,MEF,Zf
276,44,0,-2.52309707321754,BCAT1,PBX3,LMC,Homeobox
2597,21,1,1.45662453410032,SDC2,FOXA1,MEF,Forkhead
711,12,0,1.60648665149506,CYBRD1,EBF1,LMC,EBF
2985,13,0,1.18351069680431,TIMP1,EGR1,LMC,Zf
2979,43,1,-5.70150854605767,THEMIS2,PAX5,MEF,"Paired,Homeobox"
1399,19,0,1.22127784545729,HSPB1,FOS,LMC,bZIP
1975,24,1,1.36711522450155,NES,GABPA,MEF,ETS
92,34,1,-2.24538367066062,AGT,MAFK,MEF,bZIP
43,2,0,-1.04222778985069,ACY1,ATF3,LMC,bZIP
450,26,1,-6.20798443020464,CD52,GATA2,MEF,Zf
1559,42,0,-1.66267294525053,KCTD15,NRF1,LMC,NRF
2800,46,1,-1.09658233253047,SOAT1,RFX5,MEF,HTH
1860,35,0,1.38247263631652,MOCOS,MAX,LMC,bHLH
2518,56,0,1.12192132751903,RNF144B,YY1,LMC,Zf
1868,40,1,1.20310929233379,MPV17L,MYOG,MEF,bHLH
1093,3,0,1.14177708816059,FOS,BACH1,LMC,bZIP
2191,60,1,-1.12489024784302,PFKFB3,ZNF263,MEF,Zf
1340,29,0,-1.68692943375859,HLF,IRF1,LMC,IRF
2459,46,1,-1.39545144247547,RASGRP3,RFX5,MEF,HTH
339,56,0,2.19194013816375,CACNA1D,YY1,LMC,Zf
708,50,1,3.07980552831559,CYB5R2,STAT3,MEF,Stat
1745,55,0,2.6302950683987,MAK,USF2,LMC,bHLH
431,17,1,-2.0295776132404,CCRL2,ETS1,MEF,ETS
2417,19,1,2.63891593628851,RAB27B,FOS,MEF,bZIP
1747,56,1,3.56156755762499,MAL2,YY1,MEF,Zf
1665,46,0,1.4596415262887,LIPA,RFX5,LMC,HTH
631,26,1,-1.04533746512875,CORO1C,GATA2,MEF,Zf
2811,54,0,-1.33669227241244,SOX13,USF1,LMC,bHLH
1397,17,1,-1.16888047583215,HSPA12B,ETS1,MEF,ETS
1623,20,1,-7.95287425558167,LAPTM5,FOSL2,MEF,bZIP
2226,56,1,-1.27907621233407,PKP2,YY1,MEF,Zf
2939,3,1,2.29904675934665,TBX2,BACH1,MEF,bZIP
2294,59,1,2.16914183980804,POPDC3,ZKSCAN1,MEF,Zf
2411,40,1,3.97424188749577,RAB17,MYOG,MEF,bHLH
856,11,0,-1.15119532089597,EFCAB11,E2F6,LMC,E2F
2598,7,1,1.9485947229018,SDC4,CTCF,MEF,Zf
1871,36,0,2.04102619873036,MRC1,MAZ,LMC,Zf
965,7,0,1.18276298742452,FAM110C,CTCF,LMC,Zf
1268,35,0,-1.16679590504113,GPSM1,MAX,LMC,bHLH
403,15,1,1.62541196358019,CCDC80,ELK1,MEF,ETS
3160,55,0,-1.97475920549478,UBE2C,USF2,LMC,bHLH
475,54,1,-1.49364324799289,CDCA5,USF1,MEF,bHLH
2607,22,1,2.4777280916828,SEMA3B,FOXA2,MEF,Forkhead
3077,12,0,-1.50867268856158,TOM1L1,EBF1,LMC,EBF
138,14,1,-2.24979568940809,ANKLE1,ELF1,MEF,ETS
392,0,0,-1.59929315254546,CCDC18,ATF1,LMC,bZIP
926,12,1,-1.32942090046407,ESYT1,EBF1,MEF,EBF
510,17,1,-3.04371144390706,CENPA,ETS1,MEF,ETS
41,27,0,1.69437888610921,ACTN3,GATA3,LMC,Zf
935,7,1,-1.93427783380951,EVL,CTCF,MEF,Zf
1918,46,1,2.42196231807365,MYO18B,RFX5,MEF,HTH
2443,24,0,-1.16745530392241,RANBP17,GABPA,LMC,ETS
945,34,0,1.62913103681418,EZR,MAFK,LMC,bZIP
544,29,1,1.52613161639565,CHMP4C,IRF1,MEF,IRF
977,12,0,-1.35378356162685,FAM171B,EBF1,LMC,EBF
1087,13,1,1.13617462924265,FNDC3A,EGR1,MEF,Zf
1436,29,0,2.10053679133287,IL10RA,IRF1,LMC,IRF
2407,7,1,2.77229742411912,QRFPR,CTCF,MEF,Zf
1750,29,0,-1.35662311441156,MAMSTR,IRF1,LMC,IRF
1424,54,1,-2.50962771157605,IGFBP6,USF1,MEF,bHLH
1794,40,1,-2.11927424584308,MCTP1,MYOG,MEF,bHLH
2728,15,1,1.23511239891127,SLC2A6,ELK1,MEF,ETS
1243,60,0,-1.11359055206435,GPR153,ZNF263,LMC,Zf
3017,7,0,-1.65296530555716,TMEM151B,CTCF,LMC,Zf
2776,12,1,-4.60380268008925,SMAGP,EBF1,MEF,EBF
987,54,1,1.35543441757612,FAM19A1,USF1,MEF,bHLH
2975,50,0,-1.10337016351696,THBS1,STAT3,LMC,Stat
67,1,1,-3.9511164464879,ADAP1,ATF2,MEF,bZIP
2988,13,1,2.47016823813231,TIPARP,EGR1,MEF,Zf
1916,41,1,1.02389450262795,MYLK3,NANOG,MEF,Homeobox
997,55,0,-1.75327919236448,FAM43A,USF2,LMC,bHLH
926,32,1,-1.32942090046407,ESYT1,JUND,MEF,bZIP
1969,47,1,-2.45331857180065,NEIL3,SP1,MEF,Zf
2901,43,1,-5.15300147386645,SUSD3,PAX5,MEF,"Paired,Homeobox"
239,6,0,2.40094957643181,ATP1A3,BHLHE40,LMC,bHLH
2472,53,1,-2.98434592973191,RBM47,TEAD4,MEF,TEA
2060,46,0,-1.29534952869874,NUP62CL,RFX5,LMC,HTH
1939,27,1,1.0546966217877,NAPB,GATA3,MEF,Zf
319,11,1,1.09978149729961,BTN2A2,E2F6,MEF,E2F
2039,1,0,-1.67908212368491,NRN1,ATF2,LMC,bZIP
2850,47,1,1.15748359100971,SQRDL,SP1,MEF,Zf
2745,7,0,1.9025481432666,SLC43A2,CTCF,LMC,Zf
1799,10,0,-3.42838043876164,MECOM,E2F4,LMC,E2F
1954,10,1,-6.8574630086637,NCF4,E2F4,MEF,E2F
3007,47,1,-2.84859680440921,TMEM106A,SP1,MEF,Zf
472,33,1,-1.16198535397929,CDC7,MAFF,MEF,bZIP
1711,26,0,1.47996043864215,LRRN4,GATA2,LMC,Zf
1271,59,0,-2.17760740452674,GRAMD2,ZKSCAN1,LMC,Zf
641,50,1,1.28498306362542,CPOX,STAT3,MEF,Stat
2729,11,0,3.23927313893964,SLC30A2,E2F6,LMC,E2F
1787,51,1,-2.53275926001282,MCM10,TCF12,MEF,bHLH
997,10,0,-1.75327919236448,FAM43A,E2F4,LMC,E2F
1665,11,1,-1.09066040559918,LIPA,E2F6,MEF,E2F
2658,60,1,-2.88909226113325,SHC2,ZNF263,MEF,Zf
1502,53,0,-3.72547903980013,ITIH2,TEAD4,LMC,TEA
954,45,0,1.3474227486607,FABP3,PRDM1,LMC,Zf
2000,47,0,1.5370079637518,NLRC3,SP1,LMC,Zf
278,10,0,-2.49068744677869,BCL11A,E2F4,LMC,E2F
2155,3,0,-2.47708326135664,PCOLCE,BACH1,LMC,bZIP
342,50,1,2.14195367350163,CACNA1I,STAT3,MEF,Stat
1440,60,0,1.64091545644391,IL16,ZNF263,LMC,Zf
2568,34,1,1.47843825543726,SAMD12,MAFK,MEF,bZIP
2995,55,1,-2.069741018555,TLR1,USF2,MEF,bHLH
460,60,1,-3.73496442784358,CD83,ZNF263,MEF,Zf
2855,40,0,1.65068826126011,SRPK3,MYOG,LMC,bHLH
2698,1,1,2.93202883553792,SLC16A14,ATF2,MEF,bZIP
2367,10,1,-5.23532988568141,PTAFR,E2F4,MEF,E2F
2429,7,1,-5.54500344285024,RAC2,CTCF,MEF,Zf
1496,36,1,-7.27584348524757,ITGAM,MAZ,MEF,Zf
722,46,1,2.46228811504663,CYTIP,RFX5,MEF,HTH
2591,50,1,-1.78273891404674,SCN9A,STAT3,MEF,Stat
2647,51,0,-2.39187793851691,SH3BGR,TCF12,LMC,bHLH
1177,8,1,-1.98760381087097,GDPD3,CUX1,MEF,Homeobox
2025,6,0,2.53672607490002,NPR1,BHLHE40,LMC,bHLH
1865,13,1,1.14781830061223,MPC1,EGR1,MEF,Zf
474,13,0,-1.32494426025513,CDCA3,EGR1,LMC,Zf
2018,40,1,3.27657972227678,NOTUM,MYOG,MEF,bHLH
1900,42,1,-2.16305225779513,MXD3,NRF1,MEF,NRF
2818,18,1,-2.08194247908824,SP3,FLI1,MEF,ETS
1182,43,1,1.28941918021194,GGCT,PAX5,MEF,"Paired,Homeobox"
2174,24,0,-1.12952040014732,PDGFD,GABPA,LMC,ETS
144,3,0,-2.07929898267856,ANLN,BACH1,LMC,bZIP
486,11,1,2.04305317601339,CDH8,E2F6,MEF,E2F
2409,6,0,1.19634377115798,RAB11FIP1,BHLHE40,LMC,bHLH
391,19,0,-1.06623168509166,CCDC159,FOS,LMC,bZIP
1180,53,1,1.62792565977569,GFRA2,TEAD4,MEF,TEA
3155,7,1,1.02178346516122,TYR,CTCF,MEF,Zf
484,14,1,-1.7228499073708,CDH24,ELF1,MEF,ETS
1187,56,0,-1.37443835803278,GGT7,YY1,LMC,Zf
1307,6,0,-1.36464889595292,H1FX,BHLHE40,LMC,bHLH
713,49,1,1.19144626408088,CYLD,STAT1,MEF,Stat
1840,27,1,-1.82783355688572,MMD,GATA3,MEF,Zf
682,47,0,-2.179683463689,CTNND2,SP1,LMC,Zf
2031,8,1,1.6603360818878,NQO1,CUX1,MEF,Homeobox
1482,47,0,1.42105511718159,ISG15,SP1,LMC,Zf
2698,53,1,2.93202883553792,SLC16A14,TEAD4,MEF,TEA
1288,6,1,3.16557429975077,GRM4,BHLHE40,MEF,bHLH
1234,46,0,2.33921985430141,GPR115,RFX5,LMC,HTH
468,14,1,-1.37167653448339,CDC42EP2,ELF1,MEF,ETS
2319,6,1,2.1115367325484,PPP1R9A,BHLHE40,MEF,bHLH
2537,29,1,-1.8166341585174,RPS6KA1,IRF1,MEF,IRF
1957,13,0,-1.64466006634202,NDC80,EGR1,LMC,Zf
126,56,0,2.11977913570726,AMDHD1,YY1,LMC,Zf
2581,53,1,2.65899731180408,SCG5,TEAD4,MEF,TEA
1555,12,0,-2.8231845102634,KCNMB1,EBF1,LMC,EBF
2079,24,1,1.31301815114816,OLFM1,GABPA,MEF,ETS
2057,57,1,-2.89490675475079,NUF2,ZBTB33,MEF,Zf
3069,12,1,-2.5900113745431,TNNI2,EBF1,MEF,EBF
2764,1,0,1.80329251657958,SLC9A9,ATF2,LMC,bZIP
3253,33,1,-1.66201529403874,ZDHHC2,MAFF,MEF,bZIP
698,1,0,2.17434427517752,CXADR,ATF2,LMC,bZIP
2411,34,1,3.97424188749577,RAB17,MAFK,MEF,bZIP
3130,56,0,1.17286507479837,TSPAN33,YY1,LMC,Zf
1854,40,1,1.14884922719793,MMP28,MYOG,MEF,bHLH
2102,6,1,-3.70114666908123,P2RY12,BHLHE40,MEF,bHLH
2736,7,0,1.41533311729747,SLC35G1,CTCF,LMC,Zf
1727,1,1,-1.39507995883176,LY75,ATF2,MEF,bZIP
1178,47,1,-1.94275764697771,GEN1,SP1,MEF,Zf
3190,24,1,-7.1439541428595,VAV1,GABPA,MEF,ETS
957,52,0,-1.29344841963756,FADS2,TCF3,LMC,HMG
2802,35,0,1.01551024614433,SOCS6,MAX,LMC,bHLH
477,43,1,-1.43968116149163,CDCA7L,PAX5,MEF,"Paired,Homeobox"
777,35,0,-1.76785350294743,DNAH11,MAX,LMC,bHLH
1197,32,1,-1.35811722056909,GJC1,JUND,MEF,bZIP
2216,43,1,-3.03883385040667,PILRA,PAX5,MEF,"Paired,Homeobox"
988,49,1,1.57124127789086,FAM19A3,STAT1,MEF,Stat
2897,56,0,-1.10735214005157,STYK1,YY1,LMC,Zf
3018,20,1,-3.1052722091021,TMEM156,FOSL2,MEF,bZIP
2937,46,1,1.50150751434557,TBC1D8,RFX5,MEF,HTH
1385,3,0,3.15189241334862,HPGD,BACH1,LMC,bZIP
1154,12,1,1.83281518322755,GATA3,EBF1,MEF,EBF
759,24,0,-1.00993525857208,DIXDC1,GABPA,LMC,ETS
2191,58,1,-1.12489024784302,PFKFB3,ZEB1,MEF,Zf
1337,8,1,1.9967466068813,HIST2H2AC,CUX1,MEF,Homeobox
1504,6,0,1.98667024272069,ITM2A,BHLHE40,LMC,bHLH
1094,26,1,1.9671559113756,FOXA3,GATA2,MEF,Zf
1935,46,0,-1.2886287110064,NACAD,RFX5,LMC,HTH
3005,46,1,-1.00971491423106,TMC7,RFX5,MEF,HTH
1007,15,1,-1.80983836329168,FAM78A,ELK1,MEF,ETS
1454,14,1,-2.91146005747571,IL21R,ELF1,MEF,ETS
2734,60,0,-2.55732246205919,SLC35F2,ZNF263,LMC,Zf
246,21,0,1.18330327912453,ATP6V1B2,FOXA1,LMC,Forkhead
1254,21,0,3.39515330359465,GPR34,FOXA1,LMC,Forkhead
990,29,1,1.0267829866244,FAM204A,IRF1,MEF,IRF
1061,35,1,1.05988734644102,FGFR3,MAX,MEF,bHLH
663,7,0,2.03887584133341,CSF1R,CTCF,LMC,Zf
39,35,1,-1.17835208367133,ACTB,MAX,MEF,bHLH
2323,54,1,-2.63906110655865,PRC1,USF1,MEF,bHLH
1647,31,1,2.33283975209078,LGI4,IRF4,MEF,IRF
2930,46,1,2.51642113242279,TACR1,RFX5,MEF,HTH
1301,7,1,1.23717395286435,GSTT2,CTCF,MEF,Zf
2387,39,1,-4.42913865344,PTPN7,MYB,MEF,HTH
2809,32,1,-1.34966171690082,SOX11,JUND,MEF,bZIP
2647,8,0,-2.39187793851691,SH3BGR,CUX1,LMC,Homeobox
3082,54,0,-1.88460532764586,TPBG,USF1,LMC,bHLH
951,36,1,-2.06133070722262,F3,MAZ,MEF,Zf
3259,3,1,-1.68425029454218,ZIC1,BACH1,MEF,bZIP
2154,32,0,3.91045867563713,PCNXL2,JUND,LMC,bZIP
1849,50,1,1.71130226931446,MMP16,STAT3,MEF,Stat
518,16,1,-1.46993038048477,CENPP,ELK4,MEF,ETS
2331,29,1,-1.13898945911103,PRG4,IRF1,MEF,IRF
2005,34,1,-1.77461700519955,NME2,MAFK,MEF,bZIP
2822,53,0,-1.06304711163904,SPAG4,TEAD4,LMC,TEA
2792,22,0,1.77801894743797,SNHG11,FOXA2,LMC,Forkhead
171,20,0,-1.30844755503104,APOLD1,FOSL2,LMC,bZIP
633,53,1,-1.79253763606394,COTL1,TEAD4,MEF,TEA
566,35,0,-1.1170682511222,CKS2,MAX,LMC,bHLH
1792,3,0,1.95371509724689,MCOLN2,BACH1,LMC,bZIP
927,46,0,2.855110586397,ESYT3,RFX5,LMC,HTH
340,46,1,-1.36183817971496,CACNA1G,RFX5,MEF,HTH
1295,19,1,-1.24734887047833,GSN,FOS,MEF,bZIP
353,6,0,-1.62535534434489,CALML4,BHLHE40,LMC,bHLH
2997,14,1,-1.22578015350755,TLR5,ELF1,MEF,ETS
65,60,1,-1.53401258580735,ADAMTSL2,ZNF263,MEF,Zf
1988,35,1,1.13223620404131,NHLRC1,MAX,MEF,bHLH
1377,36,0,2.41891822606775,HOXD1,MAZ,LMC,Zf
2786,39,1,-1.24692938914532,SNAI1,MYB,MEF,HTH
3127,17,1,-1.25041688315433,TSPAN14,ETS1,MEF,ETS
2386,29,0,2.05154846441403,PTPN6,IRF1,LMC,IRF
454,7,1,-5.47756028778316,CD68,CTCF,MEF,Zf
251,54,1,-2.20954496278564,AURKA,USF1,MEF,bHLH
1851,20,0,1.04486107822399,MMP19,FOSL2,LMC,bZIP
2846,34,1,-1.65783666634101,SPRY3,MAFK,MEF,bZIP
3032,24,1,-1.1495689654121,TMEM221,GABPA,MEF,ETS
2736,13,0,1.41533311729747,SLC35G1,EGR1,LMC,Zf
560,30,0,-1.2462805140556,CIT,IRF3,LMC,IRF
2275,60,0,1.06002019022503,PM20D2,ZNF263,LMC,Zf
938,54,1,1.89579617504201,EXOC3L2,USF1,MEF,bHLH
1395,12,1,1.04373265354892,HSD17B1,EBF1,MEF,EBF
1052,60,1,2.06212975174071,FGF13,ZNF263,MEF,Zf
994,53,1,1.02278867867513,FAM222A,TEAD4,MEF,TEA
1775,29,0,-1.29454940292656,MASTL,IRF1,LMC,IRF
1143,32,1,2.77782967795664,GALNT3,JUND,MEF,bZIP
1320,17,1,-2.2017818686725,HCST,ETS1,MEF,ETS
504,17,0,2.31604501349068,CEBPA,ETS1,LMC,ETS
0,46,1,4.02915234636074,A2M,RFX5,MEF,HTH
975,32,1,1.2401815530898,FAM161B,JUND,MEF,bZIP
353,34,0,-1.62535534434489,CALML4,MAFK,LMC,bZIP
859,46,0,-1.01667299741207,EFHC1,RFX5,LMC,HTH
140,54,1,-3.39000947167875,ANKRD33B,USF1,MEF,bHLH
1731,42,1,-1.28097207449901,LYN,NRF1,MEF,NRF
1124,56,1,1.2403597876149,FUNDC1,YY1,MEF,Zf
659,53,1,2.27806614278137,CRYAB,TEAD4,MEF,TEA
933,17,0,2.03864850544959,EVI2A,ETS1,LMC,ETS
2430,3,1,-1.31416017052017,RACGAP1,BACH1,MEF,bZIP
822,28,0,-2.09123587741223,DUOX1,HNF4A,LMC,NR
1569,17,0,-1.70112877149519,KIF18B,ETS1,LMC,ETS
1383,46,0,3.90815789057665,HPCAL4,RFX5,LMC,HTH
1708,50,1,2.3246684076931,LRRN1,STAT3,MEF,Stat
962,6,0,-1.89184174952969,FAM101B,BHLHE40,LMC,bHLH
2095,4,0,-4.06327887175194,OSR2,BATF,LMC,bZIP
857,15,1,1.30242094322822,EFCAB2,ELK1,MEF,ETS
2881,32,0,-1.25513412167103,STIL,JUND,LMC,bZIP
155,59,1,-1.03625605862877,AP1G2,ZKSCAN1,MEF,Zf
3225,1,1,5.45899308497482,WNT10A,ATF2,MEF,bZIP
496,17,1,-2.28882867699308,CDKN3,ETS1,MEF,ETS
1569,27,1,-1.7053662137862,KIF18B,GATA3,MEF,Zf
2649,13,1,-2.03793912517393,SH3BP2,EGR1,MEF,Zf
218,51,0,-1.31210114322349,ARTN,TCF12,LMC,bHLH
42,35,1,2.34295680761973,ACVR1C,MAX,MEF,bHLH
2797,46,1,1.20718208298321,SNX16,RFX5,MEF,HTH
1011,25,1,-1.30600338959602,FAM83D,GATA1,MEF,Zf
2848,7,1,-1.32010417495489,SPSB4,CTCF,MEF,Zf
2172,19,0,2.04366489962011,PDGFB,FOS,LMC,bZIP
2450,17,0,-1.05231333068148,RARG,ETS1,LMC,ETS
2667,22,0,1.04414857559594,SHROOM2,FOXA2,LMC,Forkhead
3186,40,1,-1.92621282947448,VANGL2,MYOG,MEF,bHLH
2116,55,1,1.25392386281418,PAM,USF2,MEF,bHLH
1260,52,0,2.07455494213152,GPR65,TCF3,LMC,HMG
829,50,1,-1.58068661283393,DUT,STAT3,MEF,Stat
2617,14,1,-1.57128814337927,SEPP1,ELF1,MEF,ETS
3019,19,0,-1.68922913667039,TMEM158,FOS,LMC,bZIP
1321,7,0,1.4760606765863,HDAC9,CTCF,LMC,Zf
747,1,0,-1.04094116021417,DENND3,ATF2,LMC,bZIP
932,14,0,-1.0899668717568,EVA1C,ELF1,LMC,ETS
1749,51,1,-1.30539635239213,MAMDC2,TCF12,MEF,bHLH
1520,47,1,1.25680814448097,KAZALD1,SP1,MEF,Zf
893,3,1,1.05417125614623,ENDOD1,BACH1,MEF,bZIP
56,32,1,-1.60965307455151,ADAMTS12,JUND,MEF,bZIP
3265,17,1,-1.29404265522408,ZRANB3,ETS1,MEF,ETS
420,33,1,-2.27382926630875,CCNA2,MAFF,MEF,bZIP
215,40,0,-1.36158889535435,ARSJ,MYOG,LMC,bHLH
609,27,0,-2.48383705669678,COL14A1,GATA3,LMC,Zf
1130,52,1,1.37162439981289,FZD9,TCF3,MEF,HMG
1178,46,0,-1.42420978182455,GEN1,RFX5,LMC,HTH
856,36,1,-2.04131188836448,EFCAB11,MAZ,MEF,Zf
2654,47,1,-1.63542312497611,SH3TC1,SP1,MEF,Zf
235,47,0,-1.029209618599,ATG16L2,SP1,LMC,Zf
2193,25,0,-2.32826181138946,PFKL,GATA1,LMC,Zf
1497,13,1,-8.07763069469641,ITGB2,EGR1,MEF,Zf
1792,34,1,-5.09340625018667,MCOLN2,MAFK,MEF,bZIP
2409,17,0,1.19634377115798,RAB11FIP1,ETS1,LMC,ETS
3103,25,1,-2.65821541512878,TRIM14,GATA1,MEF,Zf
1813,25,0,1.52840086139891,METTL20,GATA1,LMC,Zf
1513,46,1,1.21430903961118,JAKMIP3,RFX5,MEF,HTH
2318,36,1,1.4274717173054,PPP1R42,MAZ,MEF,Zf
256,28,1,-3.7848722992205,B3GNT3,HNF4A,MEF,NR
2007,6,1,2.04830921986079,NMNAT2,BHLHE40,MEF,bHLH
1775,29,0,-1.29454940292656,MASTL,IRF1,LMC,IRF
1792,1,1,-5.09340625018667,MCOLN2,ATF2,MEF,bZIP
2735,55,1,3.61270562233868,SLC35F3,USF2,MEF,bHLH
251,19,1,-2.20954496278564,AURKA,FOS,MEF,bZIP
2436,23,1,-1.79053346769838,RAD54L,FOXM1,MEF,Forkhead
2815,32,0,1.37221217618403,SP100,JUND,LMC,bZIP
2439,27,1,-1.16961792333877,RALGPS2,GATA3,MEF,Zf
1139,53,1,-2.53046737953062,GALNT12,TEAD4,MEF,TEA
527,29,0,-1.19769688708012,CERCAM,IRF1,LMC,IRF
681,17,0,1.05733599739823,CTNNAL1,ETS1,LMC,ETS
2952,54,1,-1.05146654923104,TEAD2,USF1,MEF,bHLH
263,7,0,-1.00072208985651,B4GALT2,CTCF,LMC,Zf
2252,60,1,1.3349193608367,PLEKHH2,ZNF263,MEF,Zf
2292,20,1,-1.55535313200542,POLQ,FOSL2,MEF,bZIP
2908,40,1,1.9459690025947,SYCP3,MYOG,MEF,bHLH
1330,6,1,1.58427009070658,HHIP,BHLHE40,MEF,bHLH
2269,36,1,1.36910071446272,PLVAP,MAZ,MEF,Zf
428,35,0,1.8884736957855,CCR1,MAX,LMC,bHLH
2856,11,0,-1.12671001570845,SRPX,E2F6,LMC,E2F
2449,1,1,2.09975394942392,RARB,ATF2,MEF,bZIP
1637,59,1,4.65431008593201,LDOC1,ZKSCAN1,MEF,Zf
604,51,1,2.26907153817608,CNTNAP3,TCF12,MEF,bHLH
1069,27,0,-1.54011437072804,FIGF,GATA3,LMC,Zf
1832,42,1,-1.58814570551157,MIS18BP1,NRF1,MEF,NRF
2970,60,1,1.23882960320647,TGFB2,ZNF263,MEF,Zf
1329,35,1,-3.29733302336002,HHEX,MAX,MEF,bHLH
3147,14,1,-2.52504683152533,TUBB2B,ELF1,MEF,ETS
481,35,1,2.58707905814563,CDH12,MAX,MEF,bHLH
702,50,0,1.69796301765292,CXCL16,STAT3,LMC,Stat
2199,13,0,-1.14057209797294,PGK1,EGR1,LMC,Zf
2573,7,1,-1.08077012072318,SAP25,CTCF,MEF,Zf
2342,50,1,1.93262260552631,PROSER2,STAT3,MEF,Stat
602,27,1,1.45464749643627,CNTN1,GATA3,MEF,Zf
1204,40,1,-2.29781702143393,GLIPR2,MYOG,MEF,bHLH
1544,47,0,1.84116278759858,KCNJ10,SP1,LMC,Zf
1444,35,0,1.29121899918497,IL18,MAX,LMC,bHLH
605,19,0,-1.07984003641775,CNTROB,FOS,LMC,bZIP
2891,11,0,-1.17278967136496,STOX2,E2F6,LMC,E2F
41,30,1,-1.29710351150971,ACTN3,IRF3,MEF,IRF
465,20,1,-2.79960891240183,CDC20,FOSL2,MEF,bZIP
1443,51,0,-1.0708433709551,IL17RC,TCF12,LMC,bHLH
2277,23,1,-1.67266293787219,PMF1,FOXM1,MEF,Forkhead
870,42,1,-1.20899941824855,EGLN3,NRF1,MEF,NRF
2491,52,0,1.19790789367107,RGS10,TCF3,LMC,HMG
1826,15,0,1.37380557150798,MGST2,ELK1,LMC,ETS
778,7,1,1.15771367310752,DNAH12,CTCF,MEF,Zf
523,11,1,-1.02774606611324,CENPW,E2F6,MEF,E2F
1580,29,1,1.73758195883596,KIF5C,IRF1,MEF,IRF
3267,55,1,-1.18322103636529,ZWILCH,USF2,MEF,bHLH
2196,11,0,-1.22792787179975,PGAP3,E2F6,LMC,E2F
2988,28,1,2.47016823813231,TIPARP,HNF4A,MEF,NR
2643,46,1,-1.11397899521332,SH2B2,RFX5,MEF,HTH
827,40,0,1.31630430034092,DUSP6,MYOG,LMC,bHLH
1433,24,1,-5.31673355480913,IKZF1,GABPA,MEF,ETS
2267,49,0,1.30462157378449,PLSCR4,STAT1,LMC,Stat
1331,40,0,-1.11916829327071,HHIPL1,MYOG,LMC,bHLH
1467,32,0,1.7121325322489,INPP5J,JUND,LMC,bZIP
1820,25,1,-1.62563638359958,MFSD12,GATA1,MEF,Zf
811,22,0,2.32565834773863,DPYSL5,FOXA2,LMC,Forkhead
3262,46,1,1.04649386544777,ZMYND12,RFX5,MEF,HTH
2011,47,0,1.14637806348536,NOD1,SP1,LMC,Zf
1078,57,1,1.79466757101752,FLRT3,ZBTB33,MEF,Zf
2006,7,0,1.33806992316801,NME5,CTCF,LMC,Zf
684,44,1,-1.47398126315698,CTSC,PBX3,MEF,Homeobox
2294,27,0,1.61750945787195,POPDC3,GATA3,LMC,Zf
736,35,1,1.21253077226439,DCXR,MAX,MEF,bHLH
1728,58,1,-4.94880148210494,LY86,ZEB1,MEF,Zf
1913,48,0,1.12680224428471,MYLIP,SP2,LMC,Zf
762,28,0,1.09464442057264,DLEU2,HNF4A,LMC,NR
1043,54,0,-1.20500555090751,FDPS,USF1,LMC,bHLH
1545,29,0,2.30890588691193,KCNJ11,IRF1,LMC,IRF
2896,35,1,1.59075964649031,STXBP6,MAX,MEF,bHLH
1522,51,0,1.20685854188687,KBTBD8,TCF12,LMC,bHLH
2734,34,0,-2.55732246205919,SLC35F2,MAFK,LMC,bZIP
998,50,1,-1.63086707931467,FAM46B,STAT3,MEF,Stat
192,59,1,2.20377454914225,ARHGEF16,ZKSCAN1,MEF,Zf
463,26,0,2.07484773133431,CD93,GATA2,LMC,Zf
2661,26,0,-1.22957922565248,SHF,GATA2,LMC,Zf
249,32,1,1.63281306215969,ATP9A,JUND,MEF,bZIP
1039,59,1,1.10821046471605,FBXO7,ZKSCAN1,MEF,Zf
1413,43,0,1.905682413793,IFIT1,PAX5,LMC,"Paired,Homeobox"
269,36,0,1.22408697177346,BAMBI,MAZ,LMC,Zf
1812,12,1,-1.08338641753494,METRNL,EBF1,MEF,EBF
2515,48,1,1.12637943260805,RND1,SP2,MEF,Zf
2496,0,0,-1.87567434541817,RGS5,ATF1,LMC,bZIP
3188,29,1,-1.03239494791136,VASP,IRF1,MEF,IRF
2982,13,1,-2.33478354896537,TICRR,EGR1,MEF,Zf
1333,52,1,2.04875300166275,HID1,TCF3,MEF,HMG
1861,22,1,-1.71458258920463,MOGAT2,FOXA2,MEF,Forkhead
812,24,0,-1.43091036435471,DRAXIN,GABPA,LMC,ETS
2742,53,0,1.46235789888807,SLC39A8,TEAD4,LMC,TEA
899,14,1,1.47613931326266,ENPP4,ELF1,MEF,ETS
466,2,1,-1.50814193249096,CDC25B,ATF3,MEF,bZIP
1728,37,1,-4.94880148210494,LY86,MEF2A,MEF,MADS
2938,35,1,1.88676760580032,TBX18,MAX,MEF,bHLH
3228,6,0,-2.73861735150562,WNT16,BHLHE40,LMC,bHLH
2701,56,1,1.60724773577274,SLC17A2,YY1,MEF,Zf
2868,17,0,2.57985214272517,STAB1,ETS1,LMC,ETS
1761,50,1,-1.78106974210798,MAP3K7CL,STAT3,MEF,Stat
2478,47,0,-1.05749006064145,RCN1,SP1,LMC,Zf
2660,15,1,-2.91155511354678,SHCBP1,ELK1,MEF,ETS
2994,34,0,-2.49436125174685,TLL1,MAFK,LMC,bZIP
2996,27,0,1.11613418264724,TLR4,GATA3,LMC,Zf
471,53,1,-1.23221280378284,CDC6,TEAD4,MEF,TEA
798,47,1,-1.97433707646498,DOK3,SP1,MEF,Zf
1101,22,1,-1.94513685071821,FOXM1,FOXA2,MEF,Forkhead
2285,59,1,-2.14068200203897,PODNL1,ZKSCAN1,MEF,Zf
1469,46,0,-1.34614119276357,INSIG1,RFX5,LMC,HTH
1659,43,1,-1.54335975944952,LIMD2,PAX5,MEF,"Paired,Homeobox"
13,6,0,2.29895046255118,ABCG1,BHLHE40,LMC,bHLH
69,47,0,-1.69976265055209,ADARB1,SP1,LMC,Zf
1401,41,0,-1.60518595987966,HSPB6,NANOG,LMC,Homeobox
295,2,0,-1.62021046144252,BIRC5,ATF3,LMC,bZIP
142,52,1,-1.0540168366728,ANKRD37,TCF3,MEF,HMG
440,12,0,1.03797956914794,CD2AP,EBF1,LMC,EBF
2674,11,1,-2.20063280782659,SIRPA,E2F6,MEF,E2F
1137,29,0,-1.31503420517668,GAL3ST4,IRF1,LMC,IRF
3219,46,1,1.79090313974213,WFDC3,RFX5,MEF,HTH
721,33,0,1.68322986154706,CYTH4,MAFF,LMC,bZIP
510,29,1,-3.04371144390706,CENPA,IRF1,MEF,IRF
737,22,1,-1.57237296988746,DDC,FOXA2,MEF,Forkhead
1465,10,1,-1.70855556177806,INPP4B,E2F4,MEF,E2F
2127,16,0,-1.00905862488966,PARVA,ELK4,LMC,ETS
2883,24,0,-1.20021874801036,STK32A,GABPA,LMC,ETS
871,36,0,1.23036636468725,EGR1,MAZ,LMC,Zf
126,24,0,2.11977913570726,AMDHD1,GABPA,LMC,ETS
2140,7,0,-1.50709385631897,PCDH9,CTCF,LMC,Zf
3015,6,0,1.30655408629672,TMEM140,BHLHE40,LMC,bHLH
1671,34,1,-4.97271807661149,LMO2,MAFK,MEF,bZIP
3099,50,1,-1.4419627390171,TRERF1,STAT3,MEF,Stat
114,53,1,5.59270654371156,ALDH3A1,TEAD4,MEF,TEA
3056,59,1,-5.5076948580677,TNFAIP8L2,ZKSCAN1,MEF,Zf
2011,49,0,1.14637806348536,NOD1,STAT1,LMC,Stat
908,12,0,-1.2161774029393,EPHB2,EBF1,LMC,EBF
2610,54,1,3.66113237423188,SEMA3F,USF1,MEF,bHLH
1692,34,1,-1.07379520947069,LRIG1,MAFK,MEF,bZIP
3252,46,1,-1.30944351629506,ZDHHC14,RFX5,MEF,HTH
2196,34,1,-1.48538119052124,PGAP3,MAFK,MEF,bZIP
5,50,1,-1.42809644144407,ABCA12,STAT3,MEF,Stat
910,27,1,1.34784390842321,EPHB6,GATA3,MEF,Zf
2505,8,0,1.90830758048252,RHPN2,CUX1,LMC,Homeobox
1393,11,1,1.80356042315211,HSBP1L1,E2F6,MEF,E2F
623,40,1,-2.76743525203695,COL7A1,MYOG,MEF,bHLH
632,28,1,-4.32608395276408,CORO2A,HNF4A,MEF,NR
2027,46,0,1.55999031126305,NPTX1,RFX5,LMC,HTH
3201,28,1,-1.60594919228545,VMO1,HNF4A,MEF,NR
2498,24,0,-1.3528609573943,RGS9BP,GABPA,LMC,ETS
2194,46,1,1.41728947266059,PFN4,RFX5,MEF,HTH
1968,60,0,-2.48553077769992,NEGR1,ZNF263,LMC,Zf
1141,56,0,-1.17676298077328,GALNT16,YY1,LMC,Zf
1118,44,1,1.15084131246931,FSIP1,PBX3,MEF,Homeobox
144,32,0,-2.07929898267856,ANLN,JUND,LMC,bZIP
410,34,1,1.82680978444833,CCKAR,MAFK,MEF,bZIP
2635,58,0,1.45465599806567,SGCA,ZEB1,LMC,Zf
210,33,1,-1.03621188563536,ARRB1,MAFF,MEF,bZIP
395,53,1,1.059679529507,CCDC37,TEAD4,MEF,TEA
335,53,0,2.32346443077676,C5AR2,TEAD4,LMC,TEA
2601,51,0,-1.33009891228235,SEC14L5,TCF12,LMC,bHLH
650,50,0,2.24065860995856,CREG2,STAT3,LMC,Stat
3234,53,0,-1.85572366613924,WSCD2,TEAD4,LMC,TEA
1459,31,1,-7.44354636193148,IL7R,IRF4,MEF,IRF
148,3,0,-1.1924416986184,ANTXR1,BACH1,LMC,bZIP
2506,15,1,1.32344956546428,RIBC1,ELK1,MEF,ETS
2292,29,1,-1.55535313200542,POLQ,IRF1,MEF,IRF
329,13,0,-2.28989215593683,C1QTNF6,EGR1,LMC,Zf
1509,20,1,-1.44881067617991,JADE1,FOSL2,MEF,bZIP
1805,36,1,2.53388208972454,MEIG1,MAZ,MEF,Zf
2797,41,1,1.20718208298321,SNX16,NANOG,MEF,Homeobox
1727,26,1,-1.39507995883176,LY75,GATA2,MEF,Zf
1274,2,0,-1.30836538309112,GRB10,ATF3,LMC,bZIP
2677,53,0,-1.27927448448625,SKA3,TEAD4,LMC,TEA
299,14,1,4.14806575686464,BMP4,ELF1,MEF,ETS
544,59,1,1.52613161639565,CHMP4C,ZKSCAN1,MEF,Zf
225,42,1,1.01601470962529,ASCL4,NRF1,MEF,NRF
3111,50,1,-2.16167846771077,TRIP13,STAT3,MEF,Stat
2883,7,0,-1.20021874801036,STK32A,CTCF,LMC,Zf
2167,52,0,-1.47607183564039,PDE4A,TCF3,LMC,HMG
1835,55,1,1.22196139832031,MKX,USF2,MEF,bHLH
1023,24,0,-2.49780599597722,FBLN1,GABPA,LMC,ETS
3206,58,0,-1.91355241666201,VWA1,ZEB1,LMC,Zf
1336,13,1,-1.36502133440852,HIST1H3G,EGR1,MEF,Zf
477,50,1,-1.43968116149163,CDCA7L,STAT3,MEF,Stat
2121,22,1,-1.20233983969651,PAQR4,FOXA2,MEF,Forkhead
2265,1,1,3.7187952311286,PLS1,ATF2,MEF,bZIP
359,15,0,-1.59344287396463,CAMKK1,ELK1,LMC,ETS
2896,52,1,1.59075964649031,STXBP6,TCF3,MEF,HMG
136,27,0,-1.59568720121105,ANK3,GATA3,LMC,Zf
2642,36,0,-1.09221409697119,SGSM1,MAZ,LMC,Zf
2917,26,0,-1.42032876171185,SYT1,GATA2,LMC,Zf
539,60,0,2.41186071695871,CHCHD10,ZNF263,LMC,Zf
1543,46,1,-4.12759008505894,KCNIP3,RFX5,MEF,HTH
1346,52,1,-2.7170715453491,HMHA1,TCF3,MEF,HMG
1345,50,0,1.8553451527435,HMGCS2,STAT3,LMC,Stat
1335,58,1,1.04156670706997,HIST1H1C,ZEB1,MEF,Zf
2616,55,0,-1.1018521339641,SEMA6C,USF2,LMC,bHLH
2370,56,1,1.7110711107885,PTGDR2,YY1,MEF,Zf
2821,3,1,1.33614858114974,SPA17,BACH1,MEF,bZIP
2052,53,0,-2.21089204553683,NTRK3,TEAD4,LMC,TEA
1750,48,0,-1.35662311441156,MAMSTR,SP2,LMC,Zf
1711,0,0,1.47996043864215,LRRN4,ATF1,LMC,bZIP
2145,35,0,-1.28095528332009,PCDHGB2,MAX,LMC,bHLH
1320,17,0,1.94587080773716,HCST,ETS1,LMC,ETS
2277,42,1,-1.67266293787219,PMF1,NRF1,MEF,NRF
2140,59,0,-1.50709385631897,PCDH9,ZKSCAN1,LMC,Zf
557,14,1,-1.80418951019616,CHTF18,ELF1,MEF,ETS
262,53,1,-1.06022912878962,B4GALT1,TEAD4,MEF,TEA
915,19,1,2.65031729246716,ERBB3,FOS,MEF,bZIP
2651,34,1,-1.09294851276797,SH3KBP1,MAFK,MEF,bZIP
1333,47,1,2.04875300166275,HID1,SP1,MEF,Zf
2904,55,0,1.94858458777651,SV2B,USF2,LMC,bHLH
2406,21,1,-2.22909861186948,PYROXD2,FOXA1,MEF,Forkhead
1003,7,1,-3.49365096633453,FAM64A,CTCF,MEF,Zf
1429,17,1,-1.17707093271722,IGSF3,ETS1,MEF,ETS
2814,13,0,-1.17069604188716,SOX8,EGR1,LMC,Zf
460,10,1,-3.73496442784358,CD83,E2F4,MEF,E2F
0,36,1,4.02915234636074,A2M,MAZ,MEF,Zf
2902,56,1,1.29983786074991,SUSD4,YY1,MEF,Zf
2913,19,1,1.74643857506266,SYNGR3,FOS,MEF,bZIP
927,24,1,1.40396646353209,ESYT3,GABPA,MEF,ETS
2990,25,1,-1.96035300857267,TK1,GATA1,MEF,Zf
2196,18,0,-1.22792787179975,PGAP3,FLI1,LMC,ETS
1362,46,0,-1.87218077993602,HOXA7,RFX5,LMC,HTH
2764,17,1,-1.71721205740483,SLC9A9,ETS1,MEF,ETS
2381,56,0,-1.02574330835592,PTPLA,YY1,LMC,Zf
1629,34,1,-3.00952436079783,LCE1F,MAFK,MEF,bZIP
2865,36,1,2.039989378885,ST8SIA1,MAZ,MEF,Zf
2542,29,0,-1.54415963122133,RRM2,IRF1,LMC,IRF
2167,54,1,-1.03338798370775,PDE4A,USF1,MEF,bHLH
972,42,1,1.65024443617622,FAM154B,NRF1,MEF,NRF
2428,32,1,2.20780096542108,RAB9B,JUND,MEF,bZIP
796,3,1,-2.45501375468938,DOCK8,BACH1,MEF,bZIP
2425,29,1,-2.0568919585118,RAB3IL1,IRF1,MEF,IRF
3000,6,0,2.281316453721,TLR9,BHLHE40,LMC,bHLH
944,3,0,-1.00757252383823,EZH2,BACH1,LMC,bZIP
994,46,1,1.02278867867513,FAM222A,RFX5,MEF,HTH
2966,33,1,-3.5285614426068,TFPI2,MAFF,MEF,bZIP
2220,55,1,8.27504423830746,PITX1,USF2,MEF,bHLH
2191,9,1,-1.12489024784302,PFKFB3,E2F1,MEF,E2F
1456,32,1,2.07193000010416,IL31RA,JUND,MEF,bZIP
26,26,1,2.08343740618426,ACKR1,GATA2,MEF,Zf
1480,7,0,-1.28566004073979,IRX1,CTCF,LMC,Zf
1511,9,1,1.9335151440421,JAG2,E2F1,MEF,E2F
1678,41,0,-1.66239568256714,LOXL2,NANOG,LMC,Homeobox
2292,6,1,-1.55535313200542,POLQ,BHLHE40,MEF,bHLH
586,10,1,-1.10717304092013,CLYBL,E2F4,MEF,E2F
1583,43,1,1.05205299901544,KIFAP3,PAX5,MEF,"Paired,Homeobox"
648,50,1,1.09296402967198,CREBL2,STAT3,MEF,Stat
384,42,0,-1.17409117648331,CCDC116,NRF1,LMC,NRF
403,34,1,1.62541196358019,CCDC80,MAFK,MEF,bZIP
767,19,1,2.50105789905647,DLX1,FOS,MEF,bZIP
3111,32,1,-2.16167846771077,TRIP13,JUND,MEF,bZIP
884,50,1,-3.19115199917269,EMCN,STAT3,MEF,Stat
82,51,1,-2.43475960329786,ADRA1A,TCF12,MEF,bHLH
201,14,0,1.52885050575936,ARID3A,ELF1,LMC,ETS
3041,15,1,1.58911639566817,TMEM45A,ELK1,MEF,ETS
2502,32,0,-1.53561175560559,RHOF,JUND,LMC,bZIP
222,51,0,-2.43318349577608,ASB2,TCF12,LMC,bHLH
2900,11,0,1.7580660040846,SUSD1,E2F6,LMC,E2F
1204,12,1,-2.29781702143393,GLIPR2,EBF1,MEF,EBF
2415,22,1,2.81829064789133,RAB26,FOXA2,MEF,Forkhead
1404,40,0,1.68309567683188,HTR2B,MYOG,LMC,bHLH
372,56,0,1.45873223783014,CASZ1,YY1,LMC,Zf
279,50,1,1.01856257095648,BCL11B,STAT3,MEF,Stat
1710,37,0,-3.66787914413061,LRRN3,MEF2A,LMC,MADS
599,1,1,-3.5096624876874,CNR2,ATF2,MEF,bZIP
2569,54,0,-1.64177687245511,SAMD14,USF1,LMC,bHLH
2724,47,1,1.02279046206121,SLC2A12,SP1,MEF,Zf
259,6,1,-1.08870467428603,B3GNT8,BHLHE40,MEF,bHLH
1492,7,0,2.43217173733931,ITGA7,CTCF,LMC,Zf
1011,28,0,-1.74555332545619,FAM83D,HNF4A,LMC,NR
1044,51,0,2.03531170334419,FERMT3,TCF12,LMC,bHLH
1675,7,1,1.4106392261015,LNX1,CTCF,MEF,Zf
3223,47,1,1.09999240845705,WNK3,SP1,MEF,Zf
455,50,0,2.6942826782236,CD69,STAT3,LMC,Stat
668,34,0,-1.50985095745356,CSMD3,MAFK,LMC,bZIP
857,57,1,1.30242094322822,EFCAB2,ZBTB33,MEF,Zf
827,21,0,1.31630430034092,DUSP6,FOXA1,LMC,Forkhead
1691,51,1,1.57129493062406,LRFN5,TCF12,MEF,bHLH
1154,27,1,1.83281518322755,GATA3,GATA3,MEF,Zf
3165,13,1,-2.38129196365162,UCP2,EGR1,MEF,Zf
1528,40,0,2.30158238201654,KCNA7,MYOG,LMC,bHLH
1634,36,0,-1.87642244998417,LDB2,MAZ,LMC,Zf
1724,35,1,1.80693577529567,LUM,MAX,MEF,bHLH
462,35,1,-2.00453633142034,CD86,MAX,MEF,bHLH
422,6,0,-1.97026365602147,CCNB2,BHLHE40,LMC,bHLH
2910,34,1,1.18436067305893,SYN2,MAFK,MEF,bZIP
2083,20,1,-1.05535891995952,OLFML3,FOSL2,MEF,bZIP
262,50,1,-1.06022912878962,B4GALT1,STAT3,MEF,Stat
1727,32,1,-1.39507995883176,LY75,JUND,MEF,bZIP
1747,9,0,2.304021662009,MAL2,E2F1,LMC,E2F
1168,7,1,-1.4900698007944,GCNT2,CTCF,MEF,Zf
1157,47,1,-1.05298720063532,GATA6,SP1,MEF,Zf
720,23,1,1.4721106127836,CYSTM1,FOXM1,MEF,Forkhead
956,58,1,-1.38741182722717,FABP5,ZEB1,MEF,Zf
2156,7,0,1.93797423240685,PCP4L1,CTCF,LMC,Zf
1808,24,0,-1.82115918803008,MELK,GABPA,LMC,ETS
907,35,0,-1.18558451294794,EPHA7,MAX,LMC,bHLH
2716,49,1,-1.50394993507876,SLC25A45,STAT1,MEF,Stat
2533,17,0,1.35459457772896,RPP25,ETS1,LMC,ETS
1586,35,0,-1.05305185057136,KISS1R,MAX,LMC,bHLH
1276,43,1,-1.00210309059535,GREB1L,PAX5,MEF,"Paired,Homeobox"
957,8,0,-1.29344841963756,FADS2,CUX1,LMC,Homeobox
708,50,1,3.07980552831559,CYB5R2,STAT3,MEF,Stat
1238,6,1,1.29241954225617,GPR126,BHLHE40,MEF,bHLH
2157,60,0,2.07544341037937,PCSK1,ZNF263,LMC,Zf
1850,13,1,-2.2329069421573,MMP17,EGR1,MEF,Zf
993,27,1,1.25563473842754,FAM213A,GATA3,MEF,Zf
1012,54,1,1.78692440865319,FAM83G,USF1,MEF,bHLH
1984,0,1,-1.74102844682325,NFKBID,ATF1,MEF,bZIP
3015,45,1,1.14577317140574,TMEM140,PRDM1,MEF,Zf
1351,22,1,-1.16510410994394,HOGA1,FOXA2,MEF,Forkhead
945,53,0,1.62913103681418,EZR,TEAD4,LMC,TEA
2290,44,0,-1.59233149150338,POLE,PBX3,LMC,Homeobox
3268,32,1,-1.42145752313049,ZYX,JUND,MEF,bZIP
2904,35,0,1.94858458777651,SV2B,MAX,LMC,bHLH
1820,45,0,1.56261648232915,MFSD12,PRDM1,LMC,Zf
1393,42,1,1.80356042315211,HSBP1L1,NRF1,MEF,NRF
1463,48,1,-1.11626598764505,INCENP,SP2,MEF,Zf
762,49,0,1.09464442057264,DLEU2,STAT1,LMC,Stat
2172,32,1,-1.41279192676736,PDGFB,JUND,MEF,bZIP
110,29,1,2.48821014538224,ALDH1A2,IRF1,MEF,IRF
2975,56,0,-1.10337016351696,THBS1,YY1,LMC,Zf
2777,3,0,1.33467085489491,SMARCA2,BACH1,LMC,bZIP
1782,19,1,2.17073003136594,MC4R,FOS,MEF,bZIP
1613,58,0,2.4317777613676,LAD1,ZEB1,LMC,Zf
2126,24,1,-2.22473071504278,PARPBP,GABPA,MEF,ETS
3163,32,0,2.11154611974576,UBXN10,JUND,LMC,bZIP
1530,9,0,1.63913234858528,KCNAB2,E2F1,LMC,E2F
2698,12,1,2.93202883553792,SLC16A14,EBF1,MEF,EBF
400,34,0,-1.11019254428826,CCDC68,MAFK,LMC,bZIP
558,11,0,-1.18502711991529,CIB2,E2F6,LMC,E2F
2831,1,0,-1.23443575155555,SPHK1,ATF2,LMC,bZIP
80,48,0,-1.85487740745499,ADORA2B,SP2,LMC,Zf
1682,60,1,-2.74353016291485,LPAR5,ZNF263,MEF,Zf
68,49,1,-6.45353342955271,ADAP2,STAT1,MEF,Stat
1909,17,1,-1.00556299743777,MYH9,ETS1,MEF,ETS
2742,7,0,1.46235789888807,SLC39A8,CTCF,LMC,Zf
1687,36,1,-2.98246862813639,LPXN,MAZ,MEF,Zf
367,18,1,-2.58951555677959,CASC5,FLI1,MEF,ETS
2444,46,0,-1.91959093034598,RANBP3L,RFX5,LMC,HTH
1455,34,0,-1.93874412888656,IL27RA,MAFK,LMC,bZIP
48,60,1,-1.94422025009557,ADAM19,ZNF263,MEF,Zf
1806,6,1,2.23278078032331,MEIOB,BHLHE40,MEF,bHLH
1299,35,1,-1.22296567055983,GSTM2,MAX,MEF,bHLH
756,36,1,3.59793317291606,DHH,MAZ,MEF,Zf
513,43,1,-1.61297653663404,CENPH,PAX5,MEF,"Paired,Homeobox"
1289,11,1,-2.2405085887341,GRM7,E2F6,MEF,E2F
465,20,1,-2.79960891240183,CDC20,FOSL2,MEF,bZIP
963,40,0,1.37994791995384,FAM105A,MYOG,LMC,bHLH
2026,20,0,-1.81031662538622,NPR3,FOSL2,LMC,bZIP
759,60,0,-1.00993525857208,DIXDC1,ZNF263,LMC,Zf
1614,25,1,-1.61904378831684,LAG3,GATA1,MEF,Zf
956,46,1,-1.38741182722717,FABP5,RFX5,MEF,HTH
2668,18,1,2.58347136368488,SHROOM3,FLI1,MEF,ETS
1795,24,1,-1.23616586070588,MDFI,GABPA,MEF,ETS
1050,55,0,-1.24638153747185,FGF11,USF2,LMC,bHLH
1509,49,1,-1.44881067617991,JADE1,STAT1,MEF,Stat
2570,46,1,1.35128864761439,SAMD15,RFX5,MEF,HTH
2062,1,1,1.63762482263353,NWD1,ATF2,MEF,bZIP
2998,34,0,2.32058122820629,TLR7,MAFK,LMC,bZIP
1237,42,0,-1.09288268752416,GPR125,NRF1,LMC,NRF
3134,0,1,2.28253082591475,TTC21A,ATF1,MEF,bZIP
599,2,0,1.79219841084141,CNR2,ATF3,LMC,bZIP
2726,22,0,1.94893923934692,SLC2A3,FOXA2,LMC,Forkhead
2186,14,0,3.02360747237213,PENK,ELF1,LMC,ETS
350,36,0,1.39360994130101,CADM3,MAZ,LMC,Zf
1686,19,0,-1.27921012236517,LPP,FOS,LMC,bZIP
648,25,1,1.09296402967198,CREBL2,GATA1,MEF,Zf
1478,8,1,-4.43611876756178,IRF8,CUX1,MEF,Homeobox
1986,6,1,5.17941666726944,NGFR,BHLHE40,MEF,bHLH
324,22,1,-8.90280126208481,C1QA,FOXA2,MEF,Forkhead
2159,7,1,-3.50441248789813,PCSK9,CTCF,MEF,Zf
203,36,1,-5.6908155229685,ARL11,MAZ,MEF,Zf
2254,51,1,-1.74626728338454,PLEKHO1,TCF12,MEF,bHLH
560,59,0,-1.2462805140556,CIT,ZKSCAN1,LMC,Zf
2386,35,1,-5.85839993985972,PTPN6,MAX,MEF,bHLH
2937,20,1,1.50150751434557,TBC1D8,FOSL2,MEF,bZIP
312,56,0,-1.24733226690575,BRSK1,YY1,LMC,Zf
2417,10,0,1.17019220465761,RAB27B,E2F4,LMC,E2F
2454,35,0,2.25969313283064,RASEF,MAX,LMC,bHLH
1530,29,1,-1.78300388098409,KCNAB2,IRF1,MEF,IRF
707,53,1,1.78666132040675,CYB561,TEAD4,MEF,TEA
400,59,0,-1.11019254428826,CCDC68,ZKSCAN1,LMC,Zf
3268,57,1,-1.42145752313049,ZYX,ZBTB33,MEF,Zf
1514,36,1,1.06579258854101,JAM2,MAZ,MEF,Zf
2003,35,1,1.57232276165872,NLRP10,MAX,MEF,bHLH
2575,13,0,1.95698653717505,SASH3,EGR1,LMC,Zf
3204,60,0,1.86467309593957,VSTM2A,ZNF263,LMC,Zf
1900,59,0,-2.81354840009658,MXD3,ZKSCAN1,LMC,Zf
437,36,0,3.05569276617578,CD22,MAZ,LMC,Zf
1852,7,1,2.06712515627852,MMP24,CTCF,MEF,Zf
2275,46,0,1.06002019022503,PM20D2,RFX5,LMC,HTH
2533,9,0,1.35459457772896,RPP25,E2F1,LMC,E2F
3191,9,1,-1.09005170142181,VAV2,E2F1,MEF,E2F
278,59,1,1.00590719166316,BCL11A,ZKSCAN1,MEF,Zf
1382,20,0,3.48115410223561,HP,FOSL2,LMC,bZIP
126,49,0,2.11977913570726,AMDHD1,STAT1,LMC,Stat
3262,1,1,1.04649386544777,ZMYND12,ATF2,MEF,bZIP
1482,36,0,1.42105511718159,ISG15,MAZ,LMC,Zf
296,36,1,-1.59805342544592,BLNK,MAZ,MEF,Zf
864,14,1,1.33838286955012,EFNA5,ELF1,MEF,ETS
1823,56,0,1.24234769593635,MGAT3,YY1,LMC,Zf
2715,14,1,1.16918833674438,SLC25A35,ELF1,MEF,ETS
2725,34,0,1.14130727579286,SLC2A13,MAFK,LMC,bZIP
251,10,0,-1.43327827973312,AURKA,E2F4,LMC,E2F
2597,34,1,1.45662453410032,SDC2,MAFK,MEF,bZIP
3193,50,1,-1.4464715609649,VCAM1,STAT3,MEF,Stat
2721,10,1,-2.3209024585872,SLC27A6,E2F4,MEF,E2F
2484,13,1,-1.61727756925469,REPS2,EGR1,MEF,Zf
3242,56,1,-1.42198307649673,XYLT1,YY1,MEF,Zf
2699,11,1,-1.75701830403099,SLC16A3,E2F6,MEF,E2F
1814,24,1,1.05357159098522,METTL21A,GABPA,MEF,ETS
937,17,1,1.42767641384569,EXOC3,ETS1,MEF,ETS
645,51,1,2.28998351004863,CRABP2,TCF12,MEF,bHLH
2420,11,1,1.4190619659383,RAB37,E2F6,MEF,E2F
2842,36,0,1.2557635937812,SPON2,MAZ,LMC,Zf
1580,3,1,1.73758195883596,KIF5C,BACH1,MEF,bZIP
518,29,1,-1.46993038048477,CENPP,IRF1,MEF,IRF
2173,19,1,1.01951306087734,PDGFC,FOS,MEF,bZIP
2600,36,0,-1.91052332164093,SDPR,MAZ,LMC,Zf
582,10,0,1.38792844422219,CLN3,E2F4,LMC,E2F
1683,12,0,-1.51285821312329,LPIN3,EBF1,LMC,EBF
1205,24,0,-1.01455709630748,GLIS2,GABPA,LMC,ETS
1689,7,0,-1.18261116700467,LRCH2,CTCF,LMC,Zf
2319,41,0,1.40689826891163,PPP1R9A,NANOG,LMC,Homeobox
2864,11,0,-1.61199136666544,ST6GALNAC3,E2F6,LMC,E2F
2676,60,1,-2.10780532461424,SKA1,ZNF263,MEF,Zf
686,21,0,3.32615231499437,CTSE,FOXA1,LMC,Forkhead
3095,15,1,-2.07832375301866,TREM1,ELK1,MEF,ETS
2677,11,1,-1.57464291830555,SKA3,E2F6,MEF,E2F
1072,40,1,1.42962809876367,FILIP1,MYOG,MEF,bHLH
1941,51,0,1.87583189367755,NAT8L,TCF12,LMC,bHLH
470,34,0,-1.67025645719713,CDC42EP5,MAFK,LMC,bZIP
513,43,1,-1.61297653663404,CENPH,PAX5,MEF,"Paired,Homeobox"
26,17,1,2.08343740618426,ACKR1,ETS1,MEF,ETS
1743,55,0,1.2423560260099,MAF,USF2,LMC,bHLH
211,25,1,-2.28244898322072,ARRB2,GATA1,MEF,Zf
3236,52,0,1.14579429923485,WWP1,TCF3,LMC,HMG
2641,50,1,-1.51561055023363,SGOL2,STAT3,MEF,Stat
1727,42,0,-1.8059852208024,LY75,NRF1,LMC,NRF
1332,35,1,-1.80828432123008,HIC1,MAX,MEF,bHLH
2818,23,1,-2.08194247908824,SP3,FOXM1,MEF,Forkhead
1408,34,0,-1.06100170496001,ICA1,MAFK,LMC,bZIP
2446,22,0,1.07317576939101,RAP2A,FOXA2,LMC,Forkhead
2109,6,0,-1.8177228835142,PACSIN3,BHLHE40,LMC,bHLH
2692,31,0,2.0074981520264,SLC15A3,IRF4,LMC,IRF
693,10,0,-1.02311552800996,CUL7,E2F4,LMC,E2F
1,6,1,1.17403180056416,A4GALT,BHLHE40,MEF,bHLH
773,40,0,-1.68084694013253,DMPK,MYOG,LMC,bHLH
2519,26,1,1.334965971056,RNF152,GATA2,MEF,Zf
764,42,1,-2.77861016108699,DLGAP5,NRF1,MEF,NRF
2084,55,1,-2.71392958236309,OLR1,USF2,MEF,bHLH
465,29,0,-2.11602648113733,CDC20,IRF1,LMC,IRF
741,57,1,-1.52641846737503,DDX11,ZBTB33,MEF,Zf
2541,44,1,-1.46648013064874,RRM1,PBX3,MEF,Homeobox
1424,32,1,-2.50962771157605,IGFBP6,JUND,MEF,bZIP
665,7,1,-4.44217521118845,CSF2RB,CTCF,MEF,Zf
2101,15,1,1.9803470891141,P2RY10,ELK1,MEF,ETS
1447,53,0,2.0208802638206,IL1A,TEAD4,LMC,TEA
2052,60,0,-2.21089204553683,NTRK3,ZNF263,LMC,Zf
1049,50,0,-2.3444384689062,FGF10,STAT3,LMC,Stat
1075,51,0,1.70639394167543,FLI1,TCF12,LMC,bHLH
383,36,0,1.1674313896049,CCDC114,MAZ,LMC,Zf
392,35,1,-1.85537400363895,CCDC18,MAX,MEF,bHLH
383,42,0,1.1674313896049,CCDC114,NRF1,LMC,NRF
562,29,0,-1.84132809551671,CKAP2,IRF1,LMC,IRF
2540,7,1,2.25659279898351,RRAGB,CTCF,MEF,Zf
978,52,0,-1.26962769990828,FAM174B,TCF3,LMC,HMG
1238,47,0,-1.83197015901055,GPR126,SP1,LMC,Zf
58,35,1,-1.67805893584247,ADAMTS16,MAX,MEF,bHLH
2648,49,0,1.60439603113436,SH3BGRL2,STAT1,LMC,Stat
991,6,0,-1.75512936448482,FAM20A,BHLHE40,LMC,bHLH
2641,56,1,-1.51561055023363,SGOL2,YY1,MEF,Zf
276,13,0,-2.52309707321754,BCAT1,EGR1,LMC,Zf
1127,35,1,1.08385352506641,FXYD6,MAX,MEF,bHLH
115,7,1,-1.46853695672575,ALDH3B1,CTCF,MEF,Zf
1742,32,0,1.27719188336983,MADD,JUND,LMC,bZIP
1632,6,1,-3.12652993466873,LCP2,BHLHE40,MEF,bHLH
1190,10,1,-1.62132130743513,GINS1,E2F4,MEF,E2F
3090,49,1,-3.33267270585963,TRAF3IP3,STAT1,MEF,Stat
2505,34,1,1.57356945981718,RHPN2,MAFK,MEF,bZIP
1141,40,0,-1.17676298077328,GALNT16,MYOG,LMC,bHLH
2167,7,0,-1.47607183564039,PDE4A,CTCF,LMC,Zf
1578,59,0,-2.1700677220651,KIF2C,ZKSCAN1,LMC,Zf
1229,3,0,-1.54093470936659,GPC6,BACH1,LMC,bZIP
2710,0,0,1.87389290621927,SLC22A4,ATF1,LMC,bZIP
2382,8,0,1.0109676241031,PTPN13,CUX1,LMC,Homeobox
3,36,0,-1.10411587503093,AASS,MAZ,LMC,Zf
317,12,0,1.98250644378338,BTK,EBF1,LMC,EBF
308,57,1,1.44427192862471,BPGM,ZBTB33,MEF,Zf
367,4,1,-2.58951555677959,CASC5,BATF,MEF,bZIP
1274,56,1,-1.13146745223396,GRB10,YY1,MEF,Zf
94,43,0,1.1446893045572,AHCYL2,PAX5,LMC,"Paired,Homeobox"
299,27,1,4.14806575686464,BMP4,GATA3,MEF,Zf
1326,17,1,1.7722064028103,HERC3,ETS1,MEF,ETS
2083,29,1,-1.05535891995952,OLFML3,IRF1,MEF,IRF
2005,8,1,-1.77461700519955,NME2,CUX1,MEF,Homeobox
30,8,0,1.62716198902984,ACOT4,CUX1,LMC,Homeobox
3050,7,1,1.4297026333142,TMTC1,CTCF,MEF,Zf
2884,10,0,-2.5431578853609,STK32B,E2F4,LMC,E2F
3167,14,1,-2.95782767929237,UHRF1,ELF1,MEF,ETS
1904,51,0,-1.32848118947646,MYCL,TCF12,LMC,bHLH
1846,32,0,2.33380220438845,MMP13,JUND,LMC,bZIP
3261,20,1,1.07594447809791,ZKSCAN4,FOSL2,MEF,bZIP
72,41,1,1.58089716931538,ADCY5,NANOG,MEF,Homeobox
265,11,1,-1.1411111453521,BAG2,E2F6,MEF,E2F
1099,9,0,-1.29151272942059,FOXF1,E2F1,LMC,E2F
2640,2,1,-2.32765090980149,SGOL1,ATF3,MEF,bZIP
1289,41,1,-2.2405085887341,GRM7,NANOG,MEF,Homeobox
531,13,1,1.21928716189159,CFAP61,EGR1,MEF,Zf
1497,43,1,-8.07763069469641,ITGB2,PAX5,MEF,"Paired,Homeobox"
1781,43,1,-1.91399422387466,MBP,PAX5,MEF,"Paired,Homeobox"
3111,24,1,-2.16167846771077,TRIP13,GABPA,MEF,ETS
3025,56,1,1.59244080402391,TMEM179,YY1,MEF,Zf
2430,16,1,-1.31416017052017,RACGAP1,ELK4,MEF,ETS
326,46,1,-8.85443154360683,C1QC,RFX5,MEF,HTH
2949,53,0,1.39093876319334,TCFL5,TEAD4,LMC,TEA
2477,6,1,1.46967424150988,RCAN2,BHLHE40,MEF,bHLH
171,9,0,-1.30844755503104,APOLD1,E2F1,LMC,E2F
3098,36,1,-2.25754938545241,TREML4,MAZ,MEF,Zf
1735,51,0,-1.69680530365662,LYSMD2,TCF12,LMC,bHLH
1462,42,1,2.07818258031835,INA,NRF1,MEF,NRF
2358,57,1,-1.70676892767122,PRTG,ZBTB33,MEF,Zf
19,34,0,1.04397512012327,ABR,MAFK,LMC,bZIP
2745,42,0,1.9025481432666,SLC43A2,NRF1,LMC,NRF
3267,31,0,-1.26383646152717,ZWILCH,IRF4,LMC,IRF
831,20,1,1.24284518660575,DYNC2LI1,FOSL2,MEF,bZIP
2287,1,1,1.03731658943426,PODXL2,ATF2,MEF,bZIP
413,6,1,3.17366084341025,CCL20,BHLHE40,MEF,bHLH
2325,29,1,-1.04548300293303,PRDM1,IRF1,MEF,IRF
1101,55,0,-1.562495602336,FOXM1,USF2,LMC,bHLH
1401,30,0,-1.60518595987966,HSPB6,IRF3,LMC,IRF
387,31,1,2.00033231613043,CCDC13,IRF4,MEF,IRF
515,25,1,-1.48399593144254,CENPK,GATA1,MEF,Zf
342,54,1,2.14195367350163,CACNA1I,USF1,MEF,bHLH
194,17,0,-1.26829071451464,ARHGEF25,ETS1,LMC,ETS
640,6,1,2.11611963339668,CPNE7,BHLHE40,MEF,bHLH
1669,42,1,-2.03337449621201,LMNB1,NRF1,MEF,NRF
1820,49,0,1.56261648232915,MFSD12,STAT1,LMC,Stat
2646,51,1,-1.21834944449905,SH2D5,TCF12,MEF,bHLH
2821,47,1,1.33614858114974,SPA17,SP1,MEF,Zf
1128,20,1,-4.13361961551096,FYB,FOSL2,MEF,bZIP
1451,53,0,-3.11147457656986,IL1RL1,TEAD4,LMC,TEA
2736,10,1,2.09488654749349,SLC35G1,E2F4,MEF,E2F
144,23,1,-2.61285486595035,ANLN,FOXM1,MEF,Forkhead
1011,53,1,-1.30600338959602,FAM83D,TEAD4,MEF,TEA
1111,48,0,-1.70231293076838,FRMD5,SP2,LMC,Zf
1640,36,1,1.31257625250338,LEPREL1,MAZ,MEF,Zf
68,42,0,2.27014315431646,ADAP2,NRF1,LMC,NRF
2515,42,1,1.12637943260805,RND1,NRF1,MEF,NRF
1127,22,0,3.18492151227377,FXYD6,FOXA2,LMC,Forkhead
1923,10,1,-6.19711798535676,MYO1G,E2F4,MEF,E2F
541,7,1,2.54146028731535,CHD5,CTCF,MEF,Zf
17,52,0,1.71775926006339,ABI3,TCF3,LMC,HMG
1575,60,1,1.03299861527499,KIF26A,ZNF263,MEF,Zf
2523,8,0,-1.17127768993016,RNF207,CUX1,LMC,Homeobox
1947,51,0,-1.68905460867663,NCAPG,TCF12,LMC,bHLH
557,51,0,-1.43008297365315,CHTF18,TCF12,LMC,bHLH
439,56,0,2.39532242952227,CD28,YY1,LMC,Zf
1451,26,1,-1.7797236981012,IL1RL1,GATA2,MEF,Zf
993,35,1,1.25563473842754,FAM213A,MAX,MEF,bHLH
2525,15,1,5.23482310914669,RNF39,ELK1,MEF,ETS
2018,43,0,2.2590846592963,NOTUM,PAX5,LMC,"Paired,Homeobox"
2589,26,1,2.02188822947034,SCN4B,GATA2,MEF,Zf
691,34,1,-8.87138915416804,CTSS,MAFK,MEF,bZIP
2970,51,0,-1.58578942419484,TGFB2,TCF12,LMC,bHLH
2705,56,0,1.29306234316879,SLC18A1,YY1,LMC,Zf
2411,14,1,3.97424188749577,RAB17,ELF1,MEF,ETS
472,2,1,-1.16198535397929,CDC7,ATF3,MEF,bZIP
615,3,1,2.39873918592375,COL23A1,BACH1,MEF,bZIP
3046,35,0,2.28932160921148,TMEM59L,MAX,LMC,bHLH
470,11,0,-1.67025645719713,CDC42EP5,E2F6,LMC,E2F
3095,42,0,1.94936423014752,TREM1,NRF1,LMC,NRF
951,60,0,-1.22121692603149,F3,ZNF263,LMC,Zf
1799,47,1,1.44731947095315,MECOM,SP1,MEF,Zf
2565,56,1,-2.100711636016,S1PR3,YY1,MEF,Zf
62,19,0,-1.72005964675759,ADAMTS6,FOS,LMC,bZIP
1499,50,0,1.62077196013722,ITGB4,STAT3,LMC,Stat
618,60,1,-2.54653173396879,COL4A1,ZNF263,MEF,Zf
282,51,1,1.71051740897939,BDNF,TCF12,MEF,bHLH
278,31,0,-2.49068744677869,BCL11A,IRF4,LMC,IRF
525,57,0,-1.50796370389008,CEP55,ZBTB33,LMC,Zf
1808,57,1,-2.5568973427432,MELK,ZBTB33,MEF,Zf
1038,11,1,-1.7113898814647,FBXO5,E2F6,MEF,E2F
2982,36,0,-1.48427698650404,TICRR,MAZ,LMC,Zf
2408,46,0,-1.23672453135472,QSOX1,RFX5,LMC,HTH
1349,23,1,-1.13007346811403,HN1,FOXM1,MEF,Forkhead
2061,52,1,-2.58080923652457,NUSAP1,TCF3,MEF,HMG
2441,3,1,1.61465856828358,RAMP1,BACH1,MEF,bZIP
968,10,1,-2.03237435080003,FAM131B,E2F4,MEF,E2F
1075,38,0,1.70639394167543,FLI1,MEF2C,LMC,MADS
583,19,1,-2.54067501437176,CLSPN,FOS,MEF,bZIP
2127,54,0,-1.00905862488966,PARVA,USF1,LMC,bHLH
786,1,1,3.11057783728204,DNAJC6,ATF2,MEF,bZIP
2942,51,0,-1.05121827078695,TBX5,TCF12,LMC,bHLH
793,59,0,1.69679601354477,DOCK10,ZKSCAN1,LMC,Zf
1972,50,0,-1.11554916219592,NEK8,STAT3,LMC,Stat
730,56,0,-2.06610004223366,DCHS1,YY1,LMC,Zf
1159,32,1,1.45891375231574,GBP5,JUND,MEF,bZIP
1760,14,0,1.0684023208603,MAP3K1,ELF1,LMC,ETS
2502,4,0,-1.53561175560559,RHOF,BATF,LMC,bZIP
2396,32,0,-1.1329921312171,PTRF,JUND,LMC,bZIP
2383,54,1,-3.4084277039216,PTPN18,USF1,MEF,bHLH
2203,24,1,-2.39346866936256,PHF19,GABPA,MEF,ETS
3162,56,1,-1.57637625372954,UBE2T,YY1,MEF,Zf
1208,35,0,-1.39320738985799,GLT8D2,MAX,LMC,bHLH
209,35,0,-1.26640160626697,ARMCX4,MAX,LMC,bHLH
2251,48,0,-2.03705643469854,PLEKHG4,SP2,LMC,Zf
2313,56,0,-2.72520424861174,PPP1R14A,YY1,LMC,Zf
1708,60,1,2.3246684076931,LRRN1,ZNF263,MEF,Zf
3086,13,1,-1.19173570792296,TPM4,EGR1,MEF,Zf
380,54,0,-1.4233937982377,CCDC102A,USF1,LMC,bHLH
2977,60,0,-1.92087742808799,THBS3,ZNF263,LMC,Zf
2453,56,0,1.91714802696767,RASD2,YY1,LMC,Zf
905,13,0,-2.25806627392996,EPHA3,EGR1,LMC,Zf
1882,47,1,5.05109554918755,MSLN,SP1,MEF,Zf
1551,28,0,2.1555893308919,KCNK13,HNF4A,LMC,NR
2378,25,0,1.53215201360364,PTK2B,GATA1,LMC,Zf
3148,55,1,-2.14380067537427,TUBB3,USF2,MEF,bHLH
1424,6,0,1.82002858047698,IGFBP6,BHLHE40,LMC,bHLH
2170,1,0,1.23321774034349,PDE7B,ATF2,LMC,bZIP
903,20,0,2.93275182204377,EPCAM,FOSL2,LMC,bZIP
1406,17,1,-1.79022050474713,HVCN1,ETS1,MEF,ETS
2446,9,0,1.07317576939101,RAP2A,E2F1,LMC,E2F
1344,29,0,-1.06304399815731,HMGCS1,IRF1,LMC,IRF
14,24,1,1.78571231168131,ABCG4,GABPA,MEF,ETS
1992,46,1,1.44923868568797,NIPAL2,RFX5,MEF,HTH
562,46,1,-1.19186288493783,CKAP2,RFX5,MEF,HTH
1724,27,0,2.72770546746687,LUM,GATA3,LMC,Zf
2472,17,0,2.18050992784048,RBM47,ETS1,LMC,ETS
1880,54,0,-1.17965368158031,MSI1,USF1,LMC,bHLH
2816,32,0,1.48469516913959,SP110,JUND,LMC,bZIP
1763,50,1,-1.12485764033093,MAP4K1,STAT3,MEF,Stat
915,32,1,2.65031729246716,ERBB3,JUND,MEF,bZIP
1562,7,0,-1.33389002552835,KCTD8,CTCF,LMC,Zf
2283,29,0,4.41887575232033,PNOC,IRF1,LMC,IRF
1257,32,0,1.07836707927477,GPR39,JUND,LMC,bZIP
3114,53,1,-3.24269386734528,TROAP,TEAD4,MEF,TEA
1889,35,1,1.99762607766114,MT3,MAX,MEF,bHLH
803,2,1,1.22236133221301,DPM1,ATF3,MEF,bZIP
264,10,1,-1.12777061966967,B4GALT5,E2F4,MEF,E2F
504,20,0,2.31604501349068,CEBPA,FOSL2,LMC,bZIP
2734,21,0,-2.55732246205919,SLC35F2,FOXA1,LMC,Forkhead
609,19,0,-2.48383705669678,COL14A1,FOS,LMC,bZIP
1015,21,1,-2.36954301173742,FANCA,FOXA1,MEF,Forkhead
943,47,1,-1.15473808336152,EYA4,SP1,MEF,Zf
495,59,1,1.14494216247271,CDKN2B,ZKSCAN1,MEF,Zf
1143,27,1,2.77782967795664,GALNT3,GATA3,MEF,Zf
510,24,0,-1.36741542509461,CENPA,GABPA,LMC,ETS
3183,40,0,1.36921240634688,USP53,MYOG,LMC,bHLH
320,8,1,-3.21931037821547,BUB1,CUX1,MEF,Homeobox
1817,44,0,-4.21518342111763,MFAP4,PBX3,LMC,Homeobox
306,6,0,1.70770261281285,BNC1,BHLHE40,LMC,bHLH
1542,14,0,2.07201257474795,KCNIP2,ELF1,LMC,ETS
2982,26,1,-2.33478354896537,TICRR,GATA2,MEF,Zf
343,56,0,2.00940314934979,CACNA1S,YY1,LMC,Zf
1815,6,0,-1.87056078937979,MEX3B,BHLHE40,LMC,bHLH
694,9,1,-1.01879417311662,CUX1,E2F1,MEF,E2F
1125,1,1,2.88515044137907,FUT9,ATF2,MEF,bZIP
1504,53,1,1.60619260034713,ITM2A,TEAD4,MEF,TEA
1597,3,1,-3.37533486723335,KLHL33,BACH1,MEF,bZIP
338,60,0,-1.98402210169633,CACNA1C,ZNF263,LMC,Zf
2920,58,1,2.08463741083142,SYT7,ZEB1,MEF,Zf
2823,24,0,-1.74134660350485,SPAG5,GABPA,LMC,ETS
275,55,0,2.08542669283767,BCAR3,USF2,LMC,bHLH
1226,56,1,-1.02045995070705,GPC2,YY1,MEF,Zf
372,55,0,1.45873223783014,CASZ1,USF2,LMC,bHLH
1070,36,1,-1.95715177392112,FIGNL1,MAZ,MEF,Zf
683,53,0,1.6376764867435,CTSB,TEAD4,LMC,TEA
2710,39,0,1.87389290621927,SLC22A4,MYB,LMC,HTH
3184,56,0,-1.2625906051746,UST,YY1,LMC,Zf
3117,3,1,1.67984762643678,TRPM3,BACH1,MEF,bZIP
673,51,1,-1.42679271623708,CSRP2,TCF12,MEF,bHLH
2882,40,0,1.37774982496442,STK10,MYOG,LMC,bHLH
144,52,0,-2.07929898267856,ANLN,TCF3,LMC,HMG
3259,41,1,-1.68425029454218,ZIC1,NANOG,MEF,Homeobox
265,52,0,-1.12473692026766,BAG2,TCF3,LMC,HMG
431,32,1,-2.0295776132404,CCRL2,JUND,MEF,bZIP
2923,55,0,1.05851666857904,SYTL1,USF2,LMC,bHLH
1904,29,1,-1.32345277777374,MYCL,IRF1,MEF,IRF
3167,56,1,-2.95782767929237,UHRF1,YY1,MEF,Zf
658,44,1,1.70454579044603,CRNDE,PBX3,MEF,Homeobox
8,2,0,-1.13492430155845,ABCA5,ATF3,LMC,bZIP
364,12,1,1.14635570776145,CAPS2,EBF1,MEF,EBF
2850,14,1,1.15748359100971,SQRDL,ELF1,MEF,ETS
1663,56,0,-1.42073185934415,LIN7B,YY1,LMC,Zf
713,42,1,1.19144626408088,CYLD,NRF1,MEF,NRF
1458,33,1,1.93262111717397,IL7,MAFF,MEF,bZIP
575,7,1,-1.29471487975706,CLEC2L,CTCF,MEF,Zf
979,36,1,2.38044819496489,FAM179A,MAZ,MEF,Zf
528,40,0,1.27546161665479,CERK,MYOG,LMC,bHLH
2107,35,1,1.19104829786541,P4HTM,MAX,MEF,bHLH
2848,35,1,-1.32010417495489,SPSB4,MAX,MEF,bHLH
1347,47,1,-2.24742323046206,HMMR,SP1,MEF,Zf
996,2,0,-1.00862397123764,FAM3C,ATF3,LMC,bZIP
1408,46,0,-1.06100170496001,ICA1,RFX5,LMC,HTH
2342,46,1,1.93262260552631,PROSER2,RFX5,MEF,HTH
3227,3,1,1.26993965517135,WNT11,BACH1,MEF,bZIP
2275,54,1,2.39521871662444,PM20D2,USF1,MEF,bHLH
1467,7,1,-2.66958500533165,INPP5J,CTCF,MEF,Zf
2057,21,0,-2.07327400721528,NUF2,FOXA1,LMC,Forkhead
531,10,1,1.21928716189159,CFAP61,E2F4,MEF,E2F
1893,53,0,1.47452805819515,MTSS1,TEAD4,LMC,TEA
1228,29,1,2.19092246900639,GPC5,IRF1,MEF,IRF
526,52,0,-1.55044439537775,CEP72,TCF3,LMC,HMG
58,11,1,-1.67805893584247,ADAMTS16,E2F6,MEF,E2F
2990,6,1,-1.96035300857267,TK1,BHLHE40,MEF,bHLH
1470,53,1,2.5503707450511,IP6K3,TEAD4,MEF,TEA
102,32,1,1.26640972757189,AK9,JUND,MEF,bZIP
2035,52,1,1.14847538568602,NR4A2,TCF3,MEF,HMG
2176,50,0,-1.16710948810265,PDGFRL,STAT3,LMC,Stat
478,30,1,-1.50500405166392,CDCA8,IRF3,MEF,IRF
1002,49,0,-1.07799221381173,FAM57A,STAT1,LMC,Stat
1136,35,1,1.55299170719109,GAL3ST1,MAX,MEF,bHLH
2572,16,1,1.24918446806687,SAP18,ELK4,MEF,ETS
471,27,1,-1.23221280378284,CDC6,GATA3,MEF,Zf
391,26,0,-1.06623168509166,CCDC159,GATA2,LMC,Zf
1483,32,1,3.94106943745911,ISL1,JUND,MEF,bZIP
2523,35,0,-1.17127768993016,RNF207,MAX,LMC,bHLH
1087,16,1,1.13617462924265,FNDC3A,ELK4,MEF,ETS
437,17,0,3.05569276617578,CD22,ETS1,LMC,ETS
1490,2,1,1.27075279553544,ITGA3,ATF3,MEF,bZIP
1595,3,0,1.13384115292525,KLHL30,BACH1,LMC,bZIP
1412,37,1,1.11343240556296,IER3,MEF2A,MEF,MADS
475,49,1,-1.49364324799289,CDCA5,STAT1,MEF,Stat
786,36,1,3.11057783728204,DNAJC6,MAZ,MEF,Zf
69,33,0,-1.69976265055209,ADARB1,MAFF,LMC,bZIP
1327,56,0,1.75267686763674,HFE,YY1,LMC,Zf
1977,10,1,-1.85940168243184,NEURL1B,E2F4,MEF,E2F
1003,25,0,-2.12747921647817,FAM64A,GATA1,LMC,Zf
1032,8,0,-1.46617372302768,FBXO16,CUX1,LMC,Homeobox
2696,54,1,2.00417009077131,SLC16A12,USF1,MEF,bHLH
465,23,0,-2.11602648113733,CDC20,FOXM1,LMC,Forkhead
1050,23,1,-1.4150495250694,FGF11,FOXM1,MEF,Forkhead
3263,45,0,1.13114050892096,ZMYND15,PRDM1,LMC,Zf
2199,30,0,-1.14057209797294,PGK1,IRF3,LMC,IRF
786,47,0,2.16190721765373,DNAJC6,SP1,LMC,Zf
2337,56,0,1.66170836484508,PRKCH,YY1,LMC,Zf
2329,14,0,-1.50059784850385,PRELID2,ELF1,LMC,ETS
1735,21,0,-1.69680530365662,LYSMD2,FOXA1,LMC,Forkhead
1559,14,0,-1.66267294525053,KCTD15,ELF1,LMC,ETS
516,44,0,-1.77252367309002,CENPM,PBX3,LMC,Homeobox
1820,59,1,-1.62563638359958,MFSD12,ZKSCAN1,MEF,Zf
835,21,1,-1.74413387692825,E2F7,FOXA1,MEF,Forkhead
297,15,1,-1.47855327707951,BMP1,ELK1,MEF,ETS
3203,17,0,-1.32908130370171,VSIG10L,ETS1,LMC,ETS
747,16,0,-1.04094116021417,DENND3,ELK4,LMC,ETS
596,1,0,-1.48625142423347,CNN2,ATF2,LMC,bZIP
2399,51,1,-1.40254242700849,PVRL2,TCF12,MEF,bHLH
101,49,1,-2.3698435360429,AIM2,STAT1,MEF,Stat
2623,13,1,1.52073728267155,SERPINB8,EGR1,MEF,Zf
2902,32,1,1.29983786074991,SUSD4,JUND,MEF,bZIP
476,19,1,-1.51137963897236,CDCA7,FOS,MEF,bZIP
2684,32,0,2.43469508138703,SLC11A1,JUND,LMC,bZIP
436,30,1,-4.28405831920854,CD200R1,IRF3,MEF,IRF
1763,36,1,-1.12485764033093,MAP4K1,MAZ,MEF,Zf
793,25,0,1.69679601354477,DOCK10,GATA1,LMC,Zf
2984,31,1,-1.3954703281283,TIMELESS,IRF4,MEF,IRF
1556,6,1,-1.60578743741166,KCNS3,BHLHE40,MEF,bHLH
2917,14,1,-2.23093925047887,SYT1,ELF1,MEF,ETS
3168,54,1,-3.58686645117172,ULBP1,USF1,MEF,bHLH
3049,51,0,1.33714244287483,TMOD1,TCF12,LMC,bHLH
2776,17,1,-4.60380268008925,SMAGP,ETS1,MEF,ETS
1514,12,0,1.9986962680632,JAM2,EBF1,LMC,EBF
1360,60,1,-2.49612425829247,HOXA5,ZNF263,MEF,Zf
2530,29,0,-2.74010037623054,ROR2,IRF1,LMC,IRF
1940,22,0,1.91405361951721,NAT1,FOXA2,LMC,Forkhead
3098,24,1,-2.25754938545241,TREML4,GABPA,MEF,ETS
1948,54,1,-2.19289973216985,NCAPG2,USF1,MEF,bHLH
2288,3,1,-1.22235801190337,POLA1,BACH1,MEF,bZIP
222,1,0,-2.43318349577608,ASB2,ATF2,LMC,bZIP
1349,2,1,-1.13007346811403,HN1,ATF3,MEF,bZIP
2797,51,1,1.20718208298321,SNX16,TCF12,MEF,bHLH
2231,36,0,-1.25589685126262,PLA2R1,MAZ,LMC,Zf
2914,10,1,3.80336753378648,SYNM,E2F4,MEF,E2F
2907,54,1,2.53693676077334,SYBU,USF1,MEF,bHLH
206,42,0,1.03464648404982,ARL4C,NRF1,LMC,NRF
1807,2,1,-1.82030516240533,MEIS1,ATF3,MEF,bZIP
128,22,0,1.1151143351714,AMIGO2,FOXA2,LMC,Forkhead
2115,11,1,2.0007037960464,PALMD,E2F6,MEF,E2F
1151,13,1,-1.34478329041377,GAS6,EGR1,MEF,Zf
2913,53,1,1.74643857506266,SYNGR3,TEAD4,MEF,TEA
817,10,1,2.49731281468413,DSP,E2F4,MEF,E2F
219,59,0,-1.24960154559807,ASAP3,ZKSCAN1,LMC,Zf
2116,50,1,1.25392386281418,PAM,STAT3,MEF,Stat
2692,6,1,-5.35420024219679,SLC15A3,BHLHE40,MEF,bHLH
1888,7,1,1.65438930194512,MSX2,CTCF,MEF,Zf
44,56,1,1.57259468973211,ACY3,YY1,MEF,Zf
2895,11,0,1.23445220659616,STXBP5,E2F6,LMC,E2F
488,25,1,-1.53660217902945,CDK1,GATA1,MEF,Zf
38,4,0,-2.4281115859131,ACTA2,BATF,LMC,bZIP
726,3,1,-2.33568048432398,DACT2,BACH1,MEF,bZIP
3066,7,1,-2.43079406935801,TNMD,CTCF,MEF,Zf
2678,32,1,-1.35194087586138,SKP2,JUND,MEF,bZIP
3109,24,0,-1.19761227844647,TRIM7,GABPA,LMC,ETS
1572,36,1,1.40702788043446,KIF21A,MAZ,MEF,Zf
281,34,1,-1.55425053108791,BDH1,MAFK,MEF,bZIP
519,10,0,-1.14569791585651,CENPQ,E2F4,LMC,E2F
1310,10,1,2.36266249557607,HAP1,E2F4,MEF,E2F
2932,55,0,-1.75684306726493,TAGLN,USF2,LMC,bHLH
527,15,0,-1.19769688708012,CERCAM,ELK1,LMC,ETS
2317,17,1,-1.34514921030394,PPP1R3E,ETS1,MEF,ETS
1862,58,1,1.15642821553146,MORN2,ZEB1,MEF,Zf
2315,6,1,1.05038998947323,PPP1R26,BHLHE40,MEF,bHLH
1529,7,1,-2.2436848372281,KCNAB1,CTCF,MEF,Zf
115,44,1,-1.46853695672575,ALDH3B1,PBX3,MEF,Homeobox
968,50,1,-2.03237435080003,FAM131B,STAT3,MEF,Stat
344,35,1,1.08372823415031,CACNA2D2,MAX,MEF,bHLH
3206,15,0,-1.91355241666201,VWA1,ELK1,LMC,ETS
1626,29,1,-1.20721833631676,LASP1,IRF1,MEF,IRF
2504,60,1,-1.95876977809436,RHOV,ZNF263,MEF,Zf
836,49,1,-2.76164814143304,E2F8,STAT1,MEF,Stat
155,34,1,-1.03625605862877,AP1G2,MAFK,MEF,bZIP
1209,24,1,-2.87322861539706,GMFG,GABPA,MEF,ETS
2760,12,1,1.47298351642871,SLC8A3,EBF1,MEF,EBF
1373,34,1,3.28481040650895,HOXC13,MAFK,MEF,bZIP
2490,52,1,-7.0311344191707,RGS1,TCF3,MEF,HMG
1294,10,1,-1.33553727089329,GSG2,E2F4,MEF,E2F
2629,13,1,-1.19226226684979,SERTAD4,EGR1,MEF,Zf
2811,28,0,-1.33669227241244,SOX13,HNF4A,LMC,NR
2614,14,0,-1.88421405995418,SEMA4G,ELF1,LMC,ETS
1977,23,1,-1.85940168243184,NEURL1B,FOXM1,MEF,Forkhead
573,50,0,-2.39098735350718,CLEC14A,STAT3,LMC,Stat
1228,55,1,2.19092246900639,GPC5,USF2,MEF,bHLH
2750,42,0,1.09773948896469,SLC46A3,NRF1,LMC,NRF
8,51,0,-1.13492430155845,ABCA5,TCF12,LMC,bHLH
2213,15,1,-6.19261489591651,PIK3CG,ELK1,MEF,ETS
1837,26,1,-1.1738204709846,MLF1,GATA2,MEF,Zf
2409,49,0,1.19634377115798,RAB11FIP1,STAT1,LMC,Stat
1424,1,1,-2.50962771157605,IGFBP6,ATF2,MEF,bZIP
2492,56,1,-1.83237956996519,RGS16,YY1,MEF,Zf
1632,55,1,-3.12652993466873,LCP2,USF2,MEF,bHLH
525,10,1,-2.43362288031828,CEP55,E2F4,MEF,E2F
2203,51,1,-2.39346866936256,PHF19,TCF12,MEF,bHLH
2478,59,0,-1.05749006064145,RCN1,ZKSCAN1,LMC,Zf
1642,14,0,1.33464910250215,LFNG,ELF1,LMC,ETS
53,38,1,-5.64244157319056,ADAM8,MEF2C,MEF,MADS
1530,0,1,-1.78300388098409,KCNAB2,ATF1,MEF,bZIP
233,49,0,1.1636924686686,ATF6,STAT1,LMC,Stat
37,24,0,-2.24754378703599,ACTA1,GABPA,LMC,ETS
251,27,1,-2.20954496278564,AURKA,GATA3,MEF,Zf
2686,43,1,1.0133885125942,SLC12A2,PAX5,MEF,"Paired,Homeobox"
2472,60,0,2.18050992784048,RBM47,ZNF263,LMC,Zf
2618,32,1,1.10324297549979,SERINC2,JUND,MEF,bZIP
2994,46,0,-2.49436125174685,TLL1,RFX5,LMC,HTH
1565,15,1,1.32414919836251,KDM6A,ELK1,MEF,ETS
3007,32,1,-2.84859680440921,TMEM106A,JUND,MEF,bZIP
1089,53,1,-1.22319004794223,FNIP2,TEAD4,MEF,TEA
2373,13,0,1.64043515891976,PTGER4,EGR1,LMC,Zf
268,11,0,-1.07278561871818,BAIAP2,E2F6,LMC,E2F
495,59,1,1.14494216247271,CDKN2B,ZKSCAN1,MEF,Zf
1681,36,1,-1.46976923934256,LPAR2,MAZ,MEF,Zf
565,17,1,-1.20092685026686,CKS1B,ETS1,MEF,ETS
1011,21,0,-1.74555332545619,FAM83D,FOXA1,LMC,Forkhead
3150,58,1,-1.30229002037898,TUBB6,ZEB1,MEF,Zf
885,13,1,-2.33876283152591,EME1,EGR1,MEF,Zf
422,19,0,-1.97026365602147,CCNB2,FOS,LMC,bZIP
2335,17,1,-4.45543419393169,PRKCB,ETS1,MEF,ETS
1663,7,0,-1.42073185934415,LIN7B,CTCF,LMC,Zf
2466,38,1,1.32338894662691,RB1,MEF2C,MEF,MADS
1559,9,0,-1.66267294525053,KCTD15,E2F1,LMC,E2F
1192,1,0,2.12975177309084,GIPC2,ATF2,LMC,bZIP
2431,6,1,-1.67508726212781,RAD51,BHLHE40,MEF,bHLH
3186,32,1,-1.92621282947448,VANGL2,JUND,MEF,bZIP
3137,14,0,-1.54688616829487,TTK,ELF1,LMC,ETS
2259,18,0,-1.82009132599226,PLK1,FLI1,LMC,ETS
1949,34,1,-1.5197695139223,NCAPH,MAFK,MEF,bZIP
1547,12,0,1.42554039435721,KCNJ2,EBF1,LMC,EBF
300,50,1,2.79292499470712,BMP5,STAT3,MEF,Stat
2818,42,0,-2.25716671489851,SP3,NRF1,LMC,NRF
777,36,0,-1.76785350294743,DNAH11,MAZ,LMC,Zf
479,27,0,4.50682592257257,CDH1,GATA3,LMC,Zf
835,60,0,-1.62654006826296,E2F7,ZNF263,LMC,Zf
1648,34,1,-1.27478146434956,LGMN,MAFK,MEF,bZIP
1814,52,1,1.05357159098522,METTL21A,TCF3,MEF,HMG
479,10,0,4.50682592257257,CDH1,E2F4,LMC,E2F
10,35,1,-1.23887475365134,ABCB4,MAX,MEF,bHLH
1123,3,0,1.42329473898804,FTH1,BACH1,LMC,bZIP
3139,19,1,1.58696034399578,TTLL6,FOS,MEF,bZIP
2517,22,1,-2.6548546609499,RNF144A,FOXA2,MEF,Forkhead
1368,21,1,-1.53051207799042,HOXB6,FOXA1,MEF,Forkhead
3258,49,1,-1.44945424108124,ZFYVE28,STAT1,MEF,Stat
652,35,1,-3.38353739041147,CRIP1,MAX,MEF,bHLH
3222,59,0,-3.27724887259077,WISP2,ZKSCAN1,LMC,Zf
2676,2,1,-2.10780532461424,SKA1,ATF3,MEF,bZIP
1016,27,1,-1.82219618288015,FANCD2,GATA3,MEF,Zf
2270,13,1,-3.02899029193795,PLXDC1,EGR1,MEF,Zf
2203,56,1,-2.39346866936256,PHF19,YY1,MEF,Zf
893,46,1,1.05417125614623,ENDOD1,RFX5,MEF,HTH
2332,58,1,-1.39027810102326,PRIM1,ZEB1,MEF,Zf
992,27,1,1.00646228397572,FAM212B,GATA3,MEF,Zf
714,7,1,5.83611476013381,CYP1A1,CTCF,MEF,Zf
1206,19,1,1.90831364425167,GLIS3,FOS,MEF,bZIP
101,12,1,-2.3698435360429,AIM2,EBF1,MEF,EBF
1718,8,0,1.49200153198622,LSR,CUX1,LMC,Homeobox
478,53,1,-1.50500405166392,CDCA8,TEAD4,MEF,TEA
2462,51,1,-1.27388781825867,RASSF2,TCF12,MEF,bHLH
1776,13,0,1.05823120455579,MATK,EGR1,LMC,Zf
2384,31,1,1.93102337372878,PTPN22,IRF4,MEF,IRF
29,25,1,-1.44100672629891,ACOT1,GATA1,MEF,Zf
3241,6,1,-1.89623374434678,XKR5,BHLHE40,MEF,bHLH
833,35,1,1.3486774228937,DZANK1,MAX,MEF,bHLH
1385,26,0,3.15189241334862,HPGD,GATA2,LMC,Zf
2566,51,1,2.54420022580058,S1PR5,TCF12,MEF,bHLH
1320,1,0,1.94587080773716,HCST,ATF2,LMC,bZIP
484,60,1,-1.7228499073708,CDH24,ZNF263,MEF,Zf
556,7,1,-1.31285877421793,CHSY3,CTCF,MEF,Zf
1908,36,1,2.83997444516611,MYH14,MAZ,MEF,Zf
317,34,0,1.98250644378338,BTK,MAFK,LMC,bZIP
1743,32,0,1.2423560260099,MAF,JUND,LMC,bZIP
2770,47,1,-1.570462176705,SLIT3,SP1,MEF,Zf
1744,44,0,1.61605159328595,MAFB,PBX3,LMC,Homeobox
1454,37,0,2.20081236659231,IL21R,MEF2A,LMC,MADS
927,3,1,1.40396646353209,ESYT3,BACH1,MEF,bZIP
2766,11,0,2.08815946386601,SLCO2A1,E2F6,LMC,E2F
2333,7,1,2.11733149630965,PRKAA2,CTCF,MEF,Zf
689,1,1,1.17931743807264,CTSL,ATF2,MEF,bZIP
1240,0,1,1.54315789604289,GPR137C,ATF1,MEF,bZIP
2717,21,1,2.21007043209059,SLC25A48,FOXA1,MEF,Forkhead
2472,7,1,-2.98434592973191,RBM47,CTCF,MEF,Zf
2344,32,0,2.37482787571774,PRR15,JUND,LMC,bZIP
3034,2,0,-1.63490947200649,TMEM246,ATF3,LMC,bZIP
78,3,0,-1.84533616269219,ADM,BACH1,LMC,bZIP
783,3,1,1.53234929353843,DNAH9,BACH1,MEF,bZIP
2472,43,1,-2.98434592973191,RBM47,PAX5,MEF,"Paired,Homeobox"
2153,36,0,-1.51740049418196,PCLO,MAZ,LMC,Zf
872,21,1,-2.19954164792105,EGR2,FOXA1,MEF,Forkhead
475,56,1,-1.49364324799289,CDCA5,YY1,MEF,Zf
999,34,0,1.1663991918586,FAM46C,MAFK,LMC,bZIP
2349,14,1,-2.01196229509999,PRRT2,ELF1,MEF,ETS
1934,12,0,-1.68411930253903,NAALADL1,EBF1,LMC,EBF
1753,49,1,-1.17597499133754,MANBA,STAT1,MEF,Stat
138,40,0,-2.36033516397192,ANKLE1,MYOG,LMC,bHLH
1393,33,1,1.80356042315211,HSBP1L1,MAFF,MEF,bZIP
3055,8,1,-2.0917384886418,TNFAIP8L1,CUX1,MEF,Homeobox
484,24,1,-1.7228499073708,CDH24,GABPA,MEF,ETS
2680,35,1,1.90933258500933,SLAIN1,MAX,MEF,bHLH
2537,8,1,-1.8166341585174,RPS6KA1,CUX1,MEF,Homeobox
1299,3,1,-1.22296567055983,GSTM2,BACH1,MEF,bZIP
845,25,0,1.22622352031544,ECM1,GATA1,LMC,Zf
2228,36,1,2.24473724848216,PLA2G2E,MAZ,MEF,Zf
2308,29,1,1.37041742724006,PPFIBP2,IRF1,MEF,IRF
2567,35,1,3.82922148604445,SALL1,MAX,MEF,bHLH
2414,10,0,-1.30372944762323,RAB23,E2F4,LMC,E2F
164,34,1,1.60914715772685,APOB,MAFK,MEF,bZIP
2505,3,1,1.57356945981718,RHPN2,BACH1,MEF,bZIP
966,21,1,-2.12873128121721,FAM111A,FOXA1,MEF,Forkhead
1453,8,1,5.75647300206407,IL1RN,CUX1,MEF,Homeobox
1003,43,1,-3.49365096633453,FAM64A,PAX5,MEF,"Paired,Homeobox"
537,52,1,-1.01184978798121,CHAF1A,TCF3,MEF,HMG
2794,28,1,-1.9308040336724,SNORA31,HNF4A,MEF,NR
494,35,0,-1.10159048098213,CDKN1C,MAX,LMC,bHLH
2418,21,0,-1.00063840189489,RAB30,FOXA1,LMC,Forkhead
945,30,0,1.62913103681418,EZR,IRF3,LMC,IRF
2024,47,1,-1.06631322407724,NPL,SP1,MEF,Zf
2279,11,0,-1.11779213875948,PMVK,E2F6,LMC,E2F
678,36,0,1.30007498000597,CTDSPL,MAZ,LMC,Zf
1043,12,0,-1.20500555090751,FDPS,EBF1,LMC,EBF
1187,12,0,-1.37443835803278,GGT7,EBF1,LMC,EBF
763,58,1,2.02208135410791,DLG2,ZEB1,MEF,Zf
2290,10,0,-1.59233149150338,POLE,E2F4,LMC,E2F
1210,44,0,1.25915763449481,GMIP,PBX3,LMC,Homeobox
924,2,1,1.51210965522421,ESR2,ATF3,MEF,bZIP
1934,28,0,-1.68411930253903,NAALADL1,HNF4A,LMC,NR
2324,54,1,-1.08146216479517,PRCP,USF1,MEF,bHLH
265,41,1,-1.1411111453521,BAG2,NANOG,MEF,Homeobox
3166,20,1,2.11848175670413,UGP2,FOSL2,MEF,bZIP
1957,33,1,-2.61766850781226,NDC80,MAFF,MEF,bZIP
1035,13,0,-2.22203456792335,FBXO41,EGR1,LMC,Zf
2909,49,1,-1.84903949883014,SYK,STAT1,MEF,Stat
349,22,1,3.2974133062062,CADM2,FOXA2,MEF,Forkhead
251,15,1,-2.20954496278564,AURKA,ELK1,MEF,ETS
2995,31,0,2.13448467006782,TLR1,IRF4,LMC,IRF
1151,53,0,1.19537425206693,GAS6,TEAD4,LMC,TEA
375,29,1,1.03187685516321,CATSPERD,IRF1,MEF,IRF
794,52,1,-7.53915401425447,DOCK2,TCF3,MEF,HMG
2370,56,1,1.7110711107885,PTGDR2,YY1,MEF,Zf
1806,17,1,2.23278078032331,MEIOB,ETS1,MEF,ETS
2894,34,1,-1.24756860580179,STX1A,MAFK,MEF,bZIP
2659,25,1,2.14266279728587,SHC3,GATA1,MEF,Zf
965,16,1,1.21645357704,FAM110C,ELK4,MEF,ETS
102,29,1,1.26640972757189,AK9,IRF1,MEF,IRF
180,40,1,-2.24495787061516,ARHGAP18,MYOG,MEF,bHLH
528,47,0,1.27546161665479,CERK,SP1,LMC,Zf
1510,23,0,1.1837133383834,JADE2,FOXM1,LMC,Forkhead
2448,14,0,2.22147827010398,RAPGEF5,ELF1,LMC,ETS
1884,5,1,-1.01986887113406,MSRA,BCL11A,MEF,Zf
1753,33,1,-1.17597499133754,MANBA,MAFF,MEF,bZIP
1794,11,1,-2.11927424584308,MCTP1,E2F6,MEF,E2F
770,3,1,3.18728511537858,DMC1,BACH1,MEF,bZIP
117,24,1,-6.0324055475817,ALOX5AP,GABPA,MEF,ETS
807,35,0,-1.7703182551594,DPT,MAX,LMC,bHLH
1983,8,0,2.32118248880711,NFE2L3,CUX1,LMC,Homeobox
2254,17,1,-1.74626728338454,PLEKHO1,ETS1,MEF,ETS
1091,15,0,1.36088279387542,FOLR1,ELK1,LMC,ETS
474,36,1,-2.01749036502043,CDCA3,MAZ,MEF,Zf
993,22,1,1.25563473842754,FAM213A,FOXA2,MEF,Forkhead
1041,57,0,2.58175500091564,FCGR2B,ZBTB33,LMC,Zf
1499,10,0,1.62077196013722,ITGB4,E2F4,LMC,E2F
415,8,1,-4.26395841490701,CCL4,CUX1,MEF,Homeobox
2528,21,0,1.9393216884815,ROBO4,FOXA1,LMC,Forkhead
2483,53,0,1.02682573714688,REP15,TEAD4,LMC,TEA
3136,14,0,1.02552411022929,TTC9,ELF1,LMC,ETS
2422,14,1,2.12952005907301,RAB39B,ELF1,MEF,ETS
62,28,0,-1.72005964675759,ADAMTS6,HNF4A,LMC,NR
144,47,1,-2.61285486595035,ANLN,SP1,MEF,Zf
2100,43,1,-2.24121421422867,P2RX7,PAX5,MEF,"Paired,Homeobox"
317,8,0,1.98250644378338,BTK,CUX1,LMC,Homeobox
2598,44,1,1.9485947229018,SDC4,PBX3,MEF,Homeobox
129,34,1,-1.5233402242796,AMPH,MAFK,MEF,bZIP
11,53,1,-3.08462921768039,ABCC3,TEAD4,MEF,TEA
1576,13,0,-1.07875775488282,KIF26B,EGR1,LMC,Zf
1932,54,0,1.71830105384146,MYRF,USF1,LMC,bHLH
2425,14,1,-2.0568919585118,RAB3IL1,ELF1,MEF,ETS
3110,11,0,-2.42438042274599,TRIM71,E2F6,LMC,E2F
2469,13,1,1.32088042919049,RBM11,EGR1,MEF,Zf
562,25,0,-1.84132809551671,CKAP2,GATA1,LMC,Zf
516,29,0,-1.77252367309002,CENPM,IRF1,LMC,IRF
3009,22,1,1.35703295898885,TMEM117,FOXA2,MEF,Forkhead
1854,32,1,1.14884922719793,MMP28,JUND,MEF,bZIP
229,7,1,-2.81717383669163,ASPM,CTCF,MEF,Zf
1735,51,0,-1.69680530365662,LYSMD2,TCF12,LMC,bHLH
1086,34,0,-1.68816669515839,FNDC1,MAFK,LMC,bZIP
1206,51,1,1.90831364425167,GLIS3,TCF12,MEF,bHLH
2716,8,1,-1.50394993507876,SLC25A45,CUX1,MEF,Homeobox
864,21,1,1.33838286955012,EFNA5,FOXA1,MEF,Forkhead
766,6,1,-1.28852826885294,DLL1,BHLHE40,MEF,bHLH
380,49,0,-1.4233937982377,CCDC102A,STAT1,LMC,Stat
157,50,1,-1.33125587638172,APBA1,STAT3,MEF,Stat
803,0,1,1.22236133221301,DPM1,ATF1,MEF,bZIP
293,3,1,2.17691382640658,BHMT,BACH1,MEF,bZIP
829,34,0,-1.17747353187961,DUT,MAFK,LMC,bZIP
2505,37,0,1.90830758048252,RHPN2,MEF2A,LMC,MADS
2608,44,1,2.11602326557381,SEMA3C,PBX3,MEF,Homeobox
1625,53,1,2.40355499341245,LARS2,TEAD4,MEF,TEA
1514,10,0,1.9986962680632,JAM2,E2F4,LMC,E2F
3074,55,0,1.95037145184557,TNS4,USF2,LMC,bHLH
2296,43,0,2.27815777289696,POU2F2,PAX5,LMC,"Paired,Homeobox"
625,55,1,1.2030634109061,COL9A3,USF2,MEF,bHLH
1229,55,0,-1.54093470936659,GPC6,USF2,LMC,bHLH
3093,59,1,1.33406165475606,TRDMT1,ZKSCAN1,MEF,Zf
965,10,1,1.21645357704,FAM110C,E2F4,MEF,E2F
2484,59,1,-1.61727756925469,REPS2,ZKSCAN1,MEF,Zf
391,14,0,-1.06623168509166,CCDC159,ELF1,LMC,ETS
3183,6,0,1.36921240634688,USP53,BHLHE40,LMC,bHLH
2837,50,1,2.79424421339717,SPINT2,STAT3,MEF,Stat
171,1,0,-1.30844755503104,APOLD1,ATF2,LMC,bZIP
242,32,1,-1.74134372328352,ATP2A3,JUND,MEF,bZIP
499,35,0,-1.08134160329322,CDR2L,MAX,LMC,bHLH
3138,6,0,-1.6865426189192,TTLL11,BHLHE40,LMC,bHLH
2260,33,1,-1.06024887079135,PLK3,MAFF,MEF,bZIP
1541,3,1,1.40906601405973,KCNH7,BACH1,MEF,bZIP
1648,58,1,-1.27478146434956,LGMN,ZEB1,MEF,Zf
2006,47,1,2.14377689967607,NME5,SP1,MEF,Zf
1916,14,1,1.02389450262795,MYLK3,ELF1,MEF,ETS
2372,13,1,-2.15192607651226,PTGER2,EGR1,MEF,Zf
2125,6,0,1.67444194494018,PARP14,BHLHE40,LMC,bHLH
1595,2,1,1.94541631082666,KLHL30,ATF3,MEF,bZIP
2178,49,0,-1.32389108556874,PDLIM2,STAT1,LMC,Stat
749,46,1,-2.5682230846885,DEPDC1B,RFX5,MEF,HTH
2148,15,0,-1.00575676973287,PCDHGC3,ELK1,LMC,ETS
885,7,1,-2.33876283152591,EME1,CTCF,MEF,Zf
611,11,1,-1.33503170309655,COL16A1,E2F6,MEF,E2F
2957,3,0,2.25325284092505,TESC,BACH1,LMC,bZIP
1011,11,1,-1.30600338959602,FAM83D,E2F6,MEF,E2F
827,54,0,1.31630430034092,DUSP6,USF1,LMC,bHLH
584,53,0,1.84292164698875,CLSTN3,TEAD4,LMC,TEA
1905,32,0,-3.56228488230399,MYCT1,JUND,LMC,bZIP
1792,11,0,1.95371509724689,MCOLN2,E2F6,LMC,E2F
1379,17,0,2.16950985937969,HOXD4,ETS1,LMC,ETS
3006,60,0,-1.06419111424311,TMEFF2,ZNF263,LMC,Zf
1360,55,0,-1.54813321757871,HOXA5,USF2,LMC,bHLH
46,15,1,-3.15499513971165,ADAM12,ELK1,MEF,ETS
2998,35,1,-5.67130858205146,TLR7,MAX,MEF,bHLH
664,40,1,-1.02295843756879,CSF2RA,MYOG,MEF,bHLH
1490,58,1,1.27075279553544,ITGA3,ZEB1,MEF,Zf
957,47,0,-1.29344841963756,FADS2,SP1,LMC,Zf
2823,53,0,-1.74134660350485,SPAG5,TEAD4,LMC,TEA
2737,6,1,-1.3563199355879,SLC37A2,BHLHE40,MEF,bHLH
2551,6,0,-1.05240961924625,RTN4R,BHLHE40,LMC,bHLH
2093,16,1,-1.15661822035074,OSMR,ELK4,MEF,ETS
1373,2,1,3.28481040650895,HOXC13,ATF3,MEF,bZIP
3222,51,0,-3.27724887259077,WISP2,TCF12,LMC,bHLH
1507,7,0,3.24288630453912,IVL,CTCF,LMC,Zf
1764,52,1,1.71906055641628,MAP7,TCF3,MEF,HMG
2601,20,0,-1.33009891228235,SEC14L5,FOSL2,LMC,bZIP
2103,36,0,2.83205761056503,P2RY13,MAZ,LMC,Zf
591,33,1,-1.3326909212293,CNDP2,MAFF,MEF,bZIP
2757,7,0,1.83771530730849,SLC7A8,CTCF,LMC,Zf
720,35,0,1.18837675419197,CYSTM1,MAX,LMC,bHLH
771,34,1,1.05334027313876,DMD,MAFK,MEF,bZIP
1425,44,1,-1.22368957247507,IGLON5,PBX3,MEF,Homeobox
213,30,1,-1.08500643822329,ARSB,IRF3,MEF,IRF
2966,21,1,-3.5285614426068,TFPI2,FOXA1,MEF,Forkhead
3060,51,1,-1.68245131894634,TNFRSF14,TCF12,MEF,bHLH
2328,9,0,1.68357693735779,PRDX1,E2F1,LMC,E2F
1215,11,0,-1.04714678478155,GNG10,E2F6,LMC,E2F
1347,24,1,-2.24742323046206,HMMR,GABPA,MEF,ETS
864,21,1,1.33838286955012,EFNA5,FOXA1,MEF,Forkhead
1728,35,1,-4.94880148210494,LY86,MAX,MEF,bHLH
1736,26,1,-1.78155484658363,LYVE1,GATA2,MEF,Zf
1662,34,0,-1.79206421323517,LIN7A,MAFK,LMC,bZIP
138,14,0,-2.36033516397192,ANKLE1,ELF1,LMC,ETS
155,58,1,-1.03625605862877,AP1G2,ZEB1,MEF,Zf
2612,26,0,1.98853677077926,SEMA4D,GATA2,LMC,Zf
1180,32,0,-2.20580346299814,GFRA2,JUND,LMC,bZIP
1256,21,1,5.22776982339002,GPR37,FOXA1,MEF,Forkhead
650,3,0,2.24065860995856,CREG2,BACH1,LMC,bZIP
2334,34,0,-1.41170439233152,PRKAR2B,MAFK,LMC,bZIP
793,7,1,-3.6299744403086,DOCK10,CTCF,MEF,Zf
3150,55,1,-1.30229002037898,TUBB6,USF2,MEF,bHLH
1464,11,0,-1.18382349994449,INPP1,E2F6,LMC,E2F
2466,56,1,1.32338894662691,RB1,YY1,MEF,Zf
1376,8,1,-1.83155644167604,HOXC8,CUX1,MEF,Homeobox
1044,6,1,-5.35759327366017,FERMT3,BHLHE40,MEF,bHLH
2216,55,1,-3.03883385040667,PILRA,USF2,MEF,bHLH
2342,34,1,1.93262260552631,PROSER2,MAFK,MEF,bZIP
1133,6,1,3.12638806271272,GABRB2,BHLHE40,MEF,bHLH
2599,32,0,-1.0351862979675,SDK2,JUND,LMC,bZIP
2837,54,0,1.62615454323833,SPINT2,USF1,LMC,bHLH
1814,36,1,1.05357159098522,METTL21A,MAZ,MEF,Zf
2112,54,0,2.46587352718723,PADI3,USF1,LMC,bHLH
2990,33,0,-1.64263124238285,TK1,MAFF,LMC,bZIP
2387,44,1,-4.42913865344,PTPN7,PBX3,MEF,Homeobox
1350,26,1,1.03869489764224,HNMT,GATA2,MEF,Zf
1802,36,1,1.03338304760859,MEF2A,MAZ,MEF,Zf
2646,28,1,-1.21834944449905,SH2D5,HNF4A,MEF,NR
364,31,1,1.14635570776145,CAPS2,IRF4,MEF,IRF
910,23,1,1.34784390842321,EPHB6,FOXM1,MEF,Forkhead
303,47,1,1.45646153834468,BMP8B,SP1,MEF,Zf
685,7,0,1.40081145363371,CTSD,CTCF,LMC,Zf
2750,44,0,1.09773948896469,SLC46A3,PBX3,LMC,Homeobox
3027,33,0,2.0194569382354,TMEM184A,MAFF,LMC,bZIP
3173,7,0,-2.17040762162805,UNC5C,CTCF,LMC,Zf
1824,50,1,3.1939303168836,MGP,STAT3,MEF,Stat
1759,49,0,-1.20195710611927,MAP2K6,STAT1,LMC,Stat
1467,7,0,1.7121325322489,INPP5J,CTCF,LMC,Zf
2156,55,0,1.93797423240685,PCP4L1,USF2,LMC,bHLH
1780,21,0,-1.10292671378567,MBOAT2,FOXA1,LMC,Forkhead
940,27,0,-1.04928380645849,EXT1,GATA3,LMC,Zf
2529,33,0,-1.49220906542804,ROR1,MAFF,LMC,bZIP
381,29,1,1.13944539082864,CCDC103,IRF1,MEF,IRF
2963,56,1,1.44393337399669,TFCP2L1,YY1,MEF,Zf
1699,7,1,1.51589562604092,LRRC2,CTCF,MEF,Zf
2091,50,0,-2.75084048443448,OSBPL6,STAT3,LMC,Stat
926,23,1,-1.32942090046407,ESYT1,FOXM1,MEF,Forkhead
469,40,0,-1.08880876245464,CDC42EP4,MYOG,LMC,bHLH
118,20,1,-1.21591862457302,ALOXE3,FOSL2,MEF,bZIP
2100,54,1,-2.24121421422867,P2RX7,USF1,MEF,bHLH
1792,14,0,1.95371509724689,MCOLN2,ELF1,LMC,ETS
343,11,0,2.00940314934979,CACNA1S,E2F6,LMC,E2F
864,2,1,1.33838286955012,EFNA5,ATF3,MEF,bZIP
2535,8,1,-4.82573886284107,RPS16,CUX1,MEF,Homeobox
3268,34,1,-1.42145752313049,ZYX,MAFK,MEF,bZIP
640,6,0,2.11324837146368,CPNE7,BHLHE40,LMC,bHLH
2084,50,1,-2.71392958236309,OLR1,STAT3,MEF,Stat
1050,46,0,-1.24638153747185,FGF11,RFX5,LMC,HTH
41,10,1,-1.29710351150971,ACTN3,E2F4,MEF,E2F
2345,32,0,2.28776017045123,PRR15L,JUND,LMC,bZIP
1932,35,1,1.27590926585484,MYRF,MAX,MEF,bHLH
883,52,0,-1.77841332512068,ELOVL6,TCF3,LMC,HMG
1662,21,1,4.04496698430501,LIN7A,FOXA1,MEF,Forkhead
2206,12,1,1.27028251101733,PHYHIP,EBF1,MEF,EBF
2870,50,1,-1.39368567765007,STAC2,STAT3,MEF,Stat
3027,36,1,1.32712267996545,TMEM184A,MAZ,MEF,Zf
2408,10,0,-1.23672453135472,QSOX1,E2F4,LMC,E2F
60,32,0,1.71936840627334,ADAMTS20,JUND,LMC,bZIP
612,56,1,1.56435807341242,COL18A1,YY1,MEF,Zf
1762,23,0,1.08923612818634,MAP3K8,FOXM1,LMC,Forkhead
1578,0,0,-2.1700677220651,KIF2C,ATF1,LMC,bZIP
1514,23,0,1.9986962680632,JAM2,FOXM1,LMC,Forkhead
2319,36,0,1.40689826891163,PPP1R9A,MAZ,LMC,Zf
3046,11,0,2.28932160921148,TMEM59L,E2F6,LMC,E2F
2863,56,0,-1.58295929161937,ST6GALNAC2,YY1,LMC,Zf
1604,36,0,-1.61525516257448,KNSTRN,MAZ,LMC,Zf
2386,17,1,-5.85839993985972,PTPN6,ETS1,MEF,ETS
1164,29,1,3.04067722262109,GCHFR,IRF1,MEF,IRF
1923,23,1,-6.19711798535676,MYO1G,FOXM1,MEF,Forkhead
1703,35,1,2.57491812184522,LRRC3B,MAX,MEF,bHLH
144,54,1,-2.61285486595035,ANLN,USF1,MEF,bHLH
2966,42,1,-3.5285614426068,TFPI2,NRF1,MEF,NRF
1643,40,1,-1.38336396197662,LGALS3,MYOG,MEF,bHLH
2906,60,1,1.51508658164846,SVOP,ZNF263,MEF,Zf
457,49,0,1.872958774821,CD74,STAT1,LMC,Stat
2195,10,1,-1.52699493814119,PGAP1,E2F4,MEF,E2F
3138,3,0,-1.6865426189192,TTLL11,BACH1,LMC,bZIP
2816,34,1,-4.21242303903556,SP110,MAFK,MEF,bZIP
2729,36,0,3.23927313893964,SLC30A2,MAZ,LMC,Zf
2820,37,1,1.78480119877101,SP7,MEF2A,MEF,MADS
1857,34,0,-1.56853870886037,MN1,MAFK,LMC,bZIP
1028,11,0,-2.42665595315409,FBN2,E2F6,LMC,E2F
789,7,0,-1.85212719047073,DNER,CTCF,LMC,Zf
1962,7,1,-1.77283514965465,NDST3,CTCF,MEF,Zf
2540,3,1,2.25659279898351,RRAGB,BACH1,MEF,bZIP
2450,12,0,-1.05231333068148,RARG,EBF1,LMC,EBF
686,12,0,3.32615231499437,CTSE,EBF1,LMC,EBF
649,12,0,1.77230520694,CREG1,EBF1,LMC,EBF
2307,36,1,1.9413479354027,PPFIA4,MAZ,MEF,Zf
2114,53,1,1.64934591944947,PAK6,TEAD4,MEF,TEA
1395,24,1,1.04373265354892,HSD17B1,GABPA,MEF,ETS
1582,50,1,1.09834515514093,KIF9,STAT3,MEF,Stat
2298,42,1,2.24570716939652,POU4F1,NRF1,MEF,NRF
795,21,1,1.38136384895226,DOCK3,FOXA1,MEF,Forkhead
2812,50,1,1.62440533771167,SOX5,STAT3,MEF,Stat
2320,3,1,2.54279063424334,PPP2R2C,BACH1,MEF,bZIP
651,14,0,3.87618193649462,CRHBP,ELF1,LMC,ETS
803,57,1,1.22236133221301,DPM1,ZBTB33,MEF,Zf
2660,35,0,-1.82184640624353,SHCBP1,MAX,LMC,bHLH
2342,53,1,1.93262260552631,PROSER2,TEAD4,MEF,TEA
1514,38,0,1.9986962680632,JAM2,MEF2C,LMC,MADS
993,32,0,1.37308235035012,FAM213A,JUND,LMC,bZIP
1138,8,0,1.17692252323497,GALC,CUX1,LMC,Homeobox
222,47,1,-1.57264948899565,ASB2,SP1,MEF,Zf
521,9,1,-1.47290606283231,CENPU,E2F1,MEF,E2F
376,58,1,2.81994211652273,CBLN2,ZEB1,MEF,Zf
2546,53,0,1.25988355581836,RSPO1,TEAD4,LMC,TEA
585,3,1,1.8285992255709,CLU,BACH1,MEF,bZIP
561,20,1,2.25513078197246,CITED4,FOSL2,MEF,bZIP
1741,32,1,6.02381078244837,MAB21L2,JUND,MEF,bZIP
448,53,1,-7.07768607115533,CD37,TEAD4,MEF,TEA
1639,21,1,-1.15418125525263,LEFTY1,FOXA1,MEF,Forkhead
815,15,1,-1.01143898785543,DSCC1,ELK1,MEF,ETS
2658,2,1,-2.88909226113325,SHC2,ATF3,MEF,bZIP
1559,55,0,-1.66267294525053,KCTD15,USF2,LMC,bHLH
2319,46,0,1.40689826891163,PPP1R9A,RFX5,LMC,HTH
1510,20,0,1.1837133383834,JADE2,FOSL2,LMC,bZIP
2604,58,1,-5.64915437761262,SEL1L3,ZEB1,MEF,Zf
1743,54,0,1.2423560260099,MAF,USF1,LMC,bHLH
180,42,1,-2.24495787061516,ARHGAP18,NRF1,MEF,NRF
2862,40,0,-1.0564236055335,ST3GAL4,MYOG,LMC,bHLH
2424,58,1,-1.43699971579521,RAB3D,ZEB1,MEF,Zf
950,3,0,2.46314911780452,F2RL2,BACH1,LMC,bZIP
645,47,0,2.6611503079023,CRABP2,SP1,LMC,Zf
649,13,1,-1.06162525000248,CREG1,EGR1,MEF,Zf
3005,35,0,-1.1154158873604,TMC7,MAX,LMC,bHLH
88,47,0,1.61581991005425,AGAP2,SP1,LMC,Zf
1996,13,0,-1.58563829526425,NKAIN4,EGR1,LMC,Zf
1098,47,1,-2.04624548773259,FOXD2,SP1,MEF,Zf
2411,36,1,3.97424188749577,RAB17,MAZ,MEF,Zf
1242,7,1,-2.07425493144421,GPR149,CTCF,MEF,Zf
2989,13,1,-2.344269698283,TJP3,EGR1,MEF,Zf
1043,46,0,-1.20500555090751,FDPS,RFX5,LMC,HTH
1094,15,1,1.9671559113756,FOXA3,ELK1,MEF,ETS
521,29,1,-1.47290606283231,CENPU,IRF1,MEF,IRF
1474,11,1,1.58552456677636,IQUB,E2F6,MEF,E2F
1891,60,0,-1.28051428954918,MTHFD1L,ZNF263,LMC,Zf
1110,14,1,-1.52273265121026,FRMD4B,ELF1,MEF,ETS
2432,1,1,-1.5926751107119,RAD51AP1,ATF2,MEF,bZIP
2107,27,1,1.19104829786541,P4HTM,GATA3,MEF,Zf
125,11,1,1.0675509191686,AMD1,E2F6,MEF,E2F
1821,55,0,-1.90973057974715,MFSD2A,USF2,LMC,bHLH
364,44,1,1.14635570776145,CAPS2,PBX3,MEF,Homeobox
1468,15,1,3.66333018693737,INSC,ELK1,MEF,ETS
2439,29,0,1.09538100785983,RALGPS2,IRF1,LMC,IRF
1393,54,1,1.80356042315211,HSBP1L1,USF1,MEF,bHLH
1204,7,0,-2.65008408128184,GLIPR2,CTCF,LMC,Zf
1377,34,0,2.41891822606775,HOXD1,MAFK,LMC,bZIP
515,25,1,-1.48399593144254,CENPK,GATA1,MEF,Zf
2980,40,0,-1.43334194465307,TIAM2,MYOG,LMC,bHLH
1956,10,1,2.06161702512849,NCKAP5,E2F4,MEF,E2F
591,58,1,-1.3326909212293,CNDP2,ZEB1,MEF,Zf
1264,23,1,-1.74672611757322,GPR88,FOXM1,MEF,Forkhead
803,34,1,1.22236133221301,DPM1,MAFK,MEF,bZIP
2587,55,0,2.58402245788979,SCN2B,USF2,LMC,bHLH
2969,32,0,-1.39028771607637,TGFB1I1,JUND,LMC,bZIP
2247,39,0,1.88482576744227,PLEKHA6,MYB,LMC,HTH
2583,9,1,-1.9243825304513,SCML2,E2F1,MEF,E2F
1043,43,0,-1.20500555090751,FDPS,PAX5,LMC,"Paired,Homeobox"
2308,31,1,1.37041742724006,PPFIBP2,IRF4,MEF,IRF
2418,19,0,-1.00063840189489,RAB30,FOS,LMC,bZIP
3093,29,1,1.33406165475606,TRDMT1,IRF1,MEF,IRF
81,51,0,2.83948317745074,ADORA3,TCF12,LMC,bHLH
762,38,0,1.09464442057264,DLEU2,MEF2C,LMC,MADS
43,10,1,-1.10283547570767,ACY1,E2F4,MEF,E2F
38,55,0,-2.4281115859131,ACTA2,USF2,LMC,bHLH
1632,22,1,-3.12652993466873,LCP2,FOXA2,MEF,Forkhead
649,51,1,-1.06162525000248,CREG1,TCF12,MEF,bHLH
835,6,1,-1.74413387692825,E2F7,BHLHE40,MEF,bHLH
633,36,1,-1.79253763606394,COTL1,MAZ,MEF,Zf
2497,52,1,2.70987718393113,RGS6,TCF3,MEF,HMG
611,19,1,-1.33503170309655,COL16A1,FOS,MEF,bZIP
6,34,1,1.14929084243759,ABCA13,MAFK,MEF,bZIP
932,35,0,-1.0899668717568,EVA1C,MAX,LMC,bHLH
3151,54,1,1.63583562988891,TULP2,USF1,MEF,bHLH
972,16,1,1.65024443617622,FAM154B,ELK4,MEF,ETS
875,60,1,-1.34853539641118,EHHADH,ZNF263,MEF,Zf
3016,7,0,1.66478094519978,TMEM151A,CTCF,LMC,Zf
525,24,0,-1.50796370389008,CEP55,GABPA,LMC,ETS
1528,40,0,2.30158238201654,KCNA7,MYOG,LMC,bHLH
1240,47,1,1.54315789604289,GPR137C,SP1,MEF,Zf
3065,58,1,-1.67207013939252,TNIK,ZEB1,MEF,Zf
138,34,0,-2.36033516397192,ANKLE1,MAFK,LMC,bZIP
1423,26,1,3.18467003561148,IGFBP5,GATA2,MEF,Zf
3091,53,0,-1.13852852708434,TRAM1L1,TEAD4,LMC,TEA
265,21,0,-1.12473692026766,BAG2,FOXA1,LMC,Forkhead
812,8,0,-1.43091036435471,DRAXIN,CUX1,LMC,Homeobox
3076,7,1,1.28085910518458,TOB1,CTCF,MEF,Zf
1144,7,1,1.64197292611699,GALNT5,CTCF,MEF,Zf
1946,16,0,-1.56584080827153,NCAPD2,ELK4,LMC,ETS
526,50,0,-1.55044439537775,CEP72,STAT3,LMC,Stat
2352,36,1,-3.19271883925877,PRSS16,MAZ,MEF,Zf
1143,53,0,1.58166507184281,GALNT3,TEAD4,LMC,TEA
2687,46,1,1.45793192482683,SLC12A5,RFX5,MEF,HTH
530,34,1,1.29315129835273,CFAP57,MAFK,MEF,bZIP
518,56,1,-1.46993038048477,CENPP,YY1,MEF,Zf
276,7,0,-2.52309707321754,BCAT1,CTCF,LMC,Zf
518,54,1,-1.46993038048477,CENPP,USF1,MEF,bHLH
1627,58,1,-5.37255434397412,LAT2,ZEB1,MEF,Zf
1106,36,1,4.1494915530194,FOXQ1,MAZ,MEF,Zf
617,22,1,3.45728372810024,COL2A1,FOXA2,MEF,Forkhead
229,27,1,-2.81717383669163,ASPM,GATA3,MEF,Zf
1946,10,0,-1.56584080827153,NCAPD2,E2F4,LMC,E2F
241,6,1,1.15532941828722,ATP1B2,BHLHE40,MEF,bHLH
556,35,0,-1.5919068964405,CHSY3,MAX,LMC,bHLH
1623,43,1,-7.95287425558167,LAPTM5,PAX5,MEF,"Paired,Homeobox"
2678,14,1,-1.35194087586138,SKP2,ELF1,MEF,ETS
745,36,0,1.87936915159703,DENND1C,MAZ,LMC,Zf
2058,23,0,1.25231194291045,NUP210,FOXM1,LMC,Forkhead
1568,0,1,-2.57584463626319,KIF15,ATF1,MEF,bZIP
2429,51,1,-5.54500344285024,RAC2,TCF12,MEF,bHLH
803,14,1,1.22236133221301,DPM1,ELF1,MEF,ETS
1442,46,1,3.60920778732912,IL17RB,RFX5,MEF,HTH
2654,24,1,-1.63542312497611,SH3TC1,GABPA,MEF,ETS
101,46,1,-2.3698435360429,AIM2,RFX5,MEF,HTH
2332,46,1,-1.39027810102326,PRIM1,RFX5,MEF,HTH
3140,43,1,1.19302058797499,TTLL9,PAX5,MEF,"Paired,Homeobox"
3262,15,1,1.04649386544777,ZMYND12,ELK1,MEF,ETS
1971,59,1,-1.21916925390327,NEK6,ZKSCAN1,MEF,Zf
688,43,1,1.50358828965648,CTSH,PAX5,MEF,"Paired,Homeobox"
558,29,0,-1.18502711991529,CIB2,IRF1,LMC,IRF
2431,36,1,-1.67508726212781,RAD51,MAZ,MEF,Zf
2041,2,0,1.93781365732925,NRROS,ATF3,LMC,bZIP
1611,54,1,2.32954569295926,KRT80,USF1,MEF,bHLH
2889,36,1,1.33394759669466,STMN4,MAZ,MEF,Zf
2130,53,0,-1.60290944880659,PAX3,TEAD4,LMC,TEA
69,48,0,-1.69976265055209,ADARB1,SP2,LMC,Zf
400,13,0,-1.11019254428826,CCDC68,EGR1,LMC,Zf
1004,17,1,1.7937952784065,FAM71E1,ETS1,MEF,ETS
2833,58,1,-7.24778929658034,SPI1,ZEB1,MEF,Zf
2689,46,1,1.48963900231576,SLC13A5,RFX5,MEF,HTH
2013,32,0,-2.48424313020357,NOL4,JUND,LMC,bZIP
2163,50,1,-2.12723887335519,PDE11A,STAT3,MEF,Stat
423,56,0,-1.26956236728047,CCNE1,YY1,LMC,Zf
3016,13,1,1.16688239476946,TMEM151A,EGR1,MEF,Zf
994,53,1,1.02278867867513,FAM222A,TEAD4,MEF,TEA
1775,53,1,-1.0848607122183,MASTL,TEAD4,MEF,TEA
2473,32,1,-3.45249104845875,RBP1,JUND,MEF,bZIP
1339,35,1,-9.02766946013107,HK3,MAX,MEF,bHLH
2648,36,0,1.60439603113436,SH3BGRL2,MAZ,LMC,Zf
2298,58,1,2.24570716939652,POU4F1,ZEB1,MEF,Zf
1728,55,0,2.42475480036717,LY86,USF2,LMC,bHLH
2742,51,0,1.46235789888807,SLC39A8,TCF12,LMC,bHLH
1571,1,1,-2.07809907277535,KIF20B,ATF2,MEF,bZIP
819,51,0,1.14268323152742,DTNB,TCF12,LMC,bHLH
2386,23,1,-5.85839993985972,PTPN6,FOXM1,MEF,Forkhead
2358,6,0,-1.32666189066918,PRTG,BHLHE40,LMC,bHLH
1054,3,1,1.1716865224164,FGF18,BACH1,MEF,bZIP
1908,13,1,2.83997444516611,MYH14,EGR1,MEF,Zf
416,6,0,1.98389732052928,CCL5,BHLHE40,LMC,bHLH
288,2,0,2.00770574289017,BEX2,ATF3,LMC,bZIP
400,56,0,-1.11019254428826,CCDC68,YY1,LMC,Zf
2617,14,1,-1.57128814337927,SEPP1,ELF1,MEF,ETS
3205,50,0,1.93772161206231,VTCN1,STAT3,LMC,Stat
2145,7,0,-1.28095528332009,PCDHGB2,CTCF,LMC,Zf
2938,55,1,1.88676760580032,TBX18,USF2,MEF,bHLH
2979,56,1,-5.70150854605767,THEMIS2,YY1,MEF,Zf
563,8,0,-1.89680998771946,CKAP2L,CUX1,LMC,Homeobox
2977,24,0,-1.92087742808799,THBS3,GABPA,LMC,ETS
182,60,0,-1.55946965336323,ARHGAP20,ZNF263,LMC,Zf
375,47,1,1.03187685516321,CATSPERD,SP1,MEF,Zf
1844,12,0,-1.20694560179771,MMP11,EBF1,LMC,EBF
96,12,1,3.95107920395164,AHR,EBF1,MEF,EBF
566,42,0,-1.1170682511222,CKS2,NRF1,LMC,NRF
3184,12,0,-1.2625906051746,UST,EBF1,LMC,EBF
2275,32,0,1.06002019022503,PM20D2,JUND,LMC,bZIP
323,46,1,1.57648450507266,C1GALT1,RFX5,MEF,HTH
747,19,0,-1.04094116021417,DENND3,FOS,LMC,bZIP
3103,7,1,-2.65821541512878,TRIM14,CTCF,MEF,Zf
3061,25,0,1.02514171178658,TNFRSF19,GATA1,LMC,Zf
39,20,1,-1.17835208367133,ACTB,FOSL2,MEF,bZIP
61,32,1,-2.36338946514307,ADAMTS4,JUND,MEF,bZIP
2963,60,0,1.69094418312425,TFCP2L1,ZNF263,LMC,Zf
150,49,1,-1.50638570003123,ANXA4,STAT1,MEF,Stat
2988,14,1,2.47016823813231,TIPARP,ELF1,MEF,ETS
3078,18,1,-2.8886465852491,TOP2A,FLI1,MEF,ETS
2195,4,1,-1.52699493814119,PGAP1,BATF,MEF,bZIP
2086,32,1,1.33248472677188,OOEP,JUND,MEF,bZIP
1759,15,0,-1.20195710611927,MAP2K6,ELK1,LMC,ETS
529,29,1,1.21345195946999,CETN2,IRF1,MEF,IRF
973,53,1,1.84862719225515,FAM155A,TEAD4,MEF,TEA
694,26,1,-1.01879417311662,CUX1,GATA2,MEF,Zf
1146,17,1,-1.58579129430816,GAMT,ETS1,MEF,ETS
530,19,1,1.29315129835273,CFAP57,FOS,MEF,bZIP
693,59,0,-1.02311552800996,CUL7,ZKSCAN1,LMC,Zf
2343,26,1,-2.24464602061636,PRR11,GATA2,MEF,Zf
1401,15,1,1.38533707225827,HSPB6,ELK1,MEF,ETS
2233,50,1,-5.66207559589651,PLAC8,STAT3,MEF,Stat
926,44,1,-1.32942090046407,ESYT1,PBX3,MEF,Homeobox
66,10,1,1.45403141501602,ADAMTSL3,E2F4,MEF,E2F
647,7,0,3.00856078968683,CRCT1,CTCF,LMC,Zf
2938,0,1,1.88676760580032,TBX18,ATF1,MEF,bZIP
957,10,0,-1.29344841963756,FADS2,E2F4,LMC,E2F
465,34,0,-2.11602648113733,CDC20,MAFK,LMC,bZIP
897,35,0,2.02877616898271,ENPP2,MAX,LMC,bHLH
779,6,1,2.08863024339505,DNAH2,BHLHE40,MEF,bHLH
1582,25,0,1.20216022419982,KIF9,GATA1,LMC,Zf
49,35,1,1.42794390523383,ADAM22,MAX,MEF,bHLH
2332,28,0,-1.45158178749255,PRIM1,HNF4A,LMC,NR
847,19,1,-2.70515393443908,ECSCR,FOS,MEF,bZIP
399,47,1,2.3751815801806,CCDC65,SP1,MEF,Zf
1125,13,1,2.88515044137907,FUT9,EGR1,MEF,Zf
2145,32,0,-1.28095528332009,PCDHGB2,JUND,LMC,bZIP
1599,8,0,1.3884595597888,KLHL6,CUX1,LMC,Homeobox
908,11,0,-1.2161774029393,EPHB2,E2F6,LMC,E2F
605,47,0,-1.07984003641775,CNTROB,SP1,LMC,Zf
495,53,1,1.14494216247271,CDKN2B,TEAD4,MEF,TEA
1881,50,1,1.05245446159028,MSI2,STAT3,MEF,Stat
147,11,0,2.01551499268865,ANPEP,E2F6,LMC,E2F
866,36,1,1.09859926841335,EGF,MAZ,MEF,Zf
2568,32,1,1.47843825543726,SAMD12,JUND,MEF,bZIP
843,37,1,-4.62149320499293,EBI3,MEF2A,MEF,MADS
1844,15,0,-1.20694560179771,MMP11,ELK1,LMC,ETS
3134,31,1,2.28253082591475,TTC21A,IRF4,MEF,IRF
1035,24,0,-2.22203456792335,FBXO41,GABPA,LMC,ETS
2692,29,0,2.0074981520264,SLC15A3,IRF1,LMC,IRF
69,35,0,-1.69976265055209,ADARB1,MAX,LMC,bHLH
1081,36,1,-5.19295380970528,FMNL1,MAZ,MEF,Zf
2472,32,1,-2.98434592973191,RBM47,JUND,MEF,bZIP
1541,42,1,1.40906601405973,KCNH7,NRF1,MEF,NRF
1116,53,0,-2.17563436659345,FRZB,TEAD4,LMC,TEA
1925,42,1,1.94094472616554,MYO5C,NRF1,MEF,NRF
2370,22,1,1.7110711107885,PTGDR2,FOXA2,MEF,Forkhead
2683,12,1,-1.55118302925028,SLC10A6,EBF1,MEF,EBF
2978,4,0,2.16074255359507,THBS4,BATF,LMC,bZIP
1636,33,1,1.42542567866,LDHD,MAFF,MEF,bZIP
438,51,1,-3.80310192593788,CD244,TCF12,MEF,bHLH
3243,29,0,-1.12058662060011,YBX3,IRF1,LMC,IRF
1552,23,1,2.3264886845999,KCNK2,FOXM1,MEF,Forkhead
995,56,0,-1.34584970061181,FAM26E,YY1,LMC,Zf
224,35,1,3.5793529115636,ASCL1,MAX,MEF,bHLH
2770,22,0,1.14657944449594,SLIT3,FOXA2,LMC,Forkhead
3184,54,0,-1.2625906051746,UST,USF1,LMC,bHLH
720,16,0,1.18837675419197,CYSTM1,ELK4,LMC,ETS
3153,7,0,-2.45828596879432,TWIST2,CTCF,LMC,Zf
414,31,1,-3.70901129351102,CCL3,IRF4,MEF,IRF
766,34,1,-1.28852826885294,DLL1,MAFK,MEF,bZIP
173,35,1,4.73221503896739,AQP5,MAX,MEF,bHLH
99,22,1,1.03519575636956,AIG1,FOXA2,MEF,Forkhead
2334,55,0,-1.41170439233152,PRKAR2B,USF2,LMC,bHLH
3264,17,1,-1.77713608958469,ZP3,ETS1,MEF,ETS
2571,17,0,2.21199249094667,SAMSN1,ETS1,LMC,ETS
1469,23,0,-1.34614119276357,INSIG1,FOXM1,LMC,Forkhead
2900,55,1,-1.11333046693772,SUSD1,USF2,MEF,bHLH
2154,15,0,3.91045867563713,PCNXL2,ELK1,LMC,ETS
2422,42,1,2.12952005907301,RAB39B,NRF1,MEF,NRF
1994,60,0,-1.53999774049714,NIPAL4,ZNF263,LMC,Zf
3011,47,0,-2.66844146682901,TMEM121,SP1,LMC,Zf
1215,12,0,-1.04714678478155,GNG10,EBF1,LMC,EBF
2684,6,0,2.43469508138703,SLC11A1,BHLHE40,LMC,bHLH
1740,13,1,3.31506874732211,MAB21L1,EGR1,MEF,Zf
1978,19,0,1.1023682648514,NEURL3,FOS,LMC,bZIP
1631,60,0,1.88765751605467,LCP1,ZNF263,LMC,Zf
1693,55,1,-4.99758855508105,LRMP,USF2,MEF,bHLH
729,35,1,1.98950483778621,DCC,MAX,MEF,bHLH
2608,56,1,2.11602326557381,SEMA3C,YY1,MEF,Zf
365,54,0,1.8891319241309,CARD9,USF1,LMC,bHLH
1247,51,0,-1.8197377742624,GPR161,TCF12,LMC,bHLH
1105,55,0,-1.06214111443697,FOXP4,USF2,LMC,bHLH
513,23,1,-1.61297653663404,CENPH,FOXM1,MEF,Forkhead
378,34,1,-1.32292123294692,CBX2,MAFK,MEF,bZIP
744,27,1,-3.45003810797919,DEGS2,GATA3,MEF,Zf
1591,44,1,1.24681343695408,KLF9,PBX3,MEF,Homeobox
912,13,0,-1.3178474094506,EPS8L1,EGR1,LMC,Zf
2090,3,1,1.48097195977724,OSBPL3,BACH1,MEF,bZIP
2474,7,1,3.72589105115737,RBP4,CTCF,MEF,Zf
2406,59,1,-2.22909861186948,PYROXD2,ZKSCAN1,MEF,Zf
2713,25,1,-1.39476830707674,SLC24A5,GATA1,MEF,Zf
1004,1,1,1.7937952784065,FAM71E1,ATF2,MEF,bZIP
425,11,0,-2.59543354538128,CCNJL,E2F6,LMC,E2F
952,46,1,2.05701146682328,F5,RFX5,MEF,HTH
872,14,1,-2.19954164792105,EGR2,ELF1,MEF,ETS
2660,19,1,-2.91155511354678,SHCBP1,FOS,MEF,bZIP
3152,7,0,-1.21560557967585,TVP23A,CTCF,LMC,Zf
3137,29,0,-1.54688616829487,TTK,IRF1,LMC,IRF
2247,27,0,1.88482576744227,PLEKHA6,GATA3,LMC,Zf
2645,52,0,1.90813328229963,SH2D4B,TCF3,LMC,HMG
3086,36,1,-1.19173570792296,TPM4,MAZ,MEF,Zf
452,53,1,1.10534625992499,CD55,TEAD4,MEF,TEA
655,10,0,-2.82948399086617,CRISPLD2,E2F4,LMC,E2F
3146,34,1,-1.18146208962361,TUBA1C,MAFK,MEF,bZIP
1021,19,0,-2.80287244127223,FAT4,FOS,LMC,bZIP
2259,23,0,-1.82009132599226,PLK1,FOXM1,LMC,Forkhead
3165,27,1,-2.38129196365162,UCP2,GATA3,MEF,Zf
984,13,1,1.35786051026743,FAM189A1,EGR1,MEF,Zf
1469,50,0,-1.34614119276357,INSIG1,STAT3,LMC,Stat
769,51,1,5.10455270438126,DLX3,TCF12,MEF,bHLH
927,35,1,1.40396646353209,ESYT3,MAX,MEF,bHLH
2491,9,1,-3.65507814591035,RGS10,E2F1,MEF,E2F
3121,12,1,1.52459878471978,TSHR,EBF1,MEF,EBF
1775,36,0,-1.29454940292656,MASTL,MAZ,LMC,Zf
2077,46,1,-1.47688569810634,OIP5,RFX5,MEF,HTH
1218,29,0,-1.40791351049592,GNG8,IRF1,LMC,IRF
516,14,1,-2.19308549025505,CENPM,ELF1,MEF,ETS
2850,52,1,1.15748359100971,SQRDL,TCF3,MEF,HMG
817,11,0,1.918440317054,DSP,E2F6,LMC,E2F
1589,60,1,1.54085480516955,KLF15,ZNF263,MEF,Zf
678,21,0,1.30007498000597,CTDSPL,FOXA1,LMC,Forkhead
3026,30,0,1.20604148876069,TMEM180,IRF3,LMC,IRF
2090,11,1,1.48097195977724,OSBPL3,E2F6,MEF,E2F
2763,46,0,-1.37580388005319,SLC9A5,RFX5,LMC,HTH
605,44,0,-1.07984003641775,CNTROB,PBX3,LMC,Homeobox
3076,16,1,1.28085910518458,TOB1,ELK4,MEF,ETS
2506,56,1,1.32344956546428,RIBC1,YY1,MEF,Zf
2250,3,1,-1.29239612926271,PLEKHG3,BACH1,MEF,bZIP
2270,52,1,-3.02899029193795,PLXDC1,TCF3,MEF,HMG
727,40,1,-1.27883677081428,DBN1,MYOG,MEF,bHLH
560,15,0,-1.2462805140556,CIT,ELK1,LMC,ETS
2887,18,1,-1.50835202317038,STMN1,FLI1,MEF,ETS
3151,14,1,1.63583562988891,TULP2,ELF1,MEF,ETS
283,13,1,-1.57295896090125,BEND4,EGR1,MEF,Zf
428,34,0,1.8884736957855,CCR1,MAFK,LMC,bZIP
1799,6,1,1.44731947095315,MECOM,BHLHE40,MEF,bHLH
2795,60,0,1.18391174334233,SNTA1,ZNF263,LMC,Zf
1480,24,0,-1.28566004073979,IRX1,GABPA,LMC,ETS
531,13,1,1.21928716189159,CFAP61,EGR1,MEF,Zf
1164,20,1,3.04067722262109,GCHFR,FOSL2,MEF,bZIP
1632,6,0,2.38822577007914,LCP2,BHLHE40,LMC,bHLH
2153,58,0,-1.51740049418196,PCLO,ZEB1,LMC,Zf
1579,43,0,1.28112113456646,KIF3A,PAX5,LMC,"Paired,Homeobox"
2777,17,0,1.33467085489491,SMARCA2,ETS1,LMC,ETS
1070,9,1,-1.95715177392112,FIGNL1,E2F1,MEF,E2F
3235,56,1,-2.62409631254694,WT1,YY1,MEF,Zf
624,55,0,1.14347278913076,COL8A2,USF2,LMC,bHLH
2248,6,1,1.63188489778177,PLEKHA7,BHLHE40,MEF,bHLH
42,51,1,2.34295680761973,ACVR1C,TCF12,MEF,bHLH
2126,14,0,-1.97498954069546,PARPBP,ELF1,LMC,ETS
251,57,0,-1.43327827973312,AURKA,ZBTB33,LMC,Zf
2285,0,1,-2.14068200203897,PODNL1,ATF1,MEF,bZIP
1312,35,1,2.18151406393178,HAPLN4,MAX,MEF,bHLH
377,14,0,-1.18392674086099,CBS,ELF1,LMC,ETS
2498,13,0,-1.3528609573943,RGS9BP,EGR1,LMC,Zf
3074,44,1,1.9111052509538,TNS4,PBX3,MEF,Homeobox
100,3,0,1.80170248274046,AIM1,BACH1,LMC,bZIP
454,33,1,-5.47756028778316,CD68,MAFF,MEF,bZIP
718,50,1,2.02802764662004,CYP4B1,STAT3,MEF,Stat
792,43,1,-1.16716822785582,DNMT1,PAX5,MEF,"Paired,Homeobox"
476,29,1,-1.51137963897236,CDCA7,IRF1,MEF,IRF
1263,34,1,-1.33342975783313,GPR84,MAFK,MEF,bZIP
240,33,0,1.60328158259357,ATP1B1,MAFF,LMC,bZIP
115,25,1,-1.46853695672575,ALDH3B1,GATA1,MEF,Zf
650,53,1,-2.94835882788418,CREG2,TEAD4,MEF,TEA
2943,15,0,-2.66377021180121,TBXA2R,ELK1,LMC,ETS
639,36,0,2.08813925219602,CPNE5,MAZ,LMC,Zf
5,56,1,-1.42809644144407,ABCA12,YY1,MEF,Zf
700,56,1,-1.84700508578457,CXCL12,YY1,MEF,Zf
71,32,0,-1.01583734155542,ADCY4,JUND,LMC,bZIP
514,46,0,-1.48650253996053,CENPI,RFX5,LMC,HTH
452,3,1,1.10534625992499,CD55,BACH1,MEF,bZIP
337,51,0,-1.44650094432759,CABP1,TCF12,LMC,bHLH
750,3,1,2.63759907266197,DERL3,BACH1,MEF,bZIP
1105,6,0,-1.06214111443697,FOXP4,BHLHE40,LMC,bHLH
1800,11,1,1.47155305882805,MED12L,E2F6,MEF,E2F
2999,7,1,-7.00187498470677,TLR8,CTCF,MEF,Zf
89,11,1,1.3459422175997,AGBL2,E2F6,MEF,E2F
1748,53,1,1.62485638729586,MALL,TEAD4,MEF,TEA
2915,26,0,-1.14558600910547,SYNPO,GATA2,LMC,Zf
924,32,1,1.51210965522421,ESR2,JUND,MEF,bZIP
2311,50,0,2.41960817570328,PPM1N,STAT3,LMC,Stat
1371,25,1,3.72665701018455,HOXC10,GATA1,MEF,Zf
2077,17,1,-1.47688569810634,OIP5,ETS1,MEF,ETS
2275,24,1,2.39521871662444,PM20D2,GABPA,MEF,ETS
1863,30,1,1.38660918288816,MORN4,IRF3,MEF,IRF
2249,50,1,1.15271259876003,PLEKHG1,STAT3,MEF,Stat
2167,20,0,-1.47607183564039,PDE4A,FOSL2,LMC,bZIP
2803,53,0,-2.89854935498342,SOD3,TEAD4,LMC,TEA
2024,43,1,-1.06631322407724,NPL,PAX5,MEF,"Paired,Homeobox"
405,13,1,-3.28910986231177,CCDC88B,EGR1,MEF,Zf
1103,46,0,-1.1218794612056,FOXP1,RFX5,LMC,HTH
2347,32,0,1.16051451385673,PRR5L,JUND,LMC,bZIP
1908,28,1,2.83997444516611,MYH14,HNF4A,MEF,NR
3181,13,0,1.00388229046063,USP2,EGR1,LMC,Zf
1655,11,1,-1.4939244371639,LIG1,E2F6,MEF,E2F
1627,23,1,-5.37255434397412,LAT2,FOXM1,MEF,Forkhead
1446,13,1,-1.95395552299252,IL18RAP,EGR1,MEF,Zf
915,57,1,2.65031729246716,ERBB3,ZBTB33,MEF,Zf
1385,36,1,-3.20156166711651,HPGD,MAZ,MEF,Zf
2090,32,1,1.48097195977724,OSBPL3,JUND,MEF,bZIP
2403,55,1,-3.781902171091,PYGL,USF2,MEF,bHLH
2992,40,0,-1.59620965406724,TLE2,MYOG,LMC,bHLH
2403,53,1,-3.781902171091,PYGL,TEAD4,MEF,TEA
1199,15,0,1.2217073878264,GLA,ELK1,LMC,ETS
2124,1,0,1.50966522656311,PARK2,ATF2,LMC,bZIP
1908,56,0,2.08094282563137,MYH14,YY1,LMC,Zf
2711,32,1,2.69986497309574,SLC24A2,JUND,MEF,bZIP
1798,23,1,-2.33623835909844,MDK,FOXM1,MEF,Forkhead
589,51,1,-2.54677802260555,CMTM8,TCF12,MEF,bHLH
83,40,0,-2.50381746174834,ADRA1D,MYOG,LMC,bHLH
3000,36,0,2.281316453721,TLR9,MAZ,LMC,Zf
241,50,1,1.15532941828722,ATP1B2,STAT3,MEF,Stat
1105,56,0,-1.06214111443697,FOXP4,YY1,LMC,Zf
2734,15,0,-2.55732246205919,SLC35F2,ELK1,LMC,ETS
2291,46,1,-1.99697349643266,POLE2,RFX5,MEF,HTH
563,43,0,-1.89680998771946,CKAP2L,PAX5,LMC,"Paired,Homeobox"
2343,57,1,-2.24464602061636,PRR11,ZBTB33,MEF,Zf
3172,54,0,2.08686787997543,UNC45B,USF1,LMC,bHLH
793,14,1,-3.6299744403086,DOCK10,ELF1,MEF,ETS
2840,36,1,-2.37049912905105,SPOCD1,MAZ,MEF,Zf
2526,32,1,1.94027712823424,RNF43,JUND,MEF,bZIP
598,46,0,-2.03014294484771,CNR1,RFX5,LMC,HTH
1701,7,0,-1.25291696020209,LRRC3,CTCF,LMC,Zf
2210,47,0,2.04393942709791,PIK3AP1,SP1,LMC,Zf
1123,8,0,1.42329473898804,FTH1,CUX1,LMC,Homeobox
2792,52,0,1.77801894743797,SNHG11,TCF3,LMC,HMG
963,58,1,-2.0774254545086,FAM105A,ZEB1,MEF,Zf
577,19,1,-6.50566616880246,CLEC7A,FOS,MEF,bZIP
2450,35,0,-1.05231333068148,RARG,MAX,LMC,bHLH
2260,11,1,-1.06024887079135,PLK3,E2F6,MEF,E2F
519,2,0,-1.14569791585651,CENPQ,ATF3,LMC,bZIP
3099,6,1,-1.4419627390171,TRERF1,BHLHE40,MEF,bHLH
1747,15,0,2.304021662009,MAL2,ELK1,LMC,ETS
3119,32,1,-1.36963549843397,TRPV2,JUND,MEF,bZIP
2731,36,0,2.75025264644683,SLC32A1,MAZ,LMC,Zf
2819,11,1,2.20003926312882,SP6,E2F6,MEF,E2F
2382,20,0,1.0109676241031,PTPN13,FOSL2,LMC,bZIP
53,5,1,-5.64244157319056,ADAM8,BCL11A,MEF,Zf
752,42,1,1.79135272907089,DGKG,NRF1,MEF,NRF
1357,47,0,-1.81722137187069,HOXA2,SP1,LMC,Zf
3246,47,0,-2.09527544435773,ZAN,SP1,LMC,Zf
1954,14,1,-6.8574630086637,NCF4,ELF1,MEF,ETS
785,55,1,1.17300266617792,DNAJB9,USF2,MEF,bHLH
1641,60,0,-1.00364504616123,LEPREL2,ZNF263,LMC,Zf
1775,43,1,-1.0848607122183,MASTL,PAX5,MEF,"Paired,Homeobox"
217,55,0,-1.57740280110919,ART4,USF2,LMC,bHLH
1436,51,1,-6.8975582995321,IL10RA,TCF12,MEF,bHLH
2868,35,1,-6.62493723827475,STAB1,MAX,MEF,bHLH
2993,11,0,-1.98409674610173,TLE6,E2F6,LMC,E2F
2408,10,0,-1.23672453135472,QSOX1,E2F4,LMC,E2F
138,23,0,-2.36033516397192,ANKLE1,FOXM1,LMC,Forkhead
2786,28,1,-1.24692938914532,SNAI1,HNF4A,MEF,NR
1758,32,0,-2.57018479728734,MAP2,JUND,LMC,bZIP
2498,44,0,-1.3528609573943,RGS9BP,PBX3,LMC,Homeobox
1725,35,0,-1.19060928486906,LURAP1L,MAX,LMC,bHLH
1775,29,1,-1.0848607122183,MASTL,IRF1,MEF,IRF
2255,32,1,-1.47328205872625,PLET1,JUND,MEF,bZIP
1347,48,1,-2.24742323046206,HMMR,SP2,MEF,Zf
370,15,0,1.41914301474303,CASP4,ELK1,LMC,ETS
3073,13,0,-1.41293644589168,TNNT3,EGR1,LMC,Zf
1320,24,1,-2.2017818686725,HCST,GABPA,MEF,ETS
3205,26,1,2.79006826150826,VTCN1,GATA2,MEF,Zf
2365,60,1,-1.75254702820737,PSMB8,ZNF263,MEF,Zf
2126,18,1,-2.22473071504278,PARPBP,FLI1,MEF,ETS
35,43,0,-1.09413388951588,ACSS2,PAX5,LMC,"Paired,Homeobox"
1091,59,0,1.36088279387542,FOLR1,ZKSCAN1,LMC,Zf
2969,10,0,-1.39028771607637,TGFB1I1,E2F4,LMC,E2F
229,24,0,-1.67583306263046,ASPM,GABPA,LMC,ETS
721,25,0,1.68322986154706,CYTH4,GATA1,LMC,Zf
1610,14,0,2.32436310217349,KRT8,ELF1,LMC,ETS
1436,43,0,2.10053679133287,IL10RA,PAX5,LMC,"Paired,Homeobox"
1530,35,1,-1.78300388098409,KCNAB2,MAX,MEF,bHLH
2712,3,0,-1.47026233442064,SLC24A3,BACH1,LMC,bZIP
2964,7,0,1.01587424208926,TFEB,CTCF,LMC,Zf
211,59,1,-2.28244898322072,ARRB2,ZKSCAN1,MEF,Zf
404,1,1,1.13304842911504,CCDC87,ATF2,MEF,bZIP
2272,60,0,1.75820619179074,PLXNA4,ZNF263,LMC,Zf
516,54,1,-2.19308549025505,CENPM,USF1,MEF,bHLH
1993,30,1,1.04031542771177,NIPAL3,IRF3,MEF,IRF
583,12,1,-2.54067501437176,CLSPN,EBF1,MEF,EBF
1582,10,1,1.09834515514093,KIF9,E2F4,MEF,E2F
2273,50,1,-3.13234679377882,PLXNC1,STAT3,MEF,Stat
988,16,1,1.57124127789086,FAM19A3,ELK4,MEF,ETS
1138,6,0,1.17692252323497,GALC,BHLHE40,LMC,bHLH
1014,15,0,1.44493122160936,FAM84B,ELK1,LMC,ETS
1369,53,1,-1.03793502410556,HOXB7,TEAD4,MEF,TEA
1867,51,1,-2.11299464754145,MPPED2,TCF12,MEF,bHLH
252,42,1,-2.3618604739919,AURKB,NRF1,MEF,NRF
2790,13,1,-1.59761294289245,SNCAIP,EGR1,MEF,Zf
3138,42,1,1.12412811035679,TTLL11,NRF1,MEF,NRF
100,43,0,1.80170248274046,AIM1,PAX5,LMC,"Paired,Homeobox"
2486,15,1,-1.63299691602119,RET,ELK1,MEF,ETS
157,17,1,-1.33125587638172,APBA1,ETS1,MEF,ETS
824,32,0,1.94903719877526,DUSP13,JUND,LMC,bZIP
92,55,1,-2.24538367066062,AGT,USF2,MEF,bHLH
1273,7,0,-2.09482730247396,GRASP,CTCF,LMC,Zf
2784,7,0,1.22877430824847,SMPDL3A,CTCF,LMC,Zf
2159,0,1,-3.50441248789813,PCSK9,ATF1,MEF,bZIP
1389,20,0,1.32986655856299,HRH1,FOSL2,LMC,bZIP
3152,26,0,-1.21560557967585,TVP23A,GATA2,LMC,Zf
2066,56,0,3.30640724155641,NXPH3,YY1,LMC,Zf
1478,21,0,2.17765625314758,IRF8,FOXA1,LMC,Forkhead
2156,7,0,1.93797423240685,PCP4L1,CTCF,LMC,Zf
1057,14,1,1.78106399854373,FGF9,ELF1,MEF,ETS
254,47,0,3.56926736392585,AXIN2,SP1,LMC,Zf
1566,39,1,-2.45701413877743,KIF11,MYB,MEF,HTH
492,29,0,-1.4240874662344,CDKL1,IRF1,LMC,IRF
2026,56,0,-1.81031662538622,NPR3,YY1,LMC,Zf
2007,40,1,2.04830921986079,NMNAT2,MYOG,MEF,bHLH
493,13,1,2.49945734223034,CDKL4,EGR1,MEF,Zf
2439,9,1,-1.16961792333877,RALGPS2,E2F1,MEF,E2F
2516,32,0,1.27327767420977,RNF128,JUND,LMC,bZIP
2747,24,0,1.18552058951319,SLC44A1,GABPA,LMC,ETS
2005,24,1,-1.77461700519955,NME2,GABPA,MEF,ETS
1542,24,0,2.07201257474795,KCNIP2,GABPA,LMC,ETS
384,33,0,-1.17409117648331,CCDC116,MAFF,LMC,bZIP
3058,34,1,-2.98966494538782,TNFRSF11A,MAFK,MEF,bZIP
2397,14,1,1.13740473668341,PTTG1,ELF1,MEF,ETS
2436,4,1,-1.79053346769838,RAD54L,BATF,MEF,bZIP
1920,20,1,-2.36359696827046,MYO1B,FOSL2,MEF,bZIP
2317,22,1,-1.34514921030394,PPP1R3E,FOXA2,MEF,Forkhead
2239,20,0,2.29842766167995,PLCE1,FOSL2,LMC,bZIP
2451,50,0,-1.70961630127587,RARRES1,STAT3,LMC,Stat
2287,51,1,1.03731658943426,PODXL2,TCF12,MEF,bHLH
650,42,1,-2.94835882788418,CREG2,NRF1,MEF,NRF
771,7,1,1.05334027313876,DMD,CTCF,MEF,Zf
3068,7,0,3.25609460814234,TNNI1,CTCF,LMC,Zf
2694,10,0,1.20649329449766,SLC16A10,E2F4,LMC,E2F
3250,36,1,-2.39119811761079,ZC3HAV1L,MAZ,MEF,Zf
2013,47,0,-2.48424313020357,NOL4,SP1,LMC,Zf
1595,53,0,1.13384115292525,KLHL30,TEAD4,LMC,TEA
3037,20,0,2.40178678373866,TMEM255A,FOSL2,LMC,bZIP
501,56,1,-1.54134144871183,CDT1,YY1,MEF,Zf
2623,2,1,1.52073728267155,SERPINB8,ATF3,MEF,bZIP
1999,13,1,2.51821533486438,NLGN1,EGR1,MEF,Zf
212,27,1,1.23030270494439,ARRDC3,GATA3,MEF,Zf
2564,24,1,-1.20488236911413,S1PR2,GABPA,MEF,ETS
3145,35,1,-1.32949754920419,TUBA1B,MAX,MEF,bHLH
812,14,0,-1.43091036435471,DRAXIN,ELF1,LMC,ETS
1368,32,1,-1.53051207799042,HOXB6,JUND,MEF,bZIP
1875,26,0,1.75073530720266,MROH2A,GATA2,LMC,Zf
2018,54,1,3.27657972227678,NOTUM,USF1,MEF,bHLH
1277,8,1,3.21200492818692,GRHL1,CUX1,MEF,Homeobox
1933,14,1,-3.07995538654105,NAALAD2,ELF1,MEF,ETS
1695,33,1,-2.32937255466157,LRR1,MAFF,MEF,bZIP
2713,32,0,2.66453278187426,SLC24A5,JUND,LMC,bZIP
3173,36,0,-2.17040762162805,UNC5C,MAZ,LMC,Zf
323,56,1,1.57648450507266,C1GALT1,YY1,MEF,Zf
2535,49,1,-4.82573886284107,RPS16,STAT1,MEF,Stat
539,42,1,1.26861129299302,CHCHD10,NRF1,MEF,NRF
2817,12,1,-3.90528190954929,SP140,EBF1,MEF,EBF
206,29,0,1.03464648404982,ARL4C,IRF1,LMC,IRF
1287,36,1,1.58987282207022,GRIN3A,MAZ,MEF,Zf
3046,33,0,2.28932160921148,TMEM59L,MAFF,LMC,bZIP
2812,21,1,1.62440533771167,SOX5,FOXA1,MEF,Forkhead
4,35,0,1.30531618728564,AATK,MAX,LMC,bHLH
521,37,1,-1.47290606283231,CENPU,MEF2A,MEF,MADS
2676,31,1,-2.10780532461424,SKA1,IRF4,MEF,IRF
690,46,0,1.26035094666073,CTSO,RFX5,LMC,HTH
2765,20,1,-1.43101148114046,SLC9B2,FOSL2,MEF,bZIP
3097,25,0,2.5661717834217,TREML2,GATA1,LMC,Zf
1424,15,1,-2.50962771157605,IGFBP6,ELK1,MEF,ETS
60,56,1,1.65398276162516,ADAMTS20,YY1,MEF,Zf
715,43,1,1.4558525131314,CYP1B1,PAX5,MEF,"Paired,Homeobox"
1879,15,1,-8.84349682711062,MS4A7,ELK1,MEF,ETS
635,56,1,1.78867113327481,COX6B2,YY1,MEF,Zf
65,56,1,-1.53401258580735,ADAMTSL2,YY1,MEF,Zf
1362,6,0,-1.87218077993602,HOXA7,BHLHE40,LMC,bHLH
3167,36,1,-2.95782767929237,UHRF1,MAZ,MEF,Zf
3199,54,1,1.16338139694328,VKORC1,USF1,MEF,bHLH
1658,34,1,2.73837035291604,LIMCH1,MAFK,MEF,bZIP
1388,51,0,1.36297557427342,HRASLS,TCF12,LMC,bHLH
373,23,0,1.10520537115312,CAT,FOXM1,LMC,Forkhead
1854,50,1,1.14884922719793,MMP28,STAT3,MEF,Stat
563,32,1,-3.27232018490678,CKAP2L,JUND,MEF,bZIP
1612,19,1,-1.20250157496329,KYNU,FOS,MEF,bZIP
3114,57,1,-3.24269386734528,TROAP,ZBTB33,MEF,Zf
562,34,1,-1.19186288493783,CKAP2,MAFK,MEF,bZIP
1577,21,1,-1.29232054600738,KIF27,FOXA1,MEF,Forkhead
30,7,0,1.62716198902984,ACOT4,CTCF,LMC,Zf
62,1,1,-1.74379178598136,ADAMTS6,ATF2,MEF,bZIP
1610,35,0,2.32436310217349,KRT8,MAX,LMC,bHLH
623,2,0,-1.19753259376575,COL7A1,ATF3,LMC,bZIP
1461,25,0,-1.27116199450646,IMPDH1,GATA1,LMC,Zf
400,47,0,-1.11019254428826,CCDC68,SP1,LMC,Zf
130,43,0,1.29730400043359,AMZ1,PAX5,LMC,"Paired,Homeobox"
2957,36,0,2.25325284092505,TESC,MAZ,LMC,Zf
2956,55,1,-1.24477364143721,TERT,USF2,MEF,bHLH
2798,32,1,-4.38692587031083,SNX20,JUND,MEF,bZIP
2220,14,1,8.27504423830746,PITX1,ELF1,MEF,ETS
1609,7,0,2.05229480885656,KRT7,CTCF,LMC,Zf
61,33,1,-2.36338946514307,ADAMTS4,MAFF,MEF,bZIP
1323,36,1,-1.27285316107792,HEG1,MAZ,MEF,Zf
268,51,0,-1.07278561871818,BAIAP2,TCF12,LMC,bHLH
2995,19,0,2.13448467006782,TLR1,FOS,LMC,bZIP
1942,32,1,-1.55591983472533,NAV1,JUND,MEF,bZIP
675,43,1,1.81665941367866,CST3,PAX5,MEF,"Paired,Homeobox"
2337,35,0,1.66170836484508,PRKCH,MAX,LMC,bHLH
3151,50,1,1.63583562988891,TULP2,STAT3,MEF,Stat
490,36,1,-1.01868372437041,CDK2,MAZ,MEF,Zf
3043,51,1,-2.86541431803902,TMEM51,TCF12,MEF,bHLH
2837,1,1,2.79424421339717,SPINT2,ATF2,MEF,bZIP
1461,53,0,-1.27116199450646,IMPDH1,TEAD4,LMC,TEA
930,46,0,-1.38675971936181,EVA1A,RFX5,LMC,HTH
2171,14,0,-2.44644168629595,PDE9A,ELF1,LMC,ETS
2370,32,1,1.7110711107885,PTGDR2,JUND,MEF,bZIP
2739,41,0,1.07554724816405,SLC39A10,NANOG,LMC,Homeobox
1264,32,0,1.81093622762232,GPR88,JUND,LMC,bZIP
2887,24,1,-1.50835202317038,STMN1,GABPA,MEF,ETS
2346,35,0,-1.3795532470091,PRR16,MAX,LMC,bHLH
2852,34,0,-1.40595160073724,SRD5A1,MAFK,LMC,bZIP
835,10,0,-1.62654006826296,E2F7,E2F4,LMC,E2F
2911,41,0,1.17809138778285,SYNE2,NANOG,LMC,Homeobox
125,57,1,1.0675509191686,AMD1,ZBTB33,MEF,Zf
1206,24,0,-1.22411901217889,GLIS3,GABPA,LMC,ETS
2024,6,1,-1.06631322407724,NPL,BHLHE40,MEF,bHLH
2602,22,0,-1.01056989133208,SEC16B,FOXA2,LMC,Forkhead
1720,6,0,-2.12555056976554,LTBP1,BHLHE40,LMC,bHLH
384,3,0,-1.17409117648331,CCDC116,BACH1,LMC,bZIP
2092,59,0,1.14671967907741,OSGIN1,ZKSCAN1,LMC,Zf
2382,40,0,1.0109676241031,PTPN13,MYOG,LMC,bHLH
367,52,1,-2.58951555677959,CASC5,TCF3,MEF,HMG
11,53,0,1.68764813236608,ABCC3,TEAD4,LMC,TEA
645,44,1,2.28998351004863,CRABP2,PBX3,MEF,Homeobox
2857,50,0,-1.06293551098304,SSC5D,STAT3,LMC,Stat
441,50,1,-4.20187463759613,CD300A,STAT3,MEF,Stat
865,3,1,-1.68230309894262,EFS,BACH1,MEF,bZIP
2930,21,0,-1.81567322039661,TACR1,FOXA1,LMC,Forkhead
2474,34,0,1.67443314376631,RBP4,MAFK,LMC,bZIP
2793,31,1,1.50122491579436,SNHG12,IRF4,MEF,IRF
1134,42,1,1.66607627757713,GABRB3,NRF1,MEF,NRF
2681,49,1,-3.69067270048295,SLAMF7,STAT1,MEF,Stat
2965,6,1,-1.78231377699111,TFPI,BHLHE40,MEF,bHLH
838,24,1,1.09105532919989,EAF2,GABPA,MEF,ETS
2742,14,0,1.46235789888807,SLC39A8,ELF1,LMC,ETS
1954,52,1,-6.8574630086637,NCF4,TCF3,MEF,HMG
624,20,0,1.14347278913076,COL8A2,FOSL2,LMC,bZIP
1966,13,0,2.21733391046047,NEBL,EGR1,LMC,Zf
2275,43,1,2.39521871662444,PM20D2,PAX5,MEF,"Paired,Homeobox"
1015,13,1,-2.36954301173742,FANCA,EGR1,MEF,Zf
2328,16,0,1.68357693735779,PRDX1,ELK4,LMC,ETS
2938,36,1,1.88676760580032,TBX18,MAZ,MEF,Zf
1709,51,0,1.32131748501531,LRRN2,TCF12,LMC,bHLH
2658,3,1,-2.88909226113325,SHC2,BACH1,MEF,bZIP
2716,34,1,-1.50394993507876,SLC25A45,MAFK,MEF,bZIP
1307,44,0,-1.36464889595292,H1FX,PBX3,LMC,Homeobox
1990,7,0,-1.75275991863876,NID1,CTCF,LMC,Zf
2311,14,0,2.41960817570328,PPM1N,ELF1,LMC,ETS
658,14,1,1.70454579044603,CRNDE,ELF1,MEF,ETS
526,51,0,-1.55044439537775,CEP72,TCF12,LMC,bHLH
1344,10,0,-1.06304399815731,HMGCS1,E2F4,LMC,E2F
368,59,1,1.37737825561998,CASKIN1,ZKSCAN1,MEF,Zf
2168,41,0,-1.54705845470902,PDE4B,NANOG,LMC,Homeobox
1458,47,1,1.93262111717397,IL7,SP1,MEF,Zf
947,26,0,1.10560629387605,F11R,GATA2,LMC,Zf
2192,33,1,-1.0880143489174,PFKFB4,MAFF,MEF,bZIP
1462,42,1,2.07818258031835,INA,NRF1,MEF,NRF
662,15,1,3.51310919146917,CRYM,ELK1,MEF,ETS
1473,50,0,-1.8654937653887,IQGAP3,STAT3,LMC,Stat
2950,22,1,-1.66854097421248,TCIRG1,FOXA2,MEF,Forkhead
3016,1,1,1.16688239476946,TMEM151A,ATF2,MEF,bZIP
78,60,0,-1.84533616269219,ADM,ZNF263,LMC,Zf
1160,6,0,1.77701450525283,GBP6,BHLHE40,LMC,bHLH
2009,53,0,-1.71425171273223,NNAT,TEAD4,LMC,TEA
2277,34,1,-1.67266293787219,PMF1,MAFK,MEF,bZIP
2763,21,0,-1.37580388005319,SLC9A5,FOXA1,LMC,Forkhead
2678,13,1,-1.35194087586138,SKP2,EGR1,MEF,Zf
1044,18,1,-5.35759327366017,FERMT3,FLI1,MEF,ETS
1419,8,0,-1.21569532165632,IGF2BP1,CUX1,LMC,Homeobox
1350,15,1,1.03869489764224,HNMT,ELK1,MEF,ETS
2991,13,0,-1.39196377773408,TLCD1,EGR1,LMC,Zf
1798,45,1,-2.33623835909844,MDK,PRDM1,MEF,Zf
452,27,1,1.10534625992499,CD55,GATA3,MEF,Zf
2588,3,0,-1.2295984538184,SCN3B,BACH1,LMC,bZIP
1808,13,0,-1.82115918803008,MELK,EGR1,LMC,Zf
1232,10,1,2.4986859999998,GPM6B,E2F4,MEF,E2F
1904,42,1,-1.32345277777374,MYCL,NRF1,MEF,NRF
3051,51,1,1.32077569485417,TMX2,TCF12,MEF,bHLH
1718,14,0,1.49200153198622,LSR,ELF1,LMC,ETS
1901,47,1,1.12093207460751,MYBL1,SP1,MEF,Zf
2649,2,1,-2.03793912517393,SH3BP2,ATF3,MEF,bZIP
561,40,1,2.25513078197246,CITED4,MYOG,MEF,bHLH
729,7,0,-2.11502159319182,DCC,CTCF,LMC,Zf
831,2,1,1.24284518660575,DYNC2LI1,ATF3,MEF,bZIP
3122,46,0,-1.24389385987994,TSHZ2,RFX5,LMC,HTH
2248,7,1,1.63188489778177,PLEKHA7,CTCF,MEF,Zf
667,3,1,3.64374267201805,CSMD1,BACH1,MEF,bZIP
2248,57,0,1.09603278515227,PLEKHA7,ZBTB33,LMC,Zf
963,27,1,-2.0774254545086,FAM105A,GATA3,MEF,Zf
1499,50,0,1.62077196013722,ITGB4,STAT3,LMC,Stat
2970,57,0,-1.58578942419484,TGFB2,ZBTB33,LMC,Zf
2491,13,0,1.19790789367107,RGS10,EGR1,LMC,Zf
515,30,1,-1.48399593144254,CENPK,IRF3,MEF,IRF
173,56,0,4.20904927163551,AQP5,YY1,LMC,Zf
1495,8,1,-5.98637247489995,ITGAL,CUX1,MEF,Homeobox
1925,55,1,1.94094472616554,MYO5C,USF2,MEF,bHLH
1869,21,0,2.08806184820025,MPZL2,FOXA1,LMC,Forkhead
2292,19,1,-1.55535313200542,POLQ,FOS,MEF,bZIP
3187,14,1,-1.16461380481226,VASH2,ELF1,MEF,ETS
2688,50,0,2.79969545867571,SLC13A4,STAT3,LMC,Stat
654,2,0,-2.86949451688048,CRISPLD1,ATF3,LMC,bZIP
1783,26,1,-1.39828248423787,MCAM,GATA2,MEF,Zf
343,27,0,2.00940314934979,CACNA1S,GATA3,LMC,Zf
2814,2,0,-1.17069604188716,SOX8,ATF3,LMC,bZIP
417,32,1,-1.86461902028447,CCL7,JUND,MEF,bZIP
1696,56,1,-1.70193316483449,LRRC15,YY1,MEF,Zf
1041,51,0,2.58175500091564,FCGR2B,TCF12,LMC,bHLH
2496,56,0,-1.87567434541817,RGS5,YY1,LMC,Zf
1926,35,0,-1.89447926692532,MYOCD,MAX,LMC,bHLH
1952,43,1,-5.99503819953463,NCF1,PAX5,MEF,"Paired,Homeobox"
953,25,1,1.08611680455142,FAAH,GATA1,MEF,Zf
264,51,1,-1.12777061966967,B4GALT5,TCF12,MEF,bHLH
1727,50,0,-1.8059852208024,LY75,STAT3,LMC,Stat
203,12,1,-5.6908155229685,ARL11,EBF1,MEF,EBF
1495,43,0,2.79700636427882,ITGAL,PAX5,LMC,"Paired,Homeobox"
1037,27,1,-1.67210055541033,FBXO48,GATA3,MEF,Zf
1251,13,0,1.76957591739304,GPR183,EGR1,LMC,Zf
1146,34,0,-1.44526325705322,GAMT,MAFK,LMC,bZIP
1660,49,0,-1.13226619033388,LIMK1,STAT1,LMC,Stat
1642,32,0,1.33464910250215,LFNG,JUND,LMC,bZIP
1016,26,1,-1.82219618288015,FANCD2,GATA2,MEF,Zf
222,23,1,-1.57264948899565,ASB2,FOXM1,MEF,Forkhead
236,33,0,1.40075052291978,ATG9B,MAFF,LMC,bZIP
3059,46,1,2.9543937762288,TNFRSF11B,RFX5,MEF,HTH
150,52,1,-1.50638570003123,ANXA4,TCF3,MEF,HMG
854,21,1,-1.88598600687672,EEPD1,FOXA1,MEF,Forkhead
134,46,1,1.16548731041712,ANGPTL6,RFX5,MEF,HTH
2448,12,0,2.22147827010398,RAPGEF5,EBF1,LMC,EBF
871,47,0,1.23036636468725,EGR1,SP1,LMC,Zf
555,27,1,1.80769993725996,CHST7,GATA3,MEF,Zf
1096,40,1,1.41335220878963,FOXC2,MYOG,MEF,bHLH
1286,35,0,-1.01419206036827,GRIN2D,MAX,LMC,bHLH
495,7,1,1.14494216247271,CDKN2B,CTCF,MEF,Zf
2956,6,0,-1.2224837088738,TERT,BHLHE40,LMC,bHLH
2456,46,1,2.20941304813027,RASGRF1,RFX5,MEF,HTH
1606,36,0,1.72988866215431,KRT18,MAZ,LMC,Zf
591,26,1,-1.3326909212293,CNDP2,GATA2,MEF,Zf
122,40,1,-1.29951416309328,ALX1,MYOG,MEF,bHLH
1367,51,1,-1.31016420018754,HOXB5,TCF12,MEF,bHLH
2742,6,0,1.46235789888807,SLC39A8,BHLHE40,LMC,bHLH
2126,46,0,-1.97498954069546,PARPBP,RFX5,LMC,HTH
675,6,1,1.81665941367866,CST3,BHLHE40,MEF,bHLH
3056,23,1,-5.5076948580677,TNFAIP8L2,FOXM1,MEF,Forkhead
845,2,0,1.22622352031544,ECM1,ATF3,LMC,bZIP
377,36,0,-1.18392674086099,CBS,MAZ,LMC,Zf
1112,53,0,2.91474430165556,FRMD7,TEAD4,LMC,TEA
3083,27,1,1.05224662846561,TPD52L1,GATA3,MEF,Zf
1447,34,1,1.07032797522475,IL1A,MAFK,MEF,bZIP
2643,29,1,-1.11397899521332,SH2B2,IRF1,MEF,IRF
188,6,1,-3.66341907785109,ARHGAP4,BHLHE40,MEF,bHLH
837,23,0,1.07010132496993,EAF1,FOXM1,LMC,Forkhead
1659,51,1,-1.54335975944952,LIMD2,TCF12,MEF,bHLH
2020,11,1,-1.95871154049572,NPAS2,E2F6,MEF,E2F
3197,11,0,2.62564068851822,VILL,E2F6,LMC,E2F
2257,54,1,1.7328469073419,PLIN4,USF1,MEF,bHLH
142,44,1,-1.0540168366728,ANKRD37,PBX3,MEF,Homeobox
2062,42,1,1.63762482263353,NWD1,NRF1,MEF,NRF
464,46,0,-1.03127844924857,CD97,RFX5,LMC,HTH
681,46,0,1.05733599739823,CTNNAL1,RFX5,LMC,HTH
1778,14,0,-3.21531392164049,MATN3,ELF1,LMC,ETS
465,58,0,-2.11602648113733,CDC20,ZEB1,LMC,Zf
2117,1,0,1.56486422796894,PAMR1,ATF2,LMC,bZIP
2714,26,1,2.39566497248346,SLC25A21,GATA2,MEF,Zf
3265,40,1,-1.29404265522408,ZRANB3,MYOG,MEF,bHLH
1383,29,0,3.90815789057665,HPCAL4,IRF1,LMC,IRF
3131,42,1,1.27435443550284,TSPYL5,NRF1,MEF,NRF
517,57,1,-2.11372772987596,CENPN,ZBTB33,MEF,Zf
1733,60,1,1.10498032103892,LYRM1,ZNF263,MEF,Zf
1598,35,1,3.39736452764113,KLHL40,MAX,MEF,bHLH
62,8,0,-1.72005964675759,ADAMTS6,CUX1,LMC,Homeobox
396,50,1,1.16001064184712,CCDC39,STAT3,MEF,Stat
416,6,0,1.98389732052928,CCL5,BHLHE40,LMC,bHLH
750,23,1,2.63759907266197,DERL3,FOXM1,MEF,Forkhead
1472,4,0,1.94194700583555,IQGAP2,BATF,LMC,bZIP
1792,50,1,-5.09340625018667,MCOLN2,STAT3,MEF,Stat
2262,53,1,1.36115254292874,PLLP,TEAD4,MEF,TEA
957,35,0,-1.29344841963756,FADS2,MAX,LMC,bHLH
1237,44,0,-1.09288268752416,GPR125,PBX3,LMC,Homeobox
1047,14,1,-4.65417614897977,FGD2,ELF1,MEF,ETS
123,24,1,3.14711245456921,ALX3,GABPA,MEF,ETS
3254,33,1,1.00000841304495,ZFP2,MAFF,MEF,bZIP
2495,27,0,-3.38099478215983,RGS4,GATA3,LMC,Zf
1486,50,1,-1.13969524110321,ISYNA1,STAT3,MEF,Stat
3196,59,0,1.2710275457951,VGF,ZKSCAN1,LMC,Zf
706,32,1,1.17172577203364,CXXC5,JUND,MEF,bZIP
2777,4,0,1.33467085489491,SMARCA2,BATF,LMC,bZIP
927,53,1,1.40396646353209,ESYT3,TEAD4,MEF,TEA
840,14,1,-1.61717204304951,EBF2,ELF1,MEF,ETS
349,3,0,1.27751062385433,CADM2,BACH1,LMC,bZIP
1150,50,1,1.20650960697518,GAS1,STAT3,MEF,Stat
2478,23,0,-1.05749006064145,RCN1,FOXM1,LMC,Forkhead
173,32,1,4.73221503896739,AQP5,JUND,MEF,bZIP
1360,15,0,-1.54813321757871,HOXA5,ELK1,LMC,ETS
510,55,1,-3.04371144390706,CENPA,USF2,MEF,bHLH
3250,13,1,-2.39119811761079,ZC3HAV1L,EGR1,MEF,Zf
1592,52,1,3.37424913401424,KLHDC7A,TCF3,MEF,HMG
222,43,1,-1.57264948899565,ASB2,PAX5,MEF,"Paired,Homeobox"
764,35,1,-2.77861016108699,DLGAP5,MAX,MEF,bHLH
254,29,1,3.22012132624262,AXIN2,IRF1,MEF,IRF
307,8,1,-1.18056924901314,BOK,CUX1,MEF,Homeobox
425,40,0,-2.59543354538128,CCNJL,MYOG,LMC,bHLH
16,50,1,-2.05030147335999,ABHD15,STAT3,MEF,Stat
2660,17,1,-2.91155511354678,SHCBP1,ETS1,MEF,ETS
1864,10,1,-1.10976590286922,MOV10,E2F4,MEF,E2F
759,54,0,-1.00993525857208,DIXDC1,USF1,LMC,bHLH
2595,60,1,2.67484215231946,SCUBE3,ZNF263,MEF,Zf
306,14,0,1.70770261281285,BNC1,ELF1,LMC,ETS
1346,15,1,-2.7170715453491,HMHA1,ELK1,MEF,ETS
2650,40,0,-1.41611481325977,SH3GL3,MYOG,LMC,bHLH
652,35,0,1.38975973373905,CRIP1,MAX,LMC,bHLH
1706,25,1,1.25254450235524,LRRC75B,GATA1,MEF,Zf
1618,13,1,2.02536886419006,LAMA5,EGR1,MEF,Zf
1578,3,1,-2.99731913601115,KIF2C,BACH1,MEF,bZIP
202,12,1,1.01188481943622,ARID5A,EBF1,MEF,EBF
1955,25,1,-8.00620334637104,NCKAP1L,GATA1,MEF,Zf
2655,36,0,2.50847805266977,SHANK1,MAZ,LMC,Zf
2077,44,1,-1.47688569810634,OIP5,PBX3,MEF,Homeobox
1671,7,1,-4.97271807661149,LMO2,CTCF,MEF,Zf
591,6,1,-1.3326909212293,CNDP2,BHLHE40,MEF,bHLH
652,34,1,-3.38353739041147,CRIP1,MAFK,MEF,bZIP
2924,50,1,2.47982892076231,SYTL3,STAT3,MEF,Stat
1487,7,0,-2.07742596470371,ITGA1,CTCF,LMC,Zf
2000,46,0,1.5370079637518,NLRC3,RFX5,LMC,HTH
469,16,0,-1.08880876245464,CDC42EP4,ELK4,LMC,ETS
1433,35,1,-5.31673355480913,IKZF1,MAX,MEF,bHLH
936,32,1,-2.52360441550634,EXO1,JUND,MEF,bZIP
1970,40,0,-1.56249356356483,NEK2,MYOG,LMC,bHLH
218,22,0,-1.31210114322349,ARTN,FOXA2,LMC,Forkhead
1860,50,0,1.38247263631652,MOCOS,STAT3,LMC,Stat
280,48,1,-1.11309358236636,BCL2L11,SP2,MEF,Zf
2413,0,0,1.25384032758568,RAB20,ATF1,LMC,bZIP
2786,34,1,-1.24692938914532,SNAI1,MAFK,MEF,bZIP
329,54,1,-1.04984739740468,C1QTNF6,USF1,MEF,bHLH
1045,58,1,-2.12857218736207,FES,ZEB1,MEF,Zf
23,34,0,-1.05465921556064,ACAT2,MAFK,LMC,bZIP
422,42,0,-1.97026365602147,CCNB2,NRF1,LMC,NRF
2707,26,1,2.19840937160401,SLC1A3,GATA2,MEF,Zf
1170,56,0,1.49057734201588,GDA,YY1,LMC,Zf
2894,2,0,-1.08669475308731,STX1A,ATF3,LMC,bZIP
1237,49,0,-1.09288268752416,GPR125,STAT1,LMC,Stat
403,1,1,1.62541196358019,CCDC80,ATF2,MEF,bZIP
46,40,1,-3.15499513971165,ADAM12,MYOG,MEF,bHLH
1945,32,1,2.03588974200988,NCAM2,JUND,MEF,bZIP
2158,46,1,-1.37532100384082,PCSK5,RFX5,MEF,HTH
1002,33,0,-1.07799221381173,FAM57A,MAFF,LMC,bZIP
2828,21,1,-1.31206755500198,SPDL1,FOXA1,MEF,Forkhead
1633,36,1,3.58062266510617,LCTL,MAZ,MEF,Zf
3159,7,0,1.22413823602443,UBASH3B,CTCF,LMC,Zf
1586,52,0,-1.05305185057136,KISS1R,TCF3,LMC,HMG
1386,17,1,-6.01464127600366,HPGDS,ETS1,MEF,ETS
2195,17,1,-1.52699493814119,PGAP1,ETS1,MEF,ETS
1335,47,1,1.04156670706997,HIST1H1C,SP1,MEF,Zf
3052,11,0,-2.13258332756109,TNC,E2F6,LMC,E2F
1530,4,1,-1.78300388098409,KCNAB2,BATF,MEF,bZIP
1778,43,1,-2.7356980513191,MATN3,PAX5,MEF,"Paired,Homeobox"
1884,47,1,-1.01986887113406,MSRA,SP1,MEF,Zf
1554,7,1,-1.74879156530137,KCNMA1,CTCF,MEF,Zf
2549,50,0,-2.05581505638442,RTKN2,STAT3,LMC,Stat
3015,49,0,1.30655408629672,TMEM140,STAT1,LMC,Stat
2432,43,1,-1.5926751107119,RAD51AP1,PAX5,MEF,"Paired,Homeobox"
251,1,0,-1.43327827973312,AURKA,ATF2,LMC,bZIP
565,10,0,-1.00847937566147,CKS1B,E2F4,LMC,E2F
1865,12,1,1.14781830061223,MPC1,EBF1,MEF,EBF
2119,19,0,1.63901381088849,PAPLN,FOS,LMC,bZIP
2601,44,1,1.00843762708864,SEC14L5,PBX3,MEF,Homeobox
1267,35,0,-2.02246298759905,GPRIN3,MAX,LMC,bHLH
1588,13,0,-2.56633169713976,KLF12,EGR1,LMC,Zf
893,42,1,1.05417125614623,ENDOD1,NRF1,MEF,NRF
2057,17,1,-2.89490675475079,NUF2,ETS1,MEF,ETS
2109,10,0,-1.8177228835142,PACSIN3,E2F4,LMC,E2F
2067,51,1,-1.33624171038596,NXPH4,TCF12,MEF,bHLH
873,44,0,2.31733348486408,EGR3,PBX3,LMC,Homeobox
2817,7,1,-3.90528190954929,SP140,CTCF,MEF,Zf
1139,10,1,-2.53046737953062,GALNT12,E2F4,MEF,E2F
685,56,0,1.40081145363371,CTSD,YY1,LMC,Zf
1037,60,1,-1.67210055541033,FBXO48,ZNF263,MEF,Zf
2678,7,1,-1.35194087586138,SKP2,CTCF,MEF,Zf
1957,1,0,-1.64466006634202,NDC80,ATF2,LMC,bZIP
1388,3,0,1.36297557427342,HRASLS,BACH1,LMC,bZIP
3176,11,1,-3.54813444764473,UNC93B1,E2F6,MEF,E2F
484,54,1,-1.7228499073708,CDH24,USF1,MEF,bHLH
1573,17,1,-1.71237492328591,KIF22,ETS1,MEF,ETS
2383,46,1,-3.4084277039216,PTPN18,RFX5,MEF,HTH
598,6,0,-2.03014294484771,CNR1,BHLHE40,LMC,bHLH
3185,47,1,-6.8978318096904,UTY,SP1,MEF,Zf
1655,54,1,-1.4939244371639,LIG1,USF1,MEF,bHLH
2795,35,0,1.18391174334233,SNTA1,MAX,LMC,bHLH
3153,7,0,-2.45828596879432,TWIST2,CTCF,LMC,Zf
734,53,1,-1.08456438928809,DCTD,TEAD4,MEF,TEA
675,46,1,1.81665941367866,CST3,RFX5,MEF,HTH
1375,59,1,-1.06303572888616,HOXC6,ZKSCAN1,MEF,Zf
2817,12,1,-3.90528190954929,SP140,EBF1,MEF,EBF
2433,47,1,-1.42510897946263,RAD51B,SP1,MEF,Zf
728,10,0,-1.08951110478474,DCBLD1,E2F4,LMC,E2F
1914,11,0,-1.36772091134983,MYLK,E2F6,LMC,E2F
1613,10,0,2.4317777613676,LAD1,E2F4,LMC,E2F
344,32,1,1.08372823415031,CACNA2D2,JUND,MEF,bZIP
1245,54,0,1.73666532474954,GPR157,USF1,LMC,bHLH
275,51,0,2.08542669283767,BCAR3,TCF12,LMC,bHLH
2280,7,0,-1.56490852505316,PNCK,CTCF,LMC,Zf
1076,58,1,-1.15274787806897,FLNA,ZEB1,MEF,Zf
1380,55,0,2.66649461859052,HOXD8,USF2,LMC,bHLH
236,7,1,1.51918637169266,ATG9B,CTCF,MEF,Zf
3017,59,0,-1.65296530555716,TMEM151B,ZKSCAN1,LMC,Zf
744,13,1,-3.45003810797919,DEGS2,EGR1,MEF,Zf
1912,6,0,-2.08049231209731,MYL9,BHLHE40,LMC,bHLH
2786,54,1,-1.24692938914532,SNAI1,USF1,MEF,bHLH
2060,10,0,-1.29534952869874,NUP62CL,E2F4,LMC,E2F
226,7,1,-2.12606281183785,ASF1B,CTCF,MEF,Zf
2337,3,1,-3.36819154841887,PRKCH,BACH1,MEF,bZIP
1536,12,0,1.79193587062869,KCND2,EBF1,LMC,EBF
2694,40,0,1.20649329449766,SLC16A10,MYOG,LMC,bHLH
2319,27,1,2.1115367325484,PPP1R9A,GATA3,MEF,Zf
993,1,0,1.37308235035012,FAM213A,ATF2,LMC,bZIP
1905,25,1,3.54503860572422,MYCT1,GATA1,MEF,Zf
965,27,0,1.18276298742452,FAM110C,GATA3,LMC,Zf
620,13,0,-1.59643801588657,COL5A1,EGR1,LMC,Zf
1821,43,0,-1.90973057974715,MFSD2A,PAX5,LMC,"Paired,Homeobox"
2514,53,1,-1.74471386833564,RNASEL,TEAD4,MEF,TEA
1157,60,0,1.09836704488983,GATA6,ZNF263,LMC,Zf
585,27,1,1.8285992255709,CLU,GATA3,MEF,Zf
642,56,1,-1.81086800991375,CPXM1,YY1,MEF,Zf
1501,4,1,-1.45200703686311,ITGB7,BATF,MEF,bZIP
1844,3,0,-1.20694560179771,MMP11,BACH1,LMC,bZIP
2279,57,0,-1.11779213875948,PMVK,ZBTB33,LMC,Zf
550,13,0,-1.34774632476218,CHRNA7,EGR1,LMC,Zf
1145,13,1,-8.0966931751527,GALNT6,EGR1,MEF,Zf
2781,60,1,-3.91826530944562,SMOC2,ZNF263,MEF,Zf
2100,15,1,-2.24121421422867,P2RX7,ELK1,MEF,ETS
2330,42,1,-1.38610302093725,PREX1,NRF1,MEF,NRF
2365,43,0,1.68072424225585,PSMB8,PAX5,LMC,"Paired,Homeobox"
2662,60,1,1.55119689358423,SHISA2,ZNF263,MEF,Zf
2257,40,1,1.7328469073419,PLIN4,MYOG,MEF,bHLH
2823,54,1,-1.90326262296788,SPAG5,USF1,MEF,bHLH
1163,13,0,2.62029779584361,GCH1,EGR1,LMC,Zf
399,56,1,2.3751815801806,CCDC65,YY1,MEF,Zf
2671,32,0,-3.85796672875105,SIM2,JUND,LMC,bZIP
2727,32,0,-3.11197659189262,SLC2A4,JUND,LMC,bZIP
3250,14,1,-2.39119811761079,ZC3HAV1L,ELF1,MEF,ETS
1234,11,0,2.33921985430141,GPR115,E2F6,LMC,E2F
1466,4,1,-6.8335510393848,INPP5D,BATF,MEF,bZIP
1335,5,1,1.04156670706997,HIST1H1C,BCL11A,MEF,Zf
2445,7,0,-1.42521599787479,RAP1GAP2,CTCF,LMC,Zf
3026,56,0,1.20604148876069,TMEM180,YY1,LMC,Zf
683,32,0,1.6376764867435,CTSB,JUND,LMC,bZIP
2583,48,1,-1.9243825304513,SCML2,SP2,MEF,Zf
2732,50,1,1.30662937679401,SLC33A1,STAT3,MEF,Stat
211,9,0,1.53336216995019,ARRB2,E2F1,LMC,E2F
957,8,0,-1.29344841963756,FADS2,CUX1,LMC,Homeobox
765,24,1,-1.80369197034061,DLK1,GABPA,MEF,ETS
2872,17,1,-6.26581738681415,STAP1,ETS1,MEF,ETS
1075,31,0,1.70639394167543,FLI1,IRF4,LMC,IRF
2411,40,1,3.97424188749577,RAB17,MYOG,MEF,bHLH
292,49,0,-2.42562752128992,BHLHE22,STAT1,LMC,Stat
2439,27,1,-1.16961792333877,RALGPS2,GATA3,MEF,Zf
2714,33,1,2.39566497248346,SLC25A21,MAFF,MEF,bZIP
295,15,0,-1.62021046144252,BIRC5,ELK1,LMC,ETS
2970,10,1,1.23882960320647,TGFB2,E2F4,MEF,E2F
1047,58,1,-4.65417614897977,FGD2,ZEB1,MEF,Zf
2755,8,0,1.07412426841911,SLC6A6,CUX1,LMC,Homeobox
185,59,1,1.03047405684959,ARHGAP29,ZKSCAN1,MEF,Zf
2692,35,1,-5.35420024219679,SLC15A3,MAX,MEF,bHLH
2465,20,1,2.68684664872069,RASSF9,FOSL2,MEF,bZIP
35,20,0,-1.09413388951588,ACSS2,FOSL2,LMC,bZIP
2339,60,1,1.18282904764798,PROCR,ZNF263,MEF,Zf
433,14,1,1.93987844078679,CD164L2,ELF1,MEF,ETS
1059,57,1,-1.30648104502404,FGFR1,ZBTB33,MEF,Zf
2419,47,1,-1.33693537084382,RAB33A,SP1,MEF,Zf
2332,59,1,-1.39027810102326,PRIM1,ZKSCAN1,MEF,Zf
3074,17,1,1.9111052509538,TNS4,ETS1,MEF,ETS
144,57,1,-2.61285486595035,ANLN,ZBTB33,MEF,Zf
2744,26,1,-2.43134537231159,SLC43A1,GATA2,MEF,Zf
2790,25,1,-1.59761294289245,SNCAIP,GATA1,MEF,Zf
2828,46,1,-1.31206755500198,SPDL1,RFX5,MEF,HTH
1041,5,1,-7.63787393345123,FCGR2B,BCL11A,MEF,Zf
642,55,1,-1.81086800991375,CPXM1,USF2,MEF,bHLH
4,3,0,1.30531618728564,AATK,BACH1,LMC,bZIP
2462,12,0,1.1221546547737,RASSF2,EBF1,LMC,EBF
818,6,0,-1.41724630665825,DTL,BHLHE40,LMC,bHLH
1323,6,0,1.11395880944298,HEG1,BHLHE40,LMC,bHLH
2472,27,0,2.18050992784048,RBM47,GATA3,LMC,Zf
55,20,1,-1.08305434945511,ADAMTS10,FOSL2,MEF,bZIP
2444,55,1,3.09267128508415,RANBP3L,USF2,MEF,bHLH
2248,20,0,1.09603278515227,PLEKHA7,FOSL2,LMC,bZIP
223,50,1,2.71932696796331,ASB5,STAT3,MEF,Stat
2872,1,1,-6.26581738681415,STAP1,ATF2,MEF,bZIP
1274,15,0,-1.30836538309112,GRB10,ELK1,LMC,ETS
3032,34,1,-1.1495689654121,TMEM221,MAFK,MEF,bZIP
2597,14,1,1.45662453410032,SDC2,ELF1,MEF,ETS
2299,11,1,4.08716121438097,POU4F3,E2F6,MEF,E2F
2588,35,0,-1.2295984538184,SCN3B,MAX,LMC,bHLH
2418,3,0,-1.00063840189489,RAB30,BACH1,LMC,bZIP
1269,7,1,-3.15847904173922,GPSM3,CTCF,MEF,Zf
1054,43,1,1.1716865224164,FGF18,PAX5,MEF,"Paired,Homeobox"
2246,59,1,-1.88722307582379,PLEKHA2,ZKSCAN1,MEF,Zf
3011,17,0,-2.66844146682901,TMEM121,ETS1,LMC,ETS
3268,21,1,-1.42145752313049,ZYX,FOXA1,MEF,Forkhead
2518,54,0,1.12192132751903,RNF144B,USF1,LMC,bHLH
1809,20,1,-1.12365506432939,MESDC1,FOSL2,MEF,bZIP
2034,27,1,1.69022432355717,NR3C2,GATA3,MEF,Zf
2488,53,1,-1.85060323120743,RGCC,TEAD4,MEF,TEA
747,31,0,-1.04094116021417,DENND3,IRF4,LMC,IRF
702,45,1,-1.51210996624864,CXCL16,PRDM1,MEF,Zf
2459,44,1,-1.39545144247547,RASGRP3,PBX3,MEF,Homeobox
1819,58,0,2.23766035348181,MFNG,ZEB1,LMC,Zf
1569,57,1,-1.7053662137862,KIF18B,ZBTB33,MEF,Zf
455,55,0,2.6942826782236,CD69,USF2,LMC,bHLH
1279,35,1,1.2815939015013,GRIA2,MAX,MEF,bHLH
985,51,0,-1.48008530778699,FAM196A,TCF12,LMC,bHLH
150,29,1,-1.50638570003123,ANXA4,IRF1,MEF,IRF
2251,13,0,-2.03705643469854,PLEKHG4,EGR1,LMC,Zf
1900,15,0,-2.81354840009658,MXD3,ELK1,LMC,ETS
652,12,0,1.38975973373905,CRIP1,EBF1,LMC,EBF
1486,43,1,-1.13969524110321,ISYNA1,PAX5,MEF,"Paired,Homeobox"
1816,51,1,-1.32991077332201,MEX3D,TCF12,MEF,bHLH
1275,40,1,-1.13562918187653,GRB14,MYOG,MEF,bHLH
2475,32,1,-1.44061168735286,RBPMS,JUND,MEF,bZIP
473,36,0,-1.72477055854409,CDCA2,MAZ,LMC,Zf
2511,55,1,-1.01848311233104,RIPK3,USF2,MEF,bHLH
1469,56,0,-1.34614119276357,INSIG1,YY1,LMC,Zf
940,42,0,-1.04928380645849,EXT1,NRF1,LMC,NRF
3093,52,1,1.33406165475606,TRDMT1,TCF3,MEF,HMG
395,32,0,-1.82848990650064,CCDC37,JUND,LMC,bZIP
2173,36,1,1.01951306087734,PDGFC,MAZ,MEF,Zf
3122,33,0,-1.24389385987994,TSHZ2,MAFF,LMC,bZIP
2871,35,0,-1.81588006159571,STAG3,MAX,LMC,bHLH
2421,14,0,-1.48115705720035,RAB38,ELF1,LMC,ETS
1229,35,0,-1.54093470936659,GPC6,MAX,LMC,bHLH
586,29,0,-1.51585649307847,CLYBL,IRF1,LMC,IRF
1027,14,1,-1.78584369967516,FBN1,ELF1,MEF,ETS
1162,48,1,1.53185787847727,GCA,SP2,MEF,Zf
560,58,1,-2.94547441181437,CIT,ZEB1,MEF,Zf
472,12,1,-1.16198535397929,CDC7,EBF1,MEF,EBF
514,58,1,-2.23863783136101,CENPI,ZEB1,MEF,Zf
1686,10,0,-1.27921012236517,LPP,E2F4,LMC,E2F
1476,19,1,1.61848963132255,IRF6,FOS,MEF,bZIP
116,34,1,1.26327774022441,ALOX5,MAFK,MEF,bZIP
902,55,1,1.82046406893,ENTPD2,USF2,MEF,bHLH
1469,35,0,-1.34614119276357,INSIG1,MAX,LMC,bHLH
931,24,1,-1.23065623992706,EVA1B,GABPA,MEF,ETS
1060,14,0,-1.01652991619081,FGFR2,ELF1,LMC,ETS
90,36,1,-1.63748519720192,AGER,MAZ,MEF,Zf
860,32,1,2.11517334013374,EFHD1,JUND,MEF,bZIP
386,50,1,1.02387076158334,CCDC122,STAT3,MEF,Stat
3162,25,1,-1.57637625372954,UBE2T,GATA1,MEF,Zf
2506,31,1,1.32344956546428,RIBC1,IRF4,MEF,IRF
818,9,1,-2.16450188489231,DTL,E2F1,MEF,E2F
507,59,1,2.14841125554855,CELSR2,ZKSCAN1,MEF,Zf
2257,52,0,-1.78801045356104,PLIN4,TCF3,LMC,HMG
1478,12,0,2.17765625314758,IRF8,EBF1,LMC,EBF
1011,43,0,-1.74555332545619,FAM83D,PAX5,LMC,"Paired,Homeobox"
2426,52,1,2.11482832348081,RAB44,TCF3,MEF,HMG
2681,55,1,-3.69067270048295,SLAMF7,USF2,MEF,bHLH
1665,55,1,-1.09066040559918,LIPA,USF2,MEF,bHLH
1022,6,1,-2.11120927736903,FBLIM1,BHLHE40,MEF,bHLH
510,47,1,-3.04371144390706,CENPA,SP1,MEF,Zf
932,35,0,-1.0899668717568,EVA1C,MAX,LMC,bHLH
2259,33,0,-1.82009132599226,PLK1,MAFF,LMC,bZIP
2011,15,0,1.14637806348536,NOD1,ELK1,LMC,ETS
241,26,1,1.15532941828722,ATP1B2,GATA2,MEF,Zf
1200,14,1,2.45505456378126,GLB1L2,ELF1,MEF,ETS
2231,53,0,-1.25589685126262,PLA2R1,TEAD4,LMC,TEA
2399,28,1,-1.40254242700849,PVRL2,HNF4A,MEF,NR
2052,11,0,-2.21089204553683,NTRK3,E2F6,LMC,E2F
1398,50,1,1.08451053955341,HSPA4L,STAT3,MEF,Stat
1530,27,1,-1.78300388098409,KCNAB2,GATA3,MEF,Zf
548,34,0,1.6800577415014,CHRNA1,MAFK,LMC,bZIP
2000,55,0,1.5370079637518,NLRC3,USF2,LMC,bHLH
1307,14,0,-1.36464889595292,H1FX,ELF1,LMC,ETS
61,19,1,-2.36338946514307,ADAMTS4,FOS,MEF,bZIP
2893,19,0,1.51284286980571,STRA6,FOS,LMC,bZIP
949,57,0,-1.019980760279,F2RL1,ZBTB33,LMC,Zf
1272,44,1,-1.64322072858882,GRAP,PBX3,MEF,Homeobox
1694,11,1,3.89825776680161,LRP1B,E2F6,MEF,E2F
259,56,0,1.24295821941063,B3GNT8,YY1,LMC,Zf
1369,47,1,-1.03793502410556,HOXB7,SP1,MEF,Zf
2664,43,1,1.59313087481905,SHISA7,PAX5,MEF,"Paired,Homeobox"
3109,58,0,-1.19761227844647,TRIM7,ZEB1,LMC,Zf
1588,10,0,-2.56633169713976,KLF12,E2F4,LMC,E2F
1478,44,1,-4.43611876756178,IRF8,PBX3,MEF,Homeobox
2203,35,1,-2.39346866936256,PHF19,MAX,MEF,bHLH
2915,1,0,-1.14558600910547,SYNPO,ATF2,LMC,bZIP
1472,25,0,1.94194700583555,IQGAP2,GATA1,LMC,Zf
3184,14,0,-1.2625906051746,UST,ELF1,LMC,ETS
1160,34,1,1.50128059051709,GBP6,MAFK,MEF,bZIP
347,20,0,-1.46523473871165,CACNB4,FOSL2,LMC,bZIP
173,54,0,4.20904927163551,AQP5,USF1,LMC,bHLH
2394,6,1,1.40802361804601,PTPRU,BHLHE40,MEF,bHLH
838,56,1,1.09105532919989,EAF2,YY1,MEF,Zf
1709,35,0,1.32131748501531,LRRN2,MAX,LMC,bHLH
1501,25,1,-1.45200703686311,ITGB7,GATA1,MEF,Zf
2048,10,1,3.10482441942074,NT5E,E2F4,MEF,E2F
1141,33,0,-1.17676298077328,GALNT16,MAFF,LMC,bZIP
513,53,1,-1.61297653663404,CENPH,TEAD4,MEF,TEA
1349,57,1,-1.13007346811403,HN1,ZBTB33,MEF,Zf
1247,50,1,-1.05420492702211,GPR161,STAT3,MEF,Stat
1422,34,0,1.726624124986,IGFBP4,MAFK,LMC,bZIP
2091,9,0,-2.75084048443448,OSBPL6,E2F1,LMC,E2F
762,51,0,1.09464442057264,DLEU2,TCF12,LMC,bHLH
1747,6,0,2.304021662009,MAL2,BHLHE40,LMC,bHLH
1366,27,1,-1.37072470463122,HOXB4,GATA3,MEF,Zf
1142,43,0,-2.57237384040221,GALNT18,PAX5,LMC,"Paired,Homeobox"
2750,49,0,1.09773948896469,SLC46A3,STAT1,LMC,Stat
2397,13,1,1.13740473668341,PTTG1,EGR1,MEF,Zf
2797,43,1,1.20718208298321,SNX16,PAX5,MEF,"Paired,Homeobox"
3262,53,1,1.04649386544777,ZMYND12,TEAD4,MEF,TEA
1268,32,0,-1.16679590504113,GPSM1,JUND,LMC,bZIP
2210,52,1,-7.7534783220077,PIK3AP1,TCF3,MEF,HMG
1027,59,1,-1.78584369967516,FBN1,ZKSCAN1,MEF,Zf
711,3,0,1.60648665149506,CYBRD1,BACH1,LMC,bZIP
265,14,0,-1.12473692026766,BAG2,ELF1,LMC,ETS
897,10,0,2.02877616898271,ENPP2,E2F4,LMC,E2F
2974,25,1,2.61319646109338,TGM7,GATA1,MEF,Zf
2930,8,0,-1.81567322039661,TACR1,CUX1,LMC,Homeobox
811,23,0,2.32565834773863,DPYSL5,FOXM1,LMC,Forkhead
2362,11,0,-1.21873682208915,PSAT1,E2F6,LMC,E2F
1335,52,1,1.04156670706997,HIST1H1C,TCF3,MEF,HMG
2122,20,1,1.91133769630743,PAQR6,FOSL2,MEF,bZIP
2379,12,1,-1.1953413161225,PTMS,EBF1,MEF,EBF
1504,32,0,1.98667024272069,ITM2A,JUND,LMC,bZIP
2260,58,1,-1.06024887079135,PLK3,ZEB1,MEF,Zf
924,43,1,1.51210965522421,ESR2,PAX5,MEF,"Paired,Homeobox"
2782,51,0,1.45528337410704,SMPD3,TCF12,LMC,bHLH
296,47,1,-1.59805342544592,BLNK,SP1,MEF,Zf
1251,6,0,1.76957591739304,GPR183,BHLHE40,LMC,bHLH
1951,12,0,1.45744396290933,NCEH1,EBF1,LMC,EBF
2308,52,1,1.37041742724006,PPFIBP2,TCF3,MEF,HMG
2218,51,1,1.38151712699702,PIP5K1B,TCF12,MEF,bHLH
1710,50,0,-3.66787914413061,LRRN3,STAT3,LMC,Stat
1382,19,0,3.48115410223561,HP,FOS,LMC,bZIP
1692,48,1,-1.07379520947069,LRIG1,SP2,MEF,Zf
2754,1,0,-1.02208795853025,SLC6A15,ATF2,LMC,bZIP
48,51,0,-1.76261355652127,ADAM19,TCF12,LMC,bHLH
1257,10,0,1.07836707927477,GPR39,E2F4,LMC,E2F
2953,52,0,1.39186676290857,TECPR1,TCF3,LMC,HMG
2252,0,1,1.3349193608367,PLEKHH2,ATF1,MEF,bZIP
283,11,1,-1.57295896090125,BEND4,E2F6,MEF,E2F
1002,49,0,-1.07799221381173,FAM57A,STAT1,LMC,Stat
2653,10,1,2.32480093818971,SH3RF2,E2F4,MEF,E2F
372,13,0,1.45873223783014,CASZ1,EGR1,LMC,Zf
467,8,0,-1.81097196316204,CDC25C,CUX1,LMC,Homeobox
2716,50,0,1.26433755910849,SLC25A45,STAT3,LMC,Stat
978,54,0,-1.26962769990828,FAM174B,USF1,LMC,bHLH
2763,23,0,-1.37580388005319,SLC9A5,FOXM1,LMC,Forkhead
1101,49,1,-1.94513685071821,FOXM1,STAT1,MEF,Stat
2040,51,0,2.06505378129042,NRN1L,TCF12,LMC,bHLH
979,26,1,2.38044819496489,FAM179A,GATA2,MEF,Zf
276,32,1,-1.03013751610087,BCAT1,JUND,MEF,bZIP
688,14,1,1.50358828965648,CTSH,ELF1,MEF,ETS
1740,3,1,3.31506874732211,MAB21L1,BACH1,MEF,bZIP
360,35,0,3.06807338923354,CAMKV,MAX,LMC,bHLH
1316,44,1,-2.7538568771415,HCK,PBX3,MEF,Homeobox
3051,2,1,1.32077569485417,TMX2,ATF3,MEF,bZIP
2716,51,0,1.26433755910849,SLC25A45,TCF12,LMC,bHLH
624,14,0,1.14347278913076,COL8A2,ELF1,LMC,ETS
2047,14,0,-1.49786300479231,NT5DC2,ELF1,LMC,ETS
684,27,1,-1.47398126315698,CTSC,GATA3,MEF,Zf
2139,32,0,-1.66108878791863,PCDH20,JUND,LMC,bZIP
1852,34,1,2.06712515627852,MMP24,MAFK,MEF,bZIP
41,57,1,-1.29710351150971,ACTN3,ZBTB33,MEF,Zf
1045,24,1,-2.12857218736207,FES,GABPA,MEF,ETS
1214,34,1,1.14691349426281,GNAL,MAFK,MEF,bZIP
2773,34,1,3.0316213618184,SLITRK5,MAFK,MEF,bZIP
673,14,0,-2.22575402794082,CSRP2,ELF1,LMC,ETS
2181,56,1,-1.00301611853457,PDXK,YY1,MEF,Zf
2920,27,1,2.08463741083142,SYT7,GATA3,MEF,Zf
531,60,1,1.21928716189159,CFAP61,ZNF263,MEF,Zf
2331,51,1,-1.13898945911103,PRG4,TCF12,MEF,bHLH
2378,44,0,1.53215201360364,PTK2B,PBX3,LMC,Homeobox
1663,3,0,-1.42073185934415,LIN7B,BACH1,LMC,bZIP
2995,56,1,-2.069741018555,TLR1,YY1,MEF,Zf
709,31,1,-1.66905437630875,CYBA,IRF4,MEF,IRF
1924,50,0,2.05298960149613,MYO5B,STAT3,LMC,Stat
816,9,0,2.48488641041993,DSG2,E2F1,LMC,E2F
1340,41,0,-1.68692943375859,HLF,NANOG,LMC,Homeobox
1244,25,1,-2.02851210173342,GPR155,GATA1,MEF,Zf
375,54,1,1.03187685516321,CATSPERD,USF1,MEF,bHLH
2551,41,1,1.47041778660776,RTN4R,NANOG,MEF,Homeobox
1406,55,1,-1.79022050474713,HVCN1,USF2,MEF,bHLH
1165,15,1,1.90052374476274,GCLC,ELK1,MEF,ETS
591,6,1,-1.3326909212293,CNDP2,BHLHE40,MEF,bHLH
2009,22,0,-1.71425171273223,NNAT,FOXA2,LMC,Forkhead
2348,12,1,2.77475820974343,PRRT1,EBF1,MEF,EBF
1491,3,1,-1.45307203272899,ITGA5,BACH1,MEF,bZIP
1730,57,1,-4.43367583493052,LYL1,ZBTB33,MEF,Zf
2833,0,0,2.04473439363982,SPI1,ATF1,LMC,bZIP
334,25,1,-7.57723638499168,C5AR1,GATA1,MEF,Zf
263,28,0,-1.00072208985651,B4GALT2,HNF4A,LMC,NR
1744,27,0,1.61605159328595,MAFB,GATA3,LMC,Zf
1193,60,1,2.44212621359401,GJA1,ZNF263,MEF,Zf
335,56,0,2.32346443077676,C5AR2,YY1,LMC,Zf
2495,47,0,-3.38099478215983,RGS4,SP1,LMC,Zf
1383,22,1,1.98625429983897,HPCAL4,FOXA2,MEF,Forkhead
2949,26,1,2.12144077789538,TCFL5,GATA2,MEF,Zf
1828,55,0,1.49280612326672,MICALCL,USF2,LMC,bHLH
2726,17,0,1.94893923934692,SLC2A3,ETS1,LMC,ETS
803,40,1,1.22236133221301,DPM1,MYOG,MEF,bHLH
2213,8,1,-6.19261489591651,PIK3CG,CUX1,MEF,Homeobox
1946,49,1,-2.06657286608671,NCAPD2,STAT1,MEF,Stat
1917,43,1,1.80532181433264,MYO16,PAX5,MEF,"Paired,Homeobox"
229,7,0,-1.67583306263046,ASPM,CTCF,LMC,Zf
296,59,1,-1.59805342544592,BLNK,ZKSCAN1,MEF,Zf
392,25,1,-1.85537400363895,CCDC18,GATA1,MEF,Zf
53,21,1,-5.64244157319056,ADAM8,FOXA1,MEF,Forkhead
1926,6,0,-1.89447926692532,MYOCD,BHLHE40,LMC,bHLH
739,52,1,1.57375665683309,DDN,TCF3,MEF,HMG
295,13,1,-2.38048914578776,BIRC5,EGR1,MEF,Zf
2160,23,0,-1.2122647005082,PCYOX1L,FOXM1,LMC,Forkhead
1578,47,0,-2.1700677220651,KIF2C,SP1,LMC,Zf
2649,19,1,-2.03793912517393,SH3BP2,FOS,MEF,bZIP
1081,52,1,-5.19295380970528,FMNL1,TCF3,MEF,HMG
3076,52,1,1.28085910518458,TOB1,TCF3,MEF,HMG
1288,53,1,3.16557429975077,GRM4,TEAD4,MEF,TEA
2819,7,1,2.20003926312882,SP6,CTCF,MEF,Zf
2591,22,1,-1.78273891404674,SCN9A,FOXA2,MEF,Forkhead
551,6,1,-1.00795584335134,CHST12,BHLHE40,MEF,bHLH
1424,53,0,1.82002858047698,IGFBP6,TEAD4,LMC,TEA
39,44,1,-1.17835208367133,ACTB,PBX3,MEF,Homeobox
2836,13,0,2.83642546905811,SPINT1,EGR1,LMC,Zf
1221,32,1,1.73376805098353,GORAB,JUND,MEF,bZIP
1978,6,0,1.1023682648514,NEURL3,BHLHE40,LMC,bHLH
1247,50,0,-1.8197377742624,GPR161,STAT3,LMC,Stat
283,14,1,-1.57295896090125,BEND4,ELF1,MEF,ETS
2014,43,1,1.46367070692664,NOS1AP,PAX5,MEF,"Paired,Homeobox"
1978,35,1,-1.51596673113993,NEURL3,MAX,MEF,bHLH
48,11,1,-1.94422025009557,ADAM19,E2F6,MEF,E2F
856,15,0,-1.15119532089597,EFCAB11,ELK1,LMC,ETS
595,35,0,-3.63064064085732,CNN1,MAX,LMC,bHLH
2661,31,0,-1.22957922565248,SHF,IRF4,LMC,IRF
2821,59,1,1.33614858114974,SPA17,ZKSCAN1,MEF,Zf
2431,17,1,-1.67508726212781,RAD51,ETS1,MEF,ETS
1976,34,1,1.28300620910815,NET1,MAFK,MEF,bZIP
1100,51,1,3.06512997494896,FOXL1,TCF12,MEF,bHLH
2174,32,0,-1.12952040014732,PDGFD,JUND,LMC,bZIP
212,17,1,1.23030270494439,ARRDC3,ETS1,MEF,ETS
634,35,1,1.76706738198898,COX6A2,MAX,MEF,bHLH
2479,52,1,-1.57338724010975,RCSD1,TCF3,MEF,HMG
1905,34,0,-3.56228488230399,MYCT1,MAFK,LMC,bZIP
567,53,0,-1.31477847283308,CLCA1,TEAD4,LMC,TEA
2887,58,1,-1.50835202317038,STMN1,ZEB1,MEF,Zf
609,55,1,2.58711429478437,COL14A1,USF2,MEF,bHLH
1885,3,0,1.57899083535637,MST1R,BACH1,LMC,bZIP
1471,29,1,1.06562177914796,IQCK,IRF1,MEF,IRF
282,1,1,1.71051740897939,BDNF,ATF2,MEF,bZIP
1503,7,1,3.37086618113732,ITIH5,CTCF,MEF,Zf
900,35,1,1.44269937541347,ENPP5,MAX,MEF,bHLH
944,42,1,-1.00394440145578,EZH2,NRF1,MEF,NRF
1921,58,0,1.02112335467141,MYO1D,ZEB1,LMC,Zf
173,47,0,4.20904927163551,AQP5,SP1,LMC,Zf
707,10,1,1.78666132040675,CYB561,E2F4,MEF,E2F
2645,20,1,-1.75248494391244,SH2D4B,FOSL2,MEF,bZIP
1467,35,0,1.7121325322489,INPP5J,MAX,LMC,bHLH
2451,25,0,-1.70961630127587,RARRES1,GATA1,LMC,Zf
1155,7,0,1.72826955999767,GATA4,CTCF,LMC,Zf
3243,59,0,-1.12058662060011,YBX3,ZKSCAN1,LMC,Zf
3104,14,1,-1.18940042398823,TRIM25,ELF1,MEF,ETS
826,51,1,1.4823410612308,DUSP27,TCF12,MEF,bHLH
3190,46,0,2.29387863105191,VAV1,RFX5,LMC,HTH
2229,55,1,-2.03585184324305,PLA2G4C,USF2,MEF,bHLH
2981,25,1,-1.72964937024715,TICAM2,GATA1,MEF,Zf
315,42,0,-1.15304342329628,BTBD3,NRF1,LMC,NRF
16,10,1,-2.05030147335999,ABHD15,E2F4,MEF,E2F
2881,41,1,-1.77045279019706,STIL,NANOG,MEF,Homeobox
638,17,0,-1.23649506385739,CPED1,ETS1,LMC,ETS
811,59,0,2.32565834773863,DPYSL5,ZKSCAN1,LMC,Zf
2982,19,0,-1.48427698650404,TICRR,FOS,LMC,bZIP
1637,56,1,4.65431008593201,LDOC1,YY1,MEF,Zf
1044,12,1,-5.35759327366017,FERMT3,EBF1,MEF,EBF
899,25,1,1.47613931326266,ENPP4,GATA1,MEF,Zf
2247,54,1,2.25428780923603,PLEKHA6,USF1,MEF,bHLH
1001,59,1,-1.04671189629277,FAM49A,ZKSCAN1,MEF,Zf
99,44,1,1.03519575636956,AIG1,PBX3,MEF,Homeobox
511,8,1,-2.78967392596139,CENPE,CUX1,MEF,Homeobox
2667,7,0,1.04414857559594,SHROOM2,CTCF,LMC,Zf
11,60,1,-3.08462921768039,ABCC3,ZNF263,MEF,Zf
1567,10,1,-2.6418326666532,KIF14,E2F4,MEF,E2F
2069,51,0,-1.09843148661594,OAF,TCF12,LMC,bHLH
233,19,0,1.1636924686686,ATF6,FOS,LMC,bZIP
3255,55,0,-1.03149291006368,ZFP41,USF2,LMC,bHLH
2514,40,1,-1.74471386833564,RNASEL,MYOG,MEF,bHLH
430,55,1,-1.3414109285533,CCR5,USF2,MEF,bHLH
630,44,1,-4.2288874048856,CORO1A,PBX3,MEF,Homeobox
1599,27,0,1.3884595597888,KLHL6,GATA3,LMC,Zf
1290,51,1,1.06880276531926,GRTP1,TCF12,MEF,bHLH
128,26,0,1.1151143351714,AMIGO2,GATA2,LMC,Zf
1251,53,1,-2.53128771819303,GPR183,TEAD4,MEF,TEA
2823,3,0,-1.74134660350485,SPAG5,BACH1,LMC,bZIP
1335,19,1,1.04156670706997,HIST1H1C,FOS,MEF,bZIP
2192,8,1,-1.0880143489174,PFKFB4,CUX1,MEF,Homeobox
1055,21,1,1.83302922552139,FGF5,FOXA1,MEF,Forkhead
1475,1,1,-2.83898973234667,IRF5,ATF2,MEF,bZIP
657,36,1,-2.29638885268615,CRMP1,MAZ,MEF,Zf
2972,29,1,-1.32670648805321,TGM2,IRF1,MEF,IRF
1793,52,1,-5.57817952899045,MCOLN3,TCF3,MEF,HMG
945,22,0,1.62913103681418,EZR,FOXA2,LMC,Forkhead
754,47,0,1.97878096740259,DGKK,SP1,LMC,Zf
2896,6,1,1.59075964649031,STXBP6,BHLHE40,MEF,bHLH
1274,24,1,-1.13146745223396,GRB10,GABPA,MEF,ETS
1566,56,1,-2.45701413877743,KIF11,YY1,MEF,Zf
1727,24,1,-1.39507995883176,LY75,GABPA,MEF,ETS
2324,27,0,-1.08241107682554,PRCP,GATA3,LMC,Zf
1791,6,1,-1.8528816001039,MCM6,BHLHE40,MEF,bHLH
845,53,0,1.22622352031544,ECM1,TEAD4,LMC,TEA
2985,10,0,1.18351069680431,TIMP1,E2F4,LMC,E2F
2867,37,0,1.85982327350458,ST8SIA4,MEF2A,LMC,MADS
1274,8,1,-1.13146745223396,GRB10,CUX1,MEF,Homeobox
977,36,0,-1.35378356162685,FAM171B,MAZ,LMC,Zf
1239,29,0,3.71698762694664,GPR133,IRF1,LMC,IRF
15,53,0,1.12498979792279,ABHD12,TEAD4,LMC,TEA
155,60,1,-1.03625605862877,AP1G2,ZNF263,MEF,Zf
1695,50,1,-2.32937255466157,LRR1,STAT3,MEF,Stat
2896,33,1,1.59075964649031,STXBP6,MAFF,MEF,bZIP
2845,53,0,-1.12860791435859,SPRY1,TEAD4,LMC,TEA
597,7,1,2.28671545640635,CNNM1,CTCF,MEF,Zf
2583,28,1,-1.9243825304513,SCML2,HNF4A,MEF,NR
2285,34,1,-2.14068200203897,PODNL1,MAFK,MEF,bZIP
2452,56,0,1.99174899636394,RASAL3,YY1,LMC,Zf
2837,57,1,2.79424421339717,SPINT2,ZBTB33,MEF,Zf
2371,57,0,1.82345997643557,PTGDS,ZBTB33,LMC,Zf
1978,6,1,-1.51596673113993,NEURL3,BHLHE40,MEF,bHLH
3112,33,0,-1.02635930451426,TRNP1,MAFF,LMC,bZIP
2186,6,1,5.87974585698578,PENK,BHLHE40,MEF,bHLH
1323,22,1,-1.27285316107792,HEG1,FOXA2,MEF,Forkhead
62,19,1,-1.74379178598136,ADAMTS6,FOS,MEF,bZIP
1355,46,1,4.28285138666841,HOXA10,RFX5,MEF,HTH
2765,35,1,-1.43101148114046,SLC9B2,MAX,MEF,bHLH
2521,10,0,1.85579554891979,RNF180,E2F4,LMC,E2F
2012,35,1,2.32640773297415,NOG,MAX,MEF,bHLH
2328,29,0,1.68357693735779,PRDX1,IRF1,LMC,IRF
2270,27,0,1.49305765456438,PLXDC1,GATA3,LMC,Zf
657,7,1,-2.29638885268615,CRMP1,CTCF,MEF,Zf
1326,10,1,1.7722064028103,HERC3,E2F4,MEF,E2F
240,55,0,1.60328158259357,ATP1B1,USF2,LMC,bHLH
1643,27,1,-1.38336396197662,LGALS3,GATA3,MEF,Zf
1788,6,1,-1.18921853477002,MCM2,BHLHE40,MEF,bHLH
2404,60,0,2.00552072837022,PYGM,ZNF263,LMC,Zf
1893,17,0,1.47452805819515,MTSS1,ETS1,LMC,ETS
657,40,1,-2.29638885268615,CRMP1,MYOG,MEF,bHLH
1777,42,0,-2.30942689170144,MATN2,NRF1,LMC,NRF
1011,23,1,-1.30600338959602,FAM83D,FOXM1,MEF,Forkhead
748,48,1,1.14447180905259,DENND6B,SP2,MEF,Zf
2203,8,1,-2.39346866936256,PHF19,CUX1,MEF,Homeobox
2281,60,1,-2.54170777644791,PNMA2,ZNF263,MEF,Zf
736,58,1,1.21253077226439,DCXR,ZEB1,MEF,Zf
240,56,0,1.60328158259357,ATP1B1,YY1,LMC,Zf
1037,22,1,-1.67210055541033,FBXO48,FOXA2,MEF,Forkhead
494,24,0,-1.10159048098213,CDKN1C,GABPA,LMC,ETS
2193,29,1,-1.05049937086952,PFKL,IRF1,MEF,IRF
2537,56,1,-1.8166341585174,RPS6KA1,YY1,MEF,Zf
2796,36,1,1.64096455740239,SNTB1,MAZ,MEF,Zf
3237,21,1,-2.16278755494106,XDH,FOXA1,MEF,Forkhead
1089,29,0,1.39840867832107,FNIP2,IRF1,LMC,IRF
407,3,1,1.03514271363307,CCDC90B,BACH1,MEF,bZIP
2545,12,1,1.41422452200526,RSPH4A,EBF1,MEF,EBF
262,46,1,-1.06022912878962,B4GALT1,RFX5,MEF,HTH
1279,26,1,1.2815939015013,GRIA2,GATA2,MEF,Zf
2849,56,0,1.9335069044595,SPTB,YY1,LMC,Zf
1904,11,0,-1.32848118947646,MYCL,E2F6,LMC,E2F
396,36,1,1.16001064184712,CCDC39,MAZ,MEF,Zf
253,56,1,-1.49332363548722,AXDND1,YY1,MEF,Zf
2192,34,1,-1.0880143489174,PFKFB4,MAFK,MEF,bZIP
1672,46,0,-2.15792699391474,LMOD1,RFX5,LMC,HTH
156,13,1,1.07551992821496,AP3M2,EGR1,MEF,Zf
1017,27,1,-1.97493658435611,FANCI,GATA3,MEF,Zf
2196,13,1,-1.48538119052124,PGAP3,EGR1,MEF,Zf
2421,6,0,-1.48115705720035,RAB38,BHLHE40,LMC,bHLH
1383,32,1,1.98625429983897,HPCAL4,JUND,MEF,bZIP
2054,35,1,1.67996520029264,NUCB2,MAX,MEF,bHLH
2563,59,1,-1.74298734228457,S1PR1,ZKSCAN1,MEF,Zf
681,17,0,1.05733599739823,CTNNAL1,ETS1,LMC,ETS
2167,2,0,-1.47607183564039,PDE4A,ATF3,LMC,bZIP
2928,11,1,-1.11588677383815,TACC1,E2F6,MEF,E2F
3148,55,1,-2.14380067537427,TUBB3,USF2,MEF,bHLH
1417,27,1,-1.88705029332948,IGF1,GATA3,MEF,Zf
1596,55,1,1.73718361562128,KLHL31,USF2,MEF,bHLH
3239,35,1,9.86262990937473,XIST,MAX,MEF,bHLH
3164,56,1,1.15859874462322,UBXN11,YY1,MEF,Zf
1072,35,1,1.42962809876367,FILIP1,MAX,MEF,bHLH
1400,40,1,3.61114568347972,HSPB2,MYOG,MEF,bHLH
1547,43,0,1.42554039435721,KCNJ2,PAX5,LMC,"Paired,Homeobox"
1393,13,1,1.80356042315211,HSBP1L1,EGR1,MEF,Zf
673,11,0,-2.22575402794082,CSRP2,E2F6,LMC,E2F
1257,26,0,1.07836707927477,GPR39,GATA2,LMC,Zf
599,35,0,1.79219841084141,CNR2,MAX,LMC,bHLH
482,42,1,2.02751559025939,CDH17,NRF1,MEF,NRF
597,11,1,2.28671545640635,CNNM1,E2F6,MEF,E2F
2747,59,0,1.18552058951319,SLC44A1,ZKSCAN1,LMC,Zf
272,11,1,-1.06922081449246,BAZ1A,E2F6,MEF,E2F
1126,34,1,2.78275650147847,FXYD1,MAFK,MEF,bZIP
476,29,1,-1.51137963897236,CDCA7,IRF1,MEF,IRF
1162,35,1,1.53185787847727,GCA,MAX,MEF,bHLH
2716,31,1,-1.50394993507876,SLC25A45,IRF4,MEF,IRF
2,40,0,-1.88937087988558,AARD,MYOG,LMC,bHLH
1176,47,1,1.8748306175071,GDPD2,SP1,MEF,Zf
539,52,0,2.41186071695871,CHCHD10,TCF3,LMC,HMG
2727,32,0,-3.11197659189262,SLC2A4,JUND,LMC,bZIP
1124,17,1,1.2403597876149,FUNDC1,ETS1,MEF,ETS
539,40,0,2.41186071695871,CHCHD10,MYOG,LMC,bHLH
129,35,0,-2.14408545086886,AMPH,MAX,LMC,bHLH
3072,26,0,2.63708536195781,TNNT2,GATA2,LMC,Zf
1870,35,1,1.03558307447423,MR1,MAX,MEF,bHLH
2863,13,1,-1.42498224453475,ST6GALNAC2,EGR1,MEF,Zf
72,35,1,1.58089716931538,ADCY5,MAX,MEF,bHLH
2384,49,0,1.51789813509816,PTPN22,STAT1,LMC,Stat
2041,1,1,-3.86600513615225,NRROS,ATF2,MEF,bZIP
30,11,0,1.62716198902984,ACOT4,E2F6,LMC,E2F
267,10,0,1.93708273972907,BAI2,E2F4,LMC,E2F
293,55,1,2.17691382640658,BHMT,USF2,MEF,bHLH
1015,15,1,-2.36954301173742,FANCA,ELK1,MEF,ETS
3267,6,0,-1.26383646152717,ZWILCH,BHLHE40,LMC,bHLH
2452,50,0,1.99174899636394,RASAL3,STAT3,LMC,Stat
521,24,1,-1.47290606283231,CENPU,GABPA,MEF,ETS
2126,8,1,-2.22473071504278,PARPBP,CUX1,MEF,Homeobox
737,47,1,-1.57237296988746,DDC,SP1,MEF,Zf
1821,6,0,-1.90973057974715,MFSD2A,BHLHE40,LMC,bHLH
763,58,0,2.43770043152872,DLG2,ZEB1,LMC,Zf
78,50,0,-1.84533616269219,ADM,STAT3,LMC,Stat
3130,1,0,1.17286507479837,TSPAN33,ATF2,LMC,bZIP
165,7,1,-2.33972592495087,APOBEC1,CTCF,MEF,Zf
219,59,0,-1.24960154559807,ASAP3,ZKSCAN1,LMC,Zf
1819,60,1,-2.40695501424756,MFNG,ZNF263,MEF,Zf
1707,24,0,-1.03571775424831,LRRC8E,GABPA,LMC,ETS
1454,31,1,-2.91146005747571,IL21R,IRF4,MEF,IRF
2789,10,1,1.0173305964388,SNCA,E2F4,MEF,E2F
1792,5,1,-5.09340625018667,MCOLN2,BCL11A,MEF,Zf
402,19,0,-1.63340894061638,CCDC8,FOS,LMC,bZIP
2195,19,1,-1.52699493814119,PGAP1,FOS,MEF,bZIP
1012,7,1,1.78692440865319,FAM83G,CTCF,MEF,Zf
2474,51,1,3.72589105115737,RBP4,TCF12,MEF,bHLH
1632,53,0,2.38822577007914,LCP2,TEAD4,LMC,TEA
784,2,1,1.08312646824662,DNAJB4,ATF3,MEF,bZIP
1514,7,0,1.9986962680632,JAM2,CTCF,LMC,Zf
2090,12,1,1.48097195977724,OSBPL3,EBF1,MEF,EBF
1311,6,1,7.38466154151092,HAPLN1,BHLHE40,MEF,bHLH
1166,42,0,1.04053157521072,GCLM,NRF1,LMC,NRF
2892,54,1,1.512853343025,STPG1,USF1,MEF,bHLH
1038,58,1,-1.7113898814647,FBXO5,ZEB1,MEF,Zf
224,32,1,3.5793529115636,ASCL1,JUND,MEF,bZIP
3179,5,1,1.71563407361394,UPK3BL,BCL11A,MEF,Zf
854,32,0,1.36893250160883,EEPD1,JUND,LMC,bZIP
1582,8,1,1.09834515514093,KIF9,CUX1,MEF,Homeobox
2943,10,0,-2.66377021180121,TBXA2R,E2F4,LMC,E2F
923,40,1,-3.28974579740746,ESPL1,MYOG,MEF,bHLH
377,11,0,-1.18392674086099,CBS,E2F6,LMC,E2F
964,17,1,-1.0839862818283,FAM109B,ETS1,MEF,ETS
1038,19,1,-1.7113898814647,FBXO5,FOS,MEF,bZIP
3190,8,0,2.29387863105191,VAV1,CUX1,LMC,Homeobox
673,50,0,-2.22575402794082,CSRP2,STAT3,LMC,Stat
241,17,1,1.15532941828722,ATP1B2,ETS1,MEF,ETS
1171,35,1,-2.0002880318184,GDF10,MAX,MEF,bHLH
1862,59,1,1.15642821553146,MORN2,ZKSCAN1,MEF,Zf
2693,21,0,1.05954413123607,SLC16A1,FOXA1,LMC,Forkhead
2458,56,0,-1.8068207517124,RASGRP1,YY1,LMC,Zf
2140,53,0,-1.50709385631897,PCDH9,TEAD4,LMC,TEA
2969,10,1,-1.15543613683925,TGFB1I1,E2F4,MEF,E2F
1772,13,0,-1.95417810971938,MASP1,EGR1,LMC,Zf
2519,27,1,1.334965971056,RNF152,GATA3,MEF,Zf
43,52,1,-1.10283547570767,ACY1,TCF3,MEF,HMG
1323,50,0,1.11395880944298,HEG1,STAT3,LMC,Stat
661,42,1,-1.03944334145261,CRYL1,NRF1,MEF,NRF
236,33,1,1.51918637169266,ATG9B,MAFF,MEF,bZIP
475,23,1,-1.49364324799289,CDCA5,FOXM1,MEF,Forkhead
644,22,0,-3.92771368755946,CRABP1,FOXA2,LMC,Forkhead
1422,47,1,2.42702045808045,IGFBP4,SP1,MEF,Zf
2365,4,0,1.68072424225585,PSMB8,BATF,LMC,bZIP
975,47,1,1.2401815530898,FAM161B,SP1,MEF,Zf
72,44,1,1.58089716931538,ADCY5,PBX3,MEF,Homeobox
3080,51,0,1.78306212287679,TOX2,TCF12,LMC,bHLH
1852,17,1,2.06712515627852,MMP24,ETS1,MEF,ETS
2284,40,0,1.35328741915032,PNPLA7,MYOG,LMC,bHLH
3241,55,0,-3.29626314196821,XKR5,USF2,LMC,bHLH
2517,12,1,-2.6548546609499,RNF144A,EBF1,MEF,EBF
138,26,1,-2.24979568940809,ANKLE1,GATA2,MEF,Zf
291,17,1,1.86802523379668,BHLHA15,ETS1,MEF,ETS
1625,4,1,2.40355499341245,LARS2,BATF,MEF,bZIP
3050,50,0,-2.84337171935919,TMTC1,STAT3,LMC,Stat
3098,3,1,-2.25754938545241,TREML4,BACH1,MEF,bZIP
1595,6,1,1.94541631082666,KLHL30,BHLHE40,MEF,bHLH
2686,34,1,1.0133885125942,SLC12A2,MAFK,MEF,bZIP
1514,60,1,1.06579258854101,JAM2,ZNF263,MEF,Zf
1095,35,0,-1.72312225058079,FOXC1,MAX,LMC,bHLH
3268,12,1,-1.42145752313049,ZYX,EBF1,MEF,EBF
777,10,0,-1.76785350294743,DNAH11,E2F4,LMC,E2F
1783,15,1,-1.39828248423787,MCAM,ELK1,MEF,ETS
3144,14,1,-1.55039503561295,TTYH3,ELF1,MEF,ETS
1559,20,0,-1.66267294525053,KCTD15,FOSL2,LMC,bZIP
2329,55,0,-1.50059784850385,PRELID2,USF2,LMC,bHLH
1361,54,1,-1.86354793445035,HOXA6,USF1,MEF,bHLH
2504,7,1,-1.95876977809436,RHOV,CTCF,MEF,Zf
2268,35,0,1.42413422288827,PLTP,MAX,LMC,bHLH
1564,47,1,-8.80720381763035,KDM5D,SP1,MEF,Zf
1571,8,1,-2.07809907277535,KIF20B,CUX1,MEF,Homeobox
121,17,1,2.05301611727936,ALPL,ETS1,MEF,ETS
1093,35,0,1.14177708816059,FOS,MAX,LMC,bHLH
2290,17,1,-2.13557752684561,POLE,ETS1,MEF,ETS
1605,41,0,-1.70392299590538,KNTC1,NANOG,LMC,Homeobox
2677,31,1,-1.57464291830555,SKA3,IRF4,MEF,IRF
956,35,1,-1.38741182722717,FABP5,MAX,MEF,bHLH
1811,22,1,1.49384441854823,MEST,FOXA2,MEF,Forkhead
872,41,1,-2.19954164792105,EGR2,NANOG,MEF,Homeobox
563,27,0,-1.89680998771946,CKAP2L,GATA3,LMC,Zf
321,53,1,-2.33853032925094,BUB1B,TEAD4,MEF,TEA
169,50,0,2.87784053099309,APOE,STAT3,LMC,Stat
1735,7,0,-1.69680530365662,LYSMD2,CTCF,LMC,Zf
2189,34,0,1.82693979976059,PF4,MAFK,LMC,bZIP
565,44,1,-1.20092685026686,CKS1B,PBX3,MEF,Homeobox
528,11,0,1.27546161665479,CERK,E2F6,LMC,E2F
906,53,1,-1.12533092416643,EPHA4,TEAD4,MEF,TEA
1955,47,0,2.19064837512025,NCKAP1L,SP1,LMC,Zf
482,46,1,2.02751559025939,CDH17,RFX5,MEF,HTH
2831,46,0,-1.23443575155555,SPHK1,RFX5,LMC,HTH
2794,1,1,-1.9308040336724,SNORA31,ATF2,MEF,bZIP
587,26,1,-1.24175293827848,CMKLR1,GATA2,MEF,Zf
1775,20,1,-1.0848607122183,MASTL,FOSL2,MEF,bZIP
321,43,1,-2.33853032925094,BUB1B,PAX5,MEF,"Paired,Homeobox"
175,20,0,1.14913751880714,ARAP2,FOSL2,LMC,bZIP
2771,44,1,3.25458404557331,SLITRK3,PBX3,MEF,Homeobox
996,30,0,-1.00862397123764,FAM3C,IRF3,LMC,IRF
219,52,0,-1.24960154559807,ASAP3,TCF3,LMC,HMG
2412,50,1,-2.13156977238491,RAB19,STAT3,MEF,Stat
1192,58,0,2.12975177309084,GIPC2,ZEB1,LMC,Zf
1590,7,0,-1.69056940108222,KLF8,CTCF,LMC,Zf
1908,19,1,2.83997444516611,MYH14,FOS,MEF,bZIP
199,6,0,-1.05386547566528,ARHGEF4,BHLHE40,LMC,bHLH
2756,54,0,2.04133615806583,SLC7A14,USF1,LMC,bHLH
2950,21,1,-1.66854097421248,TCIRG1,FOXA1,MEF,Forkhead
1002,9,0,-1.07799221381173,FAM57A,E2F1,LMC,E2F
120,7,0,1.7035119145022,ALPK3,CTCF,LMC,Zf
2617,0,1,-1.57128814337927,SEPP1,ATF1,MEF,bZIP
2705,56,0,1.29306234316879,SLC18A1,YY1,LMC,Zf
1454,13,0,2.20081236659231,IL21R,EGR1,LMC,Zf
3057,0,1,2.68170995556209,TNFAIP8L3,ATF1,MEF,bZIP
1208,53,0,-1.39320738985799,GLT8D2,TEAD4,LMC,TEA
2158,20,1,-1.37532100384082,PCSK5,FOSL2,MEF,bZIP
3178,53,0,1.14931869116145,UPK3B,TEAD4,LMC,TEA
556,51,1,-1.31285877421793,CHSY3,TCF12,MEF,bHLH
2660,30,1,-2.91155511354678,SHCBP1,IRF3,MEF,IRF
3007,58,0,1.50050395055643,TMEM106A,ZEB1,LMC,Zf
3004,23,1,1.36614656772633,TMBIM4,FOXM1,MEF,Forkhead
476,26,1,-1.51137963897236,CDCA7,GATA2,MEF,Zf
3174,56,1,1.62250715769651,UNC5D,YY1,MEF,Zf
2971,17,1,-1.61320180910587,TGFBR3,ETS1,MEF,ETS
1388,34,1,3.32926892128356,HRASLS,MAFK,MEF,bZIP
713,54,1,1.19144626408088,CYLD,USF1,MEF,bHLH
2747,4,0,1.18552058951319,SLC44A1,BATF,LMC,bZIP
2860,55,0,1.07250288833293,ST14,USF2,LMC,bHLH
1978,36,1,-1.51596673113993,NEURL3,MAZ,MEF,Zf
1507,37,0,3.24288630453912,IVL,MEF2A,LMC,MADS
2502,58,0,-1.53561175560559,RHOF,ZEB1,LMC,Zf
1346,59,0,1.85192391244381,HMHA1,ZKSCAN1,LMC,Zf
2040,53,0,2.06505378129042,NRN1L,TEAD4,LMC,TEA
990,55,1,1.0267829866244,FAM204A,USF2,MEF,bHLH
563,32,0,-1.89680998771946,CKAP2L,JUND,LMC,bZIP
2250,54,1,-1.29239612926271,PLEKHG3,USF1,MEF,bHLH
3104,24,1,-1.18940042398823,TRIM25,GABPA,MEF,ETS
419,50,1,-1.01212708968367,CCM2,STAT3,MEF,Stat
974,32,1,1.71578354148826,FAM159B,JUND,MEF,bZIP
2616,10,0,-1.1018521339641,SEMA6C,E2F4,LMC,E2F
2865,56,0,2.11068617163851,ST8SIA1,YY1,LMC,Zf
1658,27,0,-1.11995880005209,LIMCH1,GATA3,LMC,Zf
1914,34,1,-2.11302529516128,MYLK,MAFK,MEF,bZIP
365,17,0,1.8891319241309,CARD9,ETS1,LMC,ETS
2840,36,1,-2.37049912905105,SPOCD1,MAZ,MEF,Zf
465,27,1,-2.79960891240183,CDC20,GATA3,MEF,Zf
2250,60,1,-1.29239612926271,PLEKHG3,ZNF263,MEF,Zf
789,34,1,-1.4228230728887,DNER,MAFK,MEF,bZIP
1556,51,0,-1.81637200243214,KCNS3,TCF12,LMC,bHLH
3084,10,1,2.08975974775543,TPH2,E2F4,MEF,E2F
513,42,1,-1.61297653663404,CENPH,NRF1,MEF,NRF
939,50,1,1.71146128558084,EXPH5,STAT3,MEF,Stat
245,54,1,1.84360757510223,ATP6V0E2,USF1,MEF,bHLH
2815,23,1,-2.19314508406099,SP100,FOXM1,MEF,Forkhead
2565,21,0,-2.64494367900888,S1PR3,FOXA1,LMC,Forkhead
1570,8,1,-2.64838673861431,KIF20A,CUX1,MEF,Homeobox
262,49,1,-1.06022912878962,B4GALT1,STAT1,MEF,Stat
367,46,1,-2.58951555677959,CASC5,RFX5,MEF,HTH
2952,45,0,-1.4989629756277,TEAD2,PRDM1,LMC,Zf
3109,52,0,-1.19761227844647,TRIM7,TCF3,LMC,HMG
1749,47,1,-1.30539635239213,MAMDC2,SP1,MEF,Zf
763,14,1,2.02208135410791,DLG2,ELF1,MEF,ETS
571,29,1,1.42711232357573,CLEC11A,IRF1,MEF,IRF
2795,29,0,1.18391174334233,SNTA1,IRF1,LMC,IRF
1350,36,0,1.34567640676102,HNMT,MAZ,LMC,Zf
3043,58,1,-2.86541431803902,TMEM51,ZEB1,MEF,Zf
3069,12,0,3.12334119411955,TNNI2,EBF1,LMC,EBF
1456,47,1,2.07193000010416,IL31RA,SP1,MEF,Zf
2057,11,1,-2.89490675475079,NUF2,E2F6,MEF,E2F
1548,17,1,1.21210070568133,KCNJ4,ETS1,MEF,ETS
2990,10,1,-1.96035300857267,TK1,E2F4,MEF,E2F
899,30,1,1.47613931326266,ENPP4,IRF3,MEF,IRF
3043,35,1,-2.86541431803902,TMEM51,MAX,MEF,bHLH
1648,7,0,1.39432488372804,LGMN,CTCF,LMC,Zf
2408,55,0,-1.23672453135472,QSOX1,USF2,LMC,bHLH
1873,11,1,1.98980620104011,MREG,E2F6,MEF,E2F
714,21,1,5.83611476013381,CYP1A1,FOXA1,MEF,Forkhead
1920,32,1,-2.36359696827046,MYO1B,JUND,MEF,bZIP
793,31,1,-3.6299744403086,DOCK10,IRF4,MEF,IRF
321,6,1,-2.33853032925094,BUB1B,BHLHE40,MEF,bHLH
3092,52,0,-1.1774220041274,TRANK1,TCF3,LMC,HMG
1769,52,0,1.45666431649405,MAPK4,TCF3,LMC,HMG
465,7,0,-2.11602648113733,CDC20,CTCF,LMC,Zf
1251,1,1,-2.53128771819303,GPR183,ATF2,MEF,bZIP
77,53,1,-1.01112130167356,ADHFE1,TEAD4,MEF,TEA
2626,60,1,3.1389116323707,SERPINE2,ZNF263,MEF,Zf
945,49,0,1.62913103681418,EZR,STAT1,LMC,Stat
1201,24,1,5.88965789173088,GLDN,GABPA,MEF,ETS
2028,32,1,-1.86974211431371,NPTX2,JUND,MEF,bZIP
3173,6,1,2.89034589225712,UNC5C,BHLHE40,MEF,bHLH
3190,50,1,-7.1439541428595,VAV1,STAT3,MEF,Stat
1160,37,1,1.50128059051709,GBP6,MEF2A,MEF,MADS
3188,32,1,-1.03239494791136,VASP,JUND,MEF,bZIP
1600,31,1,1.56969787708839,KLHL8,IRF4,MEF,IRF
2324,16,0,-1.08241107682554,PRCP,ELK4,LMC,ETS
1038,56,1,-1.7113898814647,FBXO5,YY1,MEF,Zf
850,55,1,2.08524046927591,EDIL3,USF2,MEF,bHLH
35,22,0,-1.09413388951588,ACSS2,FOXA2,LMC,Forkhead
1629,56,1,-3.00952436079783,LCE1F,YY1,MEF,Zf
2196,32,1,-1.48538119052124,PGAP3,JUND,MEF,bZIP
990,16,1,1.0267829866244,FAM204A,ELK4,MEF,ETS
2264,44,1,4.18535425129478,PLP1,PBX3,MEF,Homeobox
909,12,0,-1.00616267624316,EPHB3,EBF1,LMC,EBF
1885,44,1,-1.5366281892341,MST1R,PBX3,MEF,Homeobox
3144,32,1,-1.55039503561295,TTYH3,JUND,MEF,bZIP
2765,57,1,-1.43101148114046,SLC9B2,ZBTB33,MEF,Zf
180,40,0,1.09118038613016,ARHGAP18,MYOG,LMC,bHLH
395,55,0,-1.82848990650064,CCDC37,USF2,LMC,bHLH
824,52,0,1.94903719877526,DUSP13,TCF3,LMC,HMG
1669,24,1,-2.03337449621201,LMNB1,GABPA,MEF,ETS
163,55,0,1.78850919736713,APLP1,USF2,LMC,bHLH
2092,12,0,1.14671967907741,OSGIN1,EBF1,LMC,EBF
3136,49,0,1.02552411022929,TTC9,STAT1,LMC,Stat
998,24,1,-1.63086707931467,FAM46B,GABPA,MEF,ETS
282,6,1,1.71051740897939,BDNF,BHLHE40,MEF,bHLH
1982,26,0,1.52579109621261,NFATC2,GATA2,LMC,Zf
2415,7,1,2.81829064789133,RAB26,CTCF,MEF,Zf
3050,49,0,-2.84337171935919,TMTC1,STAT1,LMC,Stat
1382,7,0,3.48115410223561,HP,CTCF,LMC,Zf
493,17,1,2.49945734223034,CDKL4,ETS1,MEF,ETS
1119,47,1,-1.79198407984428,FST,SP1,MEF,Zf
1823,11,0,1.24234769593635,MGAT3,E2F6,LMC,E2F
2180,46,0,1.00170533863714,PDPN,RFX5,LMC,HTH
2991,52,0,-1.39196377773408,TLCD1,TCF3,LMC,HMG
521,44,1,-1.47290606283231,CENPU,PBX3,MEF,Homeobox
335,12,0,2.32346443077676,C5AR2,EBF1,LMC,EBF
2069,14,0,-1.09843148661594,OAF,ELF1,LMC,ETS
2904,35,1,1.50654859946233,SV2B,MAX,MEF,bHLH
2658,0,0,-1.94369760762951,SHC2,ATF1,LMC,bZIP
2981,43,1,-1.72964937024715,TICAM2,PAX5,MEF,"Paired,Homeobox"
2024,46,1,-1.06631322407724,NPL,RFX5,MEF,HTH
1316,32,0,2.33192726597227,HCK,JUND,LMC,bZIP
488,52,1,-1.53660217902945,CDK1,TCF3,MEF,HMG
3032,50,1,-1.1495689654121,TMEM221,STAT3,MEF,Stat
2233,32,0,-2.88397557845774,PLAC8,JUND,LMC,bZIP
673,44,1,-1.42679271623708,CSRP2,PBX3,MEF,Homeobox
1725,15,0,-1.19060928486906,LURAP1L,ELK1,LMC,ETS
2956,24,0,-1.2224837088738,TERT,GABPA,LMC,ETS
1863,50,1,1.38660918288816,MORN4,STAT3,MEF,Stat
155,35,1,-1.03625605862877,AP1G2,MAX,MEF,bHLH
3061,15,1,2.64353710925184,TNFRSF19,ELK1,MEF,ETS
279,1,1,1.01856257095648,BCL11B,ATF2,MEF,bZIP
445,35,1,-3.50081866240652,CD33,MAX,MEF,bHLH
1463,17,1,-1.11626598764505,INCENP,ETS1,MEF,ETS
2292,20,1,-1.55535313200542,POLQ,FOSL2,MEF,bZIP
1141,40,0,-1.17676298077328,GALNT16,MYOG,LMC,bHLH
647,19,0,3.00856078968683,CRCT1,FOS,LMC,bZIP
473,34,0,-1.72477055854409,CDCA2,MAFK,LMC,bZIP
2245,15,1,1.39513960986858,PLEK2,ELK1,MEF,ETS
3074,46,1,1.9111052509538,TNS4,RFX5,MEF,HTH
3007,33,0,1.50050395055643,TMEM106A,MAFF,LMC,bZIP
526,17,0,-1.55044439537775,CEP72,ETS1,LMC,ETS
3154,35,0,-1.12986212277429,TXNRD3,MAX,LMC,bHLH
790,19,0,1.49979232189584,DNM1,FOS,LMC,bZIP
788,42,0,1.17421032513561,DNASE1L1,NRF1,LMC,NRF
2668,35,0,1.41931903293706,SHROOM3,MAX,LMC,bHLH
1742,56,0,1.27719188336983,MADD,YY1,LMC,Zf
510,36,0,-1.36741542509461,CENPA,MAZ,LMC,Zf
1118,13,1,1.15084131246931,FSIP1,EGR1,MEF,Zf
1618,27,1,2.02536886419006,LAMA5,GATA3,MEF,Zf
1844,50,0,-1.20694560179771,MMP11,STAT3,LMC,Stat
1506,52,0,1.17759645335527,ITPR1,TCF3,LMC,HMG
1480,56,0,-1.28566004073979,IRX1,YY1,LMC,Zf
2852,59,0,-1.40595160073724,SRD5A1,ZKSCAN1,LMC,Zf
289,14,1,-2.1762085319147,BEX4,ELF1,MEF,ETS
81,34,0,2.83948317745074,ADORA3,MAFK,LMC,bZIP
2005,13,1,-1.77461700519955,NME2,EGR1,MEF,Zf
1947,29,1,-1.98660200090861,NCAPG,IRF1,MEF,IRF
3199,54,1,1.16338139694328,VKORC1,USF1,MEF,bHLH
2460,7,1,-1.04214834320776,RASGRP4,CTCF,MEF,Zf
703,44,0,1.93390401741099,CXCR4,PBX3,LMC,Homeobox
2035,51,1,1.14847538568602,NR4A2,TCF12,MEF,bHLH
1495,58,1,-5.98637247489995,ITGAL,ZEB1,MEF,Zf
2239,19,0,2.29842766167995,PLCE1,FOS,LMC,bZIP
1818,26,1,-2.18350468371275,MFAP5,GATA2,MEF,Zf
751,7,1,3.26916636459788,DES,CTCF,MEF,Zf
1942,29,1,-1.55591983472533,NAV1,IRF1,MEF,IRF
2087,12,0,1.55451279110679,OPCML,EBF1,LMC,EBF
2224,46,1,-2.26014906231889,PKMYT1,RFX5,MEF,HTH
2073,51,0,-1.22751387229782,OBSL1,TCF12,LMC,bHLH
2187,20,1,2.4186562012654,PERP,FOSL2,MEF,bZIP
585,42,1,1.8285992255709,CLU,NRF1,MEF,NRF
265,32,0,-1.12473692026766,BAG2,JUND,LMC,bZIP
2991,32,0,-1.39196377773408,TLCD1,JUND,LMC,bZIP
450,23,1,-6.20798443020464,CD52,FOXM1,MEF,Forkhead
1943,10,1,-1.503121611781,NBEAL2,E2F4,MEF,E2F
291,28,1,1.86802523379668,BHLHA15,HNF4A,MEF,NR
1178,3,0,-1.42420978182455,GEN1,BACH1,LMC,bZIP
450,37,1,-6.20798443020464,CD52,MEF2A,MEF,MADS
2833,1,1,-7.24778929658034,SPI1,ATF2,MEF,bZIP
2085,46,1,1.96396684336509,ONECUT2,RFX5,MEF,HTH
3,21,0,-1.10411587503093,AASS,FOXA1,LMC,Forkhead
3057,44,1,2.68170995556209,TNFAIP8L3,PBX3,MEF,Homeobox
1943,36,1,-1.503121611781,NBEAL2,MAZ,MEF,Zf
953,36,1,1.08611680455142,FAAH,MAZ,MEF,Zf
508,3,0,-2.06917111748834,CEMIP,BACH1,LMC,bZIP
1228,55,1,2.19092246900639,GPC5,USF2,MEF,bHLH
2526,15,1,1.94027712823424,RNF43,ELK1,MEF,ETS
2070,22,1,-1.74590028948839,OAS2,FOXA2,MEF,Forkhead
618,27,1,-2.54653173396879,COL4A1,GATA3,MEF,Zf
773,24,0,-1.68084694013253,DMPK,GABPA,LMC,ETS
1017,8,1,-1.97493658435611,FANCI,CUX1,MEF,Homeobox
1900,47,1,-2.16305225779513,MXD3,SP1,MEF,Zf
1734,48,1,1.03962783655705,LYRM7,SP2,MEF,Zf
698,35,0,2.17434427517752,CXADR,MAX,LMC,bHLH
2737,6,1,-1.3563199355879,SLC37A2,BHLHE40,MEF,bHLH
869,22,0,-1.17641964196285,EGFR,FOXA2,LMC,Forkhead
3214,54,1,1.09212177471396,WDR35,USF1,MEF,bHLH
3164,25,1,1.15859874462322,UBXN11,GATA1,MEF,Zf
1011,10,0,-1.74555332545619,FAM83D,E2F4,LMC,E2F
2475,13,1,-1.44061168735286,RBPMS,EGR1,MEF,Zf
2057,29,1,-2.89490675475079,NUF2,IRF1,MEF,IRF
1002,58,0,-1.07799221381173,FAM57A,ZEB1,LMC,Zf
612,29,1,1.56435807341242,COL18A1,IRF1,MEF,IRF
2760,42,1,1.47298351642871,SLC8A3,NRF1,MEF,NRF
79,53,1,2.47933029631165,ADORA1,TEAD4,MEF,TEA
735,7,1,2.41866526427043,DCX,CTCF,MEF,Zf
1399,1,0,1.22127784545729,HSPB1,ATF2,LMC,bZIP
1754,36,1,1.57566577442679,MANEAL,MAZ,MEF,Zf
698,32,0,2.17434427517752,CXADR,JUND,LMC,bZIP
2035,40,1,1.14847538568602,NR4A2,MYOG,MEF,bHLH
2818,11,1,-2.08194247908824,SP3,E2F6,MEF,E2F
2328,7,0,1.68357693735779,PRDX1,CTCF,LMC,Zf
2213,15,0,1.87203016124587,PIK3CG,ELK1,LMC,ETS
2139,3,0,-1.66108878791863,PCDH20,BACH1,LMC,bZIP
3162,30,1,-1.57637625372954,UBE2T,IRF3,MEF,IRF
1329,34,0,1.74478021809502,HHEX,MAFK,LMC,bZIP
2993,11,0,-1.98409674610173,TLE6,E2F6,LMC,E2F
1799,35,1,1.44731947095315,MECOM,MAX,MEF,bHLH
1532,60,1,-1.93918699188571,KCNB2,ZNF263,MEF,Zf
654,51,0,-2.86949451688048,CRISPLD1,TCF12,LMC,bHLH
2376,7,0,1.53243307718117,PTGIS,CTCF,LMC,Zf
2001,28,1,-2.97323600507334,NLRC4,HNF4A,MEF,NR
162,10,1,3.09879900129464,APLN,E2F4,MEF,E2F
2523,46,0,-1.17127768993016,RNF207,RFX5,LMC,HTH
1352,50,1,2.31405148866726,HOMER2,STAT3,MEF,Stat
429,25,1,-2.18405978614961,CCR3,GATA1,MEF,Zf
510,17,1,-3.04371144390706,CENPA,ETS1,MEF,ETS
3041,19,1,1.58911639566817,TMEM45A,FOS,MEF,bZIP
392,17,0,-1.59929315254546,CCDC18,ETS1,LMC,ETS
3077,33,0,-1.50867268856158,TOM1L1,MAFF,LMC,bZIP
2196,55,0,-1.22792787179975,PGAP3,USF2,LMC,bHLH
3051,27,1,1.32077569485417,TMX2,GATA3,MEF,Zf
2835,10,1,6.5797844668143,SPINK5,E2F4,MEF,E2F
519,42,0,-1.14569791585651,CENPQ,NRF1,LMC,NRF
1623,5,1,-7.95287425558167,LAPTM5,BCL11A,MEF,Zf
3051,50,1,1.32077569485417,TMX2,STAT3,MEF,Stat
2706,11,0,1.13204154483485,SLC1A2,E2F6,LMC,E2F
1027,10,0,-1.68739723753101,FBN1,E2F4,LMC,E2F
561,27,1,2.25513078197246,CITED4,GATA3,MEF,Zf
2604,8,1,-5.64915437761262,SEL1L3,CUX1,MEF,Homeobox
1864,24,1,-1.10976590286922,MOV10,GABPA,MEF,ETS
2710,15,0,1.87389290621927,SLC22A4,ELK1,LMC,ETS
1650,13,1,1.68975869198379,LHX4,EGR1,MEF,Zf
666,36,1,-3.02339189553922,CSF3R,MAZ,MEF,Zf
1897,7,1,1.36184455150581,MUM1L1,CTCF,MEF,Zf
1336,10,1,-1.36502133440852,HIST1H3G,E2F4,MEF,E2F
784,29,1,1.08312646824662,DNAJB4,IRF1,MEF,IRF
2306,7,1,4.09369922461679,PPFIA2,CTCF,MEF,Zf
1870,19,1,1.03558307447423,MR1,FOS,MEF,bZIP
786,51,0,2.16190721765373,DNAJC6,TCF12,LMC,bHLH
2646,14,1,-1.21834944449905,SH2D5,ELF1,MEF,ETS
2681,56,0,2.20950648821622,SLAMF7,YY1,LMC,Zf
2418,33,0,-1.00063840189489,RAB30,MAFF,LMC,bZIP
910,17,1,1.34784390842321,EPHB6,ETS1,MEF,ETS
1531,15,0,1.72895569764727,KCNB1,ELK1,LMC,ETS
108,44,1,1.07862740724675,ALCAM,PBX3,MEF,Homeobox
1848,46,1,1.58920096300279,MMP15,RFX5,MEF,HTH
2505,47,0,1.90830758048252,RHPN2,SP1,LMC,Zf
773,35,0,-1.68084694013253,DMPK,MAX,LMC,bHLH
1806,34,1,2.23278078032331,MEIOB,MAFK,MEF,bZIP
3035,40,1,1.69106773428587,TMEM25,MYOG,MEF,bHLH
720,11,1,1.4721106127836,CYSTM1,E2F6,MEF,E2F
2214,11,1,-3.02407127656222,PIK3R5,E2F6,MEF,E2F
413,56,1,3.17366084341025,CCL20,YY1,MEF,Zf
658,9,1,1.70454579044603,CRNDE,E2F1,MEF,E2F
1648,4,0,1.39432488372804,LGMN,BATF,LMC,bZIP
1720,40,0,-2.12555056976554,LTBP1,MYOG,LMC,bHLH
3265,23,1,-1.29404265522408,ZRANB3,FOXM1,MEF,Forkhead
1143,10,0,1.58166507184281,GALNT3,E2F4,LMC,E2F
517,7,0,-1.36881504159307,CENPN,CTCF,LMC,Zf
1605,20,1,-3.40072407726665,KNTC1,FOSL2,MEF,bZIP
1320,8,0,1.94587080773716,HCST,CUX1,LMC,Homeobox
3211,44,0,-1.06067198792734,WASF3,PBX3,LMC,Homeobox
263,14,0,-1.00072208985651,B4GALT2,ELF1,LMC,ETS
2074,36,0,2.15190725480677,OCLN,MAZ,LMC,Zf
3242,20,1,-1.42198307649673,XYLT1,FOSL2,MEF,bZIP
2702,55,1,-2.34280893316681,SLC17A6,USF2,MEF,bHLH
2953,10,0,1.39186676290857,TECPR1,E2F4,LMC,E2F
3083,40,1,1.05224662846561,TPD52L1,MYOG,MEF,bHLH
129,56,1,-1.5233402242796,AMPH,YY1,MEF,Zf
437,50,1,-3.02094555577651,CD22,STAT3,MEF,Stat
1742,54,0,1.27719188336983,MADD,USF1,LMC,bHLH
1820,17,0,1.56261648232915,MFSD12,ETS1,LMC,ETS
2744,13,1,-2.43134537231159,SLC43A1,EGR1,MEF,Zf
1747,51,1,3.56156755762499,MAL2,TCF12,MEF,bHLH
2095,13,0,-4.06327887175194,OSR2,EGR1,LMC,Zf
755,56,1,-2.13969551001548,DHFR,YY1,MEF,Zf
1799,36,1,1.44731947095315,MECOM,MAZ,MEF,Zf
2982,30,0,-1.48427698650404,TICRR,IRF3,LMC,IRF
1274,7,1,-1.13146745223396,GRB10,CTCF,MEF,Zf
3198,56,1,-1.00276680000766,VIPR1,YY1,MEF,Zf
2924,53,1,2.47982892076231,SYTL3,TEAD4,MEF,TEA
1551,46,0,2.1555893308919,KCNK13,RFX5,LMC,HTH
1565,16,1,1.32414919836251,KDM6A,ELK4,MEF,ETS
906,26,1,-1.12533092416643,EPHA4,GATA2,MEF,Zf
512,48,0,-2.24187763995752,CENPF,SP2,LMC,Zf
3069,6,1,-2.5900113745431,TNNI2,BHLHE40,MEF,bHLH
3243,46,0,-1.12058662060011,YBX3,RFX5,LMC,HTH
566,42,0,-1.1170682511222,CKS2,NRF1,LMC,NRF
1986,7,1,5.17941666726944,NGFR,CTCF,MEF,Zf
1001,48,1,-1.04671189629277,FAM49A,SP2,MEF,Zf
465,10,1,-2.79960891240183,CDC20,E2F4,MEF,E2F
5,36,1,-1.42809644144407,ABCA12,MAZ,MEF,Zf
1904,51,1,-1.32345277777374,MYCL,TCF12,MEF,bHLH
186,42,0,2.12679747173017,ARHGAP30,NRF1,LMC,NRF
2385,59,1,1.14202848091525,PTPN3,ZKSCAN1,MEF,Zf
2286,52,0,3.9140576319777,PODXL,TCF3,LMC,HMG
1767,8,1,1.01955457792166,MAPK13,CUX1,MEF,Homeobox
2804,53,1,-1.38519694231342,SOGA3,TEAD4,MEF,TEA
1432,54,1,-2.60722306957974,IGSF9,USF1,MEF,bHLH
1421,27,1,-1.30620556259726,IGF2BP3,GATA3,MEF,Zf
1471,32,1,1.06562177914796,IQCK,JUND,MEF,bZIP
2509,44,1,-1.81964590214041,RIN3,PBX3,MEF,Homeobox
3010,7,0,-1.08861239992928,TMEM119,CTCF,LMC,Zf
1197,7,0,-1.47223168263362,GJC1,CTCF,LMC,Zf
132,32,1,-1.74135466481465,ANGPT4,JUND,MEF,bZIP
2132,13,0,-3.97146035306406,PAX9,EGR1,LMC,Zf
2583,24,0,-2.5472687417079,SCML2,GABPA,LMC,ETS
2761,50,1,1.34553666729425,SLC9A2,STAT3,MEF,Stat
2592,54,1,-1.49631929595084,SCRT1,USF1,MEF,bHLH
1802,32,1,1.03338304760859,MEF2A,JUND,MEF,bZIP
1708,21,1,2.3246684076931,LRRN1,FOXA1,MEF,Forkhead
2010,29,1,-1.20623734785195,NNMT,IRF1,MEF,IRF
279,7,1,1.01856257095648,BCL11B,CTCF,MEF,Zf
1972,2,0,-1.11554916219592,NEK8,ATF3,LMC,bZIP
1581,32,0,-1.24019614259515,KIF7,JUND,LMC,bZIP
2384,19,0,1.51789813509816,PTPN22,FOS,LMC,bZIP
1292,20,0,1.18024367524871,GSDMD,FOSL2,LMC,bZIP
2648,40,0,1.60439603113436,SH3BGRL2,MYOG,LMC,bHLH
2617,51,0,1.96992512932553,SEPP1,TCF12,LMC,bHLH
1631,15,0,1.88765751605467,LCP1,ELK1,LMC,ETS
2692,1,1,-5.35420024219679,SLC15A3,ATF2,MEF,bZIP
426,3,1,1.35703714806187,CCNO,BACH1,MEF,bZIP
1742,59,0,1.27719188336983,MADD,ZKSCAN1,LMC,Zf
1183,46,1,1.51250060585978,GGH,RFX5,MEF,HTH
1030,36,0,-1.14837498921855,FBXL7,MAZ,LMC,Zf
1879,36,1,-8.84349682711062,MS4A7,MAZ,MEF,Zf
2407,35,1,2.77229742411912,QRFPR,MAX,MEF,bHLH
960,50,1,-1.35055647048614,FAH,STAT3,MEF,Stat
934,20,1,-4.11974488759282,EVI2B,FOSL2,MEF,bZIP
815,24,1,-1.01143898785543,DSCC1,GABPA,MEF,ETS
251,49,1,-2.20954496278564,AURKA,STAT1,MEF,Stat
835,14,0,-1.62654006826296,E2F7,ELF1,LMC,ETS
964,7,1,-1.0839862818283,FAM109B,CTCF,MEF,Zf
2439,0,0,1.09538100785983,RALGPS2,ATF1,LMC,bZIP
212,37,1,1.23030270494439,ARRDC3,MEF2A,MEF,MADS
1794,3,1,-2.11927424584308,MCTP1,BACH1,MEF,bZIP
2476,28,1,1.73720161916413,RCAN1,HNF4A,MEF,NR
8,36,0,-1.13492430155845,ABCA5,MAZ,LMC,Zf
759,40,0,-1.00993525857208,DIXDC1,MYOG,LMC,bHLH
1654,28,1,1.71939104623095,LIF,HNF4A,MEF,NR
1004,54,1,1.7937952784065,FAM71E1,USF1,MEF,bHLH
2205,55,1,1.19166827866803,PHOSPHO1,USF2,MEF,bHLH
1075,49,1,-1.51378545844316,FLI1,STAT1,MEF,Stat
1703,60,1,2.57491812184522,LRRC3B,ZNF263,MEF,Zf
374,19,1,1.23448574205766,CATSPER3,FOS,MEF,bZIP
1248,28,0,-1.18948709815237,GPR17,HNF4A,LMC,NR
923,41,1,-3.28974579740746,ESPL1,NANOG,MEF,Homeobox
374,27,1,1.23448574205766,CATSPER3,GATA3,MEF,Zf
1490,57,1,1.27075279553544,ITGA3,ZBTB33,MEF,Zf
2452,43,1,-4.0348588834714,RASAL3,PAX5,MEF,"Paired,Homeobox"
1869,36,0,2.08806184820025,MPZL2,MAZ,LMC,Zf
2014,46,0,1.03414208924194,NOS1AP,RFX5,LMC,HTH
2294,40,1,2.16914183980804,POPDC3,MYOG,MEF,bHLH
247,56,0,1.05206045472128,ATP8A1,YY1,LMC,Zf
499,13,0,-1.08134160329322,CDR2L,EGR1,LMC,Zf
124,60,1,-1.58393075790165,ALX4,ZNF263,MEF,Zf
1422,20,0,1.726624124986,IGFBP4,FOSL2,LMC,bZIP
963,48,1,-2.0774254545086,FAM105A,SP2,MEF,Zf
2304,32,0,-2.08467910509442,PPARGC1A,JUND,LMC,bZIP
320,13,1,-3.21931037821547,BUB1,EGR1,MEF,Zf
3144,13,1,-1.55039503561295,TTYH3,EGR1,MEF,Zf
2215,17,1,-3.53089383410937,PIK3R6,ETS1,MEF,ETS
1622,14,0,1.53083307981373,LAMC3,ELF1,LMC,ETS
1833,55,0,1.32676177165072,MITF,USF2,LMC,bHLH
3247,40,0,1.22787954452063,ZBTB7C,MYOG,LMC,bHLH
1034,36,1,1.68462784473143,FBXO32,MAZ,MEF,Zf
2029,7,1,-3.97316155345392,NPY,CTCF,MEF,Zf
2984,50,1,-1.3954703281283,TIMELESS,STAT3,MEF,Stat
1139,17,1,-2.53046737953062,GALNT12,ETS1,MEF,ETS
2932,36,0,-1.75684306726493,TAGLN,MAZ,LMC,Zf
23,16,0,-1.05465921556064,ACAT2,ELK4,LMC,ETS
1770,17,0,3.06860728912604,MARCO,ETS1,LMC,ETS
2762,41,0,1.14204392419731,SLC9A3R1,NANOG,LMC,Homeobox
2387,15,1,-4.42913865344,PTPN7,ELK1,MEF,ETS
3162,41,1,-1.57637625372954,UBE2T,NANOG,MEF,Homeobox
2162,36,1,-1.32842226091202,PDE10A,MAZ,MEF,Zf
1559,7,0,-1.66267294525053,KCTD15,CTCF,LMC,Zf
2088,9,0,-1.41192018602602,OPN3,E2F1,LMC,E2F
1310,17,0,1.76054130107465,HAP1,ETS1,LMC,ETS
2719,50,1,4.73416354031344,SLC26A7,STAT3,MEF,Stat
2138,10,0,-1.80150492518501,PCDH19,E2F4,LMC,E2F
982,0,1,1.9927673408171,FAM184A,ATF1,MEF,bZIP
1669,54,1,-2.03337449621201,LMNB1,USF1,MEF,bHLH
1429,24,0,1.33431188831457,IGSF3,GABPA,LMC,ETS
2762,11,0,1.14204392419731,SLC9A3R1,E2F6,LMC,E2F
3112,42,0,-1.02635930451426,TRNP1,NRF1,LMC,NRF
391,49,0,-1.06623168509166,CCDC159,STAT1,LMC,Stat
390,19,1,1.52252830513111,CCDC158,FOS,MEF,bZIP
1531,59,0,1.72895569764727,KCNB1,ZKSCAN1,LMC,Zf
2244,46,1,-5.80769424049116,PLEK,RFX5,MEF,HTH
485,22,1,-1.93625625374229,CDH4,FOXA2,MEF,Forkhead
3110,55,0,-2.42438042274599,TRIM71,USF2,LMC,bHLH
1885,44,0,1.57899083535637,MST1R,PBX3,LMC,Homeobox
3192,49,0,1.27281442031791,VAV3,STAT1,LMC,Stat
2951,12,1,1.7548502520091,TCP11,EBF1,MEF,EBF
1972,9,0,-1.11554916219592,NEK8,E2F1,LMC,E2F
242,11,1,-1.74134372328352,ATP2A3,E2F6,MEF,E2F
161,52,0,-1.05696766770842,APH1B,TCF3,LMC,HMG
935,31,1,-1.93427783380951,EVL,IRF4,MEF,IRF
2912,32,0,2.69237801377284,SYNGR1,JUND,LMC,bZIP
3130,37,0,1.17286507479837,TSPAN33,MEF2A,LMC,MADS
428,23,1,-2.3161581512773,CCR1,FOXM1,MEF,Forkhead
2894,43,1,-1.24756860580179,STX1A,PAX5,MEF,"Paired,Homeobox"
595,36,0,-3.63064064085732,CNN1,MAZ,LMC,Zf
2754,21,0,-1.02208795853025,SLC6A15,FOXA1,LMC,Forkhead
1669,56,1,-2.03337449621201,LMNB1,YY1,MEF,Zf
2560,19,0,1.6818514698651,S100A16,FOS,LMC,bZIP
1960,35,1,1.24843648845543,NDRG2,MAX,MEF,bHLH
2386,11,0,2.05154846441403,PTPN6,E2F6,LMC,E2F
914,43,0,2.10752386874535,EPSTI1,PAX5,LMC,"Paired,Homeobox"
2581,13,1,2.65899731180408,SCG5,EGR1,MEF,Zf
1422,10,0,1.726624124986,IGFBP4,E2F4,LMC,E2F
965,21,1,1.21645357704,FAM110C,FOXA1,MEF,Forkhead
80,53,0,-1.85487740745499,ADORA2B,TEAD4,LMC,TEA
2468,3,0,1.15511136373488,RBKS,BACH1,LMC,bZIP
2098,40,1,2.54391125493056,OTOS,MYOG,MEF,bHLH
2873,19,0,2.92349830615075,STAR,FOS,LMC,bZIP
2073,26,0,-1.22751387229782,OBSL1,GATA2,LMC,Zf
3103,42,1,-2.65821541512878,TRIM14,NRF1,MEF,NRF
1862,27,1,1.15642821553146,MORN2,GATA3,MEF,Zf
561,6,1,2.25513078197246,CITED4,BHLHE40,MEF,bHLH
368,60,1,1.37737825561998,CASKIN1,ZNF263,MEF,Zf
290,46,0,-1.33568769480773,BGN,RFX5,LMC,HTH
2614,55,0,-1.88421405995418,SEMA4G,USF2,LMC,bHLH
78,9,0,-1.84533616269219,ADM,E2F1,LMC,E2F
17,34,1,-2.9814574339715,ABI3,MAFK,MEF,bZIP
1970,51,0,-1.56249356356483,NEK2,TCF12,LMC,bHLH
211,11,0,1.53336216995019,ARRB2,E2F6,LMC,E2F
2897,23,0,-1.10735214005157,STYK1,FOXM1,LMC,Forkhead
2601,29,0,-1.33009891228235,SEC14L5,IRF1,LMC,IRF
470,52,1,-2.25890499537823,CDC42EP5,TCF3,MEF,HMG
2415,13,1,2.81829064789133,RAB26,EGR1,MEF,Zf
1274,29,1,-1.13146745223396,GRB10,IRF1,MEF,IRF
337,55,0,-1.44650094432759,CABP1,USF2,LMC,bHLH
2588,7,0,-1.2295984538184,SCN3B,CTCF,LMC,Zf
2965,36,1,-1.78231377699111,TFPI,MAZ,MEF,Zf
530,49,1,1.29315129835273,CFAP57,STAT1,MEF,Stat
2248,35,0,1.09603278515227,PLEKHA7,MAX,LMC,bHLH
1401,48,1,1.38533707225827,HSPB6,SP2,MEF,Zf
1412,44,1,1.11343240556296,IER3,PBX3,MEF,Homeobox
2366,7,1,-1.40721476381322,PSTPIP1,CTCF,MEF,Zf
295,7,1,-2.38048914578776,BIRC5,CTCF,MEF,Zf
2304,34,0,-2.08467910509442,PPARGC1A,MAFK,LMC,bZIP
3099,46,1,-1.4419627390171,TRERF1,RFX5,MEF,HTH
1617,14,0,1.53159191713736,LAMA3,ELF1,LMC,ETS
1192,35,1,1.31110381344773,GIPC2,MAX,MEF,bHLH
2509,3,1,-1.81964590214041,RIN3,BACH1,MEF,bZIP
1232,27,0,-1.41406949123652,GPM6B,GATA3,LMC,Zf
239,52,1,-4.63790115428554,ATP1A3,TCF3,MEF,HMG
2617,36,1,-1.57128814337927,SEPP1,MAZ,MEF,Zf
2259,33,1,-3.09747279205238,PLK1,MAFF,MEF,bZIP
1738,4,1,1.18278975969267,LZTFL1,BATF,MEF,bZIP
722,7,1,2.46228811504663,CYTIP,CTCF,MEF,Zf
3005,11,0,-1.1154158873604,TMC7,E2F6,LMC,E2F
2505,52,1,1.57356945981718,RHPN2,TCF3,MEF,HMG
53,37,0,1.92044353512862,ADAM8,MEF2A,LMC,MADS
558,25,0,-1.18502711991529,CIB2,GATA1,LMC,Zf
490,16,1,-1.01868372437041,CDK2,ELK4,MEF,ETS
1982,60,1,-1.37039279792407,NFATC2,ZNF263,MEF,Zf
1477,10,1,-1.28592065650619,IRF7,E2F4,MEF,E2F
526,15,0,-1.55044439537775,CEP72,ELK1,LMC,ETS
879,49,0,1.68125619987682,ELMO1,STAT1,LMC,Stat
2655,40,1,2.53033921315811,SHANK1,MYOG,MEF,bHLH
790,49,0,1.49979232189584,DNM1,STAT1,LMC,Stat
2836,53,0,2.83642546905811,SPINT1,TEAD4,LMC,TEA
2904,3,1,1.50654859946233,SV2B,BACH1,MEF,bZIP
465,33,0,-2.11602648113733,CDC20,MAFF,LMC,bZIP
1806,51,1,2.23278078032331,MEIOB,TCF12,MEF,bHLH
2678,9,1,-1.35194087586138,SKP2,E2F1,MEF,E2F
1859,56,1,-1.03444671893022,MNS1,YY1,MEF,Zf
2319,26,1,2.1115367325484,PPP1R9A,GATA2,MEF,Zf
1922,15,1,-8.72891732045066,MYO1F,ELK1,MEF,ETS
2233,19,1,-5.66207559589651,PLAC8,FOS,MEF,bZIP
2581,7,1,2.65899731180408,SCG5,CTCF,MEF,Zf
3095,12,0,1.94936423014752,TREM1,EBF1,LMC,EBF
1497,55,0,2.00198261548205,ITGB2,USF2,LMC,bHLH
968,34,0,-1.4871692627616,FAM131B,MAFK,LMC,bZIP
1949,55,1,-1.5197695139223,NCAPH,USF2,MEF,bHLH
1121,17,0,-1.09945691947873,FSTL3,ETS1,LMC,ETS
274,53,0,-1.27279559109937,BCAN,TEAD4,LMC,TEA
1216,17,1,-2.01769220406889,GNG2,ETS1,MEF,ETS
2259,18,0,-1.82009132599226,PLK1,FLI1,LMC,ETS
2603,18,1,1.0266249678335,SEC61G,FLI1,MEF,ETS
2372,19,1,-2.15192607651226,PTGER2,FOS,MEF,bZIP
2463,34,1,-2.86890580089476,RASSF4,MAFK,MEF,bZIP
770,47,0,2.04571185568345,DMC1,SP1,LMC,Zf
1436,10,0,2.10053679133287,IL10RA,E2F4,LMC,E2F
956,51,1,-1.38741182722717,FABP5,TCF12,MEF,bHLH
1323,9,1,-1.27285316107792,HEG1,E2F1,MEF,E2F
1942,11,1,-1.55591983472533,NAV1,E2F6,MEF,E2F
1832,25,1,-1.58814570551157,MIS18BP1,GATA1,MEF,Zf
2969,25,1,-1.15543613683925,TGFB1I1,GATA1,MEF,Zf
2649,40,1,-2.03793912517393,SH3BP2,MYOG,MEF,bHLH
2014,51,1,1.46367070692664,NOS1AP,TCF12,MEF,bHLH
2147,26,0,-1.46500183836945,PCDHGB5,GATA2,LMC,Zf
579,60,1,3.342796992011,CLIP4,ZNF263,MEF,Zf
2432,30,1,-1.5926751107119,RAD51AP1,IRF3,MEF,IRF
829,29,0,-1.17747353187961,DUT,IRF1,LMC,IRF
41,60,0,1.69437888610921,ACTN3,ZNF263,LMC,Zf
626,56,1,-1.34398460115517,COLEC12,YY1,MEF,Zf
1219,42,1,-2.16856191000515,GNGT2,NRF1,MEF,NRF
1904,3,1,-1.32345277777374,MYCL,BACH1,MEF,bZIP
373,44,0,1.10520537115312,CAT,PBX3,LMC,Homeobox
2362,18,0,-1.21873682208915,PSAT1,FLI1,LMC,ETS
1399,35,0,1.22127784545729,HSPB1,MAX,LMC,bHLH
2362,29,0,-1.21873682208915,PSAT1,IRF1,LMC,IRF
1434,47,1,1.1634846475528,IKZF4,SP1,MEF,Zf
3202,6,1,1.51079967442043,VNN1,BHLHE40,MEF,bHLH
2175,32,0,-2.21664881019613,PDGFRB,JUND,LMC,bZIP
883,12,0,-1.77841332512068,ELOVL6,EBF1,LMC,EBF
1436,0,1,-6.8975582995321,IL10RA,ATF1,MEF,bZIP
1181,51,1,3.4981608425236,GFRA3,TCF12,MEF,bHLH
2750,7,0,1.09773948896469,SLC46A3,CTCF,LMC,Zf
2487,5,1,-1.15876159891288,RFTN1,BCL11A,MEF,Zf
1404,27,0,1.68309567683188,HTR2B,GATA3,LMC,Zf
1701,46,0,-1.25291696020209,LRRC3,RFX5,LMC,HTH
1615,14,1,-7.24073766606764,LAIR1,ELF1,MEF,ETS
968,27,1,-2.03237435080003,FAM131B,GATA3,MEF,Zf
1683,32,0,-1.51285821312329,LPIN3,JUND,LMC,bZIP
679,49,1,-1.40673186688276,CTHRC1,STAT1,MEF,Stat
2544,13,1,1.30997366918409,RSPH1,EGR1,MEF,Zf
2551,11,1,1.47041778660776,RTN4R,E2F6,MEF,E2F
1559,57,0,-1.66267294525053,KCTD15,ZBTB33,LMC,Zf
1765,20,0,2.07220208274607,MAPK10,FOSL2,LMC,bZIP
1135,17,0,2.4400945511106,GAL,ETS1,LMC,ETS
796,24,1,-2.45501375468938,DOCK8,GABPA,MEF,ETS
1720,36,0,-2.12555056976554,LTBP1,MAZ,LMC,Zf
518,19,1,-1.46993038048477,CENPP,FOS,MEF,bZIP
210,28,1,-1.03621188563536,ARRB1,HNF4A,MEF,NR
3166,47,1,2.11848175670413,UGP2,SP1,MEF,Zf
2181,14,1,-1.00301611853457,PDXK,ELF1,MEF,ETS
754,60,1,-1.31193956690903,DGKK,ZNF263,MEF,Zf
48,14,0,-1.76261355652127,ADAM19,ELF1,LMC,ETS
1194,33,1,1.95528246047761,GJA3,MAFF,MEF,bZIP
2191,49,1,-1.12489024784302,PFKFB3,STAT1,MEF,Stat
2218,1,1,1.38151712699702,PIP5K1B,ATF2,MEF,bZIP
2917,11,1,-2.23093925047887,SYT1,E2F6,MEF,E2F
1732,50,1,2.35275440321985,LYPD6B,STAT3,MEF,Stat
3149,26,1,-1.58235400958939,TUBB4A,GATA2,MEF,Zf
1657,43,0,1.80988149856431,LILRB4,PAX5,LMC,"Paired,Homeobox"
1823,56,0,1.24234769593635,MGAT3,YY1,LMC,Zf
519,14,0,-1.14569791585651,CENPQ,ELF1,LMC,ETS
1151,11,0,1.19537425206693,GAS6,E2F6,LMC,E2F
885,32,1,-2.33876283152591,EME1,JUND,MEF,bZIP
2795,56,0,1.18391174334233,SNTA1,YY1,LMC,Zf
833,25,1,1.3486774228937,DZANK1,GATA1,MEF,Zf
1165,20,1,1.90052374476274,GCLC,FOSL2,MEF,bZIP
2655,17,0,2.50847805266977,SHANK1,ETS1,LMC,ETS
201,25,0,1.52885050575936,ARID3A,GATA1,LMC,Zf
362,55,1,-2.85800571163319,CAPN11,USF2,MEF,bHLH
2896,36,1,1.59075964649031,STXBP6,MAZ,MEF,Zf
1777,54,1,-1.18077849242485,MATN2,USF1,MEF,bHLH
2021,41,1,-1.09798854940686,NPAS4,NANOG,MEF,Homeobox
181,55,1,-2.885756251564,ARHGAP19,USF2,MEF,bHLH
1499,7,0,1.62077196013722,ITGB4,CTCF,LMC,Zf
2827,52,1,-2.00049292395943,SPC24,TCF3,MEF,HMG
2898,60,1,1.31714950392456,STYXL1,ZNF263,MEF,Zf
551,13,1,-1.00795584335134,CHST12,EGR1,MEF,Zf
468,54,1,-1.37167653448339,CDC42EP2,USF1,MEF,bHLH
953,40,1,1.08611680455142,FAAH,MYOG,MEF,bHLH
1663,2,0,-1.42073185934415,LIN7B,ATF3,LMC,bZIP
1692,54,1,-1.07379520947069,LRIG1,USF1,MEF,bHLH
3167,36,1,-2.95782767929237,UHRF1,MAZ,MEF,Zf
2251,60,0,-2.03705643469854,PLEKHG4,ZNF263,LMC,Zf
46,3,1,-3.15499513971165,ADAM12,BACH1,MEF,bZIP
1747,47,1,3.56156755762499,MAL2,SP1,MEF,Zf
1044,34,1,-5.35759327366017,FERMT3,MAFK,MEF,bZIP
1851,6,0,1.04486107822399,MMP19,BHLHE40,LMC,bHLH
163,53,0,1.78850919736713,APLP1,TEAD4,LMC,TEA
1178,15,0,-1.42420978182455,GEN1,ELK1,LMC,ETS
2204,9,1,-1.15295204263613,PHLPP1,E2F1,MEF,E2F
250,19,1,-2.34653204531107,AUNIP,FOS,MEF,bZIP
25,54,1,3.18066969946884,ACHE,USF1,MEF,bHLH
441,58,0,2.38543624011782,CD300A,ZEB1,LMC,Zf
2681,19,0,2.20950648821622,SLAMF7,FOS,LMC,bZIP
283,51,0,1.28844328309751,BEND4,TCF12,LMC,bHLH
23,59,0,-1.05465921556064,ACAT2,ZKSCAN1,LMC,Zf
3061,22,1,2.64353710925184,TNFRSF19,FOXA2,MEF,Forkhead
1757,11,1,-1.5178339960259,MAP1B,E2F6,MEF,E2F
2258,40,1,1.11911637123027,PLIN5,MYOG,MEF,bHLH
1738,21,1,1.18278975969267,LZTFL1,FOXA1,MEF,Forkhead
1360,51,0,-1.54813321757871,HOXA5,TCF12,LMC,bHLH
1240,17,1,1.54315789604289,GPR137C,ETS1,MEF,ETS
2115,36,1,2.0007037960464,PALMD,MAZ,MEF,Zf
128,54,0,1.1151143351714,AMIGO2,USF1,LMC,bHLH
2151,2,0,1.17194993474523,PCED1B,ATF3,LMC,bZIP
2308,58,1,1.37041742724006,PPFIBP2,ZEB1,MEF,Zf
1204,25,1,-2.29781702143393,GLIPR2,GATA1,MEF,Zf
1205,8,0,-1.01455709630748,GLIS2,CUX1,LMC,Homeobox
2457,46,0,1.83917249657062,RASGRF2,RFX5,LMC,HTH
598,35,0,-2.03014294484771,CNR1,MAX,LMC,bHLH
1008,14,1,1.5137643253142,FAM81A,ELF1,MEF,ETS
1756,35,0,-2.37201651279144,MAOB,MAX,LMC,bHLH
2598,54,1,1.9485947229018,SDC4,USF1,MEF,bHLH
2324,42,0,-1.08241107682554,PRCP,NRF1,LMC,NRF
1416,7,1,1.41048238806938,IFNLR1,CTCF,MEF,Zf
1292,8,0,1.18024367524871,GSDMD,CUX1,LMC,Homeobox
2610,14,1,3.66113237423188,SEMA3F,ELF1,MEF,ETS
60,53,1,1.65398276162516,ADAMTS20,TEAD4,MEF,TEA
1885,40,0,1.57899083535637,MST1R,MYOG,LMC,bHLH
200,12,0,1.18918314296214,ARHGEF6,EBF1,LMC,EBF
2057,56,0,-2.07327400721528,NUF2,YY1,LMC,Zf
2692,54,0,2.0074981520264,SLC15A3,USF1,LMC,bHLH
2394,34,1,1.40802361804601,PTPRU,MAFK,MEF,bZIP
758,54,0,-3.19592535680441,DIRAS2,USF1,LMC,bHLH
3030,35,1,2.60280360017536,TMEM200C,MAX,MEF,bHLH
2289,54,1,-1.15837612128203,POLD1,USF1,MEF,bHLH
2481,46,1,1.37011707392411,REC8,RFX5,MEF,HTH
1955,42,0,2.19064837512025,NCKAP1L,NRF1,LMC,NRF
2588,29,1,1.60874673887536,SCN3B,IRF1,MEF,IRF
2788,48,1,2.89373361638536,SNAI3,SP2,MEF,Zf
1507,4,0,3.24288630453912,IVL,BATF,LMC,bZIP
2266,54,0,1.55349884961183,PLSCR2,USF1,LMC,bHLH
2860,53,1,1.92220506495376,ST14,TEAD4,MEF,TEA
1145,2,0,2.0527973309061,GALNT6,ATF3,LMC,bZIP
639,40,0,2.08813925219602,CPNE5,MYOG,LMC,bHLH
2692,15,0,2.0074981520264,SLC15A3,ELK1,LMC,ETS
1606,47,0,1.72988866215431,KRT18,SP1,LMC,Zf
2794,6,1,-1.9308040336724,SNORA31,BHLHE40,MEF,bHLH
2516,22,0,1.27327767420977,RNF128,FOXA2,LMC,Forkhead
1177,19,1,-1.98760381087097,GDPD3,FOS,MEF,bZIP
2379,20,1,-1.1953413161225,PTMS,FOSL2,MEF,bZIP
1204,14,1,-2.29781702143393,GLIPR2,ELF1,MEF,ETS
2309,46,1,-2.02272215179299,PPL,RFX5,MEF,HTH
2950,35,0,1.15119818356183,TCIRG1,MAX,LMC,bHLH
2311,21,0,2.41960817570328,PPM1N,FOXA1,LMC,Forkhead
1568,20,1,-2.57584463626319,KIF15,FOSL2,MEF,bZIP
924,29,1,1.51210965522421,ESR2,IRF1,MEF,IRF
50,34,0,-1.37419243961117,ADAM23,MAFK,LMC,bZIP
522,3,0,1.26401131755558,CENPV,BACH1,LMC,bZIP
3191,11,1,-1.09005170142181,VAV2,E2F6,MEF,E2F
1671,37,1,-4.97271807661149,LMO2,MEF2A,MEF,MADS
563,54,0,-1.89680998771946,CKAP2L,USF1,LMC,bHLH
1580,22,1,1.73758195883596,KIF5C,FOXA2,MEF,Forkhead
1852,33,0,2.43806077923464,MMP24,MAFF,LMC,bZIP
2088,22,1,-1.89195409277433,OPN3,FOXA2,MEF,Forkhead
437,47,0,3.05569276617578,CD22,SP1,LMC,Zf
2127,53,0,-1.00905862488966,PARVA,TEAD4,LMC,TEA
119,30,0,1.82496707668492,ALPK2,IRF3,LMC,IRF
321,6,1,-2.33853032925094,BUB1B,BHLHE40,MEF,bHLH
437,7,1,-3.02094555577651,CD22,CTCF,MEF,Zf
3242,27,1,-1.42198307649673,XYLT1,GATA3,MEF,Zf
1036,3,1,1.17343244042036,FBXO44,BACH1,MEF,bZIP
226,14,1,-2.12606281183785,ASF1B,ELF1,MEF,ETS
3007,17,0,1.50050395055643,TMEM106A,ETS1,LMC,ETS
525,55,0,-1.50796370389008,CEP55,USF2,LMC,bHLH
847,34,1,-2.70515393443908,ECSCR,MAFK,MEF,bZIP
609,34,0,-2.48383705669678,COL14A1,MAFK,LMC,bZIP
2379,22,1,-1.1953413161225,PTMS,FOXA2,MEF,Forkhead
1412,44,1,1.11343240556296,IER3,PBX3,MEF,Homeobox
488,34,1,-1.53660217902945,CDK1,MAFK,MEF,bZIP
2405,46,1,-2.67313082370963,PYHIN1,RFX5,MEF,HTH
1471,7,1,1.06562177914796,IQCK,CTCF,MEF,Zf
1747,10,1,3.56156755762499,MAL2,E2F4,MEF,E2F
2780,47,1,-2.53569834479506,SMOC1,SP1,MEF,Zf
1347,40,0,-2.04350465931052,HMMR,MYOG,LMC,bHLH
133,34,1,-4.04934296136166,ANGPTL1,MAFK,MEF,bZIP
296,55,1,-1.59805342544592,BLNK,USF2,MEF,bHLH
678,34,0,1.30007498000597,CTDSPL,MAFK,LMC,bZIP
1008,54,1,1.5137643253142,FAM81A,USF1,MEF,bHLH
1075,52,1,-1.51378545844316,FLI1,TCF3,MEF,HMG
2417,46,1,2.63891593628851,RAB27B,RFX5,MEF,HTH
2582,6,1,1.20895668303294,SCIN,BHLHE40,MEF,bHLH
1264,50,0,1.81093622762232,GPR88,STAT3,LMC,Stat
1448,35,0,3.83550124674713,IL1B,MAX,LMC,bHLH
3070,24,1,-1.19928189685922,TNNI3,GABPA,MEF,ETS
1728,6,1,-4.94880148210494,LY86,BHLHE40,MEF,bHLH
1203,8,1,-3.47472678752684,GLIPR1,CUX1,MEF,Homeobox
787,56,1,1.35627669638986,DNALI1,YY1,MEF,Zf
1970,16,0,-1.56249356356483,NEK2,ELK4,LMC,ETS
713,29,1,1.19144626408088,CYLD,IRF1,MEF,IRF
462,50,0,2.47453481074841,CD86,STAT3,LMC,Stat
1868,35,1,1.20310929233379,MPV17L,MAX,MEF,bHLH
751,52,1,3.26916636459788,DES,TCF3,MEF,HMG
1436,56,1,-6.8975582995321,IL10RA,YY1,MEF,Zf
3104,36,1,-1.18940042398823,TRIM25,MAZ,MEF,Zf
3197,11,0,2.62564068851822,VILL,E2F6,LMC,E2F
1606,60,0,1.72988866215431,KRT18,ZNF263,LMC,Zf
216,51,1,3.12962584486479,ART3,TCF12,MEF,bHLH
854,60,1,-1.88598600687672,EEPD1,ZNF263,MEF,Zf
1590,49,0,-1.69056940108222,KLF8,STAT1,LMC,Stat
1428,11,0,1.7070158720852,IGSF11,E2F6,LMC,E2F
2739,50,0,1.07554724816405,SLC39A10,STAT3,LMC,Stat
250,1,1,-2.34653204531107,AUNIP,ATF2,MEF,bZIP
507,43,1,2.14841125554855,CELSR2,PAX5,MEF,"Paired,Homeobox"
1827,11,1,-1.55070929847122,MIAT,E2F6,MEF,E2F
712,24,1,-3.04220850419268,CYGB,GABPA,MEF,ETS
392,55,1,-1.85537400363895,CCDC18,USF2,MEF,bHLH
412,26,1,-1.37083219051155,CCL2,GATA2,MEF,Zf
1117,36,1,1.11413412921778,FSBP,MAZ,MEF,Zf
2882,8,0,1.37774982496442,STK10,CUX1,LMC,Homeobox
1586,7,0,-1.05305185057136,KISS1R,CTCF,LMC,Zf
2563,51,1,-1.74298734228457,S1PR1,TCF12,MEF,bHLH
2011,36,0,1.14637806348536,NOD1,MAZ,LMC,Zf
2378,32,0,1.53215201360364,PTK2B,JUND,LMC,bZIP
1640,50,1,1.31257625250338,LEPREL1,STAT3,MEF,Stat
963,46,0,1.37994791995384,FAM105A,RFX5,LMC,HTH
2830,34,0,1.75535674803708,SPEF2,MAFK,LMC,bZIP
1044,0,0,2.03531170334419,FERMT3,ATF1,LMC,bZIP
885,14,1,-2.33876283152591,EME1,ELF1,MEF,ETS
407,59,1,1.03514271363307,CCDC90B,ZKSCAN1,MEF,Zf
3168,2,1,-3.58686645117172,ULBP1,ATF3,MEF,bZIP
1154,23,1,1.83281518322755,GATA3,FOXM1,MEF,Forkhead
1398,5,1,1.08451053955341,HSPA4L,BCL11A,MEF,Zf
2460,14,1,-1.04214834320776,RASGRP4,ELF1,MEF,ETS
3241,42,1,-1.89623374434678,XKR5,NRF1,MEF,NRF
2107,6,1,1.19104829786541,P4HTM,BHLHE40,MEF,bHLH
2675,3,0,-4.16638466410103,SIX1,BACH1,LMC,bZIP
2427,7,0,2.65940971963027,RAB6B,CTCF,LMC,Zf
589,46,1,-2.54677802260555,CMTM8,RFX5,MEF,HTH
174,17,1,-1.66046329637405,ARAP1,ETS1,MEF,ETS
3241,60,0,-3.29626314196821,XKR5,ZNF263,LMC,Zf
1045,34,1,-2.12857218736207,FES,MAFK,MEF,bZIP
41,41,1,-1.29710351150971,ACTN3,NANOG,MEF,Homeobox
2667,56,0,1.04414857559594,SHROOM2,YY1,LMC,Zf
475,29,1,-1.49364324799289,CDCA5,IRF1,MEF,IRF
459,7,0,1.12279260944615,CD82,CTCF,LMC,Zf
1043,36,0,-1.20500555090751,FDPS,MAZ,LMC,Zf
1948,32,1,-2.19289973216985,NCAPG2,JUND,MEF,bZIP
1015,10,1,-2.36954301173742,FANCA,E2F4,MEF,E2F
2292,49,1,-1.55535313200542,POLQ,STAT1,MEF,Stat
2603,7,1,1.0266249678335,SEC61G,CTCF,MEF,Zf
673,22,0,-2.22575402794082,CSRP2,FOXA2,LMC,Forkhead
274,36,0,-1.27279559109937,BCAN,MAZ,LMC,Zf
1837,34,1,-1.1738204709846,MLF1,MAFK,MEF,bZIP
3138,59,0,-1.6865426189192,TTLL11,ZKSCAN1,LMC,Zf
1757,15,1,-1.5178339960259,MAP1B,ELK1,MEF,ETS
852,60,1,-1.24569712012711,EDNRA,ZNF263,MEF,Zf
1872,10,0,-1.77286048638889,MRC2,E2F4,LMC,E2F
909,56,0,-1.00616267624316,EPHB3,YY1,LMC,Zf
423,12,1,-1.02075811413919,CCNE1,EBF1,MEF,EBF
103,51,1,-1.39215846325659,AKAP12,TCF12,MEF,bHLH
295,43,0,-1.62021046144252,BIRC5,PAX5,LMC,"Paired,Homeobox"
1561,31,1,2.93846703709163,KCTD19,IRF4,MEF,IRF
1105,36,0,-1.06214111443697,FOXP4,MAZ,LMC,Zf
512,50,0,-2.24187763995752,CENPF,STAT3,LMC,Stat
3158,45,1,-1.42575660047968,UBA7,PRDM1,MEF,Zf
830,11,0,1.5526856553503,DYNC1I1,E2F6,LMC,E2F
1150,44,1,1.20650960697518,GAS1,PBX3,MEF,Homeobox
236,27,1,1.51918637169266,ATG9B,GATA3,MEF,Zf
1904,54,1,-1.32345277777374,MYCL,USF1,MEF,bHLH
2640,0,1,-2.32765090980149,SGOL1,ATF1,MEF,bZIP
1128,19,1,-4.13361961551096,FYB,FOS,MEF,bZIP
1730,5,1,-4.43367583493052,LYL1,BCL11A,MEF,Zf
3249,12,1,-3.34195234407642,ZC3H12D,EBF1,MEF,EBF
459,47,0,1.12279260944615,CD82,SP1,LMC,Zf
1342,35,0,-1.34950448426659,HMGA2,MAX,LMC,bHLH
538,51,1,-1.82717985390422,CHAF1B,TCF12,MEF,bHLH
1147,53,1,-1.06721399184908,GAPDH,TEAD4,MEF,TEA
1247,10,0,-1.8197377742624,GPR161,E2F4,LMC,E2F
2259,36,0,-1.82009132599226,PLK1,MAZ,LMC,Zf
162,35,1,3.09879900129464,APLN,MAX,MEF,bHLH
2042,36,0,2.04333873439862,NRSN1,MAZ,LMC,Zf
1276,60,1,-1.00210309059535,GREB1L,ZNF263,MEF,Zf
2750,51,0,1.09773948896469,SLC46A3,TCF12,LMC,bHLH
836,54,1,-2.76164814143304,E2F8,USF1,MEF,bHLH
2193,35,0,-2.32826181138946,PFKL,MAX,LMC,bHLH
155,46,1,-1.03625605862877,AP1G2,RFX5,MEF,HTH
3042,3,0,-1.80055534959561,TMEM47,BACH1,LMC,bZIP
1404,52,1,-3.54086153365185,HTR2B,TCF3,MEF,HMG
1655,15,1,-1.4939244371639,LIG1,ELK1,MEF,ETS
2433,1,1,-1.42510897946263,RAD51B,ATF2,MEF,bZIP
2676,10,1,-2.10780532461424,SKA1,E2F4,MEF,E2F
1715,27,1,1.35732375403136,LRTM1,GATA3,MEF,Zf
1892,8,0,-1.01142228802393,MTMR11,CUX1,LMC,Homeobox
899,49,0,1.17643647919263,ENPP4,STAT1,LMC,Stat
2259,11,0,-1.82009132599226,PLK1,E2F6,LMC,E2F
2283,7,1,1.24428918025827,PNOC,CTCF,MEF,Zf
681,27,0,1.05733599739823,CTNNAL1,GATA3,LMC,Zf
2463,45,1,-2.86890580089476,RASSF4,PRDM1,MEF,Zf
2196,19,1,-1.48538119052124,PGAP3,FOS,MEF,bZIP
3083,47,1,1.05224662846561,TPD52L1,SP1,MEF,Zf
1504,50,1,1.60619260034713,ITM2A,STAT3,MEF,Stat
553,57,0,-1.16793164129301,CHST2,ZBTB33,LMC,Zf
1395,7,1,1.04373265354892,HSD17B1,CTCF,MEF,Zf
2331,7,0,1.34577261414618,PRG4,CTCF,LMC,Zf
927,56,0,2.855110586397,ESYT3,YY1,LMC,Zf
3123,27,1,-1.16963226220387,TSHZ3,GATA3,MEF,Zf
2090,60,1,1.48097195977724,OSBPL3,ZNF263,MEF,Zf
2567,48,1,3.82922148604445,SALL1,SP2,MEF,Zf
1610,13,0,2.32436310217349,KRT8,EGR1,LMC,Zf
3,55,0,-1.10411587503093,AASS,USF2,LMC,bHLH
1368,17,1,-1.53051207799042,HOXB6,ETS1,MEF,ETS
2709,2,1,1.18981073501354,SLC22A18,ATF3,MEF,bZIP
1843,50,0,2.4930456106356,MMP10,STAT3,LMC,Stat
2011,34,0,1.14637806348536,NOD1,MAFK,LMC,bZIP
2913,11,1,1.74643857506266,SYNGR3,E2F6,MEF,E2F
2288,49,1,-1.22235801190337,POLA1,STAT1,MEF,Stat
3081,36,1,-1.4911098764873,TOX3,MAZ,MEF,Zf
1001,56,0,1.53675583410145,FAM49A,YY1,LMC,Zf
3035,49,1,1.69106773428587,TMEM25,STAT1,MEF,Stat
786,6,1,3.11057783728204,DNAJC6,BHLHE40,MEF,bHLH
797,50,1,-1.86193635058118,DOK2,STAT3,MEF,Stat
767,21,1,2.50105789905647,DLX1,FOXA1,MEF,Forkhead
817,13,0,1.918440317054,DSP,EGR1,LMC,Zf
2641,17,0,-1.30244599015757,SGOL2,ETS1,LMC,ETS
665,35,1,-4.44217521118845,CSF2RB,MAX,MEF,bHLH
233,2,0,1.1636924686686,ATF6,ATF3,LMC,bZIP
3056,12,1,-5.5076948580677,TNFAIP8L2,EBF1,MEF,EBF
2610,10,1,3.66113237423188,SEMA3F,E2F4,MEF,E2F
383,49,0,1.1674313896049,CCDC114,STAT1,LMC,Stat
3165,2,0,2.25380930016082,UCP2,ATF3,LMC,bZIP
1089,53,0,1.39840867832107,FNIP2,TEAD4,LMC,TEA
2449,20,1,2.09975394942392,RARB,FOSL2,MEF,bZIP
3085,51,0,-2.45217469460679,TPM2,TCF12,LMC,bHLH
1329,53,0,1.74478021809502,HHEX,TEAD4,LMC,TEA
2602,14,0,-1.01056989133208,SEC16B,ELF1,LMC,ETS
62,34,0,-1.72005964675759,ADAMTS6,MAFK,LMC,bZIP
559,12,1,1.50331356600909,CILP2,EBF1,MEF,EBF
52,34,1,-2.28287475331432,ADAM5,MAFK,MEF,bZIP
2399,46,1,-1.40254242700849,PVRL2,RFX5,MEF,HTH
16,54,1,-2.05030147335999,ABHD15,USF1,MEF,bHLH
1267,19,1,1.76332349236682,GPRIN3,FOS,MEF,bZIP
2853,1,1,-3.39538592314641,SRGN,ATF2,MEF,bZIP
1276,56,1,-1.00210309059535,GREB1L,YY1,MEF,Zf
174,17,1,-1.66046329637405,ARAP1,ETS1,MEF,ETS
525,60,1,-2.43362288031828,CEP55,ZNF263,MEF,Zf
1044,26,1,-5.35759327366017,FERMT3,GATA2,MEF,Zf
423,52,1,-1.02075811413919,CCNE1,TCF3,MEF,HMG
415,7,0,2.20264984010937,CCL4,CTCF,LMC,Zf
1528,35,0,2.30158238201654,KCNA7,MAX,LMC,bHLH
540,7,1,-1.27554944125757,CHD3,CTCF,MEF,Zf
1758,52,0,-2.57018479728734,MAP2,TCF3,LMC,HMG
2018,59,1,3.27657972227678,NOTUM,ZKSCAN1,MEF,Zf
837,3,0,1.07010132496993,EAF1,BACH1,LMC,bZIP
2329,28,0,-1.50059784850385,PRELID2,HNF4A,LMC,NR
618,60,1,-2.54653173396879,COL4A1,ZNF263,MEF,Zf
3186,42,1,-1.92621282947448,VANGL2,NRF1,MEF,NRF
125,50,1,1.0675509191686,AMD1,STAT3,MEF,Stat
690,56,0,1.26035094666073,CTSO,YY1,LMC,Zf
3138,59,0,-1.6865426189192,TTLL11,ZKSCAN1,LMC,Zf
3042,11,0,-1.80055534959561,TMEM47,E2F6,LMC,E2F
2446,59,0,1.07317576939101,RAP2A,ZKSCAN1,LMC,Zf
1804,56,1,1.65765544181301,MEGF9,YY1,MEF,Zf
1673,44,0,-1.32405793446346,LMTK3,PBX3,LMC,Homeobox
3250,42,0,-2.44277508235194,ZC3HAV1L,NRF1,LMC,NRF
1118,53,1,1.15084131246931,FSIP1,TEAD4,MEF,TEA
856,57,0,-1.15119532089597,EFCAB11,ZBTB33,LMC,Zf
1642,25,0,1.33464910250215,LFNG,GATA1,LMC,Zf
354,23,1,-1.076244723332,CAMK1D,FOXM1,MEF,Forkhead
1308,28,0,2.24730844762831,HAL,HNF4A,LMC,NR
818,52,1,-2.16450188489231,DTL,TCF3,MEF,HMG
2047,6,0,-1.49786300479231,NT5DC2,BHLHE40,LMC,bHLH
2414,35,0,-1.30372944762323,RAB23,MAX,LMC,bHLH
433,58,1,1.93987844078679,CD164L2,ZEB1,MEF,Zf
2217,36,1,-1.0918547115101,PIP4K2A,MAZ,MEF,Zf
1111,34,0,-1.70231293076838,FRMD5,MAFK,LMC,bZIP
1936,59,1,2.5054828141358,NALCN,ZKSCAN1,MEF,Zf
2490,5,1,-7.0311344191707,RGS1,BCL11A,MEF,Zf
703,11,0,1.93390401741099,CXCR4,E2F6,LMC,E2F
1730,5,0,2.2809729198419,LYL1,BCL11A,LMC,Zf
2270,21,1,-3.02899029193795,PLXDC1,FOXA1,MEF,Forkhead
488,18,1,-1.53660217902945,CDK1,FLI1,MEF,ETS
574,7,1,-2.89394968911665,CLEC1A,CTCF,MEF,Zf
1511,34,1,1.9335151440421,JAG2,MAFK,MEF,bZIP
2541,34,1,-1.46648013064874,RRM1,MAFK,MEF,bZIP
2033,40,0,-1.95195850424148,NR2F1,MYOG,LMC,bHLH
585,15,0,1.67296122995437,CLU,ELK1,LMC,ETS
2172,3,0,2.04366489962011,PDGFB,BACH1,LMC,bZIP
2964,29,0,1.01587424208926,TFEB,IRF1,LMC,IRF
845,60,0,1.22622352031544,ECM1,ZNF263,LMC,Zf
1569,15,0,-1.70112877149519,KIF18B,ELK1,LMC,ETS
2396,3,0,-1.1329921312171,PTRF,BACH1,LMC,bZIP
2402,35,1,-1.28053031107436,PYCARD,MAX,MEF,bHLH
1018,44,0,-2.64422151432578,FAP,PBX3,LMC,Homeobox
349,44,0,1.27751062385433,CADM2,PBX3,LMC,Homeobox
1059,43,1,-1.30648104502404,FGFR1,PAX5,MEF,"Paired,Homeobox"
1435,35,0,2.724260975043,IL10,MAX,LMC,bHLH
3162,23,1,-1.57637625372954,UBE2T,FOXM1,MEF,Forkhead
3124,50,1,1.83509447372902,TSLP,STAT3,MEF,Stat
3080,3,0,1.78306212287679,TOX2,BACH1,LMC,bZIP
1987,41,0,-1.24906714722007,NGFRAP1,NANOG,LMC,Homeobox
1765,27,0,2.07220208274607,MAPK10,GATA3,LMC,Zf
1789,44,1,-2.01469923560463,MCM3,PBX3,MEF,Homeobox
3251,12,0,-3.48563589100547,ZCCHC5,EBF1,LMC,EBF
511,36,1,-2.78967392596139,CENPE,MAZ,MEF,Zf
1210,51,1,-1.35602407698699,GMIP,TCF12,MEF,bHLH
911,47,1,1.40926174194967,EPN3,SP1,MEF,Zf
1443,15,0,-1.0708433709551,IL17RC,ELK1,LMC,ETS
1494,36,1,-1.57104123309004,ITGA9,MAZ,MEF,Zf
928,6,1,3.38236921246773,ETNPPL,BHLHE40,MEF,bHLH
2944,28,0,2.1293690334281,TBXAS1,HNF4A,LMC,NR
712,35,1,-3.04220850419268,CYGB,MAX,MEF,bHLH
269,11,0,1.22408697177346,BAMBI,E2F6,LMC,E2F
2987,33,1,-1.23658623443455,TINAG,MAFF,MEF,bZIP
2161,25,1,-1.03710458494733,PCYT1B,GATA1,MEF,Zf
1493,7,0,-2.80869199939464,ITGA8,CTCF,LMC,Zf
2814,35,0,-1.17069604188716,SOX8,MAX,LMC,bHLH
3064,15,1,3.49582714028846,TNFSF15,ELK1,MEF,ETS
2687,47,1,1.45793192482683,SLC12A5,SP1,MEF,Zf
3027,26,1,1.32712267996545,TMEM184A,GATA2,MEF,Zf
1734,58,1,1.03962783655705,LYRM7,ZEB1,MEF,Zf
1436,47,0,2.10053679133287,IL10RA,SP1,LMC,Zf
3121,51,1,1.52459878471978,TSHR,TCF12,MEF,bHLH
791,50,0,-1.80214698809254,DNM3OS,STAT3,LMC,Stat
2496,8,0,-1.87567434541817,RGS5,CUX1,LMC,Homeobox
2061,48,1,-2.58080923652457,NUSAP1,SP2,MEF,Zf
1957,21,0,-1.64466006634202,NDC80,FOXA1,LMC,Forkhead
2034,33,1,1.69022432355717,NR3C2,MAFF,MEF,bZIP
175,53,0,1.14913751880714,ARAP2,TEAD4,LMC,TEA
2898,53,1,1.31714950392456,STYXL1,TEAD4,MEF,TEA
3087,29,0,-1.33814050796436,TPPP,IRF1,LMC,IRF
2382,58,0,1.0109676241031,PTPN13,ZEB1,LMC,Zf
829,52,0,-1.17747353187961,DUT,TCF3,LMC,HMG
1018,51,0,-2.64422151432578,FAP,TCF12,LMC,bHLH
562,52,0,-1.84132809551671,CKAP2,TCF3,LMC,HMG
329,55,0,-2.28989215593683,C1QTNF6,USF2,LMC,bHLH
3097,49,0,2.5661717834217,TREML2,STAT1,LMC,Stat
3213,1,1,-7.07779776906196,WDFY4,ATF2,MEF,bZIP
2530,29,0,-2.74010037623054,ROR2,IRF1,LMC,IRF
544,11,1,1.52613161639565,CHMP4C,E2F6,MEF,E2F
2304,55,0,-2.08467910509442,PPARGC1A,USF2,LMC,bHLH
1158,42,0,-1.36462799317049,GATSL3,NRF1,LMC,NRF
423,1,0,-1.26956236728047,CCNE1,ATF2,LMC,bZIP
2047,13,0,-1.49786300479231,NT5DC2,EGR1,LMC,Zf
2540,55,1,2.25659279898351,RRAGB,USF2,MEF,bHLH
2058,33,0,1.25231194291045,NUP210,MAFF,LMC,bZIP
2737,55,1,-1.3563199355879,SLC37A2,USF2,MEF,bHLH
3060,13,1,-1.68245131894634,TNFRSF14,EGR1,MEF,Zf
2901,47,1,-5.15300147386645,SUSD3,SP1,MEF,Zf
986,10,0,-2.57188756497958,FAM198A,E2F4,LMC,E2F
1368,12,1,-1.53051207799042,HOXB6,EBF1,MEF,EBF
1943,41,1,-1.503121611781,NBEAL2,NANOG,MEF,Homeobox
2929,44,1,-1.40887334898261,TACC3,PBX3,MEF,Homeobox
206,20,1,-1.14830380637034,ARL4C,FOSL2,MEF,bZIP
2345,27,0,2.28776017045123,PRR15L,GATA3,LMC,Zf
1731,26,1,-1.28097207449901,LYN,GATA2,MEF,Zf
3248,32,0,1.97250446260735,ZBTB8B,JUND,LMC,bZIP
1422,50,1,2.42702045808045,IGFBP4,STAT3,MEF,Stat
1611,56,1,2.32954569295926,KRT80,YY1,MEF,Zf
331,29,1,-2.69422997780496,C2CD4C,IRF1,MEF,IRF
1193,44,1,2.44212621359401,GJA1,PBX3,MEF,Homeobox
484,23,1,-1.7228499073708,CDH24,FOXM1,MEF,Forkhead
906,51,0,-1.47598741093167,EPHA4,TCF12,LMC,bHLH
2463,44,1,-2.86890580089476,RASSF4,PBX3,MEF,Homeobox
2166,6,1,-2.97331523072642,PDE3B,BHLHE40,MEF,bHLH
2342,29,1,1.93262260552631,PROSER2,IRF1,MEF,IRF
381,23,1,1.13944539082864,CCDC103,FOXM1,MEF,Forkhead
1292,21,0,1.18024367524871,GSDMD,FOXA1,LMC,Forkhead
2990,18,1,-1.96035300857267,TK1,FLI1,MEF,ETS
594,3,1,2.06692287266867,CNKSR2,BACH1,MEF,bZIP
2990,11,0,-1.64263124238285,TK1,E2F6,LMC,E2F
1253,19,1,1.47966170189007,GPR3,FOS,MEF,bZIP
932,6,0,-1.0899668717568,EVA1C,BHLHE40,LMC,bHLH
1777,6,0,-2.30942689170144,MATN2,BHLHE40,LMC,bHLH
1116,53,0,-2.17563436659345,FRZB,TEAD4,LMC,TEA
2208,60,1,-2.93900889516941,PIEZO2,ZNF263,MEF,Zf
2818,2,0,-2.25716671489851,SP3,ATF3,LMC,bZIP
1451,0,0,-3.11147457656986,IL1RL1,ATF1,LMC,bZIP
2169,51,0,-1.34466387096847,PDE4D,TCF12,LMC,bHLH
2992,54,0,-1.59620965406724,TLE2,USF1,LMC,bHLH
1045,8,1,-2.12857218736207,FES,CUX1,MEF,Homeobox
39,58,1,-1.17835208367133,ACTB,ZEB1,MEF,Zf
698,16,0,2.17434427517752,CXADR,ELK4,LMC,ETS
3140,13,1,1.19302058797499,TTLL9,EGR1,MEF,Zf
698,32,0,2.17434427517752,CXADR,JUND,LMC,bZIP
359,36,0,-1.59344287396463,CAMKK1,MAZ,LMC,Zf
1572,57,1,1.40702788043446,KIF21A,ZBTB33,MEF,Zf
2091,34,0,-2.75084048443448,OSBPL6,MAFK,LMC,bZIP
34,51,1,1.10481688992728,ACSL4,TCF12,MEF,bHLH
465,27,0,-2.11602648113733,CDC20,GATA3,LMC,Zf
2774,10,1,5.10991849951047,SLITRK6,E2F4,MEF,E2F
506,24,0,1.15833364109912,CELSR1,GABPA,LMC,ETS
3254,11,1,1.00000841304495,ZFP2,E2F6,MEF,E2F
1780,35,0,-1.10292671378567,MBOAT2,MAX,LMC,bHLH
2823,42,0,-1.74134660350485,SPAG5,NRF1,LMC,NRF
1612,56,0,2.57360812690163,KYNU,YY1,LMC,Zf
2450,6,0,-1.05231333068148,RARG,BHLHE40,LMC,bHLH
1414,19,1,-1.58572532358793,IFITM1,FOS,MEF,bZIP
1203,12,1,-3.47472678752684,GLIPR1,EBF1,MEF,EBF
2028,26,0,-2.6120702319581,NPTX2,GATA2,LMC,Zf
2018,53,0,2.2590846592963,NOTUM,TEAD4,LMC,TEA
3124,51,0,-1.26446182500203,TSLP,TCF12,LMC,bHLH
762,25,0,1.09464442057264,DLEU2,GATA1,LMC,Zf
426,55,1,1.35703714806187,CCNO,USF2,MEF,bHLH
776,6,0,-1.62268773206767,DNAH1,BHLHE40,LMC,bHLH
2786,13,1,-1.24692938914532,SNAI1,EGR1,MEF,Zf
1461,11,0,-1.27116199450646,IMPDH1,E2F6,LMC,E2F
2184,7,1,-1.41509233844914,PDZRN3,CTCF,MEF,Zf
331,50,1,-2.69422997780496,C2CD4C,STAT3,MEF,Stat
913,40,1,2.0391352755535,EPS8L2,MYOG,MEF,bHLH
169,6,0,2.87784053099309,APOE,BHLHE40,LMC,bHLH
2699,8,1,-1.75701830403099,SLC16A3,CUX1,MEF,Homeobox
1310,17,0,1.76054130107465,HAP1,ETS1,LMC,ETS
846,12,0,-2.18809247674176,ECM2,EBF1,LMC,EBF
1154,46,1,1.83281518322755,GATA3,RFX5,MEF,HTH
2917,27,1,-2.23093925047887,SYT1,GATA3,MEF,Zf
716,47,0,-1.08566102735893,CYP26B1,SP1,LMC,Zf
1562,36,0,-1.33389002552835,KCTD8,MAZ,LMC,Zf
1571,24,1,-2.07809907277535,KIF20B,GABPA,MEF,ETS
2803,21,1,1.55210166985957,SOD3,FOXA1,MEF,Forkhead
3011,6,0,-2.66844146682901,TMEM121,BHLHE40,LMC,bHLH
953,3,1,1.08611680455142,FAAH,BACH1,MEF,bZIP
2855,32,1,1.00351234436897,SRPK3,JUND,MEF,bZIP
163,29,0,1.78850919736713,APLP1,IRF1,LMC,IRF
2867,14,0,1.85982327350458,ST8SIA4,ELF1,LMC,ETS
2394,26,1,1.40802361804601,PTPRU,GATA2,MEF,Zf
625,33,1,1.2030634109061,COL9A3,MAFF,MEF,bZIP
956,43,1,-1.38741182722717,FABP5,PAX5,MEF,"Paired,Homeobox"
1300,36,0,-1.41276036688138,GSTT1,MAZ,LMC,Zf
1528,29,0,2.30158238201654,KCNA7,IRF1,LMC,IRF
1330,12,1,1.58427009070658,HHIP,EBF1,MEF,EBF
817,20,1,2.49731281468413,DSP,FOSL2,MEF,bZIP
808,28,1,2.35644225333158,DPYD,HNF4A,MEF,NR
2317,59,1,-1.34514921030394,PPP1R3E,ZKSCAN1,MEF,Zf
2186,12,1,5.87974585698578,PENK,EBF1,MEF,EBF
1669,38,1,-2.03337449621201,LMNB1,MEF2C,MEF,MADS
3245,17,0,1.10045337922545,YPEL2,ETS1,LMC,ETS
3261,16,1,1.07594447809791,ZKSCAN4,ELK4,MEF,ETS
2910,3,1,1.18436067305893,SYN2,BACH1,MEF,bZIP
3,47,0,-1.10411587503093,AASS,SP1,LMC,Zf
2632,24,1,-2.46488651593845,SEZ6L2,GABPA,MEF,ETS
870,33,1,-1.20899941824855,EGLN3,MAFF,MEF,bZIP
1708,13,1,2.3246684076931,LRRN1,EGR1,MEF,Zf
801,33,1,-3.08634437231122,DPEP2,MAFF,MEF,bZIP
3203,8,1,-1.49832154904173,VSIG10L,CUX1,MEF,Homeobox
3188,59,1,-1.03239494791136,VASP,ZKSCAN1,MEF,Zf
349,49,0,1.27751062385433,CADM2,STAT1,LMC,Stat
1354,7,1,3.34006874289737,HOTAIR,CTCF,MEF,Zf
705,51,1,1.96907516552775,CXXC4,TCF12,MEF,bHLH
2516,21,0,1.27327767420977,RNF128,FOXA1,LMC,Forkhead
430,12,0,2.2504575290091,CCR5,EBF1,LMC,EBF
1839,27,1,2.8964772115961,MLPH,GATA3,MEF,Zf
701,26,1,2.79451703457795,CXCL14,GATA2,MEF,Zf
1275,56,1,-1.13562918187653,GRB14,YY1,MEF,Zf
3131,7,1,1.27435443550284,TSPYL5,CTCF,MEF,Zf
620,24,0,-1.59643801588657,COL5A1,GABPA,LMC,ETS
796,13,1,-2.45501375468938,DOCK8,EGR1,MEF,Zf
951,20,0,-1.22121692603149,F3,FOSL2,LMC,bZIP
2871,19,0,-1.81588006159571,STAG3,FOS,LMC,bZIP
3214,25,1,1.09212177471396,WDR35,GATA1,MEF,Zf
2077,48,1,-1.47688569810634,OIP5,SP2,MEF,Zf
2735,7,1,3.61270562233868,SLC35F3,CTCF,MEF,Zf
2574,35,1,-2.47219502126742,SAPCD2,MAX,MEF,bHLH
1162,46,1,1.53185787847727,GCA,RFX5,MEF,HTH
2191,17,1,-1.12489024784302,PFKFB3,ETS1,MEF,ETS
1599,15,0,1.3884595597888,KLHL6,ELK1,LMC,ETS
2727,34,0,-3.11197659189262,SLC2A4,MAFK,LMC,bZIP
3018,27,1,-3.1052722091021,TMEM156,GATA3,MEF,Zf
1371,15,1,3.72665701018455,HOXC10,ELK1,MEF,ETS
1506,13,0,1.17759645335527,ITPR1,EGR1,LMC,Zf
2186,51,1,5.87974585698578,PENK,TCF12,MEF,bHLH
3151,24,1,1.63583562988891,TULP2,GABPA,MEF,ETS
1347,33,1,-2.24742323046206,HMMR,MAFF,MEF,bZIP
2509,32,1,-1.81964590214041,RIN3,JUND,MEF,bZIP
793,36,0,1.69679601354477,DOCK10,MAZ,LMC,Zf
402,56,0,-1.63340894061638,CCDC8,YY1,LMC,Zf
280,6,1,-1.11309358236636,BCL2L11,BHLHE40,MEF,bHLH
2301,35,0,-1.30817783764579,PPAP2A,MAX,LMC,bHLH
456,36,1,-5.54692142874821,CD72,MAZ,MEF,Zf
2786,3,1,-1.24692938914532,SNAI1,BACH1,MEF,bZIP
1587,13,0,-4.44258898345232,KIT,EGR1,LMC,Zf
468,26,1,-1.37167653448339,CDC42EP2,GATA2,MEF,Zf
2756,53,0,2.04133615806583,SLC7A14,TEAD4,LMC,TEA
3092,13,1,2.68254155493558,TRANK1,EGR1,MEF,Zf
2876,47,1,-2.41808164248854,STARD9,SP1,MEF,Zf
1410,22,0,-2.01360974861739,ID4,FOXA2,LMC,Forkhead
1944,1,1,1.45496705904021,NCALD,ATF2,MEF,bZIP
3236,22,0,1.14579429923485,WWP1,FOXA2,LMC,Forkhead
922,50,1,6.70596808052321,ESM1,STAT3,MEF,Stat
773,23,0,-1.68084694013253,DMPK,FOXM1,LMC,Forkhead
978,53,0,-1.26962769990828,FAM174B,TEAD4,LMC,TEA
2664,60,0,3.26255845799029,SHISA7,ZNF263,LMC,Zf
3203,35,1,-1.49832154904173,VSIG10L,MAX,MEF,bHLH
1955,7,0,2.19064837512025,NCKAP1L,CTCF,LMC,Zf
270,54,1,-1.6177692850607,BARD1,USF1,MEF,bHLH
2838,13,1,-4.32803056240979,SPN,EGR1,MEF,Zf
2628,21,0,2.61707371539046,SERPING1,FOXA1,LMC,Forkhead
683,20,0,1.6376764867435,CTSB,FOSL2,LMC,bZIP
1582,60,1,1.09834515514093,KIF9,ZNF263,MEF,Zf
1044,58,1,-5.35759327366017,FERMT3,ZEB1,MEF,Zf
1444,14,0,1.29121899918497,IL18,ELF1,LMC,ETS
721,58,0,1.68322986154706,CYTH4,ZEB1,LMC,Zf
684,53,1,-1.47398126315698,CTSC,TEAD4,MEF,TEA
1946,0,0,-1.56584080827153,NCAPD2,ATF1,LMC,bZIP
2504,36,0,1.89206647016594,RHOV,MAZ,LMC,Zf
3250,22,0,-2.44277508235194,ZC3HAV1L,FOXA2,LMC,Forkhead
239,44,0,2.40094957643181,ATP1A3,PBX3,LMC,Homeobox
1455,1,0,-1.93874412888656,IL27RA,ATF2,LMC,bZIP
3018,26,1,-3.1052722091021,TMEM156,GATA2,MEF,Zf
3259,55,1,-1.68425029454218,ZIC1,USF2,MEF,bHLH
382,46,1,1.58885651915645,CCDC113,RFX5,MEF,HTH
3018,1,1,-3.1052722091021,TMEM156,ATF2,MEF,bZIP
419,3,1,-1.01212708968367,CCM2,BACH1,MEF,bZIP
1280,49,1,1.6184334345133,GRIA4,STAT1,MEF,Stat
1238,25,0,-1.83197015901055,GPR126,GATA1,LMC,Zf
2916,3,0,-1.25246387118424,SYNPO2,BACH1,LMC,bZIP
1431,34,1,-1.08610051353498,IGSF8,MAFK,MEF,bZIP
895,59,1,-1.81536653733997,ENO3,ZKSCAN1,MEF,Zf
1317,31,1,-5.75532877866316,HCLS1,IRF4,MEF,IRF
29,19,1,-1.44100672629891,ACOT1,FOS,MEF,bZIP
2289,12,1,-1.15837612128203,POLD1,EBF1,MEF,EBF
364,27,1,1.14635570776145,CAPS2,GATA3,MEF,Zf
1990,33,0,-1.75275991863876,NID1,MAFF,LMC,bZIP
2845,31,0,-1.12860791435859,SPRY1,IRF4,LMC,IRF
2288,17,1,-1.22235801190337,POLA1,ETS1,MEF,ETS
3146,37,1,-1.18146208962361,TUBA1C,MEF2A,MEF,MADS
2569,28,0,-1.64177687245511,SAMD14,HNF4A,LMC,NR
421,36,1,-3.46951667804334,CCNB1,MAZ,MEF,Zf
2476,56,1,1.73720161916413,RCAN1,YY1,MEF,Zf
750,49,1,2.63759907266197,DERL3,STAT1,MEF,Stat
2514,29,0,1.36002626195056,RNASEL,IRF1,LMC,IRF
1454,1,1,-2.91146005747571,IL21R,ATF2,MEF,bZIP
1990,51,0,-1.75275991863876,NID1,TCF12,LMC,bHLH
2563,46,1,-1.74298734228457,S1PR1,RFX5,MEF,HTH
1947,47,0,-1.68905460867663,NCAPG,SP1,LMC,Zf
2238,27,1,1.28793378655702,PLCD4,GATA3,MEF,Zf
2881,33,1,-1.77045279019706,STIL,MAFF,MEF,bZIP
2051,53,1,3.26103747753101,NTRK2,TEAD4,MEF,TEA
3245,43,0,1.10045337922545,YPEL2,PAX5,LMC,"Paired,Homeobox"
1045,3,1,-2.12857218736207,FES,BACH1,MEF,bZIP
337,15,0,-1.44650094432759,CABP1,ELK1,LMC,ETS
1494,13,1,-1.57104123309004,ITGA9,EGR1,MEF,Zf
767,12,1,2.50105789905647,DLX1,EBF1,MEF,EBF
1419,29,0,-1.21569532165632,IGF2BP1,IRF1,LMC,IRF
982,54,1,1.9927673408171,FAM184A,USF1,MEF,bHLH
1313,7,1,-1.70374947892433,HAS1,CTCF,MEF,Zf
2766,36,0,2.08815946386601,SLCO2A1,MAZ,LMC,Zf
3082,12,0,-1.88460532764586,TPBG,EBF1,LMC,EBF
1471,23,1,1.06562177914796,IQCK,FOXM1,MEF,Forkhead
1530,6,0,1.63913234858528,KCNAB2,BHLHE40,LMC,bHLH
2985,24,0,1.18351069680431,TIMP1,GABPA,LMC,ETS
556,60,0,-1.5919068964405,CHSY3,ZNF263,LMC,Zf
234,13,1,-2.74791528300771,ATF7IP2,EGR1,MEF,Zf
1018,51,0,-2.64422151432578,FAP,TCF12,LMC,bHLH
2484,44,1,-1.61727756925469,REPS2,PBX3,MEF,Homeobox
2626,24,1,3.1389116323707,SERPINE2,GABPA,MEF,ETS
2288,2,1,-1.22235801190337,POLA1,ATF3,MEF,bZIP
38,7,0,-2.4281115859131,ACTA2,CTCF,LMC,Zf
1221,34,1,1.73376805098353,GORAB,MAFK,MEF,bZIP
2716,50,0,1.26433755910849,SLC25A45,STAT3,LMC,Stat
2868,20,0,2.57985214272517,STAB1,FOSL2,LMC,bZIP
2008,13,1,2.81553162174377,NMU,EGR1,MEF,Zf
1274,19,1,-1.13146745223396,GRB10,FOS,MEF,bZIP
2916,49,0,-1.25246387118424,SYNPO2,STAT1,LMC,Stat
2888,7,1,2.78456791241067,STMN2,CTCF,MEF,Zf
3146,21,1,-1.18146208962361,TUBA1C,FOXA1,MEF,Forkhead
2895,53,0,1.23445220659616,STXBP5,TEAD4,LMC,TEA
1261,42,0,1.25204635547474,GPR68,NRF1,LMC,NRF
392,55,1,-1.85537400363895,CCDC18,USF2,MEF,bHLH
1901,17,1,1.12093207460751,MYBL1,ETS1,MEF,ETS
857,28,1,1.30242094322822,EFCAB2,HNF4A,MEF,NR
1817,50,0,-4.21518342111763,MFAP4,STAT3,LMC,Stat
1731,25,1,-1.28097207449901,LYN,GATA1,MEF,Zf
895,26,0,-2.74176093683303,ENO3,GATA2,LMC,Zf
2677,40,1,-1.57464291830555,SKA3,MYOG,MEF,bHLH
1701,25,0,-1.25291696020209,LRRC3,GATA1,LMC,Zf
2308,44,1,1.37041742724006,PPFIBP2,PBX3,MEF,Homeobox
1226,10,1,-1.02045995070705,GPC2,E2F4,MEF,E2F
3074,17,1,1.9111052509538,TNS4,ETS1,MEF,ETS
2800,42,0,1.10695031251757,SOAT1,NRF1,LMC,NRF
2120,34,1,-1.18632632618869,PAPOLB,MAFK,MEF,bZIP
3059,36,0,-1.11813283267648,TNFRSF11B,MAZ,LMC,Zf
1762,14,0,1.08923612818634,MAP3K8,ELF1,LMC,ETS
2323,53,1,-2.63906110655865,PRC1,TEAD4,MEF,TEA
2324,0,1,-1.08146216479517,PRCP,ATF1,MEF,bZIP
1401,43,1,1.38533707225827,HSPB6,PAX5,MEF,"Paired,Homeobox"
995,53,0,-1.34584970061181,FAM26E,TEAD4,LMC,TEA
1139,21,1,-2.53046737953062,GALNT12,FOXA1,MEF,Forkhead
824,56,0,1.94903719877526,DUSP13,YY1,LMC,Zf
2516,33,0,1.27327767420977,RNF128,MAFF,LMC,bZIP
998,2,0,-1.495435769864,FAM46B,ATF3,LMC,bZIP
2757,36,1,-3.15706759291675,SLC7A8,MAZ,MEF,Zf
251,15,0,-1.43327827973312,AURKA,ELK1,LMC,ETS
2234,54,1,4.19996079719983,PLAGL1,USF1,MEF,bHLH
3178,20,0,1.14931869116145,UPK3B,FOSL2,LMC,bZIP
279,26,1,1.01856257095648,BCL11B,GATA2,MEF,Zf
3104,56,1,-1.18940042398823,TRIM25,YY1,MEF,Zf
1647,47,1,2.33283975209078,LGI4,SP1,MEF,Zf
3221,51,1,1.62522362139339,WIPF3,TCF12,MEF,bHLH
2400,50,1,1.03281487661586,PXDC1,STAT3,MEF,Stat
1321,17,0,1.4760606765863,HDAC9,ETS1,LMC,ETS
1205,10,0,-1.01455709630748,GLIS2,E2F4,LMC,E2F
3262,12,1,1.04649386544777,ZMYND12,EBF1,MEF,EBF
3253,32,1,-1.66201529403874,ZDHHC2,JUND,MEF,bZIP
3138,12,0,-1.6865426189192,TTLL11,EBF1,LMC,EBF
875,51,1,-1.34853539641118,EHHADH,TCF12,MEF,bHLH
679,49,1,-1.40673186688276,CTHRC1,STAT1,MEF,Stat
2833,32,1,-7.24778929658034,SPI1,JUND,MEF,bZIP
1511,6,1,1.9335151440421,JAG2,BHLHE40,MEF,bHLH
1926,36,0,-1.89447926692532,MYOCD,MAZ,LMC,Zf
2744,28,1,-2.43134537231159,SLC43A1,HNF4A,MEF,NR
1862,3,1,1.15642821553146,MORN2,BACH1,MEF,bZIP
169,56,1,-4.85068676771273,APOE,YY1,MEF,Zf
512,19,1,-2.39804093947349,CENPF,FOS,MEF,bZIP
1890,14,1,-1.43423442580284,MTFR2,ELF1,MEF,ETS
1128,20,1,-4.13361961551096,FYB,FOSL2,MEF,bZIP
3026,58,0,1.20604148876069,TMEM180,ZEB1,LMC,Zf
207,3,0,1.48293126728295,ARL4D,BACH1,LMC,bZIP
796,35,0,1.30396145946653,DOCK8,MAX,LMC,bHLH
251,25,0,-1.43327827973312,AURKA,GATA1,LMC,Zf
2343,33,1,-2.24464602061636,PRR11,MAFF,MEF,bZIP
2456,46,1,2.20941304813027,RASGRF1,RFX5,MEF,HTH
2401,32,1,-1.6021867960691,PXDN,JUND,MEF,bZIP
1769,3,0,1.45666431649405,MAPK4,BACH1,LMC,bZIP
1984,27,1,-1.74102844682325,NFKBID,GATA3,MEF,Zf
794,10,0,1.90155186196009,DOCK2,E2F4,LMC,E2F
2188,41,1,3.29400810955188,PEX5L,NANOG,MEF,Homeobox
2128,13,0,1.85774573208055,PARVG,EGR1,LMC,Zf
629,11,1,5.51161757648414,COMP,E2F6,MEF,E2F
88,47,0,1.61581991005425,AGAP2,SP1,LMC,Zf
665,47,1,-4.44217521118845,CSF2RB,SP1,MEF,Zf
1757,34,1,-1.5178339960259,MAP1B,MAFK,MEF,bZIP
951,7,0,-1.22121692603149,F3,CTCF,LMC,Zf
1490,3,1,1.27075279553544,ITGA3,BACH1,MEF,bZIP
1258,35,1,2.0538960964175,GPR50,MAX,MEF,bHLH
1803,32,0,2.62997863152481,MEGF6,JUND,LMC,bZIP
921,32,1,-2.39917654570674,ESCO2,JUND,MEF,bZIP
430,50,1,-1.3414109285533,CCR5,STAT3,MEF,Stat
2452,3,0,1.99174899636394,RASAL3,BACH1,LMC,bZIP
1184,35,1,-1.16926247196897,GGN,MAX,MEF,bHLH
2343,47,1,-2.24464602061636,PRR11,SP1,MEF,Zf
2994,19,0,-2.49436125174685,TLL1,FOS,LMC,bZIP
77,47,1,-1.01112130167356,ADHFE1,SP1,MEF,Zf
1249,25,1,1.32538986076765,GPR174,GATA1,MEF,Zf
840,24,0,-2.39623612597457,EBF2,GABPA,LMC,ETS
1611,60,1,2.32954569295926,KRT80,ZNF263,MEF,Zf
1381,56,1,1.37336545244353,HOXD9,YY1,MEF,Zf
1385,6,1,-3.20156166711651,HPGD,BHLHE40,MEF,bHLH
1811,3,1,1.49384441854823,MEST,BACH1,MEF,bZIP
1865,36,1,1.14781830061223,MPC1,MAZ,MEF,Zf
999,55,0,1.1663991918586,FAM46C,USF2,LMC,bHLH
1399,46,0,1.22127784545729,HSPB1,RFX5,LMC,HTH
2706,34,0,1.13204154483485,SLC1A2,MAFK,LMC,bZIP
631,34,1,-1.04533746512875,CORO1C,MAFK,MEF,bZIP
598,21,0,-2.03014294484771,CNR1,FOXA1,LMC,Forkhead
1047,50,1,-4.65417614897977,FGD2,STAT3,MEF,Stat
276,44,1,-1.03013751610087,BCAT1,PBX3,MEF,Homeobox
2917,4,1,-2.23093925047887,SYT1,BATF,MEF,bZIP
1029,35,1,5.8131080472192,FBP2,MAX,MEF,bHLH
774,22,1,1.7919126842104,DMRTA1,FOXA2,MEF,Forkhead
162,10,1,3.09879900129464,APLN,E2F4,MEF,E2F
398,43,1,1.03875647777086,CCDC63,PAX5,MEF,"Paired,Homeobox"
316,59,1,1.64164033995591,BTC,ZKSCAN1,MEF,Zf
1890,36,1,-1.43423442580284,MTFR2,MAZ,MEF,Zf
2291,49,0,-1.23879932531305,POLE2,STAT1,LMC,Stat
1023,60,0,-2.49780599597722,FBLN1,ZNF263,LMC,Zf
1063,22,1,-1.26716204303906,FGL1,FOXA2,MEF,Forkhead
2275,22,0,1.06002019022503,PM20D2,FOXA2,LMC,Forkhead
996,58,0,-1.00862397123764,FAM3C,ZEB1,LMC,Zf
517,58,1,-2.11372772987596,CENPN,ZEB1,MEF,Zf
126,20,0,2.11977913570726,AMDHD1,FOSL2,LMC,bZIP
2386,44,0,2.05154846441403,PTPN6,PBX3,LMC,Homeobox
3010,52,0,-1.08861239992928,TMEM119,TCF3,LMC,HMG
839,52,0,-1.8998701410423,EBF1,TCF3,LMC,HMG
1491,34,1,-1.45307203272899,ITGA5,MAFK,MEF,bZIP
375,31,1,1.03187685516321,CATSPERD,IRF4,MEF,IRF
999,55,0,1.1663991918586,FAM46C,USF2,LMC,bHLH
1904,12,1,-1.32345277777374,MYCL,EBF1,MEF,EBF
2563,31,1,-1.74298734228457,S1PR1,IRF4,MEF,IRF
532,21,0,3.12385795441786,CFI,FOXA1,LMC,Forkhead
24,20,1,2.15532876906198,ACE,FOSL2,MEF,bZIP
1775,15,1,-1.0848607122183,MASTL,ELK1,MEF,ETS
2279,13,0,-1.11779213875948,PMVK,EGR1,LMC,Zf
1178,44,1,-1.94275764697771,GEN1,PBX3,MEF,Homeobox
2371,13,0,1.82345997643557,PTGDS,EGR1,LMC,Zf
821,13,1,-1.13824406119575,DTX4,EGR1,MEF,Zf
2349,26,0,-1.15565361783334,PRRT2,GATA2,LMC,Zf
1201,60,1,5.88965789173088,GLDN,ZNF263,MEF,Zf
1244,11,1,-2.02851210173342,GPR155,E2F6,MEF,E2F
1423,47,1,3.18467003561148,IGFBP5,SP1,MEF,Zf
2847,29,0,1.66700330645421,SPRY4,IRF1,LMC,IRF
198,7,1,-3.3044652172803,ARHGEF39,CTCF,MEF,Zf
3052,1,0,-2.13258332756109,TNC,ATF2,LMC,bZIP
1680,19,0,-2.52137855759845,LOXL4,FOS,LMC,bZIP
689,7,1,1.17931743807264,CTSL,CTCF,MEF,Zf
3214,31,1,1.09212177471396,WDR35,IRF4,MEF,IRF
2124,27,0,1.50966522656311,PARK2,GATA3,LMC,Zf
2472,1,1,-2.98434592973191,RBM47,ATF2,MEF,bZIP
1522,52,1,1.08597430065433,KBTBD8,TCF3,MEF,HMG
1185,51,1,1.7013245659201,GGT1,TCF12,MEF,bHLH
1335,6,1,1.04156670706997,HIST1H1C,BHLHE40,MEF,bHLH
1888,44,1,1.65438930194512,MSX2,PBX3,MEF,Homeobox
1933,29,1,-3.07995538654105,NAALAD2,IRF1,MEF,IRF
693,13,0,-1.02311552800996,CUL7,EGR1,LMC,Zf
2160,42,0,-1.2122647005082,PCYOX1L,NRF1,LMC,NRF
1237,40,0,-1.09288268752416,GPR125,MYOG,LMC,bHLH
159,51,1,-1.38028441051787,APBB1IP,TCF12,MEF,bHLH
2911,14,1,-2.18064992479713,SYNE2,ELF1,MEF,ETS
1232,56,1,2.4986859999998,GPM6B,YY1,MEF,Zf
499,25,1,-1.23012109848202,CDR2L,GATA1,MEF,Zf
2920,34,1,2.08463741083142,SYT7,MAFK,MEF,bZIP
1168,42,1,-1.4900698007944,GCNT2,NRF1,MEF,NRF
2965,4,1,-1.78231377699111,TFPI,BATF,MEF,bZIP
926,15,1,-1.32942090046407,ESYT1,ELK1,MEF,ETS
114,50,1,5.59270654371156,ALDH3A1,STAT3,MEF,Stat
785,49,1,1.17300266617792,DNAJB9,STAT1,MEF,Stat
1375,3,1,-1.06303572888616,HOXC6,BACH1,MEF,bZIP
630,59,1,-4.2288874048856,CORO1A,ZKSCAN1,MEF,Zf
1377,40,0,2.41891822606775,HOXD1,MYOG,LMC,bHLH
2290,37,0,-1.59233149150338,POLE,MEF2A,LMC,MADS
475,59,1,-1.49364324799289,CDCA5,ZKSCAN1,MEF,Zf
2776,26,1,-4.60380268008925,SMAGP,GATA2,MEF,Zf
1307,24,0,-1.36464889595292,H1FX,GABPA,LMC,ETS
2715,29,1,1.16918833674438,SLC25A35,IRF1,MEF,IRF
3249,55,1,-3.34195234407642,ZC3H12D,USF2,MEF,bHLH
35,8,0,-1.09413388951588,ACSS2,CUX1,LMC,Homeobox
2388,53,1,-6.55393374908947,PTPRC,TEAD4,MEF,TEA
2308,55,1,1.37041742724006,PPFIBP2,USF2,MEF,bHLH
1294,46,1,-1.33553727089329,GSG2,RFX5,MEF,HTH
463,32,1,-4.69920730790089,CD93,JUND,MEF,bZIP
700,7,1,-1.84700508578457,CXCL12,CTCF,MEF,Zf
832,55,1,-1.02758094939115,DYSF,USF2,MEF,bHLH
229,49,1,-2.81717383669163,ASPM,STAT1,MEF,Stat
1851,34,0,1.04486107822399,MMP19,MAFK,LMC,bZIP
2259,60,1,-3.09747279205238,PLK1,ZNF263,MEF,Zf
1157,6,0,1.09836704488983,GATA6,BHLHE40,LMC,bHLH
2165,32,1,1.35786064187679,PDE1C,JUND,MEF,bZIP
1943,8,1,-1.503121611781,NBEAL2,CUX1,MEF,Homeobox
2639,13,1,1.44337984031243,SGMS2,EGR1,MEF,Zf
2413,3,0,1.25384032758568,RAB20,BACH1,LMC,bZIP
895,40,0,-2.74176093683303,ENO3,MYOG,LMC,bHLH
2763,40,0,-1.37580388005319,SLC9A5,MYOG,LMC,bHLH
1101,59,1,-1.94513685071821,FOXM1,ZKSCAN1,MEF,Zf
1733,44,1,1.10498032103892,LYRM1,PBX3,MEF,Homeobox
933,33,0,2.03864850544959,EVI2A,MAFF,LMC,bZIP
1136,7,1,1.55299170719109,GAL3ST1,CTCF,MEF,Zf
2517,21,0,-3.74593415862664,RNF144A,FOXA1,LMC,Forkhead
2800,13,0,1.10695031251757,SOAT1,EGR1,LMC,Zf
863,17,1,-1.63010567722292,EFNA2,ETS1,MEF,ETS
634,51,1,1.76706738198898,COX6A2,TCF12,MEF,bHLH
2903,53,0,2.13580113389752,SV2A,TEAD4,LMC,TEA
794,3,0,1.90155186196009,DOCK2,BACH1,LMC,bZIP
41,48,0,1.69437888610921,ACTN3,SP2,LMC,Zf
2090,57,1,1.48097195977724,OSBPL3,ZBTB33,MEF,Zf
1007,23,0,1.92392739624196,FAM78A,FOXM1,LMC,Forkhead
1294,59,1,-1.33553727089329,GSG2,ZKSCAN1,MEF,Zf
349,10,0,1.27751062385433,CADM2,E2F4,LMC,E2F
3159,53,1,-1.17765017471385,UBASH3B,TEAD4,MEF,TEA
2303,12,0,-2.49135049160463,PPARA,EBF1,LMC,EBF
3069,47,1,-2.5900113745431,TNNI2,SP1,MEF,Zf
1186,7,0,2.09956808965161,GGT5,CTCF,LMC,Zf
2823,9,1,-1.90326262296788,SPAG5,E2F1,MEF,E2F
2748,27,1,-1.52946251480257,SLC44A3,GATA3,MEF,Zf
1717,40,0,-1.25931102077003,LSP1,MYOG,LMC,bHLH
1854,46,1,1.14884922719793,MMP28,RFX5,MEF,HTH
1335,23,1,1.04156670706997,HIST1H1C,FOXM1,MEF,Forkhead
2979,32,1,-5.70150854605767,THEMIS2,JUND,MEF,bZIP
3061,35,1,2.64353710925184,TNFRSF19,MAX,MEF,bHLH
2997,42,1,-1.22578015350755,TLR5,NRF1,MEF,NRF
1522,27,1,1.08597430065433,KBTBD8,GATA3,MEF,Zf
1866,17,1,-8.9216503126328,MPEG1,ETS1,MEF,ETS
354,56,1,-1.076244723332,CAMK1D,YY1,MEF,Zf
3188,25,1,-1.03239494791136,VASP,GATA1,MEF,Zf
1066,35,1,-1.11000989556267,FHL3,MAX,MEF,bHLH
2121,42,1,-1.20233983969651,PAQR4,NRF1,MEF,NRF
131,30,0,-2.66515521694027,ANGPT2,IRF3,LMC,IRF
2612,18,1,-4.22659102186172,SEMA4D,FLI1,MEF,ETS
2591,56,1,-1.78273891404674,SCN9A,YY1,MEF,Zf
2541,1,1,-1.46648013064874,RRM1,ATF2,MEF,bZIP
460,36,1,-3.73496442784358,CD83,MAZ,MEF,Zf
1598,52,1,3.39736452764113,KLHL40,TCF3,MEF,HMG
834,47,1,-1.66961603936498,E2F2,SP1,MEF,Zf
998,48,1,-1.63086707931467,FAM46B,SP2,MEF,Zf
709,49,1,-1.66905437630875,CYBA,STAT1,MEF,Stat
2949,8,0,1.39093876319334,TCFL5,CUX1,LMC,Homeobox
709,59,1,-1.66905437630875,CYBA,ZKSCAN1,MEF,Zf
489,51,0,1.13278495482569,CDK18,TCF12,LMC,bHLH
2727,23,0,-3.11197659189262,SLC2A4,FOXM1,LMC,Forkhead
3116,35,1,1.54805364676514,TRPC6,MAX,MEF,bHLH
1970,60,1,-2.2655962110482,NEK2,ZNF263,MEF,Zf
883,26,0,-1.77841332512068,ELOVL6,GATA2,LMC,Zf
324,34,1,-8.90280126208481,C1QA,MAFK,MEF,bZIP
403,15,1,1.62541196358019,CCDC80,ELK1,MEF,ETS
2167,49,1,-1.03338798370775,PDE4A,STAT1,MEF,Stat
1565,32,1,1.32414919836251,KDM6A,JUND,MEF,bZIP
470,34,1,-2.25890499537823,CDC42EP5,MAFK,MEF,bZIP
821,55,1,-1.13824406119575,DTX4,USF2,MEF,bHLH
927,53,0,2.855110586397,ESYT3,TEAD4,LMC,TEA
3160,30,1,-2.89414773676838,UBE2C,IRF3,MEF,IRF
2996,19,0,1.11613418264724,TLR4,FOS,LMC,bZIP
1622,34,0,1.53083307981373,LAMC3,MAFK,LMC,bZIP
593,6,1,2.74099485741018,CNKSR1,BHLHE40,MEF,bHLH
515,29,1,-1.48399593144254,CENPK,IRF1,MEF,IRF
3079,51,0,-1.7466844630856,TOX,TCF12,LMC,bHLH
269,25,0,1.22408697177346,BAMBI,GATA1,LMC,Zf
1057,3,1,1.78106399854373,FGF9,BACH1,MEF,bZIP
2012,15,1,2.32640773297415,NOG,ELK1,MEF,ETS
1265,9,1,2.4965943904459,GPRC5A,E2F1,MEF,E2F
2040,2,0,2.06505378129042,NRN1L,ATF3,LMC,bZIP
3019,29,0,-1.68922913667039,TMEM158,IRF1,LMC,IRF
1633,32,0,2.95929294357475,LCTL,JUND,LMC,bZIP
700,32,0,-2.60408851128574,CXCL12,JUND,LMC,bZIP
1686,53,0,-1.27921012236517,LPP,TEAD4,LMC,TEA
1012,42,1,1.78692440865319,FAM83G,NRF1,MEF,NRF
2386,20,0,2.05154846441403,PTPN6,FOSL2,LMC,bZIP
1764,6,1,1.71906055641628,MAP7,BHLHE40,MEF,bHLH
108,15,1,1.07862740724675,ALCAM,ELK1,MEF,ETS
668,27,1,2.48620898685634,CSMD3,GATA3,MEF,Zf
2838,58,1,-4.32803056240979,SPN,ZEB1,MEF,Zf
321,60,1,-2.33853032925094,BUB1B,ZNF263,MEF,Zf
920,14,0,2.3110851686836,ESAM,ELF1,LMC,ETS
1,59,1,1.17403180056416,A4GALT,ZKSCAN1,MEF,Zf
2661,43,0,-1.22957922565248,SHF,PAX5,LMC,"Paired,Homeobox"
1264,1,0,1.81093622762232,GPR88,ATF2,LMC,bZIP
388,40,1,1.1030093266029,CCDC141,MYOG,MEF,bHLH
181,47,1,-2.885756251564,ARHGAP19,SP1,MEF,Zf
760,51,0,-1.15099323210025,DKK3,TCF12,LMC,bHLH
1688,12,1,1.32207445323226,LRCH1,EBF1,MEF,EBF
3168,22,1,-3.58686645117172,ULBP1,FOXA2,MEF,Forkhead
1862,15,1,1.15642821553146,MORN2,ELK1,MEF,ETS
2023,35,1,-1.34352226122339,NPEPL1,MAX,MEF,bHLH
1118,33,1,1.15084131246931,FSIP1,MAFF,MEF,bZIP
2212,10,1,-2.02987206992837,PIK3CD,E2F4,MEF,E2F
658,56,1,1.70454579044603,CRNDE,YY1,MEF,Zf
1128,50,1,-4.13361961551096,FYB,STAT3,MEF,Stat
1946,53,1,-2.06657286608671,NCAPD2,TEAD4,MEF,TEA
1285,55,0,-1.73109418771401,GRIN1,USF2,LMC,bHLH
854,21,1,-1.88598600687672,EEPD1,FOXA1,MEF,Forkhead
774,55,1,1.7919126842104,DMRTA1,USF2,MEF,bHLH
418,34,0,1.42492286173294,CCL8,MAFK,LMC,bZIP
2343,17,1,-2.24464602061636,PRR11,ETS1,MEF,ETS
1856,33,1,-2.30005278961144,MMP9,MAFF,MEF,bZIP
698,54,0,2.17434427517752,CXADR,USF1,LMC,bHLH
1711,8,0,1.47996043864215,LRRN4,CUX1,LMC,Homeobox
2993,59,0,-1.98409674610173,TLE6,ZKSCAN1,LMC,Zf
3144,35,1,-1.55039503561295,TTYH3,MAX,MEF,bHLH
365,4,1,-4.50319938477147,CARD9,BATF,MEF,bZIP
1116,13,0,-2.17563436659345,FRZB,EGR1,LMC,Zf
235,51,0,-1.029209618599,ATG16L2,TCF12,LMC,bHLH
2362,52,0,-1.21873682208915,PSAT1,TCF3,LMC,HMG
2540,50,1,2.25659279898351,RRAGB,STAT3,MEF,Stat
910,11,1,1.34784390842321,EPHB6,E2F6,MEF,E2F
1143,35,1,2.77782967795664,GALNT3,MAX,MEF,bHLH
1474,13,1,1.58552456677636,IQUB,EGR1,MEF,Zf
998,11,0,-1.495435769864,FAM46B,E2F6,LMC,E2F
30,15,1,-1.68969657731149,ACOT4,ELK1,MEF,ETS
2811,15,0,-1.33669227241244,SOX13,ELK1,LMC,ETS
460,25,1,-3.73496442784358,CD83,GATA1,MEF,Zf
1993,17,1,1.04031542771177,NIPAL3,ETS1,MEF,ETS
1285,13,0,-1.73109418771401,GRIN1,EGR1,LMC,Zf
2976,41,0,-2.53684610242498,THBS2,NANOG,LMC,Homeobox
3104,53,1,-1.18940042398823,TRIM25,TEAD4,MEF,TEA
294,42,0,2.42043494814029,BIN2,NRF1,LMC,NRF
2193,43,0,-2.32826181138946,PFKL,PAX5,LMC,"Paired,Homeobox"
2401,53,0,-1.57442993486814,PXDN,TEAD4,LMC,TEA
2167,13,1,-1.03338798370775,PDE4A,EGR1,MEF,Zf
198,15,1,-3.3044652172803,ARHGEF39,ELK1,MEF,ETS
1570,1,1,-2.64838673861431,KIF20A,ATF2,MEF,bZIP
1586,8,0,-1.05305185057136,KISS1R,CUX1,LMC,Homeobox
2184,34,0,-1.4413091348634,PDZRN3,MAFK,LMC,bZIP
3149,60,1,-1.58235400958939,TUBB4A,ZNF263,MEF,Zf
2391,26,1,1.28130443725818,PTPRN2,GATA2,MEF,Zf
2265,14,1,3.7187952311286,PLS1,ELF1,MEF,ETS
400,25,0,-1.11019254428826,CCDC68,GATA1,LMC,Zf
885,41,1,-2.33876283152591,EME1,NANOG,MEF,Homeobox
962,10,0,-1.89184174952969,FAM101B,E2F4,LMC,E2F
17,1,0,1.71775926006339,ABI3,ATF2,LMC,bZIP
2384,50,1,1.93102337372878,PTPN22,STAT3,MEF,Stat
1981,29,1,4.35767181936915,NFASC,IRF1,MEF,IRF
1129,15,1,1.73686646600798,FZD10,ELK1,MEF,ETS
316,59,1,1.64164033995591,BTC,ZKSCAN1,MEF,Zf
2549,58,1,-1.63846403624182,RTKN2,ZEB1,MEF,Zf
1887,12,1,3.01201921354902,MSX1,EBF1,MEF,EBF
1473,58,1,-2.92615095993494,IQGAP3,ZEB1,MEF,Zf
2583,35,0,-2.5472687417079,SCML2,MAX,LMC,bHLH
1465,14,1,-1.70855556177806,INPP4B,ELF1,MEF,ETS
2944,28,0,2.1293690334281,TBXAS1,HNF4A,LMC,NR
2402,5,1,-1.28053031107436,PYCARD,BCL11A,MEF,Zf
906,19,0,-1.47598741093167,EPHA4,FOS,LMC,bZIP
3003,6,1,-3.99329327944435,TM6SF1,BHLHE40,MEF,bHLH
2651,1,1,-1.09294851276797,SH3KBP1,ATF2,MEF,bZIP
3035,47,1,1.69106773428587,TMEM25,SP1,MEF,Zf
589,21,1,-2.54677802260555,CMTM8,FOXA1,MEF,Forkhead
289,22,1,-2.1762085319147,BEX4,FOXA2,MEF,Forkhead
2704,49,0,-1.40649818857836,SLC17A9,STAT1,LMC,Stat
2653,41,1,2.32480093818971,SH3RF2,NANOG,MEF,Homeobox
1916,37,0,1.36921274168365,MYLK3,MEF2A,LMC,MADS
2672,26,1,-2.39445509281192,SIPA1,GATA2,MEF,Zf
2379,36,1,-1.1953413161225,PTMS,MAZ,MEF,Zf
1136,6,1,1.55299170719109,GAL3ST1,BHLHE40,MEF,bHLH
251,7,1,-2.20954496278564,AURKA,CTCF,MEF,Zf
1671,15,1,-4.97271807661149,LMO2,ELK1,MEF,ETS
1393,7,1,1.80356042315211,HSBP1L1,CTCF,MEF,Zf
649,43,0,1.77230520694,CREG1,PAX5,LMC,"Paired,Homeobox"
2629,19,1,-1.19226226684979,SERTAD4,FOS,MEF,bZIP
3166,55,1,2.11848175670413,UGP2,USF2,MEF,bHLH
585,17,0,1.67296122995437,CLU,ETS1,LMC,ETS
1971,53,1,-1.21916925390327,NEK6,TEAD4,MEF,TEA
1223,47,1,1.27551285037404,GP1BA,SP1,MEF,Zf
482,8,1,2.02751559025939,CDH17,CUX1,MEF,Homeobox
394,35,0,-1.48227503202476,CCDC3,MAX,LMC,bHLH
1522,36,0,1.20685854188687,KBTBD8,MAZ,LMC,Zf
923,6,1,-3.28974579740746,ESPL1,BHLHE40,MEF,bHLH
658,10,1,1.70454579044603,CRNDE,E2F4,MEF,E2F
3211,35,0,-1.06067198792734,WASF3,MAX,LMC,bHLH
2292,24,0,-1.05291940990179,POLQ,GABPA,LMC,ETS
3250,47,0,-2.44277508235194,ZC3HAV1L,SP1,LMC,Zf
415,32,0,2.20264984010937,CCL4,JUND,LMC,bZIP
1260,36,0,2.07455494213152,GPR65,MAZ,LMC,Zf
1949,32,1,-1.5197695139223,NCAPH,JUND,MEF,bZIP
78,22,0,-1.84533616269219,ADM,FOXA2,LMC,Forkhead
1490,19,1,1.27075279553544,ITGA3,FOS,MEF,bZIP
2197,6,1,-1.74476393898878,PGBD5,BHLHE40,MEF,bHLH
2541,49,1,-1.46648013064874,RRM1,STAT1,MEF,Stat
1344,36,0,-1.06304399815731,HMGCS1,MAZ,LMC,Zf
1804,19,1,1.65765544181301,MEGF9,FOS,MEF,bZIP
1244,51,1,-2.02851210173342,GPR155,TCF12,MEF,bHLH
516,7,0,-1.77252367309002,CENPM,CTCF,LMC,Zf
1324,1,1,1.80366727059498,HEPH,ATF2,MEF,bZIP
3209,26,0,1.89647986306769,VWF,GATA2,LMC,Zf
1320,34,1,-2.2017818686725,HCST,MAFK,MEF,bZIP
258,31,1,-3.11290699183217,B3GNT7,IRF4,MEF,IRF
2381,42,0,-1.02574330835592,PTPLA,NRF1,LMC,NRF
2228,50,1,2.24473724848216,PLA2G2E,STAT3,MEF,Stat
2793,60,1,1.50122491579436,SNHG12,ZNF263,MEF,Zf
1819,54,1,-2.40695501424756,MFNG,USF1,MEF,bHLH
2894,10,1,-1.24756860580179,STX1A,E2F4,MEF,E2F
1820,47,0,1.56261648232915,MFSD12,SP1,LMC,Zf
272,26,1,-1.06922081449246,BAZ1A,GATA2,MEF,Zf
2433,11,1,-1.42510897946263,RAD51B,E2F6,MEF,E2F
1693,4,1,-4.99758855508105,LRMP,BATF,MEF,bZIP
486,3,1,2.04305317601339,CDH8,BACH1,MEF,bZIP
2818,53,1,-2.08194247908824,SP3,TEAD4,MEF,TEA
400,25,0,-1.11019254428826,CCDC68,GATA1,LMC,Zf
3099,16,1,-1.4419627390171,TRERF1,ELK4,MEF,ETS
2214,52,1,-3.02407127656222,PIK3R5,TCF3,MEF,HMG
1671,53,0,1.82998282524865,LMO2,TEAD4,LMC,TEA
1399,7,0,1.22127784545729,HSPB1,CTCF,LMC,Zf
2109,42,0,-1.8177228835142,PACSIN3,NRF1,LMC,NRF
526,34,0,-1.55044439537775,CEP72,MAFK,LMC,bZIP
2711,7,0,2.53570384621805,SLC24A2,CTCF,LMC,Zf
516,19,0,-1.77252367309002,CENPM,FOS,LMC,bZIP
3248,44,0,1.97250446260735,ZBTB8B,PBX3,LMC,Homeobox
835,49,0,-1.62654006826296,E2F7,STAT1,LMC,Stat
1606,34,0,1.72988866215431,KRT18,MAFK,LMC,bZIP
895,6,1,-1.81536653733997,ENO3,BHLHE40,MEF,bHLH
565,35,0,-1.00847937566147,CKS1B,MAX,LMC,bHLH
1957,15,1,-2.61766850781226,NDC80,ELK1,MEF,ETS
1182,42,0,1.17625315120143,GGCT,NRF1,LMC,NRF
1060,35,0,-1.01652991619081,FGFR2,MAX,LMC,bHLH
421,14,1,-3.46951667804334,CCNB1,ELF1,MEF,ETS
693,23,0,-1.02311552800996,CUL7,FOXM1,LMC,Forkhead
1070,55,1,-1.95715177392112,FIGNL1,USF2,MEF,bHLH
14,11,1,1.78571231168131,ABCG4,E2F6,MEF,E2F
3150,4,1,-1.30229002037898,TUBB6,BATF,MEF,bZIP
933,33,1,-1.77779361949346,EVI2A,MAFF,MEF,bZIP
1582,31,1,1.09834515514093,KIF9,IRF4,MEF,IRF
1504,56,1,1.60619260034713,ITM2A,YY1,MEF,Zf
205,3,1,1.1241272049731,ARL4A,BACH1,MEF,bZIP
2996,54,1,1.00630163391981,TLR4,USF1,MEF,bHLH
3134,36,1,2.28253082591475,TTC21A,MAZ,MEF,Zf
439,4,0,2.39532242952227,CD28,BATF,LMC,bZIP
2948,3,1,1.89850295891172,TCF7,BACH1,MEF,bZIP
2419,55,1,-1.33693537084382,RAB33A,USF2,MEF,bHLH
251,44,0,-1.43327827973312,AURKA,PBX3,LMC,Homeobox
2504,24,0,1.89206647016594,RHOV,GABPA,LMC,ETS
707,5,1,1.78666132040675,CYB561,BCL11A,MEF,Zf
734,56,1,-1.08456438928809,DCTD,YY1,MEF,Zf
1939,29,1,1.0546966217877,NAPB,IRF1,MEF,IRF
1612,49,1,-1.20250157496329,KYNU,STAT1,MEF,Stat
510,35,1,-3.04371144390706,CENPA,MAX,MEF,bHLH
150,32,1,-1.50638570003123,ANXA4,JUND,MEF,bZIP
2039,53,0,-1.67908212368491,NRN1,TEAD4,LMC,TEA
1515,56,1,-1.16372058821472,JPH1,YY1,MEF,Zf
988,32,1,1.57124127789086,FAM19A3,JUND,MEF,bZIP
1632,30,1,-3.12652993466873,LCP2,IRF3,MEF,IRF
2396,46,0,-1.1329921312171,PTRF,RFX5,LMC,HTH
930,22,0,-1.38675971936181,EVA1A,FOXA2,LMC,Forkhead
502,32,0,1.95972854003952,CEACAM1,JUND,LMC,bZIP
17,56,1,-2.9814574339715,ABI3,YY1,MEF,Zf
828,60,1,-1.81246562273718,DUSP9,ZNF263,MEF,Zf
1208,35,0,-1.39320738985799,GLT8D2,MAX,LMC,bHLH
340,7,1,-1.36183817971496,CACNA1G,CTCF,MEF,Zf
3126,51,1,1.3204466752018,TSPAN13,TCF12,MEF,bHLH
293,35,1,2.17691382640658,BHMT,MAX,MEF,bHLH
2337,58,1,-3.36819154841887,PRKCH,ZEB1,MEF,Zf
407,24,1,1.03514271363307,CCDC90B,GABPA,MEF,ETS
189,58,0,1.26121051263682,ARHGAP44,ZEB1,LMC,Zf
1828,15,0,1.49280612326672,MICALCL,ELK1,LMC,ETS
48,32,0,-1.76261355652127,ADAM19,JUND,LMC,bZIP
2647,21,0,-2.39187793851691,SH3BGR,FOXA1,LMC,Forkhead
2939,34,1,2.29904675934665,TBX2,MAFK,MEF,bZIP
3145,26,1,-1.32949754920419,TUBA1B,GATA2,MEF,Zf
794,35,0,1.90155186196009,DOCK2,MAX,LMC,bHLH
23,25,0,-1.05465921556064,ACAT2,GATA1,LMC,Zf
2847,56,0,1.66700330645421,SPRY4,YY1,LMC,Zf
39,50,1,-1.17835208367133,ACTB,STAT3,MEF,Stat
1146,19,0,-1.44526325705322,GAMT,FOS,LMC,bZIP
1234,22,0,2.33921985430141,GPR115,FOXA2,LMC,Forkhead
767,10,1,2.50105789905647,DLX1,E2F4,MEF,E2F
2744,21,1,-2.43134537231159,SLC43A1,FOXA1,MEF,Forkhead
3253,44,1,-1.66201529403874,ZDHHC2,PBX3,MEF,Homeobox
1721,7,0,-1.39118704901339,LTBP2,CTCF,LMC,Zf
2266,26,0,1.55349884961183,PLSCR2,GATA2,LMC,Zf
218,7,0,-1.31210114322349,ARTN,CTCF,LMC,Zf
1232,34,0,-1.41406949123652,GPM6B,MAFK,LMC,bZIP
2736,52,0,1.41533311729747,SLC35G1,TCF3,LMC,HMG
516,9,1,-2.19308549025505,CENPM,E2F1,MEF,E2F
1583,6,1,1.05205299901544,KIFAP3,BHLHE40,MEF,bHLH
663,7,0,2.03887584133341,CSF1R,CTCF,LMC,Zf
2114,40,1,1.64934591944947,PAK6,MYOG,MEF,bHLH
957,56,0,-1.29344841963756,FADS2,YY1,LMC,Zf
1317,20,1,-5.75532877866316,HCLS1,FOSL2,MEF,bZIP
1726,56,0,-2.25210815276178,LY6E,YY1,LMC,Zf
55,12,0,-1.02577829579336,ADAMTS10,EBF1,LMC,EBF
2162,51,1,-1.32842226091202,PDE10A,TCF12,MEF,bHLH
253,54,1,-1.49332363548722,AXDND1,USF1,MEF,bHLH
15,10,0,1.12498979792279,ABHD12,E2F4,LMC,E2F
3145,10,1,-1.32949754920419,TUBA1B,E2F4,MEF,E2F
1414,35,1,-1.58572532358793,IFITM1,MAX,MEF,bHLH
668,49,1,2.48620898685634,CSMD3,STAT1,MEF,Stat
2405,7,0,2.98200018795822,PYHIN1,CTCF,LMC,Zf
1775,42,0,-1.29454940292656,MASTL,NRF1,LMC,NRF
2831,54,0,-1.23443575155555,SPHK1,USF1,LMC,bHLH
253,15,1,-1.49332363548722,AXDND1,ELK1,MEF,ETS
1062,35,1,-1.28672835254561,FGGY,MAX,MEF,bHLH
818,14,0,-1.41724630665825,DTL,ELF1,LMC,ETS
1956,19,1,2.06161702512849,NCKAP5,FOS,MEF,bZIP
2651,58,1,-1.09294851276797,SH3KBP1,ZEB1,MEF,Zf
1775,1,0,-1.29454940292656,MASTL,ATF2,LMC,bZIP
753,6,1,1.03542245995947,DGKI,BHLHE40,MEF,bHLH
1371,47,1,3.72665701018455,HOXC10,SP1,MEF,Zf
2164,7,0,-2.64370977784298,PDE1A,CTCF,LMC,Zf
1802,54,1,1.03338304760859,MEF2A,USF1,MEF,bHLH
2868,35,1,-6.62493723827475,STAB1,MAX,MEF,bHLH
2365,6,0,1.68072424225585,PSMB8,BHLHE40,LMC,bHLH
1175,13,1,1.5987715046868,GDF7,EGR1,MEF,Zf
1964,1,1,-1.12487910726112,NDUFA4L2,ATF2,MEF,bZIP
105,44,0,1.10064289260031,AKAP5,PBX3,LMC,Homeobox
1721,53,0,-1.39118704901339,LTBP2,TEAD4,LMC,TEA
103,60,0,-1.30472250216679,AKAP12,ZNF263,LMC,Zf
3074,6,0,1.95037145184557,TNS4,BHLHE40,LMC,bHLH
2906,35,1,1.51508658164846,SVOP,MAX,MEF,bHLH
1994,36,0,-1.53999774049714,NIPAL4,MAZ,LMC,Zf
428,25,0,1.8884736957855,CCR1,GATA1,LMC,Zf
2558,26,1,2.09365686948367,RXRG,GATA2,MEF,Zf
3086,10,1,-1.19173570792296,TPM4,E2F4,MEF,E2F
377,34,0,-1.18392674086099,CBS,MAFK,LMC,bZIP
564,51,1,2.34923091228142,CKMT2,TCF12,MEF,bHLH
275,35,0,2.08542669283767,BCAR3,MAX,LMC,bHLH
517,47,1,-2.11372772987596,CENPN,SP1,MEF,Zf
1750,6,0,-1.35662311441156,MAMSTR,BHLHE40,LMC,bHLH
2453,3,0,1.91714802696767,RASD2,BACH1,LMC,bZIP
264,4,1,-1.12777061966967,B4GALT5,BATF,MEF,bZIP
1330,12,1,1.58427009070658,HHIP,EBF1,MEF,EBF
1611,16,1,2.32954569295926,KRT80,ELK4,MEF,ETS
998,30,0,-1.495435769864,FAM46B,IRF3,LMC,IRF
2054,43,1,1.67996520029264,NUCB2,PAX5,MEF,"Paired,Homeobox"
2332,41,0,-1.45158178749255,PRIM1,NANOG,LMC,Homeobox
2875,34,1,-2.01852192431119,STARD8,MAFK,MEF,bZIP
3146,32,1,-1.18146208962361,TUBA1C,JUND,MEF,bZIP
2796,35,1,1.64096455740239,SNTB1,MAX,MEF,bHLH
1987,51,0,-1.24906714722007,NGFRAP1,TCF12,LMC,bHLH
580,52,0,1.31839983318869,CLMN,TCF3,LMC,HMG
1105,11,0,-1.06214111443697,FOXP4,E2F6,LMC,E2F
3237,6,1,-2.16278755494106,XDH,BHLHE40,MEF,bHLH
106,33,1,2.09863713318957,AKAP6,MAFF,MEF,bZIP
2084,34,0,2.94695522618019,OLR1,MAFK,LMC,bZIP
1073,22,0,-1.46075132609887,FILIP1L,FOXA2,LMC,Forkhead
2927,10,1,2.29190740218545,TAC1,E2F4,MEF,E2F
741,17,1,-1.52641846737503,DDX11,ETS1,MEF,ETS
2439,13,0,1.09538100785983,RALGPS2,EGR1,LMC,Zf
1781,14,1,-1.91399422387466,MBP,ELF1,MEF,ETS
3224,34,0,-1.2723089681888,WNK4,MAFK,LMC,bZIP
2865,19,0,2.11068617163851,ST8SIA1,FOS,LMC,bZIP
538,22,1,-1.82717985390422,CHAF1B,FOXA2,MEF,Forkhead
2046,11,0,-1.04113644878378,NT5C3B,E2F6,LMC,E2F
1281,55,0,-2.26995566801654,GRID2,USF2,LMC,bHLH
2004,53,1,-3.25660835850974,NLRP3,TEAD4,MEF,TEA
95,7,1,1.09031655649977,AHI1,CTCF,MEF,Zf
2502,1,0,-1.53561175560559,RHOF,ATF2,LMC,bZIP
742,33,1,-8.87308429668951,DDX3Y,MAFF,MEF,bZIP
1565,40,1,1.32414919836251,KDM6A,MYOG,MEF,bHLH
749,36,1,-2.5682230846885,DEPDC1B,MAZ,MEF,Zf
1205,59,0,-1.01455709630748,GLIS2,ZKSCAN1,LMC,Zf
236,34,0,1.40075052291978,ATG9B,MAFK,LMC,bZIP
1043,57,0,-1.20500555090751,FDPS,ZBTB33,LMC,Zf
1607,60,1,-2.10547219866638,KRT19,ZNF263,MEF,Zf
1648,54,0,1.39432488372804,LGMN,USF1,LMC,bHLH
1626,46,1,-1.20721833631676,LASP1,RFX5,MEF,HTH
568,36,0,-2.61696798839525,CLDN1,MAZ,LMC,Zf
750,29,1,2.63759907266197,DERL3,IRF1,MEF,IRF
2795,29,0,1.18391174334233,SNTA1,IRF1,LMC,IRF
1454,40,1,-2.91146005747571,IL21R,MYOG,MEF,bHLH
1970,11,1,-2.2655962110482,NEK2,E2F6,MEF,E2F
2057,13,1,-2.89490675475079,NUF2,EGR1,MEF,Zf
2183,36,0,1.71622619768645,PDZK1IP1,MAZ,LMC,Zf
820,3,1,1.49893410721043,DTX1,BACH1,MEF,bZIP
1793,56,1,-5.57817952899045,MCOLN3,YY1,MEF,Zf
234,6,1,-2.74791528300771,ATF7IP2,BHLHE40,MEF,bHLH
3099,15,1,-1.4419627390171,TRERF1,ELK1,MEF,ETS
2071,14,0,2.25315774616314,OAS3,ELF1,LMC,ETS
3267,1,1,-1.18322103636529,ZWILCH,ATF2,MEF,bZIP
1942,53,1,-1.55591983472533,NAV1,TEAD4,MEF,TEA
1393,59,1,1.80356042315211,HSBP1L1,ZKSCAN1,MEF,Zf
2250,47,1,-1.29239612926271,PLEKHG3,SP1,MEF,Zf
2720,50,0,-1.70576424039824,SLC27A3,STAT3,LMC,Stat
12,4,0,1.40106446309571,ABCD2,BATF,LMC,bZIP
323,36,1,1.57648450507266,C1GALT1,MAZ,MEF,Zf
3035,56,1,1.69106773428587,TMEM25,YY1,MEF,Zf
474,11,0,-1.32494426025513,CDCA3,E2F6,LMC,E2F
662,20,1,3.51310919146917,CRYM,FOSL2,MEF,bZIP
1179,10,1,-2.29869528534855,GFPT2,E2F4,MEF,E2F
315,6,0,-1.15304342329628,BTBD3,BHLHE40,LMC,bHLH
2181,50,1,-1.00301611853457,PDXK,STAT3,MEF,Stat
1811,23,1,1.49384441854823,MEST,FOXM1,MEF,Forkhead
216,37,1,3.12962584486479,ART3,MEF2A,MEF,MADS
1966,36,1,2.59471853436988,NEBL,MAZ,MEF,Zf
3043,8,1,-2.86541431803902,TMEM51,CUX1,MEF,Homeobox
2379,19,1,-1.1953413161225,PTMS,FOS,MEF,bZIP
737,6,1,-1.57237296988746,DDC,BHLHE40,MEF,bHLH
2490,56,1,-7.0311344191707,RGS1,YY1,MEF,Zf
785,41,1,1.17300266617792,DNAJB9,NANOG,MEF,Homeobox
1183,27,1,1.51250060585978,GGH,GATA3,MEF,Zf
2439,15,1,-1.16961792333877,RALGPS2,ELK1,MEF,ETS
749,15,1,-2.5682230846885,DEPDC1B,ELK1,MEF,ETS
2198,24,1,1.37336159247571,PGF,GABPA,MEF,ETS
279,46,1,1.01856257095648,BCL11B,RFX5,MEF,HTH
1633,34,0,2.95929294357475,LCTL,MAFK,LMC,bZIP
2706,32,0,1.13204154483485,SLC1A2,JUND,LMC,bZIP
188,24,1,-3.66341907785109,ARHGAP4,GABPA,MEF,ETS
2013,36,0,-2.48424313020357,NOL4,MAZ,LMC,Zf
2559,7,1,-1.04119461695992,S100A10,CTCF,MEF,Zf
1222,35,1,6.8925454629063,GOT1L1,MAX,MEF,bHLH
375,11,1,1.03187685516321,CATSPERD,E2F6,MEF,E2F
2504,49,0,1.89206647016594,RHOV,STAT1,LMC,Stat
320,15,1,-3.21931037821547,BUB1,ELK1,MEF,ETS
2070,21,0,2.37988849728914,OAS2,FOXA1,LMC,Forkhead
829,17,0,-1.17747353187961,DUT,ETS1,LMC,ETS
1827,21,1,-1.55070929847122,MIAT,FOXA1,MEF,Forkhead
321,55,1,-2.33853032925094,BUB1B,USF2,MEF,bHLH
347,40,0,-1.46523473871165,CACNB4,MYOG,LMC,bHLH
555,46,1,1.80769993725996,CHST7,RFX5,MEF,HTH
1178,34,0,-1.42420978182455,GEN1,MAFK,LMC,bZIP
1945,6,1,2.03588974200988,NCAM2,BHLHE40,MEF,bHLH
206,24,1,-1.14830380637034,ARL4C,GABPA,MEF,ETS
886,13,0,-1.4650615392872,EMILIN1,EGR1,LMC,Zf
2993,32,0,-1.98409674610173,TLE6,JUND,LMC,bZIP
2403,22,1,-3.781902171091,PYGL,FOXA2,MEF,Forkhead
2387,4,1,-4.42913865344,PTPN7,BATF,MEF,bZIP
2716,54,1,-1.50394993507876,SLC25A45,USF1,MEF,bHLH
1238,44,1,1.29241954225617,GPR126,PBX3,MEF,Homeobox
367,6,1,-2.58951555677959,CASC5,BHLHE40,MEF,bHLH
1406,32,1,-1.79022050474713,HVCN1,JUND,MEF,bZIP
151,46,0,-1.257800767497,ANXA6,RFX5,LMC,HTH
2362,14,0,-1.21873682208915,PSAT1,ELF1,LMC,ETS
1048,34,0,3.29706979403309,FGF1,MAFK,LMC,bZIP
1730,54,0,2.2809729198419,LYL1,USF1,LMC,bHLH
2671,55,0,-3.85796672875105,SIM2,USF2,LMC,bHLH
540,42,0,-1.21082079687174,CHD3,NRF1,LMC,NRF
3258,9,1,-1.44945424108124,ZFYVE28,E2F1,MEF,E2F
440,17,0,1.03797956914794,CD2AP,ETS1,LMC,ETS
2332,28,1,-1.39027810102326,PRIM1,HNF4A,MEF,NR
1039,3,1,1.10821046471605,FBXO7,BACH1,MEF,bZIP
1008,32,1,1.5137643253142,FAM81A,JUND,MEF,bZIP
2090,27,1,1.48097195977724,OSBPL3,GATA3,MEF,Zf
572,34,1,-5.19641816489421,CLEC12A,MAFK,MEF,bZIP
1890,56,1,-1.43423442580284,MTFR2,YY1,MEF,Zf
2470,3,1,2.12684463825178,RBM24,BACH1,MEF,bZIP
2532,60,0,2.16290555952614,RORC,ZNF263,LMC,Zf
1628,24,0,-1.03193745565036,LBR,GABPA,LMC,ETS
1597,46,1,-3.37533486723335,KLHL33,RFX5,MEF,HTH
1246,51,0,1.71022493459667,GPR160,TCF12,LMC,bHLH
495,53,1,1.14494216247271,CDKN2B,TEAD4,MEF,TEA
3165,59,0,2.25380930016082,UCP2,ZKSCAN1,LMC,Zf
1808,18,1,-2.5568973427432,MELK,FLI1,MEF,ETS
504,52,1,-2.42975111298666,CEBPA,TCF3,MEF,HMG
865,32,0,-1.23784885263496,EFS,JUND,LMC,bZIP
932,10,1,1.3056546926836,EVA1C,E2F4,MEF,E2F
3101,42,0,-1.46144599891915,TRHDE,NRF1,LMC,NRF
449,35,0,2.05944778582307,CD48,MAX,LMC,bHLH
924,17,1,1.51210965522421,ESR2,ETS1,MEF,ETS
998,47,1,-1.63086707931467,FAM46B,SP1,MEF,Zf
1814,49,1,1.05357159098522,METTL21A,STAT1,MEF,Stat
2881,30,1,-1.77045279019706,STIL,IRF3,MEF,IRF
2583,13,1,-1.9243825304513,SCML2,EGR1,MEF,Zf
2853,49,1,-3.39538592314641,SRGN,STAT1,MEF,Stat
2818,47,1,-2.08194247908824,SP3,SP1,MEF,Zf
2602,52,0,-1.01056989133208,SEC16B,TCF3,LMC,HMG
3028,31,1,-1.00655022948688,TMEM191C,IRF4,MEF,IRF
1317,6,0,1.70978485285036,HCLS1,BHLHE40,LMC,bHLH
1337,17,1,1.9967466068813,HIST2H2AC,ETS1,MEF,ETS
357,17,1,1.14382917544585,CAMK2N1,ETS1,MEF,ETS
1200,34,1,2.45505456378126,GLB1L2,MAFK,MEF,bZIP
2601,58,1,1.00843762708864,SEC14L5,ZEB1,MEF,Zf
2788,15,1,2.89373361638536,SNAI3,ELK1,MEF,ETS
3138,25,0,-1.6865426189192,TTLL11,GATA1,LMC,Zf
2980,36,0,-1.43334194465307,TIAM2,MAZ,LMC,Zf
785,53,1,1.17300266617792,DNAJB9,TEAD4,MEF,TEA
3213,23,1,-7.07779776906196,WDFY4,FOXM1,MEF,Forkhead
186,23,1,-7.03807552815842,ARHGAP30,FOXM1,MEF,Forkhead
2833,42,0,2.04473439363982,SPI1,NRF1,LMC,NRF
2101,44,1,1.9803470891141,P2RY10,PBX3,MEF,Homeobox
944,23,0,-1.00757252383823,EZH2,FOXM1,LMC,Forkhead
2296,46,0,2.27815777289696,POU2F2,RFX5,LMC,HTH
599,1,0,1.79219841084141,CNR2,ATF2,LMC,bZIP
838,55,1,1.09105532919989,EAF2,USF2,MEF,bHLH
1157,36,0,1.09836704488983,GATA6,MAZ,LMC,Zf
2796,40,1,1.64096455740239,SNTB1,MYOG,MEF,bHLH
1665,6,0,1.4596415262887,LIPA,BHLHE40,LMC,bHLH
206,32,0,1.03464648404982,ARL4C,JUND,LMC,bZIP
1559,57,0,-1.66267294525053,KCTD15,ZBTB33,LMC,Zf
2126,30,0,-1.97498954069546,PARPBP,IRF3,LMC,IRF
2112,7,0,2.46587352718723,PADI3,CTCF,LMC,Zf
3078,2,1,-2.8886465852491,TOP2A,ATF3,MEF,bZIP
2311,53,0,2.41960817570328,PPM1N,TEAD4,LMC,TEA
3112,32,0,-1.02635930451426,TRNP1,JUND,LMC,bZIP
1792,56,0,1.95371509724689,MCOLN2,YY1,LMC,Zf
1429,40,0,1.33431188831457,IGSF3,MYOG,LMC,bHLH
641,26,1,1.28498306362542,CPOX,GATA2,MEF,Zf
2880,55,0,1.62372781467083,STEAP4,USF2,LMC,bHLH
764,44,0,-2.00952580156248,DLGAP5,PBX3,LMC,Homeobox
2860,27,0,1.07250288833293,ST14,GATA3,LMC,Zf
405,25,1,-3.28910986231177,CCDC88B,GATA1,MEF,Zf
1269,25,0,1.56892149986449,GPSM3,GATA1,LMC,Zf
383,16,0,1.1674313896049,CCDC114,ELK4,LMC,ETS
2375,12,1,-1.54785588948123,PTGIR,EBF1,MEF,EBF
2764,34,0,1.80329251657958,SLC9A9,MAFK,LMC,bZIP
2833,6,0,2.04473439363982,SPI1,BHLHE40,LMC,bHLH
264,53,0,1.45937393436724,B4GALT5,TEAD4,LMC,TEA
3058,9,1,-2.98966494538782,TNFRSF11A,E2F1,MEF,E2F
531,7,1,1.21928716189159,CFAP61,CTCF,MEF,Zf
371,22,0,-1.48706087543006,CASS4,FOXA2,LMC,Forkhead
1340,11,0,-1.68692943375859,HLF,E2F6,LMC,E2F
198,17,1,-3.3044652172803,ARHGEF39,ETS1,MEF,ETS
105,56,0,1.10064289260031,AKAP5,YY1,LMC,Zf
475,55,1,-1.49364324799289,CDCA5,USF2,MEF,bHLH
2888,50,1,2.78456791241067,STMN2,STAT3,MEF,Stat
2764,4,0,1.80329251657958,SLC9A9,BATF,LMC,bZIP
1272,51,1,-1.64322072858882,GRAP,TCF12,MEF,bHLH
1695,25,1,-2.32937255466157,LRR1,GATA1,MEF,Zf
2934,14,0,2.09023465675641,TAL1,ELF1,LMC,ETS
2010,56,1,-1.20623734785195,NNMT,YY1,MEF,Zf
2613,58,1,2.03597997477726,SEMA4F,ZEB1,MEF,Zf
2772,53,0,1.54554930081405,SLITRK4,TEAD4,LMC,TEA
2061,32,1,-2.58080923652457,NUSAP1,JUND,MEF,bZIP
1879,34,1,-8.84349682711062,MS4A7,MAFK,MEF,bZIP
2790,32,1,-1.59761294289245,SNCAIP,JUND,MEF,bZIP
180,10,0,1.09118038613016,ARHGAP18,E2F4,LMC,E2F
3201,35,1,-1.60594919228545,VMO1,MAX,MEF,bHLH
2228,58,1,2.24473724848216,PLA2G2E,ZEB1,MEF,Zf
2867,26,0,1.85982327350458,ST8SIA4,GATA2,LMC,Zf
2583,8,0,-2.5472687417079,SCML2,CUX1,LMC,Homeobox
1136,27,0,-1.94189754480789,GAL3ST1,GATA3,LMC,Zf
1632,33,1,-3.12652993466873,LCP2,MAFF,MEF,bZIP
3103,29,1,-2.65821541512878,TRIM14,IRF1,MEF,IRF
1208,50,0,-1.39320738985799,GLT8D2,STAT3,LMC,Stat
1002,24,0,-1.07799221381173,FAM57A,GABPA,LMC,ETS
2858,35,1,1.855821143066,SSTR2,MAX,MEF,bHLH
1535,13,1,-1.95833333411484,KCND1,EGR1,MEF,Zf
804,43,0,1.95434575011244,DPP4,PAX5,LMC,"Paired,Homeobox"
1477,13,1,-1.28592065650619,IRF7,EGR1,MEF,Zf
364,32,1,1.14635570776145,CAPS2,JUND,MEF,bZIP
402,32,1,-1.55205901784518,CCDC8,JUND,MEF,bZIP
427,32,1,1.17430399831869,CCPG1,JUND,MEF,bZIP
875,49,1,-1.34853539641118,EHHADH,STAT1,MEF,Stat
990,24,1,1.0267829866244,FAM204A,GABPA,MEF,ETS
1429,11,1,-1.17707093271722,IGSF3,E2F6,MEF,E2F
299,21,1,4.14806575686464,BMP4,FOXA1,MEF,Forkhead
1272,51,0,1.91488994430451,GRAP,TCF12,LMC,bHLH
1048,25,0,3.29706979403309,FGF1,GATA1,LMC,Zf
879,1,0,1.68125619987682,ELMO1,ATF2,LMC,bZIP
1586,10,0,-1.05305185057136,KISS1R,E2F4,LMC,E2F
2168,50,0,-1.54705845470902,PDE4B,STAT3,LMC,Stat
716,42,1,2.18312835289798,CYP26B1,NRF1,MEF,NRF
2658,8,1,-2.88909226113325,SHC2,CUX1,MEF,Homeobox
1605,46,1,-3.40072407726665,KNTC1,RFX5,MEF,HTH
2587,46,0,2.58402245788979,SCN2B,RFX5,LMC,HTH
2136,53,1,1.50710935703453,PCDH17,TEAD4,MEF,TEA
1789,0,1,-2.01469923560463,MCM3,ATF1,MEF,bZIP
2555,46,1,2.01391263556961,RUNDC3B,RFX5,MEF,HTH
2157,51,0,2.07544341037937,PCSK1,TCF12,LMC,bHLH
1192,14,1,1.31110381344773,GIPC2,ELF1,MEF,ETS
2332,11,1,-1.39027810102326,PRIM1,E2F6,MEF,E2F
528,24,0,1.27546161665479,CERK,GABPA,LMC,ETS
685,46,0,1.40081145363371,CTSD,RFX5,LMC,HTH
1050,54,1,-1.4150495250694,FGF11,USF1,MEF,bHLH
1718,50,0,1.49200153198622,LSR,STAT3,LMC,Stat
1473,13,1,-2.92615095993494,IQGAP3,EGR1,MEF,Zf
2588,36,0,-1.2295984538184,SCN3B,MAZ,LMC,Zf
1238,25,0,-1.83197015901055,GPR126,GATA1,LMC,Zf
474,1,0,-1.32494426025513,CDCA3,ATF2,LMC,bZIP
3078,48,1,-2.8886465852491,TOP2A,SP2,MEF,Zf
936,43,1,-2.52360441550634,EXO1,PAX5,MEF,"Paired,Homeobox"
1413,32,0,1.905682413793,IFIT1,JUND,LMC,bZIP
38,3,0,-2.4281115859131,ACTA2,BACH1,LMC,bZIP
1694,35,1,3.89825776680161,LRP1B,MAX,MEF,bHLH
3076,2,1,1.28085910518458,TOB1,ATF3,MEF,bZIP
2767,59,0,-1.80961879206363,SLCO3A1,ZKSCAN1,LMC,Zf
1891,2,0,-1.28051428954918,MTHFD1L,ATF3,LMC,bZIP
2172,43,1,-1.41279192676736,PDGFB,PAX5,MEF,"Paired,Homeobox"
525,51,0,-1.50796370389008,CEP55,TCF12,LMC,bHLH
1237,20,0,-1.09288268752416,GPR125,FOSL2,LMC,bZIP
722,55,1,2.46228811504663,CYTIP,USF2,MEF,bHLH
521,38,1,-1.47290606283231,CENPU,MEF2C,MEF,MADS
879,14,0,1.68125619987682,ELMO1,ELF1,LMC,ETS
2734,58,0,-2.55732246205919,SLC35F2,ZEB1,LMC,Zf
2223,36,0,2.42323666921668,PKIB,MAZ,LMC,Zf
174,47,1,-1.66046329637405,ARAP1,SP1,MEF,Zf
2583,36,0,-2.5472687417079,SCML2,MAZ,LMC,Zf
854,53,0,1.36893250160883,EEPD1,TEAD4,LMC,TEA
236,20,0,1.40075052291978,ATG9B,FOSL2,LMC,bZIP
744,43,1,-3.45003810797919,DEGS2,PAX5,MEF,"Paired,Homeobox"
380,59,0,-1.4233937982377,CCDC102A,ZKSCAN1,LMC,Zf
1780,12,0,-1.10292671378567,MBOAT2,EBF1,LMC,EBF
905,56,1,1.3882745875605,EPHA3,YY1,MEF,Zf
739,49,1,1.57375665683309,DDN,STAT1,MEF,Stat
1164,54,1,3.04067722262109,GCHFR,USF1,MEF,bHLH
1552,23,1,2.3264886845999,KCNK2,FOXM1,MEF,Forkhead
83,3,0,-2.50381746174834,ADRA1D,BACH1,LMC,bZIP
2599,51,0,-1.0351862979675,SDK2,TCF12,LMC,bHLH
584,15,0,1.84292164698875,CLSTN3,ELK1,LMC,ETS
525,15,1,-2.43362288031828,CEP55,ELK1,MEF,ETS
859,15,0,-1.01667299741207,EFHC1,ELK1,LMC,ETS
2920,8,1,2.08463741083142,SYT7,CUX1,MEF,Homeobox
3063,49,0,1.06442711734904,TNFSF13,STAT1,LMC,Stat
2780,60,1,-2.53569834479506,SMOC1,ZNF263,MEF,Zf
3163,50,0,2.11154611974576,UBXN10,STAT3,LMC,Stat
2310,3,0,1.06332349402657,PPM1E,BACH1,LMC,bZIP
522,43,0,1.26401131755558,CENPV,PAX5,LMC,"Paired,Homeobox"
1080,32,0,-1.8819161171877,FMN2,JUND,LMC,bZIP
2548,12,1,1.5667648913633,RSPO3,EBF1,MEF,EBF
478,8,1,-1.50500405166392,CDCA8,CUX1,MEF,Homeobox
1349,10,1,-1.13007346811403,HN1,E2F4,MEF,E2F
2324,7,1,-1.08146216479517,PRCP,CTCF,MEF,Zf
3055,53,1,-2.0917384886418,TNFAIP8L1,TEAD4,MEF,TEA
572,12,1,-5.19641816489421,CLEC12A,EBF1,MEF,EBF
1777,22,1,-1.18077849242485,MATN2,FOXA2,MEF,Forkhead
3240,46,1,2.28763388438051,XKR4,RFX5,MEF,HTH
1472,53,0,1.94194700583555,IQGAP2,TEAD4,LMC,TEA
790,10,0,1.49979232189584,DNM1,E2F4,LMC,E2F
1382,28,0,3.48115410223561,HP,HNF4A,LMC,NR
512,27,0,-2.24187763995752,CENPF,GATA3,LMC,Zf
2397,17,1,1.13740473668341,PTTG1,ETS1,MEF,ETS
1411,13,1,-1.6255397687459,IDH2,EGR1,MEF,Zf
2686,54,1,1.0133885125942,SLC12A2,USF1,MEF,bHLH
30,9,1,-1.68969657731149,ACOT4,E2F1,MEF,E2F
2291,41,0,-1.23879932531305,POLE2,NANOG,LMC,Homeobox
3199,8,1,1.16338139694328,VKORC1,CUX1,MEF,Homeobox
1791,34,1,-1.8528816001039,MCM6,MAFK,MEF,bZIP
207,20,0,1.48293126728295,ARL4D,FOSL2,LMC,bZIP
258,36,1,-3.11290699183217,B3GNT7,MAZ,MEF,Zf
2855,7,0,1.65068826126011,SRPK3,CTCF,LMC,Zf
467,35,1,-2.86453905767912,CDC25C,MAX,MEF,bHLH
1488,10,1,-2.7365434967349,ITGA11,E2F4,MEF,E2F
2288,46,1,-1.22235801190337,POLA1,RFX5,MEF,HTH
744,36,1,-3.45003810797919,DEGS2,MAZ,MEF,Zf
2289,23,1,-1.15837612128203,POLD1,FOXM1,MEF,Forkhead
2807,6,0,1.39826749219682,SORL1,BHLHE40,LMC,bHLH
2308,35,1,1.37041742724006,PPFIBP2,MAX,MEF,bHLH
159,36,1,-1.38028441051787,APBB1IP,MAZ,MEF,Zf
2704,10,0,-1.40649818857836,SLC17A9,E2F4,LMC,E2F
1243,13,1,-1.02712658887003,GPR153,EGR1,MEF,Zf
214,36,0,-1.31617696470295,ARSI,MAZ,LMC,Zf
3173,8,0,-2.17040762162805,UNC5C,CUX1,LMC,Homeobox
1820,55,0,1.56261648232915,MFSD12,USF2,LMC,bHLH
139,35,1,1.03925723818669,ANKRD29,MAX,MEF,bHLH
658,17,1,1.70454579044603,CRNDE,ETS1,MEF,ETS
1844,32,0,-1.20694560179771,MMP11,JUND,LMC,bZIP
688,10,1,1.50358828965648,CTSH,E2F4,MEF,E2F
1599,31,1,-4.51884009141692,KLHL6,IRF4,MEF,IRF
2735,10,0,2.22677538794117,SLC35F3,E2F4,LMC,E2F
1828,54,0,1.49280612326672,MICALCL,USF1,LMC,bHLH
2383,53,1,-3.4084277039216,PTPN18,TEAD4,MEF,TEA
2487,38,0,1.09121897733351,RFTN1,MEF2C,LMC,MADS
1857,47,0,-1.56853870886037,MN1,SP1,LMC,Zf
1462,46,1,2.07818258031835,INA,RFX5,MEF,HTH
1138,53,0,1.17692252323497,GALC,TEAD4,LMC,TEA
2425,50,1,-2.0568919585118,RAB3IL1,STAT3,MEF,Stat
1082,13,1,1.04683222067852,FMNL2,EGR1,MEF,Zf
1695,37,1,-2.32937255466157,LRR1,MEF2A,MEF,MADS
3156,43,1,-9.23167979571188,TYROBP,PAX5,MEF,"Paired,Homeobox"
1245,7,0,1.73666532474954,GPR157,CTCF,LMC,Zf
2911,59,0,1.17809138778285,SYNE2,ZKSCAN1,LMC,Zf
1345,25,0,1.8553451527435,HMGCS2,GATA1,LMC,Zf
2366,36,1,-1.40721476381322,PSTPIP1,MAZ,MEF,Zf
2600,19,0,-1.91052332164093,SDPR,FOS,LMC,bZIP
876,7,1,1.64352848468001,ELAVL2,CTCF,MEF,Zf
1421,43,1,-1.30620556259726,IGF2BP3,PAX5,MEF,"Paired,Homeobox"
1718,56,0,1.49200153198622,LSR,YY1,LMC,Zf
2070,1,1,-1.74590028948839,OAS2,ATF2,MEF,bZIP
478,7,1,-1.50500405166392,CDCA8,CTCF,MEF,Zf
2103,10,0,2.83205761056503,P2RY13,E2F4,LMC,E2F
2095,4,0,-4.06327887175194,OSR2,BATF,LMC,bZIP
1150,24,1,1.20650960697518,GAS1,GABPA,MEF,ETS
1212,10,0,1.36683741694235,GNA15,E2F4,LMC,E2F
200,44,0,1.18918314296214,ARHGEF6,PBX3,LMC,Homeobox
573,33,0,-2.39098735350718,CLEC14A,MAFF,LMC,bZIP
2884,10,0,-2.5431578853609,STK32B,E2F4,LMC,E2F
1601,41,1,1.06527561830668,KLRG2,NANOG,MEF,Homeobox
3130,15,0,1.17286507479837,TSPAN33,ELK1,LMC,ETS
2777,35,0,1.33467085489491,SMARCA2,MAX,LMC,bHLH
1197,60,1,-1.35811722056909,GJC1,ZNF263,MEF,Zf
542,55,0,1.63219210782671,CHD7,USF2,LMC,bHLH
3074,57,0,1.95037145184557,TNS4,ZBTB33,LMC,Zf
982,33,1,1.9927673408171,FAM184A,MAFF,MEF,bZIP
1408,29,0,-1.06100170496001,ICA1,IRF1,LMC,IRF
1603,7,1,-2.33837933714626,KNG1,CTCF,MEF,Zf
176,46,0,1.68932454444694,ARAP3,RFX5,LMC,HTH
1145,13,1,-8.0966931751527,GALNT6,EGR1,MEF,Zf
90,44,1,-1.63748519720192,AGER,PBX3,MEF,Homeobox
1820,60,0,1.56261648232915,MFSD12,ZNF263,LMC,Zf
2266,47,0,1.55349884961183,PLSCR2,SP1,LMC,Zf
1800,35,1,1.47155305882805,MED12L,MAX,MEF,bHLH
2045,34,0,3.81862712788777,NT5C1A,MAFK,LMC,bZIP
2745,13,0,1.9025481432666,SLC43A2,EGR1,LMC,Zf
2353,49,1,-1.6450821104451,PRSS27,STAT1,MEF,Stat
1556,55,0,-1.81637200243214,KCNS3,USF2,LMC,bHLH
313,15,0,1.25843048968999,BST2,ELK1,LMC,ETS
2807,21,0,1.39826749219682,SORL1,FOXA1,LMC,Forkhead
1731,26,1,-1.28097207449901,LYN,GATA2,MEF,Zf
1369,3,1,-1.03793502410556,HOXB7,BACH1,MEF,bZIP
3092,36,0,-1.1774220041274,TRANK1,MAZ,LMC,Zf
638,40,0,-1.23649506385739,CPED1,MYOG,LMC,bHLH
792,44,1,-1.16716822785582,DNMT1,PBX3,MEF,Homeobox
900,19,1,1.44269937541347,ENPP5,FOS,MEF,bZIP
2162,11,1,-1.32842226091202,PDE10A,E2F6,MEF,E2F
469,42,0,-1.08880876245464,CDC42EP4,NRF1,LMC,NRF
1002,40,0,-1.07799221381173,FAM57A,MYOG,LMC,bHLH
3032,40,1,-1.1495689654121,TMEM221,MYOG,MEF,bHLH
1643,53,1,-1.38336396197662,LGALS3,TEAD4,MEF,TEA
352,6,0,5.17564912690725,CALCB,BHLHE40,LMC,bHLH
3176,32,1,-3.54813444764473,UNC93B1,JUND,MEF,bZIP
2489,29,0,-1.31632666673211,RGMA,IRF1,LMC,IRF
2290,37,1,-2.13557752684561,POLE,MEF2A,MEF,MADS
318,37,1,1.90766419450925,BTLA,MEF2A,MEF,MADS
696,40,1,1.10224540529578,CX3CL1,MYOG,MEF,bHLH
562,49,0,-1.84132809551671,CKAP2,STAT1,LMC,Stat
2680,8,1,1.90933258500933,SLAIN1,CUX1,MEF,Homeobox
125,9,1,1.0675509191686,AMD1,E2F1,MEF,E2F
831,49,1,1.24284518660575,DYNC2LI1,STAT1,MEF,Stat
912,19,0,-1.3178474094506,EPS8L1,FOS,LMC,bZIP
2746,56,1,-2.01702441602196,SLC43A3,YY1,MEF,Zf
1747,46,0,2.304021662009,MAL2,RFX5,LMC,HTH
1033,3,1,1.37290435493264,FBXO27,BACH1,MEF,bZIP
39,26,1,-1.17835208367133,ACTB,GATA2,MEF,Zf
856,47,1,-2.04131188836448,EFCAB11,SP1,MEF,Zf
2763,52,0,-1.37580388005319,SLC9A5,TCF3,LMC,HMG
2047,48,1,-3.18610440050238,NT5DC2,SP2,MEF,Zf
1323,35,0,1.11395880944298,HEG1,MAX,LMC,bHLH
784,0,1,1.08312646824662,DNAJB4,ATF1,MEF,bZIP
1762,27,0,1.08923612818634,MAP3K8,GATA3,LMC,Zf
460,5,1,-3.73496442784358,CD83,BCL11A,MEF,Zf
2399,44,1,-1.40254242700849,PVRL2,PBX3,MEF,Homeobox
2514,13,1,-1.74471386833564,RNASEL,EGR1,MEF,Zf
2057,29,1,-2.89490675475079,NUF2,IRF1,MEF,IRF
737,21,1,-1.57237296988746,DDC,FOXA1,MEF,Forkhead
1236,32,0,-1.53518875879138,GPR124,JUND,LMC,bZIP
62,0,0,-1.72005964675759,ADAMTS6,ATF1,LMC,bZIP
856,24,0,-1.15119532089597,EFCAB11,GABPA,LMC,ETS
599,35,0,1.79219841084141,CNR2,MAX,LMC,bHLH
1569,36,0,-1.70112877149519,KIF18B,MAZ,LMC,Zf
3027,50,1,1.32712267996545,TMEM184A,STAT3,MEF,Stat
2638,11,0,1.35708014255884,SGK3,E2F6,LMC,E2F
861,31,0,1.28372856844766,EFHD2,IRF4,LMC,IRF
2112,6,0,2.46587352718723,PADI3,BHLHE40,LMC,bHLH
1683,32,0,-1.51285821312329,LPIN3,JUND,LMC,bZIP
2848,55,1,-1.32010417495489,SPSB4,USF2,MEF,bHLH
416,32,0,1.98389732052928,CCL5,JUND,LMC,bZIP
762,20,0,1.09464442057264,DLEU2,FOSL2,LMC,bZIP
1428,54,0,1.7070158720852,IGSF11,USF1,LMC,bHLH
1854,14,1,1.14884922719793,MMP28,ELF1,MEF,ETS
2225,11,1,-1.5969306941367,PKNOX2,E2F6,MEF,E2F
659,54,1,2.27806614278137,CRYAB,USF1,MEF,bHLH
2252,47,1,1.3349193608367,PLEKHH2,SP1,MEF,Zf
1323,33,1,-1.27285316107792,HEG1,MAFF,MEF,bZIP
2849,7,0,1.9335069044595,SPTB,CTCF,LMC,Zf
159,8,1,-1.38028441051787,APBB1IP,CUX1,MEF,Homeobox
2615,8,0,-1.46513423498235,SEMA6A,CUX1,LMC,Homeobox
1711,27,0,1.47996043864215,LRRN4,GATA3,LMC,Zf
518,9,1,-1.46993038048477,CENPP,E2F1,MEF,E2F
159,36,1,-1.38028441051787,APBB1IP,MAZ,MEF,Zf
899,27,1,1.47613931326266,ENPP4,GATA3,MEF,Zf
812,44,0,-1.43091036435471,DRAXIN,PBX3,LMC,Homeobox
1591,23,1,1.24681343695408,KLF9,FOXM1,MEF,Forkhead
2646,36,1,-1.21834944449905,SH2D5,MAZ,MEF,Zf
3160,8,0,-1.97475920549478,UBE2C,CUX1,LMC,Homeobox
15,50,0,1.12498979792279,ABHD12,STAT3,LMC,Stat
475,2,1,-1.49364324799289,CDCA5,ATF3,MEF,bZIP
2260,21,1,-1.06024887079135,PLK3,FOXA1,MEF,Forkhead
641,49,1,1.28498306362542,CPOX,STAT1,MEF,Stat
1085,33,0,-1.00872789713166,FN1,MAFF,LMC,bZIP
1669,53,1,-2.03337449621201,LMNB1,TEAD4,MEF,TEA
1795,53,1,-1.23616586070588,MDFI,TEAD4,MEF,TEA
2776,19,1,-4.60380268008925,SMAGP,FOS,MEF,bZIP
2655,56,0,2.50847805266977,SHANK1,YY1,LMC,Zf
1591,45,1,1.24681343695408,KLF9,PRDM1,MEF,Zf
2930,26,0,-1.81567322039661,TACR1,GATA2,LMC,Zf
2658,13,0,-1.94369760762951,SHC2,EGR1,LMC,Zf
61,14,1,-2.36338946514307,ADAMTS4,ELF1,MEF,ETS
994,21,1,1.02278867867513,FAM222A,FOXA1,MEF,Forkhead
184,34,0,-1.09910155497258,ARHGAP28,MAFK,LMC,bZIP
2715,32,1,1.16918833674438,SLC25A35,JUND,MEF,bZIP
206,42,0,1.03464648404982,ARL4C,NRF1,LMC,NRF
1792,37,1,-5.09340625018667,MCOLN2,MEF2A,MEF,MADS
3156,36,1,-9.23167979571188,TYROBP,MAZ,MEF,Zf
2878,42,1,1.74008612565545,STC2,NRF1,MEF,NRF
1989,47,0,-1.24531658795539,NHS,SP1,LMC,Zf
2625,21,0,2.34303813040736,SERPIND1,FOXA1,LMC,Forkhead
2638,10,0,1.35708014255884,SGK3,E2F4,LMC,E2F
3035,15,1,1.69106773428587,TMEM25,ELK1,MEF,ETS
961,36,1,3.6109681857459,FAIM2,MAZ,MEF,Zf
2692,42,0,2.0074981520264,SLC15A3,NRF1,LMC,NRF
582,46,0,1.38792844422219,CLN3,RFX5,LMC,HTH
2815,12,1,-2.19314508406099,SP100,EBF1,MEF,EBF
936,56,1,-2.52360441550634,EXO1,YY1,MEF,Zf
186,15,1,-7.03807552815842,ARHGAP30,ELK1,MEF,ETS
2227,56,1,-2.08523497592345,PLA1A,YY1,MEF,Zf
3058,11,1,-2.98966494538782,TNFRSF11A,E2F6,MEF,E2F
1396,7,1,-1.17155907515863,HSPA12A,CTCF,MEF,Zf
3114,19,1,-3.24269386734528,TROAP,FOS,MEF,bZIP
2671,34,0,-3.85796672875105,SIM2,MAFK,LMC,bZIP
230,51,0,-5.59956294246296,ASPN,TCF12,LMC,bHLH
1531,56,1,1.9358693599311,KCNB1,YY1,MEF,Zf
3106,40,1,4.13858492992742,TRIM54,MYOG,MEF,bHLH
896,7,0,1.19995161646763,ENPP1,CTCF,LMC,Zf
1879,12,0,2.49984910075279,MS4A7,EBF1,LMC,EBF
2444,6,1,3.09267128508415,RANBP3L,BHLHE40,MEF,bHLH
926,42,1,-1.32942090046407,ESYT1,NRF1,MEF,NRF
2114,46,1,1.64934591944947,PAK6,RFX5,MEF,HTH
1072,1,1,1.42962809876367,FILIP1,ATF2,MEF,bZIP
831,47,1,1.24284518660575,DYNC2LI1,SP1,MEF,Zf
565,6,1,-1.20092685026686,CKS1B,BHLHE40,MEF,bHLH
789,35,0,-1.85212719047073,DNER,MAX,LMC,bHLH
2233,35,0,-2.88397557845774,PLAC8,MAX,LMC,bHLH
2419,1,1,-1.33693537084382,RAB33A,ATF2,MEF,bZIP
2260,7,1,-1.06024887079135,PLK3,CTCF,MEF,Zf
2238,22,1,1.28793378655702,PLCD4,FOXA2,MEF,Forkhead
184,7,0,-1.09910155497258,ARHGAP28,CTCF,LMC,Zf
108,4,1,1.07862740724675,ALCAM,BATF,MEF,bZIP
512,11,1,-2.39804093947349,CENPF,E2F6,MEF,E2F
496,15,0,-1.45528793892123,CDKN3,ELK1,LMC,ETS
2995,19,1,-2.069741018555,TLR1,FOS,MEF,bZIP
360,17,0,3.06807338923354,CAMKV,ETS1,LMC,ETS
2664,46,1,1.59313087481905,SHISA7,RFX5,MEF,HTH
2041,58,0,1.93781365732925,NRROS,ZEB1,LMC,Zf
2323,55,1,-2.63906110655865,PRC1,USF2,MEF,bHLH
789,60,0,-1.85212719047073,DNER,ZNF263,LMC,Zf
940,13,0,-1.04928380645849,EXT1,EGR1,LMC,Zf
1679,44,0,-1.54161054323492,LOXL3,PBX3,LMC,Homeobox
2645,10,0,1.90813328229963,SH2D4B,E2F4,LMC,E2F
2330,54,1,-1.38610302093725,PREX1,USF1,MEF,bHLH
2378,42,0,1.53215201360364,PTK2B,NRF1,LMC,NRF
2311,29,0,2.41960817570328,PPM1N,IRF1,LMC,IRF
203,19,1,-5.6908155229685,ARL11,FOS,MEF,bZIP
2324,47,0,-1.08241107682554,PRCP,SP1,LMC,Zf
1398,47,1,1.08451053955341,HSPA4L,SP1,MEF,Zf
2202,55,1,1.46374102379533,PGRMC1,USF2,MEF,bHLH
283,31,0,1.28844328309751,BEND4,IRF4,LMC,IRF
3041,43,1,1.58911639566817,TMEM45A,PAX5,MEF,"Paired,Homeobox"
611,51,1,-1.33503170309655,COL16A1,TCF12,MEF,bHLH
130,35,0,1.29730400043359,AMZ1,MAX,LMC,bHLH
338,7,0,-1.98402210169633,CACNA1C,CTCF,LMC,Zf
1888,21,1,1.65438930194512,MSX2,FOXA1,MEF,Forkhead
964,6,0,-1.18090629468313,FAM109B,BHLHE40,LMC,bHLH
1751,54,0,1.2574581791148,MAN1C1,USF1,LMC,bHLH
3242,30,1,-1.42198307649673,XYLT1,IRF3,MEF,IRF
2645,10,1,-1.75248494391244,SH2D4B,E2F4,MEF,E2F
1570,18,1,-2.64838673861431,KIF20A,FLI1,MEF,ETS
114,22,1,5.59270654371156,ALDH3A1,FOXA2,MEF,Forkhead
1047,49,1,-4.65417614897977,FGD2,STAT1,MEF,Stat
939,54,1,1.71146128558084,EXPH5,USF1,MEF,bHLH
2735,55,1,3.61270562233868,SLC35F3,USF2,MEF,bHLH
186,49,1,-7.03807552815842,ARHGAP30,STAT1,MEF,Stat
1833,47,0,1.32676177165072,MITF,SP1,LMC,Zf
1247,6,0,-1.8197377742624,GPR161,BHLHE40,LMC,bHLH
1181,40,1,3.4981608425236,GFRA3,MYOG,MEF,bHLH
2739,57,0,1.07554724816405,SLC39A10,ZBTB33,LMC,Zf
1393,51,1,1.80356042315211,HSBP1L1,TCF12,MEF,bHLH
1011,48,1,-1.30600338959602,FAM83D,SP2,MEF,Zf
2686,14,1,1.0133885125942,SLC12A2,ELF1,MEF,ETS
2974,33,1,2.61319646109338,TGM7,MAFF,MEF,bZIP
1610,19,0,2.32436310217349,KRT8,FOS,LMC,bZIP
770,8,1,3.18728511537858,DMC1,CUX1,MEF,Homeobox
1366,50,1,-1.37072470463122,HOXB4,STAT3,MEF,Stat
1510,46,0,1.1837133383834,JADE2,RFX5,LMC,HTH
3040,7,0,-1.15867301067613,TMEM38A,CTCF,LMC,Zf
2059,32,1,-1.39551638307531,NUP210L,JUND,MEF,bZIP
1108,50,0,-1.83668937795745,FREM2,STAT3,LMC,Stat
2917,1,1,-2.23093925047887,SYT1,ATF2,MEF,bZIP
2810,12,1,-2.68150712163575,SOX12,EBF1,MEF,EBF
1221,52,1,1.73376805098353,GORAB,TCF3,MEF,HMG
1325,7,0,2.52037079031754,HEPHL1,CTCF,LMC,Zf
2476,16,1,1.73720161916413,RCAN1,ELK4,MEF,ETS
3027,35,1,1.32712267996545,TMEM184A,MAX,MEF,bHLH
2830,24,1,2.2287125275182,SPEF2,GABPA,MEF,ETS
1783,6,1,-1.39828248423787,MCAM,BHLHE40,MEF,bHLH
2857,51,0,-1.06293551098304,SSC5D,TCF12,LMC,bHLH
2770,51,0,1.14657944449594,SLIT3,TCF12,LMC,bHLH
1925,11,1,1.94094472616554,MYO5C,E2F6,MEF,E2F
2462,54,0,1.1221546547737,RASSF2,USF1,LMC,bHLH
2536,21,1,4.09881469049758,RPS27,FOXA1,MEF,Forkhead
2744,53,1,-2.43134537231159,SLC43A1,TEAD4,MEF,TEA
993,32,1,1.25563473842754,FAM213A,JUND,MEF,bZIP
836,11,1,-2.76164814143304,E2F8,E2F6,MEF,E2F
1672,50,0,-2.15792699391474,LMOD1,STAT3,LMC,Stat
2487,34,1,-1.15876159891288,RFTN1,MAFK,MEF,bZIP
180,21,1,-2.24495787061516,ARHGAP18,FOXA1,MEF,Forkhead
3088,7,0,-1.33850392831304,TPX2,CTCF,LMC,Zf
931,60,0,-1.00419934903702,EVA1B,ZNF263,LMC,Zf
1589,35,1,1.54085480516955,KLF15,MAX,MEF,bHLH
555,52,0,-1.82408911386553,CHST7,TCF3,LMC,HMG
275,40,1,2.00489501099902,BCAR3,MYOG,MEF,bHLH
2836,54,0,2.83642546905811,SPINT1,USF1,LMC,bHLH
2892,43,1,1.512853343025,STPG1,PAX5,MEF,"Paired,Homeobox"
2321,55,0,-2.17480430128255,PPP4R4,USF2,LMC,bHLH
2684,24,1,-5.25360024162472,SLC11A1,GABPA,MEF,ETS
513,2,1,-1.61297653663404,CENPH,ATF3,MEF,bZIP
2065,34,0,1.57749816616175,NXNL2,MAFK,LMC,bZIP
525,23,0,-1.50796370389008,CEP55,FOXM1,LMC,Forkhead
221,55,1,3.03015742322464,ASB16,USF2,MEF,bHLH
2167,17,0,-1.47607183564039,PDE4A,ETS1,LMC,ETS
201,35,0,1.52885050575936,ARID3A,MAX,LMC,bHLH
857,15,1,1.30242094322822,EFCAB2,ELK1,MEF,ETS
3079,60,0,-1.7466844630856,TOX,ZNF263,LMC,Zf
1377,47,0,2.41891822606775,HOXD1,SP1,LMC,Zf
523,20,1,-1.02774606611324,CENPW,FOSL2,MEF,bZIP
2251,21,1,-3.01621344836119,PLEKHG4,FOXA1,MEF,Forkhead
3019,13,0,-1.68922913667039,TMEM158,EGR1,LMC,Zf
2852,52,0,-1.40595160073724,SRD5A1,TCF3,LMC,HMG
1561,19,1,2.93846703709163,KCTD19,FOS,MEF,bZIP
2924,10,1,2.47982892076231,SYTL3,E2F4,MEF,E2F
2628,60,0,2.61707371539046,SERPING1,ZNF263,LMC,Zf
1858,7,1,-2.26524356027446,MNDA,CTCF,MEF,Zf
2174,56,0,-1.12952040014732,PDGFD,YY1,LMC,Zf
876,14,1,1.64352848468001,ELAVL2,ELF1,MEF,ETS
1347,4,0,-2.04350465931052,HMMR,BATF,LMC,bZIP
566,53,0,-1.1170682511222,CKS2,TEAD4,LMC,TEA
2552,47,1,-3.71580162124379,RTN4RL1,SP1,MEF,Zf
1190,40,1,-1.62132130743513,GINS1,MYOG,MEF,bHLH
2243,35,1,-6.52649558262821,PLD4,MAX,MEF,bHLH
1764,56,1,1.71906055641628,MAP7,YY1,MEF,Zf
2299,35,1,4.08716121438097,POU4F3,MAX,MEF,bHLH
1416,11,1,1.41048238806938,IFNLR1,E2F6,MEF,E2F
2454,51,0,2.25969313283064,RASEF,TCF12,LMC,bHLH
1332,51,1,-1.80828432123008,HIC1,TCF12,MEF,bHLH
2398,19,1,1.71107997056328,PTX3,FOS,MEF,bZIP
1574,50,1,-2.47502725547592,KIF23,STAT3,MEF,Stat
2167,31,1,-1.03338798370775,PDE4A,IRF4,MEF,IRF
2716,28,0,1.26433755910849,SLC25A45,HNF4A,LMC,NR
1340,51,0,-1.68692943375859,HLF,TCF12,LMC,bHLH
2488,10,1,-1.85060323120743,RGCC,E2F4,MEF,E2F
2734,42,0,-2.55732246205919,SLC35F2,NRF1,LMC,NRF
648,1,1,1.09296402967198,CREBL2,ATF2,MEF,bZIP
2151,34,0,1.17194993474523,PCED1B,MAFK,LMC,bZIP
811,1,0,2.32565834773863,DPYSL5,ATF2,LMC,bZIP
190,11,1,1.498457796639,ARHGAP6,E2F6,MEF,E2F
2795,60,0,1.18391174334233,SNTA1,ZNF263,LMC,Zf
198,3,1,-3.3044652172803,ARHGEF39,BACH1,MEF,bZIP
2991,20,0,-1.39196377773408,TLCD1,FOSL2,LMC,bZIP
2048,13,0,1.64352835104118,NT5E,EGR1,LMC,Zf
1673,24,0,-1.32405793446346,LMTK3,GABPA,LMC,ETS
1466,29,0,2.28222195528639,INPP5D,IRF1,LMC,IRF
2966,24,1,-3.5285614426068,TFPI2,GABPA,MEF,ETS
1108,60,0,-1.83668937795745,FREM2,ZNF263,LMC,Zf
875,15,1,-1.34853539641118,EHHADH,ELK1,MEF,ETS
2535,20,1,-4.82573886284107,RPS16,FOSL2,MEF,bZIP
2917,32,1,-2.23093925047887,SYT1,JUND,MEF,bZIP
30,36,0,1.62716198902984,ACOT4,MAZ,LMC,Zf
2395,3,0,-1.52644018494485,PTPRZ1,BACH1,LMC,bZIP
1982,20,0,1.52579109621261,NFATC2,FOSL2,LMC,bZIP
627,6,1,1.8243554918692,COLGALT2,BHLHE40,MEF,bHLH
1488,53,0,-3.15234996069048,ITGA11,TEAD4,LMC,TEA
1799,59,0,-3.42838043876164,MECOM,ZKSCAN1,LMC,Zf
2126,27,1,-2.22473071504278,PARPBP,GATA3,MEF,Zf
1103,56,0,-1.1218794612056,FOXP1,YY1,LMC,Zf
2992,13,0,-1.59620965406724,TLE2,EGR1,LMC,Zf
705,15,1,1.96907516552775,CXXC4,ELK1,MEF,ETS
3138,53,0,-1.6865426189192,TTLL11,TEAD4,LMC,TEA
2990,33,1,-1.96035300857267,TK1,MAFF,MEF,bZIP
41,34,1,-1.29710351150971,ACTN3,MAFK,MEF,bZIP
713,12,1,1.19144626408088,CYLD,EBF1,MEF,EBF
880,60,1,3.01540164249,ELMOD1,ZNF263,MEF,Zf
727,11,1,-1.27883677081428,DBN1,E2F6,MEF,E2F
2993,47,0,-1.98409674610173,TLE6,SP1,LMC,Zf
1991,32,0,-1.19310953918072,NIM1K,JUND,LMC,bZIP
2262,52,1,1.36115254292874,PLLP,TCF3,MEF,HMG
1075,24,0,1.70639394167543,FLI1,GABPA,LMC,ETS
1298,27,0,1.79871714318156,GSTA4,GATA3,LMC,Zf
2233,8,0,-2.88397557845774,PLAC8,CUX1,LMC,Homeobox
1266,44,1,1.15472693409068,GPRC5C,PBX3,MEF,Homeobox
1122,12,0,1.39882956316338,FSTL4,EBF1,LMC,EBF
2518,26,0,1.12192132751903,RNF144B,GATA2,LMC,Zf
899,25,1,1.47613931326266,ENPP4,GATA1,MEF,Zf
1660,49,0,-1.13226619033388,LIMK1,STAT1,LMC,Stat
2709,47,0,1.6009575554387,SLC22A18,SP1,LMC,Zf
1566,44,1,-2.45701413877743,KIF11,PBX3,MEF,Homeobox
2361,34,0,1.07754726336565,PSAP,MAFK,LMC,bZIP
1735,35,0,-1.69680530365662,LYSMD2,MAX,LMC,bHLH
2800,49,0,1.10695031251757,SOAT1,STAT1,LMC,Stat
2608,36,0,-1.20440500444448,SEMA3C,MAZ,LMC,Zf
2292,22,1,-1.55535313200542,POLQ,FOXA2,MEF,Forkhead
1837,50,1,-1.1738204709846,MLF1,STAT3,MEF,Stat
2224,34,1,-2.26014906231889,PKMYT1,MAFK,MEF,bZIP
2243,56,1,-6.52649558262821,PLD4,YY1,MEF,Zf
655,11,0,-2.82948399086617,CRISPLD2,E2F6,LMC,E2F
1655,24,1,-1.4939244371639,LIG1,GABPA,MEF,ETS
1078,1,1,1.79466757101752,FLRT3,ATF2,MEF,bZIP
2048,14,1,3.10482441942074,NT5E,ELF1,MEF,ETS
2605,25,1,-5.12463925075724,SELPLG,GATA1,MEF,Zf
180,19,1,-2.24495787061516,ARHGAP18,FOS,MEF,bZIP
1346,10,1,-2.7170715453491,HMHA1,E2F4,MEF,E2F
2277,52,1,-1.67266293787219,PMF1,TCF3,MEF,HMG
582,1,0,1.38792844422219,CLN3,ATF2,LMC,bZIP
448,55,1,-7.07768607115533,CD37,USF2,MEF,bHLH
2021,42,1,-1.09798854940686,NPAS4,NRF1,MEF,NRF
474,2,0,-1.32494426025513,CDCA3,ATF3,LMC,bZIP
1586,17,0,-1.05305185057136,KISS1R,ETS1,LMC,ETS
403,50,1,1.62541196358019,CCDC80,STAT3,MEF,Stat
562,51,1,-1.19186288493783,CKAP2,TCF12,MEF,bHLH
240,16,0,1.60328158259357,ATP1B1,ELK4,LMC,ETS
825,56,1,1.08554767073756,DUSP15,YY1,MEF,Zf
3115,36,0,-2.20403115006479,TRPA1,MAZ,LMC,Zf
2361,51,0,1.07754726336565,PSAP,TCF12,LMC,bHLH
3186,54,1,-1.92621282947448,VANGL2,USF1,MEF,bHLH
2815,35,1,-2.19314508406099,SP100,MAX,MEF,bHLH
789,11,0,-1.85212719047073,DNER,E2F6,LMC,E2F
1276,9,1,-1.00210309059535,GREB1L,E2F1,MEF,E2F
2058,32,0,1.25231194291045,NUP210,JUND,LMC,bZIP
3037,19,0,2.40178678373866,TMEM255A,FOS,LMC,bZIP
1604,2,1,-2.53686917064916,KNSTRN,ATF3,MEF,bZIP
1387,9,1,-2.44170919251263,HPSE,E2F1,MEF,E2F
2752,7,1,1.40645862017294,SLC4A8,CTCF,MEF,Zf
477,54,1,-1.43968116149163,CDCA7L,USF1,MEF,bHLH
99,14,1,1.03519575636956,AIG1,ELF1,MEF,ETS
2766,10,0,2.08815946386601,SLCO2A1,E2F4,LMC,E2F
1470,7,1,2.5503707450511,IP6K3,CTCF,MEF,Zf
2047,24,1,-3.18610440050238,NT5DC2,GABPA,MEF,ETS
1001,12,0,1.53675583410145,FAM49A,EBF1,LMC,EBF
2917,1,1,-2.23093925047887,SYT1,ATF2,MEF,bZIP
2107,2,1,1.19104829786541,P4HTM,ATF3,MEF,bZIP
2728,32,1,1.23511239891127,SLC2A6,JUND,MEF,bZIP
720,2,1,1.4721106127836,CYSTM1,ATF3,MEF,bZIP
2332,36,1,-1.39027810102326,PRIM1,MAZ,MEF,Zf
815,14,1,-1.01143898785543,DSCC1,ELF1,MEF,ETS
1627,56,1,-5.37255434397412,LAT2,YY1,MEF,Zf
636,53,1,4.23523948186586,CP,TEAD4,MEF,TEA
394,13,1,2.63185886773848,CCDC3,EGR1,MEF,Zf
564,55,1,2.34923091228142,CKMT2,USF2,MEF,bHLH
2730,3,1,1.11028162654342,SLC30A4,BACH1,MEF,bZIP
988,10,1,1.57124127789086,FAM19A3,E2F4,MEF,E2F
2429,1,1,-5.54500344285024,RAC2,ATF2,MEF,bZIP
1605,11,0,-1.70392299590538,KNTC1,E2F6,LMC,E2F
133,49,0,-2.73853783011014,ANGPTL1,STAT1,LMC,Stat
400,21,0,-1.11019254428826,CCDC68,FOXA1,LMC,Forkhead
2061,43,1,-2.58080923652457,NUSAP1,PAX5,MEF,"Paired,Homeobox"
613,11,0,-2.62487820089675,COL19A1,E2F6,LMC,E2F
233,44,0,1.1636924686686,ATF6,PBX3,LMC,Homeobox
3088,20,1,-1.19429551149551,TPX2,FOSL2,MEF,bZIP
2586,50,1,1.44990055505487,SCN1B,STAT3,MEF,Stat
1099,60,0,-1.29151272942059,FOXF1,ZNF263,LMC,Zf
1469,2,0,-1.34614119276357,INSIG1,ATF3,LMC,bZIP
466,29,1,-1.50814193249096,CDC25B,IRF1,MEF,IRF
2380,10,0,-3.6548302174139,PTN,E2F4,LMC,E2F
1519,50,1,2.76336315668117,KANK4,STAT3,MEF,Stat
2312,12,0,1.05616905984936,PPP1R13B,EBF1,LMC,EBF
2613,53,1,2.03597997477726,SEMA4F,TEAD4,MEF,TEA
517,31,0,-1.36881504159307,CENPN,IRF4,LMC,IRF
1118,3,1,1.15084131246931,FSIP1,BACH1,MEF,bZIP
2444,7,0,-1.91959093034598,RANBP3L,CTCF,LMC,Zf
593,47,1,2.74099485741018,CNKSR1,SP1,MEF,Zf
1497,21,0,2.00198261548205,ITGB2,FOXA1,LMC,Forkhead
2647,49,0,-2.39187793851691,SH3BGR,STAT1,LMC,Stat
2767,53,0,-1.80961879206363,SLCO3A1,TEAD4,LMC,TEA
2845,55,0,-1.12860791435859,SPRY1,USF2,LMC,bHLH
727,36,1,-1.27883677081428,DBN1,MAZ,MEF,Zf
1769,7,0,1.45666431649405,MAPK4,CTCF,LMC,Zf
2133,29,1,-2.60793494939055,PBK,IRF1,MEF,IRF
2891,11,0,-1.17278967136496,STOX2,E2F6,LMC,E2F
1246,46,0,1.71022493459667,GPR160,RFX5,LMC,HTH
1801,35,0,-1.27579851880622,MEDAG,MAX,LMC,bHLH
365,29,0,1.8891319241309,CARD9,IRF1,LMC,IRF
1992,24,1,1.44923868568797,NIPAL2,GABPA,MEF,ETS
1671,3,0,1.82998282524865,LMO2,BACH1,LMC,bZIP
383,53,0,1.1674313896049,CCDC114,TEAD4,LMC,TEA
478,0,1,-1.50500405166392,CDCA8,ATF1,MEF,bZIP
2362,19,0,-1.21873682208915,PSAT1,FOS,LMC,bZIP
965,1,0,1.18276298742452,FAM110C,ATF2,LMC,bZIP
2295,35,0,-2.30873299379572,POSTN,MAX,LMC,bHLH
2816,42,1,-4.21242303903556,SP110,NRF1,MEF,NRF
1471,9,1,1.06562177914796,IQCK,E2F1,MEF,E2F
2186,36,1,5.87974585698578,PENK,MAZ,MEF,Zf
2201,56,1,1.27816963341491,PGR,YY1,MEF,Zf
3131,34,1,1.27435443550284,TSPYL5,MAFK,MEF,bZIP
2943,13,0,-2.66377021180121,TBXA2R,EGR1,LMC,Zf
1446,49,0,1.17277834852757,IL18RAP,STAT1,LMC,Stat
2694,40,0,1.20649329449766,SLC16A10,MYOG,LMC,bHLH
1755,43,1,1.44675059778811,MANSC1,PAX5,MEF,"Paired,Homeobox"
101,30,1,-2.3698435360429,AIM2,IRF3,MEF,IRF
2743,17,0,1.463380371895,SLC40A1,ETS1,LMC,ETS
1597,35,1,-3.37533486723335,KLHL33,MAX,MEF,bHLH
1415,36,1,1.86329599723812,IFITM10,MAZ,MEF,Zf
1791,3,1,-1.8528816001039,MCM6,BACH1,MEF,bZIP
2242,57,1,-1.2764738934204,PLD2,ZBTB33,MEF,Zf
899,44,0,1.17643647919263,ENPP4,PBX3,LMC,Homeobox
2950,54,0,1.15119818356183,TCIRG1,USF1,LMC,bHLH
114,52,1,5.59270654371156,ALDH3A1,TCF3,MEF,HMG
427,7,1,1.17430399831869,CCPG1,CTCF,MEF,Zf
1344,12,0,-1.06304399815731,HMGCS1,EBF1,LMC,EBF
2603,17,1,1.0266249678335,SEC61G,ETS1,MEF,ETS
499,13,0,-1.08134160329322,CDR2L,EGR1,LMC,Zf
3196,17,0,1.2710275457951,VGF,ETS1,LMC,ETS
439,46,0,2.39532242952227,CD28,RFX5,LMC,HTH
2185,15,1,-1.72243686447564,PEG10,ELK1,MEF,ETS
3000,46,1,-2.75552671561759,TLR9,RFX5,MEF,HTH
1486,11,0,1.32920004404911,ISYNA1,E2F6,LMC,E2F
2030,49,0,-1.75744010666579,NPY1R,STAT1,LMC,Stat
1742,51,0,1.27719188336983,MADD,TCF12,LMC,bHLH
1432,60,1,-2.60722306957974,IGSF9,ZNF263,MEF,Zf
2529,10,0,-1.49220906542804,ROR1,E2F4,LMC,E2F
1944,51,1,1.45496705904021,NCALD,TCF12,MEF,bHLH
2363,4,1,-1.26461993773534,PSD4,BATF,MEF,bZIP
1234,46,0,2.33921985430141,GPR115,RFX5,LMC,HTH
1811,50,1,1.49384441854823,MEST,STAT3,MEF,Stat
2559,32,1,-1.04119461695992,S100A10,JUND,MEF,bZIP
2717,10,1,2.21007043209059,SLC25A48,E2F4,MEF,E2F
2459,50,1,-1.39545144247547,RASGRP3,STAT3,MEF,Stat
1016,46,0,-1.28239591471792,FANCD2,RFX5,LMC,HTH
992,58,1,1.00646228397572,FAM212B,ZEB1,MEF,Zf
1004,6,1,1.7937952784065,FAM71E1,BHLHE40,MEF,bHLH
1662,28,1,4.04496698430501,LIN7A,HNF4A,MEF,NR
975,48,1,1.2401815530898,FAM161B,SP2,MEF,Zf
1707,6,0,-1.03571775424831,LRRC8E,BHLHE40,LMC,bHLH
1530,7,0,1.63913234858528,KCNAB2,CTCF,LMC,Zf
615,35,1,2.39873918592375,COL23A1,MAX,MEF,bHLH
3137,40,0,-1.54688616829487,TTK,MYOG,LMC,bHLH
727,29,1,-1.27883677081428,DBN1,IRF1,MEF,IRF
1221,13,1,1.73376805098353,GORAB,EGR1,MEF,Zf
345,36,1,3.2806951234559,CACNA2D3,MAZ,MEF,Zf
1416,21,1,1.41048238806938,IFNLR1,FOXA1,MEF,Forkhead
1028,59,0,-2.42665595315409,FBN2,ZKSCAN1,LMC,Zf
1625,41,1,2.40355499341245,LARS2,NANOG,MEF,Homeobox
207,35,0,1.48293126728295,ARL4D,MAX,LMC,bHLH
1219,43,1,-2.16856191000515,GNGT2,PAX5,MEF,"Paired,Homeobox"
1812,51,1,-1.08338641753494,METRNL,TCF12,MEF,bHLH
2912,36,0,2.69237801377284,SYNGR1,MAZ,LMC,Zf
879,0,1,-2.58541829649739,ELMO1,ATF1,MEF,bZIP
792,44,1,-1.16716822785582,DNMT1,PBX3,MEF,Homeobox
932,15,0,-1.0899668717568,EVA1C,ELK1,LMC,ETS
643,55,1,-1.31527639381925,CPXM2,USF2,MEF,bHLH
283,48,1,-1.57295896090125,BEND4,SP2,MEF,Zf
1061,43,1,1.05988734644102,FGFR3,PAX5,MEF,"Paired,Homeobox"
2225,40,1,-1.5969306941367,PKNOX2,MYOG,MEF,bHLH
2379,36,1,-1.1953413161225,PTMS,MAZ,MEF,Zf
10,52,1,-1.23887475365134,ABCB4,TCF3,MEF,HMG
2047,28,0,-1.49786300479231,NT5DC2,HNF4A,LMC,NR
2057,1,0,-2.07327400721528,NUF2,ATF2,LMC,bZIP
1574,23,1,-2.47502725547592,KIF23,FOXM1,MEF,Forkhead
226,41,1,-2.12606281183785,ASF1B,NANOG,MEF,Homeobox
2311,42,0,2.41960817570328,PPM1N,NRF1,LMC,NRF
2187,43,1,2.4186562012654,PERP,PAX5,MEF,"Paired,Homeobox"
178,19,1,-2.02334125806666,ARHGAP10,FOS,MEF,bZIP
2911,41,0,1.17809138778285,SYNE2,NANOG,LMC,Homeobox
3027,13,1,1.32712267996545,TMEM184A,EGR1,MEF,Zf
3117,7,1,1.67984762643678,TRPM3,CTCF,MEF,Zf
3267,16,0,-1.26383646152717,ZWILCH,ELK4,LMC,ETS
1984,53,1,-1.74102844682325,NFKBID,TEAD4,MEF,TEA
2816,31,0,1.48469516913959,SP110,IRF4,LMC,IRF
2285,46,0,-2.18791521896949,PODNL1,RFX5,LMC,HTH
690,10,0,1.26035094666073,CTSO,E2F4,LMC,E2F
2710,57,0,1.87389290621927,SLC22A4,ZBTB33,LMC,Zf
1367,2,1,-1.31016420018754,HOXB5,ATF3,MEF,bZIP
1384,11,0,-1.42126887048009,HPDL,E2F6,LMC,E2F
2334,2,0,-1.41170439233152,PRKAR2B,ATF3,LMC,bZIP
640,15,0,2.11324837146368,CPNE7,ELK1,LMC,ETS
2468,0,0,1.15511136373488,RBKS,ATF1,LMC,bZIP
1056,7,0,-2.14300533588735,FGF7,CTCF,LMC,Zf
1537,35,0,-2.96715730163998,KCNE4,MAX,LMC,bHLH
361,41,1,1.6476615056914,CAMSAP3,NANOG,MEF,Homeobox
496,35,0,-1.45528793892123,CDKN3,MAX,LMC,bHLH
2112,14,0,2.46587352718723,PADI3,ELF1,LMC,ETS
2917,41,1,-2.23093925047887,SYT1,NANOG,MEF,Homeobox
1240,47,1,1.54315789604289,GPR137C,SP1,MEF,Zf
3070,33,1,-1.19928189685922,TNNI3,MAFF,MEF,bZIP
1588,54,0,-2.56633169713976,KLF12,USF1,LMC,bHLH
1677,36,0,1.93561996630926,LONRF3,MAZ,LMC,Zf
2879,43,1,-1.12517348771472,STEAP3,PAX5,MEF,"Paired,Homeobox"
593,27,1,2.74099485741018,CNKSR1,GATA3,MEF,Zf
3114,46,1,-3.24269386734528,TROAP,RFX5,MEF,HTH
499,40,0,-1.08134160329322,CDR2L,MYOG,LMC,bHLH
2668,35,0,1.41931903293706,SHROOM3,MAX,LMC,bHLH
2710,44,0,1.87389290621927,SLC22A4,PBX3,LMC,Homeobox
122,32,1,-1.29951416309328,ALX1,JUND,MEF,bZIP
675,35,1,1.81665941367866,CST3,MAX,MEF,bHLH
226,21,1,-2.12606281183785,ASF1B,FOXA1,MEF,Forkhead
2801,55,1,1.50617117096341,SOBP,USF2,MEF,bHLH
254,33,1,3.22012132624262,AXIN2,MAFF,MEF,bZIP
2036,27,1,2.71189412058373,NRAP,GATA3,MEF,Zf
2823,55,1,-1.90326262296788,SPAG5,USF2,MEF,bHLH
2218,24,1,1.38151712699702,PIP5K1B,GABPA,MEF,ETS
2881,24,0,-1.25513412167103,STIL,GABPA,LMC,ETS
212,35,1,1.23030270494439,ARRDC3,MAX,MEF,bHLH
307,11,1,-1.18056924901314,BOK,E2F6,MEF,E2F
1634,1,1,-1.64893080198013,LDB2,ATF2,MEF,bZIP
180,36,0,1.09118038613016,ARHGAP18,MAZ,LMC,Zf
2268,25,0,1.42413422288827,PLTP,GATA1,LMC,Zf
591,19,1,-1.3326909212293,CNDP2,FOS,MEF,bZIP
101,31,1,-2.3698435360429,AIM2,IRF4,MEF,IRF
582,43,0,1.38792844422219,CLN3,PAX5,LMC,"Paired,Homeobox"
2191,6,1,-1.12489024784302,PFKFB3,BHLHE40,MEF,bHLH
2185,43,1,-1.72243686447564,PEG10,PAX5,MEF,"Paired,Homeobox"
1859,3,0,-1.22977631970534,MNS1,BACH1,LMC,bZIP
2007,56,1,2.04830921986079,NMNAT2,YY1,MEF,Zf
526,43,0,-1.55044439537775,CEP72,PAX5,LMC,"Paired,Homeobox"
1101,12,0,-1.562495602336,FOXM1,EBF1,LMC,EBF
2591,56,1,-1.78273891404674,SCN9A,YY1,MEF,Zf
2915,27,0,-1.14558600910547,SYNPO,GATA3,LMC,Zf
454,51,1,-5.47756028778316,CD68,TCF12,MEF,bHLH
761,56,0,1.96332947809018,DKKL1,YY1,LMC,Zf
2934,15,0,2.09023465675641,TAL1,ELK1,LMC,ETS
2827,50,1,-2.00049292395943,SPC24,STAT3,MEF,Stat
3049,49,1,1.40901955346108,TMOD1,STAT1,MEF,Stat
1267,41,0,-2.02246298759905,GPRIN3,NANOG,LMC,Homeobox
1344,52,0,-1.06304399815731,HMGCS1,TCF3,LMC,HMG
353,36,0,-1.62535534434489,CALML4,MAZ,LMC,Zf
2479,11,0,1.00352479153394,RCSD1,E2F6,LMC,E2F
1990,3,0,-1.75275991863876,NID1,BACH1,LMC,bZIP
1734,8,1,1.03962783655705,LYRM7,CUX1,MEF,Homeobox
853,35,0,3.15296340912355,EEF1A2,MAX,LMC,bHLH
2073,53,0,-1.22751387229782,OBSL1,TEAD4,LMC,TEA
2965,4,1,-1.78231377699111,TFPI,BATF,MEF,bZIP
210,22,1,-1.03621188563536,ARRB1,FOXA2,MEF,Forkhead
270,44,1,-1.6177692850607,BARD1,PBX3,MEF,Homeobox
2777,0,0,1.33467085489491,SMARCA2,ATF1,LMC,bZIP
1947,56,1,-1.98660200090861,NCAPG,YY1,MEF,Zf
1975,59,1,1.36711522450155,NES,ZKSCAN1,MEF,Zf
957,32,0,-1.29344841963756,FADS2,JUND,LMC,bZIP
1359,41,1,-1.85957394798371,HOXA4,NANOG,MEF,Homeobox
1488,36,0,-3.15234996069048,ITGA11,MAZ,LMC,Zf
1346,26,1,-2.7170715453491,HMHA1,GATA2,MEF,Zf
2508,17,0,1.95118037125112,RIMS3,ETS1,LMC,ETS
157,1,1,-1.33125587638172,APBA1,ATF2,MEF,bZIP
1749,20,1,-1.30539635239213,MAMDC2,FOSL2,MEF,bZIP
62,49,0,-1.72005964675759,ADAMTS6,STAT1,LMC,Stat
2432,36,1,-1.5926751107119,RAD51AP1,MAZ,MEF,Zf
1478,49,1,-4.43611876756178,IRF8,STAT1,MEF,Stat
1222,25,0,4.21023083730912,GOT1L1,GATA1,LMC,Zf
2992,6,0,-1.59620965406724,TLE2,BHLHE40,LMC,bHLH
2421,27,0,-1.48115705720035,RAB38,GATA3,LMC,Zf
1074,46,1,-2.13041540052826,FKBP5,RFX5,MEF,HTH
591,12,1,-1.3326909212293,CNDP2,EBF1,MEF,EBF
2875,11,1,-2.01852192431119,STARD8,E2F6,MEF,E2F
254,51,1,3.22012132624262,AXIN2,TCF12,MEF,bHLH
3150,19,1,-1.30229002037898,TUBB6,FOS,MEF,bZIP
2606,3,0,-1.18341999381552,SEMA3A,BACH1,LMC,bZIP
2991,28,0,-1.39196377773408,TLCD1,HNF4A,LMC,NR
1623,15,0,2.13522783979971,LAPTM5,ELK1,LMC,ETS
1397,34,0,-2.26819771299641,HSPA12B,MAFK,LMC,bZIP
2527,7,0,-1.48068933655706,ROBO1,CTCF,LMC,Zf
1360,55,0,-1.54813321757871,HOXA5,USF2,LMC,bHLH
3056,36,1,-5.5076948580677,TNFAIP8L2,MAZ,MEF,Zf
152,17,0,2.09138320336646,ANXA8,ETS1,LMC,ETS
1681,41,1,-1.46976923934256,LPAR2,NANOG,MEF,Homeobox
3007,21,1,-2.84859680440921,TMEM106A,FOXA1,MEF,Forkhead
464,19,0,-1.03127844924857,CD97,FOS,LMC,bZIP
385,59,1,-1.3031600241653,CCDC120,ZKSCAN1,MEF,Zf
2383,3,1,-3.4084277039216,PTPN18,BACH1,MEF,bZIP
2313,10,0,-2.72520424861174,PPP1R14A,E2F4,LMC,E2F
338,24,0,-1.98402210169633,CACNA1C,GABPA,LMC,ETS
891,51,1,5.2176253554421,EN2,TCF12,MEF,bHLH
2329,53,0,-1.50059784850385,PRELID2,TEAD4,LMC,TEA
2229,11,1,-2.03585184324305,PLA2G4C,E2F6,MEF,E2F
1512,51,1,-2.12044492913344,JAKMIP2,TCF12,MEF,bHLH
1089,3,1,-1.22319004794223,FNIP2,BACH1,MEF,bZIP
1866,35,1,-8.9216503126328,MPEG1,MAX,MEF,bHLH
1322,19,1,1.43964163206094,HDGFRP3,FOS,MEF,bZIP
2249,19,1,1.15271259876003,PLEKHG1,FOS,MEF,bZIP
2599,53,0,-1.0351862979675,SDK2,TEAD4,LMC,TEA
115,59,1,-1.46853695672575,ALDH3B1,ZKSCAN1,MEF,Zf
2505,24,0,1.90830758048252,RHPN2,GABPA,LMC,ETS
988,60,1,1.57124127789086,FAM19A3,ZNF263,MEF,Zf
1916,6,0,1.36921274168365,MYLK3,BHLHE40,LMC,bHLH
1374,35,1,-1.56993906660248,HOXC5,MAX,MEF,bHLH
1398,49,1,1.08451053955341,HSPA4L,STAT1,MEF,Stat
33,33,0,-1.13494100888188,ACSL3,MAFF,LMC,bZIP
2485,26,1,3.63110658670554,RERG,GATA2,MEF,Zf
3136,35,1,1.7476052716644,TTC9,MAX,MEF,bHLH
2401,40,0,-1.57442993486814,PXDN,MYOG,LMC,bHLH
2454,11,0,2.25969313283064,RASEF,E2F6,LMC,E2F
845,29,0,1.22622352031544,ECM1,IRF1,LMC,IRF
2726,32,1,1.20875442074697,SLC2A3,JUND,MEF,bZIP
2352,56,0,-1.82089872725637,PRSS16,YY1,LMC,Zf
2861,36,1,-3.86053537143672,ST18,MAZ,MEF,Zf
3012,7,1,-1.76947629620533,TMEM130,CTCF,MEF,Zf
2057,17,0,-2.07327400721528,NUF2,ETS1,LMC,ETS
1157,51,1,-1.05298720063532,GATA6,TCF12,MEF,bHLH
2380,11,0,-3.6548302174139,PTN,E2F6,LMC,E2F
1707,35,0,-1.03571775424831,LRRC8E,MAX,LMC,bHLH
2179,54,0,1.6095621977826,PDLIM4,USF1,LMC,bHLH
3189,56,0,2.17775796410552,VAT1L,YY1,LMC,Zf
560,30,1,-2.94547441181437,CIT,IRF3,MEF,IRF
753,33,1,1.03542245995947,DGKI,MAFF,MEF,bZIP
2699,34,0,-1.13247654437372,SLC16A3,MAFK,LMC,bZIP
2361,15,0,1.07754726336565,PSAP,ELK1,LMC,ETS
2864,53,0,-1.61199136666544,ST6GALNAC3,TEAD4,LMC,TEA
2259,51,0,-1.82009132599226,PLK1,TCF12,LMC,bHLH
3219,55,1,1.79090313974213,WFDC3,USF2,MEF,bHLH
1922,49,1,-8.72891732045066,MYO1F,STAT1,MEF,Stat
1039,7,1,1.10821046471605,FBXO7,CTCF,MEF,Zf
1857,35,1,-1.99050688353901,MN1,MAX,MEF,bHLH
3106,53,1,4.13858492992742,TRIM54,TEAD4,MEF,TEA
385,13,1,-1.3031600241653,CCDC120,EGR1,MEF,Zf
671,21,1,1.80514834363837,CSRNP3,FOXA1,MEF,Forkhead
310,13,1,-4.55177016480624,BRINP3,EGR1,MEF,Zf
3187,12,0,-1.34161711295415,VASH2,EBF1,LMC,EBF
1442,33,1,3.60920778732912,IL17RB,MAFF,MEF,bZIP
118,4,1,-1.21591862457302,ALOXE3,BATF,MEF,bZIP
2715,57,1,1.16918833674438,SLC25A35,ZBTB33,MEF,Zf
1773,47,1,-1.05508208421694,MAST1,SP1,MEF,Zf
265,11,0,-1.12473692026766,BAG2,E2F6,LMC,E2F
566,26,0,-1.1170682511222,CKS2,GATA2,LMC,Zf
3186,7,1,-1.92621282947448,VANGL2,CTCF,MEF,Zf
2948,14,1,1.89850295891172,TCF7,ELF1,MEF,ETS
873,50,0,2.31733348486408,EGR3,STAT3,LMC,Stat
1016,6,0,-1.28239591471792,FANCD2,BHLHE40,LMC,bHLH
1414,43,1,-1.58572532358793,IFITM1,PAX5,MEF,"Paired,Homeobox"
213,46,1,-1.08500643822329,ARSB,RFX5,MEF,HTH
1884,59,1,-1.01986887113406,MSRA,ZKSCAN1,MEF,Zf
2409,16,0,1.19634377115798,RAB11FIP1,ELK4,LMC,ETS
2573,53,1,-1.08077012072318,SAP25,TEAD4,MEF,TEA
1272,24,0,1.91488994430451,GRAP,GABPA,LMC,ETS
3226,3,1,2.01913268486271,WNT10B,BACH1,MEF,bZIP
1007,33,1,-1.80983836329168,FAM78A,MAFF,MEF,bZIP
3237,20,1,-2.16278755494106,XDH,FOSL2,MEF,bZIP
2616,30,0,-1.1018521339641,SEMA6C,IRF3,LMC,IRF
1033,43,1,1.37290435493264,FBXO27,PAX5,MEF,"Paired,Homeobox"
863,59,1,-1.63010567722292,EFNA2,ZKSCAN1,MEF,Zf
596,59,0,-1.48625142423347,CNN2,ZKSCAN1,LMC,Zf
1696,53,1,-1.70193316483449,LRRC15,TEAD4,MEF,TEA
1206,35,0,-1.22411901217889,GLIS3,MAX,LMC,bHLH
1,35,1,1.17403180056416,A4GALT,MAX,MEF,bHLH
769,27,1,5.10455270438126,DLX3,GATA3,MEF,Zf
692,56,1,1.88130965188566,CTTNBP2,YY1,MEF,Zf
3192,27,0,1.27281442031791,VAV3,GATA3,LMC,Zf
53,26,1,-5.64244157319056,ADAM8,GATA2,MEF,Zf
1610,46,0,2.32436310217349,KRT8,RFX5,LMC,HTH
1336,12,1,-1.36502133440852,HIST1H3G,EBF1,MEF,EBF
2422,36,0,-1.51618596364457,RAB39B,MAZ,LMC,Zf
1573,41,1,-1.71237492328591,KIF22,NANOG,MEF,Homeobox
1166,52,0,1.04053157521072,GCLM,TCF3,LMC,HMG
2498,34,0,-1.3528609573943,RGS9BP,MAFK,LMC,bZIP
587,4,1,-1.24175293827848,CMKLR1,BATF,MEF,bZIP
1436,42,0,2.10053679133287,IL10RA,NRF1,LMC,NRF
512,55,0,-2.24187763995752,CENPF,USF2,LMC,bHLH
1016,27,0,-1.28239591471792,FANCD2,GATA3,LMC,Zf
2410,54,1,2.80013592404826,RAB11FIP4,USF1,MEF,bHLH
553,26,0,-1.16793164129301,CHST2,GATA2,LMC,Zf
10,47,1,-1.23887475365134,ABCB4,SP1,MEF,Zf
2944,24,1,-3.87782145502005,TBXAS1,GABPA,MEF,ETS
1158,43,0,-1.36462799317049,GATSL3,PAX5,LMC,"Paired,Homeobox"
1554,6,1,-1.74879156530137,KCNMA1,BHLHE40,MEF,bHLH
2890,50,0,1.34205810402861,STON2,STAT3,LMC,Stat
224,51,1,3.5793529115636,ASCL1,TCF12,MEF,bHLH
2273,51,0,2.09848892681081,PLXNC1,TCF12,LMC,bHLH
1204,17,1,-2.29781702143393,GLIPR2,ETS1,MEF,ETS
2429,53,1,-5.54500344285024,RAC2,TEAD4,MEF,TEA
920,11,1,2.17371514092379,ESAM,E2F6,MEF,E2F
144,30,0,-2.07929898267856,ANLN,IRF3,LMC,IRF
285,36,1,3.10525544995511,BEND7,MAZ,MEF,Zf
161,23,0,-1.05696766770842,APH1B,FOXM1,LMC,Forkhead
3257,21,0,1.0511478044441,ZFPM1,FOXA1,LMC,Forkhead
500,34,1,1.52450986651125,CDSN,MAFK,MEF,bZIP
1633,3,0,2.95929294357475,LCTL,BACH1,LMC,bZIP
1838,56,1,1.00684294020748,MLLT3,YY1,MEF,Zf
2092,8,0,1.14671967907741,OSGIN1,CUX1,LMC,Homeobox
169,6,1,-4.85068676771273,APOE,BHLHE40,MEF,bHLH
1699,34,1,1.51589562604092,LRRC2,MAFK,MEF,bZIP
57,13,1,-3.23525709952468,ADAMTS14,EGR1,MEF,Zf
724,46,1,3.68821899206503,DACH1,RFX5,MEF,HTH
1509,4,1,-1.44881067617991,JADE1,BATF,MEF,bZIP
2776,40,1,-4.60380268008925,SMAGP,MYOG,MEF,bHLH
1448,17,0,3.83550124674713,IL1B,ETS1,LMC,ETS
2815,24,1,-2.19314508406099,SP100,GABPA,MEF,ETS
1398,31,1,1.08451053955341,HSPA4L,IRF4,MEF,IRF
3008,2,0,1.79119876528083,TMEM108,ATF3,LMC,bZIP
788,12,0,1.17421032513561,DNASE1L1,EBF1,LMC,EBF
2694,10,0,1.20649329449766,SLC16A10,E2F4,LMC,E2F
596,51,0,-1.48625142423347,CNN2,TCF12,LMC,bHLH
1571,33,1,-2.07809907277535,KIF20B,MAFF,MEF,bZIP
79,19,1,2.47933029631165,ADORA1,FOS,MEF,bZIP
3134,13,1,2.28253082591475,TTC21A,EGR1,MEF,Zf
517,2,1,-2.11372772987596,CENPN,ATF3,MEF,bZIP
2452,55,1,-4.0348588834714,RASAL3,USF2,MEF,bHLH
2429,43,1,-5.54500344285024,RAC2,PAX5,MEF,"Paired,Homeobox"
2894,59,0,-1.08669475308731,STX1A,ZKSCAN1,LMC,Zf
1714,44,1,1.57354315045542,LRRTM3,PBX3,MEF,Homeobox
1953,13,0,1.92560310843449,NCF2,EGR1,LMC,Zf
1957,50,1,-2.61766850781226,NDC80,STAT3,MEF,Stat
264,2,1,-1.12777061966967,B4GALT5,ATF3,MEF,bZIP
2603,14,1,1.0266249678335,SEC61G,ELF1,MEF,ETS
2984,55,1,-1.3954703281283,TIMELESS,USF2,MEF,bHLH
749,47,1,-2.5682230846885,DEPDC1B,SP1,MEF,Zf
496,1,0,-1.45528793892123,CDKN3,ATF2,LMC,bZIP
494,54,0,-1.10159048098213,CDKN1C,USF1,LMC,bHLH
2378,3,0,1.53215201360364,PTK2B,BACH1,LMC,bZIP
413,7,1,3.17366084341025,CCL20,CTCF,MEF,Zf
857,51,1,1.30242094322822,EFCAB2,TCF12,MEF,bHLH
2715,50,1,1.16918833674438,SLC25A35,STAT3,MEF,Stat
720,34,0,1.18837675419197,CYSTM1,MAFK,LMC,bZIP
529,36,1,1.21345195946999,CETN2,MAZ,MEF,Zf
1456,7,1,2.07193000010416,IL31RA,CTCF,MEF,Zf
2387,17,1,-4.42913865344,PTPN7,ETS1,MEF,ETS
454,4,1,-5.47756028778316,CD68,BATF,MEF,bZIP
2574,50,1,-2.47219502126742,SAPCD2,STAT3,MEF,Stat
2328,57,0,1.68357693735779,PRDX1,ZBTB33,LMC,Zf
764,32,0,-2.00952580156248,DLGAP5,JUND,LMC,bZIP
1275,56,1,-1.13562918187653,GRB14,YY1,MEF,Zf
2437,56,1,-1.72044902732915,RAET1E,YY1,MEF,Zf
2841,12,0,1.74875097098593,SPOCK2,EBF1,LMC,EBF
3259,54,1,-1.68425029454218,ZIC1,USF1,MEF,bHLH
1146,47,1,-1.58579129430816,GAMT,SP1,MEF,Zf
1641,33,0,-1.00364504616123,LEPREL2,MAFF,LMC,bZIP
2443,3,0,-1.16745530392241,RANBP17,BACH1,LMC,bZIP
1978,20,0,1.1023682648514,NEURL3,FOSL2,LMC,bZIP
411,7,1,-2.39042049808347,CCL11,CTCF,MEF,Zf
1954,49,1,-6.8574630086637,NCF4,STAT1,MEF,Stat
1155,32,0,1.72826955999767,GATA4,JUND,LMC,bZIP
1019,52,1,1.58556966110218,FAS,TCF3,MEF,HMG
729,53,1,1.98950483778621,DCC,TEAD4,MEF,TEA
90,25,1,-1.63748519720192,AGER,GATA1,MEF,Zf
2152,32,1,-2.32673874209198,PCK1,JUND,MEF,bZIP
586,7,0,-1.51585649307847,CLYBL,CTCF,LMC,Zf
2337,42,0,1.66170836484508,PRKCH,NRF1,LMC,NRF
562,40,0,-1.84132809551671,CKAP2,MYOG,LMC,bHLH
944,6,1,-1.00394440145578,EZH2,BHLHE40,MEF,bHLH
636,28,1,4.23523948186586,CP,HNF4A,MEF,NR
1135,59,0,2.4400945511106,GAL,ZKSCAN1,LMC,Zf
2191,46,1,-1.12489024784302,PFKFB3,RFX5,MEF,HTH
1620,10,1,-1.28789219699444,LAMC1,E2F4,MEF,E2F
2886,31,1,1.35412699954028,STK38L,IRF4,MEF,IRF
2140,53,0,-1.50709385631897,PCDH9,TEAD4,LMC,TEA
1573,14,1,-1.71237492328591,KIF22,ELF1,MEF,ETS
2152,50,1,-2.32673874209198,PCK1,STAT3,MEF,Stat
3219,15,1,1.79090313974213,WFDC3,ELK1,MEF,ETS
2001,25,1,-2.97323600507334,NLRC4,GATA1,MEF,Zf
2281,51,0,-2.89296478721785,PNMA2,TCF12,LMC,bHLH
3138,14,1,1.12412811035679,TTLL11,ELF1,MEF,ETS
2939,33,1,2.29904675934665,TBX2,MAFF,MEF,bZIP
1036,28,1,1.17343244042036,FBXO44,HNF4A,MEF,NR
1336,59,1,-1.36502133440852,HIST1H3G,ZKSCAN1,MEF,Zf
2368,21,1,1.61211899018847,PTCHD1,FOXA1,MEF,Forkhead
1060,35,0,-1.01652991619081,FGFR2,MAX,LMC,bHLH
1264,35,0,1.81093622762232,GPR88,MAX,LMC,bHLH
3015,7,1,1.14577317140574,TMEM140,CTCF,MEF,Zf
947,29,0,1.10560629387605,F11R,IRF1,LMC,IRF
2914,53,1,3.80336753378648,SYNM,TEAD4,MEF,TEA
1534,46,1,1.16893133474129,KCNC3,RFX5,MEF,HTH
1978,60,1,-1.51596673113993,NEURL3,ZNF263,MEF,Zf
3146,3,1,-1.18146208962361,TUBA1C,BACH1,MEF,bZIP
1420,36,1,-1.15452140562588,IGF2BP2,MAZ,MEF,Zf
2292,13,1,-1.55535313200542,POLQ,EGR1,MEF,Zf
1130,53,1,1.37162439981289,FZD9,TEAD4,MEF,TEA
227,3,0,1.02756866029872,ASIC1,BACH1,LMC,bZIP
468,22,1,-1.37167653448339,CDC42EP2,FOXA2,MEF,Forkhead
1051,3,1,1.43975653073319,FGF12,BACH1,MEF,bZIP
3112,1,0,-1.02635930451426,TRNP1,ATF2,LMC,bZIP
1076,36,1,-1.15274787806897,FLNA,MAZ,MEF,Zf
2891,3,0,-1.17278967136496,STOX2,BACH1,LMC,bZIP
144,44,1,-2.61285486595035,ANLN,PBX3,MEF,Homeobox
1947,48,0,-1.68905460867663,NCAPG,SP2,LMC,Zf
235,22,0,-1.029209618599,ATG16L2,FOXA2,LMC,Forkhead
48,8,0,-1.76261355652127,ADAM19,CUX1,LMC,Homeobox
2292,46,0,-1.05291940990179,POLQ,RFX5,LMC,HTH
2191,54,1,-1.12489024784302,PFKFB3,USF1,MEF,bHLH
1830,51,1,-2.68588716245115,MILR1,TCF12,MEF,bHLH
1266,34,1,1.15472693409068,GPRC5C,MAFK,MEF,bZIP
1834,29,1,-3.78617921069156,MKI67,IRF1,MEF,IRF
2260,8,1,-1.06024887079135,PLK3,CUX1,MEF,Homeobox
993,25,1,1.25563473842754,FAM213A,GATA1,MEF,Zf
1125,11,1,2.88515044137907,FUT9,E2F6,MEF,E2F
1569,3,0,-1.70112877149519,KIF18B,BACH1,LMC,bZIP
716,56,1,2.18312835289798,CYP26B1,YY1,MEF,Zf
478,44,1,-1.50500405166392,CDCA8,PBX3,MEF,Homeobox
1093,25,0,1.14177708816059,FOS,GATA1,LMC,Zf
993,56,1,1.25563473842754,FAM213A,YY1,MEF,Zf
2762,9,0,1.14204392419731,SLC9A3R1,E2F1,LMC,E2F
561,8,1,2.25513078197246,CITED4,CUX1,MEF,Homeobox
215,44,0,-1.36158889535435,ARSJ,PBX3,LMC,Homeobox
301,3,0,2.09855345901345,BMP7,BACH1,LMC,bZIP
1105,2,0,-1.06214111443697,FOXP4,ATF3,LMC,bZIP
2127,32,0,-1.00905862488966,PARVA,JUND,LMC,bZIP
1237,34,0,-1.09288268752416,GPR125,MAFK,LMC,bZIP
364,47,1,1.14635570776145,CAPS2,SP1,MEF,Zf
2949,15,0,1.39093876319334,TCFL5,ELK1,LMC,ETS
176,35,1,-5.36535647815118,ARAP3,MAX,MEF,bHLH
1579,8,0,1.28112113456646,KIF3A,CUX1,LMC,Homeobox
169,59,1,-4.85068676771273,APOE,ZKSCAN1,MEF,Zf
906,29,0,-1.47598741093167,EPHA4,IRF1,LMC,IRF
2156,10,0,1.93797423240685,PCP4L1,E2F4,LMC,E2F
1792,23,1,-5.09340625018667,MCOLN2,FOXM1,MEF,Forkhead
2414,27,0,-1.30372944762323,RAB23,GATA3,LMC,Zf
917,56,1,-2.15452790343404,ERCC6L,YY1,MEF,Zf
711,46,0,1.60648665149506,CYBRD1,RFX5,LMC,HTH
3015,53,0,1.30655408629672,TMEM140,TEAD4,LMC,TEA
861,29,0,1.28372856844766,EFHD2,IRF1,LMC,IRF
1833,14,0,1.32676177165072,MITF,ELF1,LMC,ETS
1628,23,0,-1.03193745565036,LBR,FOXM1,LMC,Forkhead
2755,19,0,1.07412426841911,SLC6A6,FOS,LMC,bZIP
2933,1,1,-1.95592310103042,TAGLN2,ATF2,MEF,bZIP
962,7,0,-1.89184174952969,FAM101B,CTCF,LMC,Zf
2203,34,0,-1.61451187747247,PHF19,MAFK,LMC,bZIP
1118,57,1,1.15084131246931,FSIP1,ZBTB33,MEF,Zf
1606,51,0,1.72988866215431,KRT18,TCF12,LMC,bHLH
1247,35,0,-1.8197377742624,GPR161,MAX,LMC,bHLH
3108,36,0,3.66084698341868,TRIM63,MAZ,LMC,Zf
542,46,0,1.63219210782671,CHD7,RFX5,LMC,HTH
1082,54,1,1.04683222067852,FMNL2,USF1,MEF,bHLH
1466,56,1,-6.8335510393848,INPP5D,YY1,MEF,Zf
1655,33,1,-1.4939244371639,LIG1,MAFF,MEF,bZIP
2706,32,0,1.13204154483485,SLC1A2,JUND,LMC,bZIP
2654,32,1,-1.63542312497611,SH3TC1,JUND,MEF,bZIP
3241,6,0,-3.29626314196821,XKR5,BHLHE40,LMC,bHLH
799,54,1,-1.41292210105817,DPCR1,USF1,MEF,bHLH
2065,44,0,1.57749816616175,NXNL2,PBX3,LMC,Homeobox
2462,6,1,-1.27388781825867,RASSF2,BHLHE40,MEF,bHLH
926,24,1,-1.32942090046407,ESYT1,GABPA,MEF,ETS
787,53,1,1.35627669638986,DNALI1,TEAD4,MEF,TEA
2183,45,0,1.71622619768645,PDZK1IP1,PRDM1,LMC,Zf
679,24,1,-1.40673186688276,CTHRC1,GABPA,MEF,ETS
2847,29,0,1.66700330645421,SPRY4,IRF1,LMC,IRF
2077,27,1,-1.47688569810634,OIP5,GATA3,MEF,Zf
1605,49,1,-3.40072407726665,KNTC1,STAT1,MEF,Stat
2646,49,0,2.15271627243018,SH2D5,STAT1,LMC,Stat
769,56,1,5.10455270438126,DLX3,YY1,MEF,Zf
2466,35,1,1.32338894662691,RB1,MAX,MEF,bHLH
2491,51,0,1.19790789367107,RGS10,TCF12,LMC,bHLH
2077,21,1,-1.47688569810634,OIP5,FOXA1,MEF,Forkhead
2317,0,1,-1.34514921030394,PPP1R3E,ATF1,MEF,bZIP
2148,43,0,-1.00575676973287,PCDHGC3,PAX5,LMC,"Paired,Homeobox"
321,16,1,-2.33853032925094,BUB1B,ELK4,MEF,ETS
777,56,0,-1.76785350294743,DNAH11,YY1,LMC,Zf
3147,15,1,-2.52504683152533,TUBB2B,ELK1,MEF,ETS
2194,24,1,1.41728947266059,PFN4,GABPA,MEF,ETS
478,20,1,-1.50500405166392,CDCA8,FOSL2,MEF,bZIP
2293,32,0,-2.73358754737203,POM121L2,JUND,LMC,bZIP
1207,42,1,2.76370229960289,GLRB,NRF1,MEF,NRF
818,12,1,-2.16450188489231,DTL,EBF1,MEF,EBF
2950,29,0,1.15119818356183,TCIRG1,IRF1,LMC,IRF
2468,2,0,1.15511136373488,RBKS,ATF3,LMC,bZIP
2324,26,1,-1.08146216479517,PRCP,GATA2,MEF,Zf
2692,23,0,2.0074981520264,SLC15A3,FOXM1,LMC,Forkhead
147,17,0,2.01551499268865,ANPEP,ETS1,LMC,ETS
3235,10,0,1.66189980207971,WT1,E2F4,LMC,E2F
1434,53,1,1.1634846475528,IKZF4,TEAD4,MEF,TEA
1263,50,1,-1.33342975783313,GPR84,STAT3,MEF,Stat
688,11,1,1.50358828965648,CTSH,E2F6,MEF,E2F
1320,56,0,1.94587080773716,HCST,YY1,LMC,Zf
2883,46,0,-1.20021874801036,STK32A,RFX5,LMC,HTH
2732,56,1,1.30662937679401,SLC33A1,YY1,MEF,Zf
921,29,1,-2.39917654570674,ESCO2,IRF1,MEF,IRF
2991,52,0,-1.39196377773408,TLCD1,TCF3,LMC,HMG
3260,11,1,-1.29436373417438,ZIC4,E2F6,MEF,E2F
2901,14,1,-5.15300147386645,SUSD3,ELF1,MEF,ETS
78,16,0,-1.84533616269219,ADM,ELK4,LMC,ETS
512,36,0,-2.24187763995752,CENPF,MAZ,LMC,Zf
2275,23,0,1.06002019022503,PM20D2,FOXM1,LMC,Forkhead
2970,35,0,-1.58578942419484,TGFB2,MAX,LMC,bHLH
786,21,1,3.11057783728204,DNAJC6,FOXA1,MEF,Forkhead
3159,24,1,-1.17765017471385,UBASH3B,GABPA,MEF,ETS
1972,8,0,-1.11554916219592,NEK8,CUX1,LMC,Homeobox
1665,6,1,-1.09066040559918,LIPA,BHLHE40,MEF,bHLH
1611,46,1,2.32954569295926,KRT80,RFX5,MEF,HTH
1756,34,0,-2.37201651279144,MAOB,MAFK,LMC,bZIP
1790,16,1,-2.25596917242682,MCM5,ELK4,MEF,ETS
451,7,0,2.0789712890097,CD53,CTCF,LMC,Zf
43,14,1,-1.10283547570767,ACY1,ELF1,MEF,ETS
1472,4,1,-1.52991375774982,IQGAP2,BATF,MEF,bZIP
1240,52,1,1.54315789604289,GPR137C,TCF3,MEF,HMG
1257,21,0,1.07836707927477,GPR39,FOXA1,LMC,Forkhead
234,10,1,-2.74791528300771,ATF7IP2,E2F4,MEF,E2F
1124,21,1,1.2403597876149,FUNDC1,FOXA1,MEF,Forkhead
2836,12,0,2.83642546905811,SPINT1,EBF1,LMC,EBF
1347,34,1,-2.24742323046206,HMMR,MAFK,MEF,bZIP
2895,46,0,1.23445220659616,STXBP5,RFX5,LMC,HTH
2699,60,0,-1.13247654437372,SLC16A3,ZNF263,LMC,Zf
2695,51,1,-2.99251540919118,SLC16A11,TCF12,MEF,bHLH
148,60,0,-1.1924416986184,ANTXR1,ZNF263,LMC,Zf
145,25,1,3.29391008431525,ANO1,GATA1,MEF,Zf
1095,29,0,-1.72312225058079,FOXC1,IRF1,LMC,IRF
163,3,0,1.78850919736713,APLP1,BACH1,LMC,bZIP
1251,23,0,1.76957591739304,GPR183,FOXM1,LMC,Forkhead
102,13,1,1.26640972757189,AK9,EGR1,MEF,Zf
2660,44,1,-2.91155511354678,SHCBP1,PBX3,MEF,Homeobox
1017,35,1,-1.97493658435611,FANCI,MAX,MEF,bHLH
275,52,1,2.00489501099902,BCAR3,TCF3,MEF,HMG
1914,11,1,-2.11302529516128,MYLK,E2F6,MEF,E2F
591,34,1,-1.3326909212293,CNDP2,MAFK,MEF,bZIP
2467,24,0,-1.95489925507068,RBFOX1,GABPA,LMC,ETS
98,35,0,2.64385791876871,AIF1,MAX,LMC,bHLH
2875,36,1,-2.01852192431119,STARD8,MAZ,MEF,Zf
703,60,1,-1.39331579704767,CXCR4,ZNF263,MEF,Zf
876,11,1,1.64352848468001,ELAVL2,E2F6,MEF,E2F
3261,46,1,1.07594447809791,ZKSCAN4,RFX5,MEF,HTH
118,43,1,-1.21591862457302,ALOXE3,PAX5,MEF,"Paired,Homeobox"
2126,23,0,-1.97498954069546,PARPBP,FOXM1,LMC,Forkhead
2401,3,1,-1.6021867960691,PXDN,BACH1,MEF,bZIP
3134,47,1,2.28253082591475,TTC21A,SP1,MEF,Zf
1228,24,1,2.19092246900639,GPC5,GABPA,MEF,ETS
142,55,1,-1.0540168366728,ANKRD37,USF2,MEF,bHLH
869,50,0,-1.17641964196285,EGFR,STAT3,LMC,Stat
1992,36,1,1.44923868568797,NIPAL2,MAZ,MEF,Zf
1930,50,1,2.38192172606138,MYOT,STAT3,MEF,Stat
2051,7,1,3.26103747753101,NTRK2,CTCF,MEF,Zf
994,56,1,1.02278867867513,FAM222A,YY1,MEF,Zf
272,7,1,-1.06922081449246,BAZ1A,CTCF,MEF,Zf
2441,35,1,1.61465856828358,RAMP1,MAX,MEF,bHLH
95,56,1,1.09031655649977,AHI1,YY1,MEF,Zf
317,8,1,-6.68867108987945,BTK,CUX1,MEF,Homeobox
1904,47,1,-1.32345277777374,MYCL,SP1,MEF,Zf
993,27,1,1.25563473842754,FAM213A,GATA3,MEF,Zf
1218,13,0,-1.40791351049592,GNG8,EGR1,LMC,Zf
2881,47,0,-1.25513412167103,STIL,SP1,LMC,Zf
2276,3,1,1.06543967234965,PMAIP1,BACH1,MEF,bZIP
2319,60,0,1.40689826891163,PPP1R9A,ZNF263,LMC,Zf
542,14,0,1.63219210782671,CHD7,ELF1,LMC,ETS
2083,19,1,-1.05535891995952,OLFML3,FOS,MEF,bZIP
3050,56,0,-2.84337171935919,TMTC1,YY1,LMC,Zf
1966,14,0,2.21733391046047,NEBL,ELF1,LMC,ETS
1137,7,0,-1.31503420517668,GAL3ST4,CTCF,LMC,Zf
3260,47,1,-1.29436373417438,ZIC4,SP1,MEF,Zf
2995,49,0,2.13448467006782,TLR1,STAT1,LMC,Stat
2900,53,0,1.7580660040846,SUSD1,TEAD4,LMC,TEA
3248,56,0,1.97250446260735,ZBTB8B,YY1,LMC,Zf
43,23,1,-1.10283547570767,ACY1,FOXM1,MEF,Forkhead
1070,20,1,-1.95715177392112,FIGNL1,FOSL2,MEF,bZIP
720,0,1,1.4721106127836,CYSTM1,ATF1,MEF,bZIP
465,34,0,-2.11602648113733,CDC20,MAFK,LMC,bZIP
842,32,0,-1.22085282670557,EBF4,JUND,LMC,bZIP
2591,17,1,-1.78273891404674,SCN9A,ETS1,MEF,ETS
1170,35,0,1.49057734201588,GDA,MAX,LMC,bHLH
1669,40,1,-2.03337449621201,LMNB1,MYOG,MEF,bHLH
1631,56,1,-4.84865339825882,LCP1,YY1,MEF,Zf
276,53,1,-1.03013751610087,BCAT1,TEAD4,MEF,TEA
2771,35,1,3.25458404557331,SLITRK3,MAX,MEF,bHLH
3101,35,0,-1.46144599891915,TRHDE,MAX,LMC,bHLH
1216,35,1,-2.01769220406889,GNG2,MAX,MEF,bHLH
1908,46,0,2.08094282563137,MYH14,RFX5,LMC,HTH
2514,30,0,1.36002626195056,RNASEL,IRF3,LMC,IRF
2310,60,0,1.06332349402657,PPM1E,ZNF263,LMC,Zf
562,36,0,-1.84132809551671,CKAP2,MAZ,LMC,Zf
1572,9,1,1.40702788043446,KIF21A,E2F1,MEF,E2F
299,21,1,4.14806575686464,BMP4,FOXA1,MEF,Forkhead
1719,17,1,-4.19795771516057,LST1,ETS1,MEF,ETS
308,52,1,1.44427192862471,BPGM,TCF3,MEF,HMG
1478,35,0,2.17765625314758,IRF8,MAX,LMC,bHLH
933,36,0,2.03864850544959,EVI2A,MAZ,LMC,Zf
1041,32,1,-7.63787393345123,FCGR2B,JUND,MEF,bZIP
2484,29,1,-1.61727756925469,REPS2,IRF1,MEF,IRF
803,21,1,1.22236133221301,DPM1,FOXA1,MEF,Forkhead
1857,32,0,-1.56853870886037,MN1,JUND,LMC,bZIP
1011,32,1,-1.30600338959602,FAM83D,JUND,MEF,bZIP
1147,10,1,-1.06721399184908,GAPDH,E2F4,MEF,E2F
3015,22,1,1.14577317140574,TMEM140,FOXA2,MEF,Forkhead
794,24,0,1.90155186196009,DOCK2,GABPA,LMC,ETS
656,28,1,1.25395855551056,CRLF1,HNF4A,MEF,NR
1331,50,1,-1.0853990457524,HHIPL1,STAT3,MEF,Stat
1616,34,0,-2.47716312737061,LAMA2,MAFK,LMC,bZIP
1964,52,1,-1.12487910726112,NDUFA4L2,TCF3,MEF,HMG
1931,20,1,2.4840152341384,MYOZ2,FOSL2,MEF,bZIP
1409,50,1,2.10256286749572,ICOS,STAT3,MEF,Stat
1726,49,0,-2.25210815276178,LY6E,STAT1,LMC,Stat
2900,53,0,1.7580660040846,SUSD1,TEAD4,LMC,TEA
2416,46,0,-2.31707370328191,RAB27A,RFX5,LMC,HTH
3081,7,1,-1.4911098764873,TOX3,CTCF,MEF,Zf
2552,32,1,-3.71580162124379,RTN4RL1,JUND,MEF,bZIP
861,14,1,-1.62049056402303,EFHD2,ELF1,MEF,ETS
24,56,1,2.15532876906198,ACE,YY1,MEF,Zf
256,2,1,-3.7848722992205,B3GNT3,ATF3,MEF,bZIP
1804,36,1,1.65765544181301,MEGF9,MAZ,MEF,Zf
2203,15,1,-2.39346866936256,PHF19,ELK1,MEF,ETS
3005,3,1,-1.00971491423106,TMC7,BACH1,MEF,bZIP
514,25,1,-2.23863783136101,CENPI,GATA1,MEF,Zf
407,27,1,1.03514271363307,CCDC90B,GATA3,MEF,Zf
1338,12,0,1.37703027394907,HIVEP3,EBF1,LMC,EBF
625,53,1,1.2030634109061,COL9A3,TEAD4,MEF,TEA
1848,53,1,1.58920096300279,MMP15,TEAD4,MEF,TEA
932,54,1,1.3056546926836,EVA1C,USF1,MEF,bHLH
18,45,0,1.60907128612013,ABLIM3,PRDM1,LMC,Zf
265,13,0,-1.12473692026766,BAG2,EGR1,LMC,Zf
372,17,0,1.45873223783014,CASZ1,ETS1,LMC,ETS
1226,53,1,-1.02045995070705,GPC2,TEAD4,MEF,TEA
1252,24,0,-2.1106543226655,GPR20,GABPA,LMC,ETS
1016,12,0,-1.28239591471792,FANCD2,EBF1,LMC,EBF
2770,55,1,-1.570462176705,SLIT3,USF2,MEF,bHLH
444,36,0,1.71365328284012,CD300LF,MAZ,LMC,Zf
1966,19,1,2.59471853436988,NEBL,FOS,MEF,bZIP
539,23,0,2.41186071695871,CHCHD10,FOXM1,LMC,Forkhead
720,32,0,1.18837675419197,CYSTM1,JUND,LMC,bZIP
555,47,1,1.80769993725996,CHST7,SP1,MEF,Zf
2528,47,0,1.9393216884815,ROBO4,SP1,LMC,Zf
2280,36,0,-1.56490852505316,PNCK,MAZ,LMC,Zf
191,23,1,-6.69569564476438,ARHGAP9,FOXM1,MEF,Forkhead
1340,11,0,-1.68692943375859,HLF,E2F6,LMC,E2F
1433,36,1,-5.31673355480913,IKZF1,MAZ,MEF,Zf
582,47,0,1.38792844422219,CLN3,SP1,LMC,Zf
1986,55,1,5.17941666726944,NGFR,USF2,MEF,bHLH
658,35,1,1.70454579044603,CRNDE,MAX,MEF,bHLH
2311,25,0,2.41960817570328,PPM1N,GATA1,LMC,Zf
2281,27,0,-2.89296478721785,PNMA2,GATA3,LMC,Zf
2636,11,1,1.37499605573146,SGCD,E2F6,MEF,E2F
2172,7,1,-1.41279192676736,PDGFB,CTCF,MEF,Zf
2614,27,0,-1.88421405995418,SEMA4G,GATA3,LMC,Zf
2025,52,0,2.53672607490002,NPR1,TCF3,LMC,HMG
1131,53,1,2.60818984469588,GABRA1,TEAD4,MEF,TEA
1023,11,0,-2.49780599597722,FBLN1,E2F6,LMC,E2F
571,2,1,1.42711232357573,CLEC11A,ATF3,MEF,bZIP
1758,47,0,-2.57018479728734,MAP2,SP1,LMC,Zf
2896,0,1,1.59075964649031,STXBP6,ATF1,MEF,bZIP
835,10,1,-1.74413387692825,E2F7,E2F4,MEF,E2F
1792,24,0,1.95371509724689,MCOLN2,GABPA,LMC,ETS
2340,8,1,-2.84244383250169,PROKR1,CUX1,MEF,Homeobox
1228,41,1,2.19092246900639,GPC5,NANOG,MEF,Homeobox
703,10,1,-1.39331579704767,CXCR4,E2F4,MEF,E2F
1485,24,1,1.4915516330555,ISM1,GABPA,MEF,ETS
445,36,1,-3.50081866240652,CD33,MAZ,MEF,Zf
2686,47,1,1.0133885125942,SLC12A2,SP1,MEF,Zf
3195,36,1,-1.73730349835225,VDR,MAZ,MEF,Zf
1748,7,1,1.62485638729586,MALL,CTCF,MEF,Zf
684,52,1,-1.47398126315698,CTSC,TCF3,MEF,HMG
283,3,1,-1.57295896090125,BEND4,BACH1,MEF,bZIP
2763,56,0,-1.37580388005319,SLC9A5,YY1,LMC,Zf
2291,41,0,-1.23879932531305,POLE2,NANOG,LMC,Homeobox
2428,60,1,2.20780096542108,RAB9B,ZNF263,MEF,Zf
275,51,0,2.08542669283767,BCAR3,TCF12,LMC,bHLH
16,7,1,-2.05030147335999,ABHD15,CTCF,MEF,Zf
1579,52,0,1.28112113456646,KIF3A,TCF3,LMC,HMG
2961,47,0,-2.26862616501703,TEX26,SP1,LMC,Zf
2044,24,1,-2.15376756504763,NSG1,GABPA,MEF,ETS
427,3,1,1.17430399831869,CCPG1,BACH1,MEF,bZIP
1913,24,0,1.12680224428471,MYLIP,GABPA,LMC,ETS
2914,24,1,3.80336753378648,SYNM,GABPA,MEF,ETS
2757,7,0,1.83771530730849,SLC7A8,CTCF,LMC,Zf
2769,17,1,-3.32063529258886,SLFN5,ETS1,MEF,ETS
3168,8,1,-3.58686645117172,ULBP1,CUX1,MEF,Homeobox
1466,13,0,2.28222195528639,INPP5D,EGR1,LMC,Zf
2352,35,0,-1.82089872725637,PRSS16,MAX,LMC,bHLH
1378,51,0,2.77569166607756,HOXD3,TCF12,LMC,bHLH
2047,36,0,-1.49786300479231,NT5DC2,MAZ,LMC,Zf
1902,21,1,-1.65920234708505,MYBL2,FOXA1,MEF,Forkhead
52,34,0,-1.84635937973677,ADAM5,MAFK,LMC,bZIP
2058,7,0,1.25231194291045,NUP210,CTCF,LMC,Zf
2571,49,0,2.21199249094667,SAMSN1,STAT1,LMC,Stat
2645,44,0,1.90813328229963,SH2D4B,PBX3,LMC,Homeobox
1410,22,0,-2.01360974861739,ID4,FOXA2,LMC,Forkhead
1834,7,1,-3.78617921069156,MKI67,CTCF,MEF,Zf
2231,47,0,-1.25589685126262,PLA2R1,SP1,LMC,Zf
151,32,0,-1.257800767497,ANXA6,JUND,LMC,bZIP
337,14,0,-1.44650094432759,CABP1,ELF1,LMC,ETS
2793,6,1,1.50122491579436,SNHG12,BHLHE40,MEF,bHLH
1236,11,0,-1.53518875879138,GPR124,E2F6,LMC,E2F
1119,54,1,-1.79198407984428,FST,USF1,MEF,bHLH
2462,49,1,-1.27388781825867,RASSF2,STAT1,MEF,Stat
278,32,0,-2.49068744677869,BCL11A,JUND,LMC,bZIP
2770,19,1,-1.570462176705,SLIT3,FOS,MEF,bZIP
548,43,0,1.6800577415014,CHRNA1,PAX5,LMC,"Paired,Homeobox"
689,14,1,1.17931743807264,CTSL,ELF1,MEF,ETS
1848,34,1,1.58920096300279,MMP15,MAFK,MEF,bZIP
2027,35,0,1.55999031126305,NPTX1,MAX,LMC,bHLH
878,26,1,1.85303279262942,ELFN1,GATA2,MEF,Zf
2101,23,1,1.9803470891141,P2RY10,FOXM1,MEF,Forkhead
2911,35,1,-2.18064992479713,SYNE2,MAX,MEF,bHLH
2502,56,0,-1.53561175560559,RHOF,YY1,LMC,Zf
2077,15,1,-1.47688569810634,OIP5,ELK1,MEF,ETS
448,5,1,-7.07768607115533,CD37,BCL11A,MEF,Zf
1111,52,0,-1.70231293076838,FRMD5,TCF3,LMC,HMG
614,26,1,2.80531231059661,COL22A1,GATA2,MEF,Zf
136,27,0,-1.59568720121105,ANK3,GATA3,LMC,Zf
1322,50,1,1.43964163206094,HDGFRP3,STAT3,MEF,Stat
2432,2,1,-1.5926751107119,RAD51AP1,ATF3,MEF,bZIP
419,60,1,-1.01212708968367,CCM2,ZNF263,MEF,Zf
1135,34,0,2.4400945511106,GAL,MAFK,LMC,bZIP
1864,42,1,-1.10976590286922,MOV10,NRF1,MEF,NRF
2158,32,1,-1.37532100384082,PCSK5,JUND,MEF,bZIP
3082,27,0,-1.88460532764586,TPBG,GATA3,LMC,Zf
818,30,0,-1.41724630665825,DTL,IRF3,LMC,IRF
382,12,1,1.58885651915645,CCDC113,EBF1,MEF,EBF
274,59,0,-1.27279559109937,BCAN,ZKSCAN1,LMC,Zf
894,36,0,-1.88796924738985,ENG,MAZ,LMC,Zf
2337,55,1,-3.36819154841887,PRKCH,USF2,MEF,bHLH
2010,59,1,-1.20623734785195,NNMT,ZKSCAN1,MEF,Zf
2699,20,0,-1.13247654437372,SLC16A3,FOSL2,LMC,bZIP
2165,60,1,1.35786064187679,PDE1C,ZNF263,MEF,Zf
1495,15,0,2.79700636427882,ITGAL,ELK1,LMC,ETS
1577,53,1,-1.29232054600738,KIF27,TEAD4,MEF,TEA
1474,55,1,1.58552456677636,IQUB,USF2,MEF,bHLH
2270,14,0,1.49305765456438,PLXDC1,ELF1,LMC,ETS
1451,8,0,-3.11147457656986,IL1RL1,CUX1,LMC,Homeobox
392,16,1,-1.85537400363895,CCDC18,ELK4,MEF,ETS
2258,27,1,1.11911637123027,PLIN5,GATA3,MEF,Zf
94,36,0,1.1446893045572,AHCYL2,MAZ,LMC,Zf
2677,7,0,-1.27927448448625,SKA3,CTCF,LMC,Zf
2601,33,1,1.00843762708864,SEC14L5,MAFF,MEF,bZIP
3149,14,1,-1.58235400958939,TUBB4A,ELF1,MEF,ETS
2208,53,1,-2.93900889516941,PIEZO2,TEAD4,MEF,TEA
1970,7,0,-1.56249356356483,NEK2,CTCF,LMC,Zf
1559,43,0,-1.66267294525053,KCTD15,PAX5,LMC,"Paired,Homeobox"
2450,13,0,-1.05231333068148,RARG,EGR1,LMC,Zf
1976,58,1,1.28300620910815,NET1,ZEB1,MEF,Zf
1900,49,0,-2.81354840009658,MXD3,STAT1,LMC,Stat
2432,46,1,-1.5926751107119,RAD51AP1,RFX5,MEF,HTH
1386,7,0,2.03620778728532,HPGDS,CTCF,LMC,Zf
3143,8,1,-1.05710765042319,TTYH2,CUX1,MEF,Homeobox
403,49,1,1.62541196358019,CCDC80,STAT1,MEF,Stat
2781,53,1,-3.91826530944562,SMOC2,TEAD4,MEF,TEA
120,6,0,1.7035119145022,ALPK3,BHLHE40,LMC,bHLH
924,3,1,1.51210965522421,ESR2,BACH1,MEF,bZIP
2290,53,0,-1.59233149150338,POLE,TEAD4,LMC,TEA
491,11,0,-1.18831365543526,CDK5R1,E2F6,LMC,E2F
472,43,1,-1.16198535397929,CDC7,PAX5,MEF,"Paired,Homeobox"
3265,52,1,-1.29404265522408,ZRANB3,TCF3,MEF,HMG
246,11,0,1.18330327912453,ATP6V1B2,E2F6,LMC,E2F
2614,22,0,-1.88421405995418,SEMA4G,FOXA2,LMC,Forkhead
790,8,0,1.49979232189584,DNM1,CUX1,LMC,Homeobox
2208,55,1,-2.93900889516941,PIEZO2,USF2,MEF,bHLH
156,2,1,1.07551992821496,AP3M2,ATF3,MEF,bZIP
2725,10,0,1.14130727579286,SLC2A13,E2F4,LMC,E2F
2767,53,0,-1.80961879206363,SLCO3A1,TEAD4,LMC,TEA
2161,22,0,-1.1138012149019,PCYT1B,FOXA2,LMC,Forkhead
1626,4,1,-1.20721833631676,LASP1,BATF,MEF,bZIP
2071,42,0,2.25315774616314,OAS3,NRF1,LMC,NRF
3,19,0,-1.10411587503093,AASS,FOS,LMC,bZIP
2177,49,0,-1.03900312371046,PDIA5,STAT1,LMC,Stat
2638,25,0,1.35708014255884,SGK3,GATA1,LMC,Zf
2458,47,0,-1.8068207517124,RASGRP1,SP1,LMC,Zf
2895,30,0,1.23445220659616,STXBP5,IRF3,LMC,IRF
1246,28,0,1.71022493459667,GPR160,HNF4A,LMC,NR
1142,32,0,-2.57237384040221,GALNT18,JUND,LMC,bZIP
1791,43,1,-1.8528816001039,MCM6,PAX5,MEF,"Paired,Homeobox"
253,24,1,-1.49332363548722,AXDND1,GABPA,MEF,ETS
1065,6,1,-1.57977683346688,FHL2,BHLHE40,MEF,bHLH
2325,27,1,-1.04548300293303,PRDM1,GATA3,MEF,Zf
1012,52,1,1.78692440865319,FAM83G,TCF3,MEF,HMG
1566,32,1,-2.45701413877743,KIF11,JUND,MEF,bZIP
1654,51,1,1.71939104623095,LIF,TCF12,MEF,bHLH
2339,47,1,1.18282904764798,PROCR,SP1,MEF,Zf
1809,0,1,-1.12365506432939,MESDC1,ATF1,MEF,bZIP
1287,53,1,1.58987282207022,GRIN3A,TEAD4,MEF,TEA
1751,9,0,1.2574581791148,MAN1C1,E2F1,LMC,E2F
422,51,1,-3.75573412612852,CCNB2,TCF12,MEF,bHLH
2047,48,1,-3.18610440050238,NT5DC2,SP2,MEF,Zf
860,8,1,2.11517334013374,EFHD1,CUX1,MEF,Homeobox
1016,58,0,-1.28239591471792,FANCD2,ZEB1,LMC,Zf
57,27,1,-3.23525709952468,ADAMTS14,GATA3,MEF,Zf
2735,56,0,2.22677538794117,SLC35F3,YY1,LMC,Zf
288,36,0,2.00770574289017,BEX2,MAZ,LMC,Zf
870,22,1,-1.20899941824855,EGLN3,FOXA2,MEF,Forkhead
2418,25,0,-1.00063840189489,RAB30,GATA1,LMC,Zf
2777,43,0,1.33467085489491,SMARCA2,PAX5,LMC,"Paired,Homeobox"
454,36,1,-5.47756028778316,CD68,MAZ,MEF,Zf
2684,34,1,-5.25360024162472,SLC11A1,MAFK,MEF,bZIP
95,49,1,1.09031655649977,AHI1,STAT1,MEF,Stat
1970,30,0,-1.56249356356483,NEK2,IRF3,LMC,IRF
525,51,0,-1.50796370389008,CEP55,TCF12,LMC,bHLH
15,46,0,1.12498979792279,ABHD12,RFX5,LMC,HTH
1012,9,1,1.78692440865319,FAM83G,E2F1,MEF,E2F
1920,24,0,-1.51597579647074,MYO1B,GABPA,LMC,ETS
1729,47,0,2.23476423899865,LY9,SP1,LMC,Zf
2488,10,1,-1.85060323120743,RGCC,E2F4,MEF,E2F
1475,36,1,-2.83898973234667,IRF5,MAZ,MEF,Zf
1708,50,1,2.3246684076931,LRRN1,STAT3,MEF,Stat
2478,1,0,-1.05749006064145,RCN1,ATF2,LMC,bZIP
2903,36,0,2.13580113389752,SV2A,MAZ,LMC,Zf
2747,53,0,1.18552058951319,SLC44A1,TEAD4,LMC,TEA
496,17,1,-2.28882867699308,CDKN3,ETS1,MEF,ETS
1807,11,1,-1.82030516240533,MEIS1,E2F6,MEF,E2F
3188,34,1,-1.03239494791136,VASP,MAFK,MEF,bZIP
1788,3,1,-1.18921853477002,MCM2,BACH1,MEF,bZIP
3235,28,1,-2.62409631254694,WT1,HNF4A,MEF,NR
983,35,1,1.51869558259556,FAM184B,MAX,MEF,bHLH
955,54,0,2.01463163202715,FABP4,USF1,LMC,bHLH
3203,24,0,-1.32908130370171,VSIG10L,GABPA,LMC,ETS
1478,47,1,-4.43611876756178,IRF8,SP1,MEF,Zf
97,51,1,2.87273924317191,AHRR,TCF12,MEF,bHLH
3032,35,1,-1.1495689654121,TMEM221,MAX,MEF,bHLH
3181,46,0,1.00388229046063,USP2,RFX5,LMC,HTH
2357,36,0,3.07853551683999,PRSS50,MAZ,LMC,Zf
1591,7,1,1.24681343695408,KLF9,CTCF,MEF,Zf
2005,56,1,-1.77461700519955,NME2,YY1,MEF,Zf
2084,27,1,-2.71392958236309,OLR1,GATA3,MEF,Zf
2329,46,0,-1.50059784850385,PRELID2,RFX5,LMC,HTH
1634,1,0,-1.87642244998417,LDB2,ATF2,LMC,bZIP
454,31,1,-5.47756028778316,CD68,IRF4,MEF,IRF
2541,18,1,-1.46648013064874,RRM1,FLI1,MEF,ETS
631,9,1,-1.04533746512875,CORO1C,E2F1,MEF,E2F
808,1,1,2.35644225333158,DPYD,ATF2,MEF,bZIP
2997,11,1,-1.22578015350755,TLR5,E2F6,MEF,E2F
2292,56,0,-1.05291940990179,POLQ,YY1,LMC,Zf
2761,3,1,1.34553666729425,SLC9A2,BACH1,MEF,bZIP
261,54,1,4.30976032654458,B4GALNT3,USF1,MEF,bHLH
627,22,1,1.8243554918692,COLGALT2,FOXA2,MEF,Forkhead
2018,6,0,2.2590846592963,NOTUM,BHLHE40,LMC,bHLH
2776,51,1,-4.60380268008925,SMAGP,TCF12,MEF,bHLH
1949,50,1,-1.5197695139223,NCAPH,STAT3,MEF,Stat
317,11,1,-6.68867108987945,BTK,E2F6,MEF,E2F
894,59,0,-1.88796924738985,ENG,ZKSCAN1,LMC,Zf
1698,51,0,-5.39981750881923,LRRC17,TCF12,LMC,bHLH
1404,22,1,-3.54086153365185,HTR2B,FOXA2,MEF,Forkhead
1582,47,1,1.09834515514093,KIF9,SP1,MEF,Zf
439,8,0,2.39532242952227,CD28,CUX1,LMC,Homeobox
2850,9,1,1.15748359100971,SQRDL,E2F1,MEF,E2F
493,0,1,2.49945734223034,CDKL4,ATF1,MEF,bZIP
2843,34,0,1.94823768277963,SPRR1A,MAFK,LMC,bZIP
2566,51,1,2.54420022580058,S1PR5,TCF12,MEF,bHLH
462,1,0,2.47453481074841,CD86,ATF2,LMC,bZIP
1447,35,1,1.07032797522475,IL1A,MAX,MEF,bHLH
422,50,1,-3.75573412612852,CCNB2,STAT3,MEF,Stat
1626,54,1,-1.20721833631676,LASP1,USF1,MEF,bHLH
2723,60,0,-1.25049449145877,SLC29A4,ZNF263,LMC,Zf
115,17,1,-1.46853695672575,ALDH3B1,ETS1,MEF,ETS
1525,56,1,-2.06682158138137,KCNA3,YY1,MEF,Zf
1124,47,1,1.2403597876149,FUNDC1,SP1,MEF,Zf
1270,33,1,-1.70906692432391,GPX7,MAFF,MEF,bZIP
1646,7,0,3.35703884394145,LGI2,CTCF,LMC,Zf
1569,29,0,-1.70112877149519,KIF18B,IRF1,LMC,IRF
1859,27,1,-1.03444671893022,MNS1,GATA3,MEF,Zf
529,46,1,1.21345195946999,CETN2,RFX5,MEF,HTH
1401,43,0,-1.60518595987966,HSPB6,PAX5,LMC,"Paired,Homeobox"
1821,53,0,-1.90973057974715,MFSD2A,TEAD4,LMC,TEA
2991,32,0,-1.39196377773408,TLCD1,JUND,LMC,bZIP
1070,7,1,-1.95715177392112,FIGNL1,CTCF,MEF,Zf
2468,6,0,1.15511136373488,RBKS,BHLHE40,LMC,bHLH
1671,4,0,1.82998282524865,LMO2,BATF,LMC,bZIP
2726,21,0,1.94893923934692,SLC2A3,FOXA1,LMC,Forkhead
1004,41,1,1.7937952784065,FAM71E1,NANOG,MEF,Homeobox
2710,10,0,1.87389290621927,SLC22A4,E2F4,LMC,E2F
2336,54,0,-1.53261289998332,PRKCG,USF1,LMC,bHLH
905,26,0,-2.25806627392996,EPHA3,GATA2,LMC,Zf
1842,33,0,2.7365016230834,MMEL1,MAFF,LMC,bZIP
2062,46,1,1.63762482263353,NWD1,RFX5,MEF,HTH
1598,55,1,3.39736452764113,KLHL40,USF2,MEF,bHLH
2521,6,0,1.85579554891979,RNF180,BHLHE40,LMC,bHLH
913,17,1,2.0391352755535,EPS8L2,ETS1,MEF,ETS
565,18,1,-1.20092685026686,CKS1B,FLI1,MEF,ETS
3160,34,0,-1.97475920549478,UBE2C,MAFK,LMC,bZIP
1045,46,1,-2.12857218736207,FES,RFX5,MEF,HTH
1288,6,1,3.16557429975077,GRM4,BHLHE40,MEF,bHLH
2716,12,0,1.26433755910849,SLC25A45,EBF1,LMC,EBF
3263,3,0,1.13114050892096,ZMYND15,BACH1,LMC,bZIP
908,38,0,-1.2161774029393,EPHB2,MEF2C,LMC,MADS
2800,56,1,-1.09658233253047,SOAT1,YY1,MEF,Zf
2923,3,0,1.05851666857904,SYTL1,BACH1,LMC,bZIP
25,53,1,3.18066969946884,ACHE,TEAD4,MEF,TEA
1504,14,0,1.98667024272069,ITM2A,ELF1,LMC,ETS
2011,52,1,-1.11600402981182,NOD1,TCF3,MEF,HMG
3153,7,0,-2.45828596879432,TWIST2,CTCF,LMC,Zf
1812,56,1,-1.08338641753494,METRNL,YY1,MEF,Zf
1670,19,0,-2.10180405037591,LMO1,FOS,LMC,bZIP
1347,51,1,-2.24742323046206,HMMR,TCF12,MEF,bHLH
2027,43,1,-2.04766080988131,NPTX1,PAX5,MEF,"Paired,Homeobox"
674,37,0,3.17319654675173,CSRP3,MEF2A,LMC,MADS
1051,35,1,1.43975653073319,FGF12,MAX,MEF,bHLH
2865,46,1,2.039989378885,ST8SIA1,RFX5,MEF,HTH
1789,29,1,-2.01469923560463,MCM3,IRF1,MEF,IRF
1282,0,0,-2.76900124742437,GRIK1,ATF1,LMC,bZIP
833,27,1,1.3486774228937,DZANK1,GATA3,MEF,Zf
2933,51,1,-1.95592310103042,TAGLN2,TCF12,MEF,bHLH
2865,26,1,2.039989378885,ST8SIA1,GATA2,MEF,Zf
3033,27,1,3.98121391817439,TMEM229A,GATA3,MEF,Zf
296,23,1,-1.59805342544592,BLNK,FOXM1,MEF,Forkhead
1835,53,1,1.22196139832031,MKX,TEAD4,MEF,TEA
829,59,0,-1.17747353187961,DUT,ZKSCAN1,LMC,Zf
461,59,1,-5.43042571966764,CD84,ZKSCAN1,MEF,Zf
2097,40,1,1.75599374431711,OTOP1,MYOG,MEF,bHLH
1595,13,1,1.94541631082666,KLHL30,EGR1,MEF,Zf
63,17,1,-1.94780359767433,ADAMTS7,ETS1,MEF,ETS
359,19,0,-1.59344287396463,CAMKK1,FOS,LMC,bZIP
2699,59,1,-1.75701830403099,SLC16A3,ZKSCAN1,MEF,Zf
2712,60,0,-1.47026233442064,SLC24A3,ZNF263,LMC,Zf
1178,32,1,-1.94275764697771,GEN1,JUND,MEF,bZIP
1706,3,1,1.25254450235524,LRRC75B,BACH1,MEF,bZIP
2047,51,0,-1.49786300479231,NT5DC2,TCF12,LMC,bHLH
817,22,0,1.918440317054,DSP,FOXA2,LMC,Forkhead
2267,15,0,1.30462157378449,PLSCR4,ELK1,LMC,ETS
2536,30,1,4.09881469049758,RPS27,IRF3,MEF,IRF
2094,42,0,-1.90196413545541,OSR1,NRF1,LMC,NRF
5,10,1,-1.42809644144407,ABCA12,E2F4,MEF,E2F
1346,35,0,1.85192391244381,HMHA1,MAX,LMC,bHLH
1253,58,1,1.47966170189007,GPR3,ZEB1,MEF,Zf
2806,34,1,1.73147473519189,SORCS1,MAFK,MEF,bZIP
3043,19,0,-1.76276458381235,TMEM51,FOS,LMC,bZIP
205,52,1,1.1241272049731,ARL4A,TCF3,MEF,HMG
3137,36,1,-2.52066169804331,TTK,MAZ,MEF,Zf
1044,11,1,-5.35759327366017,FERMT3,E2F6,MEF,E2F
1146,58,1,-1.58579129430816,GAMT,ZEB1,MEF,Zf
2924,14,1,2.47982892076231,SYTL3,ELF1,MEF,ETS
2066,42,0,3.30640724155641,NXPH3,NRF1,LMC,NRF
2154,20,0,3.91045867563713,PCNXL2,FOSL2,LMC,bZIP
2929,14,1,-1.40887334898261,TACC3,ELF1,MEF,ETS
2400,7,1,1.03281487661586,PXDC1,CTCF,MEF,Zf
424,55,1,-1.71340513445512,CCNF,USF2,MEF,bHLH
254,50,1,3.22012132624262,AXIN2,STAT3,MEF,Stat
2583,42,1,-1.9243825304513,SCML2,NRF1,MEF,NRF
687,19,1,1.06779341502219,CTSF,FOS,MEF,bZIP
1421,52,1,-1.30620556259726,IGF2BP3,TCF3,MEF,HMG
3185,55,1,-6.8978318096904,UTY,USF2,MEF,bHLH
1118,49,1,1.15084131246931,FSIP1,STAT1,MEF,Stat
2653,2,1,2.32480093818971,SH3RF2,ATF3,MEF,bZIP
2367,34,1,-5.23532988568141,PTAFR,MAFK,MEF,bZIP
1744,44,0,1.61605159328595,MAFB,PBX3,LMC,Homeobox
206,43,1,-1.14830380637034,ARL4C,PAX5,MEF,"Paired,Homeobox"
1465,60,0,1.4524995937308,INPP4B,ZNF263,LMC,Zf
918,35,1,1.76533193075129,ERG,MAX,MEF,bHLH
1316,47,0,2.33192726597227,HCK,SP1,LMC,Zf
2101,1,1,1.9803470891141,P2RY10,ATF2,MEF,bZIP
3015,33,1,1.14577317140574,TMEM140,MAFF,MEF,bZIP
1733,34,1,1.10498032103892,LYRM1,MAFK,MEF,bZIP
2350,13,0,-3.07678553125054,PRRX1,EGR1,LMC,Zf
1598,15,1,3.39736452764113,KLHL40,ELK1,MEF,ETS
1320,19,0,1.94587080773716,HCST,FOS,LMC,bZIP
1040,10,1,-7.41074434102203,FCER1G,E2F4,MEF,E2F
1544,55,0,1.84116278759858,KCNJ10,USF2,LMC,bHLH
295,29,0,-1.62021046144252,BIRC5,IRF1,LMC,IRF
2014,45,0,1.03414208924194,NOS1AP,PRDM1,LMC,Zf
627,36,1,1.8243554918692,COLGALT2,MAZ,MEF,Zf
2439,0,0,1.09538100785983,RALGPS2,ATF1,LMC,bZIP
1894,17,0,-1.00373976817537,MTSS1L,ETS1,LMC,ETS
59,60,0,-1.31058200156496,ADAMTS2,ZNF263,LMC,Zf
2930,43,1,2.51642113242279,TACR1,PAX5,MEF,"Paired,Homeobox"
477,12,1,-1.43968116149163,CDCA7L,EBF1,MEF,EBF
1298,17,0,1.79871714318156,GSTA4,ETS1,LMC,ETS
1038,32,1,-1.7113898814647,FBXO5,JUND,MEF,bZIP
918,51,0,-2.67587003415919,ERG,TCF12,LMC,bHLH
2008,46,1,2.81553162174377,NMU,RFX5,MEF,HTH
3156,17,1,-9.23167979571188,TYROBP,ETS1,MEF,ETS
451,25,1,-1.77541440908592,CD53,GATA1,MEF,Zf
859,7,0,-1.01667299741207,EFHC1,CTCF,LMC,Zf
904,35,1,1.05128946083192,EPHA2,MAX,MEF,bHLH
1043,40,0,-1.20500555090751,FDPS,MYOG,LMC,bHLH
785,7,1,1.17300266617792,DNAJB9,CTCF,MEF,Zf
565,17,1,-1.20092685026686,CKS1B,ETS1,MEF,ETS
2980,19,0,-1.43334194465307,TIAM2,FOS,LMC,bZIP
1045,12,1,-2.12857218736207,FES,EBF1,MEF,EBF
1655,42,1,-1.4939244371639,LIG1,NRF1,MEF,NRF
2137,26,0,-1.76140672165832,PCDH18,GATA2,LMC,Zf
1371,29,1,3.72665701018455,HOXC10,IRF1,MEF,IRF
458,8,0,-1.5789323637807,CD80,CUX1,LMC,Homeobox
508,37,0,-2.06917111748834,CEMIP,MEF2A,LMC,MADS
1838,55,1,1.00684294020748,MLLT3,USF2,MEF,bHLH
1307,33,0,-1.36464889595292,H1FX,MAFF,LMC,bZIP
2304,6,1,3.36329480188658,PPARGC1A,BHLHE40,MEF,bHLH
262,45,1,-1.06022912878962,B4GALT1,PRDM1,MEF,Zf
318,1,1,1.90766419450925,BTLA,ATF2,MEF,bZIP
645,23,0,2.6611503079023,CRABP2,FOXM1,LMC,Forkhead
39,55,1,-1.17835208367133,ACTB,USF2,MEF,bHLH
2929,10,1,-1.40887334898261,TACC3,E2F4,MEF,E2F
713,14,1,1.19144626408088,CYLD,ELF1,MEF,ETS
3187,40,0,-1.34161711295415,VASH2,MYOG,LMC,bHLH
2617,21,1,-1.57128814337927,SEPP1,FOXA1,MEF,Forkhead
1816,13,1,-1.32991077332201,MEX3D,EGR1,MEF,Zf
956,11,1,-1.38741182722717,FABP5,E2F6,MEF,E2F
2577,17,0,2.02243031636998,SBK2,ETS1,LMC,ETS
2330,36,1,-1.38610302093725,PREX1,MAZ,MEF,Zf
2472,47,0,2.18050992784048,RBM47,SP1,LMC,Zf
2563,15,1,-1.74298734228457,S1PR1,ELK1,MEF,ETS
2931,7,1,1.63477341239158,TACR3,CTCF,MEF,Zf
1065,54,1,-1.57977683346688,FHL2,USF1,MEF,bHLH
3097,30,0,2.5661717834217,TREML2,IRF3,LMC,IRF
2196,36,0,-1.22792787179975,PGAP3,MAZ,LMC,Zf
2308,50,0,1.4764173769232,PPFIBP2,STAT3,LMC,Stat
1660,47,1,-1.55962805425669,LIMK1,SP1,MEF,Zf
1383,3,0,3.90815789057665,HPCAL4,BACH1,LMC,bZIP
788,46,0,1.17421032513561,DNASE1L1,RFX5,LMC,HTH
1957,53,1,-2.61766850781226,NDC80,TEAD4,MEF,TEA
398,46,1,1.03875647777086,CCDC63,RFX5,MEF,HTH
2403,28,1,-3.781902171091,PYGL,HNF4A,MEF,NR
694,35,1,-1.01879417311662,CUX1,MAX,MEF,bHLH
212,10,1,1.23030270494439,ARRDC3,E2F4,MEF,E2F
1658,47,0,-1.11995880005209,LIMCH1,SP1,LMC,Zf
2893,32,0,1.51284286980571,STRA6,JUND,LMC,bZIP
1094,13,1,1.9671559113756,FOXA3,EGR1,MEF,Zf
3236,46,0,1.14579429923485,WWP1,RFX5,LMC,HTH
1512,35,1,-2.12044492913344,JAKMIP2,MAX,MEF,bHLH
553,58,0,-1.16793164129301,CHST2,ZEB1,LMC,Zf
1118,3,1,1.15084131246931,FSIP1,BACH1,MEF,bZIP
2163,29,1,-2.12723887335519,PDE11A,IRF1,MEF,IRF
1383,55,0,3.90815789057665,HPCAL4,USF2,LMC,bHLH
3051,36,1,1.32077569485417,TMX2,MAZ,MEF,Zf
2418,43,0,-1.00063840189489,RAB30,PAX5,LMC,"Paired,Homeobox"
441,31,1,-4.20187463759613,CD300A,IRF4,MEF,IRF
2818,12,0,-2.25716671489851,SP3,EBF1,LMC,EBF
2387,52,1,-4.42913865344,PTPN7,TCF3,MEF,HMG
2043,42,1,2.01240494135891,NRXN1,NRF1,MEF,NRF
966,36,1,-2.12873128121721,FAM111A,MAZ,MEF,Zf
1509,56,1,-1.44881067617991,JADE1,YY1,MEF,Zf
90,50,1,-1.63748519720192,AGER,STAT3,MEF,Stat
1783,17,0,-2.61767842709454,MCAM,ETS1,LMC,ETS
3152,35,0,-1.21560557967585,TVP23A,MAX,LMC,bHLH
1728,59,0,2.42475480036717,LY86,ZKSCAN1,LMC,Zf
2551,15,0,-1.05240961924625,RTN4R,ELK1,LMC,ETS
496,44,1,-2.28882867699308,CDKN3,PBX3,MEF,Homeobox
2985,27,0,1.18351069680431,TIMP1,GATA3,LMC,Zf
1686,56,0,-1.27921012236517,LPP,YY1,LMC,Zf
562,50,0,-1.84132809551671,CKAP2,STAT3,LMC,Stat
2431,21,1,-1.67508726212781,RAD51,FOXA1,MEF,Forkhead
1811,6,1,1.49384441854823,MEST,BHLHE40,MEF,bHLH
693,0,0,-1.02311552800996,CUL7,ATF1,LMC,bZIP
1551,55,1,-2.83262088040282,KCNK13,USF2,MEF,bHLH
1184,32,1,-1.16926247196897,GGN,JUND,MEF,bZIP
1016,53,0,-1.28239591471792,FANCD2,TEAD4,LMC,TEA
1718,34,0,1.49200153198622,LSR,MAFK,LMC,bZIP
477,10,1,-1.43968116149163,CDCA7L,E2F4,MEF,E2F
1551,56,0,2.1555893308919,KCNK13,YY1,LMC,Zf
1688,53,1,1.32207445323226,LRCH1,TEAD4,MEF,TEA
673,44,1,-1.42679271623708,CSRP2,PBX3,MEF,Homeobox
2228,57,1,2.24473724848216,PLA2G2E,ZBTB33,MEF,Zf
2393,56,1,2.75610602743118,PTPRT,YY1,MEF,Zf
2608,51,0,-1.20440500444448,SEMA3C,TCF12,LMC,bHLH
564,20,1,2.34923091228142,CKMT2,FOSL2,MEF,bZIP
640,7,1,2.11611963339668,CPNE7,CTCF,MEF,Zf
951,13,0,-1.22121692603149,F3,EGR1,LMC,Zf
1754,54,1,1.57566577442679,MANEAL,USF1,MEF,bHLH
978,58,0,-1.26962769990828,FAM174B,ZEB1,LMC,Zf
764,36,1,-2.77861016108699,DLGAP5,MAZ,MEF,Zf
1727,34,1,-1.39507995883176,LY75,MAFK,MEF,bZIP
226,40,1,-2.12606281183785,ASF1B,MYOG,MEF,bHLH
2661,17,0,-1.22957922565248,SHF,ETS1,LMC,ETS
3095,37,0,1.94936423014752,TREM1,MEF2A,LMC,MADS
499,35,0,-1.08134160329322,CDR2L,MAX,LMC,bHLH
563,6,1,-3.27232018490678,CKAP2L,BHLHE40,MEF,bHLH
2642,10,0,-1.09221409697119,SGSM1,E2F4,LMC,E2F
1451,34,1,-1.7797236981012,IL1RL1,MAFK,MEF,bZIP
1832,3,1,-1.58814570551157,MIS18BP1,BACH1,MEF,bZIP
2233,53,0,-2.88397557845774,PLAC8,TEAD4,LMC,TEA
2476,14,1,1.73720161916413,RCAN1,ELF1,MEF,ETS
968,60,0,-1.4871692627616,FAM131B,ZNF263,LMC,Zf
1478,15,1,-4.43611876756178,IRF8,ELK1,MEF,ETS
3250,10,1,-2.39119811761079,ZC3HAV1L,E2F4,MEF,E2F
1573,11,1,-1.71237492328591,KIF22,E2F6,MEF,E2F
1691,36,1,1.57129493062406,LRFN5,MAZ,MEF,Zf
2979,12,1,-5.70150854605767,THEMIS2,EBF1,MEF,EBF
2159,53,1,-3.50441248789813,PCSK9,TEAD4,MEF,TEA
3249,32,1,-3.34195234407642,ZC3H12D,JUND,MEF,bZIP
2518,24,0,1.12192132751903,RNF144B,GABPA,LMC,ETS
2764,6,1,-1.71721205740483,SLC9A9,BHLHE40,MEF,bHLH
1632,53,1,-3.12652993466873,LCP2,TEAD4,MEF,TEA
1960,56,1,1.24843648845543,NDRG2,YY1,MEF,Zf
1551,46,0,2.1555893308919,KCNK13,RFX5,LMC,HTH
1184,35,1,-1.16926247196897,GGN,MAX,MEF,bHLH
1630,47,1,2.00068240935345,LCN2,SP1,MEF,Zf
1785,34,0,-2.26452692519611,MCF2L,MAFK,LMC,bZIP
1419,7,0,-1.21569532165632,IGF2BP1,CTCF,LMC,Zf
2959,16,0,-1.05619658421394,TEX14,ELK4,LMC,ETS
1907,32,0,-4.23381747992927,MYH11,JUND,LMC,bZIP
522,52,0,1.26401131755558,CENPV,TCF3,LMC,HMG
1747,45,0,2.304021662009,MAL2,PRDM1,LMC,Zf
2592,6,1,-1.49631929595084,SCRT1,BHLHE40,MEF,bHLH
3028,26,1,-1.00655022948688,TMEM191C,GATA2,MEF,Zf
2033,21,0,-1.95195850424148,NR2F1,FOXA1,LMC,Forkhead
2914,54,1,3.80336753378648,SYNM,USF1,MEF,bHLH
315,49,0,-1.15304342329628,BTBD3,STAT1,LMC,Stat
2727,10,0,-3.11197659189262,SLC2A4,E2F4,LMC,E2F
1781,21,1,-1.91399422387466,MBP,FOXA1,MEF,Forkhead
140,14,1,-3.39000947167875,ANKRD33B,ELF1,MEF,ETS
1734,10,1,1.03962783655705,LYRM7,E2F4,MEF,E2F
832,32,1,-1.02758094939115,DYSF,JUND,MEF,bZIP
1052,29,1,2.06212975174071,FGF13,IRF1,MEF,IRF
1960,53,1,1.24843648845543,NDRG2,TEAD4,MEF,TEA
262,10,1,-1.06022912878962,B4GALT1,E2F4,MEF,E2F
1683,59,0,-1.51285821312329,LPIN3,ZKSCAN1,LMC,Zf
151,27,0,-1.257800767497,ANXA6,GATA3,LMC,Zf
584,55,0,1.84292164698875,CLSTN3,USF2,LMC,bHLH
759,32,0,-1.00993525857208,DIXDC1,JUND,LMC,bZIP
755,15,0,-1.06742983380829,DHFR,ELK1,LMC,ETS
2823,22,0,-1.74134660350485,SPAG5,FOXA2,LMC,Forkhead
1591,52,1,1.24681343695408,KLF9,TCF3,MEF,HMG
3007,12,0,1.50050395055643,TMEM106A,EBF1,LMC,EBF
400,6,1,1.69037125761884,CCDC68,BHLHE40,MEF,bHLH
1459,1,1,-7.44354636193148,IL7R,ATF2,MEF,bZIP
2289,8,1,-1.15837612128203,POLD1,CUX1,MEF,Homeobox
313,10,0,1.25843048968999,BST2,E2F4,LMC,E2F
1738,34,1,1.18278975969267,LZTFL1,MAFK,MEF,bZIP
17,8,1,-2.9814574339715,ABI3,CUX1,MEF,Homeobox
565,10,0,-1.00847937566147,CKS1B,E2F4,LMC,E2F
102,17,1,1.26640972757189,AK9,ETS1,MEF,ETS
2288,55,1,-1.22235801190337,POLA1,USF2,MEF,bHLH
2641,59,1,-1.51561055023363,SGOL2,ZKSCAN1,MEF,Zf
2671,60,0,-3.85796672875105,SIM2,ZNF263,LMC,Zf
2196,35,1,-1.48538119052124,PGAP3,MAX,MEF,bHLH
753,7,1,1.03542245995947,DGKI,CTCF,MEF,Zf
575,55,1,-1.29471487975706,CLEC2L,USF2,MEF,bHLH
2011,24,1,-1.11600402981182,NOD1,GABPA,MEF,ETS
2997,36,1,-1.22578015350755,TLR5,MAZ,MEF,Zf
1369,58,1,-1.03793502410556,HOXB7,ZEB1,MEF,Zf
2866,7,1,-1.38623277865563,ST8SIA2,CTCF,MEF,Zf
1010,3,1,1.09840395942364,FAM83C,BACH1,MEF,bZIP
2865,50,0,2.11068617163851,ST8SIA1,STAT3,LMC,Stat
893,36,1,1.05417125614623,ENDOD1,MAZ,MEF,Zf
2982,11,0,-1.48427698650404,TICRR,E2F6,LMC,E2F
519,23,0,-1.14569791585651,CENPQ,FOXM1,LMC,Forkhead
1350,32,0,1.34567640676102,HNMT,JUND,LMC,bZIP
1142,7,0,-2.57237384040221,GALNT18,CTCF,LMC,Zf
208,36,0,1.28382265210123,ARMC2,MAZ,LMC,Zf
304,32,1,-2.41187031920075,BMPER,JUND,MEF,bZIP
2000,1,0,1.5370079637518,NLRC3,ATF2,LMC,bZIP
1695,57,1,-2.32937255466157,LRR1,ZBTB33,MEF,Zf
2638,44,0,1.35708014255884,SGK3,PBX3,LMC,Homeobox
935,44,1,-1.93427783380951,EVL,PBX3,MEF,Homeobox
927,7,1,1.40396646353209,ESYT3,CTCF,MEF,Zf
1375,7,1,-1.06303572888616,HOXC6,CTCF,MEF,Zf
761,59,1,2.14213441280121,DKKL1,ZKSCAN1,MEF,Zf
1879,52,1,-8.84349682711062,MS4A7,TCF3,MEF,HMG
448,23,1,-7.07768607115533,CD37,FOXM1,MEF,Forkhead
3028,58,1,-1.00655022948688,TMEM191C,ZEB1,MEF,Zf
2981,50,1,-1.72964937024715,TICAM2,STAT3,MEF,Stat
1027,3,0,-1.68739723753101,FBN1,BACH1,LMC,bZIP
741,59,1,-1.52641846737503,DDX11,ZKSCAN1,MEF,Zf
2603,29,1,1.0266249678335,SEC61G,IRF1,MEF,IRF
1443,24,0,-1.0708433709551,IL17RC,GABPA,LMC,ETS
2934,60,0,2.09023465675641,TAL1,ZNF263,LMC,Zf
2313,19,0,-2.72520424861174,PPP1R14A,FOS,LMC,bZIP
2767,7,0,-1.80961879206363,SLCO3A1,CTCF,LMC,Zf
946,33,1,1.97088631304274,F11,MAFF,MEF,bZIP
2011,3,1,-1.11600402981182,NOD1,BACH1,MEF,bZIP
2948,10,1,1.89850295891172,TCF7,E2F4,MEF,E2F
1520,23,1,1.25680814448097,KAZALD1,FOXM1,MEF,Forkhead
1022,27,1,-2.11120927736903,FBLIM1,GATA3,MEF,Zf
2030,15,0,-1.75744010666579,NPY1R,ELK1,LMC,ETS
101,7,0,2.11049061556766,AIM2,CTCF,LMC,Zf
1836,25,1,1.9158642253861,MLANA,GATA1,MEF,Zf
894,7,0,-1.88796924738985,ENG,CTCF,LMC,Zf
2193,36,0,-2.32826181138946,PFKL,MAZ,LMC,Zf
792,50,1,-1.16716822785582,DNMT1,STAT3,MEF,Stat
513,1,1,-1.61297653663404,CENPH,ATF2,MEF,bZIP
1044,50,1,-5.35759327366017,FERMT3,STAT3,MEF,Stat
2915,26,1,1.25087463513992,SYNPO,GATA2,MEF,Zf
3102,51,1,-1.77073057858269,TRIL,TCF12,MEF,bHLH
1124,36,1,1.2403597876149,FUNDC1,MAZ,MEF,Zf
142,34,1,-1.0540168366728,ANKRD37,MAFK,MEF,bZIP
258,14,1,-3.11290699183217,B3GNT7,ELF1,MEF,ETS
466,44,1,-1.50814193249096,CDC25B,PBX3,MEF,Homeobox
891,22,0,3.15016131621519,EN2,FOXA2,LMC,Forkhead
2280,3,0,-1.56490852505316,PNCK,BACH1,LMC,bZIP
1751,43,1,-1.62007527823307,MAN1C1,PAX5,MEF,"Paired,Homeobox"
604,22,1,2.26907153817608,CNTNAP3,FOXA2,MEF,Forkhead
1939,10,1,1.0546966217877,NAPB,E2F4,MEF,E2F
2977,11,0,-1.92087742808799,THBS3,E2F6,LMC,E2F
767,59,1,2.50105789905647,DLX1,ZKSCAN1,MEF,Zf
3035,7,1,1.69106773428587,TMEM25,CTCF,MEF,Zf
2303,50,1,-1.12367666786564,PPARA,STAT3,MEF,Stat
1103,28,0,-1.1218794612056,FOXP1,HNF4A,LMC,NR
857,60,1,1.30242094322822,EFCAB2,ZNF263,MEF,Zf
412,34,1,-1.37083219051155,CCL2,MAFK,MEF,bZIP
3138,35,0,-1.6865426189192,TTLL11,MAX,LMC,bHLH
2616,34,0,-1.1018521339641,SEMA6C,MAFK,LMC,bZIP
2632,54,1,-2.46488651593845,SEZ6L2,USF1,MEF,bHLH
3258,15,1,-1.44945424108124,ZFYVE28,ELK1,MEF,ETS
41,22,1,-1.29710351150971,ACTN3,FOXA2,MEF,Forkhead
1212,50,0,1.36683741694235,GNA15,STAT3,LMC,Stat
2504,56,1,-1.95876977809436,RHOV,YY1,MEF,Zf
2505,34,0,1.90830758048252,RHPN2,MAFK,LMC,bZIP
791,35,0,-1.80214698809254,DNM3OS,MAX,LMC,bHLH
1024,19,1,-3.01491576767081,FBLN2,FOS,MEF,bZIP
572,25,1,-5.19641816489421,CLEC12A,GATA1,MEF,Zf
243,34,0,-1.46580164243857,ATP6V0A4,MAFK,LMC,bZIP
2970,56,1,1.23882960320647,TGFB2,YY1,MEF,Zf
2195,42,1,-1.52699493814119,PGAP1,NRF1,MEF,NRF
2736,14,1,2.09488654749349,SLC35G1,ELF1,MEF,ETS
3078,44,1,-2.8886465852491,TOP2A,PBX3,MEF,Homeobox
484,12,1,-1.7228499073708,CDH24,EBF1,MEF,EBF
1605,20,1,-3.40072407726665,KNTC1,FOSL2,MEF,bZIP
2294,59,0,1.61750945787195,POPDC3,ZKSCAN1,LMC,Zf
400,28,0,-1.11019254428826,CCDC68,HNF4A,LMC,NR
1310,27,1,2.36266249557607,HAP1,GATA3,MEF,Zf
706,52,1,1.17172577203364,CXXC5,TCF3,MEF,HMG
883,10,0,-1.77841332512068,ELOVL6,E2F4,LMC,E2F
1981,36,1,4.35767181936915,NFASC,MAZ,MEF,Zf
2119,53,0,1.63901381088849,PAPLN,TEAD4,LMC,TEA
118,57,1,-1.21591862457302,ALOXE3,ZBTB33,MEF,Zf
751,32,1,3.26916636459788,DES,JUND,MEF,bZIP
163,14,0,1.78850919736713,APLP1,ELF1,LMC,ETS
1419,2,0,-1.21569532165632,IGF2BP1,ATF3,LMC,bZIP
2343,26,1,-2.24464602061636,PRR11,GATA2,MEF,Zf
1726,19,1,-1.52921091248218,LY6E,FOS,MEF,bZIP
2949,42,1,2.12144077789538,TCFL5,NRF1,MEF,NRF
40,7,0,-3.9178008496154,ACTG2,CTCF,LMC,Zf
3252,59,1,-1.30944351629506,ZDHHC14,ZKSCAN1,MEF,Zf
2181,32,1,-1.00301611853457,PDXK,JUND,MEF,bZIP
708,7,1,3.07980552831559,CYB5R2,CTCF,MEF,Zf
3002,21,0,2.29422589888245,TM4SF5,FOXA1,LMC,Forkhead
2436,27,1,-1.79053346769838,RAD54L,GATA3,MEF,Zf
1695,44,1,-2.32937255466157,LRR1,PBX3,MEF,Homeobox
1016,10,0,-1.28239591471792,FANCD2,E2F4,LMC,E2F
2993,34,0,-1.98409674610173,TLE6,MAFK,LMC,bZIP
873,24,0,2.31733348486408,EGR3,GABPA,LMC,ETS
2818,34,1,-2.08194247908824,SP3,MAFK,MEF,bZIP
1909,37,1,-1.00556299743777,MYH9,MEF2A,MEF,MADS
1921,49,0,1.02112335467141,MYO1D,STAT1,LMC,Stat
398,8,1,1.03875647777086,CCDC63,CUX1,MEF,Homeobox
1050,51,1,-1.4150495250694,FGF11,TCF12,MEF,bHLH
1397,32,1,-1.16888047583215,HSPA12B,JUND,MEF,bZIP
2288,16,1,-1.22235801190337,POLA1,ELK4,MEF,ETS
1474,31,1,1.58552456677636,IQUB,IRF4,MEF,IRF
479,34,0,4.50682592257257,CDH1,MAFK,LMC,bZIP
1321,34,0,1.4760606765863,HDAC9,MAFK,LMC,bZIP
1638,43,1,2.33678462341157,LEF1,PAX5,MEF,"Paired,Homeobox"
282,11,1,1.71051740897939,BDNF,E2F6,MEF,E2F
2139,46,0,-1.66108878791863,PCDH20,RFX5,LMC,HTH
1436,12,0,2.10053679133287,IL10RA,EBF1,LMC,EBF
1553,60,0,1.28517204387347,KCNK6,ZNF263,LMC,Zf
1266,46,1,1.15472693409068,GPRC5C,RFX5,MEF,HTH
2953,33,0,1.39186676290857,TECPR1,MAFF,LMC,bZIP
2422,60,1,2.12952005907301,RAB39B,ZNF263,MEF,Zf
520,55,0,-1.07484665845757,CENPT,USF2,LMC,bHLH
520,40,0,-1.07484665845757,CENPT,MYOG,LMC,bHLH
994,34,1,1.02278867867513,FAM222A,MAFK,MEF,bZIP
458,8,0,-1.5789323637807,CD80,CUX1,LMC,Homeobox
1835,7,1,1.22196139832031,MKX,CTCF,MEF,Zf
214,19,0,-1.31617696470295,ARSI,FOS,LMC,bZIP
454,44,0,2.02419233042325,CD68,PBX3,LMC,Homeobox
650,7,1,-2.94835882788418,CREG2,CTCF,MEF,Zf
501,42,1,-1.54134144871183,CDT1,NRF1,MEF,NRF
2686,11,1,1.0133885125942,SLC12A2,E2F6,MEF,E2F
3093,16,1,1.33406165475606,TRDMT1,ELK4,MEF,ETS
2039,53,1,2.21571660499316,NRN1,TEAD4,MEF,TEA
873,34,0,2.31733348486408,EGR3,MAFK,LMC,bZIP
1420,54,1,-1.15452140562588,IGF2BP2,USF1,MEF,bHLH
2959,51,0,-1.05619658421394,TEX14,TCF12,LMC,bHLH
666,36,0,2.81350747504568,CSF3R,MAZ,LMC,Zf
1545,52,0,2.30890588691193,KCNJ11,TCF3,LMC,HMG
907,56,1,1.60427501515903,EPHA7,YY1,MEF,Zf
2837,20,0,1.62615454323833,SPINT2,FOSL2,LMC,bZIP
3137,50,0,-1.54688616829487,TTK,STAT3,LMC,Stat
2535,50,1,-4.82573886284107,RPS16,STAT3,MEF,Stat
1475,15,0,2.468504438056,IRF5,ELK1,LMC,ETS
534,47,0,-1.96639667434657,CGNL1,SP1,LMC,Zf
2160,8,0,-1.2122647005082,PCYOX1L,CUX1,LMC,Homeobox
2303,12,0,-2.49135049160463,PPARA,EBF1,LMC,EBF
2196,30,0,-1.22792787179975,PGAP3,IRF3,LMC,IRF
1832,54,1,-1.58814570551157,MIS18BP1,USF1,MEF,bHLH
729,60,1,1.98950483778621,DCC,ZNF263,MEF,Zf
2208,6,1,-2.93900889516941,PIEZO2,BHLHE40,MEF,bHLH
389,53,1,2.01656793230096,CCDC153,TEAD4,MEF,TEA
203,12,0,1.8472986595784,ARL11,EBF1,LMC,EBF
2196,47,1,-1.48538119052124,PGAP3,SP1,MEF,Zf
1745,46,0,2.6302950683987,MAK,RFX5,LMC,HTH
3143,32,1,-1.05710765042319,TTYH2,JUND,MEF,bZIP
873,12,0,2.31733348486408,EGR3,EBF1,LMC,EBF
3139,47,1,1.58696034399578,TTLL6,SP1,MEF,Zf
511,43,0,-2.02810264729647,CENPE,PAX5,LMC,"Paired,Homeobox"
1385,25,0,3.15189241334862,HPGD,GATA1,LMC,Zf
1620,10,1,-1.28789219699444,LAMC1,E2F4,MEF,E2F
2033,12,0,-1.95195850424148,NR2F1,EBF1,LMC,EBF
528,1,0,1.27546161665479,CERK,ATF2,LMC,bZIP
1982,29,1,-1.37039279792407,NFATC2,IRF1,MEF,IRF
384,3,0,-1.17409117648331,CCDC116,BACH1,LMC,bZIP
2828,33,1,-1.31206755500198,SPDL1,MAFF,MEF,bZIP
345,0,1,3.2806951234559,CACNA2D3,ATF1,MEF,bZIP
575,60,1,-1.29471487975706,CLEC2L,ZNF263,MEF,Zf
2152,6,1,-2.32673874209198,PCK1,BHLHE40,MEF,bHLH
194,47,0,-1.26829071451464,ARHGEF25,SP1,LMC,Zf
1146,36,0,-1.44526325705322,GAMT,MAZ,LMC,Zf
1062,35,1,-1.28672835254561,FGGY,MAX,MEF,bHLH
508,21,0,-2.06917111748834,CEMIP,FOXA1,LMC,Forkhead
2093,15,1,-1.15661822035074,OSMR,ELK1,MEF,ETS
86,51,1,1.60031551678626,AFF2,TCF12,MEF,bHLH
185,33,0,1.22609652976325,ARHGAP29,MAFF,LMC,bZIP
1137,8,0,-1.31503420517668,GAL3ST4,CUX1,LMC,Homeobox
2289,2,1,-1.15837612128203,POLD1,ATF3,MEF,bZIP
648,51,1,1.09296402967198,CREBL2,TCF12,MEF,bHLH
1655,24,1,-1.4939244371639,LIG1,GABPA,MEF,ETS
1542,24,0,2.07201257474795,KCNIP2,GABPA,LMC,ETS
530,24,1,1.29315129835273,CFAP57,GABPA,MEF,ETS
2187,56,1,2.4186562012654,PERP,YY1,MEF,Zf
1554,27,1,-1.74879156530137,KCNMA1,GATA3,MEF,Zf
180,40,0,1.09118038613016,ARHGAP18,MYOG,LMC,bHLH
1937,32,1,1.59677936362192,NAP1L3,JUND,MEF,bZIP
159,56,1,-1.38028441051787,APBB1IP,YY1,MEF,Zf
1990,53,1,-2.08969235613197,NID1,TEAD4,MEF,TEA
3267,21,0,-1.26383646152717,ZWILCH,FOXA1,LMC,Forkhead
2944,50,0,2.1293690334281,TBXAS1,STAT3,LMC,Stat
2911,13,0,1.17809138778285,SYNE2,EGR1,LMC,Zf
1070,4,1,-1.95715177392112,FIGNL1,BATF,MEF,bZIP
632,53,1,-4.32608395276408,CORO2A,TEAD4,MEF,TEA
2015,6,1,1.45463707773598,NOS2,BHLHE40,MEF,bHLH
1811,14,1,1.49384441854823,MEST,ELF1,MEF,ETS
2276,45,1,1.06543967234965,PMAIP1,PRDM1,MEF,Zf
1699,22,1,1.51589562604092,LRRC2,FOXA2,MEF,Forkhead
278,29,1,1.00590719166316,BCL11A,IRF1,MEF,IRF
2552,40,1,-3.71580162124379,RTN4RL1,MYOG,MEF,bHLH
1556,21,1,-1.60578743741166,KCNS3,FOXA1,MEF,Forkhead
1219,17,1,-2.16856191000515,GNGT2,ETS1,MEF,ETS
2134,0,1,2.39317795527181,PCDH10,ATF1,MEF,bZIP
2641,3,0,-1.30244599015757,SGOL2,BACH1,LMC,bZIP
1011,6,0,-1.74555332545619,FAM83D,BHLHE40,LMC,bHLH
896,32,0,1.19995161646763,ENPP1,JUND,LMC,bZIP
523,34,1,-1.02774606611324,CENPW,MAFK,MEF,bZIP
624,55,0,1.14347278913076,COL8A2,USF2,LMC,bHLH
3187,7,1,-1.16461380481226,VASH2,CTCF,MEF,Zf
1434,36,1,1.1634846475528,IKZF4,MAZ,MEF,Zf
2281,54,1,-2.54170777644791,PNMA2,USF1,MEF,bHLH
3060,29,1,-1.68245131894634,TNFRSF14,IRF1,MEF,IRF
609,19,0,-2.48383705669678,COL14A1,FOS,LMC,bZIP
903,54,0,2.93275182204377,EPCAM,USF1,LMC,bHLH
2865,23,1,2.039989378885,ST8SIA1,FOXM1,MEF,Forkhead
2815,35,0,1.37221217618403,SP100,MAX,LMC,bHLH
2649,51,1,-2.03793912517393,SH3BP2,TCF12,MEF,bHLH
236,50,1,1.51918637169266,ATG9B,STAT3,MEF,Stat
1665,59,1,-1.09066040559918,LIPA,ZKSCAN1,MEF,Zf
473,19,1,-1.83545152460296,CDCA2,FOS,MEF,bZIP
1682,49,1,-2.74353016291485,LPAR5,STAT1,MEF,Stat
972,24,1,1.65024443617622,FAM154B,GABPA,MEF,ETS
3223,55,1,1.09999240845705,WNK3,USF2,MEF,bHLH
1474,13,1,1.58552456677636,IQUB,EGR1,MEF,Zf
3235,28,0,1.66189980207971,WT1,HNF4A,LMC,NR
2213,15,0,1.87203016124587,PIK3CG,ELK1,LMC,ETS
2458,55,0,-1.8068207517124,RASGRP1,USF2,LMC,bHLH
2280,29,0,-1.56490852505316,PNCK,IRF1,LMC,IRF
311,23,1,-1.15853737122107,BRIP1,FOXM1,MEF,Forkhead
3040,12,0,-1.15867301067613,TMEM38A,EBF1,LMC,EBF
965,14,1,1.21645357704,FAM110C,ELF1,MEF,ETS
2982,21,1,-2.33478354896537,TICRR,FOXA1,MEF,Forkhead
1336,13,1,-1.36502133440852,HIST1H3G,EGR1,MEF,Zf
1228,59,1,2.19092246900639,GPC5,ZKSCAN1,MEF,Zf
419,18,1,-1.01212708968367,CCM2,FLI1,MEF,ETS
94,51,0,1.1446893045572,AHCYL2,TCF12,LMC,bHLH
902,3,1,1.82046406893,ENTPD2,BACH1,MEF,bZIP
606,7,1,1.54732107093079,COL10A1,CTCF,MEF,Zf
1923,10,1,-6.19711798535676,MYO1G,E2F4,MEF,E2F
2153,27,0,-1.51740049418196,PCLO,GATA3,LMC,Zf
530,23,1,1.29315129835273,CFAP57,FOXM1,MEF,Forkhead
586,11,0,-1.51585649307847,CLYBL,E2F6,LMC,E2F
1642,49,1,-2.26677149350915,LFNG,STAT1,MEF,Stat
1294,3,1,-1.33553727089329,GSG2,BACH1,MEF,bZIP
3134,11,1,2.28253082591475,TTC21A,E2F6,MEF,E2F
2477,3,1,1.46967424150988,RCAN2,BACH1,MEF,bZIP
2992,10,0,-1.59620965406724,TLE2,E2F4,LMC,E2F
1239,7,0,3.71698762694664,GPR133,CTCF,LMC,Zf
839,53,0,-1.8998701410423,EBF1,TEAD4,LMC,TEA
2177,19,0,-1.03900312371046,PDIA5,FOS,LMC,bZIP
3259,2,1,-1.68425029454218,ZIC1,ATF3,MEF,bZIP
893,49,1,1.05417125614623,ENDOD1,STAT1,MEF,Stat
2439,29,0,1.09538100785983,RALGPS2,IRF1,LMC,IRF
837,12,0,1.07010132496993,EAF1,EBF1,LMC,EBF
965,53,1,1.21645357704,FAM110C,TEAD4,MEF,TEA
415,35,0,2.20264984010937,CCL4,MAX,LMC,bHLH
1683,6,0,-1.51285821312329,LPIN3,BHLHE40,LMC,bHLH
613,10,0,-2.62487820089675,COL19A1,E2F4,LMC,E2F
2021,8,1,-1.09798854940686,NPAS4,CUX1,MEF,Homeobox
84,35,1,2.72193555073762,ADRB3,MAX,MEF,bHLH
1007,33,0,1.92392739624196,FAM78A,MAFF,LMC,bZIP
1045,36,1,-2.12857218736207,FES,MAZ,MEF,Zf
2505,60,0,1.90830758048252,RHPN2,ZNF263,LMC,Zf
295,17,0,-1.62021046144252,BIRC5,ETS1,LMC,ETS
350,50,0,1.39360994130101,CADM3,STAT3,LMC,Stat
470,35,0,-1.67025645719713,CDC42EP5,MAX,LMC,bHLH
789,11,0,-1.85212719047073,DNER,E2F6,LMC,E2F
2773,19,0,-1.30007760641789,SLITRK5,FOS,LMC,bZIP
2418,28,0,-1.00063840189489,RAB30,HNF4A,LMC,NR
3110,3,0,-2.42438042274599,TRIM71,BACH1,LMC,bZIP
2792,5,0,1.77801894743797,SNHG11,BCL11A,LMC,Zf
1872,17,0,-1.77286048638889,MRC2,ETS1,LMC,ETS
2422,4,1,2.12952005907301,RAB39B,BATF,MEF,bZIP
1475,7,0,2.468504438056,IRF5,CTCF,LMC,Zf
2830,50,0,1.75535674803708,SPEF2,STAT3,LMC,Stat
1521,15,0,1.12300192662692,KAZN,ELK1,LMC,ETS
1502,13,1,2.00353684426726,ITIH2,EGR1,MEF,Zf
1055,6,1,1.83302922552139,FGF5,BHLHE40,MEF,bHLH
1161,17,1,-1.53502513089702,GBX1,ETS1,MEF,ETS
642,34,1,-1.81086800991375,CPXM1,MAFK,MEF,bZIP
2169,20,0,-1.34466387096847,PDE4D,FOSL2,LMC,bZIP
2339,60,1,1.18282904764798,PROCR,ZNF263,MEF,Zf
466,30,1,-1.50814193249096,CDC25B,IRF3,MEF,IRF
421,23,1,-3.46951667804334,CCNB1,FOXM1,MEF,Forkhead
1643,49,1,-1.38336396197662,LGALS3,STAT1,MEF,Stat
1696,34,1,-1.70193316483449,LRRC15,MAFK,MEF,bZIP
2033,3,0,-1.95195850424148,NR2F1,BACH1,LMC,bZIP
2074,15,0,2.15190725480677,OCLN,ELK1,LMC,ETS
1967,14,0,-1.16162403843679,NEDD9,ELF1,LMC,ETS
1083,7,1,-4.76867604582576,FMO2,CTCF,MEF,Zf
1621,47,0,1.64432511351495,LAMC2,SP1,LMC,Zf
1044,33,1,-5.35759327366017,FERMT3,MAFF,MEF,bZIP
3076,59,1,1.28085910518458,TOB1,ZKSCAN1,MEF,Zf
1326,30,1,1.7722064028103,HERC3,IRF3,MEF,IRF
323,36,1,1.57648450507266,C1GALT1,MAZ,MEF,Zf
1911,25,0,2.59641082718197,MYL7,GATA1,LMC,Zf
1681,60,1,-1.46976923934256,LPAR2,ZNF263,MEF,Zf
2598,59,1,1.9485947229018,SDC4,ZKSCAN1,MEF,Zf
591,51,1,-1.3326909212293,CNDP2,TCF12,MEF,bHLH
2563,1,1,-1.74298734228457,S1PR1,ATF2,MEF,bZIP
176,35,1,-5.36535647815118,ARAP3,MAX,MEF,bHLH
1655,8,1,-1.4939244371639,LIG1,CUX1,MEF,Homeobox
2304,32,0,-2.08467910509442,PPARGC1A,JUND,LMC,bZIP
2412,7,1,-2.13156977238491,RAB19,CTCF,MEF,Zf
1777,22,1,-1.18077849242485,MATN2,FOXA2,MEF,Forkhead
2701,21,1,1.60724773577274,SLC17A2,FOXA1,MEF,Forkhead
176,0,0,1.68932454444694,ARAP3,ATF1,LMC,bZIP
2705,35,0,1.29306234316879,SLC18A1,MAX,LMC,bHLH
2361,17,0,1.07754726336565,PSAP,ETS1,LMC,ETS
18,56,0,1.60907128612013,ABLIM3,YY1,LMC,Zf
1377,60,0,2.41891822606775,HOXD1,ZNF263,LMC,Zf
2537,60,1,-1.8166341585174,RPS6KA1,ZNF263,MEF,Zf
1441,32,0,-1.95169115556536,IL17D,JUND,LMC,bZIP
1276,40,1,-1.00210309059535,GREB1L,MYOG,MEF,bHLH
587,32,1,-1.24175293827848,CMKLR1,JUND,MEF,bZIP
2977,49,0,-1.92087742808799,THBS3,STAT1,LMC,Stat
1277,36,1,3.21200492818692,GRHL1,MAZ,MEF,Zf
2423,51,1,3.46883514568648,RAB3B,TCF12,MEF,bHLH
2880,35,1,1.70598114113973,STEAP4,MAX,MEF,bHLH
2852,16,0,-1.40595160073724,SRD5A1,ELK4,LMC,ETS
2591,46,1,-1.78273891404674,SCN9A,RFX5,MEF,HTH
859,56,0,-1.01667299741207,EFHC1,YY1,LMC,Zf
2211,12,0,-1.21305770981626,PIK3C2B,EBF1,LMC,EBF
37,53,1,-2.73433157544447,ACTA1,TEAD4,MEF,TEA
2214,3,1,-3.02407127656222,PIK3R5,BACH1,MEF,bZIP
1375,33,1,-1.06303572888616,HOXC6,MAFF,MEF,bZIP
531,28,1,1.21928716189159,CFAP61,HNF4A,MEF,NR
488,50,1,-1.53660217902945,CDK1,STAT3,MEF,Stat
1154,7,1,1.83281518322755,GATA3,CTCF,MEF,Zf
1509,54,1,-1.44881067617991,JADE1,USF1,MEF,bHLH
1642,32,0,1.33464910250215,LFNG,JUND,LMC,bZIP
2674,11,0,1.9006236920499,SIRPA,E2F6,LMC,E2F
533,46,1,-2.62957913483468,CFP,RFX5,MEF,HTH
1453,32,1,5.75647300206407,IL1RN,JUND,MEF,bZIP
519,19,0,-1.14569791585651,CENPQ,FOS,LMC,bZIP
2579,15,0,-1.34313204788436,SCARA3,ELK1,LMC,ETS
144,1,1,-2.61285486595035,ANLN,ATF2,MEF,bZIP
2202,46,1,1.46374102379533,PGRMC1,RFX5,MEF,HTH
1204,14,1,-2.29781702143393,GLIPR2,ELF1,MEF,ETS
1713,33,0,-2.02193232054986,LRRTM2,MAFF,LMC,bZIP
1057,15,1,1.78106399854373,FGF9,ELK1,MEF,ETS
572,7,1,-5.19641816489421,CLEC12A,CTCF,MEF,Zf
1584,10,1,-1.28005579183346,KIRREL,E2F4,MEF,E2F
2921,14,0,1.48137164102884,SYT8,ELF1,LMC,ETS
25,32,1,3.18066969946884,ACHE,JUND,MEF,bZIP
965,46,0,1.18276298742452,FAM110C,RFX5,LMC,HTH
2894,29,0,-1.08669475308731,STX1A,IRF1,LMC,IRF
1843,34,0,2.4930456106356,MMP10,MAFK,LMC,bZIP
3213,4,1,-7.07779776906196,WDFY4,BATF,MEF,bZIP
1766,6,1,-1.50423007029401,MAPK11,BHLHE40,MEF,bHLH
484,21,1,-1.7228499073708,CDH24,FOXA1,MEF,Forkhead
1632,35,1,-3.12652993466873,LCP2,MAX,MEF,bHLH
2472,44,1,-2.98434592973191,RBM47,PBX3,MEF,Homeobox
3088,50,0,-1.33850392831304,TPX2,STAT3,LMC,Stat
540,14,1,-1.27554944125757,CHD3,ELF1,MEF,ETS
1966,56,0,2.21733391046047,NEBL,YY1,LMC,Zf
144,24,1,-2.61285486595035,ANLN,GABPA,MEF,ETS
3217,10,0,1.18761457019747,WDR91,E2F4,LMC,E2F
1051,32,1,1.43975653073319,FGF12,JUND,MEF,bZIP
2786,6,1,-1.24692938914532,SNAI1,BHLHE40,MEF,bHLH
2421,6,0,-1.48115705720035,RAB38,BHLHE40,LMC,bHLH
2024,42,1,-1.06631322407724,NPL,NRF1,MEF,NRF
2763,56,0,-1.37580388005319,SLC9A5,YY1,LMC,Zf
264,27,0,1.45937393436724,B4GALT5,GATA3,LMC,Zf
1167,36,1,-1.23820390834519,GCNT1,MAZ,MEF,Zf
1120,32,0,-1.0065273107784,FSTL1,JUND,LMC,bZIP
218,31,0,-1.31210114322349,ARTN,IRF4,LMC,IRF
22,24,0,-3.51154170973474,ACAN,GABPA,LMC,ETS
2743,56,0,1.463380371895,SLC40A1,YY1,LMC,Zf
2766,10,0,2.08815946386601,SLCO2A1,E2F4,LMC,E2F
2413,54,0,1.25384032758568,RAB20,USF1,LMC,bHLH
714,22,1,5.83611476013381,CYP1A1,FOXA2,MEF,Forkhead
3114,33,1,-3.24269386734528,TROAP,MAFF,MEF,bZIP
282,46,1,1.71051740897939,BDNF,RFX5,MEF,HTH
1681,58,1,-1.46976923934256,LPAR2,ZEB1,MEF,Zf
2764,49,0,1.80329251657958,SLC9A9,STAT1,LMC,Stat
1925,40,1,1.94094472616554,MYO5C,MYOG,MEF,bHLH
1422,32,0,1.726624124986,IGFBP4,JUND,LMC,bZIP
1279,53,1,1.2815939015013,GRIA2,TEAD4,MEF,TEA
1658,32,0,-1.11995880005209,LIMCH1,JUND,LMC,bZIP
2965,20,1,-1.78231377699111,TFPI,FOSL2,MEF,bZIP
1417,34,1,-1.88705029332948,IGF1,MAFK,MEF,bZIP
2223,10,0,2.42323666921668,PKIB,E2F4,LMC,E2F
3265,52,1,-1.29404265522408,ZRANB3,TCF3,MEF,HMG
1695,47,1,-2.32937255466157,LRR1,SP1,MEF,Zf
1057,34,0,1.00859609133211,FGF9,MAFK,LMC,bZIP
2124,13,0,1.50966522656311,PARK2,EGR1,LMC,Zf
94,58,0,1.1446893045572,AHCYL2,ZEB1,LMC,Zf
2416,59,0,-2.31707370328191,RAB27A,ZKSCAN1,LMC,Zf
3267,23,1,-1.18322103636529,ZWILCH,FOXM1,MEF,Forkhead
811,59,0,2.32565834773863,DPYSL5,ZKSCAN1,LMC,Zf
2582,32,0,1.94404150964606,SCIN,JUND,LMC,bZIP
404,17,1,1.13304842911504,CCDC87,ETS1,MEF,ETS
2128,35,0,1.85774573208055,PARVG,MAX,LMC,bHLH
1248,7,0,-1.18948709815237,GPR17,CTCF,LMC,Zf
2444,0,0,-1.91959093034598,RANBP3L,ATF1,LMC,bZIP
38,1,0,-2.4281115859131,ACTA2,ATF2,LMC,bZIP
469,50,0,-1.08880876245464,CDC42EP4,STAT3,LMC,Stat
1190,57,1,-1.62132130743513,GINS1,ZBTB33,MEF,Zf
2074,22,0,2.15190725480677,OCLN,FOXA2,LMC,Forkhead
1096,3,1,1.41335220878963,FOXC2,BACH1,MEF,bZIP
1143,27,1,2.77782967795664,GALNT3,GATA3,MEF,Zf
2938,48,1,1.88676760580032,TBX18,SP2,MEF,Zf
621,34,0,-1.31093654400216,COL5A2,MAFK,LMC,bZIP
2317,22,1,-1.34514921030394,PPP1R3E,FOXA2,MEF,Forkhead
2133,57,1,-2.60793494939055,PBK,ZBTB33,MEF,Zf
1894,24,0,-1.00373976817537,MTSS1L,GABPA,LMC,ETS
3161,21,0,1.11374092396893,UBE2L6,FOXA1,LMC,Forkhead
2412,10,1,-2.13156977238491,RAB19,E2F4,MEF,E2F
2649,53,0,1.46182859762208,SH3BP2,TEAD4,LMC,TEA
965,27,1,1.21645357704,FAM110C,GATA3,MEF,Zf
3064,50,1,3.49582714028846,TNFSF15,STAT3,MEF,Stat
1093,19,0,1.14177708816059,FOS,FOS,LMC,bZIP
2676,3,1,-2.10780532461424,SKA1,BACH1,MEF,bZIP
2263,25,0,2.65413079693609,PLN,GATA1,LMC,Zf
2196,36,1,-1.48538119052124,PGAP3,MAZ,MEF,Zf
3248,7,0,1.97250446260735,ZBTB8B,CTCF,LMC,Zf
1219,42,0,2.02429077604181,GNGT2,NRF1,LMC,NRF
2140,15,0,-1.50709385631897,PCDH9,ELK1,LMC,ETS
2332,10,1,-1.39027810102326,PRIM1,E2F4,MEF,E2F
1074,14,1,-2.13041540052826,FKBP5,ELF1,MEF,ETS
1388,3,1,3.32926892128356,HRASLS,BACH1,MEF,bZIP
1789,30,1,-2.01469923560463,MCM3,IRF3,MEF,IRF
2373,29,0,1.64043515891976,PTGER4,IRF1,LMC,IRF
1320,31,0,1.94587080773716,HCST,IRF4,LMC,IRF
1404,22,1,-3.54086153365185,HTR2B,FOXA2,MEF,Forkhead
1923,7,1,-6.19711798535676,MYO1G,CTCF,MEF,Zf
2849,36,0,1.9335069044595,SPTB,MAZ,LMC,Zf
1089,10,1,-1.22319004794223,FNIP2,E2F4,MEF,E2F
2382,60,0,1.0109676241031,PTPN13,ZNF263,LMC,Zf
804,28,0,1.95434575011244,DPP4,HNF4A,LMC,NR
585,11,0,1.67296122995437,CLU,E2F6,LMC,E2F
854,15,0,1.36893250160883,EEPD1,ELK1,LMC,ETS
1571,3,1,-2.07809907277535,KIF20B,BACH1,MEF,bZIP
437,15,0,3.05569276617578,CD22,ELK1,LMC,ETS
1474,31,1,1.58552456677636,IQUB,IRF4,MEF,IRF
2892,53,1,1.512853343025,STPG1,TEAD4,MEF,TEA
461,33,0,2.17958499558611,CD84,MAFF,LMC,bZIP
157,13,1,-1.33125587638172,APBA1,EGR1,MEF,Zf
2550,56,1,-1.40124680596364,RTN1,YY1,MEF,Zf
233,54,0,1.1636924686686,ATF6,USF1,LMC,bHLH
2166,46,1,-2.97331523072642,PDE3B,RFX5,MEF,HTH
2365,10,0,1.68072424225585,PSMB8,E2F4,LMC,E2F
513,24,1,-1.61297653663404,CENPH,GABPA,MEF,ETS
1872,24,1,-1.07194398775039,MRC2,GABPA,MEF,ETS
3267,17,0,-1.26383646152717,ZWILCH,ETS1,LMC,ETS
1726,13,1,-1.52921091248218,LY6E,EGR1,MEF,Zf
1916,38,1,1.02389450262795,MYLK3,MEF2C,MEF,MADS
1236,60,0,-1.53518875879138,GPR124,ZNF263,LMC,Zf
1444,55,0,1.29121899918497,IL18,USF2,LMC,bHLH
2330,13,1,-1.38610302093725,PREX1,EGR1,MEF,Zf
747,19,0,-1.04094116021417,DENND3,FOS,LMC,bZIP
2365,21,0,1.68072424225585,PSMB8,FOXA1,LMC,Forkhead
1326,56,1,1.7722064028103,HERC3,YY1,MEF,Zf
511,34,1,-2.78967392596139,CENPE,MAFK,MEF,bZIP
517,59,0,-1.36881504159307,CENPN,ZKSCAN1,LMC,Zf
652,12,1,-3.38353739041147,CRIP1,EBF1,MEF,EBF
1547,53,0,1.42554039435721,KCNJ2,TEAD4,LMC,TEA
2102,44,0,2.07252283070865,P2RY12,PBX3,LMC,Homeobox
2564,55,1,-1.20488236911413,S1PR2,USF2,MEF,bHLH
335,29,0,2.32346443077676,C5AR2,IRF1,LMC,IRF
2335,25,0,2.81104415880545,PRKCB,GATA1,LMC,Zf
452,59,1,1.10534625992499,CD55,ZKSCAN1,MEF,Zf
1121,23,0,-1.09945691947873,FSTL3,FOXM1,LMC,Forkhead
2027,6,0,1.55999031126305,NPTX1,BHLHE40,LMC,bHLH
303,21,1,1.45646153834468,BMP8B,FOXA1,MEF,Forkhead
179,35,1,-2.85824699164267,ARHGAP15,MAX,MEF,bHLH
473,53,0,-1.72477055854409,CDCA2,TEAD4,LMC,TEA
609,26,1,2.58711429478437,COL14A1,GATA2,MEF,Zf
2592,60,1,-1.49631929595084,SCRT1,ZNF263,MEF,Zf
1163,24,0,2.62029779584361,GCH1,GABPA,LMC,ETS
2438,35,1,2.13862686863924,RAI2,MAX,MEF,bHLH
534,12,0,-1.96639667434657,CGNL1,EBF1,LMC,EBF
2365,15,1,-1.75254702820737,PSMB8,ELK1,MEF,ETS
1007,3,0,1.92392739624196,FAM78A,BACH1,LMC,bZIP
665,55,0,1.85920319898221,CSF2RB,USF2,LMC,bHLH
2767,51,0,-1.80961879206363,SLCO3A1,TCF12,LMC,bHLH
1213,34,1,1.13983164407356,GNAI1,MAFK,MEF,bZIP
1990,41,1,-2.08969235613197,NID1,NANOG,MEF,Homeobox
675,29,1,1.81665941367866,CST3,IRF1,MEF,IRF
581,35,1,-2.50826089868748,CLMP,MAX,MEF,bHLH
1119,53,0,-1.56991576152383,FST,TEAD4,LMC,TEA
818,4,1,-2.16450188489231,DTL,BATF,MEF,bZIP
2262,59,1,1.36115254292874,PLLP,ZKSCAN1,MEF,Zf
585,50,1,1.8285992255709,CLU,STAT3,MEF,Stat
2554,49,1,1.43017376185233,RTP4,STAT1,MEF,Stat
2046,50,0,-1.04113644878378,NT5C3B,STAT3,LMC,Stat
948,15,1,-1.28879864864141,F2R,ELK1,MEF,ETS
2122,20,1,1.91133769630743,PAQR6,FOSL2,MEF,bZIP
931,14,1,-1.23065623992706,EVA1B,ELF1,MEF,ETS
2048,51,0,1.64352835104118,NT5E,TCF12,LMC,bHLH
250,58,1,-2.34653204531107,AUNIP,ZEB1,MEF,Zf
2457,35,0,1.83917249657062,RASGRF2,MAX,LMC,bHLH
851,46,0,3.43066184509144,EDN2,RFX5,LMC,HTH
3197,2,0,2.62564068851822,VILL,ATF3,LMC,bZIP
251,32,0,-1.43327827973312,AURKA,JUND,LMC,bZIP
319,13,1,1.09978149729961,BTN2A2,EGR1,MEF,Zf
150,20,1,-1.50638570003123,ANXA4,FOSL2,MEF,bZIP
1961,3,1,1.0186923629936,NDRG3,BACH1,MEF,bZIP
1349,33,1,-1.13007346811403,HN1,MAFF,MEF,bZIP
2222,36,0,1.49802568744869,PKHD1L1,MAZ,LMC,Zf
314,40,1,1.108975807459,BTBD11,MYOG,MEF,bHLH
2842,24,1,-1.70024973014224,SPON2,GABPA,MEF,ETS
2929,50,1,-1.40887334898261,TACC3,STAT3,MEF,Stat
3065,47,1,-1.67207013939252,TNIK,SP1,MEF,Zf
2802,43,0,1.01551024614433,SOCS6,PAX5,LMC,"Paired,Homeobox"
87,23,0,-1.07602901160322,AFF3,FOXM1,LMC,Forkhead
264,11,0,1.45937393436724,B4GALT5,E2F6,LMC,E2F
953,19,1,1.08611680455142,FAAH,FOS,MEF,bZIP
678,36,0,1.30007498000597,CTDSPL,MAZ,LMC,Zf
1277,26,1,3.21200492818692,GRHL1,GATA2,MEF,Zf
562,13,1,-1.19186288493783,CKAP2,EGR1,MEF,Zf
3202,54,1,1.51079967442043,VNN1,USF1,MEF,bHLH
1607,7,1,-2.10547219866638,KRT19,CTCF,MEF,Zf
2114,6,1,1.64934591944947,PAK6,BHLHE40,MEF,bHLH
1627,32,1,-5.37255434397412,LAT2,JUND,MEF,bZIP
2033,31,0,-1.95195850424148,NR2F1,IRF4,LMC,IRF
1236,6,0,-1.53518875879138,GPR124,BHLHE40,LMC,bHLH
905,52,1,1.3882745875605,EPHA3,TCF3,MEF,HMG
138,52,0,-2.36033516397192,ANKLE1,TCF3,LMC,HMG
2889,46,1,1.33394759669466,STMN4,RFX5,MEF,HTH
2777,30,0,1.33467085489491,SMARCA2,IRF3,LMC,IRF
644,3,0,-3.92771368755946,CRABP1,BACH1,LMC,bZIP
3121,53,1,1.52459878471978,TSHR,TEAD4,MEF,TEA
3195,10,1,-1.73730349835225,VDR,E2F4,MEF,E2F
2362,18,0,-1.21873682208915,PSAT1,FLI1,LMC,ETS
2082,7,0,1.67699464133269,OLFML2B,CTCF,LMC,Zf
1947,18,1,-1.98660200090861,NCAPG,FLI1,MEF,ETS
1426,46,1,3.03515583117171,IGSF1,RFX5,MEF,HTH
138,43,1,-2.24979568940809,ANKLE1,PAX5,MEF,"Paired,Homeobox"
1556,60,1,-1.60578743741166,KCNS3,ZNF263,MEF,Zf
2541,24,1,-1.46648013064874,RRM1,GABPA,MEF,ETS
2430,30,1,-1.31416017052017,RACGAP1,IRF3,MEF,IRF
3243,55,0,-1.12058662060011,YBX3,USF2,LMC,bHLH
62,2,0,-1.72005964675759,ADAMTS6,ATF3,LMC,bZIP
1411,27,1,-1.6255397687459,IDH2,GATA3,MEF,Zf
42,7,1,2.34295680761973,ACVR1C,CTCF,MEF,Zf
479,14,0,4.50682592257257,CDH1,ELF1,LMC,ETS
1089,22,0,1.39840867832107,FNIP2,FOXA2,LMC,Forkhead
20,0,1,3.92820801165396,ABRA,ATF1,MEF,bZIP
3160,51,1,-2.89414773676838,UBE2C,TCF12,MEF,bHLH
1885,44,0,1.57899083535637,MST1R,PBX3,LMC,Homeobox
43,60,1,-1.10283547570767,ACY1,ZNF263,MEF,Zf
1413,43,0,1.905682413793,IFIT1,PAX5,LMC,"Paired,Homeobox"
2168,50,1,-1.11411699402987,PDE4B,STAT3,MEF,Stat
749,29,1,-2.5682230846885,DEPDC1B,IRF1,MEF,IRF
2148,35,0,-1.00575676973287,PCDHGC3,MAX,LMC,bHLH
2536,10,1,4.09881469049758,RPS27,E2F4,MEF,E2F
3027,33,1,1.32712267996545,TMEM184A,MAFF,MEF,bZIP
58,51,1,-1.67805893584247,ADAMTS16,TCF12,MEF,bHLH
1423,11,1,3.18467003561148,IGFBP5,E2F6,MEF,E2F
2773,46,1,3.0316213618184,SLITRK5,RFX5,MEF,HTH
2292,47,1,-1.55535313200542,POLQ,SP1,MEF,Zf
1364,29,1,-1.26952043556807,HOXB2,IRF1,MEF,IRF
3074,50,0,1.95037145184557,TNS4,STAT3,LMC,Stat
1487,14,0,-2.07742596470371,ITGA1,ELF1,LMC,ETS
3005,10,1,-1.00971491423106,TMC7,E2F4,MEF,E2F
679,56,0,-2.86747721889391,CTHRC1,YY1,LMC,Zf
202,4,1,1.01188481943622,ARID5A,BATF,MEF,bZIP
452,32,1,1.10534625992499,CD55,JUND,MEF,bZIP
1422,13,1,2.42702045808045,IGFBP4,EGR1,MEF,Zf
3056,12,1,-5.5076948580677,TNFAIP8L2,EBF1,MEF,EBF
2384,47,1,1.93102337372878,PTPN22,SP1,MEF,Zf
556,51,0,-1.5919068964405,CHSY3,TCF12,LMC,bHLH
3028,32,1,-1.00655022948688,TMEM191C,JUND,MEF,bZIP
945,25,0,1.62913103681418,EZR,GATA1,LMC,Zf
398,43,1,1.03875647777086,CCDC63,PAX5,MEF,"Paired,Homeobox"
1435,0,0,2.724260975043,IL10,ATF1,LMC,bZIP
2688,33,0,2.79969545867571,SLC13A4,MAFF,LMC,bZIP
2277,49,1,-1.67266293787219,PMF1,STAT1,MEF,Stat
2969,25,0,-1.39028771607637,TGFB1I1,GATA1,LMC,Zf
1933,27,1,-3.07995538654105,NAALAD2,GATA3,MEF,Zf
2464,35,0,-1.49998863306181,RASSF6,MAX,LMC,bHLH
2576,21,0,1.00024967632781,SATB1,FOXA1,LMC,Forkhead
2704,51,0,-1.40649818857836,SLC17A9,TCF12,LMC,bHLH
672,27,0,-1.49505915276106,CSRP1,GATA3,LMC,Zf
794,6,0,1.90155186196009,DOCK2,BHLHE40,LMC,bHLH
2645,49,0,1.90813328229963,SH2D4B,STAT1,LMC,Stat
41,35,1,-1.29710351150971,ACTN3,MAX,MEF,bHLH
2493,51,1,1.80859453586116,RGS17,TCF12,MEF,bHLH
1350,24,1,1.03869489764224,HNMT,GABPA,MEF,ETS
103,43,0,-1.30472250216679,AKAP12,PAX5,LMC,"Paired,Homeobox"
2807,14,0,1.39826749219682,SORL1,ELF1,LMC,ETS
2816,49,0,1.48469516913959,SP110,STAT1,LMC,Stat
221,6,1,3.03015742322464,ASB16,BHLHE40,MEF,bHLH
2517,50,0,-3.74593415862664,RNF144A,STAT3,LMC,Stat
1860,8,0,1.38247263631652,MOCOS,CUX1,LMC,Homeobox
1781,12,0,1.53782581038455,MBP,EBF1,LMC,EBF
2288,13,1,-1.22235801190337,POLA1,EGR1,MEF,Zf
1756,7,0,-2.37201651279144,MAOB,CTCF,LMC,Zf
435,32,0,1.18467914973734,CD200,JUND,LMC,bZIP
389,8,1,2.01656793230096,CCDC153,CUX1,MEF,Homeobox
2837,40,0,1.62615454323833,SPINT2,MYOG,LMC,bHLH
311,23,1,-1.15853737122107,BRIP1,FOXM1,MEF,Forkhead
797,55,1,-1.86193635058118,DOK2,USF2,MEF,bHLH
156,56,1,1.07551992821496,AP3M2,YY1,MEF,Zf
162,11,1,3.09879900129464,APLN,E2F6,MEF,E2F
1419,47,0,-1.21569532165632,IGF2BP1,SP1,LMC,Zf
2920,33,1,2.08463741083142,SYT7,MAFF,MEF,bZIP
1489,50,1,2.99099163510034,ITGA2,STAT3,MEF,Stat
2747,52,0,1.18552058951319,SLC44A1,TCF3,LMC,HMG
1809,3,1,-1.12365506432939,MESDC1,BACH1,MEF,bZIP
1739,34,0,2.47131227666043,M1AP,MAFK,LMC,bZIP
2014,34,0,1.03414208924194,NOS1AP,MAFK,LMC,bZIP
2958,60,0,-1.33730980152012,TET1,ZNF263,LMC,Zf
1530,12,0,1.63913234858528,KCNAB2,EBF1,LMC,EBF
24,8,1,2.15532876906198,ACE,CUX1,MEF,Homeobox
1917,6,0,-1.15733824073587,MYO16,BHLHE40,LMC,bHLH
2308,36,1,1.37041742724006,PPFIBP2,MAZ,MEF,Zf
1859,42,1,-1.03444671893022,MNS1,NRF1,MEF,NRF
1780,21,0,-1.10292671378567,MBOAT2,FOXA1,LMC,Forkhead
854,47,1,-1.88598600687672,EEPD1,SP1,MEF,Zf
465,15,0,-2.11602648113733,CDC20,ELK1,LMC,ETS
2655,12,0,2.50847805266977,SHANK1,EBF1,LMC,EBF
2275,15,1,2.39521871662444,PM20D2,ELK1,MEF,ETS
1206,32,1,1.90831364425167,GLIS3,JUND,MEF,bZIP
346,41,1,2.3050515227329,CACNB2,NANOG,MEF,Homeobox
2815,15,1,-2.19314508406099,SP100,ELK1,MEF,ETS
2553,47,0,2.49576066050205,RTN4RL2,SP1,LMC,Zf
156,17,1,1.07551992821496,AP3M2,ETS1,MEF,ETS
3145,2,1,-1.32949754920419,TUBA1B,ATF3,MEF,bZIP
27,54,1,2.18449933550891,ACKR3,USF1,MEF,bHLH
2854,40,0,-1.21770463400204,SRL,MYOG,LMC,bHLH
3168,42,1,-3.58686645117172,ULBP1,NRF1,MEF,NRF
1575,15,1,1.03299861527499,KIF26A,ELK1,MEF,ETS
691,25,1,-8.87138915416804,CTSS,GATA1,MEF,Zf
1840,47,0,2.18019875250841,MMD,SP1,LMC,Zf
1329,7,0,1.74478021809502,HHEX,CTCF,LMC,Zf
1783,7,1,-1.39828248423787,MCAM,CTCF,MEF,Zf
2343,2,1,-2.24464602061636,PRR11,ATF3,MEF,bZIP
2562,50,0,2.55977662816013,S100A8,STAT3,LMC,Stat
2224,50,1,-2.26014906231889,PKMYT1,STAT3,MEF,Stat
2542,17,0,-1.54415963122133,RRM2,ETS1,LMC,ETS
2909,27,1,-1.84903949883014,SYK,GATA3,MEF,Zf
1972,55,0,-1.11554916219592,NEK8,USF2,LMC,bHLH
3062,25,0,1.39526638579777,TNFRSF1B,GATA1,LMC,Zf
1018,53,0,-2.64422151432578,FAP,TEAD4,LMC,TEA
1359,2,1,-1.85957394798371,HOXA4,ATF3,MEF,bZIP
1443,53,0,-1.0708433709551,IL17RC,TEAD4,LMC,TEA
839,5,0,-1.8998701410423,EBF1,BCL11A,LMC,Zf
1273,17,0,-2.09482730247396,GRASP,ETS1,LMC,ETS
3084,2,1,2.08975974775543,TPH2,ATF3,MEF,bZIP
1476,50,1,1.61848963132255,IRF6,STAT3,MEF,Stat
1636,36,1,1.42542567866,LDHD,MAZ,MEF,Zf
1465,55,0,1.4524995937308,INPP4B,USF2,LMC,bHLH
181,0,0,1.78604963715572,ARHGAP19,ATF1,LMC,bZIP
1749,11,0,1.29819212211471,MAMDC2,E2F6,LMC,E2F
315,6,0,-1.15304342329628,BTBD3,BHLHE40,LMC,bHLH
420,43,1,-2.27382926630875,CCNA2,PAX5,MEF,"Paired,Homeobox"
254,50,1,3.22012132624262,AXIN2,STAT3,MEF,Stat
3007,8,0,1.50050395055643,TMEM106A,CUX1,LMC,Homeobox
2601,10,0,-1.33009891228235,SEC14L5,E2F4,LMC,E2F
2452,15,0,1.99174899636394,RASAL3,ELK1,LMC,ETS
1522,17,0,1.20685854188687,KBTBD8,ETS1,LMC,ETS
3182,10,1,2.44924367004687,USP29,E2F4,MEF,E2F
2168,41,0,-1.54705845470902,PDE4B,NANOG,LMC,Homeobox
2352,6,1,-3.19271883925877,PRSS16,BHLHE40,MEF,bHLH
1048,55,0,3.29706979403309,FGF1,USF2,LMC,bHLH
2323,33,1,-2.63906110655865,PRC1,MAFF,MEF,bZIP
1522,25,1,1.08597430065433,KBTBD8,GATA1,MEF,Zf
683,52,0,1.6376764867435,CTSB,TCF3,LMC,HMG
2706,1,0,1.13204154483485,SLC1A2,ATF2,LMC,bZIP
1969,8,1,-2.45331857180065,NEIL3,CUX1,MEF,Homeobox
226,3,1,-2.12606281183785,ASF1B,BACH1,MEF,bZIP
2847,59,0,1.66700330645421,SPRY4,ZKSCAN1,LMC,Zf
2277,46,1,-1.67266293787219,PMF1,RFX5,MEF,HTH
2505,51,0,1.90830758048252,RHPN2,TCF12,LMC,bHLH
1256,6,1,5.22776982339002,GPR37,BHLHE40,MEF,bHLH
456,35,1,-5.54692142874821,CD72,MAX,MEF,bHLH
159,1,1,-1.38028441051787,APBB1IP,ATF2,MEF,bZIP
2913,34,1,1.74643857506266,SYNGR3,MAFK,MEF,bZIP
1317,36,0,1.70978485285036,HCLS1,MAZ,LMC,Zf
880,60,1,3.01540164249,ELMOD1,ZNF263,MEF,Zf
542,49,0,1.63219210782671,CHD7,STAT1,LMC,Stat
1007,34,1,-1.80983836329168,FAM78A,MAFK,MEF,bZIP
2734,60,0,-2.55732246205919,SLC35F2,ZNF263,LMC,Zf
579,49,1,3.342796992011,CLIP4,STAT1,MEF,Stat
2632,41,1,-2.46488651593845,SEZ6L2,NANOG,MEF,Homeobox
1232,34,1,2.4986859999998,GPM6B,MAFK,MEF,bZIP
838,8,1,1.09105532919989,EAF2,CUX1,MEF,Homeobox
2247,7,1,2.25428780923603,PLEKHA6,CTCF,MEF,Zf
2592,3,1,-1.49631929595084,SCRT1,BACH1,MEF,bZIP
1245,7,0,1.73666532474954,GPR157,CTCF,LMC,Zf
155,10,1,-1.03625605862877,AP1G2,E2F4,MEF,E2F
2076,7,0,-2.93000682617462,OGN,CTCF,LMC,Zf
1398,1,1,1.08451053955341,HSPA4L,ATF2,MEF,bZIP
2878,54,1,1.74008612565545,STC2,USF1,MEF,bHLH
386,46,1,1.02387076158334,CCDC122,RFX5,MEF,HTH
2489,3,0,-1.31632666673211,RGMA,BACH1,LMC,bZIP
2473,12,1,-3.45249104845875,RBP1,EBF1,MEF,EBF
518,54,1,-1.46993038048477,CENPP,USF1,MEF,bHLH
620,51,0,-1.59643801588657,COL5A1,TCF12,LMC,bHLH
469,12,0,-1.08880876245464,CDC42EP4,EBF1,LMC,EBF
1189,55,1,1.73638195930374,GIMAP6,USF2,MEF,bHLH
860,43,1,2.11517334013374,EFHD1,PAX5,MEF,"Paired,Homeobox"
1628,19,0,-1.03193745565036,LBR,FOS,LMC,bZIP
1119,29,0,-1.56991576152383,FST,IRF1,LMC,IRF
1957,32,0,-1.64466006634202,NDC80,JUND,LMC,bZIP
1748,50,1,1.62485638729586,MALL,STAT3,MEF,Stat
2450,35,0,-1.05231333068148,RARG,MAX,LMC,bHLH
2465,22,0,1.98413164369594,RASSF9,FOXA2,LMC,Forkhead
1796,58,0,-1.30020741696178,MDGA1,ZEB1,LMC,Zf
496,19,0,-1.45528793892123,CDKN3,FOS,LMC,bZIP
920,22,0,2.3110851686836,ESAM,FOXA2,LMC,Forkhead
2365,7,0,1.68072424225585,PSMB8,CTCF,LMC,Zf
3223,46,1,1.09999240845705,WNK3,RFX5,MEF,HTH
2988,22,1,2.47016823813231,TIPARP,FOXA2,MEF,Forkhead
3176,2,1,-3.54813444764473,UNC93B1,ATF3,MEF,bZIP
488,25,1,-1.53660217902945,CDK1,GATA1,MEF,Zf
565,15,0,-1.00847937566147,CKS1B,ELK1,LMC,ETS
942,35,1,2.2301525275649,EYA2,MAX,MEF,bHLH
1168,46,1,-1.4900698007944,GCNT2,RFX5,MEF,HTH
2661,0,0,-1.22957922565248,SHF,ATF1,LMC,bZIP
2406,27,1,-2.22909861186948,PYROXD2,GATA3,MEF,Zf
548,43,0,1.6800577415014,CHRNA1,PAX5,LMC,"Paired,Homeobox"
265,21,1,-1.1411111453521,BAG2,FOXA1,MEF,Forkhead
2514,19,1,-1.74471386833564,RNASEL,FOS,MEF,bZIP
1319,35,0,2.38080584811139,HCN4,MAX,LMC,bHLH
1827,52,1,-1.55070929847122,MIAT,TCF3,MEF,HMG
2530,34,0,-2.74010037623054,ROR2,MAFK,LMC,bZIP
421,51,1,-3.46951667804334,CCNB1,TCF12,MEF,bHLH
2291,42,0,-1.23879932531305,POLE2,NRF1,LMC,NRF
1612,51,0,2.57360812690163,KYNU,TCF12,LMC,bHLH
1423,7,1,3.18467003561148,IGFBP5,CTCF,MEF,Zf
2798,56,1,-4.38692587031083,SNX20,YY1,MEF,Zf
2914,40,1,3.80336753378648,SYNM,MYOG,MEF,bHLH
1699,27,1,1.51589562604092,LRRC2,GATA3,MEF,Zf
2166,32,1,-2.97331523072642,PDE3B,JUND,MEF,bZIP
2242,32,1,-1.2764738934204,PLD2,JUND,MEF,bZIP
1631,15,0,1.88765751605467,LCP1,ELK1,LMC,ETS
1101,19,0,-1.562495602336,FOXM1,FOS,LMC,bZIP
2661,52,0,-1.22957922565248,SHF,TCF3,LMC,HMG
476,33,1,-1.51137963897236,CDCA7,MAFF,MEF,bZIP
2837,21,1,2.79424421339717,SPINT2,FOXA1,MEF,Forkhead
2273,4,0,2.09848892681081,PLXNC1,BATF,LMC,bZIP
474,54,1,-2.01749036502043,CDCA3,USF1,MEF,bHLH
108,19,1,1.07862740724675,ALCAM,FOS,MEF,bZIP
1778,14,1,-2.7356980513191,MATN3,ELF1,MEF,ETS
2640,18,1,-2.32765090980149,SGOL1,FLI1,MEF,ETS
2564,46,1,-1.20488236911413,S1PR2,RFX5,MEF,HTH
198,49,1,-3.3044652172803,ARHGEF39,STAT1,MEF,Stat
838,55,1,1.09105532919989,EAF2,USF2,MEF,bHLH
2025,40,0,2.53672607490002,NPR1,MYOG,LMC,bHLH
2946,10,0,-1.14600949145199,TCF19,E2F4,LMC,E2F
3250,23,1,-2.39119811761079,ZC3HAV1L,FOXM1,MEF,Forkhead
840,27,0,-2.39623612597457,EBF2,GATA3,LMC,Zf
653,25,1,1.80998111218053,CRISP2,GATA1,MEF,Zf
2716,3,0,1.26433755910849,SLC25A45,BACH1,LMC,bZIP
2457,54,0,1.83917249657062,RASGRF2,USF1,LMC,bHLH
926,44,1,-1.32942090046407,ESYT1,PBX3,MEF,Homeobox
3203,54,0,-1.32908130370171,VSIG10L,USF1,LMC,bHLH
3190,12,0,2.29387863105191,VAV1,EBF1,LMC,EBF
1863,3,1,1.38660918288816,MORN4,BACH1,MEF,bZIP
2879,60,1,-1.12517348771472,STEAP3,ZNF263,MEF,Zf
2847,56,0,1.66700330645421,SPRY4,YY1,LMC,Zf
381,57,1,1.13944539082864,CCDC103,ZBTB33,MEF,Zf
273,32,1,1.25563358471686,BBS4,JUND,MEF,bZIP
2926,21,0,-1.58013498838004,SYTL5,FOXA1,LMC,Forkhead
1162,29,1,1.53185787847727,GCA,IRF1,MEF,IRF
2665,23,1,-5.13463027029599,SHISA9,FOXM1,MEF,Forkhead
2294,15,1,2.16914183980804,POPDC3,ELK1,MEF,ETS
1738,16,1,1.18278975969267,LZTFL1,ELK4,MEF,ETS
1335,36,1,1.04156670706997,HIST1H1C,MAZ,MEF,Zf
2245,16,1,1.39513960986858,PLEK2,ELK4,MEF,ETS
504,51,1,-2.42975111298666,CEBPA,TCF12,MEF,bHLH
694,3,1,-1.01879417311662,CUX1,BACH1,MEF,bZIP
3145,15,1,-1.32949754920419,TUBA1B,ELK1,MEF,ETS
2290,6,0,-1.59233149150338,POLE,BHLHE40,LMC,bHLH
2569,0,0,-1.64177687245511,SAMD14,ATF1,LMC,bZIP
1475,28,1,-2.83898973234667,IRF5,HNF4A,MEF,NR
471,10,1,-1.23221280378284,CDC6,E2F4,MEF,E2F
2492,58,1,-1.83237956996519,RGS16,ZEB1,MEF,Zf
1317,56,1,-5.75532877866316,HCLS1,YY1,MEF,Zf
2993,24,0,-1.98409674610173,TLE6,GABPA,LMC,ETS
971,35,1,-1.0517292158897,FAM150A,MAX,MEF,bHLH
2313,3,0,-2.72520424861174,PPP1R14A,BACH1,LMC,bZIP
1385,13,0,3.15189241334862,HPGD,EGR1,LMC,Zf
2195,17,0,1.38821447083428,PGAP1,ETS1,LMC,ETS
2467,3,0,-1.95489925507068,RBFOX1,BACH1,LMC,bZIP
2076,34,0,-2.93000682617462,OGN,MAFK,LMC,bZIP
2863,60,1,-1.42498224453475,ST6GALNAC2,ZNF263,MEF,Zf
2938,40,1,1.88676760580032,TBX18,MYOG,MEF,bHLH
3004,59,1,1.36614656772633,TMBIM4,ZKSCAN1,MEF,Zf
303,6,1,1.45646153834468,BMP8B,BHLHE40,MEF,bHLH
1740,56,1,3.31506874732211,MAB21L1,YY1,MEF,Zf
2174,35,1,1.19323938918991,PDGFD,MAX,MEF,bHLH
2334,53,0,-1.41170439233152,PRKAR2B,TEAD4,LMC,TEA
175,3,0,1.14913751880714,ARAP2,BACH1,LMC,bZIP
191,34,1,-6.69569564476438,ARHGAP9,MAFK,MEF,bZIP
475,49,1,-1.49364324799289,CDCA5,STAT1,MEF,Stat
1075,13,1,-1.51378545844316,FLI1,EGR1,MEF,Zf
2414,21,0,-1.30372944762323,RAB23,FOXA1,LMC,Forkhead
492,14,0,-1.4240874662344,CDKL1,ELF1,LMC,ETS
828,32,1,-1.81246562273718,DUSP9,JUND,MEF,bZIP
1567,36,1,-2.6418326666532,KIF14,MAZ,MEF,Zf
1613,24,0,2.4317777613676,LAD1,GABPA,LMC,ETS
2209,14,1,-3.76137984375333,PIF1,ELF1,MEF,ETS
968,46,0,-1.4871692627616,FAM131B,RFX5,LMC,HTH
789,3,1,-1.4228230728887,DNER,BACH1,MEF,bZIP
703,15,1,-1.39331579704767,CXCR4,ELK1,MEF,ETS
847,7,0,-2.12839574923164,ECSCR,CTCF,LMC,Zf
477,42,1,-1.43968116149163,CDCA7L,NRF1,MEF,NRF
3083,52,1,1.05224662846561,TPD52L1,TCF3,MEF,HMG
465,50,1,-2.79960891240183,CDC20,STAT3,MEF,Stat
1970,33,0,-1.56249356356483,NEK2,MAFF,LMC,bZIP
766,36,1,-1.28852826885294,DLL1,MAZ,MEF,Zf
885,29,1,-2.33876283152591,EME1,IRF1,MEF,IRF
2279,10,0,-1.11779213875948,PMVK,E2F4,LMC,E2F
34,20,1,1.10481688992728,ACSL4,FOSL2,MEF,bZIP
2946,34,1,-1.21037984814,TCF19,MAFK,MEF,bZIP
1399,22,0,1.22127784545729,HSPB1,FOXA2,LMC,Forkhead
3137,47,0,-1.54688616829487,TTK,SP1,LMC,Zf
2579,58,0,-1.34313204788436,SCARA3,ZEB1,LMC,Zf
2457,3,0,1.83917249657062,RASGRF2,BACH1,LMC,bZIP
2861,36,1,-3.86053537143672,ST18,MAZ,MEF,Zf
3146,17,1,-1.18146208962361,TUBA1C,ETS1,MEF,ETS
1986,13,1,5.17941666726944,NGFR,EGR1,MEF,Zf
1393,15,1,1.80356042315211,HSBP1L1,ELK1,MEF,ETS
2073,54,0,-1.22751387229782,OBSL1,USF1,LMC,bHLH
1118,30,1,1.15084131246931,FSIP1,IRF3,MEF,IRF
51,35,1,-2.19486939957744,ADAM33,MAX,MEF,bHLH
3115,32,0,-2.20403115006479,TRPA1,JUND,LMC,bZIP
1568,16,1,-2.57584463626319,KIF15,ELK4,MEF,ETS
3264,2,1,-1.77713608958469,ZP3,ATF3,MEF,bZIP
365,4,0,1.8891319241309,CARD9,BATF,LMC,bZIP
43,44,1,-1.10283547570767,ACY1,PBX3,MEF,Homeobox
923,56,1,-3.28974579740746,ESPL1,YY1,MEF,Zf
2386,42,1,-5.85839993985972,PTPN6,NRF1,MEF,NRF
714,21,1,5.83611476013381,CYP1A1,FOXA1,MEF,Forkhead
420,49,1,-2.27382926630875,CCNA2,STAT1,MEF,Stat
1728,46,1,-4.94880148210494,LY86,RFX5,MEF,HTH
2186,51,1,5.87974585698578,PENK,TCF12,MEF,bHLH
3059,40,0,-1.11813283267648,TNFRSF11B,MYOG,LMC,bHLH
1382,21,1,-3.28891677324361,HP,FOXA1,MEF,Forkhead
1642,52,1,-2.26677149350915,LFNG,TCF3,MEF,HMG
1167,34,1,-1.23820390834519,GCNT1,MAFK,MEF,bZIP
372,55,0,1.45873223783014,CASZ1,USF2,LMC,bHLH
560,48,0,-1.2462805140556,CIT,SP2,LMC,Zf
1659,15,1,-1.54335975944952,LIMD2,ELK1,MEF,ETS
1310,46,0,1.76054130107465,HAP1,RFX5,LMC,HTH
1604,6,1,-2.53686917064916,KNSTRN,BHLHE40,MEF,bHLH
2311,49,0,2.41960817570328,PPM1N,STAT1,LMC,Stat
1743,36,0,1.2423560260099,MAF,MAZ,LMC,Zf
708,5,1,3.07980552831559,CYB5R2,BCL11A,MEF,Zf
2376,32,0,1.53243307718117,PTGIS,JUND,LMC,bZIP
144,56,0,-2.07929898267856,ANLN,YY1,LMC,Zf
2627,7,0,2.34713661645734,SERPINE3,CTCF,LMC,Zf
1730,52,0,2.2809729198419,LYL1,TCF3,LMC,HMG
2710,24,0,1.87389290621927,SLC22A4,GABPA,LMC,ETS
2271,40,0,-1.4401993480578,PLXNA3,MYOG,LMC,bHLH
748,23,1,1.14447180905259,DENND6B,FOXM1,MEF,Forkhead
514,59,1,-2.23863783136101,CENPI,ZKSCAN1,MEF,Zf
2648,41,0,1.60439603113436,SH3BGRL2,NANOG,LMC,Homeobox
1965,21,1,-1.89274332573315,NEB,FOXA1,MEF,Forkhead
2865,53,0,2.11068617163851,ST8SIA1,TEAD4,LMC,TEA
2095,23,0,-4.06327887175194,OSR2,FOXM1,LMC,Forkhead
542,3,0,1.63219210782671,CHD7,BACH1,LMC,bZIP
1246,51,0,1.71022493459667,GPR160,TCF12,LMC,bHLH
2807,52,0,1.39826749219682,SORL1,TCF3,LMC,HMG
1530,34,1,-1.78300388098409,KCNAB2,MAFK,MEF,bZIP
2273,47,1,-3.13234679377882,PLXNC1,SP1,MEF,Zf
835,32,1,-1.74413387692825,E2F7,JUND,MEF,bZIP
1064,8,1,-1.63075334070055,FGL2,CUX1,MEF,Homeobox
484,14,1,-1.7228499073708,CDH24,ELF1,MEF,ETS
1610,60,0,2.32436310217349,KRT8,ZNF263,LMC,Zf
1567,53,1,-2.6418326666532,KIF14,TEAD4,MEF,TEA
479,48,0,4.50682592257257,CDH1,SP2,LMC,Zf
770,15,0,2.04571185568345,DMC1,ELK1,LMC,ETS
2109,28,0,-1.8177228835142,PACSIN3,HNF4A,LMC,NR
747,5,0,-1.04094116021417,DENND3,BCL11A,LMC,Zf
1228,49,1,2.19092246900639,GPC5,STAT1,MEF,Stat
1557,39,1,2.07419925603556,KCNU1,MYB,MEF,HTH
537,47,1,-1.01184978798121,CHAF1A,SP1,MEF,Zf
2439,3,1,-1.16961792333877,RALGPS2,BACH1,MEF,bZIP
1891,34,0,-1.28051428954918,MTHFD1L,MAFK,LMC,bZIP
3003,6,1,-3.99329327944435,TM6SF1,BHLHE40,MEF,bHLH
1794,36,0,1.96495392722866,MCTP1,MAZ,LMC,Zf
921,35,1,-2.39917654570674,ESCO2,MAX,MEF,bHLH
2160,1,0,-1.2122647005082,PCYOX1L,ATF2,LMC,bZIP
1103,1,0,-1.1218794612056,FOXP1,ATF2,LMC,bZIP
1304,55,0,1.79557860486575,GUCY1A3,USF2,LMC,bHLH
1508,34,0,3.50220835498791,IZUMO1,MAFK,LMC,bZIP
1101,36,1,-1.94513685071821,FOXM1,MAZ,MEF,Zf
1742,7,0,1.27719188336983,MADD,CTCF,LMC,Zf
1610,22,0,2.32436310217349,KRT8,FOXA2,LMC,Forkhead
2570,35,1,1.35128864761439,SAMD15,MAX,MEF,bHLH
565,0,0,-1.00847937566147,CKS1B,ATF1,LMC,bZIP
3190,26,0,2.29387863105191,VAV1,GATA2,LMC,Zf
1802,8,1,1.03338304760859,MEF2A,CUX1,MEF,Homeobox
1548,6,1,1.21210070568133,KCNJ4,BHLHE40,MEF,bHLH
195,36,1,1.59417028697884,ARHGEF26,MAZ,MEF,Zf
431,0,1,-2.0295776132404,CCRL2,ATF1,MEF,bZIP
489,56,0,1.13278495482569,CDK18,YY1,LMC,Zf
2332,55,0,-1.45158178749255,PRIM1,USF2,LMC,bHLH
3,30,0,-1.10411587503093,AASS,IRF3,LMC,IRF
1031,20,1,-1.24967716659756,FBXL8,FOSL2,MEF,bZIP
1534,35,1,1.16893133474129,KCNC3,MAX,MEF,bHLH
678,50,0,1.30007498000597,CTDSPL,STAT3,LMC,Stat
1174,24,1,-1.339099779915,GDF6,GABPA,MEF,ETS
1509,32,1,-1.44881067617991,JADE1,JUND,MEF,bZIP
3047,41,0,-1.78416974387923,TMEM74,NANOG,LMC,Homeobox
179,7,1,-2.85824699164267,ARHGAP15,CTCF,MEF,Zf
1569,15,1,-1.7053662137862,KIF18B,ELK1,MEF,ETS
3077,7,0,-1.50867268856158,TOM1L1,CTCF,LMC,Zf
949,41,0,-1.019980760279,F2RL1,NANOG,LMC,Homeobox
477,44,1,-1.43968116149163,CDCA7L,PBX3,MEF,Homeobox
873,15,0,2.31733348486408,EGR3,ELK1,LMC,ETS
1339,60,1,-9.02766946013107,HK3,ZNF263,MEF,Zf
3005,33,0,-1.1154158873604,TMC7,MAFF,LMC,bZIP
1415,35,1,1.86329599723812,IFITM10,MAX,MEF,bHLH
476,36,1,-1.51137963897236,CDCA7,MAZ,MEF,Zf
2842,7,0,1.2557635937812,SPON2,CTCF,LMC,Zf
2080,3,1,3.73153168201547,OLFM3,BACH1,MEF,bZIP
1797,54,1,1.83756686745499,MDGA2,USF1,MEF,bHLH
943,36,1,-1.15473808336152,EYA4,MAZ,MEF,Zf
3098,6,0,2.44411832207355,TREML4,BHLHE40,LMC,bHLH
2782,10,0,1.45528337410704,SMPD3,E2F4,LMC,E2F
2318,46,1,1.4274717173054,PPP1R42,RFX5,MEF,HTH
2881,25,0,-1.25513412167103,STIL,GATA1,LMC,Zf
2591,28,1,-1.78273891404674,SCN9A,HNF4A,MEF,NR
1940,28,0,1.91405361951721,NAT1,HNF4A,LMC,NR
2650,1,0,-1.41611481325977,SH3GL3,ATF2,LMC,bZIP
106,25,1,2.09863713318957,AKAP6,GATA1,MEF,Zf
1516,24,1,1.94893939384217,JPH3,GABPA,MEF,ETS
101,42,0,2.11049061556766,AIM2,NRF1,LMC,NRF
336,17,1,1.16696244426801,CABLES1,ETS1,MEF,ETS
347,32,0,-1.46523473871165,CACNB4,JUND,LMC,bZIP
2917,59,1,-2.23093925047887,SYT1,ZKSCAN1,MEF,Zf
2813,7,1,4.85046792611075,SOX6,CTCF,MEF,Zf
1411,42,1,-1.6255397687459,IDH2,NRF1,MEF,NRF
1954,19,1,-6.8574630086637,NCF4,FOS,MEF,bZIP
2290,44,0,-1.59233149150338,POLE,PBX3,LMC,Homeobox
2830,36,0,1.75535674803708,SPEF2,MAZ,LMC,Zf
1146,28,1,-1.58579129430816,GAMT,HNF4A,MEF,NR
2588,13,0,-1.2295984538184,SCN3B,EGR1,LMC,Zf
2275,12,1,2.39521871662444,PM20D2,EBF1,MEF,EBF
1964,57,1,-1.12487910726112,NDUFA4L2,ZBTB33,MEF,Zf
213,31,1,-1.08500643822329,ARSB,IRF4,MEF,IRF
3137,0,1,-2.52066169804331,TTK,ATF1,MEF,bZIP
185,22,0,1.22609652976325,ARHGAP29,FOXA2,LMC,Forkhead
2030,1,0,-1.75744010666579,NPY1R,ATF2,LMC,bZIP
103,60,1,-1.39215846325659,AKAP12,ZNF263,MEF,Zf
2840,25,1,-2.37049912905105,SPOCD1,GATA1,MEF,Zf
983,55,1,1.51869558259556,FAM184B,USF2,MEF,bHLH
596,11,0,-1.48625142423347,CNN2,E2F6,LMC,E2F
2084,27,1,-2.71392958236309,OLR1,GATA3,MEF,Zf
1150,40,1,1.20650960697518,GAS1,MYOG,MEF,bHLH
1935,34,0,-1.2886287110064,NACAD,MAFK,LMC,bZIP
1214,11,1,1.14691349426281,GNAL,E2F6,MEF,E2F
1657,12,1,-7.36398677653957,LILRB4,EBF1,MEF,EBF
480,51,0,-1.80943237310509,CDH10,TCF12,LMC,bHLH
2091,3,0,-2.75084048443448,OSBPL6,BACH1,LMC,bZIP
373,47,0,1.10520537115312,CAT,SP1,LMC,Zf
2994,35,0,-2.49436125174685,TLL1,MAX,LMC,bHLH
1400,15,1,3.61114568347972,HSPB2,ELK1,MEF,ETS
2449,35,1,2.09975394942392,RARB,MAX,MEF,bHLH
2981,4,1,-1.72964937024715,TICAM2,BATF,MEF,bZIP
151,15,0,-1.257800767497,ANXA6,ELK1,LMC,ETS
1896,8,1,1.92998391811413,MUC15,CUX1,MEF,Homeobox
3086,58,1,-1.19173570792296,TPM4,ZEB1,MEF,Zf
1039,9,1,1.10821046471605,FBXO7,E2F1,MEF,E2F
235,44,0,-1.029209618599,ATG16L2,PBX3,LMC,Homeobox
709,55,1,-1.66905437630875,CYBA,USF2,MEF,bHLH
471,25,1,-1.23221280378284,CDC6,GATA1,MEF,Zf
2421,58,0,-1.48115705720035,RAB38,ZEB1,LMC,Zf
18,19,0,1.60907128612013,ABLIM3,FOS,LMC,bZIP
1113,6,1,1.9055703590778,FRMPD1,BHLHE40,MEF,bHLH
3126,45,1,1.3204466752018,TSPAN13,PRDM1,MEF,Zf
777,19,0,-1.76785350294743,DNAH11,FOS,LMC,bZIP
713,53,1,1.19144626408088,CYLD,TEAD4,MEF,TEA
2291,46,0,-1.23879932531305,POLE2,RFX5,LMC,HTH
1033,2,1,1.37290435493264,FBXO27,ATF3,MEF,bZIP
2510,60,1,-1.40805773205446,RINL,ZNF263,MEF,Zf
3104,57,1,-1.18940042398823,TRIM25,ZBTB33,MEF,Zf
891,60,1,5.2176253554421,EN2,ZNF263,MEF,Zf
1101,59,0,-1.562495602336,FOXM1,ZKSCAN1,LMC,Zf
302,14,1,1.32786155488194,BMP8A,ELF1,MEF,ETS
1576,8,0,-1.07875775488282,KIF26B,CUX1,LMC,Homeobox
1583,49,1,1.05205299901544,KIFAP3,STAT1,MEF,Stat
2770,34,1,-1.570462176705,SLIT3,MAFK,MEF,bZIP
2225,60,1,-1.5969306941367,PKNOX2,ZNF263,MEF,Zf
113,54,0,-1.98014191079215,ALDH1L2,USF1,LMC,bHLH
2028,40,1,-1.86974211431371,NPTX2,MYOG,MEF,bHLH
2944,13,1,-3.87782145502005,TBXAS1,EGR1,MEF,Zf
3015,47,1,1.14577317140574,TMEM140,SP1,MEF,Zf
2014,8,0,1.03414208924194,NOS1AP,CUX1,LMC,Homeobox
1349,12,1,-1.13007346811403,HN1,EBF1,MEF,EBF
1210,59,0,1.25915763449481,GMIP,ZKSCAN1,LMC,Zf
2110,27,0,1.9334545394149,PADI1,GATA3,LMC,Zf
586,53,0,-1.51585649307847,CLYBL,TEAD4,LMC,TEA
1609,36,0,2.05229480885656,KRT7,MAZ,LMC,Zf
2732,3,1,1.30662937679401,SLC33A1,BACH1,MEF,bZIP
853,24,0,3.15296340912355,EEF1A2,GABPA,LMC,ETS
2022,24,1,3.62919739193268,NPBWR1,GABPA,MEF,ETS
2122,14,1,1.91133769630743,PAQR6,ELF1,MEF,ETS
1701,11,0,-1.25291696020209,LRRC3,E2F6,LMC,E2F
590,20,1,1.3811098172866,CNBD2,FOSL2,MEF,bZIP
1749,35,1,-1.30539635239213,MAMDC2,MAX,MEF,bHLH
2444,46,0,-1.91959093034598,RANBP3L,RFX5,LMC,HTH
62,6,0,-1.72005964675759,ADAMTS6,BHLHE40,LMC,bHLH
1126,36,1,2.78275650147847,FXYD1,MAZ,MEF,Zf
812,7,0,-1.43091036435471,DRAXIN,CTCF,LMC,Zf
786,6,0,2.16190721765373,DNAJC6,BHLHE40,LMC,bHLH
1447,35,0,2.0208802638206,IL1A,MAX,LMC,bHLH
2962,27,1,3.84489720440224,TFAP2B,GATA3,MEF,Zf
2466,19,1,1.32338894662691,RB1,FOS,MEF,bZIP
2124,0,0,1.50966522656311,PARK2,ATF1,LMC,bZIP
2720,59,0,-1.70576424039824,SLC27A3,ZKSCAN1,LMC,Zf
1016,53,1,-1.82219618288015,FANCD2,TEAD4,MEF,TEA
1490,22,1,1.27075279553544,ITGA3,FOXA2,MEF,Forkhead
652,36,1,-3.38353739041147,CRIP1,MAZ,MEF,Zf
1307,34,0,-1.36464889595292,H1FX,MAFK,LMC,bZIP
1373,26,1,3.28481040650895,HOXC13,GATA2,MEF,Zf
420,53,1,-2.27382926630875,CCNA2,TEAD4,MEF,TEA
2316,11,0,-1.20611025138489,PPP1R36,E2F6,LMC,E2F
1251,42,1,-2.53128771819303,GPR183,NRF1,MEF,NRF
1191,36,0,-1.20418516225923,GINS2,MAZ,LMC,Zf
276,26,1,-1.03013751610087,BCAT1,GATA2,MEF,Zf
1276,51,1,-1.00210309059535,GREB1L,TCF12,MEF,bHLH
1909,34,1,-1.00556299743777,MYH9,MAFK,MEF,bZIP
356,60,1,1.40825026973707,CAMK2B,ZNF263,MEF,Zf
2057,34,0,-2.07327400721528,NUF2,MAFK,LMC,bZIP
2338,14,1,2.00041906473076,PRND,ELF1,MEF,ETS
2318,57,1,1.4274717173054,PPP1R42,ZBTB33,MEF,Zf
403,14,1,1.62541196358019,CCDC80,ELF1,MEF,ETS
1208,10,0,-1.39320738985799,GLT8D2,E2F4,LMC,E2F
588,41,1,-1.16582428310444,CMTM3,NANOG,MEF,Homeobox
1419,46,0,-1.21569532165632,IGF2BP1,RFX5,LMC,HTH
224,55,1,3.5793529115636,ASCL1,USF2,MEF,bHLH
3209,7,0,1.89647986306769,VWF,CTCF,LMC,Zf
992,53,1,1.00646228397572,FAM212B,TEAD4,MEF,TEA
2750,30,0,1.09773948896469,SLC46A3,IRF3,LMC,IRF
542,21,0,1.63219210782671,CHD7,FOXA1,LMC,Forkhead
1866,46,1,-8.9216503126328,MPEG1,RFX5,MEF,HTH
460,50,1,-3.73496442784358,CD83,STAT3,MEF,Stat
2785,40,1,2.60205641381616,SMYD1,MYOG,MEF,bHLH
2219,34,1,-1.09945099407407,PIP5K1C,MAFK,MEF,bZIP
1327,27,0,1.75267686763674,HFE,GATA3,LMC,Zf
2583,10,0,-2.5472687417079,SCML2,E2F4,LMC,E2F
371,15,0,-1.48706087543006,CASS4,ELK1,LMC,ETS
2786,44,1,-1.24692938914532,SNAI1,PBX3,MEF,Homeobox
789,35,0,-1.85212719047073,DNER,MAX,LMC,bHLH
2571,23,0,2.21199249094667,SAMSN1,FOXM1,LMC,Forkhead
1820,35,0,1.56261648232915,MFSD12,MAX,LMC,bHLH
2230,51,0,1.79197987806405,PLA2G7,TCF12,LMC,bHLH
1436,42,0,2.10053679133287,IL10RA,NRF1,LMC,NRF
1616,54,1,-2.81083980719423,LAMA2,USF1,MEF,bHLH
69,59,0,-1.69976265055209,ADARB1,ZKSCAN1,LMC,Zf
926,6,1,-1.32942090046407,ESYT1,BHLHE40,MEF,bHLH
1320,7,0,1.94587080773716,HCST,CTCF,LMC,Zf
1810,14,1,1.20535835614864,MESP2,ELF1,MEF,ETS
1809,39,1,-1.12365506432939,MESDC1,MYB,MEF,HTH
2119,12,0,1.63901381088849,PAPLN,EBF1,LMC,EBF
649,10,0,1.77230520694,CREG1,E2F4,LMC,E2F
1964,25,1,-1.12487910726112,NDUFA4L2,GATA1,MEF,Zf
2284,15,0,1.35328741915032,PNPLA7,ELK1,LMC,ETS
2853,14,1,-3.39538592314641,SRGN,ELF1,MEF,ETS
62,34,1,-1.74379178598136,ADAMTS6,MAFK,MEF,bZIP
3065,32,1,-1.67207013939252,TNIK,JUND,MEF,bZIP
1070,11,1,-1.95715177392112,FIGNL1,E2F6,MEF,E2F
2526,56,1,1.94027712823424,RNF43,YY1,MEF,Zf
432,14,1,-1.9549283385216,CD14,ELF1,MEF,ETS
1158,15,0,-1.36462799317049,GATSL3,ELK1,LMC,ETS
1100,13,1,3.06512997494896,FOXL1,EGR1,MEF,Zf
1747,14,0,2.304021662009,MAL2,ELF1,LMC,ETS
1413,32,0,1.905682413793,IFIT1,JUND,LMC,bZIP
1009,50,0,1.41483114643421,FAM83B,STAT3,LMC,Stat
1894,11,0,-1.00373976817537,MTSS1L,E2F6,LMC,E2F
1337,42,1,1.9967466068813,HIST2H2AC,NRF1,MEF,NRF
997,57,0,-1.75327919236448,FAM43A,ZBTB33,LMC,Zf
3133,32,1,2.32342847283581,TTC18,JUND,MEF,bZIP
1045,7,1,-2.12857218736207,FES,CTCF,MEF,Zf
233,32,0,1.1636924686686,ATF6,JUND,LMC,bZIP
895,22,1,-1.81536653733997,ENO3,FOXA2,MEF,Forkhead
925,7,1,2.96939753308867,ESRRB,CTCF,MEF,Zf
2820,14,1,1.78480119877101,SP7,ELF1,MEF,ETS
1472,37,1,-1.52991375774982,IQGAP2,MEF2A,MEF,MADS
1502,47,1,2.00353684426726,ITIH2,SP1,MEF,Zf
1688,34,1,1.32207445323226,LRCH1,MAFK,MEF,bZIP
1087,1,1,1.13617462924265,FNDC3A,ATF2,MEF,bZIP
1641,24,0,-1.00364504616123,LEPREL2,GABPA,LMC,ETS
2021,31,1,-1.09798854940686,NPAS4,IRF4,MEF,IRF
375,40,1,1.03187685516321,CATSPERD,MYOG,MEF,bHLH
2167,19,0,-1.47607183564039,PDE4A,FOS,LMC,bZIP
666,53,1,-3.02339189553922,CSF3R,TEAD4,MEF,TEA
67,51,1,-3.9511164464879,ADAP1,TCF12,MEF,bHLH
2804,54,1,-1.38519694231342,SOGA3,USF1,MEF,bHLH
908,19,0,-1.2161774029393,EPHB2,FOS,LMC,bZIP
1447,19,1,1.07032797522475,IL1A,FOS,MEF,bZIP
1238,59,0,-1.83197015901055,GPR126,ZKSCAN1,LMC,Zf
350,35,0,1.39360994130101,CADM3,MAX,LMC,bHLH
184,32,0,-1.09910155497258,ARHGAP28,JUND,LMC,bZIP
1946,26,1,-2.06657286608671,NCAPD2,GATA2,MEF,Zf
831,42,1,1.24284518660575,DYNC2LI1,NRF1,MEF,NRF
3267,55,1,-1.18322103636529,ZWILCH,USF2,MEF,bHLH
1533,32,0,1.61862340966414,KCNC2,JUND,LMC,bZIP
1659,17,1,-1.54335975944952,LIMD2,ETS1,MEF,ETS
1865,50,1,1.14781830061223,MPC1,STAT3,MEF,Stat
2794,40,1,-1.9308040336724,SNORA31,MYOG,MEF,bHLH
147,6,0,2.01551499268865,ANPEP,BHLHE40,LMC,bHLH
2505,14,0,1.90830758048252,RHPN2,ELF1,LMC,ETS
964,7,0,-1.18090629468313,FAM109B,CTCF,LMC,Zf
1531,35,0,1.72895569764727,KCNB1,MAX,LMC,bHLH
954,3,0,1.3474227486607,FABP3,BACH1,LMC,bZIP
1744,34,0,1.61605159328595,MAFB,MAFK,LMC,bZIP
1306,10,0,-3.59327218483899,H19,E2F4,LMC,E2F
2551,40,1,1.47041778660776,RTN4R,MYOG,MEF,bHLH
3196,6,0,1.2710275457951,VGF,BHLHE40,LMC,bHLH
2018,52,1,3.27657972227678,NOTUM,TCF3,MEF,HMG
1504,17,0,1.98667024272069,ITM2A,ETS1,LMC,ETS
2365,14,1,-1.75254702820737,PSMB8,ELF1,MEF,ETS
3164,53,1,1.15859874462322,UBXN11,TEAD4,MEF,TEA
1070,47,1,-1.95715177392112,FIGNL1,SP1,MEF,Zf
1970,10,0,-1.56249356356483,NEK2,E2F4,LMC,E2F
1203,12,1,-3.47472678752684,GLIPR1,EBF1,MEF,EBF
896,51,0,1.19995161646763,ENPP1,TCF12,LMC,bHLH
2166,41,1,-2.97331523072642,PDE3B,NANOG,MEF,Homeobox
2716,2,1,-1.50394993507876,SLC25A45,ATF3,MEF,bZIP
1369,23,1,-1.03793502410556,HOXB7,FOXM1,MEF,Forkhead
549,36,0,1.26910600541431,CHRNA2,MAZ,LMC,Zf
251,35,0,-1.43327827973312,AURKA,MAX,LMC,bHLH
3138,34,0,-1.6865426189192,TTLL11,MAFK,LMC,bZIP
2275,33,0,1.06002019022503,PM20D2,MAFF,LMC,bZIP
3009,12,1,1.35703295898885,TMEM117,EBF1,MEF,EBF
586,54,0,-1.51585649307847,CLYBL,USF1,LMC,bHLH
999,47,0,1.1663991918586,FAM46C,SP1,LMC,Zf
1604,3,0,-1.61525516257448,KNSTRN,BACH1,LMC,bZIP
278,6,1,1.00590719166316,BCL11A,BHLHE40,MEF,bHLH
1346,33,0,1.85192391244381,HMHA1,MAFF,LMC,bZIP
2102,7,0,2.07252283070865,P2RY12,CTCF,LMC,Zf
1900,3,1,-2.16305225779513,MXD3,BACH1,MEF,bZIP
2427,6,0,2.65940971963027,RAB6B,BHLHE40,LMC,bHLH
1990,54,1,-2.08969235613197,NID1,USF1,MEF,bHLH
2446,41,0,1.07317576939101,RAP2A,NANOG,LMC,Homeobox
1779,14,1,-1.49186664130323,MBOAT1,ELF1,MEF,ETS
14,58,1,1.78571231168131,ABCG4,ZEB1,MEF,Zf
2967,28,0,1.18376831365094,TFR2,HNF4A,LMC,NR
3235,29,1,-2.62409631254694,WT1,IRF1,MEF,IRF
2357,24,0,3.07853551683999,PRSS50,GABPA,LMC,ETS
460,60,1,-3.73496442784358,CD83,ZNF263,MEF,Zf
537,22,1,-1.01184978798121,CHAF1A,FOXA2,MEF,Forkhead
115,7,1,-1.46853695672575,ALDH3B1,CTCF,MEF,Zf
3241,26,1,-1.89623374434678,XKR5,GATA2,MEF,Zf
3006,7,0,-1.06419111424311,TMEFF2,CTCF,LMC,Zf
1947,11,0,-1.68905460867663,NCAPG,E2F6,LMC,E2F
2328,12,0,1.68357693735779,PRDX1,EBF1,LMC,EBF
2034,58,1,1.69022432355717,NR3C2,ZEB1,MEF,Zf
1797,53,1,1.83756686745499,MDGA2,TEAD4,MEF,TEA
794,25,0,1.90155186196009,DOCK2,GATA1,LMC,Zf
646,60,0,1.44373091276632,CRB2,ZNF263,LMC,Zf
1358,59,0,-1.7556303587846,HOXA3,ZKSCAN1,LMC,Zf
3267,54,0,-1.26383646152717,ZWILCH,USF1,LMC,bHLH
2425,6,1,-2.0568919585118,RAB3IL1,BHLHE40,MEF,bHLH
3174,32,1,1.62250715769651,UNC5D,JUND,MEF,bZIP
1403,17,0,-2.03494138204454,HTR2A,ETS1,LMC,ETS
994,33,1,1.02278867867513,FAM222A,MAFF,MEF,bZIP
2882,32,0,1.37774982496442,STK10,JUND,LMC,bZIP
2693,25,0,1.05954413123607,SLC16A1,GATA1,LMC,Zf
1515,60,0,1.23303869843737,JPH1,ZNF263,LMC,Zf
1506,49,0,1.17759645335527,ITPR1,STAT1,LMC,Stat
1665,36,1,-1.09066040559918,LIPA,MAZ,MEF,Zf
1913,4,0,1.12680224428471,MYLIP,BATF,LMC,bZIP
2258,15,1,1.11911637123027,PLIN5,ELK1,MEF,ETS
1081,46,1,-5.19295380970528,FMNL1,RFX5,MEF,HTH
817,35,0,1.918440317054,DSP,MAX,LMC,bHLH
1530,10,0,1.63913234858528,KCNAB2,E2F4,LMC,E2F
3167,8,1,-2.95782767929237,UHRF1,CUX1,MEF,Homeobox
2822,27,0,-1.06304711163904,SPAG4,GATA3,LMC,Zf
1486,54,0,1.32920004404911,ISYNA1,USF1,LMC,bHLH
2909,7,1,-1.84903949883014,SYK,CTCF,MEF,Zf
1914,55,0,-1.36772091134983,MYLK,USF2,LMC,bHLH
1520,57,1,1.25680814448097,KAZALD1,ZBTB33,MEF,Zf
2408,39,0,-1.23672453135472,QSOX1,MYB,LMC,HTH
2487,31,1,-1.15876159891288,RFTN1,IRF4,MEF,IRF
334,51,1,-7.57723638499168,C5AR1,TCF12,MEF,bHLH
3267,11,0,-1.26383646152717,ZWILCH,E2F6,LMC,E2F
3267,44,1,-1.18322103636529,ZWILCH,PBX3,MEF,Homeobox
414,38,0,2.27699369760861,CCL3,MEF2C,LMC,MADS
2549,13,0,-2.05581505638442,RTKN2,EGR1,LMC,Zf
1032,49,0,-1.46617372302768,FBXO16,STAT1,LMC,Stat
1497,8,0,2.00198261548205,ITGB2,CUX1,LMC,Homeobox
839,55,0,-1.8998701410423,EBF1,USF2,LMC,bHLH
966,20,1,-2.12873128121721,FAM111A,FOSL2,MEF,bZIP
1604,15,0,-1.61525516257448,KNSTRN,ELK1,LMC,ETS
2065,14,0,1.57749816616175,NXNL2,ELF1,LMC,ETS
180,42,0,1.09118038613016,ARHGAP18,NRF1,LMC,NRF
2497,35,1,2.70987718393113,RGS6,MAX,MEF,bHLH
2882,50,0,1.37774982496442,STK10,STAT3,LMC,Stat
2269,19,1,1.36910071446272,PLVAP,FOS,MEF,bZIP
2958,11,0,-1.33730980152012,TET1,E2F6,LMC,E2F
811,36,0,2.32565834773863,DPYSL5,MAZ,LMC,Zf
1432,25,1,-2.60722306957974,IGSF9,GATA1,MEF,Zf
2634,2,1,-1.02018948214225,SFRP4,ATF3,MEF,bZIP
80,50,0,-1.85487740745499,ADORA2B,STAT3,LMC,Stat
1964,60,1,-1.12487910726112,NDUFA4L2,ZNF263,MEF,Zf
1413,19,0,1.905682413793,IFIT1,FOS,LMC,bZIP
1094,35,1,1.9671559113756,FOXA3,MAX,MEF,bHLH
1178,59,0,-1.42420978182455,GEN1,ZKSCAN1,LMC,Zf
1708,19,1,2.3246684076931,LRRN1,FOS,MEF,bZIP
2831,17,0,-1.23443575155555,SPHK1,ETS1,LMC,ETS
3134,25,1,2.28253082591475,TTC21A,GATA1,MEF,Zf
2233,42,0,-2.88397557845774,PLAC8,NRF1,LMC,NRF
1419,28,0,-1.21569532165632,IGF2BP1,HNF4A,LMC,NR
2755,23,0,1.07412426841911,SLC6A6,FOXM1,LMC,Forkhead
495,42,1,1.14494216247271,CDKN2B,NRF1,MEF,NRF
375,49,1,1.03187685516321,CATSPERD,STAT1,MEF,Stat
794,1,0,1.90155186196009,DOCK2,ATF2,LMC,bZIP
490,10,1,-1.01868372437041,CDK2,E2F4,MEF,E2F
68,42,1,-6.45353342955271,ADAP2,NRF1,MEF,NRF
2206,7,1,1.27028251101733,PHYHIP,CTCF,MEF,Zf
1455,56,0,-1.93874412888656,IL27RA,YY1,LMC,Zf
775,51,1,-1.72004709805827,DMRTA2,TCF12,MEF,bHLH
2424,12,1,-1.43699971579521,RAB3D,EBF1,MEF,EBF
1951,17,0,1.45744396290933,NCEH1,ETS1,LMC,ETS
703,34,1,-1.39331579704767,CXCR4,MAFK,MEF,bZIP
510,47,0,-1.36741542509461,CENPA,SP1,LMC,Zf
1614,47,1,-1.61904378831684,LAG3,SP1,MEF,Zf
665,53,0,1.85920319898221,CSF2RB,TEAD4,LMC,TEA
3114,15,1,-3.24269386734528,TROAP,ELK1,MEF,ETS
540,53,1,-1.27554944125757,CHD3,TEAD4,MEF,TEA
2344,46,0,2.37482787571774,PRR15,RFX5,LMC,HTH
2389,51,0,1.29431496605626,PTPRE,TCF12,LMC,bHLH
911,53,1,1.40926174194967,EPN3,TEAD4,MEF,TEA
2429,23,1,-5.54500344285024,RAC2,FOXM1,MEF,Forkhead
36,50,1,2.24033458578395,ACSS3,STAT3,MEF,Stat
1346,46,1,-2.7170715453491,HMHA1,RFX5,MEF,HTH
2739,3,0,1.07554724816405,SLC39A10,BACH1,LMC,bZIP
2230,35,0,1.79197987806405,PLA2G7,MAX,LMC,bHLH
354,47,1,-1.076244723332,CAMK1D,SP1,MEF,Zf
1349,14,1,-1.13007346811403,HN1,ELF1,MEF,ETS
3031,56,0,-1.20620524419513,TMEM220,YY1,LMC,Zf
2279,28,0,-1.11779213875948,PMVK,HNF4A,LMC,NR
722,43,1,2.46228811504663,CYTIP,PAX5,MEF,"Paired,Homeobox"
1191,15,0,-1.20418516225923,GINS2,ELK1,LMC,ETS
1210,23,0,1.25915763449481,GMIP,FOXM1,LMC,Forkhead
995,2,0,-1.34584970061181,FAM26E,ATF3,LMC,bZIP
1107,12,1,-2.7700119198832,FOXS1,EBF1,MEF,EBF
143,57,0,-1.25200855268607,ANKRD6,ZBTB33,LMC,Zf
1401,8,1,1.38533707225827,HSPB6,CUX1,MEF,Homeobox
856,44,0,-1.15119532089597,EFCAB11,PBX3,LMC,Homeobox
520,52,0,-1.07484665845757,CENPT,TCF3,LMC,HMG
1400,35,1,3.61114568347972,HSPB2,MAX,MEF,bHLH
2759,29,1,2.50758030689144,SLC8A2,IRF1,MEF,IRF
1806,21,1,2.23278078032331,MEIOB,FOXA1,MEF,Forkhead
640,55,0,2.11324837146368,CPNE7,USF2,LMC,bHLH
2847,32,0,1.66700330645421,SPRY4,JUND,LMC,bZIP
1969,35,1,-2.45331857180065,NEIL3,MAX,MEF,bHLH
2335,52,0,2.81104415880545,PRKCB,TCF3,LMC,HMG
3190,6,0,2.29387863105191,VAV1,BHLHE40,LMC,bHLH
2133,7,1,-2.60793494939055,PBK,CTCF,MEF,Zf
673,33,1,-1.42679271623708,CSRP2,MAFF,MEF,bZIP
2273,47,0,2.09848892681081,PLXNC1,SP1,LMC,Zf
1402,7,0,1.76983656065279,HSPB7,CTCF,LMC,Zf
2641,34,0,-1.30244599015757,SGOL2,MAFK,LMC,bZIP
1757,34,1,-1.5178339960259,MAP1B,MAFK,MEF,bZIP
1365,47,0,-1.04594466941639,HOXB3,SP1,LMC,Zf
2780,40,0,-2.20674711365804,SMOC1,MYOG,LMC,bHLH
3164,8,1,1.15859874462322,UBXN11,CUX1,MEF,Homeobox
3159,19,0,1.22413823602443,UBASH3B,FOS,LMC,bZIP
2003,54,1,1.57232276165872,NLRP10,USF1,MEF,bHLH
924,23,1,1.51210965522421,ESR2,FOXM1,MEF,Forkhead
944,10,0,-1.00757252383823,EZH2,E2F4,LMC,E2F
2895,42,0,1.23445220659616,STXBP5,NRF1,LMC,NRF
1909,59,1,-1.00556299743777,MYH9,ZKSCAN1,MEF,Zf
3266,17,1,1.01859712959096,ZRSR1,ETS1,MEF,ETS
2745,47,0,1.9025481432666,SLC43A2,SP1,LMC,Zf
1768,36,1,1.51744635820687,MAPK15,MAZ,MEF,Zf
1743,46,0,1.2423560260099,MAF,RFX5,LMC,HTH
829,58,0,-1.17747353187961,DUT,ZEB1,LMC,Zf
1275,22,1,-1.13562918187653,GRB14,FOXA2,MEF,Forkhead
2623,46,1,1.52073728267155,SERPINB8,RFX5,MEF,HTH
313,1,0,1.25843048968999,BST2,ATF2,LMC,bZIP
2095,56,0,-4.06327887175194,OSR2,YY1,LMC,Zf
2287,29,1,1.03731658943426,PODXL2,IRF1,MEF,IRF
995,10,0,-1.34584970061181,FAM26E,E2F4,LMC,E2F
713,46,1,1.19144626408088,CYLD,RFX5,MEF,HTH
648,55,1,1.09296402967198,CREBL2,USF2,MEF,bHLH
1326,8,1,1.7722064028103,HERC3,CUX1,MEF,Homeobox
206,56,0,1.03464648404982,ARL4C,YY1,LMC,Zf
2187,59,1,2.4186562012654,PERP,ZKSCAN1,MEF,Zf
3225,49,1,5.45899308497482,WNT10A,STAT1,MEF,Stat
2159,34,0,-3.02978414023049,PCSK9,MAFK,LMC,bZIP
2346,11,0,-1.3795532470091,PRR16,E2F6,LMC,E2F
1192,7,0,2.12975177309084,GIPC2,CTCF,LMC,Zf
382,7,1,1.58885651915645,CCDC113,CTCF,MEF,Zf
1013,35,0,1.47559622223216,FAM84A,MAX,LMC,bHLH
473,56,0,-1.72477055854409,CDCA2,YY1,LMC,Zf
1785,56,0,-2.26452692519611,MCF2L,YY1,LMC,Zf
1536,60,0,1.79193587062869,KCND2,ZNF263,LMC,Zf
2470,27,1,2.12684463825178,RBM24,GATA3,MEF,Zf
1281,7,0,-2.26995566801654,GRID2,CTCF,LMC,Zf
385,7,1,-1.3031600241653,CCDC120,CTCF,MEF,Zf
1551,43,1,-2.83262088040282,KCNK13,PAX5,MEF,"Paired,Homeobox"
3140,10,1,1.19302058797499,TTLL9,E2F4,MEF,E2F
3169,22,0,1.19459241376061,UNC13B,FOXA2,LMC,Forkhead
180,8,0,1.09118038613016,ARHGAP18,CUX1,LMC,Homeobox
3056,43,1,-5.5076948580677,TNFAIP8L2,PAX5,MEF,"Paired,Homeobox"
2834,11,1,-3.44517107955526,SPINK2,E2F6,MEF,E2F
2890,2,0,1.34205810402861,STON2,ATF3,LMC,bZIP
2798,51,1,-4.38692587031083,SNX20,TCF12,MEF,bHLH
1599,18,1,-4.51884009141692,KLHL6,FLI1,MEF,ETS
465,33,0,-2.11602648113733,CDC20,MAFF,LMC,bZIP
601,43,1,-1.36483145323022,CNTFR,PAX5,MEF,"Paired,Homeobox"
2178,40,1,-1.62367689893766,PDLIM2,MYOG,MEF,bHLH
1632,14,1,-3.12652993466873,LCP2,ELF1,MEF,ETS
248,55,1,-1.93874767251077,ATP8B4,USF2,MEF,bHLH
517,42,0,-1.36881504159307,CENPN,NRF1,LMC,NRF
1329,54,0,1.74478021809502,HHEX,USF1,LMC,bHLH
2298,44,1,2.24570716939652,POU4F1,PBX3,MEF,Homeobox
2070,31,0,2.37988849728914,OAS2,IRF4,LMC,IRF
673,51,1,-1.42679271623708,CSRP2,TCF12,MEF,bHLH
1490,51,1,1.27075279553544,ITGA3,TCF12,MEF,bHLH
1161,24,1,-1.53502513089702,GBX1,GABPA,MEF,ETS
2190,21,1,-1.10818887346476,PFKFB1,FOXA1,MEF,Forkhead
3168,53,1,-3.58686645117172,ULBP1,TEAD4,MEF,TEA
2939,44,1,2.29904675934665,TBX2,PBX3,MEF,Homeobox
524,7,1,-1.25490532023974,CEP128,CTCF,MEF,Zf
262,36,1,-1.06022912878962,B4GALT1,MAZ,MEF,Zf
1921,50,0,1.02112335467141,MYO1D,STAT3,LMC,Stat
3156,7,1,-9.23167979571188,TYROBP,CTCF,MEF,Zf
1057,49,0,1.00859609133211,FGF9,STAT1,LMC,Stat
2534,36,1,1.79833040761917,RPRM,MAZ,MEF,Zf
2315,14,1,1.05038998947323,PPP1R26,ELF1,MEF,ETS
957,35,0,-1.29344841963756,FADS2,MAX,LMC,bHLH
253,46,1,-1.49332363548722,AXDND1,RFX5,MEF,HTH
500,35,1,1.52450986651125,CDSN,MAX,MEF,bHLH
2833,14,1,-7.24778929658034,SPI1,ELF1,MEF,ETS
1464,53,0,-1.18382349994449,INPP1,TEAD4,LMC,TEA
2484,10,0,1.97397366502966,REPS2,E2F4,LMC,E2F
3025,7,1,1.59244080402391,TMEM179,CTCF,MEF,Zf
1298,22,0,1.79871714318156,GSTA4,FOXA2,LMC,Forkhead
787,55,1,1.35627669638986,DNALI1,USF2,MEF,bHLH
272,60,1,-1.06922081449246,BAZ1A,ZNF263,MEF,Zf
402,7,1,-1.55205901784518,CCDC8,CTCF,MEF,Zf
256,13,1,-3.7848722992205,B3GNT3,EGR1,MEF,Zf
39,41,1,-1.17835208367133,ACTB,NANOG,MEF,Homeobox
2969,3,0,-1.39028771607637,TGFB1I1,BACH1,LMC,bZIP
147,41,0,2.01551499268865,ANPEP,NANOG,LMC,Homeobox
540,1,1,-1.27554944125757,CHD3,ATF2,MEF,bZIP
1747,45,1,3.56156755762499,MAL2,PRDM1,MEF,Zf
3093,13,1,1.33406165475606,TRDMT1,EGR1,MEF,Zf
3008,6,0,1.79119876528083,TMEM108,BHLHE40,LMC,bHLH
1360,11,1,-2.49612425829247,HOXA5,E2F6,MEF,E2F
2423,43,1,3.46883514568648,RAB3B,PAX5,MEF,"Paired,Homeobox"
1617,11,0,1.53159191713736,LAMA3,E2F6,LMC,E2F
2770,44,0,1.14657944449594,SLIT3,PBX3,LMC,Homeobox
1481,21,1,2.32183354628202,IRX3,FOXA1,MEF,Forkhead
2935,17,0,-1.1207796034852,TARSL2,ETS1,LMC,ETS
2195,13,1,-1.52699493814119,PGAP1,EGR1,MEF,Zf
2085,36,1,1.96396684336509,ONECUT2,MAZ,MEF,Zf
2118,14,1,2.04572925803728,PANX2,ELF1,MEF,ETS
165,6,0,1.51242432274021,APOBEC1,BHLHE40,LMC,bHLH
2505,34,1,1.57356945981718,RHPN2,MAFK,MEF,bZIP
2265,26,1,3.7187952311286,PLS1,GATA2,MEF,Zf
3112,19,0,-1.02635930451426,TRNP1,FOS,LMC,bZIP
2143,46,1,1.85920265684064,PCDHB8,RFX5,MEF,HTH
2166,46,1,-2.97331523072642,PDE3B,RFX5,MEF,HTH
441,10,0,2.38543624011782,CD300A,E2F4,LMC,E2F
2484,47,1,-1.61727756925469,REPS2,SP1,MEF,Zf
102,41,1,1.26640972757189,AK9,NANOG,MEF,Homeobox
3203,52,1,-1.49832154904173,VSIG10L,TCF3,MEF,HMG
816,7,0,2.48488641041993,DSG2,CTCF,LMC,Zf
2353,49,1,-1.6450821104451,PRSS27,STAT1,MEF,Stat
2128,43,0,1.85774573208055,PARVG,PAX5,LMC,"Paired,Homeobox"
238,7,1,1.7665205436358,ATP13A5,CTCF,MEF,Zf
2603,59,1,1.0266249678335,SEC61G,ZKSCAN1,MEF,Zf
649,25,1,-1.06162525000248,CREG1,GATA1,MEF,Zf
2116,13,1,1.25392386281418,PAM,EGR1,MEF,Zf
2005,54,1,-1.77461700519955,NME2,USF1,MEF,bHLH
1574,18,1,-2.47502725547592,KIF23,FLI1,MEF,ETS
2933,5,1,-1.95592310103042,TAGLN2,BCL11A,MEF,Zf
1509,6,1,-1.44881067617991,JADE1,BHLHE40,MEF,bHLH
2578,19,0,2.09403982355637,SBSN,FOS,LMC,bZIP
258,56,0,1.94479711510852,B3GNT7,YY1,LMC,Zf
2594,11,0,-1.5395629060176,SCUBE2,E2F6,LMC,E2F
2863,57,1,-1.42498224453475,ST6GALNAC2,ZBTB33,MEF,Zf
1200,11,1,2.45505456378126,GLB1L2,E2F6,MEF,E2F
3021,54,1,-1.61947231408605,TMEM171,USF1,MEF,bHLH
585,46,0,1.67296122995437,CLU,RFX5,LMC,HTH
1792,43,1,-5.09340625018667,MCOLN2,PAX5,MEF,"Paired,Homeobox"
2975,28,0,-1.10337016351696,THBS1,HNF4A,LMC,NR
920,27,0,2.3110851686836,ESAM,GATA3,LMC,Zf
2937,26,1,1.50150751434557,TBC1D8,GATA2,MEF,Zf
1577,16,1,-1.29232054600738,KIF27,ELK4,MEF,ETS
1032,50,0,-1.46617372302768,FBXO16,STAT3,LMC,Stat
2308,3,0,1.4764173769232,PPFIBP2,BACH1,LMC,bZIP
1728,23,0,2.42475480036717,LY86,FOXM1,LMC,Forkhead
1348,40,0,1.6180838227508,HMOX1,MYOG,LMC,bHLH
276,60,0,-2.52309707321754,BCAT1,ZNF263,LMC,Zf
1248,55,0,-1.18948709815237,GPR17,USF2,LMC,bHLH
2920,40,1,2.08463741083142,SYT7,MYOG,MEF,bHLH
819,21,0,1.14268323152742,DTNB,FOXA1,LMC,Forkhead
3026,28,0,1.20604148876069,TMEM180,HNF4A,LMC,NR
2836,14,0,2.83642546905811,SPINT1,ELF1,LMC,ETS
2011,50,1,-1.11600402981182,NOD1,STAT3,MEF,Stat
998,53,1,-1.63086707931467,FAM46B,TEAD4,MEF,TEA
1424,26,1,-2.50962771157605,IGFBP6,GATA2,MEF,Zf
3136,8,1,1.7476052716644,TTC9,CUX1,MEF,Homeobox
1487,51,0,-2.07742596470371,ITGA1,TCF12,LMC,bHLH
27,27,1,2.18449933550891,ACKR3,GATA3,MEF,Zf
462,56,1,-2.00453633142034,CD86,YY1,MEF,Zf
2652,6,1,-1.04770872945372,SH3PXD2B,BHLHE40,MEF,bHLH
41,11,1,-1.29710351150971,ACTN3,E2F6,MEF,E2F
1064,49,1,-1.63075334070055,FGL2,STAT1,MEF,Stat
1567,11,1,-2.6418326666532,KIF14,E2F6,MEF,E2F
1146,29,0,-1.44526325705322,GAMT,IRF1,LMC,IRF
2155,27,0,-2.47708326135664,PCOLCE,GATA3,LMC,Zf
3168,29,1,-3.58686645117172,ULBP1,IRF1,MEF,IRF
2861,34,1,-3.86053537143672,ST18,MAFK,MEF,bZIP
1515,35,0,1.23303869843737,JPH1,MAX,LMC,bHLH
994,10,1,1.02278867867513,FAM222A,E2F4,MEF,E2F
1482,45,0,1.42105511718159,ISG15,PRDM1,LMC,Zf
3060,54,1,-1.68245131894634,TNFRSF14,USF1,MEF,bHLH
249,46,1,1.63281306215969,ATP9A,RFX5,MEF,HTH
156,12,1,1.07551992821496,AP3M2,EBF1,MEF,EBF
553,44,0,-1.16793164129301,CHST2,PBX3,LMC,Homeobox
1095,59,0,-1.72312225058079,FOXC1,ZKSCAN1,LMC,Zf
2303,11,0,-2.49135049160463,PPARA,E2F6,LMC,E2F
323,49,1,1.57648450507266,C1GALT1,STAT1,MEF,Stat
2845,31,0,-1.12860791435859,SPRY1,IRF4,LMC,IRF
648,36,1,1.09296402967198,CREBL2,MAZ,MEF,Zf
2510,24,0,1.29693340843211,RINL,GABPA,LMC,ETS
690,22,0,1.26035094666073,CTSO,FOXA2,LMC,Forkhead
516,13,0,-1.77252367309002,CENPM,EGR1,LMC,Zf
2057,0,1,-2.89490675475079,NUF2,ATF1,MEF,bZIP
2883,36,0,-1.20021874801036,STK32A,MAZ,LMC,Zf
2852,13,0,-1.40595160073724,SRD5A1,EGR1,LMC,Zf
1948,3,1,-2.19289973216985,NCAPG2,BACH1,MEF,bZIP
2567,56,1,3.82922148604445,SALL1,YY1,MEF,Zf
1163,46,0,2.62029779584361,GCH1,RFX5,LMC,HTH
3137,19,1,-2.52066169804331,TTK,FOS,MEF,bZIP
816,14,0,2.48488641041993,DSG2,ELF1,LMC,ETS
977,49,0,-1.35378356162685,FAM171B,STAT1,LMC,Stat
1460,4,0,1.14384592842023,ILDR2,BATF,LMC,bZIP
932,9,1,1.3056546926836,EVA1C,E2F1,MEF,E2F
314,13,1,1.108975807459,BTBD11,EGR1,MEF,Zf
1330,12,1,1.58427009070658,HHIP,EBF1,MEF,EBF
2886,56,1,1.35412699954028,STK38L,YY1,MEF,Zf
2014,50,1,1.46367070692664,NOS1AP,STAT3,MEF,Stat
529,7,1,1.21345195946999,CETN2,CTCF,MEF,Zf
1419,60,0,-1.21569532165632,IGF2BP1,ZNF263,LMC,Zf
2692,47,0,2.0074981520264,SLC15A3,SP1,LMC,Zf
835,27,1,-1.74413387692825,E2F7,GATA3,MEF,Zf
895,29,1,-1.81536653733997,ENO3,IRF1,MEF,IRF
2850,51,1,1.15748359100971,SQRDL,TCF12,MEF,bHLH
1082,60,1,1.04683222067852,FMNL2,ZNF263,MEF,Zf
734,49,1,-1.08456438928809,DCTD,STAT1,MEF,Stat
3191,52,1,-1.09005170142181,VAV2,TCF3,MEF,HMG
1520,40,1,1.25680814448097,KAZALD1,MYOG,MEF,bHLH
3011,15,1,-4.04371853078075,TMEM121,ELK1,MEF,ETS
2510,52,0,1.29693340843211,RINL,TCF3,LMC,HMG
35,47,0,-1.09413388951588,ACSS2,SP1,LMC,Zf
818,52,0,-1.41724630665825,DTL,TCF3,LMC,HMG
2065,53,0,1.57749816616175,NXNL2,TEAD4,LMC,TEA
3200,50,1,1.1224437930351,VMA21,STAT3,MEF,Stat
796,6,0,1.30396145946653,DOCK8,BHLHE40,LMC,bHLH
2531,3,1,1.20824445812755,RORA,BACH1,MEF,bZIP
1838,17,1,1.00684294020748,MLLT3,ETS1,MEF,ETS
2007,11,1,2.04830921986079,NMNAT2,E2F6,MEF,E2F
3137,36,0,-1.54688616829487,TTK,MAZ,LMC,Zf
557,14,1,-1.80418951019616,CHTF18,ELF1,MEF,ETS
2549,34,0,-2.05581505638442,RTKN2,MAFK,LMC,bZIP
2823,24,1,-1.90326262296788,SPAG5,GABPA,MEF,ETS
711,43,1,2.11217937635769,CYBRD1,PAX5,MEF,"Paired,Homeobox"
1881,27,1,1.05245446159028,MSI2,GATA3,MEF,Zf
2352,26,1,-3.19271883925877,PRSS16,GATA2,MEF,Zf
2894,10,1,-1.24756860580179,STX1A,E2F4,MEF,E2F
530,7,1,1.29315129835273,CFAP57,CTCF,MEF,Zf
2099,3,1,2.50495121718148,OXGR1,BACH1,MEF,bZIP
469,35,0,-1.08880876245464,CDC42EP4,MAX,LMC,bHLH
1682,8,1,-2.74353016291485,LPAR5,CUX1,MEF,Homeobox
566,53,0,-1.1170682511222,CKS2,TEAD4,LMC,TEA
2236,56,1,-3.85391765532654,PLCB2,YY1,MEF,Zf
586,54,0,-1.51585649307847,CLYBL,USF1,LMC,bHLH
2480,10,0,-1.11512209530539,RDH12,E2F4,LMC,E2F
796,29,0,1.30396145946653,DOCK8,IRF1,LMC,IRF
225,41,1,1.01601470962529,ASCL4,NANOG,MEF,Homeobox
1451,8,1,-1.7797236981012,IL1RL1,CUX1,MEF,Homeobox
511,20,1,-2.78967392596139,CENPE,FOSL2,MEF,bZIP
861,52,0,1.28372856844766,EFHD2,TCF3,LMC,HMG
792,59,1,-1.16716822785582,DNMT1,ZKSCAN1,MEF,Zf
1026,35,0,-1.78999137298021,FBLN7,MAX,LMC,bHLH
2762,17,0,1.14204392419731,SLC9A3R1,ETS1,LMC,ETS
1840,15,0,2.18019875250841,MMD,ELK1,LMC,ETS
1530,55,1,-1.78300388098409,KCNAB2,USF2,MEF,bHLH
834,19,1,-1.66961603936498,E2F2,FOS,MEF,bZIP
1665,28,0,1.4596415262887,LIPA,HNF4A,LMC,NR
1572,11,1,1.40702788043446,KIF21A,E2F6,MEF,E2F
1012,32,1,1.78692440865319,FAM83G,JUND,MEF,bZIP
1395,0,1,1.04373265354892,HSD17B1,ATF1,MEF,bZIP
761,14,1,2.14213441280121,DKKL1,ELF1,MEF,ETS
1101,54,0,-1.562495602336,FOXM1,USF1,LMC,bHLH
570,28,1,-2.54522296795591,CLDN15,HNF4A,MEF,NR
2588,19,0,-1.2295984538184,SCN3B,FOS,LMC,bZIP
3162,6,1,-1.57637625372954,UBE2T,BHLHE40,MEF,bHLH
764,53,1,-2.77861016108699,DLGAP5,TEAD4,MEF,TEA
3172,7,0,2.08686787997543,UNC45B,CTCF,LMC,Zf
3088,48,1,-1.19429551149551,TPX2,SP2,MEF,Zf
1505,49,0,1.01095122469057,ITPK1,STAT1,LMC,Stat
504,50,0,2.31604501349068,CEBPA,STAT3,LMC,Stat
15,9,0,1.12498979792279,ABHD12,E2F1,LMC,E2F
3240,53,1,2.28763388438051,XKR4,TEAD4,MEF,TEA
2923,20,0,1.05851666857904,SYTL1,FOSL2,LMC,bZIP
3078,28,1,-2.8886465852491,TOP2A,HNF4A,MEF,NR
1177,41,1,-1.98760381087097,GDPD3,NANOG,MEF,Homeobox
3037,2,0,2.40178678373866,TMEM255A,ATF3,LMC,bZIP
3074,35,0,1.95037145184557,TNS4,MAX,LMC,bHLH
1164,17,1,3.04067722262109,GCHFR,ETS1,MEF,ETS
1620,3,1,-1.28789219699444,LAMC1,BACH1,MEF,bZIP
605,44,0,-1.07984003641775,CNTROB,PBX3,LMC,Homeobox
1823,35,0,1.24234769593635,MGAT3,MAX,LMC,bHLH
3112,58,0,-1.02635930451426,TRNP1,ZEB1,LMC,Zf
246,6,0,1.18330327912453,ATP6V1B2,BHLHE40,LMC,bHLH
1323,14,1,-1.27285316107792,HEG1,ELF1,MEF,ETS
62,19,0,-1.72005964675759,ADAMTS6,FOS,LMC,bZIP
2917,20,0,-1.42032876171185,SYT1,FOSL2,LMC,bZIP
2180,53,0,1.00170533863714,PDPN,TEAD4,LMC,TEA
2981,47,0,1.74334891573225,TICAM2,SP1,LMC,Zf
502,35,0,1.95972854003952,CEACAM1,MAX,LMC,bHLH
600,54,1,-1.02011348438515,CNRIP1,USF1,MEF,bHLH
2449,14,1,2.09975394942392,RARB,ELF1,MEF,ETS
2259,15,1,-3.09747279205238,PLK1,ELK1,MEF,ETS
314,21,1,1.108975807459,BTBD11,FOXA1,MEF,Forkhead
1808,7,0,-1.82115918803008,MELK,CTCF,LMC,Zf
2137,51,0,-1.76140672165832,PCDH18,TCF12,LMC,bHLH
1347,51,1,-2.24742323046206,HMMR,TCF12,MEF,bHLH
2985,47,0,1.18351069680431,TIMP1,SP1,LMC,Zf
613,13,0,-2.62487820089675,COL19A1,EGR1,LMC,Zf
3016,35,1,1.16688239476946,TMEM151A,MAX,MEF,bHLH
1619,10,0,1.98706341170144,LAMB3,E2F4,LMC,E2F
3160,17,0,-1.97475920549478,UBE2C,ETS1,LMC,ETS
227,51,1,1.29701518686603,ASIC1,TCF12,MEF,bHLH
2304,27,0,-2.08467910509442,PPARGC1A,GATA3,LMC,Zf
2699,14,0,-1.13247654437372,SLC16A3,ELF1,LMC,ETS
2083,15,1,-1.05535891995952,OLFML3,ELK1,MEF,ETS
3148,29,1,-2.14380067537427,TUBB3,IRF1,MEF,IRF
2332,51,1,-1.39027810102326,PRIM1,TCF12,MEF,bHLH
2809,1,0,-2.07570541334437,SOX11,ATF2,LMC,bZIP
1347,23,1,-2.24742323046206,HMMR,FOXM1,MEF,Forkhead
462,8,0,2.47453481074841,CD86,CUX1,LMC,Homeobox
1027,60,0,-1.68739723753101,FBN1,ZNF263,LMC,Zf
525,42,1,-2.43362288031828,CEP55,NRF1,MEF,NRF
2478,49,0,-1.05749006064145,RCN1,STAT1,LMC,Stat
2541,25,1,-1.46648013064874,RRM1,GATA1,MEF,Zf
1694,45,1,3.89825776680161,LRP1B,PRDM1,MEF,Zf
518,40,1,-1.46993038048477,CENPP,MYOG,MEF,bHLH
692,35,1,1.88130965188566,CTTNBP2,MAX,MEF,bHLH
2480,6,0,-1.11512209530539,RDH12,BHLHE40,LMC,bHLH
2424,19,1,-1.43699971579521,RAB3D,FOS,MEF,bZIP
240,43,0,1.60328158259357,ATP1B1,PAX5,LMC,"Paired,Homeobox"
1512,60,1,-2.12044492913344,JAKMIP2,ZNF263,MEF,Zf
3065,2,1,-1.67207013939252,TNIK,ATF3,MEF,bZIP
519,15,0,-1.14569791585651,CENPQ,ELK1,LMC,ETS
2012,53,1,2.32640773297415,NOG,TEAD4,MEF,TEA
3069,60,0,3.12334119411955,TNNI2,ZNF263,LMC,Zf
1760,17,0,1.0684023208603,MAP3K1,ETS1,LMC,ETS
2570,21,1,1.35128864761439,SAMD15,FOXA1,MEF,Forkhead
2088,13,1,-1.89195409277433,OPN3,EGR1,MEF,Zf
2613,29,1,2.03597997477726,SEMA4F,IRF1,MEF,IRF
905,12,0,-2.25806627392996,EPHA3,EBF1,LMC,EBF
101,15,1,-2.3698435360429,AIM2,ELK1,MEF,ETS
1788,18,1,-1.18921853477002,MCM2,FLI1,MEF,ETS
2990,46,1,-1.96035300857267,TK1,RFX5,MEF,HTH
1016,43,0,-1.28239591471792,FANCD2,PAX5,LMC,"Paired,Homeobox"
3134,3,1,2.28253082591475,TTC21A,BACH1,MEF,bZIP
860,6,1,2.11517334013374,EFHD1,BHLHE40,MEF,bHLH
3144,36,1,-1.55039503561295,TTYH3,MAZ,MEF,Zf
590,32,1,1.3811098172866,CNBD2,JUND,MEF,bZIP
1844,46,0,-1.20694560179771,MMP11,RFX5,LMC,HTH
2816,46,0,1.48469516913959,SP110,RFX5,LMC,HTH
2172,19,0,2.04366489962011,PDGFB,FOS,LMC,bZIP
1635,60,1,1.0524637035023,LDB3,ZNF263,MEF,Zf
2487,4,0,1.09121897733351,RFTN1,BATF,LMC,bZIP
3217,32,0,1.18761457019747,WDR91,JUND,LMC,bZIP
1600,5,1,1.56969787708839,KLHL8,BCL11A,MEF,Zf
652,51,0,1.38975973373905,CRIP1,TCF12,LMC,bHLH
157,44,1,-1.33125587638172,APBA1,PBX3,MEF,Homeobox
1570,59,0,-2.10900677528057,KIF20A,ZKSCAN1,LMC,Zf
2489,11,1,-1.61617060658465,RGMA,E2F6,MEF,E2F
458,17,0,-1.5789323637807,CD80,ETS1,LMC,ETS
1723,19,1,-2.55573502478154,LTC4S,FOS,MEF,bZIP
3110,32,0,-2.42438042274599,TRIM71,JUND,LMC,bZIP
1751,35,0,1.2574581791148,MAN1C1,MAX,LMC,bHLH
789,53,1,-1.4228230728887,DNER,TEAD4,MEF,TEA
711,30,1,2.11217937635769,CYBRD1,IRF3,MEF,IRF
1344,46,0,-1.06304399815731,HMGCS1,RFX5,LMC,HTH
2504,10,0,1.89206647016594,RHOV,E2F4,LMC,E2F
657,56,0,-1.8498431982845,CRMP1,YY1,LMC,Zf
3187,42,1,-1.16461380481226,VASH2,NRF1,MEF,NRF
1947,31,1,-1.98660200090861,NCAPG,IRF4,MEF,IRF
2207,43,1,-1.1353942403262,PIANP,PAX5,MEF,"Paired,Homeobox"
2134,44,1,2.39317795527181,PCDH10,PBX3,MEF,Homeobox
82,11,1,-2.43475960329786,ADRA1A,E2F6,MEF,E2F
3023,11,1,1.85589116147114,TMEM176A,E2F6,MEF,E2F
1287,36,1,1.58987282207022,GRIN3A,MAZ,MEF,Zf
327,12,0,-2.45949876522906,C1QTNF3,EBF1,LMC,EBF
1034,3,1,1.68462784473143,FBXO32,BACH1,MEF,bZIP
3237,10,0,1.81714224773345,XDH,E2F4,LMC,E2F
601,1,1,-1.36483145323022,CNTFR,ATF2,MEF,bZIP
2625,53,0,2.34303813040736,SERPIND1,TEAD4,LMC,TEA
1335,11,1,1.04156670706997,HIST1H1C,E2F6,MEF,E2F
1750,49,0,-1.35662311441156,MAMSTR,STAT1,LMC,Stat
2027,32,1,-2.04766080988131,NPTX1,JUND,MEF,bZIP
1483,19,0,-2.42838233040146,ISL1,FOS,LMC,bZIP
2618,50,1,1.10324297549979,SERINC2,STAT3,MEF,Stat
2896,34,1,1.59075964649031,STXBP6,MAFK,MEF,bZIP
1015,21,1,-2.36954301173742,FANCA,FOXA1,MEF,Forkhead
214,35,0,-1.31617696470295,ARSI,MAX,LMC,bHLH
3165,23,1,-2.38129196365162,UCP2,FOXM1,MEF,Forkhead
1953,42,0,1.92560310843449,NCF2,NRF1,LMC,NRF
1191,59,0,-1.20418516225923,GINS2,ZKSCAN1,LMC,Zf
2852,33,0,-1.40595160073724,SRD5A1,MAFF,LMC,bZIP
151,21,0,-1.257800767497,ANXA6,FOXA1,LMC,Forkhead
275,7,1,2.00489501099902,BCAR3,CTCF,MEF,Zf
169,34,1,-4.85068676771273,APOE,MAFK,MEF,bZIP
894,56,0,-1.88796924738985,ENG,YY1,LMC,Zf
1511,35,1,1.9335151440421,JAG2,MAX,MEF,bHLH
909,2,0,-1.00616267624316,EPHB3,ATF3,LMC,bZIP
1474,52,1,1.58552456677636,IQUB,TCF3,MEF,HMG
307,15,1,-1.18056924901314,BOK,ELK1,MEF,ETS
2607,25,1,2.4777280916828,SEMA3B,GATA1,MEF,Zf
2109,17,0,-1.8177228835142,PACSIN3,ETS1,LMC,ETS
557,59,0,-1.43008297365315,CHTF18,ZKSCAN1,LMC,Zf
17,15,1,-2.9814574339715,ABI3,ELK1,MEF,ETS
2205,7,1,1.19166827866803,PHOSPHO1,CTCF,MEF,Zf
2569,32,0,-1.64177687245511,SAMD14,JUND,LMC,bZIP
1809,10,1,-1.12365506432939,MESDC1,E2F4,MEF,E2F
2697,13,1,-1.49067063119562,SLC16A13,EGR1,MEF,Zf
2694,60,0,1.20649329449766,SLC16A10,ZNF263,LMC,Zf
985,51,1,1.75797209689361,FAM196A,TCF12,MEF,bHLH
2803,35,0,-2.89854935498342,SOD3,MAX,LMC,bHLH
2537,58,1,-1.8166341585174,RPS6KA1,ZEB1,MEF,Zf
1837,53,1,-1.1738204709846,MLF1,TEAD4,MEF,TEA
2471,7,0,-1.34608427400044,RBM46,CTCF,LMC,Zf
445,56,1,-3.50081866240652,CD33,YY1,MEF,Zf
875,34,1,-1.34853539641118,EHHADH,MAFK,MEF,bZIP
1263,40,1,-1.33342975783313,GPR84,MYOG,MEF,bHLH
2386,41,1,-5.85839993985972,PTPN6,NANOG,MEF,Homeobox
2844,32,1,-1.6880019136283,SPRR3,JUND,MEF,bZIP
2474,54,1,3.72589105115737,RBP4,USF1,MEF,bHLH
1038,53,1,-1.7113898814647,FBXO5,TEAD4,MEF,TEA
2914,44,1,3.80336753378648,SYNM,PBX3,MEF,Homeobox
618,11,1,-2.54653173396879,COL4A1,E2F6,MEF,E2F
1045,35,1,-2.12857218736207,FES,MAX,MEF,bHLH
859,2,0,-1.01667299741207,EFHC1,ATF3,LMC,bZIP
679,54,1,-1.40673186688276,CTHRC1,USF1,MEF,bHLH
30,56,0,1.62716198902984,ACOT4,YY1,LMC,Zf
2318,26,1,1.4274717173054,PPP1R42,GATA2,MEF,Zf
1726,53,1,-1.52921091248218,LY6E,TEAD4,MEF,TEA
664,18,1,-1.02295843756879,CSF2RA,FLI1,MEF,ETS
143,6,0,-1.25200855268607,ANKRD6,BHLHE40,LMC,bHLH
1599,5,0,1.3884595597888,KLHL6,BCL11A,LMC,Zf
3026,43,0,1.20604148876069,TMEM180,PAX5,LMC,"Paired,Homeobox"
1808,7,1,-2.5568973427432,MELK,CTCF,MEF,Zf
2145,21,0,-1.28095528332009,PCDHGB2,FOXA1,LMC,Forkhead
856,48,0,-1.15119532089597,EFCAB11,SP2,LMC,Zf
790,43,0,1.49979232189584,DNM1,PAX5,LMC,"Paired,Homeobox"
53,23,1,-5.64244157319056,ADAM8,FOXM1,MEF,Forkhead
3088,43,1,-1.19429551149551,TPX2,PAX5,MEF,"Paired,Homeobox"
2621,1,0,5.18388336622251,SERPINB2,ATF2,LMC,bZIP
1537,54,0,-2.96715730163998,KCNE4,USF1,LMC,bHLH
566,24,0,-1.1170682511222,CKS2,GABPA,LMC,ETS
171,22,0,-1.30844755503104,APOLD1,FOXA2,LMC,Forkhead
2183,60,0,1.71622619768645,PDZK1IP1,ZNF263,LMC,Zf
1793,43,0,1.80783041632026,MCOLN3,PAX5,LMC,"Paired,Homeobox"
2204,23,1,-1.15295204263613,PHLPP1,FOXM1,MEF,Forkhead
2210,32,0,2.04393942709791,PIK3AP1,JUND,LMC,bZIP
1560,15,0,-2.49372097296847,KCTD16,ELK1,LMC,ETS
226,57,1,-2.12606281183785,ASF1B,ZBTB33,MEF,Zf
1362,26,0,-1.87218077993602,HOXA7,GATA2,LMC,Zf
1349,10,1,-1.13007346811403,HN1,E2F4,MEF,E2F
2891,44,0,-1.17278967136496,STOX2,PBX3,LMC,Homeobox
3138,47,0,-1.6865426189192,TTLL11,SP1,LMC,Zf
641,29,1,1.28498306362542,CPOX,IRF1,MEF,IRF
2056,11,1,1.59296743768017,NUDT11,E2F6,MEF,E2F
1824,4,1,3.1939303168836,MGP,BATF,MEF,bZIP
2527,54,0,-1.48068933655706,ROBO1,USF1,LMC,bHLH
2613,35,1,2.03597997477726,SEMA4F,MAX,MEF,bHLH
1383,13,0,3.90815789057665,HPCAL4,EGR1,LMC,Zf
2186,6,1,5.87974585698578,PENK,BHLHE40,MEF,bHLH
2377,59,1,2.08349403611381,PTHLH,ZKSCAN1,MEF,Zf
2041,31,1,-3.86600513615225,NRROS,IRF4,MEF,IRF
1399,20,0,1.22127784545729,HSPB1,FOSL2,LMC,bZIP
2981,30,0,1.74334891573225,TICAM2,IRF3,LMC,IRF
1647,50,1,2.33283975209078,LGI4,STAT3,MEF,Stat
871,50,0,1.23036636468725,EGR1,STAT3,LMC,Stat
251,33,0,-1.43327827973312,AURKA,MAFF,LMC,bZIP
2195,44,1,-1.52699493814119,PGAP1,PBX3,MEF,Homeobox
249,14,1,1.63281306215969,ATP9A,ELF1,MEF,ETS
89,56,1,1.3459422175997,AGBL2,YY1,MEF,Zf
3136,1,0,1.02552411022929,TTC9,ATF2,LMC,bZIP
1574,59,1,-2.47502725547592,KIF23,ZKSCAN1,MEF,Zf
283,55,0,1.28844328309751,BEND4,USF2,LMC,bHLH
542,56,0,1.63219210782671,CHD7,YY1,LMC,Zf
1792,54,1,-5.09340625018667,MCOLN2,USF1,MEF,bHLH
962,28,0,-1.89184174952969,FAM101B,HNF4A,LMC,NR
185,53,0,1.22609652976325,ARHGAP29,TEAD4,LMC,TEA
953,7,1,1.08611680455142,FAAH,CTCF,MEF,Zf
1688,7,1,1.32207445323226,LRCH1,CTCF,MEF,Zf
1076,15,0,-1.25012529076239,FLNA,ELK1,LMC,ETS
2460,7,1,-1.04214834320776,RASGRP4,CTCF,MEF,Zf
2795,35,0,1.18391174334233,SNTA1,MAX,LMC,bHLH
1520,49,1,1.25680814448097,KAZALD1,STAT1,MEF,Stat
77,10,1,-1.01112130167356,ADHFE1,E2F4,MEF,E2F
1229,40,0,-1.54093470936659,GPC6,MYOG,LMC,bHLH
3187,46,0,-1.34161711295415,VASH2,RFX5,LMC,HTH
2247,54,1,2.25428780923603,PLEKHA6,USF1,MEF,bHLH
2294,27,1,2.16914183980804,POPDC3,GATA3,MEF,Zf
1830,35,0,1.84177684169982,MILR1,MAX,LMC,bHLH
2420,36,1,1.4190619659383,RAB37,MAZ,MEF,Zf
754,32,1,-1.31193956690903,DGKK,JUND,MEF,bZIP
764,20,1,-2.77861016108699,DLGAP5,FOSL2,MEF,bZIP
2493,32,1,1.80859453586116,RGS17,JUND,MEF,bZIP
2454,54,0,2.25969313283064,RASEF,USF1,LMC,bHLH
1162,58,1,1.53185787847727,GCA,ZEB1,MEF,Zf
1,52,1,1.17403180056416,A4GALT,TCF3,MEF,HMG
2176,19,0,-1.16710948810265,PDGFRL,FOS,LMC,bZIP
322,17,0,-1.95916441975136,BZRAP1,ETS1,LMC,ETS
2388,36,1,-6.55393374908947,PTPRC,MAZ,MEF,Zf
3112,10,0,-1.02635930451426,TRNP1,E2F4,LMC,E2F
2831,50,0,-1.23443575155555,SPHK1,STAT3,LMC,Stat
1865,58,1,1.14781830061223,MPC1,ZEB1,MEF,Zf
716,36,0,-1.08566102735893,CYP26B1,MAZ,LMC,Zf
1409,50,1,2.10256286749572,ICOS,STAT3,MEF,Stat
1372,21,1,3.7981416382393,HOXC11,FOXA1,MEF,Forkhead
1257,60,0,1.07836707927477,GPR39,ZNF263,LMC,Zf
666,53,0,2.81350747504568,CSF3R,TEAD4,LMC,TEA
3157,50,1,1.99840192128171,TYRP1,STAT3,MEF,Stat
1419,13,0,-1.21569532165632,IGF2BP1,EGR1,LMC,Zf
2602,24,0,-1.01056989133208,SEC16B,GABPA,LMC,ETS
1442,51,1,3.60920778732912,IL17RB,TCF12,MEF,bHLH
3011,15,0,-2.66844146682901,TMEM121,ELK1,LMC,ETS
1471,27,1,1.06562177914796,IQCK,GATA3,MEF,Zf
2993,15,0,-1.98409674610173,TLE6,ELK1,LMC,ETS
2779,48,1,1.10158499878209,SMIM8,SP2,MEF,Zf
1860,54,0,1.38247263631652,MOCOS,USF1,LMC,bHLH
369,25,0,2.01929928327942,CASP1,GATA1,LMC,Zf
1012,21,1,1.78692440865319,FAM83G,FOXA1,MEF,Forkhead
1387,14,1,-2.44170919251263,HPSE,ELF1,MEF,ETS
1840,12,0,2.18019875250841,MMD,EBF1,LMC,EBF
324,7,1,-8.90280126208481,C1QA,CTCF,MEF,Zf
1534,49,1,1.16893133474129,KCNC3,STAT1,MEF,Stat
43,35,1,-1.10283547570767,ACY1,MAX,MEF,bHLH
2970,1,0,-1.58578942419484,TGFB2,ATF2,LMC,bZIP
640,35,1,2.11611963339668,CPNE7,MAX,MEF,bHLH
2102,15,0,2.07252283070865,P2RY12,ELK1,LMC,ETS
3181,14,0,1.00388229046063,USP2,ELF1,LMC,ETS
3192,31,0,1.27281442031791,VAV3,IRF4,LMC,IRF
3210,13,0,2.01990805201589,WAS,EGR1,LMC,Zf
1341,51,0,-3.10328922743494,HMCN1,TCF12,LMC,bHLH
296,19,1,-1.59805342544592,BLNK,FOS,MEF,bZIP
815,14,1,-1.01143898785543,DSCC1,ELF1,MEF,ETS
3003,25,1,-3.99329327944435,TM6SF1,GATA1,MEF,Zf
2601,44,0,-1.33009891228235,SEC14L5,PBX3,LMC,Homeobox
1506,47,0,1.17759645335527,ITPR1,SP1,LMC,Zf
2453,55,0,1.91714802696767,RASD2,USF2,LMC,bHLH
2317,19,1,-1.34514921030394,PPP1R3E,FOS,MEF,bZIP
1697,21,0,-1.53337520776607,LRRC16A,FOXA1,LMC,Forkhead
2505,7,0,1.90830758048252,RHPN2,CTCF,LMC,Zf
150,45,1,-1.50638570003123,ANXA4,PRDM1,MEF,Zf
2057,50,0,-2.07327400721528,NUF2,STAT3,LMC,Stat
2265,17,1,3.7187952311286,PLS1,ETS1,MEF,ETS
44,47,1,1.57259468973211,ACY3,SP1,MEF,Zf
611,10,1,-1.33503170309655,COL16A1,E2F4,MEF,E2F
1599,35,0,1.3884595597888,KLHL6,MAX,LMC,bHLH
496,44,0,-1.45528793892123,CDKN3,PBX3,LMC,Homeobox
358,43,1,1.22166358080794,CAMK4,PAX5,MEF,"Paired,Homeobox"
217,53,1,2.41612042798001,ART4,TEAD4,MEF,TEA
2109,7,0,-1.8177228835142,PACSIN3,CTCF,LMC,Zf
1054,55,1,1.1716865224164,FGF18,USF2,MEF,bHLH
2049,60,1,2.14790843949534,NTF3,ZNF263,MEF,Zf
2704,31,0,-1.40649818857836,SLC17A9,IRF4,LMC,IRF
59,56,0,-1.31058200156496,ADAMTS2,YY1,LMC,Zf
716,53,1,2.18312835289798,CYP26B1,TEAD4,MEF,TEA
1031,3,1,-1.24967716659756,FBXL8,BACH1,MEF,bZIP
2542,36,0,-1.54415963122133,RRM2,MAZ,LMC,Zf
3088,32,1,-1.19429551149551,TPX2,JUND,MEF,bZIP
1524,58,1,4.11018143580705,KCNA2,ZEB1,MEF,Zf
1908,6,1,2.83997444516611,MYH14,BHLHE40,MEF,bHLH
280,34,1,-1.11309358236636,BCL2L11,MAFK,MEF,bZIP
2020,32,1,-1.95871154049572,NPAS2,JUND,MEF,bZIP
612,6,1,1.56435807341242,COL18A1,BHLHE40,MEF,bHLH
148,13,0,-1.1924416986184,ANTXR1,EGR1,LMC,Zf
870,51,1,-1.20899941824855,EGLN3,TCF12,MEF,bHLH
259,40,0,1.24295821941063,B3GNT8,MYOG,LMC,bHLH
3026,7,0,1.20604148876069,TMEM180,CTCF,LMC,Zf
541,12,0,2.05129152153981,CHD5,EBF1,LMC,EBF
552,46,0,-1.16553357551869,CHST15,RFX5,LMC,HTH
1359,6,1,-1.85957394798371,HOXA4,BHLHE40,MEF,bHLH
2126,12,0,-1.97498954069546,PARPBP,EBF1,LMC,EBF
339,11,0,2.19194013816375,CACNA1D,E2F6,LMC,E2F
1954,12,1,-6.8574630086637,NCF4,EBF1,MEF,EBF
3018,31,1,-3.1052722091021,TMEM156,IRF4,MEF,IRF
1599,56,0,1.3884595597888,KLHL6,YY1,LMC,Zf
1266,41,1,1.15472693409068,GPRC5C,NANOG,MEF,Homeobox
89,12,1,1.3459422175997,AGBL2,EBF1,MEF,EBF
946,22,1,1.97088631304274,F11,FOXA2,MEF,Forkhead
961,59,0,3.52866722919303,FAIM2,ZKSCAN1,LMC,Zf
2982,59,1,-2.33478354896537,TICRR,ZKSCAN1,MEF,Zf
2793,6,1,1.50122491579436,SNHG12,BHLHE40,MEF,bHLH
247,47,0,1.05206045472128,ATP8A1,SP1,LMC,Zf
1797,13,1,1.83756686745499,MDGA2,EGR1,MEF,Zf
3188,58,1,-1.03239494791136,VASP,ZEB1,MEF,Zf
2629,3,1,-1.19226226684979,SERTAD4,BACH1,MEF,bZIP
1076,50,1,-1.15274787806897,FLNA,STAT3,MEF,Stat
2151,24,0,1.17194993474523,PCED1B,GABPA,LMC,ETS
1607,22,1,-2.10547219866638,KRT19,FOXA2,MEF,Forkhead
3071,7,0,-1.25240005240249,TNNI3K,CTCF,LMC,Zf
2409,15,0,1.19634377115798,RAB11FIP1,ELK1,LMC,ETS
1111,59,0,-1.70231293076838,FRMD5,ZKSCAN1,LMC,Zf
78,25,0,-1.84533616269219,ADM,GATA1,LMC,Zf
2088,8,1,-1.89195409277433,OPN3,CUX1,MEF,Homeobox
2283,36,1,1.24428918025827,PNOC,MAZ,MEF,Zf
1805,41,1,2.53388208972454,MEIG1,NANOG,MEF,Homeobox
1751,53,0,1.2574581791148,MAN1C1,TEAD4,LMC,TEA
2335,53,1,-4.45543419393169,PRKCB,TEAD4,MEF,TEA
876,10,1,1.64352848468001,ELAVL2,E2F4,MEF,E2F
799,59,1,-1.41292210105817,DPCR1,ZKSCAN1,MEF,Zf
1990,1,0,-1.75275991863876,NID1,ATF2,LMC,bZIP
1370,7,1,-1.17663865868771,HOXB8,CTCF,MEF,Zf
2367,6,1,-5.23532988568141,PTAFR,BHLHE40,MEF,bHLH
2823,42,0,-1.74134660350485,SPAG5,NRF1,LMC,NRF
145,25,1,3.29391008431525,ANO1,GATA1,MEF,Zf
2793,50,1,1.50122491579436,SNHG12,STAT3,MEF,Stat
375,9,1,1.03187685516321,CATSPERD,E2F1,MEF,E2F
312,32,0,-1.24733226690575,BRSK1,JUND,LMC,bZIP
2537,2,1,-1.8166341585174,RPS6KA1,ATF3,MEF,bZIP
1980,40,0,2.20010559623641,NFAM1,MYOG,LMC,bHLH
2288,6,1,-1.22235801190337,POLA1,BHLHE40,MEF,bHLH
1094,50,1,1.9671559113756,FOXA3,STAT3,MEF,Stat
2025,24,0,2.53672607490002,NPR1,GABPA,LMC,ETS
2600,8,0,-1.91052332164093,SDPR,CUX1,LMC,Homeobox
2489,55,1,-1.61617060658465,RGMA,USF2,MEF,bHLH
1932,3,0,1.71830105384146,MYRF,BACH1,LMC,bZIP
533,5,1,-2.62957913483468,CFP,BCL11A,MEF,Zf
2157,19,0,2.07544341037937,PCSK1,FOS,LMC,bZIP
150,23,1,-1.50638570003123,ANXA4,FOXM1,MEF,Forkhead
514,51,1,-2.23863783136101,CENPI,TCF12,MEF,bHLH
2018,2,0,2.2590846592963,NOTUM,ATF3,LMC,bZIP
377,54,0,-1.18392674086099,CBS,USF1,LMC,bHLH
2195,1,1,-1.52699493814119,PGAP1,ATF2,MEF,bZIP
975,13,1,1.2401815530898,FAM161B,EGR1,MEF,Zf
588,15,1,-1.16582428310444,CMTM3,ELK1,MEF,ETS
2599,51,0,-1.0351862979675,SDK2,TCF12,LMC,bHLH
1565,58,1,1.32414919836251,KDM6A,ZEB1,MEF,Zf
2439,41,1,-1.16961792333877,RALGPS2,NANOG,MEF,Homeobox
1015,46,0,-1.52207312984893,FANCA,RFX5,LMC,HTH
2891,51,0,-1.17278967136496,STOX2,TCF12,LMC,bHLH
1178,10,1,-1.94275764697771,GEN1,E2F4,MEF,E2F
3065,26,1,-1.67207013939252,TNIK,GATA2,MEF,Zf
1309,53,1,2.21344055112129,HAND2,TEAD4,MEF,TEA
49,7,1,1.42794390523383,ADAM22,CTCF,MEF,Zf
2959,24,0,-1.05619658421394,TEX14,GABPA,LMC,ETS
571,24,1,1.42711232357573,CLEC11A,GABPA,MEF,ETS
2410,56,1,2.80013592404826,RAB11FIP4,YY1,MEF,Zf
2430,47,1,-1.31416017052017,RACGAP1,SP1,MEF,Zf
1151,50,0,1.19537425206693,GAS6,STAT3,LMC,Stat
2809,47,1,-1.34966171690082,SOX11,SP1,MEF,Zf
2353,20,1,-1.6450821104451,PRSS27,FOSL2,MEF,bZIP
2054,8,1,1.67996520029264,NUCB2,CUX1,MEF,Homeobox
504,44,0,2.31604501349068,CEBPA,PBX3,LMC,Homeobox
2126,27,0,-1.97498954069546,PARPBP,GATA3,LMC,Zf
450,46,1,-6.20798443020464,CD52,RFX5,MEF,HTH
245,43,1,1.84360757510223,ATP6V0E2,PAX5,MEF,"Paired,Homeobox"
1967,55,0,-1.16162403843679,NEDD9,USF2,LMC,bHLH
1826,56,0,1.37380557150798,MGST2,YY1,LMC,Zf
3262,50,1,1.04649386544777,ZMYND12,STAT3,MEF,Stat
1491,46,0,-1.13709504347355,ITGA5,RFX5,LMC,HTH
2208,34,1,-2.93900889516941,PIEZO2,MAFK,MEF,bZIP
993,13,1,1.25563473842754,FAM213A,EGR1,MEF,Zf
2159,24,0,-3.02978414023049,PCSK9,GABPA,LMC,ETS
517,56,1,-2.11372772987596,CENPN,YY1,MEF,Zf
761,50,1,2.14213441280121,DKKL1,STAT3,MEF,Stat
1545,43,0,2.30890588691193,KCNJ11,PAX5,LMC,"Paired,Homeobox"
462,23,0,2.47453481074841,CD86,FOXM1,LMC,Forkhead
1643,52,1,-1.38336396197662,LGALS3,TCF3,MEF,HMG
2624,36,1,1.1846224788666,SERPINC1,MAZ,MEF,Zf
2988,43,1,2.47016823813231,TIPARP,PAX5,MEF,"Paired,Homeobox"
402,56,1,-1.55205901784518,CCDC8,YY1,MEF,Zf
1192,51,1,1.31110381344773,GIPC2,TCF12,MEF,bHLH
1327,25,1,1.38122143751388,HFE,GATA1,MEF,Zf
2925,32,0,-1.54761194078495,SYTL4,JUND,LMC,bZIP
763,14,0,2.43770043152872,DLG2,ELF1,LMC,ETS
1337,55,1,1.9967466068813,HIST2H2AC,USF2,MEF,bHLH
876,50,1,1.64352848468001,ELAVL2,STAT3,MEF,Stat
613,3,0,-2.62487820089675,COL19A1,BACH1,LMC,bZIP
3258,54,1,-1.44945424108124,ZFYVE28,USF1,MEF,bHLH
2393,46,1,2.75610602743118,PTPRT,RFX5,MEF,HTH
715,17,1,1.4558525131314,CYP1B1,ETS1,MEF,ETS
2833,60,1,-7.24778929658034,SPI1,ZNF263,MEF,Zf
2468,8,0,1.15511136373488,RBKS,CUX1,LMC,Homeobox
1567,27,1,-2.6418326666532,KIF14,GATA3,MEF,Zf
96,53,1,3.95107920395164,AHR,TEAD4,MEF,TEA
457,15,0,1.872958774821,CD74,ELK1,LMC,ETS
1843,1,0,2.4930456106356,MMP10,ATF2,LMC,bZIP
1171,40,1,-2.0002880318184,GDF10,MYOG,MEF,bHLH
1688,15,1,1.32207445323226,LRCH1,ELK1,MEF,ETS
1197,41,0,-1.47223168263362,GJC1,NANOG,LMC,Homeobox
1833,2,0,1.32676177165072,MITF,ATF3,LMC,bZIP
436,46,1,-4.28405831920854,CD200R1,RFX5,MEF,HTH
3200,29,1,1.1224437930351,VMA21,IRF1,MEF,IRF
2958,13,0,-1.33730980152012,TET1,EGR1,LMC,Zf
2764,25,0,1.80329251657958,SLC9A9,GATA1,LMC,Zf
2408,54,0,-1.23672453135472,QSOX1,USF1,LMC,bHLH
1217,33,1,-1.68453986158092,GNG3,MAFF,MEF,bZIP
1633,53,0,2.95929294357475,LCTL,TEAD4,LMC,TEA
174,16,1,-1.66046329637405,ARAP1,ELK4,MEF,ETS
761,58,1,2.14213441280121,DKKL1,ZEB1,MEF,Zf
1707,56,0,-1.03571775424831,LRRC8E,YY1,LMC,Zf
1347,11,0,-2.04350465931052,HMMR,E2F6,LMC,E2F
1434,55,1,1.1634846475528,IKZF4,USF2,MEF,bHLH
1383,11,1,1.98625429983897,HPCAL4,E2F6,MEF,E2F
116,30,1,1.26327774022441,ALOX5,IRF3,MEF,IRF
559,35,1,1.50331356600909,CILP2,MAX,MEF,bHLH
1564,47,1,-8.80720381763035,KDM5D,SP1,MEF,Zf
3161,3,0,1.11374092396893,UBE2L6,BACH1,LMC,bZIP
2332,15,1,-1.39027810102326,PRIM1,ELK1,MEF,ETS
1781,22,1,-1.91399422387466,MBP,FOXA2,MEF,Forkhead
2121,23,1,-1.20233983969651,PAQR4,FOXM1,MEF,Forkhead
2465,45,1,2.68684664872069,RASSF9,PRDM1,MEF,Zf
499,3,1,-1.23012109848202,CDR2L,BACH1,MEF,bZIP
2827,21,1,-2.00049292395943,SPC24,FOXA1,MEF,Forkhead
820,0,0,-2.00476332232204,DTX1,ATF1,LMC,bZIP
3257,12,0,1.0511478044441,ZFPM1,EBF1,LMC,EBF
351,56,1,3.43618473851565,CADM4,YY1,MEF,Zf
2833,32,0,2.04473439363982,SPI1,JUND,LMC,bZIP
2233,46,1,-5.66207559589651,PLAC8,RFX5,MEF,HTH
315,33,0,-1.15304342329628,BTBD3,MAFF,LMC,bZIP
1219,8,1,-2.16856191000515,GNGT2,CUX1,MEF,Homeobox
378,6,1,-1.32292123294692,CBX2,BHLHE40,MEF,bHLH
3140,36,1,1.19302058797499,TTLL9,MAZ,MEF,Zf
2291,22,1,-1.99697349643266,POLE2,FOXA2,MEF,Forkhead
645,19,0,2.6611503079023,CRABP2,FOS,LMC,bZIP
1951,29,0,1.45744396290933,NCEH1,IRF1,LMC,IRF
211,50,0,1.53336216995019,ARRB2,STAT3,LMC,Stat
207,36,0,1.48293126728295,ARL4D,MAZ,LMC,Zf
2693,57,0,1.05954413123607,SLC16A1,ZBTB33,LMC,Zf
1873,14,1,1.98980620104011,MREG,ELF1,MEF,ETS
2159,60,0,-3.02978414023049,PCSK9,ZNF263,LMC,Zf
1905,20,1,3.54503860572422,MYCT1,FOSL2,MEF,bZIP
1433,29,0,2.2742790510339,IKZF1,IRF1,LMC,IRF
213,50,1,-1.08500643822329,ARSB,STAT3,MEF,Stat
1913,14,0,1.12680224428471,MYLIP,ELF1,LMC,ETS
2176,12,0,-1.16710948810265,PDGFRL,EBF1,LMC,EBF
1693,8,1,-4.99758855508105,LRMP,CUX1,MEF,Homeobox
206,40,1,-1.14830380637034,ARL4C,MYOG,MEF,bHLH
2630,36,0,-1.44351784351916,SETBP1,MAZ,LMC,Zf
1075,49,1,-1.51378545844316,FLI1,STAT1,MEF,Stat
2949,34,1,2.12144077789538,TCFL5,MAFK,MEF,bZIP
1483,10,1,3.94106943745911,ISL1,E2F4,MEF,E2F
1780,42,0,-1.10292671378567,MBOAT2,NRF1,LMC,NRF
2512,19,1,4.27800513359514,RNASE1,FOS,MEF,bZIP
565,57,1,-1.20092685026686,CKS1B,ZBTB33,MEF,Zf
2716,5,1,-1.50394993507876,SLC25A45,BCL11A,MEF,Zf
2039,54,1,2.21571660499316,NRN1,USF1,MEF,bHLH
1199,2,0,1.2217073878264,GLA,ATF3,LMC,bZIP
2636,44,0,-1.39174609130552,SGCD,PBX3,LMC,Homeobox
3236,56,0,1.14579429923485,WWP1,YY1,LMC,Zf
793,42,0,1.69679601354477,DOCK10,NRF1,LMC,NRF
2562,50,0,2.55977662816013,S100A8,STAT3,LMC,Stat
2677,12,0,-1.27927448448625,SKA3,EBF1,LMC,EBF
611,12,1,-1.33503170309655,COL16A1,EBF1,MEF,EBF
2452,24,0,1.99174899636394,RASAL3,GABPA,LMC,ETS
2245,59,1,1.39513960986858,PLEK2,ZKSCAN1,MEF,Zf
1569,25,0,-1.70112877149519,KIF18B,GATA1,LMC,Zf
2308,12,1,1.37041742724006,PPFIBP2,EBF1,MEF,EBF
3080,3,1,-2.21168633606889,TOX2,BACH1,MEF,bZIP
243,1,1,-2.54697153283453,ATP6V0A4,ATF2,MEF,bZIP
599,18,0,1.79219841084141,CNR2,FLI1,LMC,ETS
1255,55,1,-1.33696017359518,GPR35,USF2,MEF,bHLH
94,20,0,1.1446893045572,AHCYL2,FOSL2,LMC,bZIP
2411,22,1,3.97424188749577,RAB17,FOXA2,MEF,Forkhead
1458,46,1,1.93262111717397,IL7,RFX5,MEF,HTH
138,43,0,-2.36033516397192,ANKLE1,PAX5,LMC,"Paired,Homeobox"
2718,59,0,-1.30847044035983,SLC26A10,ZKSCAN1,LMC,Zf
1953,51,1,-6.35980245271941,NCF2,TCF12,MEF,bHLH
1762,29,0,1.08923612818634,MAP3K8,IRF1,LMC,IRF
575,36,1,-1.29471487975706,CLEC2L,MAZ,MEF,Zf
2913,55,1,1.74643857506266,SYNGR3,USF2,MEF,bHLH
436,47,0,2.17372921487108,CD200R1,SP1,LMC,Zf
2292,29,1,-1.55535313200542,POLQ,IRF1,MEF,IRF
2101,27,1,1.9803470891141,P2RY10,GATA3,MEF,Zf
85,46,0,1.31865403432304,ADSSL1,RFX5,LMC,HTH
2246,46,1,-1.88722307582379,PLEKHA2,RFX5,MEF,HTH
1104,53,0,-2.14758838833704,FOXP2,TEAD4,LMC,TEA
740,7,1,1.84313335272908,DDO,CTCF,MEF,Zf
1474,35,1,1.58552456677636,IQUB,MAX,MEF,bHLH
3058,60,1,-2.98966494538782,TNFRSF11A,ZNF263,MEF,Zf
1271,27,0,-2.17760740452674,GRAMD2,GATA3,LMC,Zf
1990,43,1,-2.08969235613197,NID1,PAX5,MEF,"Paired,Homeobox"
2031,53,1,1.6603360818878,NQO1,TEAD4,MEF,TEA
1255,53,1,-1.33696017359518,GPR35,TEAD4,MEF,TEA
44,54,1,1.57259468973211,ACY3,USF1,MEF,bHLH
1680,23,0,-2.52137855759845,LOXL4,FOXM1,LMC,Forkhead
30,7,1,-1.68969657731149,ACOT4,CTCF,MEF,Zf
1651,36,1,-2.28123871508051,LHX6,MAZ,MEF,Zf
2100,8,1,-2.24121421422867,P2RX7,CUX1,MEF,Homeobox
2645,8,1,-1.75248494391244,SH2D4B,CUX1,MEF,Homeobox
960,36,1,-1.35055647048614,FAH,MAZ,MEF,Zf
1789,58,1,-2.01469923560463,MCM3,ZEB1,MEF,Zf
1215,50,0,-1.04714678478155,GNG10,STAT3,LMC,Stat
1414,0,1,-1.58572532358793,IFITM1,ATF1,MEF,bZIP
1763,8,1,-1.12485764033093,MAP4K1,CUX1,MEF,Homeobox
2694,33,0,1.20649329449766,SLC16A10,MAFF,LMC,bZIP
2904,11,1,1.50654859946233,SV2B,E2F6,MEF,E2F
2733,49,0,-1.7704915464473,SLC35F1,STAT1,LMC,Stat
2868,20,1,-6.62493723827475,STAB1,FOSL2,MEF,bZIP
3008,54,0,1.79119876528083,TMEM108,USF1,LMC,bHLH
675,51,1,1.81665941367866,CST3,TCF12,MEF,bHLH
2504,58,0,1.89206647016594,RHOV,ZEB1,LMC,Zf
369,7,0,2.01929928327942,CASP1,CTCF,LMC,Zf
3203,29,1,-1.49832154904173,VSIG10L,IRF1,MEF,IRF
1820,2,0,1.56261648232915,MFSD12,ATF3,LMC,bZIP
1192,1,1,1.31110381344773,GIPC2,ATF2,MEF,bZIP
339,6,0,2.19194013816375,CACNA1D,BHLHE40,LMC,bHLH
2422,21,1,2.12952005907301,RAB39B,FOXA1,MEF,Forkhead
2321,33,0,-2.17480430128255,PPP4R4,MAFF,LMC,bZIP
2213,7,1,-6.19261489591651,PIK3CG,CTCF,MEF,Zf
1214,17,1,1.14691349426281,GNAL,ETS1,MEF,ETS
2513,19,1,-2.52548059217856,RNASE10,FOS,MEF,bZIP
423,9,0,-1.26956236728047,CCNE1,E2F1,LMC,E2F
2472,58,0,2.18050992784048,RBM47,ZEB1,LMC,Zf
596,49,0,-1.48625142423347,CNN2,STAT1,LMC,Stat
99,2,1,1.03519575636956,AIG1,ATF3,MEF,bZIP
927,35,0,2.855110586397,ESYT3,MAX,LMC,bHLH
179,6,1,-2.85824699164267,ARHGAP15,BHLHE40,MEF,bHLH
914,53,1,-3.88489412042666,EPSTI1,TEAD4,MEF,TEA
1782,35,1,2.17073003136594,MC4R,MAX,MEF,bHLH
232,3,0,-2.12556806125941,ASTN2,BACH1,LMC,bZIP
2283,35,0,4.41887575232033,PNOC,MAX,LMC,bHLH
1209,5,1,-2.87322861539706,GMFG,BCL11A,MEF,Zf
1578,47,1,-2.99731913601115,KIF2C,SP1,MEF,Zf
2830,35,0,1.75535674803708,SPEF2,MAX,LMC,bHLH
3110,60,0,-2.42438042274599,TRIM71,ZNF263,LMC,Zf
872,49,1,-2.19954164792105,EGR2,STAT1,MEF,Stat
1600,34,1,1.56969787708839,KLHL8,MAFK,MEF,bZIP
313,47,0,1.25843048968999,BST2,SP1,LMC,Zf
957,36,0,-1.29344841963756,FADS2,MAZ,LMC,Zf
1404,5,0,1.68309567683188,HTR2B,BCL11A,LMC,Zf
2139,21,0,-1.66108878791863,PCDH20,FOXA1,LMC,Forkhead
2118,3,1,2.04572925803728,PANX2,BACH1,MEF,bZIP
2057,59,1,-2.89490675475079,NUF2,ZKSCAN1,MEF,Zf
251,27,0,-1.43327827973312,AURKA,GATA3,LMC,Zf
1096,35,1,1.41335220878963,FOXC2,MAX,MEF,bHLH
235,0,0,-1.029209618599,ATG16L2,ATF1,LMC,bZIP
468,56,1,-1.37167653448339,CDC42EP2,YY1,MEF,Zf
1880,36,0,-1.17965368158031,MSI1,MAZ,LMC,Zf
1671,4,1,-4.97271807661149,LMO2,BATF,MEF,bZIP
3082,51,0,-1.88460532764586,TPBG,TCF12,LMC,bHLH
384,6,0,-1.17409117648331,CCDC116,BHLHE40,LMC,bHLH
1552,56,0,-1.45568805172852,KCNK2,YY1,LMC,Zf
269,7,0,1.22408697177346,BAMBI,CTCF,LMC,Zf
1517,51,0,3.90753999973417,JSRP1,TCF12,LMC,bHLH
921,11,1,-2.39917654570674,ESCO2,E2F6,MEF,E2F
836,25,1,-2.76164814143304,E2F8,GATA1,MEF,Zf
198,35,1,-3.3044652172803,ARHGEF39,MAX,MEF,bHLH
761,51,0,1.96332947809018,DKKL1,TCF12,LMC,bHLH
808,14,1,2.35644225333158,DPYD,ELF1,MEF,ETS
1002,58,0,-1.07799221381173,FAM57A,ZEB1,LMC,Zf
897,6,0,2.02877616898271,ENPP2,BHLHE40,LMC,bHLH
641,11,1,1.28498306362542,CPOX,E2F6,MEF,E2F
488,54,1,-1.53660217902945,CDK1,USF1,MEF,bHLH
1866,23,1,-8.9216503126328,MPEG1,FOXM1,MEF,Forkhead
2282,36,0,-1.6017228521219,PNMAL2,MAZ,LMC,Zf
1576,10,0,-1.07875775488282,KIF26B,E2F4,LMC,E2F
3000,25,0,2.281316453721,TLR9,GATA1,LMC,Zf
16,44,1,-2.05030147335999,ABHD15,PBX3,MEF,Homeobox
2487,47,1,-1.15876159891288,RFTN1,SP1,MEF,Zf
2704,36,0,-1.40649818857836,SLC17A9,MAZ,LMC,Zf
2677,12,1,-1.57464291830555,SKA3,EBF1,MEF,EBF
993,25,1,1.25563473842754,FAM213A,GATA1,MEF,Zf
59,40,0,-1.31058200156496,ADAMTS2,MYOG,LMC,bHLH
2422,55,0,-1.51618596364457,RAB39B,USF2,LMC,bHLH
1745,36,0,2.6302950683987,MAK,MAZ,LMC,Zf
998,7,1,-1.63086707931467,FAM46B,CTCF,MEF,Zf
2185,7,1,-1.72243686447564,PEG10,CTCF,MEF,Zf
2647,15,0,-2.39187793851691,SH3BGR,ELK1,LMC,ETS
1396,52,0,-1.54852751807933,HSPA12A,TCF3,LMC,HMG
1011,32,0,-1.74555332545619,FAM83D,JUND,LMC,bZIP
2478,13,0,-1.05749006064145,RCN1,EGR1,LMC,Zf
1799,53,1,1.44731947095315,MECOM,TEAD4,MEF,TEA
7,35,1,1.0734799280097,ABCA4,MAX,MEF,bHLH
2433,30,1,-1.42510897946263,RAD51B,IRF3,MEF,IRF
2549,35,0,-2.05581505638442,RTKN2,MAX,LMC,bHLH
1694,46,1,3.89825776680161,LRP1B,RFX5,MEF,HTH
3054,50,1,-1.80788843123482,TNFAIP6,STAT3,MEF,Stat
419,16,1,-1.01212708968367,CCM2,ELK4,MEF,ETS
265,56,0,-1.12473692026766,BAG2,YY1,LMC,Zf
2913,36,1,1.74643857506266,SYNGR3,MAZ,MEF,Zf
1498,11,1,-1.26046363648136,ITGB3,E2F6,MEF,E2F
1548,2,1,1.21210070568133,KCNJ4,ATF3,MEF,bZIP
1030,36,0,-1.14837498921855,FBXL7,MAZ,LMC,Zf
529,33,1,1.21345195946999,CETN2,MAFF,MEF,bZIP
1573,29,1,-1.71237492328591,KIF22,IRF1,MEF,IRF
1332,25,1,-1.80828432123008,HIC1,GATA1,MEF,Zf
2801,52,0,-2.17679837825356,SOBP,TCF3,LMC,HMG
1106,14,1,4.1494915530194,FOXQ1,ELF1,MEF,ETS
692,56,1,1.88130965188566,CTTNBP2,YY1,MEF,Zf
1837,0,1,-1.1738204709846,MLF1,ATF1,MEF,bZIP
885,53,1,-2.33876283152591,EME1,TEAD4,MEF,TEA
1530,47,1,-1.78300388098409,KCNAB2,SP1,MEF,Zf
3237,27,0,1.81714224773345,XDH,GATA3,LMC,Zf
215,10,0,-1.36158889535435,ARSJ,E2F4,LMC,E2F
1349,48,1,-1.13007346811403,HN1,SP2,MEF,Zf
3024,32,1,1.84253578595339,TMEM176B,JUND,MEF,bZIP
585,36,0,1.67296122995437,CLU,MAZ,LMC,Zf
2270,50,0,1.49305765456438,PLXDC1,STAT3,LMC,Stat
48,40,1,-1.94422025009557,ADAM19,MYOG,MEF,bHLH
2732,2,1,1.30662937679401,SLC33A1,ATF3,MEF,bZIP
2472,35,0,2.18050992784048,RBM47,MAX,LMC,bHLH
2339,6,0,1.32329493770163,PROCR,BHLHE40,LMC,bHLH
2378,14,0,1.53215201360364,PTK2B,ELF1,LMC,ETS
862,50,1,2.84569659738805,EFNA1,STAT3,MEF,Stat
3133,21,1,2.32342847283581,TTC18,FOXA1,MEF,Forkhead
1682,33,1,-2.74353016291485,LPAR5,MAFF,MEF,bZIP
2544,50,1,1.30997366918409,RSPH1,STAT3,MEF,Stat
1787,6,1,-2.53275926001282,MCM10,BHLHE40,MEF,bHLH
512,25,0,-2.24187763995752,CENPF,GATA1,LMC,Zf
2462,17,0,1.1221546547737,RASSF2,ETS1,LMC,ETS
1880,3,0,-1.17965368158031,MSI1,BACH1,LMC,bZIP
2645,12,1,-1.75248494391244,SH2D4B,EBF1,MEF,EBF
1237,46,0,-1.09288268752416,GPR125,RFX5,LMC,HTH
2457,3,0,1.83917249657062,RASGRF2,BACH1,LMC,bZIP
1717,37,0,-1.25931102077003,LSP1,MEF2A,LMC,MADS
2472,17,0,2.18050992784048,RBM47,ETS1,LMC,ETS
992,5,1,1.00646228397572,FAM212B,BCL11A,MEF,Zf
1399,60,0,1.22127784545729,HSPB1,ZNF263,LMC,Zf
2129,13,1,1.79587034482107,PAX1,EGR1,MEF,Zf
175,14,0,1.14913751880714,ARAP2,ELF1,LMC,ETS
3085,14,1,-1.46134327408536,TPM2,ELF1,MEF,ETS
109,32,1,4.06136839444615,ALDH1A1,JUND,MEF,bZIP
3073,3,0,-1.41293644589168,TNNT3,BACH1,LMC,bZIP
1614,59,1,-1.61904378831684,LAG3,ZKSCAN1,MEF,Zf
985,51,1,1.75797209689361,FAM196A,TCF12,MEF,bHLH
1327,13,1,1.38122143751388,HFE,EGR1,MEF,Zf
3058,49,1,-2.98966494538782,TNFRSF11A,STAT1,MEF,Stat
1589,3,1,1.54085480516955,KLF15,BACH1,MEF,bZIP
3114,58,1,-3.24269386734528,TROAP,ZEB1,MEF,Zf
1879,35,0,2.49984910075279,MS4A7,MAX,LMC,bHLH
2933,13,1,-1.95592310103042,TAGLN2,EGR1,MEF,Zf
1272,17,1,-1.64322072858882,GRAP,ETS1,MEF,ETS
3171,0,0,1.98466934184386,UNC13D,ATF1,LMC,bZIP
829,14,1,-1.58068661283393,DUT,ELF1,MEF,ETS
2646,55,0,2.15271627243018,SH2D5,USF2,LMC,bHLH
3027,23,0,2.0194569382354,TMEM184A,FOXM1,LMC,Forkhead
154,60,1,-3.49926529067174,AOC3,ZNF263,MEF,Zf
648,26,1,1.09296402967198,CREBL2,GATA2,MEF,Zf
1346,20,0,1.85192391244381,HMHA1,FOSL2,LMC,bZIP
3006,59,0,-1.06419111424311,TMEFF2,ZKSCAN1,LMC,Zf
462,23,0,2.47453481074841,CD86,FOXM1,LMC,Forkhead
873,35,0,2.31733348486408,EGR3,MAX,LMC,bHLH
1152,7,1,-1.12134620854754,GAS7,CTCF,MEF,Zf
857,46,1,1.30242094322822,EFCAB2,RFX5,MEF,HTH
1730,8,0,2.2809729198419,LYL1,CUX1,LMC,Homeobox
180,51,1,-2.24495787061516,ARHGAP18,TCF12,MEF,bHLH
3198,50,1,-1.00276680000766,VIPR1,STAT3,MEF,Stat
472,7,1,-1.16198535397929,CDC7,CTCF,MEF,Zf
1138,40,0,1.17692252323497,GALC,MYOG,LMC,bHLH
1154,14,1,1.83281518322755,GATA3,ELF1,MEF,ETS
767,50,1,2.50105789905647,DLX1,STAT3,MEF,Stat
2969,36,1,-1.15543613683925,TGFB1I1,MAZ,MEF,Zf
2462,12,0,1.1221546547737,RASSF2,EBF1,LMC,EBF
680,11,0,-3.33735382896949,CTNNA2,E2F6,LMC,E2F
1333,47,1,2.04875300166275,HID1,SP1,MEF,Zf
3245,40,0,1.10045337922545,YPEL2,MYOG,LMC,bHLH
2725,2,0,1.14130727579286,SLC2A13,ATF3,LMC,bZIP
1298,52,0,1.79871714318156,GSTA4,TCF3,LMC,HMG
245,51,1,1.84360757510223,ATP6V0E2,TCF12,MEF,bHLH
3190,26,0,2.29387863105191,VAV1,GATA2,LMC,Zf
2502,3,0,-1.53561175560559,RHOF,BACH1,LMC,bZIP
85,20,0,1.31865403432304,ADSSL1,FOSL2,LMC,bZIP
1521,5,0,1.12300192662692,KAZN,BCL11A,LMC,Zf
1178,56,0,-1.42420978182455,GEN1,YY1,LMC,Zf
1818,53,1,-2.18350468371275,MFAP5,TEAD4,MEF,TEA
491,58,0,-1.18831365543526,CDK5R1,ZEB1,LMC,Zf
2518,12,0,1.12192132751903,RNF144B,EBF1,LMC,EBF
1489,22,1,2.99099163510034,ITGA2,FOXA2,MEF,Forkhead
2613,26,1,2.03597997477726,SEMA4F,GATA2,MEF,Zf
1891,49,0,-1.28051428954918,MTHFD1L,STAT1,LMC,Stat
499,2,1,-1.23012109848202,CDR2L,ATF3,MEF,bZIP
1,7,1,1.17403180056416,A4GALT,CTCF,MEF,Zf
2536,8,1,4.09881469049758,RPS27,CUX1,MEF,Homeobox
1462,40,1,2.07818258031835,INA,MYOG,MEF,bHLH
1162,57,1,1.53185787847727,GCA,ZBTB33,MEF,Zf
1867,40,1,-2.11299464754145,MPPED2,MYOG,MEF,bHLH
1075,35,0,1.70639394167543,FLI1,MAX,LMC,bHLH
1483,11,1,3.94106943745911,ISL1,E2F6,MEF,E2F
2878,55,1,1.74008612565545,STC2,USF2,MEF,bHLH
273,32,1,1.25563358471686,BBS4,JUND,MEF,bZIP
1499,32,0,1.62077196013722,ITGB4,JUND,LMC,bZIP
1466,33,1,-6.8335510393848,INPP5D,MAFF,MEF,bZIP
582,55,0,1.38792844422219,CLN3,USF2,LMC,bHLH
108,42,1,1.07862740724675,ALCAM,NRF1,MEF,NRF
181,17,1,-2.885756251564,ARHGAP19,ETS1,MEF,ETS
1458,35,1,1.93262111717397,IL7,MAX,MEF,bHLH
1176,53,0,1.92894280258108,GDPD2,TEAD4,LMC,TEA
1151,53,0,1.19537425206693,GAS6,TEAD4,LMC,TEA
1547,50,1,-2.2178575491642,KCNJ2,STAT3,MEF,Stat
668,12,0,-1.50985095745356,CSMD3,EBF1,LMC,EBF
412,19,1,-1.37083219051155,CCL2,FOS,MEF,bZIP
370,55,0,1.41914301474303,CASP4,USF2,LMC,bHLH
3163,6,0,2.11154611974576,UBXN10,BHLHE40,LMC,bHLH
2117,7,0,1.56486422796894,PAMR1,CTCF,LMC,Zf
669,32,1,1.18061826553094,CSN3,JUND,MEF,bZIP
999,35,0,1.1663991918586,FAM46C,MAX,LMC,bHLH
1085,24,0,-1.00872789713166,FN1,GABPA,LMC,ETS
1970,50,1,-2.2655962110482,NEK2,STAT3,MEF,Stat
1921,44,0,1.02112335467141,MYO1D,PBX3,LMC,Homeobox
2381,59,0,-1.02574330835592,PTPLA,ZKSCAN1,LMC,Zf
2345,27,0,2.28776017045123,PRR15L,GATA3,LMC,Zf
1078,10,1,1.79466757101752,FLRT3,E2F4,MEF,E2F
1591,46,1,1.24681343695408,KLF9,RFX5,MEF,HTH
2746,32,1,-2.01702441602196,SLC43A3,JUND,MEF,bZIP
2205,51,1,1.19166827866803,PHOSPHO1,TCF12,MEF,bHLH
2409,14,0,1.19634377115798,RAB11FIP1,ELF1,LMC,ETS
3146,15,1,-1.18146208962361,TUBA1C,ELK1,MEF,ETS
1233,3,0,2.16411160898218,GPNMB,BACH1,LMC,bZIP
835,29,1,-1.74413387692825,E2F7,IRF1,MEF,IRF
1499,24,0,1.62077196013722,ITGB4,GABPA,LMC,ETS
2472,51,0,2.18050992784048,RBM47,TCF12,LMC,bHLH
257,35,0,-1.68555652052455,B3GNT5,MAX,LMC,bHLH
1591,34,1,1.24681343695408,KLF9,MAFK,MEF,bZIP
467,27,1,-2.86453905767912,CDC25C,GATA3,MEF,Zf
166,0,0,2.42773779515112,APOC1,ATF1,LMC,bZIP
1752,50,1,-1.28798152001015,MAN2A1,STAT3,MEF,Stat
1164,54,1,3.04067722262109,GCHFR,USF1,MEF,bHLH
1268,11,0,-1.16679590504113,GPSM1,E2F6,LMC,E2F
212,59,1,1.23030270494439,ARRDC3,ZKSCAN1,MEF,Zf
591,29,1,-1.3326909212293,CNDP2,IRF1,MEF,IRF
1671,29,0,1.82998282524865,LMO2,IRF1,LMC,IRF
1515,46,0,1.23303869843737,JPH1,RFX5,LMC,HTH
169,34,0,2.87784053099309,APOE,MAFK,LMC,bZIP
2102,50,0,2.07252283070865,P2RY12,STAT3,LMC,Stat
2933,33,1,-1.95592310103042,TAGLN2,MAFF,MEF,bZIP
1524,49,1,4.11018143580705,KCNA2,STAT1,MEF,Stat
1010,55,1,1.09840395942364,FAM83C,USF2,MEF,bHLH
871,60,0,1.23036636468725,EGR1,ZNF263,LMC,Zf
1467,25,1,-2.66958500533165,INPP5J,GATA1,MEF,Zf
43,3,0,-1.04222778985069,ACY1,BACH1,LMC,bZIP
193,27,0,-1.79527713898907,ARHGEF19,GATA3,LMC,Zf
2213,25,0,1.87203016124587,PIK3CG,GATA1,LMC,Zf
1398,36,1,1.08451053955341,HSPA4L,MAZ,MEF,Zf
67,59,1,-3.9511164464879,ADAP1,ZKSCAN1,MEF,Zf
474,15,0,-1.32494426025513,CDCA3,ELK1,LMC,ETS
3069,23,0,3.12334119411955,TNNI2,FOXM1,LMC,Forkhead
275,36,1,2.00489501099902,BCAR3,MAZ,MEF,Zf
215,50,0,-1.36158889535435,ARSJ,STAT3,LMC,Stat
2010,32,1,-1.20623734785195,NNMT,JUND,MEF,bZIP
1212,58,1,-1.13743705734074,GNA15,ZEB1,MEF,Zf
998,55,1,-1.63086707931467,FAM46B,USF2,MEF,bHLH
2929,54,0,-1.14419748841923,TACC3,USF1,LMC,bHLH
415,24,0,2.20264984010937,CCL4,GABPA,LMC,ETS
715,13,1,1.4558525131314,CYP1B1,EGR1,MEF,Zf
2365,10,0,1.68072424225585,PSMB8,E2F4,LMC,E2F
1338,34,0,1.37703027394907,HIVEP3,MAFK,LMC,bZIP
2815,53,0,1.37221217618403,SP100,TEAD4,LMC,TEA
448,43,1,-7.07768607115533,CD37,PAX5,MEF,"Paired,Homeobox"
2911,13,1,-2.18064992479713,SYNE2,EGR1,MEF,Zf
1402,7,0,1.76983656065279,HSPB7,CTCF,LMC,Zf
1775,33,1,-1.0848607122183,MASTL,MAFF,MEF,bZIP
2348,25,1,2.77475820974343,PRRT1,GATA1,MEF,Zf
827,33,0,1.31630430034092,DUSP6,MAFF,LMC,bZIP
1361,55,0,-2.019109627983,HOXA6,USF2,LMC,bHLH
2141,35,1,1.31004764766511,PCDHA2,MAX,MEF,bHLH
656,53,1,1.25395855551056,CRLF1,TEAD4,MEF,TEA
604,51,1,2.26907153817608,CNTNAP3,TCF12,MEF,bHLH
2461,19,0,-2.74372278421634,RASL12,FOS,LMC,bZIP
1828,53,0,1.49280612326672,MICALCL,TEAD4,LMC,TEA
2975,26,0,-1.10337016351696,THBS1,GATA2,LMC,Zf
2095,17,0,-4.06327887175194,OSR2,ETS1,LMC,ETS
1665,39,1,-1.09066040559918,LIPA,MYB,MEF,HTH
2692,7,1,-5.35420024219679,SLC15A3,CTCF,MEF,Zf
1593,51,1,1.59519374580969,KLHDC8A,TCF12,MEF,bHLH
720,29,1,1.4721106127836,CYSTM1,IRF1,MEF,IRF
49,37,1,1.42794390523383,ADAM22,MEF2A,MEF,MADS
652,8,0,1.38975973373905,CRIP1,CUX1,LMC,Homeobox
3137,3,0,-1.54688616829487,TTK,BACH1,LMC,bZIP
1101,14,1,-1.94513685071821,FOXM1,ELF1,MEF,ETS
649,17,0,1.77230520694,CREG1,ETS1,LMC,ETS
2526,55,1,1.94027712823424,RNF43,USF2,MEF,bHLH
2726,7,0,1.94893923934692,SLC2A3,CTCF,LMC,Zf
2982,7,0,-1.48427698650404,TICRR,CTCF,LMC,Zf
2422,58,0,-1.51618596364457,RAB39B,ZEB1,LMC,Zf
1869,35,0,2.08806184820025,MPZL2,MAX,LMC,bHLH
1954,43,1,-6.8574630086637,NCF4,PAX5,MEF,"Paired,Homeobox"
2308,35,0,1.4764173769232,PPFIBP2,MAX,LMC,bHLH
2439,19,1,-1.16961792333877,RALGPS2,FOS,MEF,bZIP
856,7,1,-2.04131188836448,EFCAB11,CTCF,MEF,Zf
1401,21,1,1.38533707225827,HSPB6,FOXA1,MEF,Forkhead
1160,19,1,1.50128059051709,GBP6,FOS,MEF,bZIP
162,46,1,3.09879900129464,APLN,RFX5,MEF,HTH
1266,43,1,1.15472693409068,GPRC5C,PAX5,MEF,"Paired,Homeobox"
2061,19,1,-2.58080923652457,NUSAP1,FOS,MEF,bZIP
66,51,0,-4.62245643560682,ADAMTSL3,TCF12,LMC,bHLH
909,27,0,-1.00616267624316,EPHB3,GATA3,LMC,Zf
649,36,1,-1.06162525000248,CREG1,MAZ,MEF,Zf
793,5,0,1.69679601354477,DOCK10,BCL11A,LMC,Zf
1816,43,1,-1.32991077332201,MEX3D,PAX5,MEF,"Paired,Homeobox"
2939,40,1,2.29904675934665,TBX2,MYOG,MEF,bHLH
128,47,0,1.1151143351714,AMIGO2,SP1,LMC,Zf
1240,55,1,1.54315789604289,GPR137C,USF2,MEF,bHLH
1420,10,1,-1.15452140562588,IGF2BP2,E2F4,MEF,E2F
1578,9,0,-2.1700677220651,KIF2C,E2F1,LMC,E2F
3221,60,1,1.62522362139339,WIPF3,ZNF263,MEF,Zf
2867,42,0,1.85982327350458,ST8SIA4,NRF1,LMC,NRF
2027,34,1,-2.04766080988131,NPTX1,MAFK,MEF,bZIP
2881,6,0,-1.25513412167103,STIL,BHLHE40,LMC,bHLH
2059,14,1,-1.39551638307531,NUP210L,ELF1,MEF,ETS
2011,36,0,1.14637806348536,NOD1,MAZ,LMC,Zf
423,17,1,-1.02075811413919,CCNE1,ETS1,MEF,ETS
1803,54,0,2.62997863152481,MEGF6,USF1,LMC,bHLH
1255,34,1,-1.33696017359518,GPR35,MAFK,MEF,bZIP
1144,32,1,1.64197292611699,GALNT5,JUND,MEF,bZIP
22,54,0,-3.51154170973474,ACAN,USF1,LMC,bHLH
2142,27,1,1.95301295826187,PCDHB14,GATA3,MEF,Zf
1728,57,1,-4.94880148210494,LY86,ZBTB33,MEF,Zf
2265,23,1,3.7187952311286,PLS1,FOXM1,MEF,Forkhead
1676,51,1,1.64106187810792,LONRF2,TCF12,MEF,bHLH
923,47,1,-3.28974579740746,ESPL1,SP1,MEF,Zf
2540,48,1,2.25659279898351,RRAGB,SP2,MEF,Zf
3150,15,1,-1.30229002037898,TUBB6,ELK1,MEF,ETS
2418,32,0,-1.00063840189489,RAB30,JUND,LMC,bZIP
1887,34,1,3.01201921354902,MSX1,MAFK,MEF,bZIP
320,17,1,-3.21931037821547,BUB1,ETS1,MEF,ETS
2012,49,1,2.32640773297415,NOG,STAT1,MEF,Stat
2369,6,1,3.41152445883898,PTCHD2,BHLHE40,MEF,bHLH
1111,43,0,-1.70231293076838,FRMD5,PAX5,LMC,"Paired,Homeobox"
1065,51,1,-1.57977683346688,FHL2,TCF12,MEF,bHLH
1178,36,1,-1.94275764697771,GEN1,MAZ,MEF,Zf
2292,15,1,-1.55535313200542,POLQ,ELK1,MEF,ETS
2010,7,1,-1.20623734785195,NNMT,CTCF,MEF,Zf
1165,24,1,1.90052374476274,GCLC,GABPA,MEF,ETS
474,22,1,-2.01749036502043,CDCA3,FOXA2,MEF,Forkhead
2874,26,1,2.56870879486563,STARD10,GATA2,MEF,Zf
2514,60,1,-1.74471386833564,RNASEL,ZNF263,MEF,Zf
2815,57,0,1.37221217618403,SP100,ZBTB33,LMC,Zf
701,34,1,2.79451703457795,CXCL14,MAFK,MEF,bZIP
1275,35,1,-1.13562918187653,GRB14,MAX,MEF,bHLH
2502,40,0,-1.53561175560559,RHOF,MYOG,LMC,bHLH
1692,29,1,-1.07379520947069,LRIG1,IRF1,MEF,IRF
1604,19,1,-2.53686917064916,KNSTRN,FOS,MEF,bZIP
2048,35,0,1.64352835104118,NT5E,MAX,LMC,bHLH
2375,6,1,-1.54785588948123,PTGIR,BHLHE40,MEF,bHLH
3159,13,1,-1.17765017471385,UBASH3B,EGR1,MEF,Zf
1758,58,0,-2.57018479728734,MAP2,ZEB1,LMC,Zf
420,42,1,-2.27382926630875,CCNA2,NRF1,MEF,NRF
1447,46,0,2.0208802638206,IL1A,RFX5,LMC,HTH
2605,13,1,-5.12463925075724,SELPLG,EGR1,MEF,Zf
2867,35,0,1.85982327350458,ST8SIA4,MAX,LMC,bHLH
1634,35,1,-1.64893080198013,LDB2,MAX,MEF,bHLH
3110,34,0,-2.42438042274599,TRIM71,MAFK,LMC,bZIP
2792,13,1,1.03951477220622,SNHG11,EGR1,MEF,Zf
1165,32,1,1.90052374476274,GCLC,JUND,MEF,bZIP
561,19,1,2.25513078197246,CITED4,FOS,MEF,bZIP
1043,25,0,-1.20500555090751,FDPS,GATA1,LMC,Zf
375,25,1,1.03187685516321,CATSPERD,GATA1,MEF,Zf
1221,29,1,1.73376805098353,GORAB,IRF1,MEF,IRF
248,53,1,-1.93874767251077,ATP8B4,TEAD4,MEF,TEA
705,47,1,1.96907516552775,CXXC4,SP1,MEF,Zf
3000,19,0,2.281316453721,TLR9,FOS,LMC,bZIP
1252,19,0,-2.1106543226655,GPR20,FOS,LMC,bZIP
2523,24,0,-1.17127768993016,RNF207,GABPA,LMC,ETS
1375,11,1,-1.06303572888616,HOXC6,E2F6,MEF,E2F
1944,6,1,1.45496705904021,NCALD,BHLHE40,MEF,bHLH
1138,54,0,1.17692252323497,GALC,USF1,LMC,bHLH
2210,49,0,2.04393942709791,PIK3AP1,STAT1,LMC,Stat
593,53,1,2.74099485741018,CNKSR1,TEAD4,MEF,TEA
269,19,0,1.22408697177346,BAMBI,FOS,LMC,bZIP
341,7,0,-1.25938563071944,CACNA1H,CTCF,LMC,Zf
2183,54,0,1.71622619768645,PDZK1IP1,USF1,LMC,bHLH
240,13,0,1.60328158259357,ATP1B1,EGR1,LMC,Zf
2831,2,0,-1.23443575155555,SPHK1,ATF3,LMC,bZIP
1980,12,0,2.20010559623641,NFAM1,EBF1,LMC,EBF
2823,46,1,-1.90326262296788,SPAG5,RFX5,MEF,HTH
3115,32,0,-2.20403115006479,TRPA1,JUND,LMC,bZIP
3236,13,0,1.14579429923485,WWP1,EGR1,LMC,Zf
3001,45,0,2.28637045987536,TM4SF4,PRDM1,LMC,Zf
1358,17,1,-2.57137442453508,HOXA3,ETS1,MEF,ETS
1237,34,0,-1.09288268752416,GPR125,MAFK,LMC,bZIP
2256,11,0,1.27870663584014,PLIN2,E2F6,LMC,E2F
1740,3,1,3.31506874732211,MAB21L1,BACH1,MEF,bZIP
2945,36,1,1.66126154635775,TCEAL3,MAZ,MEF,Zf
2704,10,0,-1.40649818857836,SLC17A9,E2F4,LMC,E2F
861,31,1,-1.62049056402303,EFHD2,IRF4,MEF,IRF
465,42,0,-2.11602648113733,CDC20,NRF1,LMC,NRF
95,52,1,1.09031655649977,AHI1,TCF3,MEF,HMG
3077,14,0,-1.50867268856158,TOM1L1,ELF1,LMC,ETS
679,57,0,-2.86747721889391,CTHRC1,ZBTB33,LMC,Zf
2678,30,1,-1.35194087586138,SKP2,IRF3,MEF,IRF
839,31,0,-1.8998701410423,EBF1,IRF4,LMC,IRF
2764,17,0,1.80329251657958,SLC9A9,ETS1,LMC,ETS
1728,11,0,2.42475480036717,LY86,E2F6,LMC,E2F
2337,51,1,-3.36819154841887,PRKCH,TCF12,MEF,bHLH
2457,44,0,1.83917249657062,RASGRF2,PBX3,LMC,Homeobox
2246,34,1,-1.88722307582379,PLEKHA2,MAFK,MEF,bZIP
1647,44,1,2.33283975209078,LGI4,PBX3,MEF,Homeobox
2052,56,0,-2.21089204553683,NTRK3,YY1,LMC,Zf
2290,11,1,-2.13557752684561,POLE,E2F6,MEF,E2F
1278,10,1,1.48148215116969,GRHL3,E2F4,MEF,E2F
874,36,0,1.9887221666946,EHF,MAZ,LMC,Zf
2125,36,0,1.67444194494018,PARP14,MAZ,LMC,Zf
2740,53,1,-3.08616492184623,SLC39A12,TEAD4,MEF,TEA
952,32,0,2.46387405066583,F5,JUND,LMC,bZIP
1160,50,0,1.77701450525283,GBP6,STAT3,LMC,Stat
1675,20,1,1.4106392261015,LNX1,FOSL2,MEF,bZIP
1016,55,1,-1.82219618288015,FANCD2,USF2,MEF,bHLH
2166,60,1,-2.97331523072642,PDE3B,ZNF263,MEF,Zf
1513,22,1,1.21430903961118,JAKMIP3,FOXA2,MEF,Forkhead
1336,22,1,-1.36502133440852,HIST1H3G,FOXA2,MEF,Forkhead
3137,26,1,-2.52066169804331,TTK,GATA2,MEF,Zf
2516,29,0,1.27327767420977,RNF128,IRF1,LMC,IRF
876,47,1,1.64352848468001,ELAVL2,SP1,MEF,Zf
278,1,1,1.00590719166316,BCL11A,ATF2,MEF,bZIP
3085,36,0,-2.45217469460679,TPM2,MAZ,LMC,Zf
993,36,0,1.37308235035012,FAM213A,MAZ,LMC,Zf
1051,34,1,1.43975653073319,FGF12,MAFK,MEF,bZIP
30,3,0,1.62716198902984,ACOT4,BACH1,LMC,bZIP
508,36,0,-2.06917111748834,CEMIP,MAZ,LMC,Zf
2376,7,0,1.53243307718117,PTGIS,CTCF,LMC,Zf
2650,53,0,-1.41611481325977,SH3GL3,TEAD4,LMC,TEA
1444,8,0,1.29121899918497,IL18,CUX1,LMC,Homeobox
2260,34,1,-1.06024887079135,PLK3,MAFK,MEF,bZIP
930,32,0,-1.38675971936181,EVA1A,JUND,LMC,bZIP
2456,46,1,2.20941304813027,RASGRF1,RFX5,MEF,HTH
2402,7,1,-1.28053031107436,PYCARD,CTCF,MEF,Zf
1389,10,0,1.32986655856299,HRH1,E2F4,LMC,E2F
43,50,1,-1.10283547570767,ACY1,STAT3,MEF,Stat
2126,52,1,-2.22473071504278,PARPBP,TCF3,MEF,HMG
147,17,0,2.01551499268865,ANPEP,ETS1,LMC,ETS
1162,1,1,1.53185787847727,GCA,ATF2,MEF,bZIP
1712,54,0,1.45109968054914,LRRN4CL,USF1,LMC,bHLH
1055,32,1,1.83302922552139,FGF5,JUND,MEF,bZIP
1578,51,1,-2.99731913601115,KIF2C,TCF12,MEF,bHLH
2677,41,1,-1.57464291830555,SKA3,NANOG,MEF,Homeobox
2018,53,1,3.27657972227678,NOTUM,TEAD4,MEF,TEA
3088,60,0,-1.33850392831304,TPX2,ZNF263,LMC,Zf
1669,42,1,-2.03337449621201,LMNB1,NRF1,MEF,NRF
2349,21,0,-1.15565361783334,PRRT2,FOXA1,LMC,Forkhead
1763,12,1,-1.12485764033093,MAP4K1,EBF1,MEF,EBF
785,19,1,1.17300266617792,DNAJB9,FOS,MEF,bZIP
315,60,0,-1.15304342329628,BTBD3,ZNF263,LMC,Zf
1473,54,1,-2.92615095993494,IQGAP3,USF1,MEF,bHLH
156,59,1,1.07551992821496,AP3M2,ZKSCAN1,MEF,Zf
818,3,0,-1.41724630665825,DTL,BACH1,LMC,bZIP
3093,3,1,1.33406165475606,TRDMT1,BACH1,MEF,bZIP
1348,49,0,1.6180838227508,HMOX1,STAT1,LMC,Stat
2070,8,1,-1.74590028948839,OAS2,CUX1,MEF,Homeobox
1928,7,0,1.730157006133,MYOM2,CTCF,LMC,Zf
1355,56,1,4.28285138666841,HOXA10,YY1,MEF,Zf
1901,52,1,1.12093207460751,MYBL1,TCF3,MEF,HMG
972,21,1,1.65024443617622,FAM154B,FOXA1,MEF,Forkhead
276,50,0,-2.52309707321754,BCAT1,STAT3,LMC,Stat
1531,24,1,1.9358693599311,KCNB1,GABPA,MEF,ETS
468,46,1,-1.37167653448339,CDC42EP2,RFX5,MEF,HTH
3166,48,1,2.11848175670413,UGP2,SP2,MEF,Zf
2555,11,1,2.01391263556961,RUNDC3B,E2F6,MEF,E2F
2484,17,1,-1.61727756925469,REPS2,ETS1,MEF,ETS
956,56,0,1.40344479978975,FABP5,YY1,LMC,Zf
2387,7,1,-4.42913865344,PTPN7,CTCF,MEF,Zf
1014,45,0,1.44493122160936,FAM84B,PRDM1,LMC,Zf
1003,59,1,-3.49365096633453,FAM64A,ZKSCAN1,MEF,Zf
207,46,0,1.48293126728295,ARL4D,RFX5,LMC,HTH
1572,32,1,1.40702788043446,KIF21A,JUND,MEF,bZIP
3206,60,1,1.84179834451776,VWA1,ZNF263,MEF,Zf
2126,51,0,-1.97498954069546,PARPBP,TCF12,LMC,bHLH
2838,44,1,-4.32803056240979,SPN,PBX3,MEF,Homeobox
786,22,1,3.11057783728204,DNAJC6,FOXA2,MEF,Forkhead
2572,50,1,1.24918446806687,SAP18,STAT3,MEF,Stat
1049,35,0,-2.3444384689062,FGF10,MAX,LMC,bHLH
246,29,0,1.18330327912453,ATP6V1B2,IRF1,LMC,IRF
1460,6,0,1.14384592842023,ILDR2,BHLHE40,LMC,bHLH
3258,53,1,-1.44945424108124,ZFYVE28,TEAD4,MEF,TEA
2790,3,1,-1.59761294289245,SNCAIP,BACH1,MEF,bZIP
2234,46,1,4.19996079719983,PLAGL1,RFX5,MEF,HTH
685,19,0,1.40081145363371,CTSD,FOS,LMC,bZIP
3070,53,1,-1.19928189685922,TNNI3,TEAD4,MEF,TEA
146,26,1,1.51709684147196,ANO7,GATA2,MEF,Zf
2795,34,0,1.18391174334233,SNTA1,MAFK,LMC,bZIP
460,13,1,-3.73496442784358,CD83,EGR1,MEF,Zf
1135,11,1,1.37471812895876,GAL,E2F6,MEF,E2F
1216,24,1,-2.01769220406889,GNG2,GABPA,MEF,ETS
3009,50,1,1.35703295898885,TMEM117,STAT3,MEF,Stat
1623,30,1,-7.95287425558167,LAPTM5,IRF3,MEF,IRF
2611,44,1,1.71132928640274,SEMA3G,PBX3,MEF,Homeobox
3041,54,1,1.58911639566817,TMEM45A,USF1,MEF,bHLH
1446,7,0,1.17277834852757,IL18RAP,CTCF,LMC,Zf
2913,32,1,1.74643857506266,SYNGR3,JUND,MEF,bZIP
2553,34,0,2.49576066050205,RTN4RL2,MAFK,LMC,bZIP
1243,55,0,-1.11359055206435,GPR153,USF2,LMC,bHLH
2944,14,0,2.1293690334281,TBXAS1,ELF1,LMC,ETS
396,58,1,1.16001064184712,CCDC39,ZEB1,MEF,Zf
793,42,1,-3.6299744403086,DOCK10,NRF1,MEF,NRF
236,24,1,1.51918637169266,ATG9B,GABPA,MEF,ETS
3198,46,1,-1.00276680000766,VIPR1,RFX5,MEF,HTH
811,33,0,2.32565834773863,DPYSL5,MAFF,LMC,bZIP
43,26,1,-1.10283547570767,ACY1,GATA2,MEF,Zf
1594,11,0,-1.09820656454142,KLHL13,E2F6,LMC,E2F
2028,53,1,-1.86974211431371,NPTX2,TEAD4,MEF,TEA
2308,11,0,1.4764173769232,PPFIBP2,E2F6,LMC,E2F
2260,23,1,-1.06024887079135,PLK3,FOXM1,MEF,Forkhead
978,42,0,-1.26962769990828,FAM174B,NRF1,LMC,NRF
1101,35,1,-1.94513685071821,FOXM1,MAX,MEF,bHLH
2062,33,1,1.63762482263353,NWD1,MAFF,MEF,bZIP
2628,56,0,2.61707371539046,SERPING1,YY1,LMC,Zf
1600,32,1,1.56969787708839,KLHL8,JUND,MEF,bZIP
1695,40,1,-2.32937255466157,LRR1,MYOG,MEF,bHLH
720,60,0,1.18837675419197,CYSTM1,ZNF263,LMC,Zf
746,53,1,-1.61037548559076,DENND2D,TEAD4,MEF,TEA
1687,36,1,-2.98246862813639,LPXN,MAZ,MEF,Zf
1038,29,1,-1.7113898814647,FBXO5,IRF1,MEF,IRF
516,42,0,-1.77252367309002,CENPM,NRF1,LMC,NRF
1836,34,1,1.9158642253861,MLANA,MAFK,MEF,bZIP
1144,7,1,1.64197292611699,GALNT5,CTCF,MEF,Zf
317,1,1,-6.68867108987945,BTK,ATF2,MEF,bZIP
2324,36,1,-1.08146216479517,PRCP,MAZ,MEF,Zf
2549,6,0,-2.05581505638442,RTKN2,BHLHE40,LMC,bHLH
3150,52,1,-1.30229002037898,TUBB6,TCF3,MEF,HMG
2338,32,1,2.00041906473076,PRND,JUND,MEF,bZIP
504,34,1,-2.42975111298666,CEBPA,MAFK,MEF,bZIP
2374,35,0,-1.66906907316848,PTGFR,MAX,LMC,bHLH
1599,53,1,-4.51884009141692,KLHL6,TEAD4,MEF,TEA
2551,53,0,-1.05240961924625,RTN4R,TEAD4,LMC,TEA
864,3,1,1.33838286955012,EFNA5,BACH1,MEF,bZIP
286,2,0,-1.6433271259986,BEST1,ATF3,LMC,bZIP
2488,14,1,-1.85060323120743,RGCC,ELF1,MEF,ETS
2292,32,1,-1.55535313200542,POLQ,JUND,MEF,bZIP
956,10,0,1.40344479978975,FABP5,E2F4,LMC,E2F
1783,40,0,-2.61767842709454,MCAM,MYOG,LMC,bHLH
2151,40,0,1.17194993474523,PCED1B,MYOG,LMC,bHLH
708,31,1,3.07980552831559,CYB5R2,IRF4,MEF,IRF
557,56,1,-1.80418951019616,CHTF18,YY1,MEF,Zf
1959,27,1,2.12947183778239,NDP,GATA3,MEF,Zf
1952,57,1,-5.99503819953463,NCF1,ZBTB33,MEF,Zf
1762,1,0,1.08923612818634,MAP3K8,ATF2,LMC,bZIP
711,53,0,1.60648665149506,CYBRD1,TEAD4,LMC,TEA
1697,60,0,-1.53337520776607,LRRC16A,ZNF263,LMC,Zf
1668,53,1,3.05412965320593,LMCD1,TEAD4,MEF,TEA
2384,32,1,1.93102337372878,PTPN22,JUND,MEF,bZIP
3205,10,1,2.79006826150826,VTCN1,E2F4,MEF,E2F
2525,17,1,5.23482310914669,RNF39,ETS1,MEF,ETS
1828,57,0,1.49280612326672,MICALCL,ZBTB33,LMC,Zf
1491,46,1,-1.45307203272899,ITGA5,RFX5,MEF,HTH
713,0,1,1.19144626408088,CYLD,ATF1,MEF,bZIP
2418,13,0,-1.00063840189489,RAB30,EGR1,LMC,Zf
1431,46,1,-1.08610051353498,IGSF8,RFX5,MEF,HTH
2608,51,1,2.11602326557381,SEMA3C,TCF12,MEF,bHLH
3214,11,1,1.09212177471396,WDR35,E2F6,MEF,E2F
2132,35,0,-3.97146035306406,PAX9,MAX,LMC,bHLH
100,55,0,1.80170248274046,AIM1,USF2,LMC,bHLH
630,7,1,-4.2288874048856,CORO1A,CTCF,MEF,Zf
1251,10,1,-2.53128771819303,GPR183,E2F4,MEF,E2F
1976,32,1,1.28300620910815,NET1,JUND,MEF,bZIP
119,17,0,1.82496707668492,ALPK2,ETS1,LMC,ETS
609,1,1,2.58711429478437,COL14A1,ATF2,MEF,bZIP
1840,40,0,2.18019875250841,MMD,MYOG,LMC,bHLH
2343,56,1,-2.24464602061636,PRR11,YY1,MEF,Zf
217,17,0,-1.57740280110919,ART4,ETS1,LMC,ETS
525,21,1,-2.43362288031828,CEP55,FOXA1,MEF,Forkhead
198,59,1,-3.3044652172803,ARHGEF39,ZKSCAN1,MEF,Zf
982,56,1,1.9927673408171,FAM184A,YY1,MEF,Zf
1618,50,1,2.02536886419006,LAMA5,STAT3,MEF,Stat
1669,58,1,-2.03337449621201,LMNB1,ZEB1,MEF,Zf
926,2,1,-1.32942090046407,ESYT1,ATF3,MEF,bZIP
690,56,0,1.26035094666073,CTSO,YY1,LMC,Zf
2338,15,1,2.00041906473076,PRND,ELK1,MEF,ETS
516,51,1,-2.19308549025505,CENPM,TCF12,MEF,bHLH
1519,34,1,2.76336315668117,KANK4,MAFK,MEF,bZIP
1472,50,0,1.94194700583555,IQGAP2,STAT3,LMC,Stat
2028,24,1,-1.86974211431371,NPTX2,GABPA,MEF,ETS
1469,22,0,-1.34614119276357,INSIG1,FOXA2,LMC,Forkhead
181,30,1,-2.885756251564,ARHGAP19,IRF3,MEF,IRF
2911,34,1,-2.18064992479713,SYNE2,MAFK,MEF,bZIP
795,21,0,1.65647439431086,DOCK3,FOXA1,LMC,Forkhead
3104,50,1,-1.18940042398823,TRIM25,STAT3,MEF,Stat
1163,23,1,1.37659350408397,GCH1,FOXM1,MEF,Forkhead
815,46,1,-1.01143898785543,DSCC1,RFX5,MEF,HTH
705,37,1,1.96907516552775,CXXC4,MEF2A,MEF,MADS
147,3,0,2.01551499268865,ANPEP,BACH1,LMC,bZIP
3210,1,0,2.01990805201589,WAS,ATF2,LMC,bZIP
2156,12,0,1.93797423240685,PCP4L1,EBF1,LMC,EBF
265,25,1,-1.1411111453521,BAG2,GATA1,MEF,Zf
250,23,1,-2.34653204531107,AUNIP,FOXM1,MEF,Forkhead
1670,11,1,2.80150441501762,LMO1,E2F6,MEF,E2F
1377,51,0,2.41891822606775,HOXD1,TCF12,LMC,bHLH
954,50,0,1.3474227486607,FABP3,STAT3,LMC,Stat
1230,24,0,-2.89184454318421,GPER1,GABPA,LMC,ETS
2521,56,1,-1.82381517620599,RNF180,YY1,MEF,Zf
346,55,1,2.3050515227329,CACNB2,USF2,MEF,bHLH
2797,54,1,1.20718208298321,SNX16,USF1,MEF,bHLH
2251,15,1,-3.01621344836119,PLEKHG4,ELK1,MEF,ETS
817,59,0,1.918440317054,DSP,ZKSCAN1,LMC,Zf
803,50,1,1.22236133221301,DPM1,STAT3,MEF,Stat
2608,7,0,-1.20440500444448,SEMA3C,CTCF,LMC,Zf
2764,34,1,-1.71721205740483,SLC9A9,MAFK,MEF,bZIP
2218,27,1,1.38151712699702,PIP5K1B,GATA3,MEF,Zf
2349,15,0,-1.15565361783334,PRRT2,ELK1,LMC,ETS
2041,43,0,1.93781365732925,NRROS,PAX5,LMC,"Paired,Homeobox"
50,43,0,-1.37419243961117,ADAM23,PAX5,LMC,"Paired,Homeobox"
2339,29,0,1.32329493770163,PROCR,IRF1,LMC,IRF
2005,26,1,-1.77461700519955,NME2,GATA2,MEF,Zf
654,33,0,-2.86949451688048,CRISPLD1,MAFF,LMC,bZIP
122,11,1,-1.29951416309328,ALX1,E2F6,MEF,E2F
966,34,1,-2.12873128121721,FAM111A,MAFK,MEF,bZIP
95,12,1,1.09031655649977,AHI1,EBF1,MEF,EBF
1298,56,0,1.79871714318156,GSTA4,YY1,LMC,Zf
2251,56,0,-2.03705643469854,PLEKHG4,YY1,LMC,Zf
2621,50,0,5.18388336622251,SERPINB2,STAT3,LMC,Stat
2542,42,0,-1.54415963122133,RRM2,NRF1,LMC,NRF
1814,57,1,1.05357159098522,METTL21A,ZBTB33,MEF,Zf
856,18,0,-1.15119532089597,EFCAB11,FLI1,LMC,ETS
1431,49,1,-1.08610051353498,IGSF8,STAT1,MEF,Stat
3195,43,1,-1.73730349835225,VDR,PAX5,MEF,"Paired,Homeobox"
2489,19,1,-1.61617060658465,RGMA,FOS,MEF,bZIP
1827,53,1,-1.55070929847122,MIAT,TEAD4,MEF,TEA
3223,53,1,1.09999240845705,WNK3,TEAD4,MEF,TEA
668,59,1,2.48620898685634,CSMD3,ZKSCAN1,MEF,Zf
2496,59,0,-1.87567434541817,RGS5,ZKSCAN1,LMC,Zf
3169,15,0,1.19459241376061,UNC13B,ELK1,LMC,ETS
71,7,0,-1.01583734155542,ADCY4,CTCF,LMC,Zf
1601,1,1,1.06527561830668,KLRG2,ATF2,MEF,bZIP
3183,58,0,1.36921240634688,USP53,ZEB1,LMC,Zf
2735,32,0,2.22677538794117,SLC35F3,JUND,LMC,bZIP
3144,1,1,-1.55039503561295,TTYH3,ATF2,MEF,bZIP
2775,23,0,4.42808490733425,SLPI,FOXM1,LMC,Forkhead
610,36,1,3.51368942393295,COL15A1,MAZ,MEF,Zf
940,1,0,-1.04928380645849,EXT1,ATF2,LMC,bZIP
1804,32,1,1.65765544181301,MEGF9,JUND,MEF,bZIP
3069,52,1,-2.5900113745431,TNNI2,TCF3,MEF,HMG
585,32,0,1.67296122995437,CLU,JUND,LMC,bZIP
2547,40,0,-4.37332562700599,RSPO2,MYOG,LMC,bHLH
1624,32,1,-1.00895275097401,LARP1B,JUND,MEF,bZIP
1990,24,1,-2.08969235613197,NID1,GABPA,MEF,ETS
445,14,0,2.21857990031653,CD33,ELF1,LMC,ETS
2886,41,1,1.35412699954028,STK38L,NANOG,MEF,Homeobox
343,56,0,2.00940314934979,CACNA1S,YY1,LMC,Zf
1221,32,1,1.73376805098353,GORAB,JUND,MEF,bZIP
1802,52,1,1.03338304760859,MEF2A,TCF3,MEF,HMG
1727,58,0,-1.8059852208024,LY75,ZEB1,LMC,Zf
2373,36,0,1.64043515891976,PTGER4,MAZ,LMC,Zf
161,8,0,-1.05696766770842,APH1B,CUX1,LMC,Homeobox
2903,32,0,2.13580113389752,SV2A,JUND,LMC,bZIP
512,29,1,-2.39804093947349,CENPF,IRF1,MEF,IRF
2452,14,0,1.99174899636394,RASAL3,ELF1,LMC,ETS
333,53,1,-8.29781815619164,C3AR1,TEAD4,MEF,TEA
1063,51,1,-1.26716204303906,FGL1,TCF12,MEF,bHLH
944,24,0,-1.00757252383823,EZH2,GABPA,LMC,ETS
1938,32,1,2.19465551629259,NAP1L5,JUND,MEF,bZIP
623,22,1,-2.76743525203695,COL7A1,FOXA2,MEF,Forkhead
650,26,0,2.24065860995856,CREG2,GATA2,LMC,Zf
1074,4,1,-2.13041540052826,FKBP5,BATF,MEF,bZIP
1993,32,1,1.04031542771177,NIPAL3,JUND,MEF,bZIP
1078,2,1,1.79466757101752,FLRT3,ATF3,MEF,bZIP
3047,32,0,-1.78416974387923,TMEM74,JUND,LMC,bZIP
2451,7,0,-1.70961630127587,RARRES1,CTCF,LMC,Zf
2126,14,1,-2.22473071504278,PARPBP,ELF1,MEF,ETS
705,47,1,1.96907516552775,CXXC4,SP1,MEF,Zf
3027,54,1,1.32712267996545,TMEM184A,USF1,MEF,bHLH
178,23,1,-2.02334125806666,ARHGAP10,FOXM1,MEF,Forkhead
627,26,1,1.8243554918692,COLGALT2,GATA2,MEF,Zf
684,51,1,-1.47398126315698,CTSC,TCF12,MEF,bHLH
2142,7,1,1.95301295826187,PCDHB14,CTCF,MEF,Zf
1975,54,1,1.36711522450155,NES,USF1,MEF,bHLH
1568,48,1,-2.57584463626319,KIF15,SP2,MEF,Zf
2693,21,0,1.05954413123607,SLC16A1,FOXA1,LMC,Forkhead
2470,53,1,2.12684463825178,RBM24,TEAD4,MEF,TEA
1988,23,1,1.13223620404131,NHLRC1,FOXM1,MEF,Forkhead
1123,5,0,1.42329473898804,FTH1,BCL11A,LMC,Zf
3059,10,1,2.9543937762288,TNFRSF11B,E2F4,MEF,E2F
1086,34,0,-1.68816669515839,FNDC1,MAFK,LMC,bZIP
261,11,1,4.30976032654458,B4GALNT3,E2F6,MEF,E2F
885,36,1,-2.33876283152591,EME1,MAZ,MEF,Zf
2816,17,0,1.48469516913959,SP110,ETS1,LMC,ETS
341,27,0,-1.25938563071944,CACNA1H,GATA3,LMC,Zf
163,29,0,1.78850919736713,APLP1,IRF1,LMC,IRF
1466,4,0,2.28222195528639,INPP5D,BATF,LMC,bZIP
2388,38,0,2.031079537573,PTPRC,MEF2C,LMC,MADS
416,11,0,1.98389732052928,CCL5,E2F6,LMC,E2F
1455,36,0,-1.93874412888656,IL27RA,MAZ,LMC,Zf
450,12,1,-6.20798443020464,CD52,EBF1,MEF,EBF
836,49,1,-2.76164814143304,E2F8,STAT1,MEF,Stat
914,53,0,2.10752386874535,EPSTI1,TEAD4,LMC,TEA
793,12,1,-3.6299744403086,DOCK10,EBF1,MEF,EBF
1232,54,0,-1.41406949123652,GPM6B,USF1,LMC,bHLH
2021,31,1,-1.09798854940686,NPAS4,IRF4,MEF,IRF
1026,11,0,-1.78999137298021,FBLN7,E2F6,LMC,E2F
3061,36,0,1.02514171178658,TNFRSF19,MAZ,LMC,Zf
1836,11,0,1.69257127322667,MLANA,E2F6,LMC,E2F
250,54,1,-2.34653204531107,AUNIP,USF1,MEF,bHLH
1568,32,1,-2.57584463626319,KIF15,JUND,MEF,bZIP
3161,49,0,1.11374092396893,UBE2L6,STAT1,LMC,Stat
3150,51,1,-1.30229002037898,TUBB6,TCF12,MEF,bHLH
995,6,0,-1.34584970061181,FAM26E,BHLHE40,LMC,bHLH
1145,53,1,-8.0966931751527,GALNT6,TEAD4,MEF,TEA
2399,25,1,-1.40254242700849,PVRL2,GATA1,MEF,Zf
3145,3,1,-1.32949754920419,TUBA1B,BACH1,MEF,bZIP
269,54,0,1.22408697177346,BAMBI,USF1,LMC,bHLH
1721,58,0,-1.39118704901339,LTBP2,ZEB1,LMC,Zf
1582,35,0,1.20216022419982,KIF9,MAX,LMC,bHLH
966,34,1,-2.12873128121721,FAM111A,MAFK,MEF,bZIP
1121,15,0,-1.09945691947873,FSTL3,ELK1,LMC,ETS
2008,23,1,2.81553162174377,NMU,FOXM1,MEF,Forkhead
2167,23,0,-1.47607183564039,PDE4A,FOXM1,LMC,Forkhead
2384,31,0,1.51789813509816,PTPN22,IRF4,LMC,IRF
91,8,0,-1.06859955874471,AGPAT9,CUX1,LMC,Homeobox
2890,52,0,1.34205810402861,STON2,TCF3,LMC,HMG
3102,42,1,-1.77073057858269,TRIL,NRF1,MEF,NRF
625,24,1,1.2030634109061,COL9A3,GABPA,MEF,ETS
2641,12,1,-1.51561055023363,SGOL2,EBF1,MEF,EBF
914,34,0,2.10752386874535,EPSTI1,MAFK,LMC,bZIP
2224,34,1,-2.26014906231889,PKMYT1,MAFK,MEF,bZIP
1952,4,1,-5.99503819953463,NCF1,BATF,MEF,bZIP
2459,33,1,-1.39545144247547,RASGRP3,MAFF,MEF,bZIP
3136,26,0,1.02552411022929,TTC9,GATA2,LMC,Zf
3083,14,1,1.05224662846561,TPD52L1,ELF1,MEF,ETS
250,33,1,-2.34653204531107,AUNIP,MAFF,MEF,bZIP
509,42,0,-1.82662746708961,CEND1,NRF1,LMC,NRF
586,56,1,-1.10717304092013,CLYBL,YY1,MEF,Zf
861,11,0,1.28372856844766,EFHD2,E2F6,LMC,E2F
1972,7,0,-1.11554916219592,NEK8,CTCF,LMC,Zf
240,54,0,1.60328158259357,ATP1B1,USF1,LMC,bHLH
557,3,1,-1.80418951019616,CHTF18,BACH1,MEF,bZIP
707,1,1,1.78666132040675,CYB561,ATF2,MEF,bZIP
257,11,0,-1.68555652052455,B3GNT5,E2F6,LMC,E2F
758,51,1,-2.18409012850674,DIRAS2,TCF12,MEF,bHLH
2692,17,1,-5.35420024219679,SLC15A3,ETS1,MEF,ETS
206,54,1,-1.14830380637034,ARL4C,USF1,MEF,bHLH
1553,12,1,-1.32966877598104,KCNK6,EBF1,MEF,EBF
430,44,1,-1.3414109285533,CCR5,PBX3,MEF,Homeobox
1472,30,1,-1.52991375774982,IQGAP2,IRF3,MEF,IRF
2101,44,1,1.9803470891141,P2RY10,PBX3,MEF,Homeobox
2710,22,0,1.87389290621927,SLC22A4,FOXA2,LMC,Forkhead
489,46,0,1.13278495482569,CDK18,RFX5,LMC,HTH
2917,54,0,-1.42032876171185,SYT1,USF1,LMC,bHLH
2298,33,1,2.24570716939652,POU4F1,MAFF,MEF,bZIP
760,55,0,-1.15099323210025,DKK3,USF2,LMC,bHLH
671,34,1,1.80514834363837,CSRNP3,MAFK,MEF,bZIP
1078,46,1,1.79466757101752,FLRT3,RFX5,MEF,HTH
2744,41,1,-2.43134537231159,SLC43A1,NANOG,MEF,Homeobox
2720,3,0,-1.70576424039824,SLC27A3,BACH1,LMC,bZIP
2757,7,1,-3.15706759291675,SLC7A8,CTCF,MEF,Zf
2605,52,1,-5.12463925075724,SELPLG,TCF3,MEF,HMG
2262,17,1,1.36115254292874,PLLP,ETS1,MEF,ETS
2337,3,0,1.66170836484508,PRKCH,BACH1,LMC,bZIP
214,36,0,-1.31617696470295,ARSI,MAZ,LMC,Zf
2944,17,1,-3.87782145502005,TBXAS1,ETS1,MEF,ETS
1383,46,1,1.98625429983897,HPCAL4,RFX5,MEF,HTH
2376,11,0,1.53243307718117,PTGIS,E2F6,LMC,E2F
2745,27,0,1.9025481432666,SLC43A2,GATA3,LMC,Zf
2885,36,1,-1.12147973032636,STK32C,MAZ,MEF,Zf
2489,10,0,-1.31632666673211,RGMA,E2F4,LMC,E2F
963,16,0,1.37994791995384,FAM105A,ELK4,LMC,ETS
2273,42,0,2.09848892681081,PLXNC1,NRF1,LMC,NRF
16,52,1,-2.05030147335999,ABHD15,TCF3,MEF,HMG
3099,22,1,-1.4419627390171,TRERF1,FOXA2,MEF,Forkhead
912,56,0,-1.3178474094506,EPS8L1,YY1,LMC,Zf
891,7,1,5.2176253554421,EN2,CTCF,MEF,Zf
2219,25,1,-1.09945099407407,PIP5K1C,GATA1,MEF,Zf
2429,15,1,-5.54500344285024,RAC2,ELK1,MEF,ETS
2042,53,0,2.04333873439862,NRSN1,TEAD4,LMC,TEA
138,51,1,-2.24979568940809,ANKLE1,TCF12,MEF,bHLH
1800,42,1,1.47155305882805,MED12L,NRF1,MEF,NRF
521,43,1,-1.47290606283231,CENPU,PAX5,MEF,"Paired,Homeobox"
548,32,0,1.6800577415014,CHRNA1,JUND,LMC,bZIP
1681,24,1,-1.46976923934256,LPAR2,GABPA,MEF,ETS
650,20,1,-2.94835882788418,CREG2,FOSL2,MEF,bZIP
250,56,1,-2.34653204531107,AUNIP,YY1,MEF,Zf
2091,7,0,-2.75084048443448,OSBPL6,CTCF,LMC,Zf
1752,6,1,-1.28798152001015,MAN2A1,BHLHE40,MEF,bHLH
437,51,1,-3.02094555577651,CD22,TCF12,MEF,bHLH
488,29,1,-1.53660217902945,CDK1,IRF1,MEF,IRF
1175,36,1,1.5987715046868,GDF7,MAZ,MEF,Zf
2172,25,0,2.04366489962011,PDGFB,GATA1,LMC,Zf
123,51,1,3.14711245456921,ALX3,TCF12,MEF,bHLH
414,31,0,2.27699369760861,CCL3,IRF4,LMC,IRF
1804,34,1,1.65765544181301,MEGF9,MAFK,MEF,bZIP
50,36,0,-1.37419243961117,ADAM23,MAZ,LMC,Zf
790,6,0,1.49979232189584,DNM1,BHLHE40,LMC,bHLH
1234,22,0,2.33921985430141,GPR115,FOXA2,LMC,Forkhead
364,26,1,1.14635570776145,CAPS2,GATA2,MEF,Zf
845,33,0,1.22622352031544,ECM1,MAFF,LMC,bZIP
1643,44,1,-1.38336396197662,LGALS3,PBX3,MEF,Homeobox
396,27,1,1.16001064184712,CCDC39,GATA3,MEF,Zf
1619,20,0,1.98706341170144,LAMB3,FOSL2,LMC,bZIP
2993,52,0,-1.98409674610173,TLE6,TCF3,LMC,HMG
3186,3,1,-1.92621282947448,VANGL2,BACH1,MEF,bZIP
522,59,0,1.26401131755558,CENPV,ZKSCAN1,LMC,Zf
1050,8,1,-1.4150495250694,FGF11,CUX1,MEF,Homeobox
1066,24,1,-1.11000989556267,FHL3,GABPA,MEF,ETS
82,34,1,-2.43475960329786,ADRA1A,MAFK,MEF,bZIP
3097,7,0,2.5661717834217,TREML2,CTCF,LMC,Zf
1238,36,1,1.29241954225617,GPR126,MAZ,MEF,Zf
71,19,0,-1.01583734155542,ADCY4,FOS,LMC,bZIP
2574,59,1,-2.47219502126742,SAPCD2,ZKSCAN1,MEF,Zf
2615,8,0,-1.46513423498235,SEMA6A,CUX1,LMC,Homeobox
2772,56,0,1.54554930081405,SLITRK4,YY1,LMC,Zf
45,35,0,-1.35149101337217,ADAM11,MAX,LMC,bHLH
1728,11,0,2.42475480036717,LY86,E2F6,LMC,E2F
1957,7,0,-1.64466006634202,NDC80,CTCF,LMC,Zf
2017,32,0,-1.0335255549589,NOTCH3,JUND,LMC,bZIP
2991,15,0,-1.39196377773408,TLCD1,ELK1,LMC,ETS
1522,34,0,1.20685854188687,KBTBD8,MAFK,LMC,bZIP
3027,52,0,2.0194569382354,TMEM184A,TCF3,LMC,HMG
649,55,0,1.77230520694,CREG1,USF2,LMC,bHLH
241,14,1,1.15532941828722,ATP1B2,ELF1,MEF,ETS
1808,59,0,-1.82115918803008,MELK,ZKSCAN1,LMC,Zf
2929,23,0,-1.14419748841923,TACC3,FOXM1,LMC,Forkhead
91,24,0,-1.06859955874471,AGPAT9,GABPA,LMC,ETS
1300,56,0,-1.41276036688138,GSTT1,YY1,LMC,Zf
1793,4,0,1.80783041632026,MCOLN3,BATF,LMC,bZIP
2874,29,1,2.56870879486563,STARD10,IRF1,MEF,IRF
2010,44,1,-1.20623734785195,NNMT,PBX3,MEF,Homeobox
1163,21,0,2.62029779584361,GCH1,FOXA1,LMC,Forkhead
3217,44,0,1.18761457019747,WDR91,PBX3,LMC,Homeobox
264,32,0,1.45937393436724,B4GALT5,JUND,LMC,bZIP
924,46,1,1.51210965522421,ESR2,RFX5,MEF,HTH
3195,56,1,-1.73730349835225,VDR,YY1,MEF,Zf
1902,56,1,-1.65920234708505,MYBL2,YY1,MEF,Zf
1486,52,1,-1.13969524110321,ISYNA1,TCF3,MEF,HMG
2787,53,0,-1.92873254934271,SNAI2,TEAD4,LMC,TEA
1879,35,1,-8.84349682711062,MS4A7,MAX,MEF,bHLH
1495,1,1,-5.98637247489995,ITGAL,ATF2,MEF,bZIP
1052,13,1,2.06212975174071,FGF13,EGR1,MEF,Zf
155,3,1,-1.03625605862877,AP1G2,BACH1,MEF,bZIP
2876,3,1,-2.41808164248854,STARD9,BACH1,MEF,bZIP
592,11,1,2.29359962321612,CNGA3,E2F6,MEF,E2F
1868,33,1,1.20310929233379,MPV17L,MAFF,MEF,bZIP
1811,50,1,1.49384441854823,MEST,STAT3,MEF,Stat
3199,34,1,1.16338139694328,VKORC1,MAFK,MEF,bZIP
1298,15,0,1.79871714318156,GSTA4,ELK1,LMC,ETS
3102,14,1,-1.77073057858269,TRIL,ELF1,MEF,ETS
2894,42,0,-1.08669475308731,STX1A,NRF1,LMC,NRF
1383,47,1,1.98625429983897,HPCAL4,SP1,MEF,Zf
1713,33,1,2.82924380486348,LRRTM2,MAFF,MEF,bZIP
1802,41,1,1.03338304760859,MEF2A,NANOG,MEF,Homeobox
2831,59,0,-1.23443575155555,SPHK1,ZKSCAN1,LMC,Zf
1472,31,0,1.94194700583555,IQGAP2,IRF4,LMC,IRF
1269,17,1,-3.15847904173922,GPSM3,ETS1,MEF,ETS
1793,41,0,1.80783041632026,MCOLN3,NANOG,LMC,Homeobox
2459,7,1,-1.39545144247547,RASGRP3,CTCF,MEF,Zf
454,4,1,-5.47756028778316,CD68,BATF,MEF,bZIP
658,59,1,1.70454579044603,CRNDE,ZKSCAN1,MEF,Zf
1098,35,1,-2.04624548773259,FOXD2,MAX,MEF,bHLH
2904,34,0,1.94858458777651,SV2B,MAFK,LMC,bZIP
3061,27,0,1.02514171178658,TNFRSF19,GATA3,LMC,Zf
321,17,1,-2.33853032925094,BUB1B,ETS1,MEF,ETS
3,22,0,-1.10411587503093,AASS,FOXA2,LMC,Forkhead
1575,59,1,1.03299861527499,KIF26A,ZKSCAN1,MEF,Zf
1792,6,0,1.95371509724689,MCOLN2,BHLHE40,LMC,bHLH
665,14,0,1.85920319898221,CSF2RB,ELF1,LMC,ETS
1642,43,1,-2.26677149350915,LFNG,PAX5,MEF,"Paired,Homeobox"
1953,4,0,1.92560310843449,NCF2,BATF,LMC,bZIP
1210,1,1,-1.35602407698699,GMIP,ATF2,MEF,bZIP
2062,27,1,1.63762482263353,NWD1,GATA3,MEF,Zf
926,27,1,-1.32942090046407,ESYT1,GATA3,MEF,Zf
945,53,0,1.62913103681418,EZR,TEAD4,LMC,TEA
1746,55,1,5.32777087359567,MAL,USF2,MEF,bHLH
2057,50,0,-2.07327400721528,NUF2,STAT3,LMC,Stat
2117,56,0,1.56486422796894,PAMR1,YY1,LMC,Zf
658,24,1,1.70454579044603,CRNDE,GABPA,MEF,ETS
1043,53,0,-1.20500555090751,FDPS,TEAD4,LMC,TEA
2324,19,1,-1.08146216479517,PRCP,FOS,MEF,bZIP
2084,34,0,2.94695522618019,OLR1,MAFK,LMC,bZIP
358,50,1,1.22166358080794,CAMK4,STAT3,MEF,Stat
2277,32,1,-1.67266293787219,PMF1,JUND,MEF,bZIP
1648,6,0,1.39432488372804,LGMN,BHLHE40,LMC,bHLH
3032,46,1,-1.1495689654121,TMEM221,RFX5,MEF,HTH
297,34,1,-1.47855327707951,BMP1,MAFK,MEF,bZIP
1015,7,1,-2.36954301173742,FANCA,CTCF,MEF,Zf
68,53,1,-6.45353342955271,ADAP2,TEAD4,MEF,TEA
873,52,0,2.31733348486408,EGR3,TCF3,LMC,HMG
2047,3,0,-1.49786300479231,NT5DC2,BACH1,LMC,bZIP
2476,6,1,1.73720161916413,RCAN1,BHLHE40,MEF,bHLH
2223,33,0,2.42323666921668,PKIB,MAFF,LMC,bZIP
1047,55,1,-4.65417614897977,FGD2,USF2,MEF,bHLH
993,53,1,1.25563473842754,FAM213A,TEAD4,MEF,TEA
2723,11,0,-1.25049449145877,SLC29A4,E2F6,LMC,E2F
2893,12,0,1.51284286980571,STRA6,EBF1,LMC,EBF
1229,36,0,-1.54093470936659,GPC6,MAZ,LMC,Zf
3199,40,1,1.16338139694328,VKORC1,MYOG,MEF,bHLH
2643,51,1,-1.11397899521332,SH2B2,TCF12,MEF,bHLH
2739,10,0,1.07554724816405,SLC39A10,E2F4,LMC,E2F
555,58,1,1.80769993725996,CHST7,ZEB1,MEF,Zf
184,36,0,-1.09910155497258,ARHGAP28,MAZ,LMC,Zf
1623,58,0,2.13522783979971,LAPTM5,ZEB1,LMC,Zf
2479,52,1,-1.57338724010975,RCSD1,TCF3,MEF,HMG
1606,2,0,1.72988866215431,KRT18,ATF3,LMC,bZIP
1194,60,1,1.95528246047761,GJA3,ZNF263,MEF,Zf
536,60,1,-1.09834196291046,CH25H,ZNF263,MEF,Zf
254,14,1,3.22012132624262,AXIN2,ELF1,MEF,ETS
2837,1,0,1.62615454323833,SPINT2,ATF2,LMC,bZIP
2093,34,1,-1.15661822035074,OSMR,MAFK,MEF,bZIP
186,44,1,-7.03807552815842,ARHGAP30,PBX3,MEF,Homeobox
2938,51,1,1.88676760580032,TBX18,TCF12,MEF,bHLH
1747,59,0,2.304021662009,MAL2,ZKSCAN1,LMC,Zf
1742,18,0,1.27719188336983,MADD,FLI1,LMC,ETS
3144,56,1,-1.55039503561295,TTYH3,YY1,MEF,Zf
1777,60,1,-1.18077849242485,MATN2,ZNF263,MEF,Zf
972,50,1,1.65024443617622,FAM154B,STAT3,MEF,Stat
1725,52,0,-1.19060928486906,LURAP1L,TCF3,LMC,HMG
788,10,0,1.17421032513561,DNASE1L1,E2F4,LMC,E2F
3142,32,1,1.51900011031051,TTYH1,JUND,MEF,bZIP
1386,17,0,2.03620778728532,HPGDS,ETS1,LMC,ETS
1695,2,1,-2.32937255466157,LRR1,ATF3,MEF,bZIP
1497,5,0,2.00198261548205,ITGB2,BCL11A,LMC,Zf
30,56,0,1.62716198902984,ACOT4,YY1,LMC,Zf
999,49,0,1.1663991918586,FAM46C,STAT1,LMC,Stat
2303,51,1,-1.12367666786564,PPARA,TCF12,MEF,bHLH
1712,7,0,1.45109968054914,LRRN4CL,CTCF,LMC,Zf
4,35,0,1.30531618728564,AATK,MAX,LMC,bHLH
1113,36,1,1.9055703590778,FRMPD1,MAZ,MEF,Zf
321,17,1,-2.33853032925094,BUB1B,ETS1,MEF,ETS
1016,4,0,-1.28239591471792,FANCD2,BATF,LMC,bZIP
2876,36,1,-2.41808164248854,STARD9,MAZ,MEF,Zf
2830,13,1,2.2287125275182,SPEF2,EGR1,MEF,Zf
1495,25,0,2.79700636427882,ITGAL,GATA1,LMC,Zf
501,21,1,-1.54134144871183,CDT1,FOXA1,MEF,Forkhead
1473,40,1,-2.92615095993494,IQGAP3,MYOG,MEF,bHLH
1550,42,1,2.53549357349713,KCNK1,NRF1,MEF,NRF
1890,53,1,-1.43423442580284,MTFR2,TEAD4,MEF,TEA
2834,35,1,-3.44517107955526,SPINK2,MAX,MEF,bHLH
1245,51,0,1.73666532474954,GPR157,TCF12,LMC,bHLH
1416,32,1,1.41048238806938,IFNLR1,JUND,MEF,bZIP
673,33,0,-2.22575402794082,CSRP2,MAFF,LMC,bZIP
2444,35,0,-1.91959093034598,RANBP3L,MAX,LMC,bHLH
1935,25,0,-1.2886287110064,NACAD,GATA1,LMC,Zf
1802,9,1,1.03338304760859,MEF2A,E2F1,MEF,E2F
2357,7,0,3.07853551683999,PRSS50,CTCF,LMC,Zf
3131,52,1,1.27435443550284,TSPYL5,TCF3,MEF,HMG
1811,59,1,1.49384441854823,MEST,ZKSCAN1,MEF,Zf
3019,59,0,-1.68922913667039,TMEM158,ZKSCAN1,LMC,Zf
2670,7,1,-3.28332234129866,SIM1,CTCF,MEF,Zf
2249,6,1,1.15271259876003,PLEKHG1,BHLHE40,MEF,bHLH
1591,3,1,1.24681343695408,KLF9,BACH1,MEF,bZIP
1322,12,1,1.43964163206094,HDGFRP3,EBF1,MEF,EBF
2292,21,0,-1.05291940990179,POLQ,FOXA1,LMC,Forkhead
1230,52,0,-2.89184454318421,GPER1,TCF3,LMC,HMG
345,43,1,3.2806951234559,CACNA2D3,PAX5,MEF,"Paired,Homeobox"
2693,43,0,1.05954413123607,SLC16A1,PAX5,LMC,"Paired,Homeobox"
1957,4,1,-2.61766850781226,NDC80,BATF,MEF,bZIP
321,13,1,-2.33853032925094,BUB1B,EGR1,MEF,Zf
1978,30,0,1.1023682648514,NEURL3,IRF3,LMC,IRF
1307,27,0,-1.36464889595292,H1FX,GATA3,LMC,Zf
3237,22,1,-2.16278755494106,XDH,FOXA2,MEF,Forkhead
1775,56,0,-1.29454940292656,MASTL,YY1,LMC,Zf
1631,37,0,1.88765751605467,LCP1,MEF2A,LMC,MADS
3119,47,1,-1.36963549843397,TRPV2,SP1,MEF,Zf
1143,54,0,1.58166507184281,GALNT3,USF1,LMC,bHLH
1032,17,0,-1.46617372302768,FBXO16,ETS1,LMC,ETS
43,52,0,-1.04222778985069,ACY1,TCF3,LMC,HMG
2288,56,1,-1.22235801190337,POLA1,YY1,MEF,Zf
3261,43,1,1.07594447809791,ZKSCAN4,PAX5,MEF,"Paired,Homeobox"
65,55,1,-1.53401258580735,ADAMTSL2,USF2,MEF,bHLH
2024,27,0,2.97162299189356,NPL,GATA3,LMC,Zf
405,51,1,-3.28910986231177,CCDC88B,TCF12,MEF,bHLH
2208,7,1,-2.93900889516941,PIEZO2,CTCF,MEF,Zf
2416,53,0,-2.31707370328191,RAB27A,TEAD4,LMC,TEA
2159,8,1,-3.50441248789813,PCSK9,CUX1,MEF,Homeobox
173,44,0,4.20904927163551,AQP5,PBX3,LMC,Homeobox
260,3,0,1.4503692928735,B4GALNT2,BACH1,LMC,bZIP
1254,4,0,3.39515330359465,GPR34,BATF,LMC,bZIP
2167,10,0,-1.47607183564039,PDE4A,E2F4,LMC,E2F
2191,43,1,-1.12489024784302,PFKFB3,PAX5,MEF,"Paired,Homeobox"
1891,4,0,-1.28051428954918,MTHFD1L,BATF,LMC,bZIP
2192,36,1,-1.0880143489174,PFKFB4,MAZ,MEF,Zf
2195,54,0,1.38821447083428,PGAP1,USF1,LMC,bHLH
1933,51,0,-1.05436822613132,NAALAD2,TCF12,LMC,bHLH
964,36,0,-1.18090629468313,FAM109B,MAZ,LMC,Zf
1373,40,1,3.28481040650895,HOXC13,MYOG,MEF,bHLH
2949,36,0,1.39093876319334,TCFL5,MAZ,LMC,Zf
3058,43,1,-2.98966494538782,TNFRSF11A,PAX5,MEF,"Paired,Homeobox"
2555,47,1,2.01391263556961,RUNDC3B,SP1,MEF,Zf
1806,20,1,2.23278078032331,MEIOB,FOSL2,MEF,bZIP
606,27,1,1.54732107093079,COL10A1,GATA3,MEF,Zf
1545,51,0,2.30890588691193,KCNJ11,TCF12,LMC,bHLH
1096,47,0,-1.92576184832409,FOXC2,SP1,LMC,Zf
2417,36,0,1.17019220465761,RAB27B,MAZ,LMC,Zf
111,40,1,-1.27853399231863,ALDH1A3,MYOG,MEF,bHLH
2949,19,0,1.39093876319334,TCFL5,FOS,LMC,bZIP
957,46,0,-1.29344841963756,FADS2,RFX5,LMC,HTH
1595,19,1,1.94541631082666,KLHL30,FOS,MEF,bZIP
463,7,0,2.07484773133431,CD93,CTCF,LMC,Zf
2306,32,1,4.09369922461679,PPFIA2,JUND,MEF,bZIP
1552,10,0,-1.45568805172852,KCNK2,E2F4,LMC,E2F
3213,44,0,1.97610439531418,WDFY4,PBX3,LMC,Homeobox
3200,30,1,1.1224437930351,VMA21,IRF3,MEF,IRF
557,54,0,-1.43008297365315,CHTF18,USF1,LMC,bHLH
856,2,0,-1.15119532089597,EFCAB11,ATF3,LMC,bZIP
1681,10,1,-1.46976923934256,LPAR2,E2F4,MEF,E2F
2472,41,1,-2.98434592973191,RBM47,NANOG,MEF,Homeobox
2518,10,0,1.12192132751903,RNF144B,E2F4,LMC,E2F
1098,8,1,-2.04624548773259,FOXD2,CUX1,MEF,Homeobox
2049,14,1,2.14790843949534,NTF3,ELF1,MEF,ETS
2716,46,1,-1.50394993507876,SLC25A45,RFX5,MEF,HTH
2513,4,1,-2.52548059217856,RNASE10,BATF,MEF,bZIP
1270,56,0,-1.15641920811441,GPX7,YY1,LMC,Zf
3133,6,1,2.32342847283581,TTC18,BHLHE40,MEF,bHLH
2543,25,0,2.2870114835097,RSAD2,GATA1,LMC,Zf
565,14,1,-1.20092685026686,CKS1B,ELF1,MEF,ETS
808,12,1,2.35644225333158,DPYD,EBF1,MEF,EBF
243,7,1,-2.54697153283453,ATP6V0A4,CTCF,MEF,Zf
241,11,1,1.15532941828722,ATP1B2,E2F6,MEF,E2F
1773,47,1,-1.05508208421694,MAST1,SP1,MEF,Zf
1872,44,0,-1.77286048638889,MRC2,PBX3,LMC,Homeobox
3245,6,0,1.10045337922545,YPEL2,BHLHE40,LMC,bHLH
1572,52,1,1.40702788043446,KIF21A,TCF3,MEF,HMG
267,50,0,1.93708273972907,BAI2,STAT3,LMC,Stat
1329,20,1,-3.29733302336002,HHEX,FOSL2,MEF,bZIP
2569,56,0,-1.64177687245511,SAMD14,YY1,LMC,Zf
1675,51,1,1.4106392261015,LNX1,TCF12,MEF,bHLH
3022,43,1,-1.15122500441737,TMEM173,PAX5,MEF,"Paired,Homeobox"
2837,27,0,1.62615454323833,SPINT2,GATA3,LMC,Zf
850,56,1,2.08524046927591,EDIL3,YY1,MEF,Zf
128,13,0,1.1151143351714,AMIGO2,EGR1,LMC,Zf
422,10,1,-3.75573412612852,CCNB2,E2F4,MEF,E2F
878,40,1,1.85303279262942,ELFN1,MYOG,MEF,bHLH
2781,24,1,-3.91826530944562,SMOC2,GABPA,MEF,ETS
1459,34,1,-7.44354636193148,IL7R,MAFK,MEF,bZIP
2745,24,0,1.9025481432666,SLC43A2,GABPA,LMC,ETS
514,46,1,-2.23863783136101,CENPI,RFX5,MEF,HTH
973,2,1,1.84862719225515,FAM155A,ATF3,MEF,bZIP
2525,56,1,5.23482310914669,RNF39,YY1,MEF,Zf
24,24,1,2.15532876906198,ACE,GABPA,MEF,ETS
2623,59,1,1.52073728267155,SERPINB8,ZKSCAN1,MEF,Zf
185,15,1,1.03047405684959,ARHGAP29,ELK1,MEF,ETS
2323,13,1,-2.63906110655865,PRC1,EGR1,MEF,Zf
1096,36,0,-1.92576184832409,FOXC2,MAZ,LMC,Zf
491,43,0,-1.18831365543526,CDK5R1,PAX5,LMC,"Paired,Homeobox"
2349,17,0,-1.15565361783334,PRRT2,ETS1,LMC,ETS
3183,52,0,1.36921240634688,USP53,TCF3,LMC,HMG
2033,11,0,-1.95195850424148,NR2F1,E2F6,LMC,E2F
1017,24,1,-1.97493658435611,FANCI,GABPA,MEF,ETS
1588,9,0,-2.56633169713976,KLF12,E2F1,LMC,E2F
1763,19,1,-1.12485764033093,MAP4K1,FOS,MEF,bZIP
1669,9,1,-2.03337449621201,LMNB1,E2F1,MEF,E2F
2603,21,1,1.0266249678335,SEC61G,FOXA1,MEF,Forkhead
3031,36,0,-1.20620524419513,TMEM220,MAZ,LMC,Zf
2025,32,0,2.53672607490002,NPR1,JUND,LMC,bZIP
659,56,0,1.55122858363057,CRYAB,YY1,LMC,Zf
2816,60,1,-4.21242303903556,SP110,ZNF263,MEF,Zf
3030,43,1,2.60280360017536,TMEM200C,PAX5,MEF,"Paired,Homeobox"
2481,15,1,1.37011707392411,REC8,ELK1,MEF,ETS
860,53,1,2.11517334013374,EFHD1,TEAD4,MEF,TEA
3206,51,0,-1.91355241666201,VWA1,TCF12,LMC,bHLH
62,15,1,-1.74379178598136,ADAMTS6,ELK1,MEF,ETS
2774,47,1,5.10991849951047,SLITRK6,SP1,MEF,Zf
406,37,1,-1.29276876570371,CCDC88C,MEF2A,MEF,MADS
1491,39,0,-1.13709504347355,ITGA5,MYB,LMC,HTH
3164,29,1,1.15859874462322,UBXN11,IRF1,MEF,IRF
2953,46,0,1.39186676290857,TECPR1,RFX5,LMC,HTH
781,56,1,-1.77698609693369,DNAH6,YY1,MEF,Zf
2048,32,0,1.64352835104118,NT5E,JUND,LMC,bZIP
2302,52,1,1.18188529714765,PPAPDC3,TCF3,MEF,HMG
1827,47,1,-1.55070929847122,MIAT,SP1,MEF,Zf
2472,3,1,-2.98434592973191,RBM47,BACH1,MEF,bZIP
927,21,0,2.855110586397,ESYT3,FOXA1,LMC,Forkhead
749,20,1,-2.5682230846885,DEPDC1B,FOSL2,MEF,bZIP
2716,31,1,-1.50394993507876,SLC25A45,IRF4,MEF,IRF
2997,60,1,-1.22578015350755,TLR5,ZNF263,MEF,Zf
1171,28,1,-2.0002880318184,GDF10,HNF4A,MEF,NR
1862,25,1,1.15642821553146,MORN2,GATA1,MEF,Zf
1535,1,0,-1.32594598210786,KCND1,ATF2,LMC,bZIP
4,36,0,1.30531618728564,AATK,MAZ,LMC,Zf
1598,21,1,3.39736452764113,KLHL40,FOXA1,MEF,Forkhead
1468,50,1,3.66333018693737,INSC,STAT3,MEF,Stat
1699,17,0,3.43134522276188,LRRC2,ETS1,LMC,ETS
1444,56,0,1.29121899918497,IL18,YY1,LMC,Zf
1124,24,1,1.2403597876149,FUNDC1,GABPA,MEF,ETS
839,20,0,-1.8998701410423,EBF1,FOSL2,LMC,bZIP
582,42,0,1.38792844422219,CLN3,NRF1,LMC,NRF
1920,27,1,-2.36359696827046,MYO1B,GATA3,MEF,Zf
2294,27,0,1.61750945787195,POPDC3,GATA3,LMC,Zf
211,35,0,1.53336216995019,ARRB2,MAX,LMC,bHLH
833,30,1,1.3486774228937,DZANK1,IRF3,MEF,IRF
2125,58,0,1.67444194494018,PARP14,ZEB1,LMC,Zf
1617,17,0,1.53159191713736,LAMA3,ETS1,LMC,ETS
2284,24,0,1.35328741915032,PNPLA7,GABPA,LMC,ETS
2321,36,0,-2.17480430128255,PPP4R4,MAZ,LMC,Zf
3100,7,0,2.85923733343565,TRH,CTCF,LMC,Zf
3250,55,0,-2.44277508235194,ZC3HAV1L,USF2,LMC,bHLH
2710,49,0,1.87389290621927,SLC22A4,STAT1,LMC,Stat
1655,35,1,-1.4939244371639,LIG1,MAX,MEF,bHLH
1763,31,1,-1.12485764033093,MAP4K1,IRF4,MEF,IRF
2087,32,0,1.55451279110679,OPCML,JUND,LMC,bZIP
2022,53,1,3.62919739193268,NPBWR1,TEAD4,MEF,TEA
2345,35,0,2.28776017045123,PRR15L,MAX,LMC,bHLH
638,25,0,-1.23649506385739,CPED1,GATA1,LMC,Zf
1230,40,0,-2.89184454318421,GPER1,MYOG,LMC,bHLH
384,11,0,-1.17409117648331,CCDC116,E2F6,LMC,E2F
473,51,1,-1.83545152460296,CDCA2,TCF12,MEF,bHLH
1219,52,1,-2.16856191000515,GNGT2,TCF3,MEF,HMG
803,29,1,1.22236133221301,DPM1,IRF1,MEF,IRF
2935,14,0,-1.1207796034852,TARSL2,ELF1,LMC,ETS
1662,21,0,-1.79206421323517,LIN7A,FOXA1,LMC,Forkhead
1222,35,0,4.21023083730912,GOT1L1,MAX,LMC,bHLH
1475,35,1,-2.83898973234667,IRF5,MAX,MEF,bHLH
1957,42,0,-1.64466006634202,NDC80,NRF1,LMC,NRF
1982,6,0,1.52579109621261,NFATC2,BHLHE40,LMC,bHLH
2880,55,0,1.62372781467083,STEAP4,USF2,LMC,bHLH
44,7,1,1.57259468973211,ACY3,CTCF,MEF,Zf
375,3,1,1.03187685516321,CATSPERD,BACH1,MEF,bZIP
1730,15,1,-4.43367583493052,LYL1,ELK1,MEF,ETS
2420,27,1,1.4190619659383,RAB37,GATA3,MEF,Zf
2526,43,1,1.94027712823424,RNF43,PAX5,MEF,"Paired,Homeobox"
2562,13,0,2.55977662816013,S100A8,EGR1,LMC,Zf
98,35,1,-4.52294362677638,AIF1,MAX,MEF,bHLH
2311,11,0,2.41960817570328,PPM1N,E2F6,LMC,E2F
926,12,1,-1.32942090046407,ESYT1,EBF1,MEF,EBF
3138,21,0,-1.6865426189192,TTLL11,FOXA1,LMC,Forkhead
1323,11,0,1.11395880944298,HEG1,E2F6,LMC,E2F
2763,48,0,-1.37580388005319,SLC9A5,SP2,LMC,Zf
3203,6,1,-1.49832154904173,VSIG10L,BHLHE40,MEF,bHLH
214,11,0,-1.31617696470295,ARSI,E2F6,LMC,E2F
3074,35,1,1.9111052509538,TNS4,MAX,MEF,bHLH
1571,25,1,-2.07809907277535,KIF20B,GATA1,MEF,Zf
2782,23,0,1.45528337410704,SMPD3,FOXM1,LMC,Forkhead
2109,22,0,-1.8177228835142,PACSIN3,FOXA2,LMC,Forkhead
33,11,0,-1.13494100888188,ACSL3,E2F6,LMC,E2F
2542,60,0,-1.54415963122133,RRM2,ZNF263,LMC,Zf
2221,7,1,-1.75270894338397,PIWIL4,CTCF,MEF,Zf
2773,11,0,-1.30007760641789,SLITRK5,E2F6,LMC,E2F
2177,33,0,-1.03900312371046,PDIA5,MAFF,LMC,bZIP
2339,6,0,1.32329493770163,PROCR,BHLHE40,LMC,bHLH
1264,53,1,-1.74672611757322,GPR88,TEAD4,MEF,TEA
233,51,0,1.1636924686686,ATF6,TCF12,LMC,bHLH
2773,15,1,3.0316213618184,SLITRK5,ELK1,MEF,ETS
2343,31,1,-2.24464602061636,PRR11,IRF4,MEF,IRF
345,60,1,3.2806951234559,CACNA2D3,ZNF263,MEF,Zf
2114,6,1,1.64934591944947,PAK6,BHLHE40,MEF,bHLH
1586,7,0,-1.05305185057136,KISS1R,CTCF,LMC,Zf
125,34,1,1.0675509191686,AMD1,MAFK,MEF,bZIP
605,34,0,-1.07984003641775,CNTROB,MAFK,LMC,bZIP
1648,44,0,1.39432488372804,LGMN,PBX3,LMC,Homeobox
2340,2,1,-2.84244383250169,PROKR1,ATF3,MEF,bZIP
2251,37,0,-2.03705643469854,PLEKHG4,MEF2A,LMC,MADS
2258,46,1,1.11911637123027,PLIN5,RFX5,MEF,HTH
2920,10,1,2.08463741083142,SYT7,E2F4,MEF,E2F
2112,20,0,2.46587352718723,PADI3,FOSL2,LMC,bZIP
2626,56,1,3.1389116323707,SERPINE2,YY1,MEF,Zf
1486,49,0,1.32920004404911,ISYNA1,STAT1,LMC,Stat
2024,50,0,2.97162299189356,NPL,STAT3,LMC,Stat
1264,53,0,1.81093622762232,GPR88,TEAD4,LMC,TEA
3187,36,1,-1.16461380481226,VASH2,MAZ,MEF,Zf
357,32,1,1.14382917544585,CAMK2N1,JUND,MEF,bZIP
2988,27,1,2.47016823813231,TIPARP,GATA3,MEF,Zf
386,6,1,1.02387076158334,CCDC122,BHLHE40,MEF,bHLH
1777,50,0,-2.30942689170144,MATN2,STAT3,LMC,Stat
1839,25,1,2.8964772115961,MLPH,GATA1,MEF,Zf
927,6,1,1.40396646353209,ESYT3,BHLHE40,MEF,bHLH
2926,23,0,-1.58013498838004,SYTL5,FOXM1,LMC,Forkhead
1995,24,1,-1.79862701384107,NKAIN3,GABPA,MEF,ETS
897,36,0,2.02877616898271,ENPP2,MAZ,LMC,Zf
3191,50,1,-1.09005170142181,VAV2,STAT3,MEF,Stat
2769,54,0,2.09820679159257,SLFN5,USF1,LMC,bHLH
3112,34,0,-1.02635930451426,TRNP1,MAFK,LMC,bZIP
3064,57,1,3.49582714028846,TNFSF15,ZBTB33,MEF,Zf
496,58,1,-2.28882867699308,CDKN3,ZEB1,MEF,Zf
954,4,0,1.3474227486607,FABP3,BATF,LMC,bZIP
788,43,0,1.17421032513561,DNASE1L1,PAX5,LMC,"Paired,Homeobox"
753,32,1,1.03542245995947,DGKI,JUND,MEF,bZIP
1780,53,0,-1.10292671378567,MBOAT2,TEAD4,LMC,TEA
1863,8,1,1.38660918288816,MORN4,CUX1,MEF,Homeobox
2376,47,1,-2.66242552845657,PTGIS,SP1,MEF,Zf
2451,9,0,-1.70961630127587,RARRES1,E2F1,LMC,E2F
2910,35,1,1.18436067305893,SYN2,MAX,MEF,bHLH
1633,14,1,3.58062266510617,LCTL,ELF1,MEF,ETS
961,35,1,3.6109681857459,FAIM2,MAX,MEF,bHLH
1324,24,1,1.80366727059498,HEPH,GABPA,MEF,ETS
762,56,0,1.09464442057264,DLEU2,YY1,LMC,Zf
3005,19,0,-1.1154158873604,TMC7,FOS,LMC,bZIP
1902,53,1,-1.65920234708505,MYBL2,TEAD4,MEF,TEA
900,13,1,1.44269937541347,ENPP5,EGR1,MEF,Zf
792,52,1,-1.16716822785582,DNMT1,TCF3,MEF,HMG
2047,51,0,-1.49786300479231,NT5DC2,TCF12,LMC,bHLH
1848,35,1,1.58920096300279,MMP15,MAX,MEF,bHLH
1665,59,0,1.4596415262887,LIPA,ZKSCAN1,LMC,Zf
2608,42,0,-1.20440500444448,SEMA3C,NRF1,LMC,NRF
927,42,1,1.40396646353209,ESYT3,NRF1,MEF,NRF
3038,3,1,-1.1186215746795,TMEM26,BACH1,MEF,bZIP
2963,14,1,1.44393337399669,TFCP2L1,ELF1,MEF,ETS
2558,7,1,2.09365686948367,RXRG,CTCF,MEF,Zf
222,46,0,-2.43318349577608,ASB2,RFX5,LMC,HTH
103,11,0,-1.30472250216679,AKAP12,E2F6,LMC,E2F
2211,35,0,-1.21305770981626,PIK3C2B,MAX,LMC,bHLH
1183,17,1,1.51250060585978,GGH,ETS1,MEF,ETS
2807,6,0,1.39826749219682,SORL1,BHLHE40,LMC,bHLH
1612,17,1,-1.20250157496329,KYNU,ETS1,MEF,ETS
2589,36,1,2.02188822947034,SCN4B,MAZ,MEF,Zf
364,4,1,1.14635570776145,CAPS2,BATF,MEF,bZIP
253,15,1,-1.49332363548722,AXDND1,ELK1,MEF,ETS
2933,33,1,-1.95592310103042,TAGLN2,MAFF,MEF,bZIP
1774,2,1,-1.09348783625439,MAST3,ATF3,MEF,bZIP
648,47,1,1.09296402967198,CREBL2,SP1,MEF,Zf
3268,29,1,-1.42145752313049,ZYX,IRF1,MEF,IRF
2290,21,1,-2.13557752684561,POLE,FOXA1,MEF,Forkhead
1515,42,0,1.23303869843737,JPH1,NRF1,LMC,NRF
1486,51,1,-1.13969524110321,ISYNA1,TCF12,MEF,bHLH
295,23,0,-1.62021046144252,BIRC5,FOXM1,LMC,Forkhead
1806,24,1,2.23278078032331,MEIOB,GABPA,MEF,ETS
407,22,1,1.03514271363307,CCDC90B,FOXA2,MEF,Forkhead
1373,22,1,3.28481040650895,HOXC13,FOXA2,MEF,Forkhead
1097,60,1,-2.77674715516565,FOXD1,ZNF263,MEF,Zf
1049,51,0,-2.3444384689062,FGF10,TCF12,LMC,bHLH
728,22,0,-1.08951110478474,DCBLD1,FOXA2,LMC,Forkhead
1074,8,1,-2.13041540052826,FKBP5,CUX1,MEF,Homeobox
2641,51,1,-1.51561055023363,SGOL2,TCF12,MEF,bHLH
3069,46,1,-2.5900113745431,TNNI2,RFX5,MEF,HTH
1568,54,1,-2.57584463626319,KIF15,USF1,MEF,bHLH
2134,3,1,2.39317795527181,PCDH10,BACH1,MEF,bZIP
177,40,1,-1.74329848651595,AREG,MYOG,MEF,bHLH
525,29,1,-2.43362288031828,CEP55,IRF1,MEF,IRF
392,57,0,-1.59929315254546,CCDC18,ZBTB33,LMC,Zf
2291,46,1,-1.99697349643266,POLE2,RFX5,MEF,HTH
2886,33,1,1.35412699954028,STK38L,MAFF,MEF,bZIP
2965,7,1,-1.78231377699111,TFPI,CTCF,MEF,Zf
3127,14,1,-1.25041688315433,TSPAN14,ELF1,MEF,ETS
1677,10,0,1.93561996630926,LONRF3,E2F4,LMC,E2F
2980,12,1,1.073895233571,TIAM2,EBF1,MEF,EBF
794,37,0,1.90155186196009,DOCK2,MEF2A,LMC,MADS
2886,40,1,1.35412699954028,STK38L,MYOG,MEF,bHLH
2020,37,1,-1.95871154049572,NPAS2,MEF2A,MEF,MADS
1151,59,0,1.19537425206693,GAS6,ZKSCAN1,LMC,Zf
1914,10,1,-2.11302529516128,MYLK,E2F4,MEF,E2F
1015,23,1,-2.36954301173742,FANCA,FOXM1,MEF,Forkhead
2439,59,1,-1.16961792333877,RALGPS2,ZKSCAN1,MEF,Zf
1699,11,0,3.43134522276188,LRRC2,E2F6,LMC,E2F
484,32,1,-1.7228499073708,CDH24,JUND,MEF,bZIP
1098,55,1,-2.04624548773259,FOXD2,USF2,MEF,bHLH
2817,24,0,1.65282560274896,SP140,GABPA,LMC,ETS
932,6,1,1.3056546926836,EVA1C,BHLHE40,MEF,bHLH
2171,13,0,-2.44644168629595,PDE9A,EGR1,LMC,Zf
2982,6,1,-2.33478354896537,TICRR,BHLHE40,MEF,bHLH
2035,16,1,1.14847538568602,NR4A2,ELK4,MEF,ETS
2837,27,0,1.62615454323833,SPINT2,GATA3,LMC,Zf
1970,35,1,-2.2655962110482,NEK2,MAX,MEF,bHLH
1774,12,1,-1.09348783625439,MAST3,EBF1,MEF,EBF
2262,36,1,1.36115254292874,PLLP,MAZ,MEF,Zf
2956,11,1,-1.24477364143721,TERT,E2F6,MEF,E2F
2250,3,1,-1.29239612926271,PLEKHG3,BACH1,MEF,bZIP
1805,13,1,2.53388208972454,MEIG1,EGR1,MEF,Zf
770,36,0,2.04571185568345,DMC1,MAZ,LMC,Zf
501,36,1,-1.54134144871183,CDT1,MAZ,MEF,Zf
809,11,0,-2.38707552086668,DPYSL3,E2F6,LMC,E2F
264,17,1,-1.12777061966967,B4GALT5,ETS1,MEF,ETS
517,14,0,-1.36881504159307,CENPN,ELF1,LMC,ETS
1395,11,1,1.04373265354892,HSD17B1,E2F6,MEF,E2F
2319,51,1,2.1115367325484,PPP1R9A,TCF12,MEF,bHLH
1478,53,0,2.17765625314758,IRF8,TEAD4,LMC,TEA
526,25,0,-1.55044439537775,CEP72,GATA1,LMC,Zf
1935,13,0,-1.2886287110064,NACAD,EGR1,LMC,Zf
2645,50,1,-1.75248494391244,SH2D4B,STAT3,MEF,Stat
2289,25,1,-1.15837612128203,POLD1,GATA1,MEF,Zf
3250,6,0,-2.44277508235194,ZC3HAV1L,BHLHE40,LMC,bHLH
820,49,1,1.49893410721043,DTX1,STAT1,MEF,Stat
1943,40,1,-1.503121611781,NBEAL2,MYOG,MEF,bHLH
1904,13,1,-1.32345277777374,MYCL,EGR1,MEF,Zf
2203,13,0,-1.61451187747247,PHF19,EGR1,LMC,Zf
2424,6,1,-1.43699971579521,RAB3D,BHLHE40,MEF,bHLH
2462,49,0,1.1221546547737,RASSF2,STAT1,LMC,Stat
1083,7,1,-4.76867604582576,FMO2,CTCF,MEF,Zf
571,6,1,1.42711232357573,CLEC11A,BHLHE40,MEF,bHLH
593,34,1,2.74099485741018,CNKSR1,MAFK,MEF,bZIP
368,24,1,1.37737825561998,CASKIN1,GABPA,MEF,ETS
2210,47,1,-7.7534783220077,PIK3AP1,SP1,MEF,Zf
2243,52,1,-6.52649558262821,PLD4,TCF3,MEF,HMG
2730,59,1,1.11028162654342,SLC30A4,ZKSCAN1,MEF,Zf
832,36,1,-1.02758094939115,DYSF,MAZ,MEF,Zf
3020,60,0,4.33994729354874,TMEM163,ZNF263,LMC,Zf
2116,6,1,1.25392386281418,PAM,BHLHE40,MEF,bHLH
384,14,0,-1.17409117648331,CCDC116,ELF1,LMC,ETS
1611,34,1,2.32954569295926,KRT80,MAFK,MEF,bZIP
1461,28,0,-1.27116199450646,IMPDH1,HNF4A,LMC,NR
179,37,1,-2.85824699164267,ARHGAP15,MEF2A,MEF,MADS
1808,44,0,-1.82115918803008,MELK,PBX3,LMC,Homeobox
2779,14,1,1.10158499878209,SMIM8,ELF1,MEF,ETS
1588,24,0,-2.56633169713976,KLF12,GABPA,LMC,ETS
1887,14,1,3.01201921354902,MSX1,ELF1,MEF,ETS
1570,46,0,-2.10900677528057,KIF20A,RFX5,LMC,HTH
2023,43,1,-1.34352226122339,NPEPL1,PAX5,MEF,"Paired,Homeobox"
1081,25,0,2.28317642660713,FMNL1,GATA1,LMC,Zf
895,33,0,-2.74176093683303,ENO3,MAFF,LMC,bZIP
3220,32,1,-1.28295260221365,WIPF1,JUND,MEF,bZIP
786,35,1,3.11057783728204,DNAJC6,MAX,MEF,bHLH
1387,32,1,-2.44170919251263,HPSE,JUND,MEF,bZIP
2349,60,1,-2.01196229509999,PRRT2,ZNF263,MEF,Zf
480,7,0,-1.80943237310509,CDH10,CTCF,LMC,Zf
998,14,1,-1.63086707931467,FAM46B,ELF1,MEF,ETS
1805,26,1,2.53388208972454,MEIG1,GATA2,MEF,Zf
452,50,1,1.10534625992499,CD55,STAT3,MEF,Stat
1448,46,1,1.28980856944276,IL1B,RFX5,MEF,HTH
921,0,1,-2.39917654570674,ESCO2,ATF1,MEF,bZIP
2847,7,0,1.66700330645421,SPRY4,CTCF,LMC,Zf
2670,35,1,-3.28332234129866,SIM1,MAX,MEF,bHLH
601,6,1,-1.36483145323022,CNTFR,BHLHE40,MEF,bHLH
2248,44,1,1.63188489778177,PLEKHA7,PBX3,MEF,Homeobox
2034,46,1,1.69022432355717,NR3C2,RFX5,MEF,HTH
3250,35,0,-2.44277508235194,ZC3HAV1L,MAX,LMC,bHLH
430,14,0,2.2504575290091,CCR5,ELF1,LMC,ETS
2626,33,1,3.1389116323707,SERPINE2,MAFF,MEF,bZIP
3047,12,0,-1.78416974387923,TMEM74,EBF1,LMC,EBF
1441,56,0,-1.95169115556536,IL17D,YY1,LMC,Zf
2743,50,0,1.463380371895,SLC40A1,STAT3,LMC,Stat
1802,49,1,1.03338304760859,MEF2A,STAT1,MEF,Stat
3201,6,1,-1.60594919228545,VMO1,BHLHE40,MEF,bHLH
1592,7,1,3.37424913401424,KLHDC7A,CTCF,MEF,Zf
1845,19,1,-5.05841850575743,MMP12,FOS,MEF,bZIP
2575,50,0,1.95698653717505,SASH3,STAT3,LMC,Stat
3160,36,0,-1.97475920549478,UBE2C,MAZ,LMC,Zf
2128,34,1,-4.34984644962146,PARVG,MAFK,MEF,bZIP
2044,11,1,-2.15376756504763,NSG1,E2F6,MEF,E2F
1523,51,1,3.35904019245237,KCNA1,TCF12,MEF,bHLH
3056,8,0,1.851144354377,TNFAIP8L2,CUX1,LMC,Homeobox
1948,47,1,-2.19289973216985,NCAPG2,SP1,MEF,Zf
2273,12,0,2.09848892681081,PLXNC1,EBF1,LMC,EBF
3257,12,0,1.0511478044441,ZFPM1,EBF1,LMC,EBF
1563,40,0,-1.01650705043429,KDELR3,MYOG,LMC,bHLH
2701,54,1,1.60724773577274,SLC17A2,USF1,MEF,bHLH
222,56,1,-1.57264948899565,ASB2,YY1,MEF,Zf
2319,24,0,1.40689826891163,PPP1R9A,GABPA,LMC,ETS
2247,56,0,1.88482576744227,PLEKHA6,YY1,LMC,Zf
1422,53,0,1.726624124986,IGFBP4,TEAD4,LMC,TEA
1923,55,1,-6.19711798535676,MYO1G,USF2,MEF,bHLH
1728,55,1,-4.94880148210494,LY86,USF2,MEF,bHLH
1183,59,1,1.51250060585978,GGH,ZKSCAN1,MEF,Zf
2344,54,0,2.37482787571774,PRR15,USF1,LMC,bHLH
25,6,1,3.18066969946884,ACHE,BHLHE40,MEF,bHLH
2816,24,1,-4.21242303903556,SP110,GABPA,MEF,ETS
2128,43,0,1.85774573208055,PARVG,PAX5,LMC,"Paired,Homeobox"
1347,6,0,-2.04350465931052,HMMR,BHLHE40,LMC,bHLH
1485,60,1,1.4915516330555,ISM1,ZNF263,MEF,Zf
1065,44,1,-1.57977683346688,FHL2,PBX3,MEF,Homeobox
378,13,0,-1.08255506975934,CBX2,EGR1,LMC,Zf
720,16,0,1.18837675419197,CYSTM1,ELK4,LMC,ETS
2969,3,0,-1.39028771607637,TGFB1I1,BACH1,LMC,bZIP
2776,20,1,-4.60380268008925,SMAGP,FOSL2,MEF,bZIP
1625,12,1,2.40355499341245,LARS2,EBF1,MEF,EBF
43,22,0,-1.04222778985069,ACY1,FOXA2,LMC,Forkhead
465,49,1,-2.79960891240183,CDC20,STAT1,MEF,Stat
1082,43,1,1.04683222067852,FMNL2,PAX5,MEF,"Paired,Homeobox"
949,36,0,-1.019980760279,F2RL1,MAZ,LMC,Zf
2941,53,1,7.07741110632302,TBX4,TEAD4,MEF,TEA
467,18,0,-1.81097196316204,CDC25C,FLI1,LMC,ETS
1271,53,0,-2.17760740452674,GRAMD2,TEAD4,LMC,TEA
2727,35,0,-3.11197659189262,SLC2A4,MAX,LMC,bHLH
754,32,1,-1.31193956690903,DGKK,JUND,MEF,bZIP
2262,32,1,1.36115254292874,PLLP,JUND,MEF,bZIP
2996,34,0,1.11613418264724,TLR4,MAFK,LMC,bZIP
478,42,1,-1.50500405166392,CDCA8,NRF1,MEF,NRF
482,42,1,2.02751559025939,CDH17,NRF1,MEF,NRF
581,7,1,-2.50826089868748,CLMP,CTCF,MEF,Zf
714,51,1,5.83611476013381,CYP1A1,TCF12,MEF,bHLH
1736,26,1,-1.78155484658363,LYVE1,GATA2,MEF,Zf
1670,11,0,-2.10180405037591,LMO1,E2F6,LMC,E2F
1087,24,1,1.13617462924265,FNDC3A,GABPA,MEF,ETS
2823,23,0,-1.74134660350485,SPAG5,FOXM1,LMC,Forkhead
519,7,0,-1.14569791585651,CENPQ,CTCF,LMC,Zf
908,13,0,-1.2161774029393,EPHB2,EGR1,LMC,Zf
1753,14,1,-1.17597499133754,MANBA,ELF1,MEF,ETS
1442,7,1,3.60920778732912,IL17RB,CTCF,MEF,Zf
2677,33,0,-1.27927448448625,SKA3,MAFF,LMC,bZIP
1604,54,1,-2.53686917064916,KNSTRN,USF1,MEF,bHLH
291,33,1,1.86802523379668,BHLHA15,MAFF,MEF,bZIP
2298,58,1,2.24570716939652,POU4F1,ZEB1,MEF,Zf
247,17,0,1.05206045472128,ATP8A1,ETS1,LMC,ETS
810,6,1,1.09929052032418,DPYSL4,BHLHE40,MEF,bHLH
2209,43,1,-3.76137984375333,PIF1,PAX5,MEF,"Paired,Homeobox"
1740,35,1,3.31506874732211,MAB21L1,MAX,MEF,bHLH
2818,46,1,-2.08194247908824,SP3,RFX5,MEF,HTH
3028,32,1,-1.00655022948688,TMEM191C,JUND,MEF,bZIP
1778,27,1,-2.7356980513191,MATN3,GATA3,MEF,Zf
883,56,0,-1.77841332512068,ELOVL6,YY1,LMC,Zf
2541,23,1,-1.46648013064874,RRM1,FOXM1,MEF,Forkhead
2112,50,0,2.46587352718723,PADI3,STAT3,LMC,Stat
2573,24,1,-1.08077012072318,SAP25,GABPA,MEF,ETS
1545,58,0,2.30890588691193,KCNJ11,ZEB1,LMC,Zf
1882,13,1,5.05109554918755,MSLN,EGR1,MEF,Zf
2412,25,1,-2.13156977238491,RAB19,GATA1,MEF,Zf
556,10,1,-1.31285877421793,CHSY3,E2F4,MEF,E2F
2354,50,0,-2.56853911639848,PRSS35,STAT3,LMC,Stat
2551,36,1,1.47041778660776,RTN4R,MAZ,MEF,Zf
976,55,1,1.45778835578171,FAM169B,USF2,MEF,bHLH
467,32,0,-1.81097196316204,CDC25C,JUND,LMC,bZIP
1265,22,1,2.4965943904459,GPRC5A,FOXA2,MEF,Forkhead
3069,15,0,3.12334119411955,TNNI2,ELK1,LMC,ETS
918,12,1,1.76533193075129,ERG,EBF1,MEF,EBF
851,35,0,3.43066184509144,EDN2,MAX,LMC,bHLH
713,44,1,1.19144626408088,CYLD,PBX3,MEF,Homeobox
352,53,0,5.17564912690725,CALCB,TEAD4,LMC,TEA
2510,14,0,1.29693340843211,RINL,ELF1,LMC,ETS
2504,19,0,1.89206647016594,RHOV,FOS,LMC,bZIP
758,60,1,-2.18409012850674,DIRAS2,ZNF263,MEF,Zf
2231,56,0,-1.25589685126262,PLA2R1,YY1,LMC,Zf
1140,12,1,2.26230582996851,GALNT14,EBF1,MEF,EBF
1079,14,0,-1.1188667501533,FLT4,ELF1,LMC,ETS
2509,15,1,-1.81964590214041,RIN3,ELK1,MEF,ETS
2475,6,1,-1.44061168735286,RBPMS,BHLHE40,MEF,bHLH
865,35,1,-1.68230309894262,EFS,MAX,MEF,bHLH
2739,32,0,1.07554724816405,SLC39A10,JUND,LMC,bZIP
78,55,0,-1.84533616269219,ADM,USF2,LMC,bHLH
1897,56,1,1.36184455150581,MUM1L1,YY1,MEF,Zf
391,20,0,-1.06623168509166,CCDC159,FOSL2,LMC,bZIP
2474,47,0,1.67443314376631,RBP4,SP1,LMC,Zf
665,42,1,-4.44217521118845,CSF2RB,NRF1,MEF,NRF
2837,24,1,2.79424421339717,SPINT2,GABPA,MEF,ETS
2792,6,1,1.03951477220622,SNHG11,BHLHE40,MEF,bHLH
2335,42,1,-4.45543419393169,PRKCB,NRF1,MEF,NRF
2377,43,1,2.08349403611381,PTHLH,PAX5,MEF,"Paired,Homeobox"
2115,7,1,2.0007037960464,PALMD,CTCF,MEF,Zf
1597,6,1,-3.37533486723335,KLHL33,BHLHE40,MEF,bHLH
1347,14,1,-2.24742323046206,HMMR,ELF1,MEF,ETS
2072,60,0,1.26035311414204,OBSCN,ZNF263,LMC,Zf
1108,1,0,-1.83668937795745,FREM2,ATF2,LMC,bZIP
1004,19,1,1.7937952784065,FAM71E1,FOS,MEF,bZIP
793,3,1,-3.6299744403086,DOCK10,BACH1,MEF,bZIP
1294,18,1,-1.33553727089329,GSG2,FLI1,MEF,ETS
2031,2,1,1.6603360818878,NQO1,ATF3,MEF,bZIP
909,24,0,-1.00616267624316,EPHB3,GABPA,LMC,ETS
2166,27,1,-2.97331523072642,PDE3B,GATA3,MEF,Zf
2917,59,1,-2.23093925047887,SYT1,ZKSCAN1,MEF,Zf
2219,29,1,-1.09945099407407,PIP5K1C,IRF1,MEF,IRF
2119,40,1,1.46288098686934,PAPLN,MYOG,MEF,bHLH
1003,56,1,-3.49365096633453,FAM64A,YY1,MEF,Zf
1232,34,0,-1.41406949123652,GPM6B,MAFK,LMC,bZIP
1221,37,1,1.73376805098353,GORAB,MEF2A,MEF,MADS
2337,6,1,-3.36819154841887,PRKCH,BHLHE40,MEF,bHLH
2541,11,1,-1.46648013064874,RRM1,E2F6,MEF,E2F
311,53,1,-1.15853737122107,BRIP1,TEAD4,MEF,TEA
476,26,1,-1.51137963897236,CDCA7,GATA2,MEF,Zf
2686,10,1,1.0133885125942,SLC12A2,E2F4,MEF,E2F
2386,26,1,-5.85839993985972,PTPN6,GATA2,MEF,Zf
2275,60,0,1.06002019022503,PM20D2,ZNF263,LMC,Zf
724,35,1,3.68821899206503,DACH1,MAX,MEF,bHLH
2716,53,1,-1.50394993507876,SLC25A45,TEAD4,MEF,TEA
2199,21,0,-1.14057209797294,PGK1,FOXA1,LMC,Forkhead
1157,25,1,-1.05298720063532,GATA6,GATA1,MEF,Zf
3130,7,0,1.17286507479837,TSPAN33,CTCF,LMC,Zf
2204,42,1,-1.15295204263613,PHLPP1,NRF1,MEF,NRF
383,14,0,1.1674313896049,CCDC114,ELF1,LMC,ETS
963,7,0,1.37994791995384,FAM105A,CTCF,LMC,Zf
3104,40,1,-1.18940042398823,TRIM25,MYOG,MEF,bHLH
788,34,0,1.17421032513561,DNASE1L1,MAFK,LMC,bZIP
2740,50,1,-3.08616492184623,SLC39A12,STAT3,MEF,Stat
1233,54,0,2.16411160898218,GPNMB,USF1,LMC,bHLH
1215,49,0,-1.04714678478155,GNG10,STAT1,LMC,Stat
810,54,1,1.09929052032418,DPYSL4,USF1,MEF,bHLH
1757,52,1,-1.5178339960259,MAP1B,TCF3,MEF,HMG
1143,7,1,2.77782967795664,GALNT3,CTCF,MEF,Zf
1547,40,0,1.42554039435721,KCNJ2,MYOG,LMC,bHLH
3047,17,0,-1.78416974387923,TMEM74,ETS1,LMC,ETS
2687,6,1,1.45793192482683,SLC12A5,BHLHE40,MEF,bHLH
3253,44,1,-1.66201529403874,ZDHHC2,PBX3,MEF,Homeobox
339,35,0,2.19194013816375,CACNA1D,MAX,LMC,bHLH
1990,1,0,-1.75275991863876,NID1,ATF2,LMC,bZIP
787,29,1,1.35627669638986,DNALI1,IRF1,MEF,IRF
2187,6,1,2.4186562012654,PERP,BHLHE40,MEF,bHLH
2732,43,1,1.30662937679401,SLC33A1,PAX5,MEF,"Paired,Homeobox"
975,50,1,1.2401815530898,FAM161B,STAT3,MEF,Stat
2293,60,0,-2.73358754737203,POM121L2,ZNF263,LMC,Zf
2110,59,0,1.9334545394149,PADI1,ZKSCAN1,LMC,Zf
113,19,0,-1.98014191079215,ALDH1L2,FOS,LMC,bZIP
2416,59,0,-2.31707370328191,RAB27A,ZKSCAN1,LMC,Zf
1582,49,1,1.09834515514093,KIF9,STAT1,MEF,Stat
2360,12,0,-1.21915122142556,PRX,EBF1,LMC,EBF
893,10,1,1.05417125614623,ENDOD1,E2F4,MEF,E2F
2917,50,0,-1.42032876171185,SYT1,STAT3,LMC,Stat
1522,12,0,1.20685854188687,KBTBD8,EBF1,LMC,EBF
2709,1,0,1.6009575554387,SLC22A18,ATF2,LMC,bZIP
2715,17,1,1.16918833674438,SLC25A35,ETS1,MEF,ETS
1902,13,1,-1.65920234708505,MYBL2,EGR1,MEF,Zf
2057,0,1,-2.89490675475079,NUF2,ATF1,MEF,bZIP
1688,22,1,1.32207445323226,LRCH1,FOXA2,MEF,Forkhead
2485,7,1,3.63110658670554,RERG,CTCF,MEF,Zf
3240,43,1,2.28763388438051,XKR4,PAX5,MEF,"Paired,Homeobox"
1745,51,0,2.6302950683987,MAK,TCF12,LMC,bHLH
2651,7,1,-1.09294851276797,SH3KBP1,CTCF,MEF,Zf
1607,11,1,-2.10547219866638,KRT19,E2F6,MEF,E2F
1536,46,0,1.79193587062869,KCND2,RFX5,LMC,HTH
847,53,1,-2.70515393443908,ECSCR,TEAD4,MEF,TEA
3122,22,0,-1.24389385987994,TSHZ2,FOXA2,LMC,Forkhead
1375,5,1,-1.06303572888616,HOXC6,BCL11A,MEF,Zf
513,35,1,-1.61297653663404,CENPH,MAX,MEF,bHLH
1655,23,1,-1.4939244371639,LIG1,FOXM1,MEF,Forkhead
406,13,1,-1.29276876570371,CCDC88C,EGR1,MEF,Zf
3000,25,1,-2.75552671561759,TLR9,GATA1,MEF,Zf
1143,22,0,1.58166507184281,GALNT3,FOXA2,LMC,Forkhead
2727,20,0,-3.11197659189262,SLC2A4,FOSL2,LMC,bZIP
1238,19,1,1.29241954225617,GPR126,FOS,MEF,bZIP
3037,3,0,2.40178678373866,TMEM255A,BACH1,LMC,bZIP
2290,54,0,-1.59233149150338,POLE,USF1,LMC,bHLH
1793,10,1,-5.57817952899045,MCOLN3,E2F4,MEF,E2F
3181,56,0,1.00388229046063,USP2,YY1,LMC,Zf
349,35,0,1.27751062385433,CADM2,MAX,LMC,bHLH
821,25,1,-1.13824406119575,DTX4,GATA1,MEF,Zf
1636,7,1,1.42542567866,LDHD,CTCF,MEF,Zf
1435,7,0,2.724260975043,IL10,CTCF,LMC,Zf
937,52,1,1.42767641384569,EXOC3,TCF3,MEF,HMG
974,60,1,1.71578354148826,FAM159B,ZNF263,MEF,Zf
2920,2,1,2.08463741083142,SYT7,ATF3,MEF,bZIP
940,57,0,-1.04928380645849,EXT1,ZBTB33,LMC,Zf
2924,35,1,2.47982892076231,SYTL3,MAX,MEF,bHLH
1742,12,0,1.27719188336983,MADD,EBF1,LMC,EBF
2680,1,1,1.90933258500933,SLAIN1,ATF2,MEF,bZIP
1396,15,1,-1.17155907515863,HSPA12A,ELK1,MEF,ETS
473,33,1,-1.83545152460296,CDCA2,MAFF,MEF,bZIP
1335,52,1,1.04156670706997,HIST1H1C,TCF3,MEF,HMG
2350,32,0,-3.07678553125054,PRRX1,JUND,LMC,bZIP
223,20,1,2.71932696796331,ASB5,FOSL2,MEF,bZIP
3171,44,0,1.98466934184386,UNC13D,PBX3,LMC,Homeobox
2349,21,0,-1.15565361783334,PRRT2,FOXA1,LMC,Forkhead
1783,46,0,-2.61767842709454,MCAM,RFX5,LMC,HTH
2514,34,0,1.36002626195056,RNASEL,MAFK,LMC,bZIP
142,55,1,-1.0540168366728,ANKRD37,USF2,MEF,bHLH
1101,15,1,-1.94513685071821,FOXM1,ELK1,MEF,ETS
3122,24,0,-1.24389385987994,TSHZ2,GABPA,LMC,ETS
2057,54,1,-2.89490675475079,NUF2,USF1,MEF,bHLH
3164,46,1,1.15859874462322,UBXN11,RFX5,MEF,HTH
2458,13,0,-1.8068207517124,RASGRP1,EGR1,LMC,Zf
523,50,1,-1.02774606611324,CENPW,STAT3,MEF,Stat
136,32,0,-1.59568720121105,ANK3,JUND,LMC,bZIP
2439,9,0,1.09538100785983,RALGPS2,E2F1,LMC,E2F
3131,46,1,1.27435443550284,TSPYL5,RFX5,MEF,HTH
2840,54,1,-2.37049912905105,SPOCD1,USF1,MEF,bHLH
854,35,1,-1.88598600687672,EEPD1,MAX,MEF,bHLH
222,10,1,-1.57264948899565,ASB2,E2F4,MEF,E2F
2328,2,0,1.68357693735779,PRDX1,ATF3,LMC,bZIP
770,17,1,3.18728511537858,DMC1,ETS1,MEF,ETS
2756,55,0,2.04133615806583,SLC7A14,USF2,LMC,bHLH
1481,7,1,2.32183354628202,IRX3,CTCF,MEF,Zf
846,35,0,-2.18809247674176,ECM2,MAX,LMC,bHLH
1780,3,0,-1.10292671378567,MBOAT2,BACH1,LMC,bZIP
1528,3,0,2.30158238201654,KCNA7,BACH1,LMC,bZIP
337,17,0,-1.44650094432759,CABP1,ETS1,LMC,ETS
467,15,0,-1.81097196316204,CDC25C,ELK1,LMC,ETS
1900,16,0,-2.81354840009658,MXD3,ELK4,LMC,ETS
2037,35,1,-1.35552006550083,NRG1,MAX,MEF,bHLH
2542,7,0,-1.54415963122133,RRM2,CTCF,LMC,Zf
3163,19,0,2.11154611974576,UBXN10,FOS,LMC,bZIP
584,7,0,1.84292164698875,CLSTN3,CTCF,LMC,Zf
2458,10,0,-1.8068207517124,RASGRP1,E2F4,LMC,E2F
1802,49,1,1.03338304760859,MEF2A,STAT1,MEF,Stat
322,44,0,-1.95916441975136,BZRAP1,PBX3,LMC,Homeobox
3181,1,0,1.00388229046063,USP2,ATF2,LMC,bZIP
412,56,1,-1.37083219051155,CCL2,YY1,MEF,Zf
2769,49,1,-3.32063529258886,SLFN5,STAT1,MEF,Stat
407,18,1,1.03514271363307,CCDC90B,FLI1,MEF,ETS
2506,16,1,1.32344956546428,RIBC1,ELK4,MEF,ETS
493,56,1,2.49945734223034,CDKL4,YY1,MEF,Zf
1872,40,0,-1.77286048638889,MRC2,MYOG,LMC,bHLH
2166,27,1,-2.97331523072642,PDE3B,GATA3,MEF,Zf
3236,43,0,1.14579429923485,WWP1,PAX5,LMC,"Paired,Homeobox"
2487,35,1,-1.15876159891288,RFTN1,MAX,MEF,bHLH
3043,51,1,-2.86541431803902,TMEM51,TCF12,MEF,bHLH
2245,35,1,1.39513960986858,PLEK2,MAX,MEF,bHLH
23,58,0,-1.05465921556064,ACAT2,ZEB1,LMC,Zf
1501,17,1,-1.45200703686311,ITGB7,ETS1,MEF,ETS
609,27,1,2.58711429478437,COL14A1,GATA3,MEF,Zf
2697,32,1,-1.49067063119562,SLC16A13,JUND,MEF,bZIP
3073,50,0,-1.41293644589168,TNNT3,STAT3,LMC,Stat
1163,7,0,2.62029779584361,GCH1,CTCF,LMC,Zf
33,35,0,-1.13494100888188,ACSL3,MAX,LMC,bHLH
169,7,0,2.87784053099309,APOE,CTCF,LMC,Zf
2699,51,0,-1.13247654437372,SLC16A3,TCF12,LMC,bHLH
926,27,1,-1.32942090046407,ESYT1,GATA3,MEF,Zf
1034,50,1,1.68462784473143,FBXO32,STAT3,MEF,Stat
3171,58,0,1.98466934184386,UNC13D,ZEB1,LMC,Zf
490,34,1,-1.01868372437041,CDK2,MAFK,MEF,bZIP
2332,22,1,-1.39027810102326,PRIM1,FOXA2,MEF,Forkhead
1882,7,1,5.05109554918755,MSLN,CTCF,MEF,Zf
1984,35,1,-1.74102844682325,NFKBID,MAX,MEF,bHLH
1213,51,1,1.13983164407356,GNAI1,TCF12,MEF,bHLH
2420,11,1,1.4190619659383,RAB37,E2F6,MEF,E2F
1947,47,0,-1.68905460867663,NCAPG,SP1,LMC,Zf
1530,36,0,1.63913234858528,KCNAB2,MAZ,LMC,Zf
1178,14,1,-1.94275764697771,GEN1,ELF1,MEF,ETS
652,32,0,1.38975973373905,CRIP1,JUND,LMC,bZIP
1929,50,1,1.63807228244475,MYOM3,STAT3,MEF,Stat
188,8,1,-3.66341907785109,ARHGAP4,CUX1,MEF,Homeobox
2990,59,1,-1.96035300857267,TK1,ZKSCAN1,MEF,Zf
424,10,1,-1.71340513445512,CCNF,E2F4,MEF,E2F
1970,22,0,-1.56249356356483,NEK2,FOXA2,LMC,Forkhead
3235,29,1,-2.62409631254694,WT1,IRF1,MEF,IRF
653,7,1,1.80998111218053,CRISP2,CTCF,MEF,Zf
568,51,0,-2.61696798839525,CLDN1,TCF12,LMC,bHLH
3193,7,1,-1.4464715609649,VCAM1,CTCF,MEF,Zf
1182,53,0,1.17625315120143,GGCT,TEAD4,LMC,TEA
1316,35,1,-2.7538568771415,HCK,MAX,MEF,bHLH
1304,35,0,1.79557860486575,GUCY1A3,MAX,LMC,bHLH
211,47,1,-2.28244898322072,ARRB2,SP1,MEF,Zf
595,55,0,-3.63064064085732,CNN1,USF2,LMC,bHLH
378,2,1,-1.32292123294692,CBX2,ATF3,MEF,bZIP
1414,17,1,-1.58572532358793,IFITM1,ETS1,MEF,ETS
2215,37,1,-3.53089383410937,PIK3R6,MEF2A,MEF,MADS
1577,10,1,-1.29232054600738,KIF27,E2F4,MEF,E2F
2726,12,1,1.20875442074697,SLC2A3,EBF1,MEF,EBF
1558,14,1,-1.81985486520206,KCP,ELF1,MEF,ETS
1779,59,1,-1.49186664130323,MBOAT1,ZKSCAN1,MEF,Zf
3177,22,0,1.92870448377094,UPK1B,FOXA2,LMC,Forkhead
1957,9,1,-2.61766850781226,NDC80,E2F1,MEF,E2F
211,12,1,-2.28244898322072,ARRB2,EBF1,MEF,EBF
3231,19,0,-1.04138037568987,WNT5A,FOS,LMC,bZIP
509,13,0,-1.82662746708961,CEND1,EGR1,LMC,Zf
1566,36,1,-2.45701413877743,KIF11,MAZ,MEF,Zf
2092,21,0,1.14671967907741,OSGIN1,FOXA1,LMC,Forkhead
1021,59,0,-2.80287244127223,FAT4,ZKSCAN1,LMC,Zf
426,50,1,1.35703714806187,CCNO,STAT3,MEF,Stat
2402,5,0,1.58111116420939,PYCARD,BCL11A,LMC,Zf
1305,47,1,1.97744142088231,GYLTL1B,SP1,MEF,Zf
3176,1,1,-3.54813444764473,UNC93B1,ATF2,MEF,bZIP
326,60,0,2.23531811659424,C1QC,ZNF263,LMC,Zf
2249,46,1,1.15271259876003,PLEKHG1,RFX5,MEF,HTH
880,3,1,3.01540164249,ELMOD1,BACH1,MEF,bZIP
208,51,0,1.28382265210123,ARMC2,TCF12,LMC,bHLH
794,36,0,1.90155186196009,DOCK2,MAZ,LMC,Zf
1037,21,1,-1.67210055541033,FBXO48,FOXA1,MEF,Forkhead
2463,27,1,-2.86890580089476,RASSF4,GATA3,MEF,Zf
969,7,1,1.23830891859308,FAM131C,CTCF,MEF,Zf
558,15,0,-1.18502711991529,CIB2,ELK1,LMC,ETS
278,23,1,1.00590719166316,BCL11A,FOXM1,MEF,Forkhead
2761,51,1,1.34553666729425,SLC9A2,TCF12,MEF,bHLH
2995,14,1,-2.069741018555,TLR1,ELF1,MEF,ETS
240,20,0,1.60328158259357,ATP1B1,FOSL2,LMC,bZIP
227,3,1,1.29701518686603,ASIC1,BACH1,MEF,bZIP
139,43,1,1.03925723818669,ANKRD29,PAX5,MEF,"Paired,Homeobox"
2948,15,1,1.89850295891172,TCF7,ELK1,MEF,ETS
1475,17,1,-2.83898973234667,IRF5,ETS1,MEF,ETS
3139,46,1,1.58696034399578,TTLL6,RFX5,MEF,HTH
3143,27,1,-1.05710765042319,TTYH2,GATA3,MEF,Zf
3187,36,0,-1.34161711295415,VASH2,MAZ,LMC,Zf
1565,59,1,1.32414919836251,KDM6A,ZKSCAN1,MEF,Zf
1597,34,1,-3.37533486723335,KLHL33,MAFK,MEF,bZIP
672,16,0,-1.49505915276106,CSRP1,ELK4,LMC,ETS
1579,10,0,1.28112113456646,KIF3A,E2F4,LMC,E2F
1240,60,1,1.54315789604289,GPR137C,ZNF263,MEF,Zf
537,8,1,-1.01184978798121,CHAF1A,CUX1,MEF,Homeobox
926,30,1,-1.32942090046407,ESYT1,IRF3,MEF,IRF
2368,22,1,1.61211899018847,PTCHD1,FOXA2,MEF,Forkhead
534,52,0,-1.96639667434657,CGNL1,TCF3,LMC,HMG
2536,2,1,4.09881469049758,RPS27,ATF3,MEF,bZIP
241,3,1,1.15532941828722,ATP1B2,BACH1,MEF,bZIP
1438,15,0,1.31868986082705,IL12RB1,ELK1,LMC,ETS
991,19,0,-1.75512936448482,FAM20A,FOS,LMC,bZIP
2864,43,0,-1.61199136666544,ST6GALNAC3,PAX5,LMC,"Paired,Homeobox"
1970,14,1,-2.2655962110482,NEK2,ELF1,MEF,ETS
2995,7,0,2.13448467006782,TLR1,CTCF,LMC,Zf
1372,19,1,3.7981416382393,HOXC11,FOS,MEF,bZIP
1055,17,1,1.83302922552139,FGF5,ETS1,MEF,ETS
415,17,1,-4.26395841490701,CCL4,ETS1,MEF,ETS
30,36,0,1.62716198902984,ACOT4,MAZ,LMC,Zf
695,53,1,1.09241109000734,CWF19L2,TEAD4,MEF,TEA
1935,58,0,-1.2886287110064,NACAD,ZEB1,LMC,Zf
2277,44,1,-1.67266293787219,PMF1,PBX3,MEF,Homeobox
1362,14,0,-1.87218077993602,HOXA7,ELF1,LMC,ETS
450,29,1,-6.20798443020464,CD52,IRF1,MEF,IRF
1521,35,0,1.12300192662692,KAZN,MAX,LMC,bHLH
1885,34,1,-1.5366281892341,MST1R,MAFK,MEF,bZIP
2288,51,1,-1.22235801190337,POLA1,TCF12,MEF,bHLH
2914,15,1,3.80336753378648,SYNM,ELK1,MEF,ETS
368,32,1,1.37737825561998,CASKIN1,JUND,MEF,bZIP
2733,55,0,-1.7704915464473,SLC35F1,USF2,LMC,bHLH
1103,53,0,-1.1218794612056,FOXP1,TEAD4,LMC,TEA
473,26,0,-1.72477055854409,CDCA2,GATA2,LMC,Zf
1721,51,0,-1.39118704901339,LTBP2,TCF12,LMC,bHLH
2418,21,0,-1.00063840189489,RAB30,FOXA1,LMC,Forkhead
2249,60,1,1.15271259876003,PLEKHG1,ZNF263,MEF,Zf
2830,7,0,1.75535674803708,SPEF2,CTCF,LMC,Zf
2323,18,0,-1.89197869452633,PRC1,FLI1,LMC,ETS
971,7,0,-3.04262579929211,FAM150A,CTCF,LMC,Zf
1820,36,0,1.56261648232915,MFSD12,MAZ,LMC,Zf
2604,35,1,-5.64915437761262,SEL1L3,MAX,MEF,bHLH
2605,44,1,-5.12463925075724,SELPLG,PBX3,MEF,Homeobox
781,36,1,-1.77698609693369,DNAH6,MAZ,MEF,Zf
474,52,1,-2.01749036502043,CDCA3,TCF3,MEF,HMG
2915,10,0,-1.14558600910547,SYNPO,E2F4,LMC,E2F
3166,50,1,2.11848175670413,UGP2,STAT3,MEF,Stat
1882,36,0,2.25613902135658,MSLN,MAZ,LMC,Zf
2160,30,0,-1.2122647005082,PCYOX1L,IRF3,LMC,IRF
993,49,0,1.37308235035012,FAM213A,STAT1,LMC,Stat
3046,6,0,2.28932160921148,TMEM59L,BHLHE40,LMC,bHLH
853,2,0,3.15296340912355,EEF1A2,ATF3,LMC,bZIP
1414,28,1,-1.58572532358793,IFITM1,HNF4A,MEF,NR
1815,55,0,-1.87056078937979,MEX3B,USF2,LMC,bHLH
1654,51,1,1.71939104623095,LIF,TCF12,MEF,bHLH
1087,15,1,1.13617462924265,FNDC3A,ELK1,MEF,ETS
1920,22,0,-1.51597579647074,MYO1B,FOXA2,LMC,Forkhead
886,44,0,-1.4650615392872,EMILIN1,PBX3,LMC,Homeobox
1182,0,1,1.28941918021194,GGCT,ATF1,MEF,bZIP
2525,51,1,5.23482310914669,RNF39,TCF12,MEF,bHLH
1570,3,1,-2.64838673861431,KIF20A,BACH1,MEF,bZIP
1076,47,1,-1.15274787806897,FLNA,SP1,MEF,Zf
2035,25,1,1.14847538568602,NR4A2,GATA1,MEF,Zf
1444,47,0,1.29121899918497,IL18,SP1,LMC,Zf
2744,11,1,-2.43134537231159,SLC43A1,E2F6,MEF,E2F
1528,33,0,2.30158238201654,KCNA7,MAFF,LMC,bZIP
2569,13,0,-1.64177687245511,SAMD14,EGR1,LMC,Zf
171,33,0,-1.30844755503104,APOLD1,MAFF,LMC,bZIP
2349,11,1,-2.01196229509999,PRRT2,E2F6,MEF,E2F
1064,55,1,-1.63075334070055,FGL2,USF2,MEF,bHLH
1606,54,0,1.72988866215431,KRT18,USF1,LMC,bHLH
2395,3,0,-1.52644018494485,PTPRZ1,BACH1,LMC,bZIP
2378,36,0,1.53215201360364,PTK2B,MAZ,LMC,Zf
814,50,1,1.77068169962782,DSCAML1,STAT3,MEF,Stat
2727,53,0,-3.11197659189262,SLC2A4,TEAD4,LMC,TEA
1157,47,1,-1.05298720063532,GATA6,SP1,MEF,Zf
594,6,1,2.06692287266867,CNKSR2,BHLHE40,MEF,bHLH
1670,49,0,-2.10180405037591,LMO1,STAT1,LMC,Stat
178,59,1,-2.02334125806666,ARHGAP10,ZKSCAN1,MEF,Zf
1442,55,1,3.60920778732912,IL17RB,USF2,MEF,bHLH
3148,10,1,-2.14380067537427,TUBB3,E2F4,MEF,E2F
1566,27,1,-2.45701413877743,KIF11,GATA3,MEF,Zf
676,35,0,2.82225406239096,CST7,MAX,LMC,bHLH
60,42,1,1.65398276162516,ADAMTS20,NRF1,MEF,NRF
3016,32,0,1.66478094519978,TMEM151A,JUND,LMC,bZIP
2894,25,1,-1.24756860580179,STX1A,GATA1,MEF,Zf
421,0,1,-3.46951667804334,CCNB1,ATF1,MEF,bZIP
278,49,0,-2.49068744677869,BCL11A,STAT1,LMC,Stat
1665,60,1,-1.09066040559918,LIPA,ZNF263,MEF,Zf
2814,2,0,-1.17069604188716,SOX8,ATF3,LMC,bZIP
1246,59,0,1.71022493459667,GPR160,ZKSCAN1,LMC,Zf
615,32,1,2.39873918592375,COL23A1,JUND,MEF,bZIP
2969,36,0,-1.39028771607637,TGFB1I1,MAZ,LMC,Zf
2677,55,0,-1.27927448448625,SKA3,USF2,LMC,bHLH
2349,43,1,-2.01196229509999,PRRT2,PAX5,MEF,"Paired,Homeobox"
166,51,0,2.42773779515112,APOC1,TCF12,LMC,bHLH
2903,56,0,2.13580113389752,SV2A,YY1,LMC,Zf
818,57,1,-2.16450188489231,DTL,ZBTB33,MEF,Zf
817,56,0,1.918440317054,DSP,YY1,LMC,Zf
1142,35,0,-2.57237384040221,GALNT18,MAX,LMC,bHLH
3165,17,0,2.25380930016082,UCP2,ETS1,LMC,ETS
900,25,1,1.44269937541347,ENPP5,GATA1,MEF,Zf
744,36,1,-3.45003810797919,DEGS2,MAZ,MEF,Zf
786,42,1,3.11057783728204,DNAJC6,NRF1,MEF,NRF
213,21,1,-1.08500643822329,ARSB,FOXA1,MEF,Forkhead
1408,19,0,-1.06100170496001,ICA1,FOS,LMC,bZIP
3192,35,0,1.27281442031791,VAV3,MAX,LMC,bHLH
573,50,0,-2.39098735350718,CLEC14A,STAT3,LMC,Stat
118,3,1,-1.21591862457302,ALOXE3,BACH1,MEF,bZIP
1752,6,1,-1.28798152001015,MAN2A1,BHLHE40,MEF,bHLH
226,56,1,-2.12606281183785,ASF1B,YY1,MEF,Zf
1010,26,1,1.09840395942364,FAM83C,GATA2,MEF,Zf
2597,14,1,1.45662453410032,SDC2,ELF1,MEF,ETS
464,49,0,-1.03127844924857,CD97,STAT1,LMC,Stat
2792,40,1,1.03951477220622,SNHG11,MYOG,MEF,bHLH
265,11,1,-1.1411111453521,BAG2,E2F6,MEF,E2F
645,13,1,2.28998351004863,CRABP2,EGR1,MEF,Zf
519,33,0,-1.14569791585651,CENPQ,MAFF,LMC,bZIP
853,3,0,3.15296340912355,EEF1A2,BACH1,LMC,bZIP
2798,7,1,-4.38692587031083,SNX20,CTCF,MEF,Zf
1712,35,1,-1.11112604813906,LRRN4CL,MAX,MEF,bHLH
1786,7,1,-1.6925912433543,MCHR1,CTCF,MEF,Zf
1626,19,1,-1.20721833631676,LASP1,FOS,MEF,bZIP
1178,8,0,-1.42420978182455,GEN1,CUX1,LMC,Homeobox
2901,32,1,-5.15300147386645,SUSD3,JUND,MEF,bZIP
1599,0,1,-4.51884009141692,KLHL6,ATF1,MEF,bZIP
3138,43,0,-1.6865426189192,TTLL11,PAX5,LMC,"Paired,Homeobox"
1820,55,1,-1.62563638359958,MFSD12,USF2,MEF,bHLH
1762,51,0,1.08923612818634,MAP3K8,TCF12,LMC,bHLH
1008,16,1,1.5137643253142,FAM81A,ELK4,MEF,ETS
728,15,0,-1.08951110478474,DCBLD1,ELK1,LMC,ETS
2692,32,1,-5.35420024219679,SLC15A3,JUND,MEF,bZIP
1230,49,0,-2.89184454318421,GPER1,STAT1,LMC,Stat
2296,43,0,2.27815777289696,POU2F2,PAX5,LMC,"Paired,Homeobox"
2330,25,1,-1.38610302093725,PREX1,GATA1,MEF,Zf
2110,59,0,1.9334545394149,PADI1,ZKSCAN1,LMC,Zf
2100,25,1,-2.24121421422867,P2RX7,GATA1,MEF,Zf
2692,42,0,2.0074981520264,SLC15A3,NRF1,LMC,NRF
465,43,1,-2.79960891240183,CDC20,PAX5,MEF,"Paired,Homeobox"
140,25,1,-3.39000947167875,ANKRD33B,GATA1,MEF,Zf
2834,3,1,-3.44517107955526,SPINK2,BACH1,MEF,bZIP
2949,7,0,1.39093876319334,TCFL5,CTCF,LMC,Zf
1142,60,0,-2.57237384040221,GALNT18,ZNF263,LMC,Zf
2132,11,0,-3.97146035306406,PAX9,E2F6,LMC,E2F
1921,3,0,1.02112335467141,MYO1D,BACH1,LMC,bZIP
3186,14,1,-1.92621282947448,VANGL2,ELF1,MEF,ETS
1477,44,1,-1.28592065650619,IRF7,PBX3,MEF,Homeobox
1413,33,0,1.905682413793,IFIT1,MAFF,LMC,bZIP
3267,14,0,-1.26383646152717,ZWILCH,ELF1,LMC,ETS
1648,33,1,-1.27478146434956,LGMN,MAFF,MEF,bZIP
2809,7,1,-1.34966171690082,SOX11,CTCF,MEF,Zf
520,58,0,-1.07484665845757,CENPT,ZEB1,LMC,Zf
700,56,0,-2.60408851128574,CXCL12,YY1,LMC,Zf
1515,11,0,1.23303869843737,JPH1,E2F6,LMC,E2F
2991,40,0,-1.39196377773408,TLCD1,MYOG,LMC,bHLH
659,36,1,2.27806614278137,CRYAB,MAZ,MEF,Zf
3134,59,1,2.28253082591475,TTC21A,ZKSCAN1,MEF,Zf
1153,53,0,-1.37615733443091,GATA2,TEAD4,LMC,TEA
749,15,1,-2.5682230846885,DEPDC1B,ELK1,MEF,ETS
2268,47,0,1.42413422288827,PLTP,SP1,LMC,Zf
1743,21,0,1.2423560260099,MAF,FOXA1,LMC,Forkhead
400,13,1,1.69037125761884,CCDC68,EGR1,MEF,Zf
1604,27,1,-2.53686917064916,KNSTRN,GATA3,MEF,Zf
1210,29,0,1.25915763449481,GMIP,IRF1,LMC,IRF
969,49,1,1.23830891859308,FAM131C,STAT1,MEF,Stat
189,43,0,1.26121051263682,ARHGAP44,PAX5,LMC,"Paired,Homeobox"
3132,13,1,1.47466310086153,TTBK1,EGR1,MEF,Zf
3226,27,1,2.01913268486271,WNT10B,GATA3,MEF,Zf
996,8,0,-1.00862397123764,FAM3C,CUX1,LMC,Homeobox
2167,56,1,-1.03338798370775,PDE4A,YY1,MEF,Zf
2285,24,1,-2.14068200203897,PODNL1,GABPA,MEF,ETS
1016,18,0,-1.28239591471792,FANCD2,FLI1,LMC,ETS
1240,35,1,1.54315789604289,GPR137C,MAX,MEF,bHLH
909,2,0,-1.00616267624316,EPHB3,ATF3,LMC,bZIP
1333,21,1,2.04875300166275,HID1,FOXA1,MEF,Forkhead
1092,7,1,-3.89018491734933,FOLR2,CTCF,MEF,Zf
748,46,1,1.14447180905259,DENND6B,RFX5,MEF,HTH
2408,14,0,-1.23672453135472,QSOX1,ELF1,LMC,ETS
856,15,0,-1.15119532089597,EFCAB11,ELK1,LMC,ETS
58,45,1,-1.67805893584247,ADAMTS16,PRDM1,MEF,Zf
480,3,0,-1.80943237310509,CDH10,BACH1,LMC,bZIP
445,6,0,2.21857990031653,CD33,BHLHE40,LMC,bHLH
2526,32,1,1.94027712823424,RNF43,JUND,MEF,bZIP
2429,35,1,-5.54500344285024,RAC2,MAX,MEF,bHLH
2605,34,1,-5.12463925075724,SELPLG,MAFK,MEF,bZIP
642,25,1,-1.81086800991375,CPXM1,GATA1,MEF,Zf
2470,36,1,2.12684463825178,RBM24,MAZ,MEF,Zf
1841,53,1,3.42223870904129,MME,TEAD4,MEF,TEA
1522,38,1,1.08597430065433,KBTBD8,MEF2C,MEF,MADS
1711,11,0,1.47996043864215,LRRN4,E2F6,LMC,E2F
2458,11,0,-1.8068207517124,RASGRP1,E2F6,LMC,E2F
1665,10,0,1.4596415262887,LIPA,E2F4,LMC,E2F
555,8,0,-1.82408911386553,CHST7,CUX1,LMC,Homeobox
2847,22,0,1.66700330645421,SPRY4,FOXA2,LMC,Forkhead
2692,1,0,2.0074981520264,SLC15A3,ATF2,LMC,bZIP
785,55,1,1.17300266617792,DNAJB9,USF2,MEF,bHLH
626,53,1,-1.34398460115517,COLEC12,TEAD4,MEF,TEA
2517,6,0,-3.74593415862664,RNF144A,BHLHE40,LMC,bHLH
3056,8,1,-5.5076948580677,TNFAIP8L2,CUX1,MEF,Homeobox
2840,36,1,-2.37049912905105,SPOCD1,MAZ,MEF,Zf
1657,37,0,1.80988149856431,LILRB4,MEF2A,LMC,MADS
1671,33,0,1.82998282524865,LMO2,MAFF,LMC,bZIP
501,27,1,-1.54134144871183,CDT1,GATA3,MEF,Zf
402,14,1,-1.55205901784518,CCDC8,ELF1,MEF,ETS
973,32,1,1.84862719225515,FAM155A,JUND,MEF,bZIP
3085,29,0,-2.45217469460679,TPM2,IRF1,LMC,IRF
3214,46,1,1.09212177471396,WDR35,RFX5,MEF,HTH
2998,27,1,-5.67130858205146,TLR7,GATA3,MEF,Zf
3206,58,0,-1.91355241666201,VWA1,ZEB1,LMC,Zf
2818,11,1,-2.08194247908824,SP3,E2F6,MEF,E2F
1015,49,1,-2.36954301173742,FANCA,STAT1,MEF,Stat
1466,44,0,2.28222195528639,INPP5D,PBX3,LMC,Homeobox
180,25,1,-2.24495787061516,ARHGAP18,GATA1,MEF,Zf
2405,6,1,-2.67313082370963,PYHIN1,BHLHE40,MEF,bHLH
2014,27,0,1.03414208924194,NOS1AP,GATA3,LMC,Zf
325,27,1,-8.96041802146252,C1QB,GATA3,MEF,Zf
3167,53,1,-2.95782767929237,UHRF1,TEAD4,MEF,TEA
993,36,0,1.37308235035012,FAM213A,MAZ,LMC,Zf
2943,54,0,-2.66377021180121,TBXA2R,USF1,LMC,bHLH
202,6,1,1.01188481943622,ARID5A,BHLHE40,MEF,bHLH
3082,54,0,-1.88460532764586,TPBG,USF1,LMC,bHLH
3171,11,0,1.98466934184386,UNC13D,E2F6,LMC,E2F
2102,37,0,2.07252283070865,P2RY12,MEF2A,LMC,MADS
2734,13,0,-2.55732246205919,SLC35F2,EGR1,LMC,Zf
1472,26,1,-1.52991375774982,IQGAP2,GATA2,MEF,Zf
2911,34,0,1.17809138778285,SYNE2,MAFK,LMC,bZIP
693,49,0,-1.02311552800996,CUL7,STAT1,LMC,Stat
1146,33,1,-1.58579129430816,GAMT,MAFF,MEF,bZIP
499,21,1,-1.23012109848202,CDR2L,FOXA1,MEF,Forkhead
386,32,1,1.02387076158334,CCDC122,JUND,MEF,bZIP
448,47,1,-7.07768607115533,CD37,SP1,MEF,Zf
2125,49,0,1.67444194494018,PARP14,STAT1,LMC,Stat
1486,53,1,-1.13969524110321,ISYNA1,TEAD4,MEF,TEA
2752,32,1,1.40645862017294,SLC4A8,JUND,MEF,bZIP
2369,55,1,3.41152445883898,PTCHD2,USF2,MEF,bHLH
2129,51,1,1.79587034482107,PAX1,TCF12,MEF,bHLH
2195,1,0,1.38821447083428,PGAP1,ATF2,LMC,bZIP
763,1,1,2.02208135410791,DLG2,ATF2,MEF,bZIP
1665,51,1,-1.09066040559918,LIPA,TCF12,MEF,bHLH
2797,25,1,1.20718208298321,SNX16,GATA1,MEF,Zf
1504,13,0,1.98667024272069,ITM2A,EGR1,LMC,Zf
2358,3,0,-1.32666189066918,PRTG,BACH1,LMC,bZIP
2725,36,0,1.14130727579286,SLC2A13,MAZ,LMC,Zf
2254,25,1,-1.74626728338454,PLEKHO1,GATA1,MEF,Zf
2588,29,1,1.60874673887536,SCN3B,IRF1,MEF,IRF
1210,50,1,-1.35602407698699,GMIP,STAT3,MEF,Stat
2234,32,1,4.19996079719983,PLAGL1,JUND,MEF,bZIP
3166,41,1,2.11848175670413,UGP2,NANOG,MEF,Homeobox
1794,41,0,1.96495392722866,MCTP1,NANOG,LMC,Homeobox
585,57,0,1.67296122995437,CLU,ZBTB33,LMC,Zf
257,7,0,-1.68555652052455,B3GNT5,CTCF,LMC,Zf
2533,42,0,1.35459457772896,RPP25,NRF1,LMC,NRF
2777,24,0,1.33467085489491,SMARCA2,GABPA,LMC,ETS
2349,34,1,-2.01196229509999,PRRT2,MAFK,MEF,bZIP
2005,13,1,-1.77461700519955,NME2,EGR1,MEF,Zf
2439,29,1,-1.16961792333877,RALGPS2,IRF1,MEF,IRF
1778,47,1,-2.7356980513191,MATN3,SP1,MEF,Zf
373,3,0,1.10520537115312,CAT,BACH1,LMC,bZIP
2167,6,1,-1.03338798370775,PDE4A,BHLHE40,MEF,bHLH
3219,36,1,1.79090313974213,WFDC3,MAZ,MEF,Zf
889,24,1,-1.11038645323703,EMX2OS,GABPA,MEF,ETS
46,35,1,-3.15499513971165,ADAM12,MAX,MEF,bHLH
2111,43,1,-1.2449400998678,PADI2,PAX5,MEF,"Paired,Homeobox"
2481,41,1,1.37011707392411,REC8,NANOG,MEF,Homeobox
2816,56,1,-4.21242303903556,SP110,YY1,MEF,Zf
1828,20,0,1.49280612326672,MICALCL,FOSL2,LMC,bZIP
3111,41,1,-2.16167846771077,TRIP13,NANOG,MEF,Homeobox
2034,13,1,1.69022432355717,NR3C2,EGR1,MEF,Zf
873,36,0,2.31733348486408,EGR3,MAZ,LMC,Zf
525,7,0,-1.50796370389008,CEP55,CTCF,LMC,Zf
916,7,1,3.31834018748418,ERBB4,CTCF,MEF,Zf
55,22,0,-1.02577829579336,ADAMTS10,FOXA2,LMC,Forkhead
392,2,0,-1.59929315254546,CCDC18,ATF3,LMC,bZIP
1642,54,0,1.33464910250215,LFNG,USF1,LMC,bHLH
2386,17,1,-5.85839993985972,PTPN6,ETS1,MEF,ETS
468,27,1,-1.37167653448339,CDC42EP2,GATA3,MEF,Zf
1468,36,1,3.66333018693737,INSC,MAZ,MEF,Zf
956,3,0,1.40344479978975,FABP5,BACH1,LMC,bZIP
2107,36,1,1.19104829786541,P4HTM,MAZ,MEF,Zf
218,32,0,-1.31210114322349,ARTN,JUND,LMC,bZIP
2628,35,0,2.61707371539046,SERPING1,MAX,LMC,bHLH
292,49,0,-2.42562752128992,BHLHE22,STAT1,LMC,Stat
1420,53,1,-1.15452140562588,IGF2BP2,TEAD4,MEF,TEA
1750,23,0,-1.35662311441156,MAMSTR,FOXM1,LMC,Forkhead
835,36,1,-1.74413387692825,E2F7,MAZ,MEF,Zf
3137,23,1,-2.52066169804331,TTK,FOXM1,MEF,Forkhead
963,27,0,1.37994791995384,FAM105A,GATA3,LMC,Zf
340,53,1,-1.36183817971496,CACNA1G,TEAD4,MEF,TEA
992,30,1,1.00646228397572,FAM212B,IRF3,MEF,IRF
2454,56,0,2.25969313283064,RASEF,YY1,LMC,Zf
30,6,1,-1.68969657731149,ACOT4,BHLHE40,MEF,bHLH
479,13,0,4.50682592257257,CDH1,EGR1,LMC,Zf
631,43,1,-1.04533746512875,CORO1C,PAX5,MEF,"Paired,Homeobox"
2705,7,0,1.29306234316879,SLC18A1,CTCF,LMC,Zf
2608,4,1,2.11602326557381,SEMA3C,BATF,MEF,bZIP
1988,13,1,1.13223620404131,NHLRC1,EGR1,MEF,Zf
1704,3,1,1.46619295050566,LRRC4,BACH1,MEF,bZIP
920,13,0,2.3110851686836,ESAM,EGR1,LMC,Zf
2660,7,1,-2.91155511354678,SHCBP1,CTCF,MEF,Zf
3078,17,1,-2.8886465852491,TOP2A,ETS1,MEF,ETS
919,7,1,2.24573303137352,ERICH2,CTCF,MEF,Zf
1552,44,1,2.3264886845999,KCNK2,PBX3,MEF,Homeobox
1068,7,1,-1.19455565188966,FIBIN,CTCF,MEF,Zf
1598,46,1,3.39736452764113,KLHL40,RFX5,MEF,HTH
2716,23,0,1.26433755910849,SLC25A45,FOXM1,LMC,Forkhead
2416,35,0,-2.31707370328191,RAB27A,MAX,LMC,bHLH
2478,27,0,-1.05749006064145,RCN1,GATA3,LMC,Zf
988,25,1,1.57124127789086,FAM19A3,GATA1,MEF,Zf
911,21,1,1.40926174194967,EPN3,FOXA1,MEF,Forkhead
553,23,0,-1.16793164129301,CHST2,FOXM1,LMC,Forkhead
445,43,1,-3.50081866240652,CD33,PAX5,MEF,"Paired,Homeobox"
1759,54,0,-1.20195710611927,MAP2K6,USF1,LMC,bHLH
1411,53,1,-1.6255397687459,IDH2,TEAD4,MEF,TEA
463,14,0,2.07484773133431,CD93,ELF1,LMC,ETS
639,56,0,2.08813925219602,CPNE5,YY1,LMC,Zf
1323,50,0,1.11395880944298,HEG1,STAT3,LMC,Stat
2177,47,0,-1.03900312371046,PDIA5,SP1,LMC,Zf
1244,11,1,-2.02851210173342,GPR155,E2F6,MEF,E2F
291,33,1,1.86802523379668,BHLHA15,MAFF,MEF,bZIP
1032,21,0,-1.46617372302768,FBXO16,FOXA1,LMC,Forkhead
2409,41,0,1.19634377115798,RAB11FIP1,NANOG,LMC,Homeobox
497,13,0,-1.76818931634111,CDO1,EGR1,LMC,Zf
1026,7,0,-1.78999137298021,FBLN7,CTCF,LMC,Zf
1671,0,0,1.82998282524865,LMO2,ATF1,LMC,bZIP
970,36,1,-1.1733152377006,FAM132B,MAZ,MEF,Zf
434,32,0,2.10004242012151,CD180,JUND,LMC,bZIP
585,47,0,1.67296122995437,CLU,SP1,LMC,Zf
1172,6,1,-2.53017151729997,GDF3,BHLHE40,MEF,bHLH
419,50,1,-1.01212708968367,CCM2,STAT3,MEF,Stat
1346,13,1,-2.7170715453491,HMHA1,EGR1,MEF,Zf
2119,54,1,1.46288098686934,PAPLN,USF1,MEF,bHLH
521,14,1,-1.47290606283231,CENPU,ELF1,MEF,ETS
714,27,1,5.83611476013381,CYP1A1,GATA3,MEF,Zf
278,56,1,1.00590719166316,BCL11A,YY1,MEF,Zf
2270,35,1,-3.02899029193795,PLXDC1,MAX,MEF,bHLH
2632,54,1,-2.46488651593845,SEZ6L2,USF1,MEF,bHLH
1478,23,1,-4.43611876756178,IRF8,FOXM1,MEF,Forkhead
2154,40,0,3.91045867563713,PCNXL2,MYOG,LMC,bHLH
1662,53,0,-1.79206421323517,LIN7A,TEAD4,LMC,TEA
3005,3,0,-1.1154158873604,TMC7,BACH1,LMC,bZIP
1204,50,1,-2.29781702143393,GLIPR2,STAT3,MEF,Stat
1612,47,1,-1.20250157496329,KYNU,SP1,MEF,Zf
1181,14,1,3.4981608425236,GFRA3,ELF1,MEF,ETS
439,7,0,2.39532242952227,CD28,CTCF,LMC,Zf
2011,42,0,1.14637806348536,NOD1,NRF1,LMC,NRF
2251,36,0,-2.03705643469854,PLEKHG4,MAZ,LMC,Zf
2619,35,1,1.43991771428748,SERP2,MAX,MEF,bHLH
2301,42,0,-1.30817783764579,PPAP2A,NRF1,LMC,NRF
993,6,1,1.25563473842754,FAM213A,BHLHE40,MEF,bHLH
1473,23,1,-2.92615095993494,IQGAP3,FOXM1,MEF,Forkhead
1628,51,0,-1.03193745565036,LBR,TCF12,LMC,bHLH
151,30,0,-1.257800767497,ANXA6,IRF3,LMC,IRF
937,10,1,1.42767641384569,EXOC3,E2F4,MEF,E2F
115,33,1,-1.46853695672575,ALDH3B1,MAFF,MEF,bZIP
2492,43,1,-1.83237956996519,RGS16,PAX5,MEF,"Paired,Homeobox"
1023,13,0,-2.49780599597722,FBLN1,EGR1,LMC,Zf
1879,34,0,2.49984910075279,MS4A7,MAFK,LMC,bZIP
3137,1,1,-2.52066169804331,TTK,ATF2,MEF,bZIP
1582,1,1,1.09834515514093,KIF9,ATF2,MEF,bZIP
1981,41,1,4.35767181936915,NFASC,NANOG,MEF,Homeobox
1881,34,1,1.05245446159028,MSI2,MAFK,MEF,bZIP
583,11,1,-2.54067501437176,CLSPN,E2F6,MEF,E2F
1727,52,1,-1.39507995883176,LY75,TCF3,MEF,HMG
43,24,0,-1.04222778985069,ACY1,GABPA,LMC,ETS
2140,10,0,-1.50709385631897,PCDH9,E2F4,LMC,E2F
1282,32,0,-2.76900124742437,GRIK1,JUND,LMC,bZIP
1789,53,1,-2.01469923560463,MCM3,TEAD4,MEF,TEA
585,50,0,1.67296122995437,CLU,STAT3,LMC,Stat
3046,32,0,2.28932160921148,TMEM59L,JUND,LMC,bZIP
2023,50,1,-1.34352226122339,NPEPL1,STAT3,MEF,Stat
2499,36,1,1.45631292966095,RHBDL2,MAZ,MEF,Zf
1163,1,1,1.37659350408397,GCH1,ATF2,MEF,bZIP
2523,11,0,-1.17127768993016,RNF207,E2F6,LMC,E2F
1660,47,0,-1.13226619033388,LIMK1,SP1,LMC,Zf
2413,21,0,1.25384032758568,RAB20,FOXA1,LMC,Forkhead
2491,25,1,-3.65507814591035,RGS10,GATA1,MEF,Zf
1531,15,1,1.9358693599311,KCNB1,ELK1,MEF,ETS
1215,34,0,-1.04714678478155,GNG10,MAFK,LMC,bZIP
166,19,0,2.42773779515112,APOC1,FOS,LMC,bZIP
1542,60,0,2.07201257474795,KCNIP2,ZNF263,LMC,Zf
673,47,0,-2.22575402794082,CSRP2,SP1,LMC,Zf
1189,30,1,1.73638195930374,GIMAP6,IRF3,MEF,IRF
478,58,1,-1.50500405166392,CDCA8,ZEB1,MEF,Zf
3159,14,1,-1.17765017471385,UBASH3B,ELF1,MEF,ETS
2133,1,1,-2.60793494939055,PBK,ATF2,MEF,bZIP
2833,50,0,2.04473439363982,SPI1,STAT3,LMC,Stat
38,1,0,-2.4281115859131,ACTA2,ATF2,LMC,bZIP
2990,33,0,-1.64263124238285,TK1,MAFF,LMC,bZIP
1358,59,0,-1.7556303587846,HOXA3,ZKSCAN1,LMC,Zf
947,7,0,1.10560629387605,F11R,CTCF,LMC,Zf
2992,11,0,-1.59620965406724,TLE2,E2F6,LMC,E2F
196,55,0,2.16324056472796,ARHGEF37,USF2,LMC,bHLH
1209,7,1,-2.87322861539706,GMFG,CTCF,MEF,Zf
1372,54,1,3.7981416382393,HOXC11,USF1,MEF,bHLH
284,26,1,3.11934894699155,BEND5,GATA2,MEF,Zf
121,35,1,2.05301611727936,ALPL,MAX,MEF,bHLH
739,55,1,1.57375665683309,DDN,USF2,MEF,bHLH
1246,22,0,1.71022493459667,GPR160,FOXA2,LMC,Forkhead
2606,51,0,-1.18341999381552,SEMA3A,TCF12,LMC,bHLH
1714,47,1,1.57354315045542,LRRTM3,SP1,MEF,Zf
2449,14,1,2.09975394942392,RARB,ELF1,MEF,ETS
2982,36,0,-1.48427698650404,TICRR,MAZ,LMC,Zf
3056,6,1,-5.5076948580677,TNFAIP8L2,BHLHE40,MEF,bHLH
926,25,1,-1.32942090046407,ESYT1,GATA1,MEF,Zf
1566,50,1,-2.45701413877743,KIF11,STAT3,MEF,Stat
2973,55,1,2.42079975098302,TGM5,USF2,MEF,bHLH
1424,1,1,-2.50962771157605,IGFBP6,ATF2,MEF,bZIP
454,1,0,2.02419233042325,CD68,ATF2,LMC,bZIP
1075,34,0,1.70639394167543,FLI1,MAFK,LMC,bZIP
3059,7,1,2.9543937762288,TNFRSF11B,CTCF,MEF,Zf
2160,51,0,-1.2122647005082,PCYOX1L,TCF12,LMC,bHLH
2750,40,0,1.09773948896469,SLC46A3,MYOG,LMC,bHLH
1221,7,1,1.73376805098353,GORAB,CTCF,MEF,Zf
2187,51,1,2.4186562012654,PERP,TCF12,MEF,bHLH
33,15,0,-1.13494100888188,ACSL3,ELK1,LMC,ETS
3187,60,1,-1.16461380481226,VASH2,ZNF263,MEF,Zf
636,21,1,4.23523948186586,CP,FOXA1,MEF,Forkhead
1988,41,1,1.13223620404131,NHLRC1,NANOG,MEF,Homeobox
2694,17,0,1.20649329449766,SLC16A10,ETS1,LMC,ETS
2070,1,0,2.37988849728914,OAS2,ATF2,LMC,bZIP
1780,55,0,-1.10292671378567,MBOAT2,USF2,LMC,bHLH
1019,6,1,1.58556966110218,FAS,BHLHE40,MEF,bHLH
1960,0,1,1.24843648845543,NDRG2,ATF1,MEF,bZIP
2807,10,0,1.39826749219682,SORL1,E2F4,LMC,E2F
3085,46,1,-1.46134327408536,TPM2,RFX5,MEF,HTH
1732,3,1,2.35275440321985,LYPD6B,BACH1,MEF,bZIP
267,24,0,1.93708273972907,BAI2,GABPA,LMC,ETS
2897,49,0,-1.10735214005157,STYK1,STAT1,LMC,Stat
2800,55,1,-1.09658233253047,SOAT1,USF2,MEF,bHLH
2233,35,1,-5.66207559589651,PLAC8,MAX,MEF,bHLH
986,11,0,-2.57188756497958,FAM198A,E2F6,LMC,E2F
516,29,1,-2.19308549025505,CENPM,IRF1,MEF,IRF
507,35,1,2.14841125554855,CELSR2,MAX,MEF,bHLH
2000,59,0,1.5370079637518,NLRC3,ZKSCAN1,LMC,Zf
1490,58,1,1.27075279553544,ITGA3,ZEB1,MEF,Zf
176,60,0,1.68932454444694,ARAP3,ZNF263,LMC,Zf
1350,25,0,1.34567640676102,HNMT,GATA1,LMC,Zf
2802,13,0,1.01551024614433,SOCS6,EGR1,LMC,Zf
2315,58,1,1.05038998947323,PPP1R26,ZEB1,MEF,Zf
2333,11,1,2.11733149630965,PRKAA2,E2F6,MEF,E2F
2462,1,1,-1.27388781825867,RASSF2,ATF2,MEF,bZIP
761,22,0,1.96332947809018,DKKL1,FOXA2,LMC,Forkhead
2488,23,1,-1.85060323120743,RGCC,FOXM1,MEF,Forkhead
2008,33,1,2.81553162174377,NMU,MAFF,MEF,bZIP
423,53,1,-1.02075811413919,CCNE1,TEAD4,MEF,TEA
1623,47,1,-7.95287425558167,LAPTM5,SP1,MEF,Zf
1417,36,1,-1.88705029332948,IGF1,MAZ,MEF,Zf
57,40,1,-3.23525709952468,ADAMTS14,MYOG,MEF,bHLH
2239,32,0,2.29842766167995,PLCE1,JUND,LMC,bZIP
2850,36,1,1.15748359100971,SQRDL,MAZ,MEF,Zf
3265,1,1,-1.29404265522408,ZRANB3,ATF2,MEF,bZIP
1984,24,1,-1.74102844682325,NFKBID,GABPA,MEF,ETS
526,36,0,-1.55044439537775,CEP72,MAZ,LMC,Zf
1226,46,1,-1.02045995070705,GPC2,RFX5,MEF,HTH
242,25,1,-1.74134372328352,ATP2A3,GATA1,MEF,Zf
1274,32,1,-1.13146745223396,GRB10,JUND,MEF,bZIP
1499,46,0,1.62077196013722,ITGB4,RFX5,LMC,HTH
1879,49,1,-8.84349682711062,MS4A7,STAT1,MEF,Stat
893,43,1,1.05417125614623,ENDOD1,PAX5,MEF,"Paired,Homeobox"
2458,12,0,-1.8068207517124,RASGRP1,EBF1,LMC,EBF
468,44,1,-1.37167653448339,CDC42EP2,PBX3,MEF,Homeobox
1600,7,1,1.56969787708839,KLHL8,CTCF,MEF,Zf
3139,21,1,1.58696034399578,TTLL6,FOXA1,MEF,Forkhead
2497,34,1,2.70987718393113,RGS6,MAFK,MEF,bZIP
2727,36,0,-3.11197659189262,SLC2A4,MAZ,LMC,Zf
2380,56,0,-3.6548302174139,PTN,YY1,LMC,Zf
511,23,0,-2.02810264729647,CENPE,FOXM1,LMC,Forkhead
2917,44,0,-1.42032876171185,SYT1,PBX3,LMC,Homeobox
827,7,0,1.31630430034092,DUSP6,CTCF,LMC,Zf
280,30,1,-1.11309358236636,BCL2L11,IRF3,MEF,IRF
1162,46,1,1.53185787847727,GCA,RFX5,MEF,HTH
2257,14,0,-1.78801045356104,PLIN4,ELF1,LMC,ETS
210,21,1,-1.03621188563536,ARRB1,FOXA1,MEF,Forkhead
455,29,0,2.6942826782236,CD69,IRF1,LMC,IRF
2562,35,0,2.55977662816013,S100A8,MAX,LMC,bHLH
796,41,0,1.30396145946653,DOCK8,NANOG,LMC,Homeobox
711,35,1,2.11217937635769,CYBRD1,MAX,MEF,bHLH
2906,56,1,1.51508658164846,SVOP,YY1,MEF,Zf
2672,25,1,-2.39445509281192,SIPA1,GATA1,MEF,Zf
2588,10,1,1.60874673887536,SCN3B,E2F4,MEF,E2F
2800,29,0,1.10695031251757,SOAT1,IRF1,LMC,IRF
2349,50,0,-1.15565361783334,PRRT2,STAT3,LMC,Stat
322,11,0,-1.95916441975136,BZRAP1,E2F6,LMC,E2F
344,13,1,1.08372823415031,CACNA2D2,EGR1,MEF,Zf
3232,6,1,1.96697875860913,WNT5B,BHLHE40,MEF,bHLH
2559,16,1,-1.04119461695992,S100A10,ELK4,MEF,ETS
1824,10,1,3.1939303168836,MGP,E2F4,MEF,E2F
728,35,0,-1.08951110478474,DCBLD1,MAX,LMC,bHLH
3199,29,1,1.16338139694328,VKORC1,IRF1,MEF,IRF
759,34,0,-1.00993525857208,DIXDC1,MAFK,LMC,bZIP
1949,35,1,-1.5197695139223,NCAPH,MAX,MEF,bHLH
631,27,1,-1.04533746512875,CORO1C,GATA3,MEF,Zf
3169,3,0,1.19459241376061,UNC13B,BACH1,LMC,bZIP
233,50,0,1.1636924686686,ATF6,STAT3,LMC,Stat
3129,17,0,-1.65562226803156,TSPAN2,ETS1,LMC,ETS
1032,56,0,-1.46617372302768,FBXO16,YY1,LMC,Zf
3199,16,1,1.16338139694328,VKORC1,ELK4,MEF,ETS
470,35,1,-2.25890499537823,CDC42EP5,MAX,MEF,bHLH
1989,11,0,-1.24531658795539,NHS,E2F6,LMC,E2F
3028,13,1,-1.00655022948688,TMEM191C,EGR1,MEF,Zf
3084,40,1,2.08975974775543,TPH2,MYOG,MEF,bHLH
438,43,1,-3.80310192593788,CD244,PAX5,MEF,"Paired,Homeobox"
2827,8,1,-2.00049292395943,SPC24,CUX1,MEF,Homeobox
694,3,1,-1.01879417311662,CUX1,BACH1,MEF,bZIP
2586,11,1,1.44990055505487,SCN1B,E2F6,MEF,E2F
2779,47,1,1.10158499878209,SMIM8,SP1,MEF,Zf
1206,11,0,-1.22411901217889,GLIS3,E2F6,LMC,E2F
2742,0,0,1.46235789888807,SLC39A8,ATF1,LMC,bZIP
1574,32,1,-2.47502725547592,KIF23,JUND,MEF,bZIP
1948,47,1,-2.19289973216985,NCAPG2,SP1,MEF,Zf
3003,52,1,-3.99329327944435,TM6SF1,TCF3,MEF,HMG
1277,29,1,3.21200492818692,GRHL1,IRF1,MEF,IRF
2810,44,1,-2.68150712163575,SOX12,PBX3,MEF,Homeobox
2604,58,1,-5.64915437761262,SEL1L3,ZEB1,MEF,Zf
2436,27,1,-1.79053346769838,RAD54L,GATA3,MEF,Zf
2938,0,1,1.88676760580032,TBX18,ATF1,MEF,bZIP
176,14,1,-5.36535647815118,ARAP3,ELF1,MEF,ETS
3007,17,1,-2.84859680440921,TMEM106A,ETS1,MEF,ETS
279,47,1,1.01856257095648,BCL11B,SP1,MEF,Zf
862,53,1,2.84569659738805,EFNA1,TEAD4,MEF,TEA
2641,50,0,-1.30244599015757,SGOL2,STAT3,LMC,Stat
864,1,1,1.33838286955012,EFNA5,ATF2,MEF,bZIP
1791,50,1,-1.8528816001039,MCM6,STAT3,MEF,Stat
2046,40,0,-1.04113644878378,NT5C3B,MYOG,LMC,bHLH
2047,3,1,-3.18610440050238,NT5DC2,BACH1,MEF,bZIP
2845,10,0,-1.12860791435859,SPRY1,E2F4,LMC,E2F
1643,25,1,-1.38336396197662,LGALS3,GATA1,MEF,Zf
1939,49,1,1.0546966217877,NAPB,STAT1,MEF,Stat
2255,25,0,4.80473073852399,PLET1,GATA1,LMC,Zf
3034,56,0,-1.63490947200649,TMEM246,YY1,LMC,Zf
934,49,1,-4.11974488759282,EVI2B,STAT1,MEF,Stat
2866,32,0,-3.45472894499849,ST8SIA2,JUND,LMC,bZIP
2321,46,0,-2.17480430128255,PPP4R4,RFX5,LMC,HTH
496,14,1,-2.28882867699308,CDKN3,ELF1,MEF,ETS
492,24,0,-1.4240874662344,CDKL1,GABPA,LMC,ETS
2059,19,1,-1.39551638307531,NUP210L,FOS,MEF,bZIP
906,32,1,-1.12533092416643,EPHA4,JUND,MEF,bZIP
1469,10,0,-1.34614119276357,INSIG1,E2F4,LMC,E2F
1970,50,0,-1.56249356356483,NEK2,STAT3,LMC,Stat
1762,17,0,1.08923612818634,MAP3K8,ETS1,LMC,ETS
864,9,1,1.33838286955012,EFNA5,E2F1,MEF,E2F
2167,35,0,-1.47607183564039,PDE4A,MAX,LMC,bHLH
2734,8,0,-2.55732246205919,SLC35F2,CUX1,LMC,Homeobox
2133,24,1,-2.60793494939055,PBK,GABPA,MEF,ETS
1388,56,0,1.36297557427342,HRASLS,YY1,LMC,Zf
169,29,1,-4.85068676771273,APOE,IRF1,MEF,IRF
3026,46,0,1.20604148876069,TMEM180,RFX5,LMC,HTH
2185,9,1,-1.72243686447564,PEG10,E2F1,MEF,E2F
181,53,0,1.78604963715572,ARHGAP19,TEAD4,LMC,TEA
1984,6,1,-1.74102844682325,NFKBID,BHLHE40,MEF,bHLH
2382,17,0,1.0109676241031,PTPN13,ETS1,LMC,ETS
2831,22,0,-1.23443575155555,SPHK1,FOXA2,LMC,Forkhead
821,47,1,-1.13824406119575,DTX4,SP1,MEF,Zf
693,17,0,-1.02311552800996,CUL7,ETS1,LMC,ETS
392,23,0,-1.59929315254546,CCDC18,FOXM1,LMC,Forkhead
1041,57,1,-7.63787393345123,FCGR2B,ZBTB33,MEF,Zf
242,34,1,-1.74134372328352,ATP2A3,MAFK,MEF,bZIP
750,51,1,2.63759907266197,DERL3,TCF12,MEF,bHLH
2358,7,1,-1.70676892767122,PRTG,CTCF,MEF,Zf
2224,3,1,-2.26014906231889,PKMYT1,BACH1,MEF,bZIP
1039,50,1,1.10821046471605,FBXO7,STAT3,MEF,Stat
906,50,0,-1.47598741093167,EPHA4,STAT3,LMC,Stat
292,44,0,-2.42562752128992,BHLHE22,PBX3,LMC,Homeobox
2540,25,1,2.25659279898351,RRAGB,GATA1,MEF,Zf
2567,36,1,3.82922148604445,SALL1,MAZ,MEF,Zf
1264,5,0,1.81093622762232,GPR88,BCL11A,LMC,Zf
523,53,1,-1.02774606611324,CENPW,TEAD4,MEF,TEA
2218,46,1,1.38151712699702,PIP5K1B,RFX5,MEF,HTH
698,6,0,2.17434427517752,CXADR,BHLHE40,LMC,bHLH
103,6,1,-1.39215846325659,AKAP12,BHLHE40,MEF,bHLH
1075,12,1,-1.51378545844316,FLI1,EBF1,MEF,EBF
854,59,1,-1.88598600687672,EEPD1,ZKSCAN1,MEF,Zf
2341,35,1,-1.59755774619729,PROKR2,MAX,MEF,bHLH
693,55,0,-1.02311552800996,CUL7,USF2,LMC,bHLH
1654,36,1,1.71939104623095,LIF,MAZ,MEF,Zf
2864,14,0,-1.61199136666544,ST6GALNAC3,ELF1,LMC,ETS
1623,59,0,2.13522783979971,LAPTM5,ZKSCAN1,LMC,Zf
1702,26,1,1.3957040467593,LRRC39,GATA2,MEF,Zf
1071,7,1,-1.67059799654545,FIGNL2,CTCF,MEF,Zf
584,12,0,1.84292164698875,CLSTN3,EBF1,LMC,EBF
645,41,1,2.28998351004863,CRABP2,NANOG,MEF,Homeobox
906,46,0,-1.47598741093167,EPHA4,RFX5,LMC,HTH
1237,36,0,-1.09288268752416,GPR125,MAZ,LMC,Zf
2583,48,0,-2.5472687417079,SCML2,SP2,LMC,Zf
1701,24,0,-1.25291696020209,LRRC3,GABPA,LMC,ETS
937,35,1,1.42767641384569,EXOC3,MAX,MEF,bHLH
364,35,1,1.14635570776145,CAPS2,MAX,MEF,bHLH
1491,12,1,-1.45307203272899,ITGA5,EBF1,MEF,EBF
1804,58,1,1.65765544181301,MEGF9,ZEB1,MEF,Zf
1252,59,0,-2.1106543226655,GPR20,ZKSCAN1,LMC,Zf
2784,28,0,1.22877430824847,SMPDL3A,HNF4A,LMC,NR
2792,58,0,1.77801894743797,SNHG11,ZEB1,LMC,Zf
2358,17,1,-1.70676892767122,PRTG,ETS1,MEF,ETS
1552,51,0,-1.45568805172852,KCNK2,TCF12,LMC,bHLH
1799,47,0,-3.42838043876164,MECOM,SP1,LMC,Zf
203,24,1,-5.6908155229685,ARL11,GABPA,MEF,ETS
2092,3,0,1.14671967907741,OSGIN1,BACH1,LMC,bZIP
577,37,0,2.02645657763506,CLEC7A,MEF2A,LMC,MADS
1497,5,0,2.00198261548205,ITGB2,BCL11A,LMC,Zf
1904,54,1,-1.32345277777374,MYCL,USF1,MEF,bHLH
1777,41,1,-1.18077849242485,MATN2,NANOG,MEF,Homeobox
1444,56,0,1.29121899918497,IL18,YY1,LMC,Zf
1962,50,1,-1.77283514965465,NDST3,STAT3,MEF,Stat
548,5,0,1.6800577415014,CHRNA1,BCL11A,LMC,Zf
2293,14,0,-2.73358754737203,POM121L2,ELF1,LMC,ETS
1718,10,0,1.49200153198622,LSR,E2F4,LMC,E2F
2925,11,0,-1.54761194078495,SYTL4,E2F6,LMC,E2F
1243,55,1,-1.02712658887003,GPR153,USF2,MEF,bHLH
1412,20,1,1.11343240556296,IER3,FOSL2,MEF,bZIP
138,14,1,-2.24979568940809,ANKLE1,ELF1,MEF,ETS
2876,44,1,-2.41808164248854,STARD9,PBX3,MEF,Homeobox
169,55,0,2.87784053099309,APOE,USF2,LMC,bHLH
2966,19,1,-3.5285614426068,TFPI2,FOS,MEF,bZIP
3217,52,0,1.18761457019747,WDR91,TCF3,LMC,HMG
936,27,1,-2.52360441550634,EXO1,GATA3,MEF,Zf
1711,49,0,1.47996043864215,LRRN4,STAT1,LMC,Stat
734,36,1,-1.08456438928809,DCTD,MAZ,MEF,Zf
1790,50,1,-2.25596917242682,MCM5,STAT3,MEF,Stat
435,14,0,1.18467914973734,CD200,ELF1,LMC,ETS
875,28,1,-1.34853539641118,EHHADH,HNF4A,MEF,NR
752,13,1,1.79135272907089,DGKG,EGR1,MEF,Zf
408,40,1,-1.9565246111772,CCIN,MYOG,MEF,bHLH
2008,19,1,2.81553162174377,NMU,FOS,MEF,bZIP
3052,51,0,-2.13258332756109,TNC,TCF12,LMC,bHLH
2930,46,1,2.51642113242279,TACR1,RFX5,MEF,HTH
2337,47,0,1.66170836484508,PRKCH,SP1,LMC,Zf
786,3,0,2.16190721765373,DNAJC6,BACH1,LMC,bZIP
2776,55,1,-4.60380268008925,SMAGP,USF2,MEF,bHLH
739,23,1,1.57375665683309,DDN,FOXM1,MEF,Forkhead
2926,50,1,-1.84838714773634,SYTL5,STAT3,MEF,Stat
2268,13,0,1.42413422288827,PLTP,EGR1,LMC,Zf
1679,42,0,-1.54161054323492,LOXL3,NRF1,LMC,NRF
1219,31,1,-2.16856191000515,GNGT2,IRF4,MEF,IRF
1567,8,1,-2.6418326666532,KIF14,CUX1,MEF,Homeobox
2457,46,0,1.83917249657062,RASGRF2,RFX5,LMC,HTH
3119,29,1,-1.36963549843397,TRPV2,IRF1,MEF,IRF
1835,24,1,1.22196139832031,MKX,GABPA,MEF,ETS
1138,22,0,1.17692252323497,GALC,FOXA2,LMC,Forkhead
1422,57,0,1.726624124986,IGFBP4,ZBTB33,LMC,Zf
251,28,1,-2.20954496278564,AURKA,HNF4A,MEF,NR
229,26,1,-2.81717383669163,ASPM,GATA2,MEF,Zf
242,18,1,-1.74134372328352,ATP2A3,FLI1,MEF,ETS
501,33,1,-1.54134144871183,CDT1,MAFF,MEF,bZIP
3185,25,1,-6.8978318096904,UTY,GATA1,MEF,Zf
2233,44,1,-5.66207559589651,PLAC8,PBX3,MEF,Homeobox
2487,34,1,-1.15876159891288,RFTN1,MAFK,MEF,bZIP
206,29,1,-1.14830380637034,ARL4C,IRF1,MEF,IRF
834,20,1,-1.66961603936498,E2F2,FOSL2,MEF,bZIP
1024,56,1,-3.01491576767081,FBLN2,YY1,MEF,Zf
3248,48,0,1.97250446260735,ZBTB8B,SP2,LMC,Zf
2168,59,1,-1.11411699402987,PDE4B,ZKSCAN1,MEF,Zf
3060,54,1,-1.68245131894634,TNFRSF14,USF1,MEF,bHLH
457,42,0,1.872958774821,CD74,NRF1,LMC,NRF
762,14,0,1.09464442057264,DLEU2,ELF1,LMC,ETS
2332,11,0,-1.45158178749255,PRIM1,E2F6,LMC,E2F
1554,41,1,-1.74879156530137,KCNMA1,NANOG,MEF,Homeobox
2317,12,1,-1.34514921030394,PPP1R3E,EBF1,MEF,EBF
914,51,1,-3.88489412042666,EPSTI1,TCF12,MEF,bHLH
2139,55,0,-1.66108878791863,PCDH20,USF2,LMC,bHLH
1994,35,0,-1.53999774049714,NIPAL4,MAX,LMC,bHLH
2203,19,1,-2.39346866936256,PHF19,FOS,MEF,bZIP
856,2,1,-2.04131188836448,EFCAB11,ATF3,MEF,bZIP
665,49,1,-4.44217521118845,CSF2RB,STAT1,MEF,Stat
1994,7,0,-1.53999774049714,NIPAL4,CTCF,LMC,Zf
2586,2,1,1.44990055505487,SCN1B,ATF3,MEF,bZIP
458,46,0,-1.5789323637807,CD80,RFX5,LMC,HTH
349,7,1,3.2974133062062,CADM2,CTCF,MEF,Zf
2024,32,0,2.97162299189356,NPL,JUND,LMC,bZIP
3225,17,1,5.45899308497482,WNT10A,ETS1,MEF,ETS
82,54,1,-2.43475960329786,ADRA1A,USF1,MEF,bHLH
567,10,0,-1.31477847283308,CLCA1,E2F4,LMC,E2F
175,56,0,1.14913751880714,ARAP2,YY1,LMC,Zf
1960,8,1,1.24843648845543,NDRG2,CUX1,MEF,Homeobox
983,7,0,-2.6954506576559,FAM184B,CTCF,LMC,Zf
1330,13,1,1.58427009070658,HHIP,EGR1,MEF,Zf
1204,6,0,-2.65008408128184,GLIPR2,BHLHE40,LMC,bHLH
53,14,1,-5.64244157319056,ADAM8,ELF1,MEF,ETS
2881,10,1,-1.77045279019706,STIL,E2F4,MEF,E2F
1792,54,1,-5.09340625018667,MCOLN2,USF1,MEF,bHLH
521,3,1,-1.47290606283231,CENPU,BACH1,MEF,bZIP
895,16,1,-1.81536653733997,ENO3,ELK4,MEF,ETS
2670,51,1,-3.28332234129866,SIM1,TCF12,MEF,bHLH
2209,11,1,-3.76137984375333,PIF1,E2F6,MEF,E2F
1811,36,1,1.49384441854823,MEST,MAZ,MEF,Zf
1683,21,0,-1.51285821312329,LPIN3,FOXA1,LMC,Forkhead
1317,14,1,-5.75532877866316,HCLS1,ELF1,MEF,ETS
2773,7,1,3.0316213618184,SLITRK5,CTCF,MEF,Zf
1993,47,1,1.04031542771177,NIPAL3,SP1,MEF,Zf
1075,49,1,-1.51378545844316,FLI1,STAT1,MEF,Stat
2915,54,0,-1.14558600910547,SYNPO,USF1,LMC,bHLH
2448,10,1,-3.64035257303217,RAPGEF5,E2F4,MEF,E2F
921,57,1,-2.39917654570674,ESCO2,ZBTB33,MEF,Zf
2851,3,1,1.88252472211351,SRCIN1,BACH1,MEF,bZIP
1431,43,1,-1.08610051353498,IGSF8,PAX5,MEF,"Paired,Homeobox"
2572,47,1,1.24918446806687,SAP18,SP1,MEF,Zf
2195,35,0,1.38821447083428,PGAP1,MAX,LMC,bHLH
2724,21,1,1.02279046206121,SLC2A12,FOXA1,MEF,Forkhead
2980,36,1,1.073895233571,TIAM2,MAZ,MEF,Zf
2358,59,0,-1.32666189066918,PRTG,ZKSCAN1,LMC,Zf
396,15,1,1.16001064184712,CCDC39,ELK1,MEF,ETS
798,14,1,-1.97433707646498,DOK3,ELF1,MEF,ETS
3027,36,1,1.32712267996545,TMEM184A,MAZ,MEF,Zf
3012,34,1,-1.76947629620533,TMEM130,MAFK,MEF,bZIP
3237,51,0,1.81714224773345,XDH,TCF12,LMC,bHLH
2023,40,1,-1.34352226122339,NPEPL1,MYOG,MEF,bHLH
496,11,1,-2.28882867699308,CDKN3,E2F6,MEF,E2F
2323,24,0,-1.89197869452633,PRC1,GABPA,LMC,ETS
3,25,0,-1.10411587503093,AASS,GATA1,LMC,Zf
3255,36,0,-1.03149291006368,ZFP41,MAZ,LMC,Zf
1826,24,0,1.37380557150798,MGST2,GABPA,LMC,ETS
1920,47,0,-1.51597579647074,MYO1B,SP1,LMC,Zf
2887,34,1,-1.50835202317038,STMN1,MAFK,MEF,bZIP
1498,15,1,-1.26046363648136,ITGB3,ELK1,MEF,ETS
811,6,0,2.32565834773863,DPYSL5,BHLHE40,LMC,bHLH
788,11,0,1.17421032513561,DNASE1L1,E2F6,LMC,E2F
2937,54,1,1.50150751434557,TBC1D8,USF1,MEF,bHLH
1263,50,1,-1.33342975783313,GPR84,STAT3,MEF,Stat
2433,26,1,-1.42510897946263,RAD51B,GATA2,MEF,Zf
2792,7,1,1.03951477220622,SNHG11,CTCF,MEF,Zf
142,24,1,-1.0540168366728,ANKRD37,GABPA,MEF,ETS
2090,41,1,1.48097195977724,OSBPL3,NANOG,MEF,Homeobox
601,54,1,-1.36483145323022,CNTFR,USF1,MEF,bHLH
2309,7,1,-2.02272215179299,PPL,CTCF,MEF,Zf
681,49,0,1.05733599739823,CTNNAL1,STAT1,LMC,Stat
2285,42,0,-2.18791521896949,PODNL1,NRF1,LMC,NRF
918,53,1,1.76533193075129,ERG,TEAD4,MEF,TEA
405,6,0,1.92687097105118,CCDC88B,BHLHE40,LMC,bHLH
1693,43,1,-4.99758855508105,LRMP,PAX5,MEF,"Paired,Homeobox"
1165,43,1,1.90052374476274,GCLC,PAX5,MEF,"Paired,Homeobox"
2122,20,1,1.91133769630743,PAQR6,FOSL2,MEF,bZIP
309,7,0,3.01395006672219,BPIFC,CTCF,LMC,Zf
2287,53,1,1.03731658943426,PODXL2,TEAD4,MEF,TEA
326,10,0,2.23531811659424,C1QC,E2F4,LMC,E2F
1655,51,1,-1.4939244371639,LIG1,TCF12,MEF,bHLH
1972,53,0,-1.11554916219592,NEK8,TEAD4,LMC,TEA
522,10,0,1.26401131755558,CENPV,E2F4,LMC,E2F
2502,35,0,-1.53561175560559,RHOF,MAX,LMC,bHLH
1544,48,0,1.84116278759858,KCNJ10,SP2,LMC,Zf
1244,6,1,-2.02851210173342,GPR155,BHLHE40,MEF,bHLH
3007,7,0,1.50050395055643,TMEM106A,CTCF,LMC,Zf
2144,56,0,-1.16914896149751,PCDHGA8,YY1,LMC,Zf
1587,7,0,-4.44258898345232,KIT,CTCF,LMC,Zf
1872,13,0,-1.77286048638889,MRC2,EGR1,LMC,Zf
2705,53,0,1.29306234316879,SLC18A1,TEAD4,LMC,TEA
1961,25,1,1.0186923629936,NDRG3,GATA1,MEF,Zf
1202,7,0,-1.94449251501027,GLI2,CTCF,LMC,Zf
2757,54,0,1.83771530730849,SLC7A8,USF1,LMC,bHLH
1044,18,0,2.03531170334419,FERMT3,FLI1,LMC,ETS
2776,36,1,-4.60380268008925,SMAGP,MAZ,MEF,Zf
1033,6,1,1.37290435493264,FBXO27,BHLHE40,MEF,bHLH
3071,10,0,-1.25240005240249,TNNI3K,E2F4,LMC,E2F
2424,32,1,-1.43699971579521,RAB3D,JUND,MEF,bZIP
1247,19,1,-1.05420492702211,GPR161,FOS,MEF,bZIP
474,30,1,-2.01749036502043,CDCA3,IRF3,MEF,IRF
1789,44,1,-2.01469923560463,MCM3,PBX3,MEF,Homeobox
1671,50,1,-4.97271807661149,LMO2,STAT3,MEF,Stat
393,25,0,1.52742670352159,CCDC27,GATA1,LMC,Zf
2503,50,0,2.10914485869591,RHOH,STAT3,LMC,Stat
1792,55,0,1.95371509724689,MCOLN2,USF2,LMC,bHLH
299,24,1,4.14806575686464,BMP4,GABPA,MEF,ETS
1857,42,1,-1.99050688353901,MN1,NRF1,MEF,NRF
1400,36,1,3.61114568347972,HSPB2,MAZ,MEF,Zf
2166,41,1,-2.97331523072642,PDE3B,NANOG,MEF,Homeobox
2343,30,1,-2.24464602061636,PRR11,IRF3,MEF,IRF
2515,60,1,1.12637943260805,RND1,ZNF263,MEF,Zf
1941,47,0,1.87583189367755,NAT8L,SP1,LMC,Zf
838,10,1,1.09105532919989,EAF2,E2F4,MEF,E2F
229,32,0,-1.67583306263046,ASPM,JUND,LMC,bZIP
2267,42,0,1.30462157378449,PLSCR4,NRF1,LMC,NRF
2349,36,1,-2.01196229509999,PRRT2,MAZ,MEF,Zf
3104,13,1,-1.18940042398823,TRIM25,EGR1,MEF,Zf
3015,31,0,1.30655408629672,TMEM140,IRF4,LMC,IRF
2800,43,1,-1.09658233253047,SOAT1,PAX5,MEF,"Paired,Homeobox"
75,10,0,2.44110939382088,ADGB,E2F4,LMC,E2F
2251,42,1,-3.01621344836119,PLEKHG4,NRF1,MEF,NRF
3168,13,1,-3.58686645117172,ULBP1,EGR1,MEF,Zf
655,46,0,-2.82948399086617,CRISPLD2,RFX5,LMC,HTH
3006,50,1,1.08138959060405,TMEFF2,STAT3,MEF,Stat
1506,31,0,1.17759645335527,ITPR1,IRF4,LMC,IRF
3185,35,1,-6.8978318096904,UTY,MAX,MEF,bHLH
2316,7,0,-1.20611025138489,PPP1R36,CTCF,LMC,Zf
698,3,0,2.17434427517752,CXADR,BACH1,LMC,bZIP
1955,24,0,2.19064837512025,NCKAP1L,GABPA,LMC,ETS
648,43,1,1.09296402967198,CREBL2,PAX5,MEF,"Paired,Homeobox"
1819,20,1,-2.40695501424756,MFNG,FOSL2,MEF,bZIP
1550,33,1,2.53549357349713,KCNK1,MAFF,MEF,bZIP
2808,36,1,6.42016780086898,SOX10,MAZ,MEF,Zf
3171,15,0,1.98466934184386,UNC13D,ELK1,LMC,ETS
3264,13,1,-1.77713608958469,ZP3,EGR1,MEF,Zf
835,5,1,-1.74413387692825,E2F7,BCL11A,MEF,Zf
1070,36,1,-1.95715177392112,FIGNL1,MAZ,MEF,Zf
1498,25,1,-1.26046363648136,ITGB3,GATA1,MEF,Zf
2109,25,0,-1.8177228835142,PACSIN3,GATA1,LMC,Zf
114,25,1,5.59270654371156,ALDH3A1,GATA1,MEF,Zf
2625,36,0,2.34303813040736,SERPIND1,MAZ,LMC,Zf
295,6,0,-1.62021046144252,BIRC5,BHLHE40,LMC,bHLH
1011,47,1,-1.30600338959602,FAM83D,SP1,MEF,Zf
1280,7,1,1.6184334345133,GRIA4,CTCF,MEF,Zf
2157,6,0,2.07544341037937,PCSK1,BHLHE40,LMC,bHLH
3130,34,0,1.17286507479837,TSPAN33,MAFK,LMC,bZIP
3227,6,1,1.26993965517135,WNT11,BHLHE40,MEF,bHLH
315,22,0,-1.15304342329628,BTBD3,FOXA2,LMC,Forkhead
2027,15,1,-2.04766080988131,NPTX1,ELK1,MEF,ETS
134,58,1,1.16548731041712,ANGPTL6,ZEB1,MEF,Zf
1815,3,0,-1.87056078937979,MEX3B,BACH1,LMC,bZIP
560,49,0,-1.2462805140556,CIT,STAT1,LMC,Stat
2515,2,1,1.12637943260805,RND1,ATF3,MEF,bZIP
2839,27,1,1.40128640910394,SPNS2,GATA3,MEF,Zf
3093,13,1,1.33406165475606,TRDMT1,EGR1,MEF,Zf
1857,42,0,-1.56853870886037,MN1,NRF1,LMC,NRF
575,3,1,-1.29471487975706,CLEC2L,BACH1,MEF,bZIP
1458,26,1,1.93262111717397,IL7,GATA2,MEF,Zf
1592,19,1,3.37424913401424,KLHDC7A,FOS,MEF,bZIP
662,42,1,3.51310919146917,CRYM,NRF1,MEF,NRF
25,13,1,3.18066969946884,ACHE,EGR1,MEF,Zf
1057,47,0,1.00859609133211,FGF9,SP1,LMC,Zf
3085,3,0,-2.45217469460679,TPM2,BACH1,LMC,bZIP
661,50,1,-1.03944334145261,CRYL1,STAT3,MEF,Stat
19,55,0,1.04397512012327,ABR,USF2,LMC,bHLH
1422,21,1,2.42702045808045,IGFBP4,FOXA1,MEF,Forkhead
2765,20,1,-1.43101148114046,SLC9B2,FOSL2,MEF,bZIP
1166,24,0,1.04053157521072,GCLM,GABPA,LMC,ETS
2823,22,1,-1.90326262296788,SPAG5,FOXA2,MEF,Forkhead
1891,42,0,-1.28051428954918,MTHFD1L,NRF1,LMC,NRF
1819,50,1,-2.40695501424756,MFNG,STAT3,MEF,Stat
1073,10,0,-1.46075132609887,FILIP1L,E2F4,LMC,E2F
682,56,0,-2.179683463689,CTNND2,YY1,LMC,Zf
1347,40,0,-2.04350465931052,HMMR,MYOG,LMC,bHLH
2243,42,0,1.91484846940288,PLD4,NRF1,LMC,NRF
1614,50,0,-1.96191913902181,LAG3,STAT3,LMC,Stat
712,54,1,-3.04220850419268,CYGB,USF1,MEF,bHLH
1028,11,0,-2.42665595315409,FBN2,E2F6,LMC,E2F
1121,13,0,-1.09945691947873,FSTL3,EGR1,LMC,Zf
1258,36,1,2.0538960964175,GPR50,MAZ,MEF,Zf
474,58,1,-2.01749036502043,CDCA3,ZEB1,MEF,Zf
291,17,1,1.86802523379668,BHLHA15,ETS1,MEF,ETS
471,55,1,-1.23221280378284,CDC6,USF2,MEF,bHLH
2568,51,1,1.47843825543726,SAMD12,TCF12,MEF,bHLH
19,17,0,1.04397512012327,ABR,ETS1,LMC,ETS
2592,14,1,-1.49631929595084,SCRT1,ELF1,MEF,ETS
455,50,0,2.6942826782236,CD69,STAT3,LMC,Stat
1563,52,0,-1.01650705043429,KDELR3,TCF3,LMC,HMG
237,11,0,-2.15764823999749,ATP10A,E2F6,LMC,E2F
2185,47,1,-1.72243686447564,PEG10,SP1,MEF,Zf
940,49,0,-1.04928380645849,EXT1,STAT1,LMC,Stat
998,11,1,-1.63086707931467,FAM46B,E2F6,MEF,E2F
1679,20,0,-1.54161054323492,LOXL3,FOSL2,LMC,bZIP
1496,60,1,-7.27584348524757,ITGAM,ZNF263,MEF,Zf
406,49,1,-1.29276876570371,CCDC88C,STAT1,MEF,Stat
512,32,0,-2.24187763995752,CENPF,JUND,LMC,bZIP
2386,20,1,-5.85839993985972,PTPN6,FOSL2,MEF,bZIP
2928,11,1,-1.11588677383815,TACC1,E2F6,MEF,E2F
457,55,0,1.872958774821,CD74,USF2,LMC,bHLH
2739,21,0,1.07554724816405,SLC39A10,FOXA1,LMC,Forkhead
3152,13,0,-1.21560557967585,TVP23A,EGR1,LMC,Zf
2899,1,1,1.15180695467219,SULT4A1,ATF2,MEF,bZIP
3043,0,1,-2.86541431803902,TMEM51,ATF1,MEF,bZIP
2126,2,0,-1.97498954069546,PARPBP,ATF3,LMC,bZIP
1621,53,0,1.64432511351495,LAMC2,TEAD4,LMC,TEA
511,49,0,-2.02810264729647,CENPE,STAT1,LMC,Stat
2273,50,1,-3.13234679377882,PLXNC1,STAT3,MEF,Stat
227,24,0,1.02756866029872,ASIC1,GABPA,LMC,ETS
2223,23,0,2.42323666921668,PKIB,FOXM1,LMC,Forkhead
530,34,1,1.29315129835273,CFAP57,MAFK,MEF,bZIP
1032,6,0,-1.46617372302768,FBXO16,BHLHE40,LMC,bHLH
1704,19,1,1.46619295050566,LRRC4,FOS,MEF,bZIP
1642,12,0,1.33464910250215,LFNG,EBF1,LMC,EBF
3197,6,0,2.62564068851822,VILL,BHLHE40,LMC,bHLH
1447,34,0,2.0208802638206,IL1A,MAFK,LMC,bZIP
2338,46,1,2.00041906473076,PRND,RFX5,MEF,HTH
1757,46,1,-1.5178339960259,MAP1B,RFX5,MEF,HTH
1633,53,1,3.58062266510617,LCTL,TEAD4,MEF,TEA
1286,60,0,-1.01419206036827,GRIN2D,ZNF263,LMC,Zf
2178,31,0,-1.32389108556874,PDLIM2,IRF4,LMC,IRF
1049,55,0,-2.3444384689062,FGF10,USF2,LMC,bHLH
2822,3,0,-1.06304711163904,SPAG4,BACH1,LMC,bZIP
2837,14,0,1.62615454323833,SPINT2,ELF1,LMC,ETS
373,25,0,1.10520537115312,CAT,GATA1,LMC,Zf
360,7,0,3.06807338923354,CAMKV,CTCF,LMC,Zf
2210,1,1,-7.7534783220077,PIK3AP1,ATF2,MEF,bZIP
790,32,0,1.49979232189584,DNM1,JUND,LMC,bZIP
298,7,1,3.03016920185379,BMP15,CTCF,MEF,Zf
1076,9,1,-1.15274787806897,FLNA,E2F1,MEF,E2F
3166,23,1,2.11848175670413,UGP2,FOXM1,MEF,Forkhead
2937,24,1,1.50150751434557,TBC1D8,GABPA,MEF,ETS
236,19,1,1.51918637169266,ATG9B,FOS,MEF,bZIP
496,15,0,-1.45528793892123,CDKN3,ELK1,LMC,ETS
555,7,1,1.80769993725996,CHST7,CTCF,MEF,Zf
67,24,1,-3.9511164464879,ADAP1,GABPA,MEF,ETS
3245,47,0,1.10045337922545,YPEL2,SP1,LMC,Zf
819,50,0,1.14268323152742,DTNB,STAT3,LMC,Stat
2430,55,1,-1.31416017052017,RACGAP1,USF2,MEF,bHLH
2608,47,0,-1.20440500444448,SEMA3C,SP1,LMC,Zf
2275,42,0,1.06002019022503,PM20D2,NRF1,LMC,NRF
829,32,1,-1.58068661283393,DUT,JUND,MEF,bZIP
2386,54,1,-5.85839993985972,PTPN6,USF1,MEF,bHLH
758,7,1,-2.18409012850674,DIRAS2,CTCF,MEF,Zf
2646,10,1,-1.21834944449905,SH2D5,E2F4,MEF,E2F
493,29,1,2.49945734223034,CDKL4,IRF1,MEF,IRF
1643,7,1,-1.38336396197662,LGALS3,CTCF,MEF,Zf
2347,35,0,1.16051451385673,PRR5L,MAX,LMC,bHLH
2074,1,0,2.15190725480677,OCLN,ATF2,LMC,bZIP
2836,12,0,2.83642546905811,SPINT1,EBF1,LMC,EBF
1568,23,1,-2.57584463626319,KIF15,FOXM1,MEF,Forkhead
1920,7,0,-1.51597579647074,MYO1B,CTCF,LMC,Zf
3216,53,1,-1.08750493293003,WDR90,TEAD4,MEF,TEA
3074,15,1,1.9111052509538,TNS4,ELK1,MEF,ETS
1861,32,1,-1.71458258920463,MOGAT2,JUND,MEF,bZIP
426,34,1,1.35703714806187,CCNO,MAFK,MEF,bZIP
142,56,1,-1.0540168366728,ANKRD37,YY1,MEF,Zf
3243,6,0,-1.12058662060011,YBX3,BHLHE40,LMC,bHLH
258,13,0,1.94479711510852,B3GNT7,EGR1,LMC,Zf
1643,35,1,-1.38336396197662,LGALS3,MAX,MEF,bHLH
3069,52,1,-2.5900113745431,TNNI2,TCF3,MEF,HMG
3188,52,1,-1.03239494791136,VASP,TCF3,MEF,HMG
2041,51,1,-3.86600513615225,NRROS,TCF12,MEF,bHLH
1913,60,0,1.12680224428471,MYLIP,ZNF263,LMC,Zf
1490,54,1,1.27075279553544,ITGA3,USF1,MEF,bHLH
1180,26,0,-2.20580346299814,GFRA2,GATA2,LMC,Zf
2916,41,1,-1.95956183994979,SYNPO2,NANOG,MEF,Homeobox
1990,6,0,-1.75275991863876,NID1,BHLHE40,LMC,bHLH
1595,46,1,1.94541631082666,KLHL30,RFX5,MEF,HTH
54,13,0,-1.06071433236995,ADAMTS1,EGR1,LMC,Zf
2601,50,0,-1.33009891228235,SEC14L5,STAT3,LMC,Stat
2929,17,0,-1.14419748841923,TACC3,ETS1,LMC,ETS
2061,59,1,-2.58080923652457,NUSAP1,ZKSCAN1,MEF,Zf
1337,56,1,1.9967466068813,HIST2H2AC,YY1,MEF,Zf
753,35,1,1.03542245995947,DGKI,MAX,MEF,bHLH
1016,0,0,-1.28239591471792,FANCD2,ATF1,LMC,bZIP
181,12,0,1.78604963715572,ARHGAP19,EBF1,LMC,EBF
2139,56,0,-1.66108878791863,PCDH20,YY1,LMC,Zf
784,22,1,1.08312646824662,DNAJB4,FOXA2,MEF,Forkhead
2921,32,0,1.48137164102884,SYT8,JUND,LMC,bZIP
3263,6,0,1.13114050892096,ZMYND15,BHLHE40,LMC,bHLH
186,7,0,2.12679747173017,ARHGAP30,CTCF,LMC,Zf
1178,56,1,-1.94275764697771,GEN1,YY1,MEF,Zf
473,26,1,-1.83545152460296,CDCA2,GATA2,MEF,Zf
426,21,1,1.35703714806187,CCNO,FOXA1,MEF,Forkhead
2846,56,1,-1.65783666634101,SPRY3,YY1,MEF,Zf
1675,2,1,1.4106392261015,LNX1,ATF3,MEF,bZIP
1038,54,1,-1.7113898814647,FBXO5,USF1,MEF,bHLH
952,34,1,2.05701146682328,F5,MAFK,MEF,bZIP
603,34,1,1.35106912149903,CNTN3,MAFK,MEF,bZIP
2900,25,1,-1.11333046693772,SUSD1,GATA1,MEF,Zf
371,11,0,-1.48706087543006,CASS4,E2F6,LMC,E2F
445,35,1,-3.50081866240652,CD33,MAX,MEF,bHLH
473,44,1,-1.83545152460296,CDCA2,PBX3,MEF,Homeobox
236,11,0,1.40075052291978,ATG9B,E2F6,LMC,E2F
1348,33,0,1.6180838227508,HMOX1,MAFF,LMC,bZIP
2568,7,1,1.47843825543726,SAMD12,CTCF,MEF,Zf
1827,3,1,-1.55070929847122,MIAT,BACH1,MEF,bZIP
2029,43,1,-3.97316155345392,NPY,PAX5,MEF,"Paired,Homeobox"
1779,36,1,-1.49186664130323,MBOAT1,MAZ,MEF,Zf
1872,19,0,-1.77286048638889,MRC2,FOS,LMC,bZIP
1687,49,1,-2.98246862813639,LPXN,STAT1,MEF,Stat
3105,32,0,1.66612103669329,TRIM29,JUND,LMC,bZIP
3058,46,1,-2.98966494538782,TNFRSF11A,RFX5,MEF,HTH
1876,24,1,-1.27897559646507,MRPS6,GABPA,MEF,ETS
1714,41,1,1.57354315045542,LRRTM3,NANOG,MEF,Homeobox
1764,23,1,1.71906055641628,MAP7,FOXM1,MEF,Forkhead
675,28,1,1.81665941367866,CST3,HNF4A,MEF,NR
709,36,1,-1.66905437630875,CYBA,MAZ,MEF,Zf
2916,55,1,-1.95956183994979,SYNPO2,USF2,MEF,bHLH
1398,19,1,1.08451053955341,HSPA4L,FOS,MEF,bZIP
178,51,1,-2.02334125806666,ARHGAP10,TCF12,MEF,bHLH
460,59,1,-3.73496442784358,CD83,ZKSCAN1,MEF,Zf
229,48,1,-2.81717383669163,ASPM,SP2,MEF,Zf
1953,8,0,1.92560310843449,NCF2,CUX1,LMC,Homeobox
1872,10,0,-1.77286048638889,MRC2,E2F4,LMC,E2F
2088,24,0,-1.41192018602602,OPN3,GABPA,LMC,ETS
111,35,0,1.95083789066837,ALDH1A3,MAX,LMC,bHLH
2332,60,1,-1.39027810102326,PRIM1,ZNF263,MEF,Zf
1839,25,1,2.8964772115961,MLPH,GATA1,MEF,Zf
1724,10,0,2.72770546746687,LUM,E2F4,LMC,E2F
1043,34,0,-1.20500555090751,FDPS,MAFK,LMC,bZIP
2829,10,1,-1.52631215334378,SPECC1,E2F4,MEF,E2F
1514,7,0,1.9986962680632,JAM2,CTCF,LMC,Zf
1237,22,0,-1.09288268752416,GPR125,FOXA2,LMC,Forkhead
43,19,0,-1.04222778985069,ACY1,FOS,LMC,bZIP
1773,13,1,-1.05508208421694,MAST1,EGR1,MEF,Zf
1481,9,1,2.32183354628202,IRX3,E2F1,MEF,E2F
1607,46,1,-2.10547219866638,KRT19,RFX5,MEF,HTH
2523,49,0,-1.17127768993016,RNF207,STAT1,LMC,Stat
1752,11,1,-1.28798152001015,MAN2A1,E2F6,MEF,E2F
3150,20,1,-1.30229002037898,TUBB6,FOSL2,MEF,bZIP
3192,31,0,1.27281442031791,VAV3,IRF4,LMC,IRF
690,13,0,1.26035094666073,CTSO,EGR1,LMC,Zf
2389,51,0,1.29431496605626,PTPRE,TCF12,LMC,bHLH
258,49,0,1.94479711510852,B3GNT7,STAT1,LMC,Stat
2664,13,1,1.59313087481905,SHISA7,EGR1,MEF,Zf
1228,13,1,2.19092246900639,GPC5,EGR1,MEF,Zf
329,17,1,-1.04984739740468,C1QTNF6,ETS1,MEF,ETS
2916,6,1,-1.95956183994979,SYNPO2,BHLHE40,MEF,bHLH
3203,36,1,-1.49832154904173,VSIG10L,MAZ,MEF,Zf
2693,47,0,1.05954413123607,SLC16A1,SP1,LMC,Zf
1037,33,1,-1.67210055541033,FBXO48,MAFF,MEF,bZIP
1850,17,0,-1.38750787951632,MMP17,ETS1,LMC,ETS
742,51,1,-8.87308429668951,DDX3Y,TCF12,MEF,bHLH
1923,36,1,-6.19711798535676,MYO1G,MAZ,MEF,Zf
2238,47,1,1.28793378655702,PLCD4,SP1,MEF,Zf
1569,17,1,-1.7053662137862,KIF18B,ETS1,MEF,ETS
3167,32,1,-2.95782767929237,UHRF1,JUND,MEF,bZIP
1081,34,1,-5.19295380970528,FMNL1,MAFK,MEF,bZIP
668,6,0,-1.50985095745356,CSMD3,BHLHE40,LMC,bHLH
1752,14,1,-1.28798152001015,MAN2A1,ELF1,MEF,ETS
649,36,1,-1.06162525000248,CREG1,MAZ,MEF,Zf
1192,58,1,1.31110381344773,GIPC2,ZEB1,MEF,Zf
1818,15,1,-2.18350468371275,MFAP5,ELK1,MEF,ETS
618,10,1,-2.54653173396879,COL4A1,E2F4,MEF,E2F
64,41,0,-1.19343170628253,ADAMTSL1,NANOG,LMC,Homeobox
3124,36,0,-1.26446182500203,TSLP,MAZ,LMC,Zf
857,28,1,1.30242094322822,EFCAB2,HNF4A,MEF,NR
2243,43,0,1.91484846940288,PLD4,PAX5,LMC,"Paired,Homeobox"
2367,50,0,2.37628297084082,PTAFR,STAT3,LMC,Stat
455,1,0,2.6942826782236,CD69,ATF2,LMC,bZIP
2066,46,0,3.30640724155641,NXPH3,RFX5,LMC,HTH
245,17,1,1.84360757510223,ATP6V0E2,ETS1,MEF,ETS
534,40,0,-1.96639667434657,CGNL1,MYOG,LMC,bHLH
3069,46,1,-2.5900113745431,TNNI2,RFX5,MEF,HTH
354,11,1,-1.076244723332,CAMK1D,E2F6,MEF,E2F
2850,21,1,1.15748359100971,SQRDL,FOXA1,MEF,Forkhead
2904,7,0,1.94858458777651,SV2B,CTCF,LMC,Zf
1472,24,0,1.94194700583555,IQGAP2,GABPA,LMC,ETS
3162,1,1,-1.57637625372954,UBE2T,ATF2,MEF,bZIP
1900,24,1,-2.16305225779513,MXD3,GABPA,MEF,ETS
2498,58,0,-1.3528609573943,RGS9BP,ZEB1,LMC,Zf
361,51,1,1.6476615056914,CAMSAP3,TCF12,MEF,bHLH
329,34,1,-1.04984739740468,C1QTNF6,MAFK,MEF,bZIP
1522,27,0,1.20685854188687,KBTBD8,GATA3,LMC,Zf
1571,60,1,-2.07809907277535,KIF20B,ZNF263,MEF,Zf
502,18,0,1.95972854003952,CEACAM1,FLI1,LMC,ETS
421,19,1,-3.46951667804334,CCNB1,FOS,MEF,bZIP
2430,52,1,-1.31416017052017,RACGAP1,TCF3,MEF,HMG
516,43,1,-2.19308549025505,CENPM,PAX5,MEF,"Paired,Homeobox"
1599,14,0,1.3884595597888,KLHL6,ELF1,LMC,ETS
1374,20,1,-1.56993906660248,HOXC5,FOSL2,MEF,bZIP
1309,60,1,2.21344055112129,HAND2,ZNF263,MEF,Zf
935,5,1,-1.93427783380951,EVL,BCL11A,MEF,Zf
220,12,0,2.81358010744073,ASB10,EBF1,LMC,EBF
2694,13,0,1.20649329449766,SLC16A10,EGR1,LMC,Zf
463,14,1,-4.69920730790089,CD93,ELF1,MEF,ETS
181,34,1,-2.885756251564,ARHGAP19,MAFK,MEF,bZIP
2608,44,1,2.11602326557381,SEMA3C,PBX3,MEF,Homeobox
2370,15,1,1.7110711107885,PTGDR2,ELK1,MEF,ETS
465,32,1,-2.79960891240183,CDC20,JUND,MEF,bZIP
353,46,0,-1.62535534434489,CALML4,RFX5,LMC,HTH
785,2,1,1.17300266617792,DNAJB9,ATF3,MEF,bZIP
2291,29,0,-1.23879932531305,POLE2,IRF1,LMC,IRF
3200,16,1,1.1224437930351,VMA21,ELK4,MEF,ETS
2800,51,0,1.10695031251757,SOAT1,TCF12,LMC,bHLH
1635,36,1,1.0524637035023,LDB3,MAZ,MEF,Zf
3070,6,1,-1.19928189685922,TNNI3,BHLHE40,MEF,bHLH
2314,60,1,1.30911009448698,PPP1R1A,ZNF263,MEF,Zf
510,36,1,-3.04371144390706,CENPA,MAZ,MEF,Zf
2470,32,1,2.12684463825178,RBM24,JUND,MEF,bZIP
2752,49,1,1.40645862017294,SLC4A8,STAT1,MEF,Stat
559,58,1,1.50331356600909,CILP2,ZEB1,MEF,Zf
1119,10,0,-1.56991576152383,FST,E2F4,LMC,E2F
448,12,1,-7.07768607115533,CD37,EBF1,MEF,EBF
1774,11,1,-1.09348783625439,MAST3,E2F6,MEF,E2F
1710,7,0,-3.66787914413061,LRRN3,CTCF,LMC,Zf
2923,50,0,1.05851666857904,SYTL1,STAT3,LMC,Stat
1970,51,1,-2.2655962110482,NEK2,TCF12,MEF,bHLH
1096,59,0,-1.92576184832409,FOXC2,ZKSCAN1,LMC,Zf
3078,51,1,-2.8886465852491,TOP2A,TCF12,MEF,bHLH
2272,60,1,-1.21326833028032,PLXNA4,ZNF263,MEF,Zf
1467,7,0,1.7121325322489,INPP5J,CTCF,LMC,Zf
963,56,1,-2.0774254545086,FAM105A,YY1,MEF,Zf
1312,13,1,2.18151406393178,HAPLN4,EGR1,MEF,Zf
1536,42,0,1.79193587062869,KCND2,NRF1,LMC,NRF
520,8,0,-1.07484665845757,CENPT,CUX1,LMC,Homeobox
60,56,0,1.71936840627334,ADAMTS20,YY1,LMC,Zf
583,9,1,-2.54067501437176,CLSPN,E2F1,MEF,E2F
2827,1,1,-2.00049292395943,SPC24,ATF2,MEF,bZIP
1319,56,0,2.38080584811139,HCN4,YY1,LMC,Zf
1726,35,1,-1.52921091248218,LY6E,MAX,MEF,bHLH
3039,47,1,2.00653821381957,TMEM35,SP1,MEF,Zf
3106,34,1,4.13858492992742,TRIM54,MAFK,MEF,bZIP
3076,56,1,1.28085910518458,TOB1,YY1,MEF,Zf
1512,32,1,-2.12044492913344,JAKMIP2,JUND,MEF,bZIP
1628,6,0,-1.03193745565036,LBR,BHLHE40,LMC,bHLH
1022,32,1,-2.11120927736903,FBLIM1,JUND,MEF,bZIP
582,20,0,1.38792844422219,CLN3,FOSL2,LMC,bZIP
2296,29,1,-3.99984604222538,POU2F2,IRF1,MEF,IRF
1569,31,0,-1.70112877149519,KIF18B,IRF4,LMC,IRF
2343,32,1,-2.24464602061636,PRR11,JUND,MEF,bZIP
1971,11,1,-1.21916925390327,NEK6,E2F6,MEF,E2F
2677,4,0,-1.27927448448625,SKA3,BATF,LMC,bZIP
1015,34,1,-2.36954301173742,FANCA,MAFK,MEF,bZIP
1983,42,0,2.32118248880711,NFE2L3,NRF1,LMC,NRF
1074,2,1,-2.13041540052826,FKBP5,ATF3,MEF,bZIP
103,6,1,-1.39215846325659,AKAP12,BHLHE40,MEF,bHLH
730,40,0,-2.06610004223366,DCHS1,MYOG,LMC,bHLH
2694,34,0,1.20649329449766,SLC16A10,MAFK,LMC,bZIP
2778,34,1,-1.78456970364226,SMIM24,MAFK,MEF,bZIP
2133,46,1,-2.60793494939055,PBK,RFX5,MEF,HTH
257,11,0,-1.68555652052455,B3GNT5,E2F6,LMC,E2F
913,23,1,2.0391352755535,EPS8L2,FOXM1,MEF,Forkhead
3112,22,0,-1.02635930451426,TRNP1,FOXA2,LMC,Forkhead
2952,21,1,-1.05146654923104,TEAD2,FOXA1,MEF,Forkhead
1047,56,1,-4.65417614897977,FGD2,YY1,MEF,Zf
1589,13,1,1.54085480516955,KLF15,EGR1,MEF,Zf
604,51,1,2.26907153817608,CNTNAP3,TCF12,MEF,bHLH
540,6,1,-1.27554944125757,CHD3,BHLHE40,MEF,bHLH
1238,60,1,1.29241954225617,GPR126,ZNF263,MEF,Zf
1984,20,1,-1.74102844682325,NFKBID,FOSL2,MEF,bZIP
807,51,0,-1.7703182551594,DPT,TCF12,LMC,bHLH
203,1,0,1.8472986595784,ARL11,ATF2,LMC,bZIP
1663,51,0,-1.42073185934415,LIN7B,TCF12,LMC,bHLH
2530,35,0,-2.74010037623054,ROR2,MAX,LMC,bHLH
2949,0,1,2.12144077789538,TCFL5,ATF1,MEF,bZIP
2421,5,0,-1.48115705720035,RAB38,BCL11A,LMC,Zf
449,37,1,-8.10996807721768,CD48,MEF2A,MEF,MADS
2380,7,0,-3.6548302174139,PTN,CTCF,LMC,Zf
2572,29,1,1.24918446806687,SAP18,IRF1,MEF,IRF
2396,54,0,-1.1329921312171,PTRF,USF1,LMC,bHLH
1625,4,1,2.40355499341245,LARS2,BATF,MEF,bZIP
3011,3,1,-4.04371853078075,TMEM121,BACH1,MEF,bZIP
531,15,1,1.21928716189159,CFAP61,ELK1,MEF,ETS
2452,33,0,1.99174899636394,RASAL3,MAFF,LMC,bZIP
988,59,1,1.57124127789086,FAM19A3,ZKSCAN1,MEF,Zf
2296,14,1,-3.99984604222538,POU2F2,ELF1,MEF,ETS
1731,36,1,-1.28097207449901,LYN,MAZ,MEF,Zf
1098,55,1,-2.04624548773259,FOXD2,USF2,MEF,bHLH
512,22,0,-2.24187763995752,CENPF,FOXA2,LMC,Forkhead
1814,32,1,1.05357159098522,METTL21A,JUND,MEF,bZIP
2763,50,1,-1.53388752706097,SLC9A5,STAT3,MEF,Stat
2175,11,0,-2.21664881019613,PDGFRB,E2F6,LMC,E2F
1243,36,1,-1.02712658887003,GPR153,MAZ,MEF,Zf
424,12,1,-1.71340513445512,CCNF,EBF1,MEF,EBF
1583,6,1,1.05205299901544,KIFAP3,BHLHE40,MEF,bHLH
1114,13,1,2.29845796990951,FRMPD4,EGR1,MEF,Zf
856,59,1,-2.04131188836448,EFCAB11,ZKSCAN1,MEF,Zf
2678,14,1,-1.35194087586138,SKP2,ELF1,MEF,ETS
1488,26,1,-2.7365434967349,ITGA11,GATA2,MEF,Zf
1375,41,1,-1.06303572888616,HOXC6,NANOG,MEF,Homeobox
694,1,1,-1.01879417311662,CUX1,ATF2,MEF,bZIP
1632,34,0,2.38822577007914,LCP2,MAFK,LMC,bZIP
2519,55,1,1.334965971056,RNF152,USF2,MEF,bHLH
1893,46,0,1.47452805819515,MTSS1,RFX5,LMC,HTH
870,11,1,-1.20899941824855,EGLN3,E2F6,MEF,E2F
746,44,1,-1.61037548559076,DENND2D,PBX3,MEF,Homeobox
2151,50,0,1.17194993474523,PCED1B,STAT3,LMC,Stat
1229,20,0,-1.54093470936659,GPC6,FOSL2,LMC,bZIP
1183,13,1,1.51250060585978,GGH,EGR1,MEF,Zf
3107,54,1,-1.66375263504464,TRIM59,USF1,MEF,bHLH
1459,0,1,-7.44354636193148,IL7R,ATF1,MEF,bZIP
136,58,0,-1.59568720121105,ANK3,ZEB1,LMC,Zf
1345,59,1,3.53624397712024,HMGCS2,ZKSCAN1,MEF,Zf
2415,49,1,2.81829064789133,RAB26,STAT1,MEF,Stat
1470,59,1,2.5503707450511,IP6K3,ZKSCAN1,MEF,Zf
2127,19,0,-1.00905862488966,PARVA,FOS,LMC,bZIP
1610,51,0,2.32436310217349,KRT8,TCF12,LMC,bHLH
1309,47,1,2.21344055112129,HAND2,SP1,MEF,Zf
2415,17,1,2.81829064789133,RAB26,ETS1,MEF,ETS
473,33,0,-1.72477055854409,CDCA2,MAFF,LMC,bZIP
543,7,0,2.03072685270189,CHL1,CTCF,LMC,Zf
1209,32,1,-2.87322861539706,GMFG,JUND,MEF,bZIP
3043,7,0,-1.76276458381235,TMEM51,CTCF,LMC,Zf
3005,7,1,-1.00971491423106,TMC7,CTCF,MEF,Zf
419,58,1,-1.01212708968367,CCM2,ZEB1,MEF,Zf
2058,42,0,1.25231194291045,NUP210,NRF1,LMC,NRF
2384,17,1,1.93102337372878,PTPN22,ETS1,MEF,ETS
1362,56,1,-1.78350008122568,HOXA7,YY1,MEF,Zf
649,6,1,-1.06162525000248,CREG1,BHLHE40,MEF,bHLH
1463,11,1,-1.11626598764505,INCENP,E2F6,MEF,E2F
1811,32,1,1.49384441854823,MEST,JUND,MEF,bZIP
332,22,0,3.6447648160557,C3,FOXA2,LMC,Forkhead
1848,60,1,1.58920096300279,MMP15,ZNF263,MEF,Zf
609,27,0,-2.48383705669678,COL14A1,GATA3,LMC,Zf
835,24,0,-1.62654006826296,E2F7,GABPA,LMC,ETS
1534,43,1,1.16893133474129,KCNC3,PAX5,MEF,"Paired,Homeobox"
2337,7,0,1.66170836484508,PRKCH,CTCF,LMC,Zf
2055,24,1,1.17374512161156,NUDT10,GABPA,MEF,ETS
542,51,0,1.63219210782671,CHD7,TCF12,LMC,bHLH
2817,52,0,1.65282560274896,SP140,TCF3,LMC,HMG
2725,8,0,1.14130727579286,SLC2A13,CUX1,LMC,Homeobox
1512,56,1,-2.12044492913344,JAKMIP2,YY1,MEF,Zf
1920,20,0,-1.51597579647074,MYO1B,FOSL2,LMC,bZIP
1885,49,1,-1.5366281892341,MST1R,STAT1,MEF,Stat
2939,14,1,2.29904675934665,TBX2,ELF1,MEF,ETS
2342,3,1,1.93262260552631,PROSER2,BACH1,MEF,bZIP
2932,55,0,-1.75684306726493,TAGLN,USF2,LMC,bHLH
323,11,1,1.57648450507266,C1GALT1,E2F6,MEF,E2F
399,12,1,2.3751815801806,CCDC65,EBF1,MEF,EBF
2509,28,1,-1.81964590214041,RIN3,HNF4A,MEF,NR
1742,25,0,1.27719188336983,MADD,GATA1,LMC,Zf
317,49,1,-6.68867108987945,BTK,STAT1,MEF,Stat
109,44,1,4.06136839444615,ALDH1A1,PBX3,MEF,Homeobox
1922,32,1,-8.72891732045066,MYO1F,JUND,MEF,bZIP
579,26,1,3.342796992011,CLIP4,GATA2,MEF,Zf
2510,12,1,-1.40805773205446,RINL,EBF1,MEF,EBF
44,47,1,1.57259468973211,ACY3,SP1,MEF,Zf
2701,8,1,1.60724773577274,SLC17A2,CUX1,MEF,Homeobox
1831,35,1,-1.08069464747404,MIR143HG,MAX,MEF,bHLH
3211,21,0,-1.06067198792734,WASF3,FOXA1,LMC,Forkhead
125,8,1,1.0675509191686,AMD1,CUX1,MEF,Homeobox
2695,47,1,-2.99251540919118,SLC16A11,SP1,MEF,Zf
697,21,1,-3.18451912586281,CX3CR1,FOXA1,MEF,Forkhead
1429,60,1,-1.17707093271722,IGSF3,ZNF263,MEF,Zf
394,40,1,2.63185886773848,CCDC3,MYOG,MEF,bHLH
2199,22,0,-1.14057209797294,PGK1,FOXA2,LMC,Forkhead
2155,26,0,-2.47708326135664,PCOLCE,GATA2,LMC,Zf
3058,5,1,-2.98966494538782,TNFRSF11A,BCL11A,MEF,Zf
1405,40,1,-1.80643853791662,HTRA4,MYOG,MEF,bHLH
164,6,1,1.60914715772685,APOB,BHLHE40,MEF,bHLH
1326,52,1,1.7722064028103,HERC3,TCF3,MEF,HMG
3147,55,1,-2.52504683152533,TUBB2B,USF2,MEF,bHLH
549,47,0,1.26910600541431,CHRNA2,SP1,LMC,Zf
2671,36,0,-3.85796672875105,SIM2,MAZ,LMC,Zf
341,22,0,-1.25938563071944,CACNA1H,FOXA2,LMC,Forkhead
2693,52,0,1.05954413123607,SLC16A1,TCF3,LMC,HMG
2128,1,0,1.85774573208055,PARVG,ATF2,LMC,bZIP
2123,3,0,-1.05912084907737,PAQR8,BACH1,LMC,bZIP
2884,60,0,-2.5431578853609,STK32B,ZNF263,LMC,Zf
1438,29,0,1.31868986082705,IL12RB1,IRF1,LMC,IRF
638,51,0,-1.23649506385739,CPED1,TCF12,LMC,bHLH
796,51,0,1.30396145946653,DOCK8,TCF12,LMC,bHLH
714,54,1,5.83611476013381,CYP1A1,USF1,MEF,bHLH
1946,29,0,-1.56584080827153,NCAPD2,IRF1,LMC,IRF
555,1,1,1.80769993725996,CHST7,ATF2,MEF,bZIP
677,19,0,2.85882234687445,CST9,FOS,LMC,bZIP
802,35,0,-1.26644254885578,DPF1,MAX,LMC,bHLH
1777,10,0,-2.30942689170144,MATN2,E2F4,LMC,E2F
2145,50,0,-1.28095528332009,PCDHGB2,STAT3,LMC,Stat
2175,15,0,-2.21664881019613,PDGFRB,ELK1,LMC,ETS
1424,27,0,1.82002858047698,IGFBP6,GATA3,LMC,Zf
2203,13,1,-2.39346866936256,PHF19,EGR1,MEF,Zf
136,41,0,-1.59568720121105,ANK3,NANOG,LMC,Homeobox
115,45,1,-1.46853695672575,ALDH3B1,PRDM1,MEF,Zf
2293,34,0,-2.73358754737203,POM121L2,MAFK,LMC,bZIP
1595,56,1,1.94541631082666,KLHL30,YY1,MEF,Zf
2852,2,0,-1.40595160073724,SRD5A1,ATF3,LMC,bZIP
701,34,0,1.3237922590638,CXCL14,MAFK,LMC,bZIP
2846,32,1,-1.65783666634101,SPRY3,JUND,MEF,bZIP
1003,58,1,-3.49365096633453,FAM64A,ZEB1,MEF,Zf
335,36,1,-2.24839777836133,C5AR2,MAZ,MEF,Zf
1753,42,1,-1.17597499133754,MANBA,NRF1,MEF,NRF
1508,35,0,3.50220835498791,IZUMO1,MAX,LMC,bHLH
1424,40,0,1.82002858047698,IGFBP6,MYOG,LMC,bHLH
3022,35,1,-1.15122500441737,TMEM173,MAX,MEF,bHLH
1829,33,0,-1.00491074472997,MID1,MAFF,LMC,bZIP
1096,46,1,1.41335220878963,FOXC2,RFX5,MEF,HTH
3259,35,1,-1.68425029454218,ZIC1,MAX,MEF,bHLH
1087,38,1,1.13617462924265,FNDC3A,MEF2C,MEF,MADS
2536,56,1,4.09881469049758,RPS27,YY1,MEF,Zf
1048,1,1,1.1360125176023,FGF1,ATF2,MEF,bZIP
2845,59,0,-1.12860791435859,SPRY1,ZKSCAN1,LMC,Zf
946,14,1,1.97088631304274,F11,ELF1,MEF,ETS
891,60,1,5.2176253554421,EN2,ZNF263,MEF,Zf
2071,47,0,2.25315774616314,OAS3,SP1,LMC,Zf
1266,22,1,1.15472693409068,GPRC5C,FOXA2,MEF,Forkhead
1617,51,0,1.53159191713736,LAMA3,TCF12,LMC,bHLH
2875,7,1,-2.01852192431119,STARD8,CTCF,MEF,Zf
1805,7,1,2.53388208972454,MEIG1,CTCF,MEF,Zf
558,53,0,-1.18502711991529,CIB2,TEAD4,LMC,TEA
557,6,0,-1.43008297365315,CHTF18,BHLHE40,LMC,bHLH
1569,14,0,-1.70112877149519,KIF18B,ELF1,LMC,ETS
3006,42,0,-1.06419111424311,TMEFF2,NRF1,LMC,NRF
1921,47,0,1.02112335467141,MYO1D,SP1,LMC,Zf
2339,8,1,1.18282904764798,PROCR,CUX1,MEF,Homeobox
270,49,1,-1.6177692850607,BARD1,STAT1,MEF,Stat
2230,32,0,1.79197987806405,PLA2G7,JUND,LMC,bZIP
763,12,1,2.02208135410791,DLG2,EBF1,MEF,EBF
1384,40,0,-1.42126887048009,HPDL,MYOG,LMC,bHLH
970,36,0,-1.948274036608,FAM132B,MAZ,LMC,Zf
3252,15,1,-1.30944351629506,ZDHHC14,ELK1,MEF,ETS
540,36,0,-1.21082079687174,CHD3,MAZ,LMC,Zf
944,23,0,-1.00757252383823,EZH2,FOXM1,LMC,Forkhead
2368,3,1,1.61211899018847,PTCHD1,BACH1,MEF,bZIP
1691,56,1,1.57129493062406,LRFN5,YY1,MEF,Zf
2311,22,0,2.41960817570328,PPM1N,FOXA2,LMC,Forkhead
2319,22,0,1.40689826891163,PPP1R9A,FOXA2,LMC,Forkhead
2260,29,1,-1.06024887079135,PLK3,IRF1,MEF,IRF
2082,11,0,1.67699464133269,OLFML2B,E2F6,LMC,E2F
1173,36,1,2.45256479241788,GDF5,MAZ,MEF,Zf
3059,7,0,-1.11813283267648,TNFRSF11B,CTCF,LMC,Zf
2982,12,1,-2.33478354896537,TICRR,EBF1,MEF,EBF
2171,32,0,-2.44644168629595,PDE9A,JUND,LMC,bZIP
2615,34,0,-1.46513423498235,SEMA6A,MAFK,LMC,bZIP
494,41,0,-1.10159048098213,CDKN1C,NANOG,LMC,Homeobox
3126,13,1,1.3204466752018,TSPAN13,EGR1,MEF,Zf
2018,11,0,2.2590846592963,NOTUM,E2F6,LMC,E2F
1955,14,0,2.19064837512025,NCKAP1L,ELF1,LMC,ETS
2048,27,0,1.64352835104118,NT5E,GATA3,LMC,Zf
2272,54,1,-1.21326833028032,PLXNA4,USF1,MEF,bHLH
2313,51,0,-2.72520424861174,PPP1R14A,TCF12,LMC,bHLH
873,58,0,2.31733348486408,EGR3,ZEB1,LMC,Zf
654,55,0,-2.86949451688048,CRISPLD1,USF2,LMC,bHLH
3206,11,0,-1.91355241666201,VWA1,E2F6,LMC,E2F
2949,35,1,2.12144077789538,TCFL5,MAX,MEF,bHLH
2721,36,1,-2.3209024585872,SLC27A6,MAZ,MEF,Zf
818,29,1,-2.16450188489231,DTL,IRF1,MEF,IRF
1185,46,1,1.7013245659201,GGT1,RFX5,MEF,HTH
1699,11,1,1.51589562604092,LRRC2,E2F6,MEF,E2F
700,42,1,-1.84700508578457,CXCL12,NRF1,MEF,NRF
3015,2,1,1.14577317140574,TMEM140,ATF3,MEF,bZIP
1422,34,1,2.42702045808045,IGFBP4,MAFK,MEF,bZIP
968,13,0,-1.4871692627616,FAM131B,EGR1,LMC,Zf
510,6,1,-3.04371144390706,CENPA,BHLHE40,MEF,bHLH
2248,17,0,1.09603278515227,PLEKHA7,ETS1,LMC,ETS
1383,3,0,3.90815789057665,HPCAL4,BACH1,LMC,bZIP
748,2,1,1.14447180905259,DENND6B,ATF3,MEF,bZIP
538,56,1,-1.82717985390422,CHAF1B,YY1,MEF,Zf
1787,19,1,-2.53275926001282,MCM10,FOS,MEF,bZIP
1823,36,0,1.24234769593635,MGAT3,MAZ,LMC,Zf
3263,58,0,1.13114050892096,ZMYND15,ZEB1,LMC,Zf
557,25,0,-1.43008297365315,CHTF18,GATA1,LMC,Zf
3083,36,1,1.05224662846561,TPD52L1,MAZ,MEF,Zf
211,50,0,1.53336216995019,ARRB2,STAT3,LMC,Stat
1819,55,1,-2.40695501424756,MFNG,USF2,MEF,bHLH
2952,10,1,-1.05146654923104,TEAD2,E2F4,MEF,E2F
3243,46,0,-1.12058662060011,YBX3,RFX5,LMC,HTH
739,36,1,1.57375665683309,DDN,MAZ,MEF,Zf
1560,58,0,-2.49372097296847,KCTD16,ZEB1,LMC,Zf
2386,17,0,2.05154846441403,PTPN6,ETS1,LMC,ETS
870,34,1,-1.20899941824855,EGLN3,MAFK,MEF,bZIP
2185,29,1,-1.72243686447564,PEG10,IRF1,MEF,IRF
915,21,1,2.65031729246716,ERBB3,FOXA1,MEF,Forkhead
1551,14,1,-2.83262088040282,KCNK13,ELF1,MEF,ETS
348,3,0,-1.41453586939854,CACNG7,BACH1,LMC,bZIP
335,34,0,2.32346443077676,C5AR2,MAFK,LMC,bZIP
2478,3,0,-1.05749006064145,RCN1,BACH1,LMC,bZIP
609,15,0,-2.48383705669678,COL14A1,ELK1,LMC,ETS
706,4,1,1.17172577203364,CXXC5,BATF,MEF,bZIP
1245,59,0,1.73666532474954,GPR157,ZKSCAN1,LMC,Zf
784,40,1,1.08312646824662,DNAJB4,MYOG,MEF,bHLH
2724,20,1,1.02279046206121,SLC2A12,FOSL2,MEF,bZIP
125,18,1,1.0675509191686,AMD1,FLI1,MEF,ETS
1599,23,1,-4.51884009141692,KLHL6,FOXM1,MEF,Forkhead
2852,14,0,-1.40595160073724,SRD5A1,ELF1,LMC,ETS
3235,32,0,1.66189980207971,WT1,JUND,LMC,bZIP
2614,34,1,-1.66143168013089,SEMA4G,MAFK,MEF,bZIP
1192,6,1,1.31110381344773,GIPC2,BHLHE40,MEF,bHLH
678,29,0,1.30007498000597,CTDSPL,IRF1,LMC,IRF
2152,50,1,-2.32673874209198,PCK1,STAT3,MEF,Stat
693,0,0,-1.02311552800996,CUL7,ATF1,LMC,bZIP
829,43,1,-1.58068661283393,DUT,PAX5,MEF,"Paired,Homeobox"
1011,34,0,-1.74555332545619,FAM83D,MAFK,LMC,bZIP
3007,36,0,1.50050395055643,TMEM106A,MAZ,LMC,Zf
3261,43,1,1.07594447809791,ZKSCAN4,PAX5,MEF,"Paired,Homeobox"
392,55,0,-1.59929315254546,CCDC18,USF2,LMC,bHLH
1478,15,1,-4.43611876756178,IRF8,ELK1,MEF,ETS
511,26,1,-2.78967392596139,CENPE,GATA2,MEF,Zf
1215,46,0,-1.04714678478155,GNG10,RFX5,LMC,HTH
3249,7,1,-3.34195234407642,ZC3H12D,CTCF,MEF,Zf
2292,56,1,-1.55535313200542,POLQ,YY1,MEF,Zf
1648,43,1,-1.27478146434956,LGMN,PAX5,MEF,"Paired,Homeobox"
1649,1,1,1.67637298911309,LHFPL1,ATF2,MEF,bZIP
3051,56,1,1.32077569485417,TMX2,YY1,MEF,Zf
1304,7,0,1.79557860486575,GUCY1A3,CTCF,LMC,Zf
1100,36,0,-1.60093921079154,FOXL1,MAZ,LMC,Zf
1610,33,0,2.32436310217349,KRT8,MAFF,LMC,bZIP
3166,33,1,2.11848175670413,UGP2,MAFF,MEF,bZIP
3206,29,0,-1.91355241666201,VWA1,IRF1,LMC,IRF
1701,44,0,-1.25291696020209,LRRC3,PBX3,LMC,Homeobox
2521,13,0,1.85579554891979,RNF180,EGR1,LMC,Zf
2807,17,0,1.39826749219682,SORL1,ETS1,LMC,ETS
776,55,0,-1.62268773206767,DNAH1,USF2,LMC,bHLH
305,11,0,-1.74410154419334,BMPR1B,E2F6,LMC,E2F
3004,15,1,1.36614656772633,TMBIM4,ELK1,MEF,ETS
31,15,1,-1.0644913970013,ACOT7,ELK1,MEF,ETS
169,13,0,2.87784053099309,APOE,EGR1,LMC,Zf
1014,42,0,1.44493122160936,FAM84B,NRF1,LMC,NRF
786,46,0,2.16190721765373,DNAJC6,RFX5,LMC,HTH
1904,55,0,-1.32848118947646,MYCL,USF2,LMC,bHLH
3081,60,1,-1.4911098764873,TOX3,ZNF263,MEF,Zf
1969,58,1,-2.45331857180065,NEIL3,ZEB1,MEF,Zf
2014,47,0,1.03414208924194,NOS1AP,SP1,LMC,Zf
561,51,1,2.25513078197246,CITED4,TCF12,MEF,bHLH
945,30,0,1.62913103681418,EZR,IRF3,LMC,IRF
2881,16,1,-1.77045279019706,STIL,ELK4,MEF,ETS
2323,50,1,-2.63906110655865,PRC1,STAT3,MEF,Stat
2202,54,1,1.46374102379533,PGRMC1,USF1,MEF,bHLH
1374,43,1,-1.56993906660248,HOXC5,PAX5,MEF,"Paired,Homeobox"
2769,27,1,-3.32063529258886,SLFN5,GATA3,MEF,Zf
335,22,0,2.32346443077676,C5AR2,FOXA2,LMC,Forkhead
103,55,0,-1.30472250216679,AKAP12,USF2,LMC,bHLH
2670,44,1,-3.28332234129866,SIM1,PBX3,MEF,Homeobox
1306,36,0,-3.59327218483899,H19,MAZ,LMC,Zf
2252,29,1,1.3349193608367,PLEKHH2,IRF1,MEF,IRF
335,26,1,-2.24839777836133,C5AR2,GATA2,MEF,Zf
1215,8,0,-1.04714678478155,GNG10,CUX1,LMC,Homeobox
2736,3,1,2.09488654749349,SLC35G1,BACH1,MEF,bZIP
280,42,1,-1.11309358236636,BCL2L11,NRF1,MEF,NRF
2817,34,0,1.65282560274896,SP140,MAFK,LMC,bZIP
894,46,0,-1.88796924738985,ENG,RFX5,LMC,HTH
1108,56,0,-1.83668937795745,FREM2,YY1,LMC,Zf
68,19,0,2.27014315431646,ADAP2,FOS,LMC,bZIP
1734,11,1,1.03962783655705,LYRM7,E2F6,MEF,E2F
784,52,1,1.08312646824662,DNAJB4,TCF3,MEF,HMG
1738,23,1,1.18278975969267,LZTFL1,FOXM1,MEF,Forkhead
1156,6,0,2.54898685411271,GATA5,BHLHE40,LMC,bHLH
2402,36,1,-1.28053031107436,PYCARD,MAZ,MEF,Zf
2911,13,1,-2.18064992479713,SYNE2,EGR1,MEF,Zf
1163,6,1,1.37659350408397,GCH1,BHLHE40,MEF,bHLH
1767,36,1,1.01955457792166,MAPK13,MAZ,MEF,Zf
2191,13,1,-1.12489024784302,PFKFB3,EGR1,MEF,Zf
1514,60,0,1.9986962680632,JAM2,ZNF263,LMC,Zf
721,35,0,1.68322986154706,CYTH4,MAX,LMC,bHLH
10,25,1,-1.23887475365134,ABCB4,GATA1,MEF,Zf
2466,46,1,1.32338894662691,RB1,RFX5,MEF,HTH
3007,58,0,1.50050395055643,TMEM106A,ZEB1,LMC,Zf
1514,37,0,1.9986962680632,JAM2,MEF2A,LMC,MADS
2981,25,0,1.74334891573225,TICAM2,GATA1,LMC,Zf
1951,47,0,1.45744396290933,NCEH1,SP1,LMC,Zf
2818,19,0,-2.25716671489851,SP3,FOS,LMC,bZIP
473,20,0,-1.72477055854409,CDCA2,FOSL2,LMC,bZIP
1751,56,0,1.2574581791148,MAN1C1,YY1,LMC,Zf
252,46,1,-2.3618604739919,AURKB,RFX5,MEF,HTH
2818,7,1,-2.08194247908824,SP3,CTCF,MEF,Zf
2814,35,0,-1.17069604188716,SOX8,MAX,LMC,bHLH
1804,32,1,1.65765544181301,MEGF9,JUND,MEF,bZIP
2761,13,1,1.34553666729425,SLC9A2,EGR1,MEF,Zf
2274,29,1,2.10257897633851,PM20D1,IRF1,MEF,IRF
2382,25,0,1.0109676241031,PTPN13,GATA1,LMC,Zf
358,52,1,1.22166358080794,CAMK4,TCF3,MEF,HMG
513,6,0,-1.3525440584189,CENPH,BHLHE40,LMC,bHLH
1388,51,0,1.36297557427342,HRASLS,TCF12,LMC,bHLH
2471,11,1,-1.02846279527939,RBM46,E2F6,MEF,E2F
790,15,0,1.49979232189584,DNM1,ELK1,LMC,ETS
1051,11,1,1.43975653073319,FGF12,E2F6,MEF,E2F
399,13,1,2.3751815801806,CCDC65,EGR1,MEF,Zf
2312,25,0,1.05616905984936,PPP1R13B,GATA1,LMC,Zf
2638,56,0,1.35708014255884,SGK3,YY1,LMC,Zf
242,13,1,-1.74134372328352,ATP2A3,EGR1,MEF,Zf
1679,1,0,-1.54161054323492,LOXL3,ATF2,LMC,bZIP
1442,60,1,3.60920778732912,IL17RB,ZNF263,MEF,Zf
181,46,1,-2.885756251564,ARHGAP19,RFX5,MEF,HTH
1947,31,1,-1.98660200090861,NCAPG,IRF4,MEF,IRF
2187,24,1,2.4186562012654,PERP,GABPA,MEF,ETS
1054,14,1,1.1716865224164,FGF18,ELF1,MEF,ETS
2932,60,0,-1.75684306726493,TAGLN,ZNF263,LMC,Zf
515,50,1,-1.48399593144254,CENPK,STAT3,MEF,Stat
1024,6,1,-3.01491576767081,FBLN2,BHLHE40,MEF,bHLH
100,31,0,1.80170248274046,AIM1,IRF4,LMC,IRF
365,54,1,-4.50319938477147,CARD9,USF1,MEF,bHLH
1731,21,1,-1.28097207449901,LYN,FOXA1,MEF,Forkhead
1498,12,1,-1.26046363648136,ITGB3,EBF1,MEF,EBF
1263,40,1,-1.33342975783313,GPR84,MYOG,MEF,bHLH
1158,29,0,-1.36462799317049,GATSL3,IRF1,LMC,IRF
1100,35,1,3.06512997494896,FOXL1,MAX,MEF,bHLH
3124,32,1,1.83509447372902,TSLP,JUND,MEF,bZIP
265,14,0,-1.12473692026766,BAG2,ELF1,LMC,ETS
378,9,1,-1.32292123294692,CBX2,E2F1,MEF,E2F
2457,35,0,1.83917249657062,RASGRF2,MAX,LMC,bHLH
2039,12,0,-1.67908212368491,NRN1,EBF1,LMC,EBF
906,47,0,-1.47598741093167,EPHA4,SP1,LMC,Zf
1642,35,1,-2.26677149350915,LFNG,MAX,MEF,bHLH
41,12,1,-1.29710351150971,ACTN3,EBF1,MEF,EBF
2871,56,0,-1.81588006159571,STAG3,YY1,LMC,Zf
2865,35,1,2.039989378885,ST8SIA1,MAX,MEF,bHLH
3167,11,1,-2.95782767929237,UHRF1,E2F6,MEF,E2F
728,60,0,-1.08951110478474,DCBLD1,ZNF263,LMC,Zf
2780,46,1,-2.53569834479506,SMOC1,RFX5,MEF,HTH
2014,32,0,1.03414208924194,NOS1AP,JUND,LMC,bZIP
548,19,1,1.36084304816401,CHRNA1,FOS,MEF,bZIP
441,51,1,-4.20187463759613,CD300A,TCF12,MEF,bHLH
1558,3,1,-1.81985486520206,KCP,BACH1,MEF,bZIP
1385,19,0,3.15189241334862,HPGD,FOS,LMC,bZIP
2095,53,0,-4.06327887175194,OSR2,TEAD4,LMC,TEA
2817,8,0,1.65282560274896,SP140,CUX1,LMC,Homeobox
1654,26,1,1.71939104623095,LIF,GATA2,MEF,Zf
2615,36,0,-1.46513423498235,SEMA6A,MAZ,LMC,Zf
1139,6,1,-2.53046737953062,GALNT12,BHLHE40,MEF,bHLH
2230,7,0,1.79197987806405,PLA2G7,CTCF,LMC,Zf
1050,11,0,-1.24638153747185,FGF11,E2F6,LMC,E2F
390,8,1,1.52252830513111,CCDC158,CUX1,MEF,Homeobox
3193,35,1,-1.4464715609649,VCAM1,MAX,MEF,bHLH
1882,50,1,5.05109554918755,MSLN,STAT3,MEF,Stat
2716,22,1,-1.50394993507876,SLC25A45,FOXA2,MEF,Forkhead
2699,53,0,-1.13247654437372,SLC16A3,TEAD4,LMC,TEA
721,35,1,-7.29457009435179,CYTH4,MAX,MEF,bHLH
831,58,1,1.24284518660575,DYNC2LI1,ZEB1,MEF,Zf
562,14,0,-1.84132809551671,CKAP2,ELF1,LMC,ETS
2812,36,1,1.62440533771167,SOX5,MAZ,MEF,Zf
829,27,0,-1.17747353187961,DUT,GATA3,LMC,Zf
2018,59,1,3.27657972227678,NOTUM,ZKSCAN1,MEF,Zf
2323,20,1,-2.63906110655865,PRC1,FOSL2,MEF,bZIP
121,13,1,2.05301611727936,ALPL,EGR1,MEF,Zf
731,51,0,-1.18167630418345,DCLK1,TCF12,LMC,bHLH
206,34,0,1.03464648404982,ARL4C,MAFK,LMC,bZIP
513,2,0,-1.3525440584189,CENPH,ATF3,LMC,bZIP
2867,56,0,1.85982327350458,ST8SIA4,YY1,LMC,Zf
1717,12,0,-1.25931102077003,LSP1,EBF1,LMC,EBF
1458,1,1,1.93262111717397,IL7,ATF2,MEF,bZIP
2677,2,0,-1.27927448448625,SKA3,ATF3,LMC,bZIP
559,36,1,1.50331356600909,CILP2,MAZ,MEF,Zf
1469,2,0,-1.34614119276357,INSIG1,ATF3,LMC,bZIP
516,25,0,-1.77252367309002,CENPM,GATA1,LMC,Zf
1157,21,0,1.09836704488983,GATA6,FOXA1,LMC,Forkhead
2476,3,1,1.73720161916413,RCAN1,BACH1,MEF,bZIP
465,17,0,-2.11602648113733,CDC20,ETS1,LMC,ETS
2304,54,0,-2.08467910509442,PPARGC1A,USF1,LMC,bHLH
717,12,1,1.24940873650328,CYP27A1,EBF1,MEF,EBF
3217,36,0,1.18761457019747,WDR91,MAZ,LMC,Zf
414,1,1,-3.70901129351102,CCL3,ATF2,MEF,bZIP
1711,56,0,1.47996043864215,LRRN4,YY1,LMC,Zf
346,36,1,2.3050515227329,CACNB2,MAZ,MEF,Zf
2608,60,1,2.11602326557381,SEMA3C,ZNF263,MEF,Zf
441,53,1,-4.20187463759613,CD300A,TEAD4,MEF,TEA
1567,44,1,-2.6418326666532,KIF14,PBX3,MEF,Homeobox
1490,26,1,1.27075279553544,ITGA3,GATA2,MEF,Zf
1524,33,1,4.11018143580705,KCNA2,MAFF,MEF,bZIP
3206,24,0,-1.91355241666201,VWA1,GABPA,LMC,ETS
1531,40,1,1.9358693599311,KCNB1,MYOG,MEF,bHLH
1563,35,0,-1.01650705043429,KDELR3,MAX,LMC,bHLH
2970,40,0,-1.58578942419484,TGFB2,MYOG,LMC,bHLH
1923,50,1,-6.19711798535676,MYO1G,STAT3,MEF,Stat
2414,15,0,-1.30372944762323,RAB23,ELK1,LMC,ETS
1137,26,0,-1.31503420517668,GAL3ST4,GATA2,LMC,Zf
1992,46,1,1.44923868568797,NIPAL2,RFX5,MEF,HTH
2324,24,1,-1.08146216479517,PRCP,GABPA,MEF,ETS
1589,47,1,1.54085480516955,KLF15,SP1,MEF,Zf
1416,56,1,1.41048238806938,IFNLR1,YY1,MEF,Zf
3077,17,0,-1.50867268856158,TOM1L1,ETS1,LMC,ETS
3090,15,1,-3.33267270585963,TRAF3IP3,ELK1,MEF,ETS
930,7,0,-1.38675971936181,EVA1A,CTCF,LMC,Zf
1147,14,1,-1.06721399184908,GAPDH,ELF1,MEF,ETS
2196,10,0,-1.22792787179975,PGAP3,E2F4,LMC,E2F
1007,35,0,1.92392739624196,FAM78A,MAX,LMC,bHLH
2288,35,1,-1.22235801190337,POLA1,MAX,MEF,bHLH
3203,10,0,-1.32908130370171,VSIG10L,E2F4,LMC,E2F
2818,16,0,-2.25716671489851,SP3,ELK4,LMC,ETS
975,0,1,1.2401815530898,FAM161B,ATF1,MEF,bZIP
1123,2,0,1.42329473898804,FTH1,ATF3,LMC,bZIP
2057,24,0,-2.07327400721528,NUF2,GABPA,LMC,ETS
2308,23,1,1.37041742724006,PPFIBP2,FOXM1,MEF,Forkhead
2879,14,1,-1.12517348771472,STEAP3,ELF1,MEF,ETS
2154,46,0,3.91045867563713,PCNXL2,RFX5,LMC,HTH
2257,51,0,-1.78801045356104,PLIN4,TCF12,LMC,bHLH
683,33,0,1.6376764867435,CTSB,MAFF,LMC,bZIP
1032,55,0,-1.46617372302768,FBXO16,USF2,LMC,bHLH
2568,54,1,1.47843825543726,SAMD12,USF1,MEF,bHLH
1821,23,0,-1.90973057974715,MFSD2A,FOXM1,LMC,Forkhead
3062,50,0,1.39526638579777,TNFRSF1B,STAT3,LMC,Stat
995,8,1,1.19324303942543,FAM26E,CUX1,MEF,Homeobox
3081,22,1,-1.4911098764873,TOX3,FOXA2,MEF,Forkhead
1455,7,0,-1.93874412888656,IL27RA,CTCF,LMC,Zf
1305,21,1,1.97744142088231,GYLTL1B,FOXA1,MEF,Forkhead
2792,21,0,1.77801894743797,SNHG11,FOXA1,LMC,Forkhead
3001,10,0,2.28637045987536,TM4SF4,E2F4,LMC,E2F
2291,43,0,-1.23879932531305,POLE2,PAX5,LMC,"Paired,Homeobox"
1982,35,0,1.52579109621261,NFATC2,MAX,LMC,bHLH
1004,58,1,1.7937952784065,FAM71E1,ZEB1,MEF,Zf
1382,28,1,-3.28891677324361,HP,HNF4A,MEF,NR
1952,36,1,-5.99503819953463,NCF1,MAZ,MEF,Zf
2285,19,0,-2.18791521896949,PODNL1,FOS,LMC,bZIP
242,59,1,-1.74134372328352,ATP2A3,ZKSCAN1,MEF,Zf
3208,1,1,2.42301682209348,VWC2,ATF2,MEF,bZIP
3073,40,0,-1.41293644589168,TNNT3,MYOG,LMC,bHLH
1364,24,1,-1.26952043556807,HOXB2,GABPA,MEF,ETS
1145,53,0,2.0527973309061,GALNT6,TEAD4,LMC,TEA
1137,53,0,-1.31503420517668,GAL3ST4,TEAD4,LMC,TEA
2359,51,1,-1.13745688443636,PRUNE2,TCF12,MEF,bHLH
2430,17,1,-1.31416017052017,RACGAP1,ETS1,MEF,ETS
2929,43,0,-1.14419748841923,TACC3,PAX5,LMC,"Paired,Homeobox"
165,19,0,1.51242432274021,APOBEC1,FOS,LMC,bZIP
2764,15,0,1.80329251657958,SLC9A9,ELK1,LMC,ETS
664,21,0,1.50200208422451,CSF2RA,FOXA1,LMC,Forkhead
125,15,1,1.0675509191686,AMD1,ELK1,MEF,ETS
1755,7,1,1.44675059778811,MANSC1,CTCF,MEF,Zf
374,26,1,1.23448574205766,CATSPER3,GATA2,MEF,Zf
1578,0,0,-2.1700677220651,KIF2C,ATF1,LMC,bZIP
862,20,1,2.84569659738805,EFNA1,FOSL2,MEF,bZIP
1838,35,1,1.00684294020748,MLLT3,MAX,MEF,bHLH
1759,51,0,-1.20195710611927,MAP2K6,TCF12,LMC,bHLH
2224,47,1,-2.26014906231889,PKMYT1,SP1,MEF,Zf
737,21,0,1.09491580192298,DDC,FOXA1,LMC,Forkhead
1743,3,0,1.2423560260099,MAF,BACH1,LMC,bZIP
551,1,1,-1.00795584335134,CHST12,ATF2,MEF,bZIP
1135,7,0,2.4400945511106,GAL,CTCF,LMC,Zf
2257,52,1,1.7328469073419,PLIN4,TCF3,MEF,HMG
2309,40,1,-2.02272215179299,PPL,MYOG,MEF,bHLH
2029,6,0,2.28594665350141,NPY,BHLHE40,LMC,bHLH
2045,36,0,3.81862712788777,NT5C1A,MAZ,LMC,Zf
1291,34,1,2.73973791503383,GSC,MAFK,MEF,bZIP
2349,19,0,-1.15565361783334,PRRT2,FOS,LMC,bZIP
1235,19,0,-1.19625036047988,GPR116,FOS,LMC,bZIP
2169,33,0,-1.34466387096847,PDE4D,MAFF,LMC,bZIP
816,3,0,2.48488641041993,DSG2,BACH1,LMC,bZIP
2051,6,1,3.26103747753101,NTRK2,BHLHE40,MEF,bHLH
777,33,0,-1.76785350294743,DNAH11,MAFF,LMC,bZIP
3145,42,1,-1.32949754920419,TUBA1B,NRF1,MEF,NRF
2833,24,0,2.04473439363982,SPI1,GABPA,LMC,ETS
1957,46,0,-1.64466006634202,NDC80,RFX5,LMC,HTH
3034,3,0,-1.63490947200649,TMEM246,BACH1,LMC,bZIP
563,20,1,-3.27232018490678,CKAP2L,FOSL2,MEF,bZIP
2543,19,0,2.2870114835097,RSAD2,FOS,LMC,bZIP
2599,60,0,-1.0351862979675,SDK2,ZNF263,LMC,Zf
1982,1,1,-1.37039279792407,NFATC2,ATF2,MEF,bZIP
836,36,1,-2.76164814143304,E2F8,MAZ,MEF,Zf
2172,59,1,-1.41279192676736,PDGFB,ZKSCAN1,MEF,Zf
1721,14,0,-1.39118704901339,LTBP2,ELF1,LMC,ETS
794,12,0,1.90155186196009,DOCK2,EBF1,LMC,EBF
594,7,1,2.06692287266867,CNKSR2,CTCF,MEF,Zf
1412,31,1,1.11343240556296,IER3,IRF4,MEF,IRF
2061,42,1,-2.58080923652457,NUSAP1,NRF1,MEF,NRF
3235,17,1,-2.62409631254694,WT1,ETS1,MEF,ETS
57,55,1,-3.23525709952468,ADAMTS14,USF2,MEF,bHLH
3150,43,1,-1.30229002037898,TUBB6,PAX5,MEF,"Paired,Homeobox"
2957,58,0,2.25325284092505,TESC,ZEB1,LMC,Zf
2319,15,0,1.40689826891163,PPP1R9A,ELK1,LMC,ETS
2045,56,0,3.81862712788777,NT5C1A,YY1,LMC,Zf
773,14,0,-1.68084694013253,DMPK,ELF1,LMC,ETS
463,32,1,-4.69920730790089,CD93,JUND,MEF,bZIP
226,58,1,-2.12606281183785,ASF1B,ZEB1,MEF,Zf
469,1,0,-1.08880876245464,CDC42EP4,ATF2,LMC,bZIP
759,24,0,-1.00993525857208,DIXDC1,GABPA,LMC,ETS
2837,33,0,1.62615454323833,SPINT2,MAFF,LMC,bZIP
224,55,1,3.5793529115636,ASCL1,USF2,MEF,bHLH
3060,51,1,-1.68245131894634,TNFRSF14,TCF12,MEF,bHLH
685,43,0,1.40081145363371,CTSD,PAX5,LMC,"Paired,Homeobox"
3250,17,0,-2.44277508235194,ZC3HAV1L,ETS1,LMC,ETS
2614,56,1,-1.66143168013089,SEMA4G,YY1,MEF,Zf
999,7,0,1.1663991918586,FAM46C,CTCF,LMC,Zf
1339,60,0,1.98968634337139,HK3,ZNF263,LMC,Zf
2893,34,0,1.51284286980571,STRA6,MAFK,LMC,bZIP
213,42,1,-1.08500643822329,ARSB,NRF1,MEF,NRF
2607,15,1,2.4777280916828,SEMA3B,ELK1,MEF,ETS
2660,19,1,-2.91155511354678,SHCBP1,FOS,MEF,bZIP
2344,55,0,2.37482787571774,PRR15,USF2,LMC,bHLH
526,6,0,-1.55044439537775,CEP72,BHLHE40,LMC,bHLH
2897,29,0,-1.10735214005157,STYK1,IRF1,LMC,IRF
1369,14,1,-1.03793502410556,HOXB7,ELF1,MEF,ETS
2595,11,1,2.67484215231946,SCUBE3,E2F6,MEF,E2F
1355,17,1,4.28285138666841,HOXA10,ETS1,MEF,ETS
952,7,1,2.05701146682328,F5,CTCF,MEF,Zf
1292,3,0,1.18024367524871,GSDMD,BACH1,LMC,bZIP
741,22,1,-1.52641846737503,DDX11,FOXA2,MEF,Forkhead
198,14,1,-3.3044652172803,ARHGEF39,ELF1,MEF,ETS
1191,10,0,-1.20418516225923,GINS2,E2F4,LMC,E2F
2699,12,0,-1.13247654437372,SLC16A3,EBF1,LMC,EBF
1448,19,1,1.28980856944276,IL1B,FOS,MEF,bZIP
2785,36,1,2.60205641381616,SMYD1,MAZ,MEF,Zf
406,15,1,-1.29276876570371,CCDC88C,ELK1,MEF,ETS
2694,43,0,1.20649329449766,SLC16A10,PAX5,LMC,"Paired,Homeobox"
2557,42,1,-1.35804689027119,RXFP3,NRF1,MEF,NRF
2448,14,1,-3.64035257303217,RAPGEF5,ELF1,MEF,ETS
3046,19,0,2.28932160921148,TMEM59L,FOS,LMC,bZIP
2378,19,0,1.53215201360364,PTK2B,FOS,LMC,bZIP
505,13,1,1.08493047297253,CELF5,EGR1,MEF,Zf
646,54,0,1.44373091276632,CRB2,USF1,LMC,bHLH
2642,9,0,-1.09221409697119,SGSM1,E2F1,LMC,E2F
1935,56,0,-1.2886287110064,NACAD,YY1,LMC,Zf
51,20,1,-2.19486939957744,ADAM33,FOSL2,MEF,bZIP
1398,55,1,1.08451053955341,HSPA4L,USF2,MEF,bHLH
1206,19,0,-1.22411901217889,GLIS3,FOS,LMC,bZIP
1826,22,0,1.37380557150798,MGST2,FOXA2,LMC,Forkhead
276,19,0,-2.52309707321754,BCAT1,FOS,LMC,bZIP
241,10,1,1.15532941828722,ATP1B2,E2F4,MEF,E2F
259,14,1,-1.08870467428603,B3GNT8,ELF1,MEF,ETS
2913,53,1,1.74643857506266,SYNGR3,TEAD4,MEF,TEA
1362,9,1,-1.78350008122568,HOXA7,E2F1,MEF,E2F
1486,55,1,-1.13969524110321,ISYNA1,USF2,MEF,bHLH
2523,23,0,-1.17127768993016,RNF207,FOXM1,LMC,Forkhead
370,19,0,1.41914301474303,CASP4,FOS,LMC,bZIP
3015,32,1,1.14577317140574,TMEM140,JUND,MEF,bZIP
2058,55,0,1.25231194291045,NUP210,USF2,LMC,bHLH
2810,15,1,-2.68150712163575,SOX12,ELK1,MEF,ETS
1599,26,1,-4.51884009141692,KLHL6,GATA2,MEF,Zf
2223,31,0,2.42323666921668,PKIB,IRF4,LMC,IRF
3213,17,0,1.97610439531418,WDFY4,ETS1,LMC,ETS
44,26,1,1.57259468973211,ACY3,GATA2,MEF,Zf
337,53,0,-1.44650094432759,CABP1,TEAD4,LMC,TEA
111,22,0,1.95083789066837,ALDH1A3,FOXA2,LMC,Forkhead
2866,3,0,-3.45472894499849,ST8SIA2,BACH1,LMC,bZIP
294,8,0,2.42043494814029,BIN2,CUX1,LMC,Homeobox
1816,32,1,-1.32991077332201,MEX3D,JUND,MEF,bZIP
2172,35,0,2.04366489962011,PDGFB,MAX,LMC,bHLH
612,32,1,1.56435807341242,COL18A1,JUND,MEF,bZIP
2358,53,0,-1.32666189066918,PRTG,TEAD4,LMC,TEA
883,59,0,-1.77841332512068,ELOVL6,ZKSCAN1,LMC,Zf
2091,17,0,-2.75084048443448,OSBPL6,ETS1,LMC,ETS
2664,60,1,1.59313087481905,SHISA7,ZNF263,MEF,Zf
495,45,1,1.14494216247271,CDKN2B,PRDM1,MEF,Zf
2290,2,0,-1.59233149150338,POLE,ATF3,LMC,bZIP
1369,19,1,-1.03793502410556,HOXB7,FOS,MEF,bZIP
3210,12,0,2.01990805201589,WAS,EBF1,LMC,EBF
72,36,1,1.58089716931538,ADCY5,MAZ,MEF,Zf
2630,60,0,-1.44351784351916,SETBP1,ZNF263,LMC,Zf
3165,25,1,-2.38129196365162,UCP2,GATA1,MEF,Zf
3,10,0,-1.10411587503093,AASS,E2F4,LMC,E2F
2638,36,0,1.35708014255884,SGK3,MAZ,LMC,Zf
1862,27,1,1.15642821553146,MORN2,GATA3,MEF,Zf
2761,21,1,1.34553666729425,SLC9A2,FOXA1,MEF,Forkhead
473,10,1,-1.83545152460296,CDCA2,E2F4,MEF,E2F
35,15,0,-1.09413388951588,ACSS2,ELK1,LMC,ETS
3085,20,0,-2.45217469460679,TPM2,FOSL2,LMC,bZIP
299,46,1,4.14806575686464,BMP4,RFX5,MEF,HTH
1492,32,0,2.43217173733931,ITGA7,JUND,LMC,bZIP
1799,6,1,1.44731947095315,MECOM,BHLHE40,MEF,bHLH
2868,50,1,-6.62493723827475,STAB1,STAT3,MEF,Stat
3159,43,1,-1.17765017471385,UBASH3B,PAX5,MEF,"Paired,Homeobox"
958,53,0,-1.05370308794805,FADS3,TEAD4,LMC,TEA
1463,17,1,-1.11626598764505,INCENP,ETS1,MEF,ETS
1920,14,1,-2.36359696827046,MYO1B,ELF1,MEF,ETS
1862,34,1,1.15642821553146,MORN2,MAFK,MEF,bZIP
199,17,0,-1.05386547566528,ARHGEF4,ETS1,LMC,ETS
2734,52,0,-2.55732246205919,SLC35F2,TCF3,LMC,HMG
605,17,0,-1.07984003641775,CNTROB,ETS1,LMC,ETS
2923,19,0,1.05851666857904,SYTL1,FOS,LMC,bZIP
2313,51,0,-2.72520424861174,PPP1R14A,TCF12,LMC,bHLH
3061,15,0,1.02514171178658,TNFRSF19,ELK1,LMC,ETS
212,1,1,1.23030270494439,ARRDC3,ATF2,MEF,bZIP
875,60,1,-1.34853539641118,EHHADH,ZNF263,MEF,Zf
1522,10,0,1.20685854188687,KBTBD8,E2F4,LMC,E2F
1512,7,0,-3.75514129111322,JAKMIP2,CTCF,LMC,Zf
1746,11,1,5.32777087359567,MAL,E2F6,MEF,E2F
711,11,1,2.11217937635769,CYBRD1,E2F6,MEF,E2F
2588,29,1,1.60874673887536,SCN3B,IRF1,MEF,IRF
2310,25,0,1.06332349402657,PPM1E,GATA1,LMC,Zf
389,50,1,2.01656793230096,CCDC153,STAT3,MEF,Stat
407,59,1,1.03514271363307,CCDC90B,ZKSCAN1,MEF,Zf
899,56,0,1.17643647919263,ENPP4,YY1,LMC,Zf
2940,51,1,2.61004376836006,TBX20,TCF12,MEF,bHLH
2762,46,0,1.14204392419731,SLC9A3R1,RFX5,LMC,HTH
2894,35,1,-1.24756860580179,STX1A,MAX,MEF,bHLH
775,7,1,-1.72004709805827,DMRTA2,CTCF,MEF,Zf
1830,32,1,-2.68588716245115,MILR1,JUND,MEF,bZIP
502,6,0,1.95972854003952,CEACAM1,BHLHE40,LMC,bHLH
1016,16,0,-1.28239591471792,FANCD2,ELK4,LMC,ETS
631,53,1,-1.04533746512875,CORO1C,TEAD4,MEF,TEA
721,0,1,-7.29457009435179,CYTH4,ATF1,MEF,bZIP
364,5,1,1.14635570776145,CAPS2,BCL11A,MEF,Zf
396,6,1,1.16001064184712,CCDC39,BHLHE40,MEF,bHLH
3018,20,1,-3.1052722091021,TMEM156,FOSL2,MEF,bZIP
1438,36,0,1.31868986082705,IL12RB1,MAZ,LMC,Zf
297,34,1,-1.47855327707951,BMP1,MAFK,MEF,bZIP
334,15,1,-7.57723638499168,C5AR1,ELK1,MEF,ETS
2606,44,0,-1.18341999381552,SEMA3A,PBX3,LMC,Homeobox
1824,12,1,3.1939303168836,MGP,EBF1,MEF,EBF
2658,42,0,-1.94369760762951,SHC2,NRF1,LMC,NRF
1171,28,1,-2.0002880318184,GDF10,HNF4A,MEF,NR
2848,50,1,-1.32010417495489,SPSB4,STAT3,MEF,Stat
2846,35,1,-1.65783666634101,SPRY3,MAX,MEF,bHLH
2328,59,0,1.68357693735779,PRDX1,ZKSCAN1,LMC,Zf
1992,59,1,1.44923868568797,NIPAL2,ZKSCAN1,MEF,Zf
355,35,1,2.33795952332713,CAMK2A,MAX,MEF,bHLH
1467,46,0,1.7121325322489,INPP5J,RFX5,LMC,HTH
719,37,0,1.91902687404355,CYSLTR1,MEF2A,LMC,MADS
1891,47,0,-1.28051428954918,MTHFD1L,SP1,LMC,Zf
2664,26,1,1.59313087481905,SHISA7,GATA2,MEF,Zf
270,51,1,-1.6177692850607,BARD1,TCF12,MEF,bHLH
2682,17,1,-4.94439412197124,SLAMF9,ETS1,MEF,ETS
1111,19,0,-1.70231293076838,FRMD5,FOS,LMC,bZIP
1800,51,1,1.47155305882805,MED12L,TCF12,MEF,bHLH
1589,22,1,1.54085480516955,KLF15,FOXA2,MEF,Forkhead
2106,47,0,-1.53091066312273,P4HA3,SP1,LMC,Zf
2074,34,0,2.15190725480677,OCLN,MAFK,LMC,bZIP
2323,48,0,-1.89197869452633,PRC1,SP2,LMC,Zf
2541,59,1,-1.46648013064874,RRM1,ZKSCAN1,MEF,Zf
2969,6,0,-1.39028771607637,TGFB1I1,BHLHE40,LMC,bHLH
681,21,0,1.05733599739823,CTNNAL1,FOXA1,LMC,Forkhead
87,56,0,-1.07602901160322,AFF3,YY1,LMC,Zf
1439,22,1,2.60170513530779,IL13RA2,FOXA2,MEF,Forkhead
138,46,1,-2.24979568940809,ANKLE1,RFX5,MEF,HTH
260,17,1,1.04131357872395,B4GALNT2,ETS1,MEF,ETS
229,59,1,-2.81717383669163,ASPM,ZKSCAN1,MEF,Zf
1832,54,1,-1.58814570551157,MIS18BP1,USF1,MEF,bHLH
1927,50,0,-2.72356135092798,MYOM1,STAT3,LMC,Stat
2285,6,1,-2.14068200203897,PODNL1,BHLHE40,MEF,bHLH
286,46,0,-1.6433271259986,BEST1,RFX5,LMC,HTH
333,6,1,-8.29781815619164,C3AR1,BHLHE40,MEF,bHLH
99,28,1,1.03519575636956,AIG1,HNF4A,MEF,NR
565,51,0,-1.00847937566147,CKS1B,TCF12,LMC,bHLH
1819,52,0,2.23766035348181,MFNG,TCF3,LMC,HMG
1424,55,1,-2.50962771157605,IGFBP6,USF2,MEF,bHLH
2123,13,0,-1.05912084907737,PAQR8,EGR1,LMC,Zf
1889,17,1,1.99762607766114,MT3,ETS1,MEF,ETS
1121,6,0,-1.09945691947873,FSTL3,BHLHE40,LMC,bHLH
1726,27,0,-2.25210815276178,LY6E,GATA3,LMC,Zf
1795,9,1,-1.23616586070588,MDFI,E2F1,MEF,E2F
1499,24,0,1.62077196013722,ITGB4,GABPA,LMC,ETS
2734,44,0,-2.55732246205919,SLC35F2,PBX3,LMC,Homeobox
2205,43,1,1.19166827866803,PHOSPHO1,PAX5,MEF,"Paired,Homeobox"
2762,59,0,1.14204392419731,SLC9A3R1,ZKSCAN1,LMC,Zf
2681,19,1,-3.69067270048295,SLAMF7,FOS,MEF,bZIP
679,40,1,-1.40673186688276,CTHRC1,MYOG,MEF,bHLH
2652,34,1,-1.04770872945372,SH3PXD2B,MAFK,MEF,bZIP
2841,55,0,1.74875097098593,SPOCK2,USF2,LMC,bHLH
2206,36,1,1.27028251101733,PHYHIP,MAZ,MEF,Zf
1413,34,0,1.905682413793,IFIT1,MAFK,LMC,bZIP
1497,1,1,-8.07763069469641,ITGB2,ATF2,MEF,bZIP
2039,60,1,2.21571660499316,NRN1,ZNF263,MEF,Zf
1451,35,0,-3.11147457656986,IL1RL1,MAX,LMC,bHLH
2794,1,1,-1.9308040336724,SNORA31,ATF2,MEF,bZIP
1265,7,1,2.4965943904459,GPRC5A,CTCF,MEF,Zf
2337,1,1,-3.36819154841887,PRKCH,ATF2,MEF,bZIP
516,8,1,-2.19308549025505,CENPM,CUX1,MEF,Homeobox
1823,49,0,1.24234769593635,MGAT3,STAT1,LMC,Stat
3112,58,0,-1.02635930451426,TRNP1,ZEB1,LMC,Zf
2732,57,1,1.30662937679401,SLC33A1,ZBTB33,MEF,Zf
1346,36,1,-2.7170715453491,HMHA1,MAZ,MEF,Zf
513,20,0,-1.3525440584189,CENPH,FOSL2,LMC,bZIP
528,13,0,1.27546161665479,CERK,EGR1,LMC,Zf
3131,54,1,1.27435443550284,TSPYL5,USF1,MEF,bHLH
3255,55,0,-1.03149291006368,ZFP41,USF2,LMC,bHLH
269,2,0,1.22408697177346,BAMBI,ATF3,LMC,bZIP
468,7,1,-1.37167653448339,CDC42EP2,CTCF,MEF,Zf
359,27,0,-1.59344287396463,CAMKK1,GATA3,LMC,Zf
708,34,1,3.07980552831559,CYB5R2,MAFK,MEF,bZIP
856,11,1,-2.04131188836448,EFCAB11,E2F6,MEF,E2F
1794,53,0,1.96495392722866,MCTP1,TEAD4,LMC,TEA
1054,21,1,1.1716865224164,FGF18,FOXA1,MEF,Forkhead
1310,41,0,1.76054130107465,HAP1,NANOG,LMC,Homeobox
2623,4,1,1.52073728267155,SERPINB8,BATF,MEF,bZIP
1901,37,1,1.12093207460751,MYBL1,MEF2A,MEF,MADS
170,34,1,2.20810576146479,APOH,MAFK,MEF,bZIP
2886,46,1,1.35412699954028,STK38L,RFX5,MEF,HTH
2938,42,1,1.88676760580032,TBX18,NRF1,MEF,NRF
2319,55,0,1.40689826891163,PPP1R9A,USF2,LMC,bHLH
738,11,1,1.32510948112115,DDIT4L,E2F6,MEF,E2F
1869,25,0,2.08806184820025,MPZL2,GATA1,LMC,Zf
2735,11,1,3.61270562233868,SLC35F3,E2F6,MEF,E2F
585,15,1,1.8285992255709,CLU,ELK1,MEF,ETS
914,46,1,-3.88489412042666,EPSTI1,RFX5,MEF,HTH
2932,13,0,-1.75684306726493,TAGLN,EGR1,LMC,Zf
695,51,1,1.09241109000734,CWF19L2,TCF12,MEF,bHLH
2580,24,1,-1.37696081677163,SCARF2,GABPA,MEF,ETS
1204,3,0,-2.65008408128184,GLIPR2,BACH1,LMC,bZIP
1196,35,1,1.54395310487229,GJB2,MAX,MEF,bHLH
2417,35,0,1.17019220465761,RAB27B,MAX,LMC,bHLH
3009,11,1,1.35703295898885,TMEM117,E2F6,MEF,E2F
856,25,0,-1.15119532089597,EFCAB11,GATA1,LMC,Zf
3184,34,0,-1.2625906051746,UST,MAFK,LMC,bZIP
3165,52,0,2.25380930016082,UCP2,TCF3,LMC,HMG
3165,24,0,2.25380930016082,UCP2,GABPA,LMC,ETS
1243,43,1,-1.02712658887003,GPR153,PAX5,MEF,"Paired,Homeobox"
445,33,1,-3.50081866240652,CD33,MAFF,MEF,bZIP
46,56,1,-3.15499513971165,ADAM12,YY1,MEF,Zf
2459,56,1,-1.39545144247547,RASGRP3,YY1,MEF,Zf
1218,7,0,-1.40791351049592,GNG8,CTCF,LMC,Zf
1050,15,1,-1.4150495250694,FGF11,ELK1,MEF,ETS
923,46,1,-3.28974579740746,ESPL1,RFX5,MEF,HTH
1473,18,0,-1.8654937653887,IQGAP3,FLI1,LMC,ETS
2243,56,0,1.91484846940288,PLD4,YY1,LMC,Zf
2958,55,0,-1.33730980152012,TET1,USF2,LMC,bHLH
571,44,1,1.42711232357573,CLEC11A,PBX3,MEF,Homeobox
1821,51,0,-1.90973057974715,MFSD2A,TCF12,LMC,bHLH
3126,21,1,1.3204466752018,TSPAN13,FOXA1,MEF,Forkhead
1913,57,0,1.12680224428471,MYLIP,ZBTB33,LMC,Zf
770,10,0,2.04571185568345,DMC1,E2F4,LMC,E2F
707,11,1,1.78666132040675,CYB561,E2F6,MEF,E2F
313,27,0,1.25843048968999,BST2,GATA3,LMC,Zf
1625,58,1,2.40355499341245,LARS2,ZEB1,MEF,Zf
1570,7,0,-2.10900677528057,KIF20A,CTCF,LMC,Zf
802,2,0,-1.26644254885578,DPF1,ATF3,LMC,bZIP
559,7,1,1.50331356600909,CILP2,CTCF,MEF,Zf
2770,44,1,-1.570462176705,SLIT3,PBX3,MEF,Homeobox
2543,29,0,2.2870114835097,RSAD2,IRF1,LMC,IRF
2020,56,1,-1.95871154049572,NPAS2,YY1,MEF,Zf
2950,7,1,-1.66854097421248,TCIRG1,CTCF,MEF,Zf
2815,57,1,-2.19314508406099,SP100,ZBTB33,MEF,Zf
601,42,1,-1.36483145323022,CNTFR,NRF1,MEF,NRF
2465,45,0,1.98413164369594,RASSF9,PRDM1,LMC,Zf
1033,6,1,1.37290435493264,FBXO27,BHLHE40,MEF,bHLH
2027,40,1,-2.04766080988131,NPTX1,MYOG,MEF,bHLH
2012,49,1,2.32640773297415,NOG,STAT1,MEF,Stat
639,7,0,2.08813925219602,CPNE5,CTCF,LMC,Zf
2285,17,1,-2.14068200203897,PODNL1,ETS1,MEF,ETS
2913,60,1,1.74643857506266,SYNGR3,ZNF263,MEF,Zf
2317,14,1,-1.34514921030394,PPP1R3E,ELF1,MEF,ETS
1751,54,1,-1.62007527823307,MAN1C1,USF1,MEF,bHLH
825,42,1,1.08554767073756,DUSP15,NRF1,MEF,NRF
1336,44,1,-1.36502133440852,HIST1H3G,PBX3,MEF,Homeobox
2001,33,1,-2.97323600507334,NLRC4,MAFF,MEF,bZIP
1002,10,0,-1.07799221381173,FAM57A,E2F4,LMC,E2F
2146,42,0,-1.4458507836353,PCDHGB4,NRF1,LMC,NRF
1567,48,1,-2.6418326666532,KIF14,SP2,MEF,Zf
2982,50,1,-2.33478354896537,TICRR,STAT3,MEF,Stat
713,15,1,1.19144626408088,CYLD,ELK1,MEF,ETS
1922,3,0,1.83400339520584,MYO1F,BACH1,LMC,bZIP
645,11,1,2.28998351004863,CRABP2,E2F6,MEF,E2F
1978,35,0,1.1023682648514,NEURL3,MAX,LMC,bHLH
1085,55,0,-1.00872789713166,FN1,USF2,LMC,bHLH
3219,12,1,1.79090313974213,WFDC3,EBF1,MEF,EBF
747,19,0,-1.04094116021417,DENND3,FOS,LMC,bZIP
3255,48,0,-1.03149291006368,ZFP41,SP2,LMC,Zf
922,10,1,6.70596808052321,ESM1,E2F4,MEF,E2F
2899,0,1,1.15180695467219,SULT4A1,ATF1,MEF,bZIP
715,32,1,1.4558525131314,CYP1B1,JUND,MEF,bZIP
1162,34,1,1.53185787847727,GCA,MAFK,MEF,bZIP
826,60,1,1.4823410612308,DUSP27,ZNF263,MEF,Zf
1456,10,1,2.07193000010416,IL31RA,E2F4,MEF,E2F
95,1,1,1.09031655649977,AHI1,ATF2,MEF,bZIP
1623,11,0,2.13522783979971,LAPTM5,E2F6,LMC,E2F
1207,21,1,2.76370229960289,GLRB,FOXA1,MEF,Forkhead
1090,51,0,2.24343227255808,FOLH1,TCF12,LMC,bHLH
210,36,1,-1.03621188563536,ARRB1,MAZ,MEF,Zf
459,32,0,1.12279260944615,CD82,JUND,LMC,bZIP
2797,35,1,1.20718208298321,SNX16,MAX,MEF,bHLH
2717,60,1,2.21007043209059,SLC25A48,ZNF263,MEF,Zf
2199,47,0,-1.14057209797294,PGK1,SP1,LMC,Zf
427,23,1,1.17430399831869,CCPG1,FOXM1,MEF,Forkhead
341,22,1,1.75922937474222,CACNA1H,FOXA2,MEF,Forkhead
1882,36,0,2.25613902135658,MSLN,MAZ,LMC,Zf
747,6,0,-1.04094116021417,DENND3,BHLHE40,LMC,bHLH
2279,58,0,-1.11779213875948,PMVK,ZEB1,LMC,Zf
1265,14,1,2.4965943904459,GPRC5A,ELF1,MEF,ETS
329,51,1,-1.04984739740468,C1QTNF6,TCF12,MEF,bHLH
2102,33,1,-3.70114666908123,P2RY12,MAFF,MEF,bZIP
1612,8,0,2.57360812690163,KYNU,CUX1,LMC,Homeobox
103,47,0,-1.30472250216679,AKAP12,SP1,LMC,Zf
1772,34,1,2.74440502833967,MASP1,MAFK,MEF,bZIP
1977,23,1,-1.85940168243184,NEURL1B,FOXM1,MEF,Forkhead
2275,26,0,1.06002019022503,PM20D2,GATA2,LMC,Zf
2328,50,0,1.68357693735779,PRDX1,STAT3,LMC,Stat
1641,56,0,-1.00364504616123,LEPREL2,YY1,LMC,Zf
1057,3,0,1.00859609133211,FGF9,BACH1,LMC,bZIP
643,24,0,-1.83448347350968,CPXM2,GABPA,LMC,ETS
1310,21,0,1.76054130107465,HAP1,FOXA1,LMC,Forkhead
2757,8,1,-3.15706759291675,SLC7A8,CUX1,MEF,Homeobox
2111,8,1,-1.2449400998678,PADI2,CUX1,MEF,Homeobox
1180,7,0,-2.20580346299814,GFRA2,CTCF,LMC,Zf
323,6,1,1.57648450507266,C1GALT1,BHLHE40,MEF,bHLH
262,25,1,-1.06022912878962,B4GALT1,GATA1,MEF,Zf
1232,33,0,-1.41406949123652,GPM6B,MAFF,LMC,bZIP
862,57,1,2.84569659738805,EFNA1,ZBTB33,MEF,Zf
3148,55,1,-2.14380067537427,TUBB3,USF2,MEF,bHLH
246,21,0,1.18330327912453,ATP6V1B2,FOXA1,LMC,Forkhead
3050,53,0,-2.84337171935919,TMTC1,TEAD4,LMC,TEA
1307,56,0,-1.36464889595292,H1FX,YY1,LMC,Zf
1888,36,1,1.65438930194512,MSX2,MAZ,MEF,Zf
683,26,0,1.6376764867435,CTSB,GATA2,LMC,Zf
3201,17,1,-1.60594919228545,VMO1,ETS1,MEF,ETS
2151,56,0,1.17194993474523,PCED1B,YY1,LMC,Zf
2975,54,0,-1.10337016351696,THBS1,USF1,LMC,bHLH
2087,47,0,1.55451279110679,OPCML,SP1,LMC,Zf
1220,13,1,-1.25213097152053,GOLM1,EGR1,MEF,Zf
1819,59,1,-2.40695501424756,MFNG,ZKSCAN1,MEF,Zf
2491,59,0,1.19790789367107,RGS10,ZKSCAN1,LMC,Zf
278,7,0,-2.49068744677869,BCL11A,CTCF,LMC,Zf
210,36,1,-1.03621188563536,ARRB1,MAZ,MEF,Zf
2337,26,0,1.66170836484508,PRKCH,GATA2,LMC,Zf
1039,60,1,1.10821046471605,FBXO7,ZNF263,MEF,Zf
2325,20,1,-1.04548300293303,PRDM1,FOSL2,MEF,bZIP
751,32,1,3.26916636459788,DES,JUND,MEF,bZIP
268,22,0,-1.07278561871818,BAIAP2,FOXA2,LMC,Forkhead
875,50,1,-1.34853539641118,EHHADH,STAT3,MEF,Stat
1155,35,0,1.72826955999767,GATA4,MAX,LMC,bHLH
2874,3,1,2.56870879486563,STARD10,BACH1,MEF,bZIP
2060,51,0,-1.29534952869874,NUP62CL,TCF12,LMC,bHLH
2492,51,1,-1.83237956996519,RGS16,TCF12,MEF,bHLH
936,2,1,-2.52360441550634,EXO1,ATF3,MEF,bZIP
1239,32,0,3.71698762694664,GPR133,JUND,LMC,bZIP
3216,14,1,-1.08750493293003,WDR90,ELF1,MEF,ETS
2324,32,0,-1.08241107682554,PRCP,JUND,LMC,bZIP
1477,8,1,-1.28592065650619,IRF7,CUX1,MEF,Homeobox
451,6,0,2.0789712890097,CD53,BHLHE40,LMC,bHLH
2571,34,0,2.21199249094667,SAMSN1,MAFK,LMC,bZIP
788,11,0,1.17421032513561,DNASE1L1,E2F6,LMC,E2F
2195,17,1,-1.52699493814119,PGAP1,ETS1,MEF,ETS
2990,27,0,-1.64263124238285,TK1,GATA3,LMC,Zf
30,24,1,-1.68969657731149,ACOT4,GABPA,MEF,ETS
3160,40,1,-2.89414773676838,UBE2C,MYOG,MEF,bHLH
2226,40,1,-1.27907621233407,PKP2,MYOG,MEF,bHLH
3219,47,1,1.79090313974213,WFDC3,SP1,MEF,Zf
1808,24,0,-1.82115918803008,MELK,GABPA,LMC,ETS
1180,55,1,1.62792565977569,GFRA2,USF2,MEF,bHLH
514,13,0,-1.48650253996053,CENPI,EGR1,LMC,Zf
472,51,1,-1.16198535397929,CDC7,TCF12,MEF,bHLH
1790,41,1,-2.25596917242682,MCM5,NANOG,MEF,Homeobox
2823,24,0,-1.74134660350485,SPAG5,GABPA,LMC,ETS
978,11,0,-1.26962769990828,FAM174B,E2F6,LMC,E2F
2994,6,1,-2.12408932426236,TLL1,BHLHE40,MEF,bHLH
2418,29,0,-1.00063840189489,RAB30,IRF1,LMC,IRF
432,19,1,-1.9549283385216,CD14,FOS,MEF,bZIP
1022,6,1,-2.11120927736903,FBLIM1,BHLHE40,MEF,bHLH
1464,42,0,-1.18382349994449,INPP1,NRF1,LMC,NRF
1012,10,1,1.78692440865319,FAM83G,E2F4,MEF,E2F
1949,27,1,-1.5197695139223,NCAPH,GATA3,MEF,Zf
268,7,0,-1.07278561871818,BAIAP2,CTCF,LMC,Zf
1535,35,0,-1.32594598210786,KCND1,MAX,LMC,bHLH
1576,53,0,-1.07875775488282,KIF26B,TEAD4,LMC,TEA
176,32,0,1.68932454444694,ARAP3,JUND,LMC,bZIP
1998,54,1,3.08931540774199,NKX6-1,USF1,MEF,bHLH
1534,11,1,1.16893133474129,KCNC3,E2F6,MEF,E2F
1248,19,0,-1.18948709815237,GPR17,FOS,LMC,bZIP
2417,59,0,1.17019220465761,RAB27B,ZKSCAN1,LMC,Zf
402,51,1,-1.55205901784518,CCDC8,TCF12,MEF,bHLH
4,3,0,1.30531618728564,AATK,BACH1,LMC,bZIP
1318,32,1,3.22517209194913,HCN1,JUND,MEF,bZIP
1742,13,0,1.27719188336983,MADD,EGR1,LMC,Zf
285,20,1,3.10525544995511,BEND7,FOSL2,MEF,bZIP
3186,17,1,-1.92621282947448,VANGL2,ETS1,MEF,ETS
2893,35,0,1.51284286980571,STRA6,MAX,LMC,bHLH
497,35,0,-1.76818931634111,CDO1,MAX,LMC,bHLH
982,10,1,1.9927673408171,FAM184A,E2F4,MEF,E2F
2908,11,1,1.9459690025947,SYCP3,E2F6,MEF,E2F
2763,29,1,-1.53388752706097,SLC9A5,IRF1,MEF,IRF
165,50,0,1.51242432274021,APOBEC1,STAT3,LMC,Stat
728,19,0,-1.08951110478474,DCBLD1,FOS,LMC,bZIP
2658,15,0,-1.94369760762951,SHC2,ELK1,LMC,ETS
526,29,0,-1.55044439537775,CEP72,IRF1,LMC,IRF
516,32,1,-2.19308549025505,CENPM,JUND,MEF,bZIP
531,13,1,1.21928716189159,CFAP61,EGR1,MEF,Zf
1436,15,1,-6.8975582995321,IL10RA,ELK1,MEF,ETS
489,35,0,1.13278495482569,CDK18,MAX,LMC,bHLH
3005,46,0,-1.1154158873604,TMC7,RFX5,LMC,HTH
630,1,1,-4.2288874048856,CORO1A,ATF2,MEF,bZIP
1566,52,1,-2.45701413877743,KIF11,TCF3,MEF,HMG
178,49,1,-2.02334125806666,ARHGAP10,STAT1,MEF,Stat
499,47,1,-1.23012109848202,CDR2L,SP1,MEF,Zf
703,42,1,-1.39331579704767,CXCR4,NRF1,MEF,NRF
3069,43,0,3.12334119411955,TNNI2,PAX5,LMC,"Paired,Homeobox"
973,11,1,1.84862719225515,FAM155A,E2F6,MEF,E2F
519,50,0,-1.14569791585651,CENPQ,STAT3,LMC,Stat
2265,46,1,3.7187952311286,PLS1,RFX5,MEF,HTH
1247,14,1,-1.05420492702211,GPR161,ELF1,MEF,ETS
2542,11,0,-1.54415963122133,RRM2,E2F6,LMC,E2F
2323,27,1,-2.63906110655865,PRC1,GATA3,MEF,Zf
3077,27,0,-1.50867268856158,TOM1L1,GATA3,LMC,Zf
2047,42,1,-3.18610440050238,NT5DC2,NRF1,MEF,NRF
2675,35,0,-4.16638466410103,SIX1,MAX,LMC,bHLH
2261,55,0,1.93724746564919,PLK5,USF2,LMC,bHLH
146,40,1,1.51709684147196,ANO7,MYOG,MEF,bHLH
3146,25,1,-1.18146208962361,TUBA1C,GATA1,MEF,Zf
3027,45,0,2.0194569382354,TMEM184A,PRDM1,LMC,Zf
1110,60,0,2.70596425023378,FRMD4B,ZNF263,LMC,Zf
665,25,1,-4.44217521118845,CSF2RB,GATA1,MEF,Zf
932,35,1,1.3056546926836,EVA1C,MAX,MEF,bHLH
192,32,1,2.20377454914225,ARHGEF16,JUND,MEF,bZIP
358,14,1,1.22166358080794,CAMK4,ELF1,MEF,ETS
2274,47,1,2.10257897633851,PM20D1,SP1,MEF,Zf
46,60,1,-3.15499513971165,ADAM12,ZNF263,MEF,Zf
1491,53,1,-1.45307203272899,ITGA5,TEAD4,MEF,TEA
539,50,1,1.26861129299302,CHCHD10,STAT3,MEF,Stat
705,21,1,1.96907516552775,CXXC4,FOXA1,MEF,Forkhead
1017,44,1,-1.97493658435611,FANCI,PBX3,MEF,Homeobox
3079,35,0,-1.7466844630856,TOX,MAX,LMC,bHLH
1582,35,1,1.09834515514093,KIF9,MAX,MEF,bHLH
1730,18,1,-4.43367583493052,LYL1,FLI1,MEF,ETS
1553,40,1,-1.32966877598104,KCNK6,MYOG,MEF,bHLH
3114,46,1,-3.24269386734528,TROAP,RFX5,MEF,HTH
2755,6,0,1.07412426841911,SLC6A6,BHLHE40,LMC,bHLH
2784,6,0,1.22877430824847,SMPDL3A,BHLHE40,LMC,bHLH
817,20,1,2.49731281468413,DSP,FOSL2,MEF,bZIP
804,1,0,1.95434575011244,DPP4,ATF2,LMC,bZIP
2763,18,1,-1.53388752706097,SLC9A5,FLI1,MEF,ETS
833,34,1,1.3486774228937,DZANK1,MAFK,MEF,bZIP
492,17,0,-1.4240874662344,CDKL1,ETS1,LMC,ETS
1498,8,1,-1.26046363648136,ITGB3,CUX1,MEF,Homeobox
1619,7,0,1.98706341170144,LAMB3,CTCF,LMC,Zf
3147,24,1,-2.52504683152533,TUBB2B,GABPA,MEF,ETS
646,34,0,1.44373091276632,CRB2,MAFK,LMC,bZIP
1444,8,0,1.29121899918497,IL18,CUX1,LMC,Homeobox
1152,12,1,-1.12134620854754,GAS7,EBF1,MEF,EBF
935,7,1,-1.93427783380951,EVL,CTCF,MEF,Zf
1179,51,1,-2.29869528534855,GFPT2,TCF12,MEF,bHLH
150,46,1,-1.50638570003123,ANXA4,RFX5,MEF,HTH
1891,14,0,-1.28051428954918,MTHFD1L,ELF1,LMC,ETS
45,7,0,-1.35149101337217,ADAM11,CTCF,LMC,Zf
2894,47,1,-1.24756860580179,STX1A,SP1,MEF,Zf
2074,15,0,2.15190725480677,OCLN,ELK1,LMC,ETS
236,50,1,1.51918637169266,ATG9B,STAT3,MEF,Stat
2397,19,1,1.13740473668341,PTTG1,FOS,MEF,bZIP
1115,26,1,1.34924024043902,FRRS1L,GATA2,MEF,Zf
1738,47,1,1.18278975969267,LZTFL1,SP1,MEF,Zf
2095,47,0,-4.06327887175194,OSR2,SP1,LMC,Zf
3239,50,1,9.86262990937473,XIST,STAT3,MEF,Stat
3187,25,0,-1.34161711295415,VASH2,GATA1,LMC,Zf
525,12,0,-1.50796370389008,CEP55,EBF1,LMC,EBF
1308,21,0,2.24730844762831,HAL,FOXA1,LMC,Forkhead
2894,11,0,-1.08669475308731,STX1A,E2F6,LMC,E2F
398,2,1,1.03875647777086,CCDC63,ATF3,MEF,bZIP
1534,1,1,1.16893133474129,KCNC3,ATF2,MEF,bZIP
721,7,0,1.68322986154706,CYTH4,CTCF,LMC,Zf
1489,60,1,2.99099163510034,ITGA2,ZNF263,MEF,Zf
2460,7,1,-1.04214834320776,RASGRP4,CTCF,MEF,Zf
3099,16,1,-1.4419627390171,TRERF1,ELK4,MEF,ETS
3159,53,0,1.22413823602443,UBASH3B,TEAD4,LMC,TEA
1884,57,1,-1.01986887113406,MSRA,ZBTB33,MEF,Zf
2227,23,1,-2.08523497592345,PLA1A,FOXM1,MEF,Forkhead
696,19,1,1.10224540529578,CX3CL1,FOS,MEF,bZIP
2660,53,1,-2.91155511354678,SHCBP1,TEAD4,MEF,TEA
2743,17,0,1.463380371895,SLC40A1,ETS1,LMC,ETS
5,49,1,-1.42809644144407,ABCA12,STAT1,MEF,Stat
48,12,1,-1.94422025009557,ADAM19,EBF1,MEF,EBF
1400,21,1,3.61114568347972,HSPB2,FOXA1,MEF,Forkhead
233,10,0,1.1636924686686,ATF6,E2F4,LMC,E2F
235,44,0,-1.029209618599,ATG16L2,PBX3,LMC,Homeobox
2067,52,1,-1.33624171038596,NXPH4,TCF3,MEF,HMG
1642,25,1,-2.26677149350915,LFNG,GATA1,MEF,Zf
1988,55,1,1.13223620404131,NHLRC1,USF2,MEF,bHLH
2381,46,0,-1.02574330835592,PTPLA,RFX5,LMC,HTH
894,34,0,-1.88796924738985,ENG,MAFK,LMC,bZIP
1938,55,1,2.19465551629259,NAP1L5,USF2,MEF,bHLH
475,22,1,-1.49364324799289,CDCA5,FOXA2,MEF,Forkhead
1720,11,0,-2.12555056976554,LTBP1,E2F6,LMC,E2F
2536,46,1,4.09881469049758,RPS27,RFX5,MEF,HTH
251,19,0,-1.43327827973312,AURKA,FOS,LMC,bZIP
2398,34,1,1.71107997056328,PTX3,MAFK,MEF,bZIP
2226,36,1,-1.27907621233407,PKP2,MAZ,MEF,Zf
535,40,1,1.90611882623681,CGREF1,MYOG,MEF,bHLH
856,8,0,-1.15119532089597,EFCAB11,CUX1,LMC,Homeobox
2542,59,0,-1.54415963122133,RRM2,ZKSCAN1,LMC,Zf
3243,25,0,-1.12058662060011,YBX3,GATA1,LMC,Zf
3173,7,0,-2.17040762162805,UNC5C,CTCF,LMC,Zf
2193,51,0,-2.32826181138946,PFKL,TCF12,LMC,bHLH
2837,10,1,2.79424421339717,SPINT2,E2F4,MEF,E2F
933,29,1,-1.77779361949346,EVI2A,IRF1,MEF,IRF
1175,14,1,1.5987715046868,GDF7,ELF1,MEF,ETS
2434,60,0,-1.15530246767204,RAD51C,ZNF263,LMC,Zf
649,53,1,-1.06162525000248,CREG1,TEAD4,MEF,TEA
672,22,0,-1.49505915276106,CSRP1,FOXA2,LMC,Forkhead
474,53,0,-1.32494426025513,CDCA3,TEAD4,LMC,TEA
2982,51,0,-1.48427698650404,TICRR,TCF12,LMC,bHLH
2796,56,1,1.64096455740239,SNTB1,YY1,MEF,Zf
41,17,0,1.69437888610921,ACTN3,ETS1,LMC,ETS
3134,50,1,2.28253082591475,TTC21A,STAT3,MEF,Stat
2515,19,1,1.12637943260805,RND1,FOS,MEF,bZIP
190,35,1,1.498457796639,ARHGAP6,MAX,MEF,bHLH
2709,24,0,1.6009575554387,SLC22A18,GABPA,LMC,ETS
1454,55,0,2.20081236659231,IL21R,USF2,LMC,bHLH
212,8,1,1.23030270494439,ARRDC3,CUX1,MEF,Homeobox
1922,10,1,-8.72891732045066,MYO1F,E2F4,MEF,E2F
2757,29,1,-3.15706759291675,SLC7A8,IRF1,MEF,IRF
1295,32,1,-1.24734887047833,GSN,JUND,MEF,bZIP
2592,47,1,-1.49631929595084,SCRT1,SP1,MEF,Zf
895,8,1,-1.81536653733997,ENO3,CUX1,MEF,Homeobox
744,20,0,1.20275362758779,DEGS2,FOSL2,LMC,bZIP
2005,20,1,-1.77461700519955,NME2,FOSL2,MEF,bZIP
1528,26,0,2.30158238201654,KCNA7,GATA2,LMC,Zf
2168,59,1,-1.11411699402987,PDE4B,ZKSCAN1,MEF,Zf
1407,55,1,1.68855588770599,HYAL1,USF2,MEF,bHLH
2069,46,0,-1.09843148661594,OAF,RFX5,LMC,HTH
98,32,1,-4.52294362677638,AIF1,JUND,MEF,bZIP
1266,15,1,1.15472693409068,GPRC5C,ELK1,MEF,ETS
3240,36,1,2.28763388438051,XKR4,MAZ,MEF,Zf
1396,51,1,-1.17155907515863,HSPA12A,TCF12,MEF,bHLH
1869,41,0,2.08806184820025,MPZL2,NANOG,LMC,Homeobox
1792,11,0,1.95371509724689,MCOLN2,E2F6,LMC,E2F
2128,55,1,-4.34984644962146,PARVG,USF2,MEF,bHLH
2365,44,1,-1.75254702820737,PSMB8,PBX3,MEF,Homeobox
2833,15,1,-7.24778929658034,SPI1,ELK1,MEF,ETS
489,11,0,1.13278495482569,CDK18,E2F6,LMC,E2F
586,6,0,-1.51585649307847,CLYBL,BHLHE40,LMC,bHLH
1487,10,0,-2.07742596470371,ITGA1,E2F4,LMC,E2F
2301,58,0,-1.30817783764579,PPAP2A,ZEB1,LMC,Zf
795,24,1,1.38136384895226,DOCK3,GABPA,MEF,ETS
3255,35,0,-1.03149291006368,ZFP41,MAX,LMC,bHLH
1491,29,1,-1.45307203272899,ITGA5,IRF1,MEF,IRF
2509,43,1,-1.81964590214041,RIN3,PAX5,MEF,"Paired,Homeobox"
516,21,1,-2.19308549025505,CENPM,FOXA1,MEF,Forkhead
1673,13,0,-1.32405793446346,LMTK3,EGR1,LMC,Zf
183,42,1,-5.1024649492782,ARHGAP25,NRF1,MEF,NRF
3009,7,1,1.35703295898885,TMEM117,CTCF,MEF,Zf
1970,15,0,-1.56249356356483,NEK2,ELK1,LMC,ETS
1354,46,1,3.34006874289737,HOTAIR,RFX5,MEF,HTH
2372,32,0,1.93851726185833,PTGER2,JUND,LMC,bZIP
3058,60,1,-2.98966494538782,TNFRSF11A,ZNF263,MEF,Zf
1803,7,0,2.62997863152481,MEGF6,CTCF,LMC,Zf
2664,7,1,1.59313087481905,SHISA7,CTCF,MEF,Zf
111,42,0,1.95083789066837,ALDH1A3,NRF1,LMC,NRF
1430,7,1,-2.36881819140035,IGSF6,CTCF,MEF,Zf
710,34,1,-7.82915279291218,CYBB,MAFK,MEF,bZIP
2668,27,1,2.58347136368488,SHROOM3,GATA3,MEF,Zf
2650,51,0,-1.41611481325977,SH3GL3,TCF12,LMC,bHLH
95,10,1,1.09031655649977,AHI1,E2F4,MEF,E2F
1660,40,1,-1.55962805425669,LIMK1,MYOG,MEF,bHLH
2939,56,1,2.29904675934665,TBX2,YY1,MEF,Zf
2769,6,1,-3.32063529258886,SLFN5,BHLHE40,MEF,bHLH
2757,29,1,-3.15706759291675,SLC7A8,IRF1,MEF,IRF
2882,54,0,1.37774982496442,STK10,USF1,LMC,bHLH
1665,39,0,1.4596415262887,LIPA,MYB,LMC,HTH
1879,21,1,-8.84349682711062,MS4A7,FOXA1,MEF,Forkhead
2108,27,1,1.28768359859876,PACSIN1,GATA3,MEF,Zf
2332,18,0,-1.45158178749255,PRIM1,FLI1,LMC,ETS
1647,36,1,2.33283975209078,LGI4,MAZ,MEF,Zf
2436,7,1,-1.79053346769838,RAD54L,CTCF,MEF,Zf
2090,15,1,1.48097195977724,OSBPL3,ELK1,MEF,ETS
1388,27,0,1.36297557427342,HRASLS,GATA3,LMC,Zf
212,19,1,1.23030270494439,ARRDC3,FOS,MEF,bZIP
1523,15,1,3.35904019245237,KCNA1,ELK1,MEF,ETS
53,23,1,-5.64244157319056,ADAM8,FOXM1,MEF,Forkhead
936,25,1,-2.52360441550634,EXO1,GATA1,MEF,Zf
182,3,0,-1.55946965336323,ARHGAP20,BACH1,LMC,bZIP
2243,8,0,1.91484846940288,PLD4,CUX1,LMC,Homeobox
2416,59,0,-2.31707370328191,RAB27A,ZKSCAN1,LMC,Zf
8,51,0,-1.13492430155845,ABCA5,TCF12,LMC,bHLH
1406,42,1,-1.79022050474713,HVCN1,NRF1,MEF,NRF
1778,43,0,-3.21531392164049,MATN3,PAX5,LMC,"Paired,Homeobox"
1865,24,1,1.14781830061223,MPC1,GABPA,MEF,ETS
2420,36,1,1.4190619659383,RAB37,MAZ,MEF,Zf
1946,22,0,-1.56584080827153,NCAPD2,FOXA2,LMC,Forkhead
2121,7,1,-1.20233983969651,PAQR4,CTCF,MEF,Zf
697,7,0,2.18718578524014,CX3CR1,CTCF,LMC,Zf
2873,55,0,2.92349830615075,STAR,USF2,LMC,bHLH
476,27,1,-1.51137963897236,CDCA7,GATA3,MEF,Zf
2290,14,0,-1.59233149150338,POLE,ELF1,LMC,ETS
954,7,0,1.3474227486607,FABP3,CTCF,LMC,Zf
1323,21,0,1.11395880944298,HEG1,FOXA1,LMC,Forkhead
2827,29,1,-2.00049292395943,SPC24,IRF1,MEF,IRF
591,33,1,-1.3326909212293,CNDP2,MAFF,MEF,bZIP
1857,32,0,-1.56853870886037,MN1,JUND,LMC,bZIP
715,41,1,1.4558525131314,CYP1B1,NANOG,MEF,Homeobox
727,51,1,-1.27883677081428,DBN1,TCF12,MEF,bHLH
2981,50,0,1.74334891573225,TICAM2,STAT3,LMC,Stat
1553,27,0,1.28517204387347,KCNK6,GATA3,LMC,Zf
831,6,1,1.24284518660575,DYNC2LI1,BHLHE40,MEF,bHLH
2603,15,1,1.0266249678335,SEC61G,ELK1,MEF,ETS
991,50,0,-1.75512936448482,FAM20A,STAT3,LMC,Stat
1474,58,1,1.58552456677636,IQUB,ZEB1,MEF,Zf
2047,57,1,-3.18610440050238,NT5DC2,ZBTB33,MEF,Zf
1204,52,1,-2.29781702143393,GLIPR2,TCF3,MEF,HMG
1177,13,1,-1.98760381087097,GDPD3,EGR1,MEF,Zf
1163,14,0,2.62029779584361,GCH1,ELF1,LMC,ETS
473,48,1,-1.83545152460296,CDCA2,SP2,MEF,Zf
393,0,0,1.52742670352159,CCDC27,ATF1,LMC,bZIP
2298,3,1,2.24570716939652,POU4F1,BACH1,MEF,bZIP
229,7,1,-2.81717383669163,ASPM,CTCF,MEF,Zf
1569,8,1,-1.7053662137862,KIF18B,CUX1,MEF,Homeobox
2211,17,0,-1.21305770981626,PIK3C2B,ETS1,LMC,ETS
1397,7,0,-2.26819771299641,HSPA12B,CTCF,LMC,Zf
2475,32,1,-1.44061168735286,RBPMS,JUND,MEF,bZIP
2922,7,1,3.14696005884597,SYT9,CTCF,MEF,Zf
1717,7,0,-1.25931102077003,LSP1,CTCF,LMC,Zf
1471,42,1,1.06562177914796,IQCK,NRF1,MEF,NRF
94,32,0,1.1446893045572,AHCYL2,JUND,LMC,bZIP
1625,16,1,2.40355499341245,LARS2,ELK4,MEF,ETS
1367,2,1,-1.31016420018754,HOXB5,ATF3,MEF,bZIP
1957,52,1,-2.61766850781226,NDC80,TCF3,MEF,HMG
1101,29,1,-1.94513685071821,FOXM1,IRF1,MEF,IRF
993,60,0,1.37308235035012,FAM213A,ZNF263,LMC,Zf
1595,50,1,1.94541631082666,KLHL30,STAT3,MEF,Stat
2399,17,1,-1.40254242700849,PVRL2,ETS1,MEF,ETS
2508,35,1,1.45817436645664,RIMS3,MAX,MEF,bHLH
1768,32,1,1.51744635820687,MAPK15,JUND,MEF,bZIP
567,50,1,-3.61417285351126,CLCA1,STAT3,MEF,Stat
744,58,0,1.20275362758779,DEGS2,ZEB1,LMC,Zf
2882,55,0,1.37774982496442,STK10,USF2,LMC,bHLH
1728,7,1,-4.94880148210494,LY86,CTCF,MEF,Zf
872,25,1,-2.19954164792105,EGR2,GATA1,MEF,Zf
1951,52,0,1.45744396290933,NCEH1,TCF3,LMC,HMG
3085,12,1,-1.46134327408536,TPM2,EBF1,MEF,EBF
1792,5,1,-5.09340625018667,MCOLN2,BCL11A,MEF,Zf
2575,43,0,1.95698653717505,SASH3,PAX5,LMC,"Paired,Homeobox"
1530,49,0,1.63913234858528,KCNAB2,STAT1,LMC,Stat
3009,30,1,1.35703295898885,TMEM117,IRF3,MEF,IRF
48,34,1,-1.94422025009557,ADAM19,MAFK,MEF,bZIP
373,47,0,1.10520537115312,CAT,SP1,LMC,Zf
885,47,1,-2.33876283152591,EME1,SP1,MEF,Zf
3025,11,1,1.59244080402391,TMEM179,E2F6,MEF,E2F
2011,46,0,1.14637806348536,NOD1,RFX5,LMC,HTH
2542,47,0,-1.54415963122133,RRM2,SP1,LMC,Zf
783,35,1,1.53234929353843,DNAH9,MAX,MEF,bHLH
796,53,0,1.30396145946653,DOCK8,TEAD4,LMC,TEA
1335,27,1,1.04156670706997,HIST1H1C,GATA3,MEF,Zf
210,34,1,-1.03621188563536,ARRB1,MAFK,MEF,bZIP
2769,27,0,2.09820679159257,SLFN5,GATA3,LMC,Zf
1337,54,1,1.9967466068813,HIST2H2AC,USF1,MEF,bHLH
1830,35,1,-2.68588716245115,MILR1,MAX,MEF,bHLH
1731,46,1,-1.28097207449901,LYN,RFX5,MEF,HTH
1599,27,0,1.3884595597888,KLHL6,GATA3,LMC,Zf
434,6,1,-7.7602084798502,CD180,BHLHE40,MEF,bHLH
1969,36,1,-2.45331857180065,NEIL3,MAZ,MEF,Zf
2811,26,0,-1.33669227241244,SOX13,GATA2,LMC,Zf
524,15,1,-1.25490532023974,CEP128,ELK1,MEF,ETS
1949,7,1,-1.5197695139223,NCAPH,CTCF,MEF,Zf
2909,43,1,-1.84903949883014,SYK,PAX5,MEF,"Paired,Homeobox"
526,15,0,-1.55044439537775,CEP72,ELK1,LMC,ETS
1920,11,0,-1.51597579647074,MYO1B,E2F6,LMC,E2F
469,14,0,-1.08880876245464,CDC42EP4,ELF1,LMC,ETS
488,33,1,-1.53660217902945,CDK1,MAFF,MEF,bZIP
186,25,0,2.12679747173017,ARHGAP30,GATA1,LMC,Zf
3205,50,0,1.93772161206231,VTCN1,STAT3,LMC,Stat
720,8,1,1.4721106127836,CYSTM1,CUX1,MEF,Homeobox
2073,7,0,-1.22751387229782,OBSL1,CTCF,LMC,Zf
1882,40,1,5.05109554918755,MSLN,MYOG,MEF,bHLH
764,8,1,-2.77861016108699,DLGAP5,CUX1,MEF,Homeobox
1251,10,1,-2.53128771819303,GPR183,E2F4,MEF,E2F
2672,55,1,-2.39445509281192,SIPA1,USF2,MEF,bHLH
2421,4,0,-1.48115705720035,RAB38,BATF,LMC,bZIP
2504,46,0,1.89206647016594,RHOV,RFX5,LMC,HTH
832,51,1,-1.02758094939115,DYSF,TCF12,MEF,bHLH
1639,6,1,-1.15418125525263,LEFTY1,BHLHE40,MEF,bHLH
2100,12,1,-2.24121421422867,P2RX7,EBF1,MEF,EBF
2173,21,1,1.01951306087734,PDGFC,FOXA1,MEF,Forkhead
92,32,1,-2.24538367066062,AGT,JUND,MEF,bZIP
1750,24,0,-1.35662311441156,MAMSTR,GABPA,LMC,ETS
2769,35,1,-3.32063529258886,SLFN5,MAX,MEF,bHLH
1509,27,1,-1.44881067617991,JADE1,GATA3,MEF,Zf
347,32,0,-1.46523473871165,CACNB4,JUND,LMC,bZIP
2517,35,0,-3.74593415862664,RNF144A,MAX,LMC,bHLH
1233,19,0,2.16411160898218,GPNMB,FOS,LMC,bZIP
512,1,0,-2.24187763995752,CENPF,ATF2,LMC,bZIP
1150,46,1,1.20650960697518,GAS1,RFX5,MEF,HTH
2225,32,1,-1.5969306941367,PKNOX2,JUND,MEF,bZIP
1411,49,1,-1.6255397687459,IDH2,STAT1,MEF,Stat
3026,42,0,1.20604148876069,TMEM180,NRF1,LMC,NRF
1048,10,0,3.29706979403309,FGF1,E2F4,LMC,E2F
1446,13,1,-1.95395552299252,IL18RAP,EGR1,MEF,Zf
716,7,1,2.18312835289798,CYP26B1,CTCF,MEF,Zf
2149,3,0,-1.10925949674155,PCDHGC4,BACH1,LMC,bZIP
1872,27,1,-1.07194398775039,MRC2,GATA3,MEF,Zf
2618,32,1,1.10324297549979,SERINC2,JUND,MEF,bZIP
506,7,0,1.15833364109912,CELSR1,CTCF,LMC,Zf
705,10,1,1.96907516552775,CXXC4,E2F4,MEF,E2F
2057,51,0,-2.07327400721528,NUF2,TCF12,LMC,bHLH
1245,53,0,1.73666532474954,GPR157,TEAD4,LMC,TEA
2336,53,0,-1.53261289998332,PRKCG,TEAD4,LMC,TEA
232,32,0,-2.12556806125941,ASTN2,JUND,LMC,bZIP
2286,10,0,3.9140576319777,PODXL,E2F4,LMC,E2F
473,30,1,-1.83545152460296,CDCA2,IRF3,MEF,IRF
568,59,0,-2.61696798839525,CLDN1,ZKSCAN1,LMC,Zf
787,35,1,1.35627669638986,DNALI1,MAX,MEF,bHLH
774,15,1,1.7919126842104,DMRTA1,ELK1,MEF,ETS
1217,20,1,-1.68453986158092,GNG3,FOSL2,MEF,bZIP
3064,22,1,3.49582714028846,TNFSF15,FOXA2,MEF,Forkhead
1955,25,0,2.19064837512025,NCKAP1L,GATA1,LMC,Zf
1013,34,0,1.47559622223216,FAM84A,MAFK,LMC,bZIP
1504,17,0,1.98667024272069,ITM2A,ETS1,LMC,ETS
1710,37,0,-3.66787914413061,LRRN3,MEF2A,LMC,MADS
1039,27,1,1.10821046471605,FBXO7,GATA3,MEF,Zf
2809,36,1,-1.34966171690082,SOX11,MAZ,MEF,Zf
1780,59,0,-1.10292671378567,MBOAT2,ZKSCAN1,LMC,Zf
2167,11,0,-1.47607183564039,PDE4A,E2F6,LMC,E2F
789,7,1,-1.4228230728887,DNER,CTCF,MEF,Zf
2478,41,0,-1.05749006064145,RCN1,NANOG,LMC,Homeobox
147,29,1,-3.70854942135394,ANPEP,IRF1,MEF,IRF
1111,34,0,-1.70231293076838,FRMD5,MAFK,LMC,bZIP
1270,34,1,-1.70906692432391,GPX7,MAFK,MEF,bZIP
2797,54,1,1.20718208298321,SNX16,USF1,MEF,bHLH
3258,55,1,-1.44945424108124,ZFYVE28,USF2,MEF,bHLH
1059,24,1,-1.30648104502404,FGFR1,GABPA,MEF,ETS
995,34,0,-1.34584970061181,FAM26E,MAFK,LMC,bZIP
218,15,0,-1.31210114322349,ARTN,ELK1,LMC,ETS
2863,21,1,-1.42498224453475,ST6GALNAC2,FOXA1,MEF,Forkhead
2439,19,1,-1.16961792333877,RALGPS2,FOS,MEF,bZIP
2636,40,1,1.37499605573146,SGCD,MYOG,MEF,bHLH
2435,8,1,-1.58498021462349,RAD54B,CUX1,MEF,Homeobox
2651,7,1,-1.09294851276797,SH3KBP1,CTCF,MEF,Zf
3086,51,1,-1.19173570792296,TPM4,TCF12,MEF,bHLH
2641,56,1,-1.51561055023363,SGOL2,YY1,MEF,Zf
2542,11,0,-1.54415963122133,RRM2,E2F6,LMC,E2F
1150,13,1,1.20650960697518,GAS1,EGR1,MEF,Zf
1798,52,1,-2.33623835909844,MDK,TCF3,MEF,HMG
2975,33,0,-1.10337016351696,THBS1,MAFF,LMC,bZIP
2472,32,0,2.18050992784048,RBM47,JUND,LMC,bZIP
539,52,0,2.41186071695871,CHCHD10,TCF3,LMC,HMG
2205,23,1,1.19166827866803,PHOSPHO1,FOXM1,MEF,Forkhead
2737,14,1,-1.3563199355879,SLC37A2,ELF1,MEF,ETS
317,12,0,1.98250644378338,BTK,EBF1,LMC,EBF
2062,55,1,1.63762482263353,NWD1,USF2,MEF,bHLH
627,2,1,1.8243554918692,COLGALT2,ATF3,MEF,bZIP
982,12,1,1.9927673408171,FAM184A,EBF1,MEF,EBF
2379,28,1,-1.1953413161225,PTMS,HNF4A,MEF,NR
484,34,1,-1.7228499073708,CDH24,MAFK,MEF,bZIP
3133,50,1,2.32342847283581,TTC18,STAT3,MEF,Stat
1326,27,1,1.7722064028103,HERC3,GATA3,MEF,Zf
552,46,0,-1.16553357551869,CHST15,RFX5,LMC,HTH
1229,56,0,-1.54093470936659,GPC6,YY1,LMC,Zf
3181,43,0,1.00388229046063,USP2,PAX5,LMC,"Paired,Homeobox"
2392,41,1,-2.75179963084061,PTPRO,NANOG,MEF,Homeobox
947,27,0,1.10560629387605,F11R,GATA3,LMC,Zf
1481,27,1,2.32183354628202,IRX3,GATA3,MEF,Zf
2718,11,0,-1.30847044035983,SLC26A10,E2F6,LMC,E2F
1942,29,1,-1.55591983472533,NAV1,IRF1,MEF,IRF
2112,19,0,2.46587352718723,PADI3,FOS,LMC,bZIP
2192,58,1,-1.0880143489174,PFKFB4,ZEB1,MEF,Zf
805,42,1,1.66750635145911,DPP6,NRF1,MEF,NRF
1461,60,0,-1.27116199450646,IMPDH1,ZNF263,LMC,Zf
2160,24,0,-1.2122647005082,PCYOX1L,GABPA,LMC,ETS
1672,34,0,-2.15792699391474,LMOD1,MAFK,LMC,bZIP
1725,59,0,-1.19060928486906,LURAP1L,ZKSCAN1,LMC,Zf
510,27,0,-1.36741542509461,CENPA,GATA3,LMC,Zf
932,51,0,-1.0899668717568,EVA1C,TCF12,LMC,bHLH
2506,10,1,1.32344956546428,RIBC1,E2F4,MEF,E2F
1323,13,0,1.11395880944298,HEG1,EGR1,LMC,Zf
565,43,0,-1.00847937566147,CKS1B,PAX5,LMC,"Paired,Homeobox"
246,43,0,1.18330327912453,ATP6V1B2,PAX5,LMC,"Paired,Homeobox"
62,56,1,-1.74379178598136,ADAMTS6,YY1,MEF,Zf
1505,12,0,1.01095122469057,ITPK1,EBF1,LMC,EBF
2404,1,0,2.00552072837022,PYGM,ATF2,LMC,bZIP
3044,49,1,-1.83484979168881,TMEM52B,STAT1,MEF,Stat
396,55,1,1.16001064184712,CCDC39,USF2,MEF,bHLH
2409,33,0,1.19634377115798,RAB11FIP1,MAFF,LMC,bZIP
1247,3,0,-1.8197377742624,GPR161,BACH1,LMC,bZIP
3258,52,1,-1.44945424108124,ZFYVE28,TCF3,MEF,HMG
1241,7,0,2.29093553261509,GPR143,CTCF,LMC,Zf
1059,46,1,-1.30648104502404,FGFR1,RFX5,MEF,HTH
1840,15,1,-1.82783355688572,MMD,ELK1,MEF,ETS
1616,1,1,-2.81083980719423,LAMA2,ATF2,MEF,bZIP
1190,42,1,-1.62132130743513,GINS1,NRF1,MEF,NRF
3147,13,1,-2.52504683152533,TUBB2B,EGR1,MEF,Zf
2342,46,1,1.93262260552631,PROSER2,RFX5,MEF,HTH
586,51,0,-1.51585649307847,CLYBL,TCF12,LMC,bHLH
3069,1,1,-2.5900113745431,TNNI2,ATF2,MEF,bZIP
454,14,0,2.02419233042325,CD68,ELF1,LMC,ETS
2265,16,1,3.7187952311286,PLS1,ELK4,MEF,ETS
1075,12,1,-1.51378545844316,FLI1,EBF1,MEF,EBF
1213,36,1,1.13983164407356,GNAI1,MAZ,MEF,Zf
649,50,1,-1.06162525000248,CREG1,STAT3,MEF,Stat
112,51,1,-2.59508271988114,ALDH1L1,TCF12,MEF,bHLH
312,2,0,-1.24733226690575,BRSK1,ATF3,LMC,bZIP
2708,11,0,-2.47595200961612,SLC1A6,E2F6,LMC,E2F
3198,53,1,-1.00276680000766,VIPR1,TEAD4,MEF,TEA
2220,29,1,8.27504423830746,PITX1,IRF1,MEF,IRF
944,40,1,-1.00394440145578,EZH2,MYOG,MEF,bHLH
2569,53,0,-1.64177687245511,SAMD14,TEAD4,LMC,TEA
2366,52,1,-1.40721476381322,PSTPIP1,TCF3,MEF,HMG
2388,36,0,2.031079537573,PTPRC,MAZ,LMC,Zf
1779,2,1,-1.49186664130323,MBOAT1,ATF3,MEF,bZIP
2815,19,1,-2.19314508406099,SP100,FOS,MEF,bZIP
3203,6,1,-1.49832154904173,VSIG10L,BHLHE40,MEF,bHLH
3211,10,0,-1.06067198792734,WASF3,E2F4,LMC,E2F
1267,35,0,-2.02246298759905,GPRIN3,MAX,LMC,bHLH
203,26,1,-5.6908155229685,ARL11,GATA2,MEF,Zf
2976,37,1,-2.88170681856128,THBS2,MEF2A,MEF,MADS
2551,40,1,1.47041778660776,RTN4R,MYOG,MEF,bHLH
2865,25,1,2.039989378885,ST8SIA1,GATA1,MEF,Zf
2737,43,1,-1.3563199355879,SLC37A2,PAX5,MEF,"Paired,Homeobox"
918,11,1,1.76533193075129,ERG,E2F6,MEF,E2F
2804,7,1,-1.38519694231342,SOGA3,CTCF,MEF,Zf
1106,33,1,4.1494915530194,FOXQ1,MAFF,MEF,bZIP
1921,59,0,1.02112335467141,MYO1D,ZKSCAN1,LMC,Zf
1087,53,1,1.13617462924265,FNDC3A,TEAD4,MEF,TEA
1758,46,0,-2.57018479728734,MAP2,RFX5,LMC,HTH
2318,34,1,1.4274717173054,PPP1R42,MAFK,MEF,bZIP
3043,50,1,-2.86541431803902,TMEM51,STAT3,MEF,Stat
2421,8,0,-1.48115705720035,RAB38,CUX1,LMC,Homeobox
1788,10,1,-1.18921853477002,MCM2,E2F4,MEF,E2F
264,46,1,-1.12777061966967,B4GALT5,RFX5,MEF,HTH
2942,51,1,2.16107870954776,TBX5,TCF12,MEF,bHLH
2203,17,1,-2.39346866936256,PHF19,ETS1,MEF,ETS
2817,49,0,1.65282560274896,SP140,STAT1,LMC,Stat
392,50,0,-1.59929315254546,CCDC18,STAT3,LMC,Stat
65,33,1,-1.53401258580735,ADAMTSL2,MAFF,MEF,bZIP
3165,7,1,-2.38129196365162,UCP2,CTCF,MEF,Zf
2001,8,1,-2.97323600507334,NLRC4,CUX1,MEF,Homeobox
2140,41,0,-1.50709385631897,PCDH9,NANOG,LMC,Homeobox
1451,34,1,-1.7797236981012,IL1RL1,MAFK,MEF,bZIP
563,54,1,-3.27232018490678,CKAP2L,USF1,MEF,bHLH
2892,8,1,1.512853343025,STPG1,CUX1,MEF,Homeobox
1781,32,1,-1.91399422387466,MBP,JUND,MEF,bZIP
927,46,0,2.855110586397,ESYT3,RFX5,LMC,HTH
2362,50,0,-1.21873682208915,PSAT1,STAT3,LMC,Stat
983,35,0,-2.6954506576559,FAM184B,MAX,LMC,bHLH
2212,26,1,-2.02987206992837,PIK3CD,GATA2,MEF,Zf
1327,7,0,1.75267686763674,HFE,CTCF,LMC,Zf
2285,33,0,-2.18791521896949,PODNL1,MAFF,LMC,bZIP
1551,46,1,-2.83262088040282,KCNK13,RFX5,MEF,HTH
2526,36,1,1.94027712823424,RNF43,MAZ,MEF,Zf
270,23,1,-1.6177692850607,BARD1,FOXM1,MEF,Forkhead
1679,21,0,-1.54161054323492,LOXL3,FOXA1,LMC,Forkhead
1668,15,1,3.05412965320593,LMCD1,ELK1,MEF,ETS
1089,36,0,1.39840867832107,FNIP2,MAZ,LMC,Zf
338,24,0,-1.98402210169633,CACNA1C,GABPA,LMC,ETS
339,10,0,2.19194013816375,CACNA1D,E2F4,LMC,E2F
1530,43,1,-1.78300388098409,KCNAB2,PAX5,MEF,"Paired,Homeobox"
276,43,0,-2.52309707321754,BCAT1,PAX5,LMC,"Paired,Homeobox"
2468,3,0,1.15511136373488,RBKS,BACH1,LMC,bZIP
2073,8,0,-1.22751387229782,OBSL1,CUX1,LMC,Homeobox
201,13,0,1.52885050575936,ARID3A,EGR1,LMC,Zf
190,60,1,1.498457796639,ARHGAP6,ZNF263,MEF,Zf
2389,6,0,1.29431496605626,PTPRE,BHLHE40,LMC,bHLH
1310,35,1,2.36266249557607,HAP1,MAX,MEF,bHLH
264,55,1,-1.12777061966967,B4GALT5,USF2,MEF,bHLH
3136,58,0,1.02552411022929,TTC9,ZEB1,LMC,Zf
514,35,1,-2.23863783136101,CENPI,MAX,MEF,bHLH
2674,6,1,-2.20063280782659,SIRPA,BHLHE40,MEF,bHLH
688,50,1,1.50358828965648,CTSH,STAT3,MEF,Stat
2327,32,0,-1.74138188130689,PRDM6,JUND,LMC,bZIP
3041,3,1,1.58911639566817,TMEM45A,BACH1,MEF,bZIP
428,35,1,-2.3161581512773,CCR1,MAX,MEF,bHLH
2466,40,1,1.32338894662691,RB1,MYOG,MEF,bHLH
817,32,1,2.49731281468413,DSP,JUND,MEF,bZIP
1559,28,0,-1.66267294525053,KCTD15,HNF4A,LMC,NR
973,7,1,1.84862719225515,FAM155A,CTCF,MEF,Zf
3140,32,1,1.19302058797499,TTLL9,JUND,MEF,bZIP
1106,55,1,4.1494915530194,FOXQ1,USF2,MEF,bHLH
1480,35,0,-1.28566004073979,IRX1,MAX,LMC,bHLH
2833,53,0,2.04473439363982,SPI1,TEAD4,LMC,TEA
895,16,0,-2.74176093683303,ENO3,ELK4,LMC,ETS
620,47,0,-1.59643801588657,COL5A1,SP1,LMC,Zf
311,7,1,-1.15853737122107,BRIP1,CTCF,MEF,Zf
2000,51,0,1.5370079637518,NLRC3,TCF12,LMC,bHLH
1868,47,1,1.20310929233379,MPV17L,SP1,MEF,Zf
1371,19,1,3.72665701018455,HOXC10,FOS,MEF,bZIP
1921,56,0,1.02112335467141,MYO1D,YY1,LMC,Zf
1923,6,1,-6.19711798535676,MYO1G,BHLHE40,MEF,bHLH
2677,19,1,-1.57464291830555,SKA3,FOS,MEF,bZIP
1120,59,0,-1.0065273107784,FSTL1,ZKSCAN1,LMC,Zf
1009,49,0,1.41483114643421,FAM83B,STAT1,LMC,Stat
2791,36,0,-2.93185492508053,SNED1,MAZ,LMC,Zf
113,29,0,-1.98014191079215,ALDH1L2,IRF1,LMC,IRF
147,14,1,-3.70854942135394,ANPEP,ELF1,MEF,ETS
784,44,1,1.08312646824662,DNAJB4,PBX3,MEF,Homeobox
3268,36,1,-1.42145752313049,ZYX,MAZ,MEF,Zf
809,56,0,-2.38707552086668,DPYSL3,YY1,LMC,Zf
202,47,1,1.01188481943622,ARID5A,SP1,MEF,Zf
1746,42,1,5.32777087359567,MAL,NRF1,MEF,NRF
2736,9,0,1.41533311729747,SLC35G1,E2F1,LMC,E2F
2204,30,1,-1.15295204263613,PHLPP1,IRF3,MEF,IRF
475,51,1,-1.49364324799289,CDCA5,TCF12,MEF,bHLH
2509,44,1,-1.81964590214041,RIN3,PBX3,MEF,Homeobox
3188,24,1,-1.03239494791136,VASP,GABPA,MEF,ETS
1509,52,1,-1.44881067617991,JADE1,TCF3,MEF,HMG
1372,43,1,3.7981416382393,HOXC11,PAX5,MEF,"Paired,Homeobox"
2133,32,1,-2.60793494939055,PBK,JUND,MEF,bZIP
18,55,0,1.60907128612013,ABLIM3,USF2,LMC,bHLH
2114,36,1,1.64934591944947,PAK6,MAZ,MEF,Zf
2324,49,1,-1.08146216479517,PRCP,STAT1,MEF,Stat
2755,13,0,1.07412426841911,SLC6A6,EGR1,LMC,Zf
3254,6,1,1.00000841304495,ZFP2,BHLHE40,MEF,bHLH
1135,32,0,2.4400945511106,GAL,JUND,LMC,bZIP
2736,46,0,1.41533311729747,SLC35G1,RFX5,LMC,HTH
2158,60,1,-1.37532100384082,PCSK5,ZNF263,MEF,Zf
2070,14,1,-1.74590028948839,OAS2,ELF1,MEF,ETS
582,34,0,1.38792844422219,CLN3,MAFK,LMC,bZIP
2378,39,0,1.53215201360364,PTK2B,MYB,LMC,HTH
1160,51,1,1.50128059051709,GBP6,TCF12,MEF,bHLH
2904,12,0,1.94858458777651,SV2B,EBF1,LMC,EBF
1921,47,0,1.02112335467141,MYO1D,SP1,LMC,Zf
30,3,1,-1.68969657731149,ACOT4,BACH1,MEF,bZIP
649,33,0,1.77230520694,CREG1,MAFF,LMC,bZIP
2849,14,1,-1.63063211909057,SPTB,ELF1,MEF,ETS
609,11,0,-2.48383705669678,COL14A1,E2F6,LMC,E2F
2292,50,1,-1.55535313200542,POLQ,STAT3,MEF,Stat
3011,59,0,-2.66844146682901,TMEM121,ZKSCAN1,LMC,Zf
1571,53,1,-2.07809907277535,KIF20B,TEAD4,MEF,TEA
1885,24,0,1.57899083535637,MST1R,GABPA,LMC,ETS
1665,25,1,-1.09066040559918,LIPA,GATA1,MEF,Zf
1599,56,1,-4.51884009141692,KLHL6,YY1,MEF,Zf
2635,51,0,1.45465599806567,SGCA,TCF12,LMC,bHLH
3009,12,1,1.35703295898885,TMEM117,EBF1,MEF,EBF
1711,53,0,1.47996043864215,LRRN4,TEAD4,LMC,TEA
1350,24,1,1.03869489764224,HNMT,GABPA,MEF,ETS
1589,54,1,1.54085480516955,KLF15,USF1,MEF,bHLH
1793,32,0,1.80783041632026,MCOLN3,JUND,LMC,bZIP
1651,19,0,-1.75281523160865,LHX6,FOS,LMC,bZIP
1563,46,0,-1.01650705043429,KDELR3,RFX5,LMC,HTH
1183,25,1,1.51250060585978,GGH,GATA1,MEF,Zf
2913,14,1,1.74643857506266,SYNGR3,ELF1,MEF,ETS
2195,6,0,1.38821447083428,PGAP1,BHLHE40,LMC,bHLH
336,3,1,1.16696244426801,CABLES1,BACH1,MEF,bZIP
3137,43,0,-1.54688616829487,TTK,PAX5,LMC,"Paired,Homeobox"
3146,7,1,-1.18146208962361,TUBA1C,CTCF,MEF,Zf
1380,60,0,2.66649461859052,HOXD8,ZNF263,LMC,Zf
1814,32,1,1.05357159098522,METTL21A,JUND,MEF,bZIP
1164,28,1,3.04067722262109,GCHFR,HNF4A,MEF,NR
611,29,1,-1.33503170309655,COL16A1,IRF1,MEF,IRF
1975,60,1,1.36711522450155,NES,ZNF263,MEF,Zf
451,17,1,-1.77541440908592,CD53,ETS1,MEF,ETS
474,12,1,-2.01749036502043,CDCA3,EBF1,MEF,EBF
201,20,0,1.52885050575936,ARID3A,FOSL2,LMC,bZIP
1279,3,1,1.2815939015013,GRIA2,BACH1,MEF,bZIP
2505,7,0,1.90830758048252,RHPN2,CTCF,LMC,Zf
526,55,0,-1.55044439537775,CEP72,USF2,LMC,bHLH
3012,60,1,-1.76947629620533,TMEM130,ZNF263,MEF,Zf
1265,55,1,2.4965943904459,GPRC5A,USF2,MEF,bHLH
1627,20,1,-5.37255434397412,LAT2,FOSL2,MEF,bZIP
709,34,1,-1.66905437630875,CYBA,MAFK,MEF,bZIP
3255,42,0,-1.03149291006368,ZFP41,NRF1,LMC,NRF
1871,36,0,2.04102619873036,MRC1,MAZ,LMC,Zf
834,19,1,-1.66961603936498,E2F2,FOS,MEF,bZIP
3136,3,1,1.7476052716644,TTC9,BACH1,MEF,bZIP
480,21,0,-1.80943237310509,CDH10,FOXA1,LMC,Forkhead
1073,47,0,-1.46075132609887,FILIP1L,SP1,LMC,Zf
2154,3,0,3.91045867563713,PCNXL2,BACH1,LMC,bZIP
1734,10,1,1.03962783655705,LYRM7,E2F4,MEF,E2F
2224,11,1,-2.26014906231889,PKMYT1,E2F6,MEF,E2F
1568,57,1,-2.57584463626319,KIF15,ZBTB33,MEF,Zf
843,50,1,-4.62149320499293,EBI3,STAT3,MEF,Stat
1783,45,1,-1.39828248423787,MCAM,PRDM1,MEF,Zf
160,55,0,-1.74123966475253,APC2,USF2,LMC,bHLH
512,24,0,-2.24187763995752,CENPF,GABPA,LMC,ETS
2996,35,0,1.11613418264724,TLR4,MAX,LMC,bHLH
2284,26,0,1.35328741915032,PNPLA7,GATA2,LMC,Zf
405,17,0,1.92687097105118,CCDC88B,ETS1,LMC,ETS
326,8,0,2.23531811659424,C1QC,CUX1,LMC,Homeobox
1961,46,1,1.0186923629936,NDRG3,RFX5,MEF,HTH
544,17,1,1.52613161639565,CHMP4C,ETS1,MEF,ETS
1932,54,0,1.71830105384146,MYRF,USF1,LMC,bHLH
1253,40,1,1.47966170189007,GPR3,MYOG,MEF,bHLH
1990,46,0,-1.75275991863876,NID1,RFX5,LMC,HTH
1482,7,0,1.42105511718159,ISG15,CTCF,LMC,Zf
742,32,1,-8.87308429668951,DDX3Y,JUND,MEF,bZIP
515,59,1,-1.48399593144254,CENPK,ZKSCAN1,MEF,Zf
2745,21,0,1.9025481432666,SLC43A2,FOXA1,LMC,Forkhead
688,51,1,1.50358828965648,CTSH,TCF12,MEF,bHLH
1031,34,1,-1.24967716659756,FBXL8,MAFK,MEF,bZIP
736,8,1,1.21253077226439,DCXR,CUX1,MEF,Homeobox
1495,14,1,-5.98637247489995,ITGAL,ELF1,MEF,ETS
1105,29,0,-1.06214111443697,FOXP4,IRF1,LMC,IRF
2734,24,0,-2.55732246205919,SLC35F2,GABPA,LMC,ETS
1043,21,0,-1.20500555090751,FDPS,FOXA1,LMC,Forkhead
734,50,1,-1.08456438928809,DCTD,STAT3,MEF,Stat
2321,60,0,-2.17480430128255,PPP4R4,ZNF263,LMC,Zf
1463,51,1,-1.11626598764505,INCENP,TCF12,MEF,bHLH
2924,20,1,2.47982892076231,SYTL3,FOSL2,MEF,bZIP
2952,40,1,-1.05146654923104,TEAD2,MYOG,MEF,bHLH
419,40,1,-1.01212708968367,CCM2,MYOG,MEF,bHLH
1021,51,0,-2.80287244127223,FAT4,TCF12,LMC,bHLH
648,1,1,1.09296402967198,CREBL2,ATF2,MEF,bZIP
387,1,1,2.00033231613043,CCDC13,ATF2,MEF,bZIP
268,21,0,-1.07278561871818,BAIAP2,FOXA1,LMC,Forkhead
3213,4,1,-7.07779776906196,WDFY4,BATF,MEF,bZIP
839,3,0,-1.8998701410423,EBF1,BACH1,LMC,bZIP
1548,56,1,1.21210070568133,KCNJ4,YY1,MEF,Zf
679,58,0,-2.86747721889391,CTHRC1,ZEB1,LMC,Zf
949,56,0,-1.019980760279,F2RL1,YY1,LMC,Zf
2980,7,0,-1.43334194465307,TIAM2,CTCF,LMC,Zf
2133,51,1,-2.60793494939055,PBK,TCF12,MEF,bHLH
1618,47,1,2.02536886419006,LAMA5,SP1,MEF,Zf
3105,6,0,1.66612103669329,TRIM29,BHLHE40,LMC,bHLH
1947,23,1,-1.98660200090861,NCAPG,FOXM1,MEF,Forkhead
178,28,1,-2.02334125806666,ARHGAP10,HNF4A,MEF,NR
2065,60,0,1.57749816616175,NXNL2,ZNF263,LMC,Zf
437,52,0,3.05569276617578,CD22,TCF3,LMC,HMG
945,43,0,1.62913103681418,EZR,PAX5,LMC,"Paired,Homeobox"
1883,50,0,2.18835301346111,MSR1,STAT3,LMC,Stat
3041,12,1,1.58911639566817,TMEM45A,EBF1,MEF,EBF
721,56,0,1.68322986154706,CYTH4,YY1,LMC,Zf
3187,51,1,-1.16461380481226,VASH2,TCF12,MEF,bHLH
2414,56,0,-1.30372944762323,RAB23,YY1,LMC,Zf
2943,12,0,-2.66377021180121,TBXA2R,EBF1,LMC,EBF
647,19,0,3.00856078968683,CRCT1,FOS,LMC,bZIP
664,40,0,1.50200208422451,CSF2RA,MYOG,LMC,bHLH
2747,24,0,1.18552058951319,SLC44A1,GABPA,LMC,ETS
2710,39,0,1.87389290621927,SLC22A4,MYB,LMC,HTH
455,29,0,2.6942826782236,CD69,IRF1,LMC,IRF
2212,34,1,-2.02987206992837,PIK3CD,MAFK,MEF,bZIP
2083,50,1,-1.05535891995952,OLFML3,STAT3,MEF,Stat
1347,31,0,-2.04350465931052,HMMR,IRF4,LMC,IRF
2288,48,1,-1.22235801190337,POLA1,SP2,MEF,Zf
982,20,1,1.9927673408171,FAM184A,FOSL2,MEF,bZIP
1238,21,0,-1.83197015901055,GPR126,FOXA1,LMC,Forkhead
2677,18,1,-1.57464291830555,SKA3,FLI1,MEF,ETS
1228,24,1,2.19092246900639,GPC5,GABPA,MEF,ETS
1494,32,1,-1.57104123309004,ITGA9,JUND,MEF,bZIP
2972,3,1,-1.32670648805321,TGM2,BACH1,MEF,bZIP
2816,24,0,1.48469516913959,SP110,GABPA,LMC,ETS
1582,13,1,1.09834515514093,KIF9,EGR1,MEF,Zf
396,60,1,1.16001064184712,CCDC39,ZNF263,MEF,Zf
384,19,0,-1.17409117648331,CCDC116,FOS,LMC,bZIP
2292,16,0,-1.05291940990179,POLQ,ELK4,LMC,ETS
1003,46,1,-3.49365096633453,FAM64A,RFX5,MEF,HTH
251,7,0,-1.43327827973312,AURKA,CTCF,LMC,Zf
138,12,0,-2.36033516397192,ANKLE1,EBF1,LMC,EBF
1601,58,1,1.06527561830668,KLRG2,ZEB1,MEF,Zf
1582,33,0,1.20216022419982,KIF9,MAFF,LMC,bZIP
1710,36,0,-3.66787914413061,LRRN3,MAZ,LMC,Zf
1760,53,0,1.0684023208603,MAP3K1,TEAD4,LMC,TEA
1930,6,1,2.38192172606138,MYOT,BHLHE40,MEF,bHLH
1002,13,0,-1.07799221381173,FAM57A,EGR1,LMC,Zf
1729,50,1,-4.8970427214155,LY9,STAT3,MEF,Stat
2913,55,1,1.74643857506266,SYNGR3,USF2,MEF,bHLH
1322,46,1,1.43964163206094,HDGFRP3,RFX5,MEF,HTH
2699,42,0,-1.13247654437372,SLC16A3,NRF1,LMC,NRF
382,29,1,1.58885651915645,CCDC113,IRF1,MEF,IRF
1078,36,1,1.79466757101752,FLRT3,MAZ,MEF,Zf
799,15,1,-1.41292210105817,DPCR1,ELK1,MEF,ETS
2846,7,1,-1.65783666634101,SPRY3,CTCF,MEF,Zf
3043,55,0,-1.76276458381235,TMEM51,USF2,LMC,bHLH
1879,52,1,-8.84349682711062,MS4A7,TCF3,MEF,HMG
1891,19,0,-1.28051428954918,MTHFD1L,FOS,LMC,bZIP
1788,35,1,-1.18921853477002,MCM2,MAX,MEF,bHLH
307,36,1,-1.18056924901314,BOK,MAZ,MEF,Zf
1901,58,1,1.12093207460751,MYBL1,ZEB1,MEF,Zf
17,7,1,-2.9814574339715,ABI3,CTCF,MEF,Zf
1964,52,1,-1.12487910726112,NDUFA4L2,TCF3,MEF,HMG
360,53,0,3.06807338923354,CAMKV,TEAD4,LMC,TEA
2565,47,0,-2.64494367900888,S1PR3,SP1,LMC,Zf
126,14,0,2.11977913570726,AMDHD1,ELF1,LMC,ETS
246,35,0,1.18330327912453,ATP6V1B2,MAX,LMC,bHLH
2396,56,0,-1.1329921312171,PTRF,YY1,LMC,Zf
1461,56,0,-1.27116199450646,IMPDH1,YY1,LMC,Zf
1582,42,0,1.20216022419982,KIF9,NRF1,LMC,NRF
533,44,1,-2.62957913483468,CFP,PBX3,MEF,Homeobox
2539,42,0,-1.3058321693153,RPS6KA6,NRF1,LMC,NRF
2803,27,1,1.55210166985957,SOD3,GATA3,MEF,Zf
378,44,0,-1.08255506975934,CBX2,PBX3,LMC,Homeobox
2172,3,0,2.04366489962011,PDGFB,BACH1,LMC,bZIP
1464,49,0,-1.18382349994449,INPP1,STAT1,LMC,Stat
1674,47,1,3.62309024762218,LMX1B,SP1,MEF,Zf
1139,12,1,-2.53046737953062,GALNT12,EBF1,MEF,EBF
921,10,1,-2.39917654570674,ESCO2,E2F4,MEF,E2F
596,52,0,-1.48625142423347,CNN2,TCF3,LMC,HMG
1756,10,0,-2.37201651279144,MAOB,E2F4,LMC,E2F
1489,2,1,2.99099163510034,ITGA2,ATF3,MEF,bZIP
600,55,1,-1.02011348438515,CNRIP1,USF2,MEF,bHLH
1848,57,1,1.58920096300279,MMP15,ZBTB33,MEF,Zf
758,32,1,-2.18409012850674,DIRAS2,JUND,MEF,bZIP
188,55,1,-3.66341907785109,ARHGAP4,USF2,MEF,bHLH
1101,20,1,-1.94513685071821,FOXM1,FOSL2,MEF,bZIP
1548,12,1,1.21210070568133,KCNJ4,EBF1,MEF,EBF
856,42,0,-1.15119532089597,EFCAB11,NRF1,LMC,NRF
1951,8,0,1.45744396290933,NCEH1,CUX1,LMC,Homeobox
954,45,0,1.3474227486607,FABP3,PRDM1,LMC,Zf
265,15,0,-1.12473692026766,BAG2,ELK1,LMC,ETS
1589,35,1,1.54085480516955,KLF15,MAX,MEF,bHLH
2203,3,1,-2.39346866936256,PHF19,BACH1,MEF,bZIP
259,27,0,1.24295821941063,B3GNT8,GATA3,LMC,Zf
773,52,0,-1.68084694013253,DMPK,TCF3,LMC,HMG
1506,54,0,1.17759645335527,ITPR1,USF1,LMC,bHLH
354,35,1,-1.076244723332,CAMK1D,MAX,MEF,bHLH
1605,1,0,-1.70392299590538,KNTC1,ATF2,LMC,bZIP
1913,46,0,1.12680224428471,MYLIP,RFX5,LMC,HTH
467,50,1,-2.86453905767912,CDC25C,STAT3,MEF,Stat
1056,29,0,-2.14300533588735,FGF7,IRF1,LMC,IRF
323,49,1,1.57648450507266,C1GALT1,STAT1,MEF,Stat
1347,56,0,-2.04350465931052,HMMR,YY1,LMC,Zf
206,55,0,1.03464648404982,ARL4C,USF2,LMC,bHLH
258,23,0,1.94479711510852,B3GNT7,FOXM1,LMC,Forkhead
765,33,1,-1.80369197034061,DLK1,MAFF,MEF,bZIP
436,15,0,2.17372921487108,CD200R1,ELK1,LMC,ETS
906,56,0,-1.47598741093167,EPHA4,YY1,LMC,Zf
705,36,1,1.96907516552775,CXXC4,MAZ,MEF,Zf
2375,12,1,-1.54785588948123,PTGIR,EBF1,MEF,EBF
2893,0,0,1.51284286980571,STRA6,ATF1,LMC,bZIP
2944,34,1,-3.87782145502005,TBXAS1,MAFK,MEF,bZIP
506,46,0,1.15833364109912,CELSR1,RFX5,LMC,HTH
1201,32,1,5.88965789173088,GLDN,JUND,MEF,bZIP
2792,43,0,1.77801894743797,SNHG11,PAX5,LMC,"Paired,Homeobox"
1657,23,1,-7.36398677653957,LILRB4,FOXM1,MEF,Forkhead
1491,3,1,-1.45307203272899,ITGA5,BACH1,MEF,bZIP
805,7,1,1.66750635145911,DPP6,CTCF,MEF,Zf
169,28,0,2.87784053099309,APOE,HNF4A,LMC,NR
1012,2,1,1.78692440865319,FAM83G,ATF3,MEF,bZIP
3022,32,1,-1.15122500441737,TMEM173,JUND,MEF,bZIP
205,0,1,1.1241272049731,ARL4A,ATF1,MEF,bZIP
1255,53,1,-1.33696017359518,GPR35,TEAD4,MEF,TEA
280,50,1,-1.11309358236636,BCL2L11,STAT3,MEF,Stat
1606,57,0,1.72988866215431,KRT18,ZBTB33,LMC,Zf
3085,36,0,-2.45217469460679,TPM2,MAZ,LMC,Zf
2293,15,0,-2.73358754737203,POM121L2,ELK1,LMC,ETS
3264,56,1,-1.77713608958469,ZP3,YY1,MEF,Zf
2725,29,0,1.14130727579286,SLC2A13,IRF1,LMC,IRF
1709,3,0,1.32131748501531,LRRN2,BACH1,LMC,bZIP
936,7,1,-2.52360441550634,EXO1,CTCF,MEF,Zf
924,51,1,1.51210965522421,ESR2,TCF12,MEF,bHLH
3213,5,0,1.97610439531418,WDFY4,BCL11A,LMC,Zf
466,56,1,-1.50814193249096,CDC25B,YY1,MEF,Zf
3142,53,1,1.51900011031051,TTYH1,TEAD4,MEF,TEA
2054,48,1,1.67996520029264,NUCB2,SP2,MEF,Zf
1684,33,1,-1.7467185516882,LPL,MAFF,MEF,bZIP
1745,49,0,2.6302950683987,MAK,STAT1,LMC,Stat
392,19,1,-1.85537400363895,CCDC18,FOS,MEF,bZIP
2091,57,0,-2.75084048443448,OSBPL6,ZBTB33,LMC,Zf
381,52,1,1.13944539082864,CCDC103,TCF3,MEF,HMG
175,46,0,1.14913751880714,ARAP2,RFX5,LMC,HTH
2057,0,1,-2.89490675475079,NUF2,ATF1,MEF,bZIP
2809,52,1,-1.34966171690082,SOX11,TCF3,MEF,HMG
1292,8,0,1.18024367524871,GSDMD,CUX1,LMC,Homeobox
1704,60,1,1.46619295050566,LRRC4,ZNF263,MEF,Zf
2716,14,1,-1.50394993507876,SLC25A45,ELF1,MEF,ETS
1414,4,1,-1.58572532358793,IFITM1,BATF,MEF,bZIP
889,8,1,-1.11038645323703,EMX2OS,CUX1,MEF,Homeobox
2804,60,1,-1.38519694231342,SOGA3,ZNF263,MEF,Zf
716,32,0,-1.08566102735893,CYP26B1,JUND,LMC,bZIP
497,3,0,-1.76818931634111,CDO1,BACH1,LMC,bZIP
1469,50,0,-1.34614119276357,INSIG1,STAT3,LMC,Stat
472,2,1,-1.16198535397929,CDC7,ATF3,MEF,bZIP
2006,36,0,1.33806992316801,NME5,MAZ,LMC,Zf
2273,60,1,-3.13234679377882,PLXNC1,ZNF263,MEF,Zf
1808,20,0,-1.82115918803008,MELK,FOSL2,LMC,bZIP
370,33,0,1.41914301474303,CASP4,MAFF,LMC,bZIP
2739,10,0,1.07554724816405,SLC39A10,E2F4,LMC,E2F
2402,10,1,-1.28053031107436,PYCARD,E2F4,MEF,E2F
1921,14,0,1.02112335467141,MYO1D,ELF1,LMC,ETS
58,3,1,-1.67805893584247,ADAMTS16,BACH1,MEF,bZIP
895,13,1,-1.81536653733997,ENO3,EGR1,MEF,Zf
2379,29,1,-1.1953413161225,PTMS,IRF1,MEF,IRF
1806,29,1,2.23278078032331,MEIOB,IRF1,MEF,IRF
1726,1,1,-1.52921091248218,LY6E,ATF2,MEF,bZIP
3137,21,1,-2.52066169804331,TTK,FOXA1,MEF,Forkhead
1498,46,1,-1.26046363648136,ITGB3,RFX5,MEF,HTH
854,32,0,1.36893250160883,EEPD1,JUND,LMC,bZIP
1025,60,1,-1.73842599916669,FBLN5,ZNF263,MEF,Zf
3149,7,1,-1.58235400958939,TUBB4A,CTCF,MEF,Zf
254,43,1,3.22012132624262,AXIN2,PAX5,MEF,"Paired,Homeobox"
3190,43,0,2.29387863105191,VAV1,PAX5,LMC,"Paired,Homeobox"
3146,53,1,-1.18146208962361,TUBA1C,TEAD4,MEF,TEA
2444,34,1,3.09267128508415,RANBP3L,MAFK,MEF,bZIP
2159,59,0,-3.02978414023049,PCSK9,ZKSCAN1,LMC,Zf
592,36,0,3.89616536425934,CNGA3,MAZ,LMC,Zf
672,51,0,-1.49505915276106,CSRP1,TCF12,LMC,bHLH
381,21,1,1.13944539082864,CCDC103,FOXA1,MEF,Forkhead
2084,7,1,-2.71392958236309,OLR1,CTCF,MEF,Zf
3235,60,1,-2.62409631254694,WT1,ZNF263,MEF,Zf
1992,11,1,1.44923868568797,NIPAL2,E2F6,MEF,E2F
3161,13,0,1.11374092396893,UBE2L6,EGR1,LMC,Zf
2231,52,0,-1.25589685126262,PLA2R1,TCF3,LMC,HMG
1582,53,0,1.20216022419982,KIF9,TEAD4,LMC,TEA
518,19,1,-1.46993038048477,CENPP,FOS,MEF,bZIP
62,23,0,-1.72005964675759,ADAMTS6,FOXM1,LMC,Forkhead
646,12,0,1.44373091276632,CRB2,EBF1,LMC,EBF
2944,13,1,-3.87782145502005,TBXAS1,EGR1,MEF,Zf
2700,24,1,1.80959903303781,SLC16A8,GABPA,MEF,ETS
828,14,1,-1.81246562273718,DUSP9,ELF1,MEF,ETS
2088,14,0,-1.41192018602602,OPN3,ELF1,LMC,ETS
913,20,1,2.0391352755535,EPS8L2,FOSL2,MEF,bZIP
2402,36,0,1.58111116420939,PYCARD,MAZ,LMC,Zf
2498,14,0,-1.3528609573943,RGS9BP,ELF1,LMC,ETS
2291,35,1,-1.99697349643266,POLE2,MAX,MEF,bHLH
3241,15,1,-1.89623374434678,XKR5,ELK1,MEF,ETS
1508,43,0,3.50220835498791,IZUMO1,PAX5,LMC,"Paired,Homeobox"
827,53,0,1.31630430034092,DUSP6,TEAD4,LMC,TEA
609,21,1,2.58711429478437,COL14A1,FOXA1,MEF,Forkhead
2220,8,1,8.27504423830746,PITX1,CUX1,MEF,Homeobox
1184,15,1,-1.16926247196897,GGN,ELK1,MEF,ETS
3062,12,0,1.39526638579777,TNFRSF1B,EBF1,LMC,EBF
2709,54,1,1.18981073501354,SLC22A18,USF1,MEF,bHLH
1612,53,0,2.57360812690163,KYNU,TEAD4,LMC,TEA
1602,13,1,2.48748809230071,KNDC1,EGR1,MEF,Zf
1292,60,0,1.18024367524871,GSDMD,ZNF263,LMC,Zf
143,46,0,-1.25200855268607,ANKRD6,RFX5,LMC,HTH
2985,12,0,1.18351069680431,TIMP1,EBF1,LMC,EBF
1882,28,0,2.25613902135658,MSLN,HNF4A,LMC,NR
1375,14,1,-1.06303572888616,HOXC6,ELF1,MEF,ETS
2805,26,0,-2.09647471179035,SORBS2,GATA2,LMC,Zf
926,51,1,-1.32942090046407,ESYT1,TCF12,MEF,bHLH
900,35,1,1.44269937541347,ENPP5,MAX,MEF,bHLH
62,30,1,-1.74379178598136,ADAMTS6,IRF3,MEF,IRF
2669,7,0,2.41963021996658,SIGLEC1,CTCF,LMC,Zf
703,55,0,1.93390401741099,CXCR4,USF2,LMC,bHLH
668,55,1,2.48620898685634,CSMD3,USF2,MEF,bHLH
2469,50,1,1.32088042919049,RBM11,STAT3,MEF,Stat
2272,3,0,1.75820619179074,PLXNA4,BACH1,LMC,bZIP
370,27,0,1.41914301474303,CASP4,GATA3,LMC,Zf
2875,60,1,-2.01852192431119,STARD8,ZNF263,MEF,Zf
1902,14,1,-1.65920234708505,MYBL2,ELF1,MEF,ETS
1710,8,0,-3.66787914413061,LRRN3,CUX1,LMC,Homeobox
2169,34,0,-1.34466387096847,PDE4D,MAFK,LMC,bZIP
2932,23,0,-1.75684306726493,TAGLN,FOXM1,LMC,Forkhead
2601,42,0,-1.33009891228235,SEC14L5,NRF1,LMC,NRF
2601,22,1,1.00843762708864,SEC14L5,FOXA2,MEF,Forkhead
711,25,1,2.11217937635769,CYBRD1,GATA1,MEF,Zf
1595,47,1,1.94541631082666,KLHL30,SP1,MEF,Zf
1814,1,1,1.05357159098522,METTL21A,ATF2,MEF,bZIP
180,53,1,-2.24495787061516,ARHGAP18,TEAD4,MEF,TEA
3063,43,0,1.06442711734904,TNFSF13,PAX5,LMC,"Paired,Homeobox"
1583,36,1,1.05205299901544,KIFAP3,MAZ,MEF,Zf
317,14,0,1.98250644378338,BTK,ELF1,LMC,ETS
2456,53,1,2.20941304813027,RASGRF1,TEAD4,MEF,TEA
864,49,1,1.33838286955012,EFNA5,STAT1,MEF,Stat
1840,5,0,2.18019875250841,MMD,BCL11A,LMC,Zf
268,32,0,-1.07278561871818,BAIAP2,JUND,LMC,bZIP
2586,26,1,1.44990055505487,SCN1B,GATA2,MEF,Zf
875,1,1,-1.34853539641118,EHHADH,ATF2,MEF,bZIP
831,6,1,1.24284518660575,DYNC2LI1,BHLHE40,MEF,bHLH
1701,35,0,-1.25291696020209,LRRC3,MAX,LMC,bHLH
3247,51,0,1.22787954452063,ZBTB7C,TCF12,LMC,bHLH
665,49,0,1.85920319898221,CSF2RB,STAT1,LMC,Stat
164,11,1,1.60914715772685,APOB,E2F6,MEF,E2F
2532,60,0,2.16290555952614,RORC,ZNF263,LMC,Zf
3226,14,1,2.01913268486271,WNT10B,ELF1,MEF,ETS
1832,13,1,-1.58814570551157,MIS18BP1,EGR1,MEF,Zf
1079,7,1,-1.22012954744948,FLT4,CTCF,MEF,Zf
1773,14,1,-1.05508208421694,MAST1,ELF1,MEF,ETS
2830,59,1,2.2287125275182,SPEF2,ZKSCAN1,MEF,Zf
659,34,1,2.27806614278137,CRYAB,MAFK,MEF,bZIP
1749,20,0,1.29819212211471,MAMDC2,FOSL2,LMC,bZIP
335,0,1,-2.24839777836133,C5AR2,ATF1,MEF,bZIP
1549,10,0,2.47642514153513,KCNJ5,E2F4,LMC,E2F
1057,23,0,1.00859609133211,FGF9,FOXM1,LMC,Forkhead
1678,32,0,-1.66239568256714,LOXL2,JUND,LMC,bZIP
2432,8,1,-1.5926751107119,RAD51AP1,CUX1,MEF,Homeobox
1347,11,1,-2.24742323046206,HMMR,E2F6,MEF,E2F
283,47,1,-1.57295896090125,BEND4,SP1,MEF,Zf
2648,51,0,1.60439603113436,SH3BGRL2,TCF12,LMC,bHLH
375,46,1,1.03187685516321,CATSPERD,RFX5,MEF,HTH
1033,11,1,1.37290435493264,FBXO27,E2F6,MEF,E2F
2970,7,1,1.23882960320647,TGFB2,CTCF,MEF,Zf
2732,21,1,1.30662937679401,SLC33A1,FOXA1,MEF,Forkhead
2987,7,1,-1.23658623443455,TINAG,CTCF,MEF,Zf
3213,55,1,-7.07779776906196,WDFY4,USF2,MEF,bHLH
1611,50,1,2.32954569295926,KRT80,STAT3,MEF,Stat
490,41,1,-1.01868372437041,CDK2,NANOG,MEF,Homeobox
1463,11,1,-1.11626598764505,INCENP,E2F6,MEF,E2F
516,52,0,-1.77252367309002,CENPM,TCF3,LMC,HMG
479,53,0,4.50682592257257,CDH1,TEAD4,LMC,TEA
2448,56,0,2.22147827010398,RAPGEF5,YY1,LMC,Zf
2477,60,0,1.33222995778471,RCAN2,ZNF263,LMC,Zf
1166,49,0,1.04053157521072,GCLM,STAT1,LMC,Stat
103,35,0,-1.30472250216679,AKAP12,MAX,LMC,bHLH
1748,33,1,1.62485638729586,MALL,MAFF,MEF,bZIP
2011,47,1,-1.11600402981182,NOD1,SP1,MEF,Zf
2174,24,1,1.19323938918991,PDGFD,GABPA,MEF,ETS
3061,24,0,1.02514171178658,TNFRSF19,GABPA,LMC,ETS
2266,7,0,1.55349884961183,PLSCR2,CTCF,LMC,Zf
2254,3,1,-1.74626728338454,PLEKHO1,BACH1,MEF,bZIP
2094,36,0,-1.90196413545541,OSR1,MAZ,LMC,Zf
1862,43,1,1.15642821553146,MORN2,PAX5,MEF,"Paired,Homeobox"
1043,25,0,-1.20500555090751,FDPS,GATA1,LMC,Zf
1184,60,1,-1.16926247196897,GGN,ZNF263,MEF,Zf
3267,27,0,-1.26383646152717,ZWILCH,GATA3,LMC,Zf
454,21,0,2.02419233042325,CD68,FOXA1,LMC,Forkhead
2613,3,1,2.03597997477726,SEMA4F,BACH1,MEF,bZIP
2198,29,1,1.37336159247571,PGF,IRF1,MEF,IRF
2886,37,1,1.35412699954028,STK38L,MEF2A,MEF,MADS
173,46,1,4.73221503896739,AQP5,RFX5,MEF,HTH
186,42,1,-7.03807552815842,ARHGAP30,NRF1,MEF,NRF
2184,55,1,-1.41509233844914,PDZRN3,USF2,MEF,bHLH
496,1,1,-2.28882867699308,CDKN3,ATF2,MEF,bZIP
1247,60,0,-1.8197377742624,GPR161,ZNF263,LMC,Zf
286,25,0,-1.6433271259986,BEST1,GATA1,LMC,Zf
16,11,1,-2.05030147335999,ABHD15,E2F6,MEF,E2F
1106,21,1,4.1494915530194,FOXQ1,FOXA1,MEF,Forkhead
41,23,1,-1.29710351150971,ACTN3,FOXM1,MEF,Forkhead
2330,25,1,-1.38610302093725,PREX1,GATA1,MEF,Zf
2082,36,0,1.67699464133269,OLFML2B,MAZ,LMC,Zf
3188,16,1,-1.03239494791136,VASP,ELK4,MEF,ETS
836,14,1,-2.76164814143304,E2F8,ELF1,MEF,ETS
1014,35,0,1.44493122160936,FAM84B,MAX,LMC,bHLH
2709,52,0,1.6009575554387,SLC22A18,TCF3,LMC,HMG
2402,23,1,-1.28053031107436,PYCARD,FOXM1,MEF,Forkhead
1157,21,1,-1.05298720063532,GATA6,FOXA1,MEF,Forkhead
315,59,0,-1.15304342329628,BTBD3,ZKSCAN1,LMC,Zf
2751,47,1,4.55708229261892,SLC4A10,SP1,MEF,Zf
863,51,1,-1.63010567722292,EFNA2,TCF12,MEF,bHLH
129,35,1,-1.5233402242796,AMPH,MAX,MEF,bHLH
1062,54,1,-1.28672835254561,FGGY,USF1,MEF,bHLH
2751,55,1,4.55708229261892,SLC4A10,USF2,MEF,bHLH
612,40,1,1.56435807341242,COL18A1,MYOG,MEF,bHLH
405,17,1,-3.28910986231177,CCDC88B,ETS1,MEF,ETS
640,3,0,2.11324837146368,CPNE7,BACH1,LMC,bZIP
440,27,0,1.03797956914794,CD2AP,GATA3,LMC,Zf
1827,4,1,-1.55070929847122,MIAT,BATF,MEF,bZIP
1335,25,1,1.04156670706997,HIST1H1C,GATA1,MEF,Zf
2430,44,1,-1.31416017052017,RACGAP1,PBX3,MEF,Homeobox
284,13,1,3.11934894699155,BEND5,EGR1,MEF,Zf
1790,8,1,-2.25596917242682,MCM5,CUX1,MEF,Homeobox
1949,6,1,-1.5197695139223,NCAPH,BHLHE40,MEF,bHLH
673,36,0,-2.22575402794082,CSRP2,MAZ,LMC,Zf
1757,46,1,-1.5178339960259,MAP1B,RFX5,MEF,HTH
2213,29,1,-6.19261489591651,PIK3CG,IRF1,MEF,IRF
2743,47,0,1.463380371895,SLC40A1,SP1,LMC,Zf
302,46,1,1.32786155488194,BMP8A,RFX5,MEF,HTH
2033,32,0,-1.95195850424148,NR2F1,JUND,LMC,bZIP
2575,8,0,1.95698653717505,SASH3,CUX1,LMC,Homeobox
1076,36,0,-1.25012529076239,FLNA,MAZ,LMC,Zf
477,35,1,-1.43968116149163,CDCA7L,MAX,MEF,bHLH
2734,12,0,-2.55732246205919,SLC35F2,EBF1,LMC,EBF
666,26,0,2.81350747504568,CSF3R,GATA2,LMC,Zf
873,22,0,2.31733348486408,EGR3,FOXA2,LMC,Forkhead
1320,5,0,1.94587080773716,HCST,BCL11A,LMC,Zf
2821,25,1,1.33614858114974,SPA17,GATA1,MEF,Zf
975,11,1,1.2401815530898,FAM161B,E2F6,MEF,E2F
2478,8,0,-1.05749006064145,RCN1,CUX1,LMC,Homeobox
531,21,1,1.21928716189159,CFAP61,FOXA1,MEF,Forkhead
72,55,1,1.58089716931538,ADCY5,USF2,MEF,bHLH
323,46,1,1.57648450507266,C1GALT1,RFX5,MEF,HTH
473,60,0,-1.72477055854409,CDCA2,ZNF263,LMC,Zf
1604,60,0,-1.61525516257448,KNSTRN,ZNF263,LMC,Zf
2718,42,0,-1.30847044035983,SLC26A10,NRF1,LMC,NRF
471,34,1,-1.23221280378284,CDC6,MAFK,MEF,bZIP
2021,25,1,-1.09798854940686,NPAS4,GATA1,MEF,Zf
2853,17,1,-3.39538592314641,SRGN,ETS1,MEF,ETS
1212,36,1,-1.13743705734074,GNA15,MAZ,MEF,Zf
3053,6,0,2.99603149630892,TNF,BHLHE40,LMC,bHLH
2841,14,1,1.40144437118028,SPOCK2,ELF1,MEF,ETS
906,43,1,-1.12533092416643,EPHA4,PAX5,MEF,"Paired,Homeobox"
963,7,1,-2.0774254545086,FAM105A,CTCF,MEF,Zf
2502,34,0,-1.53561175560559,RHOF,MAFK,LMC,bZIP
556,11,1,-1.31285877421793,CHSY3,E2F6,MEF,E2F
3041,51,1,1.58911639566817,TMEM45A,TCF12,MEF,bHLH
856,3,0,-1.15119532089597,EFCAB11,BACH1,LMC,bZIP
2658,8,1,-2.88909226113325,SHC2,CUX1,MEF,Homeobox
2817,54,0,1.65282560274896,SP140,USF1,LMC,bHLH
623,36,0,-1.19753259376575,COL7A1,MAZ,LMC,Zf
1766,24,1,-1.50423007029401,MAPK11,GABPA,MEF,ETS
3035,11,1,1.69106773428587,TMEM25,E2F6,MEF,E2F
3173,46,0,-2.17040762162805,UNC5C,RFX5,LMC,HTH
1953,8,0,1.92560310843449,NCF2,CUX1,LMC,Homeobox
3041,21,1,1.58911639566817,TMEM45A,FOXA1,MEF,Forkhead
559,13,1,1.50331356600909,CILP2,EGR1,MEF,Zf
821,52,1,-1.13824406119575,DTX4,TCF3,MEF,HMG
631,20,1,-1.04533746512875,CORO1C,FOSL2,MEF,bZIP
2737,42,1,-1.3563199355879,SLC37A2,NRF1,MEF,NRF
1340,32,0,-1.68692943375859,HLF,JUND,LMC,bZIP
714,60,1,5.83611476013381,CYP1A1,ZNF263,MEF,Zf
579,27,1,3.342796992011,CLIP4,GATA3,MEF,Zf
871,47,0,1.23036636468725,EGR1,SP1,LMC,Zf
1555,36,0,-2.8231845102634,KCNMB1,MAZ,LMC,Zf
1401,33,1,1.38533707225827,HSPB6,MAFF,MEF,bZIP
1838,56,1,1.00684294020748,MLLT3,YY1,MEF,Zf
881,51,0,-5.37380625633064,ELN,TCF12,LMC,bHLH
2915,54,1,1.25087463513992,SYNPO,USF1,MEF,bHLH
299,34,1,4.14806575686464,BMP4,MAFK,MEF,bZIP
1669,57,1,-2.03337449621201,LMNB1,ZBTB33,MEF,Zf
963,32,0,1.37994791995384,FAM105A,JUND,LMC,bZIP
3114,48,1,-3.24269386734528,TROAP,SP2,MEF,Zf
1474,6,1,1.58552456677636,IQUB,BHLHE40,MEF,bHLH
1530,56,1,-1.78300388098409,KCNAB2,YY1,MEF,Zf
1323,43,1,-1.27285316107792,HEG1,PAX5,MEF,"Paired,Homeobox"
1245,36,0,1.73666532474954,GPR157,MAZ,LMC,Zf
2469,58,1,1.32088042919049,RBM11,ZEB1,MEF,Zf
78,3,0,-1.84533616269219,ADM,BACH1,LMC,bZIP
2400,60,1,1.03281487661586,PXDC1,ZNF263,MEF,Zf
2462,17,0,1.1221546547737,RASSF2,ETS1,LMC,ETS
1490,50,1,1.27075279553544,ITGA3,STAT3,MEF,Stat
1812,12,1,-1.08338641753494,METRNL,EBF1,MEF,EBF
3111,18,1,-2.16167846771077,TRIP13,FLI1,MEF,ETS
517,24,0,-1.36881504159307,CENPN,GABPA,LMC,ETS
1562,3,0,-1.33389002552835,KCTD8,BACH1,LMC,bZIP
2046,14,0,-1.04113644878378,NT5C3B,ELF1,LMC,ETS
210,42,1,-1.03621188563536,ARRB1,NRF1,MEF,NRF
59,11,0,-1.31058200156496,ADAMTS2,E2F6,LMC,E2F
540,34,1,-1.27554944125757,CHD3,MAFK,MEF,bZIP
2740,19,0,2.6537829885207,SLC39A12,FOS,LMC,bZIP
683,46,0,1.6376764867435,CTSB,RFX5,LMC,HTH
2709,34,1,1.18981073501354,SLC22A18,MAFK,MEF,bZIP
1752,13,1,-1.28798152001015,MAN2A1,EGR1,MEF,Zf
560,44,0,-1.2462805140556,CIT,PBX3,LMC,Homeobox
1564,14,1,-8.80720381763035,KDM5D,ELF1,MEF,ETS
2667,54,0,1.04414857559594,SHROOM2,USF1,LMC,bHLH
1435,17,0,2.724260975043,IL10,ETS1,LMC,ETS
794,55,0,1.90155186196009,DOCK2,USF2,LMC,bHLH
2828,36,1,-1.31206755500198,SPDL1,MAZ,MEF,Zf
163,3,0,1.78850919736713,APLP1,BACH1,LMC,bZIP
2815,23,0,1.37221217618403,SP100,FOXM1,LMC,Forkhead
1519,47,1,2.76336315668117,KANK4,SP1,MEF,Zf
2574,18,1,-2.47219502126742,SAPCD2,FLI1,MEF,ETS
656,40,1,1.25395855551056,CRLF1,MYOG,MEF,bHLH
1506,42,0,1.17759645335527,ITPR1,NRF1,LMC,NRF
474,36,0,-1.32494426025513,CDCA3,MAZ,LMC,Zf
1799,46,0,-3.42838043876164,MECOM,RFX5,LMC,HTH
455,13,0,2.6942826782236,CD69,EGR1,LMC,Zf
672,34,0,-1.49505915276106,CSRP1,MAFK,LMC,bZIP
1386,34,1,-6.01464127600366,HPGDS,MAFK,MEF,bZIP
982,31,1,1.9927673408171,FAM184A,IRF4,MEF,IRF
709,36,1,-1.66905437630875,CYBA,MAZ,MEF,Zf
1671,47,1,-4.97271807661149,LMO2,SP1,MEF,Zf
1630,60,1,2.00068240935345,LCN2,ZNF263,MEF,Zf
103,27,1,-1.39215846325659,AKAP12,GATA3,MEF,Zf
3227,11,1,1.26993965517135,WNT11,E2F6,MEF,E2F
2850,12,1,1.15748359100971,SQRDL,EBF1,MEF,EBF
169,20,1,-4.85068676771273,APOE,FOSL2,MEF,bZIP
2349,17,0,-1.15565361783334,PRRT2,ETS1,LMC,ETS
1026,34,0,-1.78999137298021,FBLN7,MAFK,LMC,bZIP
2296,55,0,2.27815777289696,POU2F2,USF2,LMC,bHLH
2657,35,1,-1.44308118184987,SHANK3,MAX,MEF,bHLH
2992,10,0,-1.59620965406724,TLE2,E2F4,LMC,E2F
772,40,1,2.07030753564473,DMP1,MYOG,MEF,bHLH
3258,59,1,-1.44945424108124,ZFYVE28,ZKSCAN1,MEF,Zf
2763,13,1,-1.53388752706097,SLC9A5,EGR1,MEF,Zf
2904,58,1,1.50654859946233,SV2B,ZEB1,MEF,Zf
1571,57,1,-2.07809907277535,KIF20B,ZBTB33,MEF,Zf
1978,49,1,-1.51596673113993,NEURL3,STAT1,MEF,Stat
3099,9,1,-1.4419627390171,TRERF1,E2F1,MEF,E2F
2542,8,0,-1.54415963122133,RRM2,CUX1,LMC,Homeobox
734,36,1,-1.08456438928809,DCTD,MAZ,MEF,Zf
329,6,0,-2.28989215593683,C1QTNF6,BHLHE40,LMC,bHLH
827,26,0,1.31630430034092,DUSP6,GATA2,LMC,Zf
857,38,1,1.30242094322822,EFCAB2,MEF2C,MEF,MADS
2230,35,0,1.79197987806405,PLA2G7,MAX,LMC,bHLH
2324,35,0,-1.08241107682554,PRCP,MAX,LMC,bHLH
452,60,1,1.10534625992499,CD55,ZNF263,MEF,Zf
1329,24,0,1.74478021809502,HHEX,GABPA,LMC,ETS
62,30,1,-1.74379178598136,ADAMTS6,IRF3,MEF,IRF
1488,59,1,-2.7365434967349,ITGA11,ZKSCAN1,MEF,Zf
247,43,0,1.05206045472128,ATP8A1,PAX5,LMC,"Paired,Homeobox"
49,42,1,1.42794390523383,ADAM22,NRF1,MEF,NRF
283,7,0,1.28844328309751,BEND4,CTCF,LMC,Zf
1900,29,1,-2.16305225779513,MXD3,IRF1,MEF,IRF
108,53,1,1.07862740724675,ALCAM,TEAD4,MEF,TEA
407,27,1,1.03514271363307,CCDC90B,GATA3,MEF,Zf
2518,21,0,1.12192132751903,RNF144B,FOXA1,LMC,Forkhead
2890,52,0,1.34205810402861,STON2,TCF3,LMC,HMG
31,50,1,-1.0644913970013,ACOT7,STAT3,MEF,Stat
2170,35,0,1.23321774034349,PDE7B,MAX,LMC,bHLH
518,4,1,-1.46993038048477,CENPP,BATF,MEF,bZIP
2583,14,0,-2.5472687417079,SCML2,ELF1,LMC,ETS
1245,32,0,1.73666532474954,GPR157,JUND,LMC,bZIP
256,60,1,-3.7848722992205,B3GNT3,ZNF263,MEF,Zf
1592,29,1,3.37424913401424,KLHDC7A,IRF1,MEF,IRF
181,60,1,-2.885756251564,ARHGAP19,ZNF263,MEF,Zf
516,60,0,-1.77252367309002,CENPM,ZNF263,LMC,Zf
552,42,0,-1.16553357551869,CHST15,NRF1,LMC,NRF
1014,56,0,1.44493122160936,FAM84B,YY1,LMC,Zf
966,32,1,-2.12873128121721,FAM111A,JUND,MEF,bZIP
2059,14,1,-1.39551638307531,NUP210L,ELF1,MEF,ETS
1569,48,0,-1.70112877149519,KIF18B,SP2,LMC,Zf
1120,3,0,-1.0065273107784,FSTL1,BACH1,LMC,bZIP
202,8,1,1.01188481943622,ARID5A,CUX1,MEF,Homeobox
1723,35,1,-2.55573502478154,LTC4S,MAX,MEF,bHLH
1625,28,1,2.40355499341245,LARS2,HNF4A,MEF,NR
645,1,0,2.6611503079023,CRABP2,ATF2,LMC,bZIP
512,7,1,-2.39804093947349,CENPF,CTCF,MEF,Zf
1245,15,0,1.73666532474954,GPR157,ELK1,LMC,ETS
820,36,1,1.49893410721043,DTX1,MAZ,MEF,Zf
3018,24,1,-3.1052722091021,TMEM156,GABPA,MEF,ETS
1331,3,1,-1.0853990457524,HHIPL1,BACH1,MEF,bZIP
1437,20,0,2.5909647487906,IL11,FOSL2,LMC,bZIP
763,55,0,2.43770043152872,DLG2,USF2,LMC,bHLH
1587,60,0,-4.44258898345232,KIT,ZNF263,LMC,Zf
3123,36,1,-1.16963226220387,TSHZ3,MAZ,MEF,Zf
1490,49,1,1.27075279553544,ITGA3,STAT1,MEF,Stat
155,47,1,-1.03625605862877,AP1G2,SP1,MEF,Zf
889,8,1,-1.11038645323703,EMX2OS,CUX1,MEF,Homeobox
381,23,1,1.13944539082864,CCDC103,FOXM1,MEF,Forkhead
1605,60,1,-3.40072407726665,KNTC1,ZNF263,MEF,Zf
1730,12,0,2.2809729198419,LYL1,EBF1,LMC,EBF
469,54,0,-1.08880876245464,CDC42EP4,USF1,LMC,bHLH
1391,36,1,1.25878429586972,HS3ST6,MAZ,MEF,Zf
624,49,0,1.14347278913076,COL8A2,STAT1,LMC,Stat
2126,16,0,-1.97498954069546,PARPBP,ELK4,LMC,ETS
708,12,1,3.07980552831559,CYB5R2,EBF1,MEF,EBF
2904,55,1,1.50654859946233,SV2B,USF2,MEF,bHLH
101,30,1,-2.3698435360429,AIM2,IRF3,MEF,IRF
2134,53,1,2.39317795527181,PCDH10,TEAD4,MEF,TEA
2555,6,1,2.01391263556961,RUNDC3B,BHLHE40,MEF,bHLH
818,54,0,-1.41724630665825,DTL,USF1,LMC,bHLH
203,26,0,1.8472986595784,ARL11,GATA2,LMC,Zf
1976,34,1,1.28300620910815,NET1,MAFK,MEF,bZIP
30,11,0,1.62716198902984,ACOT4,E2F6,LMC,E2F
2574,15,1,-2.47219502126742,SAPCD2,ELK1,MEF,ETS
421,15,1,-3.46951667804334,CCNB1,ELK1,MEF,ETS
1665,60,0,1.4596415262887,LIPA,ZNF263,LMC,Zf
202,12,1,1.01188481943622,ARID5A,EBF1,MEF,EBF
1995,35,1,-1.79862701384107,NKAIN3,MAX,MEF,bHLH
596,24,0,-1.48625142423347,CNN2,GABPA,LMC,ETS
706,8,1,1.17172577203364,CXXC5,CUX1,MEF,Homeobox
430,43,0,2.2504575290091,CCR5,PAX5,LMC,"Paired,Homeobox"
2800,35,1,-1.09658233253047,SOAT1,MAX,MEF,bHLH
1620,23,1,-1.28789219699444,LAMC1,FOXM1,MEF,Forkhead
2759,47,1,2.50758030689144,SLC8A2,SP1,MEF,Zf
2451,25,0,-1.70961630127587,RARRES1,GATA1,LMC,Zf
1812,2,1,-1.08338641753494,METRNL,ATF3,MEF,bZIP
691,49,1,-8.87138915416804,CTSS,STAT1,MEF,Stat
2866,24,1,-1.38623277865563,ST8SIA2,GABPA,MEF,ETS
2988,50,1,2.47016823813231,TIPARP,STAT3,MEF,Stat
1230,35,0,-2.89184454318421,GPER1,MAX,LMC,bHLH
1145,58,0,2.0527973309061,GALNT6,ZEB1,LMC,Zf
2204,28,1,-1.15295204263613,PHLPP1,HNF4A,MEF,NR
57,46,1,-3.23525709952468,ADAMTS14,RFX5,MEF,HTH
1190,32,1,-1.62132130743513,GINS1,JUND,MEF,bZIP
1945,35,0,-1.0440216996238,NCAM2,MAX,LMC,bHLH
2013,14,0,-2.48424313020357,NOL4,ELF1,LMC,ETS
598,22,0,-2.03014294484771,CNR1,FOXA2,LMC,Forkhead
722,54,1,2.46228811504663,CYTIP,USF1,MEF,bHLH
1330,53,1,1.58427009070658,HHIP,TEAD4,MEF,TEA
2523,32,0,-1.17127768993016,RNF207,JUND,LMC,bZIP
3197,56,0,2.62564068851822,VILL,YY1,LMC,Zf
490,7,1,-1.01868372437041,CDK2,CTCF,MEF,Zf
1586,15,0,-1.05305185057136,KISS1R,ELK1,LMC,ETS
516,13,1,-2.19308549025505,CENPM,EGR1,MEF,Zf
1220,43,1,-1.25213097152053,GOLM1,PAX5,MEF,"Paired,Homeobox"
3222,44,0,-3.27724887259077,WISP2,PBX3,LMC,Homeobox
683,54,0,1.6376764867435,CTSB,USF1,LMC,bHLH
1948,24,1,-2.19289973216985,NCAPG2,GABPA,MEF,ETS
2413,55,0,1.25384032758568,RAB20,USF2,LMC,bHLH
861,35,1,-1.62049056402303,EFHD2,MAX,MEF,bHLH
2290,6,0,-1.59233149150338,POLE,BHLHE40,LMC,bHLH
1859,46,1,-1.03444671893022,MNS1,RFX5,MEF,HTH
1318,7,1,3.22517209194913,HCN1,CTCF,MEF,Zf
1575,54,1,1.03299861527499,KIF26A,USF1,MEF,bHLH
564,56,1,2.34923091228142,CKMT2,YY1,MEF,Zf
3074,3,1,1.9111052509538,TNS4,BACH1,MEF,bZIP
2319,34,0,1.40689826891163,PPP1R9A,MAFK,LMC,bZIP
2436,19,1,-1.79053346769838,RAD54L,FOS,MEF,bZIP
653,46,1,1.80998111218053,CRISP2,RFX5,MEF,HTH
1734,43,1,1.03962783655705,LYRM7,PAX5,MEF,"Paired,Homeobox"
662,21,1,3.51310919146917,CRYM,FOXA1,MEF,Forkhead
2841,35,0,1.74875097098593,SPOCK2,MAX,LMC,bHLH
1945,6,1,2.03588974200988,NCAM2,BHLHE40,MEF,bHLH
1932,12,0,1.71830105384146,MYRF,EBF1,LMC,EBF
142,46,1,-1.0540168366728,ANKRD37,RFX5,MEF,HTH
2658,0,0,-1.94369760762951,SHC2,ATF1,LMC,bZIP
1284,60,1,1.66105199650587,GRIK5,ZNF263,MEF,Zf
1154,44,1,1.83281518322755,GATA3,PBX3,MEF,Homeobox
1774,8,1,-1.09348783625439,MAST3,CUX1,MEF,Homeobox
2718,25,0,-1.30847044035983,SLC26A10,GATA1,LMC,Zf
1435,19,0,2.724260975043,IL10,FOS,LMC,bZIP
1584,56,1,-1.28005579183346,KIRREL,YY1,MEF,Zf
2155,36,0,-2.47708326135664,PCOLCE,MAZ,LMC,Zf
1670,34,0,-2.10180405037591,LMO1,MAFK,LMC,bZIP
2210,55,1,-7.7534783220077,PIK3AP1,USF2,MEF,bHLH
61,8,1,-2.36338946514307,ADAMTS4,CUX1,MEF,Homeobox
2908,7,0,2.15018091102076,SYCP3,CTCF,LMC,Zf
278,14,0,-2.49068744677869,BCL11A,ELF1,LMC,ETS
1807,47,1,-1.82030516240533,MEIS1,SP1,MEF,Zf
1668,20,1,3.05412965320593,LMCD1,FOSL2,MEF,bZIP
918,3,1,1.76533193075129,ERG,BACH1,MEF,bZIP
3262,15,1,1.04649386544777,ZMYND12,ELK1,MEF,ETS
2431,17,1,-1.67508726212781,RAD51,ETS1,MEF,ETS
2476,11,1,1.73720161916413,RCAN1,E2F6,MEF,E2F
3152,53,0,-1.21560557967585,TVP23A,TEAD4,LMC,TEA
280,27,1,-1.11309358236636,BCL2L11,GATA3,MEF,Zf
2945,6,1,1.66126154635775,TCEAL3,BHLHE40,MEF,bHLH
331,24,1,-2.69422997780496,C2CD4C,GABPA,MEF,ETS
3088,22,0,-1.33850392831304,TPX2,FOXA2,LMC,Forkhead
2507,60,1,1.46211095668612,RIC3,ZNF263,MEF,Zf
2886,21,1,1.35412699954028,STK38L,FOXA1,MEF,Forkhead
2252,24,1,1.3349193608367,PLEKHH2,GABPA,MEF,ETS
1002,44,0,-1.07799221381173,FAM57A,PBX3,LMC,Homeobox
2583,35,0,-2.5472687417079,SCML2,MAX,LMC,bHLH
760,51,0,-1.15099323210025,DKK3,TCF12,LMC,bHLH
517,40,1,-2.11372772987596,CENPN,MYOG,MEF,bHLH
1954,46,1,-6.8574630086637,NCF4,RFX5,MEF,HTH
2556,13,0,-1.45797176559289,RUNX1T1,EGR1,LMC,Zf
311,17,1,-1.15853737122107,BRIP1,ETS1,MEF,ETS
3231,53,0,-1.04138037568987,WNT5A,TEAD4,LMC,TEA
2572,42,1,1.24918446806687,SAP18,NRF1,MEF,NRF
1422,51,1,2.42702045808045,IGFBP4,TCF12,MEF,bHLH
2306,56,0,-1.30889055275559,PPFIA2,YY1,LMC,Zf
258,51,0,1.94479711510852,B3GNT7,TCF12,LMC,bHLH
959,7,0,2.07575774029491,FADS6,CTCF,LMC,Zf
2374,44,0,-1.66906907316848,PTGFR,PBX3,LMC,Homeobox
2498,60,0,-1.3528609573943,RGS9BP,ZNF263,LMC,Zf
566,60,0,-1.1170682511222,CKS2,ZNF263,LMC,Zf
1178,27,0,-1.42420978182455,GEN1,GATA3,LMC,Zf
3169,34,0,1.19459241376061,UNC13B,MAFK,LMC,bZIP
1486,52,1,-1.13969524110321,ISYNA1,TCF3,MEF,HMG
2057,41,0,-2.07327400721528,NUF2,NANOG,LMC,Homeobox
1162,47,1,1.53185787847727,GCA,SP1,MEF,Zf
3008,35,0,1.79119876528083,TMEM108,MAX,LMC,bHLH
2243,8,1,-6.52649558262821,PLD4,CUX1,MEF,Homeobox
2428,27,1,2.20780096542108,RAB9B,GATA3,MEF,Zf
2833,1,0,2.04473439363982,SPI1,ATF2,LMC,bZIP
2214,50,1,-3.02407127656222,PIK3R5,STAT3,MEF,Stat
286,51,0,-1.6433271259986,BEST1,TCF12,LMC,bHLH
1061,55,1,1.05988734644102,FGFR3,USF2,MEF,bHLH
1934,14,0,-1.68411930253903,NAALADL1,ELF1,LMC,ETS
73,54,0,1.61073424902251,ADCY7,USF1,LMC,bHLH
1810,34,1,1.20535835614864,MESP2,MAFK,MEF,bZIP
1335,8,1,1.04156670706997,HIST1H1C,CUX1,MEF,Homeobox
1745,59,0,2.6302950683987,MAK,ZKSCAN1,LMC,Zf
2468,0,0,1.15511136373488,RBKS,ATF1,LMC,bZIP
15,13,0,1.12498979792279,ABHD12,EGR1,LMC,Zf
988,14,1,1.57124127789086,FAM19A3,ELF1,MEF,ETS
593,14,1,2.74099485741018,CNKSR1,ELF1,MEF,ETS
3076,33,1,1.28085910518458,TOB1,MAFF,MEF,bZIP
2929,32,1,-1.40887334898261,TACC3,JUND,MEF,bZIP
2339,17,1,1.18282904764798,PROCR,ETS1,MEF,ETS
2735,59,0,2.22677538794117,SLC35F3,ZKSCAN1,LMC,Zf
392,23,1,-1.85537400363895,CCDC18,FOXM1,MEF,Forkhead
1582,3,1,1.09834515514093,KIF9,BACH1,MEF,bZIP
1743,50,0,1.2423560260099,MAF,STAT3,LMC,Stat
1247,14,1,-1.05420492702211,GPR161,ELF1,MEF,ETS
1677,12,0,1.93561996630926,LONRF3,EBF1,LMC,EBF
2650,25,0,-1.41611481325977,SH3GL3,GATA1,LMC,Zf
1136,6,1,1.55299170719109,GAL3ST1,BHLHE40,MEF,bHLH
861,17,1,-1.62049056402303,EFHD2,ETS1,MEF,ETS
1285,53,0,-1.73109418771401,GRIN1,TEAD4,LMC,TEA
272,33,1,-1.06922081449246,BAZ1A,MAFF,MEF,bZIP
856,54,0,-1.15119532089597,EFCAB11,USF1,LMC,bHLH
937,21,1,1.42767641384569,EXOC3,FOXA1,MEF,Forkhead
336,12,1,1.16696244426801,CABLES1,EBF1,MEF,EBF
38,32,0,-2.4281115859131,ACTA2,JUND,LMC,bZIP
1347,48,1,-2.24742323046206,HMMR,SP2,MEF,Zf
3004,21,1,1.36614656772633,TMBIM4,FOXA1,MEF,Forkhead
1566,24,1,-2.45701413877743,KIF11,GABPA,MEF,ETS
3015,17,1,1.14577317140574,TMEM140,ETS1,MEF,ETS
1852,34,0,2.43806077923464,MMP24,MAFK,LMC,bZIP
2058,1,0,1.25231194291045,NUP210,ATF2,LMC,bZIP
2310,7,0,1.06332349402657,PPM1E,CTCF,LMC,Zf
631,5,1,-1.04533746512875,CORO1C,BCL11A,MEF,Zf
857,42,1,1.30242094322822,EFCAB2,NRF1,MEF,NRF
24,51,1,2.15532876906198,ACE,TCF12,MEF,bHLH
2845,31,0,-1.12860791435859,SPRY1,IRF4,LMC,IRF
833,25,1,1.3486774228937,DZANK1,GATA1,MEF,Zf
1832,20,1,-1.58814570551157,MIS18BP1,FOSL2,MEF,bZIP
1957,11,1,-2.61766850781226,NDC80,E2F6,MEF,E2F
1675,10,1,1.4106392261015,LNX1,E2F4,MEF,E2F
2815,1,1,-2.19314508406099,SP100,ATF2,MEF,bZIP
708,3,1,3.07980552831559,CYB5R2,BACH1,MEF,bZIP
3166,7,1,2.11848175670413,UGP2,CTCF,MEF,Zf
2909,21,1,-1.84903949883014,SYK,FOXA1,MEF,Forkhead
3056,14,1,-5.5076948580677,TNFAIP8L2,ELF1,MEF,ETS
2507,46,1,1.46211095668612,RIC3,RFX5,MEF,HTH
3040,3,0,-1.15867301067613,TMEM38A,BACH1,LMC,bZIP
1182,50,0,1.17625315120143,GGCT,STAT3,LMC,Stat
3224,3,0,-1.2723089681888,WNK4,BACH1,LMC,bZIP
305,50,0,-1.74410154419334,BMPR1B,STAT3,LMC,Stat
2540,15,1,2.25659279898351,RRAGB,ELK1,MEF,ETS
560,44,1,-2.94547441181437,CIT,PBX3,MEF,Homeobox
77,6,1,-1.01112130167356,ADHFE1,BHLHE40,MEF,bHLH
2018,23,1,3.27657972227678,NOTUM,FOXM1,MEF,Forkhead
1253,17,1,1.47966170189007,GPR3,ETS1,MEF,ETS
2092,20,0,1.14671967907741,OSGIN1,FOSL2,LMC,bZIP
69,60,0,-1.69976265055209,ADARB1,ZNF263,LMC,Zf
2920,40,1,2.08463741083142,SYT7,MYOG,MEF,bHLH
2251,3,1,-3.01621344836119,PLEKHG4,BACH1,MEF,bZIP
651,3,0,3.87618193649462,CRHBP,BACH1,LMC,bZIP
1970,8,1,-2.2655962110482,NEK2,CUX1,MEF,Homeobox
3078,59,1,-2.8886465852491,TOP2A,ZKSCAN1,MEF,Zf
820,25,0,-2.00476332232204,DTX1,GATA1,LMC,Zf
2967,33,0,1.18376831365094,TFR2,MAFF,LMC,bZIP
2854,52,0,-1.21770463400204,SRL,TCF3,LMC,HMG
2937,53,1,1.50150751434557,TBC1D8,TEAD4,MEF,TEA
2502,4,0,-1.53561175560559,RHOF,BATF,LMC,bZIP
2939,10,1,2.29904675934665,TBX2,E2F4,MEF,E2F
2225,35,1,-1.5969306941367,PKNOX2,MAX,MEF,bHLH
1307,41,0,-1.36464889595292,H1FX,NANOG,LMC,Homeobox
1231,42,0,1.52548169923708,GPM6A,NRF1,LMC,NRF
449,49,1,-8.10996807721768,CD48,STAT1,MEF,Stat
998,13,0,-1.495435769864,FAM46B,EGR1,LMC,Zf
1349,43,1,-1.13007346811403,HN1,PAX5,MEF,"Paired,Homeobox"
2329,19,0,-1.50059784850385,PRELID2,FOS,LMC,bZIP
857,38,1,1.30242094322822,EFCAB2,MEF2C,MEF,MADS
640,51,1,2.11611963339668,CPNE7,TCF12,MEF,bHLH
1580,29,1,1.73758195883596,KIF5C,IRF1,MEF,IRF
2521,3,0,1.85579554891979,RNF180,BACH1,LMC,bZIP
1574,35,1,-2.47502725547592,KIF23,MAX,MEF,bHLH
2840,19,1,-2.37049912905105,SPOCD1,FOS,MEF,bZIP
1744,23,0,1.61605159328595,MAFB,FOXM1,LMC,Forkhead
1337,13,1,1.9967466068813,HIST2H2AC,EGR1,MEF,Zf
1411,35,1,-1.6255397687459,IDH2,MAX,MEF,bHLH
2897,36,0,-1.10735214005157,STYK1,MAZ,LMC,Zf
29,11,1,-1.44100672629891,ACOT1,E2F6,MEF,E2F
1783,14,0,-2.61767842709454,MCAM,ELF1,LMC,ETS
652,36,0,1.38975973373905,CRIP1,MAZ,LMC,Zf
1395,40,1,1.04373265354892,HSD17B1,MYOG,MEF,bHLH
2881,42,1,-1.77045279019706,STIL,NRF1,MEF,NRF
1421,7,1,-1.30620556259726,IGF2BP3,CTCF,MEF,Zf
1263,50,1,-1.33342975783313,GPR84,STAT3,MEF,Stat
525,12,0,-1.50796370389008,CEP55,EBF1,LMC,EBF
2840,15,1,-2.37049912905105,SPOCD1,ELK1,MEF,ETS
2605,35,1,-5.12463925075724,SELPLG,MAX,MEF,bHLH
1446,0,0,1.17277834852757,IL18RAP,ATF1,LMC,bZIP
217,20,1,2.41612042798001,ART4,FOSL2,MEF,bZIP
341,11,1,1.75922937474222,CACNA1H,E2F6,MEF,E2F
2088,53,0,-1.41192018602602,OPN3,TEAD4,LMC,TEA
1279,36,1,1.2815939015013,GRIA2,MAZ,MEF,Zf
477,6,1,-1.43968116149163,CDCA7L,BHLHE40,MEF,bHLH
2991,6,0,-1.39196377773408,TLCD1,BHLHE40,LMC,bHLH
2155,13,0,-2.47708326135664,PCOLCE,EGR1,LMC,Zf
1075,34,1,-1.51378545844316,FLI1,MAFK,MEF,bZIP
1075,36,0,1.70639394167543,FLI1,MAZ,LMC,Zf
1600,50,1,1.56969787708839,KLHL8,STAT3,MEF,Stat
454,3,1,-5.47756028778316,CD68,BACH1,MEF,bZIP
759,56,0,-1.00993525857208,DIXDC1,YY1,LMC,Zf
927,32,1,1.40396646353209,ESYT3,JUND,MEF,bZIP
1730,12,1,-4.43367583493052,LYL1,EBF1,MEF,EBF
597,54,1,2.28671545640635,CNNM1,USF1,MEF,bHLH
2332,13,0,-1.45158178749255,PRIM1,EGR1,LMC,Zf
2452,50,0,1.99174899636394,RASAL3,STAT3,LMC,Stat
2588,50,1,1.60874673887536,SCN3B,STAT3,MEF,Stat
181,19,1,-2.885756251564,ARHGAP19,FOS,MEF,bZIP
1158,27,0,-1.36462799317049,GATSL3,GATA3,LMC,Zf
1625,50,1,2.40355499341245,LARS2,STAT3,MEF,Stat
2193,32,1,-1.05049937086952,PFKL,JUND,MEF,bZIP
928,3,1,3.38236921246773,ETNPPL,BACH1,MEF,bZIP
126,55,0,2.11977913570726,AMDHD1,USF2,LMC,bHLH
2911,17,0,1.17809138778285,SYNE2,ETS1,LMC,ETS
1377,26,0,2.41891822606775,HOXD1,GATA2,LMC,Zf
3028,40,1,-1.00655022948688,TMEM191C,MYOG,MEF,bHLH
1859,51,1,-1.03444671893022,MNS1,TCF12,MEF,bHLH
2765,22,1,-1.43101148114046,SLC9B2,FOXA2,MEF,Forkhead
3196,29,0,1.2710275457951,VGF,IRF1,LMC,IRF
511,15,1,-2.78967392596139,CENPE,ELK1,MEF,ETS
3225,34,1,5.45899308497482,WNT10A,MAFK,MEF,bZIP
242,55,1,-1.74134372328352,ATP2A3,USF2,MEF,bHLH
1991,60,0,-1.19310953918072,NIM1K,ZNF263,LMC,Zf
1015,7,1,-2.36954301173742,FANCA,CTCF,MEF,Zf
2449,7,1,2.09975394942392,RARB,CTCF,MEF,Zf
278,36,1,1.00590719166316,BCL11A,MAZ,MEF,Zf
1876,53,1,-1.27897559646507,MRPS6,TEAD4,MEF,TEA
3059,35,0,-1.11813283267648,TNFRSF11B,MAX,LMC,bHLH
1016,10,1,-1.82219618288015,FANCD2,E2F4,MEF,E2F
2726,8,0,1.94893923934692,SLC2A3,CUX1,LMC,Homeobox
1355,41,1,4.28285138666841,HOXA10,NANOG,MEF,Homeobox
899,50,0,1.17643647919263,ENPP4,STAT3,LMC,Stat
1015,0,1,-2.36954301173742,FANCA,ATF1,MEF,bZIP
3138,40,1,1.12412811035679,TTLL11,MYOG,MEF,bHLH
2103,19,0,2.83205761056503,P2RY13,FOS,LMC,bZIP
2443,42,0,-1.16745530392241,RANBP17,NRF1,LMC,NRF
2292,44,0,-1.05291940990179,POLQ,PBX3,LMC,Homeobox
58,36,1,-1.67805893584247,ADAMTS16,MAZ,MEF,Zf
1848,20,1,1.58920096300279,MMP15,FOSL2,MEF,bZIP
467,14,0,-1.81097196316204,CDC25C,ELF1,LMC,ETS
1749,19,0,1.29819212211471,MAMDC2,FOS,LMC,bZIP
147,7,1,-3.70854942135394,ANPEP,CTCF,MEF,Zf
2325,50,1,-1.04548300293303,PRDM1,STAT3,MEF,Stat
2518,33,0,1.12192132751903,RNF144B,MAFF,LMC,bZIP
2917,54,1,-2.23093925047887,SYT1,USF1,MEF,bHLH
1039,24,1,1.10821046471605,FBXO7,GABPA,MEF,ETS
1751,21,0,1.2574581791148,MAN1C1,FOXA1,LMC,Forkhead
631,37,1,-1.04533746512875,CORO1C,MEF2A,MEF,MADS
1884,14,1,-1.01986887113406,MSRA,ELF1,MEF,ETS
2808,35,1,6.42016780086898,SOX10,MAX,MEF,bHLH
1238,47,1,1.29241954225617,GPR126,SP1,MEF,Zf
1669,23,1,-2.03337449621201,LMNB1,FOXM1,MEF,Forkhead
2319,15,0,1.40689826891163,PPP1R9A,ELK1,LMC,ETS
1186,46,0,2.09956808965161,GGT5,RFX5,LMC,HTH
2465,51,0,1.98413164369594,RASSF9,TCF12,LMC,bHLH
1872,36,0,-1.77286048638889,MRC2,MAZ,LMC,Zf
2866,56,0,-3.45472894499849,ST8SIA2,YY1,LMC,Zf
2641,52,0,-1.30244599015757,SGOL2,TCF3,LMC,HMG
253,7,1,-1.49332363548722,AXDND1,CTCF,MEF,Zf
737,53,0,1.09491580192298,DDC,TEAD4,LMC,TEA
1399,16,0,1.22127784545729,HSPB1,ELK4,LMC,ETS
2354,55,1,2.68091060085113,PRSS35,USF2,MEF,bHLH
2658,60,0,-1.94369760762951,SHC2,ZNF263,LMC,Zf
1015,8,0,-1.52207312984893,FANCA,CUX1,LMC,Homeobox
1001,49,1,-1.04671189629277,FAM49A,STAT1,MEF,Stat
1680,13,0,-2.52137855759845,LOXL4,EGR1,LMC,Zf
1035,56,0,-2.22203456792335,FBXO41,YY1,LMC,Zf
2363,0,1,-1.26461993773534,PSD4,ATF1,MEF,bZIP
2384,6,0,1.51789813509816,PTPN22,BHLHE40,LMC,bHLH
2921,12,0,1.48137164102884,SYT8,EBF1,LMC,EBF
1651,2,1,-2.28123871508051,LHX6,ATF3,MEF,bZIP
2548,42,1,1.5667648913633,RSPO3,NRF1,MEF,NRF
2223,19,0,2.42323666921668,PKIB,FOS,LMC,bZIP
899,36,0,1.17643647919263,ENPP4,MAZ,LMC,Zf
2767,7,0,-1.80961879206363,SLCO3A1,CTCF,LMC,Zf
2074,55,0,2.15190725480677,OCLN,USF2,LMC,bHLH
159,55,1,-1.38028441051787,APBB1IP,USF2,MEF,bHLH
3210,25,1,-4.29783476855954,WAS,GATA1,MEF,Zf
600,51,1,-1.02011348438515,CNRIP1,TCF12,MEF,bHLH
560,8,1,-2.94547441181437,CIT,CUX1,MEF,Homeobox
1900,46,0,-2.81354840009658,MXD3,RFX5,LMC,HTH
711,25,1,2.11217937635769,CYBRD1,GATA1,MEF,Zf
1191,44,0,-1.20418516225923,GINS2,PBX3,LMC,Homeobox
2716,17,0,1.26433755910849,SLC25A45,ETS1,LMC,ETS
3162,0,1,-1.57637625372954,UBE2T,ATF1,MEF,bZIP
467,20,1,-2.86453905767912,CDC25C,FOSL2,MEF,bZIP
685,3,0,1.40081145363371,CTSD,BACH1,LMC,bZIP
454,1,0,2.02419233042325,CD68,ATF2,LMC,bZIP
1628,60,0,-1.03193745565036,LBR,ZNF263,LMC,Zf
532,33,0,3.12385795441786,CFI,MAFF,LMC,bZIP
35,45,0,-1.09413388951588,ACSS2,PRDM1,LMC,Zf
2296,13,0,2.27815777289696,POU2F2,EGR1,LMC,Zf
3159,40,1,-1.17765017471385,UBASH3B,MYOG,MEF,bHLH
514,42,0,-1.48650253996053,CENPI,NRF1,LMC,NRF
414,49,0,2.27699369760861,CCL3,STAT1,LMC,Stat
1849,49,1,1.71130226931446,MMP16,STAT1,MEF,Stat
1631,27,0,1.88765751605467,LCP1,GATA3,LMC,Zf
1251,44,1,-2.53128771819303,GPR183,PBX3,MEF,Homeobox
982,46,1,1.9927673408171,FAM184A,RFX5,MEF,HTH
155,29,1,-1.03625605862877,AP1G2,IRF1,MEF,IRF
2727,46,0,-3.11197659189262,SLC2A4,RFX5,LMC,HTH
1955,30,1,-8.00620334637104,NCKAP1L,IRF3,MEF,IRF
2947,60,1,-1.63161036538641,TCF24,ZNF263,MEF,Zf
1978,52,0,1.1023682648514,NEURL3,TCF3,LMC,HMG
1021,35,0,-2.80287244127223,FAT4,MAX,LMC,bHLH
2882,2,0,1.37774982496442,STK10,ATF3,LMC,bZIP
2318,55,1,1.4274717173054,PPP1R42,USF2,MEF,bHLH
2182,13,0,-1.0654575350793,PDZD4,EGR1,LMC,Zf
2549,15,0,-2.05581505638442,RTKN2,ELK1,LMC,ETS
1478,56,1,-4.43611876756178,IRF8,YY1,MEF,Zf
2635,27,0,1.45465599806567,SGCA,GATA3,LMC,Zf
56,35,1,-1.60965307455151,ADAMTS12,MAX,MEF,bHLH
2480,46,0,-1.11512209530539,RDH12,RFX5,LMC,HTH
783,3,1,1.53234929353843,DNAH9,BACH1,MEF,bZIP
2876,36,1,-2.41808164248854,STARD9,MAZ,MEF,Zf
2270,21,1,-3.02899029193795,PLXDC1,FOXA1,MEF,Forkhead
454,53,1,-5.47756028778316,CD68,TEAD4,MEF,TEA
713,46,1,1.19144626408088,CYLD,RFX5,MEF,HTH
1345,36,0,1.8553451527435,HMGCS2,MAZ,LMC,Zf
428,7,0,1.8884736957855,CCR1,CTCF,LMC,Zf
0,30,1,4.02915234636074,A2M,IRF3,MEF,IRF
2583,35,1,-1.9243825304513,SCML2,MAX,MEF,bHLH
1398,3,1,1.08451053955341,HSPA4L,BACH1,MEF,bZIP
2865,43,1,2.039989378885,ST8SIA1,PAX5,MEF,"Paired,Homeobox"
2493,50,1,1.80859453586116,RGS17,STAT3,MEF,Stat
1292,44,0,1.18024367524871,GSDMD,PBX3,LMC,Homeobox
3123,27,1,-1.16963226220387,TSHZ3,GATA3,MEF,Zf
540,17,1,-1.27554944125757,CHD3,ETS1,MEF,ETS
751,49,1,3.26916636459788,DES,STAT1,MEF,Stat
2581,7,1,2.65899731180408,SCG5,CTCF,MEF,Zf
2432,19,1,-1.5926751107119,RAD51AP1,FOS,MEF,bZIP
1047,32,1,-4.65417614897977,FGD2,JUND,MEF,bZIP
2536,50,1,4.09881469049758,RPS27,STAT3,MEF,Stat
1456,10,1,2.07193000010416,IL31RA,E2F4,MEF,E2F
2499,28,1,1.45631292966095,RHBDL2,HNF4A,MEF,NR
2563,52,1,-1.74298734228457,S1PR1,TCF3,MEF,HMG
1881,27,1,1.05245446159028,MSI2,GATA3,MEF,Zf
428,46,1,-2.3161581512773,CCR1,RFX5,MEF,HTH
1165,19,1,1.90052374476274,GCLC,FOS,MEF,bZIP
1342,19,0,-1.34950448426659,HMGA2,FOS,LMC,bZIP
2970,15,1,1.23882960320647,TGFB2,ELK1,MEF,ETS
513,15,1,-1.61297653663404,CENPH,ELK1,MEF,ETS
2672,14,1,-2.39445509281192,SIPA1,ELF1,MEF,ETS
2184,13,1,-1.41509233844914,PDZRN3,EGR1,MEF,Zf
1024,56,1,-3.01491576767081,FBLN2,YY1,MEF,Zf
227,55,1,1.29701518686603,ASIC1,USF2,MEF,bHLH
2121,51,1,-1.20233983969651,PAQR4,TCF12,MEF,bHLH
3017,12,0,-1.65296530555716,TMEM151B,EBF1,LMC,EBF
705,52,1,1.96907516552775,CXXC4,TCF3,MEF,HMG
259,6,0,1.24295821941063,B3GNT8,BHLHE40,LMC,bHLH
2394,0,1,1.40802361804601,PTPRU,ATF1,MEF,bZIP
2630,42,0,-1.44351784351916,SETBP1,NRF1,LMC,NRF
3158,21,1,-1.42575660047968,UBA7,FOXA1,MEF,Forkhead
511,21,1,-2.78967392596139,CENPE,FOXA1,MEF,Forkhead
1614,51,1,-1.61904378831684,LAG3,TCF12,MEF,bHLH
3199,16,1,1.16338139694328,VKORC1,ELK4,MEF,ETS
258,7,1,-3.11290699183217,B3GNT7,CTCF,MEF,Zf
1865,10,1,1.14781830061223,MPC1,E2F4,MEF,E2F
196,46,0,2.16324056472796,ARHGEF37,RFX5,LMC,HTH
495,55,1,1.14494216247271,CDKN2B,USF2,MEF,bHLH
797,1,1,-1.86193635058118,DOK2,ATF2,MEF,bZIP
331,56,1,-2.69422997780496,C2CD4C,YY1,MEF,Zf
126,36,0,2.11977913570726,AMDHD1,MAZ,LMC,Zf
539,50,0,2.41186071695871,CHCHD10,STAT3,LMC,Stat
43,34,0,-1.04222778985069,ACY1,MAFK,LMC,bZIP
2766,26,0,2.08815946386601,SLCO2A1,GATA2,LMC,Zf
2031,50,1,1.6603360818878,NQO1,STAT3,MEF,Stat
2308,46,0,1.4764173769232,PPFIBP2,RFX5,LMC,HTH
1048,7,1,1.1360125176023,FGF1,CTCF,MEF,Zf
1632,36,0,2.38822577007914,LCP2,MAZ,LMC,Zf
2366,35,1,-1.40721476381322,PSTPIP1,MAX,MEF,bHLH
1720,24,0,-2.12555056976554,LTBP1,GABPA,LMC,ETS
2995,5,1,-2.069741018555,TLR1,BCL11A,MEF,Zf
23,16,0,-1.05465921556064,ACAT2,ELK4,LMC,ETS
2769,25,0,2.09820679159257,SLFN5,GATA1,LMC,Zf
1257,10,0,1.07836707927477,GPR39,E2F4,LMC,E2F
67,37,1,-3.9511164464879,ADAP1,MEF2A,MEF,MADS
2425,35,1,-2.0568919585118,RAB3IL1,MAX,MEF,bHLH
501,25,1,-1.54134144871183,CDT1,GATA1,MEF,Zf
1541,26,1,1.40906601405973,KCNH7,GATA2,MEF,Zf
2586,56,1,1.44990055505487,SCN1B,YY1,MEF,Zf
491,27,0,-1.18831365543526,CDK5R1,GATA3,LMC,Zf
552,24,0,-1.16553357551869,CHST15,GABPA,LMC,ETS
675,51,1,1.81665941367866,CST3,TCF12,MEF,bHLH
1491,50,1,-1.45307203272899,ITGA5,STAT3,MEF,Stat
523,15,1,-1.02774606611324,CENPW,ELK1,MEF,ETS
2796,32,1,1.64096455740239,SNTB1,JUND,MEF,bZIP
480,36,0,-1.80943237310509,CDH10,MAZ,LMC,Zf
3242,60,1,-1.42198307649673,XYLT1,ZNF263,MEF,Zf
1967,56,0,-1.16162403843679,NEDD9,YY1,LMC,Zf
2283,32,0,4.41887575232033,PNOC,JUND,LMC,bZIP
1569,19,1,-1.7053662137862,KIF18B,FOS,MEF,bZIP
3219,59,1,1.79090313974213,WFDC3,ZKSCAN1,MEF,Zf
372,34,0,1.45873223783014,CASZ1,MAFK,LMC,bZIP
928,6,1,3.38236921246773,ETNPPL,BHLHE40,MEF,bHLH
1510,2,0,1.1837133383834,JADE2,ATF3,LMC,bZIP
144,52,0,-2.07929898267856,ANLN,TCF3,LMC,HMG
1165,25,1,1.90052374476274,GCLC,GATA1,MEF,Zf
9,54,0,1.42309966439014,ABCA9,USF1,LMC,bHLH
883,40,0,-1.77841332512068,ELOVL6,MYOG,LMC,bHLH
821,23,1,-1.13824406119575,DTX4,FOXM1,MEF,Forkhead
215,20,0,-1.36158889535435,ARSJ,FOSL2,LMC,bZIP
1308,36,0,2.24730844762831,HAL,MAZ,LMC,Zf
1840,17,0,2.18019875250841,MMD,ETS1,LMC,ETS
2276,52,1,1.06543967234965,PMAIP1,TCF3,MEF,HMG
2653,19,1,2.32480093818971,SH3RF2,FOS,MEF,bZIP
513,60,1,-1.61297653663404,CENPH,ZNF263,MEF,Zf
123,33,1,3.14711245456921,ALX3,MAFF,MEF,bZIP
1730,29,1,-4.43367583493052,LYL1,IRF1,MEF,IRF
2982,15,0,-1.48427698650404,TICRR,ELK1,LMC,ETS
2384,32,0,1.51789813509816,PTPN22,JUND,LMC,bZIP
176,29,1,-5.36535647815118,ARAP3,IRF1,MEF,IRF
303,53,1,1.45646153834468,BMP8B,TEAD4,MEF,TEA
140,8,1,-3.39000947167875,ANKRD33B,CUX1,MEF,Homeobox
1872,17,1,-1.07194398775039,MRC2,ETS1,MEF,ETS
2210,12,0,2.04393942709791,PIK3AP1,EBF1,LMC,EBF
1591,47,1,1.24681343695408,KLF9,SP1,MEF,Zf
1110,14,1,-1.52273265121026,FRMD4B,ELF1,MEF,ETS
2790,24,1,-1.59761294289245,SNCAIP,GABPA,MEF,ETS
3018,31,1,-3.1052722091021,TMEM156,IRF4,MEF,IRF
384,36,0,-1.17409117648331,CCDC116,MAZ,LMC,Zf
1960,46,1,1.24843648845543,NDRG2,RFX5,MEF,HTH
230,35,0,-5.59956294246296,ASPN,MAX,LMC,bHLH
1840,43,0,2.18019875250841,MMD,PAX5,LMC,"Paired,Homeobox"
619,13,1,-2.24051500112607,COL4A2,EGR1,MEF,Zf
2830,24,1,2.2287125275182,SPEF2,GABPA,MEF,ETS
64,27,0,-1.19343170628253,ADAMTSL1,GATA3,LMC,Zf
768,8,1,1.73596827168182,DLX2,CUX1,MEF,Homeobox
2994,36,0,-2.49436125174685,TLL1,MAZ,LMC,Zf
2285,60,1,-2.14068200203897,PODNL1,ZNF263,MEF,Zf
477,22,1,-1.43968116149163,CDCA7L,FOXA2,MEF,Forkhead
279,55,1,1.01856257095648,BCL11B,USF2,MEF,bHLH
1333,6,1,2.04875300166275,HID1,BHLHE40,MEF,bHLH
520,17,0,-1.07484665845757,CENPT,ETS1,LMC,ETS
467,7,0,-1.81097196316204,CDC25C,CTCF,LMC,Zf
1356,32,1,4.45295474086353,HOXA11,JUND,MEF,bZIP
1318,56,1,3.22517209194913,HCN1,YY1,MEF,Zf
1807,26,1,-1.82030516240533,MEIS1,GATA2,MEF,Zf
3130,46,0,1.17286507479837,TSPAN33,RFX5,LMC,HTH
323,42,1,1.57648450507266,C1GALT1,NRF1,MEF,NRF
17,34,0,1.71775926006339,ABI3,MAFK,LMC,bZIP
975,6,1,1.2401815530898,FAM161B,BHLHE40,MEF,bHLH
1579,4,0,1.28112113456646,KIF3A,BATF,LMC,bZIP
2108,36,1,1.28768359859876,PACSIN1,MAZ,MEF,Zf
515,22,1,-1.48399593144254,CENPK,FOXA2,MEF,Forkhead
792,60,1,-1.16716822785582,DNMT1,ZNF263,MEF,Zf
940,48,0,-1.04928380645849,EXT1,SP2,LMC,Zf
1119,46,0,-1.56991576152383,FST,RFX5,LMC,HTH
2485,32,1,3.63110658670554,RERG,JUND,MEF,bZIP
562,47,0,-1.84132809551671,CKAP2,SP1,LMC,Zf
693,44,0,-1.02311552800996,CUL7,PBX3,LMC,Homeobox
1686,6,0,-1.27921012236517,LPP,BHLHE40,LMC,bHLH
2272,3,1,-1.21326833028032,PLXNA4,BACH1,MEF,bZIP
1932,36,0,1.71830105384146,MYRF,MAZ,LMC,Zf
2332,56,0,-1.45158178749255,PRIM1,YY1,LMC,Zf
206,60,1,-1.14830380637034,ARL4C,ZNF263,MEF,Zf
991,6,0,-1.75512936448482,FAM20A,BHLHE40,LMC,bHLH
2875,10,1,-2.01852192431119,STARD8,E2F4,MEF,E2F
2491,13,1,-3.65507814591035,RGS10,EGR1,MEF,Zf
1003,19,0,-2.12747921647817,FAM64A,FOS,LMC,bZIP
1043,30,0,-1.20500555090751,FDPS,IRF3,LMC,IRF
905,10,1,1.3882745875605,EPHA3,E2F4,MEF,E2F
2857,40,0,-1.06293551098304,SSC5D,MYOG,LMC,bHLH
2417,36,1,2.63891593628851,RAB27B,MAZ,MEF,Zf
512,36,0,-2.24187763995752,CENPF,MAZ,LMC,Zf
2256,51,0,1.27870663584014,PLIN2,TCF12,LMC,bHLH
1498,1,1,-1.26046363648136,ITGB3,ATF2,MEF,bZIP
965,59,1,1.21645357704,FAM110C,ZKSCAN1,MEF,Zf
1374,23,1,-1.56993906660248,HOXC5,FOXM1,MEF,Forkhead
1978,43,1,-1.51596673113993,NEURL3,PAX5,MEF,"Paired,Homeobox"
773,32,0,-1.68084694013253,DMPK,JUND,LMC,bZIP
873,1,0,2.31733348486408,EGR3,ATF2,LMC,bZIP
1783,33,1,-1.39828248423787,MCAM,MAFF,MEF,bZIP
1884,36,1,-1.01986887113406,MSRA,MAZ,MEF,Zf
1338,27,0,1.37703027394907,HIVEP3,GATA3,LMC,Zf
245,51,1,1.84360757510223,ATP6V0E2,TCF12,MEF,bHLH
1243,7,0,-1.11359055206435,GPR153,CTCF,LMC,Zf
2043,32,1,2.01240494135891,NRXN1,JUND,MEF,bZIP
3074,44,1,1.9111052509538,TNS4,PBX3,MEF,Homeobox
454,23,0,2.02419233042325,CD68,FOXM1,LMC,Forkhead
914,5,1,-3.88489412042666,EPSTI1,BCL11A,MEF,Zf
1972,41,0,-1.11554916219592,NEK8,NANOG,LMC,Homeobox
540,25,0,-1.21082079687174,CHD3,GATA1,LMC,Zf
1062,8,1,-1.28672835254561,FGGY,CUX1,MEF,Homeobox
2716,31,0,1.26433755910849,SLC25A45,IRF4,LMC,IRF
454,27,0,2.02419233042325,CD68,GATA3,LMC,Zf
790,59,0,1.49979232189584,DNM1,ZKSCAN1,LMC,Zf
2789,35,1,1.0173305964388,SNCA,MAX,MEF,bHLH
1399,43,0,1.22127784545729,HSPB1,PAX5,LMC,"Paired,Homeobox"
475,35,1,-1.49364324799289,CDCA5,MAX,MEF,bHLH
2937,2,1,1.50150751434557,TBC1D8,ATF3,MEF,bZIP
1980,40,0,2.20010559623641,NFAM1,MYOG,LMC,bHLH
2995,42,0,2.13448467006782,TLR1,NRF1,LMC,NRF
2515,27,1,1.12637943260805,RND1,GATA3,MEF,Zf
2732,51,1,1.30662937679401,SLC33A1,TCF12,MEF,bHLH
2626,3,1,3.1389116323707,SERPINE2,BACH1,MEF,bZIP
2601,49,0,-1.33009891228235,SEC14L5,STAT1,LMC,Stat
1298,44,0,1.79871714318156,GSTA4,PBX3,LMC,Homeobox
234,21,1,-2.74791528300771,ATF7IP2,FOXA1,MEF,Forkhead
1727,8,1,-1.39507995883176,LY75,CUX1,MEF,Homeobox
1688,14,1,1.32207445323226,LRCH1,ELF1,MEF,ETS
2479,29,1,-1.57338724010975,RCSD1,IRF1,MEF,IRF
3104,51,1,-1.18940042398823,TRIM25,TCF12,MEF,bHLH
1810,60,1,1.20535835614864,MESP2,ZNF263,MEF,Zf
1853,39,0,2.11866949441798,MMP27,MYB,LMC,HTH
2881,14,1,-1.77045279019706,STIL,ELF1,MEF,ETS
3083,56,1,1.05224662846561,TPD52L1,YY1,MEF,Zf
445,36,1,-3.50081866240652,CD33,MAZ,MEF,Zf
2694,46,0,1.20649329449766,SLC16A10,RFX5,LMC,HTH
3090,15,1,-3.33267270585963,TRAF3IP3,ELK1,MEF,ETS
2792,0,0,1.77801894743797,SNHG11,ATF1,LMC,bZIP
2432,44,1,-1.5926751107119,RAD51AP1,PBX3,MEF,Homeobox
3061,50,1,2.64353710925184,TNFRSF19,STAT3,MEF,Stat
2736,46,1,2.09488654749349,SLC35G1,RFX5,MEF,HTH
54,3,0,-1.06071433236995,ADAMTS1,BACH1,LMC,bZIP
2964,44,0,1.01587424208926,TFEB,PBX3,LMC,Homeobox
2021,59,1,-1.09798854940686,NPAS4,ZKSCAN1,MEF,Zf
1401,50,0,-1.60518595987966,HSPB6,STAT3,LMC,Stat
2868,40,1,-6.62493723827475,STAB1,MYOG,MEF,bHLH
2871,29,0,-1.81588006159571,STAG3,IRF1,LMC,IRF
226,48,1,-2.12606281183785,ASF1B,SP2,MEF,Zf
1556,36,0,-1.81637200243214,KCNS3,MAZ,LMC,Zf
2511,17,1,-1.01848311233104,RIPK3,ETS1,MEF,ETS
1286,14,0,-1.01419206036827,GRIN2D,ELF1,LMC,ETS
2040,56,0,2.06505378129042,NRN1L,YY1,LMC,Zf
2331,51,0,1.34577261414618,PRG4,TCF12,LMC,bHLH
377,56,0,-1.18392674086099,CBS,YY1,LMC,Zf
2580,24,1,-1.37696081677163,SCARF2,GABPA,MEF,ETS
2881,26,0,-1.25513412167103,STIL,GATA2,LMC,Zf
2950,34,0,1.15119818356183,TCIRG1,MAFK,LMC,bZIP
2881,3,1,-1.77045279019706,STIL,BACH1,MEF,bZIP
1684,19,1,-1.7467185516882,LPL,FOS,MEF,bZIP
2324,24,0,-1.08241107682554,PRCP,GABPA,LMC,ETS
2488,60,1,-1.85060323120743,RGCC,ZNF263,MEF,Zf
108,26,1,1.07862740724675,ALCAM,GATA2,MEF,Zf
2638,23,0,1.35708014255884,SGK3,FOXM1,LMC,Forkhead
2605,6,1,-5.12463925075724,SELPLG,BHLHE40,MEF,bHLH
2439,59,1,-1.16961792333877,RALGPS2,ZKSCAN1,MEF,Zf
360,36,0,3.06807338923354,CAMKV,MAZ,LMC,Zf
3126,19,1,1.3204466752018,TSPAN13,FOS,MEF,bZIP
1798,44,1,-2.33623835909844,MDK,PBX3,MEF,Homeobox
265,25,1,-1.1411111453521,BAG2,GATA1,MEF,Zf
1332,19,1,-1.80828432123008,HIC1,FOS,MEF,bZIP
886,11,0,-1.4650615392872,EMILIN1,E2F6,LMC,E2F
2792,43,1,1.03951477220622,SNHG11,PAX5,MEF,"Paired,Homeobox"
1097,11,1,-2.77674715516565,FOXD1,E2F6,MEF,E2F
2701,22,1,1.60724773577274,SLC17A2,FOXA2,MEF,Forkhead
3136,40,0,1.02552411022929,TTC9,MYOG,LMC,bHLH
1990,49,1,-2.08969235613197,NID1,STAT1,MEF,Stat
2709,35,0,1.6009575554387,SLC22A18,MAX,LMC,bHLH
1961,49,1,1.0186923629936,NDRG3,STAT1,MEF,Stat
31,50,1,-1.0644913970013,ACOT7,STAT3,MEF,Stat
2047,44,0,-1.49786300479231,NT5DC2,PBX3,LMC,Homeobox
1922,4,0,1.83400339520584,MYO1F,BATF,LMC,bZIP
122,15,1,-1.29951416309328,ALX1,ELK1,MEF,ETS
3004,21,1,1.36614656772633,TMBIM4,FOXA1,MEF,Forkhead
530,17,1,1.29315129835273,CFAP57,ETS1,MEF,ETS
1402,43,0,1.76983656065279,HSPB7,PAX5,LMC,"Paired,Homeobox"
2333,10,1,2.11733149630965,PRKAA2,E2F4,MEF,E2F
224,56,1,3.5793529115636,ASCL1,YY1,MEF,Zf
727,7,1,-1.27883677081428,DBN1,CTCF,MEF,Zf
1140,24,1,2.26230582996851,GALNT14,GABPA,MEF,ETS
945,60,0,1.62913103681418,EZR,ZNF263,LMC,Zf
1761,12,0,-4.78522239619105,MAP3K7CL,EBF1,LMC,EBF
67,56,1,-3.9511164464879,ADAP1,YY1,MEF,Zf
588,24,1,-1.16582428310444,CMTM3,GABPA,MEF,ETS
2857,13,0,-1.06293551098304,SSC5D,EGR1,LMC,Zf
80,35,0,-1.85487740745499,ADORA2B,MAX,LMC,bHLH
365,7,0,1.8891319241309,CARD9,CTCF,LMC,Zf
2012,47,1,2.32640773297415,NOG,SP1,MEF,Zf
2792,4,0,1.77801894743797,SNHG11,BATF,LMC,bZIP
2417,7,0,1.17019220465761,RAB27B,CTCF,LMC,Zf
1850,55,0,-1.38750787951632,MMP17,USF2,LMC,bHLH
649,10,0,1.77230520694,CREG1,E2F4,LMC,E2F
2370,25,1,1.7110711107885,PTGDR2,GATA1,MEF,Zf
2473,33,1,-3.45249104845875,RBP1,MAFF,MEF,bZIP
1791,6,1,-1.8528816001039,MCM6,BHLHE40,MEF,bHLH
994,7,1,1.02278867867513,FAM222A,CTCF,MEF,Zf
1335,0,1,1.04156670706997,HIST1H1C,ATF1,MEF,bZIP
1597,46,1,-3.37533486723335,KLHL33,RFX5,MEF,HTH
1803,6,0,2.62997863152481,MEGF6,BHLHE40,LMC,bHLH
1368,46,1,-1.53051207799042,HOXB6,RFX5,MEF,HTH
796,29,0,1.30396145946653,DOCK8,IRF1,LMC,IRF
585,1,1,1.8285992255709,CLU,ATF2,MEF,bZIP
1789,21,1,-2.01469923560463,MCM3,FOXA1,MEF,Forkhead
252,45,1,-2.3618604739919,AURKB,PRDM1,MEF,Zf
2525,40,1,5.23482310914669,RNF39,MYOG,MEF,bHLH
175,7,0,1.14913751880714,ARAP2,CTCF,LMC,Zf
399,50,1,2.3751815801806,CCDC65,STAT3,MEF,Stat
3166,52,1,2.11848175670413,UGP2,TCF3,MEF,HMG
1758,13,0,-2.57018479728734,MAP2,EGR1,LMC,Zf
980,19,0,3.52823026973794,FAM180A,FOS,LMC,bZIP
1101,18,1,-1.94513685071821,FOXM1,FLI1,MEF,ETS
57,34,1,-3.23525709952468,ADAMTS14,MAFK,MEF,bZIP
35,54,0,-1.09413388951588,ACSS2,USF1,LMC,bHLH
797,46,1,-1.86193635058118,DOK2,RFX5,MEF,HTH
1623,46,1,-7.95287425558167,LAPTM5,RFX5,MEF,HTH
2645,51,0,1.90813328229963,SH2D4B,TCF12,LMC,bHLH
451,0,1,-1.77541440908592,CD53,ATF1,MEF,bZIP
1643,27,1,-1.38336396197662,LGALS3,GATA3,MEF,Zf
2430,23,1,-1.31416017052017,RACGAP1,FOXM1,MEF,Forkhead
838,50,1,1.09105532919989,EAF2,STAT3,MEF,Stat
287,51,1,2.37333543543149,BEST3,TCF12,MEF,bHLH
2497,56,1,2.70987718393113,RGS6,YY1,MEF,Zf
2191,27,1,-1.12489024784302,PFKFB3,GATA3,MEF,Zf
1913,47,0,1.12680224428471,MYLIP,SP1,LMC,Zf
2652,36,1,-1.04770872945372,SH3PXD2B,MAZ,MEF,Zf
2106,11,0,-1.53091066312273,P4HA3,E2F6,LMC,E2F
1625,34,1,2.40355499341245,LARS2,MAFK,MEF,bZIP
108,49,1,1.07862740724675,ALCAM,STAT1,MEF,Stat
1730,43,0,2.2809729198419,LYL1,PAX5,LMC,"Paired,Homeobox"
2458,1,0,-1.8068207517124,RASGRP1,ATF2,LMC,bZIP
2099,6,1,2.50495121718148,OXGR1,BHLHE40,MEF,bHLH
1588,17,0,-2.56633169713976,KLF12,ETS1,LMC,ETS
2943,58,0,-2.66377021180121,TBXA2R,ZEB1,LMC,Zf
763,50,0,2.43770043152872,DLG2,STAT3,LMC,Stat
702,45,0,1.69796301765292,CXCL16,PRDM1,LMC,Zf
871,17,0,1.23036636468725,EGR1,ETS1,LMC,ETS
1086,43,0,-1.68816669515839,FNDC1,PAX5,LMC,"Paired,Homeobox"
2020,27,1,-1.95871154049572,NPAS2,GATA3,MEF,Zf
2845,14,0,-1.12860791435859,SPRY1,ELF1,LMC,ETS
474,33,0,-1.32494426025513,CDCA3,MAFF,LMC,bZIP
1942,36,1,-1.55591983472533,NAV1,MAZ,MEF,Zf
1089,7,0,1.39840867832107,FNIP2,CTCF,LMC,Zf
1167,4,1,-1.23820390834519,GCNT1,BATF,MEF,bZIP
1464,43,0,-1.18382349994449,INPP1,PAX5,LMC,"Paired,Homeobox"
3060,5,1,-1.68245131894634,TNFRSF14,BCL11A,MEF,Zf
1683,27,0,-1.51285821312329,LPIN3,GATA3,LMC,Zf
2334,24,0,-1.41170439233152,PRKAR2B,GABPA,LMC,ETS
1130,7,1,1.37162439981289,FZD9,CTCF,MEF,Zf
1362,43,0,-1.87218077993602,HOXA7,PAX5,LMC,"Paired,Homeobox"
2343,0,1,-2.24464602061636,PRR11,ATF1,MEF,bZIP
1728,13,0,2.42475480036717,LY86,EGR1,LMC,Zf
471,32,1,-1.23221280378284,CDC6,JUND,MEF,bZIP
1755,11,1,1.44675059778811,MANSC1,E2F6,MEF,E2F
1753,11,1,-1.17597499133754,MANBA,E2F6,MEF,E2F
998,57,1,-1.63086707931467,FAM46B,ZBTB33,MEF,Zf
1342,11,0,-1.34950448426659,HMGA2,E2F6,LMC,E2F
1144,52,1,1.64197292611699,GALNT5,TCF3,MEF,HMG
2793,1,1,1.50122491579436,SNHG12,ATF2,MEF,bZIP
2358,41,1,-1.70676892767122,PRTG,NANOG,MEF,Homeobox
1077,51,1,2.05188092465229,FLRT1,TCF12,MEF,bHLH
1640,50,1,1.31257625250338,LEPREL1,STAT3,MEF,Stat
2568,15,1,1.47843825543726,SAMD12,ELK1,MEF,ETS
2365,39,1,-1.75254702820737,PSMB8,MYB,MEF,HTH
2318,32,1,1.4274717173054,PPP1R42,JUND,MEF,bZIP
215,19,0,-1.36158889535435,ARSJ,FOS,LMC,bZIP
2865,3,0,2.11068617163851,ST8SIA1,BACH1,LMC,bZIP
569,54,0,1.59432671877888,CLDN11,USF1,LMC,bHLH
2496,56,0,-1.87567434541817,RGS5,YY1,LMC,Zf
525,14,1,-2.43362288031828,CEP55,ELF1,MEF,ETS
1721,22,0,-1.39118704901339,LTBP2,FOXA2,LMC,Forkhead
3139,32,1,1.58696034399578,TTLL6,JUND,MEF,bZIP
1311,54,1,7.38466154151092,HAPLN1,USF1,MEF,bHLH
1859,25,1,-1.03444671893022,MNS1,GATA1,MEF,Zf
2644,50,1,2.09697385595066,SH2D2A,STAT3,MEF,Stat
2422,33,1,2.12952005907301,RAB39B,MAFF,MEF,bZIP
1093,52,0,1.14177708816059,FOS,TCF3,LMC,HMG
2133,13,1,-2.60793494939055,PBK,EGR1,MEF,Zf
2417,6,0,1.17019220465761,RAB27B,BHLHE40,LMC,bHLH
725,48,1,1.02420262689616,DACH2,SP2,MEF,Zf
797,58,1,-1.86193635058118,DOK2,ZEB1,MEF,Zf
2923,59,0,1.05851666857904,SYTL1,ZKSCAN1,LMC,Zf
2847,40,0,1.66700330645421,SPRY4,MYOG,LMC,bHLH
2538,8,1,-1.60153695378032,RPS6KA2,CUX1,MEF,Homeobox
299,46,1,4.14806575686464,BMP4,RFX5,MEF,HTH
1840,59,1,-1.82783355688572,MMD,ZKSCAN1,MEF,Zf
822,28,0,-2.09123587741223,DUOX1,HNF4A,LMC,NR
2965,7,1,-1.78231377699111,TFPI,CTCF,MEF,Zf
2818,12,1,-2.08194247908824,SP3,EBF1,MEF,EBF
441,49,0,2.38543624011782,CD300A,STAT1,LMC,Stat
224,14,1,3.5793529115636,ASCL1,ELF1,MEF,ETS
2307,54,1,1.9413479354027,PPFIA4,USF1,MEF,bHLH
454,37,1,-5.47756028778316,CD68,MEF2A,MEF,MADS
425,60,0,-2.59543354538128,CCNJL,ZNF263,LMC,Zf
2498,36,0,-1.3528609573943,RGS9BP,MAZ,LMC,Zf
1646,7,0,3.35703884394145,LGI2,CTCF,LMC,Zf
2929,12,1,-1.40887334898261,TACC3,EBF1,MEF,EBF
1726,51,1,-1.52921091248218,LY6E,TCF12,MEF,bHLH
419,25,1,-1.01212708968367,CCM2,GATA1,MEF,Zf
1947,50,1,-1.98660200090861,NCAPG,STAT3,MEF,Stat
2532,7,0,2.16290555952614,RORC,CTCF,LMC,Zf
3129,34,0,-1.65562226803156,TSPAN2,MAFK,LMC,bZIP
1213,55,1,1.13983164407356,GNAI1,USF2,MEF,bHLH
236,20,1,1.51918637169266,ATG9B,FOSL2,MEF,bZIP
1072,10,1,1.42962809876367,FILIP1,E2F4,MEF,E2F
1759,2,0,-1.20195710611927,MAP2K6,ATF3,LMC,bZIP
3166,41,1,2.11848175670413,UGP2,NANOG,MEF,Homeobox
413,55,1,3.17366084341025,CCL20,USF2,MEF,bHLH
570,32,1,-2.54522296795591,CLDN15,JUND,MEF,bZIP
513,3,1,-1.61297653663404,CENPH,BACH1,MEF,bZIP
2416,53,0,-2.31707370328191,RAB27A,TEAD4,LMC,TEA
421,57,1,-3.46951667804334,CCNB1,ZBTB33,MEF,Zf
497,32,0,-1.76818931634111,CDO1,JUND,LMC,bZIP
2289,51,1,-1.15837612128203,POLD1,TCF12,MEF,bHLH
3099,42,1,-1.4419627390171,TRERF1,NRF1,MEF,NRF
1901,6,1,1.12093207460751,MYBL1,BHLHE40,MEF,bHLH
3137,30,0,-1.54688616829487,TTK,IRF3,LMC,IRF
315,32,0,-1.15304342329628,BTBD3,JUND,LMC,bZIP
465,19,0,-2.11602648113733,CDC20,FOS,LMC,bZIP
1679,4,0,-1.54161054323492,LOXL3,BATF,LMC,bZIP
891,13,0,3.15016131621519,EN2,EGR1,LMC,Zf
2617,1,0,1.96992512932553,SEPP1,ATF2,LMC,bZIP
2736,14,0,1.41533311729747,SLC35G1,ELF1,LMC,ETS
1967,49,0,-1.16162403843679,NEDD9,STAT1,LMC,Stat
1623,6,1,-7.95287425558167,LAPTM5,BHLHE40,MEF,bHLH
2937,7,1,1.50150751434557,TBC1D8,CTCF,MEF,Zf
1559,11,0,-1.66267294525053,KCTD15,E2F6,LMC,E2F
1725,26,0,-1.19060928486906,LURAP1L,GATA2,LMC,Zf
2995,7,0,2.13448467006782,TLR1,CTCF,LMC,Zf
1925,25,1,1.94094472616554,MYO5C,GATA1,MEF,Zf
2765,32,1,-1.43101148114046,SLC9B2,JUND,MEF,bZIP
1436,50,1,-6.8975582995321,IL10RA,STAT3,MEF,Stat
955,34,0,2.01463163202715,FABP4,MAFK,LMC,bZIP
1121,31,0,-1.09945691947873,FSTL3,IRF4,LMC,IRF
742,25,1,-8.87308429668951,DDX3Y,GATA1,MEF,Zf
2083,50,1,-1.05535891995952,OLFML3,STAT3,MEF,Stat
789,32,0,-1.85212719047073,DNER,JUND,LMC,bZIP
3173,60,0,-2.17040762162805,UNC5C,ZNF263,LMC,Zf
2227,8,1,-2.08523497592345,PLA1A,CUX1,MEF,Homeobox
1611,24,1,2.32954569295926,KRT80,GABPA,MEF,ETS
3085,59,0,-2.45217469460679,TPM2,ZKSCAN1,LMC,Zf
1035,34,0,-2.22203456792335,FBXO41,MAFK,LMC,bZIP
1367,35,1,-1.31016420018754,HOXB5,MAX,MEF,bHLH
1454,8,1,-2.91146005747571,IL21R,CUX1,MEF,Homeobox
3040,53,0,-1.15867301067613,TMEM38A,TEAD4,LMC,TEA
1885,29,1,-1.5366281892341,MST1R,IRF1,MEF,IRF
2065,47,0,1.57749816616175,NXNL2,SP1,LMC,Zf
134,58,1,1.16548731041712,ANGPTL6,ZEB1,MEF,Zf
774,47,1,1.7919126842104,DMRTA1,SP1,MEF,Zf
2108,56,1,1.28768359859876,PACSIN1,YY1,MEF,Zf
3198,5,1,-1.00276680000766,VIPR1,BCL11A,MEF,Zf
2654,56,1,-1.63542312497611,SH3TC1,YY1,MEF,Zf
416,36,0,1.98389732052928,CCL5,MAZ,LMC,Zf
230,10,0,-5.59956294246296,ASPN,E2F4,LMC,E2F
460,6,1,-3.73496442784358,CD83,BHLHE40,MEF,bHLH
2248,55,1,1.63188489778177,PLEKHA7,USF2,MEF,bHLH
778,47,1,1.15771367310752,DNAH12,SP1,MEF,Zf
1937,53,1,1.59677936362192,NAP1L3,TEAD4,MEF,TEA
2329,34,0,-1.50059784850385,PRELID2,MAFK,LMC,bZIP
2422,14,0,-1.51618596364457,RAB39B,ELF1,LMC,ETS
240,20,0,1.60328158259357,ATP1B1,FOSL2,LMC,bZIP
827,34,0,1.31630430034092,DUSP6,MAFK,LMC,bZIP
1227,60,0,-1.37495364127099,GPC4,ZNF263,LMC,Zf
558,43,0,-1.18502711991529,CIB2,PAX5,LMC,"Paired,Homeobox"
1079,13,1,-1.22012954744948,FLT4,EGR1,MEF,Zf
2881,13,0,-1.25513412167103,STIL,EGR1,LMC,Zf
2863,35,0,-1.58295929161937,ST6GALNAC2,MAX,LMC,bHLH
159,33,1,-1.38028441051787,APBB1IP,MAFF,MEF,bZIP
78,27,0,-1.84533616269219,ADM,GATA3,LMC,Zf
1012,17,1,1.78692440865319,FAM83G,ETS1,MEF,ETS
1347,19,1,-2.24742323046206,HMMR,FOS,MEF,bZIP
2736,53,0,1.41533311729747,SLC35G1,TEAD4,LMC,TEA
3104,52,1,-1.18940042398823,TRIM25,TCF3,MEF,HMG
1891,57,0,-1.28051428954918,MTHFD1L,ZBTB33,LMC,Zf
1555,14,0,-2.8231845102634,KCNMB1,ELF1,LMC,ETS
2942,51,0,-1.05121827078695,TBX5,TCF12,LMC,bHLH
2581,36,1,2.65899731180408,SCG5,MAZ,MEF,Zf
3149,26,1,-1.58235400958939,TUBB4A,GATA2,MEF,Zf
640,15,0,2.11324837146368,CPNE7,ELK1,LMC,ETS
3263,19,0,1.13114050892096,ZMYND15,FOS,LMC,bZIP
737,6,1,-1.57237296988746,DDC,BHLHE40,MEF,bHLH
3015,12,1,1.14577317140574,TMEM140,EBF1,MEF,EBF
29,43,1,-1.44100672629891,ACOT1,PAX5,MEF,"Paired,Homeobox"
1082,12,1,1.04683222067852,FMNL2,EBF1,MEF,EBF
60,41,0,1.71936840627334,ADAMTS20,NANOG,LMC,Homeobox
1930,6,1,2.38192172606138,MYOT,BHLHE40,MEF,bHLH
454,49,1,-5.47756028778316,CD68,STAT1,MEF,Stat
761,43,0,1.96332947809018,DKKL1,PAX5,LMC,"Paired,Homeobox"
565,26,1,-1.20092685026686,CKS1B,GATA2,MEF,Zf
1031,0,1,-1.24967716659756,FBXL8,ATF1,MEF,bZIP
239,36,1,-4.63790115428554,ATP1A3,MAZ,MEF,Zf
2913,36,1,1.74643857506266,SYNGR3,MAZ,MEF,Zf
1658,47,0,-1.11995880005209,LIMCH1,SP1,LMC,Zf
909,13,0,-1.00616267624316,EPHB3,EGR1,LMC,Zf
1954,35,1,-6.8574630086637,NCF4,MAX,MEF,bHLH
1626,13,1,-1.20721833631676,LASP1,EGR1,MEF,Zf
1031,32,1,-1.24967716659756,FBXL8,JUND,MEF,bZIP
2504,45,0,1.89206647016594,RHOV,PRDM1,LMC,Zf
441,8,0,2.38543624011782,CD300A,CUX1,LMC,Homeobox
648,17,1,1.09296402967198,CREBL2,ETS1,MEF,ETS
1256,54,1,5.22776982339002,GPR37,USF1,MEF,bHLH
397,53,1,1.40932132364252,CCDC60,TEAD4,MEF,TEA
2090,47,1,1.48097195977724,OSBPL3,SP1,MEF,Zf
139,55,1,1.03925723818669,ANKRD29,USF2,MEF,bHLH
233,11,0,1.1636924686686,ATF6,E2F6,LMC,E2F
2998,19,0,2.32058122820629,TLR7,FOS,LMC,bZIP
1011,6,0,-1.74555332545619,FAM83D,BHLHE40,LMC,bHLH
250,13,1,-2.34653204531107,AUNIP,EGR1,MEF,Zf
2239,35,0,2.29842766167995,PLCE1,MAX,LMC,bHLH
240,3,0,1.60328158259357,ATP1B1,BACH1,LMC,bZIP
1148,55,1,-1.36703652008448,GAREML,USF2,MEF,bHLH
2964,52,0,1.01587424208926,TFEB,TCF3,LMC,HMG
505,24,1,1.08493047297253,CELF5,GABPA,MEF,ETS
335,2,1,-2.24839777836133,C5AR2,ATF3,MEF,bZIP
2929,17,0,-1.14419748841923,TACC3,ETS1,LMC,ETS
3043,26,0,-1.76276458381235,TMEM51,GATA2,LMC,Zf
1068,34,1,-1.19455565188966,FIBIN,MAFK,MEF,bZIP
3129,51,0,-1.65562226803156,TSPAN2,TCF12,LMC,bHLH
1700,47,0,1.87470312451847,LRRC25,SP1,LMC,Zf
345,55,1,3.2806951234559,CACNA2D3,USF2,MEF,bHLH
591,17,1,-1.3326909212293,CNDP2,ETS1,MEF,ETS
3171,51,0,1.98466934184386,UNC13D,TCF12,LMC,bHLH
3026,13,0,1.20604148876069,TMEM180,EGR1,LMC,Zf
2825,22,1,3.31635306400742,SPATA18,FOXA2,MEF,Forkhead
39,25,1,-1.17835208367133,ACTB,GATA1,MEF,Zf
2979,13,1,-5.70150854605767,THEMIS2,EGR1,MEF,Zf
2376,53,1,-2.66242552845657,PTGIS,TEAD4,MEF,TEA
1904,51,0,-1.32848118947646,MYCL,TCF12,LMC,bHLH
887,32,1,-8.9776571482466,EMR1,JUND,MEF,bZIP
3138,57,0,-1.6865426189192,TTLL11,ZBTB33,LMC,Zf
179,36,1,-2.85824699164267,ARHGAP15,MAZ,MEF,Zf
995,12,0,-1.34584970061181,FAM26E,EBF1,LMC,EBF
2684,54,0,2.43469508138703,SLC11A1,USF1,LMC,bHLH
269,47,0,1.22408697177346,BAMBI,SP1,LMC,Zf
2284,19,0,1.35328741915032,PNPLA7,FOS,LMC,bZIP
183,49,1,-5.1024649492782,ARHGAP25,STAT1,MEF,Stat
2716,42,0,1.26433755910849,SLC25A45,NRF1,LMC,NRF
2865,56,1,2.039989378885,ST8SIA1,YY1,MEF,Zf
2869,51,1,4.68552131858572,STAC,TCF12,MEF,bHLH
2441,34,1,1.61465856828358,RAMP1,MAFK,MEF,bZIP
501,55,1,-1.54134144871183,CDT1,USF2,MEF,bHLH
1626,12,1,-1.20721833631676,LASP1,EBF1,MEF,EBF
368,42,1,1.37737825561998,CASKIN1,NRF1,MEF,NRF
274,19,0,-1.27279559109937,BCAN,FOS,LMC,bZIP
99,50,1,1.03519575636956,AIG1,STAT3,MEF,Stat
1302,7,1,2.20179626877547,GTF2A1L,CTCF,MEF,Zf
122,27,0,-2.32712877798506,ALX1,GATA3,LMC,Zf
927,58,0,2.855110586397,ESYT3,ZEB1,LMC,Zf
746,25,1,-1.61037548559076,DENND2D,GATA1,MEF,Zf
631,59,1,-1.04533746512875,CORO1C,ZKSCAN1,MEF,Zf
2952,34,1,-1.05146654923104,TEAD2,MAFK,MEF,bZIP
262,6,1,-1.06022912878962,B4GALT1,BHLHE40,MEF,bHLH
2430,47,1,-1.31416017052017,RACGAP1,SP1,MEF,Zf
524,10,1,-1.25490532023974,CEP128,E2F4,MEF,E2F
1907,32,0,-4.23381747992927,MYH11,JUND,LMC,bZIP
2339,8,0,1.32329493770163,PROCR,CUX1,LMC,Homeobox
720,8,0,1.18837675419197,CYSTM1,CUX1,LMC,Homeobox
1497,19,0,2.00198261548205,ITGB2,FOS,LMC,bZIP
138,60,0,-2.36033516397192,ANKLE1,ZNF263,LMC,Zf
3152,12,0,-1.21560557967585,TVP23A,EBF1,LMC,EBF
591,47,1,-1.3326909212293,CNDP2,SP1,MEF,Zf
2601,24,0,-1.33009891228235,SEC14L5,GABPA,LMC,ETS
2995,14,1,-2.069741018555,TLR1,ELF1,MEF,ETS
3169,13,0,1.19459241376061,UNC13B,EGR1,LMC,Zf
1552,10,0,-1.45568805172852,KCNK2,E2F4,LMC,E2F
1939,47,1,1.0546966217877,NAPB,SP1,MEF,Zf
715,21,1,1.4558525131314,CYP1B1,FOXA1,MEF,Forkhead
159,14,1,-1.38028441051787,APBB1IP,ELF1,MEF,ETS
3107,51,1,-1.66375263504464,TRIM59,TCF12,MEF,bHLH
648,55,1,1.09296402967198,CREBL2,USF2,MEF,bHLH
2995,5,0,2.13448467006782,TLR1,BCL11A,LMC,Zf
389,47,1,2.01656793230096,CCDC153,SP1,MEF,Zf
1320,33,0,1.94587080773716,HCST,MAFF,LMC,bZIP
505,14,1,1.08493047297253,CELF5,ELF1,MEF,ETS
2810,59,1,-2.68150712163575,SOX12,ZKSCAN1,MEF,Zf
1294,52,1,-1.33553727089329,GSG2,TCF3,MEF,HMG
186,36,1,-7.03807552815842,ARHGAP30,MAZ,MEF,Zf
2239,20,0,2.29842766167995,PLCE1,FOSL2,LMC,bZIP
208,36,0,1.28382265210123,ARMC2,MAZ,LMC,Zf
1322,41,1,1.43964163206094,HDGFRP3,NANOG,MEF,Homeobox
655,53,0,-2.82948399086617,CRISPLD2,TEAD4,LMC,TEA
1669,16,1,-2.03337449621201,LMNB1,ELK4,MEF,ETS
1137,32,0,-1.31503420517668,GAL3ST4,JUND,LMC,bZIP
213,49,1,-1.08500643822329,ARSB,STAT1,MEF,Stat
3239,52,1,9.86262990937473,XIST,TCF3,MEF,HMG
1268,32,0,-1.16679590504113,GPSM1,JUND,LMC,bZIP
815,24,1,-1.01143898785543,DSCC1,GABPA,MEF,ETS
2419,11,1,-1.33693537084382,RAB33A,E2F6,MEF,E2F
650,10,1,-2.94835882788418,CREG2,E2F4,MEF,E2F
402,34,0,-1.63340894061638,CCDC8,MAFK,LMC,bZIP
2343,32,1,-2.24464602061636,PRR11,JUND,MEF,bZIP
1404,8,1,-3.54086153365185,HTR2B,CUX1,MEF,Homeobox
234,3,1,-2.74791528300771,ATF7IP2,BACH1,MEF,bZIP
2959,20,0,-1.05619658421394,TEX14,FOSL2,LMC,bZIP
2386,7,0,2.05154846441403,PTPN6,CTCF,LMC,Zf
1182,52,0,1.17625315120143,GGCT,TCF3,LMC,HMG
326,49,0,2.23531811659424,C1QC,STAT1,LMC,Stat
2448,11,1,-3.64035257303217,RAPGEF5,E2F6,MEF,E2F
1572,55,1,1.40702788043446,KIF21A,USF2,MEF,bHLH
2731,53,0,2.75025264644683,SLC32A1,TEAD4,LMC,TEA
2881,13,0,-1.25513412167103,STIL,EGR1,LMC,Zf
2535,32,1,-4.82573886284107,RPS16,JUND,MEF,bZIP
12,26,0,1.40106446309571,ABCD2,GATA2,LMC,Zf
3212,32,0,-1.72349763618317,WBSCR17,JUND,LMC,bZIP
650,35,1,-2.94835882788418,CREG2,MAX,MEF,bHLH
1799,27,0,-3.42838043876164,MECOM,GATA3,LMC,Zf
1953,58,1,-6.35980245271941,NCF2,ZEB1,MEF,Zf
1335,17,1,1.04156670706997,HIST1H1C,ETS1,MEF,ETS
827,23,0,1.31630430034092,DUSP6,FOXM1,LMC,Forkhead
1660,46,1,-1.55962805425669,LIMK1,RFX5,MEF,HTH
1356,36,1,4.45295474086353,HOXA11,MAZ,MEF,Zf
212,20,1,1.23030270494439,ARRDC3,FOSL2,MEF,bZIP
607,13,0,-2.74807867343821,COL11A1,EGR1,LMC,Zf
1506,10,0,1.17759645335527,ITPR1,E2F4,LMC,E2F
3073,24,0,-1.41293644589168,TNNT3,GABPA,LMC,ETS
732,51,0,1.36123063542454,DCN,TCF12,LMC,bHLH
2547,13,0,-4.37332562700599,RSPO2,EGR1,LMC,Zf
3138,15,0,-1.6865426189192,TTLL11,ELK1,LMC,ETS
1016,47,0,-1.28239591471792,FANCD2,SP1,LMC,Zf
435,42,0,1.18467914973734,CD200,NRF1,LMC,NRF
1837,54,1,-1.1738204709846,MLF1,USF1,MEF,bHLH
2057,35,0,-2.07327400721528,NUF2,MAX,LMC,bHLH
249,51,1,1.63281306215969,ATP9A,TCF12,MEF,bHLH
1257,20,0,1.07836707927477,GPR39,FOSL2,LMC,bZIP
895,15,1,-1.81536653733997,ENO3,ELK1,MEF,ETS
122,3,0,-2.32712877798506,ALX1,BACH1,LMC,bZIP
2582,7,0,1.94404150964606,SCIN,CTCF,LMC,Zf
3186,41,1,-1.92621282947448,VANGL2,NANOG,MEF,Homeobox
2167,33,1,-1.03338798370775,PDE4A,MAFF,MEF,bZIP
559,47,1,1.50331356600909,CILP2,SP1,MEF,Zf
473,30,0,-1.72477055854409,CDCA2,IRF3,LMC,IRF
30,12,1,-1.68969657731149,ACOT4,EBF1,MEF,EBF
341,3,0,-1.25938563071944,CACNA1H,BACH1,LMC,bZIP
1187,48,0,-1.37443835803278,GGT7,SP2,LMC,Zf
623,36,1,-2.76743525203695,COL7A1,MAZ,MEF,Zf
2048,59,1,3.10482441942074,NT5E,ZKSCAN1,MEF,Zf
1059,42,1,-1.30648104502404,FGFR1,NRF1,MEF,NRF
99,35,1,1.03519575636956,AIG1,MAX,MEF,bHLH
1798,29,1,-2.33623835909844,MDK,IRF1,MEF,IRF
351,10,1,3.43618473851565,CADM4,E2F4,MEF,E2F
917,25,1,-2.15452790343404,ERCC6L,GATA1,MEF,Zf
1396,6,0,-1.54852751807933,HSPA12A,BHLHE40,LMC,bHLH
388,26,1,1.1030093266029,CCDC141,GATA2,MEF,Zf
2913,51,1,1.74643857506266,SYNGR3,TCF12,MEF,bHLH
1089,43,1,-1.22319004794223,FNIP2,PAX5,MEF,"Paired,Homeobox"
3133,43,1,2.32342847283581,TTC18,PAX5,MEF,"Paired,Homeobox"
540,33,0,-1.21082079687174,CHD3,MAFF,LMC,bZIP
156,58,1,1.07551992821496,AP3M2,ZEB1,MEF,Zf
2816,36,1,-4.21242303903556,SP110,MAZ,MEF,Zf
2710,49,0,1.87389290621927,SLC22A4,STAT1,LMC,Stat
2418,44,0,-1.00063840189489,RAB30,PBX3,LMC,Homeobox
2519,35,1,1.334965971056,RNF152,MAX,MEF,bHLH
2915,54,0,-1.14558600910547,SYNPO,USF1,LMC,bHLH
3263,10,0,1.13114050892096,ZMYND15,E2F4,LMC,E2F
658,9,1,1.70454579044603,CRNDE,E2F1,MEF,E2F
1512,26,0,-3.75514129111322,JAKMIP2,GATA2,LMC,Zf
399,51,1,2.3751815801806,CCDC65,TCF12,MEF,bHLH
2498,42,0,-1.3528609573943,RGS9BP,NRF1,LMC,NRF
2614,51,1,-1.66143168013089,SEMA4G,TCF12,MEF,bHLH
1337,46,1,1.9967466068813,HIST2H2AC,RFX5,MEF,HTH
2734,10,0,-2.55732246205919,SLC35F2,E2F4,LMC,E2F
1692,1,1,-1.07379520947069,LRIG1,ATF2,MEF,bZIP
2645,7,0,1.90813328229963,SH2D4B,CTCF,LMC,Zf
414,32,1,-3.70901129351102,CCL3,JUND,MEF,bZIP
2060,49,0,-1.29534952869874,NUP62CL,STAT1,LMC,Stat
2350,55,0,-3.07678553125054,PRRX1,USF2,LMC,bHLH
412,24,1,-1.37083219051155,CCL2,GABPA,MEF,ETS
1679,7,0,-1.54161054323492,LOXL3,CTCF,LMC,Zf
2167,14,0,-1.47607183564039,PDE4A,ELF1,LMC,ETS
201,30,0,1.52885050575936,ARID3A,IRF3,LMC,IRF
3026,17,0,1.20604148876069,TMEM180,ETS1,LMC,ETS
1866,17,1,-8.9216503126328,MPEG1,ETS1,MEF,ETS
2840,2,1,-2.37049912905105,SPOCD1,ATF3,MEF,bZIP
3048,43,0,1.982343941997,TMEM82,PAX5,LMC,"Paired,Homeobox"
983,35,1,1.51869558259556,FAM184B,MAX,MEF,bHLH
537,50,1,-1.01184978798121,CHAF1A,STAT3,MEF,Stat
2353,46,1,-1.6450821104451,PRSS27,RFX5,MEF,HTH
708,35,1,3.07980552831559,CYB5R2,MAX,MEF,bHLH
3190,52,0,2.29387863105191,VAV1,TCF3,LMC,HMG
3146,51,1,-1.18146208962361,TUBA1C,TCF12,MEF,bHLH
744,43,1,-3.45003810797919,DEGS2,PAX5,MEF,"Paired,Homeobox"
716,46,0,-1.08566102735893,CYP26B1,RFX5,LMC,HTH
800,24,0,-2.75860197527661,DPEP1,GABPA,LMC,ETS
988,50,1,1.57124127789086,FAM19A3,STAT3,MEF,Stat
994,36,1,1.02278867867513,FAM222A,MAZ,MEF,Zf
1791,60,1,-1.8528816001039,MCM6,ZNF263,MEF,Zf
956,17,0,1.40344479978975,FABP5,ETS1,LMC,ETS
3111,59,1,-2.16167846771077,TRIP13,ZKSCAN1,MEF,Zf
711,26,1,2.11217937635769,CYBRD1,GATA2,MEF,Zf
2950,22,1,-1.66854097421248,TCIRG1,FOXA2,MEF,Forkhead
140,58,1,-3.39000947167875,ANKRD33B,ZEB1,MEF,Zf
234,21,1,-2.74791528300771,ATF7IP2,FOXA1,MEF,Forkhead
557,6,0,-1.43008297365315,CHTF18,BHLHE40,LMC,bHLH
2615,49,0,-1.46513423498235,SEMA6A,STAT1,LMC,Stat
2817,50,0,1.65282560274896,SP140,STAT3,LMC,Stat
1969,51,1,-2.45331857180065,NEIL3,TCF12,MEF,bHLH
946,46,1,1.97088631304274,F11,RFX5,MEF,HTH
1360,7,1,-2.49612425829247,HOXA5,CTCF,MEF,Zf
1000,25,1,1.89552626490295,FAM46D,GATA1,MEF,Zf
150,50,1,-1.50638570003123,ANXA4,STAT3,MEF,Stat
2845,3,0,-1.12860791435859,SPRY1,BACH1,LMC,bZIP
1767,23,1,1.01955457792166,MAPK13,FOXM1,MEF,Forkhead
213,58,1,-1.08500643822329,ARSB,ZEB1,MEF,Zf
2992,40,0,-1.59620965406724,TLE2,MYOG,LMC,bHLH
1787,54,1,-2.53275926001282,MCM10,USF1,MEF,bHLH
2997,38,1,-1.22578015350755,TLR5,MEF2C,MEF,MADS
1015,30,1,-2.36954301173742,FANCA,IRF3,MEF,IRF
2542,22,0,-1.54415963122133,RRM2,FOXA2,LMC,Forkhead
1728,4,1,-4.94880148210494,LY86,BATF,MEF,bZIP
1859,7,0,-1.22977631970534,MNS1,CTCF,LMC,Zf
972,54,1,1.65024443617622,FAM154B,USF1,MEF,bHLH
1243,6,1,-1.02712658887003,GPR153,BHLHE40,MEF,bHLH
2758,59,1,-1.2587456809549,SLC8A1,ZKSCAN1,MEF,Zf
1984,8,1,-1.74102844682325,NFKBID,CUX1,MEF,Homeobox
1327,32,1,1.38122143751388,HFE,JUND,MEF,bZIP
1224,10,0,-2.2646875579569,GP1BB,E2F4,LMC,E2F
2770,60,0,1.14657944449594,SLIT3,ZNF263,LMC,Zf
2532,10,0,2.16290555952614,RORC,E2F4,LMC,E2F
198,60,1,-3.3044652172803,ARHGEF39,ZNF263,MEF,Zf
2422,35,1,2.12952005907301,RAB39B,MAX,MEF,bHLH
3000,47,1,-2.75552671561759,TLR9,SP1,MEF,Zf
2330,35,1,-1.38610302093725,PREX1,MAX,MEF,bHLH
1186,10,0,2.09956808965161,GGT5,E2F4,LMC,E2F
560,34,0,-1.2462805140556,CIT,MAFK,LMC,bZIP
1432,50,1,-2.60722306957974,IGSF9,STAT3,MEF,Stat
2849,15,0,1.9335069044595,SPTB,ELK1,LMC,ETS
144,27,0,-2.07929898267856,ANLN,GATA3,LMC,Zf
1688,40,1,1.32207445323226,LRCH1,MYOG,MEF,bHLH
469,46,0,-1.08880876245464,CDC42EP4,RFX5,LMC,HTH
2823,18,0,-1.74134660350485,SPAG5,FLI1,LMC,ETS
1597,7,1,-3.37533486723335,KLHL33,CTCF,MEF,Zf
1494,56,1,-1.57104123309004,ITGA9,YY1,MEF,Zf
2370,15,1,1.7110711107885,PTGDR2,ELK1,MEF,ETS
203,17,0,1.8472986595784,ARL11,ETS1,LMC,ETS
2936,46,1,-1.51053462887225,TBC1D2B,RFX5,MEF,HTH
2878,34,1,1.74008612565545,STC2,MAFK,MEF,bZIP
1396,19,0,-1.54852751807933,HSPA12A,FOS,LMC,bZIP
1027,57,0,-1.68739723753101,FBN1,ZBTB33,LMC,Zf
2596,10,1,2.93138088712567,SCX,E2F4,MEF,E2F
861,17,1,-1.62049056402303,EFHD2,ETS1,MEF,ETS
2383,58,1,-3.4084277039216,PTPN18,ZEB1,MEF,Zf
2268,13,0,1.42413422288827,PLTP,EGR1,LMC,Zf
457,35,0,1.872958774821,CD74,MAX,LMC,bHLH
665,60,1,-4.44217521118845,CSF2RB,ZNF263,MEF,Zf
2213,19,1,-6.19261489591651,PIK3CG,FOS,MEF,bZIP
3213,1,0,1.97610439531418,WDFY4,ATF2,LMC,bZIP
202,51,1,1.01188481943622,ARID5A,TCF12,MEF,bHLH
515,21,1,-1.48399593144254,CENPK,FOXA1,MEF,Forkhead
3252,49,1,-1.30944351629506,ZDHHC14,STAT1,MEF,Stat
1901,56,1,1.12093207460751,MYBL1,YY1,MEF,Zf
2681,10,1,-3.69067270048295,SLAMF7,E2F4,MEF,E2F
1327,50,0,1.75267686763674,HFE,STAT3,LMC,Stat
2263,55,0,2.65413079693609,PLN,USF2,LMC,bHLH
2085,13,1,1.96396684336509,ONECUT2,EGR1,MEF,Zf
2302,35,1,1.18188529714765,PPAPDC3,MAX,MEF,bHLH
2886,33,1,1.35412699954028,STK38L,MAFF,MEF,bZIP
414,37,0,2.27699369760861,CCL3,MEF2A,LMC,MADS
436,31,1,-4.28405831920854,CD200R1,IRF4,MEF,IRF
1277,56,1,3.21200492818692,GRHL1,YY1,MEF,Zf
2031,3,1,1.6603360818878,NQO1,BACH1,MEF,bZIP
1933,35,1,-3.07995538654105,NAALAD2,MAX,MEF,bHLH
1362,11,1,-1.78350008122568,HOXA7,E2F6,MEF,E2F
786,47,1,3.11057783728204,DNAJC6,SP1,MEF,Zf
2930,47,0,-1.81567322039661,TACR1,SP1,LMC,Zf
43,49,1,-1.10283547570767,ACY1,STAT1,MEF,Stat
1773,11,1,-1.05508208421694,MAST1,E2F6,MEF,E2F
1686,7,0,-1.27921012236517,LPP,CTCF,LMC,Zf
2453,60,0,1.91714802696767,RASD2,ZNF263,LMC,Zf
2699,46,1,-1.75701830403099,SLC16A3,RFX5,MEF,HTH
1781,55,1,-1.91399422387466,MBP,USF2,MEF,bHLH
1807,14,1,-1.82030516240533,MEIS1,ELF1,MEF,ETS
442,47,0,2.11046526460604,CD300LB,SP1,LMC,Zf
110,15,1,2.48821014538224,ALDH1A2,ELK1,MEF,ETS
1153,56,0,-1.37615733443091,GATA2,YY1,LMC,Zf
2402,52,1,-1.28053031107436,PYCARD,TCF3,MEF,HMG
1729,37,0,2.23476423899865,LY9,MEF2A,LMC,MADS
2403,36,1,-3.781902171091,PYGL,MAZ,MEF,Zf
1946,7,1,-2.06657286608671,NCAPD2,CTCF,MEF,Zf
1178,27,0,-1.42420978182455,GEN1,GATA3,LMC,Zf
1165,42,1,1.90052374476274,GCLC,NRF1,MEF,NRF
2372,51,1,-2.15192607651226,PTGER2,TCF12,MEF,bHLH
68,49,0,2.27014315431646,ADAP2,STAT1,LMC,Stat
654,55,0,-2.86949451688048,CRISPLD1,USF2,LMC,bHLH
2387,26,1,-4.42913865344,PTPN7,GATA2,MEF,Zf
369,17,1,-5.54697020537997,CASP1,ETS1,MEF,ETS
3060,36,1,-1.68245131894634,TNFRSF14,MAZ,MEF,Zf
767,3,1,2.50105789905647,DLX1,BACH1,MEF,bZIP
1946,13,1,-2.06657286608671,NCAPD2,EGR1,MEF,Zf
951,21,1,-2.06133070722262,F3,FOXA1,MEF,Forkhead
944,30,1,-1.00394440145578,EZH2,IRF3,MEF,IRF
2039,42,1,2.21571660499316,NRN1,NRF1,MEF,NRF
3071,6,0,-1.25240005240249,TNNI3K,BHLHE40,LMC,bHLH
2224,56,1,-2.26014906231889,PKMYT1,YY1,MEF,Zf
1781,56,0,1.53782581038455,MBP,YY1,LMC,Zf
3084,52,1,2.08975974775543,TPH2,TCF3,MEF,HMG
2167,51,0,-1.47607183564039,PDE4A,TCF12,LMC,bHLH
2847,8,0,1.66700330645421,SPRY4,CUX1,LMC,Homeobox
188,43,1,-3.66341907785109,ARHGAP4,PAX5,MEF,"Paired,Homeobox"
276,26,0,-2.52309707321754,BCAT1,GATA2,LMC,Zf
823,7,1,1.55888805417838,DUOX2,CTCF,MEF,Zf
2384,7,0,1.51789813509816,PTPN22,CTCF,LMC,Zf
101,1,0,2.11049061556766,AIM2,ATF2,LMC,bZIP
992,49,1,1.00646228397572,FAM212B,STAT1,MEF,Stat
1594,42,0,-1.09820656454142,KLHL13,NRF1,LMC,NRF
2285,60,0,-2.18791521896949,PODNL1,ZNF263,LMC,Zf
3090,6,1,-3.33267270585963,TRAF3IP3,BHLHE40,MEF,bHLH
2678,17,1,-1.35194087586138,SKP2,ETS1,MEF,ETS
909,10,0,-1.00616267624316,EPHB3,E2F4,LMC,E2F
1850,56,0,-1.38750787951632,MMP17,YY1,LMC,Zf
956,49,1,-1.38741182722717,FABP5,STAT1,MEF,Stat
3250,43,1,-2.39119811761079,ZC3HAV1L,PAX5,MEF,"Paired,Homeobox"
103,60,1,-1.39215846325659,AKAP12,ZNF263,MEF,Zf
1865,6,1,1.14781830061223,MPC1,BHLHE40,MEF,bHLH
3200,29,1,1.1224437930351,VMA21,IRF1,MEF,IRF
2568,35,1,1.47843825543726,SAMD12,MAX,MEF,bHLH
683,33,0,1.6376764867435,CTSB,MAFF,LMC,bZIP
1729,49,1,-4.8970427214155,LY9,STAT1,MEF,Stat
1412,4,1,1.11343240556296,IER3,BATF,MEF,bZIP
2388,1,1,-6.55393374908947,PTPRC,ATF2,MEF,bZIP
3202,10,1,1.51079967442043,VNN1,E2F4,MEF,E2F
2579,47,1,1.13765294512814,SCARA3,SP1,MEF,Zf
2647,7,0,-2.39187793851691,SH3BGR,CTCF,LMC,Zf
684,53,1,-1.47398126315698,CTSC,TEAD4,MEF,TEA
2822,43,0,-1.06304711163904,SPAG4,PAX5,LMC,"Paired,Homeobox"
2865,14,1,2.039989378885,ST8SIA1,ELF1,MEF,ETS
3245,17,0,1.10045337922545,YPEL2,ETS1,LMC,ETS
555,4,0,-1.82408911386553,CHST7,BATF,LMC,bZIP
1463,6,1,-1.11626598764505,INCENP,BHLHE40,MEF,bHLH
181,1,0,1.78604963715572,ARHGAP19,ATF2,LMC,bZIP
1214,47,1,1.14691349426281,GNAL,SP1,MEF,Zf
929,36,0,-1.30787333118885,ETS1,MAZ,LMC,Zf
403,20,1,1.62541196358019,CCDC80,FOSL2,MEF,bZIP
1432,54,1,-2.60722306957974,IGSF9,USF1,MEF,bHLH
565,32,1,-1.20092685026686,CKS1B,JUND,MEF,bZIP
109,17,1,4.06136839444615,ALDH1A1,ETS1,MEF,ETS
992,11,1,1.00646228397572,FAM212B,E2F6,MEF,E2F
795,7,1,1.38136384895226,DOCK3,CTCF,MEF,Zf
358,52,1,1.22166358080794,CAMK4,TCF3,MEF,HMG
61,50,1,-2.36338946514307,ADAMTS4,STAT3,MEF,Stat
2383,43,1,-3.4084277039216,PTPN18,PAX5,MEF,"Paired,Homeobox"
1635,12,1,1.0524637035023,LDB3,EBF1,MEF,EBF
1229,19,0,-1.54093470936659,GPC6,FOS,LMC,bZIP
2058,5,0,1.25231194291045,NUP210,BCL11A,LMC,Zf
1477,56,1,-1.28592065650619,IRF7,YY1,MEF,Zf
2046,7,0,-1.04113644878378,NT5C3B,CTCF,LMC,Zf
1260,32,0,2.07455494213152,GPR65,JUND,LMC,bZIP
1648,55,1,-1.27478146434956,LGMN,USF2,MEF,bHLH
2678,30,1,-1.35194087586138,SKP2,IRF3,MEF,IRF
38,26,0,-2.4281115859131,ACTA2,GATA2,LMC,Zf
839,13,0,-1.8998701410423,EBF1,EGR1,LMC,Zf
2203,7,1,-2.39346866936256,PHF19,CTCF,MEF,Zf
3146,56,1,-1.18146208962361,TUBA1C,YY1,MEF,Zf
2162,55,1,-1.32842226091202,PDE10A,USF2,MEF,bHLH
1173,10,1,2.45256479241788,GDF5,E2F4,MEF,E2F
1190,29,1,-1.62132130743513,GINS1,IRF1,MEF,IRF
966,49,1,-2.12873128121721,FAM111A,STAT1,MEF,Stat
442,11,0,2.11046526460604,CD300LB,E2F6,LMC,E2F
1626,33,1,-1.20721833631676,LASP1,MAFF,MEF,bZIP
2887,33,1,-1.50835202317038,STMN1,MAFF,MEF,bZIP
642,26,1,-1.81086800991375,CPXM1,GATA2,MEF,Zf
924,3,1,1.51210965522421,ESR2,BACH1,MEF,bZIP
565,51,1,-1.20092685026686,CKS1B,TCF12,MEF,bHLH
2778,7,1,-1.78456970364226,SMIM24,CTCF,MEF,Zf
591,44,1,-1.3326909212293,CNDP2,PBX3,MEF,Homeobox
1469,20,0,-1.34614119276357,INSIG1,FOSL2,LMC,bZIP
681,34,0,1.05733599739823,CTNNAL1,MAFK,LMC,bZIP
1781,40,1,-1.91399422387466,MBP,MYOG,MEF,bHLH
1819,31,1,-2.40695501424756,MFNG,IRF4,MEF,IRF
588,23,1,-1.16582428310444,CMTM3,FOXM1,MEF,Forkhead
1034,6,1,1.68462784473143,FBXO32,BHLHE40,MEF,bHLH
873,10,0,2.31733348486408,EGR3,E2F4,LMC,E2F
3111,22,1,-2.16167846771077,TRIP13,FOXA2,MEF,Forkhead
2872,8,1,-6.26581738681415,STAP1,CUX1,MEF,Homeobox
368,35,1,1.37737825561998,CASKIN1,MAX,MEF,bHLH
1309,51,1,2.21344055112129,HAND2,TCF12,MEF,bHLH
1841,32,1,3.42223870904129,MME,JUND,MEF,bZIP
2577,11,0,2.02243031636998,SBK2,E2F6,LMC,E2F
2199,42,0,-1.14057209797294,PGK1,NRF1,LMC,NRF
2777,15,0,1.33467085489491,SMARCA2,ELK1,LMC,ETS
789,50,0,-1.85212719047073,DNER,STAT3,LMC,Stat
2186,24,0,3.02360747237213,PENK,GABPA,LMC,ETS
1802,25,1,1.03338304760859,MEF2A,GATA1,MEF,Zf
974,11,1,1.71578354148826,FAM159B,E2F6,MEF,E2F
933,20,1,-1.77779361949346,EVI2A,FOSL2,MEF,bZIP
2995,8,0,2.13448467006782,TLR1,CUX1,LMC,Homeobox
1140,27,1,2.26230582996851,GALNT14,GATA3,MEF,Zf
2603,23,1,1.0266249678335,SEC61G,FOXM1,MEF,Forkhead
111,11,0,1.95083789066837,ALDH1A3,E2F6,LMC,E2F
1040,54,1,-7.41074434102203,FCER1G,USF1,MEF,bHLH
2421,50,0,-1.48115705720035,RAB38,STAT3,LMC,Stat
944,50,1,-1.00394440145578,EZH2,STAT3,MEF,Stat
193,5,0,-1.79527713898907,ARHGEF19,BCL11A,LMC,Zf
1026,51,0,-1.78999137298021,FBLN7,TCF12,LMC,bHLH
949,33,0,-1.019980760279,F2RL1,MAFF,LMC,bZIP
1820,16,0,1.56261648232915,MFSD12,ELK4,LMC,ETS
3126,10,1,1.3204466752018,TSPAN13,E2F4,MEF,E2F
336,10,1,1.16696244426801,CABLES1,E2F4,MEF,E2F
2127,46,0,-1.00905862488966,PARVA,RFX5,LMC,HTH
1369,17,1,-1.03793502410556,HOXB7,ETS1,MEF,ETS
2502,28,0,-1.53561175560559,RHOF,HNF4A,LMC,NR
2953,36,0,1.39186676290857,TECPR1,MAZ,LMC,Zf
914,6,1,-3.88489412042666,EPSTI1,BHLHE40,MEF,bHLH
144,59,1,-2.61285486595035,ANLN,ZKSCAN1,MEF,Zf
2624,22,1,1.1846224788666,SERPINC1,FOXA2,MEF,Forkhead
2050,7,1,1.67196916637927,NTNG1,CTCF,MEF,Zf
264,35,0,1.45937393436724,B4GALT5,MAX,LMC,bHLH
3190,13,0,2.29387863105191,VAV1,EGR1,LMC,Zf
2938,47,1,1.88676760580032,TBX18,SP1,MEF,Zf
2761,56,1,1.34553666729425,SLC9A2,YY1,MEF,Zf
1605,23,0,-1.70392299590538,KNTC1,FOXM1,LMC,Forkhead
1944,11,1,1.45496705904021,NCALD,E2F6,MEF,E2F
1024,6,1,-3.01491576767081,FBLN2,BHLHE40,MEF,bHLH
875,32,1,-1.34853539641118,EHHADH,JUND,MEF,bZIP
3261,42,1,1.07594447809791,ZKSCAN4,NRF1,MEF,NRF
1612,34,0,2.57360812690163,KYNU,MAFK,LMC,bZIP
1069,35,0,-1.54011437072804,FIGF,MAX,LMC,bHLH
229,20,1,-2.81717383669163,ASPM,FOSL2,MEF,bZIP
276,4,1,-1.03013751610087,BCAT1,BATF,MEF,bZIP
3216,8,1,-1.08750493293003,WDR90,CUX1,MEF,Homeobox
399,32,1,2.3751815801806,CCDC65,JUND,MEF,bZIP
2867,27,0,1.85982327350458,ST8SIA4,GATA3,LMC,Zf
1385,35,1,-3.20156166711651,HPGD,MAX,MEF,bHLH
526,43,0,-1.55044439537775,CEP72,PAX5,LMC,"Paired,Homeobox"
3247,32,1,1.21337404988146,ZBTB7C,JUND,MEF,bZIP
2465,12,0,1.98413164369594,RASSF9,EBF1,LMC,EBF
2319,15,1,2.1115367325484,PPP1R9A,ELK1,MEF,ETS
215,42,0,-1.36158889535435,ARSJ,NRF1,LMC,NRF
943,59,1,-1.15473808336152,EYA4,ZKSCAN1,MEF,Zf
2784,33,0,1.22877430824847,SMPDL3A,MAFF,LMC,bZIP
2012,6,1,2.32640773297415,NOG,BHLHE40,MEF,bHLH
203,17,1,-5.6908155229685,ARL11,ETS1,MEF,ETS
2603,35,1,1.0266249678335,SEC61G,MAX,MEF,bHLH
531,16,1,1.21928716189159,CFAP61,ELK4,MEF,ETS
3208,1,1,2.42301682209348,VWC2,ATF2,MEF,bZIP
2245,45,1,1.39513960986858,PLEK2,PRDM1,MEF,Zf
1900,15,1,-2.16305225779513,MXD3,ELK1,MEF,ETS
3168,17,1,-3.58686645117172,ULBP1,ETS1,MEF,ETS
732,27,0,1.36123063542454,DCN,GATA3,LMC,Zf
1031,1,1,-1.24967716659756,FBXL8,ATF2,MEF,bZIP
1228,12,1,2.19092246900639,GPC5,EBF1,MEF,EBF
585,7,1,1.8285992255709,CLU,CTCF,MEF,Zf
2710,15,0,1.87389290621927,SLC22A4,ELK1,LMC,ETS
1380,25,0,2.66649461859052,HOXD8,GATA1,LMC,Zf
39,19,1,-1.17835208367133,ACTB,FOS,MEF,bZIP
1791,18,1,-1.8528816001039,MCM6,FLI1,MEF,ETS
1136,47,0,-1.94189754480789,GAL3ST1,SP1,LMC,Zf
2801,1,0,-2.17679837825356,SOBP,ATF2,LMC,bZIP
135,15,1,1.891154015069,ANGPTL7,ELK1,MEF,ETS
892,22,0,-1.24022767781261,ENAH,FOXA2,LMC,Forkhead
2034,30,1,1.69022432355717,NR3C2,IRF3,MEF,IRF
2324,18,1,-1.08146216479517,PRCP,FLI1,MEF,ETS
1580,43,1,1.73758195883596,KIF5C,PAX5,MEF,"Paired,Homeobox"
800,60,0,-2.75860197527661,DPEP1,ZNF263,LMC,Zf
381,53,1,1.13944539082864,CCDC103,TEAD4,MEF,TEA
1103,47,0,-1.1218794612056,FOXP1,SP1,LMC,Zf
1044,52,1,-5.35759327366017,FERMT3,TCF3,MEF,HMG
3007,27,0,1.50050395055643,TMEM106A,GATA3,LMC,Zf
2871,46,0,-1.81588006159571,STAG3,RFX5,LMC,HTH
815,3,1,-1.01143898785543,DSCC1,BACH1,MEF,bZIP
268,19,0,-1.07278561871818,BAIAP2,FOS,LMC,bZIP
457,51,0,1.872958774821,CD74,TCF12,LMC,bHLH
2289,40,1,-1.15837612128203,POLD1,MYOG,MEF,bHLH
1243,0,0,-1.11359055206435,GPR153,ATF1,LMC,bZIP
1872,3,1,-1.07194398775039,MRC2,BACH1,MEF,bZIP
1104,11,0,-2.14758838833704,FOXP2,E2F6,LMC,E2F
1551,55,1,-2.83262088040282,KCNK13,USF2,MEF,bHLH
108,34,1,1.07862740724675,ALCAM,MAFK,MEF,bZIP
2452,30,0,1.99174899636394,RASAL3,IRF3,LMC,IRF
2337,43,0,1.66170836484508,PRKCH,PAX5,LMC,"Paired,Homeobox"
2432,32,1,-1.5926751107119,RAD51AP1,JUND,MEF,bZIP
1660,47,0,-1.13226619033388,LIMK1,SP1,LMC,Zf
827,55,0,1.31630430034092,DUSP6,USF2,LMC,bHLH
1562,41,0,-1.33389002552835,KCTD8,NANOG,LMC,Homeobox
1086,13,0,-1.68816669515839,FNDC1,EGR1,LMC,Zf
1570,51,1,-2.64838673861431,KIF20A,TCF12,MEF,bHLH
1388,60,0,1.36297557427342,HRASLS,ZNF263,LMC,Zf
2618,7,1,1.10324297549979,SERINC2,CTCF,MEF,Zf
3178,7,0,1.14931869116145,UPK3B,CTCF,LMC,Zf
2324,36,1,-1.08146216479517,PRCP,MAZ,MEF,Zf
1924,54,0,2.05298960149613,MYO5B,USF1,LMC,bHLH
2330,59,1,-1.38610302093725,PREX1,ZKSCAN1,MEF,Zf
518,59,1,-1.46993038048477,CENPP,ZKSCAN1,MEF,Zf
946,8,1,1.97088631304274,F11,CUX1,MEF,Homeobox
2979,34,1,-5.70150854605767,THEMIS2,MAFK,MEF,bZIP
2459,34,1,-1.39545144247547,RASGRP3,MAFK,MEF,bZIP
2627,34,0,2.34713661645734,SERPINE3,MAFK,LMC,bZIP
905,12,1,1.3882745875605,EPHA3,EBF1,MEF,EBF
1724,26,0,2.72770546746687,LUM,GATA2,LMC,Zf
2224,42,1,-2.26014906231889,PKMYT1,NRF1,MEF,NRF
2258,27,1,1.11911637123027,PLIN5,GATA3,MEF,Zf
1817,20,0,-4.21518342111763,MFAP4,FOSL2,LMC,bZIP
2693,33,0,1.05954413123607,SLC16A1,MAFF,LMC,bZIP
2592,1,1,-1.49631929595084,SCRT1,ATF2,MEF,bZIP
2815,31,1,-2.19314508406099,SP100,IRF4,MEF,IRF
2592,26,1,-1.49631929595084,SCRT1,GATA2,MEF,Zf
1971,55,1,-1.21916925390327,NEK6,USF2,MEF,bHLH
1992,22,1,1.44923868568797,NIPAL2,FOXA2,MEF,Forkhead
1027,53,0,-1.68739723753101,FBN1,TEAD4,LMC,TEA
646,12,0,1.44373091276632,CRB2,EBF1,LMC,EBF
122,16,0,-2.32712877798506,ALX1,ELK4,LMC,ETS
1613,56,0,2.4317777613676,LAD1,YY1,LMC,Zf
2763,11,1,-1.53388752706097,SLC9A5,E2F6,MEF,E2F
2349,38,0,-1.15565361783334,PRRT2,MEF2C,LMC,MADS
467,44,0,-1.81097196316204,CDC25C,PBX3,LMC,Homeobox
659,36,1,2.27806614278137,CRYAB,MAZ,MEF,Zf
2481,35,1,1.37011707392411,REC8,MAX,MEF,bHLH
382,0,1,1.58885651915645,CCDC113,ATF1,MEF,bZIP
431,24,1,-2.0295776132404,CCRL2,GABPA,MEF,ETS
1738,48,1,1.18278975969267,LZTFL1,SP2,MEF,Zf
2344,35,0,2.37482787571774,PRR15,MAX,LMC,bHLH
640,36,1,2.11611963339668,CPNE7,MAZ,MEF,Zf
359,3,0,-1.59344287396463,CAMKK1,BACH1,LMC,bZIP
31,9,1,-1.0644913970013,ACOT7,E2F1,MEF,E2F
728,51,0,-1.08951110478474,DCBLD1,TCF12,LMC,bHLH
586,8,0,-1.51585649307847,CLYBL,CUX1,LMC,Homeobox
3190,29,0,2.29387863105191,VAV1,IRF1,LMC,IRF
561,8,1,2.25513078197246,CITED4,CUX1,MEF,Homeobox
1031,52,1,-1.24967716659756,FBXL8,TCF3,MEF,HMG
1395,21,1,1.04373265354892,HSD17B1,FOXA1,MEF,Forkhead
499,11,0,-1.08134160329322,CDR2L,E2F6,LMC,E2F
1588,22,0,-2.56633169713976,KLF12,FOXA2,LMC,Forkhead
3114,34,1,-3.24269386734528,TROAP,MAFK,MEF,bZIP
1165,47,1,1.90052374476274,GCLC,SP1,MEF,Zf
426,15,1,1.35703714806187,CCNO,ELK1,MEF,ETS
1944,36,1,1.45496705904021,NCALD,MAZ,MEF,Zf
1976,51,1,1.28300620910815,NET1,TCF12,MEF,bHLH
766,7,1,-1.28852826885294,DLL1,CTCF,MEF,Zf
240,44,0,1.60328158259357,ATP1B1,PBX3,LMC,Homeobox
1481,27,1,2.32183354628202,IRX3,GATA3,MEF,Zf
562,37,0,-1.84132809551671,CKAP2,MEF2A,LMC,MADS
449,35,0,2.05944778582307,CD48,MAX,LMC,bHLH
631,51,1,-1.04533746512875,CORO1C,TCF12,MEF,bHLH
2371,54,0,1.82345997643557,PTGDS,USF1,LMC,bHLH
111,56,0,1.95083789066837,ALDH1A3,YY1,LMC,Zf
159,36,1,-1.38028441051787,APBB1IP,MAZ,MEF,Zf
2505,17,0,1.90830758048252,RHPN2,ETS1,LMC,ETS
1270,28,0,-1.15641920811441,GPX7,HNF4A,LMC,NR
1900,25,0,-2.81354840009658,MXD3,GATA1,LMC,Zf
913,2,1,2.0391352755535,EPS8L2,ATF3,MEF,bZIP
1023,35,0,-2.49780599597722,FBLN1,MAX,LMC,bHLH
2990,51,0,-1.64263124238285,TK1,TCF12,LMC,bHLH
3201,20,1,-1.60594919228545,VMO1,FOSL2,MEF,bZIP
339,47,0,2.19194013816375,CACNA1D,SP1,LMC,Zf
529,13,1,1.21345195946999,CETN2,EGR1,MEF,Zf
2565,35,1,-2.100711636016,S1PR3,MAX,MEF,bHLH
2504,43,1,-1.95876977809436,RHOV,PAX5,MEF,"Paired,Homeobox"
1495,1,0,2.79700636427882,ITGAL,ATF2,LMC,bZIP
591,58,1,-1.3326909212293,CNDP2,ZEB1,MEF,Zf
2504,3,1,-1.95876977809436,RHOV,BACH1,MEF,bZIP
303,22,1,1.45646153834468,BMP8B,FOXA2,MEF,Forkhead
2228,58,1,2.24473724848216,PLA2G2E,ZEB1,MEF,Zf
2334,53,1,-1.54332130188628,PRKAR2B,TEAD4,MEF,TEA
185,17,0,1.22609652976325,ARHGAP29,ETS1,LMC,ETS
2612,52,1,-4.22659102186172,SEMA4D,TCF3,MEF,HMG
2764,44,1,-1.71721205740483,SLC9A9,PBX3,MEF,Homeobox
521,36,1,-1.47290606283231,CENPU,MAZ,MEF,Zf
443,17,1,-6.65576902925866,CD300LD,ETS1,MEF,ETS
407,0,1,1.03514271363307,CCDC90B,ATF1,MEF,bZIP
584,8,0,1.84292164698875,CLSTN3,CUX1,LMC,Homeobox
1044,46,0,2.03531170334419,FERMT3,RFX5,LMC,HTH
1401,53,0,-1.60518595987966,HSPB6,TEAD4,LMC,TEA
181,24,1,-2.885756251564,ARHGAP19,GABPA,MEF,ETS
1985,3,1,-1.28643228073091,NGF,BACH1,MEF,bZIP
1717,5,0,-1.25931102077003,LSP1,BCL11A,LMC,Zf
827,26,0,1.31630430034092,DUSP6,GATA2,LMC,Zf
286,2,0,-1.6433271259986,BEST1,ATF3,LMC,bZIP
2166,46,1,-2.97331523072642,PDE3B,RFX5,MEF,HTH
3259,11,1,-1.68425029454218,ZIC1,E2F6,MEF,E2F
2681,31,0,2.20950648821622,SLAMF7,IRF4,LMC,IRF
3119,8,1,-1.36963549843397,TRPV2,CUX1,MEF,Homeobox
480,27,0,-1.80943237310509,CDH10,GATA3,LMC,Zf
618,34,1,-2.54653173396879,COL4A1,MAFK,MEF,bZIP
562,31,0,-1.84132809551671,CKAP2,IRF4,LMC,IRF
700,22,1,-1.84700508578457,CXCL12,FOXA2,MEF,Forkhead
2734,36,0,-2.55732246205919,SLC35F2,MAZ,LMC,Zf
2747,31,0,1.18552058951319,SLC44A1,IRF4,LMC,IRF
831,34,1,1.24284518660575,DYNC2LI1,MAFK,MEF,bZIP
1289,56,1,-2.2405085887341,GRM7,YY1,MEF,Zf
773,6,0,-1.68084694013253,DMPK,BHLHE40,LMC,bHLH
1618,14,1,2.02536886419006,LAMA5,ELF1,MEF,ETS
3224,11,0,-1.2723089681888,WNK4,E2F6,LMC,E2F
420,56,1,-2.27382926630875,CCNA2,YY1,MEF,Zf
521,27,1,-1.47290606283231,CENPU,GATA3,MEF,Zf
1033,53,1,1.37290435493264,FBXO27,TEAD4,MEF,TEA
1697,46,0,-1.53337520776607,LRRC16A,RFX5,LMC,HTH
827,58,0,1.31630430034092,DUSP6,ZEB1,LMC,Zf
8,53,0,-1.13492430155845,ABCA5,TEAD4,LMC,TEA
904,59,1,1.05128946083192,EPHA2,ZKSCAN1,MEF,Zf
1961,43,1,1.0186923629936,NDRG3,PAX5,MEF,"Paired,Homeobox"
3074,16,0,1.95037145184557,TNS4,ELK4,LMC,ETS
1332,49,1,-1.80828432123008,HIC1,STAT1,MEF,Stat
2452,24,0,1.99174899636394,RASAL3,GABPA,LMC,ETS
2084,59,0,2.94695522618019,OLR1,ZKSCAN1,LMC,Zf
511,24,0,-2.02810264729647,CENPE,GABPA,LMC,ETS
1344,13,0,-1.06304399815731,HMGCS1,EGR1,LMC,Zf
2107,35,1,1.19104829786541,P4HTM,MAX,MEF,bHLH
2090,49,1,1.48097195977724,OSBPL3,STAT1,MEF,Stat
895,22,0,-2.74176093683303,ENO3,FOXA2,LMC,Forkhead
3097,24,0,2.5661717834217,TREML2,GABPA,LMC,ETS
2970,44,1,1.23882960320647,TGFB2,PBX3,MEF,Homeobox
2070,35,0,2.37988849728914,OAS2,MAX,LMC,bHLH
497,54,1,1.92468134169098,CDO1,USF1,MEF,bHLH
2660,52,1,-2.91155511354678,SHCBP1,TCF3,MEF,HMG
853,7,0,3.15296340912355,EEF1A2,CTCF,LMC,Zf
544,14,1,1.52613161639565,CHMP4C,ELF1,MEF,ETS
1192,33,1,1.31110381344773,GIPC2,MAFF,MEF,bZIP
2564,6,1,-1.20488236911413,S1PR2,BHLHE40,MEF,bHLH
2536,49,1,4.09881469049758,RPS27,STAT1,MEF,Stat
3146,35,1,-1.18146208962361,TUBA1C,MAX,MEF,bHLH
593,46,1,2.74099485741018,CNKSR1,RFX5,MEF,HTH
54,11,0,-1.06071433236995,ADAMTS1,E2F6,LMC,E2F
2756,6,0,2.04133615806583,SLC7A14,BHLHE40,LMC,bHLH
623,16,0,-1.19753259376575,COL7A1,ELK4,LMC,ETS
582,24,0,1.38792844422219,CLN3,GABPA,LMC,ETS
1031,2,1,-1.24967716659756,FBXL8,ATF3,MEF,bZIP
1292,14,0,1.18024367524871,GSDMD,ELF1,LMC,ETS
1416,11,1,1.41048238806938,IFNLR1,E2F6,MEF,E2F
23,14,0,-1.05465921556064,ACAT2,ELF1,LMC,ETS
529,21,1,1.21345195946999,CETN2,FOXA1,MEF,Forkhead
1778,10,0,-3.21531392164049,MATN3,E2F4,LMC,E2F
712,51,1,-3.04220850419268,CYGB,TCF12,MEF,bHLH
365,60,1,-4.50319938477147,CARD9,ZNF263,MEF,Zf
1814,2,1,1.05357159098522,METTL21A,ATF3,MEF,bZIP
1760,50,0,1.0684023208603,MAP3K1,STAT3,LMC,Stat
1592,1,1,3.37424913401424,KLHDC7A,ATF2,MEF,bZIP
178,11,1,-2.02334125806666,ARHGAP10,E2F6,MEF,E2F
2372,25,1,-2.15192607651226,PTGER2,GATA1,MEF,Zf
2745,59,0,1.9025481432666,SLC43A2,ZKSCAN1,LMC,Zf
968,54,1,-2.03237435080003,FAM131B,USF1,MEF,bHLH
1626,43,1,-1.20721833631676,LASP1,PAX5,MEF,"Paired,Homeobox"
504,36,0,2.31604501349068,CEBPA,MAZ,LMC,Zf
614,58,1,2.80531231059661,COL22A1,ZEB1,MEF,Zf
188,28,1,-3.66341907785109,ARHGAP4,HNF4A,MEF,NR
1577,10,1,-1.29232054600738,KIF27,E2F4,MEF,E2F
2693,51,0,1.05954413123607,SLC16A1,TCF12,LMC,bHLH
846,21,0,-2.18809247674176,ECM2,FOXA1,LMC,Forkhead
3101,53,0,-1.46144599891915,TRHDE,TEAD4,LMC,TEA
625,44,1,1.2030634109061,COL9A3,PBX3,MEF,Homeobox
1031,51,1,-1.24967716659756,FBXL8,TCF12,MEF,bHLH
982,7,1,1.9927673408171,FAM184A,CTCF,MEF,Zf
1783,10,0,-2.61767842709454,MCAM,E2F4,LMC,E2F
449,23,0,2.05944778582307,CD48,FOXM1,LMC,Forkhead
1401,24,1,1.38533707225827,HSPB6,GABPA,MEF,ETS
1123,16,0,1.42329473898804,FTH1,ELK4,LMC,ETS
150,24,1,-1.50638570003123,ANXA4,GABPA,MEF,ETS
2921,23,0,1.48137164102884,SYT8,FOXM1,LMC,Forkhead
556,11,1,-1.31285877421793,CHSY3,E2F6,MEF,E2F
1828,49,0,1.49280612326672,MICALCL,STAT1,LMC,Stat
2,43,0,-1.88937087988558,AARD,PAX5,LMC,"Paired,Homeobox"
278,10,0,-2.49068744677869,BCL11A,E2F4,LMC,E2F
2174,32,0,-1.12952040014732,PDGFD,JUND,LMC,bZIP
709,32,1,-1.66905437630875,CYBA,JUND,MEF,bZIP
1979,13,0,-1.22558840498042,NEXN,EGR1,LMC,Zf
2944,56,1,-3.87782145502005,TBXAS1,YY1,MEF,Zf
1604,14,1,-2.53686917064916,KNSTRN,ELF1,MEF,ETS
161,7,0,-1.05696766770842,APH1B,CTCF,LMC,Zf
1742,2,0,1.27719188336983,MADD,ATF3,LMC,bZIP
1293,7,1,-1.20183473023942,GSG1L,CTCF,MEF,Zf
828,36,1,-1.81246562273718,DUSP9,MAZ,MEF,Zf
2716,56,1,-1.50394993507876,SLC25A45,YY1,MEF,Zf
2929,14,0,-1.14419748841923,TACC3,ELF1,LMC,ETS
1338,15,0,1.37703027394907,HIVEP3,ELK1,LMC,ETS
2920,23,1,2.08463741083142,SYT7,FOXM1,MEF,Forkhead
600,35,1,-1.02011348438515,CNRIP1,MAX,MEF,bHLH
1460,56,1,1.04889579230931,ILDR2,YY1,MEF,Zf
2318,57,1,1.4274717173054,PPP1R42,ZBTB33,MEF,Zf
2930,44,1,2.51642113242279,TACR1,PBX3,MEF,Homeobox
2699,14,1,-1.75701830403099,SLC16A3,ELF1,MEF,ETS
1531,32,0,1.72895569764727,KCNB1,JUND,LMC,bZIP
2384,43,1,1.93102337372878,PTPN22,PAX5,MEF,"Paired,Homeobox"
1311,50,1,7.38466154151092,HAPLN1,STAT3,MEF,Stat
2615,50,0,-1.46513423498235,SEMA6A,STAT3,LMC,Stat
936,21,1,-2.52360441550634,EXO1,FOXA1,MEF,Forkhead
662,55,1,3.51310919146917,CRYM,USF2,MEF,bHLH
2649,56,0,1.46182859762208,SH3BP2,YY1,LMC,Zf
525,15,0,-1.50796370389008,CEP55,ELK1,LMC,ETS
1383,48,0,3.90815789057665,HPCAL4,SP2,LMC,Zf
1357,54,0,-1.81722137187069,HOXA2,USF1,LMC,bHLH
1421,49,1,-1.30620556259726,IGF2BP3,STAT1,MEF,Stat
726,27,1,-2.33568048432398,DACT2,GATA3,MEF,Zf
906,49,1,-1.12533092416643,EPHA4,STAT1,MEF,Stat
965,27,1,1.21645357704,FAM110C,GATA3,MEF,Zf
1983,14,0,2.32118248880711,NFE2L3,ELF1,LMC,ETS
2324,26,0,-1.08241107682554,PRCP,GATA2,LMC,Zf
3206,40,1,1.84179834451776,VWA1,MYOG,MEF,bHLH
2684,19,1,-5.25360024162472,SLC11A1,FOS,MEF,bZIP
752,32,1,1.79135272907089,DGKG,JUND,MEF,bZIP
829,11,0,-1.17747353187961,DUT,E2F6,LMC,E2F
246,34,0,1.18330327912453,ATP6V1B2,MAFK,LMC,bZIP
983,6,1,1.51869558259556,FAM184B,BHLHE40,MEF,bHLH
1189,18,1,1.73638195930374,GIMAP6,FLI1,MEF,ETS
3257,54,0,1.0511478044441,ZFPM1,USF1,LMC,bHLH
935,15,1,-1.93427783380951,EVL,ELK1,MEF,ETS
1900,11,1,-2.16305225779513,MXD3,E2F6,MEF,E2F
3062,4,0,1.39526638579777,TNFRSF1B,BATF,LMC,bZIP
2218,56,1,1.38151712699702,PIP5K1B,YY1,MEF,Zf
2343,55,1,-2.24464602061636,PRR11,USF2,MEF,bHLH
1591,59,1,1.24681343695408,KLF9,ZKSCAN1,MEF,Zf
1550,52,1,2.53549357349713,KCNK1,TCF3,MEF,HMG
2508,6,1,1.45817436645664,RIMS3,BHLHE40,MEF,bHLH
1522,32,1,1.08597430065433,KBTBD8,JUND,MEF,bZIP
1298,12,0,1.79871714318156,GSTA4,EBF1,LMC,EBF
1717,23,0,-1.25931102077003,LSP1,FOXM1,LMC,Forkhead
2963,55,1,1.44393337399669,TFCP2L1,USF2,MEF,bHLH
2660,6,0,-1.82184640624353,SHCBP1,BHLHE40,LMC,bHLH
2741,47,0,1.76513142544521,SLC39A4,SP1,LMC,Zf
2541,15,1,-1.46648013064874,RRM1,ELK1,MEF,ETS
100,58,0,1.80170248274046,AIM1,ZEB1,LMC,Zf
944,32,0,-1.00757252383823,EZH2,JUND,LMC,bZIP
3112,19,0,-1.02635930451426,TRNP1,FOS,LMC,bZIP
2623,13,1,1.52073728267155,SERPINB8,EGR1,MEF,Zf
2109,51,0,-1.8177228835142,PACSIN3,TCF12,LMC,bHLH
3006,36,0,-1.06419111424311,TMEFF2,MAZ,LMC,Zf
2575,56,0,1.95698653717505,SASH3,YY1,LMC,Zf
317,17,0,1.98250644378338,BTK,ETS1,LMC,ETS
2838,7,1,-4.32803056240979,SPN,CTCF,MEF,Zf
2603,54,1,1.0266249678335,SEC61G,USF1,MEF,bHLH
921,28,1,-2.39917654570674,ESCO2,HNF4A,MEF,NR
1796,35,0,-1.30020741696178,MDGA1,MAX,LMC,bHLH
692,7,1,1.88130965188566,CTTNBP2,CTCF,MEF,Zf
2107,15,1,1.19104829786541,P4HTM,ELK1,MEF,ETS
517,36,0,-1.36881504159307,CENPN,MAZ,LMC,Zf
2788,2,1,2.89373361638536,SNAI3,ATF3,MEF,bZIP
2768,6,1,-2.04755943909103,SLCO4A1,BHLHE40,MEF,bHLH
3214,20,1,1.09212177471396,WDR35,FOSL2,MEF,bZIP
2888,46,1,2.78456791241067,STMN2,RFX5,MEF,HTH
549,32,0,1.26910600541431,CHRNA2,JUND,LMC,bZIP
1533,3,0,1.61862340966414,KCNC2,BACH1,LMC,bZIP
2736,34,1,2.09488654749349,SLC35G1,MAFK,MEF,bZIP
211,40,0,1.53336216995019,ARRB2,MYOG,LMC,bHLH
2477,10,0,1.33222995778471,RCAN2,E2F4,LMC,E2F
276,42,0,-2.52309707321754,BCAT1,NRF1,LMC,NRF
2125,6,0,1.67444194494018,PARP14,BHLHE40,LMC,bHLH
1522,15,1,1.08597430065433,KBTBD8,ELK1,MEF,ETS
1699,51,0,3.43134522276188,LRRC2,TCF12,LMC,bHLH
1614,19,0,-1.96191913902181,LAG3,FOS,LMC,bZIP
2739,34,0,1.07554724816405,SLC39A10,MAFK,LMC,bZIP
2375,25,1,-1.54785588948123,PTGIR,GATA1,MEF,Zf
891,54,0,3.15016131621519,EN2,USF1,LMC,bHLH
1978,51,0,1.1023682648514,NEURL3,TCF12,LMC,bHLH
226,55,1,-2.12606281183785,ASF1B,USF2,MEF,bHLH
3040,11,0,-1.15867301067613,TMEM38A,E2F6,LMC,E2F
2139,35,1,3.84729240398161,PCDH20,MAX,MEF,bHLH
2039,51,1,2.21571660499316,NRN1,TCF12,MEF,bHLH
3255,8,0,-1.03149291006368,ZFP41,CUX1,LMC,Homeobox
466,47,1,-1.50814193249096,CDC25B,SP1,MEF,Zf
2764,49,1,-1.71721205740483,SLC9A9,STAT1,MEF,Stat
802,36,0,-1.26644254885578,DPF1,MAZ,LMC,Zf
423,32,1,-1.02075811413919,CCNE1,JUND,MEF,bZIP
1351,60,1,-1.16510410994394,HOGA1,ZNF263,MEF,Zf
2074,22,0,2.15190725480677,OCLN,FOXA2,LMC,Forkhead
3250,23,1,-2.39119811761079,ZC3HAV1L,FOXM1,MEF,Forkhead
514,30,1,-2.23863783136101,CENPI,IRF3,MEF,IRF
16,49,1,-2.05030147335999,ABHD15,STAT1,MEF,Stat
1748,35,1,1.62485638729586,MALL,MAX,MEF,bHLH
2111,36,1,-1.2449400998678,PADI2,MAZ,MEF,Zf
2647,10,0,-2.39187793851691,SH3BGR,E2F4,LMC,E2F
2779,37,1,1.10158499878209,SMIM8,MEF2A,MEF,MADS
1475,7,1,-2.83898973234667,IRF5,CTCF,MEF,Zf
1482,4,0,1.42105511718159,ISG15,BATF,LMC,bZIP
1062,24,1,-1.28672835254561,FGGY,GABPA,MEF,ETS
594,51,1,2.06692287266867,CNKSR2,TCF12,MEF,bHLH
3074,47,1,1.9111052509538,TNS4,SP1,MEF,Zf
1280,55,1,1.6184334345133,GRIA4,USF2,MEF,bHLH
27,49,1,2.18449933550891,ACKR3,STAT1,MEF,Stat
1805,54,1,2.53388208972454,MEIG1,USF1,MEF,bHLH
2468,57,0,1.15511136373488,RBKS,ZBTB33,LMC,Zf
3165,47,0,2.25380930016082,UCP2,SP1,LMC,Zf
2479,49,0,1.00352479153394,RCSD1,STAT1,LMC,Stat
1701,36,0,-1.25291696020209,LRRC3,MAZ,LMC,Zf
1031,46,1,-1.24967716659756,FBXL8,RFX5,MEF,HTH
2970,51,0,-1.58578942419484,TGFB2,TCF12,LMC,bHLH
684,43,1,-1.47398126315698,CTSC,PAX5,MEF,"Paired,Homeobox"
2496,43,0,-1.87567434541817,RGS5,PAX5,LMC,"Paired,Homeobox"
2850,49,1,1.15748359100971,SQRDL,STAT1,MEF,Stat
1569,32,0,-1.70112877149519,KIF18B,JUND,LMC,bZIP
1008,43,1,1.5137643253142,FAM81A,PAX5,MEF,"Paired,Homeobox"
2997,38,1,-1.22578015350755,TLR5,MEF2C,MEF,MADS
1951,19,0,1.45744396290933,NCEH1,FOS,LMC,bZIP
496,7,0,-1.45528793892123,CDKN3,CTCF,LMC,Zf
2592,24,1,-1.49631929595084,SCRT1,GABPA,MEF,ETS
1317,36,0,1.70978485285036,HCLS1,MAZ,LMC,Zf
1219,46,0,2.02429077604181,GNGT2,RFX5,LMC,HTH
1335,13,1,1.04156670706997,HIST1H1C,EGR1,MEF,Zf
2339,14,1,1.18282904764798,PROCR,ELF1,MEF,ETS
3169,25,0,1.19459241376061,UNC13B,GATA1,LMC,Zf
3046,11,0,2.28932160921148,TMEM59L,E2F6,LMC,E2F
2552,60,1,-3.71580162124379,RTN4RL1,ZNF263,MEF,Zf
885,12,1,-2.33876283152591,EME1,EBF1,MEF,EBF
44,37,1,1.57259468973211,ACY3,MEF2A,MEF,MADS
1501,4,1,-1.45200703686311,ITGB7,BATF,MEF,bZIP
1547,51,0,1.42554039435721,KCNJ2,TCF12,LMC,bHLH
870,15,1,-1.20899941824855,EGLN3,ELK1,MEF,ETS
2849,51,1,-1.63063211909057,SPTB,TCF12,MEF,bHLH
1707,60,0,-1.03571775424831,LRRC8E,ZNF263,LMC,Zf
1693,15,1,-4.99758855508105,LRMP,ELK1,MEF,ETS
8,32,0,-1.13492430155845,ABCA5,JUND,LMC,bZIP
2191,14,1,-1.12489024784302,PFKFB3,ELF1,MEF,ETS
2797,2,1,1.20718208298321,SNX16,ATF3,MEF,bZIP
611,21,1,-1.33503170309655,COL16A1,FOXA1,MEF,Forkhead
715,52,1,1.4558525131314,CYP1B1,TCF3,MEF,HMG
1240,25,1,1.54315789604289,GPR137C,GATA1,MEF,Zf
2402,43,0,1.58111116420939,PYCARD,PAX5,LMC,"Paired,Homeobox"
1775,59,0,-1.29454940292656,MASTL,ZKSCAN1,LMC,Zf
2323,6,1,-2.63906110655865,PRC1,BHLHE40,MEF,bHLH
2041,3,1,-3.86600513615225,NRROS,BACH1,MEF,bZIP
1913,21,0,1.12680224428471,MYLIP,FOXA1,LMC,Forkhead
299,32,1,4.14806575686464,BMP4,JUND,MEF,bZIP
1936,22,1,2.5054828141358,NALCN,FOXA2,MEF,Forkhead
1253,56,1,1.47966170189007,GPR3,YY1,MEF,Zf
3015,20,0,1.30655408629672,TMEM140,FOSL2,LMC,bZIP
2197,34,1,-1.74476393898878,PGBD5,MAFK,MEF,bZIP
1485,40,1,1.4915516330555,ISM1,MYOG,MEF,bHLH
1735,60,0,-1.69680530365662,LYSMD2,ZNF263,LMC,Zf
3077,26,0,-1.50867268856158,TOM1L1,GATA2,LMC,Zf
3162,19,1,-1.57637625372954,UBE2T,FOS,MEF,bZIP
159,35,1,-1.38028441051787,APBB1IP,MAX,MEF,bHLH
144,12,0,-2.07929898267856,ANLN,EBF1,LMC,EBF
364,16,1,1.14635570776145,CAPS2,ELK4,MEF,ETS
934,1,1,-4.11974488759282,EVI2B,ATF2,MEF,bZIP
3250,19,1,-2.39119811761079,ZC3HAV1L,FOS,MEF,bZIP
1807,34,1,-1.82030516240533,MEIS1,MAFK,MEF,bZIP
556,11,0,-1.5919068964405,CHSY3,E2F6,LMC,E2F
23,54,0,-1.05465921556064,ACAT2,USF1,LMC,bHLH
2302,56,1,1.18188529714765,PPAPDC3,YY1,MEF,Zf
1068,34,0,-1.76573143608257,FIBIN,MAFK,LMC,bZIP
560,47,1,-2.94547441181437,CIT,SP1,MEF,Zf
2727,2,0,-3.11197659189262,SLC2A4,ATF3,LMC,bZIP
317,7,0,1.98250644378338,BTK,CTCF,LMC,Zf
2031,27,1,1.6603360818878,NQO1,GATA3,MEF,Zf
1632,22,1,-3.12652993466873,LCP2,FOXA2,MEF,Forkhead
870,14,1,-1.20899941824855,EGLN3,ELF1,MEF,ETS
322,47,0,-1.95916441975136,BZRAP1,SP1,LMC,Zf
2215,6,1,-3.53089383410937,PIK3R6,BHLHE40,MEF,bHLH
623,19,0,-1.19753259376575,COL7A1,FOS,LMC,bZIP
122,51,1,-1.29951416309328,ALX1,TCF12,MEF,bHLH
2608,36,0,-1.20440500444448,SEMA3C,MAZ,LMC,Zf
644,3,0,-3.92771368755946,CRABP1,BACH1,LMC,bZIP
3198,50,1,-1.00276680000766,VIPR1,STAT3,MEF,Stat
996,36,0,-1.00862397123764,FAM3C,MAZ,LMC,Zf
811,7,0,2.32565834773863,DPYSL5,CTCF,LMC,Zf
1881,34,1,1.05245446159028,MSI2,MAFK,MEF,bZIP
2090,52,1,1.48097195977724,OSBPL3,TCF3,MEF,HMG
251,29,1,-2.20954496278564,AURKA,IRF1,MEF,IRF
3139,32,1,1.58696034399578,TTLL6,JUND,MEF,bZIP
3165,2,1,-2.38129196365162,UCP2,ATF3,MEF,bZIP
770,1,1,3.18728511537858,DMC1,ATF2,MEF,bZIP
1668,3,1,3.05412965320593,LMCD1,BACH1,MEF,bZIP
3000,25,1,-2.75552671561759,TLR9,GATA1,MEF,Zf
908,37,0,-1.2161774029393,EPHB2,MEF2A,LMC,MADS
540,12,1,-1.27554944125757,CHD3,EBF1,MEF,EBF
2100,8,1,-2.24121421422867,P2RX7,CUX1,MEF,Homeobox
2258,19,1,1.11911637123027,PLIN5,FOS,MEF,bZIP
1411,46,1,-1.6255397687459,IDH2,RFX5,MEF,HTH
1402,35,0,1.76983656065279,HSPB7,MAX,LMC,bHLH
2601,8,1,1.00843762708864,SEC14L5,CUX1,MEF,Homeobox
1259,35,1,3.41058686004881,GPR64,MAX,MEF,bHLH
2993,41,0,-1.98409674610173,TLE6,NANOG,LMC,Homeobox
1777,26,0,-2.30942689170144,MATN2,GATA2,LMC,Zf
953,21,1,1.08611680455142,FAAH,FOXA1,MEF,Forkhead
1585,7,1,3.88857524581361,KIRREL3,CTCF,MEF,Zf
983,7,1,1.51869558259556,FAM184B,CTCF,MEF,Zf
522,36,0,1.26401131755558,CENPV,MAZ,LMC,Zf
3110,42,0,-2.42438042274599,TRIM71,NRF1,LMC,NRF
4,56,0,1.30531618728564,AATK,YY1,LMC,Zf
2976,11,0,-2.53684610242498,THBS2,E2F6,LMC,E2F
2605,47,1,-5.12463925075724,SELPLG,SP1,MEF,Zf
2597,51,1,1.45662453410032,SDC2,TCF12,MEF,bHLH
2830,7,1,2.2287125275182,SPEF2,CTCF,MEF,Zf
2026,13,0,-1.81031662538622,NPR3,EGR1,LMC,Zf
1079,17,1,-1.22012954744948,FLT4,ETS1,MEF,ETS
2768,50,1,-2.04755943909103,SLCO4A1,STAT3,MEF,Stat
1273,49,0,-2.09482730247396,GRASP,STAT1,LMC,Stat
575,11,1,-1.29471487975706,CLEC2L,E2F6,MEF,E2F
2954,27,1,-1.0820649383851,TECTA,GATA3,MEF,Zf
1442,35,1,3.60920778732912,IL17RB,MAX,MEF,bHLH
1720,47,0,-2.12555056976554,LTBP1,SP1,LMC,Zf
2014,14,1,1.46367070692664,NOS1AP,ELF1,MEF,ETS
2741,46,0,1.76513142544521,SLC39A4,RFX5,LMC,HTH
1430,10,0,1.99522864153289,IGSF6,E2F4,LMC,E2F
2188,3,1,3.29400810955188,PEX5L,BACH1,MEF,bZIP
836,48,1,-2.76164814143304,E2F8,SP2,MEF,Zf
1355,60,1,4.28285138666841,HOXA10,ZNF263,MEF,Zf
2061,49,1,-2.58080923652457,NUSAP1,STAT1,MEF,Stat
1463,43,1,-1.11626598764505,INCENP,PAX5,MEF,"Paired,Homeobox"
2431,49,1,-1.67508726212781,RAD51,STAT1,MEF,Stat
608,3,0,-2.4757870408384,COL12A1,BACH1,LMC,bZIP
1197,54,0,-1.47223168263362,GJC1,USF1,LMC,bHLH
1595,10,1,1.94541631082666,KLHL30,E2F4,MEF,E2F
2602,40,0,-1.01056989133208,SEC16B,MYOG,LMC,bHLH
885,31,1,-2.33876283152591,EME1,IRF4,MEF,IRF
747,42,0,-1.04094116021417,DENND3,NRF1,LMC,NRF
3040,56,0,-1.15867301067613,TMEM38A,YY1,LMC,Zf
2277,15,1,-1.67266293787219,PMF1,ELK1,MEF,ETS
1087,44,1,1.13617462924265,FNDC3A,PBX3,MEF,Homeobox
1592,32,1,3.37424913401424,KLHDC7A,JUND,MEF,bZIP
440,26,0,1.03797956914794,CD2AP,GATA2,LMC,Zf
2324,31,1,-1.08146216479517,PRCP,IRF4,MEF,IRF
1465,11,0,1.4524995937308,INPP4B,E2F6,LMC,E2F
2028,19,1,-1.86974211431371,NPTX2,FOS,MEF,bZIP
3136,1,0,1.02552411022929,TTC9,ATF2,LMC,bZIP
666,29,0,2.81350747504568,CSF3R,IRF1,LMC,IRF
421,43,1,-3.46951667804334,CCNB1,PAX5,MEF,"Paired,Homeobox"
2361,56,0,1.07754726336565,PSAP,YY1,LMC,Zf
653,54,1,1.80998111218053,CRISP2,USF1,MEF,bHLH
2823,13,1,-1.90326262296788,SPAG5,EGR1,MEF,Zf
1613,55,0,2.4317777613676,LAD1,USF2,LMC,bHLH
2270,6,0,1.49305765456438,PLXDC1,BHLHE40,LMC,bHLH
2981,37,1,-1.72964937024715,TICAM2,MEF2A,MEF,MADS
1800,55,1,1.47155305882805,MED12L,USF2,MEF,bHLH
2496,36,0,-1.87567434541817,RGS5,MAZ,LMC,Zf
1401,11,0,-1.60518595987966,HSPB6,E2F6,LMC,E2F
1093,11,0,1.14177708816059,FOS,E2F6,LMC,E2F
3112,14,0,-1.02635930451426,TRNP1,ELF1,LMC,ETS
3084,6,1,2.08975974775543,TPH2,BHLHE40,MEF,bHLH
1146,46,0,-1.44526325705322,GAMT,RFX5,LMC,HTH
2980,12,1,1.073895233571,TIAM2,EBF1,MEF,EBF
3263,19,0,1.13114050892096,ZMYND15,FOS,LMC,bZIP
673,33,0,-2.22575402794082,CSRP2,MAFF,LMC,bZIP
2430,50,1,-1.31416017052017,RACGAP1,STAT3,MEF,Stat
1333,47,1,2.04875300166275,HID1,SP1,MEF,Zf
1038,2,1,-1.7113898814647,FBXO5,ATF3,MEF,bZIP
2047,47,0,-1.49786300479231,NT5DC2,SP1,LMC,Zf
2328,24,0,1.68357693735779,PRDX1,GABPA,LMC,ETS
432,40,1,-1.9549283385216,CD14,MYOG,MEF,bHLH
722,37,1,2.46228811504663,CYTIP,MEF2A,MEF,MADS
1317,54,0,1.70978485285036,HCLS1,USF1,LMC,bHLH
3035,23,1,1.69106773428587,TMEM25,FOXM1,MEF,Forkhead
3037,51,0,2.40178678373866,TMEM255A,TCF12,LMC,bHLH
1807,26,1,-1.82030516240533,MEIS1,GATA2,MEF,Zf
3167,24,1,-2.95782767929237,UHRF1,GABPA,MEF,ETS
1381,44,1,1.37336545244353,HOXD9,PBX3,MEF,Homeobox
1614,15,1,-1.61904378831684,LAG3,ELK1,MEF,ETS
2431,9,1,-1.67508726212781,RAD51,E2F1,MEF,E2F
2093,42,1,-1.15661822035074,OSMR,NRF1,MEF,NRF
905,51,0,-2.25806627392996,EPHA3,TCF12,LMC,bHLH
2139,10,1,3.84729240398161,PCDH20,E2F4,MEF,E2F
378,3,1,-1.32292123294692,CBX2,BACH1,MEF,bZIP
1363,54,1,1.73909763791236,HOXA9,USF1,MEF,bHLH
667,7,1,3.64374267201805,CSMD1,CTCF,MEF,Zf
254,11,0,3.56926736392585,AXIN2,E2F6,LMC,E2F
1957,55,1,-2.61766850781226,NDC80,USF2,MEF,bHLH
8,57,0,-1.13492430155845,ABCA5,ZBTB33,LMC,Zf
2677,27,1,-1.57464291830555,SKA3,GATA3,MEF,Zf
1642,60,0,1.33464910250215,LFNG,ZNF263,LMC,Zf
1939,10,1,1.0546966217877,NAPB,E2F4,MEF,E2F
1348,36,0,1.6180838227508,HMOX1,MAZ,LMC,Zf
1365,53,1,-1.73558768084453,HOXB3,TEAD4,MEF,TEA
113,50,0,-1.98014191079215,ALDH1L2,STAT3,LMC,Stat
1473,54,0,-1.8654937653887,IQGAP3,USF1,LMC,bHLH
978,21,0,-1.26962769990828,FAM174B,FOXA1,LMC,Forkhead
981,35,1,1.61401696354732,FAM181B,MAX,MEF,bHLH
521,60,1,-1.47290606283231,CENPU,ZNF263,MEF,Zf
952,28,1,2.05701146682328,F5,HNF4A,MEF,NR
413,26,1,3.17366084341025,CCL20,GATA2,MEF,Zf
279,43,1,1.01856257095648,BCL11B,PAX5,MEF,"Paired,Homeobox"
2432,27,1,-1.5926751107119,RAD51AP1,GATA3,MEF,Zf
899,58,1,1.47613931326266,ENPP4,ZEB1,MEF,Zf
2993,3,0,-1.98409674610173,TLE6,BACH1,LMC,bZIP
2285,30,0,-2.18791521896949,PODNL1,IRF3,LMC,IRF
2429,51,1,-5.54500344285024,RAC2,TCF12,MEF,bHLH
1775,21,1,-1.0848607122183,MASTL,FOXA1,MEF,Forkhead
835,27,0,-1.62654006826296,E2F7,GATA3,LMC,Zf
910,26,1,1.34784390842321,EPHB6,GATA2,MEF,Zf
1375,35,1,-1.06303572888616,HOXC6,MAX,MEF,bHLH
491,7,0,-1.18831365543526,CDK5R1,CTCF,LMC,Zf
2173,41,1,1.01951306087734,PDGFC,NANOG,MEF,Homeobox
1702,7,1,1.3957040467593,LRRC39,CTCF,MEF,Zf
3118,40,1,1.30876895399041,TRPS1,MYOG,MEF,bHLH
2598,13,1,1.9485947229018,SDC4,EGR1,MEF,Zf
437,5,1,-3.02094555577651,CD22,BCL11A,MEF,Zf
3012,13,1,-1.76947629620533,TMEM130,EGR1,MEF,Zf
438,8,1,-3.80310192593788,CD244,CUX1,MEF,Homeobox
439,7,0,2.39532242952227,CD28,CTCF,LMC,Zf
2626,12,1,3.1389116323707,SERPINE2,EBF1,MEF,EBF
2168,24,0,-1.54705845470902,PDE4B,GABPA,LMC,ETS
568,6,0,-2.61696798839525,CLDN1,BHLHE40,LMC,bHLH
2896,51,1,1.59075964649031,STXBP6,TCF12,MEF,bHLH
2791,13,0,-2.93185492508053,SNED1,EGR1,LMC,Zf
1840,25,1,-1.82783355688572,MMD,GATA1,MEF,Zf
510,14,0,-1.36741542509461,CENPA,ELF1,LMC,ETS
3037,54,1,2.44630845450856,TMEM255A,USF1,MEF,bHLH
226,20,1,-2.12606281183785,ASF1B,FOSL2,MEF,bZIP
1003,48,0,-2.12747921647817,FAM64A,SP2,LMC,Zf
2337,8,1,-3.36819154841887,PRKCH,CUX1,MEF,Homeobox
1964,31,1,-1.12487910726112,NDUFA4L2,IRF4,MEF,IRF
303,36,1,1.45646153834468,BMP8B,MAZ,MEF,Zf
1281,53,0,-2.26995566801654,GRID2,TEAD4,LMC,TEA
2361,27,0,1.07754726336565,PSAP,GATA3,LMC,Zf
1270,7,1,-1.70906692432391,GPX7,CTCF,MEF,Zf
650,56,1,-2.94835882788418,CREG2,YY1,MEF,Zf
2875,53,1,-2.01852192431119,STARD8,TEAD4,MEF,TEA
1531,1,0,1.72895569764727,KCNB1,ATF2,LMC,bZIP
1234,51,0,2.33921985430141,GPR115,TCF12,LMC,bHLH
3194,14,1,-2.78668694486666,VCAN,ELF1,MEF,ETS
2770,43,0,1.14657944449594,SLIT3,PAX5,LMC,"Paired,Homeobox"
465,7,1,-2.79960891240183,CDC20,CTCF,MEF,Zf
731,13,0,-1.18167630418345,DCLK1,EGR1,LMC,Zf
1945,14,0,-1.0440216996238,NCAM2,ELF1,LMC,ETS
1507,50,0,3.24288630453912,IVL,STAT3,LMC,Stat
3249,33,1,-3.34195234407642,ZC3H12D,MAFF,MEF,bZIP
142,53,1,-1.0540168366728,ANKRD37,TEAD4,MEF,TEA
1350,15,0,1.34567640676102,HNMT,ELK1,LMC,ETS
705,6,1,1.96907516552775,CXXC4,BHLHE40,MEF,bHLH
2601,17,1,1.00843762708864,SEC14L5,ETS1,MEF,ETS
2402,34,0,1.58111116420939,PYCARD,MAFK,LMC,bZIP
1424,34,0,1.82002858047698,IGFBP6,MAFK,LMC,bZIP
3063,50,0,1.06442711734904,TNFSF13,STAT3,LMC,Stat
2797,0,1,1.20718208298321,SNX16,ATF1,MEF,bZIP
2958,21,0,-1.33730980152012,TET1,FOXA1,LMC,Forkhead
565,54,0,-1.00847937566147,CKS1B,USF1,LMC,bHLH
320,12,1,-3.21931037821547,BUB1,EBF1,MEF,EBF
1921,58,0,1.02112335467141,MYO1D,ZEB1,LMC,Zf
741,25,1,-1.52641846737503,DDX11,GATA1,MEF,Zf
2822,50,0,-1.06304711163904,SPAG4,STAT3,LMC,Stat
2521,6,1,-1.82381517620599,RNF180,BHLHE40,MEF,bHLH
105,15,0,1.10064289260031,AKAP5,ELK1,LMC,ETS
1606,2,0,1.72988866215431,KRT18,ATF3,LMC,bZIP
2510,13,1,-1.40805773205446,RINL,EGR1,MEF,Zf
2195,23,0,1.38821447083428,PGAP1,FOXM1,LMC,Forkhead
2993,7,0,-1.98409674610173,TLE6,CTCF,LMC,Zf
2420,35,1,1.4190619659383,RAB37,MAX,MEF,bHLH
17,50,0,1.71775926006339,ABI3,STAT3,LMC,Stat
2675,56,0,-4.16638466410103,SIX1,YY1,LMC,Zf
2806,32,1,1.73147473519189,SORCS1,JUND,MEF,bZIP
2818,46,0,-2.25716671489851,SP3,RFX5,LMC,HTH
1530,17,0,1.63913234858528,KCNAB2,ETS1,LMC,ETS
2233,20,0,-2.88397557845774,PLAC8,FOSL2,LMC,bZIP
227,13,0,1.02756866029872,ASIC1,EGR1,LMC,Zf
2909,29,1,-1.84903949883014,SYK,IRF1,MEF,IRF
2208,15,1,-2.93900889516941,PIEZO2,ELK1,MEF,ETS
2495,7,0,-3.38099478215983,RGS4,CTCF,LMC,Zf
31,56,1,-1.0644913970013,ACOT7,YY1,MEF,Zf
2510,7,1,-1.40805773205446,RINL,CTCF,MEF,Zf
2240,56,1,-2.2672150734126,PLCG2,YY1,MEF,Zf
308,21,1,1.44427192862471,BPGM,FOXA1,MEF,Forkhead
2647,2,0,-2.39187793851691,SH3BGR,ATF3,LMC,bZIP
2998,8,1,-5.67130858205146,TLR7,CUX1,MEF,Homeobox
1570,51,1,-2.64838673861431,KIF20A,TCF12,MEF,bHLH
3187,55,1,-1.16461380481226,VASH2,USF2,MEF,bHLH
1145,58,0,2.0527973309061,GALNT6,ZEB1,LMC,Zf
152,17,1,2.33267329051306,ANXA8,ETS1,MEF,ETS
2980,7,0,-1.43334194465307,TIAM2,CTCF,LMC,Zf
1752,34,1,-1.28798152001015,MAN2A1,MAFK,MEF,bZIP
588,55,1,-1.16582428310444,CMTM3,USF2,MEF,bHLH
1271,36,0,-2.17760740452674,GRAMD2,MAZ,LMC,Zf
223,32,1,2.71932696796331,ASB5,JUND,MEF,bZIP
778,32,1,1.15771367310752,DNAH12,JUND,MEF,bZIP
320,14,1,-3.21931037821547,BUB1,ELF1,MEF,ETS
2403,53,1,-3.781902171091,PYGL,TEAD4,MEF,TEA
41,47,1,-1.29710351150971,ACTN3,SP1,MEF,Zf
1789,50,1,-2.01469923560463,MCM3,STAT3,MEF,Stat
725,11,0,-1.01444106686157,DACH2,E2F6,LMC,E2F
2709,17,0,1.6009575554387,SLC22A18,ETS1,LMC,ETS
2304,50,0,-2.08467910509442,PPARGC1A,STAT3,LMC,Stat
2062,12,1,1.63762482263353,NWD1,EBF1,MEF,EBF
3137,11,1,-2.52066169804331,TTK,E2F6,MEF,E2F
632,28,1,-4.32608395276408,CORO2A,HNF4A,MEF,NR
1388,21,0,1.36297557427342,HRASLS,FOXA1,LMC,Forkhead
1175,36,1,1.5987715046868,GDF7,MAZ,MEF,Zf
1462,3,1,2.07818258031835,INA,BACH1,MEF,bZIP
2472,23,0,2.18050992784048,RBM47,FOXM1,LMC,Forkhead
1323,55,0,1.11395880944298,HEG1,USF2,LMC,bHLH
566,57,0,-1.1170682511222,CKS2,ZBTB33,LMC,Zf
140,5,1,-3.39000947167875,ANKRD33B,BCL11A,MEF,Zf
3006,32,1,1.08138959060405,TMEFF2,JUND,MEF,bZIP
2532,56,0,2.16290555952614,RORC,YY1,LMC,Zf
1589,22,1,1.54085480516955,KLF15,FOXA2,MEF,Forkhead
190,11,1,1.498457796639,ARHGAP6,E2F6,MEF,E2F
2645,52,1,-1.75248494391244,SH2D4B,TCF3,MEF,HMG
1586,34,0,-1.05305185057136,KISS1R,MAFK,LMC,bZIP
1879,13,1,-8.84349682711062,MS4A7,EGR1,MEF,Zf
2186,36,1,5.87974585698578,PENK,MAZ,MEF,Zf
540,34,0,-1.21082079687174,CHD3,MAFK,LMC,bZIP
1638,58,1,2.33678462341157,LEF1,ZEB1,MEF,Zf
2321,11,0,-2.17480430128255,PPP4R4,E2F6,LMC,E2F
448,50,1,-7.07768607115533,CD37,STAT3,MEF,Stat
61,34,1,-2.36338946514307,ADAMTS4,MAFK,MEF,bZIP
2246,19,1,-1.88722307582379,PLEKHA2,FOS,MEF,bZIP
2094,60,0,-1.90196413545541,OSR1,ZNF263,LMC,Zf
436,4,0,2.17372921487108,CD200R1,BATF,LMC,bZIP
1629,7,1,-3.00952436079783,LCE1F,CTCF,MEF,Zf
557,60,1,-1.80418951019616,CHTF18,ZNF263,MEF,Zf
2867,36,0,1.85982327350458,ST8SIA4,MAZ,LMC,Zf
1011,12,0,-1.74555332545619,FAM83D,EBF1,LMC,EBF
789,55,1,-1.4228230728887,DNER,USF2,MEF,bHLH
3048,49,0,1.982343941997,TMEM82,STAT1,LMC,Stat
2998,12,0,2.32058122820629,TLR7,EBF1,LMC,EBF
1811,49,1,1.49384441854823,MEST,STAT1,MEF,Stat
2404,7,0,2.00552072837022,PYGM,CTCF,LMC,Zf
1477,36,1,-1.28592065650619,IRF7,MAZ,MEF,Zf
644,53,0,-3.92771368755946,CRABP1,TEAD4,LMC,TEA
464,54,0,-1.03127844924857,CD97,USF1,LMC,bHLH
1909,12,1,-1.00556299743777,MYH9,EBF1,MEF,EBF
2647,43,0,-2.39187793851691,SH3BGR,PAX5,LMC,"Paired,Homeobox"
512,41,0,-2.24187763995752,CENPF,NANOG,LMC,Homeobox
482,0,1,2.02751559025939,CDH17,ATF1,MEF,bZIP
2900,35,1,-1.11333046693772,SUSD1,MAX,MEF,bHLH
1946,46,1,-2.06657286608671,NCAPD2,RFX5,MEF,HTH
2984,54,1,-1.3954703281283,TIMELESS,USF1,MEF,bHLH
135,46,0,2.65402697864391,ANGPTL7,RFX5,LMC,HTH
1399,23,0,1.22127784545729,HSPB1,FOXM1,LMC,Forkhead
665,17,1,-4.44217521118845,CSF2RB,ETS1,MEF,ETS
1547,52,0,1.42554039435721,KCNJ2,TCF3,LMC,HMG
2865,23,0,2.11068617163851,ST8SIA1,FOXM1,LMC,Forkhead
2916,27,1,-1.95956183994979,SYNPO2,GATA3,MEF,Zf
517,13,0,-1.36881504159307,CENPN,EGR1,LMC,Zf
1547,58,0,1.42554039435721,KCNJ2,ZEB1,LMC,Zf
682,1,0,-2.179683463689,CTNND2,ATF2,LMC,bZIP
323,21,1,1.57648450507266,C1GALT1,FOXA1,MEF,Forkhead
1750,15,0,-1.35662311441156,MAMSTR,ELK1,LMC,ETS
746,36,1,-1.61037548559076,DENND2D,MAZ,MEF,Zf
944,37,0,-1.00757252383823,EZH2,MEF2A,LMC,MADS
1745,14,0,2.6302950683987,MAK,ELF1,LMC,ETS
427,2,1,1.17430399831869,CCPG1,ATF3,MEF,bZIP
3168,29,1,-3.58686645117172,ULBP1,IRF1,MEF,IRF
186,25,1,-7.03807552815842,ARHGAP30,GATA1,MEF,Zf
2969,59,1,-1.15543613683925,TGFB1I1,ZKSCAN1,MEF,Zf
1805,3,1,2.53388208972454,MEIG1,BACH1,MEF,bZIP
2313,27,0,-2.72520424861174,PPP1R14A,GATA3,LMC,Zf
2318,42,1,1.4274717173054,PPP1R42,NRF1,MEF,NRF
1345,7,1,3.53624397712024,HMGCS2,CTCF,MEF,Zf
2439,1,1,-1.16961792333877,RALGPS2,ATF2,MEF,bZIP
2091,32,0,-2.75084048443448,OSBPL6,JUND,LMC,bZIP
917,29,1,-2.15452790343404,ERCC6L,IRF1,MEF,IRF
2881,17,1,-1.77045279019706,STIL,ETS1,MEF,ETS
706,10,1,1.17172577203364,CXXC5,E2F4,MEF,E2F
3090,49,1,-3.33267270585963,TRAF3IP3,STAT1,MEF,Stat
3149,22,1,-1.58235400958939,TUBB4A,FOXA2,MEF,Forkhead
2233,51,1,-5.66207559589651,PLAC8,TCF12,MEF,bHLH
1795,3,1,-1.23616586070588,MDFI,BACH1,MEF,bZIP
2727,47,0,-3.11197659189262,SLC2A4,SP1,LMC,Zf
84,24,1,2.72193555073762,ADRB3,GABPA,MEF,ETS
2528,20,0,1.9393216884815,ROBO4,FOSL2,LMC,bZIP
475,2,1,-1.49364324799289,CDCA5,ATF3,MEF,bZIP
2798,55,1,-4.38692587031083,SNX20,USF2,MEF,bHLH
235,35,0,-1.029209618599,ATG16L2,MAX,LMC,bHLH
2907,46,1,2.53693676077334,SYBU,RFX5,MEF,HTH
2070,49,0,2.37988849728914,OAS2,STAT1,LMC,Stat
2416,34,0,-2.31707370328191,RAB27A,MAFK,LMC,bZIP
2233,53,1,-5.66207559589651,PLAC8,TEAD4,MEF,TEA
1052,13,1,2.06212975174071,FGF13,EGR1,MEF,Zf
244,19,1,-4.80486829471625,ATP6V0D2,FOS,MEF,bZIP
1508,49,0,3.50220835498791,IZUMO1,STAT1,LMC,Stat
58,60,1,-1.67805893584247,ADAMTS16,ZNF263,MEF,Zf
69,37,0,-1.69976265055209,ADARB1,MEF2A,LMC,MADS
2273,53,0,2.09848892681081,PLXNC1,TEAD4,LMC,TEA
217,6,0,-1.57740280110919,ART4,BHLHE40,LMC,bHLH
2436,25,1,-1.79053346769838,RAD54L,GATA1,MEF,Zf
585,15,0,1.67296122995437,CLU,ELK1,LMC,ETS
1713,26,0,-2.02193232054986,LRRTM2,GATA2,LMC,Zf
2196,51,0,-1.22792787179975,PGAP3,TCF12,LMC,bHLH
2151,7,0,1.17194993474523,PCED1B,CTCF,LMC,Zf
3183,42,0,1.36921240634688,USP53,NRF1,LMC,NRF
1312,56,1,2.18151406393178,HAPLN4,YY1,MEF,Zf
677,55,0,2.85882234687445,CST9,USF2,LMC,bHLH
518,34,1,-1.46993038048477,CENPP,MAFK,MEF,bZIP
373,27,0,1.10520537115312,CAT,GATA3,LMC,Zf
2674,28,0,1.9006236920499,SIRPA,HNF4A,LMC,NR
128,27,0,1.1151143351714,AMIGO2,GATA3,LMC,Zf
2747,15,0,1.18552058951319,SLC44A1,ELK1,LMC,ETS
2633,47,0,-1.57606414374933,SFRP1,SP1,LMC,Zf
3081,33,1,-1.4911098764873,TOX3,MAFF,MEF,bZIP
1162,36,1,1.53185787847727,GCA,MAZ,MEF,Zf
1740,60,1,3.31506874732211,MAB21L1,ZNF263,MEF,Zf
2379,47,1,-1.1953413161225,PTMS,SP1,MEF,Zf
2148,19,0,-1.00575676973287,PCDHGC3,FOS,LMC,bZIP
162,35,1,3.09879900129464,APLN,MAX,MEF,bHLH
382,55,1,1.58885651915645,CCDC113,USF2,MEF,bHLH
89,52,1,1.3459422175997,AGBL2,TCF3,MEF,HMG
522,23,0,1.26401131755558,CENPV,FOXM1,LMC,Forkhead
317,26,1,-6.68867108987945,BTK,GATA2,MEF,Zf
2111,55,1,-1.2449400998678,PADI2,USF2,MEF,bHLH
3043,12,1,-2.86541431803902,TMEM51,EBF1,MEF,EBF
2159,14,1,-3.50441248789813,PCSK9,ELF1,MEF,ETS
511,54,1,-2.78967392596139,CENPE,USF1,MEF,bHLH
1530,40,0,1.63913234858528,KCNAB2,MYOG,LMC,bHLH
2797,45,1,1.20718208298321,SNX16,PRDM1,MEF,Zf
1039,42,1,1.10821046471605,FBXO7,NRF1,MEF,NRF
1624,12,1,-1.00895275097401,LARP1B,EBF1,MEF,EBF
222,12,1,-1.57264948899565,ASB2,EBF1,MEF,EBF
102,35,1,1.26640972757189,AK9,MAX,MEF,bHLH
1236,10,0,-1.53518875879138,GPR124,E2F4,LMC,E2F
2972,36,1,-1.32670648805321,TGM2,MAZ,MEF,Zf
3118,57,1,1.30876895399041,TRPS1,ZBTB33,MEF,Zf
219,53,0,-1.24960154559807,ASAP3,TEAD4,LMC,TEA
2210,21,0,2.04393942709791,PIK3AP1,FOXA1,LMC,Forkhead
1141,41,0,-1.17676298077328,GALNT16,NANOG,LMC,Homeobox
1443,19,0,-1.0708433709551,IL17RC,FOS,LMC,bZIP
1001,50,0,1.53675583410145,FAM49A,STAT3,LMC,Stat
1954,47,1,-6.8574630086637,NCF4,SP1,MEF,Zf
1780,54,0,-1.10292671378567,MBOAT2,USF1,LMC,bHLH
2449,21,1,2.09975394942392,RARB,FOXA1,MEF,Forkhead
2849,46,1,-1.63063211909057,SPTB,RFX5,MEF,HTH
1569,14,1,-1.7053662137862,KIF18B,ELF1,MEF,ETS
30,7,1,-1.68969657731149,ACOT4,CTCF,MEF,Zf
2571,5,0,2.21199249094667,SAMSN1,BCL11A,LMC,Zf
2361,58,0,1.07754726336565,PSAP,ZEB1,LMC,Zf
2839,24,1,1.40128640910394,SPNS2,GABPA,MEF,ETS
764,8,1,-2.77861016108699,DLGAP5,CUX1,MEF,Homeobox
1511,40,1,1.9335151440421,JAG2,MYOG,MEF,bHLH
1095,10,0,-1.72312225058079,FOXC1,E2F4,LMC,E2F
645,53,1,2.28998351004863,CRABP2,TEAD4,MEF,TEA
563,19,0,-1.89680998771946,CKAP2L,FOS,LMC,bZIP
3059,12,1,2.9543937762288,TNFRSF11B,EBF1,MEF,EBF
2123,0,0,-1.05912084907737,PAQR8,ATF1,LMC,bZIP
1699,3,0,3.43134522276188,LRRC2,BACH1,LMC,bZIP
452,12,1,1.10534625992499,CD55,EBF1,MEF,EBF
1815,40,0,-1.87056078937979,MEX3B,MYOG,LMC,bHLH
1775,14,1,-1.0848607122183,MASTL,ELF1,MEF,ETS
1572,25,1,1.40702788043446,KIF21A,GATA1,MEF,Zf
1648,35,0,1.39432488372804,LGMN,MAX,LMC,bHLH
1209,8,1,-2.87322861539706,GMFG,CUX1,MEF,Homeobox
3216,27,1,-1.08750493293003,WDR90,GATA3,MEF,Zf
2113,53,0,-1.39650851090923,PAK3,TEAD4,LMC,TEA
1255,24,1,-1.33696017359518,GPR35,GABPA,MEF,ETS
2951,11,1,1.7548502520091,TCP11,E2F6,MEF,E2F
1967,50,0,-1.16162403843679,NEDD9,STAT3,LMC,Stat
1219,49,0,2.02429077604181,GNGT2,STAT1,LMC,Stat
99,52,1,1.03519575636956,AIG1,TCF3,MEF,HMG
835,9,0,-1.62654006826296,E2F7,E2F1,LMC,E2F
2583,56,0,-2.5472687417079,SCML2,YY1,LMC,Zf
3004,6,1,1.36614656772633,TMBIM4,BHLHE40,MEF,bHLH
932,51,0,-1.0899668717568,EVA1C,TCF12,LMC,bHLH
995,53,1,1.19324303942543,FAM26E,TEAD4,MEF,TEA
965,35,1,1.21645357704,FAM110C,MAX,MEF,bHLH
879,24,0,1.68125619987682,ELMO1,GABPA,LMC,ETS
1662,34,0,-1.79206421323517,LIN7A,MAFK,LMC,bZIP
2583,13,0,-2.5472687417079,SCML2,EGR1,LMC,Zf
1925,43,1,1.94094472616554,MYO5C,PAX5,MEF,"Paired,Homeobox"
3045,26,1,2.53615374629077,TMEM56,GATA2,MEF,Zf
2959,17,0,-1.05619658421394,TEX14,ETS1,LMC,ETS
1185,32,1,1.7013245659201,GGT1,JUND,MEF,bZIP
2436,2,1,-1.79053346769838,RAD54L,ATF3,MEF,bZIP
2228,20,1,2.24473724848216,PLA2G2E,FOSL2,MEF,bZIP
1778,26,0,-3.21531392164049,MATN3,GATA2,LMC,Zf
1269,25,0,1.56892149986449,GPSM3,GATA1,LMC,Zf
1399,38,0,1.22127784545729,HSPB1,MEF2C,LMC,MADS
2123,2,0,-1.05912084907737,PAQR8,ATF3,LMC,bZIP
1217,36,1,-1.68453986158092,GNG3,MAZ,MEF,Zf
1955,7,1,-8.00620334637104,NCKAP1L,CTCF,MEF,Zf
1612,53,1,-1.20250157496329,KYNU,TEAD4,MEF,TEA
1641,19,0,-1.00364504616123,LEPREL2,FOS,LMC,bZIP
2895,14,0,1.23445220659616,STXBP5,ELF1,LMC,ETS
891,7,1,5.2176253554421,EN2,CTCF,MEF,Zf
895,43,0,-2.74176093683303,ENO3,PAX5,LMC,"Paired,Homeobox"
647,50,1,1.36647400333006,CRCT1,STAT3,MEF,Stat
1884,50,1,-1.01986887113406,MSRA,STAT3,MEF,Stat
3236,53,0,1.14579429923485,WWP1,TEAD4,LMC,TEA
2649,47,1,-2.03793912517393,SH3BP2,SP1,MEF,Zf
3163,36,0,2.11154611974576,UBXN10,MAZ,LMC,Zf
1522,23,1,1.08597430065433,KBTBD8,FOXM1,MEF,Forkhead
2099,35,1,2.50495121718148,OXGR1,MAX,MEF,bHLH
1734,42,1,1.03962783655705,LYRM7,NRF1,MEF,NRF
2677,49,0,-1.27927448448625,SKA3,STAT1,LMC,Stat
2597,12,1,1.45662453410032,SDC2,EBF1,MEF,EBF
848,40,1,-2.00801011611499,ECT2,MYOG,MEF,bHLH
2271,49,0,-1.4401993480578,PLXNA3,STAT1,LMC,Stat
2420,55,1,1.4190619659383,RAB37,USF2,MEF,bHLH
3019,24,0,-1.68922913667039,TMEM158,GABPA,LMC,ETS
2705,19,0,1.29306234316879,SLC18A1,FOS,LMC,bZIP
2788,54,1,2.89373361638536,SNAI3,USF1,MEF,bHLH
763,14,0,2.43770043152872,DLG2,ELF1,LMC,ETS
577,5,0,2.02645657763506,CLEC7A,BCL11A,LMC,Zf
2311,57,0,2.41960817570328,PPM1N,ZBTB33,LMC,Zf
1087,36,1,1.13617462924265,FNDC3A,MAZ,MEF,Zf
1607,36,1,-2.10547219866638,KRT19,MAZ,MEF,Zf
1059,36,1,-1.30648104502404,FGFR1,MAZ,MEF,Zf
2833,8,1,-7.24778929658034,SPI1,CUX1,MEF,Homeobox
3055,23,1,-2.0917384886418,TNFAIP8L1,FOXM1,MEF,Forkhead
2958,13,0,-1.33730980152012,TET1,EGR1,LMC,Zf
296,34,1,-1.59805342544592,BLNK,MAFK,MEF,bZIP
2855,55,0,1.65068826126011,SRPK3,USF2,LMC,bHLH
1859,19,0,-1.22977631970534,MNS1,FOS,LMC,bZIP
1272,5,1,-1.64322072858882,GRAP,BCL11A,MEF,Zf
1118,47,1,1.15084131246931,FSIP1,SP1,MEF,Zf
2492,10,1,-1.83237956996519,RGS16,E2F4,MEF,E2F
1075,19,0,1.70639394167543,FLI1,FOS,LMC,bZIP
1340,53,0,-1.68692943375859,HLF,TEAD4,LMC,TEA
335,14,0,2.32346443077676,C5AR2,ELF1,LMC,ETS
854,40,1,-1.88598600687672,EEPD1,MYOG,MEF,bHLH
1337,11,1,1.9967466068813,HIST2H2AC,E2F6,MEF,E2F
1249,7,1,1.32538986076765,GPR174,CTCF,MEF,Zf
2167,19,0,-1.47607183564039,PDE4A,FOS,LMC,bZIP
711,36,0,1.60648665149506,CYBRD1,MAZ,LMC,Zf
1043,24,0,-1.20500555090751,FDPS,GABPA,LMC,ETS
879,3,1,-2.58541829649739,ELMO1,BACH1,MEF,bZIP
1721,55,0,-1.39118704901339,LTBP2,USF2,LMC,bHLH
1633,36,0,2.95929294357475,LCTL,MAZ,LMC,Zf
30,41,1,-1.68969657731149,ACOT4,NANOG,MEF,Homeobox
917,35,1,-2.15452790343404,ERCC6L,MAX,MEF,bHLH
2275,14,1,2.39521871662444,PM20D2,ELF1,MEF,ETS
598,15,0,-2.03014294484771,CNR1,ELK1,LMC,ETS
527,17,0,-1.19769688708012,CERCAM,ETS1,LMC,ETS
1907,56,0,-4.23381747992927,MYH11,YY1,LMC,Zf
1871,7,0,2.04102619873036,MRC1,CTCF,LMC,Zf
829,23,0,-1.17747353187961,DUT,FOXM1,LMC,Forkhead
1548,32,1,1.21210070568133,KCNJ4,JUND,MEF,bZIP
3217,13,0,1.18761457019747,WDR91,EGR1,LMC,Zf
1048,12,0,3.29706979403309,FGF1,EBF1,LMC,EBF
2607,50,1,2.4777280916828,SEMA3B,STAT3,MEF,Stat
1478,35,1,-4.43611876756178,IRF8,MAX,MEF,bHLH
881,56,0,-5.37380625633064,ELN,YY1,LMC,Zf
985,11,1,1.75797209689361,FAM196A,E2F6,MEF,E2F
582,41,0,1.38792844422219,CLN3,NANOG,LMC,Homeobox
1815,48,0,-1.87056078937979,MEX3B,SP2,LMC,Zf
2617,32,0,1.96992512932553,SEPP1,JUND,LMC,bZIP
582,55,0,1.38792844422219,CLN3,USF2,LMC,bHLH
1984,46,1,-1.74102844682325,NFKBID,RFX5,MEF,HTH
2728,36,1,1.23511239891127,SLC2A6,MAZ,MEF,Zf
310,35,1,-4.55177016480624,BRINP3,MAX,MEF,bHLH
778,27,1,1.15771367310752,DNAH12,GATA3,MEF,Zf
3159,55,1,-1.17765017471385,UBASH3B,USF2,MEF,bHLH
1512,47,1,-2.12044492913344,JAKMIP2,SP1,MEF,Zf
2923,1,0,1.05851666857904,SYTL1,ATF2,LMC,bZIP
129,11,1,-1.5233402242796,AMPH,E2F6,MEF,E2F
1885,44,0,1.57899083535637,MST1R,PBX3,LMC,Homeobox
2828,57,1,-1.31206755500198,SPDL1,ZBTB33,MEF,Zf
2965,4,1,-1.78231377699111,TFPI,BATF,MEF,bZIP
341,27,0,-1.25938563071944,CACNA1H,GATA3,LMC,Zf
2796,11,1,1.64096455740239,SNTB1,E2F6,MEF,E2F
297,24,1,-1.47855327707951,BMP1,GABPA,MEF,ETS
3171,14,0,1.98466934184386,UNC13D,ELF1,LMC,ETS
449,12,1,-8.10996807721768,CD48,EBF1,MEF,EBF
474,1,1,-2.01749036502043,CDCA3,ATF2,MEF,bZIP
1487,11,0,-2.07742596470371,ITGA1,E2F6,LMC,E2F
1146,46,0,-1.44526325705322,GAMT,RFX5,LMC,HTH
566,51,0,-1.1170682511222,CKS2,TCF12,LMC,bHLH
954,32,0,1.3474227486607,FABP3,JUND,LMC,bZIP
452,32,1,1.10534625992499,CD55,JUND,MEF,bZIP
1071,60,0,-1.20147318467079,FIGNL2,ZNF263,LMC,Zf
879,42,0,1.68125619987682,ELMO1,NRF1,LMC,NRF
2296,10,1,-3.99984604222538,POU2F2,E2F4,MEF,E2F
3059,36,1,2.9543937762288,TNFRSF11B,MAZ,MEF,Zf
764,56,0,-2.00952580156248,DLGAP5,YY1,LMC,Zf
2853,6,1,-3.39538592314641,SRGN,BHLHE40,MEF,bHLH
2303,6,1,-1.12367666786564,PPARA,BHLHE40,MEF,bHLH
3267,12,1,-1.18322103636529,ZWILCH,EBF1,MEF,EBF
2187,53,1,2.4186562012654,PERP,TEAD4,MEF,TEA
102,26,1,1.26640972757189,AK9,GATA2,MEF,Zf
601,11,1,-1.36483145323022,CNTFR,E2F6,MEF,E2F
2285,14,0,-2.18791521896949,PODNL1,ELF1,LMC,ETS
2500,14,1,1.83136717911959,RHD,ELF1,MEF,ETS
716,34,0,-1.08566102735893,CYP26B1,MAFK,LMC,bZIP
2335,34,1,-4.45543419393169,PRKCB,MAFK,MEF,bZIP
998,35,0,-1.495435769864,FAM46B,MAX,LMC,bHLH
585,53,0,1.67296122995437,CLU,TEAD4,LMC,TEA
3205,10,0,1.93772161206231,VTCN1,E2F4,LMC,E2F
953,6,1,1.08611680455142,FAAH,BHLHE40,MEF,bHLH
2853,47,1,-3.39538592314641,SRGN,SP1,MEF,Zf
2057,12,1,-2.89490675475079,NUF2,EBF1,MEF,EBF
1354,45,1,3.34006874289737,HOTAIR,PRDM1,MEF,Zf
2901,52,1,-5.15300147386645,SUSD3,TCF3,MEF,HMG
2472,17,0,2.18050992784048,RBM47,ETS1,LMC,ETS
1003,3,1,-3.49365096633453,FAM64A,BACH1,MEF,bZIP
1773,47,1,-1.05508208421694,MAST1,SP1,MEF,Zf
784,37,1,1.08312646824662,DNAJB4,MEF2A,MEF,MADS
2646,32,0,2.15271627243018,SH2D5,JUND,LMC,bZIP
1856,32,1,-2.30005278961144,MMP9,JUND,MEF,bZIP
1335,31,1,1.04156670706997,HIST1H1C,IRF4,MEF,IRF
2285,51,1,-2.14068200203897,PODNL1,TCF12,MEF,bHLH
1265,34,1,2.4965943904459,GPRC5A,MAFK,MEF,bZIP
1408,27,0,-1.06100170496001,ICA1,GATA3,LMC,Zf
1916,44,1,1.02389450262795,MYLK3,PBX3,MEF,Homeobox
1056,36,0,-2.14300533588735,FGF7,MAZ,LMC,Zf
1629,56,1,-3.00952436079783,LCE1F,YY1,MEF,Zf
526,52,0,-1.55044439537775,CEP72,TCF3,LMC,HMG
3255,42,0,-1.03149291006368,ZFP41,NRF1,LMC,NRF
1781,17,1,-1.91399422387466,MBP,ETS1,MEF,ETS
1831,12,1,-1.08069464747404,MIR143HG,EBF1,MEF,EBF
1671,4,1,-4.97271807661149,LMO2,BATF,MEF,bZIP
3173,44,0,-2.17040762162805,UNC5C,PBX3,LMC,Homeobox
2548,42,1,1.5667648913633,RSPO3,NRF1,MEF,NRF
2127,46,0,-1.00905862488966,PARVA,RFX5,LMC,HTH
3261,55,1,1.07594447809791,ZKSCAN4,USF2,MEF,bHLH
1393,35,1,1.80356042315211,HSBP1L1,MAX,MEF,bHLH
837,28,0,1.07010132496993,EAF1,HNF4A,LMC,NR
2603,3,1,1.0266249678335,SEC61G,BACH1,MEF,bZIP
1162,43,1,1.53185787847727,GCA,PAX5,MEF,"Paired,Homeobox"
31,24,1,-1.0644913970013,ACOT7,GABPA,MEF,ETS
2116,43,1,1.25392386281418,PAM,PAX5,MEF,"Paired,Homeobox"
510,11,1,-3.04371144390706,CENPA,E2F6,MEF,E2F
668,53,1,2.48620898685634,CSMD3,TEAD4,MEF,TEA
2896,55,1,1.59075964649031,STXBP6,USF2,MEF,bHLH
562,37,1,-1.19186288493783,CKAP2,MEF2A,MEF,MADS
1003,6,1,-3.49365096633453,FAM64A,BHLHE40,MEF,bHLH
360,27,0,3.06807338923354,CAMKV,GATA3,LMC,Zf
1536,8,0,1.79193587062869,KCND2,CUX1,LMC,Homeobox
2641,14,0,-1.30244599015757,SGOL2,ELF1,LMC,ETS
200,51,0,1.18918314296214,ARHGEF6,TCF12,LMC,bHLH
3046,33,1,3.37598721622562,TMEM59L,MAFF,MEF,bZIP
1763,6,1,-1.12485764033093,MAP4K1,BHLHE40,MEF,bHLH
738,34,1,1.32510948112115,DDIT4L,MAFK,MEF,bZIP
2420,7,1,1.4190619659383,RAB37,CTCF,MEF,Zf
1435,17,0,2.724260975043,IL10,ETS1,LMC,ETS
1983,11,0,2.32118248880711,NFE2L3,E2F6,LMC,E2F
2433,7,1,-1.42510897946263,RAD51B,CTCF,MEF,Zf
604,32,1,2.26907153817608,CNTNAP3,JUND,MEF,bZIP
59,36,0,-1.31058200156496,ADAMTS2,MAZ,LMC,Zf
771,15,0,-1.59844360279353,DMD,ELK1,LMC,ETS
3187,49,0,-1.34161711295415,VASH2,STAT1,LMC,Stat
2993,46,0,-1.98409674610173,TLE6,RFX5,LMC,HTH
1294,13,1,-1.33553727089329,GSG2,EGR1,MEF,Zf
2290,22,0,-1.59233149150338,POLE,FOXA2,LMC,Forkhead
1150,3,1,1.20650960697518,GAS1,BACH1,MEF,bZIP
1485,13,1,1.4915516330555,ISM1,EGR1,MEF,Zf
819,27,0,1.14268323152742,DTNB,GATA3,LMC,Zf
2203,22,0,-1.61451187747247,PHF19,FOXA2,LMC,Forkhead
2290,13,1,-2.13557752684561,POLE,EGR1,MEF,Zf
705,56,1,1.96907516552775,CXXC4,YY1,MEF,Zf
2793,8,1,1.50122491579436,SNHG12,CUX1,MEF,Homeobox
2002,34,0,2.33683168101284,NLRC5,MAFK,LMC,bZIP
662,50,1,3.51310919146917,CRYM,STAT3,MEF,Stat
2198,51,1,1.37336159247571,PGF,TCF12,MEF,bHLH
85,2,0,1.31865403432304,ADSSL1,ATF3,LMC,bZIP
2192,3,1,-1.0880143489174,PFKFB4,BACH1,MEF,bZIP
2952,47,0,-1.4989629756277,TEAD2,SP1,LMC,Zf
748,47,1,1.14447180905259,DENND6B,SP1,MEF,Zf
83,36,0,-2.50381746174834,ADRA1D,MAZ,LMC,Zf
3153,10,0,-2.45828596879432,TWIST2,E2F4,LMC,E2F
378,32,0,-1.08255506975934,CBX2,JUND,LMC,bZIP
1044,58,0,2.03531170334419,FERMT3,ZEB1,LMC,Zf
2884,34,0,-2.5431578853609,STK32B,MAFK,LMC,bZIP
2450,32,0,-1.05231333068148,RARG,JUND,LMC,bZIP
2062,59,1,1.63762482263353,NWD1,ZKSCAN1,MEF,Zf
1574,34,1,-2.47502725547592,KIF23,MAFK,MEF,bZIP
2196,53,1,-1.48538119052124,PGAP3,TEAD4,MEF,TEA
2901,51,1,-5.15300147386645,SUSD3,TCF12,MEF,bHLH
1187,26,0,-1.37443835803278,GGT7,GATA2,LMC,Zf
2849,46,0,1.9335069044595,SPTB,RFX5,LMC,HTH
740,55,1,1.84313335272908,DDO,USF2,MEF,bHLH
1070,59,1,-1.95715177392112,FIGNL1,ZKSCAN1,MEF,Zf
74,3,0,2.18724413507393,ADCYAP1R1,BACH1,LMC,bZIP
3162,27,1,-1.57637625372954,UBE2T,GATA3,MEF,Zf
945,23,0,1.62913103681418,EZR,FOXM1,LMC,Forkhead
2845,59,0,-1.12860791435859,SPRY1,ZKSCAN1,LMC,Zf
3159,47,1,-1.17765017471385,UBASH3B,SP1,MEF,Zf
214,11,0,-1.31617696470295,ARSI,E2F6,LMC,E2F
3112,11,0,-1.02635930451426,TRNP1,E2F6,LMC,E2F
48,58,1,-1.94422025009557,ADAM19,ZEB1,MEF,Zf
2549,7,0,-2.05581505638442,RTKN2,CTCF,LMC,Zf
3268,1,1,-1.42145752313049,ZYX,ATF2,MEF,bZIP
171,32,0,-1.30844755503104,APOLD1,JUND,LMC,bZIP
871,54,0,1.23036636468725,EGR1,USF1,LMC,bHLH
109,44,1,4.06136839444615,ALDH1A1,PBX3,MEF,Homeobox
1298,38,0,1.79871714318156,GSTA4,MEF2C,LMC,MADS
1680,51,0,-2.52137855759845,LOXL4,TCF12,LMC,bHLH
2047,14,0,-1.49786300479231,NT5DC2,ELF1,LMC,ETS
1223,56,1,1.27551285037404,GP1BA,YY1,MEF,Zf
2028,54,1,-1.86974211431371,NPTX2,USF1,MEF,bHLH
484,32,1,-1.7228499073708,CDH24,JUND,MEF,bZIP
235,34,0,-1.029209618599,ATG16L2,MAFK,LMC,bZIP
27,51,1,2.18449933550891,ACKR3,TCF12,MEF,bHLH
2162,51,0,-1.17208680443844,PDE10A,TCF12,LMC,bHLH
1406,42,1,-1.79022050474713,HVCN1,NRF1,MEF,NRF
1747,33,0,2.304021662009,MAL2,MAFF,LMC,bZIP
1576,36,0,-1.07875775488282,KIF26B,MAZ,LMC,Zf
251,3,0,-1.43327827973312,AURKA,BACH1,LMC,bZIP
1974,7,0,-2.3604693312557,NELL2,CTCF,LMC,Zf
548,54,0,1.6800577415014,CHRNA1,USF1,LMC,bHLH
1666,3,1,2.50962701191253,LIPG,BACH1,MEF,bZIP
2561,5,1,1.66919746395354,S100A7A,BCL11A,MEF,Zf
2727,6,0,-3.11197659189262,SLC2A4,BHLHE40,LMC,bHLH
1753,10,1,-1.17597499133754,MANBA,E2F4,MEF,E2F
1788,23,1,-1.18921853477002,MCM2,FOXM1,MEF,Forkhead
1396,20,1,-1.17155907515863,HSPA12A,FOSL2,MEF,bZIP
1474,44,1,1.58552456677636,IQUB,PBX3,MEF,Homeobox
909,34,0,-1.00616267624316,EPHB3,MAFK,LMC,bZIP
2913,56,1,1.74643857506266,SYNGR3,YY1,MEF,Zf
1862,24,1,1.15642821553146,MORN2,GABPA,MEF,ETS
1587,36,0,-4.44258898345232,KIT,MAZ,LMC,Zf
2607,46,1,2.4777280916828,SEMA3B,RFX5,MEF,HTH
956,27,0,1.40344479978975,FABP5,GATA3,LMC,Zf
525,10,1,-2.43362288031828,CEP55,E2F4,MEF,E2F
900,56,1,1.44269937541347,ENPP5,YY1,MEF,Zf
340,14,1,-1.36183817971496,CACNA1G,ELF1,MEF,ETS
1257,21,0,1.07836707927477,GPR39,FOXA1,LMC,Forkhead
1988,14,1,1.13223620404131,NHLRC1,ELF1,MEF,ETS
2684,19,0,2.43469508138703,SLC11A1,FOS,LMC,bZIP
267,34,0,1.93708273972907,BAI2,MAFK,LMC,bZIP
2686,12,1,1.0133885125942,SLC12A2,EBF1,MEF,EBF
854,54,0,1.36893250160883,EEPD1,USF1,LMC,bHLH
2678,19,1,-1.35194087586138,SKP2,FOS,MEF,bZIP
2992,8,0,-1.59620965406724,TLE2,CUX1,LMC,Homeobox
869,27,0,-1.17641964196285,EGFR,GATA3,LMC,Zf
443,50,1,-6.65576902925866,CD300LD,STAT3,MEF,Stat
1604,10,1,-2.53686917064916,KNSTRN,E2F4,MEF,E2F
2312,35,0,1.05616905984936,PPP1R13B,MAX,LMC,bHLH
2583,42,0,-2.5472687417079,SCML2,NRF1,LMC,NRF
2929,3,1,-1.40887334898261,TACC3,BACH1,MEF,bZIP
2616,10,0,-1.1018521339641,SEMA6C,E2F4,LMC,E2F
1873,15,1,1.98980620104011,MREG,ELK1,MEF,ETS
272,49,1,-1.06922081449246,BAZ1A,STAT1,MEF,Stat
499,56,0,-1.08134160329322,CDR2L,YY1,LMC,Zf
2330,22,1,-1.38610302093725,PREX1,FOXA2,MEF,Forkhead
2088,42,1,-1.89195409277433,OPN3,NRF1,MEF,NRF
1708,55,1,2.3246684076931,LRRN1,USF2,MEF,bHLH
2586,43,1,1.44990055505487,SCN1B,PAX5,MEF,"Paired,Homeobox"
997,56,0,-1.75327919236448,FAM43A,YY1,LMC,Zf
1781,12,0,1.53782581038455,MBP,EBF1,LMC,EBF
272,31,1,-1.06922081449246,BAZ1A,IRF4,MEF,IRF
474,48,1,-2.01749036502043,CDCA3,SP2,MEF,Zf
1342,55,0,-1.34950448426659,HMGA2,USF2,LMC,bHLH
908,12,0,-1.2161774029393,EPHB2,EBF1,LMC,EBF
2498,59,0,-1.3528609573943,RGS9BP,ZKSCAN1,LMC,Zf
717,35,1,1.24940873650328,CYP27A1,MAX,MEF,bHLH
276,40,0,-2.52309707321754,BCAT1,MYOG,LMC,bHLH
457,12,0,1.872958774821,CD74,EBF1,LMC,EBF
140,10,1,-3.39000947167875,ANKRD33B,E2F4,MEF,E2F
375,49,1,1.03187685516321,CATSPERD,STAT1,MEF,Stat
1157,21,0,1.09836704488983,GATA6,FOXA1,LMC,Forkhead
715,34,1,1.4558525131314,CYP1B1,MAFK,MEF,bZIP
3007,36,1,-2.84859680440921,TMEM106A,MAZ,MEF,Zf
1964,57,1,-1.12487910726112,NDUFA4L2,ZBTB33,MEF,Zf
113,55,0,-1.98014191079215,ALDH1L2,USF2,LMC,bHLH
544,46,1,1.52613161639565,CHMP4C,RFX5,MEF,HTH
1329,43,0,1.74478021809502,HHEX,PAX5,LMC,"Paired,Homeobox"
540,43,0,-1.21082079687174,CHD3,PAX5,LMC,"Paired,Homeobox"
2995,37,1,-2.069741018555,TLR1,MEF2A,MEF,MADS
3181,46,0,1.00388229046063,USP2,RFX5,LMC,HTH
402,48,1,-1.55205901784518,CCDC8,SP2,MEF,Zf
2047,43,1,-3.18610440050238,NT5DC2,PAX5,MEF,"Paired,Homeobox"
1729,55,0,2.23476423899865,LY9,USF2,LMC,bHLH
96,19,1,3.95107920395164,AHR,FOS,MEF,bZIP
234,52,1,-2.74791528300771,ATF7IP2,TCF3,MEF,HMG
2218,52,1,1.38151712699702,PIP5K1B,TCF3,MEF,HMG
1820,49,1,-1.62563638359958,MFSD12,STAT1,MEF,Stat
1793,56,1,-5.57817952899045,MCOLN3,YY1,MEF,Zf
1300,47,0,-1.41276036688138,GSTT1,SP1,LMC,Zf
2385,33,1,1.14202848091525,PTPN3,MAFF,MEF,bZIP
2025,56,0,2.53672607490002,NPR1,YY1,LMC,Zf
3004,19,1,1.36614656772633,TMBIM4,FOS,MEF,bZIP
3166,44,1,2.11848175670413,UGP2,PBX3,MEF,Homeobox
2977,34,0,-1.92087742808799,THBS3,MAFK,LMC,bZIP
1773,13,1,-1.05508208421694,MAST1,EGR1,MEF,Zf
3136,35,0,1.02552411022929,TTC9,MAX,LMC,bHLH
2074,19,0,2.15190725480677,OCLN,FOS,LMC,bZIP
3183,41,0,1.36921240634688,USP53,NANOG,LMC,Homeobox
3005,14,0,-1.1154158873604,TMC7,ELF1,LMC,ETS
851,55,0,3.43066184509144,EDN2,USF2,LMC,bHLH
2828,23,1,-1.31206755500198,SPDL1,FOXM1,MEF,Forkhead
1747,41,0,2.304021662009,MAL2,NANOG,LMC,Homeobox
672,0,0,-1.49505915276106,CSRP1,ATF1,LMC,bZIP
1339,7,0,1.98968634337139,HK3,CTCF,LMC,Zf
275,7,1,2.00489501099902,BCAR3,CTCF,MEF,Zf
2282,42,0,-1.6017228521219,PNMAL2,NRF1,LMC,NRF
1064,27,1,-1.63075334070055,FGL2,GATA3,MEF,Zf
2011,51,0,1.14637806348536,NOD1,TCF12,LMC,bHLH
226,16,1,-2.12606281183785,ASF1B,ELK4,MEF,ETS
2949,29,1,2.12144077789538,TCFL5,IRF1,MEF,IRF
1792,35,0,1.95371509724689,MCOLN2,MAX,LMC,bHLH
3037,20,1,2.44630845450856,TMEM255A,FOSL2,MEF,bZIP
161,52,0,-1.05696766770842,APH1B,TCF3,LMC,HMG
1960,14,1,1.24843648845543,NDRG2,ELF1,MEF,ETS
544,50,1,1.52613161639565,CHMP4C,STAT3,MEF,Stat
118,32,1,-1.21591862457302,ALOXE3,JUND,MEF,bZIP
3133,36,1,2.32342847283581,TTC18,MAZ,MEF,Zf
275,35,0,2.08542669283767,BCAR3,MAX,LMC,bHLH
1052,11,1,2.06212975174071,FGF13,E2F6,MEF,E2F
3267,9,0,-1.26383646152717,ZWILCH,E2F1,LMC,E2F
