Gene_encoded,TF_te,TF_Family_te,Tissue_encoded,Actual_log2FoldChange,Predicted_log2FoldChange,Gene,TF,Tissue,TF_Family
1920,-0.2490020295772001,-0.24055162484804216,0,-1.51597579647074,-0.6742933558440227,MYO1B,GATA2,LMC,Zf
2784,-0.2588825049450903,-0.2588825049450903,0,1.22877430824847,1.1656839430699784,SMPDL3A,HNF4A,LMC,NR
1978,-0.10243811445811093,-0.10243811445811093,0,1.1023682648514,0.9478472428515425,NEURL3,TEAD4,LMC,TEA
1349,0.12201789027868709,-0.21807786581075275,1,-1.13007346811403,-0.002607014502382832,HN1,BACH1,MEF,bZIP
960,-0.12424785148432936,-0.16226770650044012,1,-1.35055647048614,1.1806530125612489,FAH,MAX,MEF,bHLH
746,-0.12424785148432936,-0.16226770650044012,1,-1.61037548559076,-0.29808646232410774,DENND2D,MAX,MEF,bHLH
2592,-0.3241398962390605,-0.4667786659818261,1,-1.49631929595084,0.96427056495055,SCRT1,IRF1,MEF,IRF
1493,-0.3441801093275379,-0.16226770650044012,0,-2.80869199939464,0.3592172695481566,ITGA8,TCF12,LMC,bHLH
148,-0.17068129734876603,-0.21807786581075275,0,-1.1924416986184,-1.0329947981778582,ANTXR1,JUND,LMC,bZIP
835,-0.2781468465397177,-0.24055162484804216,1,-1.74413387692825,-1.6392722528064143,E2F7,SP1,MEF,Zf
2226,-0.21040797732426292,-0.24055162484804216,1,-1.27907621233407,-1.5080172549118092,PKP2,YY1,MEF,Zf
1210,-0.17107733425117988,-0.23042526569186958,0,1.25915763449481,-0.10000132121143791,GMIP,E2F6,LMC,E2F
2060,-0.2202036001067245,-0.21807786581075275,0,-1.29534952869874,-0.21882798615785432,NUP62CL,MAFF,LMC,bZIP
2929,-0.17107733425117988,-0.23042526569186958,0,-1.14419748841923,-1.3357497903287756,TACC3,E2F6,LMC,E2F
2250,-0.3218229349053168,-0.24055162484804216,1,-1.29239612926271,-1.3230284823014005,PLEKHG3,GATA1,MEF,Zf
82,-0.20320451878994805,-0.21807786581075275,1,-2.43475960329786,-0.9543502975061648,ADRA1A,ATF3,MEF,bZIP
239,-0.39206578990544383,-0.24055162484804216,0,2.40094957643181,1.9447818076932406,ATP1A3,EGR1,LMC,Zf
2105,-0.44138880677200293,-0.35874841498741566,0,-1.45018039857773,-0.8497122727852124,P4HA2,GABPA,LMC,ETS
1535,-0.19305637283257054,-0.24055162484804216,0,-1.32594598210786,0.7110992792631751,KCND1,MAZ,LMC,Zf
2196,-0.2295785336880661,-0.23042526569186958,0,-1.22792787179975,-1.1003122593238273,PGAP3,E2F4,LMC,E2F
2780,-0.2781468465397177,-0.24055162484804216,0,-2.20674711365804,0.7318380468997,SMOC1,SP1,LMC,Zf
17,-0.07675555573538734,-0.09391104304834053,1,-2.9814574339715,-1.9405984448996978,ABI3,RFX5,MEF,HTH
2119,-0.028028488630146852,-0.16226770650044012,1,1.46288098686934,1.1873390110763096,PAPLN,USF1,MEF,bHLH
374,-0.12424785148432936,-0.16226770650044012,1,1.23448574205766,1.2124961281491367,CATSPER3,MAX,MEF,bHLH
3268,-0.35656081815482665,-0.24055162484804216,1,-1.42145752313049,-1.3204204921497629,ZYX,ZEB1,MEF,Zf
1880,-0.39206578990544383,-0.24055162484804216,0,-1.17965368158031,0.5796306484921715,MSI1,EGR1,LMC,Zf
240,-0.1427744352972257,-0.22772750011888523,0,1.60328158259357,1.3090641239769616,ATP1B1,FOXA2,LMC,Forkhead
422,-0.2781468465397177,-0.24055162484804216,1,-3.75573412612852,-3.5907716999050563,CCNB2,SP1,MEF,Zf
2884,-0.2384484828274451,-0.35874841498741566,0,-2.5431578853609,-1.1433742337606139,STK32B,ELF1,LMC,ETS
2368,-0.17107733425117988,-0.23042526569186958,1,1.61211899018847,0.6833621463084805,PTCHD1,E2F6,MEF,E2F
3107,-0.17107733425117988,-0.23042526569186958,1,-1.66375263504464,-1.4176184854054525,TRIM59,E2F6,MEF,E2F
2247,-0.3218229349053168,-0.24055162484804216,0,1.88482576744227,2.711038123170444,PLEKHA6,GATA1,LMC,Zf
2885,-0.07675555573538734,-0.09391104304834053,1,-1.12147973032636,1.5094701429767015,STK32C,RFX5,MEF,HTH
2275,-0.36394923652108524,-0.36394923652108524,1,2.39521871662444,2.2632784969516284,PM20D2,EBF1,MEF,EBF
1494,0.023694036513735375,-0.22772750011888523,1,-1.57104123309004,-0.9860828421320075,ITGA9,FOXA1,MEF,Forkhead
520,-0.2531799907181821,-0.21807786581075275,0,-1.07484665845757,-1.0819317841974627,CENPT,MAFK,LMC,bZIP
3069,-0.2531799907181821,-0.21807786581075275,0,3.12334119411955,1.6974903119913196,TNNI2,MAFK,LMC,bZIP
3130,-0.36394923652108524,-0.36394923652108524,0,1.17286507479837,1.043250446165136,TSPAN33,EBF1,LMC,EBF
3114,-0.4338340387794032,-0.21807786581075275,1,-3.24269386734528,-0.9092013958127128,TROAP,ATF1,MEF,bZIP
2729,-0.13376741412866516,-0.22688628192079743,0,3.23927313893964,1.4328946575038504,SLC30A2,STAT3,LMC,Stat
671,-0.07675555573538734,-0.09391104304834053,1,1.80514834363837,1.3695571966783961,CSRNP3,RFX5,MEF,HTH
1582,0.12201789027868709,-0.21807786581075275,0,1.20216022419982,0.6648418235049265,KIF9,BACH1,LMC,bZIP
2259,-0.420121647582753,-0.24055162484804216,0,-1.82009132599226,-1.5371206162076414,PLK1,ZNF263,LMC,Zf
1110,0.12201789027868709,-0.21807786581075275,1,-1.52273265121026,1.3877334413245308,FRMD4B,BACH1,MEF,bZIP
3236,-0.6294050389829617,-0.22772750011888523,0,1.14579429923485,1.0326985374022095,WWP1,FOXM1,LMC,Forkhead
766,-0.36396349791647825,-0.22688628192079743,1,-1.28852826885294,1.0696059346638354,DLL1,STAT1,MEF,Stat
2830,-0.024333375166328407,-0.24055162484804216,1,2.2287125275182,0.3890498402371991,SPEF2,CTCF,MEF,Zf
2616,-0.2531799907181821,-0.21807786581075275,0,-1.1018521339641,-1.084754162470495,SEMA6C,MAFK,LMC,bZIP
2715,-0.12424785148432936,-0.16226770650044012,1,1.16918833674438,-0.5614342350245043,SLC25A35,MAX,MEF,bHLH
2177,-0.26484040662604763,-0.21807786581075275,0,-1.03900312371046,-1.0914742843574996,PDIA5,FOSL2,LMC,bZIP
852,-0.12424785148432936,-0.16226770650044012,1,-1.24569712012711,-1.1524922712093733,EDNRA,MAX,MEF,bHLH
232,0.12201789027868709,-0.21807786581075275,0,-2.12556806125941,-1.5992863764709284,ASTN2,BACH1,LMC,bZIP
2471,-0.024333375166328407,-0.24055162484804216,0,-1.34608427400044,-0.3360812531392976,RBM46,CTCF,LMC,Zf
808,-0.3879288830557581,-0.4117228529378932,1,2.35644225333158,1.247386185392166,DPYD,PBX3,MEF,Homeobox
2196,-0.3441801093275379,-0.16226770650044012,1,-1.48538119052124,-0.03595182925193825,PGAP3,TCF12,MEF,bHLH
1953,-0.21040797732426292,-0.24055162484804216,1,-6.35980245271941,-4.514097524917966,NCF2,YY1,MEF,Zf
3061,-0.5444726494898747,-0.5293658635384044,0,1.02514171178658,1.375909976415402,TNFRSF19,MEF2A,LMC,MADS
332,-0.26925687732944,-0.21807786581075275,0,3.6447648160557,1.0425758501791387,C3,FOS,LMC,bZIP
3243,-0.10243811445811093,-0.10243811445811093,0,-1.12058662060011,-0.9086508183584353,YBX3,TEAD4,LMC,TEA
336,-0.2134859055500093,-0.16226770650044012,1,1.16696244426801,-2.5643511401159635,CABLES1,BHLHE40,MEF,bHLH
2515,-0.36394923652108524,-0.36394923652108524,1,1.12637943260805,-1.8280285722343548,RND1,EBF1,MEF,EBF
759,-0.2134859055500093,-0.16226770650044012,0,-1.00993525857208,-1.0362252425336376,DIXDC1,BHLHE40,LMC,bHLH
2296,-0.25726485204107,-0.25726485204107,1,-3.99984604222538,-2.26612934540214,POU2F2,NRF1,MEF,NRF
383,-0.3441801093275379,-0.16226770650044012,0,1.1674313896049,0.46458647990331864,CCDC114,TCF12,LMC,bHLH
3179,-0.3441801093275379,-0.16226770650044012,1,1.71563407361394,-3.7523890363898142,UPK3BL,TCF12,MEF,bHLH
2919,-0.2531799907181821,-0.21807786581075275,1,3.40778923750802,1.7685670776748053,SYT4,MAFK,MEF,bZIP
80,-0.367509213401688,-0.367509213401688,0,-1.85487740745499,-1.6341338351394012,ADORA2B,PAX5,LMC,"Paired,Homeobox"
1119,-0.3241398962390605,-0.4667786659818261,1,-1.79198407984428,0.16296974296589106,FST,IRF1,MEF,IRF
2502,-0.36396349791647825,-0.22688628192079743,0,-1.53561175560559,-1.1242903685130055,RHOF,STAT1,LMC,Stat
2548,0.01123290849505778,-0.24055162484804216,1,1.5667648913633,1.5634738049600099,RSPO3,GATA3,MEF,Zf
1054,-0.26925687732944,-0.21807786581075275,1,1.1716865224164,0.2297474595036757,FGF18,FOS,MEF,bZIP
1219,-0.35656081815482665,-0.24055162484804216,0,2.02429077604181,1.5167818194601161,GNGT2,ZEB1,LMC,Zf
1727,0.023694036513735375,-0.22772750011888523,0,-1.8059852208024,-0.9732541859821343,LY75,FOXA1,LMC,Forkhead
883,-0.024333375166328407,-0.24055162484804216,0,-1.77841332512068,-0.5132833194388433,ELOVL6,CTCF,LMC,Zf
601,-0.15589533538605682,-0.16226770650044012,1,-1.36483145323022,-0.9570957303905216,CNTFR,USF2,MEF,bHLH
1523,-0.12424785148432936,-0.16226770650044012,1,3.35904019245237,-0.12940669827185286,KCNA1,MAX,MEF,bHLH
2709,-0.15589533538605682,-0.16226770650044012,1,1.18981073501354,0.2653678388223335,SLC22A18,USF2,MEF,bHLH
2638,-0.26484040662604763,-0.21807786581075275,0,1.35708014255884,0.7599475226314978,SGK3,FOSL2,LMC,bZIP
265,-0.028028488630146852,-0.16226770650044012,0,-1.12473692026766,-0.1370646577698782,BAG2,USF1,LMC,bHLH
1315,-0.2295785336880661,-0.23042526569186958,1,-3.37453681527639,-1.9489018804771407,HCAR2,E2F4,MEF,E2F
2831,-0.15589533538605682,-0.16226770650044012,0,-1.23443575155555,-0.8735440948604959,SPHK1,USF2,LMC,bHLH
1400,-0.2384484828274451,-0.35874841498741566,1,3.61114568347972,0.43859702218874397,HSPB2,ELF1,MEF,ETS
454,-0.4653646379114139,-0.09391104304834053,1,-5.47756028778316,-5.024300916593874,CD68,MYB,MEF,HTH
3060,-0.3241398962390605,-0.4667786659818261,1,-1.68245131894634,-1.159789853321932,TNFRSF14,IRF1,MEF,IRF
1481,-0.2384484828274451,-0.35874841498741566,1,2.32183354628202,-1.4531959328359716,IRX3,ELF1,MEF,ETS
437,-0.25726485204107,-0.25726485204107,1,-3.02094555577651,-3.4815615117999323,CD22,NRF1,MEF,NRF
2616,-0.15589533538605682,-0.16226770650044012,0,-1.1018521339641,-1.1993499173979947,SEMA6C,USF2,LMC,bHLH
1371,-0.024333375166328407,-0.24055162484804216,1,3.72665701018455,0.47325329043618874,HOXC10,CTCF,MEF,Zf
2114,-0.12424785148432936,-0.16226770650044012,1,1.64934591944947,1.5669641641613163,PAK6,MAX,MEF,bHLH
1224,-0.2384484828274451,-0.35874841498741566,0,-2.2646875579569,-0.5298333490807082,GP1BB,ELF1,LMC,ETS
311,-0.38280731081485264,-0.21807786581075275,1,-1.15853737122107,-0.9155503461559037,BRIP1,ATF2,MEF,bZIP
791,0.01123290849505778,-0.24055162484804216,0,-1.80214698809254,-0.7826084705834576,DNM3OS,GATA3,LMC,Zf
3237,-0.34334100110644417,-0.35874841498741566,0,1.81714224773345,1.0702640564995292,XDH,ETS1,LMC,ETS
473,-0.12424785148432936,-0.16226770650044012,0,-1.72477055854409,-1.6847938685730974,CDCA2,MAX,LMC,bHLH
566,-0.3825682599092054,-0.35874841498741566,0,-1.1170682511222,-1.117068251122199,CKS2,ELK1,LMC,ETS
1457,-0.07675555573538734,-0.09391104304834053,1,1.72835053747912,1.9796501646971472,IL33,RFX5,MEF,HTH
1771,-0.0686255467634714,-0.35874841498741566,0,1.03693296913821,1.9892865812096858,MARVELD2,ELK4,LMC,ETS
1900,-0.028028488630146852,-0.16226770650044012,1,-2.16305225779513,-1.370112760720554,MXD3,USF1,MEF,bHLH
1372,-0.2490020295772001,-0.24055162484804216,1,3.7981416382393,3.213921829501861,HOXC11,GATA2,MEF,Zf
2517,-0.420121647582753,-0.24055162484804216,0,-3.74593415862664,-0.9222523801680822,RNF144A,ZNF263,LMC,Zf
142,-0.3825682599092054,-0.35874841498741566,1,-1.0540168366728,-1.1374221548289682,ANKRD37,ELK1,MEF,ETS
516,-0.6294050389829617,-0.22772750011888523,1,-2.19308549025505,-1.936128046094093,CENPM,FOXM1,MEF,Forkhead
1582,-0.367509213401688,-0.367509213401688,0,1.20216022419982,1.2258484973098127,KIF9,PAX5,LMC,"Paired,Homeobox"
1337,-0.3241398962390605,-0.4667786659818261,1,1.9967466068813,1.2336012617908445,HIST2H2AC,IRF1,MEF,IRF
2984,0.01123290849505778,-0.24055162484804216,1,-1.3954703281283,0.45615773546093974,TIMELESS,GATA3,MEF,Zf
1577,-0.3879288830557581,-0.4117228529378932,1,-1.29232054600738,0.8003971856625792,KIF27,PBX3,MEF,Homeobox
2914,-0.13755040436917615,-0.4117228529378932,1,3.80336753378648,0.5524666649980997,SYNM,NANOG,MEF,Homeobox
1890,-0.0686255467634714,-0.35874841498741566,1,-1.43423442580284,0.21627249216295186,MTFR2,ELK4,MEF,ETS
1182,-0.19305637283257054,-0.24055162484804216,0,1.17625315120143,0.3358557559148326,GGCT,MAZ,LMC,Zf
129,-0.26925687732944,-0.21807786581075275,1,-1.5233402242796,-1.0098037903051154,AMPH,FOS,MEF,bZIP
469,-0.17107733425117988,-0.23042526569186958,0,-1.08880876245464,-1.1004377163494898,CDC42EP4,E2F6,LMC,E2F
2503,-0.3241398962390605,-0.4667786659818261,0,2.10914485869591,0.12602490558478008,RHOH,IRF1,LMC,IRF
1027,-0.4196242791334183,-0.24055162484804216,0,-1.68739723753101,-1.6477927165559247,FBN1,ZBTB33,LMC,Zf
557,-0.3879288830557581,-0.4117228529378932,1,-1.80418951019616,-0.5506522450642695,CHTF18,PBX3,MEF,Homeobox
1138,-0.024333375166328407,-0.24055162484804216,0,1.17692252323497,0.37211984337168325,GALC,CTCF,LMC,Zf
1454,-0.2384484828274451,-0.35874841498741566,0,2.20081236659231,0.1461325314317162,IL21R,ELF1,LMC,ETS
1570,-0.2202036001067245,-0.21807786581075275,1,-2.64838673861431,-2.016973125239117,KIF20A,MAFF,MEF,bZIP
843,-0.367509213401688,-0.367509213401688,1,-4.62149320499293,-1.0320205352324703,EBI3,PAX5,MEF,"Paired,Homeobox"
3049,-0.024333375166328407,-0.24055162484804216,1,1.40901955346108,1.350977695808469,TMOD1,CTCF,MEF,Zf
1569,-0.3864884434229737,-0.3864884434229737,1,-1.7053662137862,-1.8726609313033875,KIF18B,TCF3,MEF,HMG
1617,-0.26925687732944,-0.21807786581075275,0,1.53159191713736,1.2439441976103227,LAMA3,FOS,LMC,bZIP
3027,-0.024333375166328407,-0.24055162484804216,0,2.0194569382354,1.0522475583376867,TMEM184A,CTCF,LMC,Zf
2437,-0.21040797732426292,-0.24055162484804216,1,-1.72044902732915,-1.6835921973670684,RAET1E,YY1,MEF,Zf
3011,0.01123290849505778,-0.24055162484804216,0,-2.66844146682901,-1.4147973897706374,TMEM121,GATA3,LMC,Zf
3051,-0.34334100110644417,-0.35874841498741566,1,1.32077569485417,-0.8500270372497692,TMX2,ETS1,MEF,ETS
1643,-0.26484040662604763,-0.21807786581075275,1,-1.38336396197662,-0.7824853608915899,LGALS3,FOSL2,MEF,bZIP
1864,-0.3218229349053168,-0.24055162484804216,1,-1.10976590286922,0.49148466005173874,MOV10,GATA1,MEF,Zf
3250,-0.34334100110644417,-0.35874841498741566,0,-2.44277508235194,-2.4533553980631986,ZC3HAV1L,ETS1,LMC,ETS
1347,-0.3241398962390605,-0.4667786659818261,0,-2.04350465931052,-1.275589753585188,HMMR,IRF1,LMC,IRF
2551,-0.07675555573538734,-0.09391104304834053,0,-1.05240961924625,-0.9295502379487034,RTN4R,RFX5,LMC,HTH
1502,-0.10243811445811093,-0.10243811445811093,1,2.00353684426726,1.1068189530895105,ITIH2,TEAD4,MEF,TEA
91,-0.2134859055500093,-0.16226770650044012,0,-1.06859955874471,1.0295889760461212,AGPAT9,BHLHE40,LMC,bHLH
2505,-0.4196242791334183,-0.24055162484804216,0,1.90830758048252,1.837879382345443,RHPN2,ZBTB33,LMC,Zf
2090,-0.26484040662604763,-0.21807786581075275,1,1.48097195977724,-0.28215450872887277,OSBPL3,FOSL2,MEF,bZIP
1881,-0.36394923652108524,-0.36394923652108524,1,1.05245446159028,-0.8091668050336529,MSI2,EBF1,MEF,EBF
838,-0.19305637283257054,-0.24055162484804216,1,1.09105532919989,-1.407764816271157,EAF2,MAZ,MEF,Zf
2514,-0.26925687732944,-0.21807786581075275,0,1.36002626195056,1.3408959833259582,RNASEL,FOS,LMC,bZIP
1711,-0.420121647582753,-0.24055162484804216,0,1.47996043864215,1.0121944970399341,LRRN4,ZNF263,LMC,Zf
3163,-0.44138880677200293,-0.35874841498741566,0,2.11154611974576,1.6709695478631554,UBXN10,GABPA,LMC,ETS
1348,-0.25726485204107,-0.25726485204107,0,1.6180838227508,1.3959917630102447,HMOX1,NRF1,LMC,NRF
2812,0.12201789027868709,-0.21807786581075275,1,1.62440533771167,1.38613220436017,SOX5,BACH1,MEF,bZIP
2325,-0.10243811445811093,-0.10243811445811093,1,-1.04548300293303,-1.432282328188692,PRDM1,TEAD4,MEF,TEA
185,-0.15589533538605682,-0.16226770650044012,0,1.22609652976325,1.409338274852007,ARHGAP29,USF2,LMC,bHLH
2213,-0.34334100110644417,-0.35874841498741566,0,1.87203016124587,1.548954748191418,PIK3CG,ETS1,LMC,ETS
778,-0.13755040436917615,-0.4117228529378932,1,1.15771367310752,0.31249783696163075,DNAH12,NANOG,MEF,Homeobox
1345,-0.26925687732944,-0.21807786581075275,0,1.8553451527435,1.4344911545010899,HMGCS2,FOS,LMC,bZIP
391,-0.44138880677200293,-0.35874841498741566,0,-1.06623168509166,-0.8391275786582939,CCDC159,GABPA,LMC,ETS
833,0.12201789027868709,-0.21807786581075275,1,1.3486774228937,-0.024831299946617157,DZANK1,BACH1,MEF,bZIP
2929,-0.2531799907181821,-0.21807786581075275,0,-1.14419748841923,-1.0424844077581121,TACC3,MAFK,LMC,bZIP
817,-0.016679862524066426,-0.16226770650044012,1,2.49731281468413,0.8715475321746218,DSP,MYOG,MEF,bHLH
2991,-0.2295785336880661,-0.23042526569186958,0,-1.39196377773408,-1.3322080788566972,TLCD1,E2F4,LMC,E2F
1941,-0.17068129734876603,-0.21807786581075275,0,1.87583189367755,0.5554256397891555,NAT8L,JUND,LMC,bZIP
1402,-0.367509213401688,-0.367509213401688,0,1.76983656065279,0.8052639721564968,HSPB7,PAX5,LMC,"Paired,Homeobox"
341,-0.17068129734876603,-0.21807786581075275,1,1.75922937474222,1.5496337264388247,CACNA1H,JUND,MEF,bZIP
1739,-0.15589533538605682,-0.16226770650044012,0,2.47131227666043,2.155943857193373,M1AP,USF2,LMC,bHLH
2353,-0.34939441107522407,-0.24055162484804216,1,-1.6450821104451,-0.31833205891454386,PRSS27,ZKSCAN1,MEF,Zf
2400,-0.17068129734876603,-0.21807786581075275,1,1.03281487661586,-0.30647679889488266,PXDC1,JUND,MEF,bZIP
640,-0.3441801093275379,-0.16226770650044012,0,2.11324837146368,1.7426493635618439,CPNE7,TCF12,LMC,bHLH
1582,-0.17107733425117988,-0.23042526569186958,1,1.09834515514093,0.9372665647556359,KIF9,E2F6,MEF,E2F
2268,-0.0686255467634714,-0.35874841498741566,0,1.42413422288827,1.4346809192945225,PLTP,ELK4,LMC,ETS
2402,-0.2531799907181821,-0.21807786581075275,0,1.58111116420939,1.2014461654920077,PYCARD,MAFK,LMC,bZIP
1745,-0.25726485204107,-0.25726485204107,0,2.6302950683987,2.6034847307686495,MAK,NRF1,LMC,NRF
3135,-0.016679862524066426,-0.16226770650044012,1,2.0600675067476,1.7849101958689124,TTC34,MYOG,MEF,bHLH
885,-0.15589533538605682,-0.16226770650044012,1,-2.33876283152591,-1.3664675708833598,EME1,USF2,MEF,bHLH
1499,-0.12424785148432936,-0.16226770650044012,0,1.62077196013722,0.4031243937644628,ITGB4,MAX,LMC,bHLH
2564,-0.7458206212504059,-0.24055162484804216,1,-1.20488236911413,0.07610452414023497,S1PR2,BCL11A,MEF,Zf
1107,-0.12424785148432936,-0.16226770650044012,1,-2.7700119198832,2.8763708120889775,FOXS1,MAX,MEF,bHLH
2770,-0.3879288830557581,-0.4117228529378932,1,-1.570462176705,-0.47185103358196906,SLIT3,PBX3,MEF,Homeobox
1955,-0.2781468465397177,-0.24055162484804216,1,-8.00620334637104,-6.533704320495983,NCKAP1L,SP1,MEF,Zf
818,-0.19305637283257054,-0.24055162484804216,1,-2.16450188489231,0.9298166004498626,DTL,MAZ,MEF,Zf
556,-0.016679862524066426,-0.16226770650044012,0,-1.5919068964405,-1.5776812711911523,CHSY3,MYOG,LMC,bHLH
836,-0.3864884434229737,-0.3864884434229737,1,-2.76164814143304,-1.199449582752718,E2F8,TCF3,MEF,HMG
2537,-0.38280731081485264,-0.21807786581075275,1,-1.8166341585174,-0.118977472522326,RPS6KA1,ATF2,MEF,bZIP
3049,0.12201789027868709,-0.21807786581075275,1,1.40901955346108,0.4681562656342497,TMOD1,BACH1,MEF,bZIP
1117,-0.2202036001067245,-0.21807786581075275,1,1.11413412921778,1.047556560399764,FSBP,MAFF,MEF,bZIP
333,-0.20320451878994805,-0.21807786581075275,1,-8.29781815619164,-4.538547093566047,C3AR1,ATF3,MEF,bZIP
1788,-0.2384484828274451,-0.35874841498741566,1,-1.18921853477002,-1.668476226155012,MCM2,ELF1,MEF,ETS
1424,0.12201789027868709,-0.21807786581075275,0,1.82002858047698,1.820738337563339,IGFBP6,BACH1,LMC,bZIP
1468,-0.3825682599092054,-0.35874841498741566,1,3.66333018693737,0.8358804455165826,INSC,ELK1,MEF,ETS
1182,-0.2295785336880661,-0.23042526569186958,1,1.28941918021194,0.08976405099873962,GGCT,E2F4,MEF,E2F
1978,-0.3864884434229737,-0.3864884434229737,1,-1.51596673113993,-1.1477943277872504,NEURL3,TCF3,MEF,HMG
2477,-0.13376741412866516,-0.22688628192079743,1,1.46967424150988,0.9194719701518622,RCAN2,STAT3,MEF,Stat
2853,-0.34334100110644417,-0.35874841498741566,1,-3.39538592314641,-3.5129422608343734,SRGN,ETS1,MEF,ETS
927,-0.17107733425117988,-0.23042526569186958,1,1.40396646353209,0.5493172815894678,ESYT3,E2F6,MEF,E2F
1490,-0.0686255467634714,-0.35874841498741566,1,1.27075279553544,0.8279243542572311,ITGA3,ELK4,MEF,ETS
2432,-0.44138880677200293,-0.35874841498741566,1,-1.5926751107119,-1.4220480019173607,RAD51AP1,GABPA,MEF,ETS
419,-0.3241398962390605,-0.4667786659818261,1,-1.01212708968367,-1.6979111231550106,CCM2,IRF1,MEF,IRF
112,-0.13376741412866516,-0.22688628192079743,1,-2.59508271988114,4.205661854888377,ALDH1L1,STAT3,MEF,Stat
1059,0.023694036513735375,-0.22772750011888523,1,-1.30648104502404,0.41907710783377483,FGFR1,FOXA1,MEF,Forkhead
2967,-0.3241398962390605,-0.4667786659818261,0,1.18376831365094,0.763713189616126,TFR2,IRF1,LMC,IRF
2764,-0.2295785336880661,-0.23042526569186958,0,1.80329251657958,1.7347875595746067,SLC9A9,E2F4,LMC,E2F
3263,-0.367509213401688,-0.367509213401688,0,1.13114050892096,0.868896596853639,ZMYND15,PAX5,LMC,"Paired,Homeobox"
522,-0.26484040662604763,-0.21807786581075275,0,1.26401131755558,1.1152918406996057,CENPV,FOSL2,LMC,bZIP
1909,-0.13376741412866516,-0.22688628192079743,1,-1.00556299743777,-0.8454164130603635,MYH9,STAT3,MEF,Stat
2118,-0.3241398962390605,-0.4667786659818261,1,2.04572925803728,-1.5206025279945883,PANX2,IRF1,MEF,IRF
1620,0.5522402326254439,-0.24055162484804216,1,-1.28789219699444,0.9053699978682546,LAMC1,PRDM1,MEF,Zf
1338,-0.19305637283257054,-0.24055162484804216,0,1.37703027394907,1.4011616657667818,HIVEP3,MAZ,LMC,Zf
790,-0.3218229349053168,-0.24055162484804216,0,1.49979232189584,1.5341570653921122,DNM1,GATA1,LMC,Zf
3183,-0.26925687732944,-0.21807786581075275,0,1.36921240634688,1.3366344574736104,USP53,FOS,LMC,bZIP
123,-0.2531799907181821,-0.21807786581075275,1,3.14711245456921,1.2120460105248672,ALX3,MAFK,MEF,bZIP
2765,-0.2781468465397177,-0.24055162484804216,1,-1.43101148114046,-0.31808043353617876,SLC9B2,SP1,MEF,Zf
2161,-0.5692078006234296,-0.4117228529378932,0,-1.1138012149019,-1.0769586843148717,PCYT1B,CUX1,LMC,Homeobox
3136,-0.17068129734876603,-0.21807786581075275,1,1.7476052716644,1.2686174511869102,TTC9,JUND,MEF,bZIP
2556,-0.3879288830557581,-0.4117228529378932,0,-1.45797176559289,-0.24696318320533991,RUNX1T1,PBX3,LMC,Homeobox
7,-0.12424785148432936,-0.16226770650044012,1,1.0734799280097,0.4562967552738125,ABCA4,MAX,MEF,bHLH
1884,-0.38280731081485264,-0.21807786581075275,1,-1.01986887113406,-2.284049113071349,MSRA,ATF2,MEF,bZIP
2057,-0.7458206212504059,-0.24055162484804216,1,-2.89490675475079,-0.824031077902377,NUF2,BCL11A,MEF,Zf
1235,-0.024333375166328407,-0.24055162484804216,1,-2.76295988768949,0.743879667959919,GPR116,CTCF,MEF,Zf
2630,-0.34939441107522407,-0.24055162484804216,0,-1.44351784351916,-0.35049807359490387,SETBP1,ZKSCAN1,LMC,Zf
2249,0.12201789027868709,-0.21807786581075275,1,1.15271259876003,-0.38690393962159136,PLEKHG1,BACH1,MEF,bZIP
2172,-0.2490020295772001,-0.24055162484804216,1,-1.41279192676736,-1.169201325248156,PDGFB,GATA2,MEF,Zf
2746,-0.26925687732944,-0.21807786581075275,1,-2.01702441602196,0.126231590595211,SLC43A3,FOS,MEF,bZIP
1402,-0.2202036001067245,-0.21807786581075275,0,1.76983656065279,0.1905476810742606,HSPB7,MAFF,LMC,bZIP
2341,-0.39206578990544383,-0.24055162484804216,1,-1.59755774619729,-0.5550870605408111,PROKR2,EGR1,MEF,Zf
405,-0.12424785148432936,-0.16226770650044012,0,1.92687097105118,1.4688520181738662,CCDC88B,MAX,LMC,bHLH
967,0.12201789027868709,-0.21807786581075275,1,1.34333641556762,-1.3259836048730167,FAM124A,BACH1,MEF,bZIP
1578,-0.36394923652108524,-0.36394923652108524,1,-2.99731913601115,0.2303488867698852,KIF2C,EBF1,MEF,EBF
2203,-0.36396349791647825,-0.22688628192079743,0,-1.61451187747247,-0.6454239340067724,PHF19,STAT1,LMC,Stat
3261,-0.34939441107522407,-0.24055162484804216,1,1.07594447809791,0.3443215126062825,ZKSCAN4,ZKSCAN1,MEF,Zf
2904,-0.35656081815482665,-0.24055162484804216,1,1.50654859946233,-0.41806916460554594,SV2B,ZEB1,MEF,Zf
3211,-0.26925687732944,-0.21807786581075275,0,-1.06067198792734,0.006111065181735582,WASF3,FOS,LMC,bZIP
1905,-0.3879288830557581,-0.4117228529378932,0,-3.56228488230399,-1.481041166087262,MYCT1,PBX3,LMC,Homeobox
2977,-0.20320451878994805,-0.21807786581075275,0,-1.92087742808799,-1.7652395828933936,THBS3,ATF3,LMC,bZIP
762,-0.3218229349053168,-0.24055162484804216,0,1.09464442057264,1.1775120709807232,DLEU2,GATA1,LMC,Zf
1050,-0.4196242791334183,-0.24055162484804216,0,-1.24638153747185,-1.306144648128528,FGF11,ZBTB33,LMC,Zf
2245,-0.07675555573538734,-0.09391104304834053,1,1.39513960986858,-1.807750988020305,PLEK2,RFX5,MEF,HTH
2699,-0.2134859055500093,-0.16226770650044012,0,-1.13247654437372,-1.0502701013074576,SLC16A3,BHLHE40,LMC,bHLH
1756,-0.39206578990544383,-0.24055162484804216,0,-2.37201651279144,-2.20100488259064,MAOB,EGR1,LMC,Zf
2181,-0.07675555573538734,-0.09391104304834053,1,-1.00301611853457,-0.5974201799047392,PDXK,RFX5,MEF,HTH
1562,-0.3441801093275379,-0.16226770650044012,0,-1.33389002552835,-1.684130625088292,KCTD8,TCF12,LMC,bHLH
5,-0.17068129734876603,-0.21807786581075275,1,-1.42809644144407,-0.4106646844880219,ABCA12,JUND,MEF,bZIP
2929,-0.2134859055500093,-0.16226770650044012,0,-1.14419748841923,-1.260036156444101,TACC3,BHLHE40,LMC,bHLH
2291,-0.38280731081485264,-0.21807786581075275,1,-1.99697349643266,-0.32257622411452624,POLE2,ATF2,MEF,bZIP
605,-0.36394923652108524,-0.36394923652108524,0,-1.07984003641775,-1.087968264174064,CNTROB,EBF1,LMC,EBF
1725,-0.13376741412866516,-0.22688628192079743,0,-1.19060928486906,-0.9529897469156137,LURAP1L,STAT3,LMC,Stat
1932,-0.34334100110644417,-0.35874841498741566,0,1.71830105384146,0.23681312060085896,MYRF,ETS1,LMC,ETS
2452,-0.2384484828274451,-0.35874841498741566,0,1.99174899636394,1.924692863250644,RASAL3,ELF1,LMC,ETS
1992,0.01123290849505778,-0.24055162484804216,1,1.44923868568797,-0.44338514090433756,NIPAL2,GATA3,MEF,Zf
1891,-0.024333375166328407,-0.24055162484804216,0,-1.28051428954918,-0.027002297917554124,MTHFD1L,CTCF,LMC,Zf
1145,-0.25726485204107,-0.25726485204107,0,2.0527973309061,0.6348438013106599,GALNT6,NRF1,LMC,NRF
557,-0.367509213401688,-0.367509213401688,0,-1.43008297365315,-1.4764984935175927,CHTF18,PAX5,LMC,"Paired,Homeobox"
2769,-0.15589533538605682,-0.16226770650044012,0,2.09820679159257,1.3238447558037378,SLFN5,USF2,LMC,bHLH
2914,-0.024333375166328407,-0.24055162484804216,1,3.80336753378648,1.1823104109746467,SYNM,CTCF,MEF,Zf
2027,-0.2384484828274451,-0.35874841498741566,0,1.55999031126305,-0.8453748168448965,NPTX1,ELF1,LMC,ETS
3100,-0.13755040436917615,-0.4117228529378932,0,2.85923733343565,0.6380974159211091,TRH,NANOG,LMC,Homeobox
998,-0.3441801093275379,-0.16226770650044012,0,-1.495435769864,-1.2827392690832948,FAM46B,TCF12,LMC,bHLH
1923,-0.36394923652108524,-0.36394923652108524,1,-6.19711798535676,-3.298227353034343,MYO1G,EBF1,MEF,EBF
515,-0.4196242791334183,-0.24055162484804216,1,-1.48399593144254,-1.665037869134574,CENPK,ZBTB33,MEF,Zf
585,-0.4196242791334183,-0.24055162484804216,0,1.67296122995437,1.6763604382950563,CLU,ZBTB33,LMC,Zf
1495,-0.21040797732426292,-0.24055162484804216,0,2.79700636427882,2.564116927922785,ITGAL,YY1,LMC,Zf
2532,-0.2384484828274451,-0.35874841498741566,1,4.40786903897978,0.3343779167962612,RORC,ELF1,MEF,ETS
3153,-0.19305637283257054,-0.24055162484804216,1,-1.20854866679605,-3.4775801798654644,TWIST2,MAZ,MEF,Zf
3186,-0.19305637283257054,-0.24055162484804216,1,-1.92621282947448,-1.9293968360777,VANGL2,MAZ,MEF,Zf
2412,-0.3825682599092054,-0.35874841498741566,1,-2.13156977238491,0.047297386330566,RAB19,ELK1,MEF,ETS
1753,-0.2531799907181821,-0.21807786581075275,1,-1.17597499133754,-1.246581741266276,MANBA,MAFK,MEF,bZIP
427,-0.26925687732944,-0.21807786581075275,1,1.17430399831869,0.5184657550062755,CCPG1,FOS,MEF,bZIP
2950,-0.3864884434229737,-0.3864884434229737,0,1.15119818356183,1.205675892462966,TCIRG1,TCF3,LMC,HMG
1408,-0.3241398962390605,-0.4667786659818261,0,-1.06100170496001,-1.2808062962200097,ICA1,IRF1,LMC,IRF
1497,0.023694036513735375,-0.22772750011888523,0,2.00198261548205,1.9738235185785629,ITGB2,FOXA1,LMC,Forkhead
173,-0.2134859055500093,-0.16226770650044012,0,4.20904927163551,3.9950564909327095,AQP5,BHLHE40,LMC,bHLH
1764,-0.2202036001067245,-0.21807786581075275,1,1.71906055641628,0.2997305021721239,MAP7,MAFF,MEF,bZIP
1178,-0.2781468465397177,-0.24055162484804216,0,-1.42420978182455,-1.2904155261112313,GEN1,SP1,LMC,Zf
821,-0.20320451878994805,-0.21807786581075275,1,-1.13824406119575,1.1637753237968946,DTX4,ATF3,MEF,bZIP
617,0.023694036513735375,-0.22772750011888523,1,3.45728372810024,0.715713850338143,COL2A1,FOXA1,MEF,Forkhead
944,-0.3241398962390605,-0.4667786659818261,1,-1.00394440145578,-0.3289343664658265,EZH2,IRF1,MEF,IRF
2933,-0.15589533538605682,-0.16226770650044012,1,-1.95592310103042,0.28003544897194826,TAGLN2,USF2,MEF,bHLH
59,-0.39206578990544383,-0.24055162484804216,0,-1.31058200156496,-1.195953507400839,ADAMTS2,EGR1,LMC,Zf
2526,-0.38280731081485264,-0.21807786581075275,1,1.94027712823424,0.5893827772293179,RNF43,ATF2,MEF,bZIP
482,-0.367509213401688,-0.367509213401688,1,2.02751559025939,0.9172332618155459,CDH17,PAX5,MEF,"Paired,Homeobox"
2867,-0.4196242791334183,-0.24055162484804216,0,1.85982327350458,1.1419806390418115,ST8SIA4,ZBTB33,LMC,Zf
1125,-0.10243811445811093,-0.10243811445811093,1,2.88515044137907,1.3567366424744165,FUT9,TEAD4,MEF,TEA
1509,-0.44138880677200293,-0.35874841498741566,1,-1.44881067617991,-0.8390058542396706,JADE1,GABPA,MEF,ETS
580,-0.5263204549945071,-0.23042526569186958,0,1.31839983318869,1.510159120226762,CLMN,E2F1,LMC,E2F
3217,-0.20320451878994805,-0.21807786581075275,0,1.18761457019747,0.931080366536402,WDR91,ATF3,LMC,bZIP
3252,-0.17068129734876603,-0.21807786581075275,1,-1.30944351629506,-1.5461265002994975,ZDHHC14,JUND,MEF,bZIP
2370,-0.024333375166328407,-0.24055162484804216,1,1.7110711107885,0.030103614950416385,PTGDR2,CTCF,MEF,Zf
2979,-0.3218229349053168,-0.24055162484804216,0,2.03543776530744,-1.2046325658869077,THEMIS2,GATA1,LMC,Zf
1649,-0.367509213401688,-0.367509213401688,1,1.67637298911309,-0.997469264813206,LHFPL1,PAX5,MEF,"Paired,Homeobox"
2358,-0.12424785148432936,-0.16226770650044012,0,-1.32666189066918,-1.3186518757748416,PRTG,MAX,LMC,bHLH
2153,-0.36396349791647825,-0.22688628192079743,0,-1.51740049418196,0.177770832292892,PCLO,STAT1,LMC,Stat
3220,-0.3864884434229737,-0.3864884434229737,1,-1.28295260221365,2.2694084446893004,WIPF1,TCF3,MEF,HMG
563,-0.5692078006234296,-0.4117228529378932,1,-3.27232018490678,0.4731236619753238,CKAP2L,CUX1,MEF,Homeobox
3018,-0.21040797732426292,-0.24055162484804216,1,-3.1052722091021,0.2805638504002842,TMEM156,YY1,MEF,Zf
2430,-0.26925687732944,-0.21807786581075275,1,-1.31416017052017,-1.9075518191145895,RACGAP1,FOS,MEF,bZIP
349,-0.12424785148432936,-0.16226770650044012,1,3.2974133062062,2.9066260104490715,CADM2,MAX,MEF,bHLH
1693,-0.38280731081485264,-0.21807786581075275,1,-4.99758855508105,-1.7520669020895026,LRMP,ATF2,MEF,bZIP
3165,-0.44138880677200293,-0.35874841498741566,1,-2.38129196365162,-1.4564610148661632,UCP2,GABPA,MEF,ETS
159,-0.36396349791647825,-0.22688628192079743,1,-1.38028441051787,-1.1362806474848144,APBB1IP,STAT1,MEF,Stat
2726,-0.36394923652108524,-0.36394923652108524,0,1.94893923934692,1.5688341931934344,SLC2A3,EBF1,LMC,EBF
1508,-0.17107733425117988,-0.23042526569186958,0,3.50220835498791,3.0186340664949167,IZUMO1,E2F6,LMC,E2F
2831,-0.420121647582753,-0.24055162484804216,0,-1.23443575155555,-0.9593918954411877,SPHK1,ZNF263,LMC,Zf
2950,-0.3825682599092054,-0.35874841498741566,0,1.15119818356183,0.8848540809987853,TCIRG1,ELK1,LMC,ETS
2537,-0.4196242791334183,-0.24055162484804216,1,-1.8166341585174,-0.004777221844459132,RPS6KA1,ZBTB33,MEF,Zf
2031,-0.024333375166328407,-0.24055162484804216,1,1.6603360818878,1.102749764947954,NQO1,CTCF,MEF,Zf
2773,-0.12424785148432936,-0.16226770650044012,0,-1.30007760641789,0.4142326038149436,SLITRK5,MAX,LMC,bHLH
986,-0.15589533538605682,-0.16226770650044012,0,-2.57188756497958,-1.9248845767645912,FAM198A,USF2,LMC,bHLH
1966,-0.13376741412866516,-0.22688628192079743,1,2.59471853436988,1.3054258481872794,NEBL,STAT3,MEF,Stat
41,-0.2202036001067245,-0.21807786581075275,1,-1.29710351150971,-1.1614192564539505,ACTN3,MAFF,MEF,bZIP
1775,-0.12424785148432936,-0.16226770650044012,0,-1.29454940292656,-1.355916081348316,MASTL,MAX,LMC,bHLH
515,-0.36394923652108524,-0.36394923652108524,1,-1.48399593144254,-1.637350395167536,CENPK,EBF1,MEF,EBF
335,-0.20320451878994805,-0.21807786581075275,0,2.32346443077676,1.2204308001507713,C5AR2,ATF3,LMC,bZIP
972,-0.024333375166328407,-0.24055162484804216,1,1.65024443617622,1.630066489179769,FAM154B,CTCF,MEF,Zf
2454,-0.3825682599092054,-0.35874841498741566,0,2.25969313283064,2.167982931609593,RASEF,ELK1,LMC,ETS
2014,0.01123290849505778,-0.24055162484804216,1,1.46367070692664,0.7915045854991726,NOS1AP,GATA3,MEF,Zf
3176,-0.2295785336880661,-0.23042526569186958,1,-3.54813444764473,0.3129524711632241,UNC93B1,E2F4,MEF,E2F
1932,-0.367509213401688,-0.367509213401688,1,1.27590926585484,-0.3836572821099442,MYRF,PAX5,MEF,"Paired,Homeobox"
2437,-0.2781468465397177,-0.24055162484804216,1,-1.72044902732915,-1.5595559060215338,RAET1E,SP1,MEF,Zf
1012,-0.19305637283257054,-0.24055162484804216,1,1.78692440865319,0.8598357605749934,FAM83G,MAZ,MEF,Zf
1385,-0.2295785336880661,-0.23042526569186958,1,-3.20156166711651,-2.4548740181230677,HPGD,E2F4,MEF,E2F
62,-0.19305637283257054,-0.24055162484804216,0,-1.72005964675759,-0.6564527969119563,ADAMTS6,MAZ,LMC,Zf
3124,-0.2134859055500093,-0.16226770650044012,0,-1.26446182500203,-1.034432427259921,TSLP,BHLHE40,LMC,bHLH
1,-0.420121647582753,-0.24055162484804216,1,1.17403180056416,0.5655705458861356,A4GALT,ZNF263,MEF,Zf
2639,-0.024333375166328407,-0.24055162484804216,1,1.44337984031243,-1.0167348168390895,SGMS2,CTCF,MEF,Zf
2725,-0.5692078006234296,-0.4117228529378932,0,1.14130727579286,1.0529751024865395,SLC2A13,CUX1,LMC,Homeobox
383,-0.25726485204107,-0.25726485204107,0,1.1674313896049,0.9332791329960791,CCDC114,NRF1,LMC,NRF
1400,-0.10243811445811093,-0.10243811445811093,1,3.61114568347972,2.4459711580808827,HSPB2,TEAD4,MEF,TEA
831,-0.44138880677200293,-0.35874841498741566,1,1.24284518660575,-0.2553818401348332,DYNC2LI1,GABPA,MEF,ETS
665,-0.3441801093275379,-0.16226770650044012,1,-4.44217521118845,-3.015912360037524,CSF2RB,TCF12,MEF,bHLH
2815,-0.10243811445811093,-0.10243811445811093,0,1.37221217618403,1.057612498781207,SP100,TEAD4,LMC,TEA
317,-0.21040797732426292,-0.24055162484804216,0,1.98250644378338,1.2092085368779497,BTK,YY1,LMC,Zf
180,-0.2202036001067245,-0.21807786581075275,0,1.09118038613016,1.1465163385083752,ARHGAP18,MAFF,LMC,bZIP
454,0.01123290849505778,-0.24055162484804216,1,-5.47756028778316,-4.726760060845518,CD68,GATA3,MEF,Zf
529,-0.420121647582753,-0.24055162484804216,1,1.21345195946999,1.1583944293737243,CETN2,ZNF263,MEF,Zf
540,-0.38280731081485264,-0.21807786581075275,0,-1.21082079687174,0.20706506429516003,CHD3,ATF2,LMC,bZIP
764,-0.1427744352972257,-0.22772750011888523,0,-2.00952580156248,-0.45954232274009316,DLGAP5,FOXA2,LMC,Forkhead
2601,-0.0686255467634714,-0.35874841498741566,0,-1.33009891228235,-1.313987028696238,SEC14L5,ELK4,LMC,ETS
2704,-0.36396349791647825,-0.22688628192079743,0,-1.40649818857836,-1.2939957334736465,SLC17A9,STAT1,LMC,Stat
142,-0.36394923652108524,-0.36394923652108524,1,-1.0540168366728,-1.1502979011533707,ANKRD37,EBF1,MEF,EBF
3151,-0.07675555573538734,-0.09391104304834053,1,1.63583562988891,0.3089068431193363,TULP2,RFX5,MEF,HTH
1616,-0.19305637283257054,-0.24055162484804216,1,-2.81083980719423,0.14706449598845256,LAMA2,MAZ,MEF,Zf
1398,-0.7458206212504059,-0.24055162484804216,1,1.08451053955341,0.6505609443494723,HSPA4L,BCL11A,MEF,Zf
2748,-0.12424785148432936,-0.16226770650044012,1,-1.52946251480257,-1.560879742000279,SLC44A3,MAX,MEF,bHLH
1939,0.12201789027868709,-0.21807786581075275,1,1.0546966217877,0.0809638820592349,NAPB,BACH1,MEF,bZIP
1119,0.12201789027868709,-0.21807786581075275,1,-1.79198407984428,0.7718462636969068,FST,BACH1,MEF,bZIP
1463,-0.367509213401688,-0.367509213401688,1,-1.11626598764505,-0.691154100679964,INCENP,PAX5,MEF,"Paired,Homeobox"
3026,-0.26925687732944,-0.21807786581075275,0,1.20604148876069,0.1455134974565738,TMEM180,FOS,LMC,bZIP
1236,-0.17107733425117988,-0.23042526569186958,0,-1.53518875879138,-1.5329962114632902,GPR124,E2F6,LMC,E2F
1304,-0.12424785148432936,-0.16226770650044012,0,1.79557860486575,1.191773100838596,GUCY1A3,MAX,LMC,bHLH
900,-0.3441801093275379,-0.16226770650044012,1,1.44269937541347,0.2214515746491535,ENPP5,TCF12,MEF,bHLH
2747,-0.25726485204107,-0.25726485204107,0,1.18552058951319,1.3415110293279695,SLC44A1,NRF1,LMC,NRF
832,-0.26925687732944,-0.21807786581075275,1,-1.02758094939115,0.9903543434414966,DYSF,FOS,MEF,bZIP
2417,-0.26484040662604763,-0.21807786581075275,0,1.17019220465761,0.32444427572910983,RAB27B,FOSL2,LMC,bZIP
336,-0.39206578990544383,-0.24055162484804216,1,1.16696244426801,0.9279139308497152,CABLES1,EGR1,MEF,Zf
1182,-0.36396349791647825,-0.22688628192079743,1,1.28941918021194,1.6070208256074998,GGCT,STAT1,MEF,Stat
1530,-0.3825682599092054,-0.35874841498741566,0,1.63913234858528,1.6341991410898313,KCNAB2,ELK1,LMC,ETS
863,-0.3441801093275379,-0.16226770650044012,1,-1.63010567722292,-0.8086399131782133,EFNA2,TCF12,MEF,bHLH
2265,-0.34939441107522407,-0.24055162484804216,1,3.7187952311286,1.2395532219389267,PLS1,ZKSCAN1,MEF,Zf
1588,-0.3441801093275379,-0.16226770650044012,0,-2.56633169713976,-2.50103560836609,KLF12,TCF12,LMC,bHLH
1433,-0.39206578990544383,-0.24055162484804216,1,-5.31673355480913,-2.411204780946228,IKZF1,EGR1,MEF,Zf
332,-0.2134859055500093,-0.16226770650044012,0,3.6447648160557,-0.29786871313516255,C3,BHLHE40,LMC,bHLH
2743,-0.15589533538605682,-0.16226770650044012,0,1.463380371895,1.4859997750570948,SLC40A1,USF2,LMC,bHLH
1326,-0.34334100110644417,-0.35874841498741566,1,1.7722064028103,1.1177290610612705,HERC3,ETS1,MEF,ETS
2645,-0.21040797732426292,-0.24055162484804216,0,1.90813328229963,1.7251594249379656,SH2D4B,YY1,LMC,Zf
2054,-0.44138880677200293,-0.35874841498741566,1,1.67996520029264,0.03394293717205682,NUCB2,GABPA,MEF,ETS
336,-0.34939441107522407,-0.24055162484804216,1,1.16696244426801,0.8000894464195202,CABLES1,ZKSCAN1,MEF,Zf
755,-0.36394923652108524,-0.36394923652108524,0,-1.06742983380829,-0.26062125627371663,DHFR,EBF1,LMC,EBF
1020,-0.2295785336880661,-0.23042526569186958,1,-2.39916833398153,-1.3231254545648943,FAT3,E2F4,MEF,E2F
1143,-0.17068129734876603,-0.21807786581075275,1,2.77782967795664,2.3019663557062446,GALNT3,JUND,MEF,bZIP
3050,0.12201789027868709,-0.21807786581075275,1,1.4297026333142,0.4681562656342497,TMTC1,BACH1,MEF,bZIP
341,-0.3441801093275379,-0.16226770650044012,0,-1.25938563071944,1.3129004868867096,CACNA1H,TCF12,LMC,bHLH
1361,-0.420121647582753,-0.24055162484804216,0,-2.019109627983,-1.626003870763121,HOXA6,ZNF263,LMC,Zf
600,-0.17068129734876603,-0.21807786581075275,1,-1.02011348438515,-0.04038943232225817,CNRIP1,JUND,MEF,bZIP
2985,-0.3864884434229737,-0.3864884434229737,0,1.18351069680431,0.6651822521284941,TIMP1,TCF3,LMC,HMG
303,-0.10243811445811093,-0.10243811445811093,1,1.45646153834468,1.473994277418154,BMP8B,TEAD4,MEF,TEA
1130,-0.2295785336880661,-0.23042526569186958,1,1.37162439981289,-0.18447982785947975,FZD9,E2F4,MEF,E2F
496,-0.3441801093275379,-0.16226770650044012,0,-1.45528793892123,-1.4536829142751473,CDKN3,TCF12,LMC,bHLH
2162,-0.44138880677200293,-0.35874841498741566,1,-1.32842226091202,-0.7728107598641966,PDE10A,GABPA,MEF,ETS
3194,-0.13376741412866516,-0.22688628192079743,1,-2.78668694486666,-1.715295159973812,VCAN,STAT3,MEF,Stat
217,-0.2134859055500093,-0.16226770650044012,0,-1.57740280110919,-1.5424031119496036,ART4,BHLHE40,LMC,bHLH
68,-0.17068129734876603,-0.21807786581075275,0,2.27014315431646,0.3400020307462947,ADAP2,JUND,LMC,bZIP
3011,-0.44138880677200293,-0.35874841498741566,0,-2.66844146682901,-1.5432865626915993,TMEM121,GABPA,LMC,ETS
216,-0.3864884434229737,-0.3864884434229737,1,3.12962584486479,-0.775740068428302,ART3,TCF3,MEF,HMG
1770,-0.34334100110644417,-0.35874841498741566,0,3.06860728912604,2.5921457321004255,MARCO,ETS1,LMC,ETS
526,-0.17068129734876603,-0.21807786581075275,0,-1.55044439537775,-1.493076661307347,CEP72,JUND,LMC,bZIP
895,-0.024333375166328407,-0.24055162484804216,0,-2.74176093683303,-2.393285715691247,ENO3,CTCF,LMC,Zf
2915,-0.19305637283257054,-0.24055162484804216,1,1.25087463513992,1.5267645386060291,SYNPO,MAZ,MEF,Zf
2327,0.12201789027868709,-0.21807786581075275,0,-1.74138188130689,0.07434524176361125,PRDM6,BACH1,LMC,bZIP
290,-0.420121647582753,-0.24055162484804216,0,-1.33568769480773,-1.4944015586311132,BGN,ZNF263,LMC,Zf
2275,0.12201789027868709,-0.21807786581075275,0,1.06002019022503,0.9964375687041978,PM20D2,BACH1,LMC,bZIP
1492,-0.3441801093275379,-0.16226770650044012,0,2.43217173733931,1.0316567203890576,ITGA7,TCF12,LMC,bHLH
1814,-0.38280731081485264,-0.21807786581075275,1,1.05357159098522,0.34496685726409426,METTL21A,ATF2,MEF,bZIP
678,-0.2384484828274451,-0.35874841498741566,0,1.30007498000597,0.9439759534206797,CTDSPL,ELF1,LMC,ETS
2309,-0.17107733425117988,-0.23042526569186958,1,-2.02272215179299,0.563475852653412,PPL,E2F6,MEF,E2F
1591,-0.26484040662604763,-0.21807786581075275,1,1.24681343695408,0.7516606851269316,KLF9,FOSL2,MEF,bZIP
1579,-0.3825682599092054,-0.35874841498741566,0,1.28112113456646,1.2040450742084297,KIF3A,ELK1,LMC,ETS
2815,-0.367509213401688,-0.367509213401688,1,-2.19314508406099,-1.335788702245262,SP100,PAX5,MEF,"Paired,Homeobox"
906,0.12201789027868709,-0.21807786581075275,0,-1.47598741093167,-0.3186007213349192,EPHA4,BACH1,LMC,bZIP
1481,-0.17107733425117988,-0.23042526569186958,1,2.32183354628202,3.0030319293588934,IRX3,E2F6,MEF,E2F
1619,-0.17068129734876603,-0.21807786581075275,0,1.98706341170144,1.599576970763443,LAMB3,JUND,LMC,bZIP
1154,-0.2295785336880661,-0.23042526569186958,1,1.83281518322755,0.14155947562361884,GATA3,E2F4,MEF,E2F
2880,-0.17107733425117988,-0.23042526569186958,0,1.62372781467083,-0.6282551856389627,STEAP4,E2F6,LMC,E2F
1420,-0.2531799907181821,-0.21807786581075275,1,-1.15452140562588,0.032410244345793676,IGF2BP2,MAFK,MEF,bZIP
1865,0.01123290849505778,-0.24055162484804216,1,1.14781830061223,-0.26190039152556516,MPC1,GATA3,MEF,Zf
3085,-0.2781468465397177,-0.24055162484804216,0,-2.45217469460679,-2.2291674201597775,TPM2,SP1,LMC,Zf
1215,-0.36394923652108524,-0.36394923652108524,0,-1.04714678478155,-0.9226531202777511,GNG10,EBF1,LMC,EBF
1717,-0.3825682599092054,-0.35874841498741566,0,-1.25931102077003,-0.8204642604613329,LSP1,ELK1,LMC,ETS
1889,-0.10243811445811093,-0.10243811445811093,1,1.99762607766114,0.5979188517986636,MT3,TEAD4,MEF,TEA
316,0.12201789027868709,-0.21807786581075275,1,1.64164033995591,0.6318917685796474,BTC,BACH1,MEF,bZIP
203,-0.26484040662604763,-0.21807786581075275,1,-5.6908155229685,-4.69810648550161,ARL11,FOSL2,MEF,bZIP
2328,-0.13755040436917615,-0.4117228529378932,0,1.68357693735779,1.1230748413497518,PRDX1,NANOG,LMC,Homeobox
713,-0.3879288830557581,-0.4117228529378932,1,1.19144626408088,1.082455530378209,CYLD,PBX3,MEF,Homeobox
1569,-0.3825682599092054,-0.35874841498741566,0,-1.70112877149519,-1.8202492397771577,KIF18B,ELK1,LMC,ETS
668,-0.367509213401688,-0.367509213401688,0,-1.50985095745356,-1.1913202587847476,CSMD3,PAX5,LMC,"Paired,Homeobox"
2215,-0.7458206212504059,-0.24055162484804216,1,-3.53089383410937,-1.1927203430914615,PIK3R6,BCL11A,MEF,Zf
2605,-0.34939441107522407,-0.24055162484804216,1,-5.12463925075724,-4.785092824975535,SELPLG,ZKSCAN1,MEF,Zf
2734,-0.7458206212504059,-0.24055162484804216,0,-2.55732246205919,-2.2290933616778905,SLC35F2,BCL11A,LMC,Zf
1900,-0.3879288830557581,-0.4117228529378932,0,-2.81354840009658,-1.5038779829659268,MXD3,PBX3,LMC,Homeobox
747,-0.17068129734876603,-0.21807786581075275,0,-1.04094116021417,-0.8820654943331792,DENND3,JUND,LMC,bZIP
3121,-0.07675555573538734,-0.09391104304834053,1,1.52459878471978,0.0078049024160938086,TSHR,RFX5,MEF,HTH
1648,-0.17068129734876603,-0.21807786581075275,1,-1.27478146434956,-0.9215615411917824,LGMN,JUND,MEF,bZIP
2027,-0.39206578990544383,-0.24055162484804216,0,1.55999031126305,-1.4066166595948812,NPTX1,EGR1,LMC,Zf
1182,-0.26925687732944,-0.21807786581075275,1,1.28941918021194,1.3030789005577637,GGCT,FOS,MEF,bZIP
3227,-0.12424785148432936,-0.16226770650044012,1,1.26993965517135,2.530133225163661,WNT11,MAX,MEF,bHLH
2033,-0.13376741412866516,-0.22688628192079743,0,-1.95195850424148,-1.5426677462595102,NR2F1,STAT3,LMC,Stat
3158,-0.17068129734876603,-0.21807786581075275,1,-1.42575660047968,-1.8207594883917235,UBA7,JUND,MEF,bZIP
678,-0.024333375166328407,-0.24055162484804216,0,1.30007498000597,1.3857318014439342,CTDSPL,CTCF,LMC,Zf
2980,-0.19305637283257054,-0.24055162484804216,1,1.073895233571,-1.1232332226459165,TIAM2,MAZ,MEF,Zf
2319,-0.13755040436917615,-0.4117228529378932,1,2.1115367325484,0.3113041065689478,PPP1R9A,NANOG,MEF,Homeobox
34,-0.26484040662604763,-0.21807786581075275,1,1.10481688992728,0.49979247605405414,ACSL4,FOSL2,MEF,bZIP
2496,-0.39206578990544383,-0.24055162484804216,0,-1.87567434541817,-1.700449717052214,RGS5,EGR1,LMC,Zf
3028,-0.3879288830557581,-0.4117228529378932,1,-1.00655022948688,0.9558659034236018,TMEM191C,PBX3,MEF,Homeobox
2173,-0.34334100110644417,-0.35874841498741566,1,1.01951306087734,-1.4480336375542746,PDGFC,ETS1,MEF,ETS
2641,-0.19305637283257054,-0.24055162484804216,1,-1.51561055023363,-1.2078443629722282,SGOL2,MAZ,MEF,Zf
1743,-0.3441801093275379,-0.16226770650044012,0,1.2423560260099,1.182397285960388,MAF,TCF12,LMC,bHLH
1933,-0.12424785148432936,-0.16226770650044012,0,-1.05436822613132,-0.14650743638444744,NAALAD2,MAX,LMC,bHLH
3223,-0.2295785336880661,-0.23042526569186958,1,1.09999240845705,1.9144359926963495,WNK3,E2F4,MEF,E2F
1586,-0.2134859055500093,-0.16226770650044012,0,-1.05305185057136,-1.0079476090759356,KISS1R,BHLHE40,LMC,bHLH
2202,-0.39206578990544383,-0.24055162484804216,1,1.46374102379533,-1.8405496634412537,PGRMC1,EGR1,MEF,Zf
432,-0.36394923652108524,-0.36394923652108524,1,-1.9549283385216,-1.765046441243286,CD14,EBF1,MEF,EBF
3085,-0.26484040662604763,-0.21807786581075275,0,-2.45217469460679,-2.452174694606793,TPM2,FOSL2,LMC,bZIP
2763,-0.1427744352972257,-0.22772750011888523,0,-1.37580388005319,-0.7983076988546207,SLC9A5,FOXA2,LMC,Forkhead
2988,-0.3218229349053168,-0.24055162484804216,1,2.47016823813231,-0.6140650697976641,TIPARP,GATA1,MEF,Zf
2088,-0.44138880677200293,-0.35874841498741566,1,-1.89195409277433,0.4482126918730881,OPN3,GABPA,MEF,ETS
3074,-0.028028488630146852,-0.16226770650044012,1,1.9111052509538,1.339246187545512,TNS4,USF1,MEF,bHLH
259,-0.2531799907181821,-0.21807786581075275,1,-1.08870467428603,-1.8303973867971945,B3GNT8,MAFK,MEF,bZIP
2998,-0.5444726494898747,-0.5293658635384044,1,-5.67130858205146,-2.856154833862271,TLR7,MEF2A,MEF,MADS
705,-0.17068129734876603,-0.21807786581075275,1,1.96907516552775,1.2253404573303477,CXXC4,JUND,MEF,bZIP
1323,-0.38280731081485264,-0.21807786581075275,1,-1.27285316107792,0.8833486997033855,HEG1,ATF2,MEF,bZIP
1780,-0.19305637283257054,-0.24055162484804216,0,-1.10292671378567,-1.147438723062421,MBOAT2,MAZ,LMC,Zf
1515,0.12201789027868709,-0.21807786581075275,0,1.23303869843737,1.6658259031885998,JPH1,BACH1,LMC,bZIP
2571,-0.12424785148432936,-0.16226770650044012,0,2.21199249094667,1.3301040413551772,SAMSN1,MAX,LMC,bHLH
1679,-0.17068129734876603,-0.21807786581075275,0,-1.54161054323492,-1.4941705895819237,LOXL3,JUND,LMC,bZIP
2816,-0.21040797732426292,-0.24055162484804216,0,1.48469516913959,1.2595862323379123,SP110,YY1,LMC,Zf
659,-0.016679862524066426,-0.16226770650044012,0,1.55122858363057,0.5499275271039912,CRYAB,MYOG,LMC,bHLH
1682,-0.3218229349053168,-0.24055162484804216,1,-2.74353016291485,-1.6603219306744235,LPAR5,GATA1,MEF,Zf
478,-0.4338340387794032,-0.21807786581075275,1,-1.50500405166392,-1.2159144002540752,CDCA8,ATF1,MEF,bZIP
2217,-0.420121647582753,-0.24055162484804216,1,-1.0918547115101,-1.7037903023462175,PIP4K2A,ZNF263,MEF,Zf
83,-0.26925687732944,-0.21807786581075275,0,-2.50381746174834,0.057174386110764044,ADRA1D,FOS,LMC,bZIP
1559,-0.34939441107522407,-0.24055162484804216,0,-1.66267294525053,-1.8177922680603706,KCTD15,ZKSCAN1,LMC,Zf
1132,-0.44138880677200293,-0.35874841498741566,1,4.81234158915304,1.3421039707001352,GABRA2,GABPA,MEF,ETS
144,-0.19305637283257054,-0.24055162484804216,1,-2.61285486595035,-1.0710600103861483,ANLN,MAZ,MEF,Zf
2184,-0.3441801093275379,-0.16226770650044012,0,-1.4413091348634,-0.9012567504021558,PDZRN3,TCF12,LMC,bHLH
1350,-0.3441801093275379,-0.16226770650044012,0,1.34567640676102,0.5346812869005728,HNMT,TCF12,LMC,bHLH
1045,-0.028028488630146852,-0.16226770650044012,1,-2.12857218736207,-2.177133817451854,FES,USF1,MEF,bHLH
1034,-0.19305637283257054,-0.24055162484804216,1,1.68462784473143,1.3721070417370291,FBXO32,MAZ,MEF,Zf
215,-0.420121647582753,-0.24055162484804216,0,-1.36158889535435,-0.5852756700666414,ARSJ,ZNF263,LMC,Zf
1613,-0.38280731081485264,-0.21807786581075275,0,2.4317777613676,2.3547369608435007,LAD1,ATF2,LMC,bZIP
2474,-0.2202036001067245,-0.21807786581075275,0,1.67443314376631,1.5933489111352535,RBP4,MAFF,LMC,bZIP
2067,-0.15589533538605682,-0.16226770650044012,1,-1.33624171038596,-0.3042178704090515,NXPH4,USF2,MEF,bHLH
1145,-0.2202036001067245,-0.21807786581075275,0,2.0527973309061,1.2742236337881478,GALNT6,MAFF,LMC,bZIP
2039,-0.44138880677200293,-0.35874841498741566,0,-1.67908212368491,-1.189765217771843,NRN1,GABPA,LMC,ETS
2208,-0.38280731081485264,-0.21807786581075275,1,-2.93900889516941,-3.9157887844791643,PIEZO2,ATF2,MEF,bZIP
2386,0.12201789027868709,-0.21807786581075275,0,2.05154846441403,0.968973992964845,PTPN6,BACH1,LMC,bZIP
3055,-0.36396349791647825,-0.22688628192079743,1,-2.0917384886418,-2.6879814480628053,TNFAIP8L1,STAT1,MEF,Stat
2285,-0.19305637283257054,-0.24055162484804216,0,-2.18791521896949,-1.7561459028674984,PODNL1,MAZ,LMC,Zf
3167,-0.2134859055500093,-0.16226770650044012,1,-2.95782767929237,-0.6390045764608229,UHRF1,BHLHE40,MEF,bHLH
398,-0.2490020295772001,-0.24055162484804216,1,1.03875647777086,0.9189739906374461,CCDC63,GATA2,MEF,Zf
1329,-1.193308279848384,-0.35874841498741566,0,1.74478021809502,1.6565580828992892,HHEX,FLI1,LMC,ETS
1087,-0.5692078006234296,-0.4117228529378932,1,1.13617462924265,-0.8834688785164029,FNDC3A,CUX1,MEF,Homeobox
1743,-0.13376741412866516,-0.22688628192079743,0,1.2423560260099,1.2635893387298827,MAF,STAT3,LMC,Stat
1933,-0.3241398962390605,-0.4667786659818261,0,-1.05436822613132,-0.07692596403961904,NAALAD2,IRF1,LMC,IRF
3220,-0.13376741412866516,-0.22688628192079743,1,-1.28295260221365,1.9885507828617792,WIPF1,STAT3,MEF,Stat
3015,-0.2531799907181821,-0.21807786581075275,0,1.30655408629672,1.1123945064918193,TMEM140,MAFK,LMC,bZIP
1728,-0.7636466334835217,-0.21807786581075275,0,2.42475480036717,2.261175359052365,LY86,BATF,LMC,bZIP
2982,-0.4338340387794032,-0.21807786581075275,1,-2.33478354896537,0.003587220380525391,TICRR,ATF1,MEF,bZIP
650,-0.25726485204107,-0.25726485204107,0,2.24065860995856,2.104025309787131,CREG2,NRF1,LMC,NRF
469,-0.4196242791334183,-0.24055162484804216,0,-1.08880876245464,-1.1236926542102377,CDC42EP4,ZBTB33,LMC,Zf
585,-0.2531799907181821,-0.21807786581075275,1,1.8285992255709,-0.21431698584592784,CLU,MAFK,MEF,bZIP
2389,-0.2531799907181821,-0.21807786581075275,0,1.29431496605626,1.3050017224140384,PTPRE,MAFK,LMC,bZIP
1568,-0.25726485204107,-0.25726485204107,1,-2.57584463626319,-2.1977551826867785,KIF15,NRF1,MEF,NRF
1730,-0.15589533538605682,-0.16226770650044012,1,-4.43367583493052,-3.294384202373485,LYL1,USF2,MEF,bHLH
2414,-0.2134859055500093,-0.16226770650044012,0,-1.30372944762323,-0.8165022516823757,RAB23,BHLHE40,LMC,bHLH
94,-0.20320451878994805,-0.21807786581075275,0,1.1446893045572,1.0868106310781618,AHCYL2,ATF3,LMC,bZIP
2574,-0.36394923652108524,-0.36394923652108524,1,-2.47219502126742,0.1482247824118489,SAPCD2,EBF1,MEF,EBF
2777,-0.7014153380027011,-0.24055162484804216,0,1.33467085489491,1.5906793115328037,SMARCA2,SP2,LMC,Zf
1257,-0.1427744352972257,-0.22772750011888523,0,1.07836707927477,1.0927740805529058,GPR39,FOXA2,LMC,Forkhead
2817,-0.2202036001067245,-0.21807786581075275,0,1.65282560274896,1.4166062721136095,SP140,MAFF,LMC,bZIP
813,-0.26484040662604763,-0.21807786581075275,1,-1.3771923836082,2.0615116329206176,DRP2,FOSL2,MEF,bZIP
3138,-0.15589533538605682,-0.16226770650044012,1,1.12412811035679,0.6014253126357374,TTLL11,USF2,MEF,bHLH
43,-0.26484040662604763,-0.21807786581075275,1,-1.10283547570767,-0.7558263895685209,ACY1,FOSL2,MEF,bZIP
2830,-0.17107733425117988,-0.23042526569186958,1,2.2287125275182,-0.8979532178439,SPEF2,E2F6,MEF,E2F
2935,-0.3441801093275379,-0.16226770650044012,0,-1.1207796034852,-0.7004443578698365,TARSL2,TCF12,LMC,bHLH
1759,-0.17068129734876603,-0.21807786581075275,0,-1.20195710611927,-1.292502641172412,MAP2K6,JUND,LMC,bZIP
2289,-0.17068129734876603,-0.21807786581075275,1,-1.15837612128203,-1.1614267094221966,POLD1,JUND,MEF,bZIP
1344,-0.7458206212504059,-0.24055162484804216,0,-1.06304399815731,-0.9987626193966845,HMGCS1,BCL11A,LMC,Zf
827,-0.12424785148432936,-0.16226770650044012,0,1.31630430034092,1.3644751816779652,DUSP6,MAX,LMC,bHLH
1986,-0.19305637283257054,-0.24055162484804216,1,5.17941666726944,4.121616100650095,NGFR,MAZ,MEF,Zf
1123,-0.36396349791647825,-0.22688628192079743,0,1.42329473898804,1.4175585609619794,FTH1,STAT1,LMC,Stat
2959,-0.024333375166328407,-0.24055162484804216,0,-1.05619658421394,-0.6357424403777846,TEX14,CTCF,LMC,Zf
2277,-0.13376741412866516,-0.22688628192079743,1,-1.67266293787219,-2.0985519307704674,PMF1,STAT3,MEF,Stat
2515,-0.20320451878994805,-0.21807786581075275,1,1.12637943260805,0.5946379904512976,RND1,ATF3,MEF,bZIP
514,-0.2781468465397177,-0.24055162484804216,0,-1.48650253996053,-1.5147319921554518,CENPI,SP1,LMC,Zf
451,-0.21040797732426292,-0.24055162484804216,0,2.0789712890097,2.0365971352658208,CD53,YY1,LMC,Zf
205,-0.26484040662604763,-0.21807786581075275,1,1.1241272049731,-0.21143893190221769,ARL4A,FOSL2,MEF,bZIP
799,-0.2781468465397177,-0.24055162484804216,1,-1.41292210105817,-1.4335521701698963,DPCR1,SP1,MEF,Zf
3250,-0.016679862524066426,-0.16226770650044012,0,-2.44277508235194,-1.0616550521655088,ZC3HAV1L,MYOG,LMC,bHLH
472,-0.5263204549945071,-0.23042526569186958,1,-1.16198535397929,-1.2780542168410765,CDC7,E2F1,MEF,E2F
3195,-0.3864884434229737,-0.3864884434229737,1,-1.73730349835225,-1.199618265549563,VDR,TCF3,MEF,HMG
1976,-0.2384484828274451,-0.35874841498741566,1,1.28300620910815,-1.0903506206554598,NET1,ELF1,MEF,ETS
557,-0.028028488630146852,-0.16226770650044012,0,-1.43008297365315,-1.4324618873527775,CHTF18,USF1,LMC,bHLH
469,-0.15589533538605682,-0.16226770650044012,0,-1.08880876245464,-1.117695290482936,CDC42EP4,USF2,LMC,bHLH
1123,-0.2588825049450903,-0.2588825049450903,0,1.42329473898804,1.3316648153947594,FTH1,HNF4A,LMC,NR
1298,-0.36396349791647825,-0.22688628192079743,0,1.79871714318156,1.45667937113223,GSTA4,STAT1,LMC,Stat
2564,-0.2134859055500093,-0.16226770650044012,1,-1.20488236911413,-1.0680594083408683,S1PR2,BHLHE40,MEF,bHLH
775,-0.13755040436917615,-0.4117228529378932,1,-1.72004709805827,-0.24484945527558502,DMRTA2,NANOG,MEF,Homeobox
1472,-0.028028488630146852,-0.16226770650044012,1,-1.52991375774982,-1.126373256560517,IQGAP2,USF1,MEF,bHLH
2194,-0.367509213401688,-0.367509213401688,1,1.41728947266059,-0.5245420238592498,PFN4,PAX5,MEF,"Paired,Homeobox"
1609,-0.34334100110644417,-0.35874841498741566,0,2.05229480885656,2.0545854008781723,KRT7,ETS1,LMC,ETS
33,-0.2134859055500093,-0.16226770650044012,0,-1.13494100888188,-1.2226362672945819,ACSL3,BHLHE40,LMC,bHLH
2370,-0.21040797732426292,-0.24055162484804216,1,1.7110711107885,1.6458136412111057,PTGDR2,YY1,MEF,Zf
632,-0.3241398962390605,-0.4667786659818261,1,-4.32608395276408,-2.350989770467994,CORO2A,IRF1,MEF,IRF
1292,-0.39206578990544383,-0.24055162484804216,0,1.18024367524871,1.1251990677683306,GSDMD,EGR1,LMC,Zf
313,-0.38280731081485264,-0.21807786581075275,0,1.25843048968999,0.9417468054637016,BST2,ATF2,LMC,bZIP
2031,-0.35656081815482665,-0.24055162484804216,1,1.6603360818878,0.5231834723509862,NQO1,ZEB1,MEF,Zf
2790,-0.028028488630146852,-0.16226770650044012,1,-1.59761294289245,0.4984167598124853,SNCAIP,USF1,MEF,bHLH
869,-0.5263204549945071,-0.23042526569186958,0,-1.17641964196285,0.22558487378564238,EGFR,E2F1,LMC,E2F
1275,-0.420121647582753,-0.24055162484804216,1,-1.13562918187653,-0.44725078017441455,GRB14,ZNF263,MEF,Zf
445,-0.19305637283257054,-0.24055162484804216,1,-3.50081866240652,-3.6749898504260705,CD33,MAZ,MEF,Zf
1750,-0.028028488630146852,-0.16226770650044012,0,-1.35662311441156,-0.4319537176838238,MAMSTR,USF1,LMC,bHLH
640,-0.3241398962390605,-0.4667786659818261,0,2.11324837146368,1.910489410633621,CPNE7,IRF1,LMC,IRF
899,-0.2384484828274451,-0.35874841498741566,1,1.47613931326266,0.8648738411325628,ENPP4,ELF1,MEF,ETS
2333,-0.10243811445811093,-0.10243811445811093,1,2.11733149630965,-1.247117327472708,PRKAA2,TEAD4,MEF,TEA
3216,-0.07675555573538734,-0.09391104304834053,1,-1.08750493293003,0.6531799540325062,WDR90,RFX5,MEF,HTH
949,-0.26484040662604763,-0.21807786581075275,0,-1.019980760279,-0.6659479421521959,F2RL1,FOSL2,LMC,bZIP
1166,-0.028028488630146852,-0.16226770650044012,0,1.04053157521072,1.7406573839454433,GCLM,USF1,LMC,bHLH
2052,-0.19305637283257054,-0.24055162484804216,0,-2.21089204553683,-1.952749244304953,NTRK3,MAZ,LMC,Zf
1691,-0.19305637283257054,-0.24055162484804216,1,1.57129493062406,0.835639882417126,LRFN5,MAZ,MEF,Zf
992,0.01123290849505778,-0.24055162484804216,1,1.00646228397572,1.0520462677240092,FAM212B,GATA3,MEF,Zf
2212,-0.38280731081485264,-0.21807786581075275,1,-2.02987206992837,-5.225757712707713,PIK3CD,ATF2,MEF,bZIP
3194,-0.028028488630146852,-0.16226770650044012,1,-2.78668694486666,-1.3702208906055784,VCAN,USF1,MEF,bHLH
1321,0.12201789027868709,-0.21807786581075275,0,1.4760606765863,1.5909959187280702,HDAC9,BACH1,LMC,bZIP
1050,-0.367509213401688,-0.367509213401688,0,-1.24638153747185,-1.3570273299004247,FGF11,PAX5,LMC,"Paired,Homeobox"
1052,-0.19305637283257054,-0.24055162484804216,1,2.06212975174071,0.9738333237547431,FGF13,MAZ,MEF,Zf
1380,-0.25726485204107,-0.25726485204107,0,2.66649461859052,2.597189174721697,HOXD8,NRF1,LMC,NRF
1316,-0.3864884434229737,-0.3864884434229737,1,-2.7538568771415,-1.3804400052088235,HCK,TCF3,MEF,HMG
232,-0.420121647582753,-0.24055162484804216,0,-2.12556806125941,-2.026901406769067,ASTN2,ZNF263,LMC,Zf
1031,0.023694036513735375,-0.22772750011888523,1,-1.24967716659756,-0.9994530986914103,FBXL8,FOXA1,MEF,Forkhead
176,-0.4338340387794032,-0.21807786581075275,1,-5.36535647815118,-2.2800817772280335,ARAP3,ATF1,MEF,bZIP
703,-0.36394923652108524,-0.36394923652108524,1,-1.39331579704767,-0.6391235290850864,CXCR4,EBF1,MEF,EBF
2157,0.12201789027868709,-0.21807786581075275,0,2.07544341037937,0.7957661943509504,PCSK1,BACH1,LMC,bZIP
3186,-0.15589533538605682,-0.16226770650044012,1,-1.92621282947448,-2.629450871531236,VANGL2,USF2,MEF,bHLH
8,-0.15589533538605682,-0.16226770650044012,0,-1.13492430155845,-0.7794682059704953,ABCA5,USF2,LMC,bHLH
2402,-0.4196242791334183,-0.24055162484804216,0,1.58111116420939,1.6854894176762156,PYCARD,ZBTB33,LMC,Zf
1544,-0.3218229349053168,-0.24055162484804216,0,1.84116278759858,1.9473606670126244,KCNJ10,GATA1,LMC,Zf
14,-0.15589533538605682,-0.16226770650044012,1,1.78571231168131,-0.01385347768352791,ABCG4,USF2,MEF,bHLH
1146,-1.193308279848384,-0.35874841498741566,0,-1.44526325705322,-0.3502427785125408,GAMT,FLI1,LMC,ETS
1350,0.023694036513735375,-0.22772750011888523,0,1.34567640676102,1.284925447238425,HNMT,FOXA1,LMC,Forkhead
473,-0.25726485204107,-0.25726485204107,1,-1.83545152460296,-1.7571606335184964,CDCA2,NRF1,MEF,NRF
540,-0.024333375166328407,-0.24055162484804216,1,-1.27554944125757,-0.45660751995410576,CHD3,CTCF,MEF,Zf
1428,-0.024333375166328407,-0.24055162484804216,0,1.7070158720852,1.7336157089643751,IGSF11,CTCF,LMC,Zf
2635,-0.15589533538605682,-0.16226770650044012,1,3.88950416386567,-0.8554845812453583,SGCA,USF2,MEF,bHLH
1332,-0.2134859055500093,-0.16226770650044012,1,-1.80828432123008,1.4197378874397768,HIC1,BHLHE40,MEF,bHLH
3091,-0.17068129734876603,-0.21807786581075275,0,-1.13852852708434,-1.060469389160626,TRAM1L1,JUND,LMC,bZIP
2641,-0.07675555573538734,-0.09391104304834053,1,-1.51561055023363,-0.6809973280951372,SGOL2,RFX5,MEF,HTH
761,-0.34334100110644417,-0.35874841498741566,1,2.14213441280121,2.177657955133896,DKKL1,ETS1,MEF,ETS
405,-0.25726485204107,-0.25726485204107,0,1.92687097105118,1.495374770860904,CCDC88B,NRF1,LMC,NRF
1199,0.12201789027868709,-0.21807786581075275,0,1.2217073878264,-0.839297826359498,GLA,BACH1,LMC,bZIP
2254,-0.3879288830557581,-0.4117228529378932,1,-1.74626728338454,1.1914077005500763,PLEKHO1,PBX3,MEF,Homeobox
2332,-0.34334100110644417,-0.35874841498741566,1,-1.39027810102326,-1.7865246705754225,PRIM1,ETS1,MEF,ETS
2394,-0.367509213401688,-0.367509213401688,1,1.40802361804601,-0.6264949133460836,PTPRU,PAX5,MEF,"Paired,Homeobox"
428,-0.2134859055500093,-0.16226770650044012,0,1.8884736957855,1.9357817662106094,CCR1,BHLHE40,LMC,bHLH
605,-0.420121647582753,-0.24055162484804216,0,-1.07984003641775,-1.0223992674725666,CNTROB,ZNF263,LMC,Zf
1113,-0.016679862524066426,-0.16226770650044012,1,1.9055703590778,-0.061958947465516036,FRMPD1,MYOG,MEF,bHLH
2542,-0.2588825049450903,-0.2588825049450903,0,-1.54415963122133,-1.5097609694534029,RRM2,HNF4A,LMC,NR
788,-0.2781468465397177,-0.24055162484804216,0,1.17421032513561,1.3863891501032166,DNASE1L1,SP1,LMC,Zf
174,-0.34939441107522407,-0.24055162484804216,1,-1.66046329637405,-1.7286807499716337,ARAP1,ZKSCAN1,MEF,Zf
1630,-0.15589533538605682,-0.16226770650044012,1,2.00068240935345,-3.2058262181919646,LCN2,USF2,MEF,bHLH
2664,-0.39206578990544383,-0.24055162484804216,0,3.26255845799029,1.9286234514437905,SHISA7,EGR1,LMC,Zf
262,-0.36394923652108524,-0.36394923652108524,1,-1.06022912878962,-0.11848811415355084,B4GALT1,EBF1,MEF,EBF
3189,-0.10243811445811093,-0.10243811445811093,0,2.17775796410552,1.8395845478797375,VAT1L,TEAD4,LMC,TEA
698,-0.2531799907181821,-0.21807786581075275,0,2.17434427517752,1.668187128046471,CXADR,MAFK,LMC,bZIP
798,-0.2134859055500093,-0.16226770650044012,1,-1.97433707646498,-1.1402666675801225,DOK3,BHLHE40,MEF,bHLH
1405,-0.15589533538605682,-0.16226770650044012,1,-1.80643853791662,-1.4553530345349786,HTRA4,USF2,MEF,bHLH
2545,0.12201789027868709,-0.21807786581075275,1,1.41422452200526,1.585708867175347,RSPH4A,BACH1,MEF,bZIP
1398,-0.07675555573538734,-0.09391104304834053,1,1.08451053955341,0.8529593052089843,HSPA4L,RFX5,MEF,HTH
198,-0.15589533538605682,-0.16226770650044012,1,-3.3044652172803,-1.796757867189261,ARHGEF39,USF2,MEF,bHLH
24,-0.26484040662604763,-0.21807786581075275,1,2.15532876906198,1.958003428503725,ACE,FOSL2,MEF,bZIP
1414,-0.5692078006234296,-0.4117228529378932,1,-1.58572532358793,-0.7370985281661959,IFITM1,CUX1,MEF,Homeobox
362,-0.07675555573538734,-0.09391104304834053,1,-2.85800571163319,-0.851860321505803,CAPN11,RFX5,MEF,HTH
1750,-0.3241398962390605,-0.4667786659818261,0,-1.35662311441156,-1.3679223237658125,MAMSTR,IRF1,LMC,IRF
3241,-0.024333375166328407,-0.24055162484804216,0,-3.29626314196821,-0.5506889191674036,XKR5,CTCF,LMC,Zf
2645,-0.3879288830557581,-0.4117228529378932,0,1.90813328229963,1.5197846730238727,SH2D4B,PBX3,LMC,Homeobox
24,-0.2531799907181821,-0.21807786581075275,1,2.15532876906198,1.4180447450172131,ACE,MAFK,MEF,bZIP
2981,-0.38280731081485264,-0.21807786581075275,1,-1.72964937024715,-1.5339527395639596,TICAM2,ATF2,MEF,bZIP
325,-0.12424785148432936,-0.16226770650044012,1,-8.96041802146252,-7.739850784036699,C1QB,MAX,MEF,bHLH
1604,-0.3441801093275379,-0.16226770650044012,0,-1.61525516257448,-1.481333636314845,KNSTRN,TCF12,LMC,bHLH
1831,-0.1427744352972257,-0.22772750011888523,1,-1.08069464747404,-0.6149792307751006,MIR143HG,FOXA2,MEF,Forkhead
469,-0.2781468465397177,-0.24055162484804216,0,-1.08880876245464,-1.1004377163494898,CDC42EP4,SP1,LMC,Zf
944,-0.024333375166328407,-0.24055162484804216,0,-1.00757252383823,-0.513294349388653,EZH2,CTCF,LMC,Zf
1945,-0.17068129734876603,-0.21807786581075275,0,-1.0440216996238,-1.1900621500919306,NCAM2,JUND,LMC,bZIP
164,-0.2588825049450903,-0.2588825049450903,1,1.60914715772685,0.7064139455744389,APOB,HNF4A,MEF,NR
2014,-0.024333375166328407,-0.24055162484804216,1,1.46367070692664,0.9627614537222758,NOS1AP,CTCF,MEF,Zf
2292,-0.1427744352972257,-0.22772750011888523,0,-1.05291940990179,-1.1893222900863032,POLQ,FOXA2,LMC,Forkhead
3099,0.01123290849505778,-0.24055162484804216,1,-1.4419627390171,-1.4728189900347204,TRERF1,GATA3,MEF,Zf
889,-0.21040797732426292,-0.24055162484804216,1,-1.11038645323703,-3.004327377438244,EMX2OS,YY1,MEF,Zf
1064,0.023694036513735375,-0.22772750011888523,0,1.76446135479988,-0.9370585472239822,FGL2,FOXA1,LMC,Forkhead
629,-0.2384484828274451,-0.35874841498741566,1,5.51161757648414,-0.049720058236773446,COMP,ELF1,MEF,ETS
772,-0.17068129734876603,-0.21807786581075275,1,2.07030753564473,1.435807470668771,DMP1,JUND,MEF,bZIP
2784,-0.12424785148432936,-0.16226770650044012,0,1.22877430824847,0.4542258496408607,SMPDL3A,MAX,LMC,bHLH
1817,0.01123290849505778,-0.24055162484804216,0,-4.21518342111763,-3.012333739022121,MFAP4,GATA3,LMC,Zf
2323,-0.17107733425117988,-0.23042526569186958,0,-1.89197869452633,-1.5113457394885186,PRC1,E2F6,LMC,E2F
110,-0.2202036001067245,-0.21807786581075275,1,2.48821014538224,2.3054047353021776,ALDH1A2,MAFF,MEF,bZIP
2717,-0.44138880677200293,-0.35874841498741566,1,2.21007043209059,0.15316791972557026,SLC25A48,GABPA,MEF,ETS
849,-0.21040797732426292,-0.24055162484804216,0,-1.38238738601398,0.12794395690789656,EDA,YY1,LMC,Zf
856,-0.21040797732426292,-0.24055162484804216,1,-2.04131188836448,0.408697610793199,EFCAB11,YY1,MEF,Zf
658,-0.12424785148432936,-0.16226770650044012,1,1.70454579044603,0.9863152610682119,CRNDE,MAX,MEF,bHLH
2359,-0.38280731081485264,-0.21807786581075275,1,-1.13745688443636,-2.4071335597362364,PRUNE2,ATF2,MEF,bZIP
2562,-0.34939441107522407,-0.24055162484804216,0,2.55977662816013,1.2709957689511102,S100A8,ZKSCAN1,LMC,Zf
2797,-0.016679862524066426,-0.16226770650044012,1,1.20718208298321,0.8631365332607253,SNX16,MYOG,MEF,bHLH
1043,-0.3879288830557581,-0.4117228529378932,0,-1.20500555090751,-1.1760628675397797,FDPS,PBX3,LMC,Homeobox
1718,-0.36394923652108524,-0.36394923652108524,0,1.49200153198622,0.3995657411955809,LSR,EBF1,LMC,EBF
3018,-0.2295785336880661,-0.23042526569186958,1,-3.1052722091021,0.3698241158331564,TMEM156,E2F4,MEF,E2F
1130,-0.016679862524066426,-0.16226770650044012,1,1.37162439981289,0.4278924002881795,FZD9,MYOG,MEF,bHLH
2007,-0.21040797732426292,-0.24055162484804216,1,2.04830921986079,1.0842114808717767,NMNAT2,YY1,MEF,Zf
235,-0.39206578990544383,-0.24055162484804216,0,-1.029209618599,-0.6295879988692383,ATG16L2,EGR1,LMC,Zf
644,0.12201789027868709,-0.21807786581075275,1,-2.53216540403061,2.391888505394219,CRABP1,BACH1,MEF,bZIP
2918,-0.17107733425117988,-0.23042526569186958,0,2.20283060188491,-1.2338882358649657,SYT10,E2F6,LMC,E2F
1350,-0.2202036001067245,-0.21807786581075275,1,1.03869489764224,-0.624535119991364,HNMT,MAFF,MEF,bZIP
1952,-0.6164626790354744,-0.4667786659818261,1,-5.99503819953463,-3.6238044583305835,NCF1,IRF4,MEF,IRF
747,-0.1427744352972257,-0.22772750011888523,0,-1.04094116021417,-0.687534816681293,DENND3,FOXA2,LMC,Forkhead
148,-0.12424785148432936,-0.16226770650044012,0,-1.1924416986184,-1.0078801362838457,ANTXR1,MAX,LMC,bHLH
1337,-0.38280731081485264,-0.21807786581075275,1,1.9967466068813,0.7021852264310712,HIST2H2AC,ATF2,MEF,bZIP
1657,-0.38280731081485264,-0.21807786581075275,0,1.80988149856431,1.052135538709286,LILRB4,ATF2,LMC,bZIP
1601,-0.17107733425117988,-0.23042526569186958,1,1.06527561830668,0.4744162707683161,KLRG2,E2F6,MEF,E2F
2915,-0.016679862524066426,-0.16226770650044012,1,1.25087463513992,2.3691499595167906,SYNPO,MYOG,MEF,bHLH
3148,-0.3879288830557581,-0.4117228529378932,1,-2.14380067537427,-0.7462111259029924,TUBB3,PBX3,MEF,Homeobox
189,-0.2384484828274451,-0.35874841498741566,0,1.26121051263682,1.2907515234654812,ARHGAP44,ELF1,LMC,ETS
2762,-0.35656081815482665,-0.24055162484804216,0,1.14204392419731,0.941163754801705,SLC9A3R1,ZEB1,LMC,Zf
2424,-0.024333375166328407,-0.24055162484804216,1,-1.43699971579521,-0.272716460543695,RAB3D,CTCF,MEF,Zf
1271,-0.3864884434229737,-0.3864884434229737,0,-2.17760740452674,-0.2684676977852127,GRAMD2,TCF3,LMC,HMG
364,-0.7458206212504059,-0.24055162484804216,1,1.14635570776145,0.27164922279184667,CAPS2,BCL11A,MEF,Zf
2014,-0.10243811445811093,-0.10243811445811093,1,1.46367070692664,2.1206331752260414,NOS1AP,TEAD4,MEF,TEA
1932,-0.17068129734876603,-0.21807786581075275,1,1.27590926585484,1.575512008908762,MYRF,JUND,MEF,bZIP
99,-0.5692078006234296,-0.4117228529378932,1,1.03519575636956,-1.0570076872216572,AIG1,CUX1,MEF,Homeobox
2308,-0.36396349791647825,-0.22688628192079743,1,1.37041742724006,0.015232460335250622,PPFIBP2,STAT1,MEF,Stat
705,-0.2134859055500093,-0.16226770650044012,1,1.96907516552775,1.6835783943733122,CXXC4,BHLHE40,MEF,bHLH
1619,-0.34939441107522407,-0.24055162484804216,0,1.98706341170144,1.822254519962354,LAMB3,ZKSCAN1,LMC,Zf
2172,-0.028028488630146852,-0.16226770650044012,0,2.04366489962011,1.3434076127680397,PDGFB,USF1,LMC,bHLH
14,-0.2384484828274451,-0.35874841498741566,1,1.78571231168131,-0.4613093274734999,ABCG4,ELF1,MEF,ETS
1670,-0.13376741412866516,-0.22688628192079743,1,2.80150441501762,-1.038829598560337,LMO1,STAT3,MEF,Stat
2376,-0.3441801093275379,-0.16226770650044012,0,1.53243307718117,0.9958117947853293,PTGIS,TCF12,LMC,bHLH
3156,-0.39206578990544383,-0.24055162484804216,1,-9.23167979571188,-3.5264182554795114,TYROBP,EGR1,MEF,Zf
648,-0.44138880677200293,-0.35874841498741566,1,1.09296402967198,1.4586033218767351,CREBL2,GABPA,MEF,ETS
631,-0.2295785336880661,-0.23042526569186958,1,-1.04533746512875,-0.4037992172605871,CORO1C,E2F4,MEF,E2F
1729,-0.48566408989307963,-0.5293658635384044,0,2.23476423899865,2.1874731437174972,LY9,MEF2C,LMC,MADS
36,0.023694036513735375,-0.22772750011888523,1,2.24033458578395,-1.5947343836659713,ACSS3,FOXA1,MEF,Forkhead
43,-0.12424785148432936,-0.16226770650044012,0,-1.04222778985069,-1.3280402598040417,ACY1,MAX,LMC,bHLH
535,0.12201789027868709,-0.21807786581075275,1,1.90611882623681,0.23869492524175331,CGREF1,BACH1,MEF,bZIP
3240,-0.36396349791647825,-0.22688628192079743,1,2.28763388438051,0.898889059427141,XKR4,STAT1,MEF,Stat
2323,-0.34939441107522407,-0.24055162484804216,0,-1.89197869452633,-0.31276753238861427,PRC1,ZKSCAN1,LMC,Zf
1991,-0.024333375166328407,-0.24055162484804216,0,-1.19310953918072,-1.4330750379765806,NIM1K,CTCF,LMC,Zf
1400,-0.3864884434229737,-0.3864884434229737,1,3.61114568347972,1.7164607569580437,HSPB2,TCF3,MEF,HMG
1852,-0.39206578990544383,-0.24055162484804216,0,2.43806077923464,0.16474873999458,MMP24,EGR1,LMC,Zf
251,-0.6294050389829617,-0.22772750011888523,1,-2.20954496278564,-2.1500309187137745,AURKA,FOXM1,MEF,Forkhead
3059,-0.2134859055500093,-0.16226770650044012,0,-1.11813283267648,0.5098001035899502,TNFRSF11B,BHLHE40,LMC,bHLH
3176,-0.3825682599092054,-0.35874841498741566,1,-3.54813444764473,-2.858794133526114,UNC93B1,ELK1,MEF,ETS
2817,-0.028028488630146852,-0.16226770650044012,1,-3.90528190954929,-3.0068365487213287,SP140,USF1,MEF,bHLH
2823,-0.38280731081485264,-0.21807786581075275,1,-1.90326262296788,-2.345409393986458,SPAG5,ATF2,MEF,bZIP
2273,-0.2384484828274451,-0.35874841498741566,0,2.09848892681081,1.6983207287273792,PLXNC1,ELF1,LMC,ETS
3173,-0.7636466334835217,-0.21807786581075275,1,2.89034589225712,-0.3430881802787904,UNC5C,BATF,MEF,bZIP
2254,-0.028028488630146852,-0.16226770650044012,1,-1.74626728338454,0.9477598075828958,PLEKHO1,USF1,MEF,bHLH
2933,-0.21040797732426292,-0.24055162484804216,1,-1.95592310103042,-0.2529167439043212,TAGLN2,YY1,MEF,Zf
2650,-0.25726485204107,-0.25726485204107,0,-1.41611481325977,-0.9291564179398848,SH3GL3,NRF1,LMC,NRF
511,-0.26925687732944,-0.21807786581075275,1,-2.78967392596139,-2.770833628748255,CENPE,FOS,MEF,bZIP
1558,-0.016679862524066426,-0.16226770650044012,1,-1.81985486520206,-1.1126175158559317,KCP,MYOG,MEF,bHLH
1787,-0.26484040662604763,-0.21807786581075275,1,-2.53275926001282,-1.6526928990211542,MCM10,FOSL2,MEF,bZIP
2251,-0.25726485204107,-0.25726485204107,1,-3.01621344836119,-2.221713068952931,PLEKHG4,NRF1,MEF,NRF
2308,-0.7458206212504059,-0.24055162484804216,1,1.37041742724006,-1.1890533242457304,PPFIBP2,BCL11A,MEF,Zf
1139,-0.3241398962390605,-0.4667786659818261,1,-2.53046737953062,-0.8033563722586518,GALNT12,IRF1,MEF,IRF
2504,-0.17068129734876603,-0.21807786581075275,0,1.89206647016594,1.7767185233278395,RHOV,JUND,LMC,bZIP
443,-0.12424785148432936,-0.16226770650044012,1,-6.65576902925866,-5.176433743219181,CD300LD,MAX,MEF,bHLH
1957,-0.2531799907181821,-0.21807786581075275,1,-2.61766850781226,-0.6719895337813206,NDC80,MAFK,MEF,bZIP
2893,-0.4338340387794032,-0.21807786581075275,0,1.51284286980571,1.0010335441054925,STRA6,ATF1,LMC,bZIP
1788,-0.2781468465397177,-0.24055162484804216,1,-1.18921853477002,-1.6428072919996168,MCM2,SP1,MEF,Zf
181,-0.44138880677200293,-0.35874841498741566,1,-2.885756251564,-3.0493151012799102,ARHGAP19,GABPA,MEF,ETS
900,-0.3879288830557581,-0.4117228529378932,1,1.44269937541347,0.06977960747477137,ENPP5,PBX3,MEF,Homeobox
2212,-0.024333375166328407,-0.24055162484804216,1,-2.02987206992837,-5.056203075859883,PIK3CD,CTCF,MEF,Zf
1686,-0.38280731081485264,-0.21807786581075275,0,-1.27921012236517,-1.4001847408055812,LPP,ATF2,LMC,bZIP
1773,-0.2384484828274451,-0.35874841498741566,1,-1.05508208421694,-1.0432595615209979,MAST1,ELF1,MEF,ETS
2582,-0.73605500464993,-0.4667786659818261,1,1.20895668303294,-0.4085370844771633,SCIN,IRF3,MEF,IRF
983,-0.17107733425117988,-0.23042526569186958,0,-2.6954506576559,-2.0076074919299662,FAM184B,E2F6,LMC,E2F
1226,-0.17107733425117988,-0.23042526569186958,1,-1.02045995070705,0.4821240771027517,GPC2,E2F6,MEF,E2F
427,-0.20320451878994805,-0.21807786581075275,1,1.17430399831869,0.986919687481866,CCPG1,ATF3,MEF,bZIP
2185,-0.420121647582753,-0.24055162484804216,1,-1.72243686447564,-1.0354499610332013,PEG10,ZNF263,MEF,Zf
454,-0.420121647582753,-0.24055162484804216,0,2.02419233042325,1.9187143881279127,CD68,ZNF263,LMC,Zf
491,-0.2781468465397177,-0.24055162484804216,0,-1.18831365543526,-1.2118910365151734,CDK5R1,SP1,LMC,Zf
1879,-0.2134859055500093,-0.16226770650044012,1,-8.84349682711062,-3.0757457664593266,MS4A7,BHLHE40,MEF,bHLH
1789,-0.3879288830557581,-0.4117228529378932,1,-2.01469923560463,-2.0762733758962693,MCM3,PBX3,MEF,Homeobox
3241,-0.12424785148432936,-0.16226770650044012,1,-1.89623374434678,1.997069993561862,XKR5,MAX,MEF,bHLH
2699,0.023694036513735375,-0.22772750011888523,1,-1.75701830403099,0.9454546492584817,SLC16A3,FOXA1,MEF,Forkhead
1183,-0.19305637283257054,-0.24055162484804216,1,1.51250060585978,0.22498361445656176,GGH,MAZ,MEF,Zf
2488,-0.35656081815482665,-0.24055162484804216,1,-1.85060323120743,-1.7823914543594686,RGCC,ZEB1,MEF,Zf
3199,-0.38280731081485264,-0.21807786581075275,1,1.16338139694328,-0.6705206760849987,VKORC1,ATF2,MEF,bZIP
3193,-0.2781468465397177,-0.24055162484804216,1,-1.4464715609649,-1.138497005495845,VCAM1,SP1,MEF,Zf
62,-0.3441801093275379,-0.16226770650044012,0,-1.72005964675759,-2.5604644090548243,ADAMTS6,TCF12,LMC,bHLH
3046,-0.3441801093275379,-0.16226770650044012,0,2.28932160921148,1.2282774924353685,TMEM59L,TCF12,LMC,bHLH
1096,-0.2781468465397177,-0.24055162484804216,0,-1.92576184832409,-1.897525824717122,FOXC2,SP1,LMC,Zf
678,-0.2134859055500093,-0.16226770650044012,0,1.30007498000597,1.1928860253420603,CTDSPL,BHLHE40,LMC,bHLH
2915,-0.19305637283257054,-0.24055162484804216,0,-1.14558600910547,-0.8285230844404928,SYNPO,MAZ,LMC,Zf
3043,-0.2531799907181821,-0.21807786581075275,0,-1.76276458381235,-1.0349704929076653,TMEM51,MAFK,LMC,bZIP
2990,-0.2531799907181821,-0.21807786581075275,1,-1.96035300857267,-2.1610674309674955,TK1,MAFK,MEF,bZIP
2434,-0.17107733425117988,-0.23042526569186958,0,-1.15530246767204,0.49197658143544415,RAD51C,E2F6,LMC,E2F
3261,-0.12424785148432936,-0.16226770650044012,1,1.07594447809791,1.0565165736896092,ZKSCAN4,MAX,MEF,bHLH
1504,-0.07675555573538734,-0.09391104304834053,1,1.60619260034713,0.3676057377848788,ITM2A,RFX5,MEF,HTH
1619,-0.17107733425117988,-0.23042526569186958,0,1.98706341170144,1.6969136346324856,LAMB3,E2F6,LMC,E2F
2769,-0.15589533538605682,-0.16226770650044012,0,2.09820679159257,1.3238447558037378,SLFN5,USF2,LMC,bHLH
2990,0.023694036513735375,-0.22772750011888523,1,-1.96035300857267,0.30055636510365136,TK1,FOXA1,MEF,Forkhead
264,-0.12424785148432936,-0.16226770650044012,0,1.45937393436724,1.3002595317177181,B4GALT5,MAX,LMC,bHLH
18,-0.35656081815482665,-0.24055162484804216,0,1.60907128612013,1.1921185072097475,ABLIM3,ZEB1,LMC,Zf
2116,-0.07675555573538734,-0.09391104304834053,1,1.25392386281418,1.4735950190409022,PAM,RFX5,MEF,HTH
2168,-0.13755040436917615,-0.4117228529378932,0,-1.54705845470902,-1.5440380246400727,PDE4B,NANOG,LMC,Homeobox
2369,-0.028028488630146852,-0.16226770650044012,1,3.41152445883898,0.9769298161708042,PTCHD2,USF1,MEF,bHLH
2881,-0.4338340387794032,-0.21807786581075275,1,-1.77045279019706,-0.45744388320755364,STIL,ATF1,MEF,bZIP
2093,-0.2295785336880661,-0.23042526569186958,1,-1.15661822035074,0.5806054220978001,OSMR,E2F4,MEF,E2F
23,-0.17068129734876603,-0.21807786581075275,0,-1.05465921556064,-0.5903759502137413,ACAT2,JUND,LMC,bZIP
54,-0.2490020295772001,-0.24055162484804216,0,-1.06071433236995,-1.3122803199304558,ADAMTS1,GATA2,LMC,Zf
2279,-0.36396349791647825,-0.22688628192079743,0,-1.11779213875948,-0.9643234248006468,PMVK,STAT1,LMC,Stat
953,0.12201789027868709,-0.21807786581075275,1,1.08611680455142,0.8469678359219381,FAAH,BACH1,MEF,bZIP
781,-0.07675555573538734,-0.09391104304834053,1,-1.77698609693369,1.2065959350733315,DNAH6,RFX5,MEF,HTH
1017,-0.7014153380027011,-0.24055162484804216,1,-1.97493658435611,-2.075593639323572,FANCI,SP2,MEF,Zf
1295,-0.3864884434229737,-0.3864884434229737,1,-1.24734887047833,-0.7708074273655114,GSN,TCF3,MEF,HMG
1204,-0.10243811445811093,-0.10243811445811093,0,-2.65008408128184,-1.5095603125965475,GLIPR2,TEAD4,LMC,TEA
2816,-0.25726485204107,-0.25726485204107,0,1.48469516913959,1.0357902235645706,SP110,NRF1,LMC,NRF
834,-0.17068129734876603,-0.21807786581075275,1,-1.66961603936498,-1.4589936972485278,E2F2,JUND,MEF,bZIP
39,-0.73605500464993,-0.4667786659818261,1,-1.17835208367133,-1.208506935061149,ACTB,IRF3,MEF,IRF
2964,-0.36396349791647825,-0.22688628192079743,0,1.01587424208926,0.682798069334489,TFEB,STAT1,LMC,Stat
2171,-0.024333375166328407,-0.24055162484804216,0,-2.44644168629595,-0.831406100721276,PDE9A,CTCF,LMC,Zf
445,-0.3241398962390605,-0.4667786659818261,1,-3.50081866240652,-5.34770246528407,CD33,IRF1,MEF,IRF
1221,-0.2134859055500093,-0.16226770650044012,1,1.73376805098353,2.1462518041906384,GORAB,BHLHE40,MEF,bHLH
1685,-0.024333375166328407,-0.24055162484804216,1,4.17925086691136,-1.4985597446607295,LPO,CTCF,MEF,Zf
234,-0.4338340387794032,-0.21807786581075275,1,-2.74791528300771,-1.441926222944425,ATF7IP2,ATF1,MEF,bZIP
1230,-0.367509213401688,-0.367509213401688,0,-2.89184454318421,-2.396035793613299,GPER1,PAX5,LMC,"Paired,Homeobox"
2472,-0.21040797732426292,-0.24055162484804216,1,-2.98434592973191,-0.8473738476405751,RBM47,YY1,MEF,Zf
1245,-0.39206578990544383,-0.24055162484804216,0,1.73666532474954,1.2694768128027867,GPR157,EGR1,LMC,Zf
3137,-0.36394923652108524,-0.36394923652108524,1,-2.52066169804331,-0.18404934424568758,TTK,EBF1,MEF,EBF
960,-0.21040797732426292,-0.24055162484804216,1,-1.35055647048614,-0.8005458115845215,FAH,YY1,MEF,Zf
494,-0.25726485204107,-0.25726485204107,0,-1.10159048098213,-1.205277746785511,CDKN1C,NRF1,LMC,NRF
1671,-0.25726485204107,-0.25726485204107,0,1.82998282524865,0.8247699975145789,LMO2,NRF1,LMC,NRF
856,-0.2781468465397177,-0.24055162484804216,0,-1.15119532089597,-1.0686823140679598,EFCAB11,SP1,LMC,Zf
624,-0.024333375166328407,-0.24055162484804216,0,1.14347278913076,0.8647082402355594,COL8A2,CTCF,LMC,Zf
1717,-0.34334100110644417,-0.35874841498741566,0,-1.25931102077003,-0.6058305827586551,LSP1,ETS1,LMC,ETS
1850,-0.15589533538605682,-0.16226770650044012,1,-2.2329069421573,1.2120703702620188,MMP17,USF2,MEF,bHLH
2549,-0.420121647582753,-0.24055162484804216,1,-1.63846403624182,-2.5701386773254296,RTKN2,ZNF263,MEF,Zf
186,-0.2384484828274451,-0.35874841498741566,0,2.12679747173017,1.622649905202581,ARHGAP30,ELF1,LMC,ETS
1832,-0.2134859055500093,-0.16226770650044012,1,-1.58814570551157,0.12910791977379457,MIS18BP1,BHLHE40,MEF,bHLH
2173,-0.2295785336880661,-0.23042526569186958,1,1.01951306087734,-0.35611599953183737,PDGFC,E2F4,MEF,E2F
2814,-0.016679862524066426,-0.16226770650044012,0,-1.17069604188716,-0.8438040505825186,SOX8,MYOG,LMC,bHLH
3043,-0.17107733425117988,-0.23042526569186958,1,-2.86541431803902,0.7040164469286241,TMEM51,E2F6,MEF,E2F
3245,-0.73605500464993,-0.4667786659818261,0,1.10045337922545,0.40537571933724437,YPEL2,IRF3,LMC,IRF
2487,-0.17107733425117988,-0.23042526569186958,1,-1.15876159891288,-0.7247036933659416,RFTN1,E2F6,MEF,E2F
914,-0.2202036001067245,-0.21807786581075275,1,-3.88489412042666,-0.8696754064843888,EPSTI1,MAFF,MEF,bZIP
1567,-0.3825682599092054,-0.35874841498741566,1,-2.6418326666532,-2.066119570743806,KIF14,ELK1,MEF,ETS
1650,-0.2295785336880661,-0.23042526569186958,1,1.68975869198379,-0.0592512866667473,LHX4,E2F4,MEF,E2F
641,-0.2781468465397177,-0.24055162484804216,1,1.28498306362542,0.7494603790930534,CPOX,SP1,MEF,Zf
1679,-0.3825682599092054,-0.35874841498741566,0,-1.54161054323492,-1.2682114972586311,LOXL3,ELK1,LMC,ETS
1825,-0.2781468465397177,-0.24055162484804216,0,1.2182034517165,1.3799744810757897,MGST1,SP1,LMC,Zf
2432,-0.3825682599092054,-0.35874841498741566,1,-1.5926751107119,-1.6386999590410083,RAD51AP1,ELK1,MEF,ETS
1762,-0.2384484828274451,-0.35874841498741566,0,1.08923612818634,0.96836196090582,MAP3K8,ELF1,LMC,ETS
2906,-0.17068129734876603,-0.21807786581075275,1,1.51508658164846,0.9033013777644363,SVOP,JUND,MEF,bZIP
1477,-0.38280731081485264,-0.21807786581075275,1,-1.28592065650619,-3.26202108279648,IRF7,ATF2,MEF,bZIP
749,-0.36394923652108524,-0.36394923652108524,1,-2.5682230846885,-2.35323915612515,DEPDC1B,EBF1,MEF,EBF
1820,-0.3864884434229737,-0.3864884434229737,1,-1.62563638359958,-0.7400894212325413,MFSD12,TCF3,MEF,HMG
2566,-0.2781468465397177,-0.24055162484804216,0,1.81830673900306,-1.8004017097626142,S1PR5,SP1,LMC,Zf
2058,-0.5263204549945071,-0.23042526569186958,0,1.25231194291045,0.6741847589020651,NUP210,E2F1,LMC,E2F
2166,-0.12424785148432936,-0.16226770650044012,1,-2.97331523072642,-2.6443807722922252,PDE3B,MAX,MEF,bHLH
939,-0.44138880677200293,-0.35874841498741566,1,1.71146128558084,0.8690896869921714,EXPH5,GABPA,MEF,ETS
1292,-0.2384484828274451,-0.35874841498741566,0,1.18024367524871,1.017950488230722,GSDMD,ELF1,LMC,ETS
843,-0.420121647582753,-0.24055162484804216,1,-4.62149320499293,-1.448920245318788,EBI3,ZNF263,MEF,Zf
897,-0.2134859055500093,-0.16226770650044012,0,2.02877616898271,1.6381818537783153,ENPP2,BHLHE40,LMC,bHLH
192,-0.44138880677200293,-0.35874841498741566,1,2.20377454914225,-0.7710687117731883,ARHGEF16,GABPA,MEF,ETS
3219,-0.024333375166328407,-0.24055162484804216,1,1.79090313974213,0.9944482577770374,WFDC3,CTCF,MEF,Zf
909,-0.016679862524066426,-0.16226770650044012,0,-1.00616267624316,-0.3365601489018214,EPHB3,MYOG,LMC,bHLH
1382,-0.10243811445811093,-0.10243811445811093,0,3.48115410223561,3.410266939902043,HP,TEAD4,LMC,TEA
1624,-0.25726485204107,-0.25726485204107,1,-1.00895275097401,-1.730282334166896,LARP1B,NRF1,MEF,NRF
1647,-0.19305637283257054,-0.24055162484804216,1,2.33283975209078,0.7936608240511306,LGI4,MAZ,MEF,Zf
1300,-0.12424785148432936,-0.16226770650044012,0,-1.41276036688138,0.3050997460731841,GSTT1,MAX,LMC,bHLH
2048,-0.36394923652108524,-0.36394923652108524,1,3.10482441942074,-1.2198944850431206,NT5E,EBF1,MEF,EBF
1229,-0.39206578990544383,-0.24055162484804216,0,-1.54093470936659,-1.6670775734606675,GPC6,EGR1,LMC,Zf
1143,-0.21040797732426292,-0.24055162484804216,1,2.77782967795664,1.3456922299058547,GALNT3,YY1,MEF,Zf
709,-0.016679862524066426,-0.16226770650044012,1,-1.66905437630875,1.090000717487669,CYBA,MYOG,MEF,bHLH
2762,-0.3241398962390605,-0.4667786659818261,0,1.14204392419731,1.0519874281669508,SLC9A3R1,IRF1,LMC,IRF
1609,-0.17107733425117988,-0.23042526569186958,0,2.05229480885656,2.0615716069816306,KRT7,E2F6,LMC,E2F
2588,-0.12424785148432936,-0.16226770650044012,1,1.60874673887536,-1.002520810089475,SCN3B,MAX,MEF,bHLH
1316,-0.3441801093275379,-0.16226770650044012,1,-2.7538568771415,-0.5548521366815847,HCK,TCF12,MEF,bHLH
2232,-0.26925687732944,-0.21807786581075275,1,2.24876186476031,-4.215017165086049,PLAC1,FOS,MEF,bZIP
280,-0.5692078006234296,-0.4117228529378932,1,-1.11309358236636,-1.0912305502045094,BCL2L11,CUX1,MEF,Homeobox
2581,-0.12424785148432936,-0.16226770650044012,1,2.65899731180408,-0.27759649820814825,SCG5,MAX,MEF,bHLH
378,-0.367509213401688,-0.367509213401688,1,-1.32292123294692,1.2069398580924444,CBX2,PAX5,MEF,"Paired,Homeobox"
3197,-0.17107733425117988,-0.23042526569186958,0,2.62564068851822,2.557273281076401,VILL,E2F6,LMC,E2F
1748,-0.028028488630146852,-0.16226770650044012,1,1.62485638729586,0.9446108370829631,MALL,USF1,MEF,bHLH
518,-0.3864884434229737,-0.3864884434229737,1,-1.46993038048477,-1.5134387143648873,CENPP,TCF3,MEF,HMG
3027,-0.39206578990544383,-0.24055162484804216,0,2.0194569382354,1.2433624641211298,TMEM184A,EGR1,LMC,Zf
242,-0.3441801093275379,-0.16226770650044012,1,-1.74134372328352,1.080997840519128,ATP2A3,TCF12,MEF,bHLH
178,-0.420121647582753,-0.24055162484804216,1,-2.02334125806666,-2.180134838105377,ARHGAP10,ZNF263,MEF,Zf
2862,-0.2531799907181821,-0.21807786581075275,0,-1.0564236055335,-1.085269771334629,ST3GAL4,MAFK,LMC,bZIP
1070,-0.367509213401688,-0.367509213401688,1,-1.95715177392112,-0.6837567684000524,FIGNL1,PAX5,MEF,"Paired,Homeobox"
2660,-0.36396349791647825,-0.22688628192079743,1,-2.91155511354678,-2.118139807258464,SHCBP1,STAT1,MEF,Stat
402,-0.2295785336880661,-0.23042526569186958,0,-1.63340894061638,-1.5069577883136978,CCDC8,E2F4,LMC,E2F
2597,-0.17107733425117988,-0.23042526569186958,1,1.45662453410032,1.6639562124333795,SDC2,E2F6,MEF,E2F
1144,-0.3241398962390605,-0.4667786659818261,1,1.64197292611699,-0.34540509410221454,GALNT5,IRF1,MEF,IRF
2014,-0.34939441107522407,-0.24055162484804216,1,1.46367070692664,1.5198469226911036,NOS1AP,ZKSCAN1,MEF,Zf
644,0.023694036513735375,-0.22772750011888523,0,-3.92771368755946,-2.33272590367072,CRABP1,FOXA1,LMC,Forkhead
2624,-0.07675555573538734,-0.09391104304834053,1,1.1846224788666,1.1508657511807494,SERPINC1,RFX5,MEF,HTH
2730,-0.2531799907181821,-0.21807786581075275,1,1.11028162654342,1.0183547920745124,SLC30A4,MAFK,MEF,bZIP
1628,-0.7014153380027011,-0.24055162484804216,0,-1.03193745565036,-0.6441982651996265,LBR,SP2,LMC,Zf
1614,-0.13376741412866516,-0.22688628192079743,1,-1.61904378831684,1.7491014503686284,LAG3,STAT3,MEF,Stat
513,-0.25726485204107,-0.25726485204107,0,-1.3525440584189,-1.391371454719434,CENPH,NRF1,LMC,NRF
1951,-0.3441801093275379,-0.16226770650044012,0,1.45744396290933,0.6126248863506187,NCEH1,TCF12,LMC,bHLH
2173,0.023694036513735375,-0.22772750011888523,1,1.01951306087734,0.5403129996631848,PDGFC,FOXA1,MEF,Forkhead
607,-0.13376741412866516,-0.22688628192079743,0,-2.74807867343821,-2.289887313203907,COL11A1,STAT3,LMC,Stat
1363,-0.420121647582753,-0.24055162484804216,1,1.73909763791236,-1.1485838109900883,HOXA9,ZNF263,MEF,Zf
2942,-0.44138880677200293,-0.35874841498741566,0,-1.05121827078695,-1.1374518610689353,TBX5,GABPA,LMC,ETS
2382,-0.34939441107522407,-0.24055162484804216,0,1.0109676241031,0.577798829712776,PTPN13,ZKSCAN1,LMC,Zf
1879,0.01123290849505778,-0.24055162484804216,0,2.49984910075279,0.44068633631192894,MS4A7,GATA3,LMC,Zf
2924,-0.5692078006234296,-0.4117228529378932,1,2.47982892076231,0.8839381092910442,SYTL3,CUX1,MEF,Homeobox
900,-0.2202036001067245,-0.21807786581075275,1,1.44269937541347,-0.055604784526564546,ENPP5,MAFF,MEF,bZIP
1219,-0.3218229349053168,-0.24055162484804216,0,2.02429077604181,1.5562275786226527,GNGT2,GATA1,LMC,Zf
2220,-0.39206578990544383,-0.24055162484804216,1,8.27504423830746,0.4733992841074084,PITX1,EGR1,MEF,Zf
1146,-0.2531799907181821,-0.21807786581075275,1,-1.58579129430816,-1.0890521531817194,GAMT,MAFK,MEF,bZIP
3262,-0.15589533538605682,-0.16226770650044012,1,1.04649386544777,0.15304272980008196,ZMYND12,USF2,MEF,bHLH
3015,-0.2531799907181821,-0.21807786581075275,1,1.14577317140574,-1.3185461107445755,TMEM140,MAFK,MEF,bZIP
180,-0.024333375166328407,-0.24055162484804216,0,1.09118038613016,1.0045414769384156,ARHGAP18,CTCF,LMC,Zf
2549,-0.15589533538605682,-0.16226770650044012,1,-1.63846403624182,-0.16529218269302362,RTKN2,USF2,MEF,bHLH
1078,-0.1427744352972257,-0.22772750011888523,1,1.79466757101752,1.093228538453141,FLRT3,FOXA2,MEF,Forkhead
278,-0.1427744352972257,-0.22772750011888523,1,1.00590719166316,0.7839952457258845,BCL11A,FOXA2,MEF,Forkhead
716,-0.13755040436917615,-0.4117228529378932,0,-1.08566102735893,0.1936687364730129,CYP26B1,NANOG,LMC,Homeobox
1970,-0.5692078006234296,-0.4117228529378932,0,-1.56249356356483,-0.9906745241743721,NEK2,CUX1,LMC,Homeobox
1190,-0.10243811445811093,-0.10243811445811093,1,-1.62132130743513,0.3978922123267459,GINS1,TEAD4,MEF,TEA
16,-0.6294050389829617,-0.22772750011888523,1,-2.05030147335999,-1.2333679738327283,ABHD15,FOXM1,MEF,Forkhead
402,-0.39206578990544383,-0.24055162484804216,1,-1.55205901784518,0.8903719785155295,CCDC8,EGR1,MEF,Zf
2973,-0.13376741412866516,-0.22688628192079743,1,2.42079975098302,-0.6107074793086835,TGM5,STAT3,MEF,Stat
1180,-0.19305637283257054,-0.24055162484804216,1,1.62792565977569,-0.09091501360551117,GFRA2,MAZ,MEF,Zf
1949,-0.5692078006234296,-0.4117228529378932,1,-1.5197695139223,-1.485870738652945,NCAPH,CUX1,MEF,Homeobox
2018,-0.17107733425117988,-0.23042526569186958,1,3.27657972227678,-0.06407452030831377,NOTUM,E2F6,MEF,E2F
122,-0.2781468465397177,-0.24055162484804216,0,-2.32712877798506,0.8102686533166493,ALX1,SP1,LMC,Zf
591,-0.0686255467634714,-0.35874841498741566,1,-1.3326909212293,-0.5490692089853604,CNDP2,ELK4,MEF,ETS
3162,-0.19305637283257054,-0.24055162484804216,1,-1.57637625372954,-2.6135070693840685,UBE2T,MAZ,MEF,Zf
1351,0.01123290849505778,-0.24055162484804216,1,-1.16510410994394,1.0058437824675492,HOGA1,GATA3,MEF,Zf
816,-0.44138880677200293,-0.35874841498741566,0,2.48488641041993,-0.5558081612570952,DSG2,GABPA,LMC,ETS
3160,0.023694036513735375,-0.22772750011888523,0,-1.97475920549478,-1.6385565203689876,UBE2C,FOXA1,LMC,Forkhead
1041,-0.7458206212504059,-0.24055162484804216,1,-7.63787393345123,-6.176322246290193,FCGR2B,BCL11A,MEF,Zf
2418,0.01123290849505778,-0.24055162484804216,0,-1.00063840189489,-0.8407133964119425,RAB30,GATA3,LMC,Zf
1377,-0.2781468465397177,-0.24055162484804216,0,2.41891822606775,2.403953724066465,HOXD1,SP1,LMC,Zf
364,-0.2295785336880661,-0.23042526569186958,1,1.14635570776145,0.9152174496451625,CAPS2,E2F4,MEF,E2F
2207,-0.12424785148432936,-0.16226770650044012,0,1.68671009272714,0.3874138542924054,PIANP,MAX,LMC,bHLH
2795,-0.2588825049450903,-0.2588825049450903,0,1.18391174334233,0.9685909996080406,SNTA1,HNF4A,LMC,NR
1804,-0.25726485204107,-0.25726485204107,1,1.65765544181301,0.8926576750731514,MEGF9,NRF1,MEF,NRF
1947,-0.39206578990544383,-0.24055162484804216,0,-1.68905460867663,-1.1823660947203272,NCAPG,EGR1,LMC,Zf
1238,-0.2588825049450903,-0.2588825049450903,0,-1.83197015901055,-1.6337174651906128,GPR126,HNF4A,LMC,NR
1531,-0.0686255467634714,-0.35874841498741566,0,1.72895569764727,1.6385518572446656,KCNB1,ELK4,LMC,ETS
1157,-0.12424785148432936,-0.16226770650044012,0,1.09836704488983,1.410541952353267,GATA6,MAX,LMC,bHLH
746,-0.36394923652108524,-0.36394923652108524,1,-1.61037548559076,-2.214742084188357,DENND2D,EBF1,MEF,EBF
1221,-0.36396349791647825,-0.22688628192079743,1,1.73376805098353,1.3205428267144215,GORAB,STAT1,MEF,Stat
2752,-0.5692078006234296,-0.4117228529378932,1,1.40645862017294,-1.8673719138106832,SLC4A8,CUX1,MEF,Homeobox
464,-0.3218229349053168,-0.24055162484804216,0,-1.03127844924857,-0.991159386376343,CD97,GATA1,LMC,Zf
847,-0.26484040662604763,-0.21807786581075275,1,-2.70515393443908,-1.9619498802669546,ECSCR,FOSL2,MEF,bZIP
755,-0.2490020295772001,-0.24055162484804216,0,-1.06742983380829,-0.05929744823361313,DHFR,GATA2,LMC,Zf
1747,-0.10243811445811093,-0.10243811445811093,0,2.304021662009,2.181538497255726,MAL2,TEAD4,LMC,TEA
854,-0.1427744352972257,-0.22772750011888523,1,-1.88598600687672,-1.744899176055645,EEPD1,FOXA2,MEF,Forkhead
2646,-0.2384484828274451,-0.35874841498741566,0,2.15271627243018,0.9883730244378627,SH2D5,ELF1,LMC,ETS
737,-0.2588825049450903,-0.2588825049450903,1,-1.57237296988746,0.08596614950248821,DDC,HNF4A,MEF,NR
2393,-0.2384484828274451,-0.35874841498741566,1,2.75610602743118,1.5388970947369907,PTPRT,ELF1,MEF,ETS
1285,-0.2490020295772001,-0.24055162484804216,0,-1.73109418771401,-1.326722175840455,GRIN1,GATA2,LMC,Zf
1370,-0.21040797732426292,-0.24055162484804216,1,-1.17663865868771,-0.4360853599009931,HOXB8,YY1,MEF,Zf
3195,0.023694036513735375,-0.22772750011888523,1,-1.73730349835225,-1.4869907313132475,VDR,FOXA1,MEF,Forkhead
722,-0.38280731081485264,-0.21807786581075275,1,2.46228811504663,-1.6295160299622047,CYTIP,ATF2,MEF,bZIP
2727,-0.25726485204107,-0.25726485204107,0,-3.11197659189262,-2.937788391648647,SLC2A4,NRF1,LMC,NRF
534,-0.420121647582753,-0.24055162484804216,0,-1.96639667434657,0.06424679769712144,CGNL1,ZNF263,LMC,Zf
1798,-0.1427744352972257,-0.22772750011888523,1,-2.33623835909844,0.22876951265407544,MDK,FOXA2,MEF,Forkhead
2802,-0.12424785148432936,-0.16226770650044012,0,1.01551024614433,0.1774170146462072,SOCS6,MAX,LMC,bHLH
99,-0.26925687732944,-0.21807786581075275,1,1.03519575636956,1.4981442376990908,AIG1,FOS,MEF,bZIP
1781,-0.420121647582753,-0.24055162484804216,0,1.53782581038455,0.9454417643714621,MBP,ZNF263,LMC,Zf
3210,-0.34334100110644417,-0.35874841498741566,0,2.01990805201589,0.7600543472556335,WAS,ETS1,LMC,ETS
2540,0.023694036513735375,-0.22772750011888523,1,2.25659279898351,2.4950795288040037,RRAGB,FOXA1,MEF,Forkhead
2243,-0.2134859055500093,-0.16226770650044012,0,1.91484846940288,1.8233568786314178,PLD4,BHLHE40,LMC,bHLH
2900,-0.35656081815482665,-0.24055162484804216,0,1.7580660040846,1.1236365156240846,SUSD1,ZEB1,LMC,Zf
2298,-0.367509213401688,-0.367509213401688,1,2.24570716939652,1.3931248013190622,POU4F1,PAX5,MEF,"Paired,Homeobox"
513,-0.07675555573538734,-0.09391104304834053,0,-1.3525440584189,-1.336651485115432,CENPH,RFX5,LMC,HTH
2948,-0.3879288830557581,-0.4117228529378932,1,1.89850295891172,1.571796380102047,TCF7,PBX3,MEF,Homeobox
2770,-0.2295785336880661,-0.23042526569186958,0,1.14657944449594,1.0778903408152611,SLIT3,E2F4,LMC,E2F
2661,-0.36396349791647825,-0.22688628192079743,0,-1.22957922565248,-0.8454562553737531,SHF,STAT1,LMC,Stat
796,0.12201789027868709,-0.21807786581075275,0,1.30396145946653,1.3643683887026499,DOCK8,BACH1,LMC,bZIP
2613,-0.12424785148432936,-0.16226770650044012,1,2.03597997477726,1.5937812002203668,SEMA4F,MAX,MEF,bHLH
1872,0.01123290849505778,-0.24055162484804216,0,-1.77286048638889,-0.545295422189712,MRC2,GATA3,LMC,Zf
975,-0.2295785336880661,-0.23042526569186958,1,1.2401815530898,1.463649026253746,FAM161B,E2F4,MEF,E2F
2612,-0.36394923652108524,-0.36394923652108524,1,-4.22659102186172,1.8474750573429888,SEMA4D,EBF1,MEF,EBF
1762,-0.26484040662604763,-0.21807786581075275,0,1.08923612818634,1.1609515019008756,MAP3K8,FOSL2,LMC,bZIP
1048,-0.19305637283257054,-0.24055162484804216,0,3.29706979403309,2.8497777956583246,FGF1,MAZ,LMC,Zf
1217,-0.34939441107522407,-0.24055162484804216,1,-1.68453986158092,-0.890207748697884,GNG3,ZKSCAN1,MEF,Zf
866,-0.4338340387794032,-0.21807786581075275,1,1.09859926841335,0.3470220183558822,EGF,ATF1,MEF,bZIP
2937,-0.3241398962390605,-0.4667786659818261,1,1.50150751434557,1.0315497208550062,TBC1D8,IRF1,MEF,IRF
329,-0.26484040662604763,-0.21807786581075275,1,-1.04984739740468,-1.546046644287031,C1QTNF6,FOSL2,MEF,bZIP
517,-0.38280731081485264,-0.21807786581075275,1,-2.11372772987596,-2.1151505009913736,CENPN,ATF2,MEF,bZIP
308,-0.21040797732426292,-0.24055162484804216,1,1.44427192862471,-0.7127321478555237,BPGM,YY1,MEF,Zf
1316,-0.19305637283257054,-0.24055162484804216,0,2.33192726597227,2.0069836017006835,HCK,MAZ,LMC,Zf
423,-0.420121647582753,-0.24055162484804216,0,-1.26956236728047,-1.3303098696938105,CCNE1,ZNF263,LMC,Zf
679,-0.39206578990544383,-0.24055162484804216,0,-2.86747721889391,-1.9537128702908604,CTHRC1,EGR1,LMC,Zf
3148,-0.35656081815482665,-0.24055162484804216,1,-2.14380067537427,-1.7236482615102882,TUBB3,ZEB1,MEF,Zf
2498,-0.3825682599092054,-0.35874841498741566,0,-1.3528609573943,-1.051849247899136,RGS9BP,ELK1,LMC,ETS
414,-0.3441801093275379,-0.16226770650044012,1,-3.70901129351102,-3.2165897207863816,CCL3,TCF12,MEF,bHLH
2290,-0.34334100110644417,-0.35874841498741566,0,-1.59233149150338,-1.422028590962169,POLE,ETS1,LMC,ETS
621,-0.024333375166328407,-0.24055162484804216,0,-1.31093654400216,-1.2684281853639046,COL5A2,CTCF,LMC,Zf
2538,-0.2531799907181821,-0.21807786581075275,1,-1.60153695378032,-1.0879759786867234,RPS6KA2,MAFK,MEF,bZIP
2587,-0.12424785148432936,-0.16226770650044012,0,2.58402245788979,1.1050751365704583,SCN2B,MAX,LMC,bHLH
2816,-0.3441801093275379,-0.16226770650044012,1,-4.21242303903556,-2.821019412942077,SP110,TCF12,MEF,bHLH
904,-0.19305637283257054,-0.24055162484804216,1,1.05128946083192,0.8740895175991963,EPHA2,MAZ,MEF,Zf
2742,-0.028028488630146852,-0.16226770650044012,0,1.46235789888807,1.5247060768368603,SLC39A8,USF1,LMC,bHLH
3203,-0.367509213401688,-0.367509213401688,1,-1.49832154904173,-1.4200998721155202,VSIG10L,PAX5,MEF,"Paired,Homeobox"
1474,-0.17068129734876603,-0.21807786581075275,1,1.58552456677636,1.4363629588847677,IQUB,JUND,MEF,bZIP
23,-0.15589533538605682,-0.16226770650044012,0,-1.05465921556064,-0.661206799181936,ACAT2,USF2,LMC,bHLH
2472,-0.35656081815482665,-0.24055162484804216,1,-2.98434592973191,-0.772200870811287,RBM47,ZEB1,MEF,Zf
2698,-0.7636466334835217,-0.21807786581075275,1,2.93202883553792,-0.6997531910227431,SLC16A14,BATF,MEF,bZIP
1567,0.01123290849505778,-0.24055162484804216,1,-2.6418326666532,-2.5510575838557417,KIF14,GATA3,MEF,Zf
1694,0.12201789027868709,-0.21807786581075275,1,3.89825776680161,2.3126241141390476,LRP1B,BACH1,MEF,bZIP
1761,-0.028028488630146852,-0.16226770650044012,0,-4.78522239619105,0.3589041515810551,MAP3K7CL,USF1,LMC,bHLH
1411,-0.2202036001067245,-0.21807786581075275,1,-1.6255397687459,0.43520435777551947,IDH2,MAFF,MEF,bZIP
3173,-0.367509213401688,-0.367509213401688,0,-2.17040762162805,-1.412790304421624,UNC5C,PAX5,LMC,"Paired,Homeobox"
2524,-0.2134859055500093,-0.16226770650044012,1,2.85091477264428,1.723527799728831,RNF208,BHLHE40,MEF,bHLH
158,0.12201789027868709,-0.21807786581075275,0,-2.44997008617124,-0.9023040058466592,APBA2,BACH1,LMC,bZIP
1105,-0.17068129734876603,-0.21807786581075275,0,-1.06214111443697,-1.3175690236718056,FOXP4,JUND,LMC,bZIP
434,0.12201789027868709,-0.21807786581075275,0,2.10004242012151,1.693283664501964,CD180,BACH1,LMC,bZIP
3161,-0.13376741412866516,-0.22688628192079743,0,1.11374092396893,1.334875096835667,UBE2L6,STAT3,LMC,Stat
1506,-0.26925687732944,-0.21807786581075275,0,1.17759645335527,1.2506430041275318,ITPR1,FOS,LMC,bZIP
345,-0.3825682599092054,-0.35874841498741566,1,3.2806951234559,1.9615182509222984,CACNA2D3,ELK1,MEF,ETS
262,-0.3864884434229737,-0.3864884434229737,1,-1.06022912878962,-1.4181275650239704,B4GALT1,TCF3,MEF,HMG
507,-0.39206578990544383,-0.24055162484804216,1,2.14841125554855,1.5949415874804995,CELSR2,EGR1,MEF,Zf
514,-0.2384484828274451,-0.35874841498741566,0,-1.48650253996053,-1.4683711995417,CENPI,ELF1,LMC,ETS
276,-0.12424785148432936,-0.16226770650044012,1,-1.03013751610087,-0.2540166984343471,BCAT1,MAX,MEF,bHLH
2054,-0.17068129734876603,-0.21807786581075275,1,1.67996520029264,0.5926893367731014,NUCB2,JUND,MEF,bZIP
2777,-0.38280731081485264,-0.21807786581075275,0,1.33467085489491,1.0889158684666327,SMARCA2,ATF2,LMC,bZIP
2408,-0.4338340387794032,-0.21807786581075275,0,-1.23672453135472,0.7513913767849345,QSOX1,ATF1,LMC,bZIP
3231,-0.024333375166328407,-0.24055162484804216,0,-1.04138037568987,0.18491541982966356,WNT5A,CTCF,LMC,Zf
3087,-0.44138880677200293,-0.35874841498741566,0,-1.33814050796436,-0.5227172992266198,TPPP,GABPA,LMC,ETS
765,0.12201789027868709,-0.21807786581075275,0,1.91171581384336,0.5884018394989166,DLK1,BACH1,LMC,bZIP
2007,0.01123290849505778,-0.24055162484804216,1,2.04830921986079,0.24039568388612614,NMNAT2,GATA3,MEF,Zf
1595,-0.20320451878994805,-0.21807786581075275,1,1.94541631082666,1.905880220813616,KLHL30,ATF3,MEF,bZIP
1697,-0.2202036001067245,-0.21807786581075275,0,-1.53337520776607,-1.1359864735161442,LRRC16A,MAFF,LMC,bZIP
1316,-0.38280731081485264,-0.21807786581075275,1,-2.7538568771415,0.18373384860280237,HCK,ATF2,MEF,bZIP
3061,-0.17068129734876603,-0.21807786581075275,0,1.02514171178658,0.7630619564034238,TNFRSF19,JUND,LMC,bZIP
46,-0.024333375166328407,-0.24055162484804216,0,-2.25184790321512,-1.2941276847615961,ADAM12,CTCF,LMC,Zf
1551,-0.024333375166328407,-0.24055162484804216,1,-2.83262088040282,-1.9339573592825223,KCNK13,CTCF,MEF,Zf
1326,-0.38280731081485264,-0.21807786581075275,1,1.7722064028103,1.5070262346477261,HERC3,ATF2,MEF,bZIP
1371,-0.3441801093275379,-0.16226770650044012,1,3.72665701018455,2.2759865356882267,HOXC10,TCF12,MEF,bHLH
2997,-0.420121647582753,-0.24055162484804216,1,-1.22578015350755,-0.9920026287925539,TLR5,ZNF263,MEF,Zf
3106,-0.2781468465397177,-0.24055162484804216,1,4.13858492992742,-0.4225219913226203,TRIM54,SP1,MEF,Zf
3165,-0.36394923652108524,-0.36394923652108524,1,-2.38129196365162,-2.073394586729213,UCP2,EBF1,MEF,EBF
2000,-0.39206578990544383,-0.24055162484804216,0,1.5370079637518,0.5505461931158134,NLRC3,EGR1,LMC,Zf
1068,-0.17068129734876603,-0.21807786581075275,0,-1.76573143608257,-1.5337412840629192,FIBIN,JUND,LMC,bZIP
1719,-0.15589533538605682,-0.16226770650044012,1,-4.19795771516057,-0.20496259734501948,LST1,USF2,MEF,bHLH
488,-0.2384484828274451,-0.35874841498741566,1,-1.53660217902945,-1.3651023851762534,CDK1,ELF1,MEF,ETS
755,-0.35656081815482665,-0.24055162484804216,1,-2.13969551001548,1.692044774900032,DHFR,ZEB1,MEF,Zf
3104,-0.028028488630146852,-0.16226770650044012,1,-1.18940042398823,-1.2031949418558359,TRIM25,USF1,MEF,bHLH
1933,-0.26925687732944,-0.21807786581075275,1,-3.07995538654105,0.5044635689628268,NAALAD2,FOS,MEF,bZIP
2285,-0.7014153380027011,-0.24055162484804216,1,-2.14068200203897,-1.4985539569227502,PODNL1,SP2,MEF,Zf
449,-0.4338340387794032,-0.21807786581075275,1,-8.10996807721768,-7.5740750173768125,CD48,ATF1,MEF,bZIP
1733,-0.2490020295772001,-0.24055162484804216,1,1.10498032103892,-0.8916121389750522,LYRM1,GATA2,MEF,Zf
2947,-0.3441801093275379,-0.16226770650044012,1,-1.63161036538641,0.43028211383360715,TCF24,TCF12,MEF,bHLH
825,-0.024333375166328407,-0.24055162484804216,1,1.08554767073756,1.0912622578770181,DUSP15,CTCF,MEF,Zf
2672,-0.5263204549945071,-0.23042526569186958,1,-2.39445509281192,-1.9105468761600166,SIPA1,E2F1,MEF,E2F
1167,-0.13376741412866516,-0.22688628192079743,1,-1.23820390834519,-0.6441733003940097,GCNT1,STAT3,MEF,Stat
2948,-0.7636466334835217,-0.21807786581075275,1,1.89850295891172,-1.7976563704199109,TCF7,BATF,MEF,bZIP
1162,-0.016679862524066426,-0.16226770650044012,1,1.53185787847727,1.1470537318861531,GCA,MYOG,MEF,bHLH
1693,-0.3879288830557581,-0.4117228529378932,1,-4.99758855508105,-2.1434458148632762,LRMP,PBX3,MEF,Homeobox
1620,-0.13376741412866516,-0.22688628192079743,1,-1.28789219699444,1.6872639631249808,LAMC1,STAT3,MEF,Stat
2293,-0.028028488630146852,-0.16226770650044012,0,-2.73358754737203,-1.878431879304559,POM121L2,USF1,LMC,bHLH
1614,-0.024333375166328407,-0.24055162484804216,1,-1.61904378831684,0.7021008029124165,LAG3,CTCF,MEF,Zf
2699,-0.44138880677200293,-0.35874841498741566,0,-1.13247654437372,-0.9162323945919348,SLC16A3,GABPA,LMC,ETS
909,-0.44138880677200293,-0.35874841498741566,0,-1.00616267624316,-0.9754491715206,EPHB3,GABPA,LMC,ETS
2218,-0.17068129734876603,-0.21807786581075275,1,1.38151712699702,1.211531757312165,PIP5K1B,JUND,MEF,bZIP
1475,-0.5692078006234296,-0.4117228529378932,0,2.468504438056,1.7780126717655795,IRF5,CUX1,LMC,Homeobox
2583,-0.10243811445811093,-0.10243811445811093,0,-2.5472687417079,-1.5560166627897416,SCML2,TEAD4,LMC,TEA
798,-0.12424785148432936,-0.16226770650044012,1,-1.97433707646498,-1.521372321922958,DOK3,MAX,MEF,bHLH
521,0.12201789027868709,-0.21807786581075275,1,-1.47290606283231,-1.4115863847448764,CENPU,BACH1,MEF,bZIP
3124,-0.5444726494898747,-0.5293658635384044,0,-1.26446182500203,-0.18220182838364557,TSLP,MEF2A,LMC,MADS
1280,-0.3218229349053168,-0.24055162484804216,1,1.6184334345133,0.815373514133697,GRIA4,GATA1,MEF,Zf
1023,-0.2384484828274451,-0.35874841498741566,0,-2.49780599597722,-2.4843327178605152,FBLN1,ELF1,LMC,ETS
1892,-0.3441801093275379,-0.16226770650044012,0,-1.01142228802393,-1.2222069813114824,MTMR11,TCF12,LMC,bHLH
31,-0.1427744352972257,-0.22772750011888523,1,-1.0644913970013,-1.1678346932951809,ACOT7,FOXA2,MEF,Forkhead
2932,-0.25726485204107,-0.25726485204107,0,-1.75684306726493,-1.5199667718267404,TAGLN,NRF1,LMC,NRF
1003,-0.3241398962390605,-0.4667786659818261,0,-2.12747921647817,-1.8894233286341486,FAM64A,IRF1,LMC,IRF
1983,-0.38280731081485264,-0.21807786581075275,0,2.32118248880711,0.4466591298093329,NFE2L3,ATF2,LMC,bZIP
441,-0.10243811445811093,-0.10243811445811093,0,2.38543624011782,1.2768980215908075,CD300A,TEAD4,LMC,TEA
2976,0.12201789027868709,-0.21807786581075275,0,-2.53684610242498,-1.8715956256916206,THBS2,BACH1,LMC,bZIP
1049,-0.12424785148432936,-0.16226770650044012,0,-2.3444384689062,-2.2300357433371456,FGF10,MAX,LMC,bHLH
3255,-0.1427744352972257,-0.22772750011888523,0,-1.03149291006368,-0.9075526776605934,ZFP41,FOXA2,LMC,Forkhead
502,-0.367509213401688,-0.367509213401688,0,1.95972854003952,1.975168925047822,CEACAM1,PAX5,LMC,"Paired,Homeobox"
1809,-0.2781468465397177,-0.24055162484804216,1,-1.12365506432939,-1.0958905723033103,MESDC1,SP1,MEF,Zf
2517,-0.19305637283257054,-0.24055162484804216,1,-2.6548546609499,-0.14557907110687995,RNF144A,MAZ,MEF,Zf
960,-0.36396349791647825,-0.22688628192079743,1,-1.35055647048614,-1.7691025126461069,FAH,STAT1,MEF,Stat
1682,0.023694036513735375,-0.22772750011888523,1,-2.74353016291485,0.7161288536691296,LPAR5,FOXA1,MEF,Forkhead
109,-0.028028488630146852,-0.16226770650044012,1,4.06136839444615,-0.4407197276208953,ALDH1A1,USF1,MEF,bHLH
17,-0.6164626790354744,-0.4667786659818261,1,-2.9814574339715,-1.602574954061667,ABI3,IRF4,MEF,IRF
1103,-0.12424785148432936,-0.16226770650044012,0,-1.1218794612056,-1.1749615884572817,FOXP1,MAX,LMC,bHLH
534,-0.17068129734876603,-0.21807786581075275,0,-1.96639667434657,-0.19970255231188935,CGNL1,JUND,LMC,bZIP
796,-1.193308279848384,-0.35874841498741566,0,1.30396145946653,1.307740308759238,DOCK8,FLI1,LMC,ETS
392,-0.21040797732426292,-0.24055162484804216,0,-1.59929315254546,-1.3057381031117432,CCDC18,YY1,LMC,Zf
3008,-0.024333375166328407,-0.24055162484804216,0,1.79119876528083,1.5339444512030922,TMEM108,CTCF,LMC,Zf
112,-0.2781468465397177,-0.24055162484804216,1,-2.59508271988114,2.1348491772227365,ALDH1L1,SP1,MEF,Zf
118,-0.6164626790354744,-0.4667786659818261,1,-1.21591862457302,-0.3559945439339167,ALOXE3,IRF4,MEF,IRF
133,0.023694036513735375,-0.22772750011888523,0,-2.73853783011014,-1.4819577248899634,ANGPTL1,FOXA1,LMC,Forkhead
2365,-0.3241398962390605,-0.4667786659818261,1,-1.75254702820737,-0.507741455145107,PSMB8,IRF1,MEF,IRF
1093,-0.2781468465397177,-0.24055162484804216,0,1.14177708816059,1.0416943410407848,FOS,SP1,LMC,Zf
161,-0.35656081815482665,-0.24055162484804216,0,-1.05696766770842,-0.549638479680874,APH1B,ZEB1,LMC,Zf
2331,-0.26925687732944,-0.21807786581075275,0,1.34577261414618,-1.080821134529034,PRG4,FOS,LMC,bZIP
2807,-0.3825682599092054,-0.35874841498741566,0,1.39826749219682,0.8457936292456769,SORL1,ELK1,LMC,ETS
234,-0.6294050389829617,-0.22772750011888523,1,-2.74791528300771,-2.1807866331086605,ATF7IP2,FOXM1,MEF,Forkhead
1681,-0.3864884434229737,-0.3864884434229737,1,-1.46976923934256,-1.4047620204200097,LPAR2,TCF3,MEF,HMG
2470,-0.2202036001067245,-0.21807786581075275,1,2.12684463825178,-0.4282779415408279,RBM24,MAFF,MEF,bZIP
948,0.12201789027868709,-0.21807786581075275,1,-1.28879864864141,-0.08825116249094617,F2R,BACH1,MEF,bZIP
254,-0.13755040436917615,-0.4117228529378932,0,3.56926736392585,1.0261496290274623,AXIN2,NANOG,LMC,Homeobox
176,-0.3441801093275379,-0.16226770650044012,1,-5.36535647815118,-2.14483778759584,ARAP3,TCF12,MEF,bHLH
3145,-0.21040797732426292,-0.24055162484804216,1,-1.32949754920419,-1.3548198166169163,TUBA1B,YY1,MEF,Zf
1095,-0.3879288830557581,-0.4117228529378932,0,-1.72312225058079,-1.5100977961868909,FOXC1,PBX3,LMC,Homeobox
2152,0.023694036513735375,-0.22772750011888523,1,-2.32673874209198,-1.7458454003501336,PCK1,FOXA1,MEF,Forkhead
672,-0.17107733425117988,-0.23042526569186958,0,-1.49505915276106,-1.568720312466735,CSRP1,E2F6,LMC,E2F
872,-0.016679862524066426,-0.16226770650044012,1,-2.19954164792105,-0.42884997559481286,EGR2,MYOG,MEF,bHLH
1413,-0.3441801093275379,-0.16226770650044012,0,1.905682413793,1.5054802885873564,IFIT1,TCF12,LMC,bHLH
3040,-0.367509213401688,-0.367509213401688,0,-1.15867301067613,0.4435840119740754,TMEM38A,PAX5,LMC,"Paired,Homeobox"
870,-0.028028488630146852,-0.16226770650044012,1,-1.20899941824855,-0.7721695683251323,EGLN3,USF1,MEF,bHLH
3111,-0.2531799907181821,-0.21807786581075275,1,-2.16167846771077,-1.2907466538171986,TRIP13,MAFK,MEF,bZIP
1984,-0.3879288830557581,-0.4117228529378932,1,-1.74102844682325,0.14714857814890847,NFKBID,PBX3,MEF,Homeobox
62,-0.1427744352972257,-0.22772750011888523,0,-1.72005964675759,-0.4670894789220042,ADAMTS6,FOXA2,LMC,Forkhead
2427,-0.15589533538605682,-0.16226770650044012,0,2.65940971963027,0.9756053852064153,RAB6B,USF2,LMC,bHLH
2743,-0.10243811445811093,-0.10243811445811093,0,1.463380371895,1.4922673407958529,SLC40A1,TEAD4,LMC,TEA
953,-0.15589533538605682,-0.16226770650044012,1,1.08611680455142,0.2827118397278113,FAAH,USF2,MEF,bHLH
1169,-0.2295785336880661,-0.23042526569186958,0,-2.47437823712614,1.3212267836100966,GCNT4,E2F4,LMC,E2F
510,-0.39206578990544383,-0.24055162484804216,1,-3.04371144390706,-2.825006354271896,CENPA,EGR1,MEF,Zf
517,-0.44138880677200293,-0.35874841498741566,1,-2.11372772987596,-2.111648482049031,CENPN,GABPA,MEF,ETS
1796,-0.19305637283257054,-0.24055162484804216,0,-1.30020741696178,-0.2891115041458002,MDGA1,MAZ,LMC,Zf
2763,-0.3241398962390605,-0.4667786659818261,0,-1.37580388005319,-0.7979949751307741,SLC9A5,IRF1,LMC,IRF
1660,-0.25726485204107,-0.25726485204107,1,-1.55962805425669,-0.6142301030339372,LIMK1,NRF1,MEF,NRF
525,-0.2384484828274451,-0.35874841498741566,1,-2.43362288031828,-2.433622880318281,CEP55,ELF1,MEF,ETS
1577,-0.12424785148432936,-0.16226770650044012,1,-1.29232054600738,-1.502102037294228,KIF27,MAX,MEF,bHLH
2416,-0.2781468465397177,-0.24055162484804216,0,-2.31707370328191,-1.9498418256109458,RAB27A,SP1,LMC,Zf
2741,-0.2384484828274451,-0.35874841498741566,0,1.76513142544521,1.7216396888525558,SLC39A4,ELF1,LMC,ETS
958,-0.44138880677200293,-0.35874841498741566,0,-1.05370308794805,-1.1570989467334365,FADS3,GABPA,LMC,ETS
413,-0.2531799907181821,-0.21807786581075275,1,3.17366084341025,1.4198164693407265,CCL20,MAFK,MEF,bZIP
317,-0.2202036001067245,-0.21807786581075275,1,-6.68867108987945,-4.95555355913158,BTK,MAFF,MEF,bZIP
2907,-0.2588825049450903,-0.2588825049450903,1,2.53693676077334,-0.8332514158139556,SYBU,HNF4A,MEF,NR
1948,-0.367509213401688,-0.367509213401688,1,-2.19289973216985,-2.7312993689924654,NCAPG2,PAX5,MEF,"Paired,Homeobox"
895,-0.1427744352972257,-0.22772750011888523,0,-2.74176093683303,-2.325484861054445,ENO3,FOXA2,LMC,Forkhead
2908,-0.26484040662604763,-0.21807786581075275,1,1.9459690025947,0.37380925094886536,SYCP3,FOSL2,MEF,bZIP
518,-0.3241398962390605,-0.4667786659818261,1,-1.46993038048477,-1.4699898941317202,CENPP,IRF1,MEF,IRF
3051,-0.38280731081485264,-0.21807786581075275,1,1.32077569485417,-0.3032762352448855,TMX2,ATF2,MEF,bZIP
674,-0.13376741412866516,-0.22688628192079743,0,3.17319654675173,0.049862467176531,CSRP3,STAT3,LMC,Stat
2636,-0.3441801093275379,-0.16226770650044012,1,1.37499605573146,-0.5700947057535701,SGCD,TCF12,MEF,bHLH
2710,-0.35656081815482665,-0.24055162484804216,0,1.87389290621927,1.731171427532673,SLC22A4,ZEB1,LMC,Zf
792,-0.2781468465397177,-0.24055162484804216,1,-1.16716822785582,-1.4051090701667122,DNMT1,SP1,MEF,Zf
2554,-0.4338340387794032,-0.21807786581075275,1,1.43017376185233,-0.2590698221675752,RTP4,ATF1,MEF,bZIP
440,-0.3241398962390605,-0.4667786659818261,0,1.03797956914794,1.5990326075569197,CD2AP,IRF1,LMC,IRF
1609,-0.4338340387794032,-0.21807786581075275,0,2.05229480885656,1.9455213119939017,KRT7,ATF1,LMC,bZIP
1413,-0.2531799907181821,-0.21807786581075275,0,1.905682413793,1.7612878500596671,IFIT1,MAFK,LMC,bZIP
2448,-0.2295785336880661,-0.23042526569186958,1,-3.64035257303217,-3.192587389416767,RAPGEF5,E2F4,MEF,E2F
2749,-0.2531799907181821,-0.21807786581075275,1,2.22524468939725,0.7690420635207452,SLC45A1,MAFK,MEF,bZIP
2324,-0.38280731081485264,-0.21807786581075275,0,-1.08241107682554,-0.06363199060532795,PRCP,ATF2,LMC,bZIP
915,-0.26484040662604763,-0.21807786581075275,1,2.65031729246716,1.2148240573249596,ERBB3,FOSL2,MEF,bZIP
1243,-0.2781468465397177,-0.24055162484804216,0,-1.11359055206435,-0.3441406190402671,GPR153,SP1,LMC,Zf
3053,-0.2134859055500093,-0.16226770650044012,0,2.99603149630892,1.1777979973265507,TNF,BHLHE40,LMC,bHLH
1229,-0.2202036001067245,-0.21807786581075275,0,-1.54093470936659,-1.5231735788283802,GPC6,MAFF,LMC,bZIP
3035,-0.2531799907181821,-0.21807786581075275,1,1.69106773428587,0.4405150835141719,TMEM25,MAFK,MEF,bZIP
2083,-0.2781468465397177,-0.24055162484804216,1,-1.05535891995952,-0.34873122022515135,OLFML3,SP1,MEF,Zf
725,-0.024333375166328407,-0.24055162484804216,1,1.02420262689616,1.553493199376815,DACH2,CTCF,MEF,Zf
404,-0.5692078006234296,-0.4117228529378932,1,1.13304842911504,1.075985210807441,CCDC87,CUX1,MEF,Homeobox
1148,-0.21040797732426292,-0.24055162484804216,1,-1.36703652008448,-0.12940271636653497,GAREML,YY1,MEF,Zf
2349,-0.07675555573538734,-0.09391104304834053,0,-1.15565361783334,-0.44635500490717483,PRRT2,RFX5,LMC,HTH
3152,-0.367509213401688,-0.367509213401688,0,-1.21560557967585,-1.3179190364153124,TVP23A,PAX5,LMC,"Paired,Homeobox"
1323,-0.3879288830557581,-0.4117228529378932,0,1.11395880944298,1.134812548630899,HEG1,PBX3,LMC,Homeobox
1103,-0.21040797732426292,-0.24055162484804216,0,-1.1218794612056,-1.1313965917991475,FOXP1,YY1,LMC,Zf
1648,-0.73605500464993,-0.4667786659818261,0,1.39432488372804,1.4774832114647125,LGMN,IRF3,LMC,IRF
901,-0.5444726494898747,-0.5293658635384044,1,-2.65105512699135,-0.30935680575218777,ENTPD1,MEF2A,MEF,MADS
1142,-0.44138880677200293,-0.35874841498741566,0,-2.57237384040221,-2.2161237972757037,GALNT18,GABPA,LMC,ETS
1469,-0.35656081815482665,-0.24055162484804216,0,-1.34614119276357,-0.22292581309494527,INSIG1,ZEB1,LMC,Zf
1524,-0.2531799907181821,-0.21807786581075275,1,4.11018143580705,2.2853273201028554,KCNA2,MAFK,MEF,bZIP
2523,-0.2781468465397177,-0.24055162484804216,0,-1.17127768993016,0.13540519884016655,RNF207,SP1,LMC,Zf
343,0.01123290849505778,-0.24055162484804216,0,2.00940314934979,0.8326391885248675,CACNA1S,GATA3,LMC,Zf
229,-0.3879288830557581,-0.4117228529378932,0,-1.67583306263046,-1.1761648662235253,ASPM,PBX3,LMC,Homeobox
2873,-0.028028488630146852,-0.16226770650044012,0,2.92349830615075,0.8151005949054515,STAR,USF1,LMC,bHLH
2975,-0.07675555573538734,-0.09391104304834053,0,-1.10337016351696,-1.0726196202329124,THBS1,RFX5,LMC,HTH
1589,-0.2531799907181821,-0.21807786581075275,1,1.54085480516955,0.7153704291854867,KLF15,MAFK,MEF,bZIP
1482,-0.17107733425117988,-0.23042526569186958,0,1.42105511718159,0.7263107787265904,ISG15,E2F6,LMC,E2F
1729,-0.5444726494898747,-0.5293658635384044,1,-4.8970427214155,-3.827971877756198,LY9,MEF2A,MEF,MADS
1039,-0.028028488630146852,-0.16226770650044012,1,1.10821046471605,0.8260178611919907,FBXO7,USF1,MEF,bHLH
516,-0.5263204549945071,-0.23042526569186958,1,-2.19308549025505,-2.1770352328520604,CENPM,E2F1,MEF,E2F
2735,0.01123290849505778,-0.24055162484804216,0,2.22677538794117,1.9697313312273637,SLC35F3,GATA3,LMC,Zf
2386,-0.19305637283257054,-0.24055162484804216,0,2.05154846441403,1.5592124298870624,PTPN6,MAZ,LMC,Zf
100,-0.420121647582753,-0.24055162484804216,0,1.80170248274046,0.8700657139704819,AIM1,ZNF263,LMC,Zf
1078,-0.20320451878994805,-0.21807786581075275,1,1.79466757101752,1.5043328441377337,FLRT3,ATF3,MEF,bZIP
2739,-0.3864884434229737,-0.3864884434229737,0,1.07554724816405,1.0201656874345384,SLC39A10,TCF3,LMC,HMG
3027,-0.26484040662604763,-0.21807786581075275,1,1.32712267996545,-0.6718861547319025,TMEM184A,FOSL2,MEF,bZIP
2779,0.12201789027868709,-0.21807786581075275,1,1.10158499878209,-1.537731836138451,SMIM8,BACH1,MEF,bZIP
2399,-0.21040797732426292,-0.24055162484804216,1,-1.40254242700849,0.8623792538691627,PVRL2,YY1,MEF,Zf
770,-0.2384484828274451,-0.35874841498741566,0,2.04571185568345,1.8899658925140002,DMC1,ELF1,LMC,ETS
74,-0.12424785148432936,-0.16226770650044012,0,2.18724413507393,0.8811567007263981,ADCYAP1R1,MAX,LMC,bHLH
226,-0.34939441107522407,-0.24055162484804216,1,-2.12606281183785,-1.786840760348963,ASF1B,ZKSCAN1,MEF,Zf
264,-0.73605500464993,-0.4667786659818261,1,-1.12777061966967,-1.7777941408177154,B4GALT5,IRF3,MEF,IRF
512,-0.38280731081485264,-0.21807786581075275,1,-2.39804093947349,-2.4607389072581953,CENPF,ATF2,MEF,bZIP
2693,0.12201789027868709,-0.21807786581075275,0,1.05954413123607,0.7618453218877288,SLC16A1,BACH1,LMC,bZIP
346,-0.2134859055500093,-0.16226770650044012,1,2.3050515227329,2.41938592166409,CACNB2,BHLHE40,MEF,bHLH
1347,-0.12424785148432936,-0.16226770650044012,1,-2.24742323046206,-4.011276539630915,HMMR,MAX,MEF,bHLH
2047,-0.17068129734876603,-0.21807786581075275,1,-3.18610440050238,0.022771369354051822,NT5DC2,JUND,MEF,bZIP
2821,-0.024333375166328407,-0.24055162484804216,1,1.33614858114974,1.5141412156145015,SPA17,CTCF,MEF,Zf
2214,-0.2781468465397177,-0.24055162484804216,0,1.83280846759389,1.6005604345719897,PIK3R5,SP1,LMC,Zf
1377,-0.016679862524066426,-0.16226770650044012,0,2.41891822606775,2.1216063140448322,HOXD1,MYOG,LMC,bHLH
1080,-0.19305637283257054,-0.24055162484804216,0,-1.8819161171877,-1.2666858743912706,FMN2,MAZ,LMC,Zf
3095,-0.2531799907181821,-0.21807786581075275,1,-2.07832375301866,0.5161253212575012,TREM1,MAFK,MEF,bZIP
2840,-0.2531799907181821,-0.21807786581075275,1,-2.37049912905105,-2.299709428019598,SPOCD1,MAFK,MEF,bZIP
2776,-0.13376741412866516,-0.22688628192079743,1,-4.60380268008925,-3.0684079590907203,SMAGP,STAT3,MEF,Stat
172,-0.19305637283257054,-0.24055162484804216,0,-1.58439044713677,-0.6687851906427328,AQP1,MAZ,LMC,Zf
890,-0.3241398962390605,-0.4667786659818261,1,-1.72130718281428,-1.0272681550642968,EN1,IRF1,MEF,IRF
627,-0.44138880677200293,-0.35874841498741566,1,1.8243554918692,0.6623106579168615,COLGALT2,GABPA,MEF,ETS
1310,-0.3879288830557581,-0.4117228529378932,0,1.76054130107465,1.643792449681064,HAP1,PBX3,LMC,Homeobox
144,-0.1427744352972257,-0.22772750011888523,1,-2.61285486595035,-1.3698966153240695,ANLN,FOXA2,MEF,Forkhead
1382,-0.10243811445811093,-0.10243811445811093,1,-3.28891677324361,-0.9735570464472876,HP,TEAD4,MEF,TEA
2291,-0.34334100110644417,-0.35874841498741566,0,-1.23879932531305,-1.1893558249379188,POLE2,ETS1,LMC,ETS
2979,-0.5692078006234296,-0.4117228529378932,0,2.03543776530744,-0.8982695509398952,THEMIS2,CUX1,LMC,Homeobox
2866,-0.17068129734876603,-0.21807786581075275,0,-3.45472894499849,-1.8392271009985015,ST8SIA2,JUND,LMC,bZIP
968,-0.024333375166328407,-0.24055162484804216,0,-1.4871692627616,-1.5113706161731297,FAM131B,CTCF,LMC,Zf
2543,-0.3218229349053168,-0.24055162484804216,1,-1.0411947412753,-0.4300958108158531,RSAD2,GATA1,MEF,Zf
1651,-0.12424785148432936,-0.16226770650044012,0,-1.75281523160865,0.32863109514489414,LHX6,MAX,LMC,bHLH
33,-0.20320451878994805,-0.21807786581075275,0,-1.13494100888188,-1.1842194048011696,ACSL3,ATF3,LMC,bZIP
997,-0.26925687732944,-0.21807786581075275,0,-1.75327919236448,-1.1130932768583808,FAM43A,FOS,LMC,bZIP
3034,-0.17068129734876603,-0.21807786581075275,0,-1.63490947200649,-1.2232429149715265,TMEM246,JUND,LMC,bZIP
1838,-0.13755040436917615,-0.4117228529378932,1,1.00684294020748,0.9545688215801438,MLLT3,NANOG,MEF,Homeobox
866,-0.5692078006234296,-0.4117228529378932,1,1.09859926841335,0.5709343411494336,EGF,CUX1,MEF,Homeobox
2214,-0.17107733425117988,-0.23042526569186958,0,1.83280846759389,1.374423595492596,PIK3R5,E2F6,LMC,E2F
1469,-0.36396349791647825,-0.22688628192079743,0,-1.34614119276357,-0.41982360650991957,INSIG1,STAT1,LMC,Stat
2450,-0.39206578990544383,-0.24055162484804216,0,-1.05231333068148,-0.632631238744746,RARG,EGR1,LMC,Zf
927,-0.44138880677200293,-0.35874841498741566,0,2.855110586397,1.6126800832941433,ESYT3,GABPA,LMC,ETS
39,-0.6164626790354744,-0.4667786659818261,1,-1.17835208367133,-0.9481563971972744,ACTB,IRF4,MEF,IRF
2549,-0.2134859055500093,-0.16226770650044012,1,-1.63846403624182,0.29269793169872055,RTKN2,BHLHE40,MEF,bHLH
948,-0.2134859055500093,-0.16226770650044012,1,-1.28879864864141,0.9383788389024391,F2R,BHLHE40,MEF,bHLH
633,-0.3879288830557581,-0.4117228529378932,1,-1.79253763606394,-2.565843556655001,COTL1,PBX3,MEF,Homeobox
1212,-0.4338340387794032,-0.21807786581075275,0,1.36683741694235,0.27974162987044926,GNA15,ATF1,LMC,bZIP
1391,-0.36394923652108524,-0.36394923652108524,1,1.25878429586972,1.3344477058599884,HS3ST6,EBF1,MEF,EBF
3150,-0.7458206212504059,-0.24055162484804216,1,-1.30229002037898,-1.0593592883891425,TUBB6,BCL11A,MEF,Zf
171,-0.36396349791647825,-0.22688628192079743,0,-1.30844755503104,-1.1409960315900738,APOLD1,STAT1,LMC,Stat
1755,-0.44138880677200293,-0.35874841498741566,1,1.44675059778811,-0.8462433565493983,MANSC1,GABPA,MEF,ETS
2296,-0.2384484828274451,-0.35874841498741566,0,2.27815777289696,-0.1067424467790773,POU2F2,ELF1,LMC,ETS
1310,-0.12424785148432936,-0.16226770650044012,0,1.76054130107465,1.9052241697422474,HAP1,MAX,LMC,bHLH
1792,-0.6164626790354744,-0.4667786659818261,1,-5.09340625018667,-3.2008912201427813,MCOLN2,IRF4,MEF,IRF
3229,-0.21040797732426292,-0.24055162484804216,0,2.3354313169391,-0.4833167156616872,WNT2,YY1,LMC,Zf
2409,-0.3218229349053168,-0.24055162484804216,0,1.19634377115798,1.033157866753922,RAB11FIP1,GATA1,LMC,Zf
747,-0.3825682599092054,-0.35874841498741566,0,-1.04094116021417,-0.8905286014424013,DENND3,ELK1,LMC,ETS
2385,-0.3441801093275379,-0.16226770650044012,1,1.14202848091525,-1.2035270506149855,PTPN3,TCF12,MEF,bHLH
151,-0.38280731081485264,-0.21807786581075275,0,-1.257800767497,-1.2342448558361916,ANXA6,ATF2,LMC,bZIP
3027,-0.15589533538605682,-0.16226770650044012,1,1.32712267996545,0.818598963092161,TMEM184A,USF2,MEF,bHLH
489,-0.19305637283257054,-0.24055162484804216,0,1.13278495482569,0.7829864006823638,CDK18,MAZ,LMC,Zf
565,-0.13755040436917615,-0.4117228529378932,1,-1.20092685026686,-2.0182183240519276,CKS1B,NANOG,MEF,Homeobox
2733,-0.17107733425117988,-0.23042526569186958,0,-1.7704915464473,-1.4170222876749283,SLC35F1,E2F6,LMC,E2F
933,-0.36396349791647825,-0.22688628192079743,1,-1.77779361949346,-2.8666611818140386,EVI2A,STAT1,MEF,Stat
3128,-0.21040797732426292,-0.24055162484804216,1,-1.05080463512816,1.2507008321459028,TSPAN18,YY1,MEF,Zf
699,-0.17107733425117988,-0.23042526569186958,1,1.06432616534857,-0.7141002682959564,CXCL1,E2F6,MEF,E2F
173,-0.19305637283257054,-0.24055162484804216,0,4.20904927163551,4.0150638452339305,AQP5,MAZ,LMC,Zf
219,0.023694036513735375,-0.22772750011888523,0,-1.24960154559807,-1.1771324130628937,ASAP3,FOXA1,LMC,Forkhead
3040,-0.3218229349053168,-0.24055162484804216,0,-1.15867301067613,-1.137634443705114,TMEM38A,GATA1,LMC,Zf
1488,0.12201789027868709,-0.21807786581075275,0,-3.15234996069048,-1.6540457203374899,ITGA11,BACH1,LMC,bZIP
422,-0.028028488630146852,-0.16226770650044012,0,-1.97026365602147,-1.9199722998270445,CCNB2,USF1,LMC,bHLH
1017,-0.6164626790354744,-0.4667786659818261,1,-1.97493658435611,-1.8920714543680355,FANCI,IRF4,MEF,IRF
2011,-0.15589533538605682,-0.16226770650044012,1,-1.11600402981182,0.7933464911822332,NOD1,USF2,MEF,bHLH
1164,-0.35656081815482665,-0.24055162484804216,1,3.04067722262109,2.407373807065277,GCHFR,ZEB1,MEF,Zf
1055,-0.024333375166328407,-0.24055162484804216,1,1.83302922552139,1.0588594255834398,FGF5,CTCF,MEF,Zf
1881,-0.17068129734876603,-0.21807786581075275,1,1.05245446159028,0.05781875826625004,MSI2,JUND,MEF,bZIP
2194,-0.420121647582753,-0.24055162484804216,1,1.41728947266059,-1.1061994413969822,PFN4,ZNF263,MEF,Zf
939,-0.2781468465397177,-0.24055162484804216,1,1.71146128558084,-0.5250710610888051,EXPH5,SP1,MEF,Zf
233,-0.4196242791334183,-0.24055162484804216,0,1.1636924686686,0.8181864006195163,ATF6,ZBTB33,LMC,Zf
580,-0.5263204549945071,-0.23042526569186958,0,1.31839983318869,1.510159120226762,CLMN,E2F1,LMC,E2F
2924,-0.15589533538605682,-0.16226770650044012,1,2.47982892076231,1.3075481665875817,SYTL3,USF2,MEF,bHLH
1386,0.023694036513735375,-0.22772750011888523,1,-6.01464127600366,-0.6757156385469537,HPGDS,FOXA1,MEF,Forkhead
1502,-0.024333375166328407,-0.24055162484804216,0,-3.72547903980013,1.4304072601485547,ITIH2,CTCF,LMC,Zf
1232,-0.19305637283257054,-0.24055162484804216,0,-1.41406949123652,-0.9987365663353018,GPM6B,MAZ,LMC,Zf
648,-0.3218229349053168,-0.24055162484804216,1,1.09296402967198,0.6517739190266633,CREBL2,GATA1,MEF,Zf
1147,-0.3218229349053168,-0.24055162484804216,1,-1.06721399184908,-1.707907806628763,GAPDH,GATA1,MEF,Zf
1395,0.12201789027868709,-0.21807786581075275,1,1.04373265354892,1.2172696803401555,HSD17B1,BACH1,MEF,bZIP
3138,0.12201789027868709,-0.21807786581075275,0,-1.6865426189192,-1.69639122789173,TTLL11,BACH1,LMC,bZIP
2161,0.023694036513735375,-0.22772750011888523,1,-1.03710458494733,-1.9588974890883002,PCYT1B,FOXA1,MEF,Forkhead
1201,-0.12424785148432936,-0.16226770650044012,1,5.88965789173088,2.4469178747910436,GLDN,MAX,MEF,bHLH
281,-0.2202036001067245,-0.21807786581075275,1,-1.55425053108791,-0.5398653524552274,BDH1,MAFF,MEF,bZIP
512,-0.26484040662604763,-0.21807786581075275,1,-2.39804093947349,-2.4892809468597417,CENPF,FOSL2,MEF,bZIP
1819,-0.25726485204107,-0.25726485204107,1,-2.40695501424756,-1.6269127092578697,MFNG,NRF1,MEF,NRF
2818,-0.17068129734876603,-0.21807786581075275,1,-2.08194247908824,-2.799780464319645,SP3,JUND,MEF,bZIP
1970,-0.20320451878994805,-0.21807786581075275,1,-2.2655962110482,-0.9389541691574229,NEK2,ATF3,MEF,bZIP
1953,-0.73605500464993,-0.4667786659818261,1,-6.35980245271941,-5.05680473707779,NCF2,IRF3,MEF,IRF
2023,-0.367509213401688,-0.367509213401688,1,-1.34352226122339,-1.2499111217569145,NPEPL1,PAX5,MEF,"Paired,Homeobox"
2118,-0.1427744352972257,-0.22772750011888523,1,2.04572925803728,0.9655730586149339,PANX2,FOXA2,MEF,Forkhead
994,-0.3241398962390605,-0.4667786659818261,1,1.02278867867513,1.0013875475366734,FAM222A,IRF1,MEF,IRF
322,-0.4196242791334183,-0.24055162484804216,0,-1.95916441975136,-0.2203813093621838,BZRAP1,ZBTB33,LMC,Zf
2769,0.12201789027868709,-0.21807786581075275,0,2.09820679159257,1.0624258340210906,SLFN5,BACH1,LMC,bZIP
3086,-0.39206578990544383,-0.24055162484804216,1,-1.19173570792296,-0.4621009945564867,TPM4,EGR1,MEF,Zf
2572,-0.13376741412866516,-0.22688628192079743,1,1.24918446806687,0.781995870332781,SAP18,STAT3,MEF,Stat
29,-0.13376741412866516,-0.22688628192079743,1,-1.44100672629891,-1.1592857207275755,ACOT1,STAT3,MEF,Stat
1353,-0.7014153380027011,-0.24055162484804216,0,1.4838362949105,0.4488043334393246,HOOK1,SP2,LMC,Zf
715,-0.7458206212504059,-0.24055162484804216,1,1.4558525131314,2.0865238011238247,CYP1B1,BCL11A,MEF,Zf
2734,-0.1427744352972257,-0.22772750011888523,0,-2.55732246205919,-2.1346678358255464,SLC35F2,FOXA2,LMC,Forkhead
1668,-0.12424785148432936,-0.16226770650044012,1,3.05412965320593,-0.09987493430423529,LMCD1,MAX,MEF,bHLH
2196,-0.028028488630146852,-0.16226770650044012,1,-1.48538119052124,-1.0042448780597137,PGAP3,USF1,MEF,bHLH
2296,-0.15589533538605682,-0.16226770650044012,1,-3.99984604222538,0.7612874836313872,POU2F2,USF2,MEF,bHLH
879,-0.19305637283257054,-0.24055162484804216,0,1.68125619987682,1.7028694380024791,ELMO1,MAZ,LMC,Zf
258,-0.2134859055500093,-0.16226770650044012,1,-3.11290699183217,-1.3802597457273074,B3GNT7,BHLHE40,MEF,bHLH
2237,-0.2384484828274451,-0.35874841498741566,0,-1.05227205215132,0.8644189060006756,PLCD1,ELF1,LMC,ETS
1323,-0.5263204549945071,-0.23042526569186958,1,-1.27285316107792,-0.42984377052389633,HEG1,E2F1,MEF,E2F
246,-0.34939441107522407,-0.24055162484804216,0,1.18330327912453,1.0888742524348505,ATP6V1B2,ZKSCAN1,LMC,Zf
2234,-0.2531799907181821,-0.21807786581075275,1,4.19996079719983,-2.067293999178261,PLAGL1,MAFK,MEF,bZIP
3128,-0.13376741412866516,-0.22688628192079743,1,-1.05080463512816,1.7229499133408401,TSPAN18,STAT3,MEF,Stat
3156,-0.7636466334835217,-0.21807786581075275,1,-9.23167979571188,-1.4609335583730827,TYROBP,BATF,MEF,bZIP
2668,-0.21040797732426292,-0.24055162484804216,1,2.58347136368488,-1.5183917318705469,SHROOM3,YY1,MEF,Zf
1821,-0.420121647582753,-0.24055162484804216,0,-1.90973057974715,-0.042899915077399806,MFSD2A,ZNF263,LMC,Zf
1631,-0.3218229349053168,-0.24055162484804216,1,-4.84865339825882,-0.6826554337820441,LCP1,GATA1,MEF,Zf
1679,-0.5692078006234296,-0.4117228529378932,0,-1.54161054323492,-1.818029930661314,LOXL3,CUX1,LMC,Homeobox
2389,-0.26925687732944,-0.21807786581075275,0,1.29431496605626,1.5980528363553472,PTPRE,FOS,LMC,bZIP
1118,0.023694036513735375,-0.22772750011888523,1,1.15084131246931,0.7595453891080588,FSIP1,FOXA1,MEF,Forkhead
2934,-0.44138880677200293,-0.35874841498741566,0,2.09023465675641,1.7504209782921203,TAL1,GABPA,LMC,ETS
1401,-0.07675555573538734,-0.09391104304834053,0,-1.60518595987966,-0.6418561130897821,HSPB6,RFX5,LMC,HTH
466,-0.016679862524066426,-0.16226770650044012,1,-1.50814193249096,-2.51862771677893,CDC25B,MYOG,MEF,bHLH
1402,-0.016679862524066426,-0.16226770650044012,0,1.76983656065279,1.4156122511408291,HSPB7,MYOG,LMC,bHLH
2464,-0.3441801093275379,-0.16226770650044012,0,-1.49998863306181,1.142336547440662,RASSF6,TCF12,LMC,bHLH
1104,0.12201789027868709,-0.21807786581075275,0,-2.14758838833704,-0.9707962081447238,FOXP2,BACH1,LMC,bZIP
1771,-0.13755040436917615,-0.4117228529378932,0,1.03693296913821,1.6866867021712348,MARVELD2,NANOG,LMC,Homeobox
1145,-0.2531799907181821,-0.21807786581075275,1,-8.0966931751527,-2.5078518489830715,GALNT6,MAFK,MEF,bZIP
2733,-0.36394923652108524,-0.36394923652108524,1,2.13813545417356,1.2211311737725676,SLC35F1,EBF1,MEF,EBF
555,-0.2781468465397177,-0.24055162484804216,1,1.80769993725996,1.663367025560088,CHST7,SP1,MEF,Zf
3228,-0.19305637283257054,-0.24055162484804216,0,-2.73861735150562,-0.6036375965377908,WNT16,MAZ,LMC,Zf
2027,-0.3441801093275379,-0.16226770650044012,1,-2.04766080988131,0.15360951743647014,NPTX1,TCF12,MEF,bHLH
3253,-0.5692078006234296,-0.4117228529378932,1,-1.66201529403874,-1.4545027532972876,ZDHHC2,CUX1,MEF,Homeobox
2643,-0.024333375166328407,-0.24055162484804216,1,-1.11397899521332,-0.5554813532511155,SH2B2,CTCF,MEF,Zf
2839,-0.17107733425117988,-0.23042526569186958,1,1.40128640910394,-1.8858219002561107,SPNS2,E2F6,MEF,E2F
42,-0.21040797732426292,-0.24055162484804216,1,2.34295680761973,-0.12326294975084956,ACVR1C,YY1,MEF,Zf
1347,-0.3825682599092054,-0.35874841498741566,1,-2.24742323046206,-2.3290021785629715,HMMR,ELK1,MEF,ETS
2989,-0.15589533538605682,-0.16226770650044012,1,-2.344269698283,0.22893684098979938,TJP3,USF2,MEF,bHLH
1720,-0.420121647582753,-0.24055162484804216,0,-2.12555056976554,-1.8556747808190173,LTBP1,ZNF263,LMC,Zf
1942,-0.12424785148432936,-0.16226770650044012,1,-1.55591983472533,-1.7568094379093295,NAV1,MAX,MEF,bHLH
565,-0.13755040436917615,-0.4117228529378932,0,-1.00847937566147,-1.0084793756614707,CKS1B,NANOG,LMC,Homeobox
620,-0.10243811445811093,-0.10243811445811093,0,-1.59643801588657,-1.3296791036412758,COL5A1,TEAD4,LMC,TEA
1604,-0.07675555573538734,-0.09391104304834053,1,-2.53686917064916,-2.9051599117167974,KNSTRN,RFX5,MEF,HTH
762,-0.3825682599092054,-0.35874841498741566,0,1.09464442057264,0.6720056651806456,DLEU2,ELK1,LMC,ETS
1075,-0.2202036001067245,-0.21807786581075275,1,-1.51378545844316,-0.7402645990317152,FLI1,MAFF,MEF,bZIP
1820,-0.3825682599092054,-0.35874841498741566,1,-1.62563638359958,-1.7195675249779412,MFSD12,ELK1,MEF,ETS
176,-0.26925687732944,-0.21807786581075275,0,1.68932454444694,1.4592325690575532,ARAP3,FOS,LMC,bZIP
3162,-0.3241398962390605,-0.4667786659818261,1,-1.57637625372954,-0.995618999587445,UBE2T,IRF1,MEF,IRF
910,-0.34334100110644417,-0.35874841498741566,1,1.34784390842321,1.2767942759039932,EPHB6,ETS1,MEF,ETS
111,-0.44138880677200293,-0.35874841498741566,1,-1.27853399231863,1.356667599774093,ALDH1A3,GABPA,MEF,ETS
2894,-0.7636466334835217,-0.21807786581075275,1,-1.24756860580179,-1.588947155738948,STX1A,BATF,MEF,bZIP
2088,-0.13376741412866516,-0.22688628192079743,0,-1.41192018602602,-1.408406724719646,OPN3,STAT3,LMC,Stat
764,-0.35656081815482665,-0.24055162484804216,1,-2.77861016108699,0.13811054006193985,DLGAP5,ZEB1,MEF,Zf
2644,-0.36396349791647825,-0.22688628192079743,1,2.09697385595066,-1.0703177051195216,SH2D2A,STAT1,MEF,Stat
1504,-0.39206578990544383,-0.24055162484804216,0,1.98667024272069,1.9720343114173524,ITM2A,EGR1,LMC,Zf
1080,-0.12424785148432936,-0.16226770650044012,0,-1.8819161171877,-1.2593321794717924,FMN2,MAX,LMC,bHLH
1285,-0.38280731081485264,-0.21807786581075275,0,-1.73109418771401,-1.4648195993441586,GRIN1,ATF2,LMC,bZIP
278,-0.2490020295772001,-0.24055162484804216,0,-2.49068744677869,-2.3803669760500585,BCL11A,GATA2,LMC,Zf
2845,-0.12424785148432936,-0.16226770650044012,0,-1.12860791435859,-0.7952882554930086,SPRY1,MAX,LMC,bHLH
854,-0.3825682599092054,-0.35874841498741566,1,-1.88598600687672,-0.6643727148720019,EEPD1,ELK1,MEF,ETS
940,-0.028028488630146852,-0.16226770650044012,0,-1.04928380645849,-0.6209812739245048,EXT1,USF1,LMC,bHLH
1347,-0.15589533538605682,-0.16226770650044012,1,-2.24742323046206,-1.6987469477725565,HMMR,USF2,MEF,bHLH
247,-0.5444726494898747,-0.5293658635384044,0,1.05206045472128,0.8110110774396445,ATP8A1,MEF2A,LMC,MADS
747,0.023694036513735375,-0.22772750011888523,0,-1.04094116021417,-0.2940469970157371,DENND3,FOXA1,LMC,Forkhead
1920,-0.2781468465397177,-0.24055162484804216,0,-1.51597579647074,-0.7669095335860299,MYO1B,SP1,LMC,Zf
1317,-0.19305637283257054,-0.24055162484804216,1,-5.75532877866316,-2.625753719596537,HCLS1,MAZ,MEF,Zf
797,-0.19305637283257054,-0.24055162484804216,1,-1.86193635058118,-0.9404814588874149,DOK2,MAZ,MEF,Zf
2572,-0.38280731081485264,-0.21807786581075275,1,1.24918446806687,-0.8046419836380078,SAP18,ATF2,MEF,bZIP
258,-0.6294050389829617,-0.22772750011888523,1,-3.11290699183217,-2.4340799997602063,B3GNT7,FOXM1,MEF,Forkhead
469,-0.17107733425117988,-0.23042526569186958,0,-1.08880876245464,-1.1004377163494898,CDC42EP4,E2F6,LMC,E2F
739,-0.016679862524066426,-0.16226770650044012,1,1.57375665683309,0.9286730401130343,DDN,MYOG,MEF,bHLH
1692,-0.3441801093275379,-0.16226770650044012,1,-1.07379520947069,0.5388511113922406,LRIG1,TCF12,MEF,bHLH
2790,-0.19305637283257054,-0.24055162484804216,1,-1.59761294289245,0.7107905753816827,SNCAIP,MAZ,MEF,Zf
1485,-0.10243811445811093,-0.10243811445811093,1,1.4915516330555,-0.30205393279511406,ISM1,TEAD4,MEF,TEA
1948,-0.12424785148432936,-0.16226770650044012,1,-2.19289973216985,-2.3361631616149685,NCAPG2,MAX,MEF,bHLH
1059,-0.1427744352972257,-0.22772750011888523,1,-1.30648104502404,0.13156817754128033,FGFR1,FOXA2,MEF,Forkhead
2658,-0.19305637283257054,-0.24055162484804216,0,-1.94369760762951,-0.34919662666705675,SHC2,MAZ,LMC,Zf
2095,0.023694036513735375,-0.22772750011888523,0,-4.06327887175194,-2.1887443986970023,OSR2,FOXA1,LMC,Forkhead
599,-0.3441801093275379,-0.16226770650044012,1,-3.5096624876874,-0.742748117762058,CNR2,TCF12,MEF,bHLH
2522,-0.4338340387794032,-0.21807786581075275,1,-2.61978515397159,2.488998637606309,RNF183,ATF1,MEF,bZIP
1326,-0.13376741412866516,-0.22688628192079743,1,1.7722064028103,0.1740774052697024,HERC3,STAT3,MEF,Stat
2976,-0.19305637283257054,-0.24055162484804216,1,-2.88170681856128,-0.7746063445398933,THBS2,MAZ,MEF,Zf
3056,-0.13376741412866516,-0.22688628192079743,0,1.851144354377,-0.520198286147209,TNFAIP8L2,STAT3,LMC,Stat
703,-0.10243811445811093,-0.10243811445811093,1,-1.39331579704767,0.2658488023755309,CXCR4,TEAD4,MEF,TEA
246,-0.17068129734876603,-0.21807786581075275,0,1.18330327912453,1.0195700852030554,ATP6V1B2,JUND,LMC,bZIP
920,-0.17107733425117988,-0.23042526569186958,0,2.3110851686836,1.833354828621209,ESAM,E2F6,LMC,E2F
1016,-0.2781468465397177,-0.24055162484804216,1,-1.82219618288015,-2.0577181068834625,FANCD2,SP1,MEF,Zf
1093,-0.3241398962390605,-0.4667786659818261,0,1.14177708816059,0.9776308339002026,FOS,IRF1,LMC,IRF
1568,-0.39206578990544383,-0.24055162484804216,1,-2.57584463626319,-2.2152828275575294,KIF15,EGR1,MEF,Zf
3051,-0.17107733425117988,-0.23042526569186958,1,1.32077569485417,0.8737829157538148,TMX2,E2F6,MEF,E2F
1783,-0.21040797732426292,-0.24055162484804216,1,-1.39828248423787,-1.4255778539921509,MCAM,YY1,MEF,Zf
1811,-0.2531799907181821,-0.21807786581075275,1,1.49384441854823,0.5055223418057966,MEST,MAFK,MEF,bZIP
1796,-0.17068129734876603,-0.21807786581075275,1,-1.40658639533232,-1.9707257939369907,MDGA1,JUND,MEF,bZIP
2816,-0.36396349791647825,-0.22688628192079743,0,1.48469516913959,1.4835346958605964,SP110,STAT1,LMC,Stat
975,-0.20320451878994805,-0.21807786581075275,1,1.2401815530898,1.3275621062157317,FAM161B,ATF3,MEF,bZIP
2898,-0.19305637283257054,-0.24055162484804216,1,1.31714950392456,1.187953647350438,STYXL1,MAZ,MEF,Zf
1322,-0.4338340387794032,-0.21807786581075275,1,1.43964163206094,0.7555796557961492,HDGFRP3,ATF1,MEF,bZIP
138,-0.35656081815482665,-0.24055162484804216,0,-2.36033516397192,-2.225497193333815,ANKLE1,ZEB1,LMC,Zf
451,-0.4338340387794032,-0.21807786581075275,0,2.0789712890097,2.015956881536478,CD53,ATF1,LMC,bZIP
1579,-0.36396349791647825,-0.22688628192079743,0,1.28112113456646,1.2779626981517955,KIF3A,STAT1,LMC,Stat
493,-0.34334100110644417,-0.35874841498741566,1,2.49945734223034,1.817051525903183,CDKL4,ETS1,MEF,ETS
2508,-0.36396349791647825,-0.22688628192079743,1,1.45817436645664,-0.46056880930919325,RIMS3,STAT1,MEF,Stat
2887,-1.193308279848384,-0.35874841498741566,1,-1.50835202317038,-1.5713474211119136,STMN1,FLI1,MEF,ETS
236,-0.44138880677200293,-0.35874841498741566,0,1.40075052291978,0.779751342622188,ATG9B,GABPA,LMC,ETS
792,-0.12424785148432936,-0.16226770650044012,1,-1.16716822785582,-1.652239954322691,DNMT1,MAX,MEF,bHLH
108,-0.5263204549945071,-0.23042526569186958,1,1.07862740724675,0.15668261146352905,ALCAM,E2F1,MEF,E2F
2822,-0.36394923652108524,-0.36394923652108524,0,-1.06304711163904,-0.9812486943729573,SPAG4,EBF1,LMC,EBF
2742,-0.3879288830557581,-0.4117228529378932,0,1.46235789888807,1.3832135867623234,SLC39A8,PBX3,LMC,Homeobox
2301,-0.35656081815482665,-0.24055162484804216,0,-1.30817783764579,-1.29314418422377,PPAP2A,ZEB1,LMC,Zf
1588,0.023694036513735375,-0.22772750011888523,0,-2.56633169713976,-2.531301205297458,KLF12,FOXA1,LMC,Forkhead
872,-0.13376741412866516,-0.22688628192079743,1,-2.19954164792105,-1.11799756314752,EGR2,STAT3,MEF,Stat
3236,-0.6294050389829617,-0.22772750011888523,0,1.14579429923485,1.0326985374022095,WWP1,FOXM1,LMC,Forkhead
645,0.12201789027868709,-0.21807786581075275,0,2.6611503079023,0.38884962232991,CRABP2,BACH1,LMC,bZIP
1094,-0.3864884434229737,-0.3864884434229737,1,1.9671559113756,0.02515595678648862,FOXA3,TCF3,MEF,HMG
2030,-0.17068129734876603,-0.21807786581075275,0,-1.75744010666579,-1.0745169980868143,NPY1R,JUND,LMC,bZIP
2601,-0.5692078006234296,-0.4117228529378932,1,1.00843762708864,0.1415252085170425,SEC14L5,CUX1,MEF,Homeobox
1320,-0.21040797732426292,-0.24055162484804216,1,-2.2017818686725,1.652505838469977,HCST,YY1,MEF,Zf
1374,-0.26925687732944,-0.21807786581075275,1,-1.56993906660248,-0.5080515369907056,HOXC5,FOS,MEF,bZIP
320,-0.3441801093275379,-0.16226770650044012,1,-3.21931037821547,-1.7013613885743866,BUB1,TCF12,MEF,bHLH
1307,-0.024333375166328407,-0.24055162484804216,0,-1.36464889595292,-1.029931290866084,H1FX,CTCF,LMC,Zf
1754,-0.35656081815482665,-0.24055162484804216,1,1.57566577442679,-0.1448964675690346,MANEAL,ZEB1,MEF,Zf
55,-0.39206578990544383,-0.24055162484804216,1,-1.08305434945511,-2.630333949234881,ADAMTS10,EGR1,MEF,Zf
192,-0.2588825049450903,-0.2588825049450903,1,2.20377454914225,-1.8863678668246828,ARHGEF16,HNF4A,MEF,NR
1808,-0.26484040662604763,-0.21807786581075275,0,-1.82115918803008,-1.567124627544589,MELK,FOSL2,LMC,bZIP
1542,-0.028028488630146852,-0.16226770650044012,0,2.07201257474795,-0.1253234921497594,KCNIP2,USF1,LMC,bHLH
1781,-0.17107733425117988,-0.23042526569186958,0,1.53782581038455,0.4477644010413795,MBP,E2F6,LMC,E2F
3239,-0.2202036001067245,-0.21807786581075275,1,9.86262990937473,3.329310382541393,XIST,MAFF,MEF,bZIP
829,-0.6294050389829617,-0.22772750011888523,0,-1.17747353187961,-0.6824508909949671,DUT,FOXM1,LMC,Forkhead
3190,-0.3241398962390605,-0.4667786659818261,1,-7.1439541428595,-1.1898164254908534,VAV1,IRF1,MEF,IRF
2207,-0.26484040662604763,-0.21807786581075275,1,-1.1353942403262,-1.4796163461701204,PIANP,FOSL2,MEF,bZIP
554,-0.19305637283257054,-0.24055162484804216,0,-1.85936248745895,-1.188343061221833,CHST5,MAZ,LMC,Zf
2507,-0.2384484828274451,-0.35874841498741566,1,1.46211095668612,0.7424637911133004,RIC3,ELF1,MEF,ETS
2382,-0.7458206212504059,-0.24055162484804216,0,1.0109676241031,0.7778324239108357,PTPN13,BCL11A,LMC,Zf
1620,-0.35656081815482665,-0.24055162484804216,1,-1.28789219699444,-0.20807490537652712,LAMC1,ZEB1,MEF,Zf
903,0.12201789027868709,-0.21807786581075275,0,2.93275182204377,1.1059658361038476,EPCAM,BACH1,LMC,bZIP
2230,-0.44138880677200293,-0.35874841498741566,0,1.79197987806405,1.0848401393627947,PLA2G7,GABPA,LMC,ETS
1727,-0.13376741412866516,-0.22688628192079743,0,-1.8059852208024,-1.7712150031266276,LY75,STAT3,LMC,Stat
3160,-0.13376741412866516,-0.22688628192079743,1,-2.89414773676838,0.3369123502374535,UBE2C,STAT3,MEF,Stat
24,-0.2295785336880661,-0.23042526569186958,1,2.15532876906198,1.7071479974742831,ACE,E2F4,MEF,E2F
1368,-0.420121647582753,-0.24055162484804216,1,-1.53051207799042,-0.9736197332102453,HOXB6,ZNF263,MEF,Zf
2933,-0.028028488630146852,-0.16226770650044012,1,-1.95592310103042,1.4540830043619775,TAGLN2,USF1,MEF,bHLH
2574,-0.21040797732426292,-0.24055162484804216,1,-2.47219502126742,1.9115984535402575,SAPCD2,YY1,MEF,Zf
2249,-0.35656081815482665,-0.24055162484804216,1,1.15271259876003,0.1907479520517618,PLEKHG1,ZEB1,MEF,Zf
414,-0.024333375166328407,-0.24055162484804216,1,-3.70901129351102,-0.8221297110613759,CCL3,CTCF,MEF,Zf
208,-0.73605500464993,-0.4667786659818261,0,1.28382265210123,0.6499453595933246,ARMC2,IRF3,LMC,IRF
579,-0.21040797732426292,-0.24055162484804216,1,3.342796992011,-0.03043263923183888,CLIP4,YY1,MEF,Zf
2786,-0.016679862524066426,-0.16226770650044012,1,-1.24692938914532,0.4040547234202816,SNAI1,MYOG,MEF,bHLH
886,-0.3218229349053168,-0.24055162484804216,0,-1.4650615392872,-1.7249804694114874,EMILIN1,GATA1,LMC,Zf
265,-0.21040797732426292,-0.24055162484804216,1,-1.1411111453521,-0.9989822477457324,BAG2,YY1,MEF,Zf
208,-0.2781468465397177,-0.24055162484804216,0,1.28382265210123,1.2424025111305907,ARMC2,SP1,LMC,Zf
1752,-0.420121647582753,-0.24055162484804216,1,-1.28798152001015,0.2330193736092737,MAN2A1,ZNF263,MEF,Zf
112,-0.12424785148432936,-0.16226770650044012,1,-2.59508271988114,2.157338118095546,ALDH1L1,MAX,MEF,bHLH
1697,-0.2202036001067245,-0.21807786581075275,0,-1.53337520776607,-1.1359864735161442,LRRC16A,MAFF,LMC,bZIP
1361,-0.024333375166328407,-0.24055162484804216,1,-1.86354793445035,-1.6756114380978375,HOXA6,CTCF,MEF,Zf
3124,-0.2134859055500093,-0.16226770650044012,0,-1.26446182500203,-1.034432427259921,TSLP,BHLHE40,LMC,bHLH
1028,-0.12424785148432936,-0.16226770650044012,0,-2.42665595315409,-2.2134579929574714,FBN2,MAX,LMC,bHLH
613,-0.25726485204107,-0.25726485204107,0,-2.62487820089675,-2.4775323922896306,COL19A1,NRF1,LMC,NRF
1613,-0.024333375166328407,-0.24055162484804216,0,2.4317777613676,2.3877717864338526,LAD1,CTCF,LMC,Zf
2990,-0.3864884434229737,-0.3864884434229737,1,-1.96035300857267,-1.122130078647391,TK1,TCF3,MEF,HMG
737,-0.3218229349053168,-0.24055162484804216,1,-1.57237296988746,-0.4251366765483936,DDC,GATA1,MEF,Zf
3051,-0.17107733425117988,-0.23042526569186958,1,1.32077569485417,0.8737829157538148,TMX2,E2F6,MEF,E2F
2012,-0.1427744352972257,-0.22772750011888523,1,2.32640773297415,0.14676961151448442,NOG,FOXA2,MEF,Forkhead
747,-0.2384484828274451,-0.35874841498741566,0,-1.04094116021417,-0.8195513440476405,DENND3,ELF1,LMC,ETS
1634,-0.12424785148432936,-0.16226770650044012,0,-1.87642244998417,0.6320089638912079,LDB2,MAX,LMC,bHLH
35,-0.21040797732426292,-0.24055162484804216,0,-1.09413388951588,-0.9686440802238292,ACSS2,YY1,LMC,Zf
2487,-0.5692078006234296,-0.4117228529378932,0,1.09121897733351,0.2482442154891606,RFTN1,CUX1,LMC,Homeobox
1618,-0.3218229349053168,-0.24055162484804216,1,2.02536886419006,0.30058996828919615,LAMA5,GATA1,MEF,Zf
2517,-0.024333375166328407,-0.24055162484804216,0,-3.74593415862664,-2.130770631316855,RNF144A,CTCF,LMC,Zf
1820,-0.3879288830557581,-0.4117228529378932,1,-1.62563638359958,-1.1173349090542204,MFSD12,PBX3,MEF,Homeobox
1122,-0.024333375166328407,-0.24055162484804216,0,1.39882956316338,0.7887752646891086,FSTL4,CTCF,LMC,Zf
1556,-0.39206578990544383,-0.24055162484804216,1,-1.60578743741166,-0.9917123800711554,KCNS3,EGR1,MEF,Zf
2925,-0.17068129734876603,-0.21807786581075275,0,-1.54761194078495,-1.1983106682846474,SYTL4,JUND,LMC,bZIP
2296,-0.07675555573538734,-0.09391104304834053,1,-3.99984604222538,0.7601446578627069,POU2F2,RFX5,MEF,HTH
2664,0.12201789027868709,-0.21807786581075275,1,1.59313087481905,-0.23061067248406672,SHISA7,BACH1,MEF,bZIP
2349,-0.13376741412866516,-0.22688628192079743,0,-1.15565361783334,-1.3600963005288154,PRRT2,STAT3,LMC,Stat
2363,-0.3864884434229737,-0.3864884434229737,1,-1.26461993773534,-1.41160607896128,PSD4,TCF3,MEF,HMG
1631,-0.2384484828274451,-0.35874841498741566,0,1.88765751605467,1.8412368351585267,LCP1,ELF1,LMC,ETS
1955,-0.73605500464993,-0.4667786659818261,0,2.19064837512025,1.329223517874761,NCKAP1L,IRF3,LMC,IRF
2451,-0.44138880677200293,-0.35874841498741566,0,-1.70961630127587,-1.119328941960982,RARRES1,GABPA,LMC,ETS
131,-0.2490020295772001,-0.24055162484804216,0,-2.66515521694027,-0.6950186669148326,ANGPT2,GATA2,LMC,Zf
54,-0.016679862524066426,-0.16226770650044012,0,-1.06071433236995,-1.2115014503300356,ADAMTS1,MYOG,LMC,bHLH
1669,-0.44138880677200293,-0.35874841498741566,1,-2.03337449621201,-1.8880010985794602,LMNB1,GABPA,MEF,ETS
795,-0.367509213401688,-0.367509213401688,0,1.65647439431086,1.8143875392680167,DOCK3,PAX5,LMC,"Paired,Homeobox"
1879,-0.5444726494898747,-0.5293658635384044,0,2.49984910075279,1.2435461354235944,MS4A7,MEF2A,LMC,MADS
530,-1.193308279848384,-0.35874841498741566,1,1.29315129835273,-0.4633255894645518,CFAP57,FLI1,MEF,ETS
322,-0.36396349791647825,-0.22688628192079743,0,-1.95916441975136,0.2977146004415601,BZRAP1,STAT1,LMC,Stat
2189,-0.2134859055500093,-0.16226770650044012,0,1.82693979976059,0.7748002892298697,PF4,BHLHE40,LMC,bHLH
2901,-0.39206578990544383,-0.24055162484804216,1,-5.15300147386645,-4.4813730688701545,SUSD3,EGR1,MEF,Zf
3088,-0.35656081815482665,-0.24055162484804216,1,-1.19429551149551,-1.1796317618387746,TPX2,ZEB1,MEF,Zf
558,-0.44138880677200293,-0.35874841498741566,0,-1.18502711991529,-1.2161917770484698,CIB2,GABPA,LMC,ETS
661,-0.420121647582753,-0.24055162484804216,1,-1.03944334145261,0.8712566963440095,CRYL1,ZNF263,MEF,Zf
2723,-0.420121647582753,-0.24055162484804216,0,-1.25049449145877,-1.0896304106887555,SLC29A4,ZNF263,LMC,Zf
1180,-0.21040797732426292,-0.24055162484804216,1,1.62792565977569,-0.2930775881591567,GFRA2,YY1,MEF,Zf
1385,-0.3441801093275379,-0.16226770650044012,0,3.15189241334862,2.8138829893237456,HPGD,TCF12,LMC,bHLH
2849,-0.36394923652108524,-0.36394923652108524,1,-1.63063211909057,-0.3148077382700119,SPTB,EBF1,MEF,EBF
252,-0.19305637283257054,-0.24055162484804216,1,-2.3618604739919,-2.3519447282774495,AURKB,MAZ,MEF,Zf
2950,-0.10243811445811093,-0.10243811445811093,0,1.15119818356183,1.1864996413656095,TCIRG1,TEAD4,LMC,TEA
152,-0.17068129734876603,-0.21807786581075275,0,2.09138320336646,-0.7348640468148371,ANXA8,JUND,LMC,bZIP
2332,-0.34939441107522407,-0.24055162484804216,1,-1.39027810102326,-1.3847513185746951,PRIM1,ZKSCAN1,MEF,Zf
2461,-0.13376741412866516,-0.22688628192079743,0,-2.74372278421634,-1.3702956546102436,RASL12,STAT3,LMC,Stat
2386,-0.44138880677200293,-0.35874841498741566,1,-5.85839993985972,-3.559374988630859,PTPN6,GABPA,MEF,ETS
789,0.12201789027868709,-0.21807786581075275,1,-1.4228230728887,-1.4633724675686905,DNER,BACH1,MEF,bZIP
1068,-0.13376741412866516,-0.22688628192079743,1,-1.19455565188966,-1.2082551080986226,FIBIN,STAT3,MEF,Stat
1429,-0.17107733425117988,-0.23042526569186958,1,-1.17707093271722,-1.088759531895643,IGSF3,E2F6,MEF,E2F
2490,-0.15589533538605682,-0.16226770650044012,1,-7.0311344191707,-1.1296854618591219,RGS1,USF2,MEF,bHLH
2641,-0.5692078006234296,-0.4117228529378932,0,-1.30244599015757,-1.1247697285281846,SGOL2,CUX1,LMC,Homeobox
2502,-0.12424785148432936,-0.16226770650044012,0,-1.53561175560559,-1.5069230713799788,RHOF,MAX,LMC,bHLH
1777,-0.016679862524066426,-0.16226770650044012,0,-2.30942689170144,-1.7388548943293267,MATN2,MYOG,LMC,bHLH
2399,-0.2202036001067245,-0.21807786581075275,1,-1.40254242700849,0.4508416188411648,PVRL2,MAFF,MEF,bZIP
516,-0.73605500464993,-0.4667786659818261,0,-1.77252367309002,-1.4666857978803987,CENPM,IRF3,LMC,IRF
928,-0.44138880677200293,-0.35874841498741566,1,3.38236921246773,0.306363264717519,ETNPPL,GABPA,MEF,ETS
208,0.01123290849505778,-0.24055162484804216,0,1.28382265210123,0.8661680948722226,ARMC2,GATA3,LMC,Zf
130,-0.3864884434229737,-0.3864884434229737,0,1.29730400043359,0.2762788455651109,AMZ1,TCF3,LMC,HMG
1031,-0.3864884434229737,-0.3864884434229737,1,-1.24967716659756,-0.8962150619737085,FBXL8,TCF3,MEF,HMG
1557,-0.4338340387794032,-0.21807786581075275,1,2.07419925603556,0.21441444761892597,KCNU1,ATF1,MEF,bZIP
2848,-0.13755040436917615,-0.4117228529378932,1,-1.32010417495489,-0.9615402080641213,SPSB4,NANOG,MEF,Homeobox
1488,-0.3441801093275379,-0.16226770650044012,0,-3.15234996069048,-2.250975415014989,ITGA11,TCF12,LMC,bHLH
1050,-0.6294050389829617,-0.22772750011888523,1,-1.4150495250694,-1.3991625533108683,FGF11,FOXM1,MEF,Forkhead
404,-0.20320451878994805,-0.21807786581075275,1,1.13304842911504,0.5384190361786098,CCDC87,ATF3,MEF,bZIP
2858,-0.1427744352972257,-0.22772750011888523,1,1.855821143066,0.421928127732377,SSTR2,FOXA2,MEF,Forkhead
323,-0.2531799907181821,-0.21807786581075275,1,1.57648450507266,-0.6440968261611587,C1GALT1,MAFK,MEF,bZIP
3078,-0.73605500464993,-0.4667786659818261,1,-2.8886465852491,-1.6768292197316343,TOP2A,IRF3,MEF,IRF
934,-0.12424785148432936,-0.16226770650044012,1,-4.11974488759282,0.05193097315772011,EVI2B,MAX,MEF,bHLH
3000,-0.36394923652108524,-0.36394923652108524,1,-2.75552671561759,-0.025514379604142948,TLR9,EBF1,MEF,EBF
2936,-0.19305637283257054,-0.24055162484804216,1,-1.51053462887225,1.4494694397420511,TBC1D2B,MAZ,MEF,Zf
304,-0.19305637283257054,-0.24055162484804216,1,-2.41187031920075,-0.7170428491471528,BMPER,MAZ,MEF,Zf
1229,-0.2490020295772001,-0.24055162484804216,0,-1.54093470936659,-1.4665886329347821,GPC6,GATA2,LMC,Zf
2042,-0.34939441107522407,-0.24055162484804216,0,2.04333873439862,1.6887489583360757,NRSN1,ZKSCAN1,LMC,Zf
2402,-0.2202036001067245,-0.21807786581075275,0,1.58111116420939,0.6659034045936574,PYCARD,MAFF,LMC,bZIP
3188,-0.26925687732944,-0.21807786581075275,1,-1.03239494791136,-1.0373100519672187,VASP,FOS,MEF,bZIP
1876,-0.21040797732426292,-0.24055162484804216,1,-1.27897559646507,-1.5986623260824464,MRPS6,YY1,MEF,Zf
2459,-0.6294050389829617,-0.22772750011888523,1,-1.39545144247547,-1.7250308696173315,RASGRP3,FOXM1,MEF,Forkhead
2781,-0.420121647582753,-0.24055162484804216,1,-3.91826530944562,-3.179016020609999,SMOC2,ZNF263,MEF,Zf
1244,-0.024333375166328407,-0.24055162484804216,1,-2.02851210173342,-0.7520705365758673,GPR155,CTCF,MEF,Zf
1326,-0.028028488630146852,-0.16226770650044012,1,1.7722064028103,1.0990109210451264,HERC3,USF1,MEF,bHLH
1961,-0.367509213401688,-0.367509213401688,1,1.0186923629936,0.44110962598241094,NDRG3,PAX5,MEF,"Paired,Homeobox"
2185,-0.5263204549945071,-0.23042526569186958,1,-1.72243686447564,-1.2347400000481394,PEG10,E2F1,MEF,E2F
2759,-0.2384484828274451,-0.35874841498741566,1,2.50758030689144,-0.12152727550681021,SLC8A2,ELF1,MEF,ETS
335,-0.2384484828274451,-0.35874841498741566,0,2.32346443077676,2.086053936394723,C5AR2,ELF1,LMC,ETS
2895,-0.3864884434229737,-0.3864884434229737,0,1.23445220659616,0.9709908500023918,STXBP5,TCF3,LMC,HMG
2546,-0.10243811445811093,-0.10243811445811093,0,1.25988355581836,0.02799641471294561,RSPO1,TEAD4,LMC,TEA
2982,-0.36396349791647825,-0.22688628192079743,1,-2.33478354896537,-1.4396286295695453,TICRR,STAT1,MEF,Stat
2829,-0.2781468465397177,-0.24055162484804216,1,-1.52631215334378,0.45072282629108334,SPECC1,SP1,MEF,Zf
100,0.01123290849505778,-0.24055162484804216,0,1.80170248274046,1.447357631130523,AIM1,GATA3,LMC,Zf
761,-0.19305637283257054,-0.24055162484804216,1,2.14213441280121,-0.7151867029352188,DKKL1,MAZ,MEF,Zf
2526,-0.38280731081485264,-0.21807786581075275,1,1.94027712823424,0.5893827772293179,RNF43,ATF2,MEF,bZIP
1662,-0.2295785336880661,-0.23042526569186958,0,-1.79206421323517,-0.9359332256840193,LIN7A,E2F4,LMC,E2F
2248,-0.26484040662604763,-0.21807786581075275,1,1.63188489778177,0.30197249622382183,PLEKHA7,FOSL2,MEF,bZIP
1059,-0.016679862524066426,-0.16226770650044012,1,-1.30648104502404,0.3065927106618041,FGFR1,MYOG,MEF,bHLH
206,-0.26484040662604763,-0.21807786581075275,0,1.03464648404982,1.12623044351932,ARL4C,FOSL2,LMC,bZIP
1701,-0.3218229349053168,-0.24055162484804216,0,-1.25291696020209,-1.1563035441896965,LRRC3,GATA1,LMC,Zf
848,-0.73605500464993,-0.4667786659818261,1,-2.00801011611499,-0.6281604011086036,ECT2,IRF3,MEF,IRF
1530,-0.21040797732426292,-0.24055162484804216,1,-1.78300388098409,-1.0924979248015643,KCNAB2,YY1,MEF,Zf
2790,-0.367509213401688,-0.367509213401688,1,-1.59761294289245,0.4680509172908395,SNCAIP,PAX5,MEF,"Paired,Homeobox"
1446,-0.44138880677200293,-0.35874841498741566,1,-1.95395552299252,-2.121746104630995,IL18RAP,GABPA,MEF,ETS
413,-0.15589533538605682,-0.16226770650044012,1,3.17366084341025,2.5672069454247866,CCL20,USF2,MEF,bHLH
1024,-0.2295785336880661,-0.23042526569186958,0,-1.34668264190916,-2.4469059968877773,FBLN2,E2F4,LMC,E2F
1775,-0.36394923652108524,-0.36394923652108524,0,-1.29454940292656,-1.2522705764334827,MASTL,EBF1,LMC,EBF
3173,-0.19305637283257054,-0.24055162484804216,1,2.89034589225712,-0.5436055625065148,UNC5C,MAZ,MEF,Zf
3015,-0.2531799907181821,-0.21807786581075275,1,1.14577317140574,-1.3185461107445755,TMEM140,MAFK,MEF,bZIP
457,-0.17068129734876603,-0.21807786581075275,0,1.872958774821,1.8685271887019366,CD74,JUND,LMC,bZIP
23,-0.38280731081485264,-0.21807786581075275,0,-1.05465921556064,-0.9644337059257027,ACAT2,ATF2,LMC,bZIP
1206,-0.07675555573538734,-0.09391104304834053,0,-1.22411901217889,-0.7132252781784381,GLIS3,RFX5,LMC,HTH
3099,-0.016679862524066426,-0.16226770650044012,1,-1.4419627390171,-0.6203818465408497,TRERF1,MYOG,MEF,bHLH
1947,-0.2781468465397177,-0.24055162484804216,1,-1.98660200090861,-2.128658401835475,NCAPG,SP1,MEF,Zf
2597,-0.25726485204107,-0.25726485204107,1,1.45662453410032,0.2219493125413361,SDC2,NRF1,MEF,NRF
2692,-0.3441801093275379,-0.16226770650044012,0,2.0074981520264,1.829411554911586,SLC15A3,TCF12,LMC,bHLH
1726,-0.3441801093275379,-0.16226770650044012,1,-1.52921091248218,-1.5596332501322852,LY6E,TCF12,MEF,bHLH
1559,-0.26925687732944,-0.21807786581075275,0,-1.66267294525053,-1.6736078862679553,KCTD15,FOS,LMC,bZIP
2332,-0.35656081815482665,-0.24055162484804216,1,-1.39027810102326,-1.4931302630462024,PRIM1,ZEB1,MEF,Zf
1745,-0.6164626790354744,-0.4667786659818261,0,2.6302950683987,2.4982970323587073,MAK,IRF4,LMC,IRF
941,-0.26484040662604763,-0.21807786581075275,0,1.47174603295113,-0.8103765185878601,EXTL1,FOSL2,LMC,bZIP
2324,-0.2531799907181821,-0.21807786581075275,1,-1.08146216479517,-0.9252352460270289,PRCP,MAFK,MEF,bZIP
396,-0.2134859055500093,-0.16226770650044012,1,1.16001064184712,0.9861480467320043,CCDC39,BHLHE40,MEF,bHLH
1804,-0.2781468465397177,-0.24055162484804216,1,1.65765544181301,1.0808729152917116,MEGF9,SP1,MEF,Zf
2469,-0.39206578990544383,-0.24055162484804216,0,-1.58408029277808,0.7280207324580918,RBM11,EGR1,LMC,Zf
1952,-0.36394923652108524,-0.36394923652108524,1,-5.99503819953463,-5.602668259522546,NCF1,EBF1,MEF,EBF
2,-0.420121647582753,-0.24055162484804216,0,-1.88937087988558,-1.5933985276107592,AARD,ZNF263,LMC,Zf
1486,-0.2531799907181821,-0.21807786581075275,0,1.32920004404911,-0.859165341234351,ISYNA1,MAFK,LMC,bZIP
1150,-0.016679862524066426,-0.16226770650044012,1,1.20650960697518,0.8550346948315477,GAS1,MYOG,MEF,bHLH
1204,-0.44138880677200293,-0.35874841498741566,1,-2.29781702143393,-1.5094959232204253,GLIPR2,GABPA,MEF,ETS
62,-0.13376741412866516,-0.22688628192079743,0,-1.72005964675759,-0.6620690252824089,ADAMTS6,STAT3,LMC,Stat
1400,-0.420121647582753,-0.24055162484804216,1,3.61114568347972,1.9837811721119147,HSPB2,ZNF263,MEF,Zf
2252,-0.016679862524066426,-0.16226770650044012,1,1.3349193608367,-0.7056979168366495,PLEKHH2,MYOG,MEF,bHLH
2574,-0.016679862524066426,-0.16226770650044012,1,-2.47219502126742,-0.8726178436199679,SAPCD2,MYOG,MEF,bHLH
1665,-0.15589533538605682,-0.16226770650044012,1,-1.09066040559918,-1.2669118918721223,LIPA,USF2,MEF,bHLH
493,-0.13376741412866516,-0.22688628192079743,1,2.49945734223034,0.6308824629720141,CDKL4,STAT3,MEF,Stat
3267,-0.420121647582753,-0.24055162484804216,0,-1.26383646152717,-1.392956998790346,ZWILCH,ZNF263,LMC,Zf
1023,-0.2781468465397177,-0.24055162484804216,1,-1.69694882969295,-2.370158088322559,FBLN1,SP1,MEF,Zf
1235,-0.024333375166328407,-0.24055162484804216,0,-1.19625036047988,0.007418122764074231,GPR116,CTCF,LMC,Zf
657,-0.19305637283257054,-0.24055162484804216,1,-2.29638885268615,-1.2866264044606948,CRMP1,MAZ,MEF,Zf
3048,-0.3825682599092054,-0.35874841498741566,0,1.982343941997,0.3915049769326333,TMEM82,ELK1,LMC,ETS
2618,-0.3864884434229737,-0.3864884434229737,1,1.10324297549979,-2.199424683242465,SERINC2,TCF3,MEF,HMG
1531,-0.21040797732426292,-0.24055162484804216,0,1.72895569764727,1.7192642712737893,KCNB1,YY1,LMC,Zf
1585,-0.420121647582753,-0.24055162484804216,0,-2.83302055208824,-1.0968456346884177,KIRREL3,ZNF263,LMC,Zf
3042,-0.17068129734876603,-0.21807786581075275,0,-1.80055534959561,-1.144579388921164,TMEM47,JUND,LMC,bZIP
988,-0.34939441107522407,-0.24055162484804216,1,1.57124127789086,1.5749758942709164,FAM19A3,ZKSCAN1,MEF,Zf
1827,-0.024333375166328407,-0.24055162484804216,1,-1.55070929847122,-1.8289863295847848,MIAT,CTCF,MEF,Zf
1214,-0.5692078006234296,-0.4117228529378932,1,1.14691349426281,-1.8483956142636453,GNAL,CUX1,MEF,Homeobox
1305,-0.3441801093275379,-0.16226770650044012,1,1.97744142088231,1.5443983374426995,GYLTL1B,TCF12,MEF,bHLH
1048,-0.1427744352972257,-0.22772750011888523,0,3.29706979403309,2.126416051733881,FGF1,FOXA2,LMC,Forkhead
1070,-0.2134859055500093,-0.16226770650044012,1,-1.95715177392112,-1.4543603337033446,FIGNL1,BHLHE40,MEF,bHLH
205,-0.2490020295772001,-0.24055162484804216,1,1.1241272049731,-1.7604390506845105,ARL4A,GATA2,MEF,Zf
2833,-0.2134859055500093,-0.16226770650044012,1,-7.24778929658034,-3.958776384829326,SPI1,BHLHE40,MEF,bHLH
786,-0.2531799907181821,-0.21807786581075275,1,3.11057783728204,1.7992387035009676,DNAJC6,MAFK,MEF,bZIP
377,-0.44138880677200293,-0.35874841498741566,0,-1.18392674086099,-0.7529318866688187,CBS,GABPA,LMC,ETS
2358,-0.39206578990544383,-0.24055162484804216,0,-1.32666189066918,-0.6016794617985782,PRTG,EGR1,LMC,Zf
2102,-0.12424785148432936,-0.16226770650044012,1,-3.70114666908123,0.7441519324480527,P2RY12,MAX,MEF,bHLH
1571,-0.34939441107522407,-0.24055162484804216,1,-2.07809907277535,-1.6290205190060332,KIF20B,ZKSCAN1,MEF,Zf
424,-0.2295785336880661,-0.23042526569186958,1,-1.71340513445512,-1.671890410214787,CCNF,E2F4,MEF,E2F
1495,-0.38280731081485264,-0.21807786581075275,0,2.79700636427882,2.540808233978437,ITGAL,ATF2,LMC,bZIP
768,-0.2384484828274451,-0.35874841498741566,1,1.73596827168182,1.9508892887521758,DLX2,ELF1,MEF,ETS
1138,-0.420121647582753,-0.24055162484804216,0,1.17692252323497,0.012617304087535742,GALC,ZNF263,LMC,Zf
24,-0.420121647582753,-0.24055162484804216,1,2.15532876906198,1.9866220725598176,ACE,ZNF263,MEF,Zf
3224,0.023694036513735375,-0.22772750011888523,0,-1.2723089681888,-0.9053105169142219,WNK4,FOXA1,LMC,Forkhead
2964,-0.34334100110644417,-0.35874841498741566,0,1.01587424208926,0.5657163485741947,TFEB,ETS1,LMC,ETS
705,0.01123290849505778,-0.24055162484804216,1,1.96907516552775,1.390188449097677,CXXC4,GATA3,MEF,Zf
453,-0.48566408989307963,-0.5293658635384044,1,-5.83677203831135,0.0588674912285107,CD5L,MEF2C,MEF,MADS
2588,0.12201789027868709,-0.21807786581075275,1,1.60874673887536,-0.35959881805325045,SCN3B,BACH1,MEF,bZIP
631,-0.7458206212504059,-0.24055162484804216,1,-1.04533746512875,-0.7189774817650431,CORO1C,BCL11A,MEF,Zf
1574,-0.6164626790354744,-0.4667786659818261,1,-2.47502725547592,-0.6348497045093581,KIF23,IRF4,MEF,IRF
1463,-0.3441801093275379,-0.16226770650044012,1,-1.11626598764505,-1.138123316047342,INCENP,TCF12,MEF,bHLH
1699,0.023694036513735375,-0.22772750011888523,0,3.43134522276188,1.7312887199053215,LRRC2,FOXA1,LMC,Forkhead
1474,0.12201789027868709,-0.21807786581075275,1,1.58552456677636,0.1151761670963943,IQUB,BACH1,MEF,bZIP
83,-0.12424785148432936,-0.16226770650044012,0,-2.50381746174834,-1.5086301412936567,ADRA1D,MAX,LMC,bHLH
2709,-0.19305637283257054,-0.24055162484804216,0,1.6009575554387,1.5504510601405999,SLC22A18,MAZ,LMC,Zf
828,-0.36394923652108524,-0.36394923652108524,1,-1.81246562273718,-1.025490142430931,DUSP9,EBF1,MEF,EBF
3025,-0.10243811445811093,-0.10243811445811093,1,1.59244080402391,0.13921702305754738,TMEM179,TEAD4,MEF,TEA
1210,-0.3825682599092054,-0.35874841498741566,0,1.25915763449481,0.5790195398979463,GMIP,ELK1,LMC,ETS
3165,-0.420121647582753,-0.24055162484804216,0,2.25380930016082,1.8536523852425242,UCP2,ZNF263,LMC,Zf
1946,-0.6294050389829617,-0.22772750011888523,1,-2.06657286608671,-2.7531339369462926,NCAPD2,FOXM1,MEF,Forkhead
2339,-0.3218229349053168,-0.24055162484804216,0,1.32329493770163,1.5141717981374816,PROCR,GATA1,LMC,Zf
1619,-0.1427744352972257,-0.22772750011888523,0,1.98706341170144,1.6025402593254086,LAMB3,FOXA2,LMC,Forkhead
2542,-0.7636466334835217,-0.21807786581075275,0,-1.54415963122133,-0.9652959318385865,RRM2,BATF,LMC,bZIP
2378,-0.34334100110644417,-0.35874841498741566,0,1.53215201360364,1.3659232841632427,PTK2B,ETS1,LMC,ETS
1322,-0.07675555573538734,-0.09391104304834053,1,1.43964163206094,1.1342881597948296,HDGFRP3,RFX5,MEF,HTH
140,-0.35656081815482665,-0.24055162484804216,1,-3.39000947167875,-2.7846246818953784,ANKRD33B,ZEB1,MEF,Zf
564,0.12201789027868709,-0.21807786581075275,1,2.34923091228142,-0.42765211996300395,CKMT2,BACH1,MEF,bZIP
1162,-0.15589533538605682,-0.16226770650044012,1,1.53185787847727,1.2058502839874334,GCA,USF2,MEF,bHLH
1013,-0.2781468465397177,-0.24055162484804216,0,1.47559622223216,1.0799450213685493,FAM84A,SP1,LMC,Zf
597,-0.2781468465397177,-0.24055162484804216,1,2.28671545640635,1.4361678938865026,CNNM1,SP1,MEF,Zf
301,-0.17107733425117988,-0.23042526569186958,0,2.09855345901345,-1.0039066906859098,BMP7,E2F6,LMC,E2F
539,-0.25726485204107,-0.25726485204107,1,1.26861129299302,0.26236814041750184,CHCHD10,NRF1,MEF,NRF
2837,-0.4653646379114139,-0.09391104304834053,1,2.79424421339717,0.013009133822260202,SPINT2,MYB,MEF,HTH
1563,-0.3825682599092054,-0.35874841498741566,0,-1.01650705043429,-1.9503245247002072,KDELR3,ELK1,LMC,ETS
1123,-0.2295785336880661,-0.23042526569186958,0,1.42329473898804,1.305535499803039,FTH1,E2F4,LMC,E2F
1834,-0.10243811445811093,-0.10243811445811093,1,-3.78617921069156,-0.4018383563794029,MKI67,TEAD4,MEF,TEA
1631,-0.024333375166328407,-0.24055162484804216,0,1.88765751605467,2.077106123916682,LCP1,CTCF,LMC,Zf
148,-0.39206578990544383,-0.24055162484804216,0,-1.1924416986184,-0.9743404345066149,ANTXR1,EGR1,LMC,Zf
296,-0.48566408989307963,-0.5293658635384044,1,-1.59805342544592,-0.19021717263079738,BLNK,MEF2C,MEF,MADS
693,-0.3864884434229737,-0.3864884434229737,0,-1.02311552800996,-0.19276035326316435,CUL7,TCF3,LMC,HMG
2502,-0.2295785336880661,-0.23042526569186958,0,-1.53561175560559,-1.3259712238887391,RHOF,E2F4,LMC,E2F
1576,-0.2490020295772001,-0.24055162484804216,0,-1.07875775488282,-1.3242141137797274,KIF26B,GATA2,LMC,Zf
2124,-0.3825682599092054,-0.35874841498741566,0,1.50966522656311,1.5092472930376328,PARK2,ELK1,LMC,ETS
1215,-0.1427744352972257,-0.22772750011888523,0,-1.04714678478155,-0.6762591126319676,GNG10,FOXA2,LMC,Forkhead
3247,-0.15589533538605682,-0.16226770650044012,1,1.21337404988146,-1.141506867301195,ZBTB7C,USF2,MEF,bHLH
1143,-0.2295785336880661,-0.23042526569186958,1,2.77782967795664,-1.0317874584331996,GALNT3,E2F4,MEF,E2F
1808,-0.44138880677200293,-0.35874841498741566,0,-1.82115918803008,-1.7456617023245407,MELK,GABPA,LMC,ETS
147,-0.19305637283257054,-0.24055162484804216,0,2.01551499268865,2.06147096112796,ANPEP,MAZ,LMC,Zf
391,-0.3879288830557581,-0.4117228529378932,0,-1.06623168509166,-1.1679701690980722,CCDC159,PBX3,LMC,Homeobox
420,-0.13376741412866516,-0.22688628192079743,1,-2.27382926630875,-2.035891270426278,CCNA2,STAT3,MEF,Stat
2611,-0.2384484828274451,-0.35874841498741566,1,1.71132928640274,3.0214136173624375,SEMA3G,ELF1,MEF,ETS
1475,-0.25726485204107,-0.25726485204107,0,2.468504438056,0.5008151052554927,IRF5,NRF1,LMC,NRF
2994,-0.07675555573538734,-0.09391104304834053,1,-2.12408932426236,-1.4604130473358783,TLL1,RFX5,MEF,HTH
2960,-0.024333375166328407,-0.24055162484804216,1,2.16963881264754,0.18254044064140004,TEX15,CTCF,MEF,Zf
1856,-0.36394923652108524,-0.36394923652108524,1,-2.30005278961144,0.2855759645210308,MMP9,EBF1,MEF,EBF
2036,-0.024333375166328407,-0.24055162484804216,1,2.71189412058373,1.8839954859126888,NRAP,CTCF,MEF,Zf
2095,-0.3864884434229737,-0.3864884434229737,0,-4.06327887175194,-1.5569549053892653,OSR2,TCF3,LMC,HMG
2810,-0.36394923652108524,-0.36394923652108524,1,-2.68150712163575,-2.671854668643318,SOX12,EBF1,MEF,EBF
2915,-0.024333375166328407,-0.24055162484804216,1,1.25087463513992,0.08544860363586158,SYNPO,CTCF,MEF,Zf
1365,0.12201789027868709,-0.21807786581075275,0,-1.04594466941639,-0.31244602299589536,HOXB3,BACH1,LMC,bZIP
2262,-0.34334100110644417,-0.35874841498741566,1,1.36115254292874,0.7516269928438859,PLLP,ETS1,MEF,ETS
985,-0.21040797732426292,-0.24055162484804216,0,-1.48008530778699,-1.7907431357432089,FAM196A,YY1,LMC,Zf
315,-0.2295785336880661,-0.23042526569186958,0,-1.15304342329628,-0.44152314788116587,BTBD3,E2F4,LMC,E2F
1753,-0.024333375166328407,-0.24055162484804216,1,-1.17597499133754,0.18138396881178964,MANBA,CTCF,MEF,Zf
1624,-0.10243811445811093,-0.10243811445811093,1,-1.00895275097401,-0.6650480785286242,LARP1B,TEAD4,MEF,TEA
320,-0.12424785148432936,-0.16226770650044012,1,-3.21931037821547,-1.975598179184284,BUB1,MAX,MEF,bHLH
2011,-0.3825682599092054,-0.35874841498741566,0,1.14637806348536,0.7514878493967038,NOD1,ELK1,LMC,ETS
2520,-0.13376741412866516,-0.22688628192079743,0,1.44554877219454,0.7240431176680561,RNF17,STAT3,LMC,Stat
224,-0.3864884434229737,-0.3864884434229737,1,3.5793529115636,-0.8412525836977927,ASCL1,TCF3,MEF,HMG
396,-0.15589533538605682,-0.16226770650044012,1,1.16001064184712,0.9496772567967343,CCDC39,USF2,MEF,bHLH
2596,-0.3864884434229737,-0.3864884434229737,1,2.93138088712567,-0.7611571825476271,SCX,TCF3,MEF,HMG
3250,0.01123290849505778,-0.24055162484804216,0,-2.44277508235194,-1.0919027947620334,ZC3HAV1L,GATA3,LMC,Zf
1506,-0.10243811445811093,-0.10243811445811093,0,1.17759645335527,-0.981216103162006,ITPR1,TEAD4,LMC,TEA
1130,-0.3441801093275379,-0.16226770650044012,1,1.37162439981289,-1.3976463893949822,FZD9,TCF12,MEF,bHLH
648,-0.024333375166328407,-0.24055162484804216,1,1.09296402967198,0.2746896917967523,CREBL2,CTCF,MEF,Zf
2194,-0.3825682599092054,-0.35874841498741566,1,1.41728947266059,-0.9729031352242054,PFN4,ELK1,MEF,ETS
2914,-0.1427744352972257,-0.22772750011888523,1,3.80336753378648,2.157553600916873,SYNM,FOXA2,MEF,Forkhead
903,-0.26925687732944,-0.21807786581075275,0,2.93275182204377,1.0953404620131586,EPCAM,FOS,LMC,bZIP
1326,-0.3879288830557581,-0.4117228529378932,1,1.7722064028103,0.39827155925588215,HERC3,PBX3,MEF,Homeobox
2709,-0.17068129734876603,-0.21807786581075275,1,1.18981073501354,1.8041711987638316,SLC22A18,JUND,MEF,bZIP
1881,-0.2134859055500093,-0.16226770650044012,1,1.05245446159028,0.532984788912628,MSI2,BHLHE40,MEF,bHLH
1642,-0.19305637283257054,-0.24055162484804216,1,-2.26677149350915,0.9732273583169548,LFNG,MAZ,MEF,Zf
874,-0.10243811445811093,-0.10243811445811093,0,1.9887221666946,1.7010218022252857,EHF,TEAD4,LMC,TEA
1453,-0.367509213401688,-0.367509213401688,1,5.75647300206407,-0.4030458736863041,IL1RN,PAX5,MEF,"Paired,Homeobox"
3126,-0.34939441107522407,-0.24055162484804216,1,1.3204466752018,1.2707915111828572,TSPAN13,ZKSCAN1,MEF,Zf
2338,-0.7458206212504059,-0.24055162484804216,1,2.00041906473076,-1.7953727430129753,PRND,BCL11A,MEF,Zf
2547,-0.38280731081485264,-0.21807786581075275,0,-4.37332562700599,-1.9492281164601775,RSPO2,ATF2,LMC,bZIP
436,-0.48566408989307963,-0.5293658635384044,1,-4.28405831920854,-3.793137405466985,CD200R1,MEF2C,MEF,MADS
829,-0.10243811445811093,-0.10243811445811093,0,-1.17747353187961,-0.8265617599571259,DUT,TEAD4,LMC,TEA
246,-0.2384484828274451,-0.35874841498741566,0,1.18330327912453,1.0828179819249635,ATP6V1B2,ELF1,LMC,ETS
1599,-0.6294050389829617,-0.22772750011888523,0,1.3884595597888,1.087146358988791,KLHL6,FOXM1,LMC,Forkhead
865,-0.19305637283257054,-0.24055162484804216,1,-1.68230309894262,0.7370389234225304,EFS,MAZ,MEF,Zf
495,-0.2781468465397177,-0.24055162484804216,1,1.14494216247271,0.675082472360416,CDKN2B,SP1,MEF,Zf
1789,-0.6164626790354744,-0.4667786659818261,1,-2.01469923560463,-1.8826613058405663,MCM3,IRF4,MEF,IRF
2731,-0.12424785148432936,-0.16226770650044012,0,2.75025264644683,1.9773325254378773,SLC32A1,MAX,LMC,bHLH
2482,-0.3864884434229737,-0.3864884434229737,1,1.7661980248914,-1.3486422550347328,REEP2,TCF3,MEF,HMG
1035,-0.07675555573538734,-0.09391104304834053,0,-2.22203456792335,-1.8747372321382385,FBXO41,RFX5,LMC,HTH
2570,-0.367509213401688,-0.367509213401688,1,1.35128864761439,0.9815388584184849,SAMD15,PAX5,MEF,"Paired,Homeobox"
3245,-0.024333375166328407,-0.24055162484804216,0,1.10045337922545,1.3760313122841177,YPEL2,CTCF,LMC,Zf
2378,-0.13376741412866516,-0.22688628192079743,0,1.53215201360364,1.0569723657331347,PTK2B,STAT3,LMC,Stat
1955,-0.3825682599092054,-0.35874841498741566,1,-8.00620334637104,-6.006902162366409,NCKAP1L,ELK1,MEF,ETS
1057,-0.17068129734876603,-0.21807786581075275,0,1.00859609133211,-0.264713594479489,FGF9,JUND,LMC,bZIP
465,-0.12424785148432936,-0.16226770650044012,1,-2.79960891240183,-2.7056557909983705,CDC20,MAX,MEF,bHLH
1692,-0.2531799907181821,-0.21807786581075275,1,-1.07379520947069,-0.5322566284698361,LRIG1,MAFK,MEF,bZIP
2559,-0.3441801093275379,-0.16226770650044012,1,-1.04119461695992,-0.19719921017167696,S100A10,TCF12,MEF,bHLH
1448,-0.2490020295772001,-0.24055162484804216,0,3.83550124674713,3.2050310574336818,IL1B,GATA2,LMC,Zf
1978,-0.15589533538605682,-0.16226770650044012,0,1.1023682648514,1.1071687241379404,NEURL3,USF2,LMC,bHLH
843,-0.3864884434229737,-0.3864884434229737,1,-4.62149320499293,-0.6890580537080594,EBI3,TCF3,MEF,HMG
785,-0.2384484828274451,-0.35874841498741566,1,1.17300266617792,0.026117689236790493,DNAJB9,ELF1,MEF,ETS
34,-0.34939441107522407,-0.24055162484804216,1,1.10481688992728,-0.7165901748193653,ACSL4,ZKSCAN1,MEF,Zf
2431,-0.3218229349053168,-0.24055162484804216,1,-1.67508726212781,-1.5996412810664764,RAD51,GATA1,MEF,Zf
2674,-0.2588825049450903,-0.2588825049450903,0,1.9006236920499,0.8082908675938331,SIRPA,HNF4A,LMC,NR
273,-0.3218229349053168,-0.24055162484804216,1,1.25563358471686,-0.6003998840704873,BBS4,GATA1,MEF,Zf
2504,-0.5692078006234296,-0.4117228529378932,0,1.89206647016594,1.5512087027776047,RHOV,CUX1,LMC,Homeobox
294,-0.016679862524066426,-0.16226770650044012,0,2.42043494814029,-0.10488321314170676,BIN2,MYOG,LMC,bHLH
2008,-0.6294050389829617,-0.22772750011888523,1,2.81553162174377,2.5280103596377193,NMU,FOXM1,MEF,Forkhead
1919,-0.2531799907181821,-0.21807786581075275,1,-1.40160235729093,-1.881592640761065,MYO1A,MAFK,MEF,bZIP
2367,-0.26484040662604763,-0.21807786581075275,0,2.37628297084082,1.3168330409327476,PTAFR,FOSL2,LMC,bZIP
827,-0.34334100110644417,-0.35874841498741566,0,1.31630430034092,0.6605861999916438,DUSP6,ETS1,LMC,ETS
2686,-0.2134859055500093,-0.16226770650044012,1,1.0133885125942,0.9334230397697995,SLC12A2,BHLHE40,MEF,bHLH
1437,-0.26484040662604763,-0.21807786581075275,0,2.5909647487906,2.4249748439542342,IL11,FOSL2,LMC,bZIP
633,-0.13376741412866516,-0.22688628192079743,1,-1.79253763606394,0.3813172290446401,COTL1,STAT3,MEF,Stat
3138,-0.17068129734876603,-0.21807786581075275,0,-1.6865426189192,-1.6992451852433845,TTLL11,JUND,LMC,bZIP
2746,-0.44138880677200293,-0.35874841498741566,1,-2.01702441602196,-1.156292752981754,SLC43A3,GABPA,MEF,ETS
1347,-0.36396349791647825,-0.22688628192079743,1,-2.24742323046206,-1.8638329905302833,HMMR,STAT1,MEF,Stat
525,-0.367509213401688,-0.367509213401688,1,-2.43362288031828,-2.339142305281319,CEP55,PAX5,MEF,"Paired,Homeobox"
2225,-0.016679862524066426,-0.16226770650044012,1,-1.5969306941367,-1.2366109345379233,PKNOX2,MYOG,MEF,bHLH
1985,-0.1427744352972257,-0.22772750011888523,1,-1.28643228073091,0.49128927249330895,NGF,FOXA2,MEF,Forkhead
2863,-0.19305637283257054,-0.24055162484804216,1,-1.42498224453475,-2.5063157119105406,ST6GALNAC2,MAZ,MEF,Zf
1383,-0.17107733425117988,-0.23042526569186958,0,3.90815789057665,3.000469636470673,HPCAL4,E2F6,LMC,E2F
1988,-0.367509213401688,-0.367509213401688,1,1.13223620404131,-1.4168220656547188,NHLRC1,PAX5,MEF,"Paired,Homeobox"
1189,-0.3825682599092054,-0.35874841498741566,1,1.73638195930374,-0.3395050528042548,GIMAP6,ELK1,MEF,ETS
1275,-0.07675555573538734,-0.09391104304834053,1,-1.13562918187653,-0.48153306840257387,GRB14,RFX5,MEF,HTH
2837,-0.19305637283257054,-0.24055162484804216,1,2.79424421339717,-0.8936028944500997,SPINT2,MAZ,MEF,Zf
2057,-0.3864884434229737,-0.3864884434229737,0,-2.07327400721528,-0.7794699419587993,NUF2,TCF3,LMC,HMG
2995,-0.6294050389829617,-0.22772750011888523,0,2.13448467006782,1.8827235343769573,TLR1,FOXM1,LMC,Forkhead
2833,-0.38280731081485264,-0.21807786581075275,0,2.04473439363982,2.0108186337526424,SPI1,ATF2,LMC,bZIP
1044,-0.6294050389829617,-0.22772750011888523,1,-5.35759327366017,-3.716448520431304,FERMT3,FOXM1,MEF,Forkhead
128,-0.0686255467634714,-0.35874841498741566,0,1.1151143351714,0.2732861994534783,AMIGO2,ELK4,LMC,ETS
114,-0.07675555573538734,-0.09391104304834053,1,5.59270654371156,1.8087594424705582,ALDH3A1,RFX5,MEF,HTH
2281,-0.19305637283257054,-0.24055162484804216,0,-2.89296478721785,-1.9351848161471474,PNMA2,MAZ,LMC,Zf
2021,-0.028028488630146852,-0.16226770650044012,1,-1.09798854940686,0.6411026486191761,NPAS4,USF1,MEF,bHLH
1748,-0.26484040662604763,-0.21807786581075275,1,1.62485638729586,0.754344778290417,MALL,FOSL2,MEF,bZIP
1640,-0.2781468465397177,-0.24055162484804216,1,1.31257625250338,1.6117849524797339,LEPREL1,SP1,MEF,Zf
1312,-0.2781468465397177,-0.24055162484804216,1,2.18151406393178,1.8144915015593335,HAPLN4,SP1,MEF,Zf
318,-0.34334100110644417,-0.35874841498741566,1,1.90766419450925,-1.5035172565655572,BTLA,ETS1,MEF,ETS
1186,-0.016679862524066426,-0.16226770650044012,0,2.09956808965161,0.7971166329294498,GGT5,MYOG,LMC,bHLH
970,-0.024333375166328407,-0.24055162484804216,1,-1.1733152377006,0.3573343193294513,FAM132B,CTCF,MEF,Zf
1559,-0.3441801093275379,-0.16226770650044012,0,-1.66267294525053,-1.7008316613482395,KCTD15,TCF12,LMC,bHLH
1935,-0.12424785148432936,-0.16226770650044012,0,-1.2886287110064,-0.744215485238387,NACAD,MAX,LMC,bHLH
302,-0.3864884434229737,-0.3864884434229737,1,1.32786155488194,0.8012698741841813,BMP8A,TCF3,MEF,HMG
41,-0.2202036001067245,-0.21807786581075275,0,1.69437888610921,0.7452925017812002,ACTN3,MAFF,LMC,bZIP
509,-0.2781468465397177,-0.24055162484804216,0,-1.82662746708961,-1.8332444965739925,CEND1,SP1,LMC,Zf
705,-1.193308279848384,-0.35874841498741566,1,1.96907516552775,1.3197207768236594,CXXC4,FLI1,MEF,ETS
2857,-0.19305637283257054,-0.24055162484804216,0,-1.06293551098304,-0.894184599236492,SSC5D,MAZ,LMC,Zf
3072,-0.016679862524066426,-0.16226770650044012,0,2.63708536195781,-0.9017965045460259,TNNT2,MYOG,LMC,bHLH
63,-0.3441801093275379,-0.16226770650044012,1,-1.94780359767433,-2.1079989976954328,ADAMTS7,TCF12,MEF,bHLH
1312,-0.15589533538605682,-0.16226770650044012,1,2.18151406393178,3.6601055558649205,HAPLN4,USF2,MEF,bHLH
2354,-0.2134859055500093,-0.16226770650044012,1,2.68091060085113,-1.104041808169977,PRSS35,BHLHE40,MEF,bHLH
1310,-0.2384484828274451,-0.35874841498741566,0,1.76054130107465,1.8488465386397002,HAP1,ELF1,LMC,ETS
1730,-0.2384484828274451,-0.35874841498741566,0,2.2809729198419,2.198880650924402,LYL1,ELF1,LMC,ETS
744,-0.39206578990544383,-0.24055162484804216,0,1.20275362758779,0.05694080999661619,DEGS2,EGR1,LMC,Zf
1203,-0.25726485204107,-0.25726485204107,1,-3.47472678752684,-0.6308867936085024,GLIPR1,NRF1,MEF,NRF
1988,-0.44138880677200293,-0.35874841498741566,1,1.13223620404131,-1.3521133493635604,NHLRC1,GABPA,MEF,ETS
2852,-0.38280731081485264,-0.21807786581075275,0,-1.40595160073724,-1.1103516856857036,SRD5A1,ATF2,LMC,bZIP
2927,-0.2531799907181821,-0.21807786581075275,1,2.29190740218545,1.616573462266901,TAC1,MAFK,MEF,bZIP
62,-0.2588825049450903,-0.2588825049450903,0,-1.72005964675759,-1.404597439151201,ADAMTS6,HNF4A,LMC,NR
2498,-0.12424785148432936,-0.16226770650044012,0,-1.3528609573943,-1.3826525285963023,RGS9BP,MAX,LMC,bHLH
2981,-0.2134859055500093,-0.16226770650044012,1,-1.72964937024715,-2.118901715843261,TICAM2,BHLHE40,MEF,bHLH
2060,-0.17107733425117988,-0.23042526569186958,0,-1.29534952869874,-0.287701223303548,NUP62CL,E2F6,LMC,E2F
211,-0.5263204549945071,-0.23042526569186958,0,1.53336216995019,1.3997297606942936,ARRB2,E2F1,LMC,E2F
1411,-0.3864884434229737,-0.3864884434229737,1,-1.6255397687459,-1.5565320279790993,IDH2,TCF3,MEF,HMG
350,-0.13376741412866516,-0.22688628192079743,0,1.39360994130101,1.0098608137366598,CADM3,STAT3,LMC,Stat
1098,-0.016679862524066426,-0.16226770650044012,1,-2.04624548773259,-0.36122615923372353,FOXD2,MYOG,MEF,bHLH
614,-0.21040797732426292,-0.24055162484804216,1,2.80531231059661,2.060197886385562,COL22A1,YY1,MEF,Zf
2823,-0.19305637283257054,-0.24055162484804216,1,-1.90326262296788,-0.5203141205179722,SPAG5,MAZ,MEF,Zf
2021,-0.7636466334835217,-0.21807786581075275,1,-1.09798854940686,1.1158169139103036,NPAS4,BATF,MEF,bZIP
2105,-0.17107733425117988,-0.23042526569186958,0,-1.45018039857773,-0.7071280021840043,P4HA2,E2F6,LMC,E2F
2055,-0.3879288830557581,-0.4117228529378932,1,1.17374512161156,-0.7202529984065077,NUDT10,PBX3,MEF,Homeobox
2369,-0.21040797732426292,-0.24055162484804216,1,3.41152445883898,1.682167096541115,PTCHD2,YY1,MEF,Zf
2881,0.023694036513735375,-0.22772750011888523,1,-1.77045279019706,-0.09371297253945793,STIL,FOXA1,MEF,Forkhead
3037,-0.2295785336880661,-0.23042526569186958,1,2.44630845450856,2.4320971797882005,TMEM255A,E2F4,MEF,E2F
2048,-0.016679862524066426,-0.16226770650044012,1,3.10482441942074,0.44743502452372974,NT5E,MYOG,MEF,bHLH
1502,-0.39206578990544383,-0.24055162484804216,1,2.00353684426726,0.3665043612989793,ITIH2,EGR1,MEF,Zf
2192,-0.34939441107522407,-0.24055162484804216,1,-1.0880143489174,-0.78267242982524,PFKFB4,ZKSCAN1,MEF,Zf
1681,-0.13376741412866516,-0.22688628192079743,1,-1.46976923934256,-1.4952870710566426,LPAR2,STAT3,MEF,Stat
2895,-0.13376741412866516,-0.22688628192079743,0,1.23445220659616,1.0313005632474737,STXBP5,STAT3,LMC,Stat
1371,-0.016679862524066426,-0.16226770650044012,1,3.72665701018455,2.0128811113962173,HOXC10,MYOG,MEF,bHLH
450,-0.35656081815482665,-0.24055162484804216,1,-6.20798443020464,-6.438944166256029,CD52,ZEB1,MEF,Zf
2437,-0.17068129734876603,-0.21807786581075275,1,-1.72044902732915,-1.3658972821458526,RAET1E,JUND,MEF,bZIP
1503,-0.12424785148432936,-0.16226770650044012,1,3.37086618113732,1.0751945056301457,ITIH5,MAX,MEF,bHLH
492,-0.5263204549945071,-0.23042526569186958,0,-1.4240874662344,-1.398439346499145,CDKL1,E2F1,LMC,E2F
1920,-0.420121647582753,-0.24055162484804216,1,-2.36359696827046,-1.9709670346748285,MYO1B,ZNF263,MEF,Zf
2302,-0.016679862524066426,-0.16226770650044012,0,1.15191583830473,-1.3600930147642887,PPAPDC3,MYOG,LMC,bHLH
1003,-0.3441801093275379,-0.16226770650044012,0,-2.12747921647817,-1.6851291931323553,FAM64A,TCF12,LMC,bHLH
2472,-0.367509213401688,-0.367509213401688,1,-2.98434592973191,-2.795413074602743,RBM47,PAX5,MEF,"Paired,Homeobox"
1658,-0.15589533538605682,-0.16226770650044012,1,2.73837035291604,-1.328263294165959,LIMCH1,USF2,MEF,bHLH
2952,0.5522402326254439,-0.24055162484804216,0,-1.4989629756277,-0.37687740764578764,TEAD2,PRDM1,LMC,Zf
1436,-0.13376741412866516,-0.22688628192079743,1,-6.8975582995321,-5.286203285385568,IL10RA,STAT3,MEF,Stat
2865,-0.367509213401688,-0.367509213401688,0,2.11068617163851,1.0043408277956514,ST8SIA1,PAX5,LMC,"Paired,Homeobox"
2332,-0.2202036001067245,-0.21807786581075275,0,-1.45158178749255,-1.3804875424974867,PRIM1,MAFF,LMC,bZIP
1576,-0.2384484828274451,-0.35874841498741566,0,-1.07875775488282,-1.3249832303046205,KIF26B,ELF1,LMC,ETS
2382,-0.3441801093275379,-0.16226770650044012,0,1.0109676241031,0.990083224279807,PTPN13,TCF12,LMC,bHLH
2982,-0.3441801093275379,-0.16226770650044012,1,-2.33478354896537,-1.4594031785408794,TICRR,TCF12,MEF,bHLH
3268,-0.20320451878994805,-0.21807786581075275,1,-1.42145752313049,-1.5438616128037066,ZYX,ATF3,MEF,bZIP
673,-0.26925687732944,-0.21807786581075275,1,-1.42679271623708,0.6174969706960294,CSRP2,FOS,MEF,bZIP
2047,-0.17068129734876603,-0.21807786581075275,0,-1.49786300479231,-0.77021878202826,NT5DC2,JUND,LMC,bZIP
2493,-0.21040797732426292,-0.24055162484804216,1,1.80859453586116,-0.11752768872038741,RGS17,YY1,MEF,Zf
246,-0.36394923652108524,-0.36394923652108524,0,1.18330327912453,1.117847365507052,ATP6V1B2,EBF1,LMC,EBF
99,-0.2202036001067245,-0.21807786581075275,1,1.03519575636956,0.5947977220060963,AIG1,MAFF,MEF,bZIP
2184,-0.2295785336880661,-0.23042526569186958,1,-1.41509233844914,-0.6312391824671181,PDZRN3,E2F4,MEF,E2F
1558,-0.420121647582753,-0.24055162484804216,1,-1.81985486520206,-1.0359722827120157,KCP,ZNF263,MEF,Zf
2260,-0.07675555573538734,-0.09391104304834053,1,-1.06024887079135,1.0257139332760057,PLK3,RFX5,MEF,HTH
1673,-0.2490020295772001,-0.24055162484804216,0,-1.32405793446346,-0.5789557658295389,LMTK3,GATA2,LMC,Zf
951,-0.15589533538605682,-0.16226770650044012,1,-2.06133070722262,0.5845996447105044,F3,USF2,MEF,bHLH
3183,-0.2202036001067245,-0.21807786581075275,0,1.36921240634688,1.298909611023079,USP53,MAFF,LMC,bZIP
1454,-0.3825682599092054,-0.35874841498741566,0,2.20081236659231,1.0867431905264273,IL21R,ELK1,LMC,ETS
1572,-0.10243811445811093,-0.10243811445811093,1,1.40702788043446,-0.623170747959065,KIF21A,TEAD4,MEF,TEA
1566,-0.36396349791647825,-0.22688628192079743,1,-2.45701413877743,-1.5264138816916175,KIF11,STAT1,MEF,Stat
2026,-0.2781468465397177,-0.24055162484804216,0,-1.81031662538622,-1.1658649410034587,NPR3,SP1,LMC,Zf
2605,-0.367509213401688,-0.367509213401688,1,-5.12463925075724,-1.6542306458865068,SELPLG,PAX5,MEF,"Paired,Homeobox"
2630,-0.6294050389829617,-0.22772750011888523,0,-1.44351784351916,-0.2596470630480791,SETBP1,FOXM1,LMC,Forkhead
1115,0.01123290849505778,-0.24055162484804216,1,1.34924024043902,1.1568508330194367,FRRS1L,GATA3,MEF,Zf
1003,-0.3864884434229737,-0.3864884434229737,1,-3.49365096633453,-2.397739942259959,FAM64A,TCF3,MEF,HMG
3162,-0.36394923652108524,-0.36394923652108524,1,-1.57637625372954,-2.461227536966021,UBE2T,EBF1,MEF,EBF
313,-0.07675555573538734,-0.09391104304834053,0,1.25843048968999,0.05211657584839962,BST2,RFX5,LMC,HTH
1576,-0.15589533538605682,-0.16226770650044012,0,-1.07875775488282,-1.1460599801456361,KIF26B,USF2,LMC,bHLH
1153,-0.17107733425117988,-0.23042526569186958,0,-1.37615733443091,0.28049362563329483,GATA2,E2F6,LMC,E2F
2024,-0.3825682599092054,-0.35874841498741566,0,2.97162299189356,1.5390632277632172,NPL,ELK1,LMC,ETS
1946,-0.12424785148432936,-0.16226770650044012,0,-1.56584080827153,-1.3568047603762807,NCAPD2,MAX,LMC,bHLH
122,-0.17068129734876603,-0.21807786581075275,1,-1.29951416309328,-0.5647180910199576,ALX1,JUND,MEF,bZIP
229,-0.26925687732944,-0.21807786581075275,1,-2.81717383669163,-2.410306162781577,ASPM,FOS,MEF,bZIP
1779,-0.2384484828274451,-0.35874841498741566,1,-1.49186664130323,-1.709123096171785,MBOAT1,ELF1,MEF,ETS
566,-0.38280731081485264,-0.21807786581075275,0,-1.1170682511222,-1.117068251122199,CKS2,ATF2,LMC,bZIP
883,-0.367509213401688,-0.367509213401688,0,-1.77841332512068,-1.5016397631208807,ELOVL6,PAX5,LMC,"Paired,Homeobox"
1771,-0.028028488630146852,-0.16226770650044012,0,1.03693296913821,1.9259268895533375,MARVELD2,USF1,LMC,bHLH
3114,-0.2384484828274451,-0.35874841498741566,1,-3.24269386734528,-1.838258845530042,TROAP,ELF1,MEF,ETS
724,-0.028028488630146852,-0.16226770650044012,1,3.68821899206503,3.029938020107413,DACH1,USF1,MEF,bHLH
2924,-0.6164626790354744,-0.4667786659818261,1,2.47982892076231,0.9761391667223951,SYTL3,IRF4,MEF,IRF
2569,-0.25726485204107,-0.25726485204107,0,-1.64177687245511,-1.5256869791986971,SAMD14,NRF1,LMC,NRF
151,-0.7636466334835217,-0.21807786581075275,0,-1.257800767497,-1.2245987438754884,ANXA6,BATF,LMC,bZIP
926,-0.4196242791334183,-0.24055162484804216,1,-1.32942090046407,-1.0626553713281033,ESYT1,ZBTB33,MEF,Zf
1189,-0.07675555573538734,-0.09391104304834053,1,1.73638195930374,0.8464744375002334,GIMAP6,RFX5,MEF,HTH
489,-0.34939441107522407,-0.24055162484804216,1,-1.07965191699447,-1.3295285408429316,CDK18,ZKSCAN1,MEF,Zf
1982,-0.38280731081485264,-0.21807786581075275,0,1.52579109621261,0.25576519558665245,NFATC2,ATF2,LMC,bZIP
537,-0.26925687732944,-0.21807786581075275,1,-1.01184978798121,-0.139912458325167,CHAF1A,FOS,MEF,bZIP
1164,-0.39206578990544383,-0.24055162484804216,1,3.04067722262109,2.298433129673837,GCHFR,EGR1,MEF,Zf
1843,0.023694036513735375,-0.22772750011888523,0,2.4930456106356,2.100064825182498,MMP10,FOXA1,LMC,Forkhead
932,-0.13376741412866516,-0.22688628192079743,1,1.3056546926836,1.1245096593285426,EVA1C,STAT3,MEF,Stat
169,-0.17068129734876603,-0.21807786581075275,1,-4.85068676771273,-0.2525343846789921,APOE,JUND,MEF,bZIP
1210,-0.3441801093275379,-0.16226770650044012,0,1.25915763449481,-0.34328369502252865,GMIP,TCF12,LMC,bHLH
838,-0.420121647582753,-0.24055162484804216,1,1.09105532919989,-1.393689549192479,EAF2,ZNF263,MEF,Zf
1920,-0.38280731081485264,-0.21807786581075275,1,-2.36359696827046,-3.730356990325774,MYO1B,ATF2,MEF,bZIP
1859,-0.2781468465397177,-0.24055162484804216,0,-1.22977631970534,-1.1876361229370433,MNS1,SP1,LMC,Zf
1988,-0.028028488630146852,-0.16226770650044012,1,1.13223620404131,0.6606945586065406,NHLRC1,USF1,MEF,bHLH
1632,0.12201789027868709,-0.21807786581075275,0,2.38822577007914,2.414585409771872,LCP2,BACH1,LMC,bZIP
2890,-0.2490020295772001,-0.24055162484804216,0,1.34205810402861,-0.5661948687589886,STON2,GATA2,LMC,Zf
2024,0.12201789027868709,-0.21807786581075275,1,-1.06631322407724,-1.153962271844924,NPL,BACH1,MEF,bZIP
866,-0.26925687732944,-0.21807786581075275,1,1.09859926841335,0.17227844158984404,EGF,FOS,MEF,bZIP
1515,-0.25726485204107,-0.25726485204107,1,-1.16372058821472,0.8877039622218884,JPH1,NRF1,MEF,NRF
2335,-0.367509213401688,-0.367509213401688,0,2.81104415880545,1.666336665756198,PRKCB,PAX5,LMC,"Paired,Homeobox"
2617,-0.2531799907181821,-0.21807786581075275,0,1.96992512932553,1.6054731561800777,SEPP1,MAFK,LMC,bZIP
272,-0.15589533538605682,-0.16226770650044012,1,-1.06922081449246,-0.7683761245593519,BAZ1A,USF2,MEF,bHLH
1752,-0.34334100110644417,-0.35874841498741566,1,-1.28798152001015,0.44925421368501484,MAN2A1,ETS1,MEF,ETS
1248,-0.2588825049450903,-0.2588825049450903,0,-1.18948709815237,-1.1141397261036536,GPR17,HNF4A,LMC,NR
3015,-0.4338340387794032,-0.21807786581075275,1,1.14577317140574,-0.2091542845194553,TMEM140,ATF1,MEF,bZIP
2605,-0.13376741412866516,-0.22688628192079743,1,-5.12463925075724,-1.854808334869879,SELPLG,STAT3,MEF,Stat
1896,-0.2202036001067245,-0.21807786581075275,1,1.92998391811413,-0.23647217262503736,MUC15,MAFF,MEF,bZIP
2319,0.5522402326254439,-0.24055162484804216,0,1.40689826891163,0.46456618562447277,PPP1R9A,PRDM1,LMC,Zf
644,-0.1427744352972257,-0.22772750011888523,1,-2.53216540403061,0.8913630386929126,CRABP1,FOXA2,MEF,Forkhead
649,-0.17068129734876603,-0.21807786581075275,0,1.77230520694,1.7915798689696774,CREG1,JUND,LMC,bZIP
3156,-0.17068129734876603,-0.21807786581075275,1,-9.23167979571188,-3.868567230542922,TYROBP,JUND,MEF,bZIP
29,-0.2531799907181821,-0.21807786581075275,1,-1.44100672629891,-1.0255106068675277,ACOT1,MAFK,MEF,bZIP
829,-0.34939441107522407,-0.24055162484804216,1,-1.58068661283393,0.017274911151501912,DUT,ZKSCAN1,MEF,Zf
2525,-0.26925687732944,-0.21807786581075275,1,5.23482310914669,1.177199827346892,RNF39,FOS,MEF,bZIP
1982,-0.17068129734876603,-0.21807786581075275,1,-1.37039279792407,2.4441075065073825,NFATC2,JUND,MEF,bZIP
1358,-0.2295785336880661,-0.23042526569186958,1,-2.57137442453508,-1.3424770503344945,HOXA3,E2F4,MEF,E2F
1717,-0.36394923652108524,-0.36394923652108524,0,-1.25931102077003,-0.8262642080127662,LSP1,EBF1,LMC,EBF
2126,-0.2134859055500093,-0.16226770650044012,1,-2.22473071504278,-1.553348781208384,PARPBP,BHLHE40,MEF,bHLH
1749,-0.13755040436917615,-0.4117228529378932,0,1.29819212211471,1.3413595750974396,MAMDC2,NANOG,LMC,Homeobox
49,-0.39206578990544383,-0.24055162484804216,1,1.42794390523383,-1.2071270642549163,ADAM22,EGR1,MEF,Zf
2345,-0.2531799907181821,-0.21807786581075275,0,2.28776017045123,1.8338897298398353,PRR15L,MAFK,LMC,bZIP
2273,-0.2134859055500093,-0.16226770650044012,0,2.09848892681081,1.7088529231988616,PLXNC1,BHLHE40,LMC,bHLH
2716,-0.3879288830557581,-0.4117228529378932,1,-1.50394993507876,-1.0181776610915934,SLC25A45,PBX3,MEF,Homeobox
638,-0.2531799907181821,-0.21807786581075275,0,-1.23649506385739,-0.5887595487402365,CPED1,MAFK,LMC,bZIP
2690,-0.36394923652108524,-0.36394923652108524,1,2.2300285433824,0.7038647387187269,SLC14A2,EBF1,MEF,EBF
2859,-0.12424785148432936,-0.16226770650044012,1,2.50139959687437,1.3101839605991201,SSTR4,MAX,MEF,bHLH
668,0.12201789027868709,-0.21807786581075275,1,2.48620898685634,1.916473410182919,CSMD3,BACH1,MEF,bZIP
228,0.01123290849505778,-0.24055162484804216,1,2.38674506757734,-1.8492107717660111,ASPA,GATA3,MEF,Zf
3235,-0.39206578990544383,-0.24055162484804216,1,-2.62409631254694,-0.6964614524855169,WT1,EGR1,MEF,Zf
2943,-0.2588825049450903,-0.2588825049450903,0,-2.66377021180121,-1.8342616793372495,TBXA2R,HNF4A,LMC,NR
2853,-0.26484040662604763,-0.21807786581075275,1,-3.39538592314641,-2.8759470270810565,SRGN,FOSL2,MEF,bZIP
2675,-0.2384484828274451,-0.35874841498741566,0,-4.16638466410103,-2.128289206580862,SIX1,ELF1,LMC,ETS
1115,-0.2531799907181821,-0.21807786581075275,1,1.34924024043902,0.9017798377102269,FRRS1L,MAFK,MEF,bZIP
2787,-0.3879288830557581,-0.4117228529378932,0,-1.92873254934271,0.4136256129276525,SNAI2,PBX3,LMC,Homeobox
460,-0.016679862524066426,-0.16226770650044012,1,-3.73496442784358,-3.361747538389525,CD83,MYOG,MEF,bHLH
706,-0.1427744352972257,-0.22772750011888523,1,1.17172577203364,1.1700849498276424,CXXC5,FOXA2,MEF,Forkhead
2658,0.023694036513735375,-0.22772750011888523,1,-2.88909226113325,-1.6933875614191134,SHC2,FOXA1,MEF,Forkhead
3226,-0.19305637283257054,-0.24055162484804216,1,2.01913268486271,2.864778973174259,WNT10B,MAZ,MEF,Zf
445,-0.10243811445811093,-0.10243811445811093,1,-3.50081866240652,-3.7439763190000326,CD33,TEAD4,MEF,TEA
1651,-0.17107733425117988,-0.23042526569186958,0,-1.75281523160865,0.3319393482560687,LHX6,E2F6,LMC,E2F
1570,-0.36394923652108524,-0.36394923652108524,0,-2.10900677528057,-1.9300183129855832,KIF20A,EBF1,LMC,EBF
2649,-0.2531799907181821,-0.21807786581075275,1,-2.03793912517393,-1.621452698833284,SH3BP2,MAFK,MEF,bZIP
1080,-0.19305637283257054,-0.24055162484804216,0,-1.8819161171877,-1.2666858743912706,FMN2,MAZ,LMC,Zf
2210,-0.6294050389829617,-0.22772750011888523,0,2.04393942709791,1.3912520701922901,PIK3AP1,FOXM1,LMC,Forkhead
635,-0.19305637283257054,-0.24055162484804216,1,1.78867113327481,1.152038477480029,COX6B2,MAZ,MEF,Zf
2794,-0.13376741412866516,-0.22688628192079743,1,-1.9308040336724,0.5643095832496777,SNORA31,STAT3,MEF,Stat
890,-0.44138880677200293,-0.35874841498741566,1,-1.72130718281428,-0.1646546705413893,EN1,GABPA,MEF,ETS
2190,-0.10243811445811093,-0.10243811445811093,1,-1.10818887346476,-0.8238325456099348,PFKFB1,TEAD4,MEF,TEA
1718,-0.3879288830557581,-0.4117228529378932,0,1.49200153198622,0.5092930457332625,LSR,PBX3,LMC,Homeobox
947,-0.2490020295772001,-0.24055162484804216,0,1.10560629387605,1.1047752822941812,F11R,GATA2,LMC,Zf
995,-0.20320451878994805,-0.21807786581075275,1,1.19324303942543,1.0405250310085918,FAM26E,ATF3,MEF,bZIP
1696,-0.17068129734876603,-0.21807786581075275,1,-1.70193316483449,-0.8301522457550838,LRRC15,JUND,MEF,bZIP
2381,-0.26925687732944,-0.21807786581075275,0,-1.02574330835592,-0.0927699774314416,PTPLA,FOS,LMC,bZIP
1833,-0.15589533538605682,-0.16226770650044012,0,1.32676177165072,1.1672596377096618,MITF,USF2,LMC,bHLH
854,-0.17068129734876603,-0.21807786581075275,1,-1.88598600687672,-1.4967231489159634,EEPD1,JUND,MEF,bZIP
1997,0.023694036513735375,-0.22772750011888523,1,1.19272064050909,-0.10142679597216059,NKPD1,FOXA1,MEF,Forkhead
2965,-0.26925687732944,-0.21807786581075275,1,-1.78231377699111,-2.16703342434435,TFPI,FOS,MEF,bZIP
2088,-0.34334100110644417,-0.35874841498741566,1,-1.89195409277433,-0.9806394827702897,OPN3,ETS1,MEF,ETS
1402,-0.10243811445811093,-0.10243811445811093,0,1.76983656065279,0.33875686133549693,HSPB7,TEAD4,LMC,TEA
633,-0.2134859055500093,-0.16226770650044012,1,-1.79253763606394,0.020380692084948034,COTL1,BHLHE40,MEF,bHLH
210,-0.21040797732426292,-0.24055162484804216,1,-1.03621188563536,-1.0646489034642688,ARRB1,YY1,MEF,Zf
1337,-0.7458206212504059,-0.24055162484804216,1,1.9967466068813,0.29665558815179294,HIST2H2AC,BCL11A,MEF,Zf
2084,-0.12424785148432936,-0.16226770650044012,1,-2.71392958236309,-0.7493230671329856,OLR1,MAX,MEF,bHLH
1925,0.12201789027868709,-0.21807786581075275,1,1.94094472616554,0.23838097660265745,MYO5C,BACH1,MEF,bZIP
835,-0.17107733425117988,-0.23042526569186958,0,-1.62654006826296,-0.6506398721545912,E2F7,E2F6,LMC,E2F
2088,0.023694036513735375,-0.22772750011888523,0,-1.41192018602602,-1.1248544239720397,OPN3,FOXA1,LMC,Forkhead
2654,-0.1427744352972257,-0.22772750011888523,1,-1.63542312497611,-0.27088619377003836,SH3TC1,FOXA2,MEF,Forkhead
1420,-0.15589533538605682,-0.16226770650044012,1,-1.15452140562588,-0.5631277188637863,IGF2BP2,USF2,MEF,bHLH
3206,-0.2384484828274451,-0.35874841498741566,1,1.84179834451776,0.5159215338399386,VWA1,ELF1,MEF,ETS
243,-0.12424785148432936,-0.16226770650044012,0,-1.46580164243857,0.3336504622338101,ATP6V0A4,MAX,LMC,bHLH
1648,-0.3864884434229737,-0.3864884434229737,0,1.39432488372804,1.4453838879527887,LGMN,TCF3,LMC,HMG
1457,-0.07675555573538734,-0.09391104304834053,0,2.60071913588342,-0.8741557143518291,IL33,RFX5,LMC,HTH
3049,-0.36394923652108524,-0.36394923652108524,0,1.33714244287483,-0.25969106461324903,TMOD1,EBF1,LMC,EBF
2095,-0.5263204549945071,-0.23042526569186958,0,-4.06327887175194,-3.564023931621648,OSR2,E2F1,LMC,E2F
2434,-0.5692078006234296,-0.4117228529378932,0,-1.15530246767204,-0.48146794139660726,RAD51C,CUX1,LMC,Homeobox
1022,-0.3441801093275379,-0.16226770650044012,1,-2.11120927736903,-2.165737611196839,FBLIM1,TCF12,MEF,bHLH
2953,-0.2134859055500093,-0.16226770650044012,0,1.39186676290857,0.43734535628842885,TECPR1,BHLHE40,LMC,bHLH
560,-0.4653646379114139,-0.09391104304834053,0,-1.2462805140556,-1.243244537680016,CIT,MYB,LMC,HTH
2625,-0.15589533538605682,-0.16226770650044012,0,2.34303813040736,2.1887982290010273,SERPIND1,USF2,LMC,bHLH
1317,-0.19305637283257054,-0.24055162484804216,1,-5.75532877866316,-2.625753719596537,HCLS1,MAZ,MEF,Zf
587,-0.6294050389829617,-0.22772750011888523,1,-1.24175293827848,-1.050249705614862,CMKLR1,FOXM1,MEF,Forkhead
1374,-0.2531799907181821,-0.21807786581075275,1,-1.56993906660248,-0.5530008814955897,HOXC5,MAFK,MEF,bZIP
339,-0.21040797732426292,-0.24055162484804216,0,2.19194013816375,2.1915098622439517,CACNA1D,YY1,LMC,Zf
1759,-0.3879288830557581,-0.4117228529378932,0,-1.20195710611927,-1.6575867315404929,MAP2K6,PBX3,LMC,Homeobox
1327,-0.19305637283257054,-0.24055162484804216,0,1.75267686763674,1.7434689897101598,HFE,MAZ,LMC,Zf
829,-0.07675555573538734,-0.09391104304834053,1,-1.58068661283393,-0.7995163948518702,DUT,RFX5,MEF,HTH
1030,-0.13376741412866516,-0.22688628192079743,0,-1.14837498921855,-1.2968416480063618,FBXL7,STAT3,LMC,Stat
1766,-0.34939441107522407,-0.24055162484804216,1,-1.50423007029401,-0.5197197656262869,MAPK11,ZKSCAN1,MEF,Zf
793,-0.48566408989307963,-0.5293658635384044,1,-3.6299744403086,-2.6115412073126487,DOCK10,MEF2C,MEF,MADS
3002,-0.024333375166328407,-0.24055162484804216,0,2.29422589888245,2.0388105888969936,TM4SF5,CTCF,LMC,Zf
1916,-0.3441801093275379,-0.16226770650044012,0,1.36921274168365,0.31784783765577845,MYLK3,TCF12,LMC,bHLH
2382,-0.13376741412866516,-0.22688628192079743,0,1.0109676241031,0.3163099052462401,PTPN13,STAT3,LMC,Stat
2463,-0.2490020295772001,-0.24055162484804216,1,-2.86890580089476,-0.6909233368368999,RASSF4,GATA2,MEF,Zf
46,0.12201789027868709,-0.21807786581075275,0,-2.25184790321512,-1.1354071265270484,ADAM12,BACH1,LMC,bZIP
2704,-0.2531799907181821,-0.21807786581075275,0,-1.40649818857836,-1.2939957334736467,SLC17A9,MAFK,LMC,bZIP
1719,-0.3218229349053168,-0.24055162484804216,1,-4.19795771516057,-1.5754010749232514,LST1,GATA1,MEF,Zf
845,-0.19305637283257054,-0.24055162484804216,0,1.22622352031544,1.0283025065663356,ECM1,MAZ,LMC,Zf
1472,-0.38280731081485264,-0.21807786581075275,1,-1.52991375774982,-2.8622058800459116,IQGAP2,ATF2,MEF,bZIP
1168,-0.15589533538605682,-0.16226770650044012,1,-1.4900698007944,-0.45254618079371733,GCNT2,USF2,MEF,bHLH
963,-0.7014153380027011,-0.24055162484804216,1,-2.0774254545086,-1.1613953478508146,FAM105A,SP2,MEF,Zf
1016,-0.26484040662604763,-0.21807786581075275,1,-1.82219618288015,-2.0955859502885534,FANCD2,FOSL2,MEF,bZIP
2916,-0.15589533538605682,-0.16226770650044012,1,-1.95956183994979,-0.9947906067833706,SYNPO2,USF2,MEF,bHLH
212,-0.024333375166328407,-0.24055162484804216,1,1.23030270494439,-0.04506340224485887,ARRDC3,CTCF,MEF,Zf
1101,-0.34939441107522407,-0.24055162484804216,0,-1.562495602336,-1.574211880783155,FOXM1,ZKSCAN1,LMC,Zf
2334,-0.2384484828274451,-0.35874841498741566,0,-1.41170439233152,-1.2292852433833301,PRKAR2B,ELF1,LMC,ETS
1474,-0.367509213401688,-0.367509213401688,1,1.58552456677636,0.3918649242277803,IQUB,PAX5,MEF,"Paired,Homeobox"
1984,-0.2781468465397177,-0.24055162484804216,1,-1.74102844682325,0.39614880749506326,NFKBID,SP1,MEF,Zf
2614,-0.1427744352972257,-0.22772750011888523,1,-1.66143168013089,0.5403815997004188,SEMA4G,FOXA2,MEF,Forkhead
2286,-0.21040797732426292,-0.24055162484804216,0,3.9140576319777,0.23639508181912713,PODXL,YY1,LMC,Zf
2413,-0.4338340387794032,-0.21807786581075275,0,1.25384032758568,1.1087539812000633,RAB20,ATF1,LMC,bZIP
205,-0.2295785336880661,-0.23042526569186958,1,1.1241272049731,-0.3259117015662855,ARL4A,E2F4,MEF,E2F
2980,-0.13376741412866516,-0.22688628192079743,0,-1.43334194465307,-1.1756192429802146,TIAM2,STAT3,LMC,Stat
1777,-0.17107733425117988,-0.23042526569186958,1,-1.18077849242485,-1.210719419552874,MATN2,E2F6,MEF,E2F
1808,-0.028028488630146852,-0.16226770650044012,1,-2.5568973427432,-0.7397874159954112,MELK,USF1,MEF,bHLH
2403,-0.2202036001067245,-0.21807786581075275,1,-3.781902171091,-1.7993880132212945,PYGL,MAFF,MEF,bZIP
1422,0.01123290849505778,-0.24055162484804216,1,2.42702045808045,0.7020934959774607,IGFBP4,GATA3,MEF,Zf
2535,-0.15589533538605682,-0.16226770650044012,1,-4.82573886284107,-1.911866564370941,RPS16,USF2,MEF,bHLH
2649,-0.15589533538605682,-0.16226770650044012,0,1.46182859762208,1.13454902958221,SH3BP2,USF2,LMC,bHLH
3139,-0.1427744352972257,-0.22772750011888523,1,1.58696034399578,1.321340985840101,TTLL6,FOXA2,MEF,Forkhead
392,-0.20320451878994805,-0.21807786581075275,1,-1.85537400363895,-0.7552579972233272,CCDC18,ATF3,MEF,bZIP
1504,-0.2134859055500093,-0.16226770650044012,1,1.60619260034713,0.35485228035075667,ITM2A,BHLHE40,MEF,bHLH
2436,-0.07675555573538734,-0.09391104304834053,1,-1.79053346769838,-1.6038729277068549,RAD54L,RFX5,MEF,HTH
2915,-0.2134859055500093,-0.16226770650044012,1,1.25087463513992,0.7147325887926901,SYNPO,BHLHE40,MEF,bHLH
871,-0.36394923652108524,-0.36394923652108524,0,1.23036636468725,1.274912293569531,EGR1,EBF1,LMC,EBF
2795,-0.07675555573538734,-0.09391104304834053,0,1.18391174334233,-0.41008327955092794,SNTA1,RFX5,LMC,HTH
1103,-0.024333375166328407,-0.24055162484804216,0,-1.1218794612056,-1.0122580649965807,FOXP1,CTCF,LMC,Zf
496,-0.024333375166328407,-0.24055162484804216,0,-1.45528793892123,-1.4133578082934386,CDKN3,CTCF,LMC,Zf
803,-0.17068129734876603,-0.21807786581075275,1,1.22236133221301,1.0046501720388366,DPM1,JUND,MEF,bZIP
2694,-0.12424785148432936,-0.16226770650044012,0,1.20649329449766,1.115055832476262,SLC16A10,MAX,LMC,bHLH
1688,-0.7636466334835217,-0.21807786581075275,1,1.32207445323226,-4.665901588649258,LRCH1,BATF,MEF,bZIP
3162,-0.4653646379114139,-0.09391104304834053,1,-1.57637625372954,-1.66964057571158,UBE2T,MYB,MEF,HTH
1857,-0.44138880677200293,-0.35874841498741566,0,-1.56853870886037,-0.8265240988903629,MN1,GABPA,LMC,ETS
3099,-0.6164626790354744,-0.4667786659818261,1,-1.4419627390171,-1.1820154085966008,TRERF1,IRF4,MEF,IRF
2990,-0.34334100110644417,-0.35874841498741566,1,-1.96035300857267,-1.7801737723571625,TK1,ETS1,MEF,ETS
563,-0.420121647582753,-0.24055162484804216,1,-3.27232018490678,-1.1525471941966776,CKAP2L,ZNF263,MEF,Zf
3136,-0.6294050389829617,-0.22772750011888523,1,1.7476052716644,-1.798286521702692,TTC9,FOXM1,MEF,Forkhead
2254,-0.3825682599092054,-0.35874841498741566,1,-1.74626728338454,-1.0101170999338356,PLEKHO1,ELK1,MEF,ETS
2223,-0.36396349791647825,-0.22688628192079743,0,2.42323666921668,2.26970605458847,PKIB,STAT1,LMC,Stat
769,-0.17068129734876603,-0.21807786581075275,1,5.10455270438126,2.294400858591656,DLX3,JUND,MEF,bZIP
173,-0.028028488630146852,-0.16226770650044012,0,4.20904927163551,4.023136281158727,AQP5,USF1,LMC,bHLH
1017,-0.3864884434229737,-0.3864884434229737,1,-1.97493658435611,-0.6895411316730045,FANCI,TCF3,MEF,HMG
963,-0.17107733425117988,-0.23042526569186958,1,-2.0774254545086,-0.3903445618621395,FAM105A,E2F6,MEF,E2F
836,-0.19305637283257054,-0.24055162484804216,1,-2.76164814143304,-2.5193483058433124,E2F8,MAZ,MEF,Zf
1257,-0.44138880677200293,-0.35874841498741566,0,1.07836707927477,0.478285110165979,GPR39,GABPA,LMC,ETS
2598,-0.19305637283257054,-0.24055162484804216,1,1.9485947229018,1.287750929666966,SDC4,MAZ,MEF,Zf
2250,-0.13376741412866516,-0.22688628192079743,1,-1.29239612926271,-0.9368196110871575,PLEKHG3,STAT3,MEF,Stat
622,-0.13376741412866516,-0.22688628192079743,0,-3.90592097490329,-1.2202716648642649,COL6A3,STAT3,LMC,Stat
1148,-0.44138880677200293,-0.35874841498741566,1,-1.36703652008448,-1.4521396749719455,GAREML,GABPA,MEF,ETS
1007,-0.2134859055500093,-0.16226770650044012,1,-1.80983836329168,0.17354935218513634,FAM78A,BHLHE40,MEF,bHLH
721,-0.4338340387794032,-0.21807786581075275,1,-7.29457009435179,-4.84783367678871,CYTH4,ATF1,MEF,bZIP
2498,-0.17068129734876603,-0.21807786581075275,0,-1.3528609573943,-1.3821010851081053,RGS9BP,JUND,LMC,bZIP
2762,-0.367509213401688,-0.367509213401688,0,1.14204392419731,0.9777064825099555,SLC9A3R1,PAX5,LMC,"Paired,Homeobox"
934,-0.3241398962390605,-0.4667786659818261,1,-4.11974488759282,-1.7440827345247762,EVI2B,IRF1,MEF,IRF
2339,-0.0686255467634714,-0.35874841498741566,1,1.18282904764798,0.3475457641903006,PROCR,ELK4,MEF,ETS
2938,-0.420121647582753,-0.24055162484804216,1,1.88676760580032,0.9447756053449128,TBX18,ZNF263,MEF,Zf
400,-0.2588825049450903,-0.2588825049450903,0,-1.11019254428826,-1.1084341099203963,CCDC68,HNF4A,LMC,NR
2290,-0.20320451878994805,-0.21807786581075275,0,-1.59233149150338,-1.6162800455380444,POLE,ATF3,LMC,bZIP
3168,-0.2134859055500093,-0.16226770650044012,1,-3.58686645117172,-0.7443473022756271,ULBP1,BHLHE40,MEF,bHLH
269,-0.1427744352972257,-0.22772750011888523,0,1.22408697177346,0.8565873572947976,BAMBI,FOXA2,LMC,Forkhead
2784,0.01123290849505778,-0.24055162484804216,0,1.22877430824847,0.4560470825105362,SMPDL3A,GATA3,LMC,Zf
3112,-0.20320451878994805,-0.21807786581075275,0,-1.02635930451426,-0.8862949436208422,TRNP1,ATF3,LMC,bZIP
761,-0.3241398962390605,-0.4667786659818261,1,2.14213441280121,2.0670925938739515,DKKL1,IRF1,MEF,IRF
1443,-0.024333375166328407,-0.24055162484804216,0,-1.0708433709551,-0.8890765908951087,IL17RC,CTCF,LMC,Zf
1870,-0.5692078006234296,-0.4117228529378932,1,1.03558307447423,-1.2456473155390793,MR1,CUX1,MEF,Homeobox
3012,-0.3441801093275379,-0.16226770650044012,1,-1.76947629620533,-0.3400744222475117,TMEM130,TCF12,MEF,bHLH
1686,-0.38280731081485264,-0.21807786581075275,0,-1.27921012236517,-1.4001847408055812,LPP,ATF2,LMC,bZIP
239,-0.2134859055500093,-0.16226770650044012,0,2.40094957643181,2.123774667463845,ATP1A3,BHLHE40,LMC,bHLH
1359,-0.44138880677200293,-0.35874841498741566,1,-1.85957394798371,-1.2342855208606123,HOXA4,GABPA,MEF,ETS
1242,-0.17068129734876603,-0.21807786581075275,0,-1.91954685993887,1.4933510965358388,GPR149,JUND,LMC,bZIP
359,-0.36396349791647825,-0.22688628192079743,0,-1.59344287396463,-0.875172478278912,CAMKK1,STAT1,LMC,Stat
2376,-0.024333375166328407,-0.24055162484804216,1,-2.66242552845657,-2.0490838218808105,PTGIS,CTCF,MEF,Zf
695,-0.38280731081485264,-0.21807786581075275,1,1.09241109000734,-0.4896910385207425,CWF19L2,ATF2,MEF,bZIP
422,-0.39206578990544383,-0.24055162484804216,0,-1.97026365602147,-1.8457341449527278,CCNB2,EGR1,LMC,Zf
1285,-0.07675555573538734,-0.09391104304834053,0,-1.73109418771401,-1.4319990785716337,GRIN1,RFX5,LMC,HTH
694,-0.34939441107522407,-0.24055162484804216,1,-1.01879417311662,-1.8524943934564135,CUX1,ZKSCAN1,MEF,Zf
3158,-0.35656081815482665,-0.24055162484804216,1,-1.42575660047968,-1.4459172415849257,UBA7,ZEB1,MEF,Zf
2815,0.5522402326254439,-0.24055162484804216,0,1.37221217618403,0.9374508458690057,SP100,PRDM1,LMC,Zf
515,-0.367509213401688,-0.367509213401688,1,-1.48399593144254,-1.6515321863437862,CENPK,PAX5,MEF,"Paired,Homeobox"
2409,-0.3241398962390605,-0.4667786659818261,0,1.19634377115798,1.0639253706471101,RAB11FIP1,IRF1,LMC,IRF
737,-0.2588825049450903,-0.2588825049450903,0,1.09491580192298,0.5403372347112971,DDC,HNF4A,LMC,NR
496,-0.7014153380027011,-0.24055162484804216,1,-2.28882867699308,-1.4644103637323653,CDKN3,SP2,MEF,Zf
2953,-0.1427744352972257,-0.22772750011888523,0,1.39186676290857,1.0909879561937652,TECPR1,FOXA2,LMC,Forkhead
2014,-0.3825682599092054,-0.35874841498741566,0,1.03414208924194,0.42091128385889093,NOS1AP,ELK1,LMC,ETS
2699,-0.3441801093275379,-0.16226770650044012,0,-1.13247654437372,-1.1489178430259974,SLC16A3,TCF12,LMC,bHLH
1946,-0.7014153380027011,-0.24055162484804216,1,-2.06657286608671,-2.4442490994589225,NCAPD2,SP2,MEF,Zf
2215,-0.36394923652108524,-0.36394923652108524,1,-3.53089383410937,-1.522751554923152,PIK3R6,EBF1,MEF,EBF
1522,-0.3241398962390605,-0.4667786659818261,1,1.08597430065433,0.04356152614287126,KBTBD8,IRF1,MEF,IRF
2492,-0.39206578990544383,-0.24055162484804216,1,-1.83237956996519,-2.4278766880555636,RGS16,EGR1,MEF,Zf
2332,-0.13376741412866516,-0.22688628192079743,1,-1.39027810102326,-1.2213374789040754,PRIM1,STAT3,MEF,Stat
754,-0.07675555573538734,-0.09391104304834053,1,-1.31193956690903,-0.8981525974406395,DGKK,RFX5,MEF,HTH
1317,-0.34334100110644417,-0.35874841498741566,0,1.70978485285036,1.8567390971825546,HCLS1,ETS1,LMC,ETS
478,-0.6294050389829617,-0.22772750011888523,1,-1.50500405166392,-1.453332020032224,CDCA8,FOXM1,MEF,Forkhead
2792,-0.5444726494898747,-0.5293658635384044,1,1.03951477220622,1.3388340870464202,SNHG11,MEF2A,MEF,MADS
2243,-0.028028488630146852,-0.16226770650044012,0,1.91484846940288,1.615734257019961,PLD4,USF1,LMC,bHLH
2033,-0.17068129734876603,-0.21807786581075275,0,-1.95195850424148,-1.6153175389113454,NR2F1,JUND,LMC,bZIP
522,-0.15589533538605682,-0.16226770650044012,0,1.26401131755558,1.0668233134178982,CENPV,USF2,LMC,bHLH
1064,-0.5692078006234296,-0.4117228529378932,1,-1.63075334070055,-1.5589435664179294,FGL2,CUX1,MEF,Homeobox
2446,-0.10243811445811093,-0.10243811445811093,0,1.07317576939101,-0.9383821378018959,RAP2A,TEAD4,LMC,TEA
926,0.12201789027868709,-0.21807786581075275,1,-1.32942090046407,0.8947748909491012,ESYT1,BACH1,MEF,bZIP
2650,-0.2134859055500093,-0.16226770650044012,0,-1.41611481325977,-0.8987569878440504,SH3GL3,BHLHE40,LMC,bHLH
1888,-0.07675555573538734,-0.09391104304834053,1,1.65438930194512,-0.16298788829173091,MSX2,RFX5,MEF,HTH
3174,-0.12424785148432936,-0.16226770650044012,1,1.62250715769651,-1.5354438308958,UNC5D,MAX,MEF,bHLH
454,-0.367509213401688,-0.367509213401688,0,2.02419233042325,1.9980440690268548,CD68,PAX5,LMC,"Paired,Homeobox"
213,-0.420121647582753,-0.24055162484804216,1,-1.08500643822329,-1.0637527864966347,ARSB,ZNF263,MEF,Zf
659,-0.2531799907181821,-0.21807786581075275,0,1.55122858363057,0.46853371270811084,CRYAB,MAFK,LMC,bZIP
2692,-0.15589533538605682,-0.16226770650044012,0,2.0074981520264,2.0167515585213884,SLC15A3,USF2,LMC,bHLH
272,-0.5444726494898747,-0.5293658635384044,1,-1.06922081449246,0.4202192624498804,BAZ1A,MEF2A,MEF,MADS
1384,-0.36396349791647825,-0.22688628192079743,0,-1.42126887048009,1.1048041176548444,HPDL,STAT1,LMC,Stat
1491,-0.38280731081485264,-0.21807786581075275,1,-1.45307203272899,-2.7557891988307266,ITGA5,ATF2,MEF,bZIP
699,-0.17107733425117988,-0.23042526569186958,1,1.06432616534857,-0.7141002682959564,CXCL1,E2F6,MEF,E2F
41,-0.016679862524066426,-0.16226770650044012,1,-1.29710351150971,-0.9773534721314934,ACTN3,MYOG,MEF,bHLH
3165,-0.2295785336880661,-0.23042526569186958,0,2.25380930016082,2.167753473065168,UCP2,E2F4,LMC,E2F
1946,-0.5692078006234296,-0.4117228529378932,0,-1.56584080827153,-0.39765529336693156,NCAPD2,CUX1,LMC,Homeobox
714,-0.2134859055500093,-0.16226770650044012,1,5.83611476013381,2.7767072702435946,CYP1A1,BHLHE40,MEF,bHLH
1531,-0.2134859055500093,-0.16226770650044012,0,1.72895569764727,1.705116799542977,KCNB1,BHLHE40,LMC,bHLH
511,-0.3218229349053168,-0.24055162484804216,0,-2.02810264729647,-2.014501657968057,CENPE,GATA1,LMC,Zf
571,-0.2384484828274451,-0.35874841498741566,1,1.42711232357573,-0.8917675590471191,CLEC11A,ELF1,MEF,ETS
381,-0.26925687732944,-0.21807786581075275,1,1.13944539082864,0.5268957823034154,CCDC103,FOS,MEF,bZIP
1261,-0.024333375166328407,-0.24055162484804216,0,1.25204635547474,1.7473193029281595,GPR68,CTCF,LMC,Zf
800,-0.2531799907181821,-0.21807786581075275,0,-2.75860197527661,0.15531908061511157,DPEP1,MAFK,LMC,bZIP
1559,-0.2384484828274451,-0.35874841498741566,0,-1.66267294525053,-1.73958915588239,KCTD15,ELF1,LMC,ETS
2061,-0.420121647582753,-0.24055162484804216,1,-2.58080923652457,-1.5078661462473204,NUSAP1,ZNF263,MEF,Zf
2640,-0.35656081815482665,-0.24055162484804216,1,-2.32765090980149,0.29008645353840196,SGOL1,ZEB1,MEF,Zf
94,-0.15589533538605682,-0.16226770650044012,0,1.1446893045572,1.490678856719548,AHCYL2,USF2,LMC,bHLH
908,-0.12424785148432936,-0.16226770650044012,0,-1.2161774029393,-0.971162414460826,EPHB2,MAX,LMC,bHLH
2496,-0.3825682599092054,-0.35874841498741566,0,-1.87567434541817,-1.5014687615996647,RGS5,ELK1,LMC,ETS
1076,-0.07675555573538734,-0.09391104304834053,0,-1.25012529076239,-0.4835012998935194,FLNA,RFX5,LMC,HTH
279,-0.5692078006234296,-0.4117228529378932,1,1.01856257095648,-0.3668057224392694,BCL11B,CUX1,MEF,Homeobox
994,-0.39206578990544383,-0.24055162484804216,1,1.02278867867513,1.1508905545619708,FAM222A,EGR1,MEF,Zf
3165,-0.2295785336880661,-0.23042526569186958,1,-2.38129196365162,-0.07934213002627927,UCP2,E2F4,MEF,E2F
909,-0.39206578990544383,-0.24055162484804216,0,-1.00616267624316,-0.9544716582616783,EPHB3,EGR1,LMC,Zf
85,-0.17107733425117988,-0.23042526569186958,0,1.31865403432304,-0.4314287118113674,ADSSL1,E2F6,LMC,E2F
944,-0.19305637283257054,-0.24055162484804216,1,-1.00394440145578,-1.026754237586163,EZH2,MAZ,MEF,Zf
2930,-0.6294050389829617,-0.22772750011888523,0,-1.81567322039661,-1.5243720331507975,TACR1,FOXM1,LMC,Forkhead
2243,-0.07675555573538734,-0.09391104304834053,0,1.91484846940288,1.5892396703547724,PLD4,RFX5,LMC,HTH
2073,-0.4338340387794032,-0.21807786581075275,0,-1.22751387229782,0.35229445517423996,OBSL1,ATF1,LMC,bZIP
2831,-0.34939441107522407,-0.24055162484804216,0,-1.23443575155555,-1.232319194811612,SPHK1,ZKSCAN1,LMC,Zf
1669,-0.5263204549945071,-0.23042526569186958,1,-2.03337449621201,-1.9659013754715615,LMNB1,E2F1,MEF,E2F
181,-1.193308279848384,-0.35874841498741566,1,-2.885756251564,-1.6545503592108464,ARHGAP19,FLI1,MEF,ETS
3252,-0.5692078006234296,-0.4117228529378932,1,-1.30944351629506,-1.4545027532972876,ZDHHC14,CUX1,MEF,Homeobox
720,-0.3864884434229737,-0.3864884434229737,1,1.4721106127836,1.3835823683983477,CYSTM1,TCF3,MEF,HMG
3080,-0.10243811445811093,-0.10243811445811093,0,1.78306212287679,0.7757795952845984,TOX2,TEAD4,LMC,TEA
1624,-0.26925687732944,-0.21807786581075275,1,-1.00895275097401,-3.147434573958921,LARP1B,FOS,MEF,bZIP
1017,-0.2134859055500093,-0.16226770650044012,1,-1.97493658435611,-1.1062197283124784,FANCI,BHLHE40,MEF,bHLH
222,-0.2134859055500093,-0.16226770650044012,0,-2.43318349577608,-2.178360479701173,ASB2,BHLHE40,LMC,bHLH
2723,-0.21040797732426292,-0.24055162484804216,0,-1.25049449145877,-0.81819161037566,SLC29A4,YY1,LMC,Zf
738,-0.2134859055500093,-0.16226770650044012,1,1.32510948112115,-0.5982677086416012,DDIT4L,BHLHE40,MEF,bHLH
2458,-0.07675555573538734,-0.09391104304834053,0,-1.8068207517124,-1.0884139425606079,RASGRP1,RFX5,LMC,HTH
1744,-0.21040797732426292,-0.24055162484804216,0,1.61605159328595,1.601103770594908,MAFB,YY1,LMC,Zf
430,0.01123290849505778,-0.24055162484804216,1,-1.3414109285533,-0.968756421337233,CCR5,GATA3,MEF,Zf
1574,-0.7636466334835217,-0.21807786581075275,1,-2.47502725547592,-1.4004462890459934,KIF23,BATF,MEF,bZIP
440,-0.4338340387794032,-0.21807786581075275,0,1.03797956914794,1.5162578796017598,CD2AP,ATF1,LMC,bZIP
2509,-0.2134859055500093,-0.16226770650044012,1,-1.81964590214041,0.5660001782267835,RIN3,BHLHE40,MEF,bHLH
280,-0.3441801093275379,-0.16226770650044012,1,-1.11309358236636,0.9115450733575027,BCL2L11,TCF12,MEF,bHLH
821,0.12201789027868709,-0.21807786581075275,1,-1.13824406119575,0.4780580645488903,DTX4,BACH1,MEF,bZIP
1814,-0.3241398962390605,-0.4667786659818261,1,1.05357159098522,-0.6604538119295476,METTL21A,IRF1,MEF,IRF
2815,-0.25726485204107,-0.25726485204107,0,1.37221217618403,0.903944304275142,SP100,NRF1,LMC,NRF
1945,0.023694036513735375,-0.22772750011888523,1,2.03588974200988,-0.3686213135902329,NCAM2,FOXA1,MEF,Forkhead
1050,-0.2384484828274451,-0.35874841498741566,1,-1.4150495250694,-0.8604715869659291,FGF11,ELF1,MEF,ETS
240,-0.17107733425117988,-0.23042526569186958,0,1.60328158259357,1.2581087498917278,ATP1B1,E2F6,LMC,E2F
132,-0.17068129734876603,-0.21807786581075275,0,1.06539075253422,-1.5509444472078544,ANGPT4,JUND,LMC,bZIP
1988,0.01123290849505778,-0.24055162484804216,1,1.13223620404131,0.5463508812396535,NHLRC1,GATA3,MEF,Zf
764,-0.7014153380027011,-0.24055162484804216,0,-2.00952580156248,-0.20068061966519363,DLGAP5,SP2,LMC,Zf
924,-0.5263204549945071,-0.23042526569186958,1,1.51210965522421,0.22003453443287063,ESR2,E2F1,MEF,E2F
1776,0.12201789027868709,-0.21807786581075275,0,1.05823120455579,-0.8688739458468736,MATK,BACH1,LMC,bZIP
2011,-0.4196242791334183,-0.24055162484804216,1,-1.11600402981182,-0.44117802179456184,NOD1,ZBTB33,MEF,Zf
1805,-0.2295785336880661,-0.23042526569186958,1,2.53388208972454,1.80855782600378,MEIG1,E2F4,MEF,E2F
2625,-0.2531799907181821,-0.21807786581075275,0,2.34303813040736,2.131955793743814,SERPIND1,MAFK,LMC,bZIP
185,-0.21040797732426292,-0.24055162484804216,0,1.22609652976325,1.180703652673204,ARHGAP29,YY1,LMC,Zf
1081,-0.12424785148432936,-0.16226770650044012,0,2.28317642660713,-0.4415746580535141,FMNL1,MAX,LMC,bHLH
373,-0.2295785336880661,-0.23042526569186958,0,1.10520537115312,1.057108908270881,CAT,E2F4,LMC,E2F
522,-0.024333375166328407,-0.24055162484804216,0,1.26401131755558,1.2048198809563408,CENPV,CTCF,LMC,Zf
1511,-0.15589533538605682,-0.16226770650044012,1,1.9335151440421,0.26542977731234274,JAG2,USF2,MEF,bHLH
164,-0.36396349791647825,-0.22688628192079743,1,1.60914715772685,0.19966208834958363,APOB,STAT1,MEF,Stat
235,-0.12424785148432936,-0.16226770650044012,0,-1.029209618599,-0.8512088656811785,ATG16L2,MAX,LMC,bHLH
785,-0.12424785148432936,-0.16226770650044012,1,1.17300266617792,1.315258498633964,DNAJB9,MAX,MEF,bHLH
2185,-0.07675555573538734,-0.09391104304834053,1,-1.72243686447564,-0.039849613313451465,PEG10,RFX5,MEF,HTH
3055,-0.024333375166328407,-0.24055162484804216,1,-2.0917384886418,-0.7549881020235005,TNFAIP8L1,CTCF,MEF,Zf
1223,-0.024333375166328407,-0.24055162484804216,1,1.27551285037404,1.3925026048271798,GP1BA,CTCF,MEF,Zf
720,-0.5263204549945071,-0.23042526569186958,1,1.4721106127836,0.9955605558874795,CYSTM1,E2F1,MEF,E2F
3088,-0.36394923652108524,-0.36394923652108524,0,-1.33850392831304,-0.8785377409319685,TPX2,EBF1,LMC,EBF
1957,-0.3864884434229737,-0.3864884434229737,0,-1.64466006634202,0.16510823114409623,NDC80,TCF3,LMC,HMG
994,-0.6294050389829617,-0.22772750011888523,1,1.02278867867513,0.8135031777661575,FAM222A,FOXM1,MEF,Forkhead
2677,-0.5263204549945071,-0.23042526569186958,1,-1.57464291830555,-1.8405769387591078,SKA3,E2F1,MEF,E2F
1394,-0.36394923652108524,-0.36394923652108524,1,-1.71552724765761,1.356478183347579,HSD11B1,EBF1,MEF,EBF
170,-0.3441801093275379,-0.16226770650044012,1,2.20810576146479,-1.8355607072214914,APOH,TCF12,MEF,bHLH
1534,-0.34334100110644417,-0.35874841498741566,1,1.16893133474129,0.8469626367913365,KCNC3,ETS1,MEF,ETS
970,-0.12424785148432936,-0.16226770650044012,0,-1.948274036608,-1.5568382179244076,FAM132B,MAX,LMC,bHLH
2008,0.023694036513735375,-0.22772750011888523,1,2.81553162174377,0.20467707819619924,NMU,FOXA1,MEF,Forkhead
2333,-0.39206578990544383,-0.24055162484804216,1,2.11733149630965,-1.573293174279034,PRKAA2,EGR1,MEF,Zf
220,-0.016679862524066426,-0.16226770650044012,1,-2.04823831442581,-0.22038068098387278,ASB10,MYOG,MEF,bHLH
2929,-0.13376741412866516,-0.22688628192079743,1,-1.40887334898261,-1.1995697516169972,TACC3,STAT3,MEF,Stat
3085,-0.1427744352972257,-0.22772750011888523,1,-1.46134327408536,-0.65723914348924,TPM2,FOXA2,MEF,Forkhead
1473,-0.17068129734876603,-0.21807786581075275,1,-2.92615095993494,1.3032186227584226,IQGAP3,JUND,MEF,bZIP
2898,-0.12424785148432936,-0.16226770650044012,1,1.31714950392456,0.7937126677287142,STYXL1,MAX,MEF,bHLH
2801,-0.367509213401688,-0.367509213401688,1,1.50617117096341,-0.5610298786917705,SOBP,PAX5,MEF,"Paired,Homeobox"
421,-0.2202036001067245,-0.21807786581075275,1,-3.46951667804334,-3.052127420467193,CCNB1,MAFF,MEF,bZIP
625,-0.25726485204107,-0.25726485204107,1,1.2030634109061,-0.8646420387712458,COL9A3,NRF1,MEF,NRF
2938,-0.2134859055500093,-0.16226770650044012,1,1.88676760580032,0.9759701717936164,TBX18,BHLHE40,MEF,bHLH
229,-0.10243811445811093,-0.10243811445811093,0,-1.67583306263046,-2.0724565661566188,ASPM,TEAD4,LMC,TEA
884,-0.2531799907181821,-0.21807786581075275,1,-3.19115199917269,-1.4439947220167735,EMCN,MAFK,MEF,bZIP
1015,-0.13376741412866516,-0.22688628192079743,0,-1.52207312984893,-0.9623927680072883,FANCA,STAT3,LMC,Stat
543,-0.15589533538605682,-0.16226770650044012,0,2.03072685270189,1.708714925271712,CHL1,USF2,LMC,bHLH
748,-0.15589533538605682,-0.16226770650044012,1,1.14447180905259,0.28511563328448086,DENND6B,USF2,MEF,bHLH
791,0.01123290849505778,-0.24055162484804216,0,-1.80214698809254,-0.7826084705834576,DNM3OS,GATA3,LMC,Zf
1237,-0.028028488630146852,-0.16226770650044012,0,-1.09288268752416,-0.9527134750697219,GPR125,USF1,LMC,bHLH
2710,-0.4196242791334183,-0.24055162484804216,0,1.87389290621927,1.6732435917808741,SLC22A4,ZBTB33,LMC,Zf
1797,-0.39206578990544383,-0.24055162484804216,0,-2.22934069982596,-1.4892131098302042,MDGA2,EGR1,LMC,Zf
3250,-0.10243811445811093,-0.10243811445811093,0,-2.44277508235194,-1.9772680114425754,ZC3HAV1L,TEAD4,LMC,TEA
1849,0.01123290849505778,-0.24055162484804216,1,1.71130226931446,0.8055506470540748,MMP16,GATA3,MEF,Zf
222,-0.3825682599092054,-0.35874841498741566,0,-2.43318349577608,-1.2924289315614503,ASB2,ELK1,LMC,ETS
537,-0.35656081815482665,-0.24055162484804216,1,-1.01184978798121,-0.7436713148323791,CHAF1A,ZEB1,MEF,Zf
1756,-0.1427744352972257,-0.22772750011888523,0,-2.37201651279144,-2.227034282596429,MAOB,FOXA2,LMC,Forkhead
307,-0.3825682599092054,-0.35874841498741566,1,-1.18056924901314,-0.5843051402707459,BOK,ELK1,MEF,ETS
213,0.023694036513735375,-0.22772750011888523,1,-1.08500643822329,-0.9035021034003026,ARSB,FOXA1,MEF,Forkhead
521,-0.3218229349053168,-0.24055162484804216,1,-1.47290606283231,-1.4726680082445056,CENPU,GATA1,MEF,Zf
2785,-0.2202036001067245,-0.21807786581075275,0,1.16663406036164,1.1890629511236244,SMYD1,MAFF,LMC,bZIP
1628,-0.12424785148432936,-0.16226770650044012,0,-1.03193745565036,0.5996556496722534,LBR,MAX,LMC,bHLH
4,-0.2781468465397177,-0.24055162484804216,0,1.30531618728564,0.7937202819278565,AATK,SP1,LMC,Zf
1085,-0.2134859055500093,-0.16226770650044012,0,-1.00872789713166,-0.9612817993745404,FN1,BHLHE40,LMC,bHLH
2134,0.12201789027868709,-0.21807786581075275,1,2.39317795527181,1.8056598144956515,PCDH10,BACH1,MEF,bZIP
2625,-0.17068129734876603,-0.21807786581075275,0,2.34303813040736,2.186849869920132,SERPIND1,JUND,LMC,bZIP
1323,-0.17068129734876603,-0.21807786581075275,1,-1.27285316107792,0.354084768309676,HEG1,JUND,MEF,bZIP
2353,-0.2384484828274451,-0.35874841498741566,1,-1.6450821104451,-2.043835104309941,PRSS27,ELF1,MEF,ETS
2168,-0.17068129734876603,-0.21807786581075275,0,-1.54705845470902,-1.5478625802563795,PDE4B,JUND,LMC,bZIP
2226,-0.25726485204107,-0.25726485204107,1,-1.27907621233407,-2.182669646045229,PKP2,NRF1,MEF,NRF
3126,-0.3825682599092054,-0.35874841498741566,1,1.3204466752018,-0.5280335141973856,TSPAN13,ELK1,MEF,ETS
2821,-0.19305637283257054,-0.24055162484804216,1,1.33614858114974,0.22763602812044695,SPA17,MAZ,MEF,Zf
2868,-0.2134859055500093,-0.16226770650044012,1,-6.62493723827475,-3.9418354040324237,STAB1,BHLHE40,MEF,bHLH
2162,-0.34939441107522407,-0.24055162484804216,1,-1.32842226091202,-0.826083324464153,PDE10A,ZKSCAN1,MEF,Zf
679,0.023694036513735375,-0.22772750011888523,0,-2.86747721889391,0.5669101945145892,CTHRC1,FOXA1,LMC,Forkhead
2508,0.12201789027868709,-0.21807786581075275,0,1.95118037125112,1.2535110820145288,RIMS3,BACH1,LMC,bZIP
1826,-0.15589533538605682,-0.16226770650044012,0,1.37380557150798,1.209405293447742,MGST2,USF2,LMC,bHLH
1267,-0.13755040436917615,-0.4117228529378932,0,-2.02246298759905,-1.8752229621834564,GPRIN3,NANOG,LMC,Homeobox
11,-0.44138880677200293,-0.35874841498741566,0,1.68764813236608,0.7509363341184193,ABCC3,GABPA,LMC,ETS
1632,-0.5692078006234296,-0.4117228529378932,1,-3.12652993466873,-1.9061835158831826,LCP2,CUX1,MEF,Homeobox
1521,-0.2490020295772001,-0.24055162484804216,0,1.12300192662692,1.120060732071674,KAZN,GATA2,LMC,Zf
1038,-0.5263204549945071,-0.23042526569186958,1,-1.7113898814647,-0.7579556532426337,FBXO5,E2F1,MEF,E2F
280,-0.17068129734876603,-0.21807786581075275,1,-1.11309358236636,-0.6254799866108265,BCL2L11,JUND,MEF,bZIP
2838,-0.367509213401688,-0.367509213401688,1,-4.32803056240979,-1.524338579695531,SPN,PAX5,MEF,"Paired,Homeobox"
24,-0.024333375166328407,-0.24055162484804216,1,2.15532876906198,1.4337551130340653,ACE,CTCF,MEF,Zf
2650,-0.016679862524066426,-0.16226770650044012,0,-1.41611481325977,-0.9419650963756473,SH3GL3,MYOG,LMC,bHLH
1032,-0.35656081815482665,-0.24055162484804216,0,-1.46617372302768,-1.5691543075290049,FBXO16,ZEB1,LMC,Zf
3136,0.01123290849505778,-0.24055162484804216,1,1.7476052716644,-0.3276033779780175,TTC9,GATA3,MEF,Zf
582,-0.2490020295772001,-0.24055162484804216,0,1.38792844422219,1.3879284442221895,CLN3,GATA2,LMC,Zf
1548,-0.19305637283257054,-0.24055162484804216,1,1.21210070568133,0.5724938162258109,KCNJ4,MAZ,MEF,Zf
2031,-0.36396349791647825,-0.22688628192079743,1,1.6603360818878,-0.18988061993083785,NQO1,STAT1,MEF,Stat
318,-0.3825682599092054,-0.35874841498741566,1,1.90766419450925,-1.3084384811768657,BTLA,ELK1,MEF,ETS
1196,-0.016679862524066426,-0.16226770650044012,1,1.54395310487229,-0.04877140177399712,GJB2,MYOG,MEF,bHLH
2196,-0.34939441107522407,-0.24055162484804216,0,-1.22792787179975,-1.0083669883366357,PGAP3,ZKSCAN1,LMC,Zf
365,-0.2134859055500093,-0.16226770650044012,0,1.8891319241309,1.8632992992558448,CARD9,BHLHE40,LMC,bHLH
228,-0.2531799907181821,-0.21807786581075275,1,2.38674506757734,-1.9057406551915248,ASPA,MAFK,MEF,bZIP
711,0.01123290849505778,-0.24055162484804216,1,2.11217937635769,1.3155697297784952,CYBRD1,GATA3,MEF,Zf
2376,0.023694036513735375,-0.22772750011888523,1,-2.66242552845657,-1.7244755305659478,PTGIS,FOXA1,MEF,Forkhead
2460,-0.44138880677200293,-0.35874841498741566,1,-1.04214834320776,-0.6959915409799503,RASGRP4,GABPA,MEF,ETS
2156,-0.3879288830557581,-0.4117228529378932,0,1.93797423240685,0.7320165705567462,PCP4L1,PBX3,LMC,Homeobox
373,-0.024333375166328407,-0.24055162484804216,0,1.10520537115312,1.1007299226413585,CAT,CTCF,LMC,Zf
2467,0.12201789027868709,-0.21807786581075275,0,-1.95489925507068,-0.9431154514536789,RBFOX1,BACH1,LMC,bZIP
986,-0.21040797732426292,-0.24055162484804216,0,-2.57188756497958,-1.6180254634503504,FAM198A,YY1,LMC,Zf
2739,-0.13755040436917615,-0.4117228529378932,0,1.07554724816405,1.1190358264285503,SLC39A10,NANOG,LMC,Homeobox
1599,-0.367509213401688,-0.367509213401688,0,1.3884595597888,1.328385265341534,KLHL6,PAX5,LMC,"Paired,Homeobox"
817,-0.26925687732944,-0.21807786581075275,0,1.918440317054,1.5041110363224401,DSP,FOS,LMC,bZIP
1787,-0.20320451878994805,-0.21807786581075275,1,-2.53275926001282,-1.762483765986709,MCM10,ATF3,MEF,bZIP
696,-0.3441801093275379,-0.16226770650044012,1,1.10224540529578,0.8244287298513819,CX3CL1,TCF12,MEF,bHLH
927,-0.3825682599092054,-0.35874841498741566,1,1.40396646353209,-0.7539283598514452,ESYT3,ELK1,MEF,ETS
229,-0.3879288830557581,-0.4117228529378932,1,-2.81717383669163,-2.1449940009924147,ASPM,PBX3,MEF,Homeobox
2763,-0.2295785336880661,-0.23042526569186958,0,-1.37580388005319,-0.8612160441586721,SLC9A5,E2F4,LMC,E2F
1768,-0.024333375166328407,-0.24055162484804216,1,1.51744635820687,0.3378828295286773,MAPK15,CTCF,MEF,Zf
1522,-0.07675555573538734,-0.09391104304834053,0,1.20685854188687,1.2085076288107632,KBTBD8,RFX5,LMC,HTH
2362,-0.36394923652108524,-0.36394923652108524,0,-1.21873682208915,-0.5759621991311756,PSAT1,EBF1,LMC,EBF
1833,-0.3241398962390605,-0.4667786659818261,0,1.32676177165072,0.7529100203762351,MITF,IRF1,LMC,IRF
892,0.023694036513735375,-0.22772750011888523,0,-1.24022767781261,-0.16474821951646507,ENAH,FOXA1,LMC,Forkhead
2082,-0.024333375166328407,-0.24055162484804216,0,1.67699464133269,0.7315540366361543,OLFML2B,CTCF,LMC,Zf
142,-0.3218229349053168,-0.24055162484804216,1,-1.0540168366728,-1.1656389355341044,ANKRD37,GATA1,MEF,Zf
2818,-0.028028488630146852,-0.16226770650044012,0,-2.25716671489851,-1.5143089623539308,SP3,USF1,LMC,bHLH
1062,-0.3825682599092054,-0.35874841498741566,1,-1.28672835254561,-0.2421807202116601,FGGY,ELK1,MEF,ETS
1330,-0.19305637283257054,-0.24055162484804216,1,1.58427009070658,1.0860723800381904,HHIP,MAZ,MEF,Zf
2392,-0.21040797732426292,-0.24055162484804216,1,-2.75179963084061,0.6966968575214283,PTPRO,YY1,MEF,Zf
10,-0.36396349791647825,-0.22688628192079743,1,-1.23887475365134,-1.434606326006823,ABCB4,STAT1,MEF,Stat
1342,-0.39206578990544383,-0.24055162484804216,0,-1.34950448426659,-1.3567139990565622,HMGA2,EGR1,LMC,Zf
2956,-0.12424785148432936,-0.16226770650044012,0,-1.2224837088738,-0.0174238064891647,TERT,MAX,LMC,bHLH
2969,-0.420121647582753,-0.24055162484804216,0,-1.39028771607637,-1.4386652836447988,TGFB1I1,ZNF263,LMC,Zf
496,-0.367509213401688,-0.367509213401688,1,-2.28882867699308,-1.8275713597770462,CDKN3,PAX5,MEF,"Paired,Homeobox"
784,-0.3441801093275379,-0.16226770650044012,1,1.08312646824662,-0.2066462933157024,DNAJB4,TCF12,MEF,bHLH
1788,-0.2781468465397177,-0.24055162484804216,1,-1.18921853477002,-1.6428072919996168,MCM2,SP1,MEF,Zf
1670,-0.36396349791647825,-0.22688628192079743,1,2.80150441501762,-2.43209059555286,LMO1,STAT1,MEF,Stat
2076,-0.028028488630146852,-0.16226770650044012,0,-2.93000682617462,-1.5145860747749844,OGN,USF1,LMC,bHLH
2587,-0.13376741412866516,-0.22688628192079743,0,2.58402245788979,1.1429353462883831,SCN2B,STAT3,LMC,Stat
1746,-0.12424785148432936,-0.16226770650044012,1,5.32777087359567,3.133634450159876,MAL,MAX,MEF,bHLH
2839,-0.10243811445811093,-0.10243811445811093,1,1.40128640910394,-2.2443544070732564,SPNS2,TEAD4,MEF,TEA
762,-0.26925687732944,-0.21807786581075275,0,1.09464442057264,1.0445885176747116,DLEU2,FOS,LMC,bZIP
1498,-0.15589533538605682,-0.16226770650044012,1,-1.26046363648136,-1.8224991338192091,ITGB3,USF2,MEF,bHLH
1990,0.023694036513735375,-0.22772750011888523,1,-2.08969235613197,-0.8895165864597605,NID1,FOXA1,MEF,Forkhead
2404,-0.17068129734876603,-0.21807786581075275,0,2.00552072837022,-0.07604248496851204,PYGM,JUND,LMC,bZIP
1344,-0.4196242791334183,-0.24055162484804216,0,-1.06304399815731,-0.9595441929505562,HMGCS1,ZBTB33,LMC,Zf
1633,-0.7636466334835217,-0.21807786581075275,1,3.58062266510617,-1.3143232231009319,LCTL,BATF,MEF,bZIP
1752,-0.016679862524066426,-0.16226770650044012,1,-1.28798152001015,-0.8594157388284418,MAN2A1,MYOG,MEF,bHLH
2824,-0.024333375166328407,-0.24055162484804216,0,-2.74229055018427,-1.3249667188725525,SPARCL1,CTCF,LMC,Zf
1575,0.01123290849505778,-0.24055162484804216,1,1.03299861527499,-1.0717073312340015,KIF26A,GATA3,MEF,Zf
2487,-0.6164626790354744,-0.4667786659818261,0,1.09121897733351,0.682830279949864,RFTN1,IRF4,LMC,IRF
428,0.01123290849505778,-0.24055162484804216,1,-2.3161581512773,-0.8271802113903332,CCR1,GATA3,MEF,Zf
3020,-0.39206578990544383,-0.24055162484804216,0,4.33994729354874,0.8414444646173126,TMEM163,EGR1,LMC,Zf
511,-0.15589533538605682,-0.16226770650044012,0,-2.02810264729647,-1.9259835193795038,CENPE,USF2,LMC,bHLH
2727,-0.07675555573538734,-0.09391104304834053,0,-3.11197659189262,-2.8774874223590388,SLC2A4,RFX5,LMC,HTH
703,-0.25726485204107,-0.25726485204107,0,1.93390401741099,1.2674953261145825,CXCR4,NRF1,LMC,NRF
3199,-0.3218229349053168,-0.24055162484804216,1,1.16338139694328,-0.4811519983247652,VKORC1,GATA1,MEF,Zf
1967,-0.25726485204107,-0.25726485204107,0,-1.16162403843679,-0.6757379721774858,NEDD9,NRF1,LMC,NRF
2613,-0.3441801093275379,-0.16226770650044012,1,2.03597997477726,-0.458027969013611,SEMA4F,TCF12,MEF,bHLH
3160,-0.420121647582753,-0.24055162484804216,1,-2.89414773676838,-1.3575727807608697,UBE2C,ZNF263,MEF,Zf
2008,-0.17068129734876603,-0.21807786581075275,1,2.81553162174377,0.952856337419533,NMU,JUND,MEF,bZIP
2077,-0.26484040662604763,-0.21807786581075275,1,-1.47688569810634,-0.6145174954392227,OIP5,FOSL2,MEF,bZIP
2406,-0.44138880677200293,-0.35874841498741566,1,-2.22909861186948,-0.970564155947953,PYROXD2,GABPA,MEF,ETS
3074,-0.2531799907181821,-0.21807786581075275,0,1.95037145184557,1.7703822623472834,TNS4,MAFK,LMC,bZIP
890,-0.3241398962390605,-0.4667786659818261,1,-1.72130718281428,-1.0272681550642968,EN1,IRF1,MEF,IRF
1601,-0.016679862524066426,-0.16226770650044012,1,1.06527561830668,-0.3609495906378875,KLRG2,MYOG,MEF,bHLH
2531,-0.21040797732426292,-0.24055162484804216,1,1.20824445812755,1.33617953052184,RORA,YY1,MEF,Zf
276,-0.5692078006234296,-0.4117228529378932,0,-2.52309707321754,-1.2835593226276103,BCAT1,CUX1,LMC,Homeobox
3043,-0.024333375166328407,-0.24055162484804216,1,-2.86541431803902,0.9396164021798082,TMEM51,CTCF,MEF,Zf
3236,-0.25726485204107,-0.25726485204107,0,1.14579429923485,1.022500340553877,WWP1,NRF1,LMC,NRF
883,0.01123290849505778,-0.24055162484804216,0,-1.77841332512068,-0.664270787287537,ELOVL6,GATA3,LMC,Zf
762,-0.36394923652108524,-0.36394923652108524,0,1.09464442057264,1.1382750451473402,DLEU2,EBF1,LMC,EBF
2651,-0.3218229349053168,-0.24055162484804216,1,-1.09294851276797,-1.0338977303785415,SH3KBP1,GATA1,MEF,Zf
1242,-0.024333375166328407,-0.24055162484804216,0,-1.91954685993887,1.3440184624768552,GPR149,CTCF,LMC,Zf
473,-0.028028488630146852,-0.16226770650044012,1,-1.83545152460296,-1.7381158332775197,CDCA2,USF1,MEF,bHLH
1161,-0.3218229349053168,-0.24055162484804216,1,-1.53502513089702,-0.042170975238813385,GBX1,GATA1,MEF,Zf
2608,-0.4196242791334183,-0.24055162484804216,1,2.11602326557381,1.126051864010441,SEMA3C,ZBTB33,MEF,Zf
2537,-0.2384484828274451,-0.35874841498741566,1,-1.8166341585174,0.27214192875449095,RPS6KA1,ELF1,MEF,ETS
143,-0.12424785148432936,-0.16226770650044012,0,-1.25200855268607,-1.4028554788179313,ANKRD6,MAX,LMC,bHLH
367,-0.36394923652108524,-0.36394923652108524,1,-2.58951555677959,-0.45872034626627395,CASC5,EBF1,MEF,EBF
2929,-0.44138880677200293,-0.35874841498741566,0,-1.14419748841923,-0.8962291496687296,TACC3,GABPA,LMC,ETS
439,-0.5692078006234296,-0.4117228529378932,0,2.39532242952227,2.281166091376183,CD28,CUX1,LMC,Homeobox
1326,-0.3825682599092054,-0.35874841498741566,1,1.7722064028103,1.421761269552658,HERC3,ELK1,MEF,ETS
2408,-0.17107733425117988,-0.23042526569186958,0,-1.23672453135472,-0.40142932394885955,QSOX1,E2F6,LMC,E2F
511,-0.36396349791647825,-0.22688628192079743,1,-2.78967392596139,-2.7237297645778877,CENPE,STAT1,MEF,Stat
672,-0.07675555573538734,-0.09391104304834053,0,-1.49505915276106,-0.8663900028693946,CSRP1,RFX5,LMC,HTH
1420,-0.44138880677200293,-0.35874841498741566,1,-1.15452140562588,-1.4652066064842204,IGF2BP2,GABPA,MEF,ETS
1555,-0.2134859055500093,-0.16226770650044012,0,-2.8231845102634,-2.4045273622171606,KCNMB1,BHLHE40,LMC,bHLH
1667,-0.44138880677200293,-0.35874841498741566,1,-3.06648116029051,-0.43742396451531584,LIPN,GABPA,MEF,ETS
2949,-0.3825682599092054,-0.35874841498741566,0,1.39093876319334,0.8799455484006209,TCFL5,ELK1,LMC,ETS
1108,0.023694036513735375,-0.22772750011888523,0,-1.83668937795745,-1.429452660043615,FREM2,FOXA1,LMC,Forkhead
2354,-0.21040797732426292,-0.24055162484804216,1,2.68091060085113,-1.6673883410947132,PRSS35,YY1,MEF,Zf
252,-0.024333375166328407,-0.24055162484804216,1,-2.3618604739919,-2.2130826672895982,AURKB,CTCF,MEF,Zf
3051,-0.420121647582753,-0.24055162484804216,1,1.32077569485417,-1.3356784651737308,TMX2,ZNF263,MEF,Zf
2204,-0.34939441107522407,-0.24055162484804216,1,-1.15295204263613,-0.889488068530929,PHLPP1,ZKSCAN1,MEF,Zf
150,-0.12424785148432936,-0.16226770650044012,1,-1.50638570003123,-1.200485546286886,ANXA4,MAX,MEF,bHLH
2155,-0.3825682599092054,-0.35874841498741566,0,-2.47708326135664,-0.1795034882454817,PCOLCE,ELK1,LMC,ETS
3034,-0.028028488630146852,-0.16226770650044012,0,-1.63490947200649,-1.0832266021014842,TMEM246,USF1,LMC,bHLH
1660,-0.36394923652108524,-0.36394923652108524,1,-1.55962805425669,-3.8161986656039564,LIMK1,EBF1,MEF,EBF
2951,-0.367509213401688,-0.367509213401688,1,1.7548502520091,0.6950622283269944,TCP11,PAX5,MEF,"Paired,Homeobox"
1054,-0.3825682599092054,-0.35874841498741566,1,1.1716865224164,1.5781607332823295,FGF18,ELK1,MEF,ETS
1338,-0.26925687732944,-0.21807786581075275,0,1.37703027394907,1.3131248912205633,HIVEP3,FOS,LMC,bZIP
619,-0.25726485204107,-0.25726485204107,1,-2.24051500112607,-1.3081305610109413,COL4A2,NRF1,MEF,NRF
2026,-0.17068129734876603,-0.21807786581075275,0,-1.81031662538622,0.22432183028814962,NPR3,JUND,LMC,bZIP
276,-0.2781468465397177,-0.24055162484804216,1,-1.03013751610087,-0.3575119059170988,BCAT1,SP1,MEF,Zf
3118,-0.5692078006234296,-0.4117228529378932,1,1.30876895399041,-1.1322640436529658,TRPS1,CUX1,MEF,Homeobox
2698,-0.6294050389829617,-0.22772750011888523,1,2.93202883553792,-1.115128757598527,SLC16A14,FOXM1,MEF,Forkhead
407,-0.367509213401688,-0.367509213401688,1,1.03514271363307,0.7381302404101955,CCDC90B,PAX5,MEF,"Paired,Homeobox"
350,-0.2781468465397177,-0.24055162484804216,0,1.39360994130101,1.375643594873711,CADM3,SP1,LMC,Zf
561,0.5522402326254439,-0.24055162484804216,1,2.25513078197246,0.4945192177576729,CITED4,PRDM1,MEF,Zf
2823,-0.2295785336880661,-0.23042526569186958,0,-1.74134660350485,-1.3658330358433002,SPAG5,E2F4,LMC,E2F
1505,-0.2781468465397177,-0.24055162484804216,0,1.01095122469057,1.1678555621097788,ITPK1,SP1,LMC,Zf
1601,-0.17068129734876603,-0.21807786581075275,1,1.06527561830668,0.8000861847557128,KLRG2,JUND,MEF,bZIP
2591,-0.2588825049450903,-0.2588825049450903,1,-1.78273891404674,-1.6520415609323302,SCN9A,HNF4A,MEF,NR
1612,-0.26925687732944,-0.21807786581075275,0,2.57360812690163,2.482897581583163,KYNU,FOS,LMC,bZIP
108,-0.3879288830557581,-0.4117228529378932,1,1.07862740724675,1.1687384751103305,ALCAM,PBX3,MEF,Homeobox
2810,-0.44138880677200293,-0.35874841498741566,1,-2.68150712163575,-2.422262821713821,SOX12,GABPA,MEF,ETS
787,-0.016679862524066426,-0.16226770650044012,1,1.35627669638986,1.3776819278644519,DNALI1,MYOG,MEF,bHLH
1933,-0.36396349791647825,-0.22688628192079743,1,-3.07995538654105,-0.8727274016374689,NAALAD2,STAT1,MEF,Stat
1581,-0.39206578990544383,-0.24055162484804216,0,-1.24019614259515,1.0810269961886092,KIF7,EGR1,LMC,Zf
1793,-0.2134859055500093,-0.16226770650044012,0,1.80783041632026,1.7781278124929996,MCOLN3,BHLHE40,LMC,bHLH
939,-0.13376741412866516,-0.22688628192079743,1,1.71146128558084,0.9527866964327898,EXPH5,STAT3,MEF,Stat
2837,-0.35656081815482665,-0.24055162484804216,0,1.62615454323833,1.4885825433554405,SPINT2,ZEB1,LMC,Zf
652,-0.5263204549945071,-0.23042526569186958,0,1.38975973373905,1.5872565488911186,CRIP1,E2F1,LMC,E2F
87,-0.2781468465397177,-0.24055162484804216,0,-1.07602901160322,0.1853766502471048,AFF3,SP1,LMC,Zf
650,-0.13755040436917615,-0.4117228529378932,1,-2.94835882788418,-1.441161816685595,CREG2,NANOG,MEF,Homeobox
2308,-0.35656081815482665,-0.24055162484804216,1,1.37041742724006,1.2616063630862424,PPFIBP2,ZEB1,MEF,Zf
1498,-0.2781468465397177,-0.24055162484804216,1,-1.26046363648136,-0.6804793342498627,ITGB3,SP1,MEF,Zf
2090,-0.6294050389829617,-0.22772750011888523,1,1.48097195977724,0.7402513762454536,OSBPL3,FOXM1,MEF,Forkhead
2251,-0.2295785336880661,-0.23042526569186958,0,-2.03705643469854,-1.1006408793098412,PLEKHG4,E2F4,LMC,E2F
954,0.12201789027868709,-0.21807786581075275,0,1.3474227486607,1.5304284089363624,FABP3,BACH1,LMC,bZIP
2914,-0.028028488630146852,-0.16226770650044012,1,3.80336753378648,3.265607393376736,SYNM,USF1,MEF,bHLH
1050,-0.2384484828274451,-0.35874841498741566,1,-1.4150495250694,-0.8604715869659291,FGF11,ELF1,MEF,ETS
3086,-0.3825682599092054,-0.35874841498741566,1,-1.19173570792296,-1.7252372479475075,TPM4,ELK1,MEF,ETS
1884,-0.13376741412866516,-0.22688628192079743,1,-1.01986887113406,0.5615019897065866,MSRA,STAT3,MEF,Stat
2750,-0.2531799907181821,-0.21807786581075275,0,1.09773948896469,1.1292573528182968,SLC46A3,MAFK,LMC,bZIP
311,-0.2781468465397177,-0.24055162484804216,1,-1.15853737122107,0.36873898711014497,BRIP1,SP1,MEF,Zf
2380,-0.13376741412866516,-0.22688628192079743,0,-3.6548302174139,-2.3699475828535266,PTN,STAT3,LMC,Stat
468,-0.2295785336880661,-0.23042526569186958,1,-1.37167653448339,-1.3725289080070644,CDC42EP2,E2F4,MEF,E2F
488,-0.5692078006234296,-0.4117228529378932,1,-1.53660217902945,-0.90768818292592,CDK1,CUX1,MEF,Homeobox
3053,-0.3218229349053168,-0.24055162484804216,0,2.99603149630892,-0.7814060932244772,TNF,GATA1,LMC,Zf
2529,-0.2490020295772001,-0.24055162484804216,0,-1.49220906542804,-0.45498812474536293,ROR1,GATA2,LMC,Zf
469,-0.4338340387794032,-0.21807786581075275,0,-1.08880876245464,-1.133500636781688,CDC42EP4,ATF1,LMC,bZIP
3091,-0.12424785148432936,-0.16226770650044012,0,-1.13852852708434,-1.2807193589492962,TRAM1L1,MAX,LMC,bHLH
2794,-0.1427744352972257,-0.22772750011888523,1,-1.9308040336724,0.4380840550677387,SNORA31,FOXA2,MEF,Forkhead
2276,-0.3441801093275379,-0.16226770650044012,1,1.06543967234965,-0.37149071306189696,PMAIP1,TCF12,MEF,bHLH
2977,-0.21040797732426292,-0.24055162484804216,0,-1.92087742808799,-1.7120007589489656,THBS3,YY1,LMC,Zf
2485,-0.10243811445811093,-0.10243811445811093,1,3.63110658670554,0.13288199834743722,RERG,TEAD4,MEF,TEA
2472,-0.420121647582753,-0.24055162484804216,1,-2.98434592973191,-0.8207433672862269,RBM47,ZNF263,MEF,Zf
1799,-0.2295785336880661,-0.23042526569186958,0,-3.42838043876164,-2.905984987148722,MECOM,E2F4,LMC,E2F
748,-0.3218229349053168,-0.24055162484804216,1,1.14447180905259,-1.3525725366591204,DENND6B,GATA1,MEF,Zf
2678,-0.7014153380027011,-0.24055162484804216,1,-1.35194087586138,-1.2115349681699172,SKP2,SP2,MEF,Zf
2277,-0.2490020295772001,-0.24055162484804216,1,-1.67266293787219,0.37877508046828623,PMF1,GATA2,MEF,Zf
1969,-0.3241398962390605,-0.4667786659818261,1,-2.45331857180065,1.096636799921714,NEIL3,IRF1,MEF,IRF
933,-0.38280731081485264,-0.21807786581075275,0,2.03864850544959,0.7768042818686053,EVI2A,ATF2,LMC,bZIP
48,-0.3441801093275379,-0.16226770650044012,1,-1.94422025009557,-0.3173240807383973,ADAM19,TCF12,MEF,bHLH
2446,-0.016679862524066426,-0.16226770650044012,0,1.07317576939101,-0.7421999709974371,RAP2A,MYOG,LMC,bHLH
764,-0.6294050389829617,-0.22772750011888523,1,-2.77861016108699,-0.8924222747670391,DLGAP5,FOXM1,MEF,Forkhead
705,-0.12424785148432936,-0.16226770650044012,1,1.96907516552775,1.5832905427173305,CXXC4,MAX,MEF,bHLH
1285,-0.07675555573538734,-0.09391104304834053,0,-1.73109418771401,-1.4319990785716337,GRIN1,RFX5,LMC,HTH
198,-0.5263204549945071,-0.23042526569186958,1,-3.3044652172803,-3.2465831007932575,ARHGEF39,E2F1,MEF,E2F
2571,-0.2531799907181821,-0.21807786581075275,0,2.21199249094667,1.8938727161034836,SAMSN1,MAFK,LMC,bZIP
296,-0.39206578990544383,-0.24055162484804216,1,-1.59805342544592,-1.7850340922237924,BLNK,EGR1,MEF,Zf
259,-0.21040797732426292,-0.24055162484804216,0,1.24295821941063,1.1928608219868,B3GNT8,YY1,LMC,Zf
1613,-0.21040797732426292,-0.24055162484804216,0,2.4317777613676,2.4346143686782797,LAD1,YY1,LMC,Zf
239,-0.2384484828274451,-0.35874841498741566,1,-4.63790115428554,0.019984476508668445,ATP1A3,ELF1,MEF,ETS
470,-0.3441801093275379,-0.16226770650044012,1,-2.25890499537823,-1.7861225034233712,CDC42EP5,TCF12,MEF,bHLH
1422,-0.20320451878994805,-0.21807786581075275,0,1.726624124986,1.5364923023067758,IGFBP4,ATF3,LMC,bZIP
2229,-0.25726485204107,-0.25726485204107,1,-2.03585184324305,-1.8706093094726852,PLA2G4C,NRF1,MEF,NRF
3184,-0.016679862524066426,-0.16226770650044012,0,-1.2625906051746,-1.1256177497411257,UST,MYOG,LMC,bHLH
2615,-0.12424785148432936,-0.16226770650044012,0,-1.46513423498235,-1.4732470711517789,SEMA6A,MAX,LMC,bHLH
2591,0.023694036513735375,-0.22772750011888523,1,-1.78273891404674,0.11417330358046637,SCN9A,FOXA1,MEF,Forkhead
1908,-0.024333375166328407,-0.24055162484804216,0,2.08094282563137,0.19933766274622833,MYH14,CTCF,LMC,Zf
2678,-0.2202036001067245,-0.21807786581075275,1,-1.35194087586138,-1.088366272186974,SKP2,MAFF,MEF,bZIP
1493,0.01123290849505778,-0.24055162484804216,1,1.4996248457249,-0.828061356416202,ITGA8,GATA3,MEF,Zf
513,-0.6294050389829617,-0.22772750011888523,0,-1.3525440584189,-1.2626385353525285,CENPH,FOXM1,LMC,Forkhead
1691,-0.15589533538605682,-0.16226770650044012,1,1.57129493062406,-2.080741608546309,LRFN5,USF2,MEF,bHLH
2316,-0.17107733425117988,-0.23042526569186958,0,-1.20611025138489,-1.2159756195579603,PPP1R36,E2F6,LMC,E2F
115,0.023694036513735375,-0.22772750011888523,1,-1.46853695672575,-1.063212934659029,ALDH3B1,FOXA1,MEF,Forkhead
103,-0.17068129734876603,-0.21807786581075275,0,-1.30472250216679,-0.8995085317045092,AKAP12,JUND,LMC,bZIP
1553,-0.2490020295772001,-0.24055162484804216,0,1.28517204387347,-0.6372176902064293,KCNK6,GATA2,LMC,Zf
2641,-0.2781468465397177,-0.24055162484804216,0,-1.30244599015757,-1.0852125815442357,SGOL2,SP1,LMC,Zf
1033,-0.2781468465397177,-0.24055162484804216,1,1.37290435493264,-0.48019521526336495,FBXO27,SP1,MEF,Zf
41,-0.26925687732944,-0.21807786581075275,0,1.69437888610921,0.7384312291800067,ACTN3,FOS,LMC,bZIP
416,-0.2202036001067245,-0.21807786581075275,0,1.98389732052928,1.906908097410743,CCL5,MAFF,LMC,bZIP
3056,-0.17068129734876603,-0.21807786581075275,0,1.851144354377,0.08142548549320186,TNFAIP8L2,JUND,LMC,bZIP
2502,-0.7014153380027011,-0.24055162484804216,0,-1.53561175560559,-1.1890965234279305,RHOF,SP2,LMC,Zf
1761,-0.7636466334835217,-0.21807786581075275,0,-4.78522239619105,-0.25831260575880477,MAP3K7CL,BATF,LMC,bZIP
1688,-0.016679862524066426,-0.16226770650044012,1,1.32207445323226,0.9456859099981257,LRCH1,MYOG,MEF,bHLH
1304,-0.10243811445811093,-0.10243811445811093,0,1.79557860486575,1.1346006487781346,GUCY1A3,TEAD4,LMC,TEA
1229,-0.44138880677200293,-0.35874841498741566,0,-1.54093470936659,-1.9510180756087863,GPC6,GABPA,LMC,ETS
1272,-0.367509213401688,-0.367509213401688,1,-1.64322072858882,-1.2425065841951664,GRAP,PAX5,MEF,"Paired,Homeobox"
1481,0.12201789027868709,-0.21807786581075275,1,2.32183354628202,1.709127265460829,IRX3,BACH1,MEF,bZIP
910,-0.13376741412866516,-0.22688628192079743,1,1.34784390842321,1.4280771750902963,EPHB6,STAT3,MEF,Stat
1005,-0.024333375166328407,-0.24055162484804216,1,-1.266722267724,0.27806511159780434,FAM71F1,CTCF,MEF,Zf
1666,-0.26925687732944,-0.21807786581075275,1,2.50962701191253,0.21793671122740713,LIPG,FOS,MEF,bZIP
2259,-0.26925687732944,-0.21807786581075275,1,-3.09747279205238,0.5707237792543323,PLK1,FOS,MEF,bZIP
2250,-0.36394923652108524,-0.36394923652108524,1,-1.29239612926271,-0.15241390865779617,PLEKHG3,EBF1,MEF,EBF
2786,-0.4653646379114139,-0.09391104304834053,1,-1.24692938914532,-1.2601608544036278,SNAI1,MYB,MEF,HTH
1001,-0.3879288830557581,-0.4117228529378932,0,1.53675583410145,0.8434156020729675,FAM49A,PBX3,LMC,Homeobox
952,-0.024333375166328407,-0.24055162484804216,0,2.46387405066583,0.32395565579856767,F5,CTCF,LMC,Zf
781,-0.024333375166328407,-0.24055162484804216,1,-1.77698609693369,0.660871806362561,DNAH6,CTCF,MEF,Zf
992,-0.38280731081485264,-0.21807786581075275,1,1.00646228397572,1.1476538457536056,FAM212B,ATF2,MEF,bZIP
2709,-0.6164626790354744,-0.4667786659818261,0,1.6009575554387,1.3977656251958772,SLC22A18,IRF4,LMC,IRF
683,-0.21040797732426292,-0.24055162484804216,0,1.6376764867435,0.9768220586686163,CTSB,YY1,LMC,Zf
3145,-0.2295785336880661,-0.23042526569186958,1,-1.32949754920419,-1.2181282017980044,TUBA1B,E2F4,MEF,E2F
1218,-0.2134859055500093,-0.16226770650044012,0,-1.40791351049592,-1.520204225046745,GNG8,BHLHE40,LMC,bHLH
29,-0.19305637283257054,-0.24055162484804216,1,-1.44100672629891,-1.185741749742041,ACOT1,MAZ,MEF,Zf
1327,-0.17107733425117988,-0.23042526569186958,0,1.75267686763674,1.726338480354816,HFE,E2F6,LMC,E2F
391,-0.367509213401688,-0.367509213401688,0,-1.06623168509166,-1.1949545232533505,CCDC159,PAX5,LMC,"Paired,Homeobox"
1027,-0.2384484828274451,-0.35874841498741566,1,-1.78584369967516,-1.3631247114954785,FBN1,ELF1,MEF,ETS
2140,-0.26484040662604763,-0.21807786581075275,0,-1.50709385631897,-1.305475228335462,PCDH9,FOSL2,LMC,bZIP
1054,-0.12424785148432936,-0.16226770650044012,1,1.1716865224164,1.2059170518404194,FGF18,MAX,MEF,bHLH
2686,-0.2781468465397177,-0.24055162484804216,1,1.0133885125942,0.8167212630849324,SLC12A2,SP1,MEF,Zf
3098,-0.34334100110644417,-0.35874841498741566,1,-2.25754938545241,-1.926749305819279,TREML4,ETS1,MEF,ETS
794,-0.15589533538605682,-0.16226770650044012,1,-7.53915401425447,-2.6376060634505887,DOCK2,USF2,MEF,bHLH
2871,-0.028028488630146852,-0.16226770650044012,0,-1.81588006159571,-0.19101300400917556,STAG3,USF1,LMC,bHLH
860,-0.420121647582753,-0.24055162484804216,1,2.11517334013374,1.7007711399143495,EFHD1,ZNF263,MEF,Zf
178,-0.35656081815482665,-0.24055162484804216,1,-2.02334125806666,-2.015310656159684,ARHGAP10,ZEB1,MEF,Zf
3134,-0.36394923652108524,-0.36394923652108524,1,2.28253082591475,1.2639887776440393,TTC21A,EBF1,MEF,EBF
716,-0.17107733425117988,-0.23042526569186958,0,-1.08566102735893,-0.5032597444478089,CYP26B1,E2F6,LMC,E2F
1446,-0.36396349791647825,-0.22688628192079743,0,1.17277834852757,1.2852551894912738,IL18RAP,STAT1,LMC,Stat
3009,-0.2531799907181821,-0.21807786581075275,1,1.35703295898885,-1.9309278078011454,TMEM117,MAFK,MEF,bZIP
2398,-0.26925687732944,-0.21807786581075275,1,1.71107997056328,1.349153341296339,PTX3,FOS,MEF,bZIP
1991,-0.19305637283257054,-0.24055162484804216,0,-1.19310953918072,-1.151310919159169,NIM1K,MAZ,LMC,Zf
1711,-0.2490020295772001,-0.24055162484804216,0,1.47996043864215,1.1165765175773656,LRRN4,GATA2,LMC,Zf
1778,-0.21040797732426292,-0.24055162484804216,0,-3.21531392164049,-2.366272462848341,MATN3,YY1,LMC,Zf
25,-0.2490020295772001,-0.24055162484804216,1,3.18066969946884,2.152111640965378,ACHE,GATA2,MEF,Zf
1555,-0.21040797732426292,-0.24055162484804216,0,-2.8231845102634,-2.527048600503348,KCNMB1,YY1,LMC,Zf
2987,-0.17068129734876603,-0.21807786581075275,1,-1.23658623443455,-1.0868016199172668,TINAG,JUND,MEF,bZIP
2875,-0.17107733425117988,-0.23042526569186958,1,-2.01852192431119,-2.0049865003779566,STARD8,E2F6,MEF,E2F
1347,-0.26484040662604763,-0.21807786581075275,1,-2.24742323046206,-2.522565825566435,HMMR,FOSL2,MEF,bZIP
2641,-0.21040797732426292,-0.24055162484804216,0,-1.30244599015757,-0.7564570804489746,SGOL2,YY1,LMC,Zf
1945,-0.17068129734876603,-0.21807786581075275,1,2.03588974200988,0.9762307721228562,NCAM2,JUND,MEF,bZIP
2816,-0.024333375166328407,-0.24055162484804216,1,-4.21242303903556,-2.8566352902200607,SP110,CTCF,MEF,Zf
709,-0.1427744352972257,-0.22772750011888523,1,-1.66905437630875,-0.2645133618511576,CYBA,FOXA2,MEF,Forkhead
2243,-0.19305637283257054,-0.24055162484804216,0,1.91484846940288,1.6374283842739945,PLD4,MAZ,LMC,Zf
1155,-0.07675555573538734,-0.09391104304834053,0,1.72826955999767,0.3276525567988758,GATA4,RFX5,LMC,HTH
2533,-0.10243811445811093,-0.10243811445811093,0,1.35459457772896,0.0704791684687551,RPP25,TEAD4,LMC,TEA
1097,-0.2781468465397177,-0.24055162484804216,1,-2.77674715516565,-1.6484558210660694,FOXD1,SP1,MEF,Zf
1469,-0.2781468465397177,-0.24055162484804216,0,-1.34614119276357,-0.8450421095290547,INSIG1,SP1,LMC,Zf
711,-0.3241398962390605,-0.4667786659818261,1,2.11217937635769,1.762023626808112,CYBRD1,IRF1,MEF,IRF
2172,-0.44138880677200293,-0.35874841498741566,1,-1.41279192676736,0.2023030785333352,PDGFB,GABPA,MEF,ETS
711,-0.2781468465397177,-0.24055162484804216,1,2.11217937635769,1.759831792167466,CYBRD1,SP1,MEF,Zf
2876,-0.2295785336880661,-0.23042526569186958,1,-2.41808164248854,-1.7127165214261957,STARD9,E2F4,MEF,E2F
3077,-0.34334100110644417,-0.35874841498741566,0,-1.50867268856158,-1.5582828153665835,TOM1L1,ETS1,LMC,ETS
898,-0.2531799907181821,-0.21807786581075275,1,-2.2876404489913,0.6621750498121922,ENPP3,MAFK,MEF,bZIP
879,-0.3218229349053168,-0.24055162484804216,1,-2.58541829649739,0.06385389890650835,ELMO1,GATA1,MEF,Zf
1298,-0.2202036001067245,-0.21807786581075275,0,1.79871714318156,1.455591600181028,GSTA4,MAFF,LMC,bZIP
909,-0.5692078006234296,-0.4117228529378932,0,-1.00616267624316,-1.0690653745203682,EPHB3,CUX1,LMC,Homeobox
1727,-0.2588825049450903,-0.2588825049450903,0,-1.8059852208024,-1.5244093479590475,LY75,HNF4A,LMC,NR
275,-0.36396349791647825,-0.22688628192079743,1,2.00489501099902,0.15087372121699277,BCAR3,STAT1,MEF,Stat
1357,-0.028028488630146852,-0.16226770650044012,0,-1.81722137187069,-1.4968751801815736,HOXA2,USF1,LMC,bHLH
2743,-0.2384484828274451,-0.35874841498741566,0,1.463380371895,1.446245855356903,SLC40A1,ELF1,LMC,ETS
329,-0.15589533538605682,-0.16226770650044012,1,-1.04984739740468,-3.2924910306358557,C1QTNF6,USF2,MEF,bHLH
2306,0.12201789027868709,-0.21807786581075275,0,-1.30889055275559,-1.376304769474567,PPFIA2,BACH1,LMC,bZIP
2475,-0.3441801093275379,-0.16226770650044012,1,-1.44061168735286,2.150052916560815,RBPMS,TCF12,MEF,bHLH
175,-0.016679862524066426,-0.16226770650044012,0,1.14913751880714,1.1579944306437957,ARAP2,MYOG,LMC,bHLH
890,-0.016679862524066426,-0.16226770650044012,1,-1.72130718281428,2.5047594761751424,EN1,MYOG,MEF,bHLH
2479,-0.07675555573538734,-0.09391104304834053,1,-1.57338724010975,1.3688515623365989,RCSD1,RFX5,MEF,HTH
635,-0.26925687732944,-0.21807786581075275,1,1.78867113327481,1.1759623829553199,COX6B2,FOS,MEF,bZIP
2485,-0.36396349791647825,-0.22688628192079743,1,3.63110658670554,-1.6114145203808488,RERG,STAT1,MEF,Stat
2981,-0.38280731081485264,-0.21807786581075275,0,1.74334891573225,0.648227541308165,TICAM2,ATF2,LMC,bZIP
334,-0.3441801093275379,-0.16226770650044012,1,-7.57723638499168,-6.733787679254062,C5AR1,TCF12,MEF,bHLH
2739,-0.3864884434229737,-0.3864884434229737,0,1.07554724816405,1.0201656874345384,SLC39A10,TCF3,LMC,HMG
318,-0.6294050389829617,-0.22772750011888523,1,1.90766419450925,-1.802774769301099,BTLA,FOXM1,MEF,Forkhead
1806,-0.028028488630146852,-0.16226770650044012,1,2.23278078032331,2.043699987837444,MEIOB,USF1,MEF,bHLH
736,-0.36396349791647825,-0.22688628192079743,1,1.21253077226439,-0.14975523593733173,DCXR,STAT1,MEF,Stat
938,-0.024333375166328407,-0.24055162484804216,1,1.89579617504201,0.3183171143076647,EXOC3L2,CTCF,MEF,Zf
762,-0.21040797732426292,-0.24055162484804216,0,1.09464442057264,0.940630864235343,DLEU2,YY1,LMC,Zf
2408,-0.2531799907181821,-0.21807786581075275,0,-1.23672453135472,0.08185161451938341,QSOX1,MAFK,LMC,bZIP
346,-0.016679862524066426,-0.16226770650044012,1,2.3050515227329,2.1993935844273906,CACNB2,MYOG,MEF,bHLH
422,-0.39206578990544383,-0.24055162484804216,1,-3.75573412612852,-3.412119624334136,CCNB2,EGR1,MEF,Zf
1421,-0.12424785148432936,-0.16226770650044012,1,-1.30620556259726,-0.8129824718713814,IGF2BP3,MAX,MEF,bHLH
512,-0.44138880677200293,-0.35874841498741566,1,-2.39804093947349,-2.460099305942413,CENPF,GABPA,MEF,ETS
2277,-0.10243811445811093,-0.10243811445811093,1,-1.67266293787219,-0.3614210308705135,PMF1,TEAD4,MEF,TEA
1044,-0.367509213401688,-0.367509213401688,1,-5.35759327366017,-4.041283625082961,FERMT3,PAX5,MEF,"Paired,Homeobox"
1648,-0.2295785336880661,-0.23042526569186958,0,1.39432488372804,1.2202203888303864,LGMN,E2F4,LMC,E2F
1265,-0.3879288830557581,-0.4117228529378932,1,2.4965943904459,0.9947398741951216,GPRC5A,PBX3,MEF,Homeobox
1951,-0.3441801093275379,-0.16226770650044012,0,1.45744396290933,0.6126248863506187,NCEH1,TCF12,LMC,bHLH
437,-0.36396349791647825,-0.22688628192079743,0,3.05569276617578,2.8541727648951447,CD22,STAT1,LMC,Stat
3239,-0.17107733425117988,-0.23042526569186958,1,9.86262990937473,5.2008582934791425,XIST,E2F6,MEF,E2F
2094,-0.07675555573538734,-0.09391104304834053,0,-1.90196413545541,-1.5247627875489247,OSR1,RFX5,LMC,HTH
1578,-0.26925687732944,-0.21807786581075275,0,-2.1700677220651,-1.9251886958775648,KIF2C,FOS,LMC,bZIP
1326,-0.36396349791647825,-0.22688628192079743,1,1.7722064028103,0.8030854177974066,HERC3,STAT1,MEF,Stat
349,-0.2384484828274451,-0.35874841498741566,0,1.27751062385433,1.1433080958238093,CADM2,ELF1,LMC,ETS
1103,-0.44138880677200293,-0.35874841498741566,0,-1.1218794612056,-0.8587322333099233,FOXP1,GABPA,LMC,ETS
906,-0.3241398962390605,-0.4667786659818261,0,-1.47598741093167,-1.4759874109316704,EPHA4,IRF1,LMC,IRF
831,-0.4338340387794032,-0.21807786581075275,1,1.24284518660575,-0.07267922592831823,DYNC2LI1,ATF1,MEF,bZIP
2800,-0.36394923652108524,-0.36394923652108524,0,1.10695031251757,1.0346070175343076,SOAT1,EBF1,LMC,EBF
1139,-0.17107733425117988,-0.23042526569186958,1,-2.53046737953062,0.35141948222947667,GALNT12,E2F6,MEF,E2F
764,-0.3879288830557581,-0.4117228529378932,1,-2.77861016108699,0.11462547971137099,DLGAP5,PBX3,MEF,Homeobox
80,-0.21040797732426292,-0.24055162484804216,0,-1.85487740745499,-1.3786086417319872,ADORA2B,YY1,LMC,Zf
1626,-0.420121647582753,-0.24055162484804216,1,-1.20721833631676,0.361061465144588,LASP1,ZNF263,MEF,Zf
2633,0.12201789027868709,-0.21807786581075275,0,-1.57606414374933,-0.5019143461435714,SFRP1,BACH1,LMC,bZIP
2582,-0.73605500464993,-0.4667786659818261,0,1.94404150964606,-0.5089384321389042,SCIN,IRF3,LMC,IRF
2857,-0.26925687732944,-0.21807786581075275,0,-1.06293551098304,-0.8742771407454873,SSC5D,FOS,LMC,bZIP
2762,-0.367509213401688,-0.367509213401688,0,1.14204392419731,0.9777064825099555,SLC9A3R1,PAX5,LMC,"Paired,Homeobox"
1933,0.023694036513735375,-0.22772750011888523,0,-1.05436822613132,1.51815459552782,NAALAD2,FOXA1,LMC,Forkhead
1834,-0.2384484828274451,-0.35874841498741566,1,-3.78617921069156,0.19250038757285665,MKI67,ELF1,MEF,ETS
1995,-0.17068129734876603,-0.21807786581075275,1,-1.79862701384107,0.42278593686791494,NKAIN3,JUND,MEF,bZIP
1569,-0.420121647582753,-0.24055162484804216,0,-1.70112877149519,-1.5389506622094495,KIF18B,ZNF263,LMC,Zf
1166,-0.21040797732426292,-0.24055162484804216,0,1.04053157521072,1.3738640040684806,GCLM,YY1,LMC,Zf
1059,-0.024333375166328407,-0.24055162484804216,1,-1.30648104502404,-0.5847058785501629,FGFR1,CTCF,MEF,Zf
2969,-0.26484040662604763,-0.21807786581075275,1,-1.15543613683925,-2.2640499762046438,TGFB1I1,FOSL2,MEF,bZIP
1509,-0.2134859055500093,-0.16226770650044012,1,-1.44881067617991,-0.481896715169159,JADE1,BHLHE40,MEF,bHLH
91,-0.420121647582753,-0.24055162484804216,0,-1.06859955874471,-0.14966067069313976,AGPAT9,ZNF263,LMC,Zf
982,-0.21040797732426292,-0.24055162484804216,1,1.9927673408171,2.018587609632444,FAM184A,YY1,MEF,Zf
2342,-0.2384484828274451,-0.35874841498741566,1,1.93262260552631,0.5239117064161525,PROSER2,ELF1,MEF,ETS
749,-0.5263204549945071,-0.23042526569186958,1,-2.5682230846885,-1.2024207412312102,DEPDC1B,E2F1,MEF,E2F
1759,-0.3825682599092054,-0.35874841498741566,0,-1.20195710611927,-1.2840507675893524,MAP2K6,ELK1,LMC,ETS
2652,-0.21040797732426292,-0.24055162484804216,1,-1.04770872945372,-1.0538398104212738,SH3PXD2B,YY1,MEF,Zf
2529,-0.21040797732426292,-0.24055162484804216,0,-1.49220906542804,-0.4314832131060575,ROR1,YY1,LMC,Zf
3174,-0.15589533538605682,-0.16226770650044012,1,1.62250715769651,-0.7586746037967828,UNC5D,USF2,MEF,bHLH
1346,-0.3441801093275379,-0.16226770650044012,1,-2.7170715453491,-1.8878358766962449,HMHA1,TCF12,MEF,bHLH
216,-0.5444726494898747,-0.5293658635384044,1,3.12962584486479,1.8854371061737305,ART3,MEF2A,MEF,MADS
2051,-0.25726485204107,-0.25726485204107,1,3.26103747753101,-0.34205019855243896,NTRK2,NRF1,MEF,NRF
340,0.12201789027868709,-0.21807786581075275,1,-1.36183817971496,0.28238770419288484,CACNA1G,BACH1,MEF,bZIP
3031,-0.39206578990544383,-0.24055162484804216,0,-1.20620524419513,0.45740401527209207,TMEM220,EGR1,LMC,Zf
52,-0.15589533538605682,-0.16226770650044012,1,-2.28287475331432,-2.1856558298756816,ADAM5,USF2,MEF,bHLH
2893,-0.2384484828274451,-0.35874841498741566,0,1.51284286980571,0.5141982694439645,STRA6,ELF1,LMC,ETS
2698,-0.3441801093275379,-0.16226770650044012,1,2.93202883553792,-1.16065991137559,SLC16A14,TCF12,MEF,bHLH
1706,-0.024333375166328407,-0.24055162484804216,1,1.25254450235524,1.451867018343436,LRRC75B,CTCF,MEF,Zf
1198,-0.26925687732944,-0.21807786581075275,1,-2.26191642826939,1.210628388895332,GJC2,FOS,MEF,bZIP
2044,-0.17107733425117988,-0.23042526569186958,0,-4.0192364039799,2.627285028129221,NSG1,E2F6,LMC,E2F
1198,-0.420121647582753,-0.24055162484804216,1,-2.26191642826939,0.8772598083146089,GJC2,ZNF263,MEF,Zf
2676,-0.3879288830557581,-0.4117228529378932,1,-2.10780532461424,-2.3452077163786718,SKA1,PBX3,MEF,Homeobox
519,-0.028028488630146852,-0.16226770650044012,0,-1.14569791585651,-1.1468459077466746,CENPQ,USF1,LMC,bHLH
1720,-0.3879288830557581,-0.4117228529378932,0,-2.12555056976554,-1.4821705220036687,LTBP1,PBX3,LMC,Homeobox
1231,-0.21040797732426292,-0.24055162484804216,0,1.52548169923708,-0.9186435069263097,GPM6A,YY1,LMC,Zf
2586,-0.028028488630146852,-0.16226770650044012,1,1.44990055505487,0.005671423107228262,SCN1B,USF1,MEF,bHLH
2024,-0.35656081815482665,-0.24055162484804216,1,-1.06631322407724,-0.08388239334106616,NPL,ZEB1,MEF,Zf
2026,-0.2531799907181821,-0.21807786581075275,0,-1.81031662538622,-0.8540927749076127,NPR3,MAFK,LMC,bZIP
614,-0.21040797732426292,-0.24055162484804216,0,1.69194792886115,-2.4775323922896306,COL22A1,YY1,LMC,Zf
1514,-0.19305637283257054,-0.24055162484804216,1,1.06579258854101,-0.17161273118679257,JAM2,MAZ,MEF,Zf
829,-0.25726485204107,-0.25726485204107,0,-1.17747353187961,-0.9658061408116133,DUT,NRF1,LMC,NRF
942,-0.12424785148432936,-0.16226770650044012,1,2.2301525275649,1.8230854738772053,EYA2,MAX,MEF,bHLH
3235,-0.2202036001067245,-0.21807786581075275,0,1.66189980207971,1.2389010329715149,WT1,MAFF,LMC,bZIP
1792,-0.6294050389829617,-0.22772750011888523,0,1.95371509724689,1.3166872881367209,MCOLN2,FOXM1,LMC,Forkhead
218,-0.420121647582753,-0.24055162484804216,0,-1.31210114322349,-0.5569450340188404,ARTN,ZNF263,LMC,Zf
2448,-0.2202036001067245,-0.21807786581075275,0,2.22147827010398,1.2200083092599174,RAPGEF5,MAFF,LMC,bZIP
3073,-0.2134859055500093,-0.16226770650044012,0,-1.41293644589168,0.13173439231309994,TNNT3,BHLHE40,LMC,bHLH
1073,-0.26925687732944,-0.21807786581075275,0,-1.46075132609887,-0.6312745502694255,FILIP1L,FOS,LMC,bZIP
538,-0.36396349791647825,-0.22688628192079743,1,-1.82717985390422,-0.2990690807082234,CHAF1B,STAT1,MEF,Stat
469,-0.25726485204107,-0.25726485204107,0,-1.08880876245464,-1.1131569522712788,CDC42EP4,NRF1,LMC,NRF
847,-0.420121647582753,-0.24055162484804216,0,-2.12839574923164,-0.034145123167593244,ECSCR,ZNF263,LMC,Zf
113,-0.3864884434229737,-0.3864884434229737,0,-1.98014191079215,0.17208237227243706,ALDH1L2,TCF3,LMC,HMG
207,-0.024333375166328407,-0.24055162484804216,0,1.48293126728295,1.3486162637356043,ARL4D,CTCF,LMC,Zf
2651,-0.19305637283257054,-0.24055162484804216,1,-1.09294851276797,-1.0947751789614124,SH3KBP1,MAZ,MEF,Zf
1959,-0.12424785148432936,-0.16226770650044012,1,2.12947183778239,0.9967486825649641,NDP,MAX,MEF,bHLH
353,-0.2531799907181821,-0.21807786581075275,0,-1.62535534434489,-1.498497385324428,CALML4,MAFK,LMC,bZIP
276,-0.38280731081485264,-0.21807786581075275,0,-2.52309707321754,-2.2958486395187685,BCAT1,ATF2,LMC,bZIP
108,0.5522402326254439,-0.24055162484804216,1,1.07862740724675,-0.863260919315603,ALCAM,PRDM1,MEF,Zf
2949,-0.36396349791647825,-0.22688628192079743,0,1.39093876319334,0.43354573040079475,TCFL5,STAT1,LMC,Stat
1672,-0.07675555573538734,-0.09391104304834053,0,-2.15792699391474,-1.31762096359479,LMOD1,RFX5,LMC,HTH
1107,-0.25726485204107,-0.25726485204107,1,-2.7700119198832,0.5511131639684244,FOXS1,NRF1,MEF,NRF
2853,-0.2781468465397177,-0.24055162484804216,1,-3.39538592314641,-2.0123327029105518,SRGN,SP1,MEF,Zf
3052,0.12201789027868709,-0.21807786581075275,0,-2.13258332756109,-1.6287345279828573,TNC,BACH1,LMC,bZIP
2697,-0.2490020295772001,-0.24055162484804216,1,-1.49067063119562,0.020483341745303772,SLC16A13,GATA2,MEF,Zf
764,-0.2295785336880661,-0.23042526569186958,1,-2.77861016108699,-0.9234393207224535,DLGAP5,E2F4,MEF,E2F
1016,-0.13376741412866516,-0.22688628192079743,1,-1.82219618288015,-1.6184556824022247,FANCD2,STAT3,MEF,Stat
2243,-0.19305637283257054,-0.24055162484804216,1,-6.52649558262821,-3.0198552250304442,PLD4,MAZ,MEF,Zf
170,-0.2781468465397177,-0.24055162484804216,1,2.20810576146479,-1.7056451069064922,APOH,SP1,MEF,Zf
914,-0.7458206212504059,-0.24055162484804216,0,2.10752386874535,0.6082120497714134,EPSTI1,BCL11A,LMC,Zf
1582,-0.024333375166328407,-0.24055162484804216,0,1.20216022419982,0.6192234639232735,KIF9,CTCF,LMC,Zf
2714,-0.024333375166328407,-0.24055162484804216,1,2.39566497248346,1.0747119529927098,SLC25A21,CTCF,MEF,Zf
938,-0.17107733425117988,-0.23042526569186958,1,1.89579617504201,-0.36840991591010036,EXOC3L2,E2F6,MEF,E2F
2975,-0.6294050389829617,-0.22772750011888523,0,-1.10337016351696,-0.2067245779876899,THBS1,FOXM1,LMC,Forkhead
2537,-0.13376741412866516,-0.22688628192079743,1,-1.8166341585174,1.256559662479227,RPS6KA1,STAT3,MEF,Stat
2048,-0.2781468465397177,-0.24055162484804216,1,3.10482441942074,-0.18380927384871107,NT5E,SP1,MEF,Zf
3222,-0.028028488630146852,-0.16226770650044012,0,-3.27724887259077,-1.5060481731810536,WISP2,USF1,LMC,bHLH
68,-0.2384484828274451,-0.35874841498741566,1,-6.45353342955271,-5.009154281738509,ADAP2,ELF1,MEF,ETS
2972,-0.028028488630146852,-0.16226770650044012,1,-1.32670648805321,-0.5635031943446006,TGM2,USF1,MEF,bHLH
1695,-0.3879288830557581,-0.4117228529378932,1,-2.32937255466157,-1.7888157466582482,LRR1,PBX3,MEF,Homeobox
2944,-0.2384484828274451,-0.35874841498741566,0,2.1293690334281,2.0506234253084163,TBXAS1,ELF1,LMC,ETS
891,-0.39206578990544383,-0.24055162484804216,1,5.2176253554421,2.63489979720574,EN2,EGR1,MEF,Zf
1650,-0.17068129734876603,-0.21807786581075275,1,1.68975869198379,-1.3201331050077214,LHX4,JUND,MEF,bZIP
1159,-0.73605500464993,-0.4667786659818261,1,1.45891375231574,1.1949508014286905,GBP5,IRF3,MEF,IRF
1791,-0.07675555573538734,-0.09391104304834053,1,-1.8528816001039,-1.9506341137589986,MCM6,RFX5,MEF,HTH
958,-0.2531799907181821,-0.21807786581075275,0,-1.05370308794805,-0.5543812439646904,FADS3,MAFK,LMC,bZIP
365,-0.20320451878994805,-0.21807786581075275,1,-4.50319938477147,-1.7277713741246798,CARD9,ATF3,MEF,bZIP
3049,0.12201789027868709,-0.21807786581075275,1,1.40901955346108,0.4681562656342497,TMOD1,BACH1,MEF,bZIP
763,-0.15589533538605682,-0.16226770650044012,0,2.43770043152872,1.838740305144188,DLG2,USF2,LMC,bHLH
599,-0.024333375166328407,-0.24055162484804216,1,-3.5096624876874,0.37636341763122294,CNR2,CTCF,MEF,Zf
2102,-0.3879288830557581,-0.4117228529378932,1,-3.70114666908123,1.8466966895900538,P2RY12,PBX3,MEF,Homeobox
2480,-0.17068129734876603,-0.21807786581075275,0,-1.11512209530539,-0.5327307594098021,RDH12,JUND,LMC,bZIP
56,-0.26484040662604763,-0.21807786581075275,1,-1.60965307455151,-1.6021117015612785,ADAMTS12,FOSL2,MEF,bZIP
174,-0.39206578990544383,-0.24055162484804216,1,-1.66046329637405,-1.9268520123541044,ARAP1,EGR1,MEF,Zf
1100,-0.44138880677200293,-0.35874841498741566,1,3.06512997494896,0.013744081834130228,FOXL1,GABPA,MEF,ETS
562,-0.36396349791647825,-0.22688628192079743,1,-1.19186288493783,1.1170323098141686,CKAP2,STAT1,MEF,Stat
2249,-0.35656081815482665,-0.24055162484804216,1,1.15271259876003,0.1907479520517618,PLEKHG1,ZEB1,MEF,Zf
2742,-0.4338340387794032,-0.21807786581075275,0,1.46235789888807,1.4404880815917989,SLC39A8,ATF1,LMC,bZIP
450,-0.21040797732426292,-0.24055162484804216,1,-6.20798443020464,-6.023549228655343,CD52,YY1,MEF,Zf
1881,-0.44138880677200293,-0.35874841498741566,1,1.05245446159028,-1.021733594187171,MSI2,GABPA,MEF,ETS
997,-0.420121647582753,-0.24055162484804216,0,-1.75327919236448,-1.3953836555476355,FAM43A,ZNF263,LMC,Zf
684,-0.2202036001067245,-0.21807786581075275,1,-1.47398126315698,-0.45950705668043873,CTSC,MAFF,MEF,bZIP
2719,-0.024333375166328407,-0.24055162484804216,1,4.73416354031344,1.7272259280191598,SLC26A7,CTCF,MEF,Zf
2155,-0.2781468465397177,-0.24055162484804216,0,-2.47708326135664,-1.5419449723399896,PCOLCE,SP1,LMC,Zf
1781,-0.3218229349053168,-0.24055162484804216,1,-1.91399422387466,-1.264724492649541,MBP,GATA1,MEF,Zf
319,-0.3441801093275379,-0.16226770650044012,1,1.09978149729961,-0.011495195013744314,BTN2A2,TCF12,MEF,bHLH
2785,-0.2490020295772001,-0.24055162484804216,0,1.16663406036164,1.0448687267200536,SMYD1,GATA2,LMC,Zf
2563,-0.2490020295772001,-0.24055162484804216,1,-1.74298734228457,1.1111517364121255,S1PR1,GATA2,MEF,Zf
2544,-0.2295785336880661,-0.23042526569186958,1,1.30997366918409,1.444759219023063,RSPH1,E2F4,MEF,E2F
2260,-0.3825682599092054,-0.35874841498741566,1,-1.06024887079135,-1.8484320802208685,PLK3,ELK1,MEF,ETS
400,-0.420121647582753,-0.24055162484804216,1,1.69037125761884,1.6661629575589336,CCDC68,ZNF263,MEF,Zf
1506,-0.2295785336880661,-0.23042526569186958,0,1.17759645335527,1.2566921634693906,ITPR1,E2F4,LMC,E2F
613,-0.21040797732426292,-0.24055162484804216,0,-2.62487820089675,-2.4775323922896306,COL19A1,YY1,LMC,Zf
1901,-0.25726485204107,-0.25726485204107,1,1.12093207460751,-0.7433363145490256,MYBL1,NRF1,MEF,NRF
1224,-0.10243811445811093,-0.10243811445811093,0,-2.2646875579569,-0.06250003148919583,GP1BB,TEAD4,LMC,TEA
229,-0.2531799907181821,-0.21807786581075275,1,-2.81717383669163,-2.302740411413599,ASPM,MAFK,MEF,bZIP
3236,-0.07675555573538734,-0.09391104304834053,0,1.14579429923485,0.6643320291106444,WWP1,RFX5,LMC,HTH
2229,-0.17068129734876603,-0.21807786581075275,1,-2.03585184324305,-1.0183516655839364,PLA2G4C,JUND,MEF,bZIP
434,-0.028028488630146852,-0.16226770650044012,1,-7.7602084798502,-4.415210552253793,CD180,USF1,MEF,bHLH
492,-0.15589533538605682,-0.16226770650044012,0,-1.4240874662344,-1.2905375118183813,CDKL1,USF2,LMC,bHLH
175,-0.5263204549945071,-0.23042526569186958,0,1.14913751880714,1.3369360185370414,ARAP2,E2F1,LMC,E2F
969,-0.44138880677200293,-0.35874841498741566,1,1.23830891859308,1.0999543030858492,FAM131C,GABPA,MEF,ETS
2752,-0.2490020295772001,-0.24055162484804216,1,1.40645862017294,-0.5362805991146861,SLC4A8,GATA2,MEF,Zf
1182,-0.34334100110644417,-0.35874841498741566,1,1.28941918021194,1.454663023392058,GGCT,ETS1,MEF,ETS
2031,-0.2202036001067245,-0.21807786581075275,1,1.6603360818878,1.2613720380795836,NQO1,MAFF,MEF,bZIP
2468,0.5522402326254439,-0.24055162484804216,0,1.15511136373488,1.236379580846122,RBKS,PRDM1,LMC,Zf
975,-0.07675555573538734,-0.09391104304834053,1,1.2401815530898,1.355200026264705,FAM161B,RFX5,MEF,HTH
1473,-0.4338340387794032,-0.21807786581075275,1,-2.92615095993494,-3.2033498959961575,IQGAP3,ATF1,MEF,bZIP
818,-0.38280731081485264,-0.21807786581075275,0,-1.41724630665825,-0.4289158843006701,DTL,ATF2,LMC,bZIP
2704,-0.7458206212504059,-0.24055162484804216,0,-1.40649818857836,-1.1026293169245223,SLC17A9,BCL11A,LMC,Zf
1278,-0.35656081815482665,-0.24055162484804216,1,1.48148215116969,1.5022716422600007,GRHL3,ZEB1,MEF,Zf
822,-0.10243811445811093,-0.10243811445811093,0,-2.09123587741223,0.6619267034767007,DUOX1,TEAD4,LMC,TEA
3153,-0.016679862524066426,-0.16226770650044012,1,-1.20854866679605,0.1714864951857095,TWIST2,MYOG,MEF,bHLH
1597,-0.26484040662604763,-0.21807786581075275,1,-3.37533486723335,-1.4457241996292876,KLHL33,FOSL2,MEF,bZIP
1501,-0.024333375166328407,-0.24055162484804216,1,-1.45200703686311,1.9190959250627797,ITGB7,CTCF,MEF,Zf
2177,-0.2295785336880661,-0.23042526569186958,0,-1.03900312371046,-1.2007053344111507,PDIA5,E2F4,LMC,E2F
1337,-0.25726485204107,-0.25726485204107,1,1.9967466068813,0.7533573762662613,HIST2H2AC,NRF1,MEF,NRF
630,-0.07675555573538734,-0.09391104304834053,1,-4.2288874048856,-0.9078025546106396,CORO1A,RFX5,MEF,HTH
194,-0.17068129734876603,-0.21807786581075275,0,-1.26829071451464,0.20485112026646138,ARHGEF25,JUND,LMC,bZIP
730,-0.3879288830557581,-0.4117228529378932,0,-2.06610004223366,-0.4931689721573044,DCHS1,PBX3,LMC,Homeobox
998,-0.3879288830557581,-0.4117228529378932,0,-1.495435769864,-1.4993565725082731,FAM46B,PBX3,LMC,Homeobox
455,-0.4338340387794032,-0.21807786581075275,0,2.6942826782236,2.534970928016372,CD69,ATF1,LMC,bZIP
3254,-0.17107733425117988,-0.23042526569186958,1,1.00000841304495,0.30726364786881766,ZFP2,E2F6,MEF,E2F
2071,-0.6164626790354744,-0.4667786659818261,0,2.25315774616314,1.580197652876787,OAS3,IRF4,LMC,IRF
3076,-0.0686255467634714,-0.35874841498741566,1,1.28085910518458,1.0994536592071555,TOB1,ELK4,MEF,ETS
3011,-0.2781468465397177,-0.24055162484804216,0,-2.66844146682901,-2.520448142138361,TMEM121,SP1,LMC,Zf
1531,-0.44138880677200293,-0.35874841498741566,1,1.9358693599311,0.8155214461236372,KCNB1,GABPA,MEF,ETS
134,-0.2134859055500093,-0.16226770650044012,1,1.16548731041712,-0.6458715421285142,ANGPTL6,BHLHE40,MEF,bHLH
3261,-0.2134859055500093,-0.16226770650044012,1,1.07594447809791,-0.03100726849787746,ZKSCAN4,BHLHE40,MEF,bHLH
2615,-0.15589533538605682,-0.16226770650044012,0,-1.46513423498235,-1.5195842056271898,SEMA6A,USF2,LMC,bHLH
3070,-0.2531799907181821,-0.21807786581075275,1,-1.19928189685922,-0.6977640513306538,TNNI3,MAFK,MEF,bZIP
2125,-0.6294050389829617,-0.22772750011888523,0,1.67444194494018,0.18101054873543979,PARP14,FOXM1,LMC,Forkhead
2979,-0.36394923652108524,-0.36394923652108524,1,-5.70150854605767,-4.143585214597519,THEMIS2,EBF1,MEF,EBF
1697,-0.2384484828274451,-0.35874841498741566,0,-1.53337520776607,-0.4853115799585533,LRRC16A,ELF1,LMC,ETS
425,-0.3825682599092054,-0.35874841498741566,0,-2.59543354538128,-1.9425387925415034,CCNJL,ELK1,LMC,ETS
2797,-0.17107733425117988,-0.23042526569186958,1,1.20718208298321,1.3290740084260364,SNX16,E2F6,MEF,E2F
3033,-0.028028488630146852,-0.16226770650044012,1,3.98121391817439,0.6252609358946412,TMEM229A,USF1,MEF,bHLH
460,-0.36396349791647825,-0.22688628192079743,1,-3.73496442784358,-3.745465565209128,CD83,STAT1,MEF,Stat
1794,-0.39206578990544383,-0.24055162484804216,0,1.96495392722866,1.2627383510102266,MCTP1,EGR1,LMC,Zf
2952,-0.15589533538605682,-0.16226770650044012,0,-1.4989629756277,0.4184348500311218,TEAD2,USF2,LMC,bHLH
2034,-0.36396349791647825,-0.22688628192079743,1,1.69022432355717,0.6504448246328479,NR3C2,STAT1,MEF,Stat
943,-0.367509213401688,-0.367509213401688,1,-1.15473808336152,-0.6737746073637304,EYA4,PAX5,MEF,"Paired,Homeobox"
2070,-0.367509213401688,-0.367509213401688,1,-1.74590028948839,-1.010439635647316,OAS2,PAX5,MEF,"Paired,Homeobox"
1412,-0.12424785148432936,-0.16226770650044012,1,1.11343240556296,-1.138211579238289,IER3,MAX,MEF,bHLH
2764,-0.3879288830557581,-0.4117228529378932,1,-1.71721205740483,-1.159545664490508,SLC9A9,PBX3,MEF,Homeobox
1221,-0.12424785148432936,-0.16226770650044012,1,1.73376805098353,3.8431709479490634,GORAB,MAX,MEF,bHLH
451,-0.2531799907181821,-0.21807786581075275,0,2.0789712890097,2.011958249948737,CD53,MAFK,LMC,bZIP
2286,-0.2384484828274451,-0.35874841498741566,0,3.9140576319777,0.2980997321122307,PODXL,ELF1,LMC,ETS
3188,-0.36396349791647825,-0.22688628192079743,1,-1.03239494791136,-0.989012355940607,VASP,STAT1,MEF,Stat
2805,0.023694036513735375,-0.22772750011888523,0,-2.09647471179035,-0.8163421829828852,SORBS2,FOXA1,LMC,Forkhead
951,-0.2202036001067245,-0.21807786581075275,0,-1.22121692603149,-1.0240788150281548,F3,MAFF,LMC,bZIP
706,0.01123290849505778,-0.24055162484804216,1,1.17172577203364,1.5262913161696607,CXXC5,GATA3,MEF,Zf
2369,-0.13755040436917615,-0.4117228529378932,1,3.41152445883898,0.25717515106862415,PTCHD2,NANOG,MEF,Homeobox
522,-0.3218229349053168,-0.24055162484804216,0,1.26401131755558,1.164577630852343,CENPV,GATA1,LMC,Zf
2047,-0.34334100110644417,-0.35874841498741566,1,-3.18610440050238,-2.2045120930508797,NT5DC2,ETS1,MEF,ETS
2450,-0.3825682599092054,-0.35874841498741566,0,-1.05231333068148,-0.5800745602184041,RARG,ELK1,LMC,ETS
458,-0.2134859055500093,-0.16226770650044012,0,-1.5789323637807,-0.4668126992059727,CD80,BHLHE40,LMC,bHLH
1119,-0.17107733425117988,-0.23042526569186958,0,-1.56991576152383,-1.3355734047448908,FST,E2F6,LMC,E2F
1773,-0.34939441107522407,-0.24055162484804216,1,-1.05508208421694,-0.9954486351821673,MAST1,ZKSCAN1,MEF,Zf
3187,-0.38280731081485264,-0.21807786581075275,0,-1.34161711295415,-0.7854393352321746,VASH2,ATF2,LMC,bZIP
3239,-0.20320451878994805,-0.21807786581075275,1,9.86262990937473,4.852895013692965,XIST,ATF3,MEF,bZIP
2041,-0.2490020295772001,-0.24055162484804216,1,-3.86600513615225,-0.3936628446408217,NRROS,GATA2,MEF,Zf
1345,-0.016679862524066426,-0.16226770650044012,0,1.8553451527435,0.4624953323397765,HMGCS2,MYOG,LMC,bHLH
477,-0.3441801093275379,-0.16226770650044012,1,-1.43968116149163,-1.4688451011732766,CDCA7L,TCF12,MEF,bHLH
329,-0.13755040436917615,-0.4117228529378932,0,-2.28989215593683,-0.2377304947939431,C1QTNF6,NANOG,LMC,Homeobox
2959,-0.10243811445811093,-0.10243811445811093,0,-1.05619658421394,-0.6607571328967393,TEX14,TEAD4,LMC,TEA
15,-0.3218229349053168,-0.24055162484804216,0,1.12498979792279,1.0299635543258197,ABHD12,GATA1,LMC,Zf
2585,-0.2202036001067245,-0.21807786581075275,0,-1.53385585276527,-2.1681378492661803,SCN1A,MAFF,LMC,bZIP
786,-0.38280731081485264,-0.21807786581075275,0,2.16190721765373,1.7050888776620607,DNAJC6,ATF2,LMC,bZIP
1,-0.19305637283257054,-0.24055162484804216,1,1.17403180056416,0.9354641353412668,A4GALT,MAZ,MEF,Zf
161,-0.3879288830557581,-0.4117228529378932,0,-1.05696766770842,-0.5570747605110629,APH1B,PBX3,LMC,Homeobox
830,-0.21040797732426292,-0.24055162484804216,0,1.5526856553503,0.2498028075743463,DYNC1I1,YY1,LMC,Zf
921,-0.26925687732944,-0.21807786581075275,1,-2.39917654570674,-0.6475488262330432,ESCO2,FOS,MEF,bZIP
3253,-0.5692078006234296,-0.4117228529378932,1,-1.66201529403874,-1.4545027532972876,ZDHHC2,CUX1,MEF,Homeobox
2664,-0.15589533538605682,-0.16226770650044012,0,3.26255845799029,0.8937849629136488,SHISA7,USF2,LMC,bHLH
1268,-0.3441801093275379,-0.16226770650044012,0,-1.16679590504113,1.3859694870918113,GPSM1,TCF12,LMC,bHLH
746,-0.367509213401688,-0.367509213401688,1,-1.61037548559076,-2.5288627151542613,DENND2D,PAX5,MEF,"Paired,Homeobox"
945,-0.10243811445811093,-0.10243811445811093,0,1.62913103681418,1.5144312635192412,EZR,TEAD4,LMC,TEA
2911,-0.2134859055500093,-0.16226770650044012,1,-2.18064992479713,-0.26089848167319885,SYNE2,BHLHE40,MEF,bHLH
3052,-0.13755040436917615,-0.4117228529378932,0,-2.13258332756109,-1.7371990466348146,TNC,NANOG,LMC,Homeobox
3041,-0.19305637283257054,-0.24055162484804216,1,1.58911639566817,1.4492971936823085,TMEM45A,MAZ,MEF,Zf
1367,-0.2295785336880661,-0.23042526569186958,1,-1.31016420018754,-0.7736939697746976,HOXB5,E2F4,MEF,E2F
1148,-0.2134859055500093,-0.16226770650044012,1,-1.36703652008448,-0.5980774201283685,GAREML,BHLHE40,MEF,bHLH
2024,-0.2781468465397177,-0.24055162484804216,1,-1.06631322407724,-0.985505493883396,NPL,SP1,MEF,Zf
3240,-0.2134859055500093,-0.16226770650044012,1,2.28763388438051,1.1679608718593606,XKR4,BHLHE40,MEF,bHLH
940,-0.12424785148432936,-0.16226770650044012,0,-1.04928380645849,-0.9132147763199576,EXT1,MAX,LMC,bHLH
2286,-0.028028488630146852,-0.16226770650044012,0,3.9140576319777,0.8266691089819986,PODXL,USF1,LMC,bHLH
2735,-0.13376741412866516,-0.22688628192079743,0,2.22677538794117,2.141916698957683,SLC35F3,STAT3,LMC,Stat
30,-0.2295785336880661,-0.23042526569186958,1,-1.68969657731149,-1.407665502252916,ACOT4,E2F4,MEF,E2F
291,-0.07675555573538734,-0.09391104304834053,1,1.86802523379668,1.5253155223610608,BHLHA15,RFX5,MEF,HTH
2276,-0.36396349791647825,-0.22688628192079743,1,1.06543967234965,-0.47368158116188447,PMAIP1,STAT1,MEF,Stat
2791,-0.26925687732944,-0.21807786581075275,0,-2.93185492508053,0.004989270367822032,SNED1,FOS,LMC,bZIP
2386,-0.26484040662604763,-0.21807786581075275,1,-5.85839993985972,-4.247641993746412,PTPN6,FOSL2,MEF,bZIP
382,-0.13376741412866516,-0.22688628192079743,1,1.58885651915645,1.394728822651564,CCDC113,STAT3,MEF,Stat
206,-0.12424785148432936,-0.16226770650044012,0,1.03464648404982,0.876115787536932,ARL4C,MAX,LMC,bHLH
2088,-0.21040797732426292,-0.24055162484804216,1,-1.89195409277433,1.010749151925492,OPN3,YY1,MEF,Zf
472,-0.17107733425117988,-0.23042526569186958,1,-1.16198535397929,-1.1536712596466614,CDC7,E2F6,MEF,E2F
2533,-0.34939441107522407,-0.24055162484804216,0,1.35459457772896,1.0377655250082714,RPP25,ZKSCAN1,LMC,Zf
2376,0.12201789027868709,-0.21807786581075275,1,-2.66242552845657,-1.9812817602626425,PTGIS,BACH1,MEF,bZIP
1966,-0.21040797732426292,-0.24055162484804216,1,2.59471853436988,0.6077467937434575,NEBL,YY1,MEF,Zf
3049,-0.2531799907181821,-0.21807786581075275,0,1.33714244287483,0.7428791380278519,TMOD1,MAFK,LMC,bZIP
2411,-0.2588825049450903,-0.2588825049450903,1,3.97424188749577,-0.7969583019762743,RAB17,HNF4A,MEF,NR
556,-0.19305637283257054,-0.24055162484804216,1,-1.31285877421793,-0.8821257275546788,CHSY3,MAZ,MEF,Zf
426,-0.17068129734876603,-0.21807786581075275,1,1.35703714806187,1.0475968515438998,CCNO,JUND,MEF,bZIP
512,0.023694036513735375,-0.22772750011888523,0,-2.24187763995752,-2.2185370203275223,CENPF,FOXA1,LMC,Forkhead
1908,-0.10243811445811093,-0.10243811445811093,1,2.83997444516611,-0.3745567101620352,MYH14,TEAD4,MEF,TEA
1397,-0.34939441107522407,-0.24055162484804216,1,-1.16888047583215,-0.45386123119545707,HSPA12B,ZKSCAN1,MEF,Zf
2817,-0.2781468465397177,-0.24055162484804216,0,1.65282560274896,1.326239983429565,SP140,SP1,LMC,Zf
3060,-0.35656081815482665,-0.24055162484804216,1,-1.68245131894634,-0.9128237995976608,TNFRSF14,ZEB1,MEF,Zf
2027,-0.39206578990544383,-0.24055162484804216,1,-2.04766080988131,0.058102090669933056,NPTX1,EGR1,MEF,Zf
2045,-0.2134859055500093,-0.16226770650044012,0,3.81862712788777,2.9890885799980684,NT5C1A,BHLHE40,LMC,bHLH
2336,-0.2531799907181821,-0.21807786581075275,0,-1.53261289998332,-0.24769531535034214,PRKCG,MAFK,LMC,bZIP
3031,-0.36394923652108524,-0.36394923652108524,0,-1.20620524419513,-0.0823803653483527,TMEM220,EBF1,LMC,EBF
645,-0.3441801093275379,-0.16226770650044012,1,2.28998351004863,1.7968847044547862,CRABP2,TCF12,MEF,bHLH
599,-0.20320451878994805,-0.21807786581075275,1,-3.5096624876874,-0.38142246383270795,CNR2,ATF3,MEF,bZIP
2582,-0.17107733425117988,-0.23042526569186958,1,1.20895668303294,1.6685933536897855,SCIN,E2F6,MEF,E2F
1631,-0.36396349791647825,-0.22688628192079743,0,1.88765751605467,1.3588177141790092,LCP1,STAT1,LMC,Stat
864,-0.25726485204107,-0.25726485204107,1,1.33838286955012,0.15642994657845807,EFNA5,NRF1,MEF,NRF
1379,0.12201789027868709,-0.21807786581075275,0,2.16950985937969,2.653208275893881,HOXD4,BACH1,LMC,bZIP
2126,-0.35656081815482665,-0.24055162484804216,0,-1.97498954069546,-1.3762189949659602,PARPBP,ZEB1,LMC,Zf
449,-0.4338340387794032,-0.21807786581075275,1,-8.10996807721768,-7.5740750173768125,CD48,ATF1,MEF,bZIP
1130,-0.36394923652108524,-0.36394923652108524,1,1.37162439981289,-0.4516369254491757,FZD9,EBF1,MEF,EBF
3224,-0.12424785148432936,-0.16226770650044012,0,-1.2723089681888,-1.577998303569953,WNK4,MAX,LMC,bHLH
2139,-0.13376741412866516,-0.22688628192079743,0,-1.66108878791863,-1.669011292875019,PCDH20,STAT3,LMC,Stat
2535,-0.44138880677200293,-0.35874841498741566,1,-4.82573886284107,-0.5970719002591401,RPS16,GABPA,MEF,ETS
60,-0.12424785148432936,-0.16226770650044012,0,1.71936840627334,-0.11305485130826896,ADAMTS20,MAX,LMC,bHLH
673,-0.36396349791647825,-0.22688628192079743,0,-2.22575402794082,-2.01455900742695,CSRP2,STAT1,LMC,Stat
2716,-0.2134859055500093,-0.16226770650044012,1,-1.50394993507876,-1.4348319046560647,SLC25A45,BHLHE40,MEF,bHLH
1065,-0.016679862524066426,-0.16226770650044012,0,-1.11066739441419,-1.185116388924132,FHL2,MYOG,LMC,bHLH
2858,-0.028028488630146852,-0.16226770650044012,1,1.855821143066,1.0236043913186548,SSTR2,USF1,MEF,bHLH
558,-0.2295785336880661,-0.23042526569186958,0,-1.18502711991529,-1.1908113953004078,CIB2,E2F4,LMC,E2F
3088,-0.4338340387794032,-0.21807786581075275,1,-1.19429551149551,-0.5540453670205188,TPX2,ATF1,MEF,bZIP
3114,-0.2781468465397177,-0.24055162484804216,1,-3.24269386734528,-2.454762715970133,TROAP,SP1,MEF,Zf
2234,-0.2531799907181821,-0.21807786581075275,1,4.19996079719983,-2.067293999178261,PLAGL1,MAFK,MEF,bZIP
944,-0.26925687732944,-0.21807786581075275,0,-1.00757252383823,-0.8084095533636755,EZH2,FOS,LMC,bZIP
1468,-0.13376741412866516,-0.22688628192079743,1,3.66333018693737,2.8319500919497114,INSC,STAT3,MEF,Stat
234,-0.2202036001067245,-0.21807786581075275,1,-2.74791528300771,-1.2504296030387392,ATF7IP2,MAFF,MEF,bZIP
2127,-0.07675555573538734,-0.09391104304834053,0,-1.00905862488966,-1.0283772432057767,PARVA,RFX5,LMC,HTH
2815,-0.39206578990544383,-0.24055162484804216,0,1.37221217618403,0.9574069051367377,SP100,EGR1,LMC,Zf
2683,-0.13376741412866516,-0.22688628192079743,1,-1.55118302925028,-1.1717409176442855,SLC10A6,STAT3,MEF,Stat
1412,-0.17107733425117988,-0.23042526569186958,1,1.11343240556296,1.2980354066474407,IER3,E2F6,MEF,E2F
389,0.023694036513735375,-0.22772750011888523,1,2.01656793230096,1.2247734614777788,CCDC153,FOXA1,MEF,Forkhead
3073,-0.2384484828274451,-0.35874841498741566,0,-1.41293644589168,-0.004533772093596253,TNNT3,ELF1,LMC,ETS
1369,-0.6294050389829617,-0.22772750011888523,1,-1.03793502410556,-1.134697966718208,HOXB7,FOXM1,MEF,Forkhead
2133,-0.420121647582753,-0.24055162484804216,1,-2.60793494939055,-1.8677071917949768,PBK,ZNF263,MEF,Zf
1288,-0.36394923652108524,-0.36394923652108524,1,3.16557429975077,1.6505860394271792,GRM4,EBF1,MEF,EBF
1982,-0.2588825049450903,-0.2588825049450903,0,1.52579109621261,1.815744866172635,NFATC2,HNF4A,LMC,NR
2901,-0.10243811445811093,-0.10243811445811093,1,-5.15300147386645,0.7668074989822594,SUSD3,TEAD4,MEF,TEA
2121,-0.0686255467634714,-0.35874841498741566,1,-1.20233983969651,-0.5042769690703578,PAQR4,ELK4,MEF,ETS
452,-0.26925687732944,-0.21807786581075275,1,1.10534625992499,0.43238791236743623,CD55,FOS,MEF,bZIP
2518,0.5522402326254439,-0.24055162484804216,0,1.12192132751903,1.0632616101517112,RNF144B,PRDM1,LMC,Zf
2062,-0.2490020295772001,-0.24055162484804216,1,1.63762482263353,0.14828944969840788,NWD1,GATA2,MEF,Zf
2152,-0.13376741412866516,-0.22688628192079743,1,-2.32673874209198,-2.2263728880706446,PCK1,STAT3,MEF,Stat
1718,-0.024333375166328407,-0.24055162484804216,0,1.49200153198622,0.5490095213117782,LSR,CTCF,LMC,Zf
2121,-0.2781468465397177,-0.24055162484804216,1,-1.20233983969651,-0.5779989063475757,PAQR4,SP1,MEF,Zf
523,-0.2781468465397177,-0.24055162484804216,1,-1.02774606611324,-1.0638488628958502,CENPW,SP1,MEF,Zf
1900,-0.5692078006234296,-0.4117228529378932,0,-2.81354840009658,-1.6627683829735114,MXD3,CUX1,LMC,Homeobox
2603,-0.5692078006234296,-0.4117228529378932,1,1.0266249678335,-2.5384960012052376,SEC61G,CUX1,MEF,Homeobox
1397,-0.12424785148432936,-0.16226770650044012,1,-1.16888047583215,0.4879061422108646,HSPA12B,MAX,MEF,bHLH
473,-0.2384484828274451,-0.35874841498741566,0,-1.72477055854409,-1.5874193929999674,CDCA2,ELF1,LMC,ETS
75,-0.12424785148432936,-0.16226770650044012,0,2.44110939382088,0.8318304221751301,ADGB,MAX,LMC,bHLH
2641,-0.20320451878994805,-0.21807786581075275,1,-1.51561055023363,-1.7511772916978223,SGOL2,ATF3,MEF,bZIP
742,-0.34334100110644417,-0.35874841498741566,1,-8.87308429668951,-6.564631170296383,DDX3Y,ETS1,MEF,ETS
1460,-0.028028488630146852,-0.16226770650044012,0,1.14384592842023,-0.05119472041574165,ILDR2,USF1,LMC,bHLH
1672,-0.13376741412866516,-0.22688628192079743,0,-2.15792699391474,-1.5536909871541331,LMOD1,STAT3,LMC,Stat
1348,-0.016679862524066426,-0.16226770650044012,0,1.6180838227508,0.8394529391991885,HMOX1,MYOG,LMC,bHLH
1758,-0.2384484828274451,-0.35874841498741566,0,-2.57018479728734,-2.0096378527838006,MAP2,ELF1,LMC,ETS
2262,-0.21040797732426292,-0.24055162484804216,1,1.36115254292874,-0.269908695419185,PLLP,YY1,MEF,Zf
308,-0.024333375166328407,-0.24055162484804216,1,1.44427192862471,-0.5277120105512862,BPGM,CTCF,MEF,Zf
1057,-0.17068129734876603,-0.21807786581075275,1,1.78106399854373,1.7456197781898417,FGF9,JUND,MEF,bZIP
245,-0.25726485204107,-0.25726485204107,1,1.84360757510223,-1.5895776279543705,ATP6V0E2,NRF1,MEF,NRF
3172,-0.016679862524066426,-0.16226770650044012,0,2.08686787997543,1.9385089427944242,UNC45B,MYOG,LMC,bHLH
353,-0.3441801093275379,-0.16226770650044012,0,-1.62535534434489,0.1920525243685388,CALML4,TCF12,LMC,bHLH
2412,-0.028028488630146852,-0.16226770650044012,1,-2.13156977238491,-0.5838710235787263,RAB19,USF1,MEF,bHLH
665,-0.3218229349053168,-0.24055162484804216,0,1.85920319898221,1.926603846912098,CSF2RB,GATA1,LMC,Zf
581,-0.07675555573538734,-0.09391104304834053,1,-2.50826089868748,-1.8039102436888883,CLMP,RFX5,MEF,HTH
1333,0.023694036513735375,-0.22772750011888523,1,2.04875300166275,1.6334182169514941,HID1,FOXA1,MEF,Forkhead
2277,-0.26484040662604763,-0.21807786581075275,1,-1.67266293787219,-0.8779870449343566,PMF1,FOSL2,MEF,bZIP
3055,-0.19305637283257054,-0.24055162484804216,1,-2.0917384886418,-3.562673953380974,TNFAIP8L1,MAZ,MEF,Zf
3187,-0.3441801093275379,-0.16226770650044012,1,-1.16461380481226,-1.3441806495909518,VASH2,TCF12,MEF,bHLH
3111,-0.367509213401688,-0.367509213401688,1,-2.16167846771077,-1.1346153156382497,TRIP13,PAX5,MEF,"Paired,Homeobox"
1725,-0.17107733425117988,-0.23042526569186958,0,-1.19060928486906,-0.9661949681481574,LURAP1L,E2F6,LMC,E2F
511,-0.2531799907181821,-0.21807786581075275,0,-2.02810264729647,-1.8865656630802627,CENPE,MAFK,LMC,bZIP
27,-0.2384484828274451,-0.35874841498741566,1,2.18449933550891,1.1839948586639166,ACKR3,ELF1,MEF,ETS
2886,-0.07675555573538734,-0.09391104304834053,1,1.35412699954028,1.6684204123148532,STK38L,RFX5,MEF,HTH
906,-0.10243811445811093,-0.10243811445811093,0,-1.47598741093167,-0.3511840147742115,EPHA4,TEAD4,LMC,TEA
2463,-0.44138880677200293,-0.35874841498741566,1,-2.86890580089476,-0.7124331014613713,RASSF4,GABPA,MEF,ETS
1256,-0.2531799907181821,-0.21807786581075275,1,5.22776982339002,2.599900805743409,GPR37,MAFK,MEF,bZIP
514,-0.024333375166328407,-0.24055162484804216,0,-1.48650253996053,-1.5835921414246081,CENPI,CTCF,LMC,Zf
674,-0.3879288830557581,-0.4117228529378932,0,3.17319654675173,-0.24799698198170353,CSRP3,PBX3,LMC,Homeobox
966,-0.2781468465397177,-0.24055162484804216,1,-2.12873128121721,-1.0607533961781987,FAM111A,SP1,MEF,Zf
3069,-0.2531799907181821,-0.21807786581075275,0,3.12334119411955,1.6974903119913196,TNNI2,MAFK,LMC,bZIP
17,-0.17068129734876603,-0.21807786581075275,0,1.71775926006339,1.511818094704235,ABI3,JUND,LMC,bZIP
2405,-0.34334100110644417,-0.35874841498741566,1,-2.67313082370963,-1.784829844068058,PYHIN1,ETS1,MEF,ETS
2979,-0.024333375166328407,-0.24055162484804216,1,-5.70150854605767,-1.790828183392226,THEMIS2,CTCF,MEF,Zf
1676,-0.2384484828274451,-0.35874841498741566,1,1.64106187810792,-0.16741352261482711,LONRF2,ELF1,MEF,ETS
278,-0.016679862524066426,-0.16226770650044012,1,1.00590719166316,0.8552181051190918,BCL11A,MYOG,MEF,bHLH
348,-0.21040797732426292,-0.24055162484804216,0,-1.41453586939854,1.438194550977044,CACNG7,YY1,LMC,Zf
2324,-0.10243811445811093,-0.10243811445811093,1,-1.08146216479517,-1.5130205651087982,PRCP,TEAD4,MEF,TEA
1573,-0.0686255467634714,-0.35874841498741566,1,-1.71237492328591,-1.4070025713431107,KIF22,ELK4,MEF,ETS
502,-0.07675555573538734,-0.09391104304834053,0,1.95972854003952,1.7608054955682937,CEACAM1,RFX5,LMC,HTH
715,-0.20320451878994805,-0.21807786581075275,1,1.4558525131314,1.6117907205233377,CYP1B1,ATF3,MEF,bZIP
3214,-0.36396349791647825,-0.22688628192079743,1,1.09212177471396,0.1612158556637359,WDR35,STAT1,MEF,Stat
866,-0.13376741412866516,-0.22688628192079743,1,1.09859926841335,0.5707788094191073,EGF,STAT3,MEF,Stat
1016,-0.19305637283257054,-0.24055162484804216,0,-1.28239591471792,-1.169816756750207,FANCD2,MAZ,LMC,Zf
1244,-0.17107733425117988,-0.23042526569186958,1,-2.02851210173342,-1.663269806660714,GPR155,E2F6,MEF,E2F
540,-0.39206578990544383,-0.24055162484804216,0,-1.21082079687174,0.4826103657547193,CHD3,EGR1,LMC,Zf
939,-0.5692078006234296,-0.4117228529378932,1,1.71146128558084,0.8460723141430759,EXPH5,CUX1,MEF,Homeobox
3199,-0.13755040436917615,-0.4117228529378932,1,1.16338139694328,-0.15186934756598755,VKORC1,NANOG,MEF,Homeobox
1873,0.01123290849505778,-0.24055162484804216,1,1.98980620104011,-0.5335373213336461,MREG,GATA3,MEF,Zf
2508,-0.2384484828274451,-0.35874841498741566,0,1.95118037125112,1.6280199308487542,RIMS3,ELF1,LMC,ETS
863,-0.12424785148432936,-0.16226770650044012,1,-1.63010567722292,0.6924054660149055,EFNA2,MAX,MEF,bHLH
2174,-0.39206578990544383,-0.24055162484804216,0,-1.12952040014732,-1.392996890828637,PDGFD,EGR1,LMC,Zf
314,-0.15589533538605682,-0.16226770650044012,1,1.108975807459,-2.392733556380508,BTBD11,USF2,MEF,bHLH
30,-0.3218229349053168,-0.24055162484804216,1,-1.68969657731149,-1.429998075198209,ACOT4,GATA1,MEF,Zf
302,-0.26484040662604763,-0.21807786581075275,1,1.32786155488194,1.4617386319775152,BMP8A,FOSL2,MEF,bZIP
1082,-0.25726485204107,-0.25726485204107,1,1.04683222067852,-0.8892485907078992,FMNL2,NRF1,MEF,NRF
2247,0.01123290849505778,-0.24055162484804216,0,1.88482576744227,1.5823204975099114,PLEKHA6,GATA3,LMC,Zf
2335,-0.17107733425117988,-0.23042526569186958,0,2.81104415880545,-0.21503826120486128,PRKCB,E2F6,LMC,E2F
563,-0.44138880677200293,-0.35874841498741566,1,-3.27232018490678,-0.2519688365470478,CKAP2L,GABPA,MEF,ETS
646,-0.2384484828274451,-0.35874841498741566,0,1.44373091276632,1.9804465693886533,CRB2,ELF1,LMC,ETS
1943,-0.2384484828274451,-0.35874841498741566,1,-1.503121611781,-2.228455217074091,NBEAL2,ELF1,MEF,ETS
3086,-0.34334100110644417,-0.35874841498741566,1,-1.19173570792296,-1.7847600618348556,TPM4,ETS1,MEF,ETS
1003,-0.34334100110644417,-0.35874841498741566,1,-3.49365096633453,-2.6119486953851783,FAM64A,ETS1,MEF,ETS
1692,-0.36394923652108524,-0.36394923652108524,1,-1.07379520947069,-1.611196153242129,LRIG1,EBF1,MEF,EBF
1760,-0.6294050389829617,-0.22772750011888523,0,1.0684023208603,0.6348240688942192,MAP3K1,FOXM1,LMC,Forkhead
2030,-0.3825682599092054,-0.35874841498741566,0,-1.75744010666579,-1.656075103465557,NPY1R,ELK1,LMC,ETS
1350,-0.024333375166328407,-0.24055162484804216,0,1.34567640676102,0.9296403448941932,HNMT,CTCF,LMC,Zf
690,0.01123290849505778,-0.24055162484804216,0,1.26035094666073,1.7646882309207947,CTSO,GATA3,LMC,Zf
2369,-0.2384484828274451,-0.35874841498741566,1,3.41152445883898,-0.3605972539692275,PTCHD2,ELF1,MEF,ETS
1535,-0.4338340387794032,-0.21807786581075275,1,-1.95833333411484,-0.06041738580474086,KCND1,ATF1,MEF,bZIP
3009,-0.15589533538605682,-0.16226770650044012,1,1.35703295898885,-0.04569174453664827,TMEM117,USF2,MEF,bHLH
721,-0.26925687732944,-0.21807786581075275,1,-7.29457009435179,-2.516486625262355,CYTH4,FOS,MEF,bZIP
2850,-0.5692078006234296,-0.4117228529378932,1,1.15748359100971,-3.282518371155793,SQRDL,CUX1,MEF,Homeobox
1509,-0.13376741412866516,-0.22688628192079743,1,-1.44881067617991,0.3794710015170149,JADE1,STAT3,MEF,Stat
432,-0.13376741412866516,-0.22688628192079743,1,-1.9549283385216,-1.6451811717528582,CD14,STAT3,MEF,Stat
1885,-0.21040797732426292,-0.24055162484804216,0,1.57899083535637,1.3793699673625648,MST1R,YY1,LMC,Zf
3077,0.12201789027868709,-0.21807786581075275,0,-1.50867268856158,0.27342578981757304,TOM1L1,BACH1,LMC,bZIP
3077,-0.3241398962390605,-0.4667786659818261,0,-1.50867268856158,-1.3886621419185303,TOM1L1,IRF1,LMC,IRF
314,0.12201789027868709,-0.21807786581075275,1,1.108975807459,0.7545436997453073,BTBD11,BACH1,MEF,bZIP
956,-0.13376741412866516,-0.22688628192079743,1,-1.38741182722717,-1.1377179804905884,FABP5,STAT3,MEF,Stat
1957,-0.2202036001067245,-0.21807786581075275,1,-2.61766850781226,-2.0991294682612707,NDC80,MAFF,MEF,bZIP
2536,-0.26484040662604763,-0.21807786581075275,1,4.09881469049758,-2.261871740075145,RPS27,FOSL2,MEF,bZIP
2882,-0.3825682599092054,-0.35874841498741566,0,1.37774982496442,-0.19039683194815715,STK10,ELK1,LMC,ETS
948,-0.26925687732944,-0.21807786581075275,1,-1.28879864864141,-0.019711957488664653,F2R,FOS,MEF,bZIP
2379,-0.36394923652108524,-0.36394923652108524,1,-1.1953413161225,-0.9685612447412258,PTMS,EBF1,MEF,EBF
3137,-0.26925687732944,-0.21807786581075275,1,-2.52066169804331,-0.9967721189737173,TTK,FOS,MEF,bZIP
631,-0.5692078006234296,-0.4117228529378932,1,-1.04533746512875,-0.8254502927730557,CORO1C,CUX1,MEF,Homeobox
2088,-0.13755040436917615,-0.4117228529378932,1,-1.89195409277433,-0.20452823896689842,OPN3,NANOG,MEF,Homeobox
510,-0.2781468465397177,-0.24055162484804216,1,-3.04371144390706,-2.9948097129232174,CENPA,SP1,MEF,Zf
248,-0.2134859055500093,-0.16226770650044012,1,-1.93874767251077,-1.1383723559380474,ATP8B4,BHLHE40,MEF,bHLH
1078,-0.3441801093275379,-0.16226770650044012,1,1.79466757101752,1.4748213305327846,FLRT3,TCF12,MEF,bHLH
1761,-0.028028488630146852,-0.16226770650044012,1,-1.78106974210798,-0.6324557765744381,MAP3K7CL,USF1,MEF,bHLH
1352,-0.38280731081485264,-0.21807786581075275,1,2.31405148866726,0.17608358797984283,HOMER2,ATF2,MEF,bZIP
2566,-0.39206578990544383,-0.24055162484804216,1,2.54420022580058,0.8484899584706171,S1PR5,EGR1,MEF,Zf
2645,-0.25726485204107,-0.25726485204107,1,-1.75248494391244,-1.2093188073213994,SH2D4B,NRF1,MEF,NRF
1019,-0.6294050389829617,-0.22772750011888523,1,1.58556966110218,-1.8708243725260154,FAS,FOXM1,MEF,Forkhead
720,-0.39206578990544383,-0.24055162484804216,0,1.18837675419197,0.7001503317025362,CYSTM1,EGR1,LMC,Zf
3127,-0.2781468465397177,-0.24055162484804216,1,-1.25041688315433,0.9699841639410657,TSPAN14,SP1,MEF,Zf
2730,-0.19305637283257054,-0.24055162484804216,1,1.11028162654342,0.6896386553419147,SLC30A4,MAZ,MEF,Zf
2251,-0.39206578990544383,-0.24055162484804216,0,-2.03705643469854,-1.6001345234832924,PLEKHG4,EGR1,LMC,Zf
911,0.023694036513735375,-0.22772750011888523,1,1.40926174194967,1.4456770280691944,EPN3,FOXA1,MEF,Forkhead
91,-0.4196242791334183,-0.24055162484804216,0,-1.06859955874471,-0.14966067069313976,AGPAT9,ZBTB33,LMC,Zf
2533,-0.2531799907181821,-0.21807786581075275,0,1.35459457772896,0.05888286858112066,RPP25,MAFK,LMC,bZIP
689,-0.2781468465397177,-0.24055162484804216,1,1.17931743807264,-0.9023392662658918,CTSL,SP1,MEF,Zf
2193,-0.016679862524066426,-0.16226770650044012,0,-2.32826181138946,1.0413848340433498,PFKL,MYOG,LMC,bHLH
358,0.12201789027868709,-0.21807786581075275,1,1.22166358080794,0.47951754018129494,CAMK4,BACH1,MEF,bZIP
2497,-0.13755040436917615,-0.4117228529378932,1,2.70987718393113,1.2422081163921752,RGS6,NANOG,MEF,Homeobox
2886,-0.2531799907181821,-0.21807786581075275,1,1.35412699954028,-0.7809061833956507,STK38L,MAFK,MEF,bZIP
1840,-0.2134859055500093,-0.16226770650044012,1,-1.82783355688572,1.2688032841319061,MMD,BHLHE40,MEF,bHLH
2715,-0.3441801093275379,-0.16226770650044012,1,1.16918833674438,-0.24194755138839022,SLC25A35,TCF12,MEF,bHLH
1826,-0.34939441107522407,-0.24055162484804216,0,1.37380557150798,1.4103289401367007,MGST2,ZKSCAN1,LMC,Zf
406,-0.07675555573538734,-0.09391104304834053,1,-1.29276876570371,-0.0796242669076822,CCDC88C,RFX5,MEF,HTH
1351,0.01123290849505778,-0.24055162484804216,1,-1.16510410994394,1.0058437824675492,HOGA1,GATA3,MEF,Zf
2877,0.01123290849505778,-0.24055162484804216,0,-2.52734789697208,0.4684305453128064,STC1,GATA3,LMC,Zf
326,-0.3241398962390605,-0.4667786659818261,1,-8.85443154360683,-3.5971025632461027,C1QC,IRF1,MEF,IRF
264,0.023694036513735375,-0.22772750011888523,0,1.45937393436724,0.901328094629677,B4GALT5,FOXA1,LMC,Forkhead
1581,-0.20320451878994805,-0.21807786581075275,0,-1.24019614259515,1.0099301512708885,KIF7,ATF3,LMC,bZIP
1016,-0.367509213401688,-0.367509213401688,0,-1.28239591471792,-1.310185359362215,FANCD2,PAX5,LMC,"Paired,Homeobox"
1804,-0.7014153380027011,-0.24055162484804216,1,1.65765544181301,-0.2199702152384223,MEGF9,SP2,MEF,Zf
41,-0.6294050389829617,-0.22772750011888523,1,-1.29710351150971,-1.5516028649623712,ACTN3,FOXM1,MEF,Forkhead
493,-0.3218229349053168,-0.24055162484804216,1,2.49945734223034,1.7668463345685665,CDKL4,GATA1,MEF,Zf
988,-0.19305637283257054,-0.24055162484804216,1,1.57124127789086,1.8285809148195977,FAM19A3,MAZ,MEF,Zf
1686,-0.36394923652108524,-0.36394923652108524,0,-1.27921012236517,-1.0130600819296254,LPP,EBF1,LMC,EBF
3166,-1.193308279848384,-0.35874841498741566,1,2.11848175670413,-0.1479323814408069,UGP2,FLI1,MEF,ETS
674,-0.2781468465397177,-0.24055162484804216,0,3.17319654675173,-0.6345247763844329,CSRP3,SP1,LMC,Zf
2167,-0.38280731081485264,-0.21807786581075275,1,-1.03338798370775,-1.217037419190318,PDE4A,ATF2,MEF,bZIP
583,-0.36396349791647825,-0.22688628192079743,1,-2.54067501437176,0.918931579463511,CLSPN,STAT1,MEF,Stat
1651,-0.13755040436917615,-0.4117228529378932,1,-2.28123871508051,-0.7997601094621574,LHX6,NANOG,MEF,Homeobox
1398,-0.0686255467634714,-0.35874841498741566,1,1.08451053955341,-0.2462643076515194,HSPA4L,ELK4,MEF,ETS
1826,-0.1427744352972257,-0.22772750011888523,0,1.37380557150798,1.3800047286163593,MGST2,FOXA2,LMC,Forkhead
3047,-0.3441801093275379,-0.16226770650044012,0,-1.78416974387923,0.3879534749869553,TMEM74,TCF12,LMC,bHLH
2184,-0.15589533538605682,-0.16226770650044012,1,-1.41509233844914,-0.30215916837537987,PDZRN3,USF2,MEF,bHLH
2251,-0.36394923652108524,-0.36394923652108524,1,-3.01621344836119,-0.19282956577866725,PLEKHG4,EBF1,MEF,EBF
430,-0.17068129734876603,-0.21807786581075275,1,-1.3414109285533,-1.6099179934037116,CCR5,JUND,MEF,bZIP
370,-0.3218229349053168,-0.24055162484804216,0,1.41914301474303,1.471543134181389,CASP4,GATA1,LMC,Zf
528,-0.2531799907181821,-0.21807786581075275,0,1.27546161665479,0.9137879167138638,CERK,MAFK,LMC,bZIP
461,-0.5692078006234296,-0.4117228529378932,1,-5.43042571966764,-4.047908793560744,CD84,CUX1,MEF,Homeobox
634,-0.26925687732944,-0.21807786581075275,1,1.76706738198898,0.46113880192875634,COX6A2,FOS,MEF,bZIP
2736,-0.3441801093275379,-0.16226770650044012,0,1.41533311729747,1.5007419809047096,SLC35G1,TCF12,LMC,bHLH
3118,-0.2295785336880661,-0.23042526569186958,1,1.30876895399041,-0.17025640731659666,TRPS1,E2F4,MEF,E2F
923,-0.3879288830557581,-0.4117228529378932,1,-3.28974579740746,-0.8878229297098821,ESPL1,PBX3,MEF,Homeobox
1532,-0.17107733425117988,-0.23042526569186958,1,-1.93918699188571,0.8588054857896615,KCNB2,E2F6,MEF,E2F
1520,-0.26484040662604763,-0.21807786581075275,1,1.25680814448097,1.0217810756980206,KAZALD1,FOSL2,MEF,bZIP
167,-0.21040797732426292,-0.24055162484804216,0,3.0237928688126,2.5983948454333965,APOC2,YY1,LMC,Zf
1147,-0.25726485204107,-0.25726485204107,1,-1.06721399184908,-0.7471094175130625,GAPDH,NRF1,MEF,NRF
1447,-0.5692078006234296,-0.4117228529378932,1,1.07032797522475,-0.5189467801582767,IL1A,CUX1,MEF,Homeobox
1857,-0.19305637283257054,-0.24055162484804216,0,-1.56853870886037,-1.0627276307500513,MN1,MAZ,LMC,Zf
2721,-0.39206578990544383,-0.24055162484804216,1,-2.3209024585872,0.002666642704731643,SLC27A6,EGR1,MEF,Zf
555,-0.367509213401688,-0.367509213401688,0,-1.82408911386553,-1.716556603022612,CHST7,PAX5,LMC,"Paired,Homeobox"
2075,-0.34939441107522407,-0.24055162484804216,1,2.46062422943713,0.3322571189267103,ODF3L1,ZKSCAN1,MEF,Zf
1978,-0.20320451878994805,-0.21807786581075275,0,1.1023682648514,0.9030706349235164,NEURL3,ATF3,LMC,bZIP
365,-0.3825682599092054,-0.35874841498741566,1,-4.50319938477147,-1.0806243837435374,CARD9,ELK1,MEF,ETS
2592,-0.34334100110644417,-0.35874841498741566,1,-1.49631929595084,-0.7475240701636707,SCRT1,ETS1,MEF,ETS
1751,-0.3218229349053168,-0.24055162484804216,1,-1.62007527823307,-0.6360024526092026,MAN1C1,GATA1,MEF,Zf
1235,-0.420121647582753,-0.24055162484804216,0,-1.19625036047988,-0.6578259125120787,GPR116,ZNF263,LMC,Zf
227,-0.024333375166328407,-0.24055162484804216,1,1.29701518686603,-1.5607542303629216,ASIC1,CTCF,MEF,Zf
475,-0.420121647582753,-0.24055162484804216,1,-1.49364324799289,-1.4619204771045657,CDCA5,ZNF263,MEF,Zf
534,-0.36394923652108524,-0.36394923652108524,0,-1.96639667434657,-1.4878151788355498,CGNL1,EBF1,LMC,EBF
3116,-0.3218229349053168,-0.24055162484804216,1,1.54805364676514,-2.2707025691362515,TRPC6,GATA1,MEF,Zf
2958,-0.17068129734876603,-0.21807786581075275,0,-1.33730980152012,-1.0480726634005455,TET1,JUND,LMC,bZIP
665,-0.3218229349053168,-0.24055162484804216,0,1.85920319898221,1.926603846912098,CSF2RB,GATA1,LMC,Zf
2396,-0.3241398962390605,-0.4667786659818261,0,-1.1329921312171,1.4452973200734867,PTRF,IRF1,LMC,IRF
796,-0.3441801093275379,-0.16226770650044012,1,-2.45501375468938,-1.5394061531665142,DOCK8,TCF12,MEF,bHLH
2232,0.01123290849505778,-0.24055162484804216,1,2.24876186476031,-2.8615094272598793,PLAC1,GATA3,MEF,Zf
282,-0.024333375166328407,-0.24055162484804216,1,1.71051740897939,0.8369882784157124,BDNF,CTCF,MEF,Zf
1665,0.023694036513735375,-0.22772750011888523,0,1.4596415262887,-0.04273458794205085,LIPA,FOXA1,LMC,Forkhead
1926,-0.12424785148432936,-0.16226770650044012,0,-1.89447926692532,-1.4492160107024765,MYOCD,MAX,LMC,bHLH
2727,-0.36394923652108524,-0.36394923652108524,0,-3.11197659189262,-2.6778620724874442,SLC2A4,EBF1,LMC,EBF
673,-0.36396349791647825,-0.22688628192079743,1,-1.42679271623708,0.1001811568129805,CSRP2,STAT1,MEF,Stat
2209,-0.024333375166328407,-0.24055162484804216,1,-3.76137984375333,-2.914703723991729,PIF1,CTCF,MEF,Zf
375,-0.15589533538605682,-0.16226770650044012,1,1.03187685516321,0.7616926977039692,CATSPERD,USF2,MEF,bHLH
8,-0.3879288830557581,-0.4117228529378932,0,-1.13492430155845,-0.8551852132680877,ABCA5,PBX3,LMC,Homeobox
860,-0.2781468465397177,-0.24055162484804216,1,2.11517334013374,0.37353915415395994,EFHD1,SP1,MEF,Zf
2266,-0.4338340387794032,-0.21807786581075275,0,1.55349884961183,1.348713527908835,PLSCR2,ATF1,LMC,bZIP
128,-0.15589533538605682,-0.16226770650044012,0,1.1151143351714,0.5210226819392849,AMIGO2,USF2,LMC,bHLH
939,-0.21040797732426292,-0.24055162484804216,1,1.71146128558084,-0.6871886119762577,EXPH5,YY1,MEF,Zf
797,-0.5692078006234296,-0.4117228529378932,1,-1.86193635058118,-2.200462195787492,DOK2,CUX1,MEF,Homeobox
3005,0.023694036513735375,-0.22772750011888523,1,-1.00971491423106,0.24576044465137378,TMC7,FOXA1,MEF,Forkhead
3084,-0.028028488630146852,-0.16226770650044012,1,2.08975974775543,1.0766574920282843,TPH2,USF1,MEF,bHLH
710,-0.2531799907181821,-0.21807786581075275,1,-7.82915279291218,-4.323687291409464,CYBB,MAFK,MEF,bZIP
1967,-0.34334100110644417,-0.35874841498741566,0,-1.16162403843679,-0.6342925618041818,NEDD9,ETS1,LMC,ETS
1074,-0.2202036001067245,-0.21807786581075275,1,-2.13041540052826,-0.7861297218663802,FKBP5,MAFF,MEF,bZIP
1631,-0.3241398962390605,-0.4667786659818261,0,1.88765751605467,1.8397973064130846,LCP1,IRF1,LMC,IRF
1933,-0.19305637283257054,-0.24055162484804216,0,-1.05436822613132,0.4754016412756249,NAALAD2,MAZ,LMC,Zf
336,-0.2781468465397177,-0.24055162484804216,1,1.16696244426801,-0.06218016635948121,CABLES1,SP1,MEF,Zf
891,-0.13755040436917615,-0.4117228529378932,0,3.15016131621519,0.743686107446254,EN2,NANOG,LMC,Homeobox
1332,-0.17107733425117988,-0.23042526569186958,1,-1.80828432123008,0.885499586641953,HIC1,E2F6,MEF,E2F
1299,-0.2781468465397177,-0.24055162484804216,1,-1.22296567055983,-0.11713914129859827,GSTM2,SP1,MEF,Zf
2217,-0.39206578990544383,-0.24055162484804216,1,-1.0918547115101,-2.047310469269783,PIP4K2A,EGR1,MEF,Zf
1768,-0.17068129734876603,-0.21807786581075275,1,1.51744635820687,0.6756128689672785,MAPK15,JUND,MEF,bZIP
2060,-0.07675555573538734,-0.09391104304834053,0,-1.29534952869874,-0.6561675520930454,NUP62CL,RFX5,LMC,HTH
770,0.12201789027868709,-0.21807786581075275,1,3.18728511537858,3.1044304646374714,DMC1,BACH1,MEF,bZIP
2390,-0.20320451878994805,-0.21807786581075275,1,-2.74863972633365,-1.5747700048918893,PTPRN,ATF3,MEF,bZIP
2236,-0.21040797732426292,-0.24055162484804216,1,-3.85391765532654,-2.8173753260645134,PLCB2,YY1,MEF,Zf
321,-0.39206578990544383,-0.24055162484804216,1,-2.33853032925094,-1.9244803907332442,BUB1B,EGR1,MEF,Zf
2639,0.12201789027868709,-0.21807786581075275,1,1.44337984031243,-0.5476587754724594,SGMS2,BACH1,MEF,bZIP
358,-0.13376741412866516,-0.22688628192079743,1,1.22166358080794,1.254921484735826,CAMK4,STAT3,MEF,Stat
351,-0.25726485204107,-0.25726485204107,1,3.43618473851565,1.577924487580472,CADM4,NRF1,MEF,NRF
1840,-0.21040797732426292,-0.24055162484804216,1,-1.82783355688572,0.7736673759138736,MMD,YY1,MEF,Zf
992,-0.34334100110644417,-0.35874841498741566,1,1.00646228397572,1.0892927549174158,FAM212B,ETS1,MEF,ETS
3111,-0.0686255467634714,-0.35874841498741566,1,-2.16167846771077,-1.581150856006065,TRIP13,ELK4,MEF,ETS
582,-0.2531799907181821,-0.21807786581075275,0,1.38792844422219,1.3879284442221895,CLN3,MAFK,LMC,bZIP
2916,-0.016679862524066426,-0.16226770650044012,1,-1.95956183994979,1.0753554962641159,SYNPO2,MYOG,MEF,bHLH
2361,-0.2295785336880661,-0.23042526569186958,0,1.07754726336565,0.5057459504553102,PSAP,E2F4,LMC,E2F
3240,-0.36396349791647825,-0.22688628192079743,1,2.28763388438051,0.898889059427141,XKR4,STAT1,MEF,Stat
2354,-0.12424785148432936,-0.16226770650044012,1,2.68091060085113,-0.30096784927479026,PRSS35,MAX,MEF,bHLH
2319,0.01123290849505778,-0.24055162484804216,0,1.40689826891163,0.1230601783432944,PPP1R9A,GATA3,LMC,Zf
2466,-0.3218229349053168,-0.24055162484804216,1,1.32338894662691,-0.20891273802574556,RB1,GATA1,MEF,Zf
349,-0.21040797732426292,-0.24055162484804216,0,1.27751062385433,1.5520254771747013,CADM2,YY1,LMC,Zf
2437,-0.26925687732944,-0.21807786581075275,1,-1.72044902732915,-1.6177446530057724,RAET1E,FOS,MEF,bZIP
678,-0.26925687732944,-0.21807786581075275,0,1.30007498000597,1.2599699318820503,CTDSPL,FOS,LMC,bZIP
1531,0.12201789027868709,-0.21807786581075275,0,1.72895569764727,1.7260931816423326,KCNB1,BACH1,LMC,bZIP
786,0.023694036513735375,-0.22772750011888523,1,3.11057783728204,2.6464857709198646,DNAJC6,FOXA1,MEF,Forkhead
291,-0.10243811445811093,-0.10243811445811093,1,1.86802523379668,1.2002912423341285,BHLHA15,TEAD4,MEF,TEA
1501,-0.3864884434229737,-0.3864884434229737,1,-1.45200703686311,-1.3823208440847135,ITGB7,TCF3,MEF,HMG
2821,-0.12424785148432936,-0.16226770650044012,1,1.33614858114974,-1.725376947062758,SPA17,MAX,MEF,bHLH
634,-0.2490020295772001,-0.24055162484804216,1,1.76706738198898,0.22112647009546416,COX6A2,GATA2,MEF,Zf
905,-0.21040797732426292,-0.24055162484804216,0,-2.25806627392996,-2.139178738416428,EPHA3,YY1,LMC,Zf
1467,-0.38280731081485264,-0.21807786581075275,1,-2.66958500533165,-4.782415779510735,INPP5J,ATF2,MEF,bZIP
3150,-0.3825682599092054,-0.35874841498741566,1,-1.30229002037898,-1.1464778627859424,TUBB6,ELK1,MEF,ETS
3050,-0.3441801093275379,-0.16226770650044012,0,-2.84337171935919,-1.0540482958813921,TMTC1,TCF12,LMC,bHLH
336,-0.15589533538605682,-0.16226770650044012,1,1.16696244426801,-2.099720039024534,CABLES1,USF2,MEF,bHLH
833,-0.2202036001067245,-0.21807786581075275,1,1.3486774228937,0.09375475314592498,DZANK1,MAFF,MEF,bZIP
565,0.5522402326254439,-0.24055162484804216,0,-1.00847937566147,-0.9035381207410478,CKS1B,PRDM1,LMC,Zf
513,-0.36394923652108524,-0.36394923652108524,0,-1.3525440584189,-1.517090307678106,CENPH,EBF1,LMC,EBF
2849,-0.028028488630146852,-0.16226770650044012,1,-1.63063211909057,-1.4259723613769824,SPTB,USF1,MEF,bHLH
1904,-0.36394923652108524,-0.36394923652108524,0,-1.32848118947646,-1.3508265906163825,MYCL,EBF1,LMC,EBF
1075,-0.024333375166328407,-0.24055162484804216,1,-1.51378545844316,-0.9447596793422136,FLI1,CTCF,MEF,Zf
1424,-0.19305637283257054,-0.24055162484804216,0,1.82002858047698,1.6954100570280288,IGFBP6,MAZ,LMC,Zf
1417,-0.36396349791647825,-0.22688628192079743,1,-1.88705029332948,-1.520684710641075,IGF1,STAT1,MEF,Stat
1585,-0.12424785148432936,-0.16226770650044012,1,3.88857524581361,1.4282943391647975,KIRREL3,MAX,MEF,bHLH
1824,0.023694036513735375,-0.22772750011888523,1,3.1939303168836,-0.7818471664223613,MGP,FOXA1,MEF,Forkhead
1275,0.12201789027868709,-0.21807786581075275,1,-1.13562918187653,0.05720275650152175,GRB14,BACH1,MEF,bZIP
1550,-0.3879288830557581,-0.4117228529378932,1,2.53549357349713,1.3161579768509164,KCNK1,PBX3,MEF,Homeobox
308,-0.0686255467634714,-0.35874841498741566,1,1.44427192862471,-0.9711451221481282,BPGM,ELK4,MEF,ETS
2526,-0.2588825049450903,-0.2588825049450903,1,1.94027712823424,-0.1565944279577109,RNF43,HNF4A,MEF,NR
1178,-0.3879288830557581,-0.4117228529378932,0,-1.42420978182455,-1.0802146475825425,GEN1,PBX3,LMC,Homeobox
2137,-0.3879288830557581,-0.4117228529378932,0,-1.76140672165832,-0.7764837133090678,PCDH18,PBX3,LMC,Homeobox
125,-0.2295785336880661,-0.23042526569186958,1,1.0675509191686,0.3834948348844334,AMD1,E2F4,MEF,E2F
1730,0.12201789027868709,-0.21807786581075275,0,2.2809729198419,1.4618724164149615,LYL1,BACH1,LMC,bZIP
2800,-0.10243811445811093,-0.10243811445811093,1,-1.09658233253047,-1.098082677568396,SOAT1,TEAD4,MEF,TEA
1881,-0.07675555573538734,-0.09391104304834053,1,1.05245446159028,-0.8473097723474514,MSI2,RFX5,MEF,HTH
2318,0.12201789027868709,-0.21807786581075275,1,1.4274717173054,1.2717568802870678,PPP1R42,BACH1,MEF,bZIP
2115,-0.2781468465397177,-0.24055162484804216,1,2.0007037960464,-0.3759173201746051,PALMD,SP1,MEF,Zf
591,-0.34334100110644417,-0.35874841498741566,1,-1.3326909212293,-1.3536353304943278,CNDP2,ETS1,MEF,ETS
2684,-0.17068129734876603,-0.21807786581075275,0,2.43469508138703,2.419476229615725,SLC11A1,JUND,LMC,bZIP
2568,-0.17107733425117988,-0.23042526569186958,1,1.47843825543726,1.8163638403988913,SAMD12,E2F6,MEF,E2F
1270,-0.3441801093275379,-0.16226770650044012,1,-1.70906692432391,-1.6112479302927076,GPX7,TCF12,MEF,bHLH
1901,0.023694036513735375,-0.22772750011888523,1,1.12093207460751,-1.360845236627834,MYBL1,FOXA1,MEF,Forkhead
668,-0.2295785336880661,-0.23042526569186958,1,2.48620898685634,1.0425708898039365,CSMD3,E2F4,MEF,E2F
2596,-0.3864884434229737,-0.3864884434229737,1,2.93138088712567,-0.7611571825476271,SCX,TCF3,MEF,HMG
729,-0.12424785148432936,-0.16226770650044012,0,-2.11502159319182,-1.4619648320165348,DCC,MAX,LMC,bHLH
2020,-0.15589533538605682,-0.16226770650044012,1,-1.95871154049572,-0.29446935350472514,NPAS2,USF2,MEF,bHLH
1154,-0.35656081815482665,-0.24055162484804216,1,1.83281518322755,-0.4783487913990869,GATA3,ZEB1,MEF,Zf
558,-0.19305637283257054,-0.24055162484804216,0,-1.18502711991529,-1.1895863274176015,CIB2,MAZ,LMC,Zf
1184,-0.36396349791647825,-0.22688628192079743,1,-1.16926247196897,0.45708640069482526,GGN,STAT1,MEF,Stat
431,-0.10243811445811093,-0.10243811445811093,1,-2.0295776132404,-2.008517209117879,CCRL2,TEAD4,MEF,TEA
240,-0.2384484828274451,-0.35874841498741566,0,1.60328158259357,1.5317775205177406,ATP1B1,ELF1,LMC,ETS
1299,-0.2781468465397177,-0.24055162484804216,1,-1.22296567055983,-0.11713914129859827,GSTM2,SP1,MEF,Zf
1044,-0.39206578990544383,-0.24055162484804216,0,2.03531170334419,1.7278715098806565,FERMT3,EGR1,LMC,Zf
2005,-0.3241398962390605,-0.4667786659818261,1,-1.77461700519955,-0.9631724816039076,NME2,IRF1,MEF,IRF
3064,0.01123290849505778,-0.24055162484804216,1,3.49582714028846,0.4658035658795957,TNFSF15,GATA3,MEF,Zf
2915,-0.2134859055500093,-0.16226770650044012,1,1.25087463513992,0.7147325887926901,SYNPO,BHLHE40,MEF,bHLH
3206,-0.17068129734876603,-0.21807786581075275,0,-1.91355241666201,-1.2634204662123858,VWA1,JUND,LMC,bZIP
1650,-0.5263204549945071,-0.23042526569186958,1,1.68975869198379,-0.34779257266423946,LHX4,E2F1,MEF,E2F
1106,-0.420121647582753,-0.24055162484804216,1,4.1494915530194,0.6132864043270295,FOXQ1,ZNF263,MEF,Zf
1165,-0.2531799907181821,-0.21807786581075275,1,1.90052374476274,1.5758003386935027,GCLC,MAFK,MEF,bZIP
1038,-0.0686255467634714,-0.35874841498741566,1,-1.7113898814647,-1.3492183167783662,FBXO5,ELK4,MEF,ETS
697,0.01123290849505778,-0.24055162484804216,1,-3.18451912586281,-1.7060442442548711,CX3CR1,GATA3,MEF,Zf
2018,-0.21040797732426292,-0.24055162484804216,0,2.2590846592963,2.057122925548047,NOTUM,YY1,LMC,Zf
1809,-0.34939441107522407,-0.24055162484804216,1,-1.12365506432939,-0.14346886531027517,MESDC1,ZKSCAN1,MEF,Zf
1063,-0.13376741412866516,-0.22688628192079743,1,-1.26716204303906,-1.2194171019116677,FGL1,STAT3,MEF,Stat
2269,-0.12424785148432936,-0.16226770650044012,1,1.36910071446272,-0.8955826753795547,PLVAP,MAX,MEF,bHLH
2878,-0.20320451878994805,-0.21807786581075275,1,1.74008612565545,-0.576488667788981,STC2,ATF3,MEF,bZIP
1041,-0.3864884434229737,-0.3864884434229737,0,2.58175500091564,1.5971972574416202,FCGR2B,TCF3,LMC,HMG
3201,-0.2134859055500093,-0.16226770650044012,1,-1.60594919228545,-0.9462090543130707,VMO1,BHLHE40,MEF,bHLH
1919,-0.016679862524066426,-0.16226770650044012,1,-1.40160235729093,-0.1271618848293733,MYO1A,MYOG,MEF,bHLH
1749,-0.17068129734876603,-0.21807786581075275,1,-1.30539635239213,1.737255101092355,MAMDC2,JUND,MEF,bZIP
2939,-0.10243811445811093,-0.10243811445811093,1,2.29904675934665,2.0080116880136303,TBX2,TEAD4,MEF,TEA
2882,-0.38280731081485264,-0.21807786581075275,0,1.37774982496442,0.08243549735953865,STK10,ATF2,LMC,bZIP
2884,-0.10243811445811093,-0.10243811445811093,0,-2.5431578853609,-0.07244179864575444,STK32B,TEAD4,LMC,TEA
1843,-0.2490020295772001,-0.24055162484804216,0,2.4930456106356,2.0110506356226914,MMP10,GATA2,LMC,Zf
1780,-0.36396349791647825,-0.22688628192079743,0,-1.10292671378567,-0.8538535938208485,MBOAT2,STAT1,LMC,Stat
1469,-0.07675555573538734,-0.09391104304834053,0,-1.34614119276357,-0.7252938688176103,INSIG1,RFX5,LMC,HTH
380,-0.39206578990544383,-0.24055162484804216,0,-1.4233937982377,-1.3038071793166113,CCDC102A,EGR1,LMC,Zf
361,-0.17107733425117988,-0.23042526569186958,1,1.6476615056914,0.6739198498730471,CAMSAP3,E2F6,MEF,E2F
2514,-0.2384484828274451,-0.35874841498741566,0,1.36002626195056,1.168575709038542,RNASEL,ELF1,LMC,ETS
1693,-0.5444726494898747,-0.5293658635384044,1,-4.99758855508105,-3.816169604393393,LRMP,MEF2A,MEF,MADS
1982,-0.3441801093275379,-0.16226770650044012,0,1.52579109621261,1.2226569065955395,NFATC2,TCF12,LMC,bHLH
3237,-0.2134859055500093,-0.16226770650044012,1,-2.16278755494106,-2.0543310486767954,XDH,BHLHE40,MEF,bHLH
2779,-0.3864884434229737,-0.3864884434229737,1,1.10158499878209,-0.7476568993608903,SMIM8,TCF3,MEF,HMG
370,-0.15589533538605682,-0.16226770650044012,0,1.41914301474303,0.9565451598608685,CASP4,USF2,LMC,bHLH
2929,-0.07675555573538734,-0.09391104304834053,1,-1.40887334898261,1.7285971663107083,TACC3,RFX5,MEF,HTH
841,-0.2134859055500093,-0.16226770650044012,0,-3.6419375468092,-0.9640293103758667,EBF3,BHLHE40,LMC,bHLH
2810,-0.21040797732426292,-0.24055162484804216,1,-2.68150712163575,-0.30267595055371294,SOX12,YY1,MEF,Zf
3032,-0.024333375166328407,-0.24055162484804216,1,-1.1495689654121,1.109262419778936,TMEM221,CTCF,MEF,Zf
2779,-0.17068129734876603,-0.21807786581075275,1,1.10158499878209,-2.5127554027245207,SMIM8,JUND,MEF,bZIP
2459,-0.2531799907181821,-0.21807786581075275,1,-1.39545144247547,-1.3203208150811327,RASGRP3,MAFK,MEF,bZIP
2735,-0.420121647582753,-0.24055162484804216,1,3.61270562233868,0.664218588788223,SLC35F3,ZNF263,MEF,Zf
3029,-0.420121647582753,-0.24055162484804216,0,1.16509258534004,2.1081325507496054,TMEM196,ZNF263,LMC,Zf
1592,-0.2384484828274451,-0.35874841498741566,1,3.37424913401424,1.0171177607644666,KLHDC7A,ELF1,MEF,ETS
1471,0.12201789027868709,-0.21807786581075275,1,1.06562177914796,1.429286022850189,IQCK,BACH1,MEF,bZIP
507,-0.420121647582753,-0.24055162484804216,1,2.14841125554855,1.4984442159853273,CELSR2,ZNF263,MEF,Zf
16,0.12201789027868709,-0.21807786581075275,1,-2.05030147335999,-1.483603040013104,ABHD15,BACH1,MEF,bZIP
1595,-0.19305637283257054,-0.24055162484804216,1,1.94541631082666,1.5621721996508604,KLHL30,MAZ,MEF,Zf
321,-0.367509213401688,-0.367509213401688,1,-2.33853032925094,-2.289004072226084,BUB1B,PAX5,MEF,"Paired,Homeobox"
1733,-0.5692078006234296,-0.4117228529378932,1,1.10498032103892,0.4877838111047748,LYRM1,CUX1,MEF,Homeobox
1393,-0.39206578990544383,-0.24055162484804216,1,1.80356042315211,1.5518780780073143,HSBP1L1,EGR1,MEF,Zf
3255,-0.4196242791334183,-0.24055162484804216,0,-1.03149291006368,-1.0426774534320322,ZFP41,ZBTB33,LMC,Zf
458,-0.3864884434229737,-0.3864884434229737,0,-1.5789323637807,-0.45400443010088665,CD80,TCF3,LMC,HMG
2474,-0.028028488630146852,-0.16226770650044012,0,1.67443314376631,0.9188295519603707,RBP4,USF1,LMC,bHLH
1291,-0.2531799907181821,-0.21807786581075275,1,2.73973791503383,1.5607859780676367,GSC,MAFK,MEF,bZIP
1929,-0.2531799907181821,-0.21807786581075275,1,1.63807228244475,0.11160837961088205,MYOM3,MAFK,MEF,bZIP
1978,-0.2295785336880661,-0.23042526569186958,1,-1.51596673113993,-1.401672189406272,NEURL3,E2F4,MEF,E2F
517,-0.2531799907181821,-0.21807786581075275,1,-2.11372772987596,-2.092412138766286,CENPN,MAFK,MEF,bZIP
951,-0.13376741412866516,-0.22688628192079743,1,-2.06133070722262,0.19808167530394424,F3,STAT3,MEF,Stat
2185,-0.3241398962390605,-0.4667786659818261,1,-1.72243686447564,-1.5728103075875368,PEG10,IRF1,MEF,IRF
400,-0.19305637283257054,-0.24055162484804216,0,-1.11019254428826,-1.2521821964376203,CCDC68,MAZ,LMC,Zf
2386,-0.3864884434229737,-0.3864884434229737,1,-5.85839993985972,-4.135217688978138,PTPN6,TCF3,MEF,HMG
2636,-0.2295785336880661,-0.23042526569186958,0,-1.39174609130552,1.025993716974539,SGCD,E2F4,LMC,E2F
1830,-0.2531799907181821,-0.21807786581075275,1,-2.68588716245115,-0.5173303335413713,MILR1,MAFK,MEF,bZIP
818,-0.2134859055500093,-0.16226770650044012,1,-2.16450188489231,1.2452485389702919,DTL,BHLHE40,MEF,bHLH
1562,-0.17068129734876603,-0.21807786581075275,0,-1.33389002552835,-1.5272230641930533,KCTD8,JUND,LMC,bZIP
3119,-0.36396349791647825,-0.22688628192079743,1,-1.36963549843397,-0.5154115169648591,TRPV2,STAT1,MEF,Stat
515,-0.12424785148432936,-0.16226770650044012,1,-1.48399593144254,-1.8749724603805153,CENPK,MAX,MEF,bHLH
1648,-0.2781468465397177,-0.24055162484804216,0,1.39432488372804,0.9464610373775035,LGMN,SP1,LMC,Zf
2234,-0.367509213401688,-0.367509213401688,1,4.19996079719983,-2.1330669742482646,PLAGL1,PAX5,MEF,"Paired,Homeobox"
2210,-0.36396349791647825,-0.22688628192079743,1,-7.7534783220077,-4.658813968741794,PIK3AP1,STAT1,MEF,Stat
490,-0.17107733425117988,-0.23042526569186958,1,-1.01868372437041,-0.5194464512858742,CDK2,E2F6,MEF,E2F
993,-0.028028488630146852,-0.16226770650044012,0,1.37308235035012,0.1050824462798913,FAM213A,USF1,LMC,bHLH
1983,-0.10243811445811093,-0.10243811445811093,0,2.32118248880711,1.4743181217768706,NFE2L3,TEAD4,LMC,TEA
1357,-0.2781468465397177,-0.24055162484804216,1,-1.88880902356268,0.31423521623015854,HOXA2,SP1,MEF,Zf
2731,-0.44138880677200293,-0.35874841498741566,0,2.75025264644683,0.9766319699107193,SLC32A1,GABPA,LMC,ETS
1466,-0.07675555573538734,-0.09391104304834053,0,2.28222195528639,1.527938515567847,INPP5D,RFX5,LMC,HTH
1479,-0.2134859055500093,-0.16226770650044012,0,2.90433155848801,0.9769426453279625,IRG1,BHLHE40,LMC,bHLH
712,-0.17068129734876603,-0.21807786581075275,1,-3.04220850419268,-0.9216646408751957,CYGB,JUND,MEF,bZIP
961,-0.19305637283257054,-0.24055162484804216,1,3.6109681857459,1.5031743972269496,FAIM2,MAZ,MEF,Zf
157,-0.024333375166328407,-0.24055162484804216,1,-1.33125587638172,-1.3370593486847753,APBA1,CTCF,MEF,Zf
3267,-0.10243811445811093,-0.10243811445811093,0,-1.26383646152717,-1.0057929159195331,ZWILCH,TEAD4,LMC,TEA
3110,-0.17068129734876603,-0.21807786581075275,0,-2.42438042274599,-2.3964200003813527,TRIM71,JUND,LMC,bZIP
1335,-0.1427744352972257,-0.22772750011888523,1,1.04156670706997,-0.536151876330921,HIST1H1C,FOXA2,MEF,Forkhead
556,-0.15589533538605682,-0.16226770650044012,1,-1.31285877421793,-0.6634164779555936,CHSY3,USF2,MEF,bHLH
2279,-0.73605500464993,-0.4667786659818261,0,-1.11779213875948,-1.1392881373355577,PMVK,IRF3,LMC,IRF
2057,-0.7636466334835217,-0.21807786581075275,1,-2.89490675475079,0.020047327655294937,NUF2,BATF,MEF,bZIP
2769,-0.6294050389829617,-0.22772750011888523,1,-3.32063529258886,-0.590527100323903,SLFN5,FOXM1,MEF,Forkhead
303,-0.39206578990544383,-0.24055162484804216,1,1.45646153834468,-0.18786012271774433,BMP8B,EGR1,MEF,Zf
2274,-0.2202036001067245,-0.21807786581075275,1,2.10257897633851,-1.3288570683049172,PM20D1,MAFF,MEF,bZIP
432,-0.024333375166328407,-0.24055162484804216,1,-1.9549283385216,-1.541063909248647,CD14,CTCF,MEF,Zf
2742,-0.028028488630146852,-0.16226770650044012,0,1.46235789888807,1.5247060768368603,SLC39A8,USF1,LMC,bHLH
1221,-0.34939441107522407,-0.24055162484804216,1,1.73376805098353,1.4382265184265501,GORAB,ZKSCAN1,MEF,Zf
2881,-0.1427744352972257,-0.22772750011888523,1,-1.77045279019706,-0.6058932367656051,STIL,FOXA2,MEF,Forkhead
870,-0.3864884434229737,-0.3864884434229737,1,-1.20899941824855,-0.9317294715592397,EGLN3,TCF3,MEF,HMG
623,-0.016679862524066426,-0.16226770650044012,0,-1.19753259376575,-1.2050365870605984,COL7A1,MYOG,LMC,bHLH
2677,-0.028028488630146852,-0.16226770650044012,0,-1.27927448448625,-1.0680113501529145,SKA3,USF1,LMC,bHLH
2537,-0.2295785336880661,-0.23042526569186958,1,-1.8166341585174,1.076943648318265,RPS6KA1,E2F4,MEF,E2F
2523,-0.024333375166328407,-0.24055162484804216,0,-1.17127768993016,-0.5333963057024035,RNF207,CTCF,LMC,Zf
875,0.01123290849505778,-0.24055162484804216,1,-1.34853539641118,0.1965429188625771,EHHADH,GATA3,MEF,Zf
2720,-0.0686255467634714,-0.35874841498741566,0,-1.70576424039824,-1.1763231316796279,SLC27A3,ELK4,LMC,ETS
1481,-0.2490020295772001,-0.24055162484804216,1,2.32183354628202,-0.7283003337296655,IRX3,GATA2,MEF,Zf
1478,-0.12424785148432936,-0.16226770650044012,1,-4.43611876756178,-2.8557371741892474,IRF8,MAX,MEF,bHLH
2347,-0.26925687732944,-0.21807786581075275,0,1.16051451385673,-0.2958160309562571,PRR5L,FOS,LMC,bZIP
861,-0.21040797732426292,-0.24055162484804216,1,-1.62049056402303,1.131106672258311,EFHD2,YY1,MEF,Zf
2853,-0.26925687732944,-0.21807786581075275,1,-3.39538592314641,-2.9168309579569094,SRGN,FOS,MEF,bZIP
841,-0.2781468465397177,-0.24055162484804216,1,-1.47519120528365,-1.841740071601981,EBF3,SP1,MEF,Zf
1840,-0.3864884434229737,-0.3864884434229737,0,2.18019875250841,1.9000705286961845,MMD,TCF3,LMC,HMG
1385,-0.26925687732944,-0.21807786581075275,0,3.15189241334862,3.023988670576335,HPGD,FOS,LMC,bZIP
2324,-0.38280731081485264,-0.21807786581075275,1,-1.08146216479517,-1.274900782896387,PRCP,ATF2,MEF,bZIP
2399,-0.2531799907181821,-0.21807786581075275,1,-1.40254242700849,0.7448807257832313,PVRL2,MAFK,MEF,bZIP
3224,-0.420121647582753,-0.24055162484804216,0,-1.2723089681888,-1.37347180574983,WNK4,ZNF263,LMC,Zf
2033,-0.2134859055500093,-0.16226770650044012,0,-1.95195850424148,0.030328353091515083,NR2F1,BHLHE40,LMC,bHLH
717,-0.17068129734876603,-0.21807786581075275,1,1.24940873650328,1.4752084302111372,CYP27A1,JUND,MEF,bZIP
2515,-0.4196242791334183,-0.24055162484804216,1,1.12637943260805,0.06775496484347981,RND1,ZBTB33,MEF,Zf
1153,-0.3441801093275379,-0.16226770650044012,0,-1.37615733443091,0.5392057333256767,GATA2,TCF12,LMC,bHLH
1344,-0.3879288830557581,-0.4117228529378932,0,-1.06304399815731,-1.1076086288044267,HMGCS1,PBX3,LMC,Homeobox
454,-0.3825682599092054,-0.35874841498741566,0,2.02419233042325,2.1071924130167528,CD68,ELK1,LMC,ETS
422,-0.26925687732944,-0.21807786581075275,1,-3.75573412612852,-3.575467566324645,CCNB2,FOS,MEF,bZIP
1298,-0.17107733425117988,-0.23042526569186958,0,1.79871714318156,1.4758124184098407,GSTA4,E2F6,LMC,E2F
2736,-0.36396349791647825,-0.22688628192079743,0,1.41533311729747,1.4332725035404932,SLC35G1,STAT1,LMC,Stat
314,0.12201789027868709,-0.21807786581075275,1,1.108975807459,0.7545436997453073,BTBD11,BACH1,MEF,bZIP
1887,-0.10243811445811093,-0.10243811445811093,1,3.01201921354902,0.6224744412535865,MSX1,TEAD4,MEF,TEA
2571,-0.44138880677200293,-0.35874841498741566,0,2.21199249094667,1.4890153251692133,SAMSN1,GABPA,LMC,ETS
2253,-0.028028488630146852,-0.16226770650044012,0,1.17987601131408,0.022600607649715995,PLEKHM1,USF1,LMC,bHLH
1900,-0.12424785148432936,-0.16226770650044012,0,-2.81354840009658,-1.8864312460078219,MXD3,MAX,LMC,bHLH
3162,-0.4653646379114139,-0.09391104304834053,1,-1.57637625372954,-1.66964057571158,UBE2T,MYB,MEF,HTH
1814,-0.36396349791647825,-0.22688628192079743,1,1.05357159098522,0.5830620329361047,METTL21A,STAT1,MEF,Stat
926,-0.367509213401688,-0.367509213401688,1,-1.32942090046407,-1.0561210462495216,ESYT1,PAX5,MEF,"Paired,Homeobox"
1566,-0.36394923652108524,-0.36394923652108524,1,-2.45701413877743,-1.6603420149238937,KIF11,EBF1,MEF,EBF
556,-0.21040797732426292,-0.24055162484804216,0,-1.5919068964405,-1.5813406060483004,CHSY3,YY1,LMC,Zf
1015,-0.3864884434229737,-0.3864884434229737,1,-2.36954301173742,-0.8637090151191348,FANCA,TCF3,MEF,HMG
806,-0.024333375166328407,-0.24055162484804216,0,1.68931586814795,-0.4679152776470803,DPPA3,CTCF,LMC,Zf
794,-0.3218229349053168,-0.24055162484804216,1,-7.53915401425447,-3.011925861597867,DOCK2,GATA1,MEF,Zf
792,-0.17107733425117988,-0.23042526569186958,1,-1.16716822785582,-1.3922565661223385,DNMT1,E2F6,MEF,E2F
2337,-0.25726485204107,-0.25726485204107,0,1.66170836484508,1.2566677898897325,PRKCH,NRF1,LMC,NRF
399,-0.3218229349053168,-0.24055162484804216,1,2.3751815801806,1.193391710498018,CCDC65,GATA1,MEF,Zf
2444,-0.4338340387794032,-0.21807786581075275,1,3.09267128508415,0.5172874385108414,RANBP3L,ATF1,MEF,bZIP
895,-0.39206578990544383,-0.24055162484804216,0,-2.74176093683303,0.6769273104665031,ENO3,EGR1,LMC,Zf
1848,-0.07675555573538734,-0.09391104304834053,1,1.58920096300279,1.3708843082235456,MMP15,RFX5,MEF,HTH
2125,-0.367509213401688,-0.367509213401688,0,1.67444194494018,1.6695868790190491,PARP14,PAX5,LMC,"Paired,Homeobox"
1575,-0.44138880677200293,-0.35874841498741566,0,-1.32522675810794,-1.3794047010866641,KIF26A,GABPA,LMC,ETS
2496,-0.2781468465397177,-0.24055162484804216,0,-1.87567434541817,-1.9960999803575044,RGS5,SP1,LMC,Zf
1634,-0.420121647582753,-0.24055162484804216,0,-1.87642244998417,-0.6282451249855192,LDB2,ZNF263,LMC,Zf
2246,-0.5263204549945071,-0.23042526569186958,1,-1.88722307582379,-1.4289898580910807,PLEKHA2,E2F1,MEF,E2F
1483,-0.13376741412866516,-0.22688628192079743,0,-2.42838233040146,0.11262910903800907,ISL1,STAT3,LMC,Stat
1076,-0.35656081815482665,-0.24055162484804216,0,-1.25012529076239,-0.42197610780132133,FLNA,ZEB1,LMC,Zf
1289,-0.13755040436917615,-0.4117228529378932,1,-2.2405085887341,-1.505560707920062,GRM7,NANOG,MEF,Homeobox
449,-0.2781468465397177,-0.24055162484804216,1,-8.10996807721768,-7.5450509771271586,CD48,SP1,MEF,Zf
1668,-0.3879288830557581,-0.4117228529378932,1,3.05412965320593,-0.2887309109450553,LMCD1,PBX3,MEF,Homeobox
168,-0.12424785148432936,-0.16226770650044012,1,1.82462954490951,-0.5302208342547522,APOD,MAX,MEF,bHLH
457,-0.36394923652108524,-0.36394923652108524,0,1.872958774821,1.8559860846621303,CD74,EBF1,LMC,EBF
2073,-0.016679862524066426,-0.16226770650044012,0,-1.22751387229782,-0.8860173228077941,OBSL1,MYOG,LMC,bHLH
1273,0.12201789027868709,-0.21807786581075275,0,-2.09482730247396,-1.5436469570458167,GRASP,BACH1,LMC,bZIP
1330,-0.17068129734876603,-0.21807786581075275,1,1.58427009070658,0.8115693539613826,HHIP,JUND,MEF,bZIP
2855,-0.2134859055500093,-0.16226770650044012,0,1.65068826126011,-0.5243334031937457,SRPK3,BHLHE40,LMC,bHLH
1791,-0.26925687732944,-0.21807786581075275,1,-1.8528816001039,-1.5966097877613796,MCM6,FOS,MEF,bZIP
465,-0.73605500464993,-0.4667786659818261,1,-2.79960891240183,-2.478637037819699,CDC20,IRF3,MEF,IRF
1044,-0.2202036001067245,-0.21807786581075275,0,2.03531170334419,2.0704556278668953,FERMT3,MAFF,LMC,bZIP
837,-0.17107733425117988,-0.23042526569186958,0,1.07010132496993,-0.19637820293620098,EAF1,E2F6,LMC,E2F
1938,-0.3825682599092054,-0.35874841498741566,1,2.19465551629259,-1.755737051548922,NAP1L5,ELK1,MEF,ETS
1350,-0.3241398962390605,-0.4667786659818261,0,1.34567640676102,0.7324253192264228,HNMT,IRF1,LMC,IRF
586,-0.2295785336880661,-0.23042526569186958,1,-1.10717304092013,-0.8185352776995702,CLYBL,E2F4,MEF,E2F
203,-0.2134859055500093,-0.16226770650044012,0,1.8472986595784,1.3813778065937803,ARL11,BHLHE40,LMC,bHLH
118,-0.26925687732944,-0.21807786581075275,1,-1.21591862457302,-0.47268148541237404,ALOXE3,FOS,MEF,bZIP
2845,-0.3241398962390605,-0.4667786659818261,0,-1.12860791435859,-0.7969723766596268,SPRY1,IRF1,LMC,IRF
1194,0.12201789027868709,-0.21807786581075275,1,1.95528246047761,0.7998936183848722,GJA3,BACH1,MEF,bZIP
879,-0.024333375166328407,-0.24055162484804216,1,-2.58541829649739,1.0184617856548024,ELMO1,CTCF,MEF,Zf
1938,-0.2490020295772001,-0.24055162484804216,1,2.19465551629259,-0.09415293917978915,NAP1L5,GATA2,MEF,Zf
15,-0.028028488630146852,-0.16226770650044012,0,1.12498979792279,1.0722870048443964,ABHD12,USF1,LMC,bHLH
2695,-0.2134859055500093,-0.16226770650044012,1,-2.99251540919118,-1.80853811501276,SLC16A11,BHLHE40,MEF,bHLH
1672,0.01123290849505778,-0.24055162484804216,0,-2.15792699391474,-1.0099871304033805,LMOD1,GATA3,LMC,Zf
419,-0.35656081815482665,-0.24055162484804216,1,-1.01212708968367,-1.1730540418773494,CCM2,ZEB1,MEF,Zf
1616,-0.17068129734876603,-0.21807786581075275,1,-2.81083980719423,-0.6005939756939609,LAMA2,JUND,MEF,bZIP
1995,-0.016679862524066426,-0.16226770650044012,1,-1.79862701384107,0.5776080538981376,NKAIN3,MYOG,MEF,bHLH
1957,-0.17107733425117988,-0.23042526569186958,0,-1.64466006634202,-1.2222773899094375,NDC80,E2F6,LMC,E2F
1882,-0.2295785336880661,-0.23042526569186958,0,2.25613902135658,1.3216082220430048,MSLN,E2F4,LMC,E2F
259,-0.19305637283257054,-0.24055162484804216,1,-1.08870467428603,-2.195155124123788,B3GNT8,MAZ,MEF,Zf
1435,-0.39206578990544383,-0.24055162484804216,0,2.724260975043,2.5032415299647943,IL10,EGR1,LMC,Zf
2250,-0.3441801093275379,-0.16226770650044012,1,-1.29239612926271,-1.6245138873821348,PLEKHG3,TCF12,MEF,bHLH
932,-0.3218229349053168,-0.24055162484804216,1,1.3056546926836,-1.0926379753170121,EVA1C,GATA1,MEF,Zf
1631,-0.420121647582753,-0.24055162484804216,1,-4.84865339825882,1.332773106945898,LCP1,ZNF263,MEF,Zf
1147,-0.2295785336880661,-0.23042526569186958,1,-1.06721399184908,-1.1476364953179905,GAPDH,E2F4,MEF,E2F
3236,-0.17107733425117988,-0.23042526569186958,0,1.14579429923485,1.1365683447675994,WWP1,E2F6,LMC,E2F
792,-0.13755040436917615,-0.4117228529378932,1,-1.16716822785582,-2.237262245151678,DNMT1,NANOG,MEF,Homeobox
751,0.12201789027868709,-0.21807786581075275,1,3.26916636459788,2.1829468877695475,DES,BACH1,MEF,bZIP
1668,-0.26484040662604763,-0.21807786581075275,1,3.05412965320593,0.585408349158273,LMCD1,FOSL2,MEF,bZIP
1197,-0.12424785148432936,-0.16226770650044012,1,-1.35811722056909,0.6529348318905369,GJC1,MAX,MEF,bHLH
1631,-0.73605500464993,-0.4667786659818261,0,1.88765751605467,1.646402798413551,LCP1,IRF3,LMC,IRF
818,-0.4338340387794032,-0.21807786581075275,0,-1.41724630665825,-1.0318334244339438,DTL,ATF1,LMC,bZIP
2699,-0.17068129734876603,-0.21807786581075275,0,-1.13247654437372,-1.0389177508188632,SLC16A3,JUND,LMC,bZIP
295,-0.34939441107522407,-0.24055162484804216,1,-2.38048914578776,-1.5647190071223687,BIRC5,ZKSCAN1,MEF,Zf
1389,-0.10243811445811093,-0.10243811445811093,0,1.32986655856299,0.8806197650195574,HRH1,TEAD4,LMC,TEA
2014,-0.39206578990544383,-0.24055162484804216,1,1.46367070692664,0.9183230058755995,NOS1AP,EGR1,MEF,Zf
1876,-0.3441801093275379,-0.16226770650044012,1,-1.27897559646507,-3.352274370319195,MRPS6,TCF12,MEF,bHLH
1324,-0.25726485204107,-0.25726485204107,1,1.80366727059498,-0.6151132803532392,HEPH,NRF1,MEF,NRF
2746,-0.3241398962390605,-0.4667786659818261,1,-2.01702441602196,-2.1923202439559257,SLC43A3,IRF1,MEF,IRF
1580,-0.016679862524066426,-0.16226770650044012,1,1.73758195883596,1.441865600007092,KIF5C,MYOG,MEF,bHLH
2529,0.01123290849505778,-0.24055162484804216,0,-1.49220906542804,0.2308802907994429,ROR1,GATA3,LMC,Zf
1360,-0.2384484828274451,-0.35874841498741566,1,-2.49612425829247,-1.6054003771157779,HOXA5,ELF1,MEF,ETS
1556,-0.15589533538605682,-0.16226770650044012,1,-1.60578743741166,-2.0523300704396847,KCNS3,USF2,MEF,bHLH
556,-0.420121647582753,-0.24055162484804216,0,-1.5919068964405,-1.5829561732364033,CHSY3,ZNF263,LMC,Zf
1998,-0.39206578990544383,-0.24055162484804216,1,3.08931540774199,1.3544316207821283,NKX6-1,EGR1,MEF,Zf
1728,-0.2295785336880661,-0.23042526569186958,1,-4.94880148210494,-1.8940273204653002,LY86,E2F4,MEF,E2F
1439,-0.20320451878994805,-0.21807786581075275,1,2.60170513530779,-0.10461391564889677,IL13RA2,ATF3,MEF,bZIP
3211,-0.2781468465397177,-0.24055162484804216,0,-1.06067198792734,0.41188374348703666,WASF3,SP1,LMC,Zf
531,-0.36396349791647825,-0.22688628192079743,1,1.21928716189159,1.3400714424464955,CFAP61,STAT1,MEF,Stat
550,-0.028028488630146852,-0.16226770650044012,0,-1.34774632476218,-0.2305896946387508,CHRNA7,USF1,LMC,bHLH
281,-0.2202036001067245,-0.21807786581075275,1,-1.55425053108791,-0.5398653524552274,BDH1,MAFF,MEF,bZIP
1792,-0.21040797732426292,-0.24055162484804216,1,-5.09340625018667,-4.7350264364083055,MCOLN2,YY1,MEF,Zf
2041,-0.48566408989307963,-0.5293658635384044,0,1.93781365732925,0.7537871433945398,NRROS,MEF2C,LMC,MADS
425,0.12201789027868709,-0.21807786581075275,0,-2.59543354538128,-2.3134511169090364,CCNJL,BACH1,LMC,bZIP
1497,-0.024333375166328407,-0.24055162484804216,1,-8.07763069469641,-2.936408119864768,ITGB2,CTCF,MEF,Zf
591,-0.26484040662604763,-0.21807786581075275,1,-1.3326909212293,-0.5066538516409048,CNDP2,FOSL2,MEF,bZIP
794,-0.3441801093275379,-0.16226770650044012,0,1.90155186196009,1.5599848746704792,DOCK2,TCF12,LMC,bHLH
3236,-0.10243811445811093,-0.10243811445811093,0,1.14579429923485,0.5767102759509346,WWP1,TEAD4,LMC,TEA
414,-0.367509213401688,-0.367509213401688,0,2.27699369760861,1.9823837999371443,CCL3,PAX5,LMC,"Paired,Homeobox"
739,-0.13376741412866516,-0.22688628192079743,1,1.57375665683309,0.8663547639215572,DDN,STAT3,MEF,Stat
2386,-0.13376741412866516,-0.22688628192079743,1,-5.85839993985972,-2.986779108740915,PTPN6,STAT3,MEF,Stat
2010,-0.2202036001067245,-0.21807786581075275,1,-1.20623734785195,0.6010616427663527,NNMT,MAFF,MEF,bZIP
2935,-0.6294050389829617,-0.22772750011888523,0,-1.1207796034852,-0.3325677305763772,TARSL2,FOXM1,LMC,Forkhead
337,-0.3218229349053168,-0.24055162484804216,0,-1.44650094432759,-0.8471855899753595,CABP1,GATA1,LMC,Zf
630,-0.3218229349053168,-0.24055162484804216,1,-4.2288874048856,-2.8386642389881467,CORO1A,GATA1,MEF,Zf
937,-0.028028488630146852,-0.16226770650044012,1,1.42767641384569,1.4842306131551353,EXOC3,USF1,MEF,bHLH
1551,-0.016679862524066426,-0.16226770650044012,1,-2.83262088040282,-1.5294132235567028,KCNK13,MYOG,MEF,bHLH
1572,-0.13376741412866516,-0.22688628192079743,1,1.40702788043446,0.20023070666668205,KIF21A,STAT3,MEF,Stat
1013,-0.17107733425117988,-0.23042526569186958,0,1.47559622223216,0.8225470176703658,FAM84A,E2F6,LMC,E2F
968,-0.2295785336880661,-0.23042526569186958,0,-1.4871692627616,-1.6853108241175787,FAM131B,E2F4,LMC,E2F
3046,-0.26925687732944,-0.21807786581075275,0,2.28932160921148,1.887755390487509,TMEM59L,FOS,LMC,bZIP
1182,-0.17107733425117988,-0.23042526569186958,0,1.17625315120143,0.6410676939418457,GGCT,E2F6,LMC,E2F
1586,-0.2384484828274451,-0.35874841498741566,0,-1.05305185057136,-1.0088507033553369,KISS1R,ELF1,LMC,ETS
2402,0.12201789027868709,-0.21807786581075275,1,-1.28053031107436,-1.3108154178061044,PYCARD,BACH1,MEF,bZIP
496,-0.3864884434229737,-0.3864884434229737,0,-1.45528793892123,-1.461545966469628,CDKN3,TCF3,LMC,HMG
3267,-0.17068129734876603,-0.21807786581075275,0,-1.26383646152717,-1.0049692366928573,ZWILCH,JUND,LMC,bZIP
3103,-0.12424785148432936,-0.16226770650044012,1,-2.65821541512878,-1.3632761731486582,TRIM14,MAX,MEF,bHLH
3019,-0.17107733425117988,-0.23042526569186958,0,-1.68922913667039,-0.39244686743310864,TMEM158,E2F6,LMC,E2F
514,-0.2202036001067245,-0.21807786581075275,0,-1.48650253996053,-1.4706814228008966,CENPI,MAFF,LMC,bZIP
1682,-0.7458206212504059,-0.24055162484804216,1,-2.74353016291485,-4.151688520251427,LPAR5,BCL11A,MEF,Zf
2292,-0.3825682599092054,-0.35874841498741566,1,-1.55535313200542,-0.8600402631707967,POLQ,ELK1,MEF,ETS
2830,-0.2295785336880661,-0.23042526569186958,1,2.2287125275182,0.768601868343513,SPEF2,E2F4,MEF,E2F
2821,-0.028028488630146852,-0.16226770650044012,1,1.33614858114974,-1.2421532712946501,SPA17,USF1,MEF,bHLH
977,0.12201789027868709,-0.21807786581075275,0,-1.35378356162685,-0.86121370030483,FAM171B,BACH1,LMC,bZIP
2664,-0.17068129734876603,-0.21807786581075275,1,1.59313087481905,-1.249407880129272,SHISA7,JUND,MEF,bZIP
1697,-0.2134859055500093,-0.16226770650044012,0,-1.53337520776607,-1.2125677439016231,LRRC16A,BHLHE40,LMC,bHLH
1426,-0.2295785336880661,-0.23042526569186958,1,3.03515583117171,-0.6448843196730687,IGSF1,E2F4,MEF,E2F
829,-0.13755040436917615,-0.4117228529378932,1,-1.58068661283393,-1.4980673387119996,DUT,NANOG,MEF,Homeobox
1075,-0.36396349791647825,-0.22688628192079743,0,1.70639394167543,1.3050778967634462,FLI1,STAT1,LMC,Stat
679,-0.1427744352972257,-0.22772750011888523,0,-2.86747721889391,-0.6951440599093774,CTHRC1,FOXA2,LMC,Forkhead
377,-0.34334100110644417,-0.35874841498741566,0,-1.18392674086099,-0.9341477031879906,CBS,ETS1,LMC,ETS
3003,-0.3825682599092054,-0.35874841498741566,1,-3.99329327944435,-0.6672586548920297,TM6SF1,ELK1,MEF,ETS
2606,0.12201789027868709,-0.21807786581075275,0,-1.18341999381552,-1.195083437224779,SEMA3A,BACH1,LMC,bZIP
454,-0.3864884434229737,-0.3864884434229737,1,-5.47756028778316,-4.800319743110673,CD68,TCF3,MEF,HMG
3055,-0.2134859055500093,-0.16226770650044012,1,-2.0917384886418,-4.107475848094304,TNFAIP8L1,BHLHE40,MEF,bHLH
834,-0.36396349791647825,-0.22688628192079743,1,-1.66961603936498,-1.5461911012627902,E2F2,STAT1,MEF,Stat
268,-0.2295785336880661,-0.23042526569186958,0,-1.07278561871818,-0.46935486840546936,BAIAP2,E2F4,LMC,E2F
1751,-0.2134859055500093,-0.16226770650044012,1,-1.62007527823307,-1.1835156055086276,MAN1C1,BHLHE40,MEF,bHLH
1820,-0.2295785336880661,-0.23042526569186958,0,1.56261648232915,1.19866915869335,MFSD12,E2F4,LMC,E2F
697,0.023694036513735375,-0.22772750011888523,0,2.18718578524014,2.316621849421244,CX3CR1,FOXA1,LMC,Forkhead
1096,0.12201789027868709,-0.21807786581075275,0,-1.92576184832409,-0.9240946097655351,FOXC2,BACH1,LMC,bZIP
265,-0.38280731081485264,-0.21807786581075275,0,-1.12473692026766,-0.3970369738878861,BAG2,ATF2,LMC,bZIP
2231,-0.2490020295772001,-0.24055162484804216,0,-1.25589685126262,-1.2135118170786376,PLA2R1,GATA2,LMC,Zf
562,-0.2295785336880661,-0.23042526569186958,0,-1.84132809551671,-1.8413280955167108,CKAP2,E2F4,LMC,E2F
2663,-0.17107733425117988,-0.23042526569186958,0,-1.0688860198934,1.1246191822344185,SHISA6,E2F6,LMC,E2F
1970,-0.2202036001067245,-0.21807786581075275,1,-2.2655962110482,-1.281436657549024,NEK2,MAFF,MEF,bZIP
1117,-0.13755040436917615,-0.4117228529378932,1,1.11413412921778,-0.12492050444249586,FSBP,NANOG,MEF,Homeobox
1871,-0.024333375166328407,-0.24055162484804216,1,-6.02726535590589,-0.920454644624337,MRC1,CTCF,MEF,Zf
138,-0.12424785148432936,-0.16226770650044012,0,-2.36033516397192,-1.554719016840728,ANKLE1,MAX,LMC,bHLH
2260,-0.20320451878994805,-0.21807786581075275,1,-1.06024887079135,-0.8179549033375014,PLK3,ATF3,MEF,bZIP
1746,-0.36396349791647825,-0.22688628192079743,1,5.32777087359567,-0.1273521128551846,MAL,STAT1,MEF,Stat
273,-0.2295785336880661,-0.23042526569186958,1,1.25563358471686,0.4034769171966255,BBS4,E2F4,MEF,E2F
995,-0.2531799907181821,-0.21807786581075275,0,-1.34584970061181,-1.353843773108697,FAM26E,MAFK,LMC,bZIP
504,-0.2295785336880661,-0.23042526569186958,1,-2.42975111298666,-1.0991567418044044,CEBPA,E2F4,MEF,E2F
1588,-0.3879288830557581,-0.4117228529378932,0,-2.56633169713976,-2.4764380006250564,KLF12,PBX3,LMC,Homeobox
2335,-0.3218229349053168,-0.24055162484804216,0,2.81104415880545,1.9280456590002546,PRKCB,GATA1,LMC,Zf
2935,-0.4196242791334183,-0.24055162484804216,0,-1.1207796034852,-0.11174368792304687,TARSL2,ZBTB33,LMC,Zf
819,-0.12424785148432936,-0.16226770650044012,0,1.14268323152742,0.5725230741794785,DTNB,MAX,LMC,bHLH
251,0.01123290849505778,-0.24055162484804216,1,-2.20954496278564,-2.046611860894484,AURKA,GATA3,MEF,Zf
358,-0.19305637283257054,-0.24055162484804216,1,1.22166358080794,0.5407932031510065,CAMK4,MAZ,MEF,Zf
2642,-0.3879288830557581,-0.4117228529378932,0,-1.09221409697119,-0.6289981530631915,SGSM1,PBX3,LMC,Homeobox
2109,-0.1427744352972257,-0.22772750011888523,0,-1.8177228835142,-1.5622805948713276,PACSIN3,FOXA2,LMC,Forkhead
1658,-0.420121647582753,-0.24055162484804216,0,-1.11995880005209,0.06311212635547944,LIMCH1,ZNF263,LMC,Zf
2304,-0.2531799907181821,-0.21807786581075275,0,-2.08467910509442,-2.094055729760397,PPARGC1A,MAFK,LMC,bZIP
1819,-0.2781468465397177,-0.24055162484804216,0,2.23766035348181,1.9662741801835362,MFNG,SP1,LMC,Zf
268,-0.3441801093275379,-0.16226770650044012,0,-1.07278561871818,-0.31018400295914605,BAIAP2,TCF12,LMC,bHLH
2172,-0.17068129734876603,-0.21807786581075275,1,-1.41279192676736,-1.224508142309504,PDGFB,JUND,MEF,bZIP
2377,-0.3441801093275379,-0.16226770650044012,1,2.08349403611381,-1.8179933563209716,PTHLH,TCF12,MEF,bHLH
988,0.12201789027868709,-0.21807786581075275,1,1.57124127789086,0.7039640429663645,FAM19A3,BACH1,MEF,bZIP
2375,-0.12424785148432936,-0.16226770650044012,1,-1.54785588948123,-1.9578470312621425,PTGIR,MAX,MEF,bHLH
736,-0.3441801093275379,-0.16226770650044012,1,1.21253077226439,-2.866694216028496,DCXR,TCF12,MEF,bHLH
2223,-0.36394923652108524,-0.36394923652108524,0,2.42323666921668,1.866933432416911,PKIB,EBF1,LMC,EBF
2682,-0.2134859055500093,-0.16226770650044012,1,-4.94439412197124,-1.97622381922383,SLAMF9,BHLHE40,MEF,bHLH
1143,-0.420121647582753,-0.24055162484804216,1,2.77782967795664,-2.5531288142003614,GALNT3,ZNF263,MEF,Zf
2919,0.01123290849505778,-0.24055162484804216,1,3.40778923750802,0.7393133407353609,SYT4,GATA3,MEF,Zf
1232,-0.028028488630146852,-0.16226770650044012,1,2.4986859999998,2.0457374094050764,GPM6B,USF1,MEF,bHLH
2686,-0.19305637283257054,-0.24055162484804216,1,1.0133885125942,0.5234637714698256,SLC12A2,MAZ,MEF,Zf
2057,-0.38280731081485264,-0.21807786581075275,1,-2.89490675475079,-2.290323258813928,NUF2,ATF2,MEF,bZIP
2777,-0.3864884434229737,-0.3864884434229737,0,1.33467085489491,1.1460832628210995,SMARCA2,TCF3,LMC,HMG
2159,-0.2134859055500093,-0.16226770650044012,1,-3.50441248789813,-2.100384103856463,PCSK9,BHLHE40,MEF,bHLH
2542,-0.5692078006234296,-0.4117228529378932,0,-1.54415963122133,-1.4658298586265843,RRM2,CUX1,LMC,Homeobox
338,-0.17107733425117988,-0.23042526569186958,0,-1.98402210169633,-0.6849206671133733,CACNA1C,E2F6,LMC,E2F
1138,-0.024333375166328407,-0.24055162484804216,0,1.17692252323497,0.37211984337168325,GALC,CTCF,LMC,Zf
1353,-0.12424785148432936,-0.16226770650044012,0,1.4838362949105,0.4802553784442943,HOOK1,MAX,LMC,bHLH
2071,-0.3241398962390605,-0.4667786659818261,0,2.25315774616314,1.7211720366397614,OAS3,IRF1,LMC,IRF
1527,-0.10243811445811093,-0.10243811445811093,1,3.35408035730909,-0.9171188840919942,KCNA6,TEAD4,MEF,TEA
2793,-0.2781468465397177,-0.24055162484804216,1,1.50122491579436,-1.1493659065321897,SNHG12,SP1,MEF,Zf
1951,-0.2531799907181821,-0.21807786581075275,0,1.45744396290933,1.1220800120718935,NCEH1,MAFK,LMC,bZIP
1478,-0.2781468465397177,-0.24055162484804216,1,-4.43611876756178,-3.283351930059451,IRF8,SP1,MEF,Zf
2233,0.023694036513735375,-0.22772750011888523,0,-2.88397557845774,-1.340081777436439,PLAC8,FOXA1,LMC,Forkhead
2846,-0.2134859055500093,-0.16226770650044012,1,-1.65783666634101,-1.7150468736256597,SPRY3,BHLHE40,MEF,bHLH
767,-0.07675555573538734,-0.09391104304834053,1,2.50105789905647,1.4566073187267252,DLX1,RFX5,MEF,HTH
1292,-0.34939441107522407,-0.24055162484804216,0,1.18024367524871,1.1064881471055639,GSDMD,ZKSCAN1,LMC,Zf
2293,-0.25726485204107,-0.25726485204107,0,-2.73358754737203,-2.282847073224104,POM121L2,NRF1,LMC,NRF
1168,-0.38280731081485264,-0.21807786581075275,1,-1.4900698007944,0.5223135769217955,GCNT2,ATF2,MEF,bZIP
2544,-0.2531799907181821,-0.21807786581075275,1,1.30997366918409,-0.8068440576837598,RSPH1,MAFK,MEF,bZIP
1580,-0.2531799907181821,-0.21807786581075275,1,1.73758195883596,-0.527999042645221,KIF5C,MAFK,MEF,bZIP
2661,-0.10243811445811093,-0.10243811445811093,0,-1.22957922565248,-0.9886166413007327,SHF,TEAD4,LMC,TEA
428,-0.2202036001067245,-0.21807786581075275,1,-2.3161581512773,-1.2505597658991794,CCR1,MAFF,MEF,bZIP
2677,-0.07675555573538734,-0.09391104304834053,0,-1.27927448448625,-1.2630385939894897,SKA3,RFX5,LMC,HTH
2378,-0.21040797732426292,-0.24055162484804216,0,1.53215201360364,1.0875182768643732,PTK2B,YY1,LMC,Zf
2450,-0.25726485204107,-0.25726485204107,0,-1.05231333068148,-0.8224547933695425,RARG,NRF1,LMC,NRF
993,-0.21040797732426292,-0.24055162484804216,0,1.37308235035012,0.8658146490389944,FAM213A,YY1,LMC,Zf
3080,-0.21040797732426292,-0.24055162484804216,0,1.78306212287679,-0.2508084773683682,TOX2,YY1,LMC,Zf
2431,-0.2588825049450903,-0.2588825049450903,1,-1.67508726212781,-0.7506252964144143,RAD51,HNF4A,MEF,NR
650,-0.15589533538605682,-0.16226770650044012,1,-2.94835882788418,-1.712231154500406,CREG2,USF2,MEF,bHLH
2439,-0.1427744352972257,-0.22772750011888523,1,-1.16961792333877,-0.26989318938633816,RALGPS2,FOXA2,MEF,Forkhead
2463,-0.34334100110644417,-0.35874841498741566,1,-2.86890580089476,-1.0562766569048418,RASSF4,ETS1,MEF,ETS
348,-0.3441801093275379,-0.16226770650044012,0,-1.41453586939854,1.089541224589715,CACNG7,TCF12,LMC,bHLH
2747,-0.367509213401688,-0.367509213401688,0,1.18552058951319,1.1834347049981937,SLC44A1,PAX5,LMC,"Paired,Homeobox"
1600,-0.3241398962390605,-0.4667786659818261,1,1.56969787708839,0.8753856737783938,KLHL8,IRF1,MEF,IRF
501,-0.367509213401688,-0.367509213401688,1,-1.54134144871183,-1.687889238993962,CDT1,PAX5,MEF,"Paired,Homeobox"
2395,-0.420121647582753,-0.24055162484804216,0,-1.52644018494485,1.5049617677823028,PTPRZ1,ZNF263,LMC,Zf
1268,-0.07675555573538734,-0.09391104304834053,0,-1.16679590504113,-1.148758625451278,GPSM1,RFX5,LMC,HTH
2975,-0.3825682599092054,-0.35874841498741566,0,-1.10337016351696,-1.3820414803595016,THBS1,ELK1,LMC,ETS
2216,-0.15589533538605682,-0.16226770650044012,1,-3.03883385040667,-2.384128196102136,PILRA,USF2,MEF,bHLH
2249,0.12201789027868709,-0.21807786581075275,1,1.15271259876003,-0.38690393962159136,PLEKHG1,BACH1,MEF,bZIP
2988,-0.3825682599092054,-0.35874841498741566,1,2.47016823813231,0.5505404275726822,TIPARP,ELK1,MEF,ETS
3249,-0.21040797732426292,-0.24055162484804216,1,-3.34195234407642,-2.4762490021022416,ZC3H12D,YY1,MEF,Zf
2440,0.12201789027868709,-0.21807786581075275,1,1.00406585269016,-0.8757808580610668,RALYL,BACH1,MEF,bZIP
2149,0.01123290849505778,-0.24055162484804216,0,-1.10925949674155,-0.9279410662922993,PCDHGC4,GATA3,LMC,Zf
1824,-0.21040797732426292,-0.24055162484804216,1,3.1939303168836,0.4969962978452729,MGP,YY1,MEF,Zf
2492,-0.39206578990544383,-0.24055162484804216,1,-1.83237956996519,-2.4278766880555636,RGS16,EGR1,MEF,Zf
326,-0.36394923652108524,-0.36394923652108524,1,-8.85443154360683,-2.8639190160555894,C1QC,EBF1,MEF,EBF
1353,-0.3879288830557581,-0.4117228529378932,0,1.4838362949105,0.7633159797846435,HOOK1,PBX3,LMC,Homeobox
1465,0.12201789027868709,-0.21807786581075275,0,1.4524995937308,1.3313509218505848,INPP4B,BACH1,LMC,bZIP
2732,-0.6294050389829617,-0.22772750011888523,1,1.30662937679401,-1.0899058154368606,SLC33A1,FOXM1,MEF,Forkhead
1807,-0.3879288830557581,-0.4117228529378932,1,-1.82030516240533,-0.7225581366274412,MEIS1,PBX3,MEF,Homeobox
1694,-0.2295785336880661,-0.23042526569186958,1,3.89825776680161,0.325066684735573,LRP1B,E2F4,MEF,E2F
751,-0.2134859055500093,-0.16226770650044012,1,3.26916636459788,1.9606717210070013,DES,BHLHE40,MEF,bHLH
1437,0.01123290849505778,-0.24055162484804216,0,2.5909647487906,2.297254539245054,IL11,GATA3,LMC,Zf
688,-0.2134859055500093,-0.16226770650044012,1,1.50358828965648,1.1723641808098713,CTSH,BHLHE40,MEF,bHLH
1021,-0.2490020295772001,-0.24055162484804216,0,-2.80287244127223,-2.7465927468158093,FAT4,GATA2,LMC,Zf
300,0.01123290849505778,-0.24055162484804216,1,2.79292499470712,3.434086018032261,BMP5,GATA3,MEF,Zf
1399,-0.13376741412866516,-0.22688628192079743,0,1.22127784545729,0.9390593212279736,HSPB1,STAT3,LMC,Stat
1954,-0.21040797732426292,-0.24055162484804216,1,-6.8574630086637,-4.686238342678319,NCF4,YY1,MEF,Zf
757,-0.3218229349053168,-0.24055162484804216,1,1.50417924206715,1.5410771321168997,DIO2,GATA1,MEF,Zf
2796,-0.26925687732944,-0.21807786581075275,1,1.64096455740239,-0.7869533975598486,SNTB1,FOS,MEF,bZIP
1182,-0.367509213401688,-0.367509213401688,0,1.17625315120143,0.21737479776355415,GGCT,PAX5,LMC,"Paired,Homeobox"
940,0.5522402326254439,-0.24055162484804216,0,-1.04928380645849,-0.6043309688400861,EXT1,PRDM1,LMC,Zf
1368,0.5522402326254439,-0.24055162484804216,1,-1.53051207799042,-0.5168065133449562,HOXB6,PRDM1,MEF,Zf
2753,-0.12424785148432936,-0.16226770650044012,1,1.06278430182055,0.5475130673488517,SLC5A7,MAX,MEF,bHLH
2777,-0.26484040662604763,-0.21807786581075275,0,1.33467085489491,0.49763573120393395,SMARCA2,FOSL2,LMC,bZIP
875,-0.2202036001067245,-0.21807786581075275,1,-1.34853539641118,-0.6887039493419078,EHHADH,MAFF,MEF,bZIP
3227,0.01123290849505778,-0.24055162484804216,1,1.26993965517135,1.3486084653298869,WNT11,GATA3,MEF,Zf
630,-0.5444726494898747,-0.5293658635384044,1,-4.2288874048856,-2.029204936246045,CORO1A,MEF2A,MEF,MADS
713,-0.2531799907181821,-0.21807786581075275,1,1.19144626408088,0.5610750856661967,CYLD,MAFK,MEF,bZIP
1163,-0.2202036001067245,-0.21807786581075275,1,1.37659350408397,1.0417202588873185,GCH1,MAFF,MEF,bZIP
2201,-0.44138880677200293,-0.35874841498741566,1,1.27816963341491,-1.476700569427725,PGR,GABPA,MEF,ETS
1669,-0.2295785336880661,-0.23042526569186958,1,-2.03337449621201,-0.12547031039356846,LMNB1,E2F4,MEF,E2F
1761,-0.26484040662604763,-0.21807786581075275,0,-4.78522239619105,-0.4059559646339286,MAP3K7CL,FOSL2,LMC,bZIP
2791,-0.44138880677200293,-0.35874841498741566,0,-2.93185492508053,0.45308908667005227,SNED1,GABPA,LMC,ETS
2583,-0.2588825049450903,-0.2588825049450903,0,-2.5472687417079,-2.5472687417078985,SCML2,HNF4A,LMC,NR
1309,0.12201789027868709,-0.21807786581075275,1,2.21344055112129,1.152889093973747,HAND2,BACH1,MEF,bZIP
1678,-0.024333375166328407,-0.24055162484804216,0,-1.66239568256714,-1.2004830631609966,LOXL2,CTCF,LMC,Zf
983,-0.024333375166328407,-0.24055162484804216,0,-2.6954506576559,-2.1451225752904826,FAM184B,CTCF,LMC,Zf
1862,-0.36396349791647825,-0.22688628192079743,1,1.15642821553146,0.01482959199549315,MORN2,STAT1,MEF,Stat
2625,-0.12424785148432936,-0.16226770650044012,0,2.34303813040736,2.4302887472198007,SERPIND1,MAX,LMC,bHLH
423,-0.2295785336880661,-0.23042526569186958,0,-1.26956236728047,-1.487744267727096,CCNE1,E2F4,LMC,E2F
2850,-0.3879288830557581,-0.4117228529378932,1,1.15748359100971,-1.5978973109251706,SQRDL,PBX3,MEF,Homeobox
2549,-0.2384484828274451,-0.35874841498741566,0,-2.05581505638442,-1.8449222781959986,RTKN2,ELF1,LMC,ETS
776,-0.19305637283257054,-0.24055162484804216,0,-1.62268773206767,-1.3762550487954,DNAH1,MAZ,LMC,Zf
765,-0.420121647582753,-0.24055162484804216,1,-1.80369197034061,-0.9257626172209017,DLK1,ZNF263,MEF,Zf
2058,-0.10243811445811093,-0.10243811445811093,0,1.25231194291045,0.2563228445920768,NUP210,TEAD4,LMC,TEA
2833,-0.2134859055500093,-0.16226770650044012,1,-7.24778929658034,-3.958776384829326,SPI1,BHLHE40,MEF,bHLH
27,0.023694036513735375,-0.22772750011888523,1,2.18449933550891,0.5415616881254595,ACKR3,FOXA1,MEF,Forkhead
784,-0.2384484828274451,-0.35874841498741566,1,1.08312646824662,-0.052725282257314605,DNAJB4,ELF1,MEF,ETS
945,-0.20320451878994805,-0.21807786581075275,0,1.62913103681418,0.7625150155445786,EZR,ATF3,LMC,bZIP
71,-0.3825682599092054,-0.35874841498741566,0,-1.01583734155542,-1.2859767196435885,ADCY4,ELK1,LMC,ETS
1118,-0.26925687732944,-0.21807786581075275,1,1.15084131246931,-0.6831746171323877,FSIP1,FOS,MEF,bZIP
2797,-0.4196242791334183,-0.24055162484804216,1,1.20718208298321,0.13485061054432912,SNX16,ZBTB33,MEF,Zf
996,-0.3241398962390605,-0.4667786659818261,0,-1.00862397123764,-1.0486553516440926,FAM3C,IRF1,LMC,IRF
2261,-0.024333375166328407,-0.24055162484804216,0,1.93724746564919,0.6791034074026059,PLK5,CTCF,LMC,Zf
504,-0.5263204549945071,-0.23042526569186958,0,2.31604501349068,2.0790753524677497,CEBPA,E2F1,LMC,E2F
2949,-0.2531799907181821,-0.21807786581075275,0,1.39093876319334,1.1623082978320087,TCFL5,MAFK,LMC,bZIP
2489,-0.10243811445811093,-0.10243811445811093,1,-1.61617060658465,-1.4285943450885634,RGMA,TEAD4,MEF,TEA
632,-0.3441801093275379,-0.16226770650044012,1,-4.32608395276408,-1.6101931558694103,CORO2A,TCF12,MEF,bHLH
525,-0.26925687732944,-0.21807786581075275,1,-2.43362288031828,-2.3345396065518385,CEP55,FOS,MEF,bZIP
2708,-0.2134859055500093,-0.16226770650044012,0,-2.47595200961612,-0.4241614312709373,SLC1A6,BHLHE40,LMC,bHLH
2852,-0.367509213401688,-0.367509213401688,0,-1.40595160073724,-1.204896903948558,SRD5A1,PAX5,LMC,"Paired,Homeobox"
1820,-0.36394923652108524,-0.36394923652108524,0,1.56261648232915,1.0403196703912736,MFSD12,EBF1,LMC,EBF
1525,-0.420121647582753,-0.24055162484804216,1,-2.06682158138137,1.198121429608924,KCNA3,ZNF263,MEF,Zf
81,-0.39206578990544383,-0.24055162484804216,0,2.83948317745074,0.24476759317752048,ADORA3,EGR1,LMC,Zf
860,-0.3441801093275379,-0.16226770650044012,1,2.11517334013374,0.9756567632757102,EFHD1,TCF12,MEF,bHLH
2102,-0.2202036001067245,-0.21807786581075275,0,2.07252283070865,2.0012929347284585,P2RY12,MAFF,LMC,bZIP
454,-0.3441801093275379,-0.16226770650044012,1,-5.47756028778316,-5.312437462449502,CD68,TCF12,MEF,bHLH
1575,-0.07675555573538734,-0.09391104304834053,1,1.03299861527499,-1.3490586020375834,KIF26A,RFX5,MEF,HTH
2178,-0.2588825049450903,-0.2588825049450903,0,-1.32389108556874,-1.1507364683374264,PDLIM2,HNF4A,LMC,NR
1208,-0.07675555573538734,-0.09391104304834053,0,-1.39320738985799,-0.7055920365275593,GLT8D2,RFX5,LMC,HTH
3239,-0.26925687732944,-0.21807786581075275,1,9.86262990937473,0.2387055960765684,XIST,FOS,MEF,bZIP
1163,-0.12424785148432936,-0.16226770650044012,0,2.62029779584361,2.0557727506002386,GCH1,MAX,LMC,bHLH
73,-0.016679862524066426,-0.16226770650044012,0,1.61073424902251,0.8639179797949574,ADCY7,MYOG,LMC,bHLH
1490,-0.36396349791647825,-0.22688628192079743,1,1.27075279553544,0.38611554009966953,ITGA3,STAT1,MEF,Stat
3005,-0.38280731081485264,-0.21807786581075275,0,-1.1154158873604,-0.7208955249585606,TMC7,ATF2,LMC,bZIP
946,0.023694036513735375,-0.22772750011888523,1,1.97088631304274,-1.0014613603304152,F11,FOXA1,MEF,Forkhead
690,-0.2202036001067245,-0.21807786581075275,0,1.26035094666073,1.3962930682310162,CTSO,MAFF,LMC,bZIP
2842,-0.3879288830557581,-0.4117228529378932,0,1.2557635937812,1.2955411184076866,SPON2,PBX3,LMC,Homeobox
670,-0.024333375166328407,-0.24055162484804216,0,-1.1736024764829,-0.9999066445764391,CSPG4,CTCF,LMC,Zf
624,-0.6164626790354744,-0.4667786659818261,0,1.14347278913076,0.3761036284925447,COL8A2,IRF4,LMC,IRF
1646,-0.024333375166328407,-0.24055162484804216,0,3.35703884394145,3.309829646729847,LGI2,CTCF,LMC,Zf
2413,-0.26925687732944,-0.21807786581075275,0,1.25384032758568,0.8144905477667934,RAB20,FOS,LMC,bZIP
861,-0.420121647582753,-0.24055162484804216,1,-1.62049056402303,1.2945065214697675,EFHD2,ZNF263,MEF,Zf
1948,-0.6294050389829617,-0.22772750011888523,1,-2.19289973216985,-2.7673660408581684,NCAPG2,FOXM1,MEF,Forkhead
2725,-0.420121647582753,-0.24055162484804216,0,1.14130727579286,0.7040685628722876,SLC2A13,ZNF263,LMC,Zf
171,-0.2588825049450903,-0.2588825049450903,0,-1.30844755503104,-0.8898187464286262,APOLD1,HNF4A,LMC,NR
1388,-0.10243811445811093,-0.10243811445811093,0,1.36297557427342,0.8991608138173981,HRASLS,TEAD4,LMC,TEA
210,-0.3825682599092054,-0.35874841498741566,1,-1.03621188563536,-0.9089924588126113,ARRB1,ELK1,MEF,ETS
2881,-0.26925687732944,-0.21807786581075275,1,-1.77045279019706,-1.73126561594807,STIL,FOS,MEF,bZIP
3171,-0.21040797732426292,-0.24055162484804216,0,1.98466934184386,1.9650536008161938,UNC13D,YY1,LMC,Zf
2537,-0.5263204549945071,-0.23042526569186958,1,-1.8166341585174,-1.7341617099363091,RPS6KA1,E2F1,MEF,E2F
2469,-0.2781468465397177,-0.24055162484804216,0,-1.58408029277808,1.1116534130724427,RBM11,SP1,LMC,Zf
1017,-0.13376741412866516,-0.22688628192079743,1,-1.97493658435611,-1.6157119233048827,FANCI,STAT3,MEF,Stat
264,-0.12424785148432936,-0.16226770650044012,1,-1.12777061966967,-0.6391003609395272,B4GALT5,MAX,MEF,bHLH
3005,-0.10243811445811093,-0.10243811445811093,0,-1.1154158873604,-0.9700976889409723,TMC7,TEAD4,LMC,TEA
1622,-0.07675555573538734,-0.09391104304834053,0,1.53083307981373,1.6309605145869088,LAMC3,RFX5,LMC,HTH
2179,-0.21040797732426292,-0.24055162484804216,0,1.6095621977826,-0.4967291519156297,PDLIM4,YY1,LMC,Zf
2772,-0.024333375166328407,-0.24055162484804216,1,3.28533776753762,2.0180483935892273,SLITRK4,CTCF,MEF,Zf
30,-0.367509213401688,-0.367509213401688,0,1.62716198902984,0.7694772125572592,ACOT4,PAX5,LMC,"Paired,Homeobox"
169,-0.17068129734876603,-0.21807786581075275,0,2.87784053099309,2.710389007552122,APOE,JUND,LMC,bZIP
2823,-0.73605500464993,-0.4667786659818261,0,-1.74134660350485,-1.240529132588231,SPAG5,IRF3,LMC,IRF
1103,0.5522402326254439,-0.24055162484804216,0,-1.1218794612056,-0.7490023025251624,FOXP1,PRDM1,LMC,Zf
582,-0.35656081815482665,-0.24055162484804216,0,1.38792844422219,1.4061281723328518,CLN3,ZEB1,LMC,Zf
1377,-0.17107733425117988,-0.23042526569186958,0,2.41891822606775,1.8508444900792036,HOXD1,E2F6,LMC,E2F
1655,-0.39206578990544383,-0.24055162484804216,1,-1.4939244371639,0.44640764069240035,LIG1,EGR1,MEF,Zf
1594,-0.420121647582753,-0.24055162484804216,0,-1.09820656454142,-1.2756233682569973,KLHL13,ZNF263,LMC,Zf
1404,-0.016679862524066426,-0.16226770650044012,0,1.68309567683188,1.3744822395141287,HTR2B,MYOG,LMC,bHLH
2504,-0.44138880677200293,-0.35874841498741566,0,1.89206647016594,1.8946650478165943,RHOV,GABPA,LMC,ETS
2982,-0.367509213401688,-0.367509213401688,0,-1.48427698650404,-0.9488760365822009,TICRR,PAX5,LMC,"Paired,Homeobox"
1110,-0.2295785336880661,-0.23042526569186958,1,-1.52273265121026,-0.18101020846392926,FRMD4B,E2F4,MEF,E2F
3085,-0.26925687732944,-0.21807786581075275,0,-2.45217469460679,-2.177914576873028,TPM2,FOS,LMC,bZIP
1374,-0.07675555573538734,-0.09391104304834053,1,-1.56993906660248,0.6452859115863159,HOXC5,RFX5,MEF,HTH
739,-0.26484040662604763,-0.21807786581075275,1,1.57375665683309,-0.9888389174868163,DDN,FOSL2,MEF,bZIP
1704,-0.10243811445811093,-0.10243811445811093,1,1.46619295050566,0.8001209034148379,LRRC4,TEAD4,MEF,TEA
752,-0.6294050389829617,-0.22772750011888523,1,1.79135272907089,1.5410533597003608,DGKG,FOXM1,MEF,Forkhead
2517,-0.17068129734876603,-0.21807786581075275,0,-3.74593415862664,-2.6425568940058115,RNF144A,JUND,LMC,bZIP
1238,-0.024333375166328407,-0.24055162484804216,0,-1.83197015901055,-1.22208315812249,GPR126,CTCF,LMC,Zf
1978,-0.5692078006234296,-0.4117228529378932,0,1.1023682648514,0.7975308158548949,NEURL3,CUX1,LMC,Homeobox
2584,-0.21040797732426292,-0.24055162484804216,0,-1.24333936644216,-2.4574425366808197,SCML4,YY1,LMC,Zf
377,-0.19305637283257054,-0.24055162484804216,0,-1.18392674086099,-0.9970626107927544,CBS,MAZ,LMC,Zf
534,-0.024333375166328407,-0.24055162484804216,0,-1.96639667434657,-0.2547446621471809,CGNL1,CTCF,LMC,Zf
1412,-0.13755040436917615,-0.4117228529378932,1,1.11343240556296,0.4562377497178215,IER3,NANOG,MEF,Homeobox
1900,-0.73605500464993,-0.4667786659818261,0,-2.81354840009658,-1.5611525982734562,MXD3,IRF3,LMC,IRF
1978,-0.2134859055500093,-0.16226770650044012,0,1.1023682648514,1.1646185899732302,NEURL3,BHLHE40,LMC,bHLH
2023,-0.15589533538605682,-0.16226770650044012,1,-1.34352226122339,-1.0423087039631005,NPEPL1,USF2,MEF,bHLH
1816,-0.21040797732426292,-0.24055162484804216,1,-1.32991077332201,-0.1806518375126295,MEX3D,YY1,MEF,Zf
389,-0.016679862524066426,-0.16226770650044012,1,2.01656793230096,1.3489338046687263,CCDC153,MYOG,MEF,bHLH
1371,0.01123290849505778,-0.24055162484804216,1,3.72665701018455,0.9020885744387813,HOXC10,GATA3,MEF,Zf
2179,-0.016679862524066426,-0.16226770650044012,0,1.6095621977826,1.6061277355397257,PDLIM4,MYOG,LMC,bHLH
1015,-0.2781468465397177,-0.24055162484804216,1,-2.36954301173742,-2.306442840128288,FANCA,SP1,MEF,Zf
1487,-0.2531799907181821,-0.21807786581075275,0,-2.07742596470371,-1.9488067867136747,ITGA1,MAFK,LMC,bZIP
1126,-0.17068129734876603,-0.21807786581075275,1,2.78275650147847,1.7476999905185813,FXYD1,JUND,MEF,bZIP
2439,-0.12424785148432936,-0.16226770650044012,1,-1.16961792333877,0.7560446854429352,RALGPS2,MAX,MEF,bHLH
1792,-0.36396349791647825,-0.22688628192079743,1,-5.09340625018667,-3.333436240447358,MCOLN2,STAT1,MEF,Stat
933,0.01123290849505778,-0.24055162484804216,0,2.03864850544959,0.5766303863574772,EVI2A,GATA3,LMC,Zf
921,-0.2202036001067245,-0.21807786581075275,1,-2.39917654570674,-1.5882079882847253,ESCO2,MAFF,MEF,bZIP
2854,-0.3441801093275379,-0.16226770650044012,0,-1.21770463400204,-0.9127698635487748,SRL,TCF12,LMC,bHLH
3069,-0.38280731081485264,-0.21807786581075275,1,-2.5900113745431,-2.1763392567397686,TNNI2,ATF2,MEF,bZIP
1336,-0.73605500464993,-0.4667786659818261,1,-1.36502133440852,0.17999917354752115,HIST1H3G,IRF3,MEF,IRF
501,-0.13376741412866516,-0.22688628192079743,1,-1.54134144871183,-1.4107118204863263,CDT1,STAT3,MEF,Stat
2247,-0.36394923652108524,-0.36394923652108524,0,1.88482576744227,1.5855219926261486,PLEKHA6,EBF1,LMC,EBF
2047,-0.35656081815482665,-0.24055162484804216,1,-3.18610440050238,-0.603071436923608,NT5DC2,ZEB1,MEF,Zf
2924,-0.73605500464993,-0.4667786659818261,1,2.47982892076231,-0.23072760231544032,SYTL3,IRF3,MEF,IRF
2583,-0.5263204549945071,-0.23042526569186958,0,-2.5472687417079,-2.366850812341913,SCML2,E2F1,LMC,E2F
1110,-0.12424785148432936,-0.16226770650044012,0,2.70596425023378,-0.8564391304783646,FRMD4B,MAX,LMC,bHLH
2526,-0.19305637283257054,-0.24055162484804216,1,1.94027712823424,1.8857448568325597,RNF43,MAZ,MEF,Zf
2516,-0.2202036001067245,-0.21807786581075275,0,1.27327767420977,1.0781872308452085,RNF128,MAFF,LMC,bZIP
979,-0.2531799907181821,-0.21807786581075275,1,2.38044819496489,1.5729556431194984,FAM179A,MAFK,MEF,bZIP
1695,0.01123290849505778,-0.24055162484804216,1,-2.32937255466157,0.42840866951733114,LRR1,GATA3,MEF,Zf
2133,-0.367509213401688,-0.367509213401688,1,-2.60793494939055,-1.135725299914972,PBK,PAX5,MEF,"Paired,Homeobox"
1142,-0.44138880677200293,-0.35874841498741566,0,-2.57237384040221,-2.2161237972757037,GALNT18,GABPA,LMC,ETS
1638,-0.17107733425117988,-0.23042526569186958,1,2.33678462341157,1.0446837322045524,LEF1,E2F6,MEF,E2F
1635,-0.3864884434229737,-0.3864884434229737,1,1.0524637035023,-0.32929537772739914,LDB3,TCF3,MEF,HMG
2484,-0.36394923652108524,-0.36394923652108524,1,-1.61727756925469,-1.774056328800183,REPS2,EBF1,MEF,EBF
3164,-0.2490020295772001,-0.24055162484804216,1,1.15859874462322,-0.15035838558852815,UBXN11,GATA2,MEF,Zf
3197,-0.10243811445811093,-0.10243811445811093,0,2.62564068851822,2.081361314513039,VILL,TEAD4,LMC,TEA
3194,-0.2781468465397177,-0.24055162484804216,1,-2.78668694486666,-1.1379951941720667,VCAN,SP1,MEF,Zf
259,-0.2490020295772001,-0.24055162484804216,1,-1.08870467428603,-1.5587114718773412,B3GNT8,GATA2,MEF,Zf
3262,-0.2295785336880661,-0.23042526569186958,1,1.04649386544777,-0.08103089505362,ZMYND12,E2F4,MEF,E2F
711,-0.3241398962390605,-0.4667786659818261,1,2.11217937635769,1.762023626808112,CYBRD1,IRF1,MEF,IRF
2675,-0.2490020295772001,-0.24055162484804216,0,-4.16638466410103,-2.957219650095452,SIX1,GATA2,LMC,Zf
3109,-0.028028488630146852,-0.16226770650044012,0,-1.19761227844647,-0.8030680484530842,TRIM7,USF1,LMC,bHLH
1991,-0.10243811445811093,-0.10243811445811093,0,-1.19310953918072,-1.2673992212942158,NIM1K,TEAD4,LMC,TEA
2233,-0.1427744352972257,-0.22772750011888523,0,-2.88397557845774,-2.2589371794893243,PLAC8,FOXA2,LMC,Forkhead
186,-0.07675555573538734,-0.09391104304834053,1,-7.03807552815842,-2.7717533501112643,ARHGAP30,RFX5,MEF,HTH
464,-0.2295785336880661,-0.23042526569186958,0,-1.03127844924857,-0.7701943244184735,CD97,E2F4,LMC,E2F
2742,-0.3218229349053168,-0.24055162484804216,0,1.46235789888807,1.4851272842633296,SLC39A8,GATA1,LMC,Zf
2617,-0.19305637283257054,-0.24055162484804216,1,-1.57128814337927,-1.010378456150102,SEPP1,MAZ,MEF,Zf
229,-0.6294050389829617,-0.22772750011888523,1,-2.81717383669163,-2.315933903494309,ASPM,FOXM1,MEF,Forkhead
2417,-0.34939441107522407,-0.24055162484804216,0,1.17019220465761,0.31306719933327265,RAB27B,ZKSCAN1,LMC,Zf
1523,-0.10243811445811093,-0.10243811445811093,1,3.35904019245237,0.39535549393386105,KCNA1,TEAD4,MEF,TEA
2039,0.023694036513735375,-0.22772750011888523,0,-1.67908212368491,-1.4311977079224705,NRN1,FOXA1,LMC,Forkhead
2124,-0.25726485204107,-0.25726485204107,0,1.50966522656311,0.9534907012415655,PARK2,NRF1,LMC,NRF
2406,-0.2202036001067245,-0.21807786581075275,1,-2.22909861186948,-1.2896514138616029,PYROXD2,MAFF,MEF,bZIP
1642,-0.39206578990544383,-0.24055162484804216,1,-2.26677149350915,0.24675267922333638,LFNG,EGR1,MEF,Zf
1347,-0.12424785148432936,-0.16226770650044012,0,-2.04350465931052,-1.6178526511913163,HMMR,MAX,LMC,bHLH
1990,-0.12424785148432936,-0.16226770650044012,0,-1.75275991863876,-1.531694395068983,NID1,MAX,LMC,bHLH
3268,-0.17068129734876603,-0.21807786581075275,1,-1.42145752313049,-1.347206522632774,ZYX,JUND,MEF,bZIP
3027,-0.3879288830557581,-0.4117228529378932,0,2.0194569382354,1.3602794478209168,TMEM184A,PBX3,LMC,Homeobox
1087,-0.2531799907181821,-0.21807786581075275,1,1.13617462924265,-2.0250643168484608,FNDC3A,MAFK,MEF,bZIP
1062,-0.2490020295772001,-0.24055162484804216,1,-1.28672835254561,-0.9731517614550078,FGGY,GATA2,MEF,Zf
1127,-0.17068129734876603,-0.21807786581075275,0,3.18492151227377,2.1669431836685673,FXYD6,JUND,LMC,bZIP
1570,-0.2134859055500093,-0.16226770650044012,1,-2.64838673861431,-1.8744073553031466,KIF20A,BHLHE40,MEF,bHLH
72,-0.13755040436917615,-0.4117228529378932,1,1.58089716931538,1.293301034776233,ADCY5,NANOG,MEF,Homeobox
2101,-0.6294050389829617,-0.22772750011888523,1,1.9803470891141,0.9447457250839401,P2RY10,FOXM1,MEF,Forkhead
1152,-0.36394923652108524,-0.36394923652108524,1,-1.12134620854754,-0.5984548378188164,GAS7,EBF1,MEF,EBF
2222,-0.25726485204107,-0.25726485204107,0,1.49802568744869,1.4864808523570983,PKHD1L1,NRF1,LMC,NRF
48,-0.028028488630146852,-0.16226770650044012,0,-1.76261355652127,-1.238710377415561,ADAM19,USF1,LMC,bHLH
227,-0.024333375166328407,-0.24055162484804216,1,1.29701518686603,-1.5607542303629216,ASIC1,CTCF,MEF,Zf
2089,-0.024333375166328407,-0.24055162484804216,0,-1.6582886050545,-1.5332278562174557,OPTC,CTCF,LMC,Zf
1057,-0.36396349791647825,-0.22688628192079743,1,1.78106399854373,0.032284981810443016,FGF9,STAT1,MEF,Stat
1015,-0.7636466334835217,-0.21807786581075275,1,-2.36954301173742,-2.509186972542224,FANCA,BATF,MEF,bZIP
990,-0.024333375166328407,-0.24055162484804216,1,1.0267829866244,1.0045526219102519,FAM204A,CTCF,MEF,Zf
2114,-0.024333375166328407,-0.24055162484804216,1,1.64934591944947,1.3333306778931182,PAK6,CTCF,MEF,Zf
810,-0.3441801093275379,-0.16226770650044012,1,1.09929052032418,1.3229215490393313,DPYSL4,TCF12,MEF,bHLH
1802,-0.6164626790354744,-0.4667786659818261,1,1.03338304760859,-1.196558406522305,MEF2A,IRF4,MEF,IRF
2197,-0.12424785148432936,-0.16226770650044012,1,-1.74476393898878,-1.4254095376341303,PGBD5,MAX,MEF,bHLH
2553,-0.34939441107522407,-0.24055162484804216,0,2.49576066050205,0.4402751817888823,RTN4RL2,ZKSCAN1,LMC,Zf
1406,-0.15589533538605682,-0.16226770650044012,1,-1.79022050474713,-1.1380928773321375,HVCN1,USF2,MEF,bHLH
1716,-0.2490020295772001,-0.24055162484804216,0,2.04489519542583,-0.39713032675789556,LRTM2,GATA2,LMC,Zf
264,-0.20320451878994805,-0.21807786581075275,1,-1.12777061966967,-1.1754984368557968,B4GALT5,ATF3,MEF,bZIP
1798,-0.34334100110644417,-0.35874841498741566,1,-2.33623835909844,-0.8095773744372731,MDK,ETS1,MEF,ETS
817,-0.4196242791334183,-0.24055162484804216,1,2.49731281468413,-0.7715106353219929,DSP,ZBTB33,MEF,Zf
2258,-0.15589533538605682,-0.16226770650044012,1,1.11911637123027,0.5513932921807746,PLIN5,USF2,MEF,bHLH
358,-0.3864884434229737,-0.3864884434229737,1,1.22166358080794,1.2253953145865237,CAMK4,TCF3,MEF,HMG
1189,-0.2134859055500093,-0.16226770650044012,1,1.73638195930374,0.6882577373290789,GIMAP6,BHLHE40,MEF,bHLH
2377,0.12201789027868709,-0.21807786581075275,1,2.08349403611381,-1.9812817602626425,PTHLH,BACH1,MEF,bZIP
1055,-0.3879288830557581,-0.4117228529378932,1,1.83302922552139,0.7944971400793613,FGF5,PBX3,MEF,Homeobox
372,-0.024333375166328407,-0.24055162484804216,0,1.45873223783014,1.3269871173146521,CASZ1,CTCF,LMC,Zf
1319,-0.024333375166328407,-0.24055162484804216,0,2.38080584811139,2.093260520983939,HCN4,CTCF,LMC,Zf
459,-0.07675555573538734,-0.09391104304834053,0,1.12279260944615,0.0935096181550721,CD82,RFX5,LMC,HTH
2476,-0.17068129734876603,-0.21807786581075275,1,1.73720161916413,0.6113065168702125,RCAN1,JUND,MEF,bZIP
893,-0.36394923652108524,-0.36394923652108524,1,1.05417125614623,0.4468910284152195,ENDOD1,EBF1,MEF,EBF
2485,-0.21040797732426292,-0.24055162484804216,1,3.63110658670554,0.5882380994962634,RERG,YY1,MEF,Zf
1901,-0.07675555573538734,-0.09391104304834053,1,1.12093207460751,-0.655418359541792,MYBL1,RFX5,MEF,HTH
2763,-0.016679862524066426,-0.16226770650044012,0,-1.37580388005319,-1.2285741715049507,SLC9A5,MYOG,LMC,bHLH
2747,-0.34939441107522407,-0.24055162484804216,0,1.18552058951319,1.1686394551068573,SLC44A1,ZKSCAN1,LMC,Zf
2397,-0.7014153380027011,-0.24055162484804216,1,1.13740473668341,-1.0307180946219905,PTTG1,SP2,MEF,Zf
776,-0.44138880677200293,-0.35874841498741566,0,-1.62268773206767,-1.6750061816421669,DNAH1,GABPA,LMC,ETS
373,-0.15589533538605682,-0.16226770650044012,0,1.10520537115312,1.0463053554308137,CAT,USF2,LMC,bHLH
1161,-0.34334100110644417,-0.35874841498741566,1,-1.53502513089702,-0.9681295809534416,GBX1,ETS1,MEF,ETS
3261,-0.4196242791334183,-0.24055162484804216,1,1.07594447809791,0.1461678948077273,ZKSCAN4,ZBTB33,MEF,Zf
796,-0.3218229349053168,-0.24055162484804216,1,-2.45501375468938,-1.8675812376598637,DOCK8,GATA1,MEF,Zf
1475,-0.3825682599092054,-0.35874841498741566,1,-2.83898973234667,-1.8906273007415686,IRF5,ELK1,MEF,ETS
3065,-0.25726485204107,-0.25726485204107,1,-1.67207013939252,-1.428935506035463,TNIK,NRF1,MEF,NRF
1004,-0.36396349791647825,-0.22688628192079743,1,1.7937952784065,1.333297323505257,FAM71E1,STAT1,MEF,Stat
2541,-0.2531799907181821,-0.21807786581075275,1,-1.46648013064874,-0.889917947182995,RRM1,MAFK,MEF,bZIP
1571,-0.19305637283257054,-0.24055162484804216,1,-2.07809907277535,-0.9210233088247004,KIF20B,MAZ,MEF,Zf
1563,-0.17068129734876603,-0.21807786581075275,0,-1.01650705043429,-1.4160108726248788,KDELR3,JUND,LMC,bZIP
90,-0.2490020295772001,-0.24055162484804216,1,-1.63748519720192,-0.6704181550920154,AGER,GATA2,MEF,Zf
731,-0.12424785148432936,-0.16226770650044012,0,-1.18167630418345,-1.509806553687548,DCLK1,MAX,LMC,bHLH
3171,-0.367509213401688,-0.367509213401688,0,1.98466934184386,1.900403227421696,UNC13D,PAX5,LMC,"Paired,Homeobox"
1953,-0.35656081815482665,-0.24055162484804216,0,1.92560310843449,1.6070528373962447,NCF2,ZEB1,LMC,Zf
3241,-0.2781468465397177,-0.24055162484804216,1,-1.89623374434678,-1.6856884734275146,XKR5,SP1,MEF,Zf
1118,-0.3241398962390605,-0.4667786659818261,1,1.15084131246931,0.45367154319142666,FSIP1,IRF1,MEF,IRF
1199,-0.21040797732426292,-0.24055162484804216,0,1.2217073878264,0.050854932327612186,GLA,YY1,LMC,Zf
1050,-0.13376741412866516,-0.22688628192079743,0,-1.24638153747185,-1.6311561589787968,FGF11,STAT3,LMC,Stat
126,-0.44138880677200293,-0.35874841498741566,0,2.11977913570726,1.6148008433523764,AMDHD1,GABPA,LMC,ETS
2811,-0.2490020295772001,-0.24055162484804216,0,-1.33669227241244,-1.1265570111615828,SOX13,GATA2,LMC,Zf
2020,-0.2490020295772001,-0.24055162484804216,1,-1.95871154049572,-1.2606563408878104,NPAS2,GATA2,MEF,Zf
516,-0.3441801093275379,-0.16226770650044012,0,-1.77252367309002,-1.7597165648414193,CENPM,TCF12,LMC,bHLH
3146,-0.5444726494898747,-0.5293658635384044,1,-1.18146208962361,-1.0972377322003908,TUBA1C,MEF2A,MEF,MADS
2769,-0.3241398962390605,-0.4667786659818261,0,2.09820679159257,1.7368747394053843,SLFN5,IRF1,LMC,IRF
3161,-0.2202036001067245,-0.21807786581075275,0,1.11374092396893,1.2759503578546942,UBE2L6,MAFF,LMC,bZIP
362,-0.17068129734876603,-0.21807786581075275,1,-2.85800571163319,0.6519269668731335,CAPN11,JUND,MEF,bZIP
2686,-0.3864884434229737,-0.3864884434229737,1,1.0133885125942,-1.201722835210516,SLC12A2,TCF3,MEF,HMG
1917,-0.024333375166328407,-0.24055162484804216,0,-1.15733824073587,-0.9454959027151727,MYO16,CTCF,LMC,Zf
2970,-0.26925687732944,-0.21807786581075275,0,-1.58578942419484,-1.463798206902023,TGFB2,FOS,LMC,bZIP
144,-0.3218229349053168,-0.24055162484804216,1,-2.61285486595035,-0.9121502508194484,ANLN,GATA1,MEF,Zf
856,-0.6294050389829617,-0.22772750011888523,1,-2.04131188836448,-0.43890136718583217,EFCAB11,FOXM1,MEF,Forkhead
1400,-0.19305637283257054,-0.24055162484804216,1,3.61114568347972,2.6867960163994242,HSPB2,MAZ,MEF,Zf
1300,-0.2134859055500093,-0.16226770650044012,0,-1.41276036688138,-0.6536157985429942,GSTT1,BHLHE40,LMC,bHLH
3262,-0.028028488630146852,-0.16226770650044012,1,1.04649386544777,-0.3830031527089368,ZMYND12,USF1,MEF,bHLH
3099,-0.3441801093275379,-0.16226770650044012,1,-1.4419627390171,-1.7047851685626856,TRERF1,TCF12,MEF,bHLH
3267,-0.2531799907181821,-0.21807786581075275,1,-1.18322103636529,-0.7727316910453724,ZWILCH,MAFK,MEF,bZIP
884,-0.13376741412866516,-0.22688628192079743,1,-3.19115199917269,-2.1799791957000876,EMCN,STAT3,MEF,Stat
1087,-0.13376741412866516,-0.22688628192079743,1,1.13617462924265,0.3954426392394555,FNDC3A,STAT3,MEF,Stat
465,-0.4653646379114139,-0.09391104304834053,0,-2.11602648113733,-1.833372370065603,CDC20,MYB,LMC,HTH
1760,-0.0686255467634714,-0.35874841498741566,0,1.0684023208603,0.8517917210648198,MAP3K1,ELK4,LMC,ETS
2154,-0.0686255467634714,-0.35874841498741566,0,3.91045867563713,1.8592780293739053,PCNXL2,ELK4,LMC,ETS
3018,-0.36394923652108524,-0.36394923652108524,1,-3.1052722091021,0.5816654450976894,TMEM156,EBF1,MEF,EBF
1972,-0.0686255467634714,-0.35874841498741566,0,-1.11554916219592,-1.1405980763925576,NEK8,ELK4,LMC,ETS
2183,-0.12424785148432936,-0.16226770650044012,0,1.71622619768645,0.563644229919111,PDZK1IP1,MAX,LMC,bHLH
2804,0.12201789027868709,-0.21807786581075275,1,-1.38519694231342,0.13090735663405823,SOGA3,BACH1,MEF,bZIP
1246,0.023694036513735375,-0.22772750011888523,0,1.71022493459667,1.668545944787226,GPR160,FOXA1,LMC,Forkhead
536,-0.17107733425117988,-0.23042526569186958,1,-1.09834196291046,-0.40290502481373386,CH25H,E2F6,MEF,E2F
684,-0.024333375166328407,-0.24055162484804216,1,-1.47398126315698,-0.43108325289963817,CTSC,CTCF,MEF,Zf
2388,-0.25726485204107,-0.25726485204107,0,2.031079537573,0.6881131066356504,PTPRC,NRF1,LMC,NRF
449,-0.2295785336880661,-0.23042526569186958,0,2.05944778582307,2.0492033386172115,CD48,E2F4,LMC,E2F
1095,-0.3441801093275379,-0.16226770650044012,0,-1.72312225058079,-1.3500000185792473,FOXC1,TCF12,LMC,bHLH
2964,-0.19305637283257054,-0.24055162484804216,0,1.01587424208926,0.9831150361832561,TFEB,MAZ,LMC,Zf
627,-0.016679862524066426,-0.16226770650044012,1,1.8243554918692,-1.2968878373148918,COLGALT2,MYOG,MEF,bHLH
2422,-0.420121647582753,-0.24055162484804216,0,-1.51618596364457,-1.385070285751773,RAB39B,ZNF263,LMC,Zf
1123,-0.44138880677200293,-0.35874841498741566,0,1.42329473898804,1.3356076213084906,FTH1,GABPA,LMC,ETS
3154,-0.17107733425117988,-0.23042526569186958,0,-1.12986212277429,-1.902631716897582,TXNRD3,E2F6,LMC,E2F
2876,-0.10243811445811093,-0.10243811445811093,1,-2.41808164248854,-1.3741025828059075,STARD9,TEAD4,MEF,TEA
383,-0.26484040662604763,-0.21807786581075275,0,1.1674313896049,0.3672546131430676,CCDC114,FOSL2,LMC,bZIP
2579,-0.024333375166328407,-0.24055162484804216,1,1.13765294512814,2.220303690434099,SCARA3,CTCF,MEF,Zf
1252,-0.19305637283257054,-0.24055162484804216,0,-2.1106543226655,-0.979822692917374,GPR20,MAZ,LMC,Zf
2666,-0.016679862524066426,-0.16226770650044012,1,1.84920120883153,0.5337926054813678,SHOX2,MYOG,MEF,bHLH
1160,-0.5444726494898747,-0.5293658635384044,0,1.77701450525283,0.1624961526728946,GBP6,MEF2A,LMC,MADS
808,-0.19305637283257054,-0.24055162484804216,1,2.35644225333158,1.3576906020062665,DPYD,MAZ,MEF,Zf
464,-0.2490020295772001,-0.24055162484804216,0,-1.03127844924857,-0.9938132445763549,CD97,GATA2,LMC,Zf
1697,-0.2295785336880661,-0.23042526569186958,0,-1.53337520776607,-0.7540595777290394,LRRC16A,E2F4,LMC,E2F
2007,-0.10243811445811093,-0.10243811445811093,1,2.04830921986079,0.9259053907909791,NMNAT2,TEAD4,MEF,TEA
893,-0.3241398962390605,-0.4667786659818261,1,1.05417125614623,-0.6736165975643825,ENDOD1,IRF1,MEF,IRF
2508,-0.36394923652108524,-0.36394923652108524,0,1.95118037125112,1.7087517884401324,RIMS3,EBF1,LMC,EBF
2611,-0.2531799907181821,-0.21807786581075275,1,1.71132928640274,0.3776171724648379,SEMA3G,MAFK,MEF,bZIP
3088,-0.2531799907181821,-0.21807786581075275,0,-1.33850392831304,-1.3432255824086021,TPX2,MAFK,LMC,bZIP
1802,-0.13755040436917615,-0.4117228529378932,1,1.03338304760859,1.1251438126529423,MEF2A,NANOG,MEF,Homeobox
2804,-0.12424785148432936,-0.16226770650044012,1,-1.38519694231342,-0.22914847952845624,SOGA3,MAX,MEF,bHLH
818,-0.12424785148432936,-0.16226770650044012,1,-2.16450188489231,0.7785554827491801,DTL,MAX,MEF,bHLH
2636,-0.13376741412866516,-0.22688628192079743,0,-1.39174609130552,1.1617800058325125,SGCD,STAT3,LMC,Stat
1326,-0.3241398962390605,-0.4667786659818261,1,1.7722064028103,1.0442793071562149,HERC3,IRF1,MEF,IRF
3236,-0.36396349791647825,-0.22688628192079743,0,1.14579429923485,0.8974804398702403,WWP1,STAT1,LMC,Stat
2613,-0.34939441107522407,-0.24055162484804216,1,2.03597997477726,1.616018183785191,SEMA4F,ZKSCAN1,MEF,Zf
2936,-0.26484040662604763,-0.21807786581075275,1,-1.51053462887225,1.7075934500170862,TBC1D2B,FOSL2,MEF,bZIP
2971,-0.2134859055500093,-0.16226770650044012,1,-1.61320180910587,0.3343263566228974,TGFBR3,BHLHE40,MEF,bHLH
1733,0.12201789027868709,-0.21807786581075275,1,1.10498032103892,1.8369518892346854,LYRM1,BACH1,MEF,bZIP
537,-0.36396349791647825,-0.22688628192079743,1,-1.01184978798121,-0.28276247938976323,CHAF1A,STAT1,MEF,Stat
2641,-0.2531799907181821,-0.21807786581075275,1,-1.51561055023363,-1.5028557476419813,SGOL2,MAFK,MEF,bZIP
181,-0.73605500464993,-0.4667786659818261,1,-2.885756251564,-2.517297366054609,ARHGAP19,IRF3,MEF,IRF
295,-0.4196242791334183,-0.24055162484804216,0,-1.62021046144252,-1.4945369000373088,BIRC5,ZBTB33,LMC,Zf
2692,-0.7636466334835217,-0.21807786581075275,1,-5.35420024219679,-0.6212214306056025,SLC15A3,BATF,MEF,bZIP
1763,-0.028028488630146852,-0.16226770650044012,1,-1.12485764033093,-0.6846808263563322,MAP4K1,USF1,MEF,bHLH
435,-0.17107733425117988,-0.23042526569186958,0,1.18467914973734,1.392779873277199,CD200,E2F6,LMC,E2F
427,0.01123290849505778,-0.24055162484804216,1,1.17430399831869,1.1483507112651345,CCPG1,GATA3,MEF,Zf
450,-0.6294050389829617,-0.22772750011888523,1,-6.20798443020464,-6.321171334362129,CD52,FOXM1,MEF,Forkhead
923,-1.193308279848384,-0.35874841498741566,1,-3.28974579740746,-2.5912919936141723,ESPL1,FLI1,MEF,ETS
2090,-0.07675555573538734,-0.09391104304834053,1,1.48097195977724,1.1609429354147105,OSBPL3,RFX5,MEF,HTH
1007,-0.2531799907181821,-0.21807786581075275,0,1.92392739624196,0.46301237633350334,FAM78A,MAFK,LMC,bZIP
1215,-0.19305637283257054,-0.24055162484804216,0,-1.04714678478155,-1.072194273034289,GNG10,MAZ,LMC,Zf
1692,-0.2781468465397177,-0.24055162484804216,1,-1.07379520947069,-0.9627145043305121,LRIG1,SP1,MEF,Zf
2394,-0.17107733425117988,-0.23042526569186958,1,1.40802361804601,-0.17353981103201227,PTPRU,E2F6,MEF,E2F
2474,0.023694036513735375,-0.22772750011888523,1,3.72589105115737,2.0725228607143564,RBP4,FOXA1,MEF,Forkhead
229,0.023694036513735375,-0.22772750011888523,1,-2.81717383669163,-2.175866448729066,ASPM,FOXA1,MEF,Forkhead
424,-0.15589533538605682,-0.16226770650044012,1,-1.71340513445512,-1.6676047522068318,CCNF,USF2,MEF,bHLH
2247,-0.20320451878994805,-0.21807786581075275,1,2.25428780923603,-0.4415813730793275,PLEKHA6,ATF3,MEF,bZIP
310,0.01123290849505778,-0.24055162484804216,1,-4.55177016480624,-0.007689703953121434,BRINP3,GATA3,MEF,Zf
2014,-0.2781468465397177,-0.24055162484804216,1,1.46367070692664,1.4105246280794588,NOS1AP,SP1,MEF,Zf
91,-0.36394923652108524,-0.36394923652108524,0,-1.06859955874471,0.8292727681951579,AGPAT9,EBF1,LMC,EBF
1472,-0.2134859055500093,-0.16226770650044012,1,-1.52991375774982,0.5744161965597929,IQGAP2,BHLHE40,MEF,bHLH
122,-0.3441801093275379,-0.16226770650044012,1,-1.29951416309328,-0.32538751541788635,ALX1,TCF12,MEF,bHLH
2176,-0.36394923652108524,-0.36394923652108524,0,-1.16710948810265,-1.3136031133444839,PDGFRL,EBF1,LMC,EBF
2259,-0.2134859055500093,-0.16226770650044012,1,-3.09747279205238,-0.17513297566500644,PLK1,BHLHE40,MEF,bHLH
254,-0.39206578990544383,-0.24055162484804216,0,3.56926736392585,1.8780731533973685,AXIN2,EGR1,LMC,Zf
1530,-0.5692078006234296,-0.4117228529378932,1,-1.78300388098409,-1.1272670339623325,KCNAB2,CUX1,MEF,Homeobox
2716,-0.4338340387794032,-0.21807786581075275,1,-1.50394993507876,0.5751291352101883,SLC25A45,ATF1,MEF,bZIP
3052,-0.024333375166328407,-0.24055162484804216,0,-2.13258332756109,-1.974293673502126,TNC,CTCF,LMC,Zf
114,-0.6294050389829617,-0.22772750011888523,1,5.59270654371156,-0.2136498146989502,ALDH3A1,FOXM1,MEF,Forkhead
1192,-0.17068129734876603,-0.21807786581075275,1,1.31110381344773,0.48001051382038473,GIPC2,JUND,MEF,bZIP
693,-0.19305637283257054,-0.24055162484804216,0,-1.02311552800996,-0.5231719069458515,CUL7,MAZ,LMC,Zf
3099,-0.3879288830557581,-0.4117228529378932,1,-1.4419627390171,-1.089022476771356,TRERF1,PBX3,MEF,Homeobox
2957,-0.2781468465397177,-0.24055162484804216,0,2.25325284092505,1.1448103397356966,TESC,SP1,LMC,Zf
1089,-0.4653646379114139,-0.09391104304834053,0,1.39840867832107,1.4058984031667565,FNIP2,MYB,LMC,HTH
1820,-0.7458206212504059,-0.24055162484804216,0,1.56261648232915,0.6451726750391645,MFSD12,BCL11A,LMC,Zf
222,-0.5692078006234296,-0.4117228529378932,0,-2.43318349577608,-0.6206770674096109,ASB2,CUX1,LMC,Homeobox
2431,-0.25726485204107,-0.25726485204107,1,-1.67508726212781,-0.22834169570859145,RAD51,NRF1,MEF,NRF
2415,-0.21040797732426292,-0.24055162484804216,1,2.81829064789133,1.7343686534683365,RAB26,YY1,MEF,Zf
1706,-0.17107733425117988,-0.23042526569186958,1,1.25254450235524,1.8785408153084446,LRRC75B,E2F6,MEF,E2F
114,-0.26484040662604763,-0.21807786581075275,1,5.59270654371156,2.8668641651817897,ALDH3A1,FOSL2,MEF,bZIP
719,-0.6294050389829617,-0.22772750011888523,0,1.91902687404355,0.33216240709503514,CYSLTR1,FOXM1,LMC,Forkhead
3265,-0.17107733425117988,-0.23042526569186958,1,-1.29404265522408,-1.3365705677115054,ZRANB3,E2F6,MEF,E2F
1623,-0.36394923652108524,-0.36394923652108524,0,2.13522783979971,2.015685593999368,LAPTM5,EBF1,LMC,EBF
364,-0.35656081815482665,-0.24055162484804216,1,1.14635570776145,0.8208237173169235,CAPS2,ZEB1,MEF,Zf
1738,-0.38280731081485264,-0.21807786581075275,1,1.18278975969267,-0.5762959988649623,LZTFL1,ATF2,MEF,bZIP
1510,-0.0686255467634714,-0.35874841498741566,0,1.1837133383834,0.08203195409154035,JADE2,ELK4,LMC,ETS
2929,-0.17068129734876603,-0.21807786581075275,1,-1.40887334898261,-1.336381205483364,TACC3,JUND,MEF,bZIP
1610,-0.5692078006234296,-0.4117228529378932,0,2.32436310217349,2.3156148323149237,KRT8,CUX1,LMC,Homeobox
2515,-0.13376741412866516,-0.22688628192079743,1,1.12637943260805,-0.8646968032183835,RND1,STAT3,MEF,Stat
511,-0.17107733425117988,-0.23042526569186958,0,-2.02810264729647,-1.8867295309317662,CENPE,E2F6,LMC,E2F
1840,-0.36396349791647825,-0.22688628192079743,0,2.18019875250841,2.240132019872791,MMD,STAT1,LMC,Stat
262,-0.2384484828274451,-0.35874841498741566,1,-1.06022912878962,-0.7155672909437116,B4GALT1,ELF1,MEF,ETS
3112,-0.19305637283257054,-0.24055162484804216,0,-1.02635930451426,-0.9585949185278605,TRNP1,MAZ,LMC,Zf
553,0.12201789027868709,-0.21807786581075275,0,-1.16793164129301,-1.1979505202702283,CHST2,BACH1,LMC,bZIP
207,-0.3825682599092054,-0.35874841498741566,0,1.48293126728295,1.5125712036055574,ARL4D,ELK1,LMC,ETS
644,-0.2384484828274451,-0.35874841498741566,0,-3.92771368755946,-1.4012993955277837,CRABP1,ELF1,LMC,ETS
2903,-0.19305637283257054,-0.24055162484804216,0,2.13580113389752,1.9985203003432976,SV2A,MAZ,LMC,Zf
2448,-0.13376741412866516,-0.22688628192079743,0,2.22147827010398,0.05977956195143433,RAPGEF5,STAT3,LMC,Stat
1290,-0.15589533538605682,-0.16226770650044012,1,1.06880276531926,0.5483083222477008,GRTP1,USF2,MEF,bHLH
739,-0.5444726494898747,-0.5293658635384044,1,1.57375665683309,1.326332011978313,DDN,MEF2A,MEF,MADS
879,-0.19305637283257054,-0.24055162484804216,1,-2.58541829649739,0.38206085565657166,ELMO1,MAZ,MEF,Zf
707,-0.17068129734876603,-0.21807786581075275,1,1.78666132040675,1.2551755504361355,CYB561,JUND,MEF,bZIP
662,-0.44138880677200293,-0.35874841498741566,1,3.51310919146917,1.8304840738219474,CRYM,GABPA,MEF,ETS
403,-0.3241398962390605,-0.4667786659818261,1,1.62541196358019,1.1583068929236668,CCDC80,IRF1,MEF,IRF
2704,-0.10243811445811093,-0.10243811445811093,0,-1.40649818857836,-1.2820744686561962,SLC17A9,TEAD4,LMC,TEA
2709,-0.7636466334835217,-0.21807786581075275,0,1.6009575554387,1.451874231730805,SLC22A18,BATF,LMC,bZIP
2744,-0.016679862524066426,-0.16226770650044012,1,-2.43134537231159,-1.3024008920743528,SLC43A1,MYOG,MEF,bHLH
1819,-0.2134859055500093,-0.16226770650044012,1,-2.40695501424756,-0.2057981124721387,MFNG,BHLHE40,MEF,bHLH
3046,-0.26925687732944,-0.21807786581075275,0,2.28932160921148,1.887755390487509,TMEM59L,FOS,LMC,bZIP
436,-0.6294050389829617,-0.22772750011888523,0,2.17372921487108,2.021899293906183,CD200R1,FOXM1,LMC,Forkhead
1062,-0.3441801093275379,-0.16226770650044012,1,-1.28672835254561,-1.0033178851008016,FGGY,TCF12,MEF,bHLH
2975,-0.13376741412866516,-0.22688628192079743,0,-1.10337016351696,-1.0685242782745832,THBS1,STAT3,LMC,Stat
1454,-0.13376741412866516,-0.22688628192079743,0,2.20081236659231,0.27873841666674687,IL21R,STAT3,LMC,Stat
1342,-0.3825682599092054,-0.35874841498741566,0,-1.34950448426659,-1.2571867685160492,HMGA2,ELK1,LMC,ETS
1542,-0.39206578990544383,-0.24055162484804216,0,2.07201257474795,2.010789902411526,KCNIP2,EGR1,LMC,Zf
441,-0.36394923652108524,-0.36394923652108524,1,-4.20187463759613,-4.3742172055843405,CD300A,EBF1,MEF,EBF
3006,-0.028028488630146852,-0.16226770650044012,0,-1.06419111424311,-0.9755879056207967,TMEFF2,USF1,LMC,bHLH
2626,-0.17107733425117988,-0.23042526569186958,1,3.1389116323707,2.232204156285884,SERPINE2,E2F6,MEF,E2F
1221,-0.7636466334835217,-0.21807786581075275,1,1.73376805098353,-0.34227804323719757,GORAB,BATF,MEF,bZIP
1362,-0.5263204549945071,-0.23042526569186958,1,-1.78350008122568,-1.5133360339785333,HOXA7,E2F1,MEF,E2F
3074,-0.17068129734876603,-0.21807786581075275,1,1.9111052509538,0.29719539181683285,TNS4,JUND,MEF,bZIP
2319,-0.07675555573538734,-0.09391104304834053,0,1.40689826891163,0.7829277900804127,PPP1R9A,RFX5,LMC,HTH
98,-0.024333375166328407,-0.24055162484804216,0,2.64385791876871,1.9983371477701777,AIF1,CTCF,LMC,Zf
2231,0.12201789027868709,-0.21807786581075275,0,-1.25589685126262,-0.20209376912608856,PLA2R1,BACH1,LMC,bZIP
510,-0.07675555573538734,-0.09391104304834053,0,-1.36741542509461,-1.3341976633317643,CENPA,RFX5,LMC,HTH
3043,-0.26484040662604763,-0.21807786581075275,1,-2.86541431803902,-0.9773160203195748,TMEM51,FOSL2,MEF,bZIP
585,-0.2295785336880661,-0.23042526569186958,0,1.67296122995437,1.6729612299543686,CLU,E2F4,LMC,E2F
3104,-0.2202036001067245,-0.21807786581075275,1,-1.18940042398823,-1.6182199517192097,TRIM25,MAFF,MEF,bZIP
2151,-0.15589533538605682,-0.16226770650044012,0,1.17194993474523,1.3234599149709507,PCED1B,USF2,LMC,bHLH
872,0.023694036513735375,-0.22772750011888523,1,-2.19954164792105,-1.3282261566651565,EGR2,FOXA1,MEF,Forkhead
2810,-0.2781468465397177,-0.24055162484804216,1,-2.68150712163575,-1.8756856448008048,SOX12,SP1,MEF,Zf
518,-0.26925687732944,-0.21807786581075275,1,-1.46993038048477,-1.4699303804847694,CENPP,FOS,MEF,bZIP
513,-0.36396349791647825,-0.22688628192079743,0,-1.3525440584189,-1.513328298638829,CENPH,STAT1,LMC,Stat
1082,0.023694036513735375,-0.22772750011888523,1,1.04683222067852,-0.5562868118971098,FMNL2,FOXA1,MEF,Forkhead
2741,-0.4196242791334183,-0.24055162484804216,0,1.76513142544521,1.6062906130312578,SLC39A4,ZBTB33,LMC,Zf
2527,-0.2295785336880661,-0.23042526569186958,1,1.10585700632323,2.6190731331351897,ROBO1,E2F4,MEF,E2F
1625,-0.3825682599092054,-0.35874841498741566,1,2.40355499341245,-0.1557310121154215,LARS2,ELK1,MEF,ETS
398,-0.26484040662604763,-0.21807786581075275,1,1.03875647777086,1.0256300176084485,CCDC63,FOSL2,MEF,bZIP
1016,-0.34939441107522407,-0.24055162484804216,1,-1.82219618288015,-2.050601950825206,FANCD2,ZKSCAN1,MEF,Zf
3163,-0.07675555573538734,-0.09391104304834053,0,2.11154611974576,1.7134227801857238,UBXN10,RFX5,LMC,HTH
1446,-0.2202036001067245,-0.21807786581075275,1,-1.95395552299252,2.019284682409964,IL18RAP,MAFF,MEF,bZIP
1497,-0.367509213401688,-0.367509213401688,0,2.00198261548205,2.1763510811203814,ITGB2,PAX5,LMC,"Paired,Homeobox"
1404,-0.21040797732426292,-0.24055162484804216,0,1.68309567683188,-0.17376686431966043,HTR2B,YY1,LMC,Zf
829,-0.44138880677200293,-0.35874841498741566,0,-1.17747353187961,-1.4146995421630317,DUT,GABPA,LMC,ETS
1665,-0.15589533538605682,-0.16226770650044012,1,-1.09066040559918,-1.2669118918721223,LIPA,USF2,MEF,bHLH
1978,-0.35656081815482665,-0.24055162484804216,1,-1.51596673113993,0.34697333028431315,NEURL3,ZEB1,MEF,Zf
1048,-0.36394923652108524,-0.36394923652108524,0,3.29706979403309,2.852745644094013,FGF1,EBF1,LMC,EBF
2970,-0.2531799907181821,-0.21807786581075275,1,1.23882960320647,-2.3776969405245576,TGFB2,MAFK,MEF,bZIP
2231,-0.13376741412866516,-0.22688628192079743,0,-1.25589685126262,-1.063729800711096,PLA2R1,STAT3,LMC,Stat
3064,0.5522402326254439,-0.24055162484804216,1,3.49582714028846,0.5131335222782056,TNFSF15,PRDM1,MEF,Zf
307,-0.12424785148432936,-0.16226770650044012,1,-1.18056924901314,-1.7889283636772628,BOK,MAX,MEF,bHLH
2853,-0.36394923652108524,-0.36394923652108524,1,-3.39538592314641,-1.1018713582771593,SRGN,EBF1,MEF,EBF
1184,-0.367509213401688,-0.367509213401688,1,-1.16926247196897,0.04499687334586399,GGN,PAX5,MEF,"Paired,Homeobox"
2386,-0.44138880677200293,-0.35874841498741566,1,-5.85839993985972,-3.559374988630859,PTPN6,GABPA,MEF,ETS
1401,-0.3441801093275379,-0.16226770650044012,0,-1.60518595987966,-0.7564117709676174,HSPB6,TCF12,LMC,bHLH
2739,-0.17068129734876603,-0.21807786581075275,0,1.07554724816405,1.1744412167288878,SLC39A10,JUND,LMC,bZIP
1794,0.12201789027868709,-0.21807786581075275,0,1.96495392722866,1.7531399703800197,MCTP1,BACH1,LMC,bZIP
2776,-0.44138880677200293,-0.35874841498741566,1,-4.60380268008925,-2.809027681393782,SMAGP,GABPA,MEF,ETS
2629,-0.420121647582753,-0.24055162484804216,1,-1.19226226684979,0.7746969291033952,SERTAD4,ZNF263,MEF,Zf
641,-0.6294050389829617,-0.22772750011888523,1,1.28498306362542,0.5918388643078416,CPOX,FOXM1,MEF,Forkhead
2090,-0.3218229349053168,-0.24055162484804216,1,1.48097195977724,-0.2856869829032843,OSBPL3,GATA1,MEF,Zf
3257,-0.07675555573538734,-0.09391104304834053,0,1.0511478044441,0.3923909548895825,ZFPM1,RFX5,LMC,HTH
2163,-0.13376741412866516,-0.22688628192079743,1,-2.12723887335519,-1.9956657050444762,PDE11A,STAT3,MEF,Stat
2650,-0.2384484828274451,-0.35874841498741566,0,-1.41611481325977,-0.6338904944605289,SH3GL3,ELF1,LMC,ETS
2943,-0.3825682599092054,-0.35874841498741566,0,-2.66377021180121,-2.348779541739658,TBXA2R,ELK1,LMC,ETS
786,-0.36396349791647825,-0.22688628192079743,1,3.11057783728204,2.7276564390653677,DNAJC6,STAT1,MEF,Stat
1142,-0.3241398962390605,-0.4667786659818261,0,-2.57237384040221,-1.944908160604324,GALNT18,IRF1,LMC,IRF
2739,-0.36396349791647825,-0.22688628192079743,0,1.07554724816405,1.2347846916503151,SLC39A10,STAT1,LMC,Stat
775,-0.2384484828274451,-0.35874841498741566,1,-1.72004709805827,0.2567932049999381,DMRTA2,ELF1,MEF,ETS
608,0.023694036513735375,-0.22772750011888523,0,-2.4757870408384,-2.4967935479922496,COL12A1,FOXA1,LMC,Forkhead
80,-0.26484040662604763,-0.21807786581075275,0,-1.85487740745499,-0.6879326570814706,ADORA2B,FOSL2,LMC,bZIP
988,-0.13376741412866516,-0.22688628192079743,1,1.57124127789086,1.5718864405131328,FAM19A3,STAT3,MEF,Stat
1824,-0.38280731081485264,-0.21807786581075275,1,3.1939303168836,-0.6725523502863042,MGP,ATF2,MEF,bZIP
368,-0.26925687732944,-0.21807786581075275,1,1.37737825561998,0.9299417974053005,CASKIN1,FOS,MEF,bZIP
935,-0.3864884434229737,-0.3864884434229737,1,-1.93427783380951,-1.3639077694578747,EVL,TCF3,MEF,HMG
3021,-0.39206578990544383,-0.24055162484804216,1,-1.61947231408605,0.3710446667689598,TMEM171,EGR1,MEF,Zf
2579,-0.3825682599092054,-0.35874841498741566,1,1.13765294512814,-1.0600016542080428,SCARA3,ELK1,MEF,ETS
2280,-0.39206578990544383,-0.24055162484804216,0,-1.56490852505316,-1.2793213798355034,PNCK,EGR1,LMC,Zf
713,-0.17107733425117988,-0.23042526569186958,1,1.19144626408088,1.6110873043418084,CYLD,E2F6,MEF,E2F
1951,0.12201789027868709,-0.21807786581075275,0,1.45744396290933,1.0813445675405422,NCEH1,BACH1,LMC,bZIP
1424,-0.2781468465397177,-0.24055162484804216,0,1.82002858047698,1.673137970789946,IGFBP6,SP1,LMC,Zf
1475,-0.17068129734876603,-0.21807786581075275,0,2.468504438056,0.8495281407982125,IRF5,JUND,LMC,bZIP
1075,-0.6294050389829617,-0.22772750011888523,1,-1.51378545844316,-1.5006815211764175,FLI1,FOXM1,MEF,Forkhead
2193,-0.13376741412866516,-0.22688628192079743,1,-1.05049937086952,-1.0128196866183032,PFKL,STAT3,MEF,Stat
695,-0.12424785148432936,-0.16226770650044012,1,1.09241109000734,0.40008985494422655,CWF19L2,MAX,MEF,bHLH
1888,-0.420121647582753,-0.24055162484804216,1,1.65438930194512,-0.3525130314490789,MSX2,ZNF263,MEF,Zf
1720,-0.10243811445811093,-0.10243811445811093,0,-2.12555056976554,-1.9065676454469551,LTBP1,TEAD4,LMC,TEA
1465,-0.26925687732944,-0.21807786581075275,0,1.4524995937308,0.32201893538962567,INPP4B,FOS,LMC,bZIP
1044,-0.2531799907181821,-0.21807786581075275,0,2.03531170334419,2.1832857931256813,FERMT3,MAFK,LMC,bZIP
1819,-0.2384484828274451,-0.35874841498741566,1,-2.40695501424756,0.4459506815671407,MFNG,ELF1,MEF,ETS
2014,-0.19305637283257054,-0.24055162484804216,0,1.03414208924194,0.13058552961044936,NOS1AP,MAZ,LMC,Zf
56,-0.13376741412866516,-0.22688628192079743,1,-1.60965307455151,-1.8859831783283179,ADAMTS12,STAT3,MEF,Stat
914,-0.13376741412866516,-0.22688628192079743,1,-3.88489412042666,0.7163634038053227,EPSTI1,STAT3,MEF,Stat
2524,-0.17068129734876603,-0.21807786581075275,1,2.85091477264428,2.1113369845437764,RNF208,JUND,MEF,bZIP
2329,-0.26925687732944,-0.21807786581075275,0,-1.50059784850385,-1.2800991323097888,PRELID2,FOS,LMC,bZIP
1569,-0.6294050389829617,-0.22772750011888523,0,-1.70112877149519,-1.6400373771868817,KIF18B,FOXM1,LMC,Forkhead
3226,0.01123290849505778,-0.24055162484804216,1,2.01913268486271,1.5548358268365694,WNT10B,GATA3,MEF,Zf
2210,-0.6294050389829617,-0.22772750011888523,0,2.04393942709791,1.3912520701922901,PIK3AP1,FOXM1,LMC,Forkhead
1945,-0.13376741412866516,-0.22688628192079743,1,2.03588974200988,-0.020689672397798526,NCAM2,STAT3,MEF,Stat
1633,-0.34939441107522407,-0.24055162484804216,0,2.95929294357475,2.5266244706369285,LCTL,ZKSCAN1,LMC,Zf
3250,-0.17107733425117988,-0.23042526569186958,0,-2.44277508235194,-1.8026223958224283,ZC3HAV1L,E2F6,LMC,E2F
2200,-0.34334100110644417,-0.35874841498741566,1,2.21095060452677,-1.423507348007666,PGPEP1L,ETS1,MEF,ETS
414,-0.2781468465397177,-0.24055162484804216,1,-3.70901129351102,-3.2260092230014266,CCL3,SP1,MEF,Zf
1744,-0.3879288830557581,-0.4117228529378932,0,1.61605159328595,1.4994268929978787,MAFB,PBX3,LMC,Homeobox
593,-0.024333375166328407,-0.24055162484804216,1,2.74099485741018,2.381452508157166,CNKSR1,CTCF,MEF,Zf
1243,-0.26925687732944,-0.21807786581075275,0,-1.11359055206435,-0.474737253027145,GPR153,FOS,LMC,bZIP
520,0.01123290849505778,-0.24055162484804216,0,-1.07484665845757,-1.0819317841974627,CENPT,GATA3,LMC,Zf
927,0.023694036513735375,-0.22772750011888523,1,1.40396646353209,0.31175228317155,ESYT3,FOXA1,MEF,Forkhead
2693,-0.12424785148432936,-0.16226770650044012,0,1.05954413123607,0.9857405688060631,SLC16A1,MAX,LMC,bHLH
818,-0.26484040662604763,-0.21807786581075275,1,-2.16450188489231,1.290209635215837,DTL,FOSL2,MEF,bZIP
102,-0.2531799907181821,-0.21807786581075275,1,1.26640972757189,0.9959193048257817,AK9,MAFK,MEF,bZIP
1161,-0.19305637283257054,-0.24055162484804216,1,-1.53502513089702,1.059670740209742,GBX1,MAZ,MEF,Zf
38,-0.39206578990544383,-0.24055162484804216,0,-2.4281115859131,-2.176356567521147,ACTA2,EGR1,LMC,Zf
264,-0.367509213401688,-0.367509213401688,0,1.45937393436724,-0.3282457496016967,B4GALT5,PAX5,LMC,"Paired,Homeobox"
1475,-0.39206578990544383,-0.24055162484804216,1,-2.83898973234667,-0.30229920063074006,IRF5,EGR1,MEF,Zf
2488,-0.34334100110644417,-0.35874841498741566,1,-1.85060323120743,-1.590831568506178,RGCC,ETS1,MEF,ETS
1748,-0.34334100110644417,-0.35874841498741566,1,1.62485638729586,1.365743213142363,MALL,ETS1,MEF,ETS
58,-0.07675555573538734,-0.09391104304834053,1,-1.67805893584247,-1.5783066514072297,ADAMTS16,RFX5,MEF,HTH
316,-0.19305637283257054,-0.24055162484804216,1,1.64164033995591,-2.0012051217570397,BTC,MAZ,MEF,Zf
464,-0.6164626790354744,-0.4667786659818261,0,-1.03127844924857,-0.9704777661859996,CD97,IRF4,LMC,IRF
3007,-0.028028488630146852,-0.16226770650044012,1,-2.84859680440921,-1.2477336069326639,TMEM106A,USF1,MEF,bHLH
1859,-0.17107733425117988,-0.23042526569186958,1,-1.03444671893022,-1.1954222024999277,MNS1,E2F6,MEF,E2F
1059,0.023694036513735375,-0.22772750011888523,1,-1.30648104502404,0.41907710783377483,FGFR1,FOXA1,MEF,Forkhead
1759,-0.19305637283257054,-0.24055162484804216,0,-1.20195710611927,-1.203655551528836,MAP2K6,MAZ,LMC,Zf
314,-0.024333375166328407,-0.24055162484804216,1,1.108975807459,-0.8374936072397904,BTBD11,CTCF,MEF,Zf
1942,-0.19305637283257054,-0.24055162484804216,1,-1.55591983472533,-1.366818905428305,NAV1,MAZ,MEF,Zf
2677,-0.2490020295772001,-0.24055162484804216,0,-1.27927448448625,-1.1393731323712744,SKA3,GATA2,LMC,Zf
3221,-0.10243811445811093,-0.10243811445811093,1,1.62522362139339,1.1586077521438543,WIPF3,TEAD4,MEF,TEA
3262,-0.2531799907181821,-0.21807786581075275,1,1.04649386544777,0.4561140033411683,ZMYND12,MAFK,MEF,bZIP
129,-0.25726485204107,-0.25726485204107,0,-2.14408545086886,0.07520862708091675,AMPH,NRF1,LMC,NRF
2911,-0.34334100110644417,-0.35874841498741566,1,-2.18064992479713,-2.112683187672053,SYNE2,ETS1,MEF,ETS
1840,-0.2295785336880661,-0.23042526569186958,0,2.18019875250841,2.0734944781002262,MMD,E2F4,LMC,E2F
35,-0.36394923652108524,-0.36394923652108524,0,-1.09413388951588,-1.0920039330705407,ACSS2,EBF1,LMC,EBF
770,-0.2531799907181821,-0.21807786581075275,0,2.04571185568345,1.1944725668745695,DMC1,MAFK,LMC,bZIP
1480,-0.2295785336880661,-0.23042526569186958,0,-1.28566004073979,-1.0781934337248684,IRX1,E2F4,LMC,E2F
3234,-0.38280731081485264,-0.21807786581075275,0,-1.85572366613924,0.726765106104413,WSCD2,ATF2,LMC,bZIP
1476,-0.5692078006234296,-0.4117228529378932,1,1.61848963132255,-1.5715062555217627,IRF6,CUX1,MEF,Homeobox
1706,-0.2781468465397177,-0.24055162484804216,1,1.25254450235524,1.137420772121016,LRRC75B,SP1,MEF,Zf
2217,-0.2384484828274451,-0.35874841498741566,1,-1.0918547115101,2.646744989990872,PIP4K2A,ELF1,MEF,ETS
2982,-0.367509213401688,-0.367509213401688,1,-2.33478354896537,-1.3754625120281219,TICRR,PAX5,MEF,"Paired,Homeobox"
3202,-0.44138880677200293,-0.35874841498741566,1,1.51079967442043,-2.5413532676173607,VNN1,GABPA,MEF,ETS
3085,-0.10243811445811093,-0.10243811445811093,1,-1.46134327408536,-0.47400779328743087,TPM2,TEAD4,MEF,TEA
2782,-0.2531799907181821,-0.21807786581075275,0,1.45528337410704,0.9483217989236369,SMPD3,MAFK,LMC,bZIP
3153,-0.3441801093275379,-0.16226770650044012,1,-1.20854866679605,-1.2135729893768707,TWIST2,TCF12,MEF,bHLH
1687,-0.3241398962390605,-0.4667786659818261,1,-2.98246862813639,-1.5098959305895645,LPXN,IRF1,MEF,IRF
1571,-0.6294050389829617,-0.22772750011888523,1,-2.07809907277535,-2.0870111142981798,KIF20B,FOXM1,MEF,Forkhead
3140,-0.21040797732426292,-0.24055162484804216,1,1.19302058797499,0.49652867382979354,TTLL9,YY1,MEF,Zf
2704,-0.26484040662604763,-0.21807786581075275,0,-1.40649818857836,-1.2765940357721035,SLC17A9,FOSL2,LMC,bZIP
3194,0.023694036513735375,-0.22772750011888523,1,-2.78668694486666,-1.4480199581073023,VCAN,FOXA1,MEF,Forkhead
854,-0.13376741412866516,-0.22688628192079743,0,1.36893250160883,1.309540261988287,EEPD1,STAT3,LMC,Stat
2021,-0.367509213401688,-0.367509213401688,1,-1.09798854940686,-0.6517658622892274,NPAS4,PAX5,MEF,"Paired,Homeobox"
599,-0.3441801093275379,-0.16226770650044012,0,1.79219841084141,1.2313176888559372,CNR2,TCF12,LMC,bHLH
2289,-0.07675555573538734,-0.09391104304834053,1,-1.15837612128203,-1.175989748194124,POLD1,RFX5,MEF,HTH
1648,-0.7636466334835217,-0.21807786581075275,0,1.39432488372804,1.3486397870803588,LGMN,BATF,LMC,bZIP
1579,-0.13376741412866516,-0.22688628192079743,0,1.28112113456646,0.40334342363618636,KIF3A,STAT3,LMC,Stat
542,-0.2531799907181821,-0.21807786581075275,0,1.63219210782671,1.2948598099568718,CHD7,MAFK,LMC,bZIP
1909,-0.6294050389829617,-0.22772750011888523,1,-1.00556299743777,-3.4513027596535863,MYH9,FOXM1,MEF,Forkhead
499,-0.17107733425117988,-0.23042526569186958,0,-1.08134160329322,-1.0813416032932188,CDR2L,E2F6,LMC,E2F
477,0.5522402326254439,-0.24055162484804216,1,-1.43968116149163,-0.9826015378973244,CDCA7L,PRDM1,MEF,Zf
2592,-0.38280731081485264,-0.21807786581075275,1,-1.49631929595084,-1.3044767796141932,SCRT1,ATF2,MEF,bZIP
176,-0.17068129734876603,-0.21807786581075275,0,1.68932454444694,1.5001042538694114,ARAP3,JUND,LMC,bZIP
1584,-0.26925687732944,-0.21807786581075275,1,-1.28005579183346,0.8638885536364482,KIRREL,FOS,MEF,bZIP
585,-0.3441801093275379,-0.16226770650044012,1,1.8285992255709,-0.9437716684477724,CLU,TCF12,MEF,bHLH
927,-0.028028488630146852,-0.16226770650044012,0,2.855110586397,2.7422901293578277,ESYT3,USF1,LMC,bHLH
3261,-0.2781468465397177,-0.24055162484804216,1,1.07594447809791,0.3617211263840977,ZKSCAN4,SP1,MEF,Zf
2633,-0.028028488630146852,-0.16226770650044012,0,-1.57606414374933,0.25605986124981384,SFRP1,USF1,LMC,bHLH
895,-0.20320451878994805,-0.21807786581075275,1,-1.81536653733997,-0.28557908426680484,ENO3,ATF3,MEF,bZIP
2540,-0.19305637283257054,-0.24055162484804216,1,2.25659279898351,-0.15154186040723427,RRAGB,MAZ,MEF,Zf
259,-0.3864884434229737,-0.3864884434229737,1,-1.08870467428603,-1.276212090007394,B3GNT8,TCF3,MEF,HMG
1347,-0.7636466334835217,-0.21807786581075275,1,-2.24742323046206,-1.0793607489152408,HMMR,BATF,MEF,bZIP
2125,-0.35656081815482665,-0.24055162484804216,0,1.67444194494018,1.6616552248170975,PARP14,ZEB1,LMC,Zf
736,-0.13755040436917615,-0.4117228529378932,1,1.21253077226439,-0.29270532166783125,DCXR,NANOG,MEF,Homeobox
2661,-0.6294050389829617,-0.22772750011888523,0,-1.22957922565248,-1.0963578118345891,SHF,FOXM1,LMC,Forkhead
2261,-0.028028488630146852,-0.16226770650044012,0,1.93724746564919,0.7092991297472718,PLK5,USF1,LMC,bHLH
2694,-0.024333375166328407,-0.24055162484804216,0,1.20649329449766,1.161445278693656,SLC16A10,CTCF,LMC,Zf
1713,-0.2531799907181821,-0.21807786581075275,0,-2.02193232054986,-1.2619012676162666,LRRTM2,MAFK,LMC,bZIP
109,-0.024333375166328407,-0.24055162484804216,1,4.06136839444615,0.2636533129514774,ALDH1A1,CTCF,MEF,Zf
2073,-0.5692078006234296,-0.4117228529378932,0,-1.22751387229782,-0.18917428529590474,OBSL1,CUX1,LMC,Homeobox
2853,-0.44138880677200293,-0.35874841498741566,1,-3.39538592314641,-1.3765451884637603,SRGN,GABPA,MEF,ETS
579,-0.20320451878994805,-0.21807786581075275,1,3.342796992011,0.017268896797194157,CLIP4,ATF3,MEF,bZIP
3190,-0.5692078006234296,-0.4117228529378932,1,-7.1439541428595,-1.013302671003401,VAV1,CUX1,MEF,Homeobox
865,0.12201789027868709,-0.21807786581075275,1,-1.68230309894262,-0.5607703794280922,EFS,BACH1,MEF,bZIP
2285,-0.2202036001067245,-0.21807786581075275,1,-2.14068200203897,-1.6524945877173776,PODNL1,MAFF,MEF,bZIP
728,-0.19305637283257054,-0.24055162484804216,0,-1.08951110478474,-1.06524287725978,DCBLD1,MAZ,LMC,Zf
1119,-0.3825682599092054,-0.35874841498741566,0,-1.56991576152383,-1.6495094895788998,FST,ELK1,LMC,ETS
2554,-0.34939441107522407,-0.24055162484804216,1,1.43017376185233,-0.9700114238627894,RTP4,ZKSCAN1,MEF,Zf
235,-0.3825682599092054,-0.35874841498741566,0,-1.029209618599,-0.9024979367237319,ATG16L2,ELK1,LMC,ETS
2893,-0.25726485204107,-0.25726485204107,0,1.51284286980571,0.19774241337641343,STRA6,NRF1,LMC,NRF
1063,-0.34334100110644417,-0.35874841498741566,1,-1.26716204303906,-1.1270398010251292,FGL1,ETS1,MEF,ETS
2790,-0.15589533538605682,-0.16226770650044012,1,-1.59761294289245,-0.6976981251013745,SNCAIP,USF2,MEF,bHLH
1033,-0.34334100110644417,-0.35874841498741566,1,1.37290435493264,0.5270463259769457,FBXO27,ETS1,MEF,ETS
2608,-0.5263204549945071,-0.23042526569186958,1,2.11602326557381,-1.1026297799128095,SEMA3C,E2F1,MEF,E2F
8,-0.2531799907181821,-0.21807786581075275,0,-1.13492430155845,-0.8038414948760904,ABCA5,MAFK,LMC,bZIP
2026,-0.2781468465397177,-0.24055162484804216,0,-1.81031662538622,-1.1658649410034587,NPR3,SP1,LMC,Zf
2586,-0.25726485204107,-0.25726485204107,1,1.44990055505487,-0.7753432508359868,SCN1B,NRF1,MEF,NRF
23,-0.024333375166328407,-0.24055162484804216,0,-1.05465921556064,-0.40615578793300317,ACAT2,CTCF,LMC,Zf
2935,-0.25726485204107,-0.25726485204107,0,-1.1207796034852,-0.6000822263550053,TARSL2,NRF1,LMC,NRF
276,-0.367509213401688,-0.367509213401688,0,-2.52309707321754,-2.4508661442755395,BCAT1,PAX5,LMC,"Paired,Homeobox"
934,-0.13376741412866516,-0.22688628192079743,1,-4.11974488759282,-0.952957188209584,EVI2B,STAT3,MEF,Stat
2493,-0.17068129734876603,-0.21807786581075275,1,1.80859453586116,0.9678291589403096,RGS17,JUND,MEF,bZIP
2559,-0.36394923652108524,-0.36394923652108524,1,-1.04119461695992,0.5108311490810472,S100A10,EBF1,MEF,EBF
163,-0.19305637283257054,-0.24055162484804216,0,1.78850919736713,1.8739899731188914,APLP1,MAZ,LMC,Zf
2039,-0.36396349791647825,-0.22688628192079743,1,2.21571660499316,-0.3423415868831604,NRN1,STAT1,MEF,Stat
1036,-0.2588825049450903,-0.2588825049450903,1,1.17343244042036,0.2570993829860431,FBXO44,HNF4A,MEF,NR
1039,-0.2134859055500093,-0.16226770650044012,1,1.10821046471605,0.9225213576268451,FBXO7,BHLHE40,MEF,bHLH
386,-0.367509213401688,-0.367509213401688,1,1.02387076158334,0.3413789381207198,CCDC122,PAX5,MEF,"Paired,Homeobox"
1787,-0.367509213401688,-0.367509213401688,1,-2.53275926001282,-2.0452309167765486,MCM10,PAX5,MEF,"Paired,Homeobox"
2448,-0.17068129734876603,-0.21807786581075275,1,-3.64035257303217,-0.3719931497459937,RAPGEF5,JUND,MEF,bZIP
2417,-0.15589533538605682,-0.16226770650044012,1,2.63891593628851,0.8280842102174362,RAB27B,USF2,MEF,bHLH
3089,-0.024333375166328407,-0.24055162484804216,1,2.1003934351862,-0.45947367509842957,TRABD2B,CTCF,MEF,Zf
367,-0.20320451878994805,-0.21807786581075275,1,-2.58951555677959,-1.1601237219527984,CASC5,ATF3,MEF,bZIP
1146,-0.44138880677200293,-0.35874841498741566,1,-1.58579129430816,-2.374005324079492,GAMT,GABPA,MEF,ETS
1618,-0.3864884434229737,-0.3864884434229737,1,2.02536886419006,-2.9746301683622516,LAMA5,TCF3,MEF,HMG
85,-0.4196242791334183,-0.24055162484804216,0,1.31865403432304,-0.5970541605872145,ADSSL1,ZBTB33,LMC,Zf
1092,-0.3241398962390605,-0.4667786659818261,1,-3.89018491734933,-0.5423518006143033,FOLR2,IRF1,MEF,IRF
2439,-0.2134859055500093,-0.16226770650044012,1,-1.16961792333877,0.43122838155371107,RALGPS2,BHLHE40,MEF,bHLH
638,-0.2295785336880661,-0.23042526569186958,0,-1.23649506385739,-0.5161975589210479,CPED1,E2F4,LMC,E2F
1347,-0.34334100110644417,-0.35874841498741566,1,-2.24742323046206,-1.2606981042215073,HMMR,ETS1,MEF,ETS
2485,-0.13755040436917615,-0.4117228529378932,1,3.63110658670554,1.4971155809971806,RERG,NANOG,MEF,Homeobox
2725,-0.07675555573538734,-0.09391104304834053,0,1.14130727579286,0.9629994531609418,SLC2A13,RFX5,LMC,HTH
1640,-0.36394923652108524,-0.36394923652108524,1,1.31257625250338,0.64456855054615,LEPREL1,EBF1,MEF,EBF
1570,-0.19305637283257054,-0.24055162484804216,0,-2.10900677528057,-1.9136159581825876,KIF20A,MAZ,LMC,Zf
2732,-0.07675555573538734,-0.09391104304834053,1,1.30662937679401,0.694808002916906,SLC33A1,RFX5,MEF,HTH
2855,-0.17068129734876603,-0.21807786581075275,0,1.65068826126011,-0.6007670187948986,SRPK3,JUND,LMC,bZIP
1739,-0.12424785148432936,-0.16226770650044012,0,2.47131227666043,1.9648061854259442,M1AP,MAX,LMC,bHLH
427,-0.2384484828274451,-0.35874841498741566,1,1.17430399831869,0.6822968060249326,CCPG1,ELF1,MEF,ETS
261,0.01123290849505778,-0.24055162484804216,1,4.30976032654458,2.3528074465630064,B4GALNT3,GATA3,MEF,Zf
1789,-0.12424785148432936,-0.16226770650044012,1,-2.01469923560463,-1.3616800892084313,MCM3,MAX,MEF,bHLH
419,-0.35656081815482665,-0.24055162484804216,1,-1.01212708968367,-1.1730540418773494,CCM2,ZEB1,MEF,Zf
2603,-0.15589533538605682,-0.16226770650044012,1,1.0266249678335,-0.41755877656993673,SEC61G,USF2,MEF,bHLH
2990,-0.2588825049450903,-0.2588825049450903,0,-1.64263124238285,-1.571515920514881,TK1,HNF4A,LMC,NR
875,-0.19305637283257054,-0.24055162484804216,1,-1.34853539641118,-0.26382347241131415,EHHADH,MAZ,MEF,Zf
1697,-0.3864884434229737,-0.3864884434229737,0,-1.53337520776607,-1.2031274185257024,LRRC16A,TCF3,LMC,HMG
1301,-0.2531799907181821,-0.21807786581075275,1,1.23717395286435,0.25387385112545996,GSTT2,MAFK,MEF,bZIP
1666,-0.420121647582753,-0.24055162484804216,1,2.50962701191253,-0.7253140375631973,LIPG,ZNF263,MEF,Zf
2797,-0.21040797732426292,-0.24055162484804216,1,1.20718208298321,0.6365805562820543,SNX16,YY1,MEF,Zf
2285,-0.15589533538605682,-0.16226770650044012,1,-2.14068200203897,-1.0896976269357226,PODNL1,USF2,MEF,bHLH
1662,-0.2781468465397177,-0.24055162484804216,1,4.04496698430501,-0.5147114460235115,LIN7A,SP1,MEF,Zf
2379,-0.17107733425117988,-0.23042526569186958,1,-1.1953413161225,-0.9197687315552782,PTMS,E2F6,MEF,E2F
1239,0.01123290849505778,-0.24055162484804216,0,3.71698762694664,2.5282660945739908,GPR133,GATA3,LMC,Zf
1166,-0.4196242791334183,-0.24055162484804216,0,1.04053157521072,1.0519557979761247,GCLM,ZBTB33,LMC,Zf
291,-0.20320451878994805,-0.21807786581075275,1,1.86802523379668,1.2903219197508842,BHLHA15,ATF3,MEF,bZIP
3239,-0.5692078006234296,-0.4117228529378932,1,9.86262990937473,-0.4125925067428456,XIST,CUX1,MEF,Homeobox
94,-0.35656081815482665,-0.24055162484804216,0,1.1446893045572,1.113563790854826,AHCYL2,ZEB1,LMC,Zf
1791,-0.3864884434229737,-0.3864884434229737,1,-1.8528816001039,-2.4649962815263358,MCM6,TCF3,MEF,HMG
1394,-0.2295785336880661,-0.23042526569186958,1,-1.71552724765761,0.9701164629426997,HSD11B1,E2F4,MEF,E2F
2196,-0.2295785336880661,-0.23042526569186958,1,-1.48538119052124,-1.3471962418132675,PGAP3,E2F4,MEF,E2F
920,-0.2295785336880661,-0.23042526569186958,1,2.17371514092379,-0.1464414897385786,ESAM,E2F4,MEF,E2F
2815,-0.3241398962390605,-0.4667786659818261,0,1.37221217618403,1.3624213545653447,SP100,IRF1,LMC,IRF
1093,-0.2384484828274451,-0.35874841498741566,0,1.14177708816059,0.9874544872760473,FOS,ELF1,LMC,ETS
1252,-0.2134859055500093,-0.16226770650044012,0,-2.1106543226655,-0.18123711203048887,GPR20,BHLHE40,LMC,bHLH
471,0.12201789027868709,-0.21807786581075275,1,-1.23221280378284,-0.7776708127689715,CDC6,BACH1,MEF,bZIP
9,-0.2531799907181821,-0.21807786581075275,1,-1.54158391871395,-0.6526837968489516,ABCA9,MAFK,MEF,bZIP
586,-0.15589533538605682,-0.16226770650044012,0,-1.51585649307847,-1.6613901536651778,CLYBL,USF2,LMC,bHLH
1859,-0.17068129734876603,-0.21807786581075275,0,-1.22977631970534,-1.0294638713560036,MNS1,JUND,LMC,bZIP
1671,-0.21040797732426292,-0.24055162484804216,1,-4.97271807661149,-1.647791897640621,LMO2,YY1,MEF,Zf
1346,-0.3864884434229737,-0.3864884434229737,0,1.85192391244381,1.2716094244495255,HMHA1,TCF3,LMC,HMG
1625,-0.26925687732944,-0.21807786581075275,1,2.40355499341245,-0.0790570349374295,LARS2,FOS,MEF,bZIP
1642,-0.17068129734876603,-0.21807786581075275,0,1.33464910250215,1.320376096350334,LFNG,JUND,LMC,bZIP
1878,0.023694036513735375,-0.22772750011888523,0,-2.03465837985356,0.25373369955711045,MS4A2,FOXA1,LMC,Forkhead
114,-0.12424785148432936,-0.16226770650044012,1,5.59270654371156,3.3546367021187233,ALDH3A1,MAX,MEF,bHLH
1220,-0.2781468465397177,-0.24055162484804216,1,-1.25213097152053,-0.684490004977097,GOLM1,SP1,MEF,Zf
482,-0.7458206212504059,-0.24055162484804216,1,2.02751559025939,-0.5263409994794069,CDH17,BCL11A,MEF,Zf
2220,-0.2295785336880661,-0.23042526569186958,1,8.27504423830746,1.4289419359452669,PITX1,E2F4,MEF,E2F
2195,-0.36396349791647825,-0.22688628192079743,1,-1.52699493814119,-1.3049427382609562,PGAP1,STAT1,MEF,Stat
3120,-0.12424785148432936,-0.16226770650044012,1,1.50128904492038,0.7962906837702711,TRPV6,MAX,MEF,bHLH
497,-0.420121647582753,-0.24055162484804216,1,1.92468134169098,-1.1706529889777728,CDO1,ZNF263,MEF,Zf
1879,-0.48566408989307963,-0.5293658635384044,1,-8.84349682711062,-3.6175428993625003,MS4A7,MEF2C,MEF,MADS
2251,0.01123290849505778,-0.24055162484804216,1,-3.01621344836119,0.08101626847163225,PLEKHG4,GATA3,MEF,Zf
2626,-0.19305637283257054,-0.24055162484804216,1,3.1389116323707,2.183281935630005,SERPINE2,MAZ,MEF,Zf
1008,-0.36396349791647825,-0.22688628192079743,1,1.5137643253142,0.3557174411013655,FAM81A,STAT1,MEF,Stat
1837,-0.3241398962390605,-0.4667786659818261,1,-1.1738204709846,-1.5608308600974745,MLF1,IRF1,MEF,IRF
1726,-0.19305637283257054,-0.24055162484804216,1,-1.52921091248218,-1.3532776317647182,LY6E,MAZ,MEF,Zf
152,-0.44138880677200293,-0.35874841498741566,1,2.33267329051306,-0.9203104692421697,ANXA8,GABPA,MEF,ETS
1154,-0.12424785148432936,-0.16226770650044012,1,1.83281518322755,1.5400077147370625,GATA3,MAX,MEF,bHLH
2107,-0.26925687732944,-0.21807786581075275,1,1.19104829786541,-0.28874324922558064,P4HTM,FOS,MEF,bZIP
1126,-0.2531799907181821,-0.21807786581075275,1,2.78275650147847,1.7750808810091707,FXYD1,MAFK,MEF,bZIP
2478,-0.024333375166328407,-0.24055162484804216,0,-1.05749006064145,-0.9561144875218095,RCN1,CTCF,LMC,Zf
19,-0.34334100110644417,-0.35874841498741566,0,1.04397512012327,0.7762634351843228,ABR,ETS1,LMC,ETS
835,-0.34939441107522407,-0.24055162484804216,1,-1.74413387692825,-1.5407705588146825,E2F7,ZKSCAN1,MEF,Zf
436,-0.13376741412866516,-0.22688628192079743,0,2.17372921487108,1.961843867200029,CD200R1,STAT3,LMC,Stat
849,-0.26484040662604763,-0.21807786581075275,0,-1.38238738601398,0.23579835695566637,EDA,FOSL2,LMC,bZIP
1014,-0.07675555573538734,-0.09391104304834053,0,1.44493122160936,1.027651876960448,FAM84B,RFX5,LMC,HTH
1932,-0.028028488630146852,-0.16226770650044012,0,1.71830105384146,1.5546236419109096,MYRF,USF1,LMC,bHLH
2290,-0.12424785148432936,-0.16226770650044012,0,-1.59233149150338,-1.5201192113881967,POLE,MAX,LMC,bHLH
4,-0.44138880677200293,-0.35874841498741566,0,1.30531618728564,0.0565918817927222,AATK,GABPA,LMC,ETS
1443,-0.3825682599092054,-0.35874841498741566,0,-1.0708433709551,-0.8656772305442203,IL17RC,ELK1,LMC,ETS
1760,-0.3864884434229737,-0.3864884434229737,0,1.0684023208603,-0.825771425209314,MAP3K1,TCF3,LMC,HMG
2571,-0.4338340387794032,-0.21807786581075275,0,2.21199249094667,1.2001942306911628,SAMSN1,ATF1,LMC,bZIP
1592,-0.024333375166328407,-0.24055162484804216,1,3.37424913401424,2.9759615583502907,KLHDC7A,CTCF,MEF,Zf
539,-0.2588825049450903,-0.2588825049450903,1,1.26861129299302,0.34914245780385506,CHCHD10,HNF4A,MEF,NR
2784,-0.5692078006234296,-0.4117228529378932,0,1.22877430824847,1.2167130171163907,SMPDL3A,CUX1,LMC,Homeobox
1331,-0.17107733425117988,-0.23042526569186958,1,-1.0853990457524,0.9353882212305568,HHIPL1,E2F6,MEF,E2F
3128,-0.44138880677200293,-0.35874841498741566,1,-1.05080463512816,-0.558237398762183,TSPAN18,GABPA,MEF,ETS
833,-0.17068129734876603,-0.21807786581075275,1,1.3486774228937,-0.9552139638615214,DZANK1,JUND,MEF,bZIP
1777,-0.39206578990544383,-0.24055162484804216,1,-1.18077849242485,-1.2788142299184526,MATN2,EGR1,MEF,Zf
1075,-0.6164626790354744,-0.4667786659818261,1,-1.51378545844316,-1.5198552167558848,FLI1,IRF4,MEF,IRF
392,-0.2490020295772001,-0.24055162484804216,1,-1.85537400363895,-0.29025363608970517,CCDC18,GATA2,MEF,Zf
2454,-0.2295785336880661,-0.23042526569186958,0,2.25969313283064,2.147603806792265,RASEF,E2F4,LMC,E2F
62,-0.26925687732944,-0.21807786581075275,0,-1.72005964675759,-1.7075411316127562,ADAMTS6,FOS,LMC,bZIP
2752,-0.36396349791647825,-0.22688628192079743,1,1.40645862017294,0.7622133610376204,SLC4A8,STAT1,MEF,Stat
634,-0.016679862524066426,-0.16226770650044012,1,1.76706738198898,0.11207434639531844,COX6A2,MYOG,MEF,bHLH
2472,-0.028028488630146852,-0.16226770650044012,1,-2.98434592973191,-1.5457711106613274,RBM47,USF1,MEF,bHLH
332,-0.36394923652108524,-0.36394923652108524,0,3.6447648160557,1.4069810684480342,C3,EBF1,LMC,EBF
2694,-0.36394923652108524,-0.36394923652108524,0,1.20649329449766,1.0632191453631277,SLC16A10,EBF1,LMC,EBF
1509,-0.17107733425117988,-0.23042526569186958,1,-1.44881067617991,-0.49282894275023476,JADE1,E2F6,MEF,E2F
314,-0.34334100110644417,-0.35874841498741566,1,1.108975807459,0.02693915327849689,BTBD11,ETS1,MEF,ETS
1321,-0.17107733425117988,-0.23042526569186958,0,1.4760606765863,1.4770219118266021,HDAC9,E2F6,LMC,E2F
900,-0.15589533538605682,-0.16226770650044012,1,1.44269937541347,1.2246554390300097,ENPP5,USF2,MEF,bHLH
458,-0.367509213401688,-0.367509213401688,0,-1.5789323637807,-0.5269385441321384,CD80,PAX5,LMC,"Paired,Homeobox"
1298,-0.1427744352972257,-0.22772750011888523,0,1.79871714318156,1.5871040345035268,GSTA4,FOXA2,LMC,Forkhead
2446,0.12201789027868709,-0.21807786581075275,0,1.07317576939101,-0.4474021445454693,RAP2A,BACH1,LMC,bZIP
2205,-0.1427744352972257,-0.22772750011888523,1,1.19166827866803,0.5871601686009543,PHOSPHO1,FOXA2,MEF,Forkhead
907,-0.024333375166328407,-0.24055162484804216,0,-1.18558451294794,-0.9248426915056399,EPHA7,CTCF,LMC,Zf
2139,0.12201789027868709,-0.21807786581075275,1,3.84729240398161,2.2783663771144824,PCDH20,BACH1,MEF,bZIP
358,-0.024333375166328407,-0.24055162484804216,1,1.22166358080794,0.8431414921966355,CAMK4,CTCF,MEF,Zf
1306,-0.19305637283257054,-0.24055162484804216,0,-3.59327218483899,-3.060327054343471,H19,MAZ,LMC,Zf
49,-0.15589533538605682,-0.16226770650044012,1,1.42794390523383,-0.6840866440686573,ADAM22,USF2,MEF,bHLH
2890,-0.13376741412866516,-0.22688628192079743,0,1.34205810402861,1.1519964552482744,STON2,STAT3,LMC,Stat
1554,0.01123290849505778,-0.24055162484804216,1,-1.74879156530137,-1.677744601018654,KCNMA1,GATA3,MEF,Zf
351,-0.07675555573538734,-0.09391104304834053,1,3.43618473851565,2.6612828965158144,CADM4,RFX5,MEF,HTH
1033,0.12201789027868709,-0.21807786581075275,1,1.37290435493264,1.2974600697922474,FBXO27,BACH1,MEF,bZIP
214,-0.13376741412866516,-0.22688628192079743,0,-1.31617696470295,-1.3243511122202012,ARSI,STAT3,LMC,Stat
2450,-0.028028488630146852,-0.16226770650044012,0,-1.05231333068148,-0.7738666750307204,RARG,USF1,LMC,bHLH
1431,-0.2295785336880661,-0.23042526569186958,1,-1.08610051353498,-0.9502325818948991,IGSF8,E2F4,MEF,E2F
603,-0.07675555573538734,-0.09391104304834053,1,1.35106912149903,1.1640900496176403,CNTN3,RFX5,MEF,HTH
1380,-0.2384484828274451,-0.35874841498741566,0,2.66649461859052,2.3969691012748657,HOXD8,ELF1,LMC,ETS
3076,-0.367509213401688,-0.367509213401688,1,1.28085910518458,-0.005544911320817354,TOB1,PAX5,MEF,"Paired,Homeobox"
2683,-0.36394923652108524,-0.36394923652108524,1,-1.55118302925028,-1.6850120675389233,SLC10A6,EBF1,MEF,EBF
1465,-0.12424785148432936,-0.16226770650044012,1,-1.70855556177806,-0.47710515349189114,INPP4B,MAX,MEF,bHLH
2491,-0.367509213401688,-0.367509213401688,0,1.19790789367107,0.7008362494484203,RGS10,PAX5,LMC,"Paired,Homeobox"
85,-0.024333375166328407,-0.24055162484804216,0,1.31865403432304,-0.291249076046982,ADSSL1,CTCF,LMC,Zf
829,-0.3241398962390605,-0.4667786659818261,0,-1.17747353187961,-0.9052191620394706,DUT,IRF1,LMC,IRF
1466,-0.3864884434229737,-0.3864884434229737,0,2.28222195528639,1.9172620683211143,INPP5D,TCF3,LMC,HMG
1932,-0.024333375166328407,-0.24055162484804216,1,1.27590926585484,-0.859511491242078,MYRF,CTCF,MEF,Zf
552,-0.12424785148432936,-0.16226770650044012,0,-1.16553357551869,-1.1890424004456355,CHST15,MAX,LMC,bHLH
1133,-0.25726485204107,-0.25726485204107,1,3.12638806271272,0.7161391195973035,GABRB2,NRF1,MEF,NRF
426,0.12201789027868709,-0.21807786581075275,1,1.35703714806187,1.338763833087552,CCNO,BACH1,MEF,bZIP
1578,-0.2384484828274451,-0.35874841498741566,0,-2.1700677220651,-1.960707969859196,KIF2C,ELF1,LMC,ETS
2555,-0.367509213401688,-0.367509213401688,1,2.01391263556961,0.7096419554396657,RUNDC3B,PAX5,MEF,"Paired,Homeobox"
1725,-0.10243811445811093,-0.10243811445811093,0,-1.19060928486906,-0.8849974509352886,LURAP1L,TEAD4,LMC,TEA
1790,-0.15589533538605682,-0.16226770650044012,1,-2.25596917242682,-1.8019839576808476,MCM5,USF2,MEF,bHLH
3079,-0.36396349791647825,-0.22688628192079743,0,-1.7466844630856,-0.9013970482158862,TOX,STAT1,LMC,Stat
1643,-0.21040797732426292,-0.24055162484804216,1,-1.38336396197662,1.1051689462908474,LGALS3,YY1,MEF,Zf
956,-0.016679862524066426,-0.16226770650044012,0,1.40344479978975,1.6054343886223807,FABP5,MYOG,LMC,bHLH
3103,-0.2490020295772001,-0.24055162484804216,1,-2.65821541512878,-1.5277808305395786,TRIM14,GATA2,MEF,Zf
1348,0.12201789027868709,-0.21807786581075275,0,1.6180838227508,1.669754736384663,HMOX1,BACH1,LMC,bZIP
1115,-0.25726485204107,-0.25726485204107,1,1.34924024043902,0.7090217140768528,FRRS1L,NRF1,MEF,NRF
2652,-0.028028488630146852,-0.16226770650044012,1,-1.04770872945372,-1.485782004905142,SH3PXD2B,USF1,MEF,bHLH
