Gene_encoded,TF_encoded,Tissue_encoded,Actual_log2FoldChange,Predicted_log2FoldChange,Gene,TF,Tissue,TF_Family
1920,26,0,-1.51597579647074,-1.2015617061825852,MYO1B,GATA2,LMC,Zf
2784,28,0,1.22877430824847,1.1989243124716709,SMPDL3A,HNF4A,LMC,NR
1978,53,0,1.1023682648514,0.7574821721408028,NEURL3,TEAD4,LMC,TEA
1349,3,1,-1.13007346811403,-0.6588036431519565,HN1,BACH1,MEF,bZIP
960,35,1,-1.35055647048614,1.1279371401002865,FAH,MAX,MEF,bHLH
746,35,1,-1.61037548559076,-1.5299130283254212,DENND2D,MAX,MEF,bHLH
2592,29,1,-1.49631929595084,-0.7124650938555984,SCRT1,IRF1,MEF,IRF
1493,51,0,-2.80869199939464,0.046844421357004944,ITGA8,TCF12,LMC,bHLH
148,32,0,-1.1924416986184,-0.9168339840979105,ANTXR1,JUND,LMC,bZIP
835,47,1,-1.74413387692825,-1.7212865796103427,E2F7,SP1,MEF,Zf
2226,56,1,-1.27907621233407,-1.4732830751435122,PKP2,YY1,MEF,Zf
1210,11,0,1.25915763449481,0.16743463376094886,GMIP,E2F6,LMC,E2F
2060,33,0,-1.29534952869874,-0.20129578742102705,NUP62CL,MAFF,LMC,bZIP
2929,11,0,-1.14419748841923,-1.0422753353586762,TACC3,E2F6,LMC,E2F
2250,25,1,-1.29239612926271,-1.1388383522476269,PLEKHG3,GATA1,MEF,Zf
82,2,1,-2.43475960329786,-1.2980750246226433,ADRA1A,ATF3,MEF,bZIP
239,13,0,2.40094957643181,2.020655670693258,ATP1A3,EGR1,LMC,Zf
2105,24,0,-1.45018039857773,-0.9898764304137315,P4HA2,GABPA,LMC,ETS
1535,36,0,-1.32594598210786,-0.0963882995197406,KCND1,MAZ,LMC,Zf
2196,10,0,-1.22792787179975,-1.1546071777397515,PGAP3,E2F4,LMC,E2F
2780,47,0,-2.20674711365804,-0.33452051137603483,SMOC1,SP1,LMC,Zf
17,46,1,-2.9814574339715,-2.9628343147592715,ABI3,RFX5,MEF,HTH
2119,54,1,1.46288098686934,1.0319602911372994,PAPLN,USF1,MEF,bHLH
374,35,1,1.23448574205766,1.0020543487724956,CATSPER3,MAX,MEF,bHLH
3268,58,1,-1.42145752313049,-1.3575519247351442,ZYX,ZEB1,MEF,Zf
1880,13,0,-1.17965368158031,0.16527416644143478,MSI1,EGR1,LMC,Zf
240,22,0,1.60328158259357,1.5422321925003366,ATP1B1,FOXA2,LMC,Forkhead
422,47,1,-3.75573412612852,-3.738561079243407,CCNB2,SP1,MEF,Zf
2884,14,0,-2.5431578853609,-1.621713618211213,STK32B,ELF1,LMC,ETS
2368,11,1,1.61211899018847,0.5333130950996618,PTCHD1,E2F6,MEF,E2F
3107,11,1,-1.66375263504464,-0.4088029733300128,TRIM59,E2F6,MEF,E2F
2247,25,0,1.88482576744227,1.9493331360626447,PLEKHA6,GATA1,LMC,Zf
2885,46,1,-1.12147973032636,0.46526624427807417,STK32C,RFX5,MEF,HTH
2275,12,1,2.39521871662444,1.9149636770808498,PM20D2,EBF1,MEF,EBF
1494,21,1,-1.57104123309004,-1.135008563949302,ITGA9,FOXA1,MEF,Forkhead
520,34,0,-1.07484665845757,-1.0819317841974627,CENPT,MAFK,LMC,bZIP
3069,34,0,3.12334119411955,2.73678292310622,TNNI2,MAFK,LMC,bZIP
3130,12,0,1.17286507479837,1.11629532794177,TSPAN33,EBF1,LMC,EBF
3114,0,1,-3.24269386734528,-1.0869489166338768,TROAP,ATF1,MEF,bZIP
2729,50,0,3.23927313893964,1.6831204453496664,SLC30A2,STAT3,LMC,Stat
671,46,1,1.80514834363837,0.6543944027892205,CSRNP3,RFX5,MEF,HTH
1582,3,0,1.20216022419982,0.9816128606303154,KIF9,BACH1,LMC,bZIP
2259,60,0,-1.82009132599226,-1.587333894857399,PLK1,ZNF263,LMC,Zf
1110,3,1,-1.52273265121026,-0.3129708400144809,FRMD4B,BACH1,MEF,bZIP
3236,23,0,1.14579429923485,1.0383227209445387,WWP1,FOXM1,LMC,Forkhead
766,49,1,-1.28852826885294,-1.248960129291683,DLL1,STAT1,MEF,Stat
2830,7,1,2.2287125275182,1.1457840535092858,SPEF2,CTCF,MEF,Zf
2616,34,0,-1.1018521339641,-1.1163834180048307,SEMA6C,MAFK,LMC,bZIP
2715,35,1,1.16918833674438,-0.42432953771868415,SLC25A35,MAX,MEF,bHLH
2177,20,0,-1.03900312371046,-0.7765926184976462,PDIA5,FOSL2,LMC,bZIP
852,35,1,-1.24569712012711,-1.8165891843868798,EDNRA,MAX,MEF,bHLH
232,3,0,-2.12556806125941,-1.5837763708106285,ASTN2,BACH1,LMC,bZIP
2471,7,0,-1.34608427400044,-0.4040690973788426,RBM46,CTCF,LMC,Zf
808,44,1,2.35644225333158,2.0118052781462685,DPYD,PBX3,MEF,Homeobox
2196,51,1,-1.48538119052124,-0.8875892492559422,PGAP3,TCF12,MEF,bHLH
1953,56,1,-6.35980245271941,-5.894294001301271,NCF2,YY1,MEF,Zf
3061,37,0,1.02514171178658,1.0060551175604893,TNFRSF19,MEF2A,LMC,MADS
332,19,0,3.6447648160557,1.8891443933844962,C3,FOS,LMC,bZIP
3243,53,0,-1.12058662060011,-1.0309540492318647,YBX3,TEAD4,LMC,TEA
336,6,1,1.16696244426801,0.9093596278062295,CABLES1,BHLHE40,MEF,bHLH
2515,12,1,1.12637943260805,-1.408996439704266,RND1,EBF1,MEF,EBF
759,6,0,-1.00993525857208,-0.932897801160811,DIXDC1,BHLHE40,LMC,bHLH
2296,42,1,-3.99984604222538,-2.5261479814770844,POU2F2,NRF1,MEF,NRF
383,51,0,1.1674313896049,1.073573775673818,CCDC114,TCF12,LMC,bHLH
3179,51,1,1.71563407361394,-1.50282323701173,UPK3BL,TCF12,MEF,bHLH
2919,34,1,3.40778923750802,1.8927282007465172,SYT4,MAFK,MEF,bZIP
80,43,0,-1.85487740745499,-1.7702942270189175,ADORA2B,PAX5,LMC,"Paired,Homeobox"
1119,29,1,-1.79198407984428,0.830579536096075,FST,IRF1,MEF,IRF
2502,49,0,-1.53561175560559,-1.4670581910901572,RHOF,STAT1,LMC,Stat
2548,27,1,1.5667648913633,0.8005494811797422,RSPO3,GATA3,MEF,Zf
1054,19,1,1.1716865224164,1.2742179115418215,FGF18,FOS,MEF,bZIP
1219,58,0,2.02429077604181,1.2841412728522925,GNGT2,ZEB1,LMC,Zf
1727,21,0,-1.8059852208024,-1.2741915335756757,LY75,FOXA1,LMC,Forkhead
883,7,0,-1.77841332512068,-1.5572051768217516,ELOVL6,CTCF,LMC,Zf
601,55,1,-1.36483145323022,-1.258318680932281,CNTFR,USF2,MEF,bHLH
1523,35,1,3.35904019245237,2.097865092741323,KCNA1,MAX,MEF,bHLH
2709,55,1,1.18981073501354,-0.34248469022562733,SLC22A18,USF2,MEF,bHLH
2638,20,0,1.35708014255884,0.9767757275950385,SGK3,FOSL2,LMC,bZIP
265,54,0,-1.12473692026766,-0.45877244833262437,BAG2,USF1,LMC,bHLH
1315,10,1,-3.37453681527639,-1.7227951683129552,HCAR2,E2F4,MEF,E2F
2831,55,0,-1.23443575155555,-1.1766905244694608,SPHK1,USF2,LMC,bHLH
1400,14,1,3.61114568347972,3.1970462943617624,HSPB2,ELF1,MEF,ETS
454,39,1,-5.47756028778316,-5.477560287783156,CD68,MYB,MEF,HTH
3060,29,1,-1.68245131894634,-1.2684125958877461,TNFRSF14,IRF1,MEF,IRF
1481,14,1,2.32183354628202,1.5400946612495816,IRX3,ELF1,MEF,ETS
437,42,1,-3.02094555577651,-3.4816901501498547,CD22,NRF1,MEF,NRF
2616,55,0,-1.1018521339641,-1.1390553440252282,SEMA6C,USF2,LMC,bHLH
1371,7,1,3.72665701018455,2.5204213934080517,HOXC10,CTCF,MEF,Zf
2114,35,1,1.64934591944947,1.7075010386839296,PAK6,MAX,MEF,bHLH
1224,14,0,-2.2646875579569,-0.9555224522418164,GP1BB,ELF1,LMC,ETS
311,1,1,-1.15853737122107,-1.1639422491200206,BRIP1,ATF2,MEF,bZIP
791,27,0,-1.80214698809254,-0.07725839923262516,DNM3OS,GATA3,LMC,Zf
3237,17,0,1.81714224773345,1.5930229835116796,XDH,ETS1,LMC,ETS
473,35,0,-1.72477055854409,-1.72477055854409,CDCA2,MAX,LMC,bHLH
566,15,0,-1.1170682511222,-1.1324957182748583,CKS2,ELK1,LMC,ETS
1457,46,1,1.72835053747912,1.9207746155903362,IL33,RFX5,MEF,HTH
1771,16,0,1.03693296913821,1.9726552021568389,MARVELD2,ELK4,LMC,ETS
1900,54,1,-2.16305225779513,-1.1460610538239604,MXD3,USF1,MEF,bHLH
1372,26,1,3.7981416382393,3.766170848481322,HOXC11,GATA2,MEF,Zf
2517,60,0,-3.74593415862664,-2.619951327855495,RNF144A,ZNF263,LMC,Zf
142,15,1,-1.0540168366728,-1.6764811890623124,ANKRD37,ELK1,MEF,ETS
516,23,1,-2.19308549025505,-2.1930854902550476,CENPM,FOXM1,MEF,Forkhead
1582,43,0,1.20216022419982,1.2053186606144863,KIF9,PAX5,LMC,"Paired,Homeobox"
1337,29,1,1.9967466068813,1.380473405384444,HIST2H2AC,IRF1,MEF,IRF
2984,27,1,-1.3954703281283,-1.1554753357982364,TIMELESS,GATA3,MEF,Zf
1577,44,1,-1.29232054600738,-1.9976467744717532,KIF27,PBX3,MEF,Homeobox
2914,41,1,3.80336753378648,2.7311027227125106,SYNM,NANOG,MEF,Homeobox
1890,16,1,-1.43423442580284,-0.6925157965535041,MTFR2,ELK4,MEF,ETS
1182,36,0,1.17625315120143,0.14898930238818708,GGCT,MAZ,LMC,Zf
129,19,1,-1.5233402242796,-0.411275575348442,AMPH,FOS,MEF,bZIP
469,11,0,-1.08880876245464,-1.08880876245464,CDC42EP4,E2F6,LMC,E2F
2503,29,0,2.10914485869591,0.21387141925912992,RHOH,IRF1,LMC,IRF
1027,57,0,-1.68739723753101,-1.6063267530371945,FBN1,ZBTB33,LMC,Zf
557,44,1,-1.80418951019616,-0.8240824761479593,CHTF18,PBX3,MEF,Homeobox
1138,7,0,1.17692252323497,0.5036458260086465,GALC,CTCF,LMC,Zf
1454,14,0,2.20081236659231,1.5503353860381512,IL21R,ELF1,LMC,ETS
1570,33,1,-2.64838673861431,-2.419160869538425,KIF20A,MAFF,MEF,bZIP
843,43,1,-4.62149320499293,-3.2723506621395417,EBI3,PAX5,MEF,"Paired,Homeobox"
3049,7,1,1.40901955346108,0.5121200662143451,TMOD1,CTCF,MEF,Zf
1569,52,1,-1.7053662137862,-2.1454835614248213,KIF18B,TCF3,MEF,HMG
1617,19,0,1.53159191713736,1.258068340437669,LAMA3,FOS,LMC,bZIP
3027,7,0,2.0194569382354,1.008580290160585,TMEM184A,CTCF,LMC,Zf
2437,56,1,-1.72044902732915,-1.5370065199449763,RAET1E,YY1,MEF,Zf
3011,27,0,-2.66844146682901,-1.4325547405214782,TMEM121,GATA3,LMC,Zf
3051,17,1,1.32077569485417,0.1409530147373163,TMX2,ETS1,MEF,ETS
1643,20,1,-1.38336396197662,-1.468094521019979,LGALS3,FOSL2,MEF,bZIP
1864,25,1,-1.10976590286922,-0.3337916426592492,MOV10,GATA1,MEF,Zf
3250,17,0,-2.44277508235194,-2.4271137343669116,ZC3HAV1L,ETS1,LMC,ETS
1347,29,0,-2.04350465931052,-1.6048359468543218,HMMR,IRF1,LMC,IRF
2551,46,0,-1.05240961924625,-0.9067864915476211,RTN4R,RFX5,LMC,HTH
1502,53,1,2.00353684426726,1.0996400432706144,ITIH2,TEAD4,MEF,TEA
91,6,0,-1.06859955874471,-0.4122532277638915,AGPAT9,BHLHE40,LMC,bHLH
2505,57,0,1.90830758048252,1.9127498956507278,RHPN2,ZBTB33,LMC,Zf
2090,20,1,1.48097195977724,0.46944030239811524,OSBPL3,FOSL2,MEF,bZIP
1881,12,1,1.05245446159028,1.6474717614635017,MSI2,EBF1,MEF,EBF
838,36,1,1.09105532919989,-0.7715852833760246,EAF2,MAZ,MEF,Zf
2514,19,0,1.36002626195056,1.246248021020558,RNASEL,FOS,LMC,bZIP
1711,60,0,1.47996043864215,1.1501757027186559,LRRN4,ZNF263,LMC,Zf
3163,24,0,2.11154611974576,2.0545230716074494,UBXN10,GABPA,LMC,ETS
1348,42,0,1.6180838227508,1.3299019707857476,HMOX1,NRF1,LMC,NRF
2812,3,1,1.62440533771167,0.8830278932170286,SOX5,BACH1,MEF,bZIP
2325,53,1,-1.04548300293303,-1.1637797235751695,PRDM1,TEAD4,MEF,TEA
185,55,0,1.22609652976325,1.3480995372423754,ARHGAP29,USF2,LMC,bHLH
2213,17,0,1.87203016124587,1.6985936210681947,PIK3CG,ETS1,LMC,ETS
778,41,1,1.15771367310752,0.6597111337687815,DNAH12,NANOG,MEF,Homeobox
1345,19,0,1.8553451527435,1.3256374353170854,HMGCS2,FOS,LMC,bZIP
391,24,0,-1.06623168509166,-0.714659957218812,CCDC159,GABPA,LMC,ETS
833,3,1,1.3486774228937,0.9339545908184541,DZANK1,BACH1,MEF,bZIP
2929,34,0,-1.14419748841923,-1.0984312275508303,TACC3,MAFK,LMC,bZIP
817,40,1,2.49731281468413,1.8551537955926045,DSP,MYOG,MEF,bHLH
2991,10,0,-1.39196377773408,-1.4060753938466926,TLCD1,E2F4,LMC,E2F
1941,32,0,1.87583189367755,1.3017074144099245,NAT8L,JUND,LMC,bZIP
1402,43,0,1.76983656065279,1.4342985073723178,HSPB7,PAX5,LMC,"Paired,Homeobox"
341,32,1,1.75922937474222,1.480266286202395,CACNA1H,JUND,MEF,bZIP
1739,55,0,2.47131227666043,2.13695856653906,M1AP,USF2,LMC,bHLH
2353,59,1,-1.6450821104451,-0.47847509537027655,PRSS27,ZKSCAN1,MEF,Zf
2400,32,1,1.03281487661586,-0.6236756951097375,PXDC1,JUND,MEF,bZIP
640,51,0,2.11324837146368,1.6051742542762613,CPNE7,TCF12,LMC,bHLH
1582,11,1,1.09834515514093,0.8937496797611444,KIF9,E2F6,MEF,E2F
2268,16,0,1.42413422288827,1.3592398479914618,PLTP,ELK4,LMC,ETS
2402,34,0,1.58111116420939,1.1821973861230752,PYCARD,MAFK,LMC,bZIP
1745,42,0,2.6302950683987,2.6237696002709043,MAK,NRF1,LMC,NRF
3135,40,1,2.0600675067476,2.1713309867387163,TTC34,MYOG,MEF,bHLH
885,55,1,-2.33876283152591,-1.6222423072660785,EME1,USF2,MEF,bHLH
1499,35,0,1.62077196013722,1.65134904888708,ITGB4,MAX,LMC,bHLH
2564,5,1,-1.20488236911413,-0.22442361613437878,S1PR2,BCL11A,MEF,Zf
1107,35,1,-2.7700119198832,2.1455290373254328,FOXS1,MAX,MEF,bHLH
2770,44,1,-1.570462176705,-1.2453563993201504,SLIT3,PBX3,MEF,Homeobox
1955,47,1,-8.00620334637104,-7.222373535553398,NCKAP1L,SP1,MEF,Zf
818,36,1,-2.16450188489231,-0.9515517660279129,DTL,MAZ,MEF,Zf
556,40,0,-1.5919068964405,-1.5212337576612975,CHSY3,MYOG,LMC,bHLH
836,52,1,-2.76164814143304,-1.9457758395379505,E2F8,TCF3,MEF,HMG
2537,1,1,-1.8166341585174,-1.078431290476283,RPS6KA1,ATF2,MEF,bZIP
3049,3,1,1.40901955346108,0.4879419765454124,TMOD1,BACH1,MEF,bZIP
1117,33,1,1.11413412921778,1.1623557080780769,FSBP,MAFF,MEF,bZIP
333,2,1,-8.29781815619164,-7.46014353327608,C3AR1,ATF3,MEF,bZIP
1788,14,1,-1.18921853477002,-1.367846688777417,MCM2,ELF1,MEF,ETS
1424,3,0,1.82002858047698,1.6581216425939391,IGFBP6,BACH1,LMC,bZIP
1468,15,1,3.66333018693737,1.298548723594966,INSC,ELK1,MEF,ETS
1182,10,1,1.28941918021194,0.7394794289797874,GGCT,E2F4,MEF,E2F
1978,52,1,-1.51596673113993,-1.4774682843008193,NEURL3,TCF3,MEF,HMG
2477,50,1,1.46967424150988,1.025625142561489,RCAN2,STAT3,MEF,Stat
2853,17,1,-3.39538592314641,-3.277166274079243,SRGN,ETS1,MEF,ETS
927,11,1,1.40396646353209,0.8606478059541699,ESYT3,E2F6,MEF,E2F
1490,16,1,1.27075279553544,0.3233605851914817,ITGA3,ELK4,MEF,ETS
2432,24,1,-1.5926751107119,-1.5472564219115474,RAD51AP1,GABPA,MEF,ETS
419,29,1,-1.01212708968367,-1.0291769282956873,CCM2,IRF1,MEF,IRF
112,50,1,-2.59508271988114,-1.0394950310728486,ALDH1L1,STAT3,MEF,Stat
1059,21,1,-1.30648104502404,-1.1564713599761411,FGFR1,FOXA1,MEF,Forkhead
2967,29,0,1.18376831365094,0.820042588057883,TFR2,IRF1,LMC,IRF
2764,10,0,1.80329251657958,1.781967044244279,SLC9A9,E2F4,LMC,E2F
3263,43,0,1.13114050892096,1.0840743897682819,ZMYND15,PAX5,LMC,"Paired,Homeobox"
522,20,0,1.26401131755558,1.12367983899479,CENPV,FOSL2,LMC,bZIP
1909,50,1,-1.00556299743777,-0.38334935737242726,MYH9,STAT3,MEF,Stat
2118,29,1,2.04572925803728,0.13568849627883964,PANX2,IRF1,MEF,IRF
1620,45,1,-1.28789219699444,-0.34422760944123953,LAMC1,PRDM1,MEF,Zf
1338,36,0,1.37703027394907,1.252916820851075,HIVEP3,MAZ,LMC,Zf
790,25,0,1.49979232189584,1.4236707256110777,DNM1,GATA1,LMC,Zf
3183,19,0,1.36921240634688,1.3381116291638364,USP53,FOS,LMC,bZIP
123,34,1,3.14711245456921,2.371461860776398,ALX3,MAFK,MEF,bZIP
2765,47,1,-1.43101148114046,-1.4088057652165438,SLC9B2,SP1,MEF,Zf
2161,8,0,-1.1138012149019,-1.445661911449214,PCYT1B,CUX1,LMC,Homeobox
3136,32,1,1.7476052716644,1.547870321573466,TTC9,JUND,MEF,bZIP
2556,44,0,-1.45797176559289,1.4805927458077275,RUNX1T1,PBX3,LMC,Homeobox
7,35,1,1.0734799280097,0.594874305390207,ABCA4,MAX,MEF,bHLH
1884,1,1,-1.01986887113406,-0.18365275124676525,MSRA,ATF2,MEF,bZIP
2057,5,1,-2.89490675475079,-0.7748895374100471,NUF2,BCL11A,MEF,Zf
1235,7,1,-2.76295988768949,1.5313441945751833,GPR116,CTCF,MEF,Zf
2630,59,0,-1.44351784351916,-0.6151583350723421,SETBP1,ZKSCAN1,LMC,Zf
2249,3,1,1.15271259876003,0.17814894174608686,PLEKHG1,BACH1,MEF,bZIP
2172,26,1,-1.41279192676736,-0.9089169772366416,PDGFB,GATA2,MEF,Zf
2746,19,1,-2.01702441602196,-2.1478195700367047,SLC43A3,FOS,MEF,bZIP
1402,33,0,1.76983656065279,1.1297876777131137,HSPB7,MAFF,LMC,bZIP
2341,13,1,-1.59755774619729,-0.45666969356970566,PROKR2,EGR1,MEF,Zf
405,35,0,1.92687097105118,1.5991115308262578,CCDC88B,MAX,LMC,bHLH
967,3,1,1.34333641556762,-0.292463522628773,FAM124A,BACH1,MEF,bZIP
1578,12,1,-2.99731913601115,-1.913932975851428,KIF2C,EBF1,MEF,EBF
2203,49,0,-1.61451187747247,-1.1781913393118233,PHF19,STAT1,LMC,Stat
3261,59,1,1.07594447809791,0.6951133156151813,ZKSCAN4,ZKSCAN1,MEF,Zf
2904,58,1,1.50654859946233,1.148074652078243,SV2B,ZEB1,MEF,Zf
3211,19,0,-1.06067198792734,-0.3275770377904862,WASF3,FOS,LMC,bZIP
1905,44,0,-3.56228488230399,-2.7655363774861343,MYCT1,PBX3,LMC,Homeobox
2977,2,0,-1.92087742808799,-1.2532244402625077,THBS3,ATF3,LMC,bZIP
762,25,0,1.09464442057264,1.0946444205726407,DLEU2,GATA1,LMC,Zf
1050,57,0,-1.24638153747185,-1.3894301929909694,FGF11,ZBTB33,LMC,Zf
2245,46,1,1.39513960986858,0.44085663827137395,PLEK2,RFX5,MEF,HTH
2699,6,0,-1.13247654437372,-1.0181027669917464,SLC16A3,BHLHE40,LMC,bHLH
1756,13,0,-2.37201651279144,-2.391403304559427,MAOB,EGR1,LMC,Zf
2181,46,1,-1.00301611853457,-1.0093990957572787,PDXK,RFX5,MEF,HTH
1562,51,0,-1.33389002552835,-1.297277081498595,KCTD8,TCF12,LMC,bHLH
5,32,1,-1.42809644144407,-0.04162018412346574,ABCA12,JUND,MEF,bZIP
2929,6,0,-1.14419748841923,-0.960766287276965,TACC3,BHLHE40,LMC,bHLH
2291,1,1,-1.99697349643266,0.31936696471549947,POLE2,ATF2,MEF,bZIP
605,12,0,-1.07984003641775,-1.363893882961104,CNTROB,EBF1,LMC,EBF
1725,50,0,-1.19060928486906,-1.3286148393396007,LURAP1L,STAT3,LMC,Stat
1932,17,0,1.71830105384146,0.9349387924845602,MYRF,ETS1,LMC,ETS
2452,14,0,1.99174899636394,1.9308677498230304,RASAL3,ELF1,LMC,ETS
1992,27,1,1.44923868568797,0.5490578025572723,NIPAL2,GATA3,MEF,Zf
1891,7,0,-1.28051428954918,-1.0552123091235963,MTHFD1L,CTCF,LMC,Zf
1145,42,0,2.0527973309061,-0.1545686413346299,GALNT6,NRF1,LMC,NRF
557,43,0,-1.43008297365315,-1.4095065650994403,CHTF18,PAX5,LMC,"Paired,Homeobox"
2769,55,0,2.09820679159257,1.818176445720215,SLFN5,USF2,LMC,bHLH
2914,7,1,3.80336753378648,2.133779692507437,SYNM,CTCF,MEF,Zf
2027,14,0,1.55999031126305,-0.5161751253658629,NPTX1,ELF1,LMC,ETS
3100,41,0,2.85923733343565,0.6085218859943631,TRH,NANOG,LMC,Homeobox
998,51,0,-1.495435769864,-1.4378047820633792,FAM46B,TCF12,LMC,bHLH
1923,12,1,-6.19711798535676,-5.55180800985054,MYO1G,EBF1,MEF,EBF
515,57,1,-1.48399593144254,-1.5720547574030557,CENPK,ZBTB33,MEF,Zf
585,57,0,1.67296122995437,1.6729612299543686,CLU,ZBTB33,LMC,Zf
1495,56,0,2.79700636427882,1.2246203679653487,ITGAL,YY1,LMC,Zf
2532,14,1,4.40786903897978,0.7145758461098904,RORC,ELF1,MEF,ETS
3153,36,1,-1.20854866679605,-1.4389305680725426,TWIST2,MAZ,MEF,Zf
3186,36,1,-1.92621282947448,-2.092600378632024,VANGL2,MAZ,MEF,Zf
2412,15,1,-2.13156977238491,-0.7912165282175627,RAB19,ELK1,MEF,ETS
1753,34,1,-1.17597499133754,-1.1489854212200092,MANBA,MAFK,MEF,bZIP
427,19,1,1.17430399831869,1.1779586613135549,CCPG1,FOS,MEF,bZIP
2950,52,0,1.15119818356183,0.9822082194556135,TCIRG1,TCF3,LMC,HMG
1408,29,0,-1.06100170496001,-1.0473179514043944,ICA1,IRF1,LMC,IRF
1497,21,0,2.00198261548205,1.995010451137295,ITGB2,FOXA1,LMC,Forkhead
173,6,0,4.20904927163551,3.1294493979658147,AQP5,BHLHE40,LMC,bHLH
1764,33,1,1.71906055641628,0.9504993526832618,MAP7,MAFF,MEF,bZIP
1178,47,0,-1.42420978182455,-0.9462157918852442,GEN1,SP1,LMC,Zf
821,2,1,-1.13824406119575,0.4308435599239779,DTX4,ATF3,MEF,bZIP
617,21,1,3.45728372810024,0.5137818721011196,COL2A1,FOXA1,MEF,Forkhead
944,29,1,-1.00394440145578,-0.10856154542166753,EZH2,IRF1,MEF,IRF
2933,55,1,-1.95592310103042,-0.39312396117494813,TAGLN2,USF2,MEF,bHLH
59,13,0,-1.31058200156496,-1.3082925077800596,ADAMTS2,EGR1,LMC,Zf
2526,1,1,1.94027712823424,0.30778905940192663,RNF43,ATF2,MEF,bZIP
482,43,1,2.02751559025939,1.9525082803067844,CDH17,PAX5,MEF,"Paired,Homeobox"
2867,57,0,1.85982327350458,0.9294946327896298,ST8SIA4,ZBTB33,LMC,Zf
1125,53,1,2.88515044137907,1.0986312484975211,FUT9,TEAD4,MEF,TEA
1509,24,1,-1.44881067617991,-1.1771793714514398,JADE1,GABPA,MEF,ETS
580,9,0,1.31839983318869,1.3645441291530278,CLMN,E2F1,LMC,E2F
3217,2,0,1.18761457019747,1.4577225495622361,WDR91,ATF3,LMC,bZIP
3252,32,1,-1.30944351629506,-1.5353907024481677,ZDHHC14,JUND,MEF,bZIP
2370,7,1,1.7110711107885,1.7179593822463974,PTGDR2,CTCF,MEF,Zf
2979,25,0,2.03543776530744,-0.23690947325932787,THEMIS2,GATA1,LMC,Zf
1649,43,1,1.67637298911309,-1.0854765478554536,LHFPL1,PAX5,MEF,"Paired,Homeobox"
2358,35,0,-1.32666189066918,-0.07996613382289976,PRTG,MAX,LMC,bHLH
2153,49,0,-1.51740049418196,-0.832413153879854,PCLO,STAT1,LMC,Stat
3220,52,1,-1.28295260221365,1.389559539985493,WIPF1,TCF3,MEF,HMG
563,8,1,-3.27232018490678,-2.8007906482593485,CKAP2L,CUX1,MEF,Homeobox
3018,56,1,-3.1052722091021,-0.6669087844632834,TMEM156,YY1,MEF,Zf
2430,19,1,-1.31416017052017,-1.3525266924281316,RACGAP1,FOS,MEF,bZIP
349,35,1,3.2974133062062,3.0654345990001715,CADM2,MAX,MEF,bHLH
1693,1,1,-4.99758855508105,-2.0073923781096736,LRMP,ATF2,MEF,bZIP
3165,24,1,-2.38129196365162,-2.395697775321909,UCP2,GABPA,MEF,ETS
159,49,1,-1.38028441051787,-1.382806436308139,APBB1IP,STAT1,MEF,Stat
2726,12,0,1.94893923934692,1.6768319016113822,SLC2A3,EBF1,LMC,EBF
1508,11,0,3.50220835498791,3.0051744515380814,IZUMO1,E2F6,LMC,E2F
2831,60,0,-1.23443575155555,-0.9743904302981689,SPHK1,ZNF263,LMC,Zf
2950,15,0,1.15119818356183,1.1340468699319644,TCIRG1,ELK1,LMC,ETS
2537,57,1,-1.8166341585174,-0.539980417991859,RPS6KA1,ZBTB33,MEF,Zf
2031,7,1,1.6603360818878,1.0892895205348894,NQO1,CTCF,MEF,Zf
2773,35,0,-1.30007760641789,0.6690926962895791,SLITRK5,MAX,LMC,bHLH
986,55,0,-2.57188756497958,-1.4455275369890044,FAM198A,USF2,LMC,bHLH
1966,50,1,2.59471853436988,1.8939583021408064,NEBL,STAT3,MEF,Stat
41,33,1,-1.29710351150971,-1.2971035115097107,ACTN3,MAFF,MEF,bZIP
1775,35,0,-1.29454940292656,-1.3148469527020592,MASTL,MAX,LMC,bHLH
515,12,1,-1.48399593144254,-1.4839959314425406,CENPK,EBF1,MEF,EBF
335,2,0,2.32346443077676,0.9952705535702868,C5AR2,ATF3,LMC,bZIP
972,7,1,1.65024443617622,1.7126420659711394,FAM154B,CTCF,MEF,Zf
2454,15,0,2.25969313283064,2.222349497409183,RASEF,ELK1,LMC,ETS
2014,27,1,1.46367070692664,0.6528609785179165,NOS1AP,GATA3,MEF,Zf
3176,10,1,-3.54813444764473,-1.741257188520655,UNC93B1,E2F4,MEF,E2F
1932,43,1,1.27590926585484,1.4591430900718896,MYRF,PAX5,MEF,"Paired,Homeobox"
2437,47,1,-1.72044902732915,-1.4854280233799293,RAET1E,SP1,MEF,Zf
1012,36,1,1.78692440865319,1.6498286328280207,FAM83G,MAZ,MEF,Zf
1385,10,1,-3.20156166711651,-2.8765951453448,HPGD,E2F4,MEF,E2F
62,36,0,-1.72005964675759,-1.477968144682739,ADAMTS6,MAZ,LMC,Zf
3124,6,0,-1.26446182500203,-0.9363670396404534,TSLP,BHLHE40,LMC,bHLH
1,60,1,1.17403180056416,0.814427009789157,A4GALT,ZNF263,MEF,Zf
2639,7,1,1.44337984031243,-0.171810138148893,SGMS2,CTCF,MEF,Zf
2725,8,0,1.14130727579286,1.1766476556825423,SLC2A13,CUX1,LMC,Homeobox
383,42,0,1.1674313896049,1.120600938283136,CCDC114,NRF1,LMC,NRF
1400,53,1,3.61114568347972,2.6587145808700297,HSPB2,TEAD4,MEF,TEA
831,24,1,1.24284518660575,1.0326391133017983,DYNC2LI1,GABPA,MEF,ETS
665,51,1,-4.44217521118845,-3.8614702037191666,CSF2RB,TCF12,MEF,bHLH
2815,53,0,1.37221217618403,1.2782610945974424,SP100,TEAD4,LMC,TEA
317,56,0,1.98250644378338,0.4032600055429421,BTK,YY1,LMC,Zf
180,33,0,1.09118038613016,1.0519237442029223,ARHGAP18,MAFF,LMC,bZIP
454,27,1,-5.47756028778316,-5.477560287783156,CD68,GATA3,MEF,Zf
529,60,1,1.21345195946999,0.9559827642634684,CETN2,ZNF263,MEF,Zf
540,1,0,-1.21082079687174,-0.6840175389689271,CHD3,ATF2,LMC,bZIP
764,22,0,-2.00952580156248,-0.9127329623389034,DLGAP5,FOXA2,LMC,Forkhead
2601,16,0,-1.33009891228235,-1.3750318820022371,SEC14L5,ELK4,LMC,ETS
2704,49,0,-1.40649818857836,-1.4010177556942673,SLC17A9,STAT1,LMC,Stat
142,12,1,-1.0540168366728,-2.052513806727698,ANKRD37,EBF1,MEF,EBF
3151,46,1,1.63583562988891,0.6197987173427982,TULP2,RFX5,MEF,HTH
1616,36,1,-2.81083980719423,-1.9847788501454549,LAMA2,MAZ,MEF,Zf
1398,5,1,1.08451053955341,1.0760009899251874,HSPA4L,BCL11A,MEF,Zf
2748,35,1,-1.52946251480257,-1.8394089049826834,SLC44A3,MAX,MEF,bHLH
1939,3,1,1.0546966217877,0.5911353991199644,NAPB,BACH1,MEF,bZIP
1119,3,1,-1.79198407984428,1.2426526697503235,FST,BACH1,MEF,bZIP
1463,43,1,-1.11626598764505,-0.5446583387888612,INCENP,PAX5,MEF,"Paired,Homeobox"
3026,19,0,1.20604148876069,0.9179204879410556,TMEM180,FOS,LMC,bZIP
1236,11,0,-1.53518875879138,-1.5284099908251492,GPR124,E2F6,LMC,E2F
1304,35,0,1.79557860486575,0.8366042227107198,GUCY1A3,MAX,LMC,bHLH
900,51,1,1.44269937541347,1.182223318085163,ENPP5,TCF12,MEF,bHLH
2747,42,0,1.18552058951319,1.225030998716454,SLC44A1,NRF1,LMC,NRF
832,19,1,-1.02758094939115,0.2068803199538094,DYSF,FOS,MEF,bZIP
2417,20,0,1.17019220465761,0.8416201761710811,RAB27B,FOSL2,LMC,bZIP
336,13,1,1.16696244426801,1.1105005784249067,CABLES1,EGR1,MEF,Zf
1182,49,1,1.28941918021194,1.778603928588394,GGCT,STAT1,MEF,Stat
1530,15,0,1.63913234858528,1.649911150472718,KCNAB2,ELK1,LMC,ETS
863,51,1,-1.63010567722292,-0.40879050184943927,EFNA2,TCF12,MEF,bHLH
2265,59,1,3.7187952311286,2.46163275056793,PLS1,ZKSCAN1,MEF,Zf
1588,51,0,-2.56633169713976,-2.531301205297458,KLF12,TCF12,LMC,bHLH
1433,13,1,-5.31673355480913,-4.1909932699576125,IKZF1,EGR1,MEF,Zf
332,6,0,3.6447648160557,0.42016200353132716,C3,BHLHE40,LMC,bHLH
2743,55,0,1.463380371895,1.4633394729747224,SLC40A1,USF2,LMC,bHLH
1326,17,1,1.7722064028103,1.3780995755739107,HERC3,ETS1,MEF,ETS
2645,56,0,1.90813328229963,1.9046077574779372,SH2D4B,YY1,LMC,Zf
2054,24,1,1.67996520029264,1.1495910583514668,NUCB2,GABPA,MEF,ETS
336,59,1,1.16696244426801,-0.3707126092311502,CABLES1,ZKSCAN1,MEF,Zf
755,12,0,-1.06742983380829,-0.8834941865467519,DHFR,EBF1,LMC,EBF
1020,10,1,-2.39916833398153,-0.9264684141312016,FAT3,E2F4,MEF,E2F
1143,32,1,2.77782967795664,2.7096782728462636,GALNT3,JUND,MEF,bZIP
3050,3,1,1.4297026333142,0.519716332915426,TMTC1,BACH1,MEF,bZIP
341,51,0,-1.25938563071944,1.1582000129853673,CACNA1H,TCF12,LMC,bHLH
1361,60,0,-2.019109627983,-1.6420744312073594,HOXA6,ZNF263,LMC,Zf
600,32,1,-1.02011348438515,-0.5799827701361315,CNRIP1,JUND,MEF,bZIP
2985,52,0,1.18351069680431,1.0346402001843682,TIMP1,TCF3,LMC,HMG
303,53,1,1.45646153834468,1.450829954617373,BMP8B,TEAD4,MEF,TEA
1130,10,1,1.37162439981289,0.9646791724595581,FZD9,E2F4,MEF,E2F
496,51,0,-1.45528793892123,-1.2517337282816445,CDKN3,TCF12,LMC,bHLH
2162,24,1,-1.32842226091202,-1.2120295121903704,PDE10A,GABPA,MEF,ETS
3194,50,1,-2.78668694486666,-1.8797073365137,VCAN,STAT3,MEF,Stat
217,6,0,-1.57740280110919,-1.536025807319683,ART4,BHLHE40,LMC,bHLH
68,32,0,2.27014315431646,0.7505733632687074,ADAP2,JUND,LMC,bZIP
3011,24,0,-2.66844146682901,-1.5320106296934888,TMEM121,GABPA,LMC,ETS
216,52,1,3.12962584486479,2.6579016412737446,ART3,TCF3,MEF,HMG
1770,17,0,3.06860728912604,2.5537398147872943,MARCO,ETS1,LMC,ETS
526,32,0,-1.55044439537775,-1.5504443953777514,CEP72,JUND,LMC,bZIP
895,7,0,-2.74176093683303,-2.3387643416945036,ENO3,CTCF,LMC,Zf
2915,36,1,1.25087463513992,2.2513508987627886,SYNPO,MAZ,MEF,Zf
2327,3,0,-1.74138188130689,0.5918187371375309,PRDM6,BACH1,LMC,bZIP
290,60,0,-1.33568769480773,-1.2387488941263074,BGN,ZNF263,LMC,Zf
2275,3,0,1.06002019022503,1.3197670581562233,PM20D2,BACH1,LMC,bZIP
1492,51,0,2.43217173733931,1.3094850971118643,ITGA7,TCF12,LMC,bHLH
1814,1,1,1.05357159098522,0.43423579116585276,METTL21A,ATF2,MEF,bZIP
678,14,0,1.30007498000597,-0.001712298068551572,CTDSPL,ELF1,LMC,ETS
2309,11,1,-2.02272215179299,-0.9643573291049665,PPL,E2F6,MEF,E2F
1591,20,1,1.24681343695408,1.248749274242991,KLF9,FOSL2,MEF,bZIP
1579,15,0,1.28112113456646,1.281121134566461,KIF3A,ELK1,LMC,ETS
2815,43,1,-2.19314508406099,-2.3817909372362758,SP100,PAX5,MEF,"Paired,Homeobox"
906,3,0,-1.47598741093167,-1.3066966441831978,EPHA4,BACH1,LMC,bZIP
1481,11,1,2.32183354628202,2.6564176375154345,IRX3,E2F6,MEF,E2F
1619,32,0,1.98706341170144,1.7350532917181951,LAMB3,JUND,LMC,bZIP
1154,10,1,1.83281518322755,0.8915317852126177,GATA3,E2F4,MEF,E2F
2880,11,0,1.62372781467083,-0.5009661226935138,STEAP4,E2F6,LMC,E2F
1420,34,1,-1.15452140562588,-1.1287137815841328,IGF2BP2,MAFK,MEF,bZIP
1865,27,1,1.14781830061223,0.47656447194419566,MPC1,GATA3,MEF,Zf
3085,47,0,-2.45217469460679,-2.3291049903677856,TPM2,SP1,LMC,Zf
1215,12,0,-1.04714678478155,-1.0543621192958386,GNG10,EBF1,LMC,EBF
1717,15,0,-1.25931102077003,-0.919449658786101,LSP1,ELK1,LMC,ETS
1889,53,1,1.99762607766114,0.6211121722740581,MT3,TEAD4,MEF,TEA
316,3,1,1.64164033995591,-1.4895083242961358,BTC,BACH1,MEF,bZIP
203,20,1,-5.6908155229685,-5.595361510740974,ARL11,FOSL2,MEF,bZIP
2328,41,0,1.68357693735779,1.2185297447129182,PRDX1,NANOG,LMC,Homeobox
713,44,1,1.19144626408088,1.196734389061891,CYLD,PBX3,MEF,Homeobox
1569,15,0,-1.70112877149519,-1.7486843035835875,KIF18B,ELK1,LMC,ETS
668,43,0,-1.50985095745356,-1.2689438648371738,CSMD3,PAX5,LMC,"Paired,Homeobox"
2215,5,1,-3.53089383410937,-3.3047187117358083,PIK3R6,BCL11A,MEF,Zf
2605,59,1,-5.12463925075724,-4.495665628962536,SELPLG,ZKSCAN1,MEF,Zf
2734,5,0,-2.55732246205919,-2.2498448924259624,SLC35F2,BCL11A,LMC,Zf
1900,44,0,-2.81354840009658,-2.5373586869443727,MXD3,PBX3,LMC,Homeobox
747,32,0,-1.04094116021417,-1.0378405700499604,DENND3,JUND,LMC,bZIP
3121,46,1,1.52459878471978,0.3035261177526803,TSHR,RFX5,MEF,HTH
1648,32,1,-1.27478146434956,-0.6224171534368701,LGMN,JUND,MEF,bZIP
2027,13,0,1.55999031126305,-0.5123824046082452,NPTX1,EGR1,LMC,Zf
1182,19,1,1.28941918021194,1.9955729432639187,GGCT,FOS,MEF,bZIP
3227,35,1,1.26993965517135,3.586562840788787,WNT11,MAX,MEF,bHLH
2033,50,0,-1.95195850424148,-1.311995039915148,NR2F1,STAT3,LMC,Stat
3158,32,1,-1.42575660047968,-1.487588189850618,UBA7,JUND,MEF,bZIP
678,7,0,1.30007498000597,-0.8612845842436417,CTDSPL,CTCF,LMC,Zf
2980,36,1,1.073895233571,0.029964920505147336,TIAM2,MAZ,MEF,Zf
2319,41,1,2.1115367325484,1.5603489233779164,PPP1R9A,NANOG,MEF,Homeobox
34,20,1,1.10481688992728,0.6502794207201263,ACSL4,FOSL2,MEF,bZIP
2496,13,0,-1.87567434541817,-1.8430467148246203,RGS5,EGR1,LMC,Zf
3028,44,1,-1.00655022948688,0.4180502750769922,TMEM191C,PBX3,MEF,Homeobox
2173,17,1,1.01951306087734,0.10529249745615667,PDGFC,ETS1,MEF,ETS
2641,36,1,-1.51561055023363,-1.061965635058086,SGOL2,MAZ,MEF,Zf
1743,51,0,1.2423560260099,1.2498299373554218,MAF,TCF12,LMC,bHLH
1933,35,0,-1.05436822613132,-0.33916801553807024,NAALAD2,MAX,LMC,bHLH
3223,10,1,1.09999240845705,1.6052492228276956,WNK3,E2F4,MEF,E2F
1586,6,0,-1.05305185057136,-1.0530518505713593,KISS1R,BHLHE40,LMC,bHLH
2202,13,1,1.46374102379533,-0.7635783328136055,PGRMC1,EGR1,MEF,Zf
432,12,1,-1.9549283385216,-1.8066009948211432,CD14,EBF1,MEF,EBF
3085,20,0,-2.45217469460679,-2.452174694606793,TPM2,FOSL2,LMC,bZIP
2763,22,0,-1.37580388005319,-1.0338965175942214,SLC9A5,FOXA2,LMC,Forkhead
2988,25,1,2.47016823813231,1.7733735486517568,TIPARP,GATA1,MEF,Zf
2088,24,1,-1.89195409277433,-1.0062601334709078,OPN3,GABPA,MEF,ETS
3074,54,1,1.9111052509538,1.3394736213216092,TNS4,USF1,MEF,bHLH
259,34,1,-1.08870467428603,-0.84234316314606,B3GNT8,MAFK,MEF,bZIP
2998,37,1,-5.67130858205146,-4.376144115021742,TLR7,MEF2A,MEF,MADS
705,32,1,1.96907516552775,1.9115548334340966,CXXC4,JUND,MEF,bZIP
1323,1,1,-1.27285316107792,0.7444313601946477,HEG1,ATF2,MEF,bZIP
1780,36,0,-1.10292671378567,-1.1541211753550125,MBOAT2,MAZ,LMC,Zf
1515,3,0,1.23303869843737,1.5059611803460913,JPH1,BACH1,LMC,bZIP
2571,35,0,2.21199249094667,2.059438379528856,SAMSN1,MAX,LMC,bHLH
1679,32,0,-1.54161054323492,-1.589270135924091,LOXL3,JUND,LMC,bZIP
2816,56,0,1.48469516913959,1.4734231076110758,SP110,YY1,LMC,Zf
659,40,0,1.55122858363057,0.5487446980879379,CRYAB,MYOG,LMC,bHLH
1682,25,1,-2.74353016291485,-2.1215468184534627,LPAR5,GATA1,MEF,Zf
478,0,1,-1.50500405166392,-1.142313252432169,CDCA8,ATF1,MEF,bZIP
2217,60,1,-1.0918547115101,-0.754471005869672,PIP4K2A,ZNF263,MEF,Zf
83,19,0,-2.50381746174834,-2.0230890823323766,ADRA1D,FOS,LMC,bZIP
1559,59,0,-1.66267294525053,-1.7294222882061834,KCTD15,ZKSCAN1,LMC,Zf
1132,24,1,4.81234158915304,1.21591594974756,GABRA2,GABPA,MEF,ETS
144,36,1,-2.61285486595035,-1.9903411569172622,ANLN,MAZ,MEF,Zf
2184,51,0,-1.4413091348634,0.3047310316713737,PDZRN3,TCF12,LMC,bHLH
1350,51,0,1.34567640676102,0.7637327796462035,HNMT,TCF12,LMC,bHLH
1045,54,1,-2.12857218736207,-2.294176767552738,FES,USF1,MEF,bHLH
1034,36,1,1.68462784473143,1.5947693955249707,FBXO32,MAZ,MEF,Zf
215,60,0,-1.36158889535435,-1.3897475580443435,ARSJ,ZNF263,LMC,Zf
1613,1,0,2.4317777613676,1.979782154427042,LAD1,ATF2,LMC,bZIP
2474,33,0,1.67443314376631,1.79589157194411,RBP4,MAFF,LMC,bZIP
2067,55,1,-1.33624171038596,-0.6684121581721603,NXPH4,USF2,MEF,bHLH
1145,33,0,2.0527973309061,-0.041387643453451375,GALNT6,MAFF,LMC,bZIP
2039,24,0,-1.67908212368491,-1.3522178760578152,NRN1,GABPA,LMC,ETS
2208,1,1,-2.93900889516941,-4.724698237459767,PIEZO2,ATF2,MEF,bZIP
2386,3,0,2.05154846441403,1.1197882948359166,PTPN6,BACH1,LMC,bZIP
3055,49,1,-2.0917384886418,-1.8381128782370297,TNFAIP8L1,STAT1,MEF,Stat
2285,36,0,-2.18791521896949,-1.9325393863871625,PODNL1,MAZ,LMC,Zf
3167,6,1,-2.95782767929237,-1.2262742033996197,UHRF1,BHLHE40,MEF,bHLH
398,26,1,1.03875647777086,0.9570711172551789,CCDC63,GATA2,MEF,Zf
1329,18,0,1.74478021809502,1.716356483413125,HHEX,FLI1,LMC,ETS
1087,8,1,1.13617462924265,-1.7260431756588295,FNDC3A,CUX1,MEF,Homeobox
1743,50,0,1.2423560260099,1.2498299373554218,MAF,STAT3,LMC,Stat
1933,29,0,-1.05436822613132,-0.3817553334451048,NAALAD2,IRF1,LMC,IRF
3220,50,1,-1.28295260221365,1.5093449090832527,WIPF1,STAT3,MEF,Stat
3015,34,0,1.30655408629672,1.271431464222022,TMEM140,MAFK,LMC,bZIP
1728,4,0,2.42475480036717,2.322590628473074,LY86,BATF,LMC,bZIP
2982,0,1,-2.33478354896537,-0.23568878558220477,TICRR,ATF1,MEF,bZIP
650,42,0,2.24065860995856,2.0770338372180994,CREG2,NRF1,LMC,NRF
469,57,0,-1.08880876245464,-1.1318875690615602,CDC42EP4,ZBTB33,LMC,Zf
585,34,1,1.8285992255709,0.6618373817102844,CLU,MAFK,MEF,bZIP
2389,34,0,1.29431496605626,1.733427478321557,PTPRE,MAFK,LMC,bZIP
1568,42,1,-2.57584463626319,-2.2846239036423155,KIF15,NRF1,MEF,NRF
1730,55,1,-4.43367583493052,-4.462513023333406,LYL1,USF2,MEF,bHLH
2414,6,0,-1.30372944762323,-0.5115514875633537,RAB23,BHLHE40,LMC,bHLH
94,2,0,1.1446893045572,0.804531644672138,AHCYL2,ATF3,LMC,bZIP
2574,12,1,-2.47219502126742,-0.8383273660285276,SAPCD2,EBF1,MEF,EBF
2777,48,0,1.33467085489491,0.8775758317815706,SMARCA2,SP2,LMC,Zf
1257,22,0,1.07836707927477,1.0145866512359647,GPR39,FOXA2,LMC,Forkhead
2817,33,0,1.65282560274896,1.6461003854045861,SP140,MAFF,LMC,bZIP
813,20,1,-1.3771923836082,0.7027984111133445,DRP2,FOSL2,MEF,bZIP
3138,55,1,1.12412811035679,1.1220903115086363,TTLL11,USF2,MEF,bHLH
43,20,1,-1.10283547570767,-1.1067208364237116,ACY1,FOSL2,MEF,bZIP
2830,11,1,2.2287125275182,0.5947665225735974,SPEF2,E2F6,MEF,E2F
2935,51,0,-1.1207796034852,-0.7467338824010517,TARSL2,TCF12,LMC,bHLH
1759,32,0,-1.20195710611927,-1.2599332474294327,MAP2K6,JUND,LMC,bZIP
2289,32,1,-1.15837612128203,-1.067421246147815,POLD1,JUND,MEF,bZIP
1344,5,0,-1.06304399815731,-1.0075851668153626,HMGCS1,BCL11A,LMC,Zf
827,35,0,1.31630430034092,1.316304300340919,DUSP6,MAX,LMC,bHLH
1986,36,1,5.17941666726944,3.2542760976332334,NGFR,MAZ,MEF,Zf
1123,49,0,1.42329473898804,0.926055164782855,FTH1,STAT1,LMC,Stat
2959,7,0,-1.05619658421394,-0.7189035896493331,TEX14,CTCF,LMC,Zf
2277,50,1,-1.67266293787219,-1.6431218419871412,PMF1,STAT3,MEF,Stat
2515,2,1,1.12637943260805,0.44120528579921725,RND1,ATF3,MEF,bZIP
514,47,0,-1.48650253996053,-1.496251702698805,CENPI,SP1,LMC,Zf
451,56,0,2.0789712890097,2.2602188050881677,CD53,YY1,LMC,Zf
205,20,1,1.1241272049731,0.05829655233931013,ARL4A,FOSL2,MEF,bZIP
799,47,1,-1.41292210105817,-1.365323271828426,DPCR1,SP1,MEF,Zf
3250,40,0,-2.44277508235194,-2.414549438906177,ZC3HAV1L,MYOG,LMC,bHLH
472,9,1,-1.16198535397929,-1.163389902975361,CDC7,E2F1,MEF,E2F
3195,52,1,-1.73730349835225,-1.5369271534303635,VDR,TCF3,MEF,HMG
1976,14,1,1.28300620910815,0.045717229155488426,NET1,ELF1,MEF,ETS
557,54,0,-1.43008297365315,-1.4409421021868887,CHTF18,USF1,LMC,bHLH
469,55,0,-1.08880876245464,-1.1082025105641724,CDC42EP4,USF2,LMC,bHLH
1123,28,0,1.42329473898804,1.0596530027221036,FTH1,HNF4A,LMC,NR
1298,49,0,1.79871714318156,1.3500725211913187,GSTA4,STAT1,LMC,Stat
2564,6,1,-1.20488236911413,-0.936499730032338,S1PR2,BHLHE40,MEF,bHLH
775,41,1,-1.72004709805827,-0.35480686991419286,DMRTA2,NANOG,MEF,Homeobox
1472,54,1,-1.52991375774982,-1.9569364265365052,IQGAP2,USF1,MEF,bHLH
2194,43,1,1.41728947266059,0.665857604414964,PFN4,PAX5,MEF,"Paired,Homeobox"
1609,17,0,2.05229480885656,2.085411677952884,KRT7,ETS1,LMC,ETS
33,6,0,-1.13494100888188,-1.4331257656899246,ACSL3,BHLHE40,LMC,bHLH
2370,56,1,1.7110711107885,1.6963698464552703,PTGDR2,YY1,MEF,Zf
632,29,1,-4.32608395276408,-3.7418182086000615,CORO2A,IRF1,MEF,IRF
1292,13,0,1.18024367524871,1.148724429895028,GSDMD,EGR1,LMC,Zf
313,1,0,1.25843048968999,0.3966571006629417,BST2,ATF2,LMC,bZIP
2031,58,1,1.6603360818878,0.9620343447807082,NQO1,ZEB1,MEF,Zf
2790,54,1,-1.59761294289245,1.4001615286340803,SNCAIP,USF1,MEF,bHLH
869,9,0,-1.17641964196285,-0.590816045597709,EGFR,E2F1,LMC,E2F
1275,60,1,-1.13562918187653,-0.5326667602247421,GRB14,ZNF263,MEF,Zf
445,36,1,-3.50081866240652,-3.5008186624065183,CD33,MAZ,MEF,Zf
1750,54,0,-1.35662311441156,-0.9352767872814968,MAMSTR,USF1,LMC,bHLH
640,29,0,2.11324837146368,1.9812636213145884,CPNE7,IRF1,LMC,IRF
899,14,1,1.47613931326266,1.3431414817245857,ENPP4,ELF1,MEF,ETS
2333,53,1,2.11733149630965,-0.6487422461166464,PRKAA2,TEAD4,MEF,TEA
3216,46,1,-1.08750493293003,-0.30506314738259116,WDR90,RFX5,MEF,HTH
949,20,0,-1.019980760279,-0.6758259056423478,F2RL1,FOSL2,LMC,bZIP
1166,54,0,1.04053157521072,1.0798756538702303,GCLM,USF1,LMC,bHLH
2052,36,0,-2.21089204553683,-1.766154098835771,NTRK3,MAZ,LMC,Zf
1691,36,1,1.57129493062406,1.1658827000475016,LRFN5,MAZ,MEF,Zf
992,27,1,1.00646228397572,1.006868698028694,FAM212B,GATA3,MEF,Zf
2212,1,1,-2.02987206992837,-4.904596945495908,PIK3CD,ATF2,MEF,bZIP
3194,54,1,-2.78668694486666,-1.53906394478909,VCAN,USF1,MEF,bHLH
1321,3,0,1.4760606765863,1.5176715054883345,HDAC9,BACH1,LMC,bZIP
1050,43,0,-1.24638153747185,-1.420933490116978,FGF11,PAX5,LMC,"Paired,Homeobox"
1052,36,1,2.06212975174071,1.7704766699109162,FGF13,MAZ,MEF,Zf
1380,42,0,2.66649461859052,2.517455341919249,HOXD8,NRF1,LMC,NRF
1316,52,1,-2.7538568771415,-1.956967443878503,HCK,TCF3,MEF,HMG
232,60,0,-2.12556806125941,-2.2774505276933037,ASTN2,ZNF263,LMC,Zf
1031,21,1,-1.24967716659756,-1.2012149744572007,FBXL8,FOXA1,MEF,Forkhead
176,0,1,-5.36535647815118,-4.582058244775009,ARAP3,ATF1,MEF,bZIP
703,12,1,-1.39331579704767,-1.090788396343665,CXCR4,EBF1,MEF,EBF
2157,3,0,2.07544341037937,1.2316026470226007,PCSK1,BACH1,LMC,bZIP
3186,55,1,-1.92621282947448,-2.454687701279021,VANGL2,USF2,MEF,bHLH
8,55,0,-1.13492430155845,-0.7862236244940068,ABCA5,USF2,LMC,bHLH
2402,57,0,1.58111116420939,0.17642420384379623,PYCARD,ZBTB33,LMC,Zf
1544,25,0,1.84116278759858,1.9998391397061632,KCNJ10,GATA1,LMC,Zf
14,55,1,1.78571231168131,0.10204289296769911,ABCG4,USF2,MEF,bHLH
1146,18,0,-1.44526325705322,-0.9128655674368821,GAMT,FLI1,LMC,ETS
1350,21,0,1.34567640676102,1.1623579217450202,HNMT,FOXA1,LMC,Forkhead
473,42,1,-1.83545152460296,-1.8151460356582847,CDCA2,NRF1,MEF,NRF
540,7,1,-1.27554944125757,-1.1440385215576006,CHD3,CTCF,MEF,Zf
1428,7,0,1.7070158720852,1.4838383491521001,IGSF11,CTCF,LMC,Zf
2635,55,1,3.88950416386567,-1.1476207066720536,SGCA,USF2,MEF,bHLH
1332,6,1,-1.80828432123008,0.8809739595320797,HIC1,BHLHE40,MEF,bHLH
3091,32,0,-1.13852852708434,-1.0817792096392402,TRAM1L1,JUND,LMC,bZIP
2641,46,1,-1.51561055023363,-1.1463466324082823,SGOL2,RFX5,MEF,HTH
761,17,1,2.14213441280121,1.958497521452862,DKKL1,ETS1,MEF,ETS
405,42,0,1.92687097105118,1.5134724221079858,CCDC88B,NRF1,LMC,NRF
1199,3,0,1.2217073878264,-0.4468663268190584,GLA,BACH1,LMC,bZIP
2254,44,1,-1.74626728338454,-0.15235040868528305,PLEKHO1,PBX3,MEF,Homeobox
2332,17,1,-1.39027810102326,-1.5983536405048313,PRIM1,ETS1,MEF,ETS
2394,43,1,1.40802361804601,1.1784873533830102,PTPRU,PAX5,MEF,"Paired,Homeobox"
428,6,0,1.8884736957855,1.960788113513779,CCR1,BHLHE40,LMC,bHLH
605,60,0,-1.07984003641775,-1.11315005885058,CNTROB,ZNF263,LMC,Zf
1113,40,1,1.9055703590778,1.7196560628973065,FRMPD1,MYOG,MEF,bHLH
2542,28,0,-1.54415963122133,-1.5153738387270794,RRM2,HNF4A,LMC,NR
788,47,0,1.17421032513561,1.2794916543226271,DNASE1L1,SP1,LMC,Zf
174,59,1,-1.66046329637405,-1.1385560308532958,ARAP1,ZKSCAN1,MEF,Zf
1630,55,1,2.00068240935345,-1.081346925713176,LCN2,USF2,MEF,bHLH
2664,13,0,3.26255845799029,0.20756132165073027,SHISA7,EGR1,LMC,Zf
262,12,1,-1.06022912878962,-1.0618467691208702,B4GALT1,EBF1,MEF,EBF
3189,53,0,2.17775796410552,2.0077519538817388,VAT1L,TEAD4,LMC,TEA
698,34,0,2.17434427517752,2.169535470022188,CXADR,MAFK,LMC,bZIP
798,6,1,-1.97433707646498,-1.3359066802636526,DOK3,BHLHE40,MEF,bHLH
1405,55,1,-1.80643853791662,-1.7756755443095817,HTRA4,USF2,MEF,bHLH
2545,3,1,1.41422452200526,1.3327544521976717,RSPH4A,BACH1,MEF,bZIP
1398,46,1,1.08451053955341,1.0303095333874248,HSPA4L,RFX5,MEF,HTH
198,55,1,-3.3044652172803,-3.1727701406170308,ARHGEF39,USF2,MEF,bHLH
24,20,1,2.15532876906198,2.1553287690619807,ACE,FOSL2,MEF,bZIP
1414,8,1,-1.58572532358793,-0.6974929654734937,IFITM1,CUX1,MEF,Homeobox
362,46,1,-2.85800571163319,0.9711204810972689,CAPN11,RFX5,MEF,HTH
1750,29,0,-1.35662311441156,-1.3566231144115606,MAMSTR,IRF1,LMC,IRF
3241,7,0,-3.29626314196821,-1.8129863460156028,XKR5,CTCF,LMC,Zf
2645,44,0,1.90813328229963,1.8249852290405064,SH2D4B,PBX3,LMC,Homeobox
24,34,1,2.15532876906198,2.2584462734316055,ACE,MAFK,MEF,bZIP
2981,1,1,-1.72964937024715,-0.7876554036725875,TICAM2,ATF2,MEF,bZIP
325,35,1,-8.96041802146252,-8.432516541085123,C1QB,MAX,MEF,bHLH
1604,51,0,-1.61525516257448,-1.5518989994131405,KNSTRN,TCF12,LMC,bHLH
1831,22,1,-1.08069464747404,-1.455301118009569,MIR143HG,FOXA2,MEF,Forkhead
469,47,0,-1.08880876245464,-1.08880876245464,CDC42EP4,SP1,LMC,Zf
944,7,0,-1.00757252383823,-0.8977455404259801,EZH2,CTCF,LMC,Zf
1945,32,0,-1.0440216996238,-1.0201764371303184,NCAM2,JUND,LMC,bZIP
164,28,1,1.60914715772685,1.490352128178572,APOB,HNF4A,MEF,NR
2014,7,1,1.46367070692664,1.0907231107341697,NOS1AP,CTCF,MEF,Zf
2292,22,0,-1.05291940990179,-1.0155835149527797,POLQ,FOXA2,LMC,Forkhead
3099,27,1,-1.4419627390171,-1.4952805827626554,TRERF1,GATA3,MEF,Zf
889,56,1,-1.11038645323703,-2.1832103222138244,EMX2OS,YY1,MEF,Zf
1064,21,0,1.76446135479988,-1.0082365990030262,FGL2,FOXA1,LMC,Forkhead
629,14,1,5.51161757648414,2.1880535876027505,COMP,ELF1,MEF,ETS
772,32,1,2.07030753564473,1.688642157205833,DMP1,JUND,MEF,bZIP
2784,35,0,1.22877430824847,0.7997449375845644,SMPDL3A,MAX,LMC,bHLH
1817,27,0,-4.21518342111763,-3.824459307339232,MFAP4,GATA3,LMC,Zf
2323,11,0,-1.89197869452633,-1.7107245212030997,PRC1,E2F6,LMC,E2F
110,33,1,2.48821014538224,3.181266410884963,ALDH1A2,MAFF,MEF,bZIP
2717,24,1,2.21007043209059,1.0151726055974928,SLC25A48,GABPA,MEF,ETS
849,56,0,-1.38238738601398,-0.24951160953765236,EDA,YY1,LMC,Zf
856,56,1,-2.04131188836448,-0.3718728681020111,EFCAB11,YY1,MEF,Zf
658,35,1,1.70454579044603,1.4792666686784046,CRNDE,MAX,MEF,bHLH
2359,1,1,-1.13745688443636,-2.516814855704859,PRUNE2,ATF2,MEF,bZIP
2562,59,0,2.55977662816013,1.5469066854250573,S100A8,ZKSCAN1,LMC,Zf
2797,40,1,1.20718208298321,1.0602509875113642,SNX16,MYOG,MEF,bHLH
1043,44,0,-1.20500555090751,-1.2050055509075093,FDPS,PBX3,LMC,Homeobox
1718,12,0,1.49200153198622,0.924173408588178,LSR,EBF1,LMC,EBF
3018,10,1,-3.1052722091021,-0.8680426052865324,TMEM156,E2F4,MEF,E2F
1130,40,1,1.37162439981289,0.9406940069280708,FZD9,MYOG,MEF,bHLH
2007,56,1,2.04830921986079,1.5915911233520423,NMNAT2,YY1,MEF,Zf
235,13,0,-1.029209618599,-0.7540434032859648,ATG16L2,EGR1,LMC,Zf
644,3,1,-2.53216540403061,1.1157432087585335,CRABP1,BACH1,MEF,bZIP
2918,11,0,2.20283060188491,-1.064503260562047,SYT10,E2F6,LMC,E2F
1350,33,1,1.03869489764224,0.8243808953689528,HNMT,MAFF,MEF,bZIP
1952,31,1,-5.99503819953463,-6.232498562976502,NCF1,IRF4,MEF,IRF
747,22,0,-1.04094116021417,-0.9097440307655306,DENND3,FOXA2,LMC,Forkhead
148,35,0,-1.1924416986184,-0.9168339840979105,ANTXR1,MAX,LMC,bHLH
1337,1,1,1.9967466068813,1.5250343698244453,HIST2H2AC,ATF2,MEF,bZIP
1657,1,0,1.80988149856431,1.0321310694859955,LILRB4,ATF2,LMC,bZIP
1601,11,1,1.06527561830668,0.9268171787703336,KLRG2,E2F6,MEF,E2F
2915,40,1,1.25087463513992,2.4405284756257872,SYNPO,MYOG,MEF,bHLH
3148,44,1,-2.14380067537427,-1.9551439461454543,TUBB3,PBX3,MEF,Homeobox
189,14,0,1.26121051263682,1.4946668854139775,ARHGAP44,ELF1,LMC,ETS
2762,58,0,1.14204392419731,0.9678058949998745,SLC9A3R1,ZEB1,LMC,Zf
2424,7,1,-1.43699971579521,-1.29067485579763,RAB3D,CTCF,MEF,Zf
1271,52,0,-2.17760740452674,-1.4622501291406926,GRAMD2,TCF3,LMC,HMG
364,5,1,1.14635570776145,1.0363769208326519,CAPS2,BCL11A,MEF,Zf
2014,53,1,1.46367070692664,1.6467678640594638,NOS1AP,TEAD4,MEF,TEA
1932,32,1,1.27590926585484,0.6486609915657653,MYRF,JUND,MEF,bZIP
99,8,1,1.03519575636956,0.7334731735271611,AIG1,CUX1,MEF,Homeobox
2308,49,1,1.37041742724006,0.562544450704095,PPFIBP2,STAT1,MEF,Stat
705,6,1,1.96907516552775,1.9385350700481891,CXXC4,BHLHE40,MEF,bHLH
1619,59,0,1.98706341170144,1.6178233113793001,LAMB3,ZKSCAN1,LMC,Zf
2172,54,0,2.04366489962011,1.0832568799787965,PDGFB,USF1,LMC,bHLH
14,14,1,1.78571231168131,1.1719501060747013,ABCG4,ELF1,MEF,ETS
1670,50,1,2.80150441501762,-1.668089112625518,LMO1,STAT3,MEF,Stat
2376,51,0,1.53243307718117,0.3778164078450315,PTGIS,TCF12,LMC,bHLH
3156,13,1,-9.23167979571188,-7.1547817699241545,TYROBP,EGR1,MEF,Zf
648,24,1,1.09296402967198,0.7701857218057871,CREBL2,GABPA,MEF,ETS
631,10,1,-1.04533746512875,-0.7387803146052953,CORO1C,E2F4,MEF,E2F
1729,38,0,2.23476423899865,2.0797065926845737,LY9,MEF2C,LMC,MADS
36,21,1,2.24033458578395,-0.15786889643800514,ACSS3,FOXA1,MEF,Forkhead
43,35,0,-1.04222778985069,-1.1193962069379577,ACY1,MAX,LMC,bHLH
535,3,1,1.90611882623681,-0.38336575666167166,CGREF1,BACH1,MEF,bZIP
3240,49,1,2.28763388438051,3.0898844394396434,XKR4,STAT1,MEF,Stat
2323,59,0,-1.89197869452633,-1.1557017385188868,PRC1,ZKSCAN1,LMC,Zf
1991,7,0,-1.19310953918072,-1.5181814219662213,NIM1K,CTCF,LMC,Zf
1400,52,1,3.61114568347972,2.758644571314802,HSPB2,TCF3,MEF,HMG
1852,13,0,2.43806077923464,0.3018081007161624,MMP24,EGR1,LMC,Zf
251,23,1,-2.20954496278564,-2.205660421296616,AURKA,FOXM1,MEF,Forkhead
3059,6,0,-1.11813283267648,0.22506031583328143,TNFRSF11B,BHLHE40,LMC,bHLH
3176,15,1,-3.54813444764473,-2.3228869959778886,UNC93B1,ELK1,MEF,ETS
2817,54,1,-3.90528190954929,-3.231183219508698,SP140,USF1,MEF,bHLH
2823,1,1,-1.90326262296788,-1.9965470825251506,SPAG5,ATF2,MEF,bZIP
2273,14,0,2.09848892681081,1.8790730823857082,PLXNC1,ELF1,LMC,ETS
3173,4,1,2.89034589225712,0.6915565103433178,UNC5C,BATF,MEF,bZIP
2254,54,1,-1.74626728338454,0.37271717398114773,PLEKHO1,USF1,MEF,bHLH
2933,56,1,-1.95592310103042,-0.37156589487434544,TAGLN2,YY1,MEF,Zf
2650,42,0,-1.41611481325977,-0.9358547495007905,SH3GL3,NRF1,LMC,NRF
511,19,1,-2.78967392596139,-2.789673925961391,CENPE,FOS,MEF,bZIP
1558,40,1,-1.81985486520206,0.2669755708638249,KCP,MYOG,MEF,bHLH
1787,20,1,-2.53275926001282,-2.2273022744928355,MCM10,FOSL2,MEF,bZIP
2251,42,1,-3.01621344836119,-2.2068773998256255,PLEKHG4,NRF1,MEF,NRF
2308,5,1,1.37041742724006,0.8874946561337029,PPFIBP2,BCL11A,MEF,Zf
1139,29,1,-2.53046737953062,0.21594951018880015,GALNT12,IRF1,MEF,IRF
2504,32,0,1.89206647016594,1.8938983926003088,RHOV,JUND,LMC,bZIP
443,35,1,-6.65576902925866,-5.624172459849104,CD300LD,MAX,MEF,bHLH
1957,34,1,-2.61766850781226,-2.0330808515269667,NDC80,MAFK,MEF,bZIP
2893,0,0,1.51284286980571,1.1022244590576225,STRA6,ATF1,LMC,bZIP
1788,47,1,-1.18921853477002,-1.887475219548101,MCM2,SP1,MEF,Zf
181,24,1,-2.885756251564,-2.8729402839450247,ARHGAP19,GABPA,MEF,ETS
900,44,1,1.44269937541347,0.7405162472123473,ENPP5,PBX3,MEF,Homeobox
2212,7,1,-2.02987206992837,-3.3649648101507483,PIK3CD,CTCF,MEF,Zf
1686,1,0,-1.27921012236517,-0.7150764073811174,LPP,ATF2,LMC,bZIP
1773,14,1,-1.05508208421694,-1.0378394072705353,MAST1,ELF1,MEF,ETS
2582,30,1,1.20895668303294,0.6856789246710558,SCIN,IRF3,MEF,IRF
983,11,0,-2.6954506576559,-1.9038968201820372,FAM184B,E2F6,LMC,E2F
1226,11,1,-1.02045995070705,0.33757297585137946,GPC2,E2F6,MEF,E2F
427,2,1,1.17430399831869,1.1779586613135549,CCPG1,ATF3,MEF,bZIP
2185,60,1,-1.72243686447564,-1.1240374187995301,PEG10,ZNF263,MEF,Zf
454,60,0,2.02419233042325,1.675657607048202,CD68,ZNF263,LMC,Zf
491,47,0,-1.18831365543526,-0.7758553912580081,CDK5R1,SP1,LMC,Zf
1879,6,1,-8.84349682711062,-6.01060650537994,MS4A7,BHLHE40,MEF,bHLH
1789,44,1,-2.01469923560463,-2.0146992356046285,MCM3,PBX3,MEF,Homeobox
3241,35,1,-1.89623374434678,-0.2601528755604315,XKR5,MAX,MEF,bHLH
2699,21,1,-1.75701830403099,-0.4868870232007207,SLC16A3,FOXA1,MEF,Forkhead
1183,36,1,1.51250060585978,0.7149055238094297,GGH,MAZ,MEF,Zf
2488,58,1,-1.85060323120743,-1.740461031748634,RGCC,ZEB1,MEF,Zf
3199,1,1,1.16338139694328,0.713843224261019,VKORC1,ATF2,MEF,bZIP
3193,47,1,-1.4464715609649,-1.7221998898075603,VCAM1,SP1,MEF,Zf
62,51,0,-1.72005964675759,-1.5993860003994549,ADAMTS6,TCF12,LMC,bHLH
3046,51,0,2.28932160921148,1.6151022652276668,TMEM59L,TCF12,LMC,bHLH
1096,47,0,-1.92576184832409,-1.8894202408073897,FOXC2,SP1,LMC,Zf
678,6,0,1.30007498000597,-0.8510274116490959,CTDSPL,BHLHE40,LMC,bHLH
2915,36,0,-1.14558600910547,-0.9684911371336811,SYNPO,MAZ,LMC,Zf
3043,34,0,-1.76276458381235,-0.32096124989800096,TMEM51,MAFK,LMC,bZIP
2990,34,1,-1.96035300857267,-1.9791405650538179,TK1,MAFK,MEF,bZIP
2434,11,0,-1.15530246767204,0.9597605032661529,RAD51C,E2F6,LMC,E2F
3261,35,1,1.07594447809791,1.0361184603404725,ZKSCAN4,MAX,MEF,bHLH
1504,46,1,1.60619260034713,1.277091687046066,ITM2A,RFX5,MEF,HTH
1619,11,0,1.98706341170144,1.786639529012445,LAMB3,E2F6,LMC,E2F
2769,55,0,2.09820679159257,1.818176445720215,SLFN5,USF2,LMC,bHLH
2990,21,1,-1.96035300857267,-1.4262491982751262,TK1,FOXA1,MEF,Forkhead
264,35,0,1.45937393436724,1.366381756999403,B4GALT5,MAX,LMC,bHLH
18,58,0,1.60907128612013,0.9665653622768322,ABLIM3,ZEB1,LMC,Zf
2116,46,1,1.25392386281418,1.4104809394285072,PAM,RFX5,MEF,HTH
2168,41,0,-1.54705845470902,-1.5363142727820533,PDE4B,NANOG,LMC,Homeobox
2369,54,1,3.41152445883898,1.9070244841065795,PTCHD2,USF1,MEF,bHLH
2881,0,1,-1.77045279019706,-1.3890241393716363,STIL,ATF1,MEF,bZIP
2093,10,1,-1.15661822035074,-0.06782603869720787,OSMR,E2F4,MEF,E2F
23,32,0,-1.05465921556064,-0.9594119188133468,ACAT2,JUND,LMC,bZIP
54,26,0,-1.06071433236995,-1.0687276916659112,ADAMTS1,GATA2,LMC,Zf
2279,49,0,-1.11779213875948,-1.1515575374817417,PMVK,STAT1,LMC,Stat
953,3,1,1.08611680455142,1.0449199563949543,FAAH,BACH1,MEF,bZIP
781,46,1,-1.77698609693369,-0.11169245004180184,DNAH6,RFX5,MEF,HTH
1017,48,1,-1.97493658435611,-1.8057590067473759,FANCI,SP2,MEF,Zf
1295,52,1,-1.24734887047833,-0.8464164778660188,GSN,TCF3,MEF,HMG
1204,53,0,-2.65008408128184,-1.2819834716007568,GLIPR2,TEAD4,LMC,TEA
2816,42,0,1.48469516913959,1.3545167871877783,SP110,NRF1,LMC,NRF
834,32,1,-1.66961603936498,-1.4395758409507342,E2F2,JUND,MEF,bZIP
39,30,1,-1.17835208367133,-1.1783520836713295,ACTB,IRF3,MEF,IRF
2964,49,0,1.01587424208926,0.5105242584481507,TFEB,STAT1,LMC,Stat
2171,7,0,-2.44644168629595,-1.1330660375759158,PDE9A,CTCF,LMC,Zf
445,29,1,-3.50081866240652,-3.8319784922277735,CD33,IRF1,MEF,IRF
1221,6,1,1.73376805098353,1.3241648459061108,GORAB,BHLHE40,MEF,bHLH
1685,7,1,4.17925086691136,-1.7184307776188796,LPO,CTCF,MEF,Zf
234,0,1,-2.74791528300771,-2.4203019704143482,ATF7IP2,ATF1,MEF,bZIP
1230,43,0,-2.89184454318421,-1.9180345125303209,GPER1,PAX5,LMC,"Paired,Homeobox"
2472,56,1,-2.98434592973191,-1.1236066287851723,RBM47,YY1,MEF,Zf
1245,13,0,1.73666532474954,1.6656666668191127,GPR157,EGR1,LMC,Zf
3137,12,1,-2.52066169804331,-2.025020198768232,TTK,EBF1,MEF,EBF
960,56,1,-1.35055647048614,-1.6552894921741141,FAH,YY1,MEF,Zf
494,42,0,-1.10159048098213,-1.129262268163522,CDKN1C,NRF1,LMC,NRF
1671,42,0,1.82998282524865,0.3502525800788139,LMO2,NRF1,LMC,NRF
856,47,0,-1.15119532089597,-1.0981831942449505,EFCAB11,SP1,LMC,Zf
624,7,0,1.14347278913076,0.8857171482606395,COL8A2,CTCF,LMC,Zf
1717,17,0,-1.25931102077003,-0.7096629959429278,LSP1,ETS1,LMC,ETS
1850,55,1,-2.2329069421573,1.4246050217032422,MMP17,USF2,MEF,bHLH
2549,60,1,-1.63846403624182,-2.174881908144103,RTKN2,ZNF263,MEF,Zf
186,14,0,2.12679747173017,1.7095478605026955,ARHGAP30,ELF1,LMC,ETS
1832,6,1,-1.58814570551157,-1.416694845214789,MIS18BP1,BHLHE40,MEF,bHLH
2173,10,1,1.01951306087734,0.4076567355392122,PDGFC,E2F4,MEF,E2F
2814,40,0,-1.17069604188716,-1.2008932874223397,SOX8,MYOG,LMC,bHLH
3043,11,1,-2.86541431803902,-1.9569205415977668,TMEM51,E2F6,MEF,E2F
3245,30,0,1.10045337922545,1.0164067999413517,YPEL2,IRF3,LMC,IRF
2487,11,1,-1.15876159891288,-1.0735445227349067,RFTN1,E2F6,MEF,E2F
914,33,1,-3.88489412042666,-1.69207708803424,EPSTI1,MAFF,MEF,bZIP
1567,15,1,-2.6418326666532,-2.2778571350826624,KIF14,ELK1,MEF,ETS
1650,10,1,1.68975869198379,-0.33896364835778753,LHX4,E2F4,MEF,E2F
641,47,1,1.28498306362542,1.1356455690248857,CPOX,SP1,MEF,Zf
1679,15,0,-1.54161054323492,-1.7687435816063344,LOXL3,ELK1,LMC,ETS
1825,47,0,1.2182034517165,1.3587779980448957,MGST1,SP1,LMC,Zf
2432,15,1,-1.5926751107119,-1.9373768904380437,RAD51AP1,ELK1,MEF,ETS
1762,14,0,1.08923612818634,0.8841328439942181,MAP3K8,ELF1,LMC,ETS
2906,32,1,1.51508658164846,0.5868376216909786,SVOP,JUND,MEF,bZIP
1477,1,1,-1.28592065650619,-4.143421950738057,IRF7,ATF2,MEF,bZIP
749,12,1,-2.5682230846885,-2.196526128573348,DEPDC1B,EBF1,MEF,EBF
1820,52,1,-1.62563638359958,-1.7230591966926447,MFSD12,TCF3,MEF,HMG
2566,47,0,1.81830673900306,-2.2762481776735153,S1PR5,SP1,LMC,Zf
2058,9,0,1.25231194291045,0.7711412145004339,NUP210,E2F1,LMC,E2F
2166,35,1,-2.97331523072642,-1.8885015636511244,PDE3B,MAX,MEF,bHLH
939,24,1,1.71146128558084,1.278399364367145,EXPH5,GABPA,MEF,ETS
1292,14,0,1.18024367524871,1.148724429895028,GSDMD,ELF1,LMC,ETS
843,60,1,-4.62149320499293,-0.3963124232852844,EBI3,ZNF263,MEF,Zf
897,6,0,2.02877616898271,1.9473967357421234,ENPP2,BHLHE40,LMC,bHLH
192,24,1,2.20377454914225,-1.0486843711141376,ARHGEF16,GABPA,MEF,ETS
3219,7,1,1.79090313974213,0.3804788152904436,WFDC3,CTCF,MEF,Zf
909,40,0,-1.00616267624316,-1.0439653270484646,EPHB3,MYOG,LMC,bHLH
1382,53,0,3.48115410223561,3.4032438478862717,HP,TEAD4,LMC,TEA
1624,42,1,-1.00895275097401,-3.6222012210866525,LARP1B,NRF1,MEF,NRF
1647,36,1,2.33283975209078,1.5841019257835298,LGI4,MAZ,MEF,Zf
1300,35,0,-1.41276036688138,0.08566143564403488,GSTT1,MAX,LMC,bHLH
2048,12,1,3.10482441942074,2.204536325335585,NT5E,EBF1,MEF,EBF
1229,13,0,-1.54093470936659,-1.6232840667005655,GPC6,EGR1,LMC,Zf
1143,56,1,2.77782967795664,-0.7433822484708488,GALNT3,YY1,MEF,Zf
709,40,1,-1.66905437630875,-1.3665556760954352,CYBA,MYOG,MEF,bHLH
2762,29,0,1.14204392419731,1.1370592226009648,SLC9A3R1,IRF1,LMC,IRF
1609,11,0,2.05229480885656,2.085411677952884,KRT7,E2F6,LMC,E2F
2588,35,1,1.60874673887536,0.553323522721056,SCN3B,MAX,MEF,bHLH
1316,51,1,-2.7538568771415,-1.9838979252131725,HCK,TCF12,MEF,bHLH
2232,19,1,2.24876186476031,-4.063123418941436,PLAC1,FOS,MEF,bZIP
280,8,1,-1.11309358236636,-0.47608150952553907,BCL2L11,CUX1,MEF,Homeobox
2581,35,1,2.65899731180408,0.6397645608727275,SCG5,MAX,MEF,bHLH
378,43,1,-1.32292123294692,0.04286165815695549,CBX2,PAX5,MEF,"Paired,Homeobox"
3197,11,0,2.62564068851822,2.5919131845144294,VILL,E2F6,LMC,E2F
1748,54,1,1.62485638729586,1.7763831238350218,MALL,USF1,MEF,bHLH
518,52,1,-1.46993038048477,-1.4699303804847694,CENPP,TCF3,MEF,HMG
3027,13,0,2.0194569382354,1.0083601438288026,TMEM184A,EGR1,LMC,Zf
242,51,1,-1.74134372328352,-0.8105964372531127,ATP2A3,TCF12,MEF,bHLH
178,60,1,-2.02334125806666,-1.9806607662086864,ARHGAP10,ZNF263,MEF,Zf
2862,34,0,-1.0564236055335,-1.192596237421878,ST3GAL4,MAFK,LMC,bZIP
1070,43,1,-1.95715177392112,-1.5838961976140964,FIGNL1,PAX5,MEF,"Paired,Homeobox"
2660,49,1,-2.91155511354678,-2.6642818803357087,SHCBP1,STAT1,MEF,Stat
402,10,0,-1.63340894061638,-1.5293613182332373,CCDC8,E2F4,LMC,E2F
2597,11,1,1.45662453410032,1.8749382300293567,SDC2,E2F6,MEF,E2F
1144,29,1,1.64197292611699,1.7987959006972982,GALNT5,IRF1,MEF,IRF
2014,59,1,1.46367070692664,1.294622632248889,NOS1AP,ZKSCAN1,MEF,Zf
644,21,0,-3.92771368755946,-3.187855159995251,CRABP1,FOXA1,LMC,Forkhead
2624,46,1,1.1846224788666,0.9782709035278324,SERPINC1,RFX5,MEF,HTH
2730,34,1,1.11028162654342,1.1485216058138528,SLC30A4,MAFK,MEF,bZIP
1628,48,0,-1.03193745565036,-0.5258769529466325,LBR,SP2,LMC,Zf
1614,50,1,-1.61904378831684,-1.2091120728470974,LAG3,STAT3,MEF,Stat
513,42,0,-1.3525440584189,-1.4015132498346077,CENPH,NRF1,LMC,NRF
1951,51,0,1.45744396290933,1.1931286475701992,NCEH1,TCF12,LMC,bHLH
2173,21,1,1.01951306087734,0.6777072242213877,PDGFC,FOXA1,MEF,Forkhead
607,50,0,-2.74807867343821,-1.792227196532084,COL11A1,STAT3,LMC,Stat
1363,60,1,1.73909763791236,0.662390885523464,HOXA9,ZNF263,MEF,Zf
2942,24,0,-1.05121827078695,-1.3209141162465619,TBX5,GABPA,LMC,ETS
2382,59,0,1.0109676241031,0.2926592991685135,PTPN13,ZKSCAN1,LMC,Zf
1879,27,0,2.49984910075279,2.0805632169635104,MS4A7,GATA3,LMC,Zf
2924,8,1,2.47982892076231,2.457290101295223,SYTL3,CUX1,MEF,Homeobox
900,33,1,1.44269937541347,1.0308562172448272,ENPP5,MAFF,MEF,bZIP
1219,25,0,2.02429077604181,2.206059011500178,GNGT2,GATA1,LMC,Zf
2220,13,1,8.27504423830746,7.32318463784897,PITX1,EGR1,MEF,Zf
1146,34,1,-1.58579129430816,-0.8259592257993682,GAMT,MAFK,MEF,bZIP
3262,55,1,1.04649386544777,0.9491913376055535,ZMYND12,USF2,MEF,bHLH
3015,34,1,1.14577317140574,0.7225607496483232,TMEM140,MAFK,MEF,bZIP
180,7,0,1.09118038613016,0.8790863804104186,ARHGAP18,CTCF,LMC,Zf
2549,55,1,-1.63846403624182,0.03971384058870901,RTKN2,USF2,MEF,bHLH
1078,22,1,1.79466757101752,1.3567638522648429,FLRT3,FOXA2,MEF,Forkhead
278,22,1,1.00590719166316,0.9559940334234363,BCL11A,FOXA2,MEF,Forkhead
716,41,0,-1.08566102735893,-0.8512392568303531,CYP26B1,NANOG,LMC,Homeobox
1970,8,0,-1.56249356356483,-1.434146756316886,NEK2,CUX1,LMC,Homeobox
1190,53,1,-1.62132130743513,-0.26386172357761195,GINS1,TEAD4,MEF,TEA
16,23,1,-2.05030147335999,-1.9735811976591646,ABHD15,FOXM1,MEF,Forkhead
402,13,1,-1.55205901784518,-1.200306773440376,CCDC8,EGR1,MEF,Zf
2973,50,1,2.42079975098302,0.5400722121882893,TGM5,STAT3,MEF,Stat
1180,36,1,1.62792565977569,1.2642049514312916,GFRA2,MAZ,MEF,Zf
1949,8,1,-1.5197695139223,-1.6105258082794265,NCAPH,CUX1,MEF,Homeobox
2018,11,1,3.27657972227678,1.6039263273861182,NOTUM,E2F6,MEF,E2F
122,47,0,-2.32712877798506,-0.7885861845316087,ALX1,SP1,LMC,Zf
591,16,1,-1.3326909212293,-1.3260162557043058,CNDP2,ELK4,MEF,ETS
3162,36,1,-1.57637625372954,-2.5138655521896816,UBE2T,MAZ,MEF,Zf
1351,27,1,-1.16510410994394,-0.24089624043362862,HOGA1,GATA3,MEF,Zf
816,24,0,2.48488641041993,1.7401872017232642,DSG2,GABPA,LMC,ETS
3160,21,0,-1.97475920549478,-1.8299053661796003,UBE2C,FOXA1,LMC,Forkhead
1041,5,1,-7.63787393345123,-7.560470177315312,FCGR2B,BCL11A,MEF,Zf
2418,27,0,-1.00063840189489,-1.04939084555432,RAB30,GATA3,LMC,Zf
1377,47,0,2.41891822606775,2.4679254848087746,HOXD1,SP1,LMC,Zf
364,10,1,1.14635570776145,1.1447888685793806,CAPS2,E2F4,MEF,E2F
2207,35,0,1.68671009272714,1.1672545385611328,PIANP,MAX,LMC,bHLH
2795,28,0,1.18391174334233,1.1518984900003748,SNTA1,HNF4A,LMC,NR
1804,42,1,1.65765544181301,1.6238039684170016,MEGF9,NRF1,MEF,NRF
1947,13,0,-1.68905460867663,-1.5827024625942527,NCAPG,EGR1,LMC,Zf
1238,28,0,-1.83197015901055,-1.7649732560060232,GPR126,HNF4A,LMC,NR
1531,16,0,1.72895569764727,1.7199733627410705,KCNB1,ELK4,LMC,ETS
1157,35,0,1.09836704488983,0.8998354498552069,GATA6,MAX,LMC,bHLH
746,12,1,-1.61037548559076,-1.3760043619391455,DENND2D,EBF1,MEF,EBF
1221,49,1,1.73376805098353,1.5614689668897852,GORAB,STAT1,MEF,Stat
2752,8,1,1.40645862017294,-0.015327529977634894,SLC4A8,CUX1,MEF,Homeobox
464,25,0,-1.03127844924857,-1.0993256894635628,CD97,GATA1,LMC,Zf
847,20,1,-2.70515393443908,-2.1689258173746038,ECSCR,FOSL2,MEF,bZIP
755,26,0,-1.06742983380829,-0.7657531729375238,DHFR,GATA2,LMC,Zf
1747,53,0,2.304021662009,2.3105471301367966,MAL2,TEAD4,LMC,TEA
854,22,1,-1.88598600687672,-1.6963496304473031,EEPD1,FOXA2,MEF,Forkhead
2646,14,0,2.15271627243018,1.5459953894393297,SH2D5,ELF1,LMC,ETS
737,28,1,-1.57237296988746,-1.2843868347022351,DDC,HNF4A,MEF,NR
2393,14,1,2.75610602743118,1.4219275736925578,PTPRT,ELF1,MEF,ETS
1285,26,0,-1.73109418771401,-0.5509121324144125,GRIN1,GATA2,LMC,Zf
1370,56,1,-1.17663865868771,-0.3677918225981259,HOXB8,YY1,MEF,Zf
3195,21,1,-1.73730349835225,-3.195926272245306,VDR,FOXA1,MEF,Forkhead
722,1,1,2.46228811504663,0.03688156564194058,CYTIP,ATF2,MEF,bZIP
2727,42,0,-3.11197659189262,-3.111976591892616,SLC2A4,NRF1,LMC,NRF
534,60,0,-1.96639667434657,-0.9117374404081713,CGNL1,ZNF263,LMC,Zf
1798,22,1,-2.33623835909844,-1.7599501551475643,MDK,FOXA2,MEF,Forkhead
2802,35,0,1.01551024614433,0.664287072676729,SOCS6,MAX,LMC,bHLH
99,19,1,1.03519575636956,1.137737410719993,AIG1,FOS,MEF,bZIP
1781,60,0,1.53782581038455,0.6593836935572222,MBP,ZNF263,LMC,Zf
3210,17,0,2.01990805201589,1.5084281672806328,WAS,ETS1,LMC,ETS
2540,21,1,2.25659279898351,1.349973405178987,RRAGB,FOXA1,MEF,Forkhead
2243,6,0,1.91484846940288,1.849806649531128,PLD4,BHLHE40,LMC,bHLH
2900,58,0,1.7580660040846,1.1814344667634147,SUSD1,ZEB1,LMC,Zf
2298,43,1,2.24570716939652,2.1490284471525785,POU4F1,PAX5,MEF,"Paired,Homeobox"
513,46,0,-1.3525440584189,-1.4192999214653799,CENPH,RFX5,LMC,HTH
2948,44,1,1.89850295891172,1.632724547804769,TCF7,PBX3,MEF,Homeobox
2770,10,0,1.14657944449594,0.30802053421991205,SLIT3,E2F4,LMC,E2F
2661,49,0,-1.22957922565248,-1.2098048180860197,SHF,STAT1,LMC,Stat
796,3,0,1.30396145946653,1.2683647696045455,DOCK8,BACH1,LMC,bZIP
2613,35,1,2.03597997477726,1.5129080503009928,SEMA4F,MAX,MEF,bHLH
1872,27,0,-1.77286048638889,-0.5747732822545593,MRC2,GATA3,LMC,Zf
975,10,1,1.2401815530898,1.1897821507665487,FAM161B,E2F4,MEF,E2F
2612,12,1,-4.22659102186172,-0.5654334672865728,SEMA4D,EBF1,MEF,EBF
1762,20,0,1.08923612818634,1.0407270652710414,MAP3K8,FOSL2,LMC,bZIP
1048,36,0,3.29706979403309,3.0689629600617154,FGF1,MAZ,LMC,Zf
1217,59,1,-1.68453986158092,-0.654345304909008,GNG3,ZKSCAN1,MEF,Zf
866,0,1,1.09859926841335,-0.8778974193874334,EGF,ATF1,MEF,bZIP
2937,29,1,1.50150751434557,1.23783415064154,TBC1D8,IRF1,MEF,IRF
329,20,1,-1.04984739740468,-1.7785520426050834,C1QTNF6,FOSL2,MEF,bZIP
517,1,1,-2.11372772987596,-2.1169020402911247,CENPN,ATF2,MEF,bZIP
308,56,1,1.44427192862471,1.016814622266114,BPGM,YY1,MEF,Zf
1316,36,0,2.33192726597227,1.9062112386517385,HCK,MAZ,LMC,Zf
423,60,0,-1.26956236728047,-1.6190959264630504,CCNE1,ZNF263,LMC,Zf
679,13,0,-2.86747721889391,-0.7612692260720416,CTHRC1,EGR1,LMC,Zf
3148,58,1,-2.14380067537427,-1.8942585517288026,TUBB3,ZEB1,MEF,Zf
2498,15,0,-1.3528609573943,-1.2366534920657173,RGS9BP,ELK1,LMC,ETS
414,51,1,-3.70901129351102,-3.333003141897636,CCL3,TCF12,MEF,bHLH
2290,17,0,-1.59233149150338,-1.5826666827886395,POLE,ETS1,LMC,ETS
621,7,0,-1.31093654400216,-1.4842206047214328,COL5A2,CTCF,LMC,Zf
2538,34,1,-1.60153695378032,-1.1914199088711037,RPS6KA2,MAFK,MEF,bZIP
2587,35,0,2.58402245788979,1.6670793168057185,SCN2B,MAX,LMC,bHLH
2816,51,1,-4.21242303903556,-3.322725886766637,SP110,TCF12,MEF,bHLH
904,36,1,1.05128946083192,1.0110203770959243,EPHA2,MAZ,MEF,Zf
2742,54,0,1.46235789888807,1.462541944029318,SLC39A8,USF1,LMC,bHLH
3203,43,1,-1.49832154904173,-0.736703972244425,VSIG10L,PAX5,MEF,"Paired,Homeobox"
1474,32,1,1.58552456677636,1.2510665650783985,IQUB,JUND,MEF,bZIP
23,55,0,-1.05465921556064,-0.9449082795067177,ACAT2,USF2,LMC,bHLH
2472,58,1,-2.98434592973191,-1.2094572331973483,RBM47,ZEB1,MEF,Zf
2698,4,1,2.93202883553792,0.8916683826617627,SLC16A14,BATF,MEF,bZIP
1567,27,1,-2.6418326666532,-2.6230879025997376,KIF14,GATA3,MEF,Zf
1694,3,1,3.89825776680161,1.1946782886858314,LRP1B,BACH1,MEF,bZIP
1761,54,0,-4.78522239619105,-1.023611615234893,MAP3K7CL,USF1,LMC,bHLH
1411,33,1,-1.6255397687459,-1.3539986370380976,IDH2,MAFF,MEF,bZIP
3173,43,0,-2.17040762162805,-2.1031076209202753,UNC5C,PAX5,LMC,"Paired,Homeobox"
2524,6,1,2.85091477264428,2.385238725982831,RNF208,BHLHE40,MEF,bHLH
158,3,0,-2.44997008617124,-0.8441753512661225,APBA2,BACH1,LMC,bZIP
1105,32,0,-1.06214111443697,-1.0921569642204838,FOXP4,JUND,LMC,bZIP
434,3,0,2.10004242012151,1.8715614549027668,CD180,BACH1,LMC,bZIP
3161,50,0,1.11374092396893,1.2109839079885765,UBE2L6,STAT3,LMC,Stat
1506,19,0,1.17759645335527,1.2265078938188838,ITPR1,FOS,LMC,bZIP
345,15,1,3.2806951234559,3.239757924492167,CACNA2D3,ELK1,MEF,ETS
262,52,1,-1.06022912878962,-1.1518184266518505,B4GALT1,TCF3,MEF,HMG
507,13,1,2.14841125554855,1.5251076168898365,CELSR2,EGR1,MEF,Zf
514,14,0,-1.48650253996053,-1.4707896055764595,CENPI,ELF1,LMC,ETS
276,35,1,-1.03013751610087,-0.828953548031623,BCAT1,MAX,MEF,bHLH
2054,32,1,1.67996520029264,0.8510429513483433,NUCB2,JUND,MEF,bZIP
2777,1,0,1.33467085489491,0.9120105940513931,SMARCA2,ATF2,LMC,bZIP
2408,0,0,-1.23672453135472,-0.08529068080219222,QSOX1,ATF1,LMC,bZIP
3231,7,0,-1.04138037568987,-1.4659756295658815,WNT5A,CTCF,LMC,Zf
3087,24,0,-1.33814050796436,-1.2692996060439345,TPPP,GABPA,LMC,ETS
765,3,0,1.91171581384336,-0.5333302720459802,DLK1,BACH1,LMC,bZIP
2007,27,1,2.04830921986079,0.9367890886564684,NMNAT2,GATA3,MEF,Zf
1595,2,1,1.94541631082666,1.5584074535565988,KLHL30,ATF3,MEF,bZIP
1697,33,0,-1.53337520776607,-1.4203506582011778,LRRC16A,MAFF,LMC,bZIP
1316,1,1,-2.7538568771415,-0.47385335049364924,HCK,ATF2,MEF,bZIP
3061,32,0,1.02514171178658,1.0851166012245026,TNFRSF19,JUND,LMC,bZIP
46,7,0,-2.25184790321512,-1.4127713586515036,ADAM12,CTCF,LMC,Zf
1551,7,1,-2.83262088040282,-0.9550626184524372,KCNK13,CTCF,MEF,Zf
1326,1,1,1.7722064028103,1.5411543638234826,HERC3,ATF2,MEF,bZIP
1371,51,1,3.72665701018455,3.5337623171362345,HOXC10,TCF12,MEF,bHLH
2997,60,1,-1.22578015350755,-1.0065982997406961,TLR5,ZNF263,MEF,Zf
3106,47,1,4.13858492992742,0.8802240834964076,TRIM54,SP1,MEF,Zf
3165,12,1,-2.38129196365162,-2.361307298520459,UCP2,EBF1,MEF,EBF
2000,13,0,1.5370079637518,0.48054177149368427,NLRC3,EGR1,LMC,Zf
1068,32,0,-1.76573143608257,-1.6207027711836313,FIBIN,JUND,LMC,bZIP
1719,55,1,-4.19795771516057,-0.4823854870724892,LST1,USF2,MEF,bHLH
488,14,1,-1.53660217902945,-1.5477770427299304,CDK1,ELF1,MEF,ETS
755,58,1,-2.13969551001548,-1.0668114566159297,DHFR,ZEB1,MEF,Zf
3104,54,1,-1.18940042398823,-1.1492500264578147,TRIM25,USF1,MEF,bHLH
1933,19,1,-3.07995538654105,-2.516635133434069,NAALAD2,FOS,MEF,bZIP
2285,48,1,-2.14068200203897,-1.7306970616067627,PODNL1,SP2,MEF,Zf
449,0,1,-8.10996807721768,-8.048031156853934,CD48,ATF1,MEF,bZIP
1733,26,1,1.10498032103892,-0.2824119491168181,LYRM1,GATA2,MEF,Zf
2947,51,1,-1.63161036538641,0.3060746624134049,TCF24,TCF12,MEF,bHLH
825,7,1,1.08554767073756,1.2028676586475768,DUSP15,CTCF,MEF,Zf
2672,9,1,-2.39445509281192,-2.18812326495969,SIPA1,E2F1,MEF,E2F
1167,50,1,-1.23820390834519,-0.9338495224078689,GCNT1,STAT3,MEF,Stat
2948,4,1,1.89850295891172,1.1031094914181634,TCF7,BATF,MEF,bZIP
1162,40,1,1.53185787847727,1.448201029411272,GCA,MYOG,MEF,bHLH
1693,44,1,-4.99758855508105,-2.9212490223672405,LRMP,PBX3,MEF,Homeobox
1620,50,1,-1.28789219699444,0.4940480375280125,LAMC1,STAT3,MEF,Stat
2293,54,0,-2.73358754737203,-1.5930616967148075,POM121L2,USF1,LMC,bHLH
1614,7,1,-1.61904378831684,-1.9910872162537132,LAG3,CTCF,MEF,Zf
2699,24,0,-1.13247654437372,-1.1379569772578113,SLC16A3,GABPA,LMC,ETS
909,24,0,-1.00616267624316,-1.014563265311005,EPHB3,GABPA,LMC,ETS
2218,32,1,1.38151712699702,0.5421225439875476,PIP5K1B,JUND,MEF,bZIP
1475,8,0,2.468504438056,1.9085182199160704,IRF5,CUX1,LMC,Homeobox
2583,53,0,-2.5472687417079,-2.275741788585994,SCML2,TEAD4,LMC,TEA
798,35,1,-1.97433707646498,-2.05372329470305,DOK3,MAX,MEF,bHLH
521,3,1,-1.47290606283231,-1.472906062832309,CENPU,BACH1,MEF,bZIP
3124,37,0,-1.26446182500203,-1.2420718108190827,TSLP,MEF2A,LMC,MADS
1280,25,1,1.6184334345133,1.4318251476842192,GRIA4,GATA1,MEF,Zf
1023,14,0,-2.49780599597722,-2.5039073248831176,FBLN1,ELF1,LMC,ETS
1892,51,0,-1.01142228802393,-0.8186516916674266,MTMR11,TCF12,LMC,bHLH
31,22,1,-1.0644913970013,-0.9799962792575571,ACOT7,FOXA2,MEF,Forkhead
2932,42,0,-1.75684306726493,-1.6953893691428634,TAGLN,NRF1,LMC,NRF
1003,29,0,-2.12747921647817,-2.035881738444414,FAM64A,IRF1,LMC,IRF
1983,1,0,2.32118248880711,1.3141645127444992,NFE2L3,ATF2,LMC,bZIP
441,53,0,2.38543624011782,2.4269439961285757,CD300A,TEAD4,LMC,TEA
2976,3,0,-2.53684610242498,-1.5117133492507446,THBS2,BACH1,LMC,bZIP
1049,35,0,-2.3444384689062,-2.265073175542479,FGF10,MAX,LMC,bHLH
3255,22,0,-1.03149291006368,-0.9898400957735253,ZFP41,FOXA2,LMC,Forkhead
502,43,0,1.95972854003952,2.016739175791706,CEACAM1,PAX5,LMC,"Paired,Homeobox"
1809,47,1,-1.12365506432939,-0.9016406587213085,MESDC1,SP1,MEF,Zf
2517,36,1,-2.6548546609499,0.9425235090097531,RNF144A,MAZ,MEF,Zf
960,49,1,-1.35055647048614,-1.3862969222781893,FAH,STAT1,MEF,Stat
1682,21,1,-2.74353016291485,-1.081409227311479,LPAR5,FOXA1,MEF,Forkhead
109,54,1,4.06136839444615,2.4536350865492818,ALDH1A1,USF1,MEF,bHLH
17,31,1,-2.9814574339715,-2.9814574339715016,ABI3,IRF4,MEF,IRF
1103,35,0,-1.1218794612056,-1.1531208339015822,FOXP1,MAX,LMC,bHLH
534,32,0,-1.96639667434657,-1.4774844750752643,CGNL1,JUND,LMC,bZIP
796,18,0,1.30396145946653,1.3241291676714482,DOCK8,FLI1,LMC,ETS
392,56,0,-1.59929315254546,-1.5843130632942737,CCDC18,YY1,LMC,Zf
3008,7,0,1.79119876528083,1.658021890148284,TMEM108,CTCF,LMC,Zf
112,47,1,-2.59508271988114,-0.5910130943807769,ALDH1L1,SP1,MEF,Zf
118,31,1,-1.21591862457302,-0.4412072982603547,ALOXE3,IRF4,MEF,IRF
133,21,0,-2.73853783011014,-1.3235834720376776,ANGPTL1,FOXA1,LMC,Forkhead
2365,29,1,-1.75254702820737,-1.4770265469798107,PSMB8,IRF1,MEF,IRF
1093,47,0,1.14177708816059,1.2859151290197537,FOS,SP1,LMC,Zf
161,58,0,-1.05696766770842,-1.175056888755427,APH1B,ZEB1,LMC,Zf
2331,19,0,1.34577261414618,-0.6933630029868796,PRG4,FOS,LMC,bZIP
2807,15,0,1.39826749219682,1.3136192268564044,SORL1,ELK1,LMC,ETS
234,23,1,-2.74791528300771,-2.7479152830077105,ATF7IP2,FOXM1,MEF,Forkhead
1681,52,1,-1.46976923934256,-1.0011712591419963,LPAR2,TCF3,MEF,HMG
2470,33,1,2.12684463825178,1.0346687991520676,RBM24,MAFF,MEF,bZIP
948,3,1,-1.28879864864141,0.23851984163545023,F2R,BACH1,MEF,bZIP
254,41,0,3.56926736392585,1.4594226827391636,AXIN2,NANOG,LMC,Homeobox
176,51,1,-5.36535647815118,-4.401050160214899,ARAP3,TCF12,MEF,bHLH
3145,56,1,-1.32949754920419,-1.414263636501754,TUBA1B,YY1,MEF,Zf
1095,44,0,-1.72312225058079,-1.771889274116275,FOXC1,PBX3,LMC,Homeobox
2152,21,1,-2.32673874209198,-1.809862575732134,PCK1,FOXA1,MEF,Forkhead
672,11,0,-1.49505915276106,-1.5397883535533947,CSRP1,E2F6,LMC,E2F
872,40,1,-2.19954164792105,-1.8506793298657684,EGR2,MYOG,MEF,bHLH
1413,51,0,1.905682413793,0.838259090690843,IFIT1,TCF12,LMC,bHLH
3040,43,0,-1.15867301067613,0.04355367053594795,TMEM38A,PAX5,LMC,"Paired,Homeobox"
870,54,1,-1.20899941824855,-0.9380168534384075,EGLN3,USF1,MEF,bHLH
3111,34,1,-2.16167846771077,-1.2414956740061383,TRIP13,MAFK,MEF,bZIP
1984,44,1,-1.74102844682325,-1.5428395665913957,NFKBID,PBX3,MEF,Homeobox
62,22,0,-1.72005964675759,-1.6959704508099511,ADAMTS6,FOXA2,LMC,Forkhead
2427,55,0,2.65940971963027,-0.13272193106026428,RAB6B,USF2,LMC,bHLH
2743,53,0,1.463380371895,1.4633190235145839,SLC40A1,TEAD4,LMC,TEA
953,55,1,1.08611680455142,0.13617501312348296,FAAH,USF2,MEF,bHLH
1169,10,0,-2.47437823712614,1.9215027716859145,GCNT4,E2F4,LMC,E2F
510,13,1,-3.04371144390706,-3.0437114439070583,CENPA,EGR1,MEF,Zf
517,24,1,-2.11372772987596,-2.1169020402911247,CENPN,GABPA,MEF,ETS
1796,36,0,-1.30020741696178,-0.623947203712769,MDGA1,MAZ,LMC,Zf
2763,29,0,-1.37580388005319,-1.0786468451394755,SLC9A5,IRF1,LMC,IRF
1660,42,1,-1.55962805425669,-1.5504673741355464,LIMK1,NRF1,MEF,NRF
525,14,1,-2.43362288031828,-2.433622880318281,CEP55,ELF1,MEF,ETS
1577,35,1,-1.29232054600738,-1.9445911459305634,KIF27,MAX,MEF,bHLH
2416,47,0,-2.31707370328191,-2.247328385123119,RAB27A,SP1,LMC,Zf
2741,14,0,1.76513142544521,1.847154350557779,SLC39A4,ELF1,LMC,ETS
958,24,0,-1.05370308794805,-0.9947065711988498,FADS3,GABPA,LMC,ETS
413,34,1,3.17366084341025,2.9918811220533774,CCL20,MAFK,MEF,bZIP
317,33,1,-6.68867108987945,-6.236734220755294,BTK,MAFF,MEF,bZIP
2907,28,1,2.53693676077334,0.10152204964926127,SYBU,HNF4A,MEF,NR
1948,43,1,-2.19289973216985,-2.586236120463684,NCAPG2,PAX5,MEF,"Paired,Homeobox"
895,22,0,-2.74176093683303,-2.651668941291806,ENO3,FOXA2,LMC,Forkhead
2908,20,1,1.9459690025947,0.20640425489030728,SYCP3,FOSL2,MEF,bZIP
518,29,1,-1.46993038048477,-1.4699303804847694,CENPP,IRF1,MEF,IRF
3051,1,1,1.32077569485417,-1.0120364223773761,TMX2,ATF2,MEF,bZIP
674,50,0,3.17319654675173,0.3282798165766888,CSRP3,STAT3,LMC,Stat
2636,51,1,1.37499605573146,-0.4360562096252255,SGCD,TCF12,MEF,bHLH
2710,58,0,1.87389290621927,1.4441858204261155,SLC22A4,ZEB1,LMC,Zf
792,47,1,-1.16716822785582,-1.08672640345372,DNMT1,SP1,MEF,Zf
2554,0,1,1.43017376185233,1.2132647605135884,RTP4,ATF1,MEF,bZIP
440,29,0,1.03797956914794,1.1391174613625572,CD2AP,IRF1,LMC,IRF
1609,0,0,2.05229480885656,1.75632158731338,KRT7,ATF1,LMC,bZIP
1413,34,0,1.905682413793,1.8463487314179412,IFIT1,MAFK,LMC,bZIP
2448,10,1,-3.64035257303217,-3.2959461816848066,RAPGEF5,E2F4,MEF,E2F
2749,34,1,2.22524468939725,-0.3198545699816597,SLC45A1,MAFK,MEF,bZIP
2324,1,0,-1.08241107682554,-0.04210418279471636,PRCP,ATF2,LMC,bZIP
915,20,1,2.65031729246716,2.1178971191896765,ERBB3,FOSL2,MEF,bZIP
1243,47,0,-1.11359055206435,-0.46436345085067243,GPR153,SP1,LMC,Zf
3053,6,0,2.99603149630892,1.3113449124557315,TNF,BHLHE40,LMC,bHLH
1229,33,0,-1.54093470936659,-1.600656564704122,GPC6,MAFF,LMC,bZIP
3035,34,1,1.69106773428587,1.3721306223325223,TMEM25,MAFK,MEF,bZIP
2083,47,1,-1.05535891995952,-0.7467778418996103,OLFML3,SP1,MEF,Zf
725,7,1,1.02420262689616,0.9795906226402219,DACH2,CTCF,MEF,Zf
404,8,1,1.13304842911504,0.9876829125642521,CCDC87,CUX1,MEF,Homeobox
1148,56,1,-1.36703652008448,-1.2087218663934078,GAREML,YY1,MEF,Zf
2349,46,0,-1.15565361783334,-0.672105166992189,PRRT2,RFX5,LMC,HTH
3152,43,0,-1.21560557967585,-1.229073783054198,TVP23A,PAX5,LMC,"Paired,Homeobox"
1323,44,0,1.11395880944298,1.0820706285525803,HEG1,PBX3,LMC,Homeobox
1103,56,0,-1.1218794612056,-1.1383093399154445,FOXP1,YY1,LMC,Zf
1648,30,0,1.39432488372804,1.336817360134112,LGMN,IRF3,LMC,IRF
901,37,1,-2.65105512699135,1.2038219858084394,ENTPD1,MEF2A,MEF,MADS
1142,24,0,-2.57237384040221,-1.1037120783260426,GALNT18,GABPA,LMC,ETS
1469,58,0,-1.34614119276357,-1.1292176011517836,INSIG1,ZEB1,LMC,Zf
1524,34,1,4.11018143580705,3.426051945550784,KCNA2,MAFK,MEF,bZIP
2523,47,0,-1.17127768993016,-1.1338186340920782,RNF207,SP1,LMC,Zf
343,27,0,2.00940314934979,1.024649533169177,CACNA1S,GATA3,LMC,Zf
229,44,0,-1.67583306263046,-2.0658341878343545,ASPM,PBX3,LMC,Homeobox
2873,54,0,2.92349830615075,1.5129445501472492,STAR,USF1,LMC,bHLH
2975,46,0,-1.10337016351696,-1.1857787606061156,THBS1,RFX5,LMC,HTH
1589,34,1,1.54085480516955,1.5114506683480036,KLF15,MAFK,MEF,bZIP
1482,11,0,1.42105511718159,1.2870863810304423,ISG15,E2F6,LMC,E2F
1729,37,1,-4.8970427214155,-4.6650096177662315,LY9,MEF2A,MEF,MADS
1039,54,1,1.10821046471605,1.1082104647160504,FBXO7,USF1,MEF,bHLH
516,9,1,-2.19308549025505,-2.1930854902550476,CENPM,E2F1,MEF,E2F
2735,27,0,2.22677538794117,2.1430597889498286,SLC35F3,GATA3,LMC,Zf
2386,36,0,2.05154846441403,2.0040161455704397,PTPN6,MAZ,LMC,Zf
100,60,0,1.80170248274046,1.3386524902684656,AIM1,ZNF263,LMC,Zf
1078,2,1,1.79466757101752,1.6893860674772174,FLRT3,ATF3,MEF,bZIP
2739,52,0,1.07554724816405,1.1049295845217062,SLC39A10,TCF3,LMC,HMG
3027,20,1,1.32712267996545,0.001482503542482263,TMEM184A,FOSL2,MEF,bZIP
2779,3,1,1.10158499878209,-0.43564057379114624,SMIM8,BACH1,MEF,bZIP
2399,56,1,-1.40254242700849,-0.2554215278558025,PVRL2,YY1,MEF,Zf
770,14,0,2.04571185568345,1.6792663706304987,DMC1,ELF1,LMC,ETS
74,35,0,2.18724413507393,0.7514985788090979,ADCYAP1R1,MAX,LMC,bHLH
226,59,1,-2.12606281183785,-2.1983016377508866,ASF1B,ZKSCAN1,MEF,Zf
264,30,1,-1.12777061966967,-1.0401586284258182,B4GALT5,IRF3,MEF,IRF
512,1,1,-2.39804093947349,-2.4058735992032476,CENPF,ATF2,MEF,bZIP
2693,3,0,1.05954413123607,0.9486770002099615,SLC16A1,BACH1,LMC,bZIP
346,6,1,2.3050515227329,2.585454406502747,CACNB2,BHLHE40,MEF,bHLH
1347,35,1,-2.24742323046206,-2.2474639824520524,HMMR,MAX,MEF,bHLH
2047,32,1,-3.18610440050238,-1.6388427939720192,NT5DC2,JUND,MEF,bZIP
2821,7,1,1.33614858114974,1.1643525771902288,SPA17,CTCF,MEF,Zf
2214,47,0,1.83280846759389,1.6213261784226132,PIK3R5,SP1,LMC,Zf
1377,40,0,2.41891822606775,2.352017539837702,HOXD1,MYOG,LMC,bHLH
1080,36,0,-1.8819161171877,-1.4276853062129513,FMN2,MAZ,LMC,Zf
3095,34,1,-2.07832375301866,-0.126099761500216,TREM1,MAFK,MEF,bZIP
2840,34,1,-2.37049912905105,-2.3177168073494907,SPOCD1,MAFK,MEF,bZIP
2776,50,1,-4.60380268008925,-3.2699196822829077,SMAGP,STAT3,MEF,Stat
172,36,0,-1.58439044713677,-0.9917625643179292,AQP1,MAZ,LMC,Zf
890,29,1,-1.72130718281428,-2.032790439363838,EN1,IRF1,MEF,IRF
627,24,1,1.8243554918692,1.7552111296112602,COLGALT2,GABPA,MEF,ETS
1310,44,0,1.76054130107465,1.7628811786259635,HAP1,PBX3,LMC,Homeobox
144,22,1,-2.61285486595035,-2.4323660457739384,ANLN,FOXA2,MEF,Forkhead
1382,53,1,-3.28891677324361,-0.3111562941291109,HP,TEAD4,MEF,TEA
2291,17,0,-1.23879932531305,-1.2853351098961188,POLE2,ETS1,LMC,ETS
2979,8,0,2.03543776530744,-0.2875109602389677,THEMIS2,CUX1,LMC,Homeobox
2866,32,0,-3.45472894499849,-1.5624878053419107,ST8SIA2,JUND,LMC,bZIP
968,7,0,-1.4871692627616,-2.0761552666588727,FAM131B,CTCF,LMC,Zf
2543,25,1,-1.0411947412753,0.05415740537778595,RSAD2,GATA1,MEF,Zf
1651,35,0,-1.75281523160865,0.809341376440369,LHX6,MAX,LMC,bHLH
33,2,0,-1.13494100888188,-1.517551368455359,ACSL3,ATF3,LMC,bZIP
997,19,0,-1.75327919236448,-1.2207147687029454,FAM43A,FOS,LMC,bZIP
3034,32,0,-1.63490947200649,-0.5806584227731243,TMEM246,JUND,LMC,bZIP
1838,41,1,1.00684294020748,0.7135509587937231,MLLT3,NANOG,MEF,Homeobox
866,8,1,1.09859926841335,0.18803275418616697,EGF,CUX1,MEF,Homeobox
2214,11,0,1.83280846759389,1.4465028313012767,PIK3R5,E2F6,LMC,E2F
1469,49,0,-1.34614119276357,-1.2127212465785746,INSIG1,STAT1,LMC,Stat
2450,13,0,-1.05231333068148,-1.0225055033225408,RARG,EGR1,LMC,Zf
927,24,0,2.855110586397,2.63103323239531,ESYT3,GABPA,LMC,ETS
39,31,1,-1.17835208367133,-1.1783520836713295,ACTB,IRF4,MEF,IRF
2549,6,1,-1.63846403624182,1.3151203176444697,RTKN2,BHLHE40,MEF,bHLH
948,6,1,-1.28879864864141,0.10752666966422389,F2R,BHLHE40,MEF,bHLH
633,44,1,-1.79253763606394,-2.299508644873508,COTL1,PBX3,MEF,Homeobox
1212,0,0,1.36683741694235,0.2302911423397747,GNA15,ATF1,LMC,bZIP
1391,12,1,1.25878429586972,1.5196296816525876,HS3ST6,EBF1,MEF,EBF
3150,5,1,-1.30229002037898,-1.3073001436714,TUBB6,BCL11A,MEF,Zf
171,49,0,-1.30844755503104,-0.31274046910208847,APOLD1,STAT1,LMC,Stat
1755,24,1,1.44675059778811,0.8178178901992351,MANSC1,GABPA,MEF,ETS
2296,14,0,2.27815777289696,0.979142937242323,POU2F2,ELF1,LMC,ETS
1310,35,0,1.76054130107465,1.863198521863604,HAP1,MAX,LMC,bHLH
1792,31,1,-5.09340625018667,-4.717204121864069,MCOLN2,IRF4,MEF,IRF
3229,56,0,2.3354313169391,-1.6803728509285591,WNT2,YY1,LMC,Zf
2409,25,0,1.19634377115798,1.0471965325466854,RAB11FIP1,GATA1,LMC,Zf
747,15,0,-1.04094116021417,-0.998753794443309,DENND3,ELK1,LMC,ETS
2385,51,1,1.14202848091525,0.6418537124286346,PTPN3,TCF12,MEF,bHLH
151,1,0,-1.257800767497,-0.8989628150487373,ANXA6,ATF2,LMC,bZIP
3027,55,1,1.32712267996545,0.9200473995154081,TMEM184A,USF2,MEF,bHLH
489,36,0,1.13278495482569,0.797143238524823,CDK18,MAZ,LMC,Zf
565,41,1,-1.20092685026686,-1.2610292609363152,CKS1B,NANOG,MEF,Homeobox
2733,11,0,-1.7704915464473,-1.3796714060942719,SLC35F1,E2F6,LMC,E2F
933,49,1,-1.77779361949346,-2.3573714342086447,EVI2A,STAT1,MEF,Stat
3128,56,1,-1.05080463512816,0.8705404914033569,TSPAN18,YY1,MEF,Zf
699,11,1,1.06432616534857,-1.5084315373023118,CXCL1,E2F6,MEF,E2F
173,36,0,4.20904927163551,3.250686725425409,AQP5,MAZ,LMC,Zf
219,21,0,-1.24960154559807,-1.2980398022390576,ASAP3,FOXA1,LMC,Forkhead
3040,25,0,-1.15867301067613,-0.4399753527761098,TMEM38A,GATA1,LMC,Zf
1488,3,0,-3.15234996069048,-2.3579527712757264,ITGA11,BACH1,LMC,bZIP
422,54,0,-1.97026365602147,-1.852709245827459,CCNB2,USF1,LMC,bHLH
1017,31,1,-1.97493658435611,-1.9718817763265921,FANCI,IRF4,MEF,IRF
2011,55,1,-1.11600402981182,-0.7767544839689343,NOD1,USF2,MEF,bHLH
1164,58,1,3.04067722262109,2.4552690175607768,GCHFR,ZEB1,MEF,Zf
1055,7,1,1.83302922552139,1.6538295361457376,FGF5,CTCF,MEF,Zf
1881,32,1,1.05245446159028,0.7028639708276107,MSI2,JUND,MEF,bZIP
2194,60,1,1.41728947266059,0.1605006666245894,PFN4,ZNF263,MEF,Zf
939,47,1,1.71146128558084,1.1929927144956458,EXPH5,SP1,MEF,Zf
233,57,0,1.1636924686686,0.7351725553331356,ATF6,ZBTB33,LMC,Zf
580,9,0,1.31839983318869,1.3645441291530278,CLMN,E2F1,LMC,E2F
2924,55,1,2.47982892076231,1.4278333969700707,SYTL3,USF2,MEF,bHLH
1386,21,1,-6.01464127600366,-3.7996761055977943,HPGDS,FOXA1,MEF,Forkhead
1502,7,0,-3.72547903980013,1.8170539561382792,ITIH2,CTCF,LMC,Zf
1232,36,0,-1.41406949123652,-1.4515310086620317,GPM6B,MAZ,LMC,Zf
648,25,1,1.09296402967198,0.745722451374825,CREBL2,GATA1,MEF,Zf
1147,25,1,-1.06721399184908,-0.9553308578655388,GAPDH,GATA1,MEF,Zf
1395,3,1,1.04373265354892,0.8551491384613148,HSD17B1,BACH1,MEF,bZIP
3138,3,0,-1.6865426189192,-1.6880118408542701,TTLL11,BACH1,LMC,bZIP
2161,21,1,-1.03710458494733,-1.3832156531602664,PCYT1B,FOXA1,MEF,Forkhead
1201,35,1,5.88965789173088,4.723662604276579,GLDN,MAX,MEF,bHLH
281,33,1,-1.55425053108791,-1.2779548495834858,BDH1,MAFF,MEF,bZIP
512,20,1,-2.39804093947349,-2.4293715783925216,CENPF,FOSL2,MEF,bZIP
1819,42,1,-2.40695501424756,-2.098531103441084,MFNG,NRF1,MEF,NRF
2818,32,1,-2.08194247908824,-1.9800988349786315,SP3,JUND,MEF,bZIP
1970,2,1,-2.2655962110482,-1.514091822433227,NEK2,ATF3,MEF,bZIP
1953,30,1,-6.35980245271941,-6.41356233130892,NCF2,IRF3,MEF,IRF
2023,43,1,-1.34352226122339,-1.3302183846595177,NPEPL1,PAX5,MEF,"Paired,Homeobox"
2118,22,1,2.04572925803728,0.6149238314942856,PANX2,FOXA2,MEF,Forkhead
994,29,1,1.02278867867513,1.0224621507811409,FAM222A,IRF1,MEF,IRF
322,57,0,-1.95916441975136,-0.3405717065658253,BZRAP1,ZBTB33,LMC,Zf
2769,3,0,2.09820679159257,0.6685795966681576,SLFN5,BACH1,LMC,bZIP
3086,13,1,-1.19173570792296,-0.6257817004854238,TPM4,EGR1,MEF,Zf
2572,50,1,1.24918446806687,0.9013134640547195,SAP18,STAT3,MEF,Stat
29,50,1,-1.44100672629891,-1.087267462236686,ACOT1,STAT3,MEF,Stat
1353,48,0,1.4838362949105,0.8626062688137409,HOOK1,SP2,LMC,Zf
715,5,1,1.4558525131314,2.421204844376492,CYP1B1,BCL11A,MEF,Zf
2734,22,0,-2.55732246205919,-2.467197228031068,SLC35F2,FOXA2,LMC,Forkhead
1668,35,1,3.05412965320593,0.5516075094085912,LMCD1,MAX,MEF,bHLH
2196,54,1,-1.48538119052124,-1.1550100882161103,PGAP3,USF1,MEF,bHLH
2296,55,1,-3.99984604222538,-1.3060526334918194,POU2F2,USF2,MEF,bHLH
879,36,0,1.68125619987682,1.6243614480495798,ELMO1,MAZ,LMC,Zf
258,6,1,-3.11290699183217,-3.0452120773704707,B3GNT7,BHLHE40,MEF,bHLH
2237,14,0,-1.05227205215132,1.8527273047176112,PLCD1,ELF1,LMC,ETS
1323,9,1,-1.27285316107792,-0.2216084198949907,HEG1,E2F1,MEF,E2F
246,59,0,1.18330327912453,0.46488454580451216,ATP6V1B2,ZKSCAN1,LMC,Zf
2234,34,1,4.19996079719983,2.533714528527375,PLAGL1,MAFK,MEF,bZIP
3128,50,1,-1.05080463512816,0.9849724247440403,TSPAN18,STAT3,MEF,Stat
3156,4,1,-9.23167979571188,-7.3046919954732346,TYROBP,BATF,MEF,bZIP
2668,56,1,2.58347136368488,0.017476230988734454,SHROOM3,YY1,MEF,Zf
1821,60,0,-1.90973057974715,-1.0115542915008264,MFSD2A,ZNF263,LMC,Zf
1631,25,1,-4.84865339825882,-3.0175269546953514,LCP1,GATA1,MEF,Zf
1679,8,0,-1.54161054323492,-1.274562789754833,LOXL3,CUX1,LMC,Homeobox
2389,19,0,1.29431496605626,1.7629494774402479,PTPRE,FOS,LMC,bZIP
1118,21,1,1.15084131246931,0.8035850621681573,FSIP1,FOXA1,MEF,Forkhead
2934,24,0,2.09023465675641,0.8899607042141856,TAL1,GABPA,LMC,ETS
1401,46,0,-1.60518595987966,-1.27882986054136,HSPB6,RFX5,LMC,HTH
466,40,1,-1.50814193249096,-1.550148172157009,CDC25B,MYOG,MEF,bHLH
1402,40,0,1.76983656065279,1.4879638983918166,HSPB7,MYOG,LMC,bHLH
2464,51,0,-1.49998863306181,0.9582427274690346,RASSF6,TCF12,LMC,bHLH
1104,3,0,-2.14758838833704,-1.4833033978431787,FOXP2,BACH1,LMC,bZIP
1771,41,0,1.03693296913821,1.806464180851394,MARVELD2,NANOG,LMC,Homeobox
1145,34,1,-8.0966931751527,-2.7056804100563814,GALNT6,MAFK,MEF,bZIP
2733,12,1,2.13813545417356,1.4466015528552183,SLC35F1,EBF1,MEF,EBF
555,47,1,1.80769993725996,1.7065487228534557,CHST7,SP1,MEF,Zf
3228,36,0,-2.73861735150562,-1.3018430116777162,WNT16,MAZ,LMC,Zf
2027,51,1,-2.04766080988131,-1.5965824336237295,NPTX1,TCF12,MEF,bHLH
3253,8,1,-1.66201529403874,-0.9159473462482953,ZDHHC2,CUX1,MEF,Homeobox
2643,7,1,-1.11397899521332,-1.2771224056147654,SH2B2,CTCF,MEF,Zf
2839,11,1,1.40128640910394,-1.209429607285831,SPNS2,E2F6,MEF,E2F
42,56,1,2.34295680761973,1.300646496178864,ACVR1C,YY1,MEF,Zf
1347,15,1,-2.24742323046206,-2.1312033752818915,HMMR,ELK1,MEF,ETS
2989,55,1,-2.344269698283,0.36931075720072504,TJP3,USF2,MEF,bHLH
1720,60,0,-2.12555056976554,-1.4767626129699039,LTBP1,ZNF263,LMC,Zf
1942,35,1,-1.55591983472533,-1.544322058847194,NAV1,MAX,MEF,bHLH
565,41,0,-1.00847937566147,-1.0128229306799,CKS1B,NANOG,LMC,Homeobox
620,53,0,-1.59643801588657,-1.5184847238608077,COL5A1,TEAD4,LMC,TEA
1604,46,1,-2.53686917064916,-2.774820556473029,KNSTRN,RFX5,MEF,HTH
762,15,0,1.09464442057264,1.1657403621612348,DLEU2,ELK1,LMC,ETS
1075,33,1,-1.51378545844316,-1.3698455192144843,FLI1,MAFF,MEF,bZIP
1820,15,1,-1.62563638359958,-1.8275793716723012,MFSD12,ELK1,MEF,ETS
176,19,0,1.68932454444694,1.4217797474071774,ARAP3,FOS,LMC,bZIP
3162,29,1,-1.57637625372954,-1.715541881052367,UBE2T,IRF1,MEF,IRF
910,17,1,1.34784390842321,1.3787608900322257,EPHB6,ETS1,MEF,ETS
111,24,1,-1.27853399231863,0.7204577242006117,ALDH1A3,GABPA,MEF,ETS
2894,4,1,-1.24756860580179,0.051062745328449385,STX1A,BATF,MEF,bZIP
2088,50,0,-1.41192018602602,-1.4225665435958357,OPN3,STAT3,LMC,Stat
764,58,1,-2.77861016108699,-2.2961399483936327,DLGAP5,ZEB1,MEF,Zf
2644,49,1,2.09697385595066,1.1838359637737284,SH2D2A,STAT1,MEF,Stat
1504,13,0,1.98667024272069,1.967155862360089,ITM2A,EGR1,LMC,Zf
1080,35,0,-1.8819161171877,-1.54239200402091,FMN2,MAX,LMC,bHLH
1285,1,0,-1.73109418771401,-1.9915446704495527,GRIN1,ATF2,LMC,bZIP
278,26,0,-2.49068744677869,-2.4913356393074695,BCL11A,GATA2,LMC,Zf
2845,35,0,-1.12860791435859,-0.8971719816592563,SPRY1,MAX,LMC,bHLH
854,15,1,-1.88598600687672,-1.880147623789212,EEPD1,ELK1,MEF,ETS
940,54,0,-1.04928380645849,-0.6220261174241569,EXT1,USF1,LMC,bHLH
1347,55,1,-2.24742323046206,-1.140948411215815,HMMR,USF2,MEF,bHLH
247,37,0,1.05206045472128,1.0821269748957163,ATP8A1,MEF2A,LMC,MADS
747,21,0,-1.04094116021417,-0.8657590902166054,DENND3,FOXA1,LMC,Forkhead
1920,47,0,-1.51597579647074,-0.9070720001966247,MYO1B,SP1,LMC,Zf
1317,36,1,-5.75532877866316,-4.2377480620767685,HCLS1,MAZ,MEF,Zf
797,36,1,-1.86193635058118,-2.040860706105515,DOK2,MAZ,MEF,Zf
2572,1,1,1.24918446806687,-0.6454878441747829,SAP18,ATF2,MEF,bZIP
258,23,1,-3.11290699183217,-3.112005225106998,B3GNT7,FOXM1,MEF,Forkhead
469,11,0,-1.08880876245464,-1.08880876245464,CDC42EP4,E2F6,LMC,E2F
739,40,1,1.57375665683309,1.2218042479739646,DDN,MYOG,MEF,bHLH
1692,51,1,-1.07379520947069,-0.3673456708276436,LRIG1,TCF12,MEF,bHLH
2790,36,1,-1.59761294289245,0.34947359579092657,SNCAIP,MAZ,MEF,Zf
1485,53,1,1.4915516330555,0.2249185520642173,ISM1,TEAD4,MEF,TEA
1948,35,1,-2.19289973216985,-2.195645102885349,NCAPG2,MAX,MEF,bHLH
1059,22,1,-1.30648104502404,-1.1932384638906044,FGFR1,FOXA2,MEF,Forkhead
2658,36,0,-1.94369760762951,-1.636773172804866,SHC2,MAZ,LMC,Zf
2095,21,0,-4.06327887175194,-3.4460255482285596,OSR2,FOXA1,LMC,Forkhead
599,51,1,-3.5096624876874,-1.3432063850894014,CNR2,TCF12,MEF,bHLH
2522,0,1,-2.61978515397159,1.7394643131934941,RNF183,ATF1,MEF,bZIP
1326,50,1,1.7722064028103,1.1698184209864624,HERC3,STAT3,MEF,Stat
2976,36,1,-2.88170681856128,-1.2338585698832798,THBS2,MAZ,MEF,Zf
3056,50,0,1.851144354377,-0.3526642366884606,TNFAIP8L2,STAT3,LMC,Stat
703,53,1,-1.39331579704767,-1.075614791615286,CXCR4,TEAD4,MEF,TEA
246,32,0,1.18330327912453,1.18330327912453,ATP6V1B2,JUND,LMC,bZIP
920,11,0,2.3110851686836,2.0995829086596975,ESAM,E2F6,LMC,E2F
1016,47,1,-1.82219618288015,-1.6822943900256744,FANCD2,SP1,MEF,Zf
1093,29,0,1.14177708816059,0.9125851410612793,FOS,IRF1,LMC,IRF
1568,13,1,-2.57584463626319,-2.4011046936607015,KIF15,EGR1,MEF,Zf
3051,11,1,1.32077569485417,-0.5649448561234528,TMX2,E2F6,MEF,E2F
1783,56,1,-1.39828248423787,-1.445619110322633,MCAM,YY1,MEF,Zf
1811,34,1,1.49384441854823,1.3783679216419558,MEST,MAFK,MEF,bZIP
1796,32,1,-1.40658639533232,-1.3895741813572726,MDGA1,JUND,MEF,bZIP
2816,49,0,1.48469516913959,1.4835584580935555,SP110,STAT1,LMC,Stat
975,2,1,1.2401815530898,1.3028122817006005,FAM161B,ATF3,MEF,bZIP
2898,36,1,1.31714950392456,1.373627515006825,STYXL1,MAZ,MEF,Zf
1322,0,1,1.43964163206094,1.0632559050816661,HDGFRP3,ATF1,MEF,bZIP
138,58,0,-2.36033516397192,-2.1074979952651445,ANKLE1,ZEB1,LMC,Zf
451,0,0,2.0789712890097,2.063346636425079,CD53,ATF1,LMC,bZIP
1579,49,0,1.28112113456646,1.2243779161938975,KIF3A,STAT1,LMC,Stat
493,17,1,2.49945734223034,2.1118819674246327,CDKL4,ETS1,MEF,ETS
2508,49,1,1.45817436645664,0.7782507708093184,RIMS3,STAT1,MEF,Stat
2887,18,1,-1.50835202317038,-1.5031117778238055,STMN1,FLI1,MEF,ETS
236,24,0,1.40075052291978,1.3035521172590285,ATG9B,GABPA,LMC,ETS
792,35,1,-1.16716822785582,-1.3245163868456689,DNMT1,MAX,MEF,bHLH
108,9,1,1.07862740724675,0.7058891686098343,ALCAM,E2F1,MEF,E2F
2822,12,0,-1.06304711163904,-1.2533273397392406,SPAG4,EBF1,LMC,EBF
2742,44,0,1.46235789888807,1.4894099132096243,SLC39A8,PBX3,LMC,Homeobox
2301,58,0,-1.30817783764579,-0.9154823679496455,PPAP2A,ZEB1,LMC,Zf
1588,21,0,-2.56633169713976,-2.5360661002083913,KLF12,FOXA1,LMC,Forkhead
872,50,1,-2.19954164792105,-1.8220423053118717,EGR2,STAT3,MEF,Stat
3236,23,0,1.14579429923485,1.0383227209445387,WWP1,FOXM1,LMC,Forkhead
645,3,0,2.6611503079023,1.9245006446191544,CRABP2,BACH1,LMC,bZIP
1094,52,1,1.9671559113756,1.3403671875841818,FOXA3,TCF3,MEF,HMG
2030,32,0,-1.75744010666579,-1.5233745027998093,NPY1R,JUND,LMC,bZIP
2601,8,1,1.00843762708864,0.6430376909409748,SEC14L5,CUX1,MEF,Homeobox
1320,56,1,-2.2017818686725,1.5500723231331834,HCST,YY1,MEF,Zf
1374,19,1,-1.56993906660248,-1.133213928583001,HOXC5,FOS,MEF,bZIP
320,51,1,-3.21931037821547,-2.854759915312195,BUB1,TCF12,MEF,bHLH
1307,7,0,-1.36464889595292,-1.5056745905865014,H1FX,CTCF,LMC,Zf
1754,58,1,1.57566577442679,1.0027985434717233,MANEAL,ZEB1,MEF,Zf
55,13,1,-1.08305434945511,-1.9338403648039932,ADAMTS10,EGR1,MEF,Zf
192,28,1,2.20377454914225,-0.8100494358977395,ARHGEF16,HNF4A,MEF,NR
1808,20,0,-1.82115918803008,-1.780016916300733,MELK,FOSL2,LMC,bZIP
1542,54,0,2.07201257474795,0.4617082818614619,KCNIP2,USF1,LMC,bHLH
1781,11,0,1.53782581038455,0.8279050999534412,MBP,E2F6,LMC,E2F
3239,33,1,9.86262990937473,6.335479910511372,XIST,MAFF,MEF,bZIP
829,23,0,-1.17747353187961,-1.0779188509980222,DUT,FOXM1,LMC,Forkhead
3190,29,1,-7.1439541428595,-3.1620222303516408,VAV1,IRF1,MEF,IRF
2207,20,1,-1.1353942403262,-0.17290568837442244,PIANP,FOSL2,MEF,bZIP
554,36,0,-1.85936248745895,-1.167883679977523,CHST5,MAZ,LMC,Zf
2507,14,1,1.46211095668612,1.1003776058288377,RIC3,ELF1,MEF,ETS
2382,5,0,1.0109676241031,0.7290907118535702,PTPN13,BCL11A,LMC,Zf
1620,58,1,-1.28789219699444,0.3831976081343782,LAMC1,ZEB1,MEF,Zf
903,3,0,2.93275182204377,1.5444205262622175,EPCAM,BACH1,LMC,bZIP
2230,24,0,1.79197987806405,1.79189564880982,PLA2G7,GABPA,LMC,ETS
1727,50,0,-1.8059852208024,-1.74813779629657,LY75,STAT3,LMC,Stat
3160,50,1,-2.89414773676838,-1.3375031617674644,UBE2C,STAT3,MEF,Stat
24,10,1,2.15532876906198,2.4368681772114664,ACE,E2F4,MEF,E2F
1368,60,1,-1.53051207799042,-0.875327591033599,HOXB6,ZNF263,MEF,Zf
2933,54,1,-1.95592310103042,-0.42999654644084034,TAGLN2,USF1,MEF,bHLH
2574,56,1,-2.47219502126742,-0.326054840111764,SAPCD2,YY1,MEF,Zf
2249,58,1,1.15271259876003,0.3174536580388425,PLEKHG1,ZEB1,MEF,Zf
414,7,1,-3.70901129351102,-3.496707044420919,CCL3,CTCF,MEF,Zf
208,30,0,1.28382265210123,1.2871681218101463,ARMC2,IRF3,LMC,IRF
579,56,1,3.342796992011,1.9138617314454138,CLIP4,YY1,MEF,Zf
2786,40,1,-1.24692938914532,-0.6290496986356753,SNAI1,MYOG,MEF,bHLH
886,25,0,-1.4650615392872,-1.141483319350873,EMILIN1,GATA1,LMC,Zf
265,56,1,-1.1411111453521,-1.2316180974272926,BAG2,YY1,MEF,Zf
208,47,0,1.28382265210123,1.2446481151754223,ARMC2,SP1,LMC,Zf
1752,60,1,-1.28798152001015,-0.15424722877244906,MAN2A1,ZNF263,MEF,Zf
112,35,1,-2.59508271988114,0.2300003285518687,ALDH1L1,MAX,MEF,bHLH
1697,33,0,-1.53337520776607,-1.4203506582011778,LRRC16A,MAFF,LMC,bZIP
1361,7,1,-1.86354793445035,-1.7783006472289842,HOXA6,CTCF,MEF,Zf
3124,6,0,-1.26446182500203,-0.9363670396404534,TSLP,BHLHE40,LMC,bHLH
1028,35,0,-2.42665595315409,-2.3211191879712305,FBN2,MAX,LMC,bHLH
613,42,0,-2.62487820089675,-2.2635597423662155,COL19A1,NRF1,LMC,NRF
1613,7,0,2.4317777613676,2.427024709628059,LAD1,CTCF,LMC,Zf
2990,52,1,-1.96035300857267,-1.3698609646103257,TK1,TCF3,MEF,HMG
737,25,1,-1.57237296988746,-1.3070344634511364,DDC,GATA1,MEF,Zf
3051,11,1,1.32077569485417,-0.5649448561234528,TMX2,E2F6,MEF,E2F
2012,22,1,2.32640773297415,1.6487978472400378,NOG,FOXA2,MEF,Forkhead
747,14,0,-1.04094116021417,-1.0015684973226946,DENND3,ELF1,LMC,ETS
1634,35,0,-1.87642244998417,-0.2591713317394804,LDB2,MAX,LMC,bHLH
35,56,0,-1.09413388951588,-0.6928854820855402,ACSS2,YY1,LMC,Zf
2487,8,0,1.09121897733351,0.2204421145789467,RFTN1,CUX1,LMC,Homeobox
1618,25,1,2.02536886419006,0.8418804490823334,LAMA5,GATA1,MEF,Zf
2517,7,0,-3.74593415862664,-3.0947046249208707,RNF144A,CTCF,LMC,Zf
1820,44,1,-1.62563638359958,-1.5150207749721898,MFSD12,PBX3,MEF,Homeobox
1122,7,0,1.39882956316338,0.6051052404546294,FSTL4,CTCF,LMC,Zf
1556,13,1,-1.60578743741166,-1.5030775676445771,KCNS3,EGR1,MEF,Zf
2925,32,0,-1.54761194078495,-1.3287120626568552,SYTL4,JUND,LMC,bZIP
2296,46,1,-3.99984604222538,-2.5750943636107824,POU2F2,RFX5,MEF,HTH
2664,3,1,1.59313087481905,-0.12728373186557235,SHISA7,BACH1,MEF,bZIP
2349,50,0,-1.15565361783334,-0.7427147968632104,PRRT2,STAT3,LMC,Stat
2363,52,1,-1.26461993773534,-1.4018625452740887,PSD4,TCF3,MEF,HMG
1631,14,0,1.88765751605467,1.818205448349521,LCP1,ELF1,LMC,ETS
1955,30,0,2.19064837512025,2.0790889010028177,NCKAP1L,IRF3,LMC,IRF
2451,24,0,-1.70961630127587,-1.6747838019698449,RARRES1,GABPA,LMC,ETS
131,26,0,-2.66515521694027,-0.9565934284005541,ANGPT2,GATA2,LMC,Zf
54,40,0,-1.06071433236995,-0.2953536786813644,ADAMTS1,MYOG,LMC,bHLH
1669,24,1,-2.03337449621201,-1.932127218222852,LMNB1,GABPA,MEF,ETS
795,43,0,1.65647439431086,1.7656955865419872,DOCK3,PAX5,LMC,"Paired,Homeobox"
1879,37,0,2.49984910075279,1.1098271986839414,MS4A7,MEF2A,LMC,MADS
530,18,1,1.29315129835273,1.2899633247974214,CFAP57,FLI1,MEF,ETS
322,49,0,-1.95916441975136,-1.0719006526949348,BZRAP1,STAT1,LMC,Stat
2189,6,0,1.82693979976059,1.8186421004463853,PF4,BHLHE40,LMC,bHLH
2901,13,1,-5.15300147386645,-4.627484957850568,SUSD3,EGR1,MEF,Zf
3088,58,1,-1.19429551149551,-0.9583030032078625,TPX2,ZEB1,MEF,Zf
558,24,0,-1.18502711991529,-1.1948293540648043,CIB2,GABPA,LMC,ETS
661,60,1,-1.03944334145261,-1.150085385751324,CRYL1,ZNF263,MEF,Zf
2723,60,0,-1.25049449145877,-1.25549181544644,SLC29A4,ZNF263,LMC,Zf
1180,56,1,1.62792565977569,0.7163217631648686,GFRA2,YY1,MEF,Zf
1385,51,0,3.15189241334862,2.5669797797560965,HPGD,TCF12,LMC,bHLH
2849,12,1,-1.63063211909057,-0.6173858868948341,SPTB,EBF1,MEF,EBF
252,36,1,-2.3618604739919,-2.2259760382499043,AURKB,MAZ,MEF,Zf
2950,53,0,1.15119818356183,0.9821339794783951,TCIRG1,TEAD4,LMC,TEA
152,32,0,2.09138320336646,-0.34403406429240535,ANXA8,JUND,LMC,bZIP
2332,59,1,-1.39027810102326,-1.3933389650405212,PRIM1,ZKSCAN1,MEF,Zf
2461,50,0,-2.74372278421634,-1.4188479851749074,RASL12,STAT3,LMC,Stat
2386,24,1,-5.85839993985972,-5.618140433228686,PTPN6,GABPA,MEF,ETS
789,3,1,-1.4228230728887,-1.3762980820336823,DNER,BACH1,MEF,bZIP
1068,50,1,-1.19455565188966,-1.4518338016188823,FIBIN,STAT3,MEF,Stat
1429,11,1,-1.17707093271722,-1.0346840933541699,IGSF3,E2F6,MEF,E2F
2490,55,1,-7.0311344191707,-4.585693036728845,RGS1,USF2,MEF,bHLH
2641,8,0,-1.30244599015757,-1.2573493051089837,SGOL2,CUX1,LMC,Homeobox
2502,35,0,-1.53561175560559,-1.5356117556055877,RHOF,MAX,LMC,bHLH
1777,40,0,-2.30942689170144,-2.207939142823951,MATN2,MYOG,LMC,bHLH
2399,33,1,-1.40254242700849,-1.0401313717861949,PVRL2,MAFF,MEF,bZIP
516,30,0,-1.77252367309002,-1.7668032504274307,CENPM,IRF3,LMC,IRF
928,24,1,3.38236921246773,0.8109236322916005,ETNPPL,GABPA,MEF,ETS
208,27,0,1.28382265210123,1.2197518571795727,ARMC2,GATA3,LMC,Zf
130,52,0,1.29730400043359,0.18133515958272972,AMZ1,TCF3,LMC,HMG
1031,52,1,-1.24967716659756,-1.0880689691823564,FBXL8,TCF3,MEF,HMG
1557,0,1,2.07419925603556,-2.060777362403004,KCNU1,ATF1,MEF,bZIP
2848,41,1,-1.32010417495489,-1.6433693551557165,SPSB4,NANOG,MEF,Homeobox
1488,51,0,-3.15234996069048,-2.6193264667666427,ITGA11,TCF12,LMC,bHLH
1050,23,1,-1.4150495250694,-1.4227359364315557,FGF11,FOXM1,MEF,Forkhead
404,2,1,1.13304842911504,1.175933148041983,CCDC87,ATF3,MEF,bZIP
2858,22,1,1.855821143066,-0.5581754882501473,SSTR2,FOXA2,MEF,Forkhead
323,34,1,1.57648450507266,0.770461828119759,C1GALT1,MAFK,MEF,bZIP
3078,30,1,-2.8886465852491,-2.582633015418722,TOP2A,IRF3,MEF,IRF
934,35,1,-4.11974488759282,-2.487883135736752,EVI2B,MAX,MEF,bHLH
3000,12,1,-2.75552671561759,-2.8198131389148773,TLR9,EBF1,MEF,EBF
2936,36,1,-1.51053462887225,-0.07532077901672186,TBC1D2B,MAZ,MEF,Zf
304,36,1,-2.41187031920075,-0.9178012919136436,BMPER,MAZ,MEF,Zf
1229,26,0,-1.54093470936659,-1.611250265092928,GPC6,GATA2,LMC,Zf
2042,59,0,2.04333873439862,2.011708131649273,NRSN1,ZKSCAN1,LMC,Zf
2402,33,0,1.58111116420939,0.9516378506648654,PYCARD,MAFF,LMC,bZIP
3188,19,1,-1.03239494791136,-1.1548206008248179,VASP,FOS,MEF,bZIP
1876,56,1,-1.27897559646507,-1.8238720058435347,MRPS6,YY1,MEF,Zf
2459,23,1,-1.39545144247547,-0.8099881568425497,RASGRP3,FOXM1,MEF,Forkhead
2781,60,1,-3.91826530944562,-3.1925224037397673,SMOC2,ZNF263,MEF,Zf
1244,7,1,-2.02851210173342,-1.7135842126507828,GPR155,CTCF,MEF,Zf
1326,54,1,1.7722064028103,2.303768124981511,HERC3,USF1,MEF,bHLH
1961,43,1,1.0186923629936,0.5507179232033991,NDRG3,PAX5,MEF,"Paired,Homeobox"
2185,9,1,-1.72243686447564,-1.5067778504016531,PEG10,E2F1,MEF,E2F
2759,14,1,2.50758030689144,0.9010854717029975,SLC8A2,ELF1,MEF,ETS
335,14,0,2.32346443077676,1.9993199086774844,C5AR2,ELF1,LMC,ETS
2895,52,0,1.23445220659616,0.8830440236449831,STXBP5,TCF3,LMC,HMG
2546,53,0,1.25988355581836,-0.14835545709450926,RSPO1,TEAD4,LMC,TEA
2982,49,1,-2.33478354896537,-2.1373321518265813,TICRR,STAT1,MEF,Stat
2829,47,1,-1.52631215334378,-1.0268364374332548,SPECC1,SP1,MEF,Zf
100,27,0,1.80170248274046,1.5493021153057691,AIM1,GATA3,LMC,Zf
761,36,1,2.14213441280121,1.992469614379404,DKKL1,MAZ,MEF,Zf
2526,1,1,1.94027712823424,0.30778905940192663,RNF43,ATF2,MEF,bZIP
1662,10,0,-1.79206421323517,-0.956374494491785,LIN7A,E2F4,LMC,E2F
2248,20,1,1.63188489778177,0.7391382985511527,PLEKHA7,FOSL2,MEF,bZIP
1059,40,1,-1.30648104502404,-1.1571041264896842,FGFR1,MYOG,MEF,bHLH
206,20,0,1.03464648404982,1.3738229932085482,ARL4C,FOSL2,LMC,bZIP
1701,25,0,-1.25291696020209,-1.3466484215329642,LRRC3,GATA1,LMC,Zf
848,30,1,-2.00801011611499,-2.077007480349396,ECT2,IRF3,MEF,IRF
1530,56,1,-1.78300388098409,-1.6796597834110485,KCNAB2,YY1,MEF,Zf
2790,43,1,-1.59761294289245,0.765230791743553,SNCAIP,PAX5,MEF,"Paired,Homeobox"
1446,24,1,-1.95395552299252,-0.07449942245927005,IL18RAP,GABPA,MEF,ETS
413,55,1,3.17366084341025,3.0827709827318137,CCL20,USF2,MEF,bHLH
1024,10,0,-1.34668264190916,-2.4843926675605523,FBLN2,E2F4,LMC,E2F
1775,12,0,-1.29454940292656,-0.8763579470246492,MASTL,EBF1,LMC,EBF
3173,36,1,2.89034589225712,-0.1404826540813708,UNC5C,MAZ,MEF,Zf
3015,34,1,1.14577317140574,0.7225607496483232,TMEM140,MAFK,MEF,bZIP
457,32,0,1.872958774821,1.9425663008749903,CD74,JUND,LMC,bZIP
23,1,0,-1.05465921556064,-0.7835349438803948,ACAT2,ATF2,LMC,bZIP
1206,46,0,-1.22411901217889,-0.7529057302694863,GLIS3,RFX5,LMC,HTH
3099,40,1,-1.4419627390171,-1.217193412783376,TRERF1,MYOG,MEF,bHLH
1947,47,1,-1.98660200090861,-2.0044504139804307,NCAPG,SP1,MEF,Zf
2597,42,1,1.45662453410032,1.4355364968804023,SDC2,NRF1,MEF,NRF
2692,51,0,2.0074981520264,2.0074981520264,SLC15A3,TCF12,LMC,bHLH
1726,51,1,-1.52921091248218,-1.3860452511938632,LY6E,TCF12,MEF,bHLH
1559,19,0,-1.66267294525053,-1.6792939058048892,KCTD15,FOS,LMC,bZIP
2332,58,1,-1.39027810102326,-1.4973476614453327,PRIM1,ZEB1,MEF,Zf
1745,31,0,2.6302950683987,2.6034847307686495,MAK,IRF4,LMC,IRF
941,20,0,1.47174603295113,-0.8452710114132773,EXTL1,FOSL2,LMC,bZIP
2324,34,1,-1.08146216479517,-1.16631021634489,PRCP,MAFK,MEF,bZIP
396,6,1,1.16001064184712,1.0976809394399565,CCDC39,BHLHE40,MEF,bHLH
1804,47,1,1.65765544181301,1.2769597185461037,MEGF9,SP1,MEF,Zf
2469,13,0,-1.58408029277808,1.1993217108708172,RBM11,EGR1,LMC,Zf
1952,12,1,-5.99503819953463,-6.040257902483697,NCF1,EBF1,MEF,EBF
2,60,0,-1.88937087988558,-1.4289420683104663,AARD,ZNF263,LMC,Zf
1486,34,0,1.32920004404911,0.6843423594565885,ISYNA1,MAFK,LMC,bZIP
1150,40,1,1.20650960697518,1.1038739077765778,GAS1,MYOG,MEF,bHLH
1204,24,1,-2.29781702143393,-1.4867376846021585,GLIPR2,GABPA,MEF,ETS
62,50,0,-1.72005964675759,-0.6534613516557078,ADAMTS6,STAT3,LMC,Stat
1400,60,1,3.61114568347972,2.615330119175098,HSPB2,ZNF263,MEF,Zf
2252,40,1,1.3349193608367,0.7882507682713411,PLEKHH2,MYOG,MEF,bHLH
2574,40,1,-2.47219502126742,-0.6886827592517887,SAPCD2,MYOG,MEF,bHLH
1665,55,1,-1.09066040559918,-1.0114470255980859,LIPA,USF2,MEF,bHLH
493,50,1,2.49945734223034,2.126872433869416,CDKL4,STAT3,MEF,Stat
3267,60,0,-1.26383646152717,-1.2261718813862066,ZWILCH,ZNF263,LMC,Zf
1023,47,1,-1.69694882969295,-1.8621227588308298,FBLN1,SP1,MEF,Zf
1235,7,0,-1.19625036047988,-0.39715460142077086,GPR116,CTCF,LMC,Zf
657,36,1,-2.29638885268615,-1.882716274891535,CRMP1,MAZ,MEF,Zf
3048,15,0,1.982343941997,-0.013627214536239097,TMEM82,ELK1,LMC,ETS
2618,52,1,1.10324297549979,-0.2631541975553057,SERINC2,TCF3,MEF,HMG
1531,56,0,1.72895569764727,1.5499103481930931,KCNB1,YY1,LMC,Zf
1585,60,0,-2.83302055208824,-1.3031049969566921,KIRREL3,ZNF263,LMC,Zf
3042,32,0,-1.80055534959561,-0.6468547067528446,TMEM47,JUND,LMC,bZIP
988,59,1,1.57124127789086,1.5700782362383816,FAM19A3,ZKSCAN1,MEF,Zf
1827,7,1,-1.55070929847122,-1.0302745960430109,MIAT,CTCF,MEF,Zf
1214,8,1,1.14691349426281,-0.2353610809698871,GNAL,CUX1,MEF,Homeobox
1305,51,1,1.97744142088231,2.2254116259221757,GYLTL1B,TCF12,MEF,bHLH
1048,22,0,3.29706979403309,2.9957039780741854,FGF1,FOXA2,LMC,Forkhead
1070,6,1,-1.95715177392112,-1.9363257007554384,FIGNL1,BHLHE40,MEF,bHLH
205,26,1,1.1241272049731,0.08105077816981712,ARL4A,GATA2,MEF,Zf
2833,6,1,-7.24778929658034,-4.965280965542769,SPI1,BHLHE40,MEF,bHLH
786,34,1,3.11057783728204,2.9883452482037525,DNAJC6,MAFK,MEF,bZIP
377,24,0,-1.18392674086099,-1.1361166651986747,CBS,GABPA,LMC,ETS
2358,13,0,-1.32666189066918,-1.1288048023441117,PRTG,EGR1,LMC,Zf
2102,35,1,-3.70114666908123,0.885526705568735,P2RY12,MAX,MEF,bHLH
1571,59,1,-2.07809907277535,-1.3888161924083795,KIF20B,ZKSCAN1,MEF,Zf
424,10,1,-1.71340513445512,-1.6441404324235267,CCNF,E2F4,MEF,E2F
1495,1,0,2.79700636427882,2.0065964543503325,ITGAL,ATF2,LMC,bZIP
768,14,1,1.73596827168182,2.1797202555591197,DLX2,ELF1,MEF,ETS
1138,60,0,1.17692252323497,0.17341629411057724,GALC,ZNF263,LMC,Zf
24,60,1,2.15532876906198,2.1097849984573833,ACE,ZNF263,MEF,Zf
3224,21,0,-1.2723089681888,-1.1025006891211462,WNK4,FOXA1,LMC,Forkhead
2964,17,0,1.01587424208926,0.7739415057953434,TFEB,ETS1,LMC,ETS
705,27,1,1.96907516552775,2.056046168244691,CXXC4,GATA3,MEF,Zf
453,38,1,-5.83677203831135,1.1053462599249908,CD5L,MEF2C,MEF,MADS
2588,3,1,1.60874673887536,1.1550573753499718,SCN3B,BACH1,MEF,bZIP
631,5,1,-1.04533746512875,-1.0713297373987196,CORO1C,BCL11A,MEF,Zf
1574,31,1,-2.47502725547592,-2.271080172476046,KIF23,IRF4,MEF,IRF
1463,51,1,-1.11626598764505,-0.948290656532567,INCENP,TCF12,MEF,bHLH
1699,21,0,3.43134522276188,1.880469210726973,LRRC2,FOXA1,LMC,Forkhead
1474,3,1,1.58552456677636,0.7486881911185393,IQUB,BACH1,MEF,bZIP
83,35,0,-2.50381746174834,-2.264127834008643,ADRA1D,MAX,LMC,bHLH
2709,36,0,1.6009575554387,1.6009575554386983,SLC22A18,MAZ,LMC,Zf
828,12,1,-1.81246562273718,-1.8025995565722572,DUSP9,EBF1,MEF,EBF
3025,53,1,1.59244080402391,1.3124379906055268,TMEM179,TEAD4,MEF,TEA
1210,15,0,1.25915763449481,0.35970260113246866,GMIP,ELK1,LMC,ETS
3165,60,0,2.25380930016082,1.5430893290662993,UCP2,ZNF263,LMC,Zf
1946,23,1,-2.06657286608671,-2.058465132506909,NCAPD2,FOXM1,MEF,Forkhead
2339,25,0,1.32329493770163,1.5025367040252946,PROCR,GATA1,LMC,Zf
1619,22,0,1.98706341170144,1.529922242929608,LAMB3,FOXA2,LMC,Forkhead
2542,4,0,-1.54415963122133,-1.4283796705899618,RRM2,BATF,LMC,bZIP
2378,17,0,1.53215201360364,1.5216925670398265,PTK2B,ETS1,LMC,ETS
1322,46,1,1.43964163206094,1.1065928272551415,HDGFRP3,RFX5,MEF,HTH
140,58,1,-3.39000947167875,-2.8124585052843987,ANKRD33B,ZEB1,MEF,Zf
564,3,1,2.34923091228142,0.3379800903287899,CKMT2,BACH1,MEF,bZIP
1162,55,1,1.53185787847727,1.3004135679788242,GCA,USF2,MEF,bHLH
1013,47,0,1.47559622223216,1.4147229518209397,FAM84A,SP1,LMC,Zf
597,47,1,2.28671545640635,2.2528192626666437,CNNM1,SP1,MEF,Zf
301,11,0,2.09855345901345,-0.016573862253408,BMP7,E2F6,LMC,E2F
539,42,1,1.26861129299302,0.4807433523765235,CHCHD10,NRF1,MEF,NRF
2837,39,1,2.79424421339717,-0.6408979157560557,SPINT2,MYB,MEF,HTH
1563,15,0,-1.01650705043429,-1.328326895656666,KDELR3,ELK1,LMC,ETS
1123,10,0,1.42329473898804,1.4228054354715465,FTH1,E2F4,LMC,E2F
1834,53,1,-3.78617921069156,-1.6256893608180136,MKI67,TEAD4,MEF,TEA
1631,7,0,1.88765751605467,1.9020999974596733,LCP1,CTCF,LMC,Zf
148,13,0,-1.1924416986184,-0.8829902962138749,ANTXR1,EGR1,LMC,Zf
296,38,1,-1.59805342544592,-1.52255408040887,BLNK,MEF2C,MEF,MADS
693,52,0,-1.02311552800996,-0.4915480120136538,CUL7,TCF3,LMC,HMG
2502,10,0,-1.53561175560559,-1.321910344317601,RHOF,E2F4,LMC,E2F
1576,26,0,-1.07875775488282,-1.1442363529137576,KIF26B,GATA2,LMC,Zf
2124,15,0,1.50966522656311,1.3294084222450682,PARK2,ELK1,LMC,ETS
1215,22,0,-1.04714678478155,-0.28610747139700665,GNG10,FOXA2,LMC,Forkhead
3247,55,1,1.21337404988146,-1.6763917414999485,ZBTB7C,USF2,MEF,bHLH
1143,10,1,2.77782967795664,0.6615959619258669,GALNT3,E2F4,MEF,E2F
1808,24,0,-1.82115918803008,-1.6651452306504024,MELK,GABPA,LMC,ETS
147,36,0,2.01551499268865,1.5735430528516974,ANPEP,MAZ,LMC,Zf
391,44,0,-1.06623168509166,-1.175330867846441,CCDC159,PBX3,LMC,Homeobox
420,50,1,-2.27382926630875,-2.24859522277625,CCNA2,STAT3,MEF,Stat
2611,14,1,1.71132928640274,2.0459537938236987,SEMA3G,ELF1,MEF,ETS
1475,42,0,2.468504438056,1.409540860425836,IRF5,NRF1,LMC,NRF
2994,46,1,-2.12408932426236,-1.9580021689679763,TLL1,RFX5,MEF,HTH
2960,7,1,2.16963881264754,0.34921966914744046,TEX15,CTCF,MEF,Zf
1856,12,1,-2.30005278961144,-1.3923697586698918,MMP9,EBF1,MEF,EBF
2036,7,1,2.71189412058373,1.9152466758800535,NRAP,CTCF,MEF,Zf
2095,52,0,-4.06327887175194,-3.876047976964981,OSR2,TCF3,LMC,HMG
2810,12,1,-2.68150712163575,-2.42422251247455,SOX12,EBF1,MEF,EBF
2915,7,1,1.25087463513992,1.5859095120376174,SYNPO,CTCF,MEF,Zf
1365,3,0,-1.04594466941639,-1.3799318732742263,HOXB3,BACH1,LMC,bZIP
2262,17,1,1.36115254292874,1.1493633765174835,PLLP,ETS1,MEF,ETS
985,56,0,-1.48008530778699,-1.424209115565619,FAM196A,YY1,LMC,Zf
315,10,0,-1.15304342329628,0.5565948693879815,BTBD3,E2F4,LMC,E2F
1753,7,1,-1.17597499133754,-0.8608099694936108,MANBA,CTCF,MEF,Zf
1624,53,1,-1.00895275097401,-2.352812197655519,LARP1B,TEAD4,MEF,TEA
320,35,1,-3.21931037821547,-3.2717211514900493,BUB1,MAX,MEF,bHLH
2011,15,0,1.14637806348536,0.42203667614598084,NOD1,ELK1,LMC,ETS
2520,50,0,1.44554877219454,1.2756426759419872,RNF17,STAT3,LMC,Stat
224,52,1,3.5793529115636,3.452807547672177,ASCL1,TCF3,MEF,HMG
396,55,1,1.16001064184712,1.1046891625733075,CCDC39,USF2,MEF,bHLH
2596,52,1,2.93138088712567,1.0600521212910108,SCX,TCF3,MEF,HMG
3250,27,0,-2.44277508235194,-2.4354066550792477,ZC3HAV1L,GATA3,LMC,Zf
1506,53,0,1.17759645335527,-0.9747978848130664,ITPR1,TEAD4,LMC,TEA
1130,51,1,1.37162439981289,0.38941502545055606,FZD9,TCF12,MEF,bHLH
648,7,1,1.09296402967198,1.0446312072559503,CREBL2,CTCF,MEF,Zf
2194,15,1,1.41728947266059,0.07650951409043343,PFN4,ELK1,MEF,ETS
2914,22,1,3.80336753378648,2.762589093299401,SYNM,FOXA2,MEF,Forkhead
903,19,0,2.93275182204377,1.5963427585493108,EPCAM,FOS,LMC,bZIP
1326,44,1,1.7722064028103,0.632335264160659,HERC3,PBX3,MEF,Homeobox
2709,32,1,1.18981073501354,1.6698724888888032,SLC22A18,JUND,MEF,bZIP
1881,6,1,1.05245446159028,1.6505195126459367,MSI2,BHLHE40,MEF,bHLH
1642,36,1,-2.26677149350915,-1.6306954745467632,LFNG,MAZ,MEF,Zf
874,53,0,1.9887221666946,2.040163962753946,EHF,TEAD4,LMC,TEA
1453,43,1,5.75647300206407,1.3719982762983125,IL1RN,PAX5,MEF,"Paired,Homeobox"
3126,59,1,1.3204466752018,1.308254479370761,TSPAN13,ZKSCAN1,MEF,Zf
2338,5,1,2.00041906473076,-1.0951941281778277,PRND,BCL11A,MEF,Zf
2547,1,0,-4.37332562700599,-3.0773051219227185,RSPO2,ATF2,LMC,bZIP
436,38,1,-4.28405831920854,-4.157747042865342,CD200R1,MEF2C,MEF,MADS
829,53,0,-1.17747353187961,-1.0278468619463794,DUT,TEAD4,LMC,TEA
246,14,0,1.18330327912453,1.0411303365799123,ATP6V1B2,ELF1,LMC,ETS
1599,23,0,1.3884595597888,1.3214519858125875,KLHL6,FOXM1,LMC,Forkhead
865,36,1,-1.68230309894262,0.27708616987612705,EFS,MAZ,MEF,Zf
495,47,1,1.14494216247271,1.097440897253615,CDKN2B,SP1,MEF,Zf
1789,31,1,-2.01469923560463,-1.9697141910040294,MCM3,IRF4,MEF,IRF
2731,35,0,2.75025264644683,2.252401378399,SLC32A1,MAX,LMC,bHLH
2482,52,1,1.7661980248914,-0.8131074277724214,REEP2,TCF3,MEF,HMG
1035,46,0,-2.22203456792335,-2.1615657003316953,FBXO41,RFX5,LMC,HTH
2570,43,1,1.35128864761439,1.2629302999979368,SAMD15,PAX5,MEF,"Paired,Homeobox"
3245,7,0,1.10045337922545,1.178119730902404,YPEL2,CTCF,LMC,Zf
2378,50,0,1.53215201360364,0.9372172621220441,PTK2B,STAT3,LMC,Stat
1955,15,1,-8.00620334637104,-7.5123774967154064,NCKAP1L,ELK1,MEF,ETS
1057,32,0,1.00859609133211,0.5602833925704787,FGF9,JUND,LMC,bZIP
465,35,1,-2.79960891240183,-2.7996089124018324,CDC20,MAX,MEF,bHLH
1692,34,1,-1.07379520947069,-0.812054413221285,LRIG1,MAFK,MEF,bZIP
2559,51,1,-1.04119461695992,-0.6975898698807893,S100A10,TCF12,MEF,bHLH
1448,26,0,3.83550124674713,3.18494036725021,IL1B,GATA2,LMC,Zf
1978,55,0,1.1023682648514,0.7528746845167156,NEURL3,USF2,LMC,bHLH
843,52,1,-4.62149320499293,-2.9610815123758143,EBI3,TCF3,MEF,HMG
785,14,1,1.17300266617792,1.2205373220434006,DNAJB9,ELF1,MEF,ETS
34,59,1,1.10481688992728,0.019842497753387048,ACSL4,ZKSCAN1,MEF,Zf
2431,25,1,-1.67508726212781,-1.7213812545531113,RAD51,GATA1,MEF,Zf
2674,28,0,1.9006236920499,0.2018613523276396,SIRPA,HNF4A,LMC,NR
273,25,1,1.25563358471686,0.7346621900254625,BBS4,GATA1,MEF,Zf
2504,8,0,1.89206647016594,1.818010942679586,RHOV,CUX1,LMC,Homeobox
294,40,0,2.42043494814029,1.1734605140992445,BIN2,MYOG,LMC,bHLH
2008,23,1,2.81553162174377,2.4724920620739104,NMU,FOXM1,MEF,Forkhead
1919,34,1,-1.40160235729093,-1.1324396227479463,MYO1A,MAFK,MEF,bZIP
2367,20,0,2.37628297084082,1.6202051783651328,PTAFR,FOSL2,LMC,bZIP
827,17,0,1.31630430034092,1.1168020737632767,DUSP6,ETS1,LMC,ETS
2686,6,1,1.0133885125942,0.5962596359987491,SLC12A2,BHLHE40,MEF,bHLH
1437,20,0,2.5909647487906,2.5053536409732553,IL11,FOSL2,LMC,bZIP
633,50,1,-1.79253763606394,-2.3185171640511313,COTL1,STAT3,MEF,Stat
3138,32,0,-1.6865426189192,-1.6865426189192008,TTLL11,JUND,LMC,bZIP
2746,24,1,-2.01702441602196,-1.9618150427254037,SLC43A3,GABPA,MEF,ETS
1347,49,1,-2.24742323046206,-2.2386404522774215,HMMR,STAT1,MEF,Stat
525,43,1,-2.43362288031828,-2.433622880318281,CEP55,PAX5,MEF,"Paired,Homeobox"
2225,40,1,-1.5969306941367,-1.4330545180803709,PKNOX2,MYOG,MEF,bHLH
1985,22,1,-1.28643228073091,-1.2559004389253285,NGF,FOXA2,MEF,Forkhead
2863,36,1,-1.42498224453475,-2.862932043007652,ST6GALNAC2,MAZ,MEF,Zf
1383,11,0,3.90815789057665,3.112752531416862,HPCAL4,E2F6,LMC,E2F
1988,43,1,1.13223620404131,-0.009210286935055531,NHLRC1,PAX5,MEF,"Paired,Homeobox"
1189,15,1,1.73638195930374,0.8981160424434088,GIMAP6,ELK1,MEF,ETS
1275,46,1,-1.13562918187653,-1.061939230369652,GRB14,RFX5,MEF,HTH
2837,36,1,2.79424421339717,-1.0297343610371987,SPINT2,MAZ,MEF,Zf
2057,52,0,-2.07327400721528,-1.9888841920126807,NUF2,TCF3,LMC,HMG
2995,23,0,2.13448467006782,2.13448467006782,TLR1,FOXM1,LMC,Forkhead
2833,1,0,2.04473439363982,1.6979701265863216,SPI1,ATF2,LMC,bZIP
1044,23,1,-5.35759327366017,-5.357593273660169,FERMT3,FOXM1,MEF,Forkhead
128,16,0,1.1151143351714,0.7422317536140584,AMIGO2,ELK4,LMC,ETS
114,46,1,5.59270654371156,4.432280820656279,ALDH3A1,RFX5,MEF,HTH
2281,36,0,-2.89296478721785,-2.067868954992602,PNMA2,MAZ,LMC,Zf
2021,54,1,-1.09798854940686,0.11702072501377174,NPAS4,USF1,MEF,bHLH
1748,20,1,1.62485638729586,1.5421834464282689,MALL,FOSL2,MEF,bZIP
1640,47,1,1.31257625250338,0.9964866223645674,LEPREL1,SP1,MEF,Zf
1312,47,1,2.18151406393178,3.6441139610338853,HAPLN4,SP1,MEF,Zf
318,17,1,1.90766419450925,-0.5140486131762814,BTLA,ETS1,MEF,ETS
1186,40,0,2.09956808965161,0.798816992803473,GGT5,MYOG,LMC,bHLH
970,7,1,-1.1733152377006,0.43443422244298024,FAM132B,CTCF,MEF,Zf
1559,51,0,-1.66267294525053,-1.6528236084978374,KCTD15,TCF12,LMC,bHLH
1935,35,0,-1.2886287110064,-1.2260742243564249,NACAD,MAX,LMC,bHLH
302,52,1,1.32786155488194,1.3579941743297999,BMP8A,TCF3,MEF,HMG
41,33,0,1.69437888610921,0.653976697709023,ACTN3,MAFF,LMC,bZIP
509,47,0,-1.82662746708961,-1.7805096230577282,CEND1,SP1,LMC,Zf
705,18,1,1.96907516552775,1.8320306568199467,CXXC4,FLI1,MEF,ETS
2857,36,0,-1.06293551098304,-1.0559752408516596,SSC5D,MAZ,LMC,Zf
3072,40,0,2.63708536195781,0.6496547179283327,TNNT2,MYOG,LMC,bHLH
63,51,1,-1.94780359767433,-1.7223863548429232,ADAMTS7,TCF12,MEF,bHLH
1312,55,1,2.18151406393178,3.1628754103499404,HAPLN4,USF2,MEF,bHLH
2354,6,1,2.68091060085113,-2.1513712210876723,PRSS35,BHLHE40,MEF,bHLH
1310,14,0,1.76054130107465,1.7455793933130468,HAP1,ELF1,LMC,ETS
1730,14,0,2.2809729198419,2.286724195062911,LYL1,ELF1,LMC,ETS
744,13,0,1.20275362758779,0.7388625273575022,DEGS2,EGR1,LMC,Zf
1203,42,1,-3.47472678752684,-1.9775195178492626,GLIPR1,NRF1,MEF,NRF
1988,24,1,1.13223620404131,0.0028369835702456835,NHLRC1,GABPA,MEF,ETS
2852,1,0,-1.40595160073724,-0.25775865398134223,SRD5A1,ATF2,LMC,bZIP
2927,34,1,2.29190740218545,-0.22138753840967257,TAC1,MAFK,MEF,bZIP
62,28,0,-1.72005964675759,-1.6779294115195855,ADAMTS6,HNF4A,LMC,NR
2498,35,0,-1.3528609573943,-1.3528609573942993,RGS9BP,MAX,LMC,bHLH
2981,6,1,-1.72964937024715,-1.8754696728735967,TICAM2,BHLHE40,MEF,bHLH
2060,11,0,-1.29534952869874,-0.8208892321820287,NUP62CL,E2F6,LMC,E2F
211,9,0,1.53336216995019,1.3216660499893405,ARRB2,E2F1,LMC,E2F
1411,52,1,-1.6255397687459,-0.9789290283178386,IDH2,TCF3,MEF,HMG
350,50,0,1.39360994130101,1.5216716452359227,CADM3,STAT3,LMC,Stat
1098,40,1,-2.04624548773259,-1.481633782237316,FOXD2,MYOG,MEF,bHLH
614,56,1,2.80531231059661,2.286409615320246,COL22A1,YY1,MEF,Zf
2823,36,1,-1.90326262296788,-1.7543137090179284,SPAG5,MAZ,MEF,Zf
2021,4,1,-1.09798854940686,-0.27615996757058403,NPAS4,BATF,MEF,bZIP
2105,11,0,-1.45018039857773,-0.5679426360456834,P4HA2,E2F6,LMC,E2F
2055,44,1,1.17374512161156,1.02793364840314,NUDT10,PBX3,MEF,Homeobox
2369,56,1,3.41152445883898,2.3646769312034595,PTCHD2,YY1,MEF,Zf
2881,21,1,-1.77045279019706,-0.22067030084419292,STIL,FOXA1,MEF,Forkhead
3037,10,1,2.44630845450856,2.3004789089283757,TMEM255A,E2F4,MEF,E2F
2048,40,1,3.10482441942074,0.9784960682060728,NT5E,MYOG,MEF,bHLH
1502,13,1,2.00353684426726,0.8517147975647904,ITIH2,EGR1,MEF,Zf
2192,59,1,-1.0880143489174,-0.9573224790483036,PFKFB4,ZKSCAN1,MEF,Zf
1681,50,1,-1.46976923934256,-1.6516416518926584,LPAR2,STAT3,MEF,Stat
2895,50,0,1.23445220659616,0.8822006563226019,STXBP5,STAT3,LMC,Stat
1371,40,1,3.72665701018455,3.5227988928136127,HOXC10,MYOG,MEF,bHLH
450,58,1,-6.20798443020464,-6.207984430204644,CD52,ZEB1,MEF,Zf
2437,32,1,-1.72044902732915,-1.652749269712845,RAET1E,JUND,MEF,bZIP
1503,35,1,3.37086618113732,0.4459366445440569,ITIH5,MAX,MEF,bHLH
492,9,0,-1.4240874662344,-1.3235758172523326,CDKL1,E2F1,LMC,E2F
1920,60,1,-2.36359696827046,-0.9837796884216005,MYO1B,ZNF263,MEF,Zf
2302,40,0,1.15191583830473,-1.2166785166213452,PPAPDC3,MYOG,LMC,bHLH
1003,51,0,-2.12747921647817,-1.7627766484733183,FAM64A,TCF12,LMC,bHLH
2472,43,1,-2.98434592973191,-2.8529706846279903,RBM47,PAX5,MEF,"Paired,Homeobox"
1658,55,1,2.73837035291604,-1.5009783966002026,LIMCH1,USF2,MEF,bHLH
2952,45,0,-1.4989629756277,-0.7473658036025737,TEAD2,PRDM1,LMC,Zf
1436,50,1,-6.8975582995321,-6.687422977794872,IL10RA,STAT3,MEF,Stat
2865,43,0,2.11068617163851,1.7664541174283805,ST8SIA1,PAX5,LMC,"Paired,Homeobox"
2332,33,0,-1.45158178749255,-1.4503826315568562,PRIM1,MAFF,LMC,bZIP
1576,14,0,-1.07875775488282,-1.1559146567211118,KIF26B,ELF1,LMC,ETS
2382,51,0,1.0109676241031,0.8117181091509478,PTPN13,TCF12,LMC,bHLH
2982,51,1,-2.33478354896537,-1.971134659812076,TICRR,TCF12,MEF,bHLH
3268,2,1,-1.42145752313049,-1.5226565237098453,ZYX,ATF3,MEF,bZIP
673,19,1,-1.42679271623708,0.1939053722764914,CSRP2,FOS,MEF,bZIP
2047,32,0,-1.49786300479231,-0.9855847331935014,NT5DC2,JUND,LMC,bZIP
2493,56,1,1.80859453586116,1.1794397722476635,RGS17,YY1,MEF,Zf
246,12,0,1.18330327912453,1.2119228121341425,ATP6V1B2,EBF1,LMC,EBF
99,33,1,1.03519575636956,-0.19709532422701742,AIG1,MAFF,MEF,bZIP
2184,10,1,-1.41509233844914,-1.0033447085682874,PDZRN3,E2F4,MEF,E2F
1558,60,1,-1.81985486520206,-1.3395451748599256,KCP,ZNF263,MEF,Zf
2260,46,1,-1.06024887079135,-0.16312753716345385,PLK3,RFX5,MEF,HTH
1673,26,0,-1.32405793446346,-0.9634034505882039,LMTK3,GATA2,LMC,Zf
951,55,1,-2.06133070722262,-0.6085475173517083,F3,USF2,MEF,bHLH
3183,33,0,1.36921240634688,1.3165763461164515,USP53,MAFF,LMC,bZIP
1454,15,0,2.20081236659231,1.5503353860381512,IL21R,ELK1,LMC,ETS
1572,53,1,1.40702788043446,0.8964296817907509,KIF21A,TEAD4,MEF,TEA
1566,49,1,-2.45701413877743,-2.6024997851420637,KIF11,STAT1,MEF,Stat
2026,47,0,-1.81031662538622,-0.3679213513657205,NPR3,SP1,LMC,Zf
2605,43,1,-5.12463925075724,-4.2928625050333675,SELPLG,PAX5,MEF,"Paired,Homeobox"
2630,23,0,-1.44351784351916,-0.21458153990434023,SETBP1,FOXM1,LMC,Forkhead
1115,27,1,1.34924024043902,1.6880605498364891,FRRS1L,GATA3,MEF,Zf
1003,52,1,-3.49365096633453,-3.493650966334532,FAM64A,TCF3,MEF,HMG
3162,12,1,-1.57637625372954,-1.7217402766617278,UBE2T,EBF1,MEF,EBF
313,46,0,1.25843048968999,0.27482802018598357,BST2,RFX5,LMC,HTH
1576,55,0,-1.07875775488282,-1.1559146567211116,KIF26B,USF2,LMC,bHLH
1153,11,0,-1.37615733443091,0.8521710869424184,GATA2,E2F6,LMC,E2F
2024,15,0,2.97162299189356,2.2383582997850873,NPL,ELK1,LMC,ETS
1946,35,0,-1.56584080827153,-1.3379356383832042,NCAPD2,MAX,LMC,bHLH
122,32,1,-1.29951416309328,-0.6445357891595083,ALX1,JUND,MEF,bZIP
229,19,1,-2.81717383669163,-2.815788665617956,ASPM,FOS,MEF,bZIP
1779,14,1,-1.49186664130323,-1.6107814791509485,MBOAT1,ELF1,MEF,ETS
566,1,0,-1.1170682511222,-1.039679513923308,CKS2,ATF2,LMC,bZIP
883,43,0,-1.77841332512068,-1.7034187439882993,ELOVL6,PAX5,LMC,"Paired,Homeobox"
1771,54,0,1.03693296913821,1.784207849806811,MARVELD2,USF1,LMC,bHLH
3114,14,1,-3.24269386734528,-2.7360250071648733,TROAP,ELF1,MEF,ETS
724,54,1,3.68821899206503,3.251719769219521,DACH1,USF1,MEF,bHLH
2924,31,1,2.47982892076231,1.7365444740930982,SYTL3,IRF4,MEF,IRF
2569,42,0,-1.64177687245511,-1.6046932084751249,SAMD14,NRF1,LMC,NRF
151,4,0,-1.257800767497,-0.9680842791910412,ANXA6,BATF,LMC,bZIP
926,57,1,-1.32942090046407,-1.7471429545759032,ESYT1,ZBTB33,MEF,Zf
1189,46,1,1.73638195930374,1.3225275707522786,GIMAP6,RFX5,MEF,HTH
489,59,1,-1.07965191699447,-1.3215289113490156,CDK18,ZKSCAN1,MEF,Zf
1982,1,0,1.52579109621261,1.0119157835585888,NFATC2,ATF2,LMC,bZIP
537,19,1,-1.01184978798121,-1.1009430940984433,CHAF1A,FOS,MEF,bZIP
1164,13,1,3.04067722262109,2.375269845941144,GCHFR,EGR1,MEF,Zf
1843,21,0,2.4930456106356,2.2042801684463913,MMP10,FOXA1,LMC,Forkhead
932,50,1,1.3056546926836,1.394715917787108,EVA1C,STAT3,MEF,Stat
169,32,1,-4.85068676771273,-3.9428787725947676,APOE,JUND,MEF,bZIP
1210,51,0,1.25915763449481,0.5497202127196404,GMIP,TCF12,LMC,bHLH
838,60,1,1.09105532919989,0.16503950921376312,EAF2,ZNF263,MEF,Zf
1920,1,1,-2.36359696827046,-0.5705852325368892,MYO1B,ATF2,MEF,bZIP
1859,47,0,-1.22977631970534,-0.4870777434389671,MNS1,SP1,LMC,Zf
1988,54,1,1.13223620404131,0.07337337805165346,NHLRC1,USF1,MEF,bHLH
1632,3,0,2.38822577007914,2.2969427768822626,LCP2,BACH1,LMC,bZIP
2890,26,0,1.34205810402861,-0.31178866442373193,STON2,GATA2,LMC,Zf
2024,3,1,-1.06631322407724,-0.1647621261515596,NPL,BACH1,MEF,bZIP
866,19,1,1.09859926841335,-0.2535828567759687,EGF,FOS,MEF,bZIP
1515,42,1,-1.16372058821472,0.5848320168492848,JPH1,NRF1,MEF,NRF
2335,43,0,2.81104415880545,1.0476326788342414,PRKCB,PAX5,LMC,"Paired,Homeobox"
2617,34,0,1.96992512932553,1.9906188580340978,SEPP1,MAFK,LMC,bZIP
272,55,1,-1.06922081449246,-1.1558032356472667,BAZ1A,USF2,MEF,bHLH
1752,17,1,-1.28798152001015,-0.8272057339315334,MAN2A1,ETS1,MEF,ETS
1248,28,0,-1.18948709815237,-1.0952369608297081,GPR17,HNF4A,LMC,NR
3015,0,1,1.14577317140574,0.13915183859074312,TMEM140,ATF1,MEF,bZIP
2605,50,1,-5.12463925075724,-4.241362986091996,SELPLG,STAT3,MEF,Stat
1896,33,1,1.92998391811413,0.06124452736189375,MUC15,MAFF,MEF,bZIP
2319,45,0,1.40689826891163,1.2838843642396969,PPP1R9A,PRDM1,LMC,Zf
644,22,1,-2.53216540403061,0.6006378076393105,CRABP1,FOXA2,MEF,Forkhead
649,32,0,1.77230520694,1.7751007891168975,CREG1,JUND,LMC,bZIP
3156,32,1,-9.23167979571188,-7.007072883545622,TYROBP,JUND,MEF,bZIP
29,34,1,-1.44100672629891,-1.4459805233191607,ACOT1,MAFK,MEF,bZIP
829,59,1,-1.58068661283393,-0.9491588935746478,DUT,ZKSCAN1,MEF,Zf
2525,19,1,5.23482310914669,3.4234573904314187,RNF39,FOS,MEF,bZIP
1982,32,1,-1.37039279792407,0.08667615732087965,NFATC2,JUND,MEF,bZIP
1358,10,1,-2.57137442453508,-1.9352861146574103,HOXA3,E2F4,MEF,E2F
1717,12,0,-1.25931102077003,-0.9619715532816677,LSP1,EBF1,LMC,EBF
2126,6,1,-2.22473071504278,-0.47640074904128754,PARPBP,BHLHE40,MEF,bHLH
1749,41,0,1.29819212211471,1.2322326942494322,MAMDC2,NANOG,LMC,Homeobox
49,13,1,1.42794390523383,0.27119189916181974,ADAM22,EGR1,MEF,Zf
2345,34,0,2.28776017045123,2.1856703463728846,PRR15L,MAFK,LMC,bZIP
2273,6,0,2.09848892681081,1.88471636107607,PLXNC1,BHLHE40,LMC,bHLH
2716,44,1,-1.50394993507876,-1.5396671346436874,SLC25A45,PBX3,MEF,Homeobox
638,34,0,-1.23649506385739,-1.0687985009440846,CPED1,MAFK,LMC,bZIP
2690,12,1,2.2300285433824,0.7247591478184612,SLC14A2,EBF1,MEF,EBF
2859,35,1,2.50139959687437,0.7028703936242754,SSTR4,MAX,MEF,bHLH
668,3,1,2.48620898685634,2.3967296568227106,CSMD3,BACH1,MEF,bZIP
228,27,1,2.38674506757734,0.5702833831227269,ASPA,GATA3,MEF,Zf
3235,13,1,-2.62409631254694,-2.5961279037118445,WT1,EGR1,MEF,Zf
2943,28,0,-2.66377021180121,-1.9310110931364648,TBXA2R,HNF4A,LMC,NR
2853,20,1,-3.39538592314641,-2.8403069457378844,SRGN,FOSL2,MEF,bZIP
2675,14,0,-4.16638466410103,-2.5312202879094925,SIX1,ELF1,LMC,ETS
1115,34,1,1.34924024043902,1.584734746388177,FRRS1L,MAFK,MEF,bZIP
2787,44,0,-1.92873254934271,-0.02694155872216181,SNAI2,PBX3,LMC,Homeobox
460,40,1,-3.73496442784358,-3.7349644278435794,CD83,MYOG,MEF,bHLH
706,22,1,1.17172577203364,1.3138737022711644,CXXC5,FOXA2,MEF,Forkhead
2658,21,1,-2.88909226113325,-2.312034477133763,SHC2,FOXA1,MEF,Forkhead
3226,36,1,2.01913268486271,3.7393102299004504,WNT10B,MAZ,MEF,Zf
445,53,1,-3.50081866240652,-3.7952780502660657,CD33,TEAD4,MEF,TEA
1651,11,0,-1.75281523160865,0.337879270007509,LHX6,E2F6,LMC,E2F
1570,12,0,-2.10900677528057,-2.0266620579986028,KIF20A,EBF1,LMC,EBF
2649,34,1,-2.03793912517393,-1.5276459743981554,SH3BP2,MAFK,MEF,bZIP
1080,36,0,-1.8819161171877,-1.4276853062129513,FMN2,MAZ,LMC,Zf
2210,23,0,2.04393942709791,1.6834435500377116,PIK3AP1,FOXM1,LMC,Forkhead
635,36,1,1.78867113327481,1.7552229206060037,COX6B2,MAZ,MEF,Zf
2794,50,1,-1.9308040336724,0.3007160668102858,SNORA31,STAT3,MEF,Stat
890,24,1,-1.72130718281428,-1.0610803135837776,EN1,GABPA,MEF,ETS
2190,53,1,-1.10818887346476,-0.6730570215682827,PFKFB1,TEAD4,MEF,TEA
1718,44,0,1.49200153198622,0.4941109887173672,LSR,PBX3,LMC,Homeobox
947,26,0,1.10560629387605,1.1160767887348129,F11R,GATA2,LMC,Zf
995,2,1,1.19324303942543,1.0767213339454436,FAM26E,ATF3,MEF,bZIP
1696,32,1,-1.70193316483449,-1.3778745338868064,LRRC15,JUND,MEF,bZIP
2381,19,0,-1.02574330835592,-1.4611327645046381,PTPLA,FOS,LMC,bZIP
1833,55,0,1.32676177165072,1.192348873497798,MITF,USF2,LMC,bHLH
854,32,1,-1.88598600687672,-1.8452186315090162,EEPD1,JUND,MEF,bZIP
1997,21,1,1.19272064050909,0.3070752927258077,NKPD1,FOXA1,MEF,Forkhead
2965,19,1,-1.78231377699111,-2.3761288327184458,TFPI,FOS,MEF,bZIP
2088,17,1,-1.89195409277433,-1.341716311823643,OPN3,ETS1,MEF,ETS
1402,53,0,1.76983656065279,0.13191503586818554,HSPB7,TEAD4,LMC,TEA
633,6,1,-1.79253763606394,-1.739906692750058,COTL1,BHLHE40,MEF,bHLH
210,56,1,-1.03621188563536,-1.1521346886529726,ARRB1,YY1,MEF,Zf
1337,5,1,1.9967466068813,1.5169144312663128,HIST2H2AC,BCL11A,MEF,Zf
2084,35,1,-2.71392958236309,-0.48234667792922004,OLR1,MAX,MEF,bHLH
1925,3,1,1.94094472616554,0.7159224016204905,MYO5C,BACH1,MEF,bZIP
835,11,0,-1.62654006826296,-0.9929032211967085,E2F7,E2F6,LMC,E2F
2088,21,0,-1.41192018602602,-1.08048901087971,OPN3,FOXA1,LMC,Forkhead
2654,22,1,-1.63542312497611,-0.880799762252998,SH3TC1,FOXA2,MEF,Forkhead
1420,55,1,-1.15452140562588,-0.9585705524030349,IGF2BP2,USF2,MEF,bHLH
3206,14,1,1.84179834451776,1.6244550063088101,VWA1,ELF1,MEF,ETS
243,35,0,-1.46580164243857,-0.0178403926312851,ATP6V0A4,MAX,LMC,bHLH
1648,52,0,1.39432488372804,1.3990554691512118,LGMN,TCF3,LMC,HMG
1457,46,0,2.60071913588342,-1.7707079354506072,IL33,RFX5,LMC,HTH
3049,12,0,1.33714244287483,-0.1762320927924793,TMOD1,EBF1,LMC,EBF
2095,9,0,-4.06327887175194,-3.390664738492189,OSR2,E2F1,LMC,E2F
2434,8,0,-1.15530246767204,0.9812069375045818,RAD51C,CUX1,LMC,Homeobox
1022,51,1,-2.11120927736903,-1.0829713753164059,FBLIM1,TCF12,MEF,bHLH
2953,6,0,1.39186676290857,0.5394095951904059,TECPR1,BHLHE40,LMC,bHLH
560,39,0,-1.2462805140556,-1.246280514055599,CIT,MYB,LMC,HTH
2625,55,0,2.34303813040736,2.4254409847419987,SERPIND1,USF2,LMC,bHLH
1317,36,1,-5.75532877866316,-4.2377480620767685,HCLS1,MAZ,MEF,Zf
587,23,1,-1.24175293827848,-0.9459456954928026,CMKLR1,FOXM1,MEF,Forkhead
1374,34,1,-1.56993906660248,-1.39520124630518,HOXC5,MAFK,MEF,bZIP
339,56,0,2.19194013816375,1.9763248993922145,CACNA1D,YY1,LMC,Zf
1759,44,0,-1.20195710611927,-1.2297224096555044,MAP2K6,PBX3,LMC,Homeobox
1327,36,0,1.75267686763674,1.6984265659200155,HFE,MAZ,LMC,Zf
829,46,1,-1.58068661283393,-1.2993655911038855,DUT,RFX5,MEF,HTH
1030,50,0,-1.14837498921855,-1.2504957457594137,FBXL7,STAT3,LMC,Stat
1766,59,1,-1.50423007029401,0.2153712764568757,MAPK11,ZKSCAN1,MEF,Zf
793,38,1,-3.6299744403086,-3.5495170576804,DOCK10,MEF2C,MEF,MADS
3002,7,0,2.29422589888245,2.287865304797325,TM4SF5,CTCF,LMC,Zf
1916,51,0,1.36921274168365,0.13037707993962558,MYLK3,TCF12,LMC,bHLH
2382,50,0,1.0109676241031,0.8276453387763341,PTPN13,STAT3,LMC,Stat
2463,26,1,-2.86890580089476,-1.6824629232730957,RASSF4,GATA2,MEF,Zf
46,3,0,-2.25184790321512,-1.2937040450849633,ADAM12,BACH1,LMC,bZIP
2704,34,0,-1.40649818857836,-1.3955373228101746,SLC17A9,MAFK,LMC,bZIP
1719,25,1,-4.19795771516057,-1.4795256903872136,LST1,GATA1,MEF,Zf
845,36,0,1.22622352031544,1.3172552329323493,ECM1,MAZ,LMC,Zf
1472,1,1,-1.52991375774982,-3.9807476053250417,IQGAP2,ATF2,MEF,bZIP
1168,55,1,-1.4900698007944,-0.5636615300227301,GCNT2,USF2,MEF,bHLH
963,48,1,-2.0774254545086,-2.002112590819575,FAM105A,SP2,MEF,Zf
1016,20,1,-1.82219618288015,-1.8611466086706232,FANCD2,FOSL2,MEF,bZIP
2916,55,1,-1.95956183994979,-1.2967330419656025,SYNPO2,USF2,MEF,bHLH
212,7,1,1.23030270494439,1.228179194944965,ARRDC3,CTCF,MEF,Zf
1101,59,0,-1.562495602336,-1.5522345813913148,FOXM1,ZKSCAN1,LMC,Zf
2334,14,0,-1.41170439233152,-1.3647910183082943,PRKAR2B,ELF1,LMC,ETS
1474,43,1,1.58552456677636,1.086147844669338,IQUB,PAX5,MEF,"Paired,Homeobox"
1984,47,1,-1.74102844682325,-1.6693759059715212,NFKBID,SP1,MEF,Zf
2614,22,1,-1.66143168013089,-0.5748987678676528,SEMA4G,FOXA2,MEF,Forkhead
2286,56,0,3.9140576319777,1.710222873628658,PODXL,YY1,LMC,Zf
2413,0,0,1.25384032758568,1.2214820879377577,RAB20,ATF1,LMC,bZIP
205,10,1,1.1241272049731,0.6454653201577717,ARL4A,E2F4,MEF,E2F
2980,50,0,-1.43334194465307,-0.6571745701333981,TIAM2,STAT3,LMC,Stat
1777,11,1,-1.18077849242485,-1.1636631992875255,MATN2,E2F6,MEF,E2F
1808,54,1,-2.5568973427432,-1.7957871895036774,MELK,USF1,MEF,bHLH
2403,33,1,-3.781902171091,-3.207854776058473,PYGL,MAFF,MEF,bZIP
1422,27,1,2.42702045808045,1.9106063553072354,IGFBP4,GATA3,MEF,Zf
2535,55,1,-4.82573886284107,-2.727842759672052,RPS16,USF2,MEF,bHLH
2649,55,0,1.46182859762208,1.6341960444850023,SH3BP2,USF2,LMC,bHLH
3139,22,1,1.58696034399578,0.9447102234716498,TTLL6,FOXA2,MEF,Forkhead
392,2,1,-1.85537400363895,-0.8500288039062365,CCDC18,ATF3,MEF,bZIP
1504,6,1,1.60619260034713,1.476988381656563,ITM2A,BHLHE40,MEF,bHLH
2436,46,1,-1.79053346769838,-1.243256061519569,RAD54L,RFX5,MEF,HTH
2915,6,1,1.25087463513992,0.4878428243963804,SYNPO,BHLHE40,MEF,bHLH
871,12,0,1.23036636468725,1.2357943701403205,EGR1,EBF1,LMC,EBF
2795,46,0,1.18391174334233,1.2735412891692794,SNTA1,RFX5,LMC,HTH
1103,7,0,-1.1218794612056,-1.1403679004455785,FOXP1,CTCF,LMC,Zf
496,7,0,-1.45528793892123,-1.4562064807999087,CDKN3,CTCF,LMC,Zf
803,32,1,1.22236133221301,1.2822622918967772,DPM1,JUND,MEF,bZIP
2694,35,0,1.20649329449766,1.2064932944976612,SLC16A10,MAX,LMC,bHLH
1688,4,1,1.32207445323226,-2.168717851956209,LRCH1,BATF,MEF,bZIP
3162,39,1,-1.57637625372954,-2.048179345418342,UBE2T,MYB,MEF,HTH
1857,24,0,-1.56853870886037,-1.3271964867769503,MN1,GABPA,LMC,ETS
3099,31,1,-1.4419627390171,-1.4222319380785637,TRERF1,IRF4,MEF,IRF
2990,17,1,-1.96035300857267,-1.9609225296366979,TK1,ETS1,MEF,ETS
563,60,1,-3.27232018490678,-2.4155241960470004,CKAP2L,ZNF263,MEF,Zf
3136,23,1,1.7476052716644,0.6912477696750949,TTC9,FOXM1,MEF,Forkhead
2254,15,1,-1.74626728338454,-1.273992885102253,PLEKHO1,ELK1,MEF,ETS
2223,49,0,2.42323666921668,2.31716915027567,PKIB,STAT1,LMC,Stat
769,32,1,5.10455270438126,4.621767347969174,DLX3,JUND,MEF,bZIP
173,54,0,4.20904927163551,4.173423042105821,AQP5,USF1,LMC,bHLH
1017,52,1,-1.97493658435611,-1.3065521879079447,FANCI,TCF3,MEF,HMG
963,11,1,-2.0774254545086,-1.3881967832693665,FAM105A,E2F6,MEF,E2F
836,36,1,-2.76164814143304,-2.7342905175249577,E2F8,MAZ,MEF,Zf
1257,24,0,1.07836707927477,0.8870257951583537,GPR39,GABPA,LMC,ETS
2598,36,1,1.9485947229018,1.7999147826299102,SDC4,MAZ,MEF,Zf
2250,50,1,-1.29239612926271,-1.1685627999351627,PLEKHG3,STAT3,MEF,Stat
622,50,0,-3.90592097490329,-1.262121348166515,COL6A3,STAT3,LMC,Stat
1148,24,1,-1.36703652008448,-1.0961628920059558,GAREML,GABPA,MEF,ETS
1007,6,1,-1.80983836329168,-0.7020509953980806,FAM78A,BHLHE40,MEF,bHLH
721,0,1,-7.29457009435179,-5.535971757840174,CYTH4,ATF1,MEF,bZIP
2498,32,0,-1.3528609573943,-1.356515973358525,RGS9BP,JUND,LMC,bZIP
2762,43,0,1.14204392419731,1.0691568673517373,SLC9A3R1,PAX5,LMC,"Paired,Homeobox"
934,29,1,-4.11974488759282,-2.8406535251435177,EVI2B,IRF1,MEF,IRF
2339,16,1,1.18282904764798,1.2516191027350216,PROCR,ELK4,MEF,ETS
2938,60,1,1.88676760580032,1.101384812596728,TBX18,ZNF263,MEF,Zf
400,28,0,-1.11019254428826,-1.1206568722148225,CCDC68,HNF4A,LMC,NR
2290,2,0,-1.59233149150338,-1.5285595709441855,POLE,ATF3,LMC,bZIP
3168,6,1,-3.58686645117172,-1.5907276614522516,ULBP1,BHLHE40,MEF,bHLH
269,22,0,1.22408697177346,0.5270247957307204,BAMBI,FOXA2,LMC,Forkhead
2784,27,0,1.22877430824847,1.2361138621896774,SMPDL3A,GATA3,LMC,Zf
3112,2,0,-1.02635930451426,-0.7330632638813525,TRNP1,ATF3,LMC,bZIP
761,29,1,2.14213441280121,1.7369385082281692,DKKL1,IRF1,MEF,IRF
1443,7,0,-1.0708433709551,-0.8898568140308569,IL17RC,CTCF,LMC,Zf
1870,8,1,1.03558307447423,1.2555999858745055,MR1,CUX1,MEF,Homeobox
3012,51,1,-1.76947629620533,-0.11312679425727432,TMEM130,TCF12,MEF,bHLH
1686,1,0,-1.27921012236517,-0.7150764073811174,LPP,ATF2,LMC,bZIP
239,6,0,2.40094957643181,2.0139760347905242,ATP1A3,BHLHE40,LMC,bHLH
1359,24,1,-1.85957394798371,-1.9996546929307388,HOXA4,GABPA,MEF,ETS
1242,32,0,-1.91954685993887,1.5832722017272147,GPR149,JUND,LMC,bZIP
359,49,0,-1.59344287396463,-0.6940669141869076,CAMKK1,STAT1,LMC,Stat
2376,7,1,-2.66242552845657,-1.6706208451423756,PTGIS,CTCF,MEF,Zf
695,1,1,1.09241109000734,-0.6225640352677071,CWF19L2,ATF2,MEF,bZIP
422,13,0,-1.97026365602147,-1.9431643652802604,CCNB2,EGR1,LMC,Zf
1285,46,0,-1.73109418771401,-1.3588245645081694,GRIN1,RFX5,LMC,HTH
694,59,1,-1.01879417311662,0.16587029680058352,CUX1,ZKSCAN1,MEF,Zf
3158,58,1,-1.42575660047968,-0.8052619275600397,UBA7,ZEB1,MEF,Zf
2815,45,0,1.37221217618403,1.3359649197903487,SP100,PRDM1,LMC,Zf
515,43,1,-1.48399593144254,-1.544367283436018,CENPK,PAX5,MEF,"Paired,Homeobox"
2409,29,0,1.19634377115798,1.064661224263378,RAB11FIP1,IRF1,LMC,IRF
737,28,0,1.09491580192298,1.0368139973004469,DDC,HNF4A,LMC,NR
496,48,1,-2.28882867699308,-1.8032383059480108,CDKN3,SP2,MEF,Zf
2953,22,0,1.39186676290857,0.747906219987675,TECPR1,FOXA2,LMC,Forkhead
2014,15,0,1.03414208924194,0.35484375164173826,NOS1AP,ELK1,LMC,ETS
2699,51,0,-1.13247654437372,-1.1379569772578113,SLC16A3,TCF12,LMC,bHLH
1946,48,1,-2.06657286608671,-2.070026523426475,NCAPD2,SP2,MEF,Zf
2215,12,1,-3.53089383410937,-3.4429157218203286,PIK3R6,EBF1,MEF,EBF
1522,29,1,1.08597430065433,0.5412860557269089,KBTBD8,IRF1,MEF,IRF
2492,13,1,-1.83237956996519,-2.120188918609987,RGS16,EGR1,MEF,Zf
2332,50,1,-1.39027810102326,-1.286184933368562,PRIM1,STAT3,MEF,Stat
754,46,1,-1.31193956690903,-0.1977401060334348,DGKK,RFX5,MEF,HTH
1317,17,0,1.70978485285036,1.7358261263111243,HCLS1,ETS1,LMC,ETS
478,23,1,-1.50500405166392,-1.5036975938604729,CDCA8,FOXM1,MEF,Forkhead
2792,37,1,1.03951477220622,0.9619202231416552,SNHG11,MEF2A,MEF,MADS
2243,54,0,1.91484846940288,1.7270568464127762,PLD4,USF1,LMC,bHLH
2033,32,0,-1.95195850424148,-1.7769154172902808,NR2F1,JUND,LMC,bZIP
522,55,0,1.26401131755558,1.2172341580353159,CENPV,USF2,LMC,bHLH
1064,8,1,-1.63075334070055,-1.535952754531933,FGL2,CUX1,MEF,Homeobox
2446,53,0,1.07317576939101,0.27782190939159057,RAP2A,TEAD4,LMC,TEA
926,3,1,-1.32942090046407,0.25567418710414797,ESYT1,BACH1,MEF,bZIP
2650,6,0,-1.41611481325977,-1.2215178355252945,SH3GL3,BHLHE40,LMC,bHLH
1888,46,1,1.65438930194512,1.0957029493345305,MSX2,RFX5,MEF,HTH
3174,35,1,1.62250715769651,-0.370107343926933,UNC5D,MAX,MEF,bHLH
454,43,0,2.02419233042325,2.045163877125238,CD68,PAX5,LMC,"Paired,Homeobox"
213,60,1,-1.08500643822329,-0.9596385927374987,ARSB,ZNF263,MEF,Zf
659,34,0,1.55122858363057,0.5611065661008976,CRYAB,MAFK,LMC,bZIP
2692,55,0,2.0074981520264,2.0074981520264,SLC15A3,USF2,LMC,bHLH
272,37,1,-1.06922081449246,-1.0704787873955965,BAZ1A,MEF2A,MEF,MADS
1384,49,0,-1.42126887048009,0.4538961228593375,HPDL,STAT1,LMC,Stat
1491,1,1,-1.45307203272899,-5.336287670436092,ITGA5,ATF2,MEF,bZIP
699,11,1,1.06432616534857,-1.5084315373023118,CXCL1,E2F6,MEF,E2F
41,40,1,-1.29710351150971,-1.2947284829529428,ACTN3,MYOG,MEF,bHLH
3165,10,0,2.25380930016082,2.1213392564732017,UCP2,E2F4,LMC,E2F
1946,8,0,-1.56584080827153,-1.099963701084935,NCAPD2,CUX1,LMC,Homeobox
714,6,1,5.83611476013381,5.2874170141628625,CYP1A1,BHLHE40,MEF,bHLH
1531,6,0,1.72895569764727,1.6956722496849188,KCNB1,BHLHE40,LMC,bHLH
511,25,0,-2.02810264729647,-2.001675158408394,CENPE,GATA1,LMC,Zf
571,14,1,1.42711232357573,-0.3816720009102276,CLEC11A,ELF1,MEF,ETS
381,19,1,1.13944539082864,0.7849242961211257,CCDC103,FOS,MEF,bZIP
1261,7,0,1.25204635547474,1.5769308332526604,GPR68,CTCF,LMC,Zf
800,34,0,-2.75860197527661,-1.7339169695959333,DPEP1,MAFK,LMC,bZIP
1559,14,0,-1.66267294525053,-1.7357460582138642,KCTD15,ELF1,LMC,ETS
2061,60,1,-2.58080923652457,-2.05079363339221,NUSAP1,ZNF263,MEF,Zf
2640,58,1,-2.32765090980149,-0.718834404480086,SGOL1,ZEB1,MEF,Zf
94,55,0,1.1446893045572,0.9406064788034919,AHCYL2,USF2,LMC,bHLH
908,35,0,-1.2161774029393,-1.2011290881382237,EPHB2,MAX,LMC,bHLH
2496,15,0,-1.87567434541817,-1.7883108942778227,RGS5,ELK1,LMC,ETS
1076,46,0,-1.25012529076239,-0.572583031911636,FLNA,RFX5,LMC,HTH
279,8,1,1.01856257095648,1.0457345493056645,BCL11B,CUX1,MEF,Homeobox
994,13,1,1.02278867867513,1.0321025210652255,FAM222A,EGR1,MEF,Zf
3165,10,1,-2.38129196365162,-2.330014294769175,UCP2,E2F4,MEF,E2F
909,13,0,-1.00616267624316,-1.0103629707770823,EPHB3,EGR1,LMC,Zf
85,11,0,1.31865403432304,0.2582492076353527,ADSSL1,E2F6,LMC,E2F
944,36,1,-1.00394440145578,-0.8138663049251805,EZH2,MAZ,MEF,Zf
2930,23,0,-1.81567322039661,-1.719313411794509,TACR1,FOXM1,LMC,Forkhead
2243,46,0,1.91484846940288,1.7468021257190391,PLD4,RFX5,LMC,HTH
2073,0,0,-1.22751387229782,0.5575499813292586,OBSL1,ATF1,LMC,bZIP
2831,59,0,-1.23443575155555,-1.1194700374459052,SPHK1,ZKSCAN1,LMC,Zf
1669,9,1,-2.03337449621201,-1.8115228256538218,LMNB1,E2F1,MEF,E2F
181,18,1,-2.885756251564,-2.8367445333564034,ARHGAP19,FLI1,MEF,ETS
3252,8,1,-1.30944351629506,-1.2083007347152903,ZDHHC14,CUX1,MEF,Homeobox
720,52,1,1.4721106127836,1.745831840805416,CYSTM1,TCF3,MEF,HMG
3080,53,0,1.78306212287679,1.2867269528390213,TOX2,TEAD4,LMC,TEA
1624,19,1,-1.00895275097401,-1.9527400814430353,LARP1B,FOS,MEF,bZIP
1017,6,1,-1.97493658435611,-1.4596267022246847,FANCI,BHLHE40,MEF,bHLH
222,6,0,-2.43318349577608,-1.5324085566730172,ASB2,BHLHE40,LMC,bHLH
2723,56,0,-1.25049449145877,-0.4552517482911634,SLC29A4,YY1,LMC,Zf
738,6,1,1.32510948112115,0.2402769577073064,DDIT4L,BHLHE40,MEF,bHLH
2458,46,0,-1.8068207517124,-1.6067991974654967,RASGRP1,RFX5,LMC,HTH
1744,56,0,1.61605159328595,1.628862551442684,MAFB,YY1,LMC,Zf
430,27,1,-1.3414109285533,-1.957975770733026,CCR5,GATA3,MEF,Zf
1574,4,1,-2.47502725547592,-1.716689740197904,KIF23,BATF,MEF,bZIP
440,0,0,1.03797956914794,1.698304465874646,CD2AP,ATF1,LMC,bZIP
2509,6,1,-1.81964590214041,-1.2430694478346447,RIN3,BHLHE40,MEF,bHLH
280,51,1,-1.11309358236636,-0.5852468851888245,BCL2L11,TCF12,MEF,bHLH
821,3,1,-1.13824406119575,0.33450661391035424,DTX4,BACH1,MEF,bZIP
1814,29,1,1.05357159098522,0.727485222780781,METTL21A,IRF1,MEF,IRF
2815,42,0,1.37221217618403,1.2069232488845711,SP100,NRF1,LMC,NRF
1945,21,1,2.03588974200988,1.1890515547325178,NCAM2,FOXA1,MEF,Forkhead
1050,14,1,-1.4150495250694,-1.4227359364315557,FGF11,ELF1,MEF,ETS
240,11,0,1.60328158259357,1.2259506118633476,ATP1B1,E2F6,LMC,E2F
132,32,0,1.06539075253422,-1.6823319294608532,ANGPT4,JUND,LMC,bZIP
1988,27,1,1.13223620404131,-0.08475126706218977,NHLRC1,GATA3,MEF,Zf
764,48,0,-2.00952580156248,-1.061973723862484,DLGAP5,SP2,LMC,Zf
924,9,1,1.51210965522421,2.248016110682711,ESR2,E2F1,MEF,E2F
1776,3,0,1.05823120455579,-0.10186427761483774,MATK,BACH1,LMC,bZIP
2011,57,1,-1.11600402981182,-1.0951310249672224,NOD1,ZBTB33,MEF,Zf
1805,10,1,2.53388208972454,2.3111228379399074,MEIG1,E2F4,MEF,E2F
2625,34,0,2.34303813040736,2.343857827617357,SERPIND1,MAFK,LMC,bZIP
185,56,0,1.22609652976325,1.3662999844579167,ARHGAP29,YY1,LMC,Zf
1081,35,0,2.28317642660713,-0.8135414250739873,FMNL1,MAX,LMC,bHLH
373,10,0,1.10520537115312,0.9190356834270861,CAT,E2F4,LMC,E2F
522,7,0,1.26401131755558,1.0307747466565451,CENPV,CTCF,LMC,Zf
1511,55,1,1.9335151440421,-0.19717539998074224,JAG2,USF2,MEF,bHLH
164,49,1,1.60914715772685,1.7062033338889808,APOB,STAT1,MEF,Stat
235,35,0,-1.029209618599,-1.0292096185989994,ATG16L2,MAX,LMC,bHLH
785,35,1,1.17300266617792,1.1463425057344871,DNAJB9,MAX,MEF,bHLH
2185,46,1,-1.72243686447564,-1.4079561696077751,PEG10,RFX5,MEF,HTH
3055,7,1,-2.0917384886418,-1.373957801514491,TNFAIP8L1,CTCF,MEF,Zf
1223,7,1,1.27551285037404,1.6702952814031866,GP1BA,CTCF,MEF,Zf
720,9,1,1.4721106127836,1.4808403360591473,CYSTM1,E2F1,MEF,E2F
3088,12,0,-1.33850392831304,-1.2727247599229068,TPX2,EBF1,LMC,EBF
1957,52,0,-1.64466006634202,-0.7181410000531976,NDC80,TCF3,LMC,HMG
994,23,1,1.02278867867513,1.0274455998701773,FAM222A,FOXM1,MEF,Forkhead
2677,9,1,-1.57464291830555,-1.5508112999648354,SKA3,E2F1,MEF,E2F
1394,12,1,-1.71552724765761,1.7920177452937835,HSD11B1,EBF1,MEF,EBF
170,51,1,2.20810576146479,0.36040973642774676,APOH,TCF12,MEF,bHLH
1534,17,1,1.16893133474129,0.9755069389120006,KCNC3,ETS1,MEF,ETS
970,35,0,-1.948274036608,-1.8174378841976777,FAM132B,MAX,LMC,bHLH
2008,21,1,2.81553162174377,2.136463874881682,NMU,FOXA1,MEF,Forkhead
2333,13,1,2.11733149630965,0.9537511483541042,PRKAA2,EGR1,MEF,Zf
220,40,1,-2.04823831442581,1.7631251862793758,ASB10,MYOG,MEF,bHLH
2929,50,1,-1.40887334898261,-1.1365558463749625,TACC3,STAT3,MEF,Stat
3085,22,1,-1.46134327408536,-1.3136016794222953,TPM2,FOXA2,MEF,Forkhead
1473,32,1,-2.92615095993494,-1.1822895529396231,IQGAP3,JUND,MEF,bZIP
2898,35,1,1.31714950392456,1.125318270508559,STYXL1,MAX,MEF,bHLH
2801,43,1,1.50617117096341,-0.22458394446161006,SOBP,PAX5,MEF,"Paired,Homeobox"
421,33,1,-3.46951667804334,-3.4695166780433366,CCNB1,MAFF,MEF,bZIP
625,42,1,1.2030634109061,0.9475527259669653,COL9A3,NRF1,MEF,NRF
2938,6,1,1.88676760580032,1.1276752678477073,TBX18,BHLHE40,MEF,bHLH
229,53,0,-1.67583306263046,-2.129161776768092,ASPM,TEAD4,LMC,TEA
884,34,1,-3.19115199917269,-2.8198242069773,EMCN,MAFK,MEF,bZIP
1015,50,0,-1.52207312984893,-1.0431608908164856,FANCA,STAT3,LMC,Stat
543,55,0,2.03072685270189,1.7290590367190068,CHL1,USF2,LMC,bHLH
748,55,1,1.14447180905259,0.7675826975676258,DENND6B,USF2,MEF,bHLH
791,27,0,-1.80214698809254,-0.07725839923262516,DNM3OS,GATA3,LMC,Zf
1237,54,0,-1.09288268752416,-0.9635853358694563,GPR125,USF1,LMC,bHLH
2710,57,0,1.87389290621927,1.7931703210110657,SLC22A4,ZBTB33,LMC,Zf
1797,13,0,-2.22934069982596,-1.5387855843887852,MDGA2,EGR1,LMC,Zf
3250,53,0,-2.44277508235194,-2.0829552666561177,ZC3HAV1L,TEAD4,LMC,TEA
1849,27,1,1.71130226931446,0.8836861517819679,MMP16,GATA3,MEF,Zf
222,15,0,-2.43318349577608,-1.1896674192868237,ASB2,ELK1,LMC,ETS
537,58,1,-1.01184978798121,-1.0603326546538816,CHAF1A,ZEB1,MEF,Zf
1756,22,0,-2.37201651279144,-2.0852197359387477,MAOB,FOXA2,LMC,Forkhead
307,15,1,-1.18056924901314,-1.1197852330241935,BOK,ELK1,MEF,ETS
213,21,1,-1.08500643822329,-0.9460878896332285,ARSB,FOXA1,MEF,Forkhead
521,25,1,-1.47290606283231,-1.472906062832309,CENPU,GATA1,MEF,Zf
2785,33,0,1.16663406036164,1.0925741310070145,SMYD1,MAFF,LMC,bZIP
1628,35,0,-1.03193745565036,-0.49639899566296547,LBR,MAX,LMC,bHLH
4,47,0,1.30531618728564,1.0643729810539835,AATK,SP1,LMC,Zf
1085,6,0,-1.00872789713166,-0.8393325016202493,FN1,BHLHE40,LMC,bHLH
2134,3,1,2.39317795527181,1.8361210669914494,PCDH10,BACH1,MEF,bZIP
2625,32,0,2.34303813040736,2.3288513378530844,SERPIND1,JUND,LMC,bZIP
1323,32,1,-1.27285316107792,-0.663302642881947,HEG1,JUND,MEF,bZIP
2353,14,1,-1.6450821104451,-1.8149720155876605,PRSS27,ELF1,MEF,ETS
2168,32,0,-1.54705845470902,-1.4780527208498935,PDE4B,JUND,LMC,bZIP
2226,42,1,-1.27907621233407,-1.5301066835106756,PKP2,NRF1,MEF,NRF
3126,15,1,1.3204466752018,0.2692777915979635,TSPAN13,ELK1,MEF,ETS
2821,36,1,1.33614858114974,0.0617418670341636,SPA17,MAZ,MEF,Zf
2868,6,1,-6.62493723827475,-4.3589460107179825,STAB1,BHLHE40,MEF,bHLH
2162,59,1,-1.32842226091202,-1.2262305442337214,PDE10A,ZKSCAN1,MEF,Zf
679,21,0,-2.86747721889391,0.6689333952296027,CTHRC1,FOXA1,LMC,Forkhead
2508,3,0,1.95118037125112,1.3536391681065567,RIMS3,BACH1,LMC,bZIP
1826,55,0,1.37380557150798,1.1325427787241427,MGST2,USF2,LMC,bHLH
1267,41,0,-2.02246298759905,-2.0084525342864468,GPRIN3,NANOG,LMC,Homeobox
11,24,0,1.68764813236608,1.3444098256263948,ABCC3,GABPA,LMC,ETS
1632,8,1,-3.12652993466873,-2.6078403542032813,LCP2,CUX1,MEF,Homeobox
1521,26,0,1.12300192662692,0.9866675854342856,KAZN,GATA2,LMC,Zf
1038,9,1,-1.7113898814647,-1.3158600464783066,FBXO5,E2F1,MEF,E2F
280,32,1,-1.11309358236636,-1.0624007963740763,BCL2L11,JUND,MEF,bZIP
2838,43,1,-4.32803056240979,-3.2170193841549524,SPN,PAX5,MEF,"Paired,Homeobox"
24,7,1,2.15532876906198,2.565035856365368,ACE,CTCF,MEF,Zf
2650,40,0,-1.41611481325977,-1.0355718715017659,SH3GL3,MYOG,LMC,bHLH
1032,58,0,-1.46617372302768,-1.3537006524683022,FBXO16,ZEB1,LMC,Zf
3136,27,1,1.7476052716644,0.38878957901575717,TTC9,GATA3,MEF,Zf
582,26,0,1.38792844422219,1.3879284442221895,CLN3,GATA2,LMC,Zf
1548,36,1,1.21210070568133,0.864094581788441,KCNJ4,MAZ,MEF,Zf
2031,49,1,1.6603360818878,1.274113750860293,NQO1,STAT1,MEF,Stat
318,15,1,1.90766419450925,-0.3825003982955664,BTLA,ELK1,MEF,ETS
1196,40,1,1.54395310487229,1.0374957230890114,GJB2,MYOG,MEF,bHLH
2196,59,0,-1.22792787179975,-0.7452925151516523,PGAP3,ZKSCAN1,LMC,Zf
365,6,0,1.8891319241309,1.894338618496839,CARD9,BHLHE40,LMC,bHLH
228,34,1,2.38674506757734,0.5095162049197359,ASPA,MAFK,MEF,bZIP
711,27,1,2.11217937635769,2.0937647141121527,CYBRD1,GATA3,MEF,Zf
2376,21,1,-2.66242552845657,-1.8722058535397594,PTGIS,FOXA1,MEF,Forkhead
2460,24,1,-1.04214834320776,-0.5338293817366844,RASGRP4,GABPA,MEF,ETS
2156,44,0,1.93797423240685,1.45992520087076,PCP4L1,PBX3,LMC,Homeobox
373,7,0,1.10520537115312,1.101461530190618,CAT,CTCF,LMC,Zf
2467,3,0,-1.95489925507068,-1.1462964941812337,RBFOX1,BACH1,LMC,bZIP
986,56,0,-2.57188756497958,-1.4455275369890044,FAM198A,YY1,LMC,Zf
2739,41,0,1.07554724816405,1.1255813740317564,SLC39A10,NANOG,LMC,Homeobox
1599,43,0,1.3884595597888,1.3884595597887996,KLHL6,PAX5,LMC,"Paired,Homeobox"
817,19,0,1.918440317054,1.7961990509172225,DSP,FOS,LMC,bZIP
1787,2,1,-2.53275926001282,-2.1090061008762424,MCM10,ATF3,MEF,bZIP
696,51,1,1.10224540529578,1.1202287028785889,CX3CL1,TCF12,MEF,bHLH
927,15,1,1.40396646353209,0.38305690411021087,ESYT3,ELK1,MEF,ETS
229,44,1,-2.81717383669163,-2.8171738366916337,ASPM,PBX3,MEF,Homeobox
2763,10,0,-1.37580388005319,-0.928148844470184,SLC9A5,E2F4,LMC,E2F
1768,7,1,1.51744635820687,0.48648036662788996,MAPK15,CTCF,MEF,Zf
1522,46,0,1.20685854188687,1.4912145045774852,KBTBD8,RFX5,LMC,HTH
2362,12,0,-1.21873682208915,-1.0846285334907706,PSAT1,EBF1,LMC,EBF
1833,29,0,1.32676177165072,0.7421755661566317,MITF,IRF1,LMC,IRF
892,21,0,-1.24022767781261,-0.26875998482469876,ENAH,FOXA1,LMC,Forkhead
2082,7,0,1.67699464133269,0.48918380766325137,OLFML2B,CTCF,LMC,Zf
142,25,1,-1.0540168366728,-0.787979705106289,ANKRD37,GATA1,MEF,Zf
2818,54,0,-2.25716671489851,-1.6298309336541168,SP3,USF1,LMC,bHLH
1062,15,1,-1.28672835254561,-1.3103583330537416,FGGY,ELK1,MEF,ETS
1330,36,1,1.58427009070658,-1.664172308027335,HHIP,MAZ,MEF,Zf
2392,56,1,-2.75179963084061,0.45904751276296524,PTPRO,YY1,MEF,Zf
10,49,1,-1.23887475365134,-1.3071561123495115,ABCB4,STAT1,MEF,Stat
1342,13,0,-1.34950448426659,-1.3512242100644978,HMGA2,EGR1,LMC,Zf
2956,35,0,-1.2224837088738,0.36312267878218385,TERT,MAX,LMC,bHLH
2969,60,0,-1.39028771607637,-1.186324000338078,TGFB1I1,ZNF263,LMC,Zf
496,43,1,-2.28882867699308,-1.7030684829467895,CDKN3,PAX5,MEF,"Paired,Homeobox"
784,51,1,1.08312646824662,0.6942772168811867,DNAJB4,TCF12,MEF,bHLH
1788,47,1,-1.18921853477002,-1.887475219548101,MCM2,SP1,MEF,Zf
1670,49,1,2.80150441501762,-1.8148436351409152,LMO1,STAT1,MEF,Stat
2076,54,0,-2.93000682617462,-1.2175734738890487,OGN,USF1,LMC,bHLH
2587,50,0,2.58402245788979,1.8924140236684759,SCN2B,STAT3,LMC,Stat
1746,35,1,5.32777087359567,4.7334165188656145,MAL,MAX,MEF,bHLH
2839,53,1,1.40128640910394,-1.0291201372949963,SPNS2,TEAD4,MEF,TEA
762,19,0,1.09464442057264,1.0693064101072551,DLEU2,FOS,LMC,bZIP
1498,55,1,-1.26046363648136,-1.870349878347779,ITGB3,USF2,MEF,bHLH
1990,21,1,-2.08969235613197,-0.39125703520056276,NID1,FOXA1,MEF,Forkhead
2404,32,0,2.00552072837022,1.2032329144959852,PYGM,JUND,LMC,bZIP
1344,57,0,-1.06304399815731,-1.1667396952860905,HMGCS1,ZBTB33,LMC,Zf
1633,4,1,3.58062266510617,0.541383256068133,LCTL,BATF,MEF,bZIP
1752,40,1,-1.28798152001015,-1.4207239668942235,MAN2A1,MYOG,MEF,bHLH
2824,7,0,-2.74229055018427,-1.308176211482503,SPARCL1,CTCF,LMC,Zf
1575,27,1,1.03299861527499,-1.0821266177879543,KIF26A,GATA3,MEF,Zf
2487,31,0,1.09121897733351,0.6560010321044962,RFTN1,IRF4,LMC,IRF
428,27,1,-2.3161581512773,-2.2919327693986875,CCR1,GATA3,MEF,Zf
3020,13,0,4.33994729354874,-0.7966457762527298,TMEM163,EGR1,LMC,Zf
511,55,0,-2.02810264729647,-1.98701543738155,CENPE,USF2,LMC,bHLH
2727,46,0,-3.11197659189262,-3.111976591892616,SLC2A4,RFX5,LMC,HTH
703,42,0,1.93390401741099,1.6874705868398774,CXCR4,NRF1,LMC,NRF
3199,25,1,1.16338139694328,0.3444435406130112,VKORC1,GATA1,MEF,Zf
1967,42,0,-1.16162403843679,-1.2315960612399093,NEDD9,NRF1,LMC,NRF
2613,51,1,2.03597997477726,1.1374878690742978,SEMA4F,TCF12,MEF,bHLH
3160,60,1,-2.89414773676838,-1.9566055764939756,UBE2C,ZNF263,MEF,Zf
2008,32,1,2.81553162174377,1.7428116389683483,NMU,JUND,MEF,bZIP
2077,20,1,-1.47688569810634,-1.3590017258141147,OIP5,FOSL2,MEF,bZIP
2406,24,1,-2.22909861186948,-2.5190961290106895,PYROXD2,GABPA,MEF,ETS
3074,34,0,1.95037145184557,1.8831052938908246,TNS4,MAFK,LMC,bZIP
890,29,1,-1.72130718281428,-2.032790439363838,EN1,IRF1,MEF,IRF
1601,40,1,1.06527561830668,0.8151575391929137,KLRG2,MYOG,MEF,bHLH
2531,56,1,1.20824445812755,0.313582648790278,RORA,YY1,MEF,Zf
276,8,0,-2.52309707321754,-2.3479863668330108,BCAT1,CUX1,LMC,Homeobox
3043,7,1,-2.86541431803902,-1.102816872404904,TMEM51,CTCF,MEF,Zf
3236,42,0,1.14579429923485,1.1345378599219176,WWP1,NRF1,LMC,NRF
883,27,0,-1.77841332512068,-1.4767392909246388,ELOVL6,GATA3,LMC,Zf
762,12,0,1.09464442057264,1.1942491299322215,DLEU2,EBF1,LMC,EBF
2651,25,1,-1.09294851276797,-0.6329763395555408,SH3KBP1,GATA1,MEF,Zf
1242,7,0,-1.91954685993887,1.4232313545647393,GPR149,CTCF,LMC,Zf
473,54,1,-1.83545152460296,-1.8427330782196583,CDCA2,USF1,MEF,bHLH
1161,25,1,-1.53502513089702,-0.719802898994473,GBX1,GATA1,MEF,Zf
2608,57,1,2.11602326557381,1.4554951374572231,SEMA3C,ZBTB33,MEF,Zf
2537,14,1,-1.8166341585174,0.30257437839507184,RPS6KA1,ELF1,MEF,ETS
143,35,0,-1.25200855268607,-1.5126899782801844,ANKRD6,MAX,LMC,bHLH
367,12,1,-2.58951555677959,-2.446689041018272,CASC5,EBF1,MEF,EBF
2929,24,0,-1.14419748841923,-1.1940166431626105,TACC3,GABPA,LMC,ETS
439,8,0,2.39532242952227,2.3896252862239433,CD28,CUX1,LMC,Homeobox
1326,15,1,1.7722064028103,0.5990845189216996,HERC3,ELK1,MEF,ETS
2408,11,0,-1.23672453135472,-1.0550273048679526,QSOX1,E2F6,LMC,E2F
511,49,1,-2.78967392596139,-2.789673925961391,CENPE,STAT1,MEF,Stat
672,46,0,-1.49505915276106,-1.495059152761059,CSRP1,RFX5,LMC,HTH
1420,24,1,-1.15452140562588,-0.9878730495514941,IGF2BP2,GABPA,MEF,ETS
1555,6,0,-2.8231845102634,-2.597943961591773,KCNMB1,BHLHE40,LMC,bHLH
1667,24,1,-3.06648116029051,1.074670241490278,LIPN,GABPA,MEF,ETS
2949,15,0,1.39093876319334,1.2155018065039103,TCFL5,ELK1,LMC,ETS
1108,21,0,-1.83668937795745,-1.6500031757886722,FREM2,FOXA1,LMC,Forkhead
2354,56,1,2.68091060085113,0.9580445834604788,PRSS35,YY1,MEF,Zf
252,7,1,-2.3618604739919,-2.2908756331161704,AURKB,CTCF,MEF,Zf
3051,60,1,1.32077569485417,-1.7489477412196572,TMX2,ZNF263,MEF,Zf
2204,59,1,-1.15295204263613,-1.5502988589941022,PHLPP1,ZKSCAN1,MEF,Zf
150,35,1,-1.50638570003123,-1.3345335396067446,ANXA4,MAX,MEF,bHLH
2155,15,0,-2.47708326135664,-1.5728586837532275,PCOLCE,ELK1,LMC,ETS
3034,54,0,-1.63490947200649,-0.9971930696587341,TMEM246,USF1,LMC,bHLH
1660,12,1,-1.55962805425669,-2.9467926632826713,LIMK1,EBF1,MEF,EBF
2951,43,1,1.7548502520091,-0.48262226862946195,TCP11,PAX5,MEF,"Paired,Homeobox"
1054,15,1,1.1716865224164,1.2820833654375854,FGF18,ELK1,MEF,ETS
1338,19,0,1.37703027394907,1.4148939354544685,HIVEP3,FOS,LMC,bZIP
619,42,1,-2.24051500112607,-1.9575537999468364,COL4A2,NRF1,MEF,NRF
2026,32,0,-1.81031662538622,-0.5421712954107817,NPR3,JUND,LMC,bZIP
276,47,1,-1.03013751610087,-0.8499882265462527,BCAT1,SP1,MEF,Zf
3118,8,1,1.30876895399041,0.292102624265285,TRPS1,CUX1,MEF,Homeobox
2698,23,1,2.93202883553792,0.5148486775888587,SLC16A14,FOXM1,MEF,Forkhead
407,43,1,1.03514271363307,0.7052510929816128,CCDC90B,PAX5,MEF,"Paired,Homeobox"
350,47,0,1.39360994130101,1.3659515463143208,CADM3,SP1,LMC,Zf
561,45,1,2.25513078197246,1.406473581798632,CITED4,PRDM1,MEF,Zf
2823,10,0,-1.74134660350485,-1.4542403216445672,SPAG5,E2F4,LMC,E2F
1505,47,0,1.01095122469057,1.1447020297206552,ITPK1,SP1,LMC,Zf
1601,32,1,1.06527561830668,1.1509780210087355,KLRG2,JUND,MEF,bZIP
2591,28,1,-1.78273891404674,-1.4270609168078208,SCN9A,HNF4A,MEF,NR
1612,19,0,2.57360812690163,2.4779126810885996,KYNU,FOS,LMC,bZIP
108,44,1,1.07862740724675,1.0818243998776247,ALCAM,PBX3,MEF,Homeobox
2810,24,1,-2.68150712163575,-1.343621764324813,SOX12,GABPA,MEF,ETS
787,40,1,1.35627669638986,1.3858997146448393,DNALI1,MYOG,MEF,bHLH
1933,49,1,-3.07995538654105,-0.8416363485728847,NAALAD2,STAT1,MEF,Stat
1581,13,0,-1.24019614259515,0.6885300966149184,KIF7,EGR1,LMC,Zf
1793,6,0,1.80783041632026,1.7341376316153754,MCOLN3,BHLHE40,LMC,bHLH
939,50,1,1.71146128558084,1.4531735430021917,EXPH5,STAT3,MEF,Stat
2837,58,0,1.62615454323833,1.1471368061625664,SPINT2,ZEB1,LMC,Zf
652,9,0,1.38975973373905,1.609345829033516,CRIP1,E2F1,LMC,E2F
87,47,0,-1.07602901160322,0.23366993317943902,AFF3,SP1,LMC,Zf
650,41,1,-2.94835882788418,-2.7135003606836676,CREG2,NANOG,MEF,Homeobox
2308,58,1,1.37041742724006,1.2951963733666658,PPFIBP2,ZEB1,MEF,Zf
1498,47,1,-1.26046363648136,-1.0386992835837432,ITGB3,SP1,MEF,Zf
2090,23,1,1.48097195977724,0.6688067655723033,OSBPL3,FOXM1,MEF,Forkhead
2251,10,0,-2.03705643469854,-0.40093214412381095,PLEKHG4,E2F4,LMC,E2F
954,3,0,1.3474227486607,1.3976540085393574,FABP3,BACH1,LMC,bZIP
2914,54,1,3.80336753378648,3.386293529062043,SYNM,USF1,MEF,bHLH
1050,14,1,-1.4150495250694,-1.4227359364315557,FGF11,ELF1,MEF,ETS
3086,15,1,-1.19173570792296,-1.6390397063849247,TPM4,ELK1,MEF,ETS
1884,50,1,-1.01986887113406,-0.9087847690896287,MSRA,STAT3,MEF,Stat
2750,34,0,1.09773948896469,1.0972956441486783,SLC46A3,MAFK,LMC,bZIP
311,47,1,-1.15853737122107,-0.6708465520445895,BRIP1,SP1,MEF,Zf
2380,50,0,-3.6548302174139,-2.1651212861604914,PTN,STAT3,LMC,Stat
468,10,1,-1.37167653448339,-1.3716765344833908,CDC42EP2,E2F4,MEF,E2F
488,8,1,-1.53660217902945,-0.009990483026980544,CDK1,CUX1,MEF,Homeobox
3053,25,0,2.99603149630892,-0.5332337378311385,TNF,GATA1,LMC,Zf
2529,26,0,-1.49220906542804,-1.0602827961584196,ROR1,GATA2,LMC,Zf
469,0,0,-1.08880876245464,-1.0412067630911253,CDC42EP4,ATF1,LMC,bZIP
3091,35,0,-1.13852852708434,-1.074565331537927,TRAM1L1,MAX,LMC,bHLH
2794,22,1,-1.9308040336724,-0.6014859402941508,SNORA31,FOXA2,MEF,Forkhead
2276,51,1,1.06543967234965,0.7237703472292182,PMAIP1,TCF12,MEF,bHLH
2977,56,0,-1.92087742808799,-1.723391174502943,THBS3,YY1,LMC,Zf
2485,53,1,3.63110658670554,0.40213684967732766,RERG,TEAD4,MEF,TEA
2472,60,1,-2.98434592973191,-1.6693441221302132,RBM47,ZNF263,MEF,Zf
1799,10,0,-3.42838043876164,-2.437735063638951,MECOM,E2F4,LMC,E2F
748,25,1,1.14447180905259,-0.01728542386579698,DENND6B,GATA1,MEF,Zf
2678,48,1,-1.35194087586138,-1.7258583376558798,SKP2,SP2,MEF,Zf
2277,26,1,-1.67266293787219,-1.2422433827402768,PMF1,GATA2,MEF,Zf
1969,29,1,-2.45331857180065,-1.7932085471766175,NEIL3,IRF1,MEF,IRF
933,1,0,2.03864850544959,1.0827059541168338,EVI2A,ATF2,LMC,bZIP
48,51,1,-1.94422025009557,-1.9425843883753986,ADAM19,TCF12,MEF,bHLH
2446,40,0,1.07317576939101,0.4067712370135846,RAP2A,MYOG,LMC,bHLH
764,23,1,-2.77861016108699,-2.2751798137977017,DLGAP5,FOXM1,MEF,Forkhead
705,35,1,1.96907516552775,1.9462565607877562,CXXC4,MAX,MEF,bHLH
1285,46,0,-1.73109418771401,-1.3588245645081694,GRIN1,RFX5,LMC,HTH
198,9,1,-3.3044652172803,-2.791129907753092,ARHGEF39,E2F1,MEF,E2F
2571,34,0,2.21199249094667,2.059438379528856,SAMSN1,MAFK,LMC,bZIP
296,13,1,-1.59805342544592,-1.6108563758777004,BLNK,EGR1,MEF,Zf
259,56,0,1.24295821941063,1.2844228127165467,B3GNT8,YY1,LMC,Zf
1613,56,0,2.4317777613676,2.431777761367599,LAD1,YY1,LMC,Zf
239,14,1,-4.63790115428554,-0.7078743270842394,ATP1A3,ELF1,MEF,ETS
470,51,1,-2.25890499537823,-2.083356077315321,CDC42EP5,TCF12,MEF,bHLH
1422,2,0,1.726624124986,1.47028498010878,IGFBP4,ATF3,LMC,bZIP
2229,42,1,-2.03585184324305,-0.746252544596572,PLA2G4C,NRF1,MEF,NRF
3184,40,0,-1.2625906051746,-1.2689127257969648,UST,MYOG,LMC,bHLH
2615,35,0,-1.46513423498235,-1.4589845474410565,SEMA6A,MAX,LMC,bHLH
2591,21,1,-1.78273891404674,-1.1368440271703342,SCN9A,FOXA1,MEF,Forkhead
1908,7,0,2.08094282563137,-0.18262136606527568,MYH14,CTCF,LMC,Zf
2678,33,1,-1.35194087586138,-1.2169291792734054,SKP2,MAFF,MEF,bZIP
1493,27,1,1.4996248457249,-1.345881472991257,ITGA8,GATA3,MEF,Zf
513,23,0,-1.3525440584189,-1.3703307300496723,CENPH,FOXM1,LMC,Forkhead
1691,55,1,1.57129493062406,0.753610195144024,LRFN5,USF2,MEF,bHLH
2316,11,0,-1.20611025138489,-1.456278498264098,PPP1R36,E2F6,LMC,E2F
115,21,1,-1.46853695672575,-1.8512015931244201,ALDH3B1,FOXA1,MEF,Forkhead
103,32,0,-1.30472250216679,-1.001925432822324,AKAP12,JUND,LMC,bZIP
1553,26,0,1.28517204387347,0.14030045971777927,KCNK6,GATA2,LMC,Zf
2641,47,0,-1.30244599015757,-1.071276204450917,SGOL2,SP1,LMC,Zf
1033,47,1,1.37290435493264,1.2257653543128426,FBXO27,SP1,MEF,Zf
41,19,0,1.69437888610921,0.8120679724565462,ACTN3,FOS,LMC,bZIP
416,33,0,1.98389732052928,2.0092051116361525,CCL5,MAFF,LMC,bZIP
3056,32,0,1.851144354377,0.04524864123791105,TNFAIP8L2,JUND,LMC,bZIP
2502,48,0,-1.53561175560559,-1.4670581910901572,RHOF,SP2,LMC,Zf
1761,4,0,-4.78522239619105,-1.7924923685471135,MAP3K7CL,BATF,LMC,bZIP
1688,40,1,1.32207445323226,1.0097548108307526,LRCH1,MYOG,MEF,bHLH
1304,53,0,1.79557860486575,0.8041348511144164,GUCY1A3,TEAD4,LMC,TEA
1229,24,0,-1.54093470936659,-1.75708028277741,GPC6,GABPA,LMC,ETS
1272,43,1,-1.64322072858882,-1.65757665908896,GRAP,PAX5,MEF,"Paired,Homeobox"
1481,3,1,2.32183354628202,2.047757705358889,IRX3,BACH1,MEF,bZIP
910,50,1,1.34784390842321,1.169996439199066,EPHB6,STAT3,MEF,Stat
1005,7,1,-1.266722267724,1.5098125035976968,FAM71F1,CTCF,MEF,Zf
1666,19,1,2.50962701191253,0.5976427811438132,LIPG,FOS,MEF,bZIP
2259,19,1,-3.09747279205238,-1.3990323621318481,PLK1,FOS,MEF,bZIP
2250,12,1,-1.29239612926271,-1.1426097604849226,PLEKHG3,EBF1,MEF,EBF
2786,39,1,-1.24692938914532,-0.9826974460996248,SNAI1,MYB,MEF,HTH
1001,44,0,1.53675583410145,1.2007646698172965,FAM49A,PBX3,LMC,Homeobox
952,7,0,2.46387405066583,1.0441223148779153,F5,CTCF,LMC,Zf
781,7,1,-1.77698609693369,0.6379777450396847,DNAH6,CTCF,MEF,Zf
992,1,1,1.00646228397572,0.9533432018887563,FAM212B,ATF2,MEF,bZIP
2709,31,0,1.6009575554387,1.58749275558549,SLC22A18,IRF4,LMC,IRF
683,56,0,1.6376764867435,-0.4081226600398757,CTSB,YY1,LMC,Zf
3145,10,1,-1.32949754920419,-1.3417215501412716,TUBA1B,E2F4,MEF,E2F
1218,6,0,-1.40791351049592,-1.6589876558482275,GNG8,BHLHE40,LMC,bHLH
29,36,1,-1.44100672629891,-1.4459805233191607,ACOT1,MAZ,MEF,Zf
1327,11,0,1.75267686763674,1.6888050618173622,HFE,E2F6,LMC,E2F
391,43,0,-1.06623168509166,-1.175330867846441,CCDC159,PAX5,LMC,"Paired,Homeobox"
1027,14,1,-1.78584369967516,-1.7881571224665322,FBN1,ELF1,MEF,ETS
2140,20,0,-1.50709385631897,-1.3486172366305131,PCDH9,FOSL2,LMC,bZIP
1054,35,1,1.1716865224164,1.2463928320376225,FGF18,MAX,MEF,bHLH
2686,47,1,1.0133885125942,0.8785712735390294,SLC12A2,SP1,MEF,Zf
3098,17,1,-2.25754938545241,-1.9186485418441583,TREML4,ETS1,MEF,ETS
794,55,1,-7.53915401425447,-5.7353434336566345,DOCK2,USF2,MEF,bHLH
2871,54,0,-1.81588006159571,0.15286102662186238,STAG3,USF1,LMC,bHLH
860,60,1,2.11517334013374,1.2809637700506624,EFHD1,ZNF263,MEF,Zf
178,58,1,-2.02334125806666,-2.062715923634429,ARHGAP10,ZEB1,MEF,Zf
3134,12,1,2.28253082591475,2.1383897893299233,TTC21A,EBF1,MEF,EBF
716,11,0,-1.08566102735893,-0.4160814198468495,CYP26B1,E2F6,LMC,E2F
1446,49,0,1.17277834852757,1.1858984680949431,IL18RAP,STAT1,LMC,Stat
3009,34,1,1.35703295898885,-0.12990313729320788,TMEM117,MAFK,MEF,bZIP
2398,19,1,1.71107997056328,1.5619244097545135,PTX3,FOS,MEF,bZIP
1991,36,0,-1.19310953918072,-1.4688821408339683,NIM1K,MAZ,LMC,Zf
1711,26,0,1.47996043864215,1.159826680763641,LRRN4,GATA2,LMC,Zf
1778,56,0,-3.21531392164049,-2.4136499979585064,MATN3,YY1,LMC,Zf
25,26,1,3.18066969946884,2.807233482749706,ACHE,GATA2,MEF,Zf
1555,56,0,-2.8231845102634,-2.5800447214983064,KCNMB1,YY1,LMC,Zf
2987,32,1,-1.23658623443455,-0.7349905797420678,TINAG,JUND,MEF,bZIP
2875,11,1,-2.01852192431119,-1.8261549676256528,STARD8,E2F6,MEF,E2F
1347,20,1,-2.24742323046206,-2.3385967169291613,HMMR,FOSL2,MEF,bZIP
2641,56,0,-1.30244599015757,-0.5728441434914573,SGOL2,YY1,LMC,Zf
1945,32,1,2.03588974200988,1.3203209320974738,NCAM2,JUND,MEF,bZIP
2816,7,1,-4.21242303903556,-3.065638198136432,SP110,CTCF,MEF,Zf
709,22,1,-1.66905437630875,-0.0006719634498530835,CYBA,FOXA2,MEF,Forkhead
2243,36,0,1.91484846940288,1.6569138096659548,PLD4,MAZ,LMC,Zf
1155,46,0,1.72826955999767,0.7104528483771614,GATA4,RFX5,LMC,HTH
2533,53,0,1.35459457772896,0.7342363514561582,RPP25,TEAD4,LMC,TEA
1097,47,1,-2.77674715516565,-0.7956215420929954,FOXD1,SP1,MEF,Zf
1469,47,0,-1.34614119276357,-1.2849757182633201,INSIG1,SP1,LMC,Zf
711,29,1,2.11217937635769,1.6204867522880289,CYBRD1,IRF1,MEF,IRF
2172,24,1,-1.41279192676736,-0.42381318210318364,PDGFB,GABPA,MEF,ETS
711,47,1,2.11217937635769,1.6148374289269365,CYBRD1,SP1,MEF,Zf
2876,10,1,-2.41808164248854,-2.0234342179575258,STARD9,E2F4,MEF,E2F
3077,17,0,-1.50867268856158,-1.5134329240520605,TOM1L1,ETS1,LMC,ETS
898,34,1,-2.2876404489913,1.1009431884319711,ENPP3,MAFK,MEF,bZIP
879,25,1,-2.58541829649739,0.8510762749223802,ELMO1,GATA1,MEF,Zf
1298,33,0,1.79871714318156,1.4883019050286044,GSTA4,MAFF,LMC,bZIP
909,8,0,-1.00616267624316,-1.0161086856449701,EPHB3,CUX1,LMC,Homeobox
1727,28,0,-1.8059852208024,-1.3774748340460863,LY75,HNF4A,LMC,NR
275,49,1,2.00489501099902,1.7593580807918219,BCAR3,STAT1,MEF,Stat
1357,54,0,-1.81722137187069,-1.7816898146094382,HOXA2,USF1,LMC,bHLH
2743,14,0,1.463380371895,1.463298574054445,SLC40A1,ELF1,LMC,ETS
329,55,1,-1.04984739740468,-1.5370921374041921,C1QTNF6,USF2,MEF,bHLH
2306,3,0,-1.30889055275559,-1.6634686016017741,PPFIA2,BACH1,LMC,bZIP
2475,51,1,-1.44061168735286,0.8327850965180477,RBPMS,TCF12,MEF,bHLH
175,40,0,1.14913751880714,1.1483498327845394,ARAP2,MYOG,LMC,bHLH
890,40,1,-1.72130718281428,-2.493932299186803,EN1,MYOG,MEF,bHLH
2479,46,1,-1.57338724010975,0.0878473320634932,RCSD1,RFX5,MEF,HTH
635,19,1,1.78867113327481,2.608907114294866,COX6B2,FOS,MEF,bZIP
2485,49,1,3.63110658670554,0.6246149729782485,RERG,STAT1,MEF,Stat
2981,1,0,1.74334891573225,0.688685783336494,TICAM2,ATF2,LMC,bZIP
334,51,1,-7.57723638499168,-6.774700419310319,C5AR1,TCF12,MEF,bHLH
2739,52,0,1.07554724816405,1.1049295845217062,SLC39A10,TCF3,LMC,HMG
318,23,1,1.90766419450925,-0.1732623451049529,BTLA,FOXM1,MEF,Forkhead
1806,54,1,2.23278078032331,2.293001042203556,MEIOB,USF1,MEF,bHLH
736,49,1,1.21253077226439,-0.04221997919520055,DCXR,STAT1,MEF,Stat
938,7,1,1.89579617504201,0.23844356634864158,EXOC3L2,CTCF,MEF,Zf
762,56,0,1.09464442057264,1.106414384780763,DLEU2,YY1,LMC,Zf
2408,34,0,-1.23672453135472,-0.5092933194849949,QSOX1,MAFK,LMC,bZIP
346,40,1,2.3050515227329,2.344077266761819,CACNB2,MYOG,MEF,bHLH
422,13,1,-3.75573412612852,-3.72711238132,CCNB2,EGR1,MEF,Zf
1421,35,1,-1.30620556259726,-1.0813839781406005,IGF2BP3,MAX,MEF,bHLH
512,24,1,-2.39804093947349,-2.4293715783925216,CENPF,GABPA,MEF,ETS
2277,53,1,-1.67266293787219,-1.190532076878866,PMF1,TEAD4,MEF,TEA
1044,43,1,-5.35759327366017,-5.293012851934208,FERMT3,PAX5,MEF,"Paired,Homeobox"
1648,10,0,1.39432488372804,1.3663023257501123,LGMN,E2F4,LMC,E2F
1265,44,1,2.4965943904459,1.4279012556607131,GPRC5A,PBX3,MEF,Homeobox
1951,51,0,1.45744396290933,1.1931286475701992,NCEH1,TCF12,LMC,bHLH
437,49,0,3.05569276617578,2.9585231448171747,CD22,STAT1,LMC,Stat
3239,11,1,9.86262990937473,3.941287312197162,XIST,E2F6,MEF,E2F
2094,46,0,-1.90196413545541,-1.9552619745493032,OSR1,RFX5,LMC,HTH
1578,19,0,-2.1700677220651,-2.035565346901531,KIF2C,FOS,LMC,bZIP
1326,49,1,1.7722064028103,0.9749428637890013,HERC3,STAT1,MEF,Stat
349,14,0,1.27751062385433,0.7739426463565787,CADM2,ELF1,LMC,ETS
1103,24,0,-1.1218794612056,-1.077217809294866,FOXP1,GABPA,LMC,ETS
906,29,0,-1.47598741093167,-1.482232493497866,EPHA4,IRF1,LMC,IRF
831,0,1,1.24284518660575,0.9048837034329832,DYNC2LI1,ATF1,MEF,bZIP
2800,12,0,1.10695031251757,1.0114615683404486,SOAT1,EBF1,LMC,EBF
1139,11,1,-2.53046737953062,-1.8416860214177944,GALNT12,E2F6,MEF,E2F
764,44,1,-2.77861016108699,-2.687210903283831,DLGAP5,PBX3,MEF,Homeobox
80,56,0,-1.85487740745499,-1.612055694640845,ADORA2B,YY1,LMC,Zf
1626,60,1,-1.20721833631676,-0.23339724847611265,LASP1,ZNF263,MEF,Zf
2633,3,0,-1.57606414374933,-0.14655633493390247,SFRP1,BACH1,LMC,bZIP
2582,30,0,1.94404150964606,0.8289072099757688,SCIN,IRF3,LMC,IRF
2857,19,0,-1.06293551098304,-0.8827918790554198,SSC5D,FOS,LMC,bZIP
2762,43,0,1.14204392419731,1.0691568673517373,SLC9A3R1,PAX5,LMC,"Paired,Homeobox"
1933,21,0,-1.05436822613132,-0.10496986214209514,NAALAD2,FOXA1,LMC,Forkhead
1834,14,1,-3.78617921069156,-1.79085536624639,MKI67,ELF1,MEF,ETS
1995,32,1,-1.79862701384107,-0.6735385634337895,NKAIN3,JUND,MEF,bZIP
1569,60,0,-1.70112877149519,-0.7552400418048315,KIF18B,ZNF263,LMC,Zf
1166,56,0,1.04053157521072,1.0023568011998674,GCLM,YY1,LMC,Zf
1059,7,1,-1.30648104502404,-1.071440910940079,FGFR1,CTCF,MEF,Zf
2969,20,1,-1.15543613683925,-1.60940324137815,TGFB1I1,FOSL2,MEF,bZIP
1509,6,1,-1.44881067617991,-0.8890439991231156,JADE1,BHLHE40,MEF,bHLH
91,60,0,-1.06859955874471,0.3866603620620958,AGPAT9,ZNF263,LMC,Zf
982,56,1,1.9927673408171,1.9629642396424536,FAM184A,YY1,MEF,Zf
2342,14,1,1.93262260552631,1.0282644699278451,PROSER2,ELF1,MEF,ETS
749,9,1,-2.5682230846885,-1.9810244177862921,DEPDC1B,E2F1,MEF,E2F
1759,15,0,-1.20195710611927,-1.2112790252264,MAP2K6,ELK1,LMC,ETS
2652,56,1,-1.04770872945372,-1.3999847657800988,SH3PXD2B,YY1,MEF,Zf
2529,56,0,-1.49220906542804,0.2853231344220046,ROR1,YY1,LMC,Zf
3174,55,1,1.62250715769651,-0.33190609490520623,UNC5D,USF2,MEF,bHLH
1346,51,1,-2.7170715453491,-2.6701067138603958,HMHA1,TCF12,MEF,bHLH
216,37,1,3.12962584486479,2.4343150831124363,ART3,MEF2A,MEF,MADS
2051,42,1,3.26103747753101,1.733240700595794,NTRK2,NRF1,MEF,NRF
340,3,1,-1.36183817971496,-1.0246001466766923,CACNA1G,BACH1,MEF,bZIP
3031,13,0,-1.20620524419513,-0.9848687726827344,TMEM220,EGR1,LMC,Zf
52,55,1,-2.28287475331432,-2.169757635763118,ADAM5,USF2,MEF,bHLH
2893,14,0,1.51284286980571,1.213264325817768,STRA6,ELF1,LMC,ETS
2698,51,1,2.93202883553792,0.7457279656820927,SLC16A14,TCF12,MEF,bHLH
1706,7,1,1.25254450235524,1.3780351706168585,LRRC75B,CTCF,MEF,Zf
1198,19,1,-2.26191642826939,1.1598267781677025,GJC2,FOS,MEF,bZIP
2044,11,0,-4.0192364039799,1.439038359750444,NSG1,E2F6,LMC,E2F
1198,60,1,-2.26191642826939,0.33866626646519477,GJC2,ZNF263,MEF,Zf
2676,44,1,-2.10780532461424,-2.1691087361398806,SKA1,PBX3,MEF,Homeobox
519,54,0,-1.14569791585651,-1.1373256638653495,CENPQ,USF1,LMC,bHLH
1720,44,0,-2.12555056976554,-2.1123353300077103,LTBP1,PBX3,LMC,Homeobox
1231,56,0,1.52548169923708,-0.9226940930178894,GPM6A,YY1,LMC,Zf
2586,54,1,1.44990055505487,1.2862228137306295,SCN1B,USF1,MEF,bHLH
2024,58,1,-1.06631322407724,-0.6861612487040334,NPL,ZEB1,MEF,Zf
2026,34,0,-1.81031662538622,-0.062405979551709824,NPR3,MAFK,LMC,bZIP
614,56,0,1.69194792886115,-2.3574785110752234,COL22A1,YY1,LMC,Zf
1514,36,1,1.06579258854101,0.4379622075661572,JAM2,MAZ,MEF,Zf
829,42,0,-1.17747353187961,-1.0278468619463794,DUT,NRF1,LMC,NRF
942,35,1,2.2301525275649,1.7502433395610912,EYA2,MAX,MEF,bHLH
3235,33,0,1.66189980207971,1.538524476310756,WT1,MAFF,LMC,bZIP
1792,23,0,1.95371509724689,1.8635148695609638,MCOLN2,FOXM1,LMC,Forkhead
218,60,0,-1.31210114322349,-1.3257591881931565,ARTN,ZNF263,LMC,Zf
2448,33,0,2.22147827010398,1.2693368460244967,RAPGEF5,MAFF,LMC,bZIP
3073,6,0,-1.41293644589168,-0.6309966011961986,TNNT3,BHLHE40,LMC,bHLH
1073,19,0,-1.46075132609887,-1.0279906906174057,FILIP1L,FOS,LMC,bZIP
538,49,1,-1.82717985390422,-1.2310607035775198,CHAF1B,STAT1,MEF,Stat
469,42,0,-1.08880876245464,-1.08880876245464,CDC42EP4,NRF1,LMC,NRF
847,60,0,-2.12839574923164,-1.0615685815111133,ECSCR,ZNF263,LMC,Zf
113,52,0,-1.98014191079215,-1.901522314762941,ALDH1L2,TCF3,LMC,HMG
207,7,0,1.48293126728295,1.4512685048060638,ARL4D,CTCF,LMC,Zf
2651,36,1,-1.09294851276797,-1.128811499776755,SH3KBP1,MAZ,MEF,Zf
1959,35,1,2.12947183778239,1.8086933903924076,NDP,MAX,MEF,bHLH
353,34,0,-1.62535534434489,-1.4915423040541969,CALML4,MAFK,LMC,bZIP
276,1,0,-2.52309707321754,-2.2392569235141973,BCAT1,ATF2,LMC,bZIP
108,45,1,1.07862740724675,0.9532001612678439,ALCAM,PRDM1,MEF,Zf
2949,49,0,1.39093876319334,0.26127415868074233,TCFL5,STAT1,LMC,Stat
1672,46,0,-2.15792699391474,-1.680145324933538,LMOD1,RFX5,LMC,HTH
1107,42,1,-2.7700119198832,1.830638504283906,FOXS1,NRF1,MEF,NRF
2853,47,1,-3.39538592314641,-2.818608169726206,SRGN,SP1,MEF,Zf
3052,3,0,-2.13258332756109,-1.3821825826472631,TNC,BACH1,LMC,bZIP
2697,26,1,-1.49067063119562,-0.8096956045648294,SLC16A13,GATA2,MEF,Zf
764,10,1,-2.77861016108699,-2.682596330783091,DLGAP5,E2F4,MEF,E2F
1016,50,1,-1.82219618288015,-1.4884042077138915,FANCD2,STAT3,MEF,Stat
2243,36,1,-6.52649558262821,-5.017481240010101,PLD4,MAZ,MEF,Zf
170,47,1,2.20810576146479,0.4955208623684279,APOH,SP1,MEF,Zf
914,5,0,2.10752386874535,1.2159666694197717,EPSTI1,BCL11A,LMC,Zf
1582,7,0,1.20216022419982,0.9816128606303154,KIF9,CTCF,LMC,Zf
2714,7,1,2.39566497248346,0.44055330179771296,SLC25A21,CTCF,MEF,Zf
938,11,1,1.89579617504201,1.393770154912839,EXOC3L2,E2F6,MEF,E2F
2975,23,0,-1.10337016351696,-1.2507485292124416,THBS1,FOXM1,LMC,Forkhead
2537,50,1,-1.8166341585174,0.7638392310482994,RPS6KA1,STAT3,MEF,Stat
2048,47,1,3.10482441942074,0.7614066777353545,NT5E,SP1,MEF,Zf
3222,54,0,-3.27724887259077,-2.866653003779173,WISP2,USF1,LMC,bHLH
68,14,1,-6.45353342955271,-6.303388410568822,ADAP2,ELF1,MEF,ETS
2972,54,1,-1.32670648805321,-0.004478103186336404,TGM2,USF1,MEF,bHLH
1695,44,1,-2.32937255466157,-2.093751735684776,LRR1,PBX3,MEF,Homeobox
2944,14,0,2.1293690334281,1.5417431699142243,TBXAS1,ELF1,LMC,ETS
891,13,1,5.2176253554421,2.93205022585836,EN2,EGR1,MEF,Zf
1650,32,1,1.68975869198379,-0.8516251098217198,LHX4,JUND,MEF,bZIP
1159,30,1,1.45891375231574,1.2735919066783714,GBP5,IRF3,MEF,IRF
1791,46,1,-1.8528816001039,-1.8030010815756752,MCM6,RFX5,MEF,HTH
958,34,0,-1.05370308794805,-1.0728558661573968,FADS3,MAFK,LMC,bZIP
365,2,1,-4.50319938477147,-3.2714091266685608,CARD9,ATF3,MEF,bZIP
3049,3,1,1.40901955346108,0.4879419765454124,TMOD1,BACH1,MEF,bZIP
763,55,0,2.43770043152872,2.2758557785300066,DLG2,USF2,LMC,bHLH
599,7,1,-3.5096624876874,-1.528546244373149,CNR2,CTCF,MEF,Zf
2102,44,1,-3.70114666908123,1.0421339589692908,P2RY12,PBX3,MEF,Homeobox
2480,32,0,-1.11512209530539,-0.25444202841313895,RDH12,JUND,LMC,bZIP
56,20,1,-1.60965307455151,-1.6108900284821763,ADAMTS12,FOSL2,MEF,bZIP
174,13,1,-1.66046329637405,-1.947704366692878,ARAP1,EGR1,MEF,Zf
1100,24,1,3.06512997494896,2.3325461692464255,FOXL1,GABPA,MEF,ETS
562,49,1,-1.19186288493783,-0.9963082339065042,CKAP2,STAT1,MEF,Stat
2249,58,1,1.15271259876003,0.3174536580388425,PLEKHG1,ZEB1,MEF,Zf
2742,0,0,1.46235789888807,1.0271478247905317,SLC39A8,ATF1,LMC,bZIP
450,56,1,-6.20798443020464,-6.207984430204644,CD52,YY1,MEF,Zf
1881,24,1,1.05245446159028,0.42807458914006163,MSI2,GABPA,MEF,ETS
997,60,0,-1.75327919236448,-1.144781310054606,FAM43A,ZNF263,LMC,Zf
684,33,1,-1.47398126315698,-1.8810834635996807,CTSC,MAFF,MEF,bZIP
2719,7,1,4.73416354031344,1.5159681114203334,SLC26A7,CTCF,MEF,Zf
2155,47,0,-2.47708326135664,-1.1126901382643135,PCOLCE,SP1,LMC,Zf
1781,25,1,-1.91399422387466,-1.8288185303909286,MBP,GATA1,MEF,Zf
319,51,1,1.09978149729961,0.3371761584549251,BTN2A2,TCF12,MEF,bHLH
2785,26,0,1.16663406036164,1.137024583334461,SMYD1,GATA2,LMC,Zf
2563,26,1,-1.74298734228457,-0.4114262479421861,S1PR1,GATA2,MEF,Zf
2544,10,1,1.30997366918409,1.3336643108392428,RSPH1,E2F4,MEF,E2F
2260,15,1,-1.06024887079135,-1.1134317703777743,PLK3,ELK1,MEF,ETS
400,60,1,1.69037125761884,1.596817508272554,CCDC68,ZNF263,MEF,Zf
1506,10,0,1.17759645335527,1.2089035366590657,ITPR1,E2F4,LMC,E2F
613,56,0,-2.62487820089675,-2.3574785110752234,COL19A1,YY1,LMC,Zf
1901,42,1,1.12093207460751,0.4977191873278374,MYBL1,NRF1,MEF,NRF
1224,53,0,-2.2646875579569,-0.5123989796379402,GP1BB,TEAD4,LMC,TEA
229,34,1,-2.81717383669163,-2.7956572344234716,ASPM,MAFK,MEF,bZIP
3236,46,0,1.14579429923485,0.9687391181997704,WWP1,RFX5,LMC,HTH
2229,32,1,-2.03585184324305,-0.1134619365736041,PLA2G4C,JUND,MEF,bZIP
434,54,1,-7.7602084798502,-4.841178826682528,CD180,USF1,MEF,bHLH
492,55,0,-1.4240874662344,-1.1989290783170328,CDKL1,USF2,LMC,bHLH
175,9,0,1.14913751880714,1.0918718187555982,ARAP2,E2F1,LMC,E2F
969,24,1,1.23830891859308,-0.4520100419743934,FAM131C,GABPA,MEF,ETS
2752,26,1,1.40645862017294,-0.16233190650333187,SLC4A8,GATA2,MEF,Zf
1182,17,1,1.28941918021194,2.2974642235337335,GGCT,ETS1,MEF,ETS
2031,33,1,1.6603360818878,0.6521177581270001,NQO1,MAFF,MEF,bZIP
2468,45,0,1.15511136373488,1.3393512229554063,RBKS,PRDM1,LMC,Zf
975,46,1,1.2401815530898,1.2483828107515276,FAM161B,RFX5,MEF,HTH
1473,0,1,-2.92615095993494,-4.643739296938501,IQGAP3,ATF1,MEF,bZIP
818,1,0,-1.41724630665825,-1.2717398483337414,DTL,ATF2,LMC,bZIP
2704,5,0,-1.40649818857836,-1.3254691732118056,SLC17A9,BCL11A,LMC,Zf
1278,58,1,1.48148215116969,2.0586345992613153,GRHL3,ZEB1,MEF,Zf
822,53,0,-2.09123587741223,-0.900913487699802,DUOX1,TEAD4,LMC,TEA
3153,40,1,-1.20854866679605,-0.4858421269145492,TWIST2,MYOG,MEF,bHLH
1597,20,1,-3.37533486723335,-2.380737448236206,KLHL33,FOSL2,MEF,bZIP
1501,7,1,-1.45200703686311,-0.5670732547639514,ITGB7,CTCF,MEF,Zf
2177,10,0,-1.03900312371046,-1.577183684042008,PDIA5,E2F4,LMC,E2F
1337,42,1,1.9967466068813,1.3534211814566803,HIST2H2AC,NRF1,MEF,NRF
630,46,1,-4.2288874048856,-3.289824507485035,CORO1A,RFX5,MEF,HTH
194,32,0,-1.26829071451464,-0.7849640364956931,ARHGEF25,JUND,LMC,bZIP
730,44,0,-2.06610004223366,-1.814243794425297,DCHS1,PBX3,LMC,Homeobox
998,44,0,-1.495435769864,-1.2524363504529448,FAM46B,PBX3,LMC,Homeobox
455,0,0,2.6942826782236,2.6039365239495247,CD69,ATF1,LMC,bZIP
3254,11,1,1.00000841304495,0.3749470189182047,ZFP2,E2F6,MEF,E2F
2071,31,0,2.25315774616314,2.1321962027321777,OAS3,IRF4,LMC,IRF
3076,16,1,1.28085910518458,1.4144569772857785,TOB1,ELK4,MEF,ETS
3011,47,0,-2.66844146682901,-1.928901005863829,TMEM121,SP1,LMC,Zf
1531,24,1,1.9358693599311,1.7210941869651974,KCNB1,GABPA,MEF,ETS
134,6,1,1.16548731041712,-0.4130400229301641,ANGPTL6,BHLHE40,MEF,bHLH
3261,6,1,1.07594447809791,0.6552687112932526,ZKSCAN4,BHLHE40,MEF,bHLH
2615,55,0,-1.46513423498235,-1.5364154609176148,SEMA6A,USF2,LMC,bHLH
3070,34,1,-1.19928189685922,-1.0518679180963064,TNNI3,MAFK,MEF,bZIP
2125,23,0,1.67444194494018,1.2307735690314963,PARP14,FOXM1,LMC,Forkhead
2979,12,1,-5.70150854605767,-4.821125592560387,THEMIS2,EBF1,MEF,EBF
1697,14,0,-1.53337520776607,-0.7824899315886016,LRRC16A,ELF1,LMC,ETS
425,15,0,-2.59543354538128,-2.3747407758816323,CCNJL,ELK1,LMC,ETS
2797,11,1,1.20718208298321,0.6003960414655782,SNX16,E2F6,MEF,E2F
3033,54,1,3.98121391817439,1.2242934709714985,TMEM229A,USF1,MEF,bHLH
460,49,1,-3.73496442784358,-3.7349644278435794,CD83,STAT1,MEF,Stat
1794,13,0,1.96495392722866,1.9440761165229343,MCTP1,EGR1,LMC,Zf
2952,55,0,-1.4989629756277,-0.05985032303979928,TEAD2,USF2,LMC,bHLH
2034,49,1,1.69022432355717,1.3811788061186394,NR3C2,STAT1,MEF,Stat
943,43,1,-1.15473808336152,-1.11058301497136,EYA4,PAX5,MEF,"Paired,Homeobox"
2070,43,1,-1.74590028948839,-1.2859974218835857,OAS2,PAX5,MEF,"Paired,Homeobox"
1412,35,1,1.11343240556296,0.5898263308983241,IER3,MAX,MEF,bHLH
2764,44,1,-1.71721205740483,-1.487574114027044,SLC9A9,PBX3,MEF,Homeobox
1221,35,1,1.73376805098353,3.143636694890507,GORAB,MAX,MEF,bHLH
451,34,0,2.0789712890097,2.0552651862095384,CD53,MAFK,LMC,bZIP
2286,14,0,3.9140576319777,0.49795106342854467,PODXL,ELF1,LMC,ETS
3188,49,1,-1.03239494791136,-2.4073600001261015,VASP,STAT1,MEF,Stat
2805,21,0,-2.09647471179035,-0.9911874178887594,SORBS2,FOXA1,LMC,Forkhead
951,33,0,-1.22121692603149,-0.7387732743345401,F3,MAFF,LMC,bZIP
706,27,1,1.17172577203364,1.3703256898397547,CXXC5,GATA3,MEF,Zf
2369,41,1,3.41152445883898,0.9909185272847654,PTCHD2,NANOG,MEF,Homeobox
522,25,0,1.26401131755558,1.11780047133208,CENPV,GATA1,LMC,Zf
2047,17,1,-3.18610440050238,-2.141532830672871,NT5DC2,ETS1,MEF,ETS
2450,15,0,-1.05231333068148,-0.9504412311593582,RARG,ELK1,LMC,ETS
458,6,0,-1.5789323637807,-1.4018255420795924,CD80,BHLHE40,LMC,bHLH
1119,11,0,-1.56991576152383,-1.5523299814355145,FST,E2F6,LMC,E2F
1773,59,1,-1.05508208421694,-1.0071923023251188,MAST1,ZKSCAN1,MEF,Zf
3187,1,0,-1.34161711295415,-1.0852744032790822,VASH2,ATF2,LMC,bZIP
3239,2,1,9.86262990937473,3.711567024831307,XIST,ATF3,MEF,bZIP
2041,26,1,-3.86600513615225,-2.3467907554924374,NRROS,GATA2,MEF,Zf
1345,40,0,1.8553451527435,1.2513929782711168,HMGCS2,MYOG,LMC,bHLH
477,51,1,-1.43968116149163,-1.4407604032216548,CDCA7L,TCF12,MEF,bHLH
329,41,0,-2.28989215593683,-1.264063141706146,C1QTNF6,NANOG,LMC,Homeobox
2959,53,0,-1.05619658421394,-0.5979095393459916,TEX14,TEAD4,LMC,TEA
15,25,0,1.12498979792279,1.0811492282964688,ABHD12,GATA1,LMC,Zf
2585,33,0,-1.53385585276527,-2.4574425366808192,SCN1A,MAFF,LMC,bZIP
786,1,0,2.16190721765373,1.8904269679281263,DNAJC6,ATF2,LMC,bZIP
1,36,1,1.17403180056416,1.0174092868811337,A4GALT,MAZ,MEF,Zf
161,44,0,-1.05696766770842,-0.9471652551011698,APH1B,PBX3,LMC,Homeobox
830,56,0,1.5526856553503,-0.35134386113074334,DYNC1I1,YY1,LMC,Zf
921,19,1,-2.39917654570674,-1.71711670905677,ESCO2,FOS,MEF,bZIP
3253,8,1,-1.66201529403874,-0.9159473462482953,ZDHHC2,CUX1,MEF,Homeobox
2664,55,0,3.26255845799029,1.3670020881887746,SHISA7,USF2,LMC,bHLH
1268,51,0,-1.16679590504113,-1.0776299967586551,GPSM1,TCF12,LMC,bHLH
746,43,1,-1.61037548559076,-1.7373259683676365,DENND2D,PAX5,MEF,"Paired,Homeobox"
945,53,0,1.62913103681418,1.6291310368141811,EZR,TEAD4,LMC,TEA
2911,6,1,-2.18064992479713,-1.0854965850622444,SYNE2,BHLHE40,MEF,bHLH
3052,41,0,-2.13258332756109,-1.7676893075093643,TNC,NANOG,LMC,Homeobox
3041,36,1,1.58911639566817,1.168215912800877,TMEM45A,MAZ,MEF,Zf
1367,10,1,-1.31016420018754,-1.3528066366318061,HOXB5,E2F4,MEF,E2F
1148,6,1,-1.36703652008448,-0.4222163164260118,GAREML,BHLHE40,MEF,bHLH
2024,47,1,-1.06631322407724,-0.9171451267520554,NPL,SP1,MEF,Zf
3240,6,1,2.28763388438051,0.8152953712952979,XKR4,BHLHE40,MEF,bHLH
940,35,0,-1.04928380645849,-0.8721982171167135,EXT1,MAX,LMC,bHLH
2286,54,0,3.9140576319777,2.0625186261558492,PODXL,USF1,LMC,bHLH
2735,50,0,2.22677538794117,2.1158108806985902,SLC35F3,STAT3,LMC,Stat
30,10,1,-1.68969657731149,-1.6896965773114903,ACOT4,E2F4,MEF,E2F
291,46,1,1.86802523379668,1.9261191719642783,BHLHA15,RFX5,MEF,HTH
2276,49,1,1.06543967234965,0.7881571914682931,PMAIP1,STAT1,MEF,Stat
2791,19,0,-2.93185492508053,-0.5562903177245753,SNED1,FOS,LMC,bZIP
2386,20,1,-5.85839993985972,-5.533389663039495,PTPN6,FOSL2,MEF,bZIP
382,50,1,1.58885651915645,1.4312384985522422,CCDC113,STAT3,MEF,Stat
206,35,0,1.03464648404982,0.9889957095860238,ARL4C,MAX,LMC,bHLH
2088,56,1,-1.89195409277433,0.10355231000540181,OPN3,YY1,MEF,Zf
472,11,1,-1.16198535397929,-1.163389902975361,CDC7,E2F6,MEF,E2F
2533,59,0,1.35459457772896,1.1306061933580462,RPP25,ZKSCAN1,LMC,Zf
2376,3,1,-2.66242552845657,-1.4288715655899165,PTGIS,BACH1,MEF,bZIP
1966,56,1,2.59471853436988,1.3262837303496544,NEBL,YY1,MEF,Zf
3049,34,0,1.33714244287483,0.6673886758391684,TMOD1,MAFK,LMC,bZIP
2411,28,1,3.97424188749577,3.1443366302660087,RAB17,HNF4A,MEF,NR
556,36,1,-1.31285877421793,-0.5258644189337479,CHSY3,MAZ,MEF,Zf
426,32,1,1.35703714806187,1.3533824850670064,CCNO,JUND,MEF,bZIP
512,21,0,-2.24187763995752,-2.2418776399575213,CENPF,FOXA1,LMC,Forkhead
1908,53,1,2.83997444516611,1.2359326270770468,MYH14,TEAD4,MEF,TEA
1397,59,1,-1.16888047583215,-0.3453551244841984,HSPA12B,ZKSCAN1,MEF,Zf
2817,47,0,1.65282560274896,1.6461003854045861,SP140,SP1,LMC,Zf
3060,58,1,-1.68245131894634,-2.009601773440093,TNFRSF14,ZEB1,MEF,Zf
2027,13,1,-2.04766080988131,-1.54031905256531,NPTX1,EGR1,MEF,Zf
2045,6,0,3.81862712788777,1.3414279182759794,NT5C1A,BHLHE40,LMC,bHLH
2336,34,0,-1.53261289998332,0.7722483989548918,PRKCG,MAFK,LMC,bZIP
3031,12,0,-1.20620524419513,-1.0858556073496406,TMEM220,EBF1,LMC,EBF
645,51,1,2.28998351004863,2.168585073442107,CRABP2,TCF12,MEF,bHLH
599,2,1,-3.5096624876874,-2.070383039532291,CNR2,ATF3,MEF,bZIP
2582,11,1,1.20895668303294,1.5304337783358946,SCIN,E2F6,MEF,E2F
1631,49,0,1.88765751605467,1.8097990244173936,LCP1,STAT1,LMC,Stat
864,42,1,1.33838286955012,0.7929761695348292,EFNA5,NRF1,MEF,NRF
1379,3,0,2.16950985937969,2.5084112428768712,HOXD4,BACH1,LMC,bZIP
2126,58,0,-1.97498954069546,-1.5410520598528326,PARPBP,ZEB1,LMC,Zf
449,0,1,-8.10996807721768,-8.048031156853934,CD48,ATF1,MEF,bZIP
1130,12,1,1.37162439981289,1.1339075538836298,FZD9,EBF1,MEF,EBF
3224,35,0,-1.2723089681888,-1.2581249525758005,WNK4,MAX,LMC,bHLH
2139,50,0,-1.66108878791863,-1.593004622566352,PCDH20,STAT3,LMC,Stat
2535,24,1,-4.82573886284107,-3.1304385874190017,RPS16,GABPA,MEF,ETS
60,35,0,1.71936840627334,-0.11885118472378292,ADAMTS20,MAX,LMC,bHLH
673,49,0,-2.22575402794082,-2.225754027940822,CSRP2,STAT1,LMC,Stat
2716,6,1,-1.50394993507876,-1.4912957025189015,SLC25A45,BHLHE40,MEF,bHLH
1065,40,0,-1.11066739441419,-1.3334654775503003,FHL2,MYOG,LMC,bHLH
2858,54,1,1.855821143066,0.4268917539181639,SSTR2,USF1,MEF,bHLH
558,10,0,-1.18502711991529,-1.2616875557101215,CIB2,E2F4,LMC,E2F
3088,0,1,-1.19429551149551,-0.06282078821685905,TPX2,ATF1,MEF,bZIP
3114,47,1,-3.24269386734528,-3.0337677224614596,TROAP,SP1,MEF,Zf
2234,34,1,4.19996079719983,2.533714528527375,PLAGL1,MAFK,MEF,bZIP
944,19,0,-1.00757252383823,-0.7902201013941351,EZH2,FOS,LMC,bZIP
1468,50,1,3.66333018693737,2.9487858646330163,INSC,STAT3,MEF,Stat
234,33,1,-2.74791528300771,-2.5786163878933746,ATF7IP2,MAFF,MEF,bZIP
2127,46,0,-1.00905862488966,-1.0090586248896607,PARVA,RFX5,LMC,HTH
2815,13,0,1.37221217618403,1.0498330962734819,SP100,EGR1,LMC,Zf
2683,50,1,-1.55118302925028,-3.7550409869871313,SLC10A6,STAT3,MEF,Stat
1412,11,1,1.11343240556296,0.6852406889998651,IER3,E2F6,MEF,E2F
389,21,1,2.01656793230096,1.4164525102268481,CCDC153,FOXA1,MEF,Forkhead
3073,14,0,-1.41293644589168,-1.0570686440131556,TNNT3,ELF1,LMC,ETS
1369,23,1,-1.03793502410556,-1.050329946900024,HOXB7,FOXM1,MEF,Forkhead
2133,60,1,-2.60793494939055,-2.367314904556634,PBK,ZNF263,MEF,Zf
1288,12,1,3.16557429975077,1.9074178298141058,GRM4,EBF1,MEF,EBF
1982,28,0,1.52579109621261,1.4562900977253224,NFATC2,HNF4A,LMC,NR
2901,53,1,-5.15300147386645,-3.252464169967516,SUSD3,TEAD4,MEF,TEA
2121,16,1,-1.20233983969651,0.23812288466583864,PAQR4,ELK4,MEF,ETS
452,19,1,1.10534625992499,1.1053462599249908,CD55,FOS,MEF,bZIP
2518,45,0,1.12192132751903,0.7943772657148823,RNF144B,PRDM1,LMC,Zf
2062,26,1,1.63762482263353,1.0587774491514153,NWD1,GATA2,MEF,Zf
2152,50,1,-2.32673874209198,-2.174084098700452,PCK1,STAT3,MEF,Stat
1718,7,0,1.49200153198622,0.403940618284423,LSR,CTCF,LMC,Zf
2121,47,1,-1.20233983969651,-0.539152371936123,PAQR4,SP1,MEF,Zf
523,47,1,-1.02774606611324,-1.0277460661132398,CENPW,SP1,MEF,Zf
1900,8,0,-2.81354840009658,-2.2884837467413575,MXD3,CUX1,LMC,Homeobox
2603,8,1,1.0266249678335,0.2577682964398907,SEC61G,CUX1,MEF,Homeobox
1397,35,1,-1.16888047583215,-0.6454752041466639,HSPA12B,MAX,MEF,bHLH
473,14,0,-1.72477055854409,-1.6927844546809732,CDCA2,ELF1,LMC,ETS
75,35,0,2.44110939382088,0.6719328912865125,ADGB,MAX,LMC,bHLH
2641,2,1,-1.51561055023363,-1.7937982095096692,SGOL2,ATF3,MEF,bZIP
742,17,1,-8.87308429668951,-7.483895708331238,DDX3Y,ETS1,MEF,ETS
1460,54,0,1.14384592842023,-0.9995532903215387,ILDR2,USF1,LMC,bHLH
1672,50,0,-2.15792699391474,-1.8803699954597257,LMOD1,STAT3,LMC,Stat
1348,40,0,1.6180838227508,1.4030653156209811,HMOX1,MYOG,LMC,bHLH
1758,14,0,-2.57018479728734,-2.53885687777406,MAP2,ELF1,LMC,ETS
2262,56,1,1.36115254292874,0.48348101141284927,PLLP,YY1,MEF,Zf
308,7,1,1.44427192862471,-0.111395047282917,BPGM,CTCF,MEF,Zf
1057,32,1,1.78106399854373,1.6008052051168382,FGF9,JUND,MEF,bZIP
245,42,1,1.84360757510223,0.9862749383774927,ATP6V0E2,NRF1,MEF,NRF
3172,40,0,2.08686787997543,2.0396576668527384,UNC45B,MYOG,LMC,bHLH
353,51,0,-1.62535534434489,1.2914458392939274,CALML4,TCF12,LMC,bHLH
2412,54,1,-2.13156977238491,-1.1727613187706454,RAB19,USF1,MEF,bHLH
665,25,0,1.85920319898221,1.8234830875064407,CSF2RB,GATA1,LMC,Zf
581,46,1,-2.50826089868748,0.11391542748931155,CLMP,RFX5,MEF,HTH
1333,21,1,2.04875300166275,1.4586208235025384,HID1,FOXA1,MEF,Forkhead
2277,20,1,-1.67266293787219,-1.6183328947215097,PMF1,FOSL2,MEF,bZIP
3055,36,1,-2.0917384886418,-2.2556276017930807,TNFAIP8L1,MAZ,MEF,Zf
3187,51,1,-1.16461380481226,-1.5816488683768617,VASH2,TCF12,MEF,bHLH
3111,43,1,-2.16167846771077,-2.140056697788117,TRIP13,PAX5,MEF,"Paired,Homeobox"
1725,11,0,-1.19060928486906,-0.6485335136387806,LURAP1L,E2F6,LMC,E2F
511,34,0,-2.02810264729647,-2.001675158408394,CENPE,MAFK,LMC,bZIP
27,14,1,2.18449933550891,2.4085591628391723,ACKR3,ELF1,MEF,ETS
2886,46,1,1.35412699954028,1.496767502770406,STK38L,RFX5,MEF,HTH
906,53,0,-1.47598741093167,-0.6334732458825747,EPHA4,TEAD4,LMC,TEA
2463,24,1,-2.86890580089476,-1.546292507794815,RASSF4,GABPA,MEF,ETS
1256,34,1,5.22776982339002,3.8193423410475087,GPR37,MAFK,MEF,bZIP
514,7,0,-1.48650253996053,-1.4664075253052442,CENPI,CTCF,LMC,Zf
674,44,0,3.17319654675173,0.365742247911604,CSRP3,PBX3,LMC,Homeobox
966,47,1,-2.12873128121721,-1.8405623044758999,FAM111A,SP1,MEF,Zf
3069,34,0,3.12334119411955,2.73678292310622,TNNI2,MAFK,LMC,bZIP
17,32,0,1.71775926006339,1.6250096698151288,ABI3,JUND,LMC,bZIP
2405,17,1,-2.67313082370963,-2.224386808590423,PYHIN1,ETS1,MEF,ETS
2979,7,1,-5.70150854605767,-4.294246701860856,THEMIS2,CTCF,MEF,Zf
1676,14,1,1.64106187810792,0.5314290394748441,LONRF2,ELF1,MEF,ETS
278,40,1,1.00590719166316,0.9637802837684365,BCL11A,MYOG,MEF,bHLH
348,56,0,-1.41453586939854,1.055727981653707,CACNG7,YY1,LMC,Zf
2324,53,1,-1.08146216479517,-1.1935584333098672,PRCP,TEAD4,MEF,TEA
1573,16,1,-1.71237492328591,-1.4431188429800001,KIF22,ELK4,MEF,ETS
502,46,0,1.95972854003952,2.023865505260729,CEACAM1,RFX5,LMC,HTH
715,2,1,1.4558525131314,1.9342581553963742,CYP1B1,ATF3,MEF,bZIP
3214,49,1,1.09212177471396,0.8751397776223979,WDR35,STAT1,MEF,Stat
866,50,1,1.09859926841335,0.4091095176347166,EGF,STAT3,MEF,Stat
1016,36,0,-1.28239591471792,-1.2823959147179185,FANCD2,MAZ,LMC,Zf
1244,11,1,-2.02851210173342,-1.6415104166751286,GPR155,E2F6,MEF,E2F
540,13,0,-1.21082079687174,-0.7715010244904476,CHD3,EGR1,LMC,Zf
939,8,1,1.71146128558084,0.6207014960916681,EXPH5,CUX1,MEF,Homeobox
3199,41,1,1.16338139694328,1.108509833867252,VKORC1,NANOG,MEF,Homeobox
1873,27,1,1.98980620104011,0.036669096943699575,MREG,GATA3,MEF,Zf
2508,14,0,1.95118037125112,1.6993380276427736,RIMS3,ELF1,LMC,ETS
863,35,1,-1.63010567722292,-0.6572673267942893,EFNA2,MAX,MEF,bHLH
2174,13,0,-1.12952040014732,-1.790859760219697,PDGFD,EGR1,LMC,Zf
314,55,1,1.108975807459,0.7629366308943055,BTBD11,USF2,MEF,bHLH
30,25,1,-1.68969657731149,-1.6797489832709869,ACOT4,GATA1,MEF,Zf
302,20,1,1.32786155488194,1.356123750957296,BMP8A,FOSL2,MEF,bZIP
1082,42,1,1.04683222067852,1.0837690978418062,FMNL2,NRF1,MEF,NRF
2247,27,0,1.88482576744227,1.7744998850523541,PLEKHA6,GATA3,LMC,Zf
2335,11,0,2.81104415880545,0.8262797424452853,PRKCB,E2F6,LMC,E2F
563,24,1,-3.27232018490678,-2.38818697922035,CKAP2L,GABPA,MEF,ETS
646,14,0,1.44373091276632,1.8442550719222919,CRB2,ELF1,LMC,ETS
1943,14,1,-1.503121611781,-1.5501337126071937,NBEAL2,ELF1,MEF,ETS
3086,17,1,-1.19173570792296,-1.5888054096264925,TPM4,ETS1,MEF,ETS
1003,17,1,-3.49365096633453,-3.350646363699314,FAM64A,ETS1,MEF,ETS
1692,12,1,-1.07379520947069,-1.639661631312255,LRIG1,EBF1,MEF,EBF
1760,23,0,1.0684023208603,0.9311622615984223,MAP3K1,FOXM1,LMC,Forkhead
2030,15,0,-1.75744010666579,-1.6945592038249573,NPY1R,ELK1,LMC,ETS
1350,7,0,1.34567640676102,0.3440356676772759,HNMT,CTCF,LMC,Zf
690,27,0,1.26035094666073,1.1756917081652218,CTSO,GATA3,LMC,Zf
2369,14,1,3.41152445883898,1.6379862441274446,PTCHD2,ELF1,MEF,ETS
1535,0,1,-1.95833333411484,-1.275070800552794,KCND1,ATF1,MEF,bZIP
3009,55,1,1.35703295898885,0.24601769448432445,TMEM117,USF2,MEF,bHLH
721,19,1,-7.29457009435179,-2.105330290741313,CYTH4,FOS,MEF,bZIP
2850,8,1,1.15748359100971,-0.47530904391869433,SQRDL,CUX1,MEF,Homeobox
1509,50,1,-1.44881067617991,-1.3126025579927147,JADE1,STAT3,MEF,Stat
432,50,1,-1.9549283385216,-1.4548300333363469,CD14,STAT3,MEF,Stat
1885,56,0,1.57899083535637,0.48156840911134874,MST1R,YY1,LMC,Zf
3077,3,0,-1.50867268856158,-0.39059824501612467,TOM1L1,BACH1,LMC,bZIP
3077,29,0,-1.50867268856158,-1.4352779985321535,TOM1L1,IRF1,LMC,IRF
314,3,1,1.108975807459,0.28595901555455955,BTBD11,BACH1,MEF,bZIP
956,50,1,-1.38741182722717,-1.2237251371564202,FABP5,STAT3,MEF,Stat
1957,33,1,-2.61766850781226,-2.111094345865375,NDC80,MAFF,MEF,bZIP
2536,20,1,4.09881469049758,1.302551214180403,RPS27,FOSL2,MEF,bZIP
2882,15,0,1.37774982496442,0.5942822595733985,STK10,ELK1,LMC,ETS
948,19,1,-1.28879864864141,-0.24628103174677446,F2R,FOS,MEF,bZIP
2379,12,1,-1.1953413161225,-1.2235424819911993,PTMS,EBF1,MEF,EBF
3137,19,1,-2.52066169804331,-2.1422796048291177,TTK,FOS,MEF,bZIP
631,8,1,-1.04533746512875,-0.9575750504954599,CORO1C,CUX1,MEF,Homeobox
2088,41,1,-1.89195409277433,-0.2384325469291987,OPN3,NANOG,MEF,Homeobox
510,47,1,-3.04371144390706,-3.0437114439070583,CENPA,SP1,MEF,Zf
248,6,1,-1.93874767251077,-1.2320540440448884,ATP8B4,BHLHE40,MEF,bHLH
1078,51,1,1.79466757101752,1.8255331734536941,FLRT3,TCF12,MEF,bHLH
1761,54,1,-1.78106974210798,-0.5905931212356468,MAP3K7CL,USF1,MEF,bHLH
1352,1,1,2.31405148866726,1.5506164093749573,HOMER2,ATF2,MEF,bZIP
2566,13,1,2.54420022580058,0.7575932803993177,S1PR5,EGR1,MEF,Zf
2645,42,1,-1.75248494391244,-1.1271643507076643,SH2D4B,NRF1,MEF,NRF
1019,23,1,1.58556966110218,-0.8404119063275642,FAS,FOXM1,MEF,Forkhead
720,13,0,1.18837675419197,1.1233632953373034,CYSTM1,EGR1,LMC,Zf
3127,47,1,-1.25041688315433,0.8717857596542737,TSPAN14,SP1,MEF,Zf
2730,36,1,1.11028162654342,0.8849700518374654,SLC30A4,MAZ,MEF,Zf
2251,13,0,-2.03705643469854,-0.980395632769674,PLEKHG4,EGR1,LMC,Zf
911,21,1,1.40926174194967,1.397292079211162,EPN3,FOXA1,MEF,Forkhead
91,57,0,-1.06859955874471,0.6555751638663935,AGPAT9,ZBTB33,LMC,Zf
2533,34,0,1.35459457772896,-0.7338295889606516,RPP25,MAFK,LMC,bZIP
689,47,1,1.17931743807264,-0.18932567628791305,CTSL,SP1,MEF,Zf
2193,40,0,-2.32826181138946,-2.081650287467794,PFKL,MYOG,LMC,bHLH
358,3,1,1.22166358080794,0.7434175223453859,CAMK4,BACH1,MEF,bZIP
2497,41,1,2.70987718393113,1.4309607568226193,RGS6,NANOG,MEF,Homeobox
2886,34,1,1.35412699954028,0.858852709154025,STK38L,MAFK,MEF,bZIP
1840,6,1,-1.82783355688572,-0.7242779491751759,MMD,BHLHE40,MEF,bHLH
2715,51,1,1.16918833674438,0.5289206312818527,SLC25A35,TCF12,MEF,bHLH
1826,59,0,1.37380557150798,1.296667721065221,MGST2,ZKSCAN1,LMC,Zf
406,46,1,-1.29276876570371,-1.1930327265741267,CCDC88C,RFX5,MEF,HTH
1351,27,1,-1.16510410994394,-0.24089624043362862,HOGA1,GATA3,MEF,Zf
2877,27,0,-2.52734789697208,0.1924000335248374,STC1,GATA3,LMC,Zf
326,29,1,-8.85443154360683,-8.49889468991354,C1QC,IRF1,MEF,IRF
264,21,0,1.45937393436724,0.3114067129977438,B4GALT5,FOXA1,LMC,Forkhead
1581,2,0,-1.24019614259515,0.6363887542814318,KIF7,ATF3,LMC,bZIP
1016,43,0,-1.28239591471792,-1.2823959147179185,FANCD2,PAX5,LMC,"Paired,Homeobox"
1804,48,1,1.65765544181301,1.2769597185461037,MEGF9,SP2,MEF,Zf
41,23,1,-1.29710351150971,-1.2971035115097107,ACTN3,FOXM1,MEF,Forkhead
493,25,1,2.49945734223034,2.1165681282907243,CDKL4,GATA1,MEF,Zf
988,36,1,1.57124127789086,1.5853235884205301,FAM19A3,MAZ,MEF,Zf
1686,12,0,-1.27921012236517,-1.204976618042687,LPP,EBF1,LMC,EBF
3166,18,1,2.11848175670413,1.0794610413160979,UGP2,FLI1,MEF,ETS
674,47,0,3.17319654675173,0.3282798165766888,CSRP3,SP1,LMC,Zf
2167,1,1,-1.03338798370775,-1.7095338173315084,PDE4A,ATF2,MEF,bZIP
583,49,1,-2.54067501437176,0.12288277296155671,CLSPN,STAT1,MEF,Stat
1651,41,1,-2.28123871508051,-1.4170648444985157,LHX6,NANOG,MEF,Homeobox
1398,16,1,1.08451053955341,0.8650272527093631,HSPA4L,ELK4,MEF,ETS
1826,22,0,1.37380557150798,1.3785655935783296,MGST2,FOXA2,LMC,Forkhead
3047,51,0,-1.78416974387923,-0.16996415600484802,TMEM74,TCF12,LMC,bHLH
2184,55,1,-1.41509233844914,-1.007373840611003,PDZRN3,USF2,MEF,bHLH
2251,12,1,-3.01621344836119,-2.0786281157100537,PLEKHG4,EBF1,MEF,EBF
430,32,1,-1.3414109285533,-1.9659016726406877,CCR5,JUND,MEF,bZIP
370,25,0,1.41914301474303,1.4191430147430288,CASP4,GATA1,LMC,Zf
528,34,0,1.27546161665479,1.2996718218947814,CERK,MAFK,LMC,bZIP
461,8,1,-5.43042571966764,-4.606640420722569,CD84,CUX1,MEF,Homeobox
634,19,1,1.76706738198898,1.9333793315941383,COX6A2,FOS,MEF,bZIP
2736,51,0,1.41533311729747,1.37455881300146,SLC35G1,TCF12,LMC,bHLH
3118,10,1,1.30876895399041,0.7804727164903847,TRPS1,E2F4,MEF,E2F
923,44,1,-3.28974579740746,-3.0584650813633254,ESPL1,PBX3,MEF,Homeobox
1532,11,1,-1.93918699188571,0.8912329671780309,KCNB2,E2F6,MEF,E2F
1520,20,1,1.25680814448097,1.056917482698461,KAZALD1,FOSL2,MEF,bZIP
167,56,0,3.0237928688126,2.5039076316739535,APOC2,YY1,LMC,Zf
1147,42,1,-1.06721399184908,-0.3114306979960183,GAPDH,NRF1,MEF,NRF
1447,8,1,1.07032797522475,-0.8683673678391832,IL1A,CUX1,MEF,Homeobox
1857,36,0,-1.56853870886037,-0.760005597646174,MN1,MAZ,LMC,Zf
2721,13,1,-2.3209024585872,-0.40361560881144937,SLC27A6,EGR1,MEF,Zf
555,43,0,-1.82408911386553,-1.5660667119692147,CHST7,PAX5,LMC,"Paired,Homeobox"
2075,59,1,2.46062422943713,-0.59763634350719,ODF3L1,ZKSCAN1,MEF,Zf
1978,2,0,1.1023682648514,0.7497385336628335,NEURL3,ATF3,LMC,bZIP
365,15,1,-4.50319938477147,-2.904441070703543,CARD9,ELK1,MEF,ETS
2592,17,1,-1.49631929595084,-0.9609906635769424,SCRT1,ETS1,MEF,ETS
1751,25,1,-1.62007527823307,-1.2207812474411843,MAN1C1,GATA1,MEF,Zf
1235,60,0,-1.19625036047988,-0.21279270260118985,GPR116,ZNF263,LMC,Zf
227,7,1,1.29701518686603,0.612399587125254,ASIC1,CTCF,MEF,Zf
475,60,1,-1.49364324799289,-1.4938704640663116,CDCA5,ZNF263,MEF,Zf
534,12,0,-1.96639667434657,-1.4200723906295176,CGNL1,EBF1,LMC,EBF
3116,25,1,1.54805364676514,-0.27549024893590063,TRPC6,GATA1,MEF,Zf
2958,32,0,-1.33730980152012,-0.41323772872482734,TET1,JUND,LMC,bZIP
665,25,0,1.85920319898221,1.8234830875064407,CSF2RB,GATA1,LMC,Zf
2396,29,0,-1.1329921312171,-0.4843648340672662,PTRF,IRF1,LMC,IRF
796,51,1,-2.45501375468938,-2.1666650513945926,DOCK8,TCF12,MEF,bHLH
2232,27,1,2.24876186476031,-3.203106266465343,PLAC1,GATA3,MEF,Zf
282,7,1,1.71051740897939,1.421527929729055,BDNF,CTCF,MEF,Zf
1665,21,0,1.4596415262887,0.413100284191971,LIPA,FOXA1,LMC,Forkhead
1926,35,0,-1.89447926692532,-1.7107385269613145,MYOCD,MAX,LMC,bHLH
2727,12,0,-3.11197659189262,-3.010758275267826,SLC2A4,EBF1,LMC,EBF
673,49,1,-1.42679271623708,-1.2037987375666832,CSRP2,STAT1,MEF,Stat
2209,7,1,-3.76137984375333,-3.490435688527334,PIF1,CTCF,MEF,Zf
375,55,1,1.03187685516321,0.8896748308904695,CATSPERD,USF2,MEF,bHLH
8,44,0,-1.13492430155845,-0.8861889135898605,ABCA5,PBX3,LMC,Homeobox
860,47,1,2.11517334013374,1.841133602819723,EFHD1,SP1,MEF,Zf
2266,0,0,1.55349884961183,1.3949192463986915,PLSCR2,ATF1,LMC,bZIP
128,55,0,1.1151143351714,1.0282059102533194,AMIGO2,USF2,LMC,bHLH
939,56,1,1.71146128558084,0.4588873980153291,EXPH5,YY1,MEF,Zf
797,8,1,-1.86193635058118,-1.2396825667241096,DOK2,CUX1,MEF,Homeobox
3005,21,1,-1.00971491423106,-0.04246370295632198,TMC7,FOXA1,MEF,Forkhead
3084,54,1,2.08975974775543,1.509209769865784,TPH2,USF1,MEF,bHLH
710,34,1,-7.82915279291218,-4.625901616278393,CYBB,MAFK,MEF,bZIP
1967,17,0,-1.16162403843679,-1.05716165691649,NEDD9,ETS1,LMC,ETS
1074,33,1,-2.13041540052826,-1.5944188016329148,FKBP5,MAFF,MEF,bZIP
1631,29,0,1.88765751605467,1.8607096902514624,LCP1,IRF1,LMC,IRF
1933,36,0,-1.05436822613132,-0.20307648715157828,NAALAD2,MAZ,LMC,Zf
336,47,1,1.16696244426801,-0.07271205128488799,CABLES1,SP1,MEF,Zf
891,41,0,3.15016131621519,0.9354154612095984,EN2,NANOG,LMC,Homeobox
1332,11,1,-1.80828432123008,0.5814410560200991,HIC1,E2F6,MEF,E2F
1299,47,1,-1.22296567055983,-0.6745547587955764,GSTM2,SP1,MEF,Zf
2217,13,1,-1.0918547115101,-0.9360813827541903,PIP4K2A,EGR1,MEF,Zf
1768,32,1,1.51744635820687,1.4539316114071996,MAPK15,JUND,MEF,bZIP
2060,46,0,-1.29534952869874,-1.0196992109244578,NUP62CL,RFX5,LMC,HTH
770,3,1,3.18728511537858,3.0646701312571496,DMC1,BACH1,MEF,bZIP
2390,2,1,-2.74863972633365,-0.8132191116422143,PTPRN,ATF3,MEF,bZIP
2236,56,1,-3.85391765532654,-2.479794222301662,PLCB2,YY1,MEF,Zf
321,13,1,-2.33853032925094,-2.304995294678512,BUB1B,EGR1,MEF,Zf
2639,3,1,1.44337984031243,-0.5574359719226526,SGMS2,BACH1,MEF,bZIP
358,50,1,1.22166358080794,1.2627572158353575,CAMK4,STAT3,MEF,Stat
351,42,1,3.43618473851565,3.0490660845289934,CADM4,NRF1,MEF,NRF
1840,56,1,-1.82783355688572,-0.18037445377590838,MMD,YY1,MEF,Zf
992,17,1,1.00646228397572,1.0118521471177302,FAM212B,ETS1,MEF,ETS
3111,16,1,-2.16167846771077,-1.8358863044651081,TRIP13,ELK4,MEF,ETS
582,34,0,1.38792844422219,1.3879284442221895,CLN3,MAFK,LMC,bZIP
2916,40,1,-1.95956183994979,-0.3315030600985125,SYNPO2,MYOG,MEF,bHLH
2361,10,0,1.07754726336565,0.3353427946696379,PSAP,E2F4,LMC,E2F
3240,49,1,2.28763388438051,3.0898844394396434,XKR4,STAT1,MEF,Stat
2354,35,1,2.68091060085113,-1.3414781337065307,PRSS35,MAX,MEF,bHLH
2319,27,0,1.40689826891163,1.153049793327793,PPP1R9A,GATA3,LMC,Zf
2466,25,1,1.32338894662691,0.8586064389690549,RB1,GATA1,MEF,Zf
349,56,0,1.27751062385433,1.9115033934131256,CADM2,YY1,LMC,Zf
2437,19,1,-1.72044902732915,-1.7477227907104207,RAET1E,FOS,MEF,bZIP
678,19,0,1.30007498000597,1.330307127646337,CTDSPL,FOS,LMC,bZIP
1531,3,0,1.72895569764727,1.7192699324488492,KCNB1,BACH1,LMC,bZIP
786,21,1,3.11057783728204,3.1105778372820403,DNAJC6,FOXA1,MEF,Forkhead
291,53,1,1.86802523379668,1.9117101262030405,BHLHA15,TEAD4,MEF,TEA
1501,52,1,-1.45200703686311,-0.2285690184894847,ITGB7,TCF3,MEF,HMG
2821,35,1,1.33614858114974,-0.2846233922067004,SPA17,MAX,MEF,bHLH
634,26,1,1.76706738198898,1.5129600323351204,COX6A2,GATA2,MEF,Zf
905,56,0,-2.25806627392996,-1.7851493472901083,EPHA3,YY1,LMC,Zf
1467,1,1,-2.66958500533165,-5.852063618844851,INPP5J,ATF2,MEF,bZIP
3150,15,1,-1.30229002037898,-1.3747321497708374,TUBB6,ELK1,MEF,ETS
3050,51,0,-2.84337171935919,-2.569563659036778,TMTC1,TCF12,LMC,bHLH
336,55,1,1.16696244426801,-0.5695017791541013,CABLES1,USF2,MEF,bHLH
833,33,1,1.3486774228937,0.8734257484367302,DZANK1,MAFF,MEF,bZIP
565,45,0,-1.00847937566147,-1.0128229306799,CKS1B,PRDM1,LMC,Zf
513,12,0,-1.3525440584189,-1.3649066809471588,CENPH,EBF1,LMC,EBF
2849,54,1,-1.63063211909057,-1.4654314709174678,SPTB,USF1,MEF,bHLH
1904,12,0,-1.32848118947646,-1.3309659027508058,MYCL,EBF1,LMC,EBF
1075,7,1,-1.51378545844316,-1.463384607466993,FLI1,CTCF,MEF,Zf
1424,36,0,1.82002858047698,1.8333732097521789,IGFBP6,MAZ,LMC,Zf
1417,49,1,-1.88705029332948,-1.3032535107045475,IGF1,STAT1,MEF,Stat
1585,35,1,3.88857524581361,1.4415185076283632,KIRREL3,MAX,MEF,bHLH
1824,21,1,3.1939303168836,-0.0436382213404918,MGP,FOXA1,MEF,Forkhead
1275,3,1,-1.13562918187653,-0.5453361287256903,GRB14,BACH1,MEF,bZIP
1550,44,1,2.53549357349713,0.6051966764995992,KCNK1,PBX3,MEF,Homeobox
308,16,1,1.44427192862471,0.12719492485607423,BPGM,ELK4,MEF,ETS
2526,28,1,1.94027712823424,1.5873503551856196,RNF43,HNF4A,MEF,NR
1178,44,0,-1.42420978182455,-1.0962992345458107,GEN1,PBX3,LMC,Homeobox
2137,44,0,-1.76140672165832,-1.0901263057437347,PCDH18,PBX3,LMC,Homeobox
125,10,1,1.0675509191686,0.9694878600054763,AMD1,E2F4,MEF,E2F
1730,3,0,2.2809729198419,2.2637729367229644,LYL1,BACH1,LMC,bZIP
2800,53,1,-1.09658233253047,-1.1407217098005464,SOAT1,TEAD4,MEF,TEA
1881,46,1,1.05245446159028,1.3241301650237758,MSI2,RFX5,MEF,HTH
2318,3,1,1.4274717173054,1.1657003151809227,PPP1R42,BACH1,MEF,bZIP
2115,47,1,2.0007037960464,1.6724210363581073,PALMD,SP1,MEF,Zf
591,17,1,-1.3326909212293,-1.2784149064589823,CNDP2,ETS1,MEF,ETS
2684,32,0,2.43469508138703,2.421183765796784,SLC11A1,JUND,LMC,bZIP
2568,11,1,1.47843825543726,1.3144979873698381,SAMD12,E2F6,MEF,E2F
1270,51,1,-1.70906692432391,-1.739787720955119,GPX7,TCF12,MEF,bHLH
1901,21,1,1.12093207460751,0.49033279807184454,MYBL1,FOXA1,MEF,Forkhead
668,10,1,2.48620898685634,2.256641821151638,CSMD3,E2F4,MEF,E2F
2596,52,1,2.93138088712567,1.0600521212910108,SCX,TCF3,MEF,HMG
729,35,0,-2.11502159319182,-1.7143978992717386,DCC,MAX,LMC,bHLH
2020,55,1,-1.95871154049572,-0.5202757050145314,NPAS2,USF2,MEF,bHLH
1154,58,1,1.83281518322755,-0.22454216800514715,GATA3,ZEB1,MEF,Zf
558,36,0,-1.18502711991529,-1.1911533048728533,CIB2,MAZ,LMC,Zf
1184,49,1,-1.16926247196897,0.5550195265251762,GGN,STAT1,MEF,Stat
431,53,1,-2.0295776132404,-1.4362612789151188,CCRL2,TEAD4,MEF,TEA
240,14,0,1.60328158259357,1.5336179445875684,ATP1B1,ELF1,LMC,ETS
1299,47,1,-1.22296567055983,-0.6745547587955764,GSTM2,SP1,MEF,Zf
1044,13,0,2.03531170334419,1.9214927350038846,FERMT3,EGR1,LMC,Zf
2005,29,1,-1.77461700519955,-1.751250066822542,NME2,IRF1,MEF,IRF
3064,27,1,3.49582714028846,2.1652766221784407,TNFSF15,GATA3,MEF,Zf
2915,6,1,1.25087463513992,0.4878428243963804,SYNPO,BHLHE40,MEF,bHLH
3206,32,0,-1.91355241666201,-1.7510294764051955,VWA1,JUND,LMC,bZIP
1650,9,1,1.68975869198379,-0.66663482137744,LHX4,E2F1,MEF,E2F
1106,60,1,4.1494915530194,2.45817007829817,FOXQ1,ZNF263,MEF,Zf
1165,34,1,1.90052374476274,2.060145231662907,GCLC,MAFK,MEF,bZIP
1038,16,1,-1.7113898814647,-1.6337889056759836,FBXO5,ELK4,MEF,ETS
697,27,1,-3.18451912586281,-1.30180431643248,CX3CR1,GATA3,MEF,Zf
2018,56,0,2.2590846592963,1.745896592974209,NOTUM,YY1,LMC,Zf
1809,59,1,-1.12365506432939,-0.8674192007369267,MESDC1,ZKSCAN1,MEF,Zf
1063,50,1,-1.26716204303906,-1.301491035749401,FGL1,STAT3,MEF,Stat
2269,35,1,1.36910071446272,0.46118250663040833,PLVAP,MAX,MEF,bHLH
2878,2,1,1.74008612565545,-1.273403471997427,STC2,ATF3,MEF,bZIP
1041,52,0,2.58175500091564,1.5971972574416196,FCGR2B,TCF3,LMC,HMG
3201,6,1,-1.60594919228545,-0.9895234427401899,VMO1,BHLHE40,MEF,bHLH
1919,40,1,-1.40160235729093,0.5270130837842419,MYO1A,MYOG,MEF,bHLH
1749,32,1,-1.30539635239213,-0.5829901286807915,MAMDC2,JUND,MEF,bZIP
2939,53,1,2.29904675934665,2.5043393670986043,TBX2,TEAD4,MEF,TEA
2882,1,0,1.37774982496442,0.8981857365627682,STK10,ATF2,LMC,bZIP
2884,53,0,-2.5431578853609,0.19711268561101808,STK32B,TEAD4,LMC,TEA
1843,26,0,2.4930456106356,2.2714745079832337,MMP10,GATA2,LMC,Zf
1780,49,0,-1.10292671378567,-1.2829930550268622,MBOAT2,STAT1,LMC,Stat
1469,46,0,-1.34614119276357,-1.2849757182633201,INSIG1,RFX5,LMC,HTH
380,13,0,-1.4233937982377,-1.3456473702469587,CCDC102A,EGR1,LMC,Zf
361,11,1,1.6476615056914,1.2770195436499558,CAMSAP3,E2F6,MEF,E2F
2514,14,0,1.36002626195056,1.283665015594908,RNASEL,ELF1,LMC,ETS
1693,37,1,-4.99758855508105,-3.050061107650421,LRMP,MEF2A,MEF,MADS
1982,51,0,1.52579109621261,1.5283905634427126,NFATC2,TCF12,LMC,bHLH
3237,6,1,-2.16278755494106,-2.069530076246286,XDH,BHLHE40,MEF,bHLH
2779,52,1,1.10158499878209,-1.4417746974673218,SMIM8,TCF3,MEF,HMG
370,55,0,1.41914301474303,1.1395059728369616,CASP4,USF2,LMC,bHLH
2929,46,1,-1.40887334898261,-0.5394488315705328,TACC3,RFX5,MEF,HTH
841,6,0,-3.6419375468092,-1.9039646920841513,EBF3,BHLHE40,LMC,bHLH
2810,56,1,-2.68150712163575,-2.0157355528865666,SOX12,YY1,MEF,Zf
3032,7,1,-1.1495689654121,0.3548904360657724,TMEM221,CTCF,MEF,Zf
2779,32,1,1.10158499878209,-0.7397853874894176,SMIM8,JUND,MEF,bZIP
2459,34,1,-1.39545144247547,-1.3102503544790014,RASGRP3,MAFK,MEF,bZIP
2735,60,1,3.61270562233868,2.8214781037233228,SLC35F3,ZNF263,MEF,Zf
3029,60,0,1.16509258534004,2.2336839982156333,TMEM196,ZNF263,LMC,Zf
1592,14,1,3.37424913401424,2.671801098200018,KLHDC7A,ELF1,MEF,ETS
1471,3,1,1.06562177914796,0.8511051312813906,IQCK,BACH1,MEF,bZIP
507,60,1,2.14841125554855,2.0143087768748065,CELSR2,ZNF263,MEF,Zf
16,3,1,-2.05030147335999,-1.811161093959432,ABHD15,BACH1,MEF,bZIP
1595,36,1,1.94541631082666,1.7621344732989648,KLHL30,MAZ,MEF,Zf
321,43,1,-2.33853032925094,-1.9404052520298505,BUB1B,PAX5,MEF,"Paired,Homeobox"
1733,8,1,1.10498032103892,1.1643062653072456,LYRM1,CUX1,MEF,Homeobox
1393,13,1,1.80356042315211,1.8035604231521103,HSBP1L1,EGR1,MEF,Zf
3255,57,0,-1.03149291006368,-0.8077073235174481,ZFP41,ZBTB33,LMC,Zf
458,52,0,-1.5789323637807,-1.2863545946245127,CD80,TCF3,LMC,HMG
2474,54,0,1.67443314376631,1.6449023664831035,RBP4,USF1,LMC,bHLH
1291,34,1,2.73973791503383,1.6117032837305962,GSC,MAFK,MEF,bZIP
1929,34,1,1.63807228244475,1.1785078389665573,MYOM3,MAFK,MEF,bZIP
1978,10,1,-1.51596673113993,-1.7708638267072812,NEURL3,E2F4,MEF,E2F
517,34,1,-2.11372772987596,-2.1153148850835426,CENPN,MAFK,MEF,bZIP
951,50,1,-2.06133070722262,-0.7791693214274338,F3,STAT3,MEF,Stat
2185,29,1,-1.72243686447564,-1.5530106049880894,PEG10,IRF1,MEF,IRF
400,36,0,-1.11019254428826,-1.1629263921828945,CCDC68,MAZ,LMC,Zf
2386,52,1,-5.85839993985972,-5.512300223242737,PTPN6,TCF3,MEF,HMG
2636,10,0,-1.39174609130552,0.4217901851886061,SGCD,E2F4,LMC,E2F
1830,34,1,-2.68588716245115,-2.135158915455768,MILR1,MAFK,MEF,bZIP
818,6,1,-2.16450188489231,-0.6543088327836464,DTL,BHLHE40,MEF,bHLH
1562,32,0,-1.33389002552835,-1.4244319718681053,KCTD8,JUND,LMC,bZIP
3119,49,1,-1.36963549843397,-0.8362673868387805,TRPV2,STAT1,MEF,Stat
515,35,1,-1.48399593144254,-1.544367283436018,CENPK,MAX,MEF,bHLH
1648,47,0,1.39432488372804,1.4014425004002475,LGMN,SP1,LMC,Zf
2234,43,1,4.19996079719983,2.7747765496255705,PLAGL1,PAX5,MEF,"Paired,Homeobox"
2210,49,1,-7.7534783220077,-6.717280023644261,PIK3AP1,STAT1,MEF,Stat
490,11,1,-1.01868372437041,-0.3626067077829302,CDK2,E2F6,MEF,E2F
993,54,0,1.37308235035012,0.8226717903367508,FAM213A,USF1,LMC,bHLH
1983,53,0,2.32118248880711,1.490128298364357,NFE2L3,TEAD4,LMC,TEA
1357,47,1,-1.88880902356268,3.4962608831585102,HOXA2,SP1,MEF,Zf
2731,24,0,2.75025264644683,2.2324634865020894,SLC32A1,GABPA,LMC,ETS
1466,46,0,2.28222195528639,1.8119274448588942,INPP5D,RFX5,LMC,HTH
1479,6,0,2.90433155848801,1.9441591032333774,IRG1,BHLHE40,LMC,bHLH
712,32,1,-3.04220850419268,-2.181346383338446,CYGB,JUND,MEF,bZIP
961,36,1,3.6109681857459,2.07787253330077,FAIM2,MAZ,MEF,Zf
157,7,1,-1.33125587638172,-1.304644471903191,APBA1,CTCF,MEF,Zf
3267,53,0,-1.26383646152717,-1.2128899051784747,ZWILCH,TEAD4,LMC,TEA
3110,32,0,-2.42438042274599,-2.3954380744063726,TRIM71,JUND,LMC,bZIP
1335,22,1,1.04156670706997,0.7746039938276752,HIST1H1C,FOXA2,MEF,Forkhead
556,55,1,-1.31285877421793,-0.9676363876267058,CHSY3,USF2,MEF,bHLH
2279,30,0,-1.11779213875948,-1.12532598991914,PMVK,IRF3,LMC,IRF
2057,4,1,-2.89490675475079,-0.8329179975723967,NUF2,BATF,MEF,bZIP
2769,23,1,-3.32063529258886,-2.6775718891561353,SLFN5,FOXM1,MEF,Forkhead
303,13,1,1.45646153834468,1.3653819952697461,BMP8B,EGR1,MEF,Zf
2274,33,1,2.10257897633851,1.1765932179564709,PM20D1,MAFF,MEF,bZIP
432,7,1,-1.9549283385216,-1.7484953045674656,CD14,CTCF,MEF,Zf
2742,54,0,1.46235789888807,1.462541944029318,SLC39A8,USF1,LMC,bHLH
1221,59,1,1.73376805098353,1.3909174732280305,GORAB,ZKSCAN1,MEF,Zf
2881,22,1,-1.77045279019706,-0.13114023769468056,STIL,FOXA2,MEF,Forkhead
870,52,1,-1.20899941824855,-1.091782568884384,EGLN3,TCF3,MEF,HMG
623,40,0,-1.19753259376575,-1.0831031308394732,COL7A1,MYOG,LMC,bHLH
2677,54,0,-1.27927448448625,-1.2905482268769024,SKA3,USF1,LMC,bHLH
2537,10,1,-1.8166341585174,0.19933821771362034,RPS6KA1,E2F4,MEF,E2F
2523,7,0,-1.17127768993016,-1.0914802616041726,RNF207,CTCF,LMC,Zf
875,27,1,-1.34853539641118,-1.3607925425778942,EHHADH,GATA3,MEF,Zf
2720,16,0,-1.70576424039824,-1.0216361385011465,SLC27A3,ELK4,LMC,ETS
1481,26,1,2.32183354628202,1.6768234083137399,IRX3,GATA2,MEF,Zf
1478,35,1,-4.43611876756178,-4.2781682624152495,IRF8,MAX,MEF,bHLH
2347,19,0,1.16051451385673,-0.0653824636474814,PRR5L,FOS,LMC,bZIP
861,56,1,-1.62049056402303,0.8804777653046333,EFHD2,YY1,MEF,Zf
2853,19,1,-3.39538592314641,-3.1830385837175355,SRGN,FOS,MEF,bZIP
841,47,1,-1.47519120528365,-2.5201063142520708,EBF3,SP1,MEF,Zf
1840,52,0,2.18019875250841,2.107901000130219,MMD,TCF3,LMC,HMG
1385,19,0,3.15189241334862,3.1295787208273564,HPGD,FOS,LMC,bZIP
2324,1,1,-1.08146216479517,-1.323595715342733,PRCP,ATF2,MEF,bZIP
2399,34,1,-1.40254242700849,-0.9235832750039691,PVRL2,MAFK,MEF,bZIP
3224,60,0,-1.2723089681888,-1.7710322571526067,WNK4,ZNF263,LMC,Zf
2033,6,0,-1.95195850424148,-1.0316417258173278,NR2F1,BHLHE40,LMC,bHLH
717,32,1,1.24940873650328,1.4091152209243827,CYP27A1,JUND,MEF,bZIP
2515,57,1,1.12637943260805,0.42139268237487093,RND1,ZBTB33,MEF,Zf
1153,51,0,-1.37615733443091,-0.3277583652587722,GATA2,TCF12,LMC,bHLH
1344,44,0,-1.06304399815731,-1.0650903329479116,HMGCS1,PBX3,LMC,Homeobox
454,15,0,2.02419233042325,2.1102362252597056,CD68,ELK1,LMC,ETS
422,19,1,-3.75573412612852,-3.732836730281704,CCNB2,FOS,MEF,bZIP
1298,11,0,1.79871714318156,1.786222132290272,GSTA4,E2F6,LMC,E2F
2736,49,0,1.41533311729747,1.37455881300146,SLC35G1,STAT1,LMC,Stat
314,3,1,1.108975807459,0.28595901555455955,BTBD11,BACH1,MEF,bZIP
1887,53,1,3.01201921354902,1.152150251763148,MSX1,TEAD4,MEF,TEA
2571,24,0,2.21199249094667,1.8593927494510751,SAMSN1,GABPA,LMC,ETS
2253,54,0,1.17987601131408,-1.5478635530651992,PLEKHM1,USF1,LMC,bHLH
1900,35,0,-2.81354840009658,-2.7557828779842124,MXD3,MAX,LMC,bHLH
3162,39,1,-1.57637625372954,-2.048179345418342,UBE2T,MYB,MEF,HTH
1814,49,1,1.05357159098522,0.92922907990953,METTL21A,STAT1,MEF,Stat
926,43,1,-1.32942090046407,-1.1324707178113806,ESYT1,PAX5,MEF,"Paired,Homeobox"
1566,12,1,-2.45701413877743,-2.0566471915617597,KIF11,EBF1,MEF,EBF
556,56,0,-1.5919068964405,-1.5544272494333824,CHSY3,YY1,LMC,Zf
1015,52,1,-2.36954301173742,-1.5919411111634199,FANCA,TCF3,MEF,HMG
806,7,0,1.68931586814795,-0.13841217607221354,DPPA3,CTCF,LMC,Zf
794,25,1,-7.53915401425447,-4.858594157458964,DOCK2,GATA1,MEF,Zf
792,11,1,-1.16716822785582,-1.5686663929206777,DNMT1,E2F6,MEF,E2F
2337,42,0,1.66170836484508,1.6742294009572047,PRKCH,NRF1,LMC,NRF
399,25,1,2.3751815801806,1.8093258817549343,CCDC65,GATA1,MEF,Zf
2444,0,1,3.09267128508415,1.8486873952107243,RANBP3L,ATF1,MEF,bZIP
895,13,0,-2.74176093683303,-1.9541442650598204,ENO3,EGR1,LMC,Zf
1848,46,1,1.58920096300279,1.5676639111069652,MMP15,RFX5,MEF,HTH
2125,43,0,1.67444194494018,1.4841207130397271,PARP14,PAX5,LMC,"Paired,Homeobox"
1575,24,0,-1.32522675810794,-1.1442363529137576,KIF26A,GABPA,LMC,ETS
2496,47,0,-1.87567434541817,-1.8756743454181715,RGS5,SP1,LMC,Zf
1634,60,0,-1.87642244998417,-0.5032559095563685,LDB2,ZNF263,LMC,Zf
2246,9,1,-1.88722307582379,-1.304014877677519,PLEKHA2,E2F1,MEF,E2F
1483,50,0,-2.42838233040146,0.17196784716366764,ISL1,STAT3,LMC,Stat
1076,58,0,-1.25012529076239,-0.363320220417123,FLNA,ZEB1,LMC,Zf
1289,41,1,-2.2405085887341,-1.4495443339990581,GRM7,NANOG,MEF,Homeobox
449,47,1,-8.10996807721768,-8.068676796975181,CD48,SP1,MEF,Zf
1668,44,1,3.05412965320593,1.1884294832583764,LMCD1,PBX3,MEF,Homeobox
168,35,1,1.82462954490951,-3.9428787725947676,APOD,MAX,MEF,bHLH
457,12,0,1.872958774821,1.8365008021396614,CD74,EBF1,LMC,EBF
2073,40,0,-1.22751387229782,0.9017352442749627,OBSL1,MYOG,LMC,bHLH
1273,3,0,-2.09482730247396,-1.5777843710726522,GRASP,BACH1,LMC,bZIP
1330,32,1,1.58427009070658,-1.190887827061331,HHIP,JUND,MEF,bZIP
2855,6,0,1.65068826126011,0.9391562702660877,SRPK3,BHLHE40,LMC,bHLH
1791,19,1,-1.8528816001039,-1.7896459569270928,MCM6,FOS,MEF,bZIP
465,30,1,-2.79960891240183,-2.7996089124018324,CDC20,IRF3,MEF,IRF
1044,33,0,2.03531170334419,2.0714460055142694,FERMT3,MAFF,LMC,bZIP
837,11,0,1.07010132496993,0.853733479962907,EAF1,E2F6,LMC,E2F
1938,15,1,2.19465551629259,-0.009680761850568303,NAP1L5,ELK1,MEF,ETS
1350,29,0,1.34567640676102,0.9739394692099317,HNMT,IRF1,LMC,IRF
586,10,1,-1.10717304092013,-0.8190419354936935,CLYBL,E2F4,MEF,E2F
203,6,0,1.8472986595784,1.1441212664064795,ARL11,BHLHE40,LMC,bHLH
118,19,1,-1.21591862457302,-1.0520672268655988,ALOXE3,FOS,MEF,bZIP
2845,29,0,-1.12860791435859,-0.8434221047508013,SPRY1,IRF1,LMC,IRF
1194,3,1,1.95528246047761,1.1756094138537987,GJA3,BACH1,MEF,bZIP
879,7,1,-2.58541829649739,0.36901217078793264,ELMO1,CTCF,MEF,Zf
1938,26,1,2.19465551629259,1.7826761639005784,NAP1L5,GATA2,MEF,Zf
15,54,0,1.12498979792279,1.1185711185976217,ABHD12,USF1,LMC,bHLH
2695,6,1,-2.99251540919118,-2.8464535686202033,SLC16A11,BHLHE40,MEF,bHLH
1672,27,0,-2.15792699391474,-0.6105158280905483,LMOD1,GATA3,LMC,Zf
419,58,1,-1.01212708968367,-1.0121270896836712,CCM2,ZEB1,MEF,Zf
1616,32,1,-2.81083980719423,-2.104911625418397,LAMA2,JUND,MEF,bZIP
1995,40,1,-1.79862701384107,-0.07705250019387722,NKAIN3,MYOG,MEF,bHLH
1957,11,0,-1.64466006634202,-1.429603003012025,NDC80,E2F6,LMC,E2F
1882,10,0,2.25613902135658,0.9174411546697037,MSLN,E2F4,LMC,E2F
259,36,1,-1.08870467428603,-0.8421633294320031,B3GNT8,MAZ,MEF,Zf
1435,13,0,2.724260975043,2.624465105649378,IL10,EGR1,LMC,Zf
2250,51,1,-1.29239612926271,-1.0852269149445983,PLEKHG3,TCF12,MEF,bHLH
932,25,1,1.3056546926836,-0.10970855229597908,EVA1C,GATA1,MEF,Zf
1631,60,1,-4.84865339825882,-0.8729153574313225,LCP1,ZNF263,MEF,Zf
1147,10,1,-1.06721399184908,-0.961364019127538,GAPDH,E2F4,MEF,E2F
3236,11,0,1.14579429923485,1.233860586244381,WWP1,E2F6,LMC,E2F
792,41,1,-1.16716822785582,-1.270793573254588,DNMT1,NANOG,MEF,Homeobox
751,3,1,3.26916636459788,3.095485218950791,DES,BACH1,MEF,bZIP
1668,20,1,3.05412965320593,2.229582520720561,LMCD1,FOSL2,MEF,bZIP
1197,35,1,-1.35811722056909,0.5378862597727959,GJC1,MAX,MEF,bHLH
1631,30,0,1.88765751605467,1.8607096902514624,LCP1,IRF3,LMC,IRF
818,0,0,-1.41724630665825,-1.5075761414428583,DTL,ATF1,LMC,bZIP
2699,32,0,-1.13247654437372,-1.1379569772578113,SLC16A3,JUND,LMC,bZIP
295,59,1,-2.38048914578776,-2.0233129414276494,BIRC5,ZKSCAN1,MEF,Zf
1389,53,0,1.32986655856299,0.9969520903988986,HRH1,TEAD4,LMC,TEA
2014,13,1,1.46367070692664,1.3493569316493146,NOS1AP,EGR1,MEF,Zf
1876,51,1,-1.27897559646507,-2.5674880304826178,MRPS6,TCF12,MEF,bHLH
1324,42,1,1.80366727059498,0.4686977553928831,HEPH,NRF1,MEF,NRF
2746,29,1,-2.01702441602196,-1.883330664395015,SLC43A3,IRF1,MEF,IRF
1580,40,1,1.73758195883596,1.1095281139082558,KIF5C,MYOG,MEF,bHLH
2529,27,0,-1.49220906542804,-1.185247691178668,ROR1,GATA3,LMC,Zf
1360,14,1,-2.49612425829247,-2.3339792193365656,HOXA5,ELF1,MEF,ETS
1556,55,1,-1.60578743741166,-1.593876573319315,KCNS3,USF2,MEF,bHLH
556,60,0,-1.5919068964405,-1.5688325788315416,CHSY3,ZNF263,LMC,Zf
1998,13,1,3.08931540774199,1.3554807714725978,NKX6-1,EGR1,MEF,Zf
1728,10,1,-4.94880148210494,-4.2379507298207155,LY86,E2F4,MEF,E2F
1439,2,1,2.60170513530779,-0.7646529230422502,IL13RA2,ATF3,MEF,bZIP
3211,47,0,-1.06067198792734,-0.9063997051312513,WASF3,SP1,LMC,Zf
531,49,1,1.21928716189159,1.2280341542184958,CFAP61,STAT1,MEF,Stat
550,54,0,-1.34774632476218,-0.2650497535520618,CHRNA7,USF1,LMC,bHLH
281,33,1,-1.55425053108791,-1.2779548495834858,BDH1,MAFF,MEF,bZIP
1792,56,1,-5.09340625018667,-5.006862344227051,MCOLN2,YY1,MEF,Zf
2041,38,0,1.93781365732925,2.084135132951261,NRROS,MEF2C,LMC,MADS
425,3,0,-2.59543354538128,-2.144707600153721,CCNJL,BACH1,LMC,bZIP
1497,7,1,-8.07763069469641,-5.370311593499824,ITGB2,CTCF,MEF,Zf
591,20,1,-1.3326909212293,-0.711199812266733,CNDP2,FOSL2,MEF,bZIP
794,51,0,1.90155186196009,1.4968972997028351,DOCK2,TCF12,LMC,bHLH
3236,53,0,1.14579429923485,0.8693915717243105,WWP1,TEAD4,LMC,TEA
414,43,0,2.27699369760861,2.2594215575191097,CCL3,PAX5,LMC,"Paired,Homeobox"
739,50,1,1.57375665683309,1.5253070180123371,DDN,STAT3,MEF,Stat
2386,50,1,-5.85839993985972,-4.869788311170767,PTPN6,STAT3,MEF,Stat
2010,33,1,-1.20623734785195,-0.805719487947499,NNMT,MAFF,MEF,bZIP
2935,23,0,-1.1207796034852,-0.7737757279469178,TARSL2,FOXM1,LMC,Forkhead
337,25,0,-1.44650094432759,-1.4963644083218373,CABP1,GATA1,LMC,Zf
630,25,1,-4.2288874048856,-3.0810169101541907,CORO1A,GATA1,MEF,Zf
937,54,1,1.42767641384569,1.564746273997309,EXOC3,USF1,MEF,bHLH
1551,40,1,-2.83262088040282,-0.14380056633004196,KCNK13,MYOG,MEF,bHLH
1572,50,1,1.40702788043446,0.8736098338286997,KIF21A,STAT3,MEF,Stat
1013,11,0,1.47559622223216,0.82262559518194,FAM84A,E2F6,LMC,E2F
968,10,0,-1.4871692627616,-2.194860782509611,FAM131B,E2F4,LMC,E2F
3046,19,0,2.28932160921148,1.968369011146648,TMEM59L,FOS,LMC,bZIP
1182,11,0,1.17625315120143,-0.03608009447907144,GGCT,E2F6,LMC,E2F
1586,14,0,-1.05305185057136,-1.0530518505713593,KISS1R,ELF1,LMC,ETS
2402,3,1,-1.28053031107436,-1.43392960359372,PYCARD,BACH1,MEF,bZIP
496,52,0,-1.45528793892123,-1.2517337282816445,CDKN3,TCF3,LMC,HMG
3267,32,0,-1.26383646152717,-1.26383646152717,ZWILCH,JUND,LMC,bZIP
3103,35,1,-2.65821541512878,-1.3908716377130321,TRIM14,MAX,MEF,bHLH
3019,11,0,-1.68922913667039,-1.6666524715232582,TMEM158,E2F6,LMC,E2F
514,33,0,-1.48650253996053,-1.4731066918063676,CENPI,MAFF,LMC,bZIP
1682,5,1,-2.74353016291485,-3.439876480373779,LPAR5,BCL11A,MEF,Zf
2292,15,1,-1.55535313200542,-1.6042429902098199,POLQ,ELK1,MEF,ETS
2830,10,1,2.2287125275182,1.678809830897774,SPEF2,E2F4,MEF,E2F
2821,54,1,1.33614858114974,0.013589514679981622,SPA17,USF1,MEF,bHLH
977,3,0,-1.35378356162685,-1.3791537296102805,FAM171B,BACH1,LMC,bZIP
2664,32,1,1.59313087481905,0.15452330163398512,SHISA7,JUND,MEF,bZIP
1697,6,0,-1.53337520776607,-0.45851879604638013,LRRC16A,BHLHE40,LMC,bHLH
1426,10,1,3.03515583117171,1.3581368689187168,IGSF1,E2F4,MEF,E2F
829,41,1,-1.58068661283393,-1.3270785441845054,DUT,NANOG,MEF,Homeobox
1075,49,0,1.70639394167543,1.6430510363199438,FLI1,STAT1,LMC,Stat
679,22,0,-2.86747721889391,0.5709202045406842,CTHRC1,FOXA2,LMC,Forkhead
377,17,0,-1.18392674086099,-1.18392674086099,CBS,ETS1,LMC,ETS
3003,15,1,-3.99329327944435,-2.8802559294910064,TM6SF1,ELK1,MEF,ETS
2606,3,0,-1.18341999381552,-1.1965687731182657,SEMA3A,BACH1,LMC,bZIP
454,52,1,-5.47756028778316,-5.477560287783156,CD68,TCF3,MEF,HMG
3055,6,1,-2.0917384886418,-2.1757796721597003,TNFAIP8L1,BHLHE40,MEF,bHLH
834,49,1,-1.66961603936498,-1.7848168380001144,E2F2,STAT1,MEF,Stat
268,10,0,-1.07278561871818,-0.31729840566288575,BAIAP2,E2F4,LMC,E2F
1751,6,1,-1.62007527823307,-1.2877344749390358,MAN1C1,BHLHE40,MEF,bHLH
1820,10,0,1.56261648232915,1.225130309236188,MFSD12,E2F4,LMC,E2F
697,21,0,2.18718578524014,2.2967163247942737,CX3CR1,FOXA1,LMC,Forkhead
1096,3,0,-1.92576184832409,-1.4313095065192396,FOXC2,BACH1,LMC,bZIP
265,1,0,-1.12473692026766,-0.05213492703265061,BAG2,ATF2,LMC,bZIP
2231,26,0,-1.25589685126262,-0.8433929321012037,PLA2R1,GATA2,LMC,Zf
562,10,0,-1.84132809551671,-1.8413280955167108,CKAP2,E2F4,LMC,E2F
2663,11,0,-1.0688860198934,0.19478795941448304,SHISA6,E2F6,LMC,E2F
1970,33,1,-2.2655962110482,-1.837783388310028,NEK2,MAFF,MEF,bZIP
1117,41,1,1.11413412921778,1.084559714889961,FSBP,NANOG,MEF,Homeobox
1871,7,1,-6.02726535590589,0.8074880111586046,MRC1,CTCF,MEF,Zf
138,35,0,-2.36033516397192,-2.3450422047167043,ANKLE1,MAX,LMC,bHLH
2260,2,1,-1.06024887079135,-1.148496342953152,PLK3,ATF3,MEF,bZIP
1746,49,1,5.32777087359567,4.985040851491422,MAL,STAT1,MEF,Stat
273,10,1,1.25563358471686,0.9278528299808738,BBS4,E2F4,MEF,E2F
995,34,0,-1.34584970061181,-1.2181084327202862,FAM26E,MAFK,LMC,bZIP
504,10,1,-2.42975111298666,-1.9924644738633182,CEBPA,E2F4,MEF,E2F
1588,44,0,-2.56633169713976,-2.518550854287241,KLF12,PBX3,LMC,Homeobox
2335,25,0,2.81104415880545,1.5479743248186082,PRKCB,GATA1,LMC,Zf
2935,57,0,-1.1207796034852,-0.7564472008435605,TARSL2,ZBTB33,LMC,Zf
819,35,0,1.14268323152742,0.7569467536512703,DTNB,MAX,LMC,bHLH
251,27,1,-2.20954496278564,-2.209544962785641,AURKA,GATA3,MEF,Zf
358,36,1,1.22166358080794,1.253880240040834,CAMK4,MAZ,MEF,Zf
2642,44,0,-1.09221409697119,-0.902079397180802,SGSM1,PBX3,LMC,Homeobox
2109,22,0,-1.8177228835142,-1.701938526606343,PACSIN3,FOXA2,LMC,Forkhead
1658,60,0,-1.11995880005209,-0.48607379800563477,LIMCH1,ZNF263,LMC,Zf
2304,34,0,-2.08467910509442,-2.097657273939974,PPARGC1A,MAFK,LMC,bZIP
1819,47,0,2.23766035348181,1.8835358280372543,MFNG,SP1,LMC,Zf
268,51,0,-1.07278561871818,-0.32844405137815275,BAIAP2,TCF12,LMC,bHLH
2172,32,1,-1.41279192676736,-1.262377305217031,PDGFB,JUND,MEF,bZIP
2377,51,1,2.08349403611381,-0.5755460811536944,PTHLH,TCF12,MEF,bHLH
988,3,1,1.57124127789086,1.4423375298744128,FAM19A3,BACH1,MEF,bZIP
2375,35,1,-1.54785588948123,-2.016908671042021,PTGIR,MAX,MEF,bHLH
736,51,1,1.21253077226439,-0.29860907821789395,DCXR,TCF12,MEF,bHLH
2223,12,0,2.42323666921668,1.9198329931776288,PKIB,EBF1,LMC,EBF
2682,6,1,-4.94439412197124,-2.5112992325441543,SLAMF9,BHLHE40,MEF,bHLH
1143,60,1,2.77782967795664,-0.36465510988508,GALNT3,ZNF263,MEF,Zf
2919,27,1,3.40778923750802,1.7393912779265965,SYT4,GATA3,MEF,Zf
1232,54,1,2.4986859999998,2.8647407759468564,GPM6B,USF1,MEF,bHLH
2686,36,1,1.0133885125942,0.8129605672582234,SLC12A2,MAZ,MEF,Zf
2057,1,1,-2.89490675475079,-2.622277281102794,NUF2,ATF2,MEF,bZIP
2777,52,0,1.33467085489491,0.9398082171672076,SMARCA2,TCF3,LMC,HMG
2159,6,1,-3.50441248789813,-3.05669241379893,PCSK9,BHLHE40,MEF,bHLH
2542,8,0,-1.54415963122133,-1.4700183274063823,RRM2,CUX1,LMC,Homeobox
338,11,0,-1.98402210169633,-0.6230856991551947,CACNA1C,E2F6,LMC,E2F
1138,7,0,1.17692252323497,0.5036458260086465,GALC,CTCF,LMC,Zf
1353,35,0,1.4838362949105,1.3096591927873644,HOOK1,MAX,LMC,bHLH
2071,29,0,2.25315774616314,2.0600481553404384,OAS3,IRF1,LMC,IRF
1527,53,1,3.35408035730909,-0.8907980291630837,KCNA6,TEAD4,MEF,TEA
2793,47,1,1.50122491579436,1.2363639916547569,SNHG12,SP1,MEF,Zf
1951,34,0,1.45744396290933,1.1448342185261895,NCEH1,MAFK,LMC,bZIP
1478,47,1,-4.43611876756178,-4.183167843686406,IRF8,SP1,MEF,Zf
2233,21,0,-2.88397557845774,-2.4827451218231165,PLAC8,FOXA1,LMC,Forkhead
2846,6,1,-1.65783666634101,-1.677414105836319,SPRY3,BHLHE40,MEF,bHLH
767,46,1,2.50105789905647,2.56329582238603,DLX1,RFX5,MEF,HTH
1292,59,0,1.18024367524871,0.7970200097467973,GSDMD,ZKSCAN1,LMC,Zf
2293,42,0,-2.73358754737203,-2.548852227273531,POM121L2,NRF1,LMC,NRF
1168,1,1,-1.4900698007944,-0.8260341703544608,GCNT2,ATF2,MEF,bZIP
2544,34,1,1.30997366918409,-0.19575771090197466,RSPH1,MAFK,MEF,bZIP
1580,34,1,1.73758195883596,1.1525617616270813,KIF5C,MAFK,MEF,bZIP
2661,53,0,-1.22957922565248,-1.1448594999653579,SHF,TEAD4,LMC,TEA
428,33,1,-2.3161581512773,-2.299858671306349,CCR1,MAFF,MEF,bZIP
2677,46,0,-1.27927448448625,-1.336022782901871,SKA3,RFX5,LMC,HTH
2378,56,0,1.53215201360364,-0.8277075121539371,PTK2B,YY1,LMC,Zf
2450,42,0,-1.05231333068148,-0.9035121413845918,RARG,NRF1,LMC,NRF
993,56,0,1.37308235035012,0.7682931493175122,FAM213A,YY1,LMC,Zf
3080,56,0,1.78306212287679,1.22006597698732,TOX2,YY1,LMC,Zf
2431,28,1,-1.67508726212781,-1.6732952771177265,RAD51,HNF4A,MEF,NR
650,55,1,-2.94835882788418,-2.488977634797387,CREG2,USF2,MEF,bHLH
2439,22,1,-1.16961792333877,-0.9662940125389138,RALGPS2,FOXA2,MEF,Forkhead
2463,17,1,-2.86890580089476,-1.8591073647186125,RASSF4,ETS1,MEF,ETS
348,51,0,-1.41453586939854,1.292610389437997,CACNG7,TCF12,LMC,bHLH
2747,43,0,1.18552058951319,1.225030998716454,SLC44A1,PAX5,LMC,"Paired,Homeobox"
1600,29,1,1.56969787708839,1.095884947916418,KLHL8,IRF1,MEF,IRF
501,43,1,-1.54134144871183,-1.4364755893884047,CDT1,PAX5,MEF,"Paired,Homeobox"
2395,60,0,-1.52644018494485,0.2506126157682498,PTPRZ1,ZNF263,LMC,Zf
1268,46,0,-1.16679590504113,-1.3335155042850202,GPSM1,RFX5,LMC,HTH
2975,15,0,-1.10337016351696,-1.2784745764045418,THBS1,ELK1,LMC,ETS
2216,55,1,-3.03883385040667,-2.0238344437101436,PILRA,USF2,MEF,bHLH
2249,3,1,1.15271259876003,0.17814894174608686,PLEKHG1,BACH1,MEF,bZIP
2988,15,1,2.47016823813231,2.130417329311448,TIPARP,ELK1,MEF,ETS
3249,56,1,-3.34195234407642,-3.1044962767570286,ZC3H12D,YY1,MEF,Zf
2440,3,1,1.00406585269016,-1.1080884937169884,RALYL,BACH1,MEF,bZIP
2149,27,0,-1.10925949674155,-1.110366309840339,PCDHGC4,GATA3,LMC,Zf
1824,56,1,3.1939303168836,0.4791718726324739,MGP,YY1,MEF,Zf
2492,13,1,-1.83237956996519,-2.120188918609987,RGS16,EGR1,MEF,Zf
326,12,1,-8.85443154360683,-8.334183962589673,C1QC,EBF1,MEF,EBF
1353,44,0,1.4838362949105,0.9891221799590093,HOOK1,PBX3,LMC,Homeobox
1465,3,0,1.4524995937308,0.7936865834037505,INPP4B,BACH1,LMC,bZIP
2732,23,1,1.30662937679401,0.5883615186148481,SLC33A1,FOXM1,MEF,Forkhead
1807,44,1,-1.82030516240533,-1.6970585244665093,MEIS1,PBX3,MEF,Homeobox
1694,10,1,3.89825776680161,1.5450722346583057,LRP1B,E2F4,MEF,E2F
751,6,1,3.26916636459788,3.0078979366178835,DES,BHLHE40,MEF,bHLH
1437,27,0,2.5909647487906,2.357894600995187,IL11,GATA3,LMC,Zf
688,6,1,1.50358828965648,1.4143907389458934,CTSH,BHLHE40,MEF,bHLH
1021,26,0,-2.80287244127223,-2.77822241747667,FAT4,GATA2,LMC,Zf
300,27,1,2.79292499470712,3.7686263434605336,BMP5,GATA3,MEF,Zf
1399,50,0,1.22127784545729,0.6022897628594841,HSPB1,STAT3,LMC,Stat
1954,56,1,-6.8574630086637,-6.395307054737027,NCF4,YY1,MEF,Zf
757,25,1,1.50417924206715,0.8251866282093837,DIO2,GATA1,MEF,Zf
2796,19,1,1.64096455740239,0.43771742437785055,SNTB1,FOS,MEF,bZIP
1182,43,0,1.17625315120143,0.735579613437228,GGCT,PAX5,LMC,"Paired,Homeobox"
940,45,0,-1.04928380645849,-0.9957155095930367,EXT1,PRDM1,LMC,Zf
1368,45,1,-1.53051207799042,-1.520355091413749,HOXB6,PRDM1,MEF,Zf
2753,35,1,1.06278430182055,-0.09994013974428405,SLC5A7,MAX,MEF,bHLH
2777,20,0,1.33467085489491,1.0886430272021215,SMARCA2,FOSL2,LMC,bZIP
875,33,1,-1.34853539641118,-1.3457446768479273,EHHADH,MAFF,MEF,bZIP
3227,27,1,1.26993965517135,1.870641330854092,WNT11,GATA3,MEF,Zf
630,37,1,-4.2288874048856,-3.2800995626137204,CORO1A,MEF2A,MEF,MADS
713,34,1,1.19144626408088,0.7361447680809873,CYLD,MAFK,MEF,bZIP
1163,33,1,1.37659350408397,1.4616586479031881,GCH1,MAFF,MEF,bZIP
2201,24,1,1.27816963341491,-0.3007590978156125,PGR,GABPA,MEF,ETS
1669,10,1,-2.03337449621201,-1.2322454768036193,LMNB1,E2F4,MEF,E2F
1761,20,0,-4.78522239619105,-1.4373790947770038,MAP3K7CL,FOSL2,LMC,bZIP
2791,24,0,-2.93185492508053,-0.2641493716002091,SNED1,GABPA,LMC,ETS
2583,28,0,-2.5472687417079,-2.4574425366808192,SCML2,HNF4A,LMC,NR
1309,3,1,2.21344055112129,2.55073944674802,HAND2,BACH1,MEF,bZIP
1678,7,0,-1.66239568256714,-0.5600359520715208,LOXL2,CTCF,LMC,Zf
983,7,0,-2.6954506576559,-2.2820135395457317,FAM184B,CTCF,LMC,Zf
1862,49,1,1.15642821553146,0.9638760323869546,MORN2,STAT1,MEF,Stat
2625,35,0,2.34303813040736,2.343857827617357,SERPIND1,MAX,LMC,bHLH
423,10,0,-1.26956236728047,-1.3911567152909796,CCNE1,E2F4,LMC,E2F
2850,44,1,1.15748359100971,0.3916907234943541,SQRDL,PBX3,MEF,Homeobox
2549,14,0,-2.05581505638442,-2.128447370466518,RTKN2,ELF1,LMC,ETS
776,36,0,-1.62268773206767,-1.587081420683977,DNAH1,MAZ,LMC,Zf
765,60,1,-1.80369197034061,-1.5721987045290762,DLK1,ZNF263,MEF,Zf
2058,53,0,1.25231194291045,0.3275943340962231,NUP210,TEAD4,LMC,TEA
2833,6,1,-7.24778929658034,-4.965280965542769,SPI1,BHLHE40,MEF,bHLH
27,21,1,2.18449933550891,2.146366806965222,ACKR3,FOXA1,MEF,Forkhead
784,14,1,1.08312646824662,1.145041315781107,DNAJB4,ELF1,MEF,ETS
945,2,0,1.62913103681418,1.3688036273576287,EZR,ATF3,LMC,bZIP
71,15,0,-1.01583734155542,-0.9406682122019525,ADCY4,ELK1,LMC,ETS
1118,19,1,1.15084131246931,-0.635948082293115,FSIP1,FOS,MEF,bZIP
2797,57,1,1.20718208298321,0.777007257996663,SNX16,ZBTB33,MEF,Zf
996,29,0,-1.00862397123764,-1.0163500367533218,FAM3C,IRF1,LMC,IRF
2261,7,0,1.93724746564919,0.374041789772976,PLK5,CTCF,LMC,Zf
504,9,0,2.31604501349068,2.173771621172742,CEBPA,E2F1,LMC,E2F
2949,34,0,1.39093876319334,1.3064593720770115,TCFL5,MAFK,LMC,bZIP
2489,53,1,-1.61617060658465,-1.5349856048767652,RGMA,TEAD4,MEF,TEA
632,51,1,-4.32608395276408,-3.765437591827124,CORO2A,TCF12,MEF,bHLH
525,19,1,-2.43362288031828,-2.433622880318281,CEP55,FOS,MEF,bZIP
2708,6,0,-2.47595200961612,-0.09167400685383814,SLC1A6,BHLHE40,LMC,bHLH
2852,43,0,-1.40595160073724,-1.1821642891938386,SRD5A1,PAX5,LMC,"Paired,Homeobox"
1820,12,0,1.56261648232915,1.5638456577913096,MFSD12,EBF1,LMC,EBF
1525,60,1,-2.06682158138137,-1.4051683119698024,KCNA3,ZNF263,MEF,Zf
81,13,0,2.83948317745074,0.6428881700596647,ADORA3,EGR1,LMC,Zf
860,51,1,2.11517334013374,2.03040026302846,EFHD1,TCF12,MEF,bHLH
2102,33,0,2.07252283070865,1.6108132361082526,P2RY12,MAFF,LMC,bZIP
454,51,1,-5.47756028778316,-5.477560287783156,CD68,TCF12,MEF,bHLH
1575,46,1,1.03299861527499,-1.7516993984849278,KIF26A,RFX5,MEF,HTH
2178,28,0,-1.32389108556874,-1.0936184962692397,PDLIM2,HNF4A,LMC,NR
1208,46,0,-1.39320738985799,-0.8175579907859377,GLT8D2,RFX5,LMC,HTH
3239,19,1,9.86262990937473,3.891254203858704,XIST,FOS,MEF,bZIP
1163,35,0,2.62029779584361,2.153270963261459,GCH1,MAX,LMC,bHLH
73,40,0,1.61073424902251,0.6383316591481332,ADCY7,MYOG,LMC,bHLH
1490,49,1,1.27075279553544,1.1680673382373796,ITGA3,STAT1,MEF,Stat
3005,1,0,-1.1154158873604,-0.9933896161148019,TMC7,ATF2,LMC,bZIP
946,21,1,1.97088631304274,1.2988738167043528,F11,FOXA1,MEF,Forkhead
690,33,0,1.26035094666073,1.2310397569228047,CTSO,MAFF,LMC,bZIP
2842,44,0,1.2557635937812,1.477683585330328,SPON2,PBX3,LMC,Homeobox
670,7,0,-1.1736024764829,-1.3109495748422362,CSPG4,CTCF,LMC,Zf
624,31,0,1.14347278913076,0.8579463159729529,COL8A2,IRF4,LMC,IRF
1646,7,0,3.35703884394145,3.2785302855329133,LGI2,CTCF,LMC,Zf
2413,19,0,1.25384032758568,1.0967800134667594,RAB20,FOS,LMC,bZIP
861,60,1,-1.62049056402303,0.12873095147251362,EFHD2,ZNF263,MEF,Zf
1948,23,1,-2.19289973216985,-2.252354324107463,NCAPG2,FOXM1,MEF,Forkhead
2725,60,0,1.14130727579286,-0.6758844089224528,SLC2A13,ZNF263,LMC,Zf
171,28,0,-1.30844755503104,-1.1409960315900738,APOLD1,HNF4A,LMC,NR
1388,53,0,1.36297557427342,1.0101956966830705,HRASLS,TEAD4,LMC,TEA
210,15,1,-1.03621188563536,-0.8639291025726189,ARRB1,ELK1,MEF,ETS
2881,19,1,-1.77045279019706,-1.7688731057956186,STIL,FOS,MEF,bZIP
3171,56,0,1.98466934184386,2.010288480034478,UNC13D,YY1,LMC,Zf
2537,9,1,-1.8166341585174,-0.46632934788485514,RPS6KA1,E2F1,MEF,E2F
2469,47,0,-1.58408029277808,1.415732421016199,RBM11,SP1,LMC,Zf
1017,50,1,-1.97493658435611,-1.5996495923175156,FANCI,STAT3,MEF,Stat
264,35,1,-1.12777061966967,-1.1248614519365676,B4GALT5,MAX,MEF,bHLH
3005,53,0,-1.1154158873604,-0.8835304900969612,TMC7,TEAD4,LMC,TEA
1622,46,0,1.53083307981373,1.5460721588031205,LAMC3,RFX5,LMC,HTH
2179,56,0,1.6095621977826,0.5703896073291452,PDLIM4,YY1,LMC,Zf
2772,7,1,3.28533776753762,2.6737114609537276,SLITRK4,CTCF,MEF,Zf
30,43,0,1.62716198902984,1.572736071458925,ACOT4,PAX5,LMC,"Paired,Homeobox"
169,32,0,2.87784053099309,2.8778405309930877,APOE,JUND,LMC,bZIP
2823,30,0,-1.74134660350485,-1.4959450147817492,SPAG5,IRF3,LMC,IRF
1103,45,0,-1.1218794612056,-1.1400041058774846,FOXP1,PRDM1,LMC,Zf
582,58,0,1.38792844422219,1.3865378720015198,CLN3,ZEB1,LMC,Zf
1377,11,0,2.41891822606775,1.9682521345690185,HOXD1,E2F6,LMC,E2F
1655,13,1,-1.4939244371639,-1.7024239279595443,LIG1,EGR1,MEF,Zf
1594,60,0,-1.09820656454142,-1.3531683135934487,KLHL13,ZNF263,LMC,Zf
1404,40,0,1.68309567683188,1.507443212841434,HTR2B,MYOG,LMC,bHLH
2504,24,0,1.89206647016594,1.8942232148066405,RHOV,GABPA,LMC,ETS
2982,43,0,-1.48427698650404,-1.2646299979273055,TICRR,PAX5,LMC,"Paired,Homeobox"
1110,10,1,-1.52273265121026,-1.3540371936373203,FRMD4B,E2F4,MEF,E2F
3085,19,0,-2.45217469460679,-2.452174694606793,TPM2,FOS,LMC,bZIP
1374,46,1,-1.56993906660248,-0.22758269839016837,HOXC5,RFX5,MEF,HTH
739,20,1,1.57375665683309,0.5353813855682565,DDN,FOSL2,MEF,bZIP
1704,53,1,1.46619295050566,1.6224763568326948,LRRC4,TEAD4,MEF,TEA
752,23,1,1.79135272907089,1.8407184922696584,DGKG,FOXM1,MEF,Forkhead
2517,32,0,-3.74593415862664,-3.3898183757728964,RNF144A,JUND,LMC,bZIP
1238,7,0,-1.83197015901055,-1.446691537862912,GPR126,CTCF,LMC,Zf
1978,8,0,1.1023682648514,0.828039678737747,NEURL3,CUX1,LMC,Homeobox
2584,56,0,-1.24333936644216,-2.1430603342261545,SCML4,YY1,LMC,Zf
377,36,0,-1.18392674086099,-1.1348721448296393,CBS,MAZ,LMC,Zf
534,7,0,-1.96639667434657,-1.2620674718947575,CGNL1,CTCF,LMC,Zf
1412,41,1,1.11343240556296,0.5696194152169854,IER3,NANOG,MEF,Homeobox
1900,30,0,-2.81354840009658,-2.806005724130703,MXD3,IRF3,LMC,IRF
1978,6,0,1.1023682648514,1.0083149341169113,NEURL3,BHLHE40,LMC,bHLH
2023,55,1,-1.34352226122339,-0.42305656761847726,NPEPL1,USF2,MEF,bHLH
1816,56,1,-1.32991077332201,-1.1076611228807323,MEX3D,YY1,MEF,Zf
389,40,1,2.01656793230096,1.9561641744521938,CCDC153,MYOG,MEF,bHLH
1371,27,1,3.72665701018455,3.710412838598619,HOXC10,GATA3,MEF,Zf
2179,40,0,1.6095621977826,-0.012584139283924994,PDLIM4,MYOG,LMC,bHLH
1015,47,1,-2.36954301173742,-2.1687969199381802,FANCA,SP1,MEF,Zf
1487,34,0,-2.07742596470371,-1.8062996880095903,ITGA1,MAFK,LMC,bZIP
1126,32,1,2.78275650147847,2.403135521398462,FXYD1,JUND,MEF,bZIP
2439,35,1,-1.16961792333877,0.10050570503256165,RALGPS2,MAX,MEF,bHLH
1792,49,1,-5.09340625018667,-5.016261442397051,MCOLN2,STAT1,MEF,Stat
933,27,0,2.03864850544959,1.4771456245108094,EVI2A,GATA3,LMC,Zf
921,33,1,-2.39917654570674,-2.3942835728612843,ESCO2,MAFF,MEF,bZIP
2854,51,0,-1.21770463400204,-1.0407494091141989,SRL,TCF12,LMC,bHLH
3069,1,1,-2.5900113745431,-2.4549088308428675,TNNI2,ATF2,MEF,bZIP
1336,30,1,-1.36502133440852,-0.6693607946262052,HIST1H3G,IRF3,MEF,IRF
501,50,1,-1.54134144871183,-1.4657875689548014,CDT1,STAT3,MEF,Stat
2247,12,0,1.88482576744227,1.5467083325451312,PLEKHA6,EBF1,LMC,EBF
2047,58,1,-3.18610440050238,-2.6504439423250954,NT5DC2,ZEB1,MEF,Zf
2924,30,1,2.47982892076231,1.8304940023522787,SYTL3,IRF3,MEF,IRF
2583,9,0,-2.5472687417079,-2.5472687417078985,SCML2,E2F1,LMC,E2F
1110,35,0,2.70596425023378,-1.6229846828670786,FRMD4B,MAX,LMC,bHLH
2526,36,1,1.94027712823424,1.9704699658148885,RNF43,MAZ,MEF,Zf
2516,33,0,1.27327767420977,1.1815682963271217,RNF128,MAFF,LMC,bZIP
979,34,1,2.38044819496489,2.2363397283353468,FAM179A,MAFK,MEF,bZIP
1695,27,1,-2.32937255466157,-1.8478847578827458,LRR1,GATA3,MEF,Zf
2133,43,1,-2.60793494939055,-1.7774369892235566,PBK,PAX5,MEF,"Paired,Homeobox"
1142,24,0,-2.57237384040221,-1.1037120783260426,GALNT18,GABPA,LMC,ETS
1638,11,1,2.33678462341157,0.7935173845064754,LEF1,E2F6,MEF,E2F
1635,52,1,1.0524637035023,2.193938720910988,LDB3,TCF3,MEF,HMG
2484,12,1,-1.61727756925469,-1.2843494630292267,REPS2,EBF1,MEF,EBF
3164,26,1,1.15859874462322,0.6789928045459867,UBXN11,GATA2,MEF,Zf
3197,53,0,2.62564068851822,2.1358234795422377,VILL,TEAD4,LMC,TEA
3194,47,1,-2.78668694486666,-1.868573901178271,VCAN,SP1,MEF,Zf
259,26,1,-1.08870467428603,-0.8892349759841319,B3GNT8,GATA2,MEF,Zf
3262,10,1,1.04649386544777,0.5230734121545683,ZMYND12,E2F4,MEF,E2F
711,29,1,2.11217937635769,1.6204867522880289,CYBRD1,IRF1,MEF,IRF
2675,26,0,-4.16638466410103,-2.7739006221555305,SIX1,GATA2,LMC,Zf
3109,54,0,-1.19761227844647,-1.1843931219654618,TRIM7,USF1,LMC,bHLH
1991,53,0,-1.19310953918072,-1.420067706792305,NIM1K,TEAD4,LMC,TEA
2233,22,0,-2.88397557845774,-2.4802489416723823,PLAC8,FOXA2,LMC,Forkhead
186,46,1,-7.03807552815842,-6.6507591395939665,ARHGAP30,RFX5,MEF,HTH
464,10,0,-1.03127844924857,-1.1004762957276844,CD97,E2F4,LMC,E2F
2742,25,0,1.46235789888807,1.4703259809555456,SLC39A8,GATA1,LMC,Zf
2617,36,1,-1.57128814337927,-0.9671773836474812,SEPP1,MAZ,MEF,Zf
229,23,1,-2.81717383669163,-2.815788665617956,ASPM,FOXM1,MEF,Forkhead
2417,59,0,1.17019220465761,0.35648381146432273,RAB27B,ZKSCAN1,LMC,Zf
1523,53,1,3.35904019245237,2.6152623633048977,KCNA1,TEAD4,MEF,TEA
2039,21,0,-1.67908212368491,-1.3183341785143572,NRN1,FOXA1,LMC,Forkhead
2124,42,0,1.50966522656311,1.079824675970849,PARK2,NRF1,LMC,NRF
2406,33,1,-2.22909861186948,-1.89149634795797,PYROXD2,MAFF,MEF,bZIP
1642,13,1,-2.26677149350915,-1.0799755197787462,LFNG,EGR1,MEF,Zf
1347,35,0,-2.04350465931052,-1.044655211229982,HMMR,MAX,LMC,bHLH
1990,35,0,-1.75275991863876,-1.6121765921067128,NID1,MAX,LMC,bHLH
3268,32,1,-1.42145752313049,-1.426268678548655,ZYX,JUND,MEF,bZIP
3027,44,0,2.0194569382354,1.9684252314926116,TMEM184A,PBX3,LMC,Homeobox
1087,34,1,1.13617462924265,1.0428313117490102,FNDC3A,MAFK,MEF,bZIP
1062,26,1,-1.28672835254561,-1.2987358087950642,FGGY,GATA2,MEF,Zf
1127,32,0,3.18492151227377,1.8836312562411424,FXYD6,JUND,LMC,bZIP
1570,6,1,-2.64838673861431,-2.5649118229148455,KIF20A,BHLHE40,MEF,bHLH
72,41,1,1.58089716931538,1.4772164304758217,ADCY5,NANOG,MEF,Homeobox
2101,23,1,1.9803470891141,1.2793688670435914,P2RY10,FOXM1,MEF,Forkhead
1152,12,1,-1.12134620854754,-0.9246995288943581,GAS7,EBF1,MEF,EBF
2222,42,0,1.49802568744869,1.6630435111117838,PKHD1L1,NRF1,LMC,NRF
48,54,0,-1.76261355652127,-1.2544332208591709,ADAM19,USF1,LMC,bHLH
227,7,1,1.29701518686603,0.612399587125254,ASIC1,CTCF,MEF,Zf
2089,7,0,-1.6582886050545,-1.642864755744856,OPTC,CTCF,LMC,Zf
1057,49,1,1.78106399854373,1.2495426030909633,FGF9,STAT1,MEF,Stat
1015,4,1,-2.36954301173742,-1.658255266037614,FANCA,BATF,MEF,bZIP
990,7,1,1.0267829866244,1.0465378039452338,FAM204A,CTCF,MEF,Zf
2114,7,1,1.64934591944947,1.2334993102413,PAK6,CTCF,MEF,Zf
810,51,1,1.09929052032418,1.6265540354916264,DPYSL4,TCF12,MEF,bHLH
1802,31,1,1.03338304760859,0.8627824447029249,MEF2A,IRF4,MEF,IRF
2197,35,1,-1.74476393898878,-1.6081989622531419,PGBD5,MAX,MEF,bHLH
2553,59,0,2.49576066050205,1.0685061548777548,RTN4RL2,ZKSCAN1,LMC,Zf
1406,55,1,-1.79022050474713,-1.0514014474798328,HVCN1,USF2,MEF,bHLH
1716,26,0,2.04489519542583,-1.213447799162116,LRTM2,GATA2,LMC,Zf
264,2,1,-1.12777061966967,-1.1809126532606857,B4GALT5,ATF3,MEF,bZIP
1798,17,1,-2.33623835909844,-1.6067923988196322,MDK,ETS1,MEF,ETS
817,57,1,2.49731281468413,0.6359432752700945,DSP,ZBTB33,MEF,Zf
2258,55,1,1.11911637123027,1.0824391142397778,PLIN5,USF2,MEF,bHLH
358,52,1,1.22166358080794,1.2238891571255939,CAMK4,TCF3,MEF,HMG
1189,6,1,1.73638195930374,0.57844253607183,GIMAP6,BHLHE40,MEF,bHLH
2377,3,1,2.08349403611381,-0.6845052589884016,PTHLH,BACH1,MEF,bZIP
1055,44,1,1.83302922552139,1.5932818098443278,FGF5,PBX3,MEF,Homeobox
372,7,0,1.45873223783014,1.2805923736689082,CASZ1,CTCF,LMC,Zf
1319,7,0,2.38080584811139,2.0850500206569156,HCN4,CTCF,LMC,Zf
459,46,0,1.12279260944615,0.9877239550785848,CD82,RFX5,LMC,HTH
2476,32,1,1.73720161916413,-0.19373227696184944,RCAN1,JUND,MEF,bZIP
893,12,1,1.05417125614623,0.048335195294348134,ENDOD1,EBF1,MEF,EBF
2485,56,1,3.63110658670554,0.4021745335614487,RERG,YY1,MEF,Zf
1901,46,1,1.12093207460751,0.8720359852530712,MYBL1,RFX5,MEF,HTH
2763,40,0,-1.37580388005319,-1.2247330117981605,SLC9A5,MYOG,LMC,bHLH
2747,59,0,1.18552058951319,1.2371738666419403,SLC44A1,ZKSCAN1,LMC,Zf
2397,48,1,1.13740473668341,0.8805495450497708,PTTG1,SP2,MEF,Zf
776,24,0,-1.62268773206767,-1.6616125966002968,DNAH1,GABPA,LMC,ETS
373,55,0,1.10520537115312,1.1240654195568598,CAT,USF2,LMC,bHLH
1161,17,1,-1.53502513089702,-0.6215841619051532,GBX1,ETS1,MEF,ETS
3261,57,1,1.07594447809791,0.8108281887048839,ZKSCAN4,ZBTB33,MEF,Zf
796,25,1,-2.45501375468938,-2.161495223020757,DOCK8,GATA1,MEF,Zf
1475,15,1,-2.83898973234667,-2.0662312024905405,IRF5,ELK1,MEF,ETS
3065,42,1,-1.67207013939252,-1.3461649032430874,TNIK,NRF1,MEF,NRF
1004,49,1,1.7937952784065,1.6204497610897841,FAM71E1,STAT1,MEF,Stat
2541,34,1,-1.46648013064874,-1.3546639065817498,RRM1,MAFK,MEF,bZIP
1571,36,1,-2.07809907277535,-1.7746850649645967,KIF20B,MAZ,MEF,Zf
1563,32,0,-1.01650705043429,-1.2086115488041451,KDELR3,JUND,LMC,bZIP
90,26,1,-1.63748519720192,-0.8543768925787467,AGER,GATA2,MEF,Zf
731,35,0,-1.18167630418345,-1.3182853462700572,DCLK1,MAX,LMC,bHLH
3171,43,0,1.98466934184386,1.9742506024485325,UNC13D,PAX5,LMC,"Paired,Homeobox"
1953,58,0,1.92560310843449,1.446555994918527,NCF2,ZEB1,LMC,Zf
3241,47,1,-1.89623374434678,-0.7878859958398741,XKR5,SP1,MEF,Zf
1118,29,1,1.15084131246931,1.068183176537645,FSIP1,IRF1,MEF,IRF
1199,56,0,1.2217073878264,-0.6759978363476575,GLA,YY1,LMC,Zf
1050,50,0,-1.24638153747185,-1.4240034916364752,FGF11,STAT3,LMC,Stat
126,24,0,2.11977913570726,1.918582015018935,AMDHD1,GABPA,LMC,ETS
2811,26,0,-1.33669227241244,-1.326732498580924,SOX13,GATA2,LMC,Zf
2020,26,1,-1.95871154049572,-1.5730600409361033,NPAS2,GATA2,MEF,Zf
516,51,0,-1.77252367309002,-1.7725236730900205,CENPM,TCF12,LMC,bHLH
3146,37,1,-1.18146208962361,-1.3454271529369866,TUBA1C,MEF2A,MEF,MADS
2769,29,0,2.09820679159257,2.0044684812440754,SLFN5,IRF1,LMC,IRF
3161,33,0,1.11374092396893,1.1336970278844678,UBE2L6,MAFF,LMC,bZIP
362,32,1,-2.85800571163319,1.2304156484589455,CAPN11,JUND,MEF,bZIP
2686,52,1,1.0133885125942,0.34154868321818965,SLC12A2,TCF3,MEF,HMG
1917,7,0,-1.15733824073587,-0.6742597656936162,MYO16,CTCF,LMC,Zf
2970,19,0,-1.58578942419484,-1.6356619024447712,TGFB2,FOS,LMC,bZIP
144,25,1,-2.61285486595035,-1.4716499852604576,ANLN,GATA1,MEF,Zf
856,23,1,-2.04131188836448,-1.0372339817088558,EFCAB11,FOXM1,MEF,Forkhead
1400,36,1,3.61114568347972,3.5195822835030905,HSPB2,MAZ,MEF,Zf
1300,6,0,-1.41276036688138,0.4294090287194404,GSTT1,BHLHE40,LMC,bHLH
3262,54,1,1.04649386544777,0.9555323925199929,ZMYND12,USF1,MEF,bHLH
3099,51,1,-1.4419627390171,-1.4729670850910508,TRERF1,TCF12,MEF,bHLH
3267,34,1,-1.18322103636529,-1.133837092002337,ZWILCH,MAFK,MEF,bZIP
884,50,1,-3.19115199917269,-2.495291669217246,EMCN,STAT3,MEF,Stat
1087,50,1,1.13617462924265,0.6725149190908737,FNDC3A,STAT3,MEF,Stat
465,39,0,-2.11602648113733,-2.0821293397805425,CDC20,MYB,LMC,HTH
1760,16,0,1.0684023208603,0.8594090128785734,MAP3K1,ELK4,LMC,ETS
2154,16,0,3.91045867563713,2.9277879675518177,PCNXL2,ELK4,LMC,ETS
3018,12,1,-3.1052722091021,-0.7677256022328688,TMEM156,EBF1,MEF,EBF
1972,16,0,-1.11554916219592,-1.1315623863494948,NEK8,ELK4,LMC,ETS
2183,35,0,1.71622619768645,0.8044048004992328,PDZK1IP1,MAX,LMC,bHLH
2804,3,1,-1.38519694231342,-0.7665418514609094,SOGA3,BACH1,MEF,bZIP
1246,21,0,1.71022493459667,1.7451105216325553,GPR160,FOXA1,LMC,Forkhead
536,11,1,-1.09834196291046,-0.6782808730040806,CH25H,E2F6,MEF,E2F
684,7,1,-1.47398126315698,0.1547301926627154,CTSC,CTCF,MEF,Zf
2388,42,0,2.031079537573,1.7924412019555966,PTPRC,NRF1,LMC,NRF
449,10,0,2.05944778582307,2.0844834844253146,CD48,E2F4,LMC,E2F
1095,51,0,-1.72312225058079,-1.7665722916765636,FOXC1,TCF12,LMC,bHLH
2964,36,0,1.01587424208926,1.0487094817185625,TFEB,MAZ,LMC,Zf
627,40,1,1.8243554918692,1.2063782015810143,COLGALT2,MYOG,MEF,bHLH
2422,60,0,-1.51618596364457,-1.3309188827523706,RAB39B,ZNF263,LMC,Zf
1123,24,0,1.42329473898804,1.287127501477494,FTH1,GABPA,LMC,ETS
3154,11,0,-1.12986212277429,-2.023519802801918,TXNRD3,E2F6,LMC,E2F
2876,53,1,-2.41808164248854,-1.5714616037853895,STARD9,TEAD4,MEF,TEA
383,20,0,1.1674313896049,1.1193564179141002,CCDC114,FOSL2,LMC,bZIP
2579,7,1,1.13765294512814,1.0032670410081372,SCARA3,CTCF,MEF,Zf
1252,36,0,-2.1106543226655,-1.531542912834447,GPR20,MAZ,LMC,Zf
2666,40,1,1.84920120883153,-0.6268655308600671,SHOX2,MYOG,MEF,bHLH
1160,37,0,1.77701450525283,1.4086886373414216,GBP6,MEF2A,LMC,MADS
808,36,1,2.35644225333158,1.9266352740270194,DPYD,MAZ,MEF,Zf
464,26,0,-1.03127844924857,-1.0993256894635628,CD97,GATA2,LMC,Zf
1697,10,0,-1.53337520776607,0.10645056979231797,LRRC16A,E2F4,LMC,E2F
2007,53,1,2.04830921986079,0.7970454801470637,NMNAT2,TEAD4,MEF,TEA
893,29,1,1.05417125614623,-0.012058008733691485,ENDOD1,IRF1,MEF,IRF
2508,12,0,1.95118037125112,1.7292808844571772,RIMS3,EBF1,LMC,EBF
2611,34,1,1.71132928640274,1.3103222674349075,SEMA3G,MAFK,MEF,bZIP
3088,34,0,-1.33850392831304,-1.2607267715045085,TPX2,MAFK,LMC,bZIP
1802,41,1,1.03338304760859,0.9835174199232276,MEF2A,NANOG,MEF,Homeobox
2804,35,1,-1.38519694231342,1.0913633242537368,SOGA3,MAX,MEF,bHLH
818,35,1,-2.16450188489231,-0.8666384745172973,DTL,MAX,MEF,bHLH
2636,50,0,-1.39174609130552,-0.07243523915876061,SGCD,STAT3,LMC,Stat
1326,29,1,1.7722064028103,1.749773909589564,HERC3,IRF1,MEF,IRF
3236,49,0,1.14579429923485,1.1854316818369666,WWP1,STAT1,LMC,Stat
2613,59,1,2.03597997477726,1.3299973291002525,SEMA4F,ZKSCAN1,MEF,Zf
2936,20,1,-1.51053462887225,0.6407678068485987,TBC1D2B,FOSL2,MEF,bZIP
2971,6,1,-1.61320180910587,-0.9814396389433558,TGFBR3,BHLHE40,MEF,bHLH
1733,3,1,1.10498032103892,1.5713300935932744,LYRM1,BACH1,MEF,bZIP
537,49,1,-1.01184978798121,-0.8490173377754653,CHAF1A,STAT1,MEF,Stat
2641,34,1,-1.51561055023363,-1.351647656426305,SGOL2,MAFK,MEF,bZIP
181,30,1,-2.885756251564,-2.9225322884767677,ARHGAP19,IRF3,MEF,IRF
295,57,0,-1.62021046144252,-1.3253695976633098,BIRC5,ZBTB33,LMC,Zf
2692,4,1,-5.35420024219679,-3.7881588537925226,SLC15A3,BATF,MEF,bZIP
1763,54,1,-1.12485764033093,-0.23800522453376224,MAP4K1,USF1,MEF,bHLH
435,11,0,1.18467914973734,1.6436874600212041,CD200,E2F6,LMC,E2F
427,27,1,1.17430399831869,1.1779586613135549,CCPG1,GATA3,MEF,Zf
450,23,1,-6.20798443020464,-6.207984430204644,CD52,FOXM1,MEF,Forkhead
923,18,1,-3.28974579740746,-1.2655379628345635,ESPL1,FLI1,MEF,ETS
2090,46,1,1.48097195977724,1.5767007742826606,OSBPL3,RFX5,MEF,HTH
1007,34,0,1.92392739624196,1.362451471166884,FAM78A,MAFK,LMC,bZIP
1215,36,0,-1.04714678478155,-0.968964902850433,GNG10,MAZ,LMC,Zf
1692,47,1,-1.07379520947069,-0.3281223042307292,LRIG1,SP1,MEF,Zf
2394,11,1,1.40802361804601,1.0747659516719175,PTPRU,E2F6,MEF,E2F
2474,21,1,3.72589105115737,1.7871396675626696,RBP4,FOXA1,MEF,Forkhead
229,21,1,-2.81717383669163,-2.815788665617956,ASPM,FOXA1,MEF,Forkhead
424,55,1,-1.71340513445512,-1.6302874920172081,CCNF,USF2,MEF,bHLH
2247,2,1,2.25428780923603,0.7006804767520947,PLEKHA6,ATF3,MEF,bZIP
310,27,1,-4.55177016480624,-3.465587946561622,BRINP3,GATA3,MEF,Zf
2014,47,1,1.46367070692664,1.5671991500523408,NOS1AP,SP1,MEF,Zf
91,12,0,-1.06859955874471,-0.49704066531105867,AGPAT9,EBF1,LMC,EBF
1472,6,1,-1.52991375774982,-0.49047565210229477,IQGAP2,BHLHE40,MEF,bHLH
122,51,1,-1.29951416309328,-0.5705447332353651,ALX1,TCF12,MEF,bHLH
2176,12,0,-1.16710948810265,-1.4014423335138506,PDGFRL,EBF1,LMC,EBF
2259,6,1,-3.09747279205238,-1.6876075206567278,PLK1,BHLHE40,MEF,bHLH
254,13,0,3.56926736392585,1.5881845149352622,AXIN2,EGR1,LMC,Zf
1530,8,1,-1.78300388098409,-1.9322795477835326,KCNAB2,CUX1,MEF,Homeobox
2716,0,1,-1.50394993507876,-0.5419028956154932,SLC25A45,ATF1,MEF,bZIP
3052,7,0,-2.13258332756109,-1.5702594037747466,TNC,CTCF,LMC,Zf
114,23,1,5.59270654371156,4.833237046337655,ALDH3A1,FOXM1,MEF,Forkhead
1192,32,1,1.31110381344773,0.9439507910626089,GIPC2,JUND,MEF,bZIP
693,36,0,-1.02311552800996,-0.8193491333265094,CUL7,MAZ,LMC,Zf
3099,44,1,-1.4419627390171,-1.3496561952119128,TRERF1,PBX3,MEF,Homeobox
2957,47,0,2.25325284092505,1.29647680033068,TESC,SP1,LMC,Zf
1089,39,0,1.39840867832107,1.3344079071240316,FNIP2,MYB,LMC,HTH
1820,5,0,1.56261648232915,0.8134019614979906,MFSD12,BCL11A,LMC,Zf
222,8,0,-2.43318349577608,-1.5478522016392633,ASB2,CUX1,LMC,Homeobox
2431,42,1,-1.67508726212781,-1.3915305509753235,RAD51,NRF1,MEF,NRF
2415,56,1,2.81829064789133,1.357693920300884,RAB26,YY1,MEF,Zf
1706,11,1,1.25254450235524,1.463200307696156,LRRC75B,E2F6,MEF,E2F
114,20,1,5.59270654371156,5.0214912598709285,ALDH3A1,FOSL2,MEF,bZIP
719,23,0,1.91902687404355,1.6387752817451124,CYSLTR1,FOXM1,LMC,Forkhead
3265,11,1,-1.29404265522408,-1.1220105397654525,ZRANB3,E2F6,MEF,E2F
1623,12,0,2.13522783979971,2.0568333501290246,LAPTM5,EBF1,LMC,EBF
364,58,1,1.14635570776145,-0.9392240710946008,CAPS2,ZEB1,MEF,Zf
1738,1,1,1.18278975969267,-0.5023985527316894,LZTFL1,ATF2,MEF,bZIP
1510,16,0,1.1837133383834,1.0309478121988074,JADE2,ELK4,LMC,ETS
2929,32,1,-1.40887334898261,-1.424748060585675,TACC3,JUND,MEF,bZIP
1610,8,0,2.32436310217349,2.323906636801716,KRT8,CUX1,LMC,Homeobox
2515,50,1,1.12637943260805,0.9025318823775685,RND1,STAT3,MEF,Stat
511,11,0,-2.02810264729647,-1.9654966894801549,CENPE,E2F6,LMC,E2F
1840,49,0,2.18019875250841,2.0509699154987064,MMD,STAT1,LMC,Stat
262,14,1,-1.06022912878962,-0.9869915280412385,B4GALT1,ELF1,MEF,ETS
3112,36,0,-1.02635930451426,-1.0778731637899042,TRNP1,MAZ,LMC,Zf
553,3,0,-1.16793164129301,-1.5031551517674075,CHST2,BACH1,LMC,bZIP
207,15,0,1.48293126728295,1.4599968061506343,ARL4D,ELK1,LMC,ETS
644,14,0,-3.92771368755946,-3.090594776807642,CRABP1,ELF1,LMC,ETS
2903,36,0,2.13580113389752,2.128312472052679,SV2A,MAZ,LMC,Zf
2448,50,0,2.22147827010398,0.9860719659549294,RAPGEF5,STAT3,LMC,Stat
1290,55,1,1.06880276531926,0.5841267607437406,GRTP1,USF2,MEF,bHLH
739,37,1,1.57375665683309,1.2218042479739646,DDN,MEF2A,MEF,MADS
879,36,1,-2.58541829649739,1.0041824323869109,ELMO1,MAZ,MEF,Zf
707,32,1,1.78666132040675,1.6539064242111707,CYB561,JUND,MEF,bZIP
662,24,1,3.51310919146917,2.2328888249633803,CRYM,GABPA,MEF,ETS
403,29,1,1.62541196358019,1.411152934696784,CCDC80,IRF1,MEF,IRF
2704,53,0,-1.40649818857836,-1.4010177556942673,SLC17A9,TEAD4,LMC,TEA
2709,4,0,1.6009575554387,0.8405520476157414,SLC22A18,BATF,LMC,bZIP
2744,40,1,-2.43134537231159,-2.269569010185484,SLC43A1,MYOG,MEF,bHLH
1819,6,1,-2.40695501424756,0.6900913413216573,MFNG,BHLHE40,MEF,bHLH
3046,19,0,2.28932160921148,1.968369011146648,TMEM59L,FOS,LMC,bZIP
436,23,0,2.17372921487108,2.0304433787701983,CD200R1,FOXM1,LMC,Forkhead
1062,51,1,-1.28672835254561,-1.2468220635211553,FGGY,TCF12,MEF,bHLH
2975,50,0,-1.10337016351696,-1.1174539765065334,THBS1,STAT3,LMC,Stat
1454,50,0,2.20081236659231,1.1500462126928581,IL21R,STAT3,LMC,Stat
1342,15,0,-1.34950448426659,-1.3502049207968432,HMGA2,ELK1,LMC,ETS
1542,13,0,2.07201257474795,1.9285696098849225,KCNIP2,EGR1,LMC,Zf
441,12,1,-4.20187463759613,-4.4224173770084825,CD300A,EBF1,MEF,EBF
3006,54,0,-1.06419111424311,-0.7870034392236184,TMEFF2,USF1,LMC,bHLH
2626,11,1,3.1389116323707,2.829163200623172,SERPINE2,E2F6,MEF,E2F
1221,4,1,1.73376805098353,0.9170885162969239,GORAB,BATF,MEF,bZIP
1362,9,1,-1.78350008122568,-1.8371468623543186,HOXA7,E2F1,MEF,E2F
3074,32,1,1.9111052509538,1.2161840362233116,TNS4,JUND,MEF,bZIP
2319,46,0,1.40689826891163,1.2122503128358133,PPP1R9A,RFX5,LMC,HTH
98,7,0,2.64385791876871,2.1177404032053153,AIF1,CTCF,LMC,Zf
2231,3,0,-1.25589685126262,-0.6748561930418165,PLA2R1,BACH1,LMC,bZIP
510,46,0,-1.36741542509461,-1.4005001561332246,CENPA,RFX5,LMC,HTH
3043,20,1,-2.86541431803902,-1.6275233938982303,TMEM51,FOSL2,MEF,bZIP
585,10,0,1.67296122995437,1.679759646635744,CLU,E2F4,LMC,E2F
3104,33,1,-1.18940042398823,-1.0368938883210597,TRIM25,MAFF,MEF,bZIP
2151,55,0,1.17194993474523,0.915070592732649,PCED1B,USF2,LMC,bHLH
872,21,1,-2.19954164792105,-2.0862580194868565,EGR2,FOXA1,MEF,Forkhead
2810,47,1,-2.68150712163575,-1.7309857568805773,SOX12,SP1,MEF,Zf
518,19,1,-1.46993038048477,-1.4699303804847694,CENPP,FOS,MEF,bZIP
513,49,0,-1.3525440584189,-1.4428070157587423,CENPH,STAT1,LMC,Stat
1082,21,1,1.04683222067852,1.0714469805854756,FMNL2,FOXA1,MEF,Forkhead
2741,57,0,1.76513142544521,1.62507825980624,SLC39A4,ZBTB33,LMC,Zf
2527,10,1,1.10585700632323,2.185144533781021,ROBO1,E2F4,MEF,E2F
1625,15,1,2.40355499341245,1.7922935388631311,LARS2,ELK1,MEF,ETS
398,20,1,1.03875647777086,0.7237858325440004,CCDC63,FOSL2,MEF,bZIP
1016,59,1,-1.82219618288015,-1.7097969916759235,FANCD2,ZKSCAN1,MEF,Zf
3163,46,0,2.11154611974576,2.069096376356647,UBXN10,RFX5,LMC,HTH
1446,33,1,-1.95395552299252,0.8807603670662885,IL18RAP,MAFF,MEF,bZIP
1497,43,0,2.00198261548205,1.8768868128186247,ITGB2,PAX5,LMC,"Paired,Homeobox"
1404,56,0,1.68309567683188,0.3866764996261163,HTR2B,YY1,LMC,Zf
829,24,0,-1.17747353187961,-1.1774735318796115,DUT,GABPA,LMC,ETS
1665,55,1,-1.09066040559918,-1.0114470255980859,LIPA,USF2,MEF,bHLH
1978,58,1,-1.51596673113993,-0.9181216450510544,NEURL3,ZEB1,MEF,Zf
1048,12,0,3.29706979403309,3.068135440330429,FGF1,EBF1,LMC,EBF
2970,34,1,1.23882960320647,0.15376042402651754,TGFB2,MAFK,MEF,bZIP
2231,50,0,-1.25589685126262,-1.0067849457628952,PLA2R1,STAT3,LMC,Stat
3064,45,1,3.49582714028846,2.8281835006920426,TNFSF15,PRDM1,MEF,Zf
307,35,1,-1.18056924901314,-1.4470205415313355,BOK,MAX,MEF,bHLH
2853,12,1,-3.39538592314641,-1.6855414858594495,SRGN,EBF1,MEF,EBF
1184,43,1,-1.16926247196897,-0.17045517449189396,GGN,PAX5,MEF,"Paired,Homeobox"
2386,24,1,-5.85839993985972,-5.618140433228686,PTPN6,GABPA,MEF,ETS
1401,51,0,-1.60518595987966,-1.4108218283753013,HSPB6,TCF12,LMC,bHLH
2739,32,0,1.07554724816405,1.0755472481640498,SLC39A10,JUND,LMC,bZIP
1794,3,0,1.96495392722866,1.9290943786453445,MCTP1,BACH1,LMC,bZIP
2776,24,1,-4.60380268008925,-4.014595048251271,SMAGP,GABPA,MEF,ETS
2629,60,1,-1.19226226684979,0.6487707313593886,SERTAD4,ZNF263,MEF,Zf
641,23,1,1.28498306362542,1.1188519018192846,CPOX,FOXM1,MEF,Forkhead
2090,25,1,1.48097195977724,0.413312804669022,OSBPL3,GATA1,MEF,Zf
3257,46,0,1.0511478044441,0.9660603016530597,ZFPM1,RFX5,LMC,HTH
2163,50,1,-2.12723887335519,-1.9622048896238002,PDE11A,STAT3,MEF,Stat
2650,14,0,-1.41611481325977,-0.9126795613776182,SH3GL3,ELF1,LMC,ETS
2943,15,0,-2.66377021180121,-2.39423381089777,TBXA2R,ELK1,LMC,ETS
786,49,1,3.11057783728204,2.9961912836614055,DNAJC6,STAT1,MEF,Stat
1142,29,0,-2.57237384040221,-2.2707999864552715,GALNT18,IRF1,LMC,IRF
2739,49,0,1.07554724816405,1.0891386829293865,SLC39A10,STAT1,LMC,Stat
775,14,1,-1.72004709805827,-0.49379351710772185,DMRTA2,ELF1,MEF,ETS
608,21,0,-2.4757870408384,-2.503205382547252,COL12A1,FOXA1,LMC,Forkhead
80,20,0,-1.85487740745499,-1.5346029977448525,ADORA2B,FOSL2,LMC,bZIP
988,50,1,1.57124127789086,1.5787105106509713,FAM19A3,STAT3,MEF,Stat
1824,1,1,3.1939303168836,1.0536274692893728,MGP,ATF2,MEF,bZIP
368,19,1,1.37737825561998,-0.34626515032664373,CASKIN1,FOS,MEF,bZIP
935,52,1,-1.93427783380951,-1.8790008970333165,EVL,TCF3,MEF,HMG
3021,13,1,-1.61947231408605,-0.4014830061798893,TMEM171,EGR1,MEF,Zf
2579,15,1,1.13765294512814,-0.8006727012220374,SCARA3,ELK1,MEF,ETS
2280,13,0,-1.56490852505316,-1.3588670598472716,PNCK,EGR1,LMC,Zf
713,11,1,1.19144626408088,1.1611200813070532,CYLD,E2F6,MEF,E2F
1951,3,0,1.45744396290933,1.3642636538825925,NCEH1,BACH1,LMC,bZIP
1424,47,0,1.82002858047698,1.5883968936282111,IGFBP6,SP1,LMC,Zf
1475,32,0,2.468504438056,1.6617371599145483,IRF5,JUND,LMC,bZIP
1075,23,1,-1.51378545844316,-1.3551280203485405,FLI1,FOXM1,MEF,Forkhead
2193,50,1,-1.05049937086952,-0.8331643253763729,PFKL,STAT3,MEF,Stat
695,35,1,1.09241109000734,0.3668172424056857,CWF19L2,MAX,MEF,bHLH
1888,60,1,1.65438930194512,0.5427313299553088,MSX2,ZNF263,MEF,Zf
1720,53,0,-2.12555056976554,-1.7596949412965261,LTBP1,TEAD4,LMC,TEA
1465,19,0,1.4524995937308,0.8734759149942161,INPP4B,FOS,LMC,bZIP
1044,34,0,2.03531170334419,2.0714460055142694,FERMT3,MAFK,LMC,bZIP
1819,14,1,-2.40695501424756,-1.4720343950357906,MFNG,ELF1,MEF,ETS
2014,36,0,1.03414208924194,0.8396344971941525,NOS1AP,MAZ,LMC,Zf
56,50,1,-1.60965307455151,-1.8187828744124515,ADAMTS12,STAT3,MEF,Stat
914,50,1,-3.88489412042666,-3.023750301925591,EPSTI1,STAT3,MEF,Stat
2524,32,1,2.85091477264428,3.5557372557939293,RNF208,JUND,MEF,bZIP
2329,19,0,-1.50059784850385,-1.4512648762317621,PRELID2,FOS,LMC,bZIP
1569,23,0,-1.70112877149519,-1.7011287714951908,KIF18B,FOXM1,LMC,Forkhead
3226,27,1,2.01913268486271,2.3140350537020145,WNT10B,GATA3,MEF,Zf
2210,23,0,2.04393942709791,1.6834435500377116,PIK3AP1,FOXM1,LMC,Forkhead
1945,50,1,2.03588974200988,1.2317606390455111,NCAM2,STAT3,MEF,Stat
1633,59,0,2.95929294357475,2.2942259379822936,LCTL,ZKSCAN1,LMC,Zf
3250,11,0,-2.44277508235194,-2.532385926727892,ZC3HAV1L,E2F6,LMC,E2F
2200,17,1,2.21095060452677,-0.4516341042805223,PGPEP1L,ETS1,MEF,ETS
414,47,1,-3.70901129351102,-3.386940825974183,CCL3,SP1,MEF,Zf
1744,44,0,1.61605159328595,1.6160515932859498,MAFB,PBX3,LMC,Homeobox
593,7,1,2.74099485741018,2.552122411091391,CNKSR1,CTCF,MEF,Zf
1243,19,0,-1.11359055206435,-0.7026258320102822,GPR153,FOS,LMC,bZIP
520,27,0,-1.07484665845757,-1.0878111518601727,CENPT,GATA3,LMC,Zf
927,21,1,1.40396646353209,0.5688996504559196,ESYT3,FOXA1,MEF,Forkhead
2693,35,0,1.05954413123607,1.0595441312360712,SLC16A1,MAX,LMC,bHLH
818,20,1,-2.16450188489231,-0.8627211327062918,DTL,FOSL2,MEF,bZIP
102,34,1,1.26640972757189,1.0824065710879303,AK9,MAFK,MEF,bZIP
1161,36,1,-1.53502513089702,0.5934466028888754,GBX1,MAZ,MEF,Zf
38,13,0,-2.4281115859131,-2.14134884915035,ACTA2,EGR1,LMC,Zf
264,43,0,1.45937393436724,1.3027423728696308,B4GALT5,PAX5,LMC,"Paired,Homeobox"
1475,13,1,-2.83898973234667,-1.386730615251599,IRF5,EGR1,MEF,Zf
2488,17,1,-1.85060323120743,-1.5601118170881858,RGCC,ETS1,MEF,ETS
1748,17,1,1.62485638729586,1.598726282057668,MALL,ETS1,MEF,ETS
58,46,1,-1.67805893584247,-1.6070651944910537,ADAMTS16,RFX5,MEF,HTH
316,36,1,1.64164033995591,-0.6868783561208288,BTC,MAZ,MEF,Zf
464,31,0,-1.03127844924857,-1.0993256894635628,CD97,IRF4,LMC,IRF
3007,54,1,-2.84859680440921,-1.238539708864653,TMEM106A,USF1,MEF,bHLH
1859,11,1,-1.03444671893022,-0.9007853909925961,MNS1,E2F6,MEF,E2F
1059,21,1,-1.30648104502404,-1.1564713599761411,FGFR1,FOXA1,MEF,Forkhead
1759,36,0,-1.20195710611927,-1.18338038790139,MAP2K6,MAZ,LMC,Zf
314,7,1,1.108975807459,0.17807571712483622,BTBD11,CTCF,MEF,Zf
1942,36,1,-1.55591983472533,-1.5527519413486701,NAV1,MAZ,MEF,Zf
2677,26,0,-1.27927448448625,-1.1520785574248047,SKA3,GATA2,LMC,Zf
3221,53,1,1.62522362139339,1.4279213631183345,WIPF3,TEAD4,MEF,TEA
3262,34,1,1.04649386544777,0.8873235446955122,ZMYND12,MAFK,MEF,bZIP
129,42,0,-2.14408545086886,-0.5374485293228893,AMPH,NRF1,LMC,NRF
2911,17,1,-2.18064992479713,-1.4537827502767808,SYNE2,ETS1,MEF,ETS
1840,10,0,2.18019875250841,1.9209158568513487,MMD,E2F4,LMC,E2F
35,12,0,-1.09413388951588,-1.057158277221674,ACSS2,EBF1,LMC,EBF
770,34,0,2.04571185568345,1.2691802771240388,DMC1,MAFK,LMC,bZIP
1480,10,0,-1.28566004073979,-0.7981509736013401,IRX1,E2F4,LMC,E2F
3234,1,0,-1.85572366613924,-0.29647248714032254,WSCD2,ATF2,LMC,bZIP
1476,8,1,1.61848963132255,-0.6239977487039116,IRF6,CUX1,MEF,Homeobox
1706,47,1,1.25254450235524,1.5346649899591762,LRRC75B,SP1,MEF,Zf
2217,14,1,-1.0918547115101,-0.6393741465412637,PIP4K2A,ELF1,MEF,ETS
2982,43,1,-2.33478354896537,-2.081462081402295,TICRR,PAX5,MEF,"Paired,Homeobox"
3202,24,1,1.51079967442043,-2.088757356531256,VNN1,GABPA,MEF,ETS
3085,53,1,-1.46134327408536,-0.2354363551303887,TPM2,TEAD4,MEF,TEA
2782,34,0,1.45528337410704,1.1404568460659048,SMPD3,MAFK,LMC,bZIP
3153,51,1,-1.20854866679605,0.8667491395034481,TWIST2,TCF12,MEF,bHLH
1687,29,1,-2.98246862813639,-1.5783765476048932,LPXN,IRF1,MEF,IRF
1571,23,1,-2.07809907277535,-2.1079638065846193,KIF20B,FOXM1,MEF,Forkhead
3140,56,1,1.19302058797499,1.083933019165952,TTLL9,YY1,MEF,Zf
2704,20,0,-1.40649818857836,-1.4010177556942673,SLC17A9,FOSL2,LMC,bZIP
3194,21,1,-2.78668694486666,-3.323273345061395,VCAN,FOXA1,MEF,Forkhead
854,50,0,1.36893250160883,1.4235811394242301,EEPD1,STAT3,LMC,Stat
2021,43,1,-1.09798854940686,-0.937824238369425,NPAS4,PAX5,MEF,"Paired,Homeobox"
599,51,0,1.79219841084141,0.8031642550070056,CNR2,TCF12,LMC,bHLH
2289,46,1,-1.15837612128203,-1.251406128467486,POLD1,RFX5,MEF,HTH
1648,4,0,1.39432488372804,1.4585125598224846,LGMN,BATF,LMC,bZIP
1579,50,0,1.28112113456646,1.2243779161938975,KIF3A,STAT3,LMC,Stat
542,34,0,1.63219210782671,1.458178862190531,CHD7,MAFK,LMC,bZIP
1909,23,1,-1.00556299743777,-0.7379408327242699,MYH9,FOXM1,MEF,Forkhead
499,11,0,-1.08134160329322,-1.1088155118151344,CDR2L,E2F6,LMC,E2F
477,45,1,-1.43968116149163,-1.4422940770985213,CDCA7L,PRDM1,MEF,Zf
2592,1,1,-1.49631929595084,-1.4973865179946444,SCRT1,ATF2,MEF,bZIP
176,32,0,1.68932454444694,1.4974059309967493,ARAP3,JUND,LMC,bZIP
1584,19,1,-1.28005579183346,0.550006237214976,KIRREL,FOS,MEF,bZIP
585,51,1,1.8285992255709,1.0008160509409767,CLU,TCF12,MEF,bHLH
927,54,0,2.855110586397,2.7283490481338855,ESYT3,USF1,LMC,bHLH
3261,47,1,1.07594447809791,0.981132149607018,ZKSCAN4,SP1,MEF,Zf
2633,54,0,-1.57606414374933,-0.23089410500804175,SFRP1,USF1,LMC,bHLH
895,2,1,-1.81536653733997,-0.46984834236279,ENO3,ATF3,MEF,bZIP
2540,36,1,2.25659279898351,0.7702773691349357,RRAGB,MAZ,MEF,Zf
259,52,1,-1.08870467428603,-0.5210891035187671,B3GNT8,TCF3,MEF,HMG
1347,4,1,-2.24742323046206,-1.3377730132805474,HMMR,BATF,MEF,bZIP
2125,58,0,1.67444194494018,1.3341594151457,PARP14,ZEB1,LMC,Zf
736,41,1,1.21253077226439,0.16067950559819152,DCXR,NANOG,MEF,Homeobox
2661,23,0,-1.22957922565248,-1.2191959874966205,SHF,FOXM1,LMC,Forkhead
2261,54,0,1.93724746564919,0.3958394870564454,PLK5,USF1,LMC,bHLH
2694,7,0,1.20649329449766,1.2348088865054916,SLC16A10,CTCF,LMC,Zf
1713,34,0,-2.02193232054986,-1.4155178645142323,LRRTM2,MAFK,LMC,bZIP
109,7,1,4.06136839444615,2.9177085930812927,ALDH1A1,CTCF,MEF,Zf
2073,8,0,-1.22751387229782,-0.9434203867436917,OBSL1,CUX1,LMC,Homeobox
2853,24,1,-3.39538592314641,-1.4914832140773209,SRGN,GABPA,MEF,ETS
579,2,1,3.342796992011,1.0204388657757724,CLIP4,ATF3,MEF,bZIP
3190,8,1,-7.1439541428595,-2.5659398619700995,VAV1,CUX1,MEF,Homeobox
865,3,1,-1.68230309894262,-0.46984667552951137,EFS,BACH1,MEF,bZIP
2285,33,1,-2.14068200203897,-2.003579643919954,PODNL1,MAFF,MEF,bZIP
728,36,0,-1.08951110478474,-1.0805382584976748,DCBLD1,MAZ,LMC,Zf
1119,15,0,-1.56991576152383,-1.567439888611669,FST,ELK1,LMC,ETS
2554,59,1,1.43017376185233,-1.5925233194687813,RTP4,ZKSCAN1,MEF,Zf
235,15,0,-1.029209618599,-0.7470967237867935,ATG16L2,ELK1,LMC,ETS
2893,42,0,1.51284286980571,0.35831280737193105,STRA6,NRF1,LMC,NRF
1063,17,1,-1.26716204303906,-1.2840694400302544,FGL1,ETS1,MEF,ETS
2790,55,1,-1.59761294289245,0.6880901390697298,SNCAIP,USF2,MEF,bHLH
1033,17,1,1.37290435493264,1.2205944560605144,FBXO27,ETS1,MEF,ETS
2608,9,1,2.11602326557381,0.9404169643876454,SEMA3C,E2F1,MEF,E2F
8,34,0,-1.13492430155845,-0.6339160032498965,ABCA5,MAFK,LMC,bZIP
2026,47,0,-1.81031662538622,-0.3679213513657205,NPR3,SP1,LMC,Zf
2586,42,1,1.44990055505487,0.8675843873197543,SCN1B,NRF1,MEF,NRF
23,7,0,-1.05465921556064,-0.5975885007207321,ACAT2,CTCF,LMC,Zf
2935,42,0,-1.1207796034852,-0.6720460470823653,TARSL2,NRF1,LMC,NRF
276,43,0,-2.52309707321754,-2.5224488806887644,BCAT1,PAX5,LMC,"Paired,Homeobox"
934,50,1,-4.11974488759282,-2.7946732367363034,EVI2B,STAT3,MEF,Stat
2493,32,1,1.80859453586116,1.3158924569216877,RGS17,JUND,MEF,bZIP
2559,12,1,-1.04119461695992,0.0817041333052456,S100A10,EBF1,MEF,EBF
163,36,0,1.78850919736713,1.7829874998745936,APLP1,MAZ,LMC,Zf
2039,49,1,2.21571660499316,1.6192107043832098,NRN1,STAT1,MEF,Stat
1036,28,1,1.17343244042036,0.6816843173432784,FBXO44,HNF4A,MEF,NR
1039,6,1,1.10821046471605,0.8716944183899726,FBXO7,BHLHE40,MEF,bHLH
386,43,1,1.02387076158334,1.0406661530423655,CCDC122,PAX5,MEF,"Paired,Homeobox"
1787,43,1,-2.53275926001282,-2.3330871803402515,MCM10,PAX5,MEF,"Paired,Homeobox"
2448,32,1,-3.64035257303217,-1.450949279739816,RAPGEF5,JUND,MEF,bZIP
2417,55,1,2.63891593628851,0.9828398941186939,RAB27B,USF2,MEF,bHLH
3089,7,1,2.1003934351862,-1.4185255608586798,TRABD2B,CTCF,MEF,Zf
367,2,1,-2.58951555677959,-2.630170854857996,CASC5,ATF3,MEF,bZIP
1146,24,1,-1.58579129430816,-1.517518671567343,GAMT,GABPA,MEF,ETS
1618,52,1,2.02536886419006,1.4110012544187343,LAMA5,TCF3,MEF,HMG
85,57,0,1.31865403432304,0.444680340914492,ADSSL1,ZBTB33,LMC,Zf
1092,29,1,-3.89018491734933,1.154019039038583,FOLR2,IRF1,MEF,IRF
2439,6,1,-1.16961792333877,-0.6705615292152115,RALGPS2,BHLHE40,MEF,bHLH
638,10,0,-1.23649506385739,-0.9417305555553459,CPED1,E2F4,LMC,E2F
1347,17,1,-2.24742323046206,-2.095146264629789,HMMR,ETS1,MEF,ETS
2485,41,1,3.63110658670554,1.0008539525337694,RERG,NANOG,MEF,Homeobox
2725,46,0,1.14130727579286,1.1736125543350235,SLC2A13,RFX5,LMC,HTH
1640,12,1,1.31257625250338,-1.1348314362851175,LEPREL1,EBF1,MEF,EBF
1570,36,0,-2.10900677528057,-1.9994814191962038,KIF20A,MAZ,LMC,Zf
2732,46,1,1.30662937679401,1.2726110470078267,SLC33A1,RFX5,MEF,HTH
2855,32,0,1.65068826126011,0.4232977031705422,SRPK3,JUND,LMC,bZIP
1739,35,0,2.47131227666043,2.13695856653906,M1AP,MAX,LMC,bHLH
427,14,1,1.17430399831869,1.1779586613135549,CCPG1,ELF1,MEF,ETS
261,27,1,4.30976032654458,3.4459167062290987,B4GALNT3,GATA3,MEF,Zf
1789,35,1,-2.01469923560463,-1.6717292728728568,MCM3,MAX,MEF,bHLH
419,58,1,-1.01212708968367,-1.0121270896836712,CCM2,ZEB1,MEF,Zf
2603,55,1,1.0266249678335,0.8094661339959112,SEC61G,USF2,MEF,bHLH
2990,28,0,-1.64263124238285,-1.5133754511438284,TK1,HNF4A,LMC,NR
875,36,1,-1.34853539641118,-0.9113819778843758,EHHADH,MAZ,MEF,Zf
1697,52,0,-1.53337520776607,-1.4584261717612563,LRRC16A,TCF3,LMC,HMG
1301,34,1,1.23717395286435,0.1893720740431697,GSTT2,MAFK,MEF,bZIP
1666,60,1,2.50962701191253,0.36422526195919586,LIPG,ZNF263,MEF,Zf
2797,56,1,1.20718208298321,0.8236645608900443,SNX16,YY1,MEF,Zf
2285,55,1,-2.14068200203897,-1.8516333579911028,PODNL1,USF2,MEF,bHLH
1662,47,1,4.04496698430501,0.005714468899315639,LIN7A,SP1,MEF,Zf
2379,11,1,-1.1953413161225,-1.4124603523645172,PTMS,E2F6,MEF,E2F
1239,27,0,3.71698762694664,3.3840501597892048,GPR133,GATA3,LMC,Zf
1166,57,0,1.04053157521072,0.8859989223710494,GCLM,ZBTB33,LMC,Zf
291,2,1,1.86802523379668,1.1847058806600095,BHLHA15,ATF3,MEF,bZIP
3239,8,1,9.86262990937473,3.8702250537639156,XIST,CUX1,MEF,Homeobox
94,58,0,1.1446893045572,1.0471493448248452,AHCYL2,ZEB1,LMC,Zf
1791,52,1,-1.8528816001039,-1.9778446083030214,MCM6,TCF3,MEF,HMG
1394,10,1,-1.71552724765761,1.5264625244703098,HSD11B1,E2F4,MEF,E2F
2196,10,1,-1.48538119052124,-1.5449193606742293,PGAP3,E2F4,MEF,E2F
920,10,1,2.17371514092379,1.1424662352913808,ESAM,E2F4,MEF,E2F
2815,29,0,1.37221217618403,1.225219716671548,SP100,IRF1,LMC,IRF
1093,14,0,1.14177708816059,1.0538019415386888,FOS,ELF1,LMC,ETS
1252,6,0,-2.1106543226655,-0.01841401366942311,GPR20,BHLHE40,LMC,bHLH
471,3,1,-1.23221280378284,-1.2294037057906992,CDC6,BACH1,MEF,bZIP
9,34,1,-1.54158391871395,-0.6702636654556704,ABCA9,MAFK,MEF,bZIP
586,55,0,-1.51585649307847,-1.642743541945203,CLYBL,USF2,LMC,bHLH
1859,32,0,-1.22977631970534,-0.848259423765547,MNS1,JUND,LMC,bZIP
1671,56,1,-4.97271807661149,-3.685313348581947,LMO2,YY1,MEF,Zf
1346,52,0,1.85192391244381,1.1165879336245916,HMHA1,TCF3,LMC,HMG
1625,19,1,2.40355499341245,1.5560993591122498,LARS2,FOS,MEF,bZIP
1642,32,0,1.33464910250215,1.2878832195288816,LFNG,JUND,LMC,bZIP
1878,21,0,-2.03465837985356,1.8012868812673242,MS4A2,FOXA1,LMC,Forkhead
114,35,1,5.59270654371156,4.726382636325968,ALDH3A1,MAX,MEF,bHLH
1220,47,1,-1.25213097152053,-1.1003063301677098,GOLM1,SP1,MEF,Zf
482,5,1,2.02751559025939,1.8998835090696307,CDH17,BCL11A,MEF,Zf
2220,10,1,8.27504423830746,6.592812135221705,PITX1,E2F4,MEF,E2F
2195,49,1,-1.52699493814119,-1.1560436904735327,PGAP1,STAT1,MEF,Stat
3120,35,1,1.50128904492038,-0.21674097533804423,TRPV6,MAX,MEF,bHLH
497,60,1,1.92468134169098,0.09645755876462431,CDO1,ZNF263,MEF,Zf
1879,38,1,-8.84349682711062,-7.971620748360754,MS4A7,MEF2C,MEF,MADS
2251,27,1,-3.01621344836119,-1.4539947937888567,PLEKHG4,GATA3,MEF,Zf
2626,36,1,3.1389116323707,2.4296223986868717,SERPINE2,MAZ,MEF,Zf
1008,49,1,1.5137643253142,1.238451509412916,FAM81A,STAT1,MEF,Stat
1837,29,1,-1.1738204709846,-0.7276359153778026,MLF1,IRF1,MEF,IRF
1726,36,1,-1.52921091248218,-1.336520751258807,LY6E,MAZ,MEF,Zf
152,24,1,2.33267329051306,-0.42916627627915815,ANXA8,GABPA,MEF,ETS
1154,35,1,1.83281518322755,1.5886079574173033,GATA3,MAX,MEF,bHLH
2107,19,1,1.19104829786541,1.1745171972615007,P4HTM,FOS,MEF,bZIP
1126,34,1,2.78275650147847,2.4873583583771004,FXYD1,MAFK,MEF,bZIP
2478,7,0,-1.05749006064145,-1.0771109948295463,RCN1,CTCF,LMC,Zf
19,17,0,1.04397512012327,1.0665789667631451,ABR,ETS1,LMC,ETS
835,59,1,-1.74413387692825,-0.33408039614816387,E2F7,ZKSCAN1,MEF,Zf
436,50,0,2.17372921487108,2.4155432177057055,CD200R1,STAT3,LMC,Stat
849,20,0,-1.38238738601398,-0.8832113244208977,EDA,FOSL2,LMC,bZIP
1014,46,0,1.44493122160936,1.3956993529258503,FAM84B,RFX5,LMC,HTH
1932,54,0,1.71830105384146,1.6094028438981394,MYRF,USF1,LMC,bHLH
2290,35,0,-1.59233149150338,-1.635315581640922,POLE,MAX,LMC,bHLH
4,24,0,1.30531618728564,0.9762846845691306,AATK,GABPA,LMC,ETS
1443,15,0,-1.0708433709551,-1.0230527063194579,IL17RC,ELK1,LMC,ETS
1760,52,0,1.0684023208603,0.9363785485531372,MAP3K1,TCF3,LMC,HMG
2571,0,0,2.21199249094667,1.5846713535503607,SAMSN1,ATF1,LMC,bZIP
1592,7,1,3.37424913401424,3.036800406519258,KLHDC7A,CTCF,MEF,Zf
539,28,1,1.26861129299302,-0.560640627620591,CHCHD10,HNF4A,MEF,NR
2784,8,0,1.22877430824847,1.152209835831989,SMPDL3A,CUX1,LMC,Homeobox
1331,11,1,-1.0853990457524,0.9200195335726313,HHIPL1,E2F6,MEF,E2F
3128,24,1,-1.05080463512816,-0.8661735227806574,TSPAN18,GABPA,MEF,ETS
833,32,1,1.3486774228937,0.8734257484367302,DZANK1,JUND,MEF,bZIP
1777,13,1,-1.18077849242485,-1.161268515373568,MATN2,EGR1,MEF,Zf
1075,31,1,-1.51378545844316,-1.3698455192144843,FLI1,IRF4,MEF,IRF
392,26,1,-1.85537400363895,-1.3474830498963704,CCDC18,GATA2,MEF,Zf
2454,10,0,2.25969313283064,2.1187100123199465,RASEF,E2F4,LMC,E2F
62,19,0,-1.72005964675759,-1.7095270879480893,ADAMTS6,FOS,LMC,bZIP
2752,49,1,1.40645862017294,1.5123395558663235,SLC4A8,STAT1,MEF,Stat
634,40,1,1.76706738198898,1.5071514681879636,COX6A2,MYOG,MEF,bHLH
2472,54,1,-2.98434592973191,-0.964993808879787,RBM47,USF1,MEF,bHLH
332,12,0,3.6447648160557,1.661280296390155,C3,EBF1,LMC,EBF
2694,12,0,1.20649329449766,1.1328443884153856,SLC16A10,EBF1,LMC,EBF
1509,11,1,-1.44881067617991,-0.5299023224226102,JADE1,E2F6,MEF,E2F
314,17,1,1.108975807459,0.49952023377621707,BTBD11,ETS1,MEF,ETS
1321,11,0,1.4760606765863,1.4795894656441875,HDAC9,E2F6,LMC,E2F
900,55,1,1.44269937541347,1.544368654414476,ENPP5,USF2,MEF,bHLH
458,43,0,-1.5789323637807,-1.3027810726925648,CD80,PAX5,LMC,"Paired,Homeobox"
1298,22,0,1.79871714318156,1.7863476738229043,GSTA4,FOXA2,LMC,Forkhead
2446,3,0,1.07317576939101,0.6910093503703567,RAP2A,BACH1,LMC,bZIP
2205,22,1,1.19166827866803,0.9651599846707775,PHOSPHO1,FOXA2,MEF,Forkhead
907,7,0,-1.18558451294794,-1.1029259811902317,EPHA7,CTCF,LMC,Zf
2139,3,1,3.84729240398161,2.510817080720394,PCDH20,BACH1,MEF,bZIP
358,7,1,1.22166358080794,0.9034540553119352,CAMK4,CTCF,MEF,Zf
1306,36,0,-3.59327218483899,-2.9256474275917386,H19,MAZ,LMC,Zf
49,55,1,1.42794390523383,0.5630676002009382,ADAM22,USF2,MEF,bHLH
2890,50,0,1.34205810402861,1.1920463248095199,STON2,STAT3,LMC,Stat
1554,27,1,-1.74879156530137,-1.0908125868892222,KCNMA1,GATA3,MEF,Zf
351,46,1,3.43618473851565,3.0009530316221555,CADM4,RFX5,MEF,HTH
1033,3,1,1.37290435493264,1.375149386438372,FBXO27,BACH1,MEF,bZIP
214,50,0,-1.31617696470295,-1.3341168220134663,ARSI,STAT3,LMC,Stat
2450,54,0,-1.05231333068148,-0.1150228745881414,RARG,USF1,LMC,bHLH
1431,10,1,-1.08610051353498,-1.1596863432558748,IGSF8,E2F4,MEF,E2F
603,46,1,1.35106912149903,1.747885707636358,CNTN3,RFX5,MEF,HTH
1380,14,0,2.66649461859052,2.385126538222397,HOXD8,ELF1,LMC,ETS
3076,43,1,1.28085910518458,1.0186762868459054,TOB1,PAX5,MEF,"Paired,Homeobox"
2683,12,1,-1.55118302925028,-2.4789676247322276,SLC10A6,EBF1,MEF,EBF
1465,35,1,-1.70855556177806,-1.2163069487495641,INPP4B,MAX,MEF,bHLH
2491,43,0,1.19790789367107,0.556677572513792,RGS10,PAX5,LMC,"Paired,Homeobox"
85,7,0,1.31865403432304,0.2259605655519057,ADSSL1,CTCF,LMC,Zf
829,29,0,-1.17747353187961,-1.1774735318796115,DUT,IRF1,LMC,IRF
1466,52,0,2.28222195528639,1.09677156789483,INPP5D,TCF3,LMC,HMG
1932,7,1,1.27590926585484,0.9453558064266464,MYRF,CTCF,MEF,Zf
552,35,0,-1.16553357551869,-1.169465598396477,CHST15,MAX,LMC,bHLH
1133,42,1,3.12638806271272,1.6577328488692522,GABRB2,NRF1,MEF,NRF
426,3,1,1.35703714806187,1.3497278220721427,CCNO,BACH1,MEF,bZIP
1578,14,0,-2.1700677220651,-2.0472436507088854,KIF2C,ELF1,LMC,ETS
2555,43,1,2.01391263556961,0.7036674627416564,RUNDC3B,PAX5,MEF,"Paired,Homeobox"
1725,53,0,-1.19060928486906,-1.1404592214979037,LURAP1L,TEAD4,LMC,TEA
1790,55,1,-2.25596917242682,-2.1759265386534525,MCM5,USF2,MEF,bHLH
3079,49,0,-1.7466844630856,-1.2912398354195032,TOX,STAT1,LMC,Stat
1643,56,1,-1.38336396197662,-0.9757073335662715,LGALS3,YY1,MEF,Zf
956,40,0,1.40344479978975,1.276781553342694,FABP5,MYOG,LMC,bHLH
3103,26,1,-2.65821541512878,-2.362186540042955,TRIM14,GATA2,MEF,Zf
1348,3,0,1.6180838227508,0.3092597685179157,HMOX1,BACH1,LMC,bZIP
1115,42,1,1.34924024043902,1.3884214908723984,FRRS1L,NRF1,MEF,NRF
2652,54,1,-1.04770872945372,-1.5715456189893748,SH3PXD2B,USF1,MEF,bHLH
