Gene_enc,Tissue_enc,TF_te,TF_Family_te,Actual_log2FoldChange,Predicted_log2FoldChange,Gene,Tissue,TF,TF_Family
1920,0,-0.24300791,-0.24097927,-1.5159758,0.2125857627391815,MYO1B,LMC,GATA2,Zf
2784,0,-0.32353044,-0.32353044,1.2287743,1.240468111038208,SMPDL3A,LMC,HNF4A,NR
1978,0,-0.17236876,-0.17236876,1.1023682,0.8397426688671112,NEURL3,LMC,TEAD4,TEA
1349,1,0.027779544,-0.26024023,-1.1300734,0.3381749641895294,HN1,MEF,BACH1,bZIP
960,1,-0.11401458,-0.1286468,-1.3505565,-0.6157502961158753,FAH,MEF,MAX,bHLH
746,1,-0.11401458,-0.1286468,-1.6103755,-1.1823854267597198,DENND2D,MEF,MAX,bHLH
2592,1,-0.26226777,-0.42959467,-1.4963193,0.09293247580528259,SCRT1,MEF,IRF1,IRF
1493,0,-0.28139952,-0.1286468,-2.808692,0.33985455632209777,ITGA8,LMC,TCF12,bHLH
148,0,-0.17329708,-0.26024023,-1.1924417,-0.5511167061328888,ANTXR1,LMC,JUND,bZIP
835,1,-0.18553022,-0.24097927,-1.7441338,-1.582961025238037,E2F7,MEF,SP1,Zf
2226,1,-0.23256464,-0.24097927,-1.2790762,-1.2074466133117676,PKP2,MEF,YY1,Zf
1210,0,-0.25854215,-0.26616102,1.2591577,-0.27067169547080994,GMIP,LMC,E2F6,E2F
2060,0,-0.2409758,-0.26024023,-1.2953495,-0.2047588360309601,NUP62CL,LMC,MAFF,bZIP
2929,0,-0.25854215,-0.26616102,-1.1441975,-0.9412681782245635,TACC3,LMC,E2F6,E2F
2250,1,-0.3666467,-0.24097927,-1.2923962,0.8207187962532043,PLEKHG3,MEF,GATA1,Zf
82,1,-0.22816904,-0.26024023,-2.4347596,-0.1833230435848236,ADRA1A,MEF,ATF3,bZIP
239,0,-0.41671586,-0.24097927,2.4009495,1.299889703989029,ATP1A3,LMC,EGR1,Zf
2105,0,-0.41846725,-0.3966394,-1.4501804,-0.6415582990646362,P4HA2,LMC,GABPA,ETS
1535,0,-0.18068624,-0.24097927,-1.325946,0.8714372038841247,KCND1,LMC,MAZ,Zf
2196,0,-0.22547291,-0.26616102,-1.2279279,-1.0244427883625031,PGAP3,LMC,E2F4,E2F
2780,0,-0.18553022,-0.24097927,-2.206747,0.9697976386547089,SMOC1,LMC,SP1,Zf
17,1,-0.045514207,-0.047810853,-2.9814575,-2.1296451902389526,ABI3,MEF,RFX5,HTH
2119,1,0.0047023874,-0.1286468,1.462881,1.3754941821098328,PAPLN,MEF,USF1,bHLH
374,1,-0.11401458,-0.1286468,1.2344857,1.0872616291046142,CATSPER3,MEF,MAX,bHLH
3268,1,-0.33134362,-0.24097927,-1.4214575,-1.2630154848098756,ZYX,MEF,ZEB1,Zf
1880,0,-0.41671586,-0.24097927,-1.1796536,0.15578674554824828,MSI1,LMC,EGR1,Zf
240,0,-0.08447774,-0.18341035,1.6032816,1.3039408671855925,ATP1B1,LMC,FOXA2,Forkhead
422,1,-0.18553022,-0.24097927,-3.7557342,-3.7128015875816347,CCNB2,MEF,SP1,Zf
2884,0,-0.34920207,-0.3966394,-2.5431578,0.2338011634349823,STK32B,LMC,ELF1,ETS
2368,1,-0.25854215,-0.26616102,1.612119,-0.8767537724971771,PTCHD1,MEF,E2F6,E2F
3107,1,-0.25854215,-0.26616102,-1.6637527,-0.00030355334281921385,TRIM59,MEF,E2F6,E2F
2247,0,-0.3666467,-0.24097927,1.8848258,0.8181764042377472,PLEKHA6,LMC,GATA1,Zf
2885,1,-0.045514207,-0.047810853,-1.1214797,1.1369710683822631,STK32C,MEF,RFX5,HTH
2275,1,-0.224798,-0.224798,2.3952186,0.4443989658355713,PM20D2,MEF,EBF1,EBF
1494,1,0.15241732,-0.18341035,-1.5710412,-0.4364701533317566,ITGA9,MEF,FOXA1,Forkhead
520,0,-0.38727695,-0.26024023,-1.0748466,-1.0971497428417205,CENPT,LMC,MAFK,bZIP
3069,0,-0.38727695,-0.26024023,3.123341,1.50389906167984,TNNI2,LMC,MAFK,bZIP
3130,0,-0.224798,-0.224798,1.172865,0.7288403272628784,TSPAN33,LMC,EBF1,EBF
3114,1,-0.33011255,-0.26024023,-3.242694,-1.8180982065200806,TROAP,MEF,ATF1,bZIP
2729,0,-0.020064104,-0.19389851,3.239273,2.0264411044120787,SLC30A2,LMC,STAT3,Stat
671,1,-0.045514207,-0.047810853,1.8051484,0.9658026623725892,CSRNP3,MEF,RFX5,HTH
1582,0,0.027779544,-0.26024023,1.2021602,0.36987993359565735,KIF9,LMC,BACH1,bZIP
2259,0,-0.3548418,-0.24097927,-1.8200914,-1.0086635422706605,PLK1,LMC,ZNF263,Zf
1110,1,0.027779544,-0.26024023,-1.5227326,0.025470958948135378,FRMD4B,MEF,BACH1,bZIP
3236,0,-0.70387286,-0.18341035,1.1457943,0.9077017760276794,WWP1,LMC,FOXM1,Forkhead
766,1,-0.46353218,-0.19389851,-1.2885283,0.23203452944755554,DLL1,MEF,STAT1,Stat
2830,1,-0.01744671,-0.24097927,2.2287126,0.20833605885505677,SPEF2,MEF,CTCF,Zf
2616,0,-0.38727695,-0.26024023,-1.1018522,-0.6366206073760986,SEMA6C,LMC,MAFK,bZIP
2715,1,-0.11401458,-0.1286468,1.1691884,-0.5371522808074951,SLC25A35,MEF,MAX,bHLH
2177,0,-0.25096336,-0.26024023,-1.0390031,-1.1589711236953735,PDIA5,LMC,FOSL2,bZIP
852,1,-0.11401458,-0.1286468,-1.2456971,0.48478164434432985,EDNRA,MEF,MAX,bHLH
232,0,0.027779544,-0.26024023,-2.1255682,-1.7249892687797546,ASTN2,LMC,BACH1,bZIP
2471,0,-0.01744671,-0.24097927,-1.3460842,0.010505257844924927,RBM46,LMC,CTCF,Zf
808,1,-0.34369484,-0.46688727,2.3564422,1.2827717292308807,DPYD,MEF,PBX3,Homeobox
2196,1,-0.28139952,-0.1286468,-1.4853812,-0.15713076591491698,PGAP3,MEF,TCF12,bHLH
1953,1,-0.23256464,-0.24097927,-6.3598022,-5.0800997149944305,NCF2,MEF,YY1,Zf
3061,0,-0.45815486,-0.27375907,1.0251417,0.7395193672180176,TNFRSF19,LMC,MEF2A,MADS
332,0,-0.33201274,-0.26024023,3.644765,0.5256169891357422,C3,LMC,FOS,bZIP
3243,0,-0.17236876,-0.17236876,-1.1205866,-0.5800453495979309,YBX3,LMC,TEAD4,TEA
336,1,-0.12181938,-0.1286468,1.1669624,0.09515969395637512,CABLES1,MEF,BHLHE40,bHLH
2515,1,-0.224798,-0.224798,1.1263795,-0.12529342293739318,RND1,MEF,EBF1,EBF
759,0,-0.12181938,-0.1286468,-1.0099353,-1.0251088178157806,DIXDC1,LMC,BHLHE40,bHLH
2296,1,-0.31947148,-0.31947148,-3.999846,-1.370937911272049,POU2F2,MEF,NRF1,NRF
383,0,-0.28139952,-0.1286468,1.1674314,0.4949767792224884,CCDC114,LMC,TCF12,bHLH
3179,1,-0.28139952,-0.1286468,1.7156341,-2.308297325372696,UPK3BL,MEF,TCF12,bHLH
2919,1,-0.38727695,-0.26024023,3.4077892,-0.32978189826011656,SYT4,MEF,MAFK,bZIP
80,0,-0.38773212,-0.38773212,-1.8548774,-1.2542037224769593,ADORA2B,LMC,PAX5,"Paired,Homeobox"
1119,1,-0.26226777,-0.42959467,-1.7919841,-1.0371778070926667,FST,MEF,IRF1,IRF
2502,0,-0.46353218,-0.19389851,-1.5356117,-0.5503581023216247,RHOF,LMC,STAT1,Stat
2548,1,-0.042086042,-0.24097927,1.566765,-0.2640427887439728,RSPO3,MEF,GATA3,Zf
1054,1,-0.33201274,-0.26024023,1.1716865,1.323321406841278,FGF18,MEF,FOS,bZIP
1219,0,-0.33134362,-0.24097927,2.0242908,1.3685352849960326,GNGT2,LMC,ZEB1,Zf
1727,0,0.15241732,-0.18341035,-1.8059852,-1.2589657509326935,LY75,LMC,FOXA1,Forkhead
883,0,-0.01744671,-0.24097927,-1.7784133,-0.6611317253112793,ELOVL6,LMC,CTCF,Zf
601,1,-0.1281041,-0.1286468,-1.3648314,-0.534190697669983,CNTFR,MEF,USF2,bHLH
1523,1,-0.11401458,-0.1286468,3.3590403,0.6011875462532044,KCNA1,MEF,MAX,bHLH
2709,1,-0.1281041,-0.1286468,1.1898108,-0.18562710523605347,SLC22A18,MEF,USF2,bHLH
2638,0,-0.25096336,-0.26024023,1.3570801,0.8305280137062073,SGK3,LMC,FOSL2,bZIP
265,0,0.0047023874,-0.1286468,-1.1247369,0.33906081199646,BAG2,LMC,USF1,bHLH
1315,1,-0.22547291,-0.26616102,-3.3745368,-2.4724831795692443,HCAR2,MEF,E2F4,E2F
2831,0,-0.1281041,-0.1286468,-1.2344358,-0.4168360865116119,SPHK1,LMC,USF2,bHLH
1400,1,-0.34920207,-0.3966394,3.6111457,1.3606311893463134,HSPB2,MEF,ELF1,ETS
454,1,-0.11043269,-0.047810853,-5.4775605,-5.477560520172119,CD68,MEF,MYB,HTH
3060,1,-0.26226777,-0.42959467,-1.6824514,-0.7028614926338196,TNFRSF14,MEF,IRF1,IRF
1481,1,-0.34920207,-0.3966394,2.3218336,-0.6877177309989929,IRX3,MEF,ELF1,ETS
437,1,-0.31947148,-0.31947148,-3.0209455,-3.3496459460258485,CD22,MEF,NRF1,NRF
2616,0,-0.1281041,-0.1286468,-1.1018522,-1.0926367855072021,SEMA6C,LMC,USF2,bHLH
1371,1,-0.01744671,-0.24097927,3.726657,1.8589395129680633,HOXC10,MEF,CTCF,Zf
2114,1,-0.11401458,-0.1286468,1.6493459,0.27557421922683717,PAK6,MEF,MAX,bHLH
1224,0,-0.34920207,-0.3966394,-2.2646875,-0.42157277941703797,GP1BB,LMC,ELF1,ETS
311,1,-0.37391356,-0.26024023,-1.1585374,-0.8752341735363006,BRIP1,MEF,ATF2,bZIP
791,0,-0.042086042,-0.24097927,-1.802147,-0.7116939628124237,DNM3OS,LMC,GATA3,Zf
3237,0,-0.34774294,-0.3966394,1.8171422,0.9981040048599243,XDH,LMC,ETS1,ETS
473,0,-0.11401458,-0.1286468,-1.7247705,-1.5727655053138734,CDCA2,LMC,MAX,bHLH
566,0,-0.38754547,-0.3966394,-1.1170683,-1.1243108892440796,CKS2,LMC,ELK1,ETS
1457,1,-0.045514207,-0.047810853,1.7283505,2.1091080796718598,IL33,MEF,RFX5,HTH
1771,0,-0.13781479,-0.3966394,1.036933,1.8060810852050782,MARVELD2,LMC,ELK4,ETS
1900,1,0.0047023874,-0.1286468,-2.1630523,-0.8020912134647369,MXD3,MEF,USF1,bHLH
1372,1,-0.24300791,-0.24097927,3.7981417,2.3915003836154938,HOXC11,MEF,GATA2,Zf
2517,0,-0.3548418,-0.24097927,-3.7459342,-0.9963505911827087,RNF144A,LMC,ZNF263,Zf
142,1,-0.38754547,-0.3966394,-1.0540168,-0.83424760222435,ANKRD37,MEF,ELK1,ETS
516,1,-0.70387286,-0.18341035,-2.1930854,-2.1827139806747438,CENPM,MEF,FOXM1,Forkhead
1582,0,-0.38773212,-0.38773212,1.2021602,1.090160267353058,KIF9,LMC,PAX5,"Paired,Homeobox"
1337,1,-0.26226777,-0.42959467,1.9967467,-0.31242660999298094,HIST2H2AC,MEF,IRF1,IRF
2984,1,-0.042086042,-0.24097927,-1.3954704,-1.1771483862400054,TIMELESS,MEF,GATA3,Zf
1577,1,-0.34369484,-0.46688727,-1.2923205,-0.23773022532463073,KIF27,MEF,PBX3,Homeobox
2914,1,-0.29358298,-0.46688727,3.8033676,0.2555740427970886,SYNM,MEF,NANOG,Homeobox
1890,1,-0.13781479,-0.3966394,-1.4342344,-0.9330231070518493,MTFR2,MEF,ELK4,ETS
1182,0,-0.18068624,-0.24097927,1.1762532,-0.29217156052589416,GGCT,LMC,MAZ,Zf
129,1,-0.33201274,-0.26024023,-1.5233402,-0.8762581431865692,AMPH,MEF,FOS,bZIP
469,0,-0.25854215,-0.26616102,-1.0888088,-1.2159076678752898,CDC42EP4,LMC,E2F6,E2F
2503,0,-0.26226777,-0.42959467,2.109145,0.0947031819820404,RHOH,LMC,IRF1,IRF
1027,0,-0.5710992,-0.24097927,-1.6873972,-1.6198549616336821,FBN1,LMC,ZBTB33,Zf
557,1,-0.34369484,-0.46688727,-1.8041896,-1.4955436599254608,CHTF18,MEF,PBX3,Homeobox
1138,0,-0.01744671,-0.24097927,1.1769226,-0.1122914469242096,GALC,LMC,CTCF,Zf
1454,0,-0.34920207,-0.3966394,2.2008123,0.7388239395618439,IL21R,LMC,ELF1,ETS
1570,1,-0.2409758,-0.26024023,-2.6483867,-1.3679145574569702,KIF20A,MEF,MAFF,bZIP
843,1,-0.38773212,-0.38773212,-4.6214933,-0.6535506165027618,EBI3,MEF,PAX5,"Paired,Homeobox"
3049,1,-0.01744671,-0.24097927,1.4090196,0.7192134511470795,TMOD1,MEF,CTCF,Zf
1569,1,-0.38938692,-0.38938692,-1.7053663,-1.2633164823055267,KIF18B,MEF,TCF3,HMG
1617,0,-0.33201274,-0.26024023,1.5315919,1.1877316009998322,LAMA3,LMC,FOS,bZIP
3027,0,-0.01744671,-0.24097927,2.0194569,0.6781677424907684,TMEM184A,LMC,CTCF,Zf
2437,1,-0.23256464,-0.24097927,-1.720449,-1.5078213393688202,RAET1E,MEF,YY1,Zf
3011,0,-0.042086042,-0.24097927,-2.6684415,-0.6605709552764892,TMEM121,LMC,GATA3,Zf
3051,1,-0.34774294,-0.3966394,1.3207757,0.4515644931793213,TMX2,MEF,ETS1,ETS
1643,1,-0.25096336,-0.26024023,-1.383364,-0.5641327369213104,LGALS3,MEF,FOSL2,bZIP
1864,1,-0.3666467,-0.24097927,-1.1097659,-0.1443555498123169,MOV10,MEF,GATA1,Zf
3250,0,-0.34774294,-0.3966394,-2.442775,-1.631080596446991,ZC3HAV1L,LMC,ETS1,ETS
1347,0,-0.26226777,-0.42959467,-2.0435047,-1.2307222080230713,HMMR,LMC,IRF1,IRF
2551,0,-0.045514207,-0.047810853,-1.0524096,-1.5672933769226074,RTN4R,LMC,RFX5,HTH
1502,1,-0.17236876,-0.17236876,2.003537,-0.10349979043006897,ITIH2,MEF,TEAD4,TEA
91,0,-0.12181938,-0.1286468,-1.0685996,1.0697321355342866,AGPAT9,LMC,BHLHE40,bHLH
2505,0,-0.5710992,-0.24097927,1.9083076,1.5725410377979279,RHPN2,LMC,ZBTB33,Zf
2090,1,-0.25096336,-0.26024023,1.4809719,0.8773160123825073,OSBPL3,MEF,FOSL2,bZIP
1881,1,-0.224798,-0.224798,1.0524545,0.7780866980552673,MSI2,MEF,EBF1,EBF
838,1,-0.18068624,-0.24097927,1.0910553,-1.0296041667461395,EAF2,MEF,MAZ,Zf
2514,0,-0.33201274,-0.26024023,1.3600262,1.1722116339206696,RNASEL,LMC,FOS,bZIP
1711,0,-0.3548418,-0.24097927,1.4799604,1.01258687376976,LRRN4,LMC,ZNF263,Zf
3163,0,-0.41846725,-0.3966394,2.111546,2.0183036875724794,UBXN10,LMC,GABPA,ETS
1348,0,-0.31947148,-0.31947148,1.6180838,1.2212595915794373,HMOX1,LMC,NRF1,NRF
2812,1,0.027779544,-0.26024023,1.6244054,0.8881059873104096,SOX5,MEF,BACH1,bZIP
2325,1,-0.17236876,-0.17236876,-1.045483,-1.3268870997428894,PRDM1,MEF,TEAD4,TEA
185,0,-0.1281041,-0.1286468,1.2260965,1.3060049998760224,ARHGAP29,LMC,USF2,bHLH
2213,0,-0.34774294,-0.3966394,1.8720301,0.9264089167118073,PIK3CG,LMC,ETS1,ETS
778,1,-0.29358298,-0.46688727,1.1577137,0.7742621386051178,DNAH12,MEF,NANOG,Homeobox
1345,0,-0.33201274,-0.26024023,1.8553451,0.7788986432552337,HMGCS2,LMC,FOS,bZIP
391,0,-0.41846725,-0.3966394,-1.0662317,-0.17031102418899535,CCDC159,LMC,GABPA,ETS
833,1,0.027779544,-0.26024023,1.3486774,0.7141930401325226,DZANK1,MEF,BACH1,bZIP
2929,0,-0.38727695,-0.26024023,-1.1441975,-0.6657063353061676,TACC3,LMC,MAFK,bZIP
817,1,-0.06375064,-0.1286468,2.4973128,0.8489257001876831,DSP,MEF,MYOG,bHLH
2991,0,-0.22547291,-0.26616102,-1.3919637,-1.357786650657654,TLCD1,LMC,E2F4,E2F
1941,0,-0.17329708,-0.26024023,1.8758318,0.04065163493156433,NAT8L,LMC,JUND,bZIP
1402,0,-0.38773212,-0.38773212,1.7698365,-0.016233925819396974,HSPB7,LMC,PAX5,"Paired,Homeobox"
341,1,-0.17329708,-0.26024023,1.7592294,1.3456689655780791,CACNA1H,MEF,JUND,bZIP
1739,0,-0.1281041,-0.1286468,2.4713123,1.943401973247528,M1AP,LMC,USF2,bHLH
2353,1,-0.40379766,-0.24097927,-1.6450821,-1.1418987345695495,PRSS27,MEF,ZKSCAN1,Zf
2400,1,-0.17329708,-0.26024023,1.0328149,0.09047641277313233,PXDC1,MEF,JUND,bZIP
640,0,-0.28139952,-0.1286468,2.1132483,1.814488835334778,CPNE7,LMC,TCF12,bHLH
1582,1,-0.25854215,-0.26616102,1.0983452,0.18817994475364686,KIF9,MEF,E2F6,E2F
2268,0,-0.13781479,-0.3966394,1.4241343,0.7666854083538055,PLTP,LMC,ELK4,ETS
2402,0,-0.38727695,-0.26024023,1.5811112,1.3424310350418092,PYCARD,LMC,MAFK,bZIP
1745,0,-0.31947148,-0.31947148,2.630295,2.5141202640533447,MAK,LMC,NRF1,NRF
3135,1,-0.06375064,-0.1286468,2.0600674,1.958912762403488,TTC34,MEF,MYOG,bHLH
885,1,-0.1281041,-0.1286468,-2.3387628,-1.0852595520019532,EME1,MEF,USF2,bHLH
1499,0,-0.11401458,-0.1286468,1.620772,1.9585336136817932,ITGB4,LMC,MAX,bHLH
2564,1,-0.8272477,-0.24097927,-1.2048824,0.37251964926719666,S1PR2,MEF,BCL11A,Zf
1107,1,-0.11401458,-0.1286468,-2.770012,0.9542988765239716,FOXS1,MEF,MAX,bHLH
2770,1,-0.34369484,-0.46688727,-1.5704622,-0.5300722587108612,SLIT3,MEF,PBX3,Homeobox
1955,1,-0.18553022,-0.24097927,-8.006204,-5.950911093950271,NCKAP1L,MEF,SP1,Zf
818,1,-0.18068624,-0.24097927,-2.164502,-0.3401545989513397,DTL,MEF,MAZ,Zf
556,0,-0.06375064,-0.1286468,-1.5919069,-1.5590795731544496,CHSY3,LMC,MYOG,bHLH
836,1,-0.38938692,-0.38938692,-2.7616482,-0.8613112878799438,E2F8,MEF,TCF3,HMG
2537,1,-0.37391356,-0.26024023,-1.8166342,-0.6082623076438903,RPS6KA1,MEF,ATF2,bZIP
3049,1,0.027779544,-0.26024023,1.4090196,1.2284704947471619,TMOD1,MEF,BACH1,bZIP
1117,1,-0.2409758,-0.26024023,1.1141341,0.6826179337501526,FSBP,MEF,MAFF,bZIP
333,1,-0.22816904,-0.26024023,-8.297818,-5.973770835399628,C3AR1,MEF,ATF3,bZIP
1788,1,-0.34920207,-0.3966394,-1.1892185,-0.9461549925804138,MCM2,MEF,ELF1,ETS
1424,0,0.027779544,-0.26024023,1.8200285,1.5843791341781617,IGFBP6,LMC,BACH1,bZIP
1468,1,-0.38754547,-0.3966394,3.66333,0.037380332946777346,INSC,MEF,ELK1,ETS
1182,1,-0.22547291,-0.26616102,1.2894192,0.709054514169693,GGCT,MEF,E2F4,E2F
1978,1,-0.38938692,-0.38938692,-1.5159668,0.04566220641136169,NEURL3,MEF,TCF3,HMG
2477,1,-0.020064104,-0.19389851,1.4696742,1.1133712077140807,RCAN2,MEF,STAT3,Stat
2853,1,-0.34774294,-0.3966394,-3.395386,-1.9699819958209992,SRGN,MEF,ETS1,ETS
927,1,-0.25854215,-0.26616102,1.4039664,0.41558701753616334,ESYT3,MEF,E2F6,E2F
1490,1,-0.13781479,-0.3966394,1.2707528,-0.035357003211975095,ITGA3,MEF,ELK4,ETS
2432,1,-0.41846725,-0.3966394,-1.5926751,-1.0798799812793731,RAD51AP1,MEF,GABPA,ETS
419,1,-0.26226777,-0.42959467,-1.012127,-1.3765825068950652,CCM2,MEF,IRF1,IRF
112,1,-0.020064104,-0.19389851,-2.5950828,2.72815486907959,ALDH1L1,MEF,STAT3,Stat
1059,1,0.15241732,-0.18341035,-1.306481,-0.7021878659725189,FGFR1,MEF,FOXA1,Forkhead
2967,0,-0.26226777,-0.42959467,1.1837683,0.5543367743492127,TFR2,LMC,IRF1,IRF
2764,0,-0.22547291,-0.26616102,1.8032925,1.7085438287258148,SLC9A9,LMC,E2F4,E2F
3263,0,-0.38773212,-0.38773212,1.1311405,0.3251058602333069,ZMYND15,LMC,PAX5,"Paired,Homeobox"
522,0,-0.25096336,-0.26024023,1.2640113,1.113600423336029,CENPV,LMC,FOSL2,bZIP
1909,1,-0.020064104,-0.19389851,-1.005563,-0.11368019819259643,MYH9,MEF,STAT3,Stat
2118,1,-0.26226777,-0.42959467,2.0457292,0.33809963941574095,PANX2,MEF,IRF1,IRF
1620,1,0.6717984,-0.24097927,-1.2878922,0.8198048782348633,LAMC1,MEF,PRDM1,Zf
1338,0,-0.18068624,-0.24097927,1.3770303,1.3092344689369202,HIVEP3,LMC,MAZ,Zf
790,0,-0.3666467,-0.24097927,1.4997923,0.44482224106788637,DNM1,LMC,GATA1,Zf
3183,0,-0.33201274,-0.26024023,1.3692124,1.1627045023441314,USP53,LMC,FOS,bZIP
123,1,-0.38727695,-0.26024023,3.1471124,0.5435509383678436,ALX3,MEF,MAFK,bZIP
2765,1,-0.18553022,-0.24097927,-1.4310114,-0.1399909722805023,SLC9B2,MEF,SP1,Zf
2161,0,-0.65736616,-0.46688727,-1.1138012,-1.1666454780101776,PCYT1B,LMC,CUX1,Homeobox
3136,1,-0.17329708,-0.26024023,1.7476053,0.5462126493453979,TTC9,MEF,JUND,bZIP
2556,0,-0.34369484,-0.46688727,-1.4579718,-0.2649985873699188,RUNX1T1,LMC,PBX3,Homeobox
7,1,-0.11401458,-0.1286468,1.0734799,-0.08128873944282532,ABCA4,MEF,MAX,bHLH
1884,1,-0.37391356,-0.26024023,-1.0198689,-0.6686788892745972,MSRA,MEF,ATF2,bZIP
2057,1,-0.8272477,-0.24097927,-2.8949068,-1.3601031661033631,NUF2,MEF,BCL11A,Zf
1235,1,-0.01744671,-0.24097927,-2.76296,0.7528782463073731,GPR116,MEF,CTCF,Zf
2630,0,-0.40379766,-0.24097927,-1.4435178,-0.22277849674224853,SETBP1,LMC,ZKSCAN1,Zf
2249,1,0.027779544,-0.26024023,1.1527126,-0.08414047718048095,PLEKHG1,MEF,BACH1,bZIP
2172,1,-0.24300791,-0.24097927,-1.412792,-0.5551870107650757,PDGFB,MEF,GATA2,Zf
2746,1,-0.33201274,-0.26024023,-2.0170245,-1.09465616106987,SLC43A3,MEF,FOS,bZIP
1402,0,-0.2409758,-0.26024023,1.7698365,1.1427927196025849,HSPB7,LMC,MAFF,bZIP
2341,1,-0.41671586,-0.24097927,-1.5975578,-0.20794129371643066,PROKR2,MEF,EGR1,Zf
405,0,-0.11401458,-0.1286468,1.926871,1.2253903234004975,CCDC88B,LMC,MAX,bHLH
967,1,0.027779544,-0.26024023,1.3433365,0.169840487241745,FAM124A,MEF,BACH1,bZIP
1578,1,-0.224798,-0.224798,-2.9973192,-1.3092548906803132,KIF2C,MEF,EBF1,EBF
2203,0,-0.46353218,-0.19389851,-1.6145118,-0.8612586808204651,PHF19,LMC,STAT1,Stat
3261,1,-0.40379766,-0.24097927,1.0759444,-0.6291878235340118,ZKSCAN4,MEF,ZKSCAN1,Zf
2904,1,-0.33134362,-0.24097927,1.5065486,-0.47867115020751955,SV2B,MEF,ZEB1,Zf
3211,0,-0.33201274,-0.26024023,-1.060672,0.04181444406509399,WASF3,LMC,FOS,bZIP
1905,0,-0.34369484,-0.46688727,-3.562285,-1.7327583968639373,MYCT1,LMC,PBX3,Homeobox
2977,0,-0.22816904,-0.26024023,-1.9208775,-1.5455062878131867,THBS3,LMC,ATF3,bZIP
762,0,-0.3666467,-0.24097927,1.0946444,0.7489602446556092,DLEU2,LMC,GATA1,Zf
1050,0,-0.5710992,-0.24097927,-1.2463815,-0.23684708833694457,FGF11,LMC,ZBTB33,Zf
2245,1,-0.045514207,-0.047810853,1.3951396,1.1266096258163452,PLEK2,MEF,RFX5,HTH
2699,0,-0.12181938,-0.1286468,-1.1324766,-0.7726850283145904,SLC16A3,LMC,BHLHE40,bHLH
1756,0,-0.41671586,-0.24097927,-2.3720164,-2.258513879776001,MAOB,LMC,EGR1,Zf
2181,1,-0.045514207,-0.047810853,-1.0030161,-0.9457090067863464,PDXK,MEF,RFX5,HTH
1562,0,-0.28139952,-0.1286468,-1.3338901,-1.5239951026439666,KCTD8,LMC,TCF12,bHLH
5,1,-0.17329708,-0.26024023,-1.4280964,-0.9019165194034576,ABCA12,MEF,JUND,bZIP
2929,0,-0.12181938,-0.1286468,-1.1441975,-1.2618371593952178,TACC3,LMC,BHLHE40,bHLH
2291,1,-0.37391356,-0.26024023,-1.9969735,-0.69317014336586,POLE2,MEF,ATF2,bZIP
605,0,-0.224798,-0.224798,-1.0798401,-0.8587812161445618,CNTROB,LMC,EBF1,EBF
1725,0,-0.020064104,-0.19389851,-1.1906093,-1.19742107629776,LURAP1L,LMC,STAT3,Stat
1932,0,-0.34774294,-0.3966394,1.718301,0.2502525341510773,MYRF,LMC,ETS1,ETS
2452,0,-0.34920207,-0.3966394,1.991749,1.450615051984787,RASAL3,LMC,ELF1,ETS
1992,1,-0.042086042,-0.24097927,1.4492387,0.8886185324192047,NIPAL2,MEF,GATA3,Zf
1891,0,-0.01744671,-0.24097927,-1.2805142,-0.2773089623451233,MTHFD1L,LMC,CTCF,Zf
1145,0,-0.31947148,-0.31947148,2.0527973,0.2808821439743042,GALNT6,LMC,NRF1,NRF
557,0,-0.38773212,-0.38773212,-1.4300829,-1.4009597456455232,CHTF18,LMC,PAX5,"Paired,Homeobox"
2769,0,-0.1281041,-0.1286468,2.0982068,0.988601245880127,SLFN5,LMC,USF2,bHLH
2914,1,-0.01744671,-0.24097927,3.8033676,0.9362765204906464,SYNM,MEF,CTCF,Zf
2027,0,-0.34920207,-0.3966394,1.5599903,-0.422313791513443,NPTX1,LMC,ELF1,ETS
3100,0,-0.29358298,-0.46688727,2.8592374,0.6462281382083893,TRH,LMC,NANOG,Homeobox
998,0,-0.28139952,-0.1286468,-1.4954357,-1.25271977186203,FAM46B,LMC,TCF12,bHLH
1923,1,-0.224798,-0.224798,-6.197118,-3.949347358942032,MYO1G,MEF,EBF1,EBF
515,1,-0.5710992,-0.24097927,-1.4839959,-1.6357993030548095,CENPK,MEF,ZBTB33,Zf
585,0,-0.5710992,-0.24097927,1.6729612,1.6657324016094208,CLU,LMC,ZBTB33,Zf
1495,0,-0.23256464,-0.24097927,2.7970064,1.0166030204296113,ITGAL,LMC,YY1,Zf
2532,1,-0.34920207,-0.3966394,4.407869,0.6016740238666535,RORC,MEF,ELF1,ETS
3153,1,-0.18068624,-0.24097927,-1.2085487,0.015224969387054444,TWIST2,MEF,MAZ,Zf
3186,1,-0.18068624,-0.24097927,-1.9262128,-1.4971538960933686,VANGL2,MEF,MAZ,Zf
2412,1,-0.38754547,-0.3966394,-2.1315699,0.04798581719398499,RAB19,MEF,ELK1,ETS
1753,1,-0.38727695,-0.26024023,-1.175975,-1.0899548053741455,MANBA,MEF,MAFK,bZIP
427,1,-0.33201274,-0.26024023,1.174304,1.1708433997631074,CCPG1,MEF,FOS,bZIP
2950,0,-0.38938692,-0.38938692,1.1511981,0.9677614283561706,TCIRG1,LMC,TCF3,HMG
1408,0,-0.26226777,-0.42959467,-1.0610017,-0.9366986918449401,ICA1,LMC,IRF1,IRF
1497,0,0.15241732,-0.18341035,2.0019827,1.6882867872714997,ITGB2,LMC,FOXA1,Forkhead
173,0,-0.12181938,-0.1286468,4.209049,3.7331394290924074,AQP5,LMC,BHLHE40,bHLH
1764,1,-0.2409758,-0.26024023,1.7190605,-0.17203832626342774,MAP7,MEF,MAFF,bZIP
1178,0,-0.18553022,-0.24097927,-1.4242098,-1.3401544201374054,GEN1,LMC,SP1,Zf
821,1,-0.22816904,-0.26024023,-1.138244,-0.37539912939071657,DTX4,MEF,ATF3,bZIP
617,1,0.15241732,-0.18341035,3.4572837,0.9506479358673096,COL2A1,MEF,FOXA1,Forkhead
944,1,-0.26226777,-0.42959467,-1.0039444,-0.5179488956928253,EZH2,MEF,IRF1,IRF
2933,1,-0.1281041,-0.1286468,-1.9559231,0.15730679750442506,TAGLN2,MEF,USF2,bHLH
59,0,-0.41671586,-0.24097927,-1.310582,-0.7435111808776855,ADAMTS2,LMC,EGR1,Zf
2526,1,-0.37391356,-0.26024023,1.9402771,0.6863537538051605,RNF43,MEF,ATF2,bZIP
482,1,-0.38773212,-0.38773212,2.0275156,1.8418598473072052,CDH17,MEF,PAX5,"Paired,Homeobox"
2867,0,-0.5710992,-0.24097927,1.8598232,0.30978370308876035,ST8SIA4,LMC,ZBTB33,Zf
1125,1,-0.17236876,-0.17236876,2.8851504,1.2478262186050415,FUT9,MEF,TEAD4,TEA
1509,1,-0.41846725,-0.3966394,-1.4488107,-0.6678097581863404,JADE1,MEF,GABPA,ETS
580,0,-0.5097531,-0.26616102,1.3183998,1.3508134496212005,CLMN,LMC,E2F1,E2F
3217,0,-0.22816904,-0.26024023,1.1876146,0.6462560355663299,WDR91,LMC,ATF3,bZIP
3252,1,-0.17329708,-0.26024023,-1.3094435,-1.3785992884635925,ZDHHC14,MEF,JUND,bZIP
2370,1,-0.01744671,-0.24097927,1.7110711,0.7138303470611572,PTGDR2,MEF,CTCF,Zf
2979,0,-0.3666467,-0.24097927,2.0354378,-1.5387396454811095,THEMIS2,LMC,GATA1,Zf
1649,1,-0.38773212,-0.38773212,1.676373,-0.9279155969619751,LHFPL1,MEF,PAX5,"Paired,Homeobox"
2358,0,-0.11401458,-0.1286468,-1.326662,-0.06404900431632995,PRTG,LMC,MAX,bHLH
2153,0,-0.46353218,-0.19389851,-1.5174005,-1.0354222762584686,PCLO,LMC,STAT1,Stat
3220,1,-0.38938692,-0.38938692,-1.2829525,1.555962678194046,WIPF1,MEF,TCF3,HMG
563,1,-0.65736616,-0.46688727,-3.2723203,-1.2456194925308228,CKAP2L,MEF,CUX1,Homeobox
3018,1,-0.23256464,-0.24097927,-3.1052723,-0.44776700854301454,TMEM156,MEF,YY1,Zf
2430,1,-0.33201274,-0.26024023,-1.3141602,-1.478931586742401,RACGAP1,MEF,FOS,bZIP
349,1,-0.11401458,-0.1286468,3.2974133,3.2209028100967405,CADM2,MEF,MAX,bHLH
1693,1,-0.37391356,-0.26024023,-4.9975886,-0.6232683348655701,LRMP,MEF,ATF2,bZIP
3165,1,-0.41846725,-0.3966394,-2.3812919,-0.996809275150299,UCP2,MEF,GABPA,ETS
159,1,-0.46353218,-0.19389851,-1.3802844,-1.6415939331054688,APBB1IP,MEF,STAT1,Stat
2726,0,-0.224798,-0.224798,1.9489392,1.438656768798828,SLC2A3,LMC,EBF1,EBF
1508,0,-0.25854215,-0.26616102,3.5022085,0.1299954843521118,IZUMO1,LMC,E2F6,E2F
2831,0,-0.3548418,-0.24097927,-1.2344358,-0.33866058230400087,SPHK1,LMC,ZNF263,Zf
2950,0,-0.38754547,-0.3966394,1.1511981,0.9821257901191711,TCIRG1,LMC,ELK1,ETS
2537,1,-0.5710992,-0.24097927,-1.8166342,0.6419885289669037,RPS6KA1,MEF,ZBTB33,Zf
2031,1,-0.01744671,-0.24097927,1.6603361,1.015126450061798,NQO1,MEF,CTCF,Zf
2773,0,-0.11401458,-0.1286468,-1.3000776,0.5620363414287567,SLITRK5,LMC,MAX,bHLH
986,0,-0.1281041,-0.1286468,-2.5718875,-1.7689350926876068,FAM198A,LMC,USF2,bHLH
1966,1,-0.020064104,-0.19389851,2.5947185,0.22296117544174193,NEBL,MEF,STAT3,Stat
41,1,-0.2409758,-0.26024023,-1.2971035,-1.3149740612506866,ACTN3,MEF,MAFF,bZIP
1775,0,-0.11401458,-0.1286468,-1.2945493,-1.2981009089946747,MASTL,LMC,MAX,bHLH
515,1,-0.224798,-0.224798,-1.4839959,-1.553203501701355,CENPK,MEF,EBF1,EBF
335,0,-0.22816904,-0.26024023,2.3234644,1.2905897033214568,C5AR2,LMC,ATF3,bZIP
972,1,-0.01744671,-0.24097927,1.6502445,1.331523016691208,FAM154B,MEF,CTCF,Zf
2454,0,-0.38754547,-0.3966394,2.2596931,1.547308123111725,RASEF,LMC,ELK1,ETS
2014,1,-0.042086042,-0.24097927,1.4636707,1.074552960395813,NOS1AP,MEF,GATA3,Zf
3176,1,-0.22547291,-0.26616102,-3.5481346,-1.5921158182621002,UNC93B1,MEF,E2F4,E2F
1932,1,-0.38773212,-0.38773212,1.2759093,-0.16171350002288817,MYRF,MEF,PAX5,"Paired,Homeobox"
2437,1,-0.18553022,-0.24097927,-1.720449,-1.3608297657966615,RAET1E,MEF,SP1,Zf
1012,1,-0.18068624,-0.24097927,1.7869244,1.3029120934009553,FAM83G,MEF,MAZ,Zf
1385,1,-0.22547291,-0.26616102,-3.2015617,-1.7204508209228515,HPGD,MEF,E2F4,E2F
62,0,-0.18068624,-0.24097927,-1.7200596,-1.4802237713336945,ADAMTS6,LMC,MAZ,Zf
3124,0,-0.12181938,-0.1286468,-1.2644619,-1.030761352777481,TSLP,LMC,BHLHE40,bHLH
1,1,-0.3548418,-0.24097927,1.1740319,0.8384188091754914,A4GALT,MEF,ZNF263,Zf
2639,1,-0.01744671,-0.24097927,1.4433799,-1.5628477907180787,SGMS2,MEF,CTCF,Zf
2725,0,-0.65736616,-0.46688727,1.1413072,0.9732534205913543,SLC2A13,LMC,CUX1,Homeobox
383,0,-0.31947148,-0.31947148,1.1674314,0.5844719457626343,CCDC114,LMC,NRF1,NRF
1400,1,-0.17236876,-0.17236876,3.6111457,2.203856383562088,HSPB2,MEF,TEAD4,TEA
831,1,-0.41846725,-0.3966394,1.2428452,0.3216682505607605,DYNC2LI1,MEF,GABPA,ETS
665,1,-0.28139952,-0.1286468,-4.4421754,-2.849405517578125,CSF2RB,MEF,TCF12,bHLH
2815,0,-0.17236876,-0.17236876,1.3722122,0.7933946323394775,SP100,LMC,TEAD4,TEA
317,0,-0.23256464,-0.24097927,1.9825064,1.3843996000289918,BTK,LMC,YY1,Zf
180,0,-0.2409758,-0.26024023,1.0911804,1.3773122179508208,ARHGAP18,LMC,MAFF,bZIP
454,1,-0.042086042,-0.24097927,-5.4775605,-5.451430306434632,CD68,MEF,GATA3,Zf
529,1,-0.3548418,-0.24097927,1.213452,0.9946120488643646,CETN2,MEF,ZNF263,Zf
540,0,-0.37391356,-0.26024023,-1.2108208,-0.8819035041332245,CHD3,LMC,ATF2,bZIP
764,0,-0.08447774,-0.18341035,-2.0095258,-0.4695286524295807,DLGAP5,LMC,FOXA2,Forkhead
2601,0,-0.13781479,-0.3966394,-1.3300989,-1.2085454261302948,SEC14L5,LMC,ELK4,ETS
2704,0,-0.46353218,-0.19389851,-1.4064982,-0.37545103669166563,SLC17A9,LMC,STAT1,Stat
142,1,-0.224798,-0.224798,-1.0540168,-1.294656924009323,ANKRD37,MEF,EBF1,EBF
3151,1,-0.045514207,-0.047810853,1.6358356,-0.2994323718547821,TULP2,MEF,RFX5,HTH
1616,1,-0.18068624,-0.24097927,-2.81084,-0.8674125111103058,LAMA2,MEF,MAZ,Zf
1398,1,-0.8272477,-0.24097927,1.0845106,0.9254085111618042,HSPA4L,MEF,BCL11A,Zf
2748,1,-0.11401458,-0.1286468,-1.5294625,-0.7786832523345947,SLC44A3,MEF,MAX,bHLH
1939,1,0.027779544,-0.26024023,1.0546967,-1.0759962499141693,NAPB,MEF,BACH1,bZIP
1119,1,0.027779544,-0.26024023,-1.7919841,-0.046841009855270385,FST,MEF,BACH1,bZIP
1463,1,-0.38773212,-0.38773212,-1.116266,-1.4680499589443208,INCENP,MEF,PAX5,"Paired,Homeobox"
3026,0,-0.33201274,-0.26024023,1.2060415,0.11009214997291565,TMEM180,LMC,FOS,bZIP
1236,0,-0.25854215,-0.26616102,-1.5351888,-1.416886042356491,GPR124,LMC,E2F6,E2F
1304,0,-0.11401458,-0.1286468,1.7955786,1.00070854306221,GUCY1A3,LMC,MAX,bHLH
900,1,-0.28139952,-0.1286468,1.4426994,0.25864370226860045,ENPP5,MEF,TCF12,bHLH
2747,0,-0.31947148,-0.31947148,1.1855206,1.249435007572174,SLC44A1,LMC,NRF1,NRF
832,1,-0.33201274,-0.26024023,-1.027581,0.5007496690750122,DYSF,MEF,FOS,bZIP
2417,0,-0.25096336,-0.26024023,1.1701922,0.39483567237854006,RAB27B,LMC,FOSL2,bZIP
336,1,-0.41671586,-0.24097927,1.1669624,-0.2842227554321289,CABLES1,MEF,EGR1,Zf
1182,1,-0.46353218,-0.19389851,1.2894192,1.159469097852707,GGCT,MEF,STAT1,Stat
1530,0,-0.38754547,-0.3966394,1.6391324,1.7614894258975982,KCNAB2,LMC,ELK1,ETS
863,1,-0.28139952,-0.1286468,-1.6301057,-1.4725867807865143,EFNA2,MEF,TCF12,bHLH
2265,1,-0.40379766,-0.24097927,3.7187953,0.570024802684784,PLS1,MEF,ZKSCAN1,Zf
1588,0,-0.28139952,-0.1286468,-2.5663316,-2.5628107821941377,KLF12,LMC,TCF12,bHLH
1433,1,-0.41671586,-0.24097927,-5.3167334,-2.0587086164951325,IKZF1,MEF,EGR1,Zf
332,0,-0.12181938,-0.1286468,3.644765,-0.5078005826473236,C3,LMC,BHLHE40,bHLH
2743,0,-0.1281041,-0.1286468,1.4633803,1.4438378071784974,SLC40A1,LMC,USF2,bHLH
1326,1,-0.34774294,-0.3966394,1.7722064,0.8444059026241303,HERC3,MEF,ETS1,ETS
2645,0,-0.23256464,-0.24097927,1.9081333,1.3687666642665863,SH2D4B,LMC,YY1,Zf
2054,1,-0.41846725,-0.3966394,1.6799653,-0.2102972936630249,NUCB2,MEF,GABPA,ETS
336,1,-0.40379766,-0.24097927,1.1669624,-0.344034218788147,CABLES1,MEF,ZKSCAN1,Zf
755,0,-0.224798,-0.224798,-1.0674298,-0.5701956856250763,DHFR,LMC,EBF1,EBF
1020,1,-0.22547291,-0.26616102,-2.3991683,-2.0928165316581726,FAT3,MEF,E2F4,E2F
1143,1,-0.17329708,-0.26024023,2.7778296,0.6071060812473297,GALNT3,MEF,JUND,bZIP
3050,1,0.027779544,-0.26024023,1.4297026,1.2446840679645539,TMTC1,MEF,BACH1,bZIP
341,0,-0.28139952,-0.1286468,-1.2593856,1.7726320779323579,CACNA1H,LMC,TCF12,bHLH
1361,0,-0.3548418,-0.24097927,-2.0191097,-1.5067496907711029,HOXA6,LMC,ZNF263,Zf
600,1,-0.17329708,-0.26024023,-1.0201135,-0.5801984679698944,CNRIP1,MEF,JUND,bZIP
2985,0,-0.38938692,-0.38938692,1.1835107,0.14893579244613647,TIMP1,LMC,TCF3,HMG
303,1,-0.17236876,-0.17236876,1.4564615,1.2194663798809051,BMP8B,MEF,TEAD4,TEA
1130,1,-0.22547291,-0.26616102,1.3716244,0.10171479821205139,FZD9,MEF,E2F4,E2F
496,0,-0.28139952,-0.1286468,-1.4552879,-1.3537535893917083,CDKN3,LMC,TCF12,bHLH
2162,1,-0.41846725,-0.3966394,-1.3284223,-0.7416794610023498,PDE10A,MEF,GABPA,ETS
3194,1,-0.020064104,-0.19389851,-2.786687,-1.861958943605423,VCAN,MEF,STAT3,Stat
217,0,-0.12181938,-0.1286468,-1.5774028,-1.4066144156455993,ART4,LMC,BHLHE40,bHLH
68,0,-0.17329708,-0.26024023,2.2701433,-0.8123750722408295,ADAP2,LMC,JUND,bZIP
3011,0,-0.41846725,-0.3966394,-2.6684415,-0.6109865355491638,TMEM121,LMC,GABPA,ETS
216,1,-0.38938692,-0.38938692,3.1296258,0.047683743238449094,ART3,MEF,TCF3,HMG
1770,0,-0.34774294,-0.3966394,3.0686073,1.9329721355438232,MARCO,LMC,ETS1,ETS
526,0,-0.17329708,-0.26024023,-1.5504444,-1.5217604970932006,CEP72,LMC,JUND,bZIP
895,0,-0.01744671,-0.24097927,-2.741761,-1.5184640395641327,ENO3,LMC,CTCF,Zf
2915,1,-0.18068624,-0.24097927,1.2508746,1.30468266248703,SYNPO,MEF,MAZ,Zf
2327,0,0.027779544,-0.26024023,-1.7413819,0.27601147413253785,PRDM6,LMC,BACH1,bZIP
290,0,-0.3548418,-0.24097927,-1.3356876,-1.4791144299507142,BGN,LMC,ZNF263,Zf
2275,0,0.027779544,-0.26024023,1.0600202,0.9681494271755219,PM20D2,LMC,BACH1,bZIP
1492,0,-0.28139952,-0.1286468,2.4321718,0.6353296840190887,ITGA7,LMC,TCF12,bHLH
1814,1,-0.37391356,-0.26024023,1.0535716,0.4653367269039154,METTL21A,MEF,ATF2,bZIP
678,0,-0.34920207,-0.3966394,1.3000749,0.8345017921924591,CTDSPL,LMC,ELF1,ETS
2309,1,-0.25854215,-0.26616102,-2.0227222,-0.22538530826568604,PPL,MEF,E2F6,E2F
1591,1,-0.25096336,-0.26024023,1.2468134,0.9863248801231385,KLF9,MEF,FOSL2,bZIP
1579,0,-0.38754547,-0.3966394,1.2811211,1.1467401564121247,KIF3A,LMC,ELK1,ETS
2815,1,-0.38773212,-0.38773212,-2.193145,-2.618510603904724,SP100,MEF,PAX5,"Paired,Homeobox"
906,0,0.027779544,-0.26024023,-1.4759874,-1.042630491256714,EPHA4,LMC,BACH1,bZIP
1481,1,-0.25854215,-0.26616102,2.3218336,0.7631053805351258,IRX3,MEF,E2F6,E2F
1619,0,-0.17329708,-0.26024023,1.9870634,1.151954470872879,LAMB3,LMC,JUND,bZIP
1154,1,-0.22547291,-0.26616102,1.8328152,0.46599279165267943,GATA3,MEF,E2F4,E2F
2880,0,-0.25854215,-0.26616102,1.6237278,-0.3164609396457672,STEAP4,LMC,E2F6,E2F
1420,1,-0.38727695,-0.26024023,-1.1545213,-1.255813456773758,IGF2BP2,MEF,MAFK,bZIP
1865,1,-0.042086042,-0.24097927,1.1478183,0.309170595407486,MPC1,MEF,GATA3,Zf
3085,0,-0.18553022,-0.24097927,-2.4521747,-2.2326408720016477,TPM2,LMC,SP1,Zf
1215,0,-0.224798,-0.224798,-1.0471468,-1.0974323272705078,GNG10,LMC,EBF1,EBF
1717,0,-0.38754547,-0.3966394,-1.2593111,-0.11167922735214234,LSP1,LMC,ELK1,ETS
1889,1,-0.17236876,-0.17236876,1.9976261,0.4838922715187073,MT3,MEF,TEAD4,TEA
316,1,0.027779544,-0.26024023,1.6416403,-1.7205146849155426,BTC,MEF,BACH1,bZIP
203,1,-0.25096336,-0.26024023,-5.6908154,-3.2832520735263824,ARL11,MEF,FOSL2,bZIP
2328,0,-0.29358298,-0.46688727,1.683577,0.5015516901016235,PRDX1,LMC,NANOG,Homeobox
713,1,-0.34369484,-0.46688727,1.1914463,1.0928160846233368,CYLD,MEF,PBX3,Homeobox
1569,0,-0.38754547,-0.3966394,-1.7011287,-1.6105204331874847,KIF18B,LMC,ELK1,ETS
668,0,-0.38773212,-0.38773212,-1.509851,-1.0153182423114777,CSMD3,LMC,PAX5,"Paired,Homeobox"
2215,1,-0.8272477,-0.24097927,-3.5308938,-0.8308851408958435,PIK3R6,MEF,BCL11A,Zf
2605,1,-0.40379766,-0.24097927,-5.124639,-2.819787881374359,SELPLG,MEF,ZKSCAN1,Zf
2734,0,-0.8272477,-0.24097927,-2.5573225,-2.0735335636138914,SLC35F2,LMC,BCL11A,Zf
1900,0,-0.34369484,-0.46688727,-2.8135483,-1.3694412565231324,MXD3,LMC,PBX3,Homeobox
747,0,-0.17329708,-0.26024023,-1.0409411,-0.7123156523704529,DENND3,LMC,JUND,bZIP
3121,1,-0.045514207,-0.047810853,1.5245988,-0.07457327961921692,TSHR,MEF,RFX5,HTH
1648,1,-0.17329708,-0.26024023,-1.2747815,-0.10016023397445678,LGMN,MEF,JUND,bZIP
2027,0,-0.41671586,-0.24097927,1.5599903,-0.6535414707660675,NPTX1,LMC,EGR1,Zf
1182,1,-0.33201274,-0.26024023,1.2894192,1.0633551108837127,GGCT,MEF,FOS,bZIP
3227,1,-0.11401458,-0.1286468,1.2699397,0.802301938533783,WNT11,MEF,MAX,bHLH
2033,0,-0.020064104,-0.19389851,-1.9519585,-1.3838494777679444,NR2F1,LMC,STAT3,Stat
3158,1,-0.17329708,-0.26024023,-1.4257566,-1.6791761994361878,UBA7,MEF,JUND,bZIP
678,0,-0.01744671,-0.24097927,1.3000749,1.0760933542251587,CTDSPL,LMC,CTCF,Zf
2980,1,-0.18068624,-0.24097927,1.0738952,0.24158937811851502,TIAM2,MEF,MAZ,Zf
2319,1,-0.29358298,-0.46688727,2.1115367,0.19372138500213623,PPP1R9A,MEF,NANOG,Homeobox
34,1,-0.25096336,-0.26024023,1.1048169,-0.4455618524551392,ACSL4,MEF,FOSL2,bZIP
2496,0,-0.41671586,-0.24097927,-1.8756744,-1.0267680656909943,RGS5,LMC,EGR1,Zf
3028,1,-0.34369484,-0.46688727,-1.0065502,0.0784808909893036,TMEM191C,MEF,PBX3,Homeobox
2173,1,-0.34774294,-0.3966394,1.019513,-0.4199718225002289,PDGFC,MEF,ETS1,ETS
2641,1,-0.18068624,-0.24097927,-1.5156106,-1.465996627807617,SGOL2,MEF,MAZ,Zf
1743,0,-0.28139952,-0.1286468,1.2423561,1.2252318596839904,MAF,LMC,TCF12,bHLH
1933,0,-0.11401458,-0.1286468,-1.0543683,-0.23384063124656676,NAALAD2,LMC,MAX,bHLH
3223,1,-0.22547291,-0.26616102,1.0999924,0.4662470865249634,WNK3,MEF,E2F4,E2F
1586,0,-0.12181938,-0.1286468,-1.0530518,-1.0174278438091278,KISS1R,LMC,BHLHE40,bHLH
2202,1,-0.41671586,-0.24097927,1.4637411,-0.9833510732650756,PGRMC1,MEF,EGR1,Zf
432,1,-0.224798,-0.224798,-1.9549283,-1.932142791748047,CD14,MEF,EBF1,EBF
3085,0,-0.25096336,-0.26024023,-2.4521747,-1.9960760641098023,TPM2,LMC,FOSL2,bZIP
2763,0,-0.08447774,-0.18341035,-1.3758038,-0.9765657329559326,SLC9A5,LMC,FOXA2,Forkhead
2988,1,-0.3666467,-0.24097927,2.4701684,0.3322618782520294,TIPARP,MEF,GATA1,Zf
2088,1,-0.41846725,-0.3966394,-1.8919541,-0.41818090200424196,OPN3,MEF,GABPA,ETS
3074,1,0.0047023874,-0.1286468,1.9111053,1.1198736917972565,TNS4,MEF,USF1,bHLH
259,1,-0.38727695,-0.26024023,-1.0887047,-1.2170468866825104,B3GNT8,MEF,MAFK,bZIP
2998,1,-0.45815486,-0.27375907,-5.6713085,-1.882981892824173,TLR7,MEF,MEF2A,MADS
705,1,-0.17329708,-0.26024023,1.9690752,1.7108023810386657,CXXC4,MEF,JUND,bZIP
1323,1,-0.37391356,-0.26024023,-1.2728531,-1.145245110988617,HEG1,MEF,ATF2,bZIP
1780,0,-0.18068624,-0.24097927,-1.1029267,-1.3425539433956146,MBOAT2,LMC,MAZ,Zf
1515,0,0.027779544,-0.26024023,1.2330387,1.004958621263504,JPH1,LMC,BACH1,bZIP
2571,0,-0.11401458,-0.1286468,2.2119925,0.3934557795524597,SAMSN1,LMC,MAX,bHLH
1679,0,-0.17329708,-0.26024023,-1.5416106,-1.317847776412964,LOXL3,LMC,JUND,bZIP
2816,0,-0.23256464,-0.24097927,1.4846952,0.9489574980735779,SP110,LMC,YY1,Zf
659,0,-0.06375064,-0.1286468,1.5512286,0.2983704543113708,CRYAB,LMC,MYOG,bHLH
1682,1,-0.3666467,-0.24097927,-2.7435303,-1.8232178127765655,LPAR5,MEF,GATA1,Zf
478,1,-0.33011255,-0.26024023,-1.505004,-1.5018016600608826,CDCA8,MEF,ATF1,bZIP
2217,1,-0.3548418,-0.24097927,-1.0918547,-0.535986088514328,PIP4K2A,MEF,ZNF263,Zf
83,0,-0.33201274,-0.26024023,-2.5038176,0.0937005615234375,ADRA1D,LMC,FOS,bZIP
1559,0,-0.40379766,-0.24097927,-1.662673,-1.7087928223609925,KCTD15,LMC,ZKSCAN1,Zf
1132,1,-0.41846725,-0.3966394,4.8123417,1.4855547726154328,GABRA2,MEF,GABPA,ETS
144,1,-0.18068624,-0.24097927,-2.612855,-1.6214984059333801,ANLN,MEF,MAZ,Zf
2184,0,-0.28139952,-0.1286468,-1.4413091,0.40180820822715757,PDZRN3,LMC,TCF12,bHLH
1350,0,-0.28139952,-0.1286468,1.3456764,-0.1549856972694397,HNMT,LMC,TCF12,bHLH
1045,1,0.0047023874,-0.1286468,-2.1285722,-2.1384738743305207,FES,MEF,USF1,bHLH
1034,1,-0.18068624,-0.24097927,1.6846279,1.3745050513744355,FBXO32,MEF,MAZ,Zf
215,0,-0.3548418,-0.24097927,-1.361589,-1.2230789971351623,ARSJ,LMC,ZNF263,Zf
1613,0,-0.37391356,-0.26024023,2.4317777,2.178786550760269,LAD1,LMC,ATF2,bZIP
2474,0,-0.2409758,-0.26024023,1.6744331,1.5520456290245057,RBP4,LMC,MAFF,bZIP
2067,1,-0.1281041,-0.1286468,-1.3362417,-0.320238516330719,NXPH4,MEF,USF2,bHLH
1145,0,-0.2409758,-0.26024023,2.0527973,0.5302773201465607,GALNT6,LMC,MAFF,bZIP
2039,0,-0.41846725,-0.3966394,-1.6790822,-1.2498122811317445,NRN1,LMC,GABPA,ETS
2208,1,-0.37391356,-0.26024023,-2.939009,-1.0691543698310852,PIEZO2,MEF,ATF2,bZIP
2386,0,0.027779544,-0.26024023,2.0515485,1.5404347372055054,PTPN6,LMC,BACH1,bZIP
3055,1,-0.46353218,-0.19389851,-2.0917385,-2.0656777012348173,TNFAIP8L1,MEF,STAT1,Stat
2285,0,-0.18068624,-0.24097927,-2.1879153,-1.132912846803665,PODNL1,LMC,MAZ,Zf
3167,1,-0.12181938,-0.1286468,-2.9578276,-2.055233130455017,UHRF1,MEF,BHLHE40,bHLH
398,1,-0.24300791,-0.24097927,1.0387565,1.4182667315006257,CCDC63,MEF,GATA2,Zf
1329,0,-1.3901731,-0.3966394,1.7447802,1.4426730525493623,HHEX,LMC,FLI1,ETS
1087,1,-0.65736616,-0.46688727,1.1361747,0.5602190363407135,FNDC3A,MEF,CUX1,Homeobox
1743,0,-0.020064104,-0.19389851,1.2423561,1.2423560619354248,MAF,LMC,STAT3,Stat
1933,0,-0.26226777,-0.42959467,-1.0543683,0.04180051684379578,NAALAD2,LMC,IRF1,IRF
3220,1,-0.020064104,-0.19389851,-1.2829525,1.0855695819854736,WIPF1,MEF,STAT3,Stat
3015,0,-0.38727695,-0.26024023,1.3065541,0.34948094964027404,TMEM140,LMC,MAFK,bZIP
1728,0,-0.769263,-0.26024023,2.4247549,2.2165397679805756,LY86,LMC,BATF,bZIP
2982,1,-0.33011255,-0.26024023,-2.3347836,-1.6059663677215577,TICRR,MEF,ATF1,bZIP
650,0,-0.31947148,-0.31947148,2.2406585,2.240711758136749,CREG2,LMC,NRF1,NRF
469,0,-0.5710992,-0.24097927,-1.0888088,-1.1367501568794252,CDC42EP4,LMC,ZBTB33,Zf
585,1,-0.38727695,-0.26024023,1.8285992,0.4920327889919281,CLU,MEF,MAFK,bZIP
2389,0,-0.38727695,-0.26024023,1.294315,1.6103265285491943,PTPRE,LMC,MAFK,bZIP
1568,1,-0.31947148,-0.31947148,-2.5758445,-1.8053722310066223,KIF15,MEF,NRF1,NRF
1730,1,-0.1281041,-0.1286468,-4.433676,-2.9624786365032194,LYL1,MEF,USF2,bHLH
2414,0,-0.12181938,-0.1286468,-1.3037294,-1.401769666671753,RAB23,LMC,BHLHE40,bHLH
94,0,-0.22816904,-0.26024023,1.1446893,0.8280774080753326,AHCYL2,LMC,ATF3,bZIP
2574,1,-0.224798,-0.224798,-2.472195,-0.41923342943191527,SAPCD2,MEF,EBF1,EBF
2777,0,-0.6753632,-0.24097927,1.3346709,0.9913521957397461,SMARCA2,LMC,SP2,Zf
1257,0,-0.08447774,-0.18341035,1.0783671,1.0728099942207336,GPR39,LMC,FOXA2,Forkhead
2817,0,-0.2409758,-0.26024023,1.6528256,0.8515529429912567,SP140,LMC,MAFF,bZIP
813,1,-0.25096336,-0.26024023,-1.3771924,0.7848235201835633,DRP2,MEF,FOSL2,bZIP
3138,1,-0.1281041,-0.1286468,1.1241281,0.5198459208011628,TTLL11,MEF,USF2,bHLH
43,1,-0.25096336,-0.26024023,-1.1028354,-1.1064686274528504,ACY1,MEF,FOSL2,bZIP
2830,1,-0.25854215,-0.26616102,2.2287126,-0.4620126640796661,SPEF2,MEF,E2F6,E2F
2935,0,-0.28139952,-0.1286468,-1.1207796,-1.1023500621318818,TARSL2,LMC,TCF12,bHLH
1759,0,-0.17329708,-0.26024023,-1.2019571,-1.2571613359451295,MAP2K6,LMC,JUND,bZIP
2289,1,-0.17329708,-0.26024023,-1.1583761,-1.2975805449485778,POLD1,MEF,JUND,bZIP
1344,0,-0.8272477,-0.24097927,-1.063044,-0.008485503196716308,HMGCS1,LMC,BCL11A,Zf
827,0,-0.11401458,-0.1286468,1.3163043,0.4363547801971436,DUSP6,LMC,MAX,bHLH
1986,1,-0.18068624,-0.24097927,5.1794167,1.3111644828319549,NGFR,MEF,MAZ,Zf
1123,0,-0.46353218,-0.19389851,1.4232948,1.181065446138382,FTH1,LMC,STAT1,Stat
2959,0,-0.01744671,-0.24097927,-1.0561966,-0.840403926372528,TEX14,LMC,CTCF,Zf
2277,1,-0.020064104,-0.19389851,-1.672663,-1.6238572561740876,PMF1,MEF,STAT3,Stat
2515,1,-0.22816904,-0.26024023,1.1263795,-0.46909223556518553,RND1,MEF,ATF3,bZIP
514,0,-0.18553022,-0.24097927,-1.4865025,-1.4435052597522735,CENPI,LMC,SP1,Zf
451,0,-0.23256464,-0.24097927,2.0789714,1.992046456336975,CD53,LMC,YY1,Zf
205,1,-0.25096336,-0.26024023,1.1241271,-0.37260068774223326,ARL4A,MEF,FOSL2,bZIP
799,1,-0.18553022,-0.24097927,-1.4129221,-1.1505315947532653,DPCR1,MEF,SP1,Zf
3250,0,-0.06375064,-0.1286468,-2.442775,-2.2388843834400176,ZC3HAV1L,LMC,MYOG,bHLH
472,1,-0.5097531,-0.26616102,-1.1619854,-1.4844976842403412,CDC7,MEF,E2F1,E2F
3195,1,-0.38938692,-0.38938692,-1.7373035,-2.319354993104935,VDR,MEF,TCF3,HMG
1976,1,-0.34920207,-0.3966394,1.2830062,0.10065747380256652,NET1,MEF,ELF1,ETS
557,0,0.0047023874,-0.1286468,-1.4300829,-1.4372340905666352,CHTF18,LMC,USF1,bHLH
469,0,-0.1281041,-0.1286468,-1.0888088,-1.1156636524200438,CDC42EP4,LMC,USF2,bHLH
1123,0,-0.32353044,-0.32353044,1.4232948,1.1844212567806245,FTH1,LMC,HNF4A,NR
1298,0,-0.46353218,-0.19389851,1.7987171,1.3946479666233063,GSTA4,LMC,STAT1,Stat
2564,1,-0.12181938,-0.1286468,-1.2048824,0.8981540763378143,S1PR2,MEF,BHLHE40,bHLH
775,1,-0.29358298,-0.46688727,-1.7200471,0.6387560904026032,DMRTA2,MEF,NANOG,Homeobox
1472,1,0.0047023874,-0.1286468,-1.5299138,-1.4324559032917024,IQGAP2,MEF,USF1,bHLH
2194,1,-0.38773212,-0.38773212,1.4172895,-0.5214230132102966,PFN4,MEF,PAX5,"Paired,Homeobox"
1609,0,-0.34774294,-0.3966394,2.0522947,1.9920982325077057,KRT7,LMC,ETS1,ETS
33,0,-0.12181938,-0.1286468,-1.134941,-1.2739409029483795,ACSL3,LMC,BHLHE40,bHLH
2370,1,-0.23256464,-0.24097927,1.7110711,0.22953328371047974,PTGDR2,MEF,YY1,Zf
632,1,-0.26226777,-0.42959467,-4.326084,-2.5323720526695253,CORO2A,MEF,IRF1,IRF
1292,0,-0.41671586,-0.24097927,1.1802437,0.8601752007007599,GSDMD,LMC,EGR1,Zf
313,0,-0.37391356,-0.26024023,1.2584305,0.05720538139343262,BST2,LMC,ATF2,bZIP
2031,1,-0.33134362,-0.24097927,1.6603361,-0.24691182613372803,NQO1,MEF,ZEB1,Zf
2790,1,0.0047023874,-0.1286468,-1.597613,-0.12020111083984375,SNCAIP,MEF,USF1,bHLH
869,0,-0.5097531,-0.26616102,-1.1764196,0.541698579788208,EGFR,LMC,E2F1,E2F
1275,1,-0.3548418,-0.24097927,-1.1356292,-0.7783582818508148,GRB14,MEF,ZNF263,Zf
445,1,-0.18068624,-0.24097927,-3.5008187,-3.4957069778442382,CD33,MEF,MAZ,Zf
1750,0,0.0047023874,-0.1286468,-1.3566232,-0.6903197336196899,MAMSTR,LMC,USF1,bHLH
640,0,-0.26226777,-0.42959467,2.1132483,2.044392409324646,CPNE7,LMC,IRF1,IRF
899,1,-0.34920207,-0.3966394,1.4761393,0.38058324694633483,ENPP4,MEF,ELF1,ETS
2333,1,-0.17236876,-0.17236876,2.1173315,-0.9278622531890869,PRKAA2,MEF,TEAD4,TEA
3216,1,-0.045514207,-0.047810853,-1.087505,0.04278710722923279,WDR90,MEF,RFX5,HTH
949,0,-0.25096336,-0.26024023,-1.0199808,-0.7330077028274536,F2RL1,LMC,FOSL2,bZIP
1166,0,0.0047023874,-0.1286468,1.0405315,1.6315549731254577,GCLM,LMC,USF1,bHLH
2052,0,-0.18068624,-0.24097927,-2.210892,-0.8327135419845582,NTRK3,LMC,MAZ,Zf
1691,1,-0.18068624,-0.24097927,1.5712949,-0.28863956809043884,LRFN5,MEF,MAZ,Zf
992,1,-0.042086042,-0.24097927,1.0064623,1.02647221326828,FAM212B,MEF,GATA3,Zf
2212,1,-0.37391356,-0.26024023,-2.0298722,-1.3089053511619568,PIK3CD,MEF,ATF2,bZIP
3194,1,0.0047023874,-0.1286468,-2.786687,-1.1512470376491546,VCAN,MEF,USF1,bHLH
1321,0,0.027779544,-0.26024023,1.4760606,1.6444055199623109,HDAC9,LMC,BACH1,bZIP
1050,0,-0.38773212,-0.38773212,-1.2463815,-0.6079765295982361,FGF11,LMC,PAX5,"Paired,Homeobox"
1052,1,-0.18068624,-0.24097927,2.0621297,1.6946467089653015,FGF13,MEF,MAZ,Zf
1380,0,-0.31947148,-0.31947148,2.6664946,2.5408310437202455,HOXD8,LMC,NRF1,NRF
1316,1,-0.38938692,-0.38938692,-2.753857,-2.936309700012207,HCK,MEF,TCF3,HMG
232,0,-0.3548418,-0.24097927,-2.1255682,-2.00126012802124,ASTN2,LMC,ZNF263,Zf
1031,1,0.15241732,-0.18341035,-1.2496772,-1.2369907987117768,FBXL8,MEF,FOXA1,Forkhead
176,1,-0.33011255,-0.26024023,-5.3653564,-3.795344351530075,ARAP3,MEF,ATF1,bZIP
703,1,-0.224798,-0.224798,-1.3933158,-0.013020234107971191,CXCR4,MEF,EBF1,EBF
2157,0,0.027779544,-0.26024023,2.0754435,1.3824049949645996,PCSK1,LMC,BACH1,bZIP
3186,1,-0.1281041,-0.1286468,-1.9262128,-2.1819497072696685,VANGL2,MEF,USF2,bHLH
8,0,-0.1281041,-0.1286468,-1.1349243,-0.852192165851593,ABCA5,LMC,USF2,bHLH
2402,0,-0.5710992,-0.24097927,1.5811112,1.2527397131919862,PYCARD,LMC,ZBTB33,Zf
1544,0,-0.3666467,-0.24097927,1.8411628,1.987183393239975,KCNJ10,LMC,GATA1,Zf
14,1,-0.1281041,-0.1286468,1.7857124,-0.4450996959209442,ABCG4,MEF,USF2,bHLH
1146,0,-1.3901731,-0.3966394,-1.4452633,-0.20961816906929015,GAMT,LMC,FLI1,ETS
1350,0,0.15241732,-0.18341035,1.3456764,1.0886485064029694,HNMT,LMC,FOXA1,Forkhead
473,1,-0.31947148,-0.31947148,-1.8354515,-1.8222048580646515,CDCA2,MEF,NRF1,NRF
540,1,-0.01744671,-0.24097927,-1.2755494,0.7968432009220123,CHD3,MEF,CTCF,Zf
1428,0,-0.01744671,-0.24097927,1.7070159,1.6522905623912811,IGSF11,LMC,CTCF,Zf
2635,1,-0.1281041,-0.1286468,3.8895042,-1.066909626722336,SGCA,MEF,USF2,bHLH
1332,1,-0.12181938,-0.1286468,-1.8082843,0.12204758048057557,HIC1,MEF,BHLHE40,bHLH
3091,0,-0.17329708,-0.26024023,-1.1385286,-0.8997991955280304,TRAM1L1,LMC,JUND,bZIP
2641,1,-0.045514207,-0.047810853,-1.5156106,-0.955118271112442,SGOL2,MEF,RFX5,HTH
761,1,-0.34774294,-0.3966394,2.1421344,1.1396335852146149,DKKL1,MEF,ETS1,ETS
405,0,-0.31947148,-0.31947148,1.926871,1.3147405648231507,CCDC88B,LMC,NRF1,NRF
1199,0,0.027779544,-0.26024023,1.2217073,-1.0541062474250793,GLA,LMC,BACH1,bZIP
2254,1,-0.34369484,-0.46688727,-1.7462673,0.7594793069362641,PLEKHO1,MEF,PBX3,Homeobox
2332,1,-0.34774294,-0.3966394,-1.3902781,-0.6549664008617401,PRIM1,MEF,ETS1,ETS
2394,1,-0.38773212,-0.38773212,1.4080236,-0.442183620929718,PTPRU,MEF,PAX5,"Paired,Homeobox"
428,0,-0.12181938,-0.1286468,1.8884737,1.8734653520584106,CCR1,LMC,BHLHE40,bHLH
605,0,-0.3548418,-0.24097927,-1.0798401,-0.9319024395942688,CNTROB,LMC,ZNF263,Zf
1113,1,-0.06375064,-0.1286468,1.9055704,0.3677340090274811,FRMPD1,MEF,MYOG,bHLH
2542,0,-0.32353044,-0.32353044,-1.5441597,-1.3636775255203246,RRM2,LMC,HNF4A,NR
788,0,-0.18553022,-0.24097927,1.1742103,-0.1674198818206787,DNASE1L1,LMC,SP1,Zf
174,1,-0.40379766,-0.24097927,-1.6604633,-1.934503322839737,ARAP1,MEF,ZKSCAN1,Zf
1630,1,-0.1281041,-0.1286468,2.0006824,-2.291411660909653,LCN2,MEF,USF2,bHLH
2664,0,-0.41671586,-0.24097927,3.2625585,-0.014730470180511475,SHISA7,LMC,EGR1,Zf
262,1,-0.224798,-0.224798,-1.0602292,-1.196322764158249,B4GALT1,MEF,EBF1,EBF
3189,0,-0.17236876,-0.17236876,2.177758,2.0830897998809816,VAT1L,LMC,TEAD4,TEA
698,0,-0.38727695,-0.26024023,2.1743443,1.1059775948524475,CXADR,LMC,MAFK,bZIP
798,1,-0.12181938,-0.1286468,-1.9743371,-1.3746500933170318,DOK3,MEF,BHLHE40,bHLH
1405,1,-0.1281041,-0.1286468,-1.8064386,-0.9816963243484497,HTRA4,MEF,USF2,bHLH
2545,1,0.027779544,-0.26024023,1.4142245,0.8802046179771423,RSPH4A,MEF,BACH1,bZIP
1398,1,-0.045514207,-0.047810853,1.0845106,1.4563462233543396,HSPA4L,MEF,RFX5,HTH
198,1,-0.1281041,-0.1286468,-3.3044653,-1.6642175507545471,ARHGEF39,MEF,USF2,bHLH
24,1,-0.25096336,-0.26024023,2.1553288,1.8563040482997895,ACE,MEF,FOSL2,bZIP
1414,1,-0.65736616,-0.46688727,-1.5857253,-0.16934535503387452,IFITM1,MEF,CUX1,Homeobox
362,1,-0.045514207,-0.047810853,-2.8580058,-0.7721377551555634,CAPN11,MEF,RFX5,HTH
1750,0,-0.26226777,-0.42959467,-1.3566232,-0.6481509971618652,MAMSTR,LMC,IRF1,IRF
3241,0,-0.01744671,-0.24097927,-3.2962632,-0.7323456561565399,XKR5,LMC,CTCF,Zf
2645,0,-0.34369484,-0.46688727,1.9081333,0.8696947038173676,SH2D4B,LMC,PBX3,Homeobox
24,1,-0.38727695,-0.26024023,2.1553288,1.192278962135315,ACE,MEF,MAFK,bZIP
2981,1,-0.37391356,-0.26024023,-1.7296494,-0.45319538593292236,TICAM2,MEF,ATF2,bZIP
325,1,-0.11401458,-0.1286468,-8.960418,-5.251895762681961,C1QB,MEF,MAX,bHLH
1604,0,-0.28139952,-0.1286468,-1.6152551,-1.384293407201767,KNSTRN,LMC,TCF12,bHLH
1831,1,-0.08447774,-0.18341035,-1.0806947,-0.3150380837917328,MIR143HG,MEF,FOXA2,Forkhead
469,0,-0.18553022,-0.24097927,-1.0888088,-1.177205204963684,CDC42EP4,LMC,SP1,Zf
944,0,-0.01744671,-0.24097927,-1.0075725,-0.10035456418991089,EZH2,LMC,CTCF,Zf
1945,0,-0.17329708,-0.26024023,-1.0440217,-1.2595850563049316,NCAM2,LMC,JUND,bZIP
164,1,-0.32353044,-0.32353044,1.6091472,0.6724975633621216,APOB,MEF,HNF4A,NR
2014,1,-0.01744671,-0.24097927,1.4636707,0.944031525850296,NOS1AP,MEF,CTCF,Zf
2292,0,-0.08447774,-0.18341035,-1.0529194,-1.2722811555862428,POLQ,LMC,FOXA2,Forkhead
3099,1,-0.042086042,-0.24097927,-1.4419627,-1.3222738802433014,TRERF1,MEF,GATA3,Zf
889,1,-0.23256464,-0.24097927,-1.1103865,-2.3077870190143583,EMX2OS,MEF,YY1,Zf
1064,0,0.15241732,-0.18341035,1.7644614,-0.37441322326660154,FGL2,LMC,FOXA1,Forkhead
629,1,-0.34920207,-0.3966394,5.5116177,0.7733704304695129,COMP,MEF,ELF1,ETS
772,1,-0.17329708,-0.26024023,2.0703075,0.9533451688289643,DMP1,MEF,JUND,bZIP
2784,0,-0.11401458,-0.1286468,1.2287743,0.6291313433647155,SMPDL3A,LMC,MAX,bHLH
1817,0,-0.042086042,-0.24097927,-4.2151833,-3.5286989188194275,MFAP4,LMC,GATA3,Zf
2323,0,-0.25854215,-0.26616102,-1.8919787,-1.0679897689819335,PRC1,LMC,E2F6,E2F
110,1,-0.2409758,-0.26024023,2.4882102,2.3233643841743468,ALDH1A2,MEF,MAFF,bZIP
2717,1,-0.41846725,-0.3966394,2.2100704,-1.018163812160492,SLC25A48,MEF,GABPA,ETS
849,0,-0.23256464,-0.24097927,-1.3823874,0.8298120069503784,EDA,LMC,YY1,Zf
856,1,-0.23256464,-0.24097927,-2.041312,-1.8499162662029267,EFCAB11,MEF,YY1,Zf
658,1,-0.11401458,-0.1286468,1.7045457,0.7628325057029725,CRNDE,MEF,MAX,bHLH
2359,1,-0.37391356,-0.26024023,-1.1374569,-1.3282575607299805,PRUNE2,MEF,ATF2,bZIP
2562,0,-0.40379766,-0.24097927,2.5597765,1.0426571226119996,S100A8,LMC,ZKSCAN1,Zf
2797,1,-0.06375064,-0.1286468,1.207182,0.533430403470993,SNX16,MEF,MYOG,bHLH
1043,0,-0.34369484,-0.46688727,-1.2050055,-1.1089189946651459,FDPS,LMC,PBX3,Homeobox
1718,0,-0.224798,-0.224798,1.4920015,0.27627718687057495,LSR,LMC,EBF1,EBF
3018,1,-0.22547291,-0.26616102,-3.1052723,0.05779942393302918,TMEM156,MEF,E2F4,E2F
1130,1,-0.06375064,-0.1286468,1.3716244,0.8198825407028199,FZD9,MEF,MYOG,bHLH
2007,1,-0.23256464,-0.24097927,2.0483093,0.7541770839691162,NMNAT2,MEF,YY1,Zf
235,0,-0.41671586,-0.24097927,-1.0292096,-0.5406422972679138,ATG16L2,LMC,EGR1,Zf
644,1,0.027779544,-0.26024023,-2.5321653,0.919795298576355,CRABP1,MEF,BACH1,bZIP
2918,0,-0.25854215,-0.26616102,2.2028306,-0.7024852895736694,SYT10,LMC,E2F6,E2F
1350,1,-0.2409758,-0.26024023,1.0386949,-0.19051992654800415,HNMT,MEF,MAFF,bZIP
1952,1,-0.58022815,-0.42959467,-5.995038,-2.975232741832733,NCF1,MEF,IRF4,IRF
747,0,-0.08447774,-0.18341035,-1.0409411,0.10598017454147339,DENND3,LMC,FOXA2,Forkhead
148,0,-0.11401458,-0.1286468,-1.1924417,-1.1848799586296082,ANTXR1,LMC,MAX,bHLH
1337,1,-0.37391356,-0.26024023,1.9967467,0.7192354583740235,HIST2H2AC,MEF,ATF2,bZIP
1657,0,-0.37391356,-0.26024023,1.8098814,0.9058632123470306,LILRB4,LMC,ATF2,bZIP
1601,1,-0.25854215,-0.26616102,1.0652757,0.0974775242805481,KLRG2,MEF,E2F6,E2F
2915,1,-0.06375064,-0.1286468,1.2508746,1.1436240732669831,SYNPO,MEF,MYOG,bHLH
3148,1,-0.34369484,-0.46688727,-2.1438007,-1.461004866361618,TUBB3,MEF,PBX3,Homeobox
189,0,-0.34920207,-0.3966394,1.2612106,0.8776549708843231,ARHGAP44,LMC,ELF1,ETS
2762,0,-0.33134362,-0.24097927,1.142044,1.0216008949279785,SLC9A3R1,LMC,ZEB1,Zf
2424,1,-0.01744671,-0.24097927,-1.4369997,-0.7547405529022216,RAB3D,MEF,CTCF,Zf
1271,0,-0.38938692,-0.38938692,-2.1776073,0.6824505054950714,GRAMD2,LMC,TCF3,HMG
364,1,-0.8272477,-0.24097927,1.1463557,-0.20090425610542298,CAPS2,MEF,BCL11A,Zf
2014,1,-0.17236876,-0.17236876,1.4636707,1.215897079706192,NOS1AP,MEF,TEAD4,TEA
1932,1,-0.17329708,-0.26024023,1.2759093,0.7828795373439789,MYRF,MEF,JUND,bZIP
99,1,-0.65736616,-0.46688727,1.0351957,-0.7534265434741974,AIG1,MEF,CUX1,Homeobox
2308,1,-0.46353218,-0.19389851,1.3704175,0.567612053155899,PPFIBP2,MEF,STAT1,Stat
705,1,-0.12181938,-0.1286468,1.9690752,1.3424747502803802,CXXC4,MEF,BHLHE40,bHLH
1619,0,-0.40379766,-0.24097927,1.9870634,1.4665591216087341,LAMB3,LMC,ZKSCAN1,Zf
2172,0,0.0047023874,-0.1286468,2.043665,1.4904924702644349,PDGFB,LMC,USF1,bHLH
14,1,-0.34920207,-0.3966394,1.7857124,0.49038038969039915,ABCG4,MEF,ELF1,ETS
1670,1,-0.020064104,-0.19389851,2.8015044,-0.6465504884719848,LMO1,MEF,STAT3,Stat
2376,0,-0.28139952,-0.1286468,1.532433,1.0687909042835235,PTGIS,LMC,TCF12,bHLH
3156,1,-0.41671586,-0.24097927,-9.23168,-3.8882173216342926,TYROBP,MEF,EGR1,Zf
648,1,-0.41846725,-0.3966394,1.092964,1.2571080136299133,CREBL2,MEF,GABPA,ETS
631,1,-0.22547291,-0.26616102,-1.0453374,-0.8092693698406219,CORO1C,MEF,E2F4,E2F
1729,0,0.3057706,-0.27375907,2.2347643,1.3258380246162416,LY9,LMC,MEF2C,MADS
36,1,0.15241732,-0.18341035,2.2403345,-0.9432147669792176,ACSS3,MEF,FOXA1,Forkhead
43,0,-0.11401458,-0.1286468,-1.0422277,-1.4148947703838348,ACY1,LMC,MAX,bHLH
535,1,0.027779544,-0.26024023,1.9061189,0.3546439528465271,CGREF1,MEF,BACH1,bZIP
3240,1,-0.46353218,-0.19389851,2.287634,0.26393598556518555,XKR4,MEF,STAT1,Stat
2323,0,-0.40379766,-0.24097927,-1.8919787,-0.3769578552246094,PRC1,LMC,ZKSCAN1,Zf
1991,0,-0.01744671,-0.24097927,-1.1931095,-0.9685069215297699,NIM1K,LMC,CTCF,Zf
1400,1,-0.38938692,-0.38938692,3.6111457,1.7855520057678222,HSPB2,MEF,TCF3,HMG
1852,0,-0.41671586,-0.24097927,2.4380608,0.9374016010761261,MMP24,LMC,EGR1,Zf
251,1,-0.70387286,-0.18341035,-2.209545,-2.141995723247528,AURKA,MEF,FOXM1,Forkhead
3059,0,-0.12181938,-0.1286468,-1.1181328,1.1044694817066192,TNFRSF11B,LMC,BHLHE40,bHLH
3176,1,-0.38754547,-0.3966394,-3.5481346,-2.3790739929676055,UNC93B1,MEF,ELK1,ETS
2817,1,0.0047023874,-0.1286468,-3.905282,-2.6939745020866392,SP140,MEF,USF1,bHLH
2823,1,-0.37391356,-0.26024023,-1.9032626,-1.706042265892029,SPAG5,MEF,ATF2,bZIP
2273,0,-0.34920207,-0.3966394,2.0984888,1.4646178340911866,PLXNC1,LMC,ELF1,ETS
3173,1,-0.769263,-0.26024023,2.8903458,-0.18279044151306154,UNC5C,MEF,BATF,bZIP
2254,1,0.0047023874,-0.1286468,-1.7462673,0.7131787884235382,PLEKHO1,MEF,USF1,bHLH
2933,1,-0.23256464,-0.24097927,-1.9559231,-0.7407412135601044,TAGLN2,MEF,YY1,Zf
2650,0,-0.31947148,-0.31947148,-1.4161148,-1.0902115905284882,SH3GL3,LMC,NRF1,NRF
511,1,-0.33201274,-0.26024023,-2.789674,-2.778098781108856,CENPE,MEF,FOS,bZIP
1558,1,-0.06375064,-0.1286468,-1.8198549,-2.253500269651413,KCP,MEF,MYOG,bHLH
1787,1,-0.25096336,-0.26024023,-2.5327592,-1.9453889417648316,MCM10,MEF,FOSL2,bZIP
2251,1,-0.31947148,-0.31947148,-3.0162134,-0.519485878944397,PLEKHG4,MEF,NRF1,NRF
2308,1,-0.8272477,-0.24097927,1.3704175,0.09009472966194153,PPFIBP2,MEF,BCL11A,Zf
1139,1,-0.26226777,-0.42959467,-2.5304673,-1.757617383003235,GALNT12,MEF,IRF1,IRF
2504,0,-0.17329708,-0.26024023,1.8920665,1.7460246860980988,RHOV,LMC,JUND,bZIP
443,1,-0.11401458,-0.1286468,-6.655769,-4.675311484336853,CD300LD,MEF,MAX,bHLH
1957,1,-0.38727695,-0.26024023,-2.6176684,-1.1088978302478791,NDC80,MEF,MAFK,bZIP
2893,0,-0.33011255,-0.26024023,1.5128429,0.3342654716968536,STRA6,LMC,ATF1,bZIP
1788,1,-0.18553022,-0.24097927,-1.1892185,-1.9634049332141876,MCM2,MEF,SP1,Zf
181,1,-0.41846725,-0.3966394,-2.8857563,-2.501632614135742,ARHGAP19,MEF,GABPA,ETS
900,1,-0.34369484,-0.46688727,1.4426994,-0.13596223711967467,ENPP5,MEF,PBX3,Homeobox
2212,1,-0.01744671,-0.24097927,-2.0298722,-2.6255095744132997,PIK3CD,MEF,CTCF,Zf
1686,0,-0.37391356,-0.26024023,-1.2792101,-1.449282054901123,LPP,LMC,ATF2,bZIP
1773,1,-0.34920207,-0.3966394,-1.0550821,-0.8487188363075256,MAST1,MEF,ELF1,ETS
2582,1,-0.7640029,-0.42959467,1.2089567,-0.5859917843341828,SCIN,MEF,IRF3,IRF
983,0,-0.25854215,-0.26616102,-2.6954505,-1.6724276757240295,FAM184B,LMC,E2F6,E2F
1226,1,-0.25854215,-0.26616102,-1.02046,-0.6397943675518036,GPC2,MEF,E2F6,E2F
427,1,-0.22816904,-0.26024023,1.174304,1.1107276117801665,CCPG1,MEF,ATF3,bZIP
2185,1,-0.3548418,-0.24097927,-1.7224369,-0.08325473070144654,PEG10,MEF,ZNF263,Zf
454,0,-0.3548418,-0.24097927,2.0241923,2.0417273414134978,CD68,LMC,ZNF263,Zf
491,0,-0.18553022,-0.24097927,-1.1883136,-1.153505848646164,CDK5R1,LMC,SP1,Zf
1879,1,-0.12181938,-0.1286468,-8.843497,-5.743024957180023,MS4A7,MEF,BHLHE40,bHLH
1789,1,-0.34369484,-0.46688727,-2.0146992,-1.6739932441711425,MCM3,MEF,PBX3,Homeobox
3241,1,-0.11401458,-0.1286468,-1.8962338,-1.754844753742218,XKR5,MEF,MAX,bHLH
2699,1,0.15241732,-0.18341035,-1.7570183,1.3832238137722015,SLC16A3,MEF,FOXA1,Forkhead
1183,1,-0.18068624,-0.24097927,1.5125006,1.1026002490520477,GGH,MEF,MAZ,Zf
2488,1,-0.33134362,-0.24097927,-1.8506032,-1.1518477427959442,RGCC,MEF,ZEB1,Zf
3199,1,-0.37391356,-0.26024023,1.1633813,-0.3729952776432037,VKORC1,MEF,ATF2,bZIP
3193,1,-0.18553022,-0.24097927,-1.4464716,-1.46456911444664,VCAM1,MEF,SP1,Zf
62,0,-0.28139952,-0.1286468,-1.7200596,-2.4393707847595216,ADAMTS6,LMC,TCF12,bHLH
3046,0,-0.28139952,-0.1286468,2.2893217,1.615182594060898,TMEM59L,LMC,TCF12,bHLH
1096,0,-0.18553022,-0.24097927,-1.9257618,-1.6862480664253234,FOXC2,LMC,SP1,Zf
678,0,-0.12181938,-0.1286468,1.3000749,1.1324475717544555,CTDSPL,LMC,BHLHE40,bHLH
2915,0,-0.18068624,-0.24097927,-1.145586,-1.0588374292850495,SYNPO,LMC,MAZ,Zf
3043,0,-0.38727695,-0.26024023,-1.7627646,0.6341908276081085,TMEM51,LMC,MAFK,bZIP
2990,1,-0.38727695,-0.26024023,-1.960353,-1.3247439408302306,TK1,MEF,MAFK,bZIP
2434,0,-0.25854215,-0.26616102,-1.1553025,0.15551138997077943,RAD51C,LMC,E2F6,E2F
3261,1,-0.11401458,-0.1286468,1.0759444,-0.011396714448928834,ZKSCAN4,MEF,MAX,bHLH
1504,1,-0.045514207,-0.047810853,1.6061926,1.2690641474723816,ITM2A,MEF,RFX5,HTH
1619,0,-0.25854215,-0.26616102,1.9870634,1.650956106185913,LAMB3,LMC,E2F6,E2F
2769,0,-0.1281041,-0.1286468,2.0982068,0.988601245880127,SLFN5,LMC,USF2,bHLH
2990,1,0.15241732,-0.18341035,-1.960353,-0.7403103542327881,TK1,MEF,FOXA1,Forkhead
264,0,-0.11401458,-0.1286468,1.459374,0.9265244078636169,B4GALT5,LMC,MAX,bHLH
18,0,-0.33134362,-0.24097927,1.6090713,1.1599224853515624,ABLIM3,LMC,ZEB1,Zf
2116,1,-0.045514207,-0.047810853,1.2539239,1.4381247293949126,PAM,MEF,RFX5,HTH
2168,0,-0.29358298,-0.46688727,-1.5470585,-1.3738928055763244,PDE4B,LMC,NANOG,Homeobox
2369,1,0.0047023874,-0.1286468,3.4115245,0.8051040482521057,PTCHD2,MEF,USF1,bHLH
2881,1,-0.33011255,-0.26024023,-1.7704527,-1.2621466243267059,STIL,MEF,ATF1,bZIP
2093,1,-0.22547291,-0.26616102,-1.1566182,0.8156084632873535,OSMR,MEF,E2F4,E2F
23,0,-0.17329708,-0.26024023,-1.0546592,-0.027368507385253905,ACAT2,LMC,JUND,bZIP
54,0,-0.24300791,-0.24097927,-1.0607144,-1.1349305212497711,ADAMTS1,LMC,GATA2,Zf
2279,0,-0.46353218,-0.19389851,-1.1177921,-0.4525323915481567,PMVK,LMC,STAT1,Stat
953,1,0.027779544,-0.26024023,1.0861168,0.8602207100391388,FAAH,MEF,BACH1,bZIP
781,1,-0.045514207,-0.047810853,-1.7769861,1.2900280940532685,DNAH6,MEF,RFX5,HTH
1017,1,-0.6753632,-0.24097927,-1.9749366,-1.992439522743225,FANCI,MEF,SP2,Zf
1295,1,-0.38938692,-0.38938692,-1.2473489,-1.2226243793964386,GSN,MEF,TCF3,HMG
1204,0,-0.17236876,-0.17236876,-2.650084,-0.42146766662597657,GLIPR2,LMC,TEAD4,TEA
2816,0,-0.31947148,-0.31947148,1.4846952,0.9713283443450927,SP110,LMC,NRF1,NRF
834,1,-0.17329708,-0.26024023,-1.669616,-1.374960753917694,E2F2,MEF,JUND,bZIP
39,1,-0.7640029,-0.42959467,-1.1783521,-1.1802544045448302,ACTB,MEF,IRF3,IRF
2964,0,-0.46353218,-0.19389851,1.0158743,-0.11470436334609985,TFEB,LMC,STAT1,Stat
2171,0,-0.01744671,-0.24097927,-2.4464417,-1.0199887990951537,PDE9A,LMC,CTCF,Zf
445,1,-0.26226777,-0.42959467,-3.5008187,-4.767816953659057,CD33,MEF,IRF1,IRF
1221,1,-0.12181938,-0.1286468,1.7337681,2.3779349434375763,GORAB,MEF,BHLHE40,bHLH
1685,1,-0.01744671,-0.24097927,4.1792507,-0.38890743017196655,LPO,MEF,CTCF,Zf
234,1,-0.33011255,-0.26024023,-2.7479153,-1.9033701264858245,ATF7IP2,MEF,ATF1,bZIP
1230,0,-0.38773212,-0.38773212,-2.8918445,-1.2823188126087188,GPER1,LMC,PAX5,"Paired,Homeobox"
2472,1,-0.23256464,-0.24097927,-2.984346,-1.7349886190891266,RBM47,MEF,YY1,Zf
1245,0,-0.41671586,-0.24097927,1.7366654,1.525276757478714,GPR157,LMC,EGR1,Zf
3137,1,-0.224798,-0.224798,-2.5206616,-1.4857640159130097,TTK,MEF,EBF1,EBF
960,1,-0.23256464,-0.24097927,-1.3505565,-1.4154819250106812,FAH,MEF,YY1,Zf
494,0,-0.31947148,-0.31947148,-1.1015905,-1.2154818880558014,CDKN1C,LMC,NRF1,NRF
1671,0,-0.31947148,-0.31947148,1.8299829,0.6400592386722564,LMO2,LMC,NRF1,NRF
856,0,-0.18553022,-0.24097927,-1.1511953,-0.9287660562992096,EFCAB11,LMC,SP1,Zf
624,0,-0.01744671,-0.24097927,1.1434728,0.7656721699237824,COL8A2,LMC,CTCF,Zf
1717,0,-0.34774294,-0.3966394,-1.2593111,0.6092106473445892,LSP1,LMC,ETS1,ETS
1850,1,-0.1281041,-0.1286468,-2.232907,0.30124804496765134,MMP17,MEF,USF2,bHLH
2549,1,-0.3548418,-0.24097927,-1.6384641,-0.6744548904895783,RTKN2,MEF,ZNF263,Zf
186,0,-0.34920207,-0.3966394,2.1267974,1.0480750715732574,ARHGAP30,LMC,ELF1,ETS
1832,1,-0.12181938,-0.1286468,-1.5881457,-1.5752651190757752,MIS18BP1,MEF,BHLHE40,bHLH
2173,1,-0.22547291,-0.26616102,1.019513,-0.13763239741325378,PDGFC,MEF,E2F4,E2F
2814,0,-0.06375064,-0.1286468,-1.170696,-0.8058148431777954,SOX8,LMC,MYOG,bHLH
3043,1,-0.25854215,-0.26616102,-2.8654144,-0.6566308510303497,TMEM51,MEF,E2F6,E2F
3245,0,-0.7640029,-0.42959467,1.1004534,0.36813520193099974,YPEL2,LMC,IRF3,IRF
2487,1,-0.25854215,-0.26616102,-1.1587616,-0.90910618185997,RFTN1,MEF,E2F6,E2F
914,1,-0.2409758,-0.26024023,-3.8848941,-0.22292575716972352,EPSTI1,MEF,MAFF,bZIP
1567,1,-0.38754547,-0.3966394,-2.6418326,-1.928328754901886,KIF14,MEF,ELK1,ETS
1650,1,-0.22547291,-0.26616102,1.6897587,-0.34170921802520754,LHX4,MEF,E2F4,E2F
641,1,-0.18553022,-0.24097927,1.284983,1.15440593957901,CPOX,MEF,SP1,Zf
1679,0,-0.38754547,-0.3966394,-1.5416106,-1.3567621219158172,LOXL3,LMC,ELK1,ETS
1825,0,-0.18553022,-0.24097927,1.2182034,1.3359590375423431,MGST1,LMC,SP1,Zf
2432,1,-0.38754547,-0.3966394,-1.5926751,-1.4809355759620666,RAD51AP1,MEF,ELK1,ETS
1762,0,-0.34920207,-0.3966394,1.0892361,1.1130764484405518,MAP3K8,LMC,ELF1,ETS
2906,1,-0.17329708,-0.26024023,1.5150865,1.427763922214508,SVOP,MEF,JUND,bZIP
1477,1,-0.37391356,-0.26024023,-1.2859206,-0.97365030169487,IRF7,MEF,ATF2,bZIP
749,1,-0.224798,-0.224798,-2.568223,-1.033138918876648,DEPDC1B,MEF,EBF1,EBF
1820,1,-0.38938692,-0.38938692,-1.6256363,-0.5477085936069489,MFSD12,MEF,TCF3,HMG
2566,0,-0.18553022,-0.24097927,1.8183067,-1.5118830704689026,S1PR5,LMC,SP1,Zf
2058,0,-0.5097531,-0.26616102,1.252312,0.2578398656845093,NUP210,LMC,E2F1,E2F
2166,1,-0.11401458,-0.1286468,-2.9733152,-2.398254177570343,PDE3B,MEF,MAX,bHLH
939,1,-0.41846725,-0.3966394,1.7114613,1.0589740443229676,EXPH5,MEF,GABPA,ETS
1292,0,-0.34920207,-0.3966394,1.1802437,1.1708087992668152,GSDMD,LMC,ELF1,ETS
843,1,-0.3548418,-0.24097927,-4.6214933,-2.114852172136307,EBI3,MEF,ZNF263,Zf
897,0,-0.12181938,-0.1286468,2.0287762,1.4847610306739807,ENPP2,LMC,BHLHE40,bHLH
192,1,-0.41846725,-0.3966394,2.2037745,-3.317078620195389,ARHGEF16,MEF,GABPA,ETS
3219,1,-0.01744671,-0.24097927,1.7909031,1.8821885299682617,WFDC3,MEF,CTCF,Zf
909,0,-0.06375064,-0.1286468,-1.0061626,-0.6522610247135162,EPHB3,LMC,MYOG,bHLH
1382,0,-0.17236876,-0.17236876,3.4811542,2.983309496641159,HP,LMC,TEAD4,TEA
1624,1,-0.31947148,-0.31947148,-1.0089527,-3.3034351432323454,LARP1B,MEF,NRF1,NRF
1647,1,-0.18068624,-0.24097927,2.3328397,0.41912232637405394,LGI4,MEF,MAZ,Zf
1300,0,-0.11401458,-0.1286468,-1.4127604,0.4103878092765808,GSTT1,LMC,MAX,bHLH
2048,1,-0.224798,-0.224798,3.1048243,1.1744233858585358,NT5E,MEF,EBF1,EBF
1229,0,-0.41671586,-0.24097927,-1.5409347,-1.1969541466236115,GPC6,LMC,EGR1,Zf
1143,1,-0.23256464,-0.24097927,2.7778296,0.9586343061923981,GALNT3,MEF,YY1,Zf
709,1,-0.06375064,-0.1286468,-1.6690544,-0.3211451256275177,CYBA,MEF,MYOG,bHLH
2762,0,-0.26226777,-0.42959467,1.142044,1.061904319524765,SLC9A3R1,LMC,IRF1,IRF
1609,0,-0.25854215,-0.26616102,2.0522947,1.922455848455429,KRT7,LMC,E2F6,E2F
2588,1,-0.11401458,-0.1286468,1.6087468,0.23392762780189513,SCN3B,MEF,MAX,bHLH
1316,1,-0.28139952,-0.1286468,-2.753857,-0.8073706459999085,HCK,MEF,TCF12,bHLH
2232,1,-0.33201274,-0.26024023,2.248762,-3.1557911908626557,PLAC1,MEF,FOS,bZIP
280,1,-0.65736616,-0.46688727,-1.1130936,-0.8353710019588471,BCL2L11,MEF,CUX1,Homeobox
2581,1,-0.11401458,-0.1286468,2.6589973,0.7429147946834564,SCG5,MEF,MAX,bHLH
378,1,-0.38773212,-0.38773212,-1.3229213,-0.135484436750412,CBX2,MEF,PAX5,"Paired,Homeobox"
3197,0,-0.25854215,-0.26616102,2.6256406,2.370038614273071,VILL,LMC,E2F6,E2F
1748,1,0.0047023874,-0.1286468,1.6248564,0.7119629251956939,MALL,MEF,USF1,bHLH
518,1,-0.38938692,-0.38938692,-1.4699304,-1.4699304103851318,CENPP,MEF,TCF3,HMG
3027,0,-0.41671586,-0.24097927,2.0194569,1.2582172238826752,TMEM184A,LMC,EGR1,Zf
242,1,-0.28139952,-0.1286468,-1.7413437,0.42856200933456423,ATP2A3,MEF,TCF12,bHLH
178,1,-0.3548418,-0.24097927,-2.0233412,-1.9793419361114502,ARHGAP10,MEF,ZNF263,Zf
2862,0,-0.38727695,-0.26024023,-1.0564237,-1.313382204771042,ST3GAL4,LMC,MAFK,bZIP
1070,1,-0.38773212,-0.38773212,-1.9571518,-1.3464775907993316,FIGNL1,MEF,PAX5,"Paired,Homeobox"
2660,1,-0.46353218,-0.19389851,-2.911555,-1.451606386899948,SHCBP1,MEF,STAT1,Stat
402,0,-0.22547291,-0.26616102,-1.6334089,-1.5292495274543763,CCDC8,LMC,E2F4,E2F
2597,1,-0.25854215,-0.26616102,1.4566245,1.7164939534664154,SDC2,MEF,E2F6,E2F
1144,1,-0.26226777,-0.42959467,1.6419729,-0.8985647225379944,GALNT5,MEF,IRF1,IRF
2014,1,-0.40379766,-0.24097927,1.4636707,1.7274811315536498,NOS1AP,MEF,ZKSCAN1,Zf
644,0,0.15241732,-0.18341035,-3.9277136,-2.796939743757248,CRABP1,LMC,FOXA1,Forkhead
2624,1,-0.045514207,-0.047810853,1.1846225,0.8340011155605316,SERPINC1,MEF,RFX5,HTH
2730,1,-0.38727695,-0.26024023,1.1102816,0.09752322435379028,SLC30A4,MEF,MAFK,bZIP
1628,0,-0.6753632,-0.24097927,-1.0319375,-0.1530314326286316,LBR,LMC,SP2,Zf
1614,1,-0.020064104,-0.19389851,-1.6190438,-0.04860029458999634,LAG3,MEF,STAT3,Stat
513,0,-0.31947148,-0.31947148,-1.3525441,-1.4033959603309631,CENPH,LMC,NRF1,NRF
1951,0,-0.28139952,-0.1286468,1.457444,0.6318448185920715,NCEH1,LMC,TCF12,bHLH
2173,1,0.15241732,-0.18341035,1.019513,-0.6484933340549469,PDGFC,MEF,FOXA1,Forkhead
607,0,-0.020064104,-0.19389851,-2.7480786,-2.3897495460510254,COL11A1,LMC,STAT3,Stat
1363,1,-0.3548418,-0.24097927,1.7390976,-0.7369587218761444,HOXA9,MEF,ZNF263,Zf
2942,0,-0.41846725,-0.3966394,-1.0512183,0.21915901184082032,TBX5,LMC,GABPA,ETS
2382,0,-0.40379766,-0.24097927,1.0109676,0.8944599044322967,PTPN13,LMC,ZKSCAN1,Zf
1879,0,-0.042086042,-0.24097927,2.499849,0.38014806985855104,MS4A7,LMC,GATA3,Zf
2924,1,-0.65736616,-0.46688727,2.4798288,-0.5689433479309082,SYTL3,MEF,CUX1,Homeobox
900,1,-0.2409758,-0.26024023,1.4426994,0.4454997766017914,ENPP5,MEF,MAFF,bZIP
1219,0,-0.3666467,-0.24097927,2.0242908,1.393287445306778,GNGT2,LMC,GATA1,Zf
2220,1,-0.41671586,-0.24097927,8.275044,-0.14354566216468811,PITX1,MEF,EGR1,Zf
1146,1,-0.38727695,-0.26024023,-1.5857913,-1.2373941898345948,GAMT,MEF,MAFK,bZIP
3262,1,-0.1281041,-0.1286468,1.0464939,0.9326755726337432,ZMYND12,MEF,USF2,bHLH
3015,1,-0.38727695,-0.26024023,1.1457732,-0.6119959914684295,TMEM140,MEF,MAFK,bZIP
180,0,-0.01744671,-0.24097927,1.0911804,0.7438692080974579,ARHGAP18,LMC,CTCF,Zf
2549,1,-0.1281041,-0.1286468,-1.6384641,1.381262763738632,RTKN2,MEF,USF2,bHLH
1078,1,-0.08447774,-0.18341035,1.7946676,0.6466859483718872,FLRT3,MEF,FOXA2,Forkhead
278,1,-0.08447774,-0.18341035,1.0059072,0.9860643231868744,BCL11A,MEF,FOXA2,Forkhead
716,0,-0.29358298,-0.46688727,-1.085661,0.2917810893058777,CYP26B1,LMC,NANOG,Homeobox
1970,0,-0.65736616,-0.46688727,-1.5624936,-0.6882748913764953,NEK2,LMC,CUX1,Homeobox
1190,1,-0.17236876,-0.17236876,-1.6213213,0.677951545715332,GINS1,MEF,TEAD4,TEA
16,1,-0.70387286,-0.18341035,-2.0503016,-1.828900979757309,ABHD15,MEF,FOXM1,Forkhead
402,1,-0.41671586,-0.24097927,-1.552059,-0.320594220161438,CCDC8,MEF,EGR1,Zf
2973,1,-0.020064104,-0.19389851,2.4207997,-0.8599066579341889,TGM5,MEF,STAT3,Stat
1180,1,-0.18068624,-0.24097927,1.6279256,1.1038826847076415,GFRA2,MEF,MAZ,Zf
1949,1,-0.65736616,-0.46688727,-1.5197695,-2.427661557197571,NCAPH,MEF,CUX1,Homeobox
2018,1,-0.25854215,-0.26616102,3.2765796,0.4558287537097931,NOTUM,MEF,E2F6,E2F
122,0,-0.18553022,-0.24097927,-2.327129,0.12799017429351806,ALX1,LMC,SP1,Zf
591,1,-0.13781479,-0.3966394,-1.332691,-0.7713910114765167,CNDP2,MEF,ELK4,ETS
3162,1,-0.18068624,-0.24097927,-1.5763762,-0.9057326912879944,UBE2T,MEF,MAZ,Zf
1351,1,-0.042086042,-0.24097927,-1.1651042,-0.033293488025665285,HOGA1,MEF,GATA3,Zf
816,0,-0.41846725,-0.3966394,2.4848864,0.9027303862571716,DSG2,LMC,GABPA,ETS
3160,0,0.15241732,-0.18341035,-1.9747592,-1.3731323051452637,UBE2C,LMC,FOXA1,Forkhead
1041,1,-0.8272477,-0.24097927,-7.637874,-6.889176297187805,FCGR2B,MEF,BCL11A,Zf
2418,0,-0.042086042,-0.24097927,-1.0006384,-0.16084940671920778,RAB30,LMC,GATA3,Zf
1377,0,-0.18553022,-0.24097927,2.4189181,2.347454319000244,HOXD1,LMC,SP1,Zf
364,1,-0.22547291,-0.26616102,1.1463557,1.0212676739692688,CAPS2,MEF,E2F4,E2F
2207,0,-0.11401458,-0.1286468,1.6867101,0.9239235067367554,PIANP,LMC,MAX,bHLH
2795,0,-0.32353044,-0.32353044,1.1839118,1.231326562166214,SNTA1,LMC,HNF4A,NR
1804,1,-0.31947148,-0.31947148,1.6576555,0.4054552400112152,MEGF9,MEF,NRF1,NRF
1947,0,-0.41671586,-0.24097927,-1.6890546,-0.7098123383522034,NCAPG,LMC,EGR1,Zf
1238,0,-0.32353044,-0.32353044,-1.8319702,-1.241354887485504,GPR126,LMC,HNF4A,NR
1531,0,-0.13781479,-0.3966394,1.7289557,1.8514255571365357,KCNB1,LMC,ELK4,ETS
1157,0,-0.11401458,-0.1286468,1.0983671,1.7449418008327484,GATA6,LMC,MAX,bHLH
746,1,-0.224798,-0.224798,-1.6103755,-1.3709361886978149,DENND2D,MEF,EBF1,EBF
1221,1,-0.46353218,-0.19389851,1.7337681,1.5315292370319367,GORAB,MEF,STAT1,Stat
2752,1,-0.65736616,-0.46688727,1.4064586,-0.6575103795528412,SLC4A8,MEF,CUX1,Homeobox
464,0,-0.3666467,-0.24097927,-1.0312785,-1.184379243850708,CD97,LMC,GATA1,Zf
847,1,-0.25096336,-0.26024023,-2.705154,-1.3660784208774566,ECSCR,MEF,FOSL2,bZIP
755,0,-0.24300791,-0.24097927,-1.0674298,-0.04501282691955567,DHFR,LMC,GATA2,Zf
1747,0,-0.17236876,-0.17236876,2.3040216,2.2647655212879183,MAL2,LMC,TEAD4,TEA
854,1,-0.08447774,-0.18341035,-1.885986,-1.253470528125763,EEPD1,MEF,FOXA2,Forkhead
2646,0,-0.34920207,-0.3966394,2.1527162,1.0391673254966736,SH2D5,LMC,ELF1,ETS
737,1,-0.32353044,-0.32353044,-1.5723729,-0.5134979891777038,DDC,MEF,HNF4A,NR
2393,1,-0.34920207,-0.3966394,2.7561061,-0.5474838554859162,PTPRT,MEF,ELF1,ETS
1285,0,-0.24300791,-0.24097927,-1.7310942,-1.6844728434085845,GRIN1,LMC,GATA2,Zf
1370,1,-0.23256464,-0.24097927,-1.1766386,-0.8666853928565978,HOXB8,MEF,YY1,Zf
3195,1,0.15241732,-0.18341035,-1.7373035,-1.3690623426437378,VDR,MEF,FOXA1,Forkhead
722,1,-0.37391356,-0.26024023,2.4622881,0.4474903619289398,CYTIP,MEF,ATF2,bZIP
2727,0,-0.31947148,-0.31947148,-3.1119766,-2.6777331864833833,SLC2A4,LMC,NRF1,NRF
534,0,-0.3548418,-0.24097927,-1.9663967,-0.4105077135562897,CGNL1,LMC,ZNF263,Zf
1798,1,-0.08447774,-0.18341035,-2.3362384,-0.24598880648612975,MDK,MEF,FOXA2,Forkhead
2802,0,-0.11401458,-0.1286468,1.0155102,0.36471035838127136,SOCS6,LMC,MAX,bHLH
99,1,-0.33201274,-0.26024023,1.0351957,0.5666818654537201,AIG1,MEF,FOS,bZIP
1781,0,-0.3548418,-0.24097927,1.5378258,0.32892677664756775,MBP,LMC,ZNF263,Zf
3210,0,-0.34774294,-0.3966394,2.019908,0.17541807174682617,WAS,LMC,ETS1,ETS
2540,1,0.15241732,-0.18341035,2.2565928,1.6692777168750763,RRAGB,MEF,FOXA1,Forkhead
2243,0,-0.12181938,-0.1286468,1.9148484,1.6442908143997192,PLD4,LMC,BHLHE40,bHLH
2900,0,-0.33134362,-0.24097927,1.758066,1.3166932952404022,SUSD1,LMC,ZEB1,Zf
2298,1,-0.38773212,-0.38773212,2.2457073,-0.29002880811691284,POU4F1,MEF,PAX5,"Paired,Homeobox"
513,0,-0.045514207,-0.047810853,-1.3525441,-1.3494194948673248,CENPH,LMC,RFX5,HTH
2948,1,-0.34369484,-0.46688727,1.898503,0.3906745910644531,TCF7,MEF,PBX3,Homeobox
2770,0,-0.22547291,-0.26616102,1.1465795,0.9965916037559509,SLIT3,LMC,E2F4,E2F
2661,0,-0.46353218,-0.19389851,-1.2295792,-1.0483389461040498,SHF,LMC,STAT1,Stat
796,0,0.027779544,-0.26024023,1.3039615,0.6611509954929352,DOCK8,LMC,BACH1,bZIP
2613,1,-0.11401458,-0.1286468,2.03598,-0.602580133676529,SEMA4F,MEF,MAX,bHLH
1872,0,-0.042086042,-0.24097927,-1.7728605,-0.8508381152153015,MRC2,LMC,GATA3,Zf
975,1,-0.22547291,-0.26616102,1.2401816,1.2137316763401031,FAM161B,MEF,E2F4,E2F
2612,1,-0.224798,-0.224798,-4.226591,-1.50480575799942,SEMA4D,MEF,EBF1,EBF
1762,0,-0.25096336,-0.26024023,1.0892361,1.0560735058784485,MAP3K8,LMC,FOSL2,bZIP
1048,0,-0.18068624,-0.24097927,3.2970698,2.794359142780304,FGF1,LMC,MAZ,Zf
1217,1,-0.40379766,-0.24097927,-1.6845399,-0.6381438136100769,GNG3,MEF,ZKSCAN1,Zf
866,1,-0.33011255,-0.26024023,1.0985993,0.33436411499977114,EGF,MEF,ATF1,bZIP
2937,1,-0.26226777,-0.42959467,1.5015075,0.3731980454921722,TBC1D8,MEF,IRF1,IRF
329,1,-0.25096336,-0.26024023,-1.0498474,-0.869280287027359,C1QTNF6,MEF,FOSL2,bZIP
517,1,-0.37391356,-0.26024023,-2.1137278,-2.116108536720276,CENPN,MEF,ATF2,bZIP
308,1,-0.23256464,-0.24097927,1.4442719,-0.5015819489955902,BPGM,MEF,YY1,Zf
1316,0,-0.18068624,-0.24097927,2.3319273,1.9982177364826201,HCK,LMC,MAZ,Zf
423,0,-0.3548418,-0.24097927,-1.2695624,-1.3538569295406342,CCNE1,LMC,ZNF263,Zf
679,0,-0.41671586,-0.24097927,-2.8674772,-1.1650950372219087,CTHRC1,LMC,EGR1,Zf
3148,1,-0.33134362,-0.24097927,-2.1438007,-1.5965064477920532,TUBB3,MEF,ZEB1,Zf
2498,0,-0.38754547,-0.3966394,-1.3528609,-0.8764409720897675,RGS9BP,LMC,ELK1,ETS
414,1,-0.28139952,-0.1286468,-3.7090113,-3.3640244245529174,CCL3,MEF,TCF12,bHLH
2290,0,-0.34774294,-0.3966394,-1.5923315,-1.3022131729125976,POLE,LMC,ETS1,ETS
621,0,-0.01744671,-0.24097927,-1.3109366,-1.6347423386573792,COL5A2,LMC,CTCF,Zf
2538,1,-0.38727695,-0.26024023,-1.601537,-1.1326654493808745,RPS6KA2,MEF,MAFK,bZIP
2587,0,-0.11401458,-0.1286468,2.5840225,0.49609748482704163,SCN2B,LMC,MAX,bHLH
2816,1,-0.28139952,-0.1286468,-4.212423,-2.3358379876613617,SP110,MEF,TCF12,bHLH
904,1,-0.18068624,-0.24097927,1.0512894,0.8790254271030427,EPHA2,MEF,MAZ,Zf
2742,0,0.0047023874,-0.1286468,1.4623579,1.358220430612564,SLC39A8,LMC,USF1,bHLH
3203,1,-0.38773212,-0.38773212,-1.4983215,-1.3264275777339936,VSIG10L,MEF,PAX5,"Paired,Homeobox"
1474,1,-0.17329708,-0.26024023,1.5855246,1.4215854227542877,IQUB,MEF,JUND,bZIP
23,0,-0.1281041,-0.1286468,-1.0546592,-0.45805275917053223,ACAT2,LMC,USF2,bHLH
2472,1,-0.33134362,-0.24097927,-2.984346,-1.4877078425884247,RBM47,MEF,ZEB1,Zf
2698,1,-0.769263,-0.26024023,2.9320288,0.08583134055137634,SLC16A14,MEF,BATF,bZIP
1567,1,-0.042086042,-0.24097927,-2.6418326,-3.156273237466812,KIF14,MEF,GATA3,Zf
1694,1,0.027779544,-0.26024023,3.8982577,1.7699417555332184,LRP1B,MEF,BACH1,bZIP
1761,0,0.0047023874,-0.1286468,-4.7852225,-1.2042816627025603,MAP3K7CL,LMC,USF1,bHLH
1411,1,-0.2409758,-0.26024023,-1.6255398,0.6303192782402038,IDH2,MEF,MAFF,bZIP
3173,0,-0.38773212,-0.38773212,-2.1704075,-0.14667510986328125,UNC5C,LMC,PAX5,"Paired,Homeobox"
2524,1,-0.12181938,-0.1286468,2.8509147,2.175214400291443,RNF208,MEF,BHLHE40,bHLH
158,0,0.027779544,-0.26024023,-2.44997,-0.6946812093257904,APBA2,LMC,BACH1,bZIP
1105,0,-0.17329708,-0.26024023,-1.0621411,-1.3646988415718078,FOXP4,LMC,JUND,bZIP
434,0,0.027779544,-0.26024023,2.1000423,1.8675872838497163,CD180,LMC,BACH1,bZIP
3161,0,-0.020064104,-0.19389851,1.1137409,1.0845697951316833,UBE2L6,LMC,STAT3,Stat
1506,0,-0.33201274,-0.26024023,1.1775964,1.2126032412052155,ITPR1,LMC,FOS,bZIP
345,1,-0.38754547,-0.3966394,3.2806952,3.0004970622062683,CACNA2D3,MEF,ELK1,ETS
262,1,-0.38938692,-0.38938692,-1.0602292,-0.5013161957263946,B4GALT1,MEF,TCF3,HMG
507,1,-0.41671586,-0.24097927,2.1484113,1.5355992388725281,CELSR2,MEF,EGR1,Zf
514,0,-0.34920207,-0.3966394,-1.4865025,-1.476982762813568,CENPI,LMC,ELF1,ETS
276,1,-0.11401458,-0.1286468,-1.0301375,0.11221588134765625,BCAT1,MEF,MAX,bHLH
2054,1,-0.17329708,-0.26024023,1.6799653,0.7696928787231445,NUCB2,MEF,JUND,bZIP
2777,0,-0.37391356,-0.26024023,1.3346709,0.8117663967609405,SMARCA2,LMC,ATF2,bZIP
2408,0,-0.33011255,-0.26024023,-1.2367245,-0.4784929871559143,QSOX1,LMC,ATF1,bZIP
3231,0,-0.01744671,-0.24097927,-1.0413804,-0.013322582244873047,WNT5A,LMC,CTCF,Zf
3087,0,-0.41846725,-0.3966394,-1.3381405,-0.35755369186401365,TPPP,LMC,GABPA,ETS
765,0,0.027779544,-0.26024023,1.9117159,0.019486216306686403,DLK1,LMC,BACH1,bZIP
2007,1,-0.042086042,-0.24097927,2.0483093,0.924872260093689,NMNAT2,MEF,GATA3,Zf
1595,1,-0.22816904,-0.26024023,1.9454163,1.8123515248298645,KLHL30,MEF,ATF3,bZIP
1697,0,-0.2409758,-0.26024023,-1.5333753,-0.6114146077632904,LRRC16A,LMC,MAFF,bZIP
1316,1,-0.37391356,-0.26024023,-2.753857,-2.960601189136505,HCK,MEF,ATF2,bZIP
3061,0,-0.17329708,-0.26024023,1.0251417,0.42351450681686403,TNFRSF19,LMC,JUND,bZIP
46,0,-0.01744671,-0.24097927,-2.251848,-1.2202403080463409,ADAM12,LMC,CTCF,Zf
1551,1,-0.01744671,-0.24097927,-2.8326209,-2.019726527929306,KCNK13,MEF,CTCF,Zf
1326,1,-0.37391356,-0.26024023,1.7722064,-0.5393255984783173,HERC3,MEF,ATF2,bZIP
1371,1,-0.28139952,-0.1286468,3.726657,1.9313464415073396,HOXC10,MEF,TCF12,bHLH
2997,1,-0.3548418,-0.24097927,-1.2257801,-0.31522807717323303,TLR5,MEF,ZNF263,Zf
3106,1,-0.18553022,-0.24097927,4.138585,0.28770682215690613,TRIM54,MEF,SP1,Zf
3165,1,-0.224798,-0.224798,-2.3812919,-1.0568218541145324,UCP2,MEF,EBF1,EBF
2000,0,-0.41671586,-0.24097927,1.5370079,0.7298523104190826,NLRC3,LMC,EGR1,Zf
1068,0,-0.17329708,-0.26024023,-1.7657315,-1.3753817236423493,FIBIN,LMC,JUND,bZIP
1719,1,-0.1281041,-0.1286468,-4.1979575,-0.7858916676044464,LST1,MEF,USF2,bHLH
488,1,-0.34920207,-0.3966394,-1.5366021,-1.5003349959850312,CDK1,MEF,ELF1,ETS
755,1,-0.33134362,-0.24097927,-2.1396954,-0.21071766018867494,DHFR,MEF,ZEB1,Zf
3104,1,0.0047023874,-0.1286468,-1.1894004,-1.2981202805042267,TRIM25,MEF,USF1,bHLH
1933,1,-0.33201274,-0.26024023,-3.0799553,-0.566277927160263,NAALAD2,MEF,FOS,bZIP
2285,1,-0.6753632,-0.24097927,-2.140682,-0.9173855352401733,PODNL1,MEF,SP2,Zf
449,1,-0.33011255,-0.26024023,-8.109968,-7.735100369453431,CD48,MEF,ATF1,bZIP
1733,1,-0.24300791,-0.24097927,1.1049803,-0.3949519121646881,LYRM1,MEF,GATA2,Zf
2947,1,-0.28139952,-0.1286468,-1.6316104,0.38306349635124204,TCF24,MEF,TCF12,bHLH
825,1,-0.01744671,-0.24097927,1.0855477,-0.20450831055641175,DUSP15,MEF,CTCF,Zf
2672,1,-0.5097531,-0.26616102,-2.3944552,-1.5528985333442689,SIPA1,MEF,E2F1,E2F
1167,1,-0.020064104,-0.19389851,-1.2382039,-0.4517141604423523,GCNT1,MEF,STAT3,Stat
2948,1,-0.769263,-0.26024023,1.898503,-0.2481902551651001,TCF7,MEF,BATF,bZIP
1162,1,-0.06375064,-0.1286468,1.5318578,1.022716282606125,GCA,MEF,MYOG,bHLH
1693,1,-0.34369484,-0.46688727,-4.9975886,-1.238621755838394,LRMP,MEF,PBX3,Homeobox
1620,1,-0.020064104,-0.19389851,-1.2878922,-0.7023079526424408,LAMC1,MEF,STAT3,Stat
2293,0,0.0047023874,-0.1286468,-2.7335875,-0.9166647434234619,POM121L2,LMC,USF1,bHLH
1614,1,-0.01744671,-0.24097927,-1.6190438,0.36443946838378904,LAG3,MEF,CTCF,Zf
2699,0,-0.41846725,-0.3966394,-1.1324766,-0.7883413684368134,SLC16A3,LMC,GABPA,ETS
909,0,-0.41846725,-0.3966394,-1.0061626,-0.7862201726436615,EPHB3,LMC,GABPA,ETS
2218,1,-0.17329708,-0.26024023,1.3815172,-1.134874541759491,PIP5K1B,MEF,JUND,bZIP
1475,0,-0.65736616,-0.46688727,2.4685044,0.9438441276550293,IRF5,LMC,CUX1,Homeobox
2583,0,-0.17236876,-0.17236876,-2.5472686,-2.234615771770477,SCML2,LMC,TEAD4,TEA
798,1,-0.11401458,-0.1286468,-1.9743371,-1.425371435880661,DOK3,MEF,MAX,bHLH
521,1,0.027779544,-0.26024023,-1.4729061,-1.4728763556480409,CENPU,MEF,BACH1,bZIP
3124,0,-0.45815486,-0.27375907,-1.2644619,-1.157890546321869,TSLP,LMC,MEF2A,MADS
1280,1,-0.3666467,-0.24097927,1.6184335,0.8418106317520142,GRIA4,MEF,GATA1,Zf
1023,0,-0.34920207,-0.3966394,-2.497806,-2.406391718387604,FBLN1,LMC,ELF1,ETS
1892,0,-0.28139952,-0.1286468,-1.0114223,-0.4918401336669922,MTMR11,LMC,TCF12,bHLH
31,1,-0.08447774,-0.18341035,-1.0644914,-0.99416801571846,ACOT7,MEF,FOXA2,Forkhead
2932,0,-0.31947148,-0.31947148,-1.7568431,-0.9830346739292145,TAGLN,LMC,NRF1,NRF
1003,0,-0.26226777,-0.42959467,-2.1274793,-1.36859339594841,FAM64A,LMC,IRF1,IRF
1983,0,-0.37391356,-0.26024023,2.3211825,0.6192282176017762,NFE2L3,LMC,ATF2,bZIP
441,0,-0.17236876,-0.17236876,2.3854363,2.323146677017212,CD300A,LMC,TEAD4,TEA
2976,0,0.027779544,-0.26024023,-2.5368462,-1.326408450603485,THBS2,LMC,BACH1,bZIP
1049,0,-0.11401458,-0.1286468,-2.3444386,-1.8200803577899933,FGF10,LMC,MAX,bHLH
3255,0,-0.08447774,-0.18341035,-1.031493,-0.4273419177532196,ZFP41,LMC,FOXA2,Forkhead
502,0,-0.38773212,-0.38773212,1.9597286,1.7628893387317657,CEACAM1,LMC,PAX5,"Paired,Homeobox"
1809,1,-0.18553022,-0.24097927,-1.1236551,-1.1715316784381866,MESDC1,MEF,SP1,Zf
2517,1,-0.18068624,-0.24097927,-2.6548548,0.8861418354511261,RNF144A,MEF,MAZ,Zf
960,1,-0.46353218,-0.19389851,-1.3505565,-0.747980272769928,FAH,MEF,STAT1,Stat
1682,1,0.15241732,-0.18341035,-2.7435303,0.15614575505256653,LPAR5,MEF,FOXA1,Forkhead
109,1,0.0047023874,-0.1286468,4.0613685,-0.6853120005130768,ALDH1A1,MEF,USF1,bHLH
17,1,-0.58022815,-0.42959467,-2.9814575,-2.0458206367492675,ABI3,MEF,IRF4,IRF
1103,0,-0.11401458,-0.1286468,-1.1218795,-1.0211968660354613,FOXP1,LMC,MAX,bHLH
534,0,-0.17329708,-0.26024023,-1.9663967,-1.3586739575862885,CGNL1,LMC,JUND,bZIP
796,0,-1.3901731,-0.3966394,1.3039615,1.2834155559539795,DOCK8,LMC,FLI1,ETS
392,0,-0.23256464,-0.24097927,-1.5992931,-1.4974707460403442,CCDC18,LMC,YY1,Zf
3008,0,-0.01744671,-0.24097927,1.7911987,1.023879508972168,TMEM108,LMC,CTCF,Zf
112,1,-0.18553022,-0.24097927,-2.5950828,1.9431326282024384,ALDH1L1,MEF,SP1,Zf
118,1,-0.58022815,-0.42959467,-1.2159187,-1.5734714615345,ALOXE3,MEF,IRF4,IRF
133,0,0.15241732,-0.18341035,-2.7385378,-1.1415380430221558,ANGPTL1,LMC,FOXA1,Forkhead
2365,1,-0.26226777,-0.42959467,-1.752547,-1.6065186595916747,PSMB8,MEF,IRF1,IRF
1093,0,-0.18553022,-0.24097927,1.141777,0.9239872932434082,FOS,LMC,SP1,Zf
161,0,-0.33134362,-0.24097927,-1.0569676,-0.9671086061000824,APH1B,LMC,ZEB1,Zf
2331,0,-0.33201274,-0.26024023,1.3457726,-0.8209984838962555,PRG4,LMC,FOS,bZIP
2807,0,-0.38754547,-0.3966394,1.3982675,1.028274255990982,SORL1,LMC,ELK1,ETS
234,1,-0.70387286,-0.18341035,-2.7479153,-2.4546974182128904,ATF7IP2,MEF,FOXM1,Forkhead
1681,1,-0.38938692,-0.38938692,-1.4697692,-1.497825051546097,LPAR2,MEF,TCF3,HMG
2470,1,-0.2409758,-0.26024023,2.1268446,-0.047963879108428954,RBM24,MEF,MAFF,bZIP
948,1,0.027779544,-0.26024023,-1.2887987,0.8511730396747589,F2R,MEF,BACH1,bZIP
254,0,-0.29358298,-0.46688727,3.5692673,1.1234424686431885,AXIN2,LMC,NANOG,Homeobox
176,1,-0.28139952,-0.1286468,-5.3653564,-3.4282845413684844,ARAP3,MEF,TCF12,bHLH
3145,1,-0.23256464,-0.24097927,-1.3294976,-1.242344309091568,TUBA1B,MEF,YY1,Zf
1095,0,-0.34369484,-0.46688727,-1.7231222,-1.4652491211891174,FOXC1,LMC,PBX3,Homeobox
2152,1,0.15241732,-0.18341035,-2.3267388,-1.9221236622333526,PCK1,MEF,FOXA1,Forkhead
672,0,-0.25854215,-0.26616102,-1.4950591,-1.4650794768333435,CSRP1,LMC,E2F6,E2F
872,1,-0.06375064,-0.1286468,-2.1995416,-0.12978808403015138,EGR2,MEF,MYOG,bHLH
1413,0,-0.28139952,-0.1286468,1.9056824,1.2104486417770386,IFIT1,LMC,TCF12,bHLH
3040,0,-0.38773212,-0.38773212,-1.158673,0.4649741184711456,TMEM38A,LMC,PAX5,"Paired,Homeobox"
870,1,0.0047023874,-0.1286468,-1.2089994,-0.7129815709590912,EGLN3,MEF,USF1,bHLH
3111,1,-0.38727695,-0.26024023,-2.1616786,-1.5545507276058197,TRIP13,MEF,MAFK,bZIP
1984,1,-0.34369484,-0.46688727,-1.7410284,0.2548299193382263,NFKBID,MEF,PBX3,Homeobox
62,0,-0.08447774,-0.18341035,-1.7200596,-1.6257231175899505,ADAMTS6,LMC,FOXA2,Forkhead
2427,0,-0.1281041,-0.1286468,2.6594098,1.130797348022461,RAB6B,LMC,USF2,bHLH
2743,0,-0.17236876,-0.17236876,1.4633803,1.4076321983337403,SLC40A1,LMC,TEAD4,TEA
953,1,-0.1281041,-0.1286468,1.0861168,0.5610312724113464,FAAH,MEF,USF2,bHLH
1169,0,-0.22547291,-0.26616102,-2.4743783,0.5436473274230957,GCNT4,LMC,E2F4,E2F
510,1,-0.41671586,-0.24097927,-3.0437114,-3.026147350072861,CENPA,MEF,EGR1,Zf
517,1,-0.41846725,-0.3966394,-2.1137278,-2.1184892654418945,CENPN,MEF,GABPA,ETS
1796,0,-0.18068624,-0.24097927,-1.3002074,-1.098197238445282,MDGA1,LMC,MAZ,Zf
2763,0,-0.26226777,-0.42959467,-1.3758038,-0.60027596950531,SLC9A5,LMC,IRF1,IRF
1660,1,-0.31947148,-0.31947148,-1.559628,-0.974476820230484,LIMK1,MEF,NRF1,NRF
525,1,-0.34920207,-0.3966394,-2.4336228,-2.4195640695095064,CEP55,MEF,ELF1,ETS
1577,1,-0.11401458,-0.1286468,-1.2923205,-0.4565347111225128,KIF27,MEF,MAX,bHLH
2416,0,-0.18553022,-0.24097927,-2.3170738,-1.4100023770332337,RAB27A,LMC,SP1,Zf
2741,0,-0.34920207,-0.3966394,1.7651315,1.5249895286560058,SLC39A4,LMC,ELF1,ETS
958,0,-0.41846725,-0.3966394,-1.0537031,-0.8665160512924195,FADS3,LMC,GABPA,ETS
413,1,-0.38727695,-0.26024023,3.1736608,2.379720950126648,CCL20,MEF,MAFK,bZIP
317,1,-0.2409758,-0.26024023,-6.688671,-4.749901900291443,BTK,MEF,MAFF,bZIP
2907,1,-0.32353044,-0.32353044,2.5369368,-1.1891544663906097,SYBU,MEF,HNF4A,NR
1948,1,-0.38773212,-0.38773212,-2.1928997,-1.0436648964881896,NCAPG2,MEF,PAX5,"Paired,Homeobox"
895,0,-0.08447774,-0.18341035,-2.741761,-1.8974037051200867,ENO3,LMC,FOXA2,Forkhead
2908,1,-0.25096336,-0.26024023,1.945969,0.700487630367279,SYCP3,MEF,FOSL2,bZIP
518,1,-0.26226777,-0.42959467,-1.4699304,-1.4677801597118378,CENPP,MEF,IRF1,IRF
3051,1,-0.37391356,-0.26024023,1.3207757,-1.5736622595787049,TMX2,MEF,ATF2,bZIP
674,0,-0.020064104,-0.19389851,3.1731966,0.2522838830947876,CSRP3,LMC,STAT3,Stat
2636,1,-0.28139952,-0.1286468,1.3749961,0.013312346935272217,SGCD,MEF,TCF12,bHLH
2710,0,-0.33134362,-0.24097927,1.8738929,1.744298505783081,SLC22A4,LMC,ZEB1,Zf
792,1,-0.18553022,-0.24097927,-1.1671683,-1.077087152004242,DNMT1,MEF,SP1,Zf
2554,1,-0.33011255,-0.26024023,1.4301738,0.8446162390708923,RTP4,MEF,ATF1,bZIP
440,0,-0.26226777,-0.42959467,1.0379796,1.1729874122142792,CD2AP,LMC,IRF1,IRF
1609,0,-0.33011255,-0.26024023,2.0522947,1.8243218517303468,KRT7,LMC,ATF1,bZIP
1413,0,-0.38727695,-0.26024023,1.9056824,1.5096970748901368,IFIT1,LMC,MAFK,bZIP
2448,1,-0.22547291,-0.26616102,-3.6403525,-1.0105446827411653,RAPGEF5,MEF,E2F4,E2F
2749,1,-0.38727695,-0.26024023,2.2252448,-0.30201786637306216,SLC45A1,MEF,MAFK,bZIP
2324,0,-0.37391356,-0.26024023,-1.082411,-0.365373831987381,PRCP,LMC,ATF2,bZIP
915,1,-0.25096336,-0.26024023,2.6503172,1.3185468852519988,ERBB3,MEF,FOSL2,bZIP
1243,0,-0.18553022,-0.24097927,-1.1135906,-0.6543772792816163,GPR153,LMC,SP1,Zf
3053,0,-0.12181938,-0.1286468,2.9960315,1.248365888595581,TNF,LMC,BHLHE40,bHLH
1229,0,-0.2409758,-0.26024023,-1.5409347,-1.4767618834972382,GPC6,LMC,MAFF,bZIP
3035,1,-0.38727695,-0.26024023,1.6910677,-0.27834378361701967,TMEM25,MEF,MAFK,bZIP
2083,1,-0.18553022,-0.24097927,-1.0553589,-0.6950956678390503,OLFML3,MEF,SP1,Zf
725,1,-0.01744671,-0.24097927,1.0242026,0.5971995663642883,DACH2,MEF,CTCF,Zf
404,1,-0.65736616,-0.46688727,1.1330484,0.23993796467781067,CCDC87,MEF,CUX1,Homeobox
1148,1,-0.23256464,-0.24097927,-1.3670365,-1.00261594414711,GAREML,MEF,YY1,Zf
2349,0,-0.045514207,-0.047810853,-1.1556536,-1.1449112904071808,PRRT2,LMC,RFX5,HTH
3152,0,-0.38773212,-0.38773212,-1.2156056,-1.0266219031810762,TVP23A,LMC,PAX5,"Paired,Homeobox"
1323,0,-0.34369484,-0.46688727,1.1139588,1.2264567577838899,HEG1,LMC,PBX3,Homeobox
1103,0,-0.23256464,-0.24097927,-1.1218795,-1.1495704281330108,FOXP1,LMC,YY1,Zf
1648,0,-0.7640029,-0.42959467,1.3943249,1.132186427116394,LGMN,LMC,IRF3,IRF
901,1,-0.45815486,-0.27375907,-2.651055,0.6722242975234985,ENTPD1,MEF,MEF2A,MADS
1142,0,-0.41846725,-0.3966394,-2.5723739,-1.5285863876342773,GALNT18,LMC,GABPA,ETS
1469,0,-0.33134362,-0.24097927,-1.3461412,-1.0204823780059815,INSIG1,LMC,ZEB1,Zf
1524,1,-0.38727695,-0.26024023,4.1101813,2.173422335386276,KCNA2,MEF,MAFK,bZIP
2523,0,-0.18553022,-0.24097927,-1.1712776,-0.20033735990524293,RNF207,LMC,SP1,Zf
343,0,-0.042086042,-0.24097927,2.0094032,-0.16098301649093627,CACNA1S,LMC,GATA3,Zf
229,0,-0.34369484,-0.46688727,-1.6758331,-1.124093792438507,ASPM,LMC,PBX3,Homeobox
2873,0,0.0047023874,-0.1286468,2.9234984,0.6864113140106202,STAR,LMC,USF1,bHLH
2975,0,-0.045514207,-0.047810853,-1.1033702,-1.136587063074112,THBS1,LMC,RFX5,HTH
1589,1,-0.38727695,-0.26024023,1.5408548,0.533714873790741,KLF15,MEF,MAFK,bZIP
1482,0,-0.25854215,-0.26616102,1.4210551,0.699781310558319,ISG15,LMC,E2F6,E2F
1729,1,-0.45815486,-0.27375907,-4.8970428,-2.0887671089172364,LY9,MEF,MEF2A,MADS
1039,1,0.0047023874,-0.1286468,1.1082104,0.06304746270179748,FBXO7,MEF,USF1,bHLH
516,1,-0.5097531,-0.26616102,-2.1930854,-2.1922918558120728,CENPM,MEF,E2F1,E2F
2735,0,-0.042086042,-0.24097927,2.2267754,1.5412696373462678,SLC35F3,LMC,GATA3,Zf
2386,0,-0.18068624,-0.24097927,2.0515485,1.677215062379837,PTPN6,LMC,MAZ,Zf
100,0,-0.3548418,-0.24097927,1.8017025,1.611544487476349,AIM1,LMC,ZNF263,Zf
1078,1,-0.22816904,-0.26024023,1.7946676,1.1373742878437043,FLRT3,MEF,ATF3,bZIP
2739,0,-0.38938692,-0.38938692,1.0755472,1.1922878897190095,SLC39A10,LMC,TCF3,HMG
3027,1,-0.25096336,-0.26024023,1.3271227,0.9342331337928772,TMEM184A,MEF,FOSL2,bZIP
2779,1,0.027779544,-0.26024023,1.101585,-0.6424254417419434,SMIM8,MEF,BACH1,bZIP
2399,1,-0.23256464,-0.24097927,-1.4025425,-0.4922284281253815,PVRL2,MEF,YY1,Zf
770,0,-0.34920207,-0.3966394,2.0457118,0.9275043427944183,DMC1,LMC,ELF1,ETS
74,0,-0.11401458,-0.1286468,2.1872442,-0.5100679719448089,ADCYAP1R1,LMC,MAX,bHLH
226,1,-0.40379766,-0.24097927,-2.1260629,-1.9807833182811736,ASF1B,MEF,ZKSCAN1,Zf
264,1,-0.7640029,-0.42959467,-1.1277707,-1.4451564538478852,B4GALT5,MEF,IRF3,IRF
512,1,-0.37391356,-0.26024023,-2.398041,-2.3901543974876405,CENPF,MEF,ATF2,bZIP
2693,0,0.027779544,-0.26024023,1.0595441,0.8962289953231811,SLC16A1,LMC,BACH1,bZIP
346,1,-0.12181938,-0.1286468,2.3050516,2.841599943637848,CACNB2,MEF,BHLHE40,bHLH
1347,1,-0.11401458,-0.1286468,-2.2474232,-1.6646814787387847,HMMR,MEF,MAX,bHLH
2047,1,-0.17329708,-0.26024023,-3.1861043,0.7412440574169159,NT5DC2,MEF,JUND,bZIP
2821,1,-0.01744671,-0.24097927,1.3361486,0.20256861805915832,SPA17,MEF,CTCF,Zf
2214,0,-0.18553022,-0.24097927,1.8328085,1.2263136076927186,PIK3R5,LMC,SP1,Zf
1377,0,-0.06375064,-0.1286468,2.4189181,2.3883925557136534,HOXD1,LMC,MYOG,bHLH
1080,0,-0.18068624,-0.24097927,-1.8819162,-1.1448217272758483,FMN2,LMC,MAZ,Zf
3095,1,-0.38727695,-0.26024023,-2.0783238,-1.1097240090370177,TREM1,MEF,MAFK,bZIP
2840,1,-0.38727695,-0.26024023,-2.3704991,-2.3330502343177795,SPOCD1,MEF,MAFK,bZIP
2776,1,-0.020064104,-0.19389851,-4.6038027,-2.1617744612693786,SMAGP,MEF,STAT3,Stat
172,0,-0.18068624,-0.24097927,-1.5843904,-1.1694873750209809,AQP1,LMC,MAZ,Zf
890,1,-0.26226777,-0.42959467,-1.7213072,-2.0990081238746643,EN1,MEF,IRF1,IRF
627,1,-0.41846725,-0.3966394,1.8243555,0.47887577176094054,COLGALT2,MEF,GABPA,ETS
1310,0,-0.34369484,-0.46688727,1.7605413,1.7031839549541474,HAP1,LMC,PBX3,Homeobox
144,1,-0.08447774,-0.18341035,-2.612855,-1.5037040328979492,ANLN,MEF,FOXA2,Forkhead
1382,1,-0.17236876,-0.17236876,-3.2889168,-0.07004394054412842,HP,MEF,TEAD4,TEA
2291,0,-0.34774294,-0.3966394,-1.2387993,-1.0312635242938994,POLE2,LMC,ETS1,ETS
2979,0,-0.65736616,-0.46688727,2.0354378,0.5760320949554444,THEMIS2,LMC,CUX1,Homeobox
2866,0,-0.17329708,-0.26024023,-3.4547288,-1.3640328419208527,ST8SIA2,LMC,JUND,bZIP
968,0,-0.01744671,-0.24097927,-1.4871693,-1.5191483998298645,FAM131B,LMC,CTCF,Zf
2543,1,-0.3666467,-0.24097927,-1.0411948,-0.5643576943874359,RSAD2,MEF,GATA1,Zf
1651,0,-0.11401458,-0.1286468,-1.7528152,0.5785970222949982,LHX6,LMC,MAX,bHLH
33,0,-0.22816904,-0.26024023,-1.134941,-1.1339052319526672,ACSL3,LMC,ATF3,bZIP
997,0,-0.33201274,-0.26024023,-1.7532792,-1.451229053735733,FAM43A,LMC,FOS,bZIP
3034,0,-0.17329708,-0.26024023,-1.6349095,-0.9701027584075927,TMEM246,LMC,JUND,bZIP
1838,1,-0.29358298,-0.46688727,1.006843,-0.736537663936615,MLLT3,MEF,NANOG,Homeobox
866,1,-0.65736616,-0.46688727,1.0985993,-0.019331133365631102,EGF,MEF,CUX1,Homeobox
2214,0,-0.25854215,-0.26616102,1.8328085,1.0896752047538758,PIK3R5,LMC,E2F6,E2F
1469,0,-0.46353218,-0.19389851,-1.3461412,-0.6906309914588928,INSIG1,LMC,STAT1,Stat
2450,0,-0.41671586,-0.24097927,-1.0523133,-0.595678539276123,RARG,LMC,EGR1,Zf
927,0,-0.41846725,-0.3966394,2.8551106,2.014373757839203,ESYT3,LMC,GABPA,ETS
39,1,-0.58022815,-0.42959467,-1.1783521,-1.3051102685928344,ACTB,MEF,IRF4,IRF
2549,1,-0.12181938,-0.1286468,-1.6384641,1.4329805481433868,RTKN2,MEF,BHLHE40,bHLH
948,1,-0.12181938,-0.1286468,-1.2887987,0.8196302855014801,F2R,MEF,BHLHE40,bHLH
633,1,-0.34369484,-0.46688727,-1.7925377,-1.6186245095729828,COTL1,MEF,PBX3,Homeobox
1212,0,-0.33011255,-0.26024023,1.3668374,0.026087881326675416,GNA15,LMC,ATF1,bZIP
1391,1,-0.224798,-0.224798,1.2587843,1.0985713338851928,HS3ST6,MEF,EBF1,EBF
3150,1,-0.8272477,-0.24097927,-1.30229,-0.9347917652130127,TUBB6,MEF,BCL11A,Zf
171,0,-0.46353218,-0.19389851,-1.3084476,-1.0131918728351592,APOLD1,LMC,STAT1,Stat
1755,1,-0.41846725,-0.3966394,1.4467506,-1.2088848912715913,MANSC1,MEF,GABPA,ETS
2296,0,-0.34920207,-0.3966394,2.2781577,0.5473378765583038,POU2F2,LMC,ELF1,ETS
1310,0,-0.11401458,-0.1286468,1.7605413,1.872747232913971,HAP1,LMC,MAX,bHLH
1792,1,-0.58022815,-0.42959467,-5.093406,-2.5444561040401457,MCOLN2,MEF,IRF4,IRF
3229,0,-0.23256464,-0.24097927,2.3354313,-0.7063772821426392,WNT2,LMC,YY1,Zf
2409,0,-0.3666467,-0.24097927,1.1963438,0.983158438205719,RAB11FIP1,LMC,GATA1,Zf
747,0,-0.38754547,-0.3966394,-1.0409411,-0.5244830226898194,DENND3,LMC,ELK1,ETS
2385,1,-0.28139952,-0.1286468,1.1420285,-0.36588812351226807,PTPN3,MEF,TCF12,bHLH
151,0,-0.37391356,-0.26024023,-1.2578008,-0.9454028463363647,ANXA6,LMC,ATF2,bZIP
3027,1,-0.1281041,-0.1286468,1.3271227,0.36197357177734374,TMEM184A,MEF,USF2,bHLH
489,0,-0.18068624,-0.24097927,1.132785,0.462697377204895,CDK18,LMC,MAZ,Zf
565,1,-0.29358298,-0.46688727,-1.2009269,-0.7227519881725312,CKS1B,MEF,NANOG,Homeobox
2733,0,-0.25854215,-0.26616102,-1.7704916,-1.9613685142993926,SLC35F1,LMC,E2F6,E2F
933,1,-0.46353218,-0.19389851,-1.7777936,-1.4980789184570313,EVI2A,MEF,STAT1,Stat
3128,1,-0.23256464,-0.24097927,-1.0508046,0.3706624495983124,TSPAN18,MEF,YY1,Zf
699,1,-0.25854215,-0.26616102,1.0643262,-0.38828875303268434,CXCL1,MEF,E2F6,E2F
173,0,-0.18068624,-0.24097927,4.209049,3.626805056333542,AQP5,LMC,MAZ,Zf
219,0,0.15241732,-0.18341035,-1.2496016,-1.276498600244522,ASAP3,LMC,FOXA1,Forkhead
3040,0,-0.3666467,-0.24097927,-1.158673,0.5317599129676819,TMEM38A,LMC,GATA1,Zf
1488,0,0.027779544,-0.26024023,-3.15235,-2.2937418913841245,ITGA11,LMC,BACH1,bZIP
422,0,0.0047023874,-0.1286468,-1.9702636,-1.845883868932724,CCNB2,LMC,USF1,bHLH
1017,1,-0.58022815,-0.42959467,-1.9749366,-1.4570166206359862,FANCI,MEF,IRF4,IRF
2011,1,-0.1281041,-0.1286468,-1.116004,1.2912630498409272,NOD1,MEF,USF2,bHLH
1164,1,-0.33134362,-0.24097927,3.0406773,2.048745505809784,GCHFR,MEF,ZEB1,Zf
1055,1,-0.01744671,-0.24097927,1.8330293,1.3184573113918305,FGF5,MEF,CTCF,Zf
1881,1,-0.17329708,-0.26024023,1.0524545,-1.219440895318985,MSI2,MEF,JUND,bZIP
2194,1,-0.3548418,-0.24097927,1.4172895,-0.47912240743637086,PFN4,MEF,ZNF263,Zf
939,1,-0.18553022,-0.24097927,1.7114613,-1.540583336353302,EXPH5,MEF,SP1,Zf
233,0,-0.5710992,-0.24097927,1.1636925,0.9426251018047332,ATF6,LMC,ZBTB33,Zf
580,0,-0.5097531,-0.26616102,1.3183998,1.3508134496212005,CLMN,LMC,E2F1,E2F
2924,1,-0.1281041,-0.1286468,2.4798288,1.4561250054836272,SYTL3,MEF,USF2,bHLH
1386,1,0.15241732,-0.18341035,-6.0146413,-0.6841673469543457,HPGDS,MEF,FOXA1,Forkhead
1502,0,-0.01744671,-0.24097927,-3.7254791,1.1562044763565062,ITIH2,LMC,CTCF,Zf
1232,0,-0.18068624,-0.24097927,-1.4140695,-0.6493808794021606,GPM6B,LMC,MAZ,Zf
648,1,-0.3666467,-0.24097927,1.092964,0.32143272042274473,CREBL2,MEF,GATA1,Zf
1147,1,-0.3666467,-0.24097927,-1.067214,-1.6584266495704652,GAPDH,MEF,GATA1,Zf
1395,1,0.027779544,-0.26024023,1.0437326,0.8412485551834107,HSD17B1,MEF,BACH1,bZIP
3138,0,0.027779544,-0.26024023,-1.6865426,-1.642070928812027,TTLL11,LMC,BACH1,bZIP
2161,1,0.15241732,-0.18341035,-1.0371046,-1.9773645639419555,PCYT1B,MEF,FOXA1,Forkhead
1201,1,-0.11401458,-0.1286468,5.889658,1.491136530637741,GLDN,MEF,MAX,bHLH
281,1,-0.2409758,-0.26024023,-1.5542505,-0.1436787760257721,BDH1,MEF,MAFF,bZIP
512,1,-0.25096336,-0.26024023,-2.398041,-2.405873670578003,CENPF,MEF,FOSL2,bZIP
1819,1,-0.31947148,-0.31947148,-2.406955,-0.9435231268405915,MFNG,MEF,NRF1,NRF
2818,1,-0.17329708,-0.26024023,-2.0819426,-1.4849036943912506,SP3,MEF,JUND,bZIP
1970,1,-0.22816904,-0.26024023,-2.2655962,-1.4536772668361664,NEK2,MEF,ATF3,bZIP
1953,1,-0.7640029,-0.42959467,-6.3598022,-3.254242708683014,NCF2,MEF,IRF3,IRF
2023,1,-0.38773212,-0.38773212,-1.3435223,0.8737673020362854,NPEPL1,MEF,PAX5,"Paired,Homeobox"
2118,1,-0.08447774,-0.18341035,2.0457292,0.3541013658046722,PANX2,MEF,FOXA2,Forkhead
994,1,-0.26226777,-0.42959467,1.0227886,0.8229661858081818,FAM222A,MEF,IRF1,IRF
322,0,-0.5710992,-0.24097927,-1.9591644,0.3747373557090759,BZRAP1,LMC,ZBTB33,Zf
2769,0,0.027779544,-0.26024023,2.0982068,-0.01761918783187866,SLFN5,LMC,BACH1,bZIP
3086,1,-0.41671586,-0.24097927,-1.1917357,-1.6415080523490906,TPM4,MEF,EGR1,Zf
2572,1,-0.020064104,-0.19389851,1.2491845,0.5719403338432312,SAP18,MEF,STAT3,Stat
29,1,-0.020064104,-0.19389851,-1.4410068,-0.9551137232780457,ACOT1,MEF,STAT3,Stat
1353,0,-0.6753632,-0.24097927,1.4838363,0.9850532400608063,HOOK1,LMC,SP2,Zf
715,1,-0.8272477,-0.24097927,1.4558525,1.6640070736408235,CYP1B1,MEF,BCL11A,Zf
2734,0,-0.08447774,-0.18341035,-2.5573225,-2.2666846883296965,SLC35F2,LMC,FOXA2,Forkhead
1668,1,-0.11401458,-0.1286468,3.0541296,-1.1293138229846955,LMCD1,MEF,MAX,bHLH
2196,1,0.0047023874,-0.1286468,-1.4853812,-0.2993312442302704,PGAP3,MEF,USF1,bHLH
2296,1,-0.1281041,-0.1286468,-3.999846,-0.5682441723346711,POU2F2,MEF,USF2,bHLH
879,0,-0.18068624,-0.24097927,1.6812562,0.7313438713550567,ELMO1,LMC,MAZ,Zf
258,1,-0.12181938,-0.1286468,-3.112907,-0.6724147140979767,B3GNT7,MEF,BHLHE40,bHLH
2237,0,-0.34920207,-0.3966394,-1.0522721,1.0999097585678101,PLCD1,LMC,ELF1,ETS
1323,1,-0.5097531,-0.26616102,-1.2728531,-0.08388463377952576,HEG1,MEF,E2F1,E2F
246,0,-0.40379766,-0.24097927,1.1833032,0.7499373030662536,ATP6V1B2,LMC,ZKSCAN1,Zf
2234,1,-0.38727695,-0.26024023,4.1999607,-1.8985381853580474,PLAGL1,MEF,MAFK,bZIP
3128,1,-0.020064104,-0.19389851,-1.0508046,0.7965841245651245,TSPAN18,MEF,STAT3,Stat
3156,1,-0.769263,-0.26024023,-9.23168,-1.0049706625938415,TYROBP,MEF,BATF,bZIP
2668,1,-0.23256464,-0.24097927,2.5834713,0.29153462052345275,SHROOM3,MEF,YY1,Zf
1821,0,-0.3548418,-0.24097927,-1.9097306,-0.27333403468132017,MFSD2A,LMC,ZNF263,Zf
1631,1,-0.3666467,-0.24097927,-4.8486533,-1.0866659545898438,LCP1,MEF,GATA1,Zf
1679,0,-0.65736616,-0.46688727,-1.5416106,-1.3358377635478973,LOXL3,LMC,CUX1,Homeobox
2389,0,-0.33201274,-0.26024023,1.294315,1.212009803056717,PTPRE,LMC,FOS,bZIP
1118,1,0.15241732,-0.18341035,1.1508414,-0.16678179264068604,FSIP1,MEF,FOXA1,Forkhead
2934,0,-0.41846725,-0.3966394,2.0902348,1.2097783756256104,TAL1,LMC,GABPA,ETS
1401,0,-0.045514207,-0.047810853,-1.605186,0.1687058675289154,HSPB6,LMC,RFX5,HTH
466,1,-0.06375064,-0.1286468,-1.5081419,-2.3092115926742554,CDC25B,MEF,MYOG,bHLH
1402,0,-0.06375064,-0.1286468,1.7698365,0.7707855260372162,HSPB7,LMC,MYOG,bHLH
2464,0,-0.28139952,-0.1286468,-1.4999887,0.328079833984375,RASSF6,LMC,TCF12,bHLH
1104,0,0.027779544,-0.26024023,-2.1475885,-1.373720030784607,FOXP2,LMC,BACH1,bZIP
1771,0,-0.29358298,-0.46688727,1.036933,1.6916194915771485,MARVELD2,LMC,NANOG,Homeobox
1145,1,-0.38727695,-0.26024023,-8.096693,-5.037794753313064,GALNT6,MEF,MAFK,bZIP
2733,1,-0.224798,-0.224798,2.1381354,0.38933876156806946,SLC35F1,MEF,EBF1,EBF
555,1,-0.18553022,-0.24097927,1.8076999,1.0280857217311858,CHST7,MEF,SP1,Zf
3228,0,-0.18068624,-0.24097927,-2.7386174,-0.47869411468505857,WNT16,LMC,MAZ,Zf
2027,1,-0.28139952,-0.1286468,-2.0476608,-0.6741165804862976,NPTX1,MEF,TCF12,bHLH
3253,1,-0.65736616,-0.46688727,-1.6620153,-1.7321487331390382,ZDHHC2,MEF,CUX1,Homeobox
2643,1,-0.01744671,-0.24097927,-1.113979,-1.444411380290985,SH2B2,MEF,CTCF,Zf
2839,1,-0.25854215,-0.26616102,1.4012864,-0.9463174831867218,SPNS2,MEF,E2F6,E2F
42,1,-0.23256464,-0.24097927,2.3429568,-0.270882660150528,ACVR1C,MEF,YY1,Zf
1347,1,-0.38754547,-0.3966394,-2.2474232,-2.079795209169388,HMMR,MEF,ELK1,ETS
2989,1,-0.1281041,-0.1286468,-2.3442698,-0.02818673014640808,TJP3,MEF,USF2,bHLH
1720,0,-0.3548418,-0.24097927,-2.1255505,-1.3433235800266266,LTBP1,LMC,ZNF263,Zf
1942,1,-0.11401458,-0.1286468,-1.5559199,0.2992308056354523,NAV1,MEF,MAX,bHLH
565,0,-0.29358298,-0.46688727,-1.0084794,-1.033292430639267,CKS1B,LMC,NANOG,Homeobox
620,0,-0.17236876,-0.17236876,-1.596438,-1.5247448563575745,COL5A1,LMC,TEAD4,TEA
1604,1,-0.045514207,-0.047810853,-2.5368693,-2.812606979608536,KNSTRN,MEF,RFX5,HTH
762,0,-0.38754547,-0.3966394,1.0946444,0.8419978582859039,DLEU2,LMC,ELK1,ETS
1075,1,-0.2409758,-0.26024023,-1.5137855,-1.3911075103282928,FLI1,MEF,MAFF,bZIP
1820,1,-0.38754547,-0.3966394,-1.6256363,-0.34549717664718627,MFSD12,MEF,ELK1,ETS
176,0,-0.33201274,-0.26024023,1.6893245,1.3737027323246003,ARAP3,LMC,FOS,bZIP
3162,1,-0.26226777,-0.42959467,-1.5763762,-1.6151182651519775,UBE2T,MEF,IRF1,IRF
910,1,-0.34774294,-0.3966394,1.3478439,0.27122416615486145,EPHB6,MEF,ETS1,ETS
111,1,-0.41846725,-0.3966394,-1.2785339,2.797499769926071,ALDH1A3,MEF,GABPA,ETS
2894,1,-0.769263,-0.26024023,-1.2475686,-0.35802886724472044,STX1A,MEF,BATF,bZIP
2088,0,-0.020064104,-0.19389851,-1.4119202,-1.1960353636741639,OPN3,LMC,STAT3,Stat
764,1,-0.33134362,-0.24097927,-2.7786102,-1.3676213920116425,DLGAP5,MEF,ZEB1,Zf
2644,1,-0.46353218,-0.19389851,2.096974,-0.9489173901081085,SH2D2A,MEF,STAT1,Stat
1504,0,-0.41671586,-0.24097927,1.9866703,1.809807493686676,ITM2A,LMC,EGR1,Zf
1080,0,-0.11401458,-0.1286468,-1.8819162,-1.2318526303768158,FMN2,LMC,MAX,bHLH
1285,0,-0.37391356,-0.26024023,-1.7310942,-1.0861952352523803,GRIN1,LMC,ATF2,bZIP
278,0,-0.24300791,-0.24097927,-2.4906874,-2.322740261554718,BCL11A,LMC,GATA2,Zf
2845,0,-0.11401458,-0.1286468,-1.1286079,0.1263340151309967,SPRY1,LMC,MAX,bHLH
854,1,-0.38754547,-0.3966394,-1.885986,-0.48802067279815675,EEPD1,MEF,ELK1,ETS
940,0,0.0047023874,-0.1286468,-1.0492839,-0.3279790139198303,EXT1,LMC,USF1,bHLH
1347,1,-0.1281041,-0.1286468,-2.2474232,-1.8083287918567656,HMMR,MEF,USF2,bHLH
247,0,-0.45815486,-0.27375907,1.0520605,0.9182817363739013,ATP8A1,LMC,MEF2A,MADS
747,0,0.15241732,-0.18341035,-1.0409411,0.1330352771282196,DENND3,LMC,FOXA1,Forkhead
1920,0,-0.18553022,-0.24097927,-1.5159758,0.37401445746421813,MYO1B,LMC,SP1,Zf
1317,1,-0.18068624,-0.24097927,-5.7553287,-1.3527843630313874,HCLS1,MEF,MAZ,Zf
797,1,-0.18068624,-0.24097927,-1.8619363,-1.1908764135837555,DOK2,MEF,MAZ,Zf
2572,1,-0.37391356,-0.26024023,1.2491845,-0.17902984142303466,SAP18,MEF,ATF2,bZIP
258,1,-0.70387286,-0.18341035,-3.112907,-2.5058218276500703,B3GNT7,MEF,FOXM1,Forkhead
469,0,-0.25854215,-0.26616102,-1.0888088,-1.2159076678752898,CDC42EP4,LMC,E2F6,E2F
739,1,-0.06375064,-0.1286468,1.5737567,0.47549413204193114,DDN,MEF,MYOG,bHLH
1692,1,-0.28139952,-0.1286468,-1.0737952,-0.4382757544517517,LRIG1,MEF,TCF12,bHLH
2790,1,-0.18068624,-0.24097927,-1.597613,0.5729109120368957,SNCAIP,MEF,MAZ,Zf
1485,1,-0.17236876,-0.17236876,1.4915516,0.4527942931652069,ISM1,MEF,TEAD4,TEA
1948,1,-0.11401458,-0.1286468,-2.1928997,-1.6918657386302949,NCAPG2,MEF,MAX,bHLH
1059,1,-0.08447774,-0.18341035,-1.306481,-0.8699296736717224,FGFR1,MEF,FOXA2,Forkhead
2658,0,-0.18068624,-0.24097927,-1.9436976,-0.7495926058292389,SHC2,LMC,MAZ,Zf
2095,0,0.15241732,-0.18341035,-4.0632787,-2.025543487071991,OSR2,LMC,FOXA1,Forkhead
599,1,-0.28139952,-0.1286468,-3.5096624,-0.763877604007721,CNR2,MEF,TCF12,bHLH
2522,1,-0.33011255,-0.26024023,-2.619785,1.2589212274551391,RNF183,MEF,ATF1,bZIP
1326,1,-0.020064104,-0.19389851,1.7722064,1.1239063882827758,HERC3,MEF,STAT3,Stat
2976,1,-0.18068624,-0.24097927,-2.8817067,-0.06891624927520752,THBS2,MEF,MAZ,Zf
3056,0,-0.020064104,-0.19389851,1.8511443,-0.415591059923172,TNFAIP8L2,LMC,STAT3,Stat
703,1,-0.17236876,-0.17236876,-1.3933158,0.17190054178237915,CXCR4,MEF,TEAD4,TEA
246,0,-0.17329708,-0.26024023,1.1833032,1.047231912612915,ATP6V1B2,LMC,JUND,bZIP
920,0,-0.25854215,-0.26616102,2.3110852,1.8862323820590974,ESAM,LMC,E2F6,E2F
1016,1,-0.18553022,-0.24097927,-1.8221961,-1.90008239030838,FANCD2,MEF,SP1,Zf
1093,0,-0.26226777,-0.42959467,1.141777,1.0030169868469239,FOS,LMC,IRF1,IRF
1568,1,-0.41671586,-0.24097927,-2.5758445,-1.9299802100658416,KIF15,MEF,EGR1,Zf
3051,1,-0.25854215,-0.26616102,1.3207757,-0.18734020709991456,TMX2,MEF,E2F6,E2F
1783,1,-0.23256464,-0.24097927,-1.3982825,-0.9939035189151764,MCAM,MEF,YY1,Zf
1811,1,-0.38727695,-0.26024023,1.4938444,0.45149982094764707,MEST,MEF,MAFK,bZIP
1796,1,-0.17329708,-0.26024023,-1.4065864,-1.982460741996765,MDGA1,MEF,JUND,bZIP
2816,0,-0.46353218,-0.19389851,1.4846952,1.1140524625778199,SP110,LMC,STAT1,Stat
975,1,-0.22816904,-0.26024023,1.2401816,1.3198862183094024,FAM161B,MEF,ATF3,bZIP
2898,1,-0.18068624,-0.24097927,1.3171495,1.2354464876651763,STYXL1,MEF,MAZ,Zf
1322,1,-0.33011255,-0.26024023,1.4396416,0.24803093314170838,HDGFRP3,MEF,ATF1,bZIP
138,0,-0.33134362,-0.24097927,-2.360335,-2.167438851594925,ANKLE1,LMC,ZEB1,Zf
451,0,-0.33011255,-0.26024023,2.0789714,2.089351453781128,CD53,LMC,ATF1,bZIP
1579,0,-0.46353218,-0.19389851,1.2811211,0.8836469542980194,KIF3A,LMC,STAT1,Stat
493,1,-0.34774294,-0.3966394,2.4994574,1.9992013084888458,CDKL4,MEF,ETS1,ETS
2508,1,-0.46353218,-0.19389851,1.4581743,-0.19913175821304321,RIMS3,MEF,STAT1,Stat
2887,1,-1.3901731,-0.3966394,-1.508352,-1.5383972334861755,STMN1,MEF,FLI1,ETS
236,0,-0.41846725,-0.3966394,1.4007505,0.7636002886295319,ATG9B,LMC,GABPA,ETS
792,1,-0.11401458,-0.1286468,-1.1671683,-1.275033723115921,DNMT1,MEF,MAX,bHLH
108,1,-0.5097531,-0.26616102,1.0786273,0.8917435240745545,ALCAM,MEF,E2F1,E2F
2822,0,-0.224798,-0.224798,-1.0630472,-0.9009965085983276,SPAG4,LMC,EBF1,EBF
2742,0,-0.34369484,-0.46688727,1.4623579,1.3608935976028442,SLC39A8,LMC,PBX3,Homeobox
2301,0,-0.33134362,-0.24097927,-1.3081778,-0.7035221862792969,PPAP2A,LMC,ZEB1,Zf
1588,0,0.15241732,-0.18341035,-2.5663316,-2.5815733540058137,KLF12,LMC,FOXA1,Forkhead
872,1,-0.020064104,-0.19389851,-2.1995416,-0.07968080401420594,EGR2,MEF,STAT3,Stat
3236,0,-0.70387286,-0.18341035,1.1457943,0.9077017760276794,WWP1,LMC,FOXM1,Forkhead
645,0,0.027779544,-0.26024023,2.6611502,1.8307635116577148,CRABP2,LMC,BACH1,bZIP
1094,1,-0.38938692,-0.38938692,1.9671559,1.1792518925666808,FOXA3,MEF,TCF3,HMG
2030,0,-0.17329708,-0.26024023,-1.7574401,-1.2201538634300233,NPY1R,LMC,JUND,bZIP
2601,1,-0.65736616,-0.46688727,1.0084376,-0.8592151248455048,SEC14L5,MEF,CUX1,Homeobox
1320,1,-0.23256464,-0.24097927,-2.2017817,0.6952029204368592,HCST,MEF,YY1,Zf
1374,1,-0.33201274,-0.26024023,-1.569939,-0.261096682548523,HOXC5,MEF,FOS,bZIP
320,1,-0.28139952,-0.1286468,-3.2193103,-2.321161857843399,BUB1,MEF,TCF12,bHLH
1307,0,-0.01744671,-0.24097927,-1.3646489,-1.2076123070716858,H1FX,LMC,CTCF,Zf
1754,1,-0.33134362,-0.24097927,1.5756658,0.11879249691963195,MANEAL,MEF,ZEB1,Zf
55,1,-0.41671586,-0.24097927,-1.0830543,-2.853969974517822,ADAMTS10,MEF,EGR1,Zf
192,1,-0.32353044,-0.32353044,2.2037745,-1.831150562763214,ARHGEF16,MEF,HNF4A,NR
1808,0,-0.25096336,-0.26024023,-1.8211592,-1.2648007380962372,MELK,LMC,FOSL2,bZIP
1542,0,0.0047023874,-0.1286468,2.0720127,0.9244850420951843,KCNIP2,LMC,USF1,bHLH
1781,0,-0.25854215,-0.26616102,1.5378258,0.6034146583080292,MBP,LMC,E2F6,E2F
3239,1,-0.2409758,-0.26024023,9.86263,4.883339961767197,XIST,MEF,MAFF,bZIP
829,0,-0.70387286,-0.18341035,-1.1774735,-0.7491277849674225,DUT,LMC,FOXM1,Forkhead
3190,1,-0.26226777,-0.42959467,-7.1439543,-1.2616900682449341,VAV1,MEF,IRF1,IRF
2207,1,-0.25096336,-0.26024023,-1.1353942,0.18510644555091857,PIANP,MEF,FOSL2,bZIP
554,0,-0.18068624,-0.24097927,-1.8593625,-1.2136838114261628,CHST5,LMC,MAZ,Zf
2507,1,-0.34920207,-0.3966394,1.462111,0.7686408436298371,RIC3,MEF,ELF1,ETS
2382,0,-0.8272477,-0.24097927,1.0109676,0.2977292215824127,PTPN13,LMC,BCL11A,Zf
1620,1,-0.33134362,-0.24097927,-1.2878922,-0.285006662607193,LAMC1,MEF,ZEB1,Zf
903,0,0.027779544,-0.26024023,2.932752,0.5175553405284882,EPCAM,LMC,BACH1,bZIP
2230,0,-0.41846725,-0.3966394,1.7919799,1.1985948920249938,PLA2G7,LMC,GABPA,ETS
1727,0,-0.020064104,-0.19389851,-1.8059852,-1.6647380518913268,LY75,LMC,STAT3,Stat
3160,1,-0.020064104,-0.19389851,-2.8941476,-1.554830551147461,UBE2C,MEF,STAT3,Stat
24,1,-0.22547291,-0.26616102,2.1553288,2.1152304148674013,ACE,MEF,E2F4,E2F
1368,1,-0.3548418,-0.24097927,-1.5305121,-0.798238434791565,HOXB6,MEF,ZNF263,Zf
2933,1,0.0047023874,-0.1286468,-1.9559231,1.2020823335647584,TAGLN2,MEF,USF1,bHLH
2574,1,-0.23256464,-0.24097927,-2.472195,0.4234072256088257,SAPCD2,MEF,YY1,Zf
2249,1,-0.33134362,-0.24097927,1.1527126,-0.6607975125312805,PLEKHG1,MEF,ZEB1,Zf
414,1,-0.01744671,-0.24097927,-3.7090113,-2.812048027515411,CCL3,MEF,CTCF,Zf
208,0,-0.7640029,-0.42959467,1.2838227,1.0541876769065857,ARMC2,LMC,IRF3,IRF
579,1,-0.23256464,-0.24097927,3.342797,1.800401657819748,CLIP4,MEF,YY1,Zf
2786,1,-0.06375064,-0.1286468,-1.2469294,0.3840804851055145,SNAI1,MEF,MYOG,bHLH
886,0,-0.3666467,-0.24097927,-1.4650615,-1.0818020045757293,EMILIN1,LMC,GATA1,Zf
265,1,-0.23256464,-0.24097927,-1.1411111,-1.2609470248222352,BAG2,MEF,YY1,Zf
208,0,-0.18553022,-0.24097927,1.2838227,1.2239565563201904,ARMC2,LMC,SP1,Zf
1752,1,-0.3548418,-0.24097927,-1.2879815,-0.17033215165138244,MAN2A1,MEF,ZNF263,Zf
112,1,-0.11401458,-0.1286468,-2.5950828,0.15265742778778077,ALDH1L1,MEF,MAX,bHLH
1697,0,-0.2409758,-0.26024023,-1.5333753,-0.6114146077632904,LRRC16A,LMC,MAFF,bZIP
1361,1,-0.01744671,-0.24097927,-1.8635479,-0.1088158118724823,HOXA6,MEF,CTCF,Zf
3124,0,-0.12181938,-0.1286468,-1.2644619,-1.030761352777481,TSLP,LMC,BHLHE40,bHLH
1028,0,-0.11401458,-0.1286468,-2.426656,-1.9639378678798676,FBN2,LMC,MAX,bHLH
613,0,-0.31947148,-0.31947148,-2.6248782,-2.5393689715862275,COL19A1,LMC,NRF1,NRF
1613,0,-0.01744671,-0.24097927,2.4317777,2.2659638118743897,LAD1,LMC,CTCF,Zf
2990,1,-0.38938692,-0.38938692,-1.960353,-1.155906081199646,TK1,MEF,TCF3,HMG
737,1,-0.3666467,-0.24097927,-1.5723729,-0.060898621082305905,DDC,MEF,GATA1,Zf
3051,1,-0.25854215,-0.26616102,1.3207757,-0.18734020709991456,TMX2,MEF,E2F6,E2F
2012,1,-0.08447774,-0.18341035,2.3264077,0.6007100808620452,NOG,MEF,FOXA2,Forkhead
747,0,-0.34920207,-0.3966394,-1.0409411,-0.7580412435531616,DENND3,LMC,ELF1,ETS
1634,0,-0.11401458,-0.1286468,-1.8764224,-0.10517317771911622,LDB2,LMC,MAX,bHLH
35,0,-0.23256464,-0.24097927,-1.0941339,-0.9761887073516846,ACSS2,LMC,YY1,Zf
2487,0,-0.65736616,-0.46688727,1.091219,0.6699808800220489,RFTN1,LMC,CUX1,Homeobox
1618,1,-0.3666467,-0.24097927,2.025369,0.3753058624267578,LAMA5,MEF,GATA1,Zf
2517,0,-0.01744671,-0.24097927,-3.7459342,-1.3597983014583588,RNF144A,LMC,CTCF,Zf
1820,1,-0.34369484,-0.46688727,-1.6256363,-1.3146483409404754,MFSD12,MEF,PBX3,Homeobox
1122,0,-0.01744671,-0.24097927,1.3988296,0.6553071069717408,FSTL4,LMC,CTCF,Zf
1556,1,-0.41671586,-0.24097927,-1.6057874,0.7117200183868408,KCNS3,MEF,EGR1,Zf
2925,0,-0.17329708,-0.26024023,-1.547612,-1.1400090622901917,SYTL4,LMC,JUND,bZIP
2296,1,-0.045514207,-0.047810853,-3.999846,-1.000153856277466,POU2F2,MEF,RFX5,HTH
2664,1,0.027779544,-0.26024023,1.5931308,-1.0740513920783996,SHISA7,MEF,BACH1,bZIP
2349,0,-0.020064104,-0.19389851,-1.1556536,-1.1023665237426759,PRRT2,LMC,STAT3,Stat
2363,1,-0.38938692,-0.38938692,-1.26462,-1.981073237657547,PSD4,MEF,TCF3,HMG
1631,0,-0.34920207,-0.3966394,1.8876575,1.597674800157547,LCP1,LMC,ELF1,ETS
1955,0,-0.7640029,-0.42959467,2.1906483,0.9918499290943146,NCKAP1L,LMC,IRF3,IRF
2451,0,-0.41846725,-0.3966394,-1.7096163,-0.9623279058933258,RARRES1,LMC,GABPA,ETS
131,0,-0.24300791,-0.24097927,-2.6651552,-0.8624384248256683,ANGPT2,LMC,GATA2,Zf
54,0,-0.06375064,-0.1286468,-1.0607144,-1.3544367706775666,ADAMTS1,LMC,MYOG,bHLH
1669,1,-0.41846725,-0.3966394,-2.0333745,-2.0006230783462526,LMNB1,MEF,GABPA,ETS
795,0,-0.38773212,-0.38773212,1.6564744,0.8608987522125244,DOCK3,LMC,PAX5,"Paired,Homeobox"
1879,0,-0.45815486,-0.27375907,2.499849,0.8642592144012451,MS4A7,LMC,MEF2A,MADS
530,1,-1.3901731,-0.3966394,1.2931513,0.7328063142299652,CFAP57,MEF,FLI1,ETS
322,0,-0.46353218,-0.19389851,-1.9591644,0.41950284004211424,BZRAP1,LMC,STAT1,Stat
2189,0,-0.12181938,-0.1286468,1.8269398,0.9654651319980622,PF4,LMC,BHLHE40,bHLH
2901,1,-0.41671586,-0.24097927,-5.1530013,-1.4539246571063995,SUSD3,MEF,EGR1,Zf
3088,1,-0.33134362,-0.24097927,-1.1942955,-0.6436399710178375,TPX2,MEF,ZEB1,Zf
558,0,-0.41846725,-0.3966394,-1.1850271,-1.2118327033519745,CIB2,LMC,GABPA,ETS
661,1,-0.3548418,-0.24097927,-1.0394434,0.6407700157165528,CRYL1,MEF,ZNF263,Zf
2723,0,-0.3548418,-0.24097927,-1.2504945,-0.8147538280487061,SLC29A4,LMC,ZNF263,Zf
1180,1,-0.23256464,-0.24097927,1.6279256,0.5959883725643158,GFRA2,MEF,YY1,Zf
1385,0,-0.28139952,-0.1286468,3.1518924,2.356169227361679,HPGD,LMC,TCF12,bHLH
2849,1,-0.224798,-0.224798,-1.6306322,-1.6223801445961,SPTB,MEF,EBF1,EBF
252,1,-0.18068624,-0.24097927,-2.3618605,-2.0838261604309083,AURKB,MEF,MAZ,Zf
2950,0,-0.17236876,-0.17236876,1.1511981,0.8921278464794159,TCIRG1,LMC,TEAD4,TEA
152,0,-0.17329708,-0.26024023,2.0913832,-0.7460252785682678,ANXA8,LMC,JUND,bZIP
2332,1,-0.40379766,-0.24097927,-1.3902781,-1.209655020236969,PRIM1,MEF,ZKSCAN1,Zf
2461,0,-0.020064104,-0.19389851,-2.7437227,-0.573021663427353,RASL12,LMC,STAT3,Stat
2386,1,-0.41846725,-0.3966394,-5.8584,-3.155923852920532,PTPN6,MEF,GABPA,ETS
789,1,0.027779544,-0.26024023,-1.4228231,-0.9445051646232605,DNER,MEF,BACH1,bZIP
1068,1,-0.020064104,-0.19389851,-1.1945556,-1.412942646741867,FIBIN,MEF,STAT3,Stat
1429,1,-0.25854215,-0.26616102,-1.177071,-0.5642679035663605,IGSF3,MEF,E2F6,E2F
2490,1,-0.1281041,-0.1286468,-7.0311346,-1.5447519159317016,RGS1,MEF,USF2,bHLH
2641,0,-0.65736616,-0.46688727,-1.302446,-0.9905601906776428,SGOL2,LMC,CUX1,Homeobox
2502,0,-0.11401458,-0.1286468,-1.5356117,-1.493800733089447,RHOF,LMC,MAX,bHLH
1777,0,-0.06375064,-0.1286468,-2.3094268,-2.0312970805168153,MATN2,LMC,MYOG,bHLH
2399,1,-0.2409758,-0.26024023,-1.4025425,-0.4351346230506897,PVRL2,MEF,MAFF,bZIP
516,0,-0.7640029,-0.42959467,-1.7725236,-1.305016359090805,CENPM,LMC,IRF3,IRF
928,1,-0.41846725,-0.3966394,3.3823693,0.39048056602478026,ETNPPL,MEF,GABPA,ETS
208,0,-0.042086042,-0.24097927,1.2838227,0.6170256447792053,ARMC2,LMC,GATA3,Zf
130,0,-0.38938692,-0.38938692,1.297304,0.3416329622268677,AMZ1,LMC,TCF3,HMG
1031,1,-0.38938692,-0.38938692,-1.2496772,-0.7893141877651214,FBXL8,MEF,TCF3,HMG
1557,1,-0.33011255,-0.26024023,2.0741992,-0.33080130696296695,KCNU1,MEF,ATF1,bZIP
2848,1,-0.29358298,-0.46688727,-1.3201041,-1.7971281898021698,SPSB4,MEF,NANOG,Homeobox
1488,0,-0.28139952,-0.1286468,-3.15235,-2.405104402303696,ITGA11,LMC,TCF12,bHLH
1050,1,-0.70387286,-0.18341035,-1.4150496,-1.3344051611423493,FGF11,MEF,FOXM1,Forkhead
404,1,-0.22816904,-0.26024023,1.1330484,0.9297820234298706,CCDC87,MEF,ATF3,bZIP
2858,1,-0.08447774,-0.18341035,1.8558211,-0.7367661094665527,SSTR2,MEF,FOXA2,Forkhead
323,1,-0.38727695,-0.26024023,1.5764846,-0.07401958584785462,C1GALT1,MEF,MAFK,bZIP
3078,1,-0.7640029,-0.42959467,-2.8886466,-0.7034049677848816,TOP2A,MEF,IRF3,IRF
934,1,-0.11401458,-0.1286468,-4.119745,0.593758591413498,EVI2B,MEF,MAX,bHLH
3000,1,-0.224798,-0.224798,-2.7555268,-1.882999838590622,TLR9,MEF,EBF1,EBF
2936,1,-0.18068624,-0.24097927,-1.5105346,0.6898184180259704,TBC1D2B,MEF,MAZ,Zf
304,1,-0.18068624,-0.24097927,-2.4118702,-0.5807190322875977,BMPER,MEF,MAZ,Zf
1229,0,-0.24300791,-0.24097927,-1.5409347,-1.1460950899124145,GPC6,LMC,GATA2,Zf
2042,0,-0.40379766,-0.24097927,2.0433388,0.7834045660495758,NRSN1,LMC,ZKSCAN1,Zf
2402,0,-0.2409758,-0.26024023,1.5811112,0.2570480740070343,PYCARD,LMC,MAFF,bZIP
3188,1,-0.33201274,-0.26024023,-1.032395,-1.0219176864624024,VASP,MEF,FOS,bZIP
1876,1,-0.23256464,-0.24097927,-1.2789756,-1.0221862602233887,MRPS6,MEF,YY1,Zf
2459,1,-0.70387286,-0.18341035,-1.3954514,-1.3326080298423768,RASGRP3,MEF,FOXM1,Forkhead
2781,1,-0.3548418,-0.24097927,-3.9182653,-1.6183846712112426,SMOC2,MEF,ZNF263,Zf
1244,1,-0.01744671,-0.24097927,-2.028512,-0.34622323989868165,GPR155,MEF,CTCF,Zf
1326,1,0.0047023874,-0.1286468,1.7722064,1.6894793260097503,HERC3,MEF,USF1,bHLH
1961,1,-0.38773212,-0.38773212,1.0186924,-0.017729777097702026,NDRG3,MEF,PAX5,"Paired,Homeobox"
2185,1,-0.5097531,-0.26616102,-1.7224369,-0.9192805266380311,PEG10,MEF,E2F1,E2F
2759,1,-0.34920207,-0.3966394,2.5075803,-0.6617456126213074,SLC8A2,MEF,ELF1,ETS
335,0,-0.34920207,-0.3966394,2.3234644,0.6838612937927246,C5AR2,LMC,ELF1,ETS
2895,0,-0.38938692,-0.38938692,1.2344522,0.6601936602592469,STXBP5,LMC,TCF3,HMG
2546,0,-0.17236876,-0.17236876,1.2598835,-0.2050083386898041,RSPO1,LMC,TEAD4,TEA
2982,1,-0.46353218,-0.19389851,-2.3347836,-0.6396573793888092,TICRR,MEF,STAT1,Stat
2829,1,-0.18553022,-0.24097927,-1.5263121,-1.7760782527923584,SPECC1,MEF,SP1,Zf
100,0,-0.042086042,-0.24097927,1.8017025,1.4770142805576325,AIM1,LMC,GATA3,Zf
761,1,-0.18068624,-0.24097927,2.1421344,0.8992734348773956,DKKL1,MEF,MAZ,Zf
2526,1,-0.37391356,-0.26024023,1.9402771,0.6863537538051605,RNF43,MEF,ATF2,bZIP
1662,0,-0.22547291,-0.26616102,-1.7920642,-1.1685948538780213,LIN7A,LMC,E2F4,E2F
2248,1,-0.25096336,-0.26024023,1.6318849,-0.4750619125366211,PLEKHA7,MEF,FOSL2,bZIP
1059,1,-0.06375064,-0.1286468,-1.306481,-0.6574474382400513,FGFR1,MEF,MYOG,bHLH
206,0,-0.25096336,-0.26024023,1.0346465,1.0469430553913117,ARL4C,LMC,FOSL2,bZIP
1701,0,-0.3666467,-0.24097927,-1.2529169,-1.2444606053829192,LRRC3,LMC,GATA1,Zf
848,1,-0.7640029,-0.42959467,-2.0080101,-0.1216742193698883,ECT2,MEF,IRF3,IRF
1530,1,-0.23256464,-0.24097927,-1.7830039,-0.4054391407966614,KCNAB2,MEF,YY1,Zf
2790,1,-0.38773212,-0.38773212,-1.597613,-1.36262655377388,SNCAIP,MEF,PAX5,"Paired,Homeobox"
1446,1,-0.41846725,-0.3966394,-1.9539555,-1.1518872094154358,IL18RAP,MEF,GABPA,ETS
413,1,-0.1281041,-0.1286468,3.1736608,3.0062749826908113,CCL20,MEF,USF2,bHLH
1024,0,-0.22547291,-0.26616102,-1.3466827,-2.4924974501132966,FBLN2,LMC,E2F4,E2F
1775,0,-0.224798,-0.224798,-1.2945493,-1.2760102617740632,MASTL,LMC,EBF1,EBF
3173,1,-0.18068624,-0.24097927,2.8903458,-0.21213727474212646,UNC5C,MEF,MAZ,Zf
3015,1,-0.38727695,-0.26024023,1.1457732,-0.6119959914684295,TMEM140,MEF,MAFK,bZIP
457,0,-0.17329708,-0.26024023,1.8729588,1.9221989393234253,CD74,LMC,JUND,bZIP
23,0,-0.37391356,-0.26024023,-1.0546592,-0.7543335199356079,ACAT2,LMC,ATF2,bZIP
1206,0,-0.045514207,-0.047810853,-1.2241191,-1.2342028248310088,GLIS3,LMC,RFX5,HTH
3099,1,-0.06375064,-0.1286468,-1.4419627,-0.8119996738433838,TRERF1,MEF,MYOG,bHLH
1947,1,-0.18553022,-0.24097927,-1.986602,-1.6205845165252686,NCAPG,MEF,SP1,Zf
2597,1,-0.31947148,-0.31947148,1.4566245,0.5967238295078278,SDC2,MEF,NRF1,NRF
2692,0,-0.28139952,-0.1286468,2.0074983,1.92012451171875,SLC15A3,LMC,TCF12,bHLH
1726,1,-0.28139952,-0.1286468,-1.5292109,-1.321492040157318,LY6E,MEF,TCF12,bHLH
1559,0,-0.33201274,-0.26024023,-1.662673,-1.6496016585826874,KCTD15,LMC,FOS,bZIP
2332,1,-0.33134362,-0.24097927,-1.3902781,-1.6703056335449218,PRIM1,MEF,ZEB1,Zf
1745,0,-0.58022815,-0.42959467,2.630295,2.490110641717911,MAK,LMC,IRF4,IRF
941,0,-0.25096336,-0.26024023,1.4717461,-0.49974098563194275,EXTL1,LMC,FOSL2,bZIP
2324,1,-0.38727695,-0.26024023,-1.0814621,-1.7440884256362914,PRCP,MEF,MAFK,bZIP
396,1,-0.12181938,-0.1286468,1.1600107,1.1054183065891265,CCDC39,MEF,BHLHE40,bHLH
1804,1,-0.18553022,-0.24097927,1.6576555,0.9296444892883301,MEGF9,MEF,SP1,Zf
2469,0,-0.41671586,-0.24097927,-1.5840803,0.9421650731563568,RBM11,LMC,EGR1,Zf
1952,1,-0.224798,-0.224798,-5.995038,-4.7187145793437955,NCF1,MEF,EBF1,EBF
2,0,-0.3548418,-0.24097927,-1.8893709,-1.3045254850387573,AARD,LMC,ZNF263,Zf
1486,0,-0.38727695,-0.26024023,1.3292,0.45517601251602174,ISYNA1,LMC,MAFK,bZIP
1150,1,-0.06375064,-0.1286468,1.2065096,0.8155477714538574,GAS1,MEF,MYOG,bHLH
1204,1,-0.41846725,-0.3966394,-2.297817,-1.98055606007576,GLIPR2,MEF,GABPA,ETS
62,0,-0.020064104,-0.19389851,-1.7200596,-1.5235592496395112,ADAMTS6,LMC,STAT3,Stat
1400,1,-0.3548418,-0.24097927,3.6111457,1.9908349895477295,HSPB2,MEF,ZNF263,Zf
2252,1,-0.06375064,-0.1286468,1.3349193,0.2356990909576416,PLEKHH2,MEF,MYOG,bHLH
2574,1,-0.06375064,-0.1286468,-2.472195,-0.26096866726875306,SAPCD2,MEF,MYOG,bHLH
1665,1,-0.1281041,-0.1286468,-1.0906605,-1.2474687361717225,LIPA,MEF,USF2,bHLH
493,1,-0.020064104,-0.19389851,2.4994574,1.647556381225586,CDKL4,MEF,STAT3,Stat
3267,0,-0.3548418,-0.24097927,-1.2638365,-0.7074319696426392,ZWILCH,LMC,ZNF263,Zf
1023,1,-0.18553022,-0.24097927,-1.6969489,-2.0186517703533173,FBLN1,MEF,SP1,Zf
1235,0,-0.01744671,-0.24097927,-1.1962503,-0.3797782576084137,GPR116,LMC,CTCF,Zf
657,1,-0.18068624,-0.24097927,-2.2963889,-0.6116550672054291,CRMP1,MEF,MAZ,Zf
3048,0,-0.38754547,-0.3966394,1.9823439,0.8798025155067444,TMEM82,LMC,ELK1,ETS
2618,1,-0.38938692,-0.38938692,1.103243,-1.5295614564418794,SERINC2,MEF,TCF3,HMG
1531,0,-0.23256464,-0.24097927,1.7289557,1.4898064756393432,KCNB1,LMC,YY1,Zf
1585,0,-0.3548418,-0.24097927,-2.8330204,-0.9624575579166412,KIRREL3,LMC,ZNF263,Zf
3042,0,-0.17329708,-0.26024023,-1.8005553,-1.0551022350788117,TMEM47,LMC,JUND,bZIP
988,1,-0.40379766,-0.24097927,1.5712413,1.5854543209075929,FAM19A3,MEF,ZKSCAN1,Zf
1827,1,-0.01744671,-0.24097927,-1.5507092,-1.1151496577262878,MIAT,MEF,CTCF,Zf
1214,1,-0.65736616,-0.46688727,1.1469135,-0.45472514867782593,GNAL,MEF,CUX1,Homeobox
1305,1,-0.28139952,-0.1286468,1.9774414,1.859644751548767,GYLTL1B,MEF,TCF12,bHLH
1048,0,-0.08447774,-0.18341035,3.2970698,2.1535323667526245,FGF1,LMC,FOXA2,Forkhead
1070,1,-0.12181938,-0.1286468,-1.9571518,-1.0086555647850037,FIGNL1,MEF,BHLHE40,bHLH
205,1,-0.24300791,-0.24097927,1.1241271,-0.9868178308010102,ARL4A,MEF,GATA2,Zf
2833,1,-0.12181938,-0.1286468,-7.2477894,-2.853838846683502,SPI1,MEF,BHLHE40,bHLH
786,1,-0.38727695,-0.26024023,3.1105778,2.504366534948349,DNAJC6,MEF,MAFK,bZIP
377,0,-0.41846725,-0.3966394,-1.1839267,-0.6490489745140076,CBS,LMC,GABPA,ETS
2358,0,-0.41671586,-0.24097927,-1.326662,0.978436849117279,PRTG,LMC,EGR1,Zf
2102,1,-0.11401458,-0.1286468,-3.7011466,-0.49169690370559693,P2RY12,MEF,MAX,bHLH
1571,1,-0.40379766,-0.24097927,-2.078099,-1.7342000794410706,KIF20B,MEF,ZKSCAN1,Zf
424,1,-0.22547291,-0.26616102,-1.7134051,-1.6087958478927613,CCNF,MEF,E2F4,E2F
1495,0,-0.37391356,-0.26024023,2.7970064,2.675657922029495,ITGAL,LMC,ATF2,bZIP
768,1,-0.34920207,-0.3966394,1.7359682,2.0821150159835815,DLX2,MEF,ELF1,ETS
1138,0,-0.3548418,-0.24097927,1.1769226,-0.6437874186038971,GALC,LMC,ZNF263,Zf
24,1,-0.3548418,-0.24097927,2.1553288,1.4671476078033447,ACE,MEF,ZNF263,Zf
3224,0,0.15241732,-0.18341035,-1.272309,-0.37467084169387815,WNK4,LMC,FOXA1,Forkhead
2964,0,-0.34774294,-0.3966394,1.0158743,0.2521958887577057,TFEB,LMC,ETS1,ETS
705,1,-0.042086042,-0.24097927,1.9690752,1.0353460347652435,CXXC4,MEF,GATA3,Zf
453,1,0.3057706,-0.27375907,-5.836772,1.1053462028503418,CD5L,MEF,MEF2C,MADS
2588,1,0.027779544,-0.26024023,1.6087468,0.46246145367622377,SCN3B,MEF,BACH1,bZIP
631,1,-0.8272477,-0.24097927,-1.0453374,-0.8081154954433442,CORO1C,MEF,BCL11A,Zf
1574,1,-0.58022815,-0.42959467,-2.4750273,-1.0025015771389008,KIF23,MEF,IRF4,IRF
1463,1,-0.28139952,-0.1286468,-1.116266,-1.501326036453247,INCENP,MEF,TCF12,bHLH
1699,0,0.15241732,-0.18341035,3.4313452,0.6404675066471099,LRRC2,LMC,FOXA1,Forkhead
1474,1,0.027779544,-0.26024023,1.5855246,0.04075392723083496,IQUB,MEF,BACH1,bZIP
83,0,-0.11401458,-0.1286468,-2.5038176,-1.2302668261528016,ADRA1D,LMC,MAX,bHLH
2709,0,-0.18068624,-0.24097927,1.6009575,1.3552339339256287,SLC22A18,LMC,MAZ,Zf
828,1,-0.224798,-0.224798,-1.8124657,-0.8566632688045501,DUSP9,MEF,EBF1,EBF
3025,1,-0.17236876,-0.17236876,1.5924408,0.30947513580322267,TMEM179,MEF,TEAD4,TEA
1210,0,-0.38754547,-0.3966394,1.2591577,0.826021066904068,GMIP,LMC,ELK1,ETS
3165,0,-0.3548418,-0.24097927,2.2538092,1.9794640052318573,UCP2,LMC,ZNF263,Zf
1946,1,-0.70387286,-0.18341035,-2.066573,-2.532427810430527,NCAPD2,MEF,FOXM1,Forkhead
2339,0,-0.3666467,-0.24097927,1.323295,0.8735938751697541,PROCR,LMC,GATA1,Zf
1619,0,-0.08447774,-0.18341035,1.9870634,1.505374594926834,LAMB3,LMC,FOXA2,Forkhead
2542,0,-0.769263,-0.26024023,-1.5441597,-0.9673284447193146,RRM2,LMC,BATF,bZIP
2378,0,-0.34774294,-0.3966394,1.532152,1.087992206811905,PTK2B,LMC,ETS1,ETS
1322,1,-0.045514207,-0.047810853,1.4396416,0.19690992474555968,HDGFRP3,MEF,RFX5,HTH
140,1,-0.33134362,-0.24097927,-3.3900094,-2.346308878660202,ANKRD33B,MEF,ZEB1,Zf
564,1,0.027779544,-0.26024023,2.349231,-0.7088566327095032,CKMT2,MEF,BACH1,bZIP
1162,1,-0.1281041,-0.1286468,1.5318578,0.6288368260860443,GCA,MEF,USF2,bHLH
1013,0,-0.18553022,-0.24097927,1.4755962,1.0494373559951782,FAM84A,LMC,SP1,Zf
597,1,-0.18553022,-0.24097927,2.2867155,1.4246130621433257,CNNM1,MEF,SP1,Zf
301,0,-0.25854215,-0.26616102,2.0985534,-0.9018018746376038,BMP7,LMC,E2F6,E2F
539,1,-0.31947148,-0.31947148,1.2686113,-0.7508322739601135,CHCHD10,MEF,NRF1,NRF
2837,1,-0.11043269,-0.047810853,2.7942443,-1.2518479359149932,SPINT2,MEF,MYB,HTH
1563,0,-0.38754547,-0.3966394,-1.016507,-1.3732323491573333,KDELR3,LMC,ELK1,ETS
1123,0,-0.22547291,-0.26616102,1.4232948,1.3412387323379518,FTH1,LMC,E2F4,E2F
1834,1,-0.17236876,-0.17236876,-3.7861793,-0.6332360756397247,MKI67,MEF,TEAD4,TEA
1631,0,-0.01744671,-0.24097927,1.8876575,1.910216269493103,LCP1,LMC,CTCF,Zf
148,0,-0.41671586,-0.24097927,-1.1924417,-1.024941130876541,ANTXR1,LMC,EGR1,Zf
296,1,0.3057706,-0.27375907,-1.5980535,-0.7733425402641296,BLNK,MEF,MEF2C,MADS
693,0,-0.38938692,-0.38938692,-1.0231155,-0.456166090965271,CUL7,LMC,TCF3,HMG
2502,0,-0.22547291,-0.26616102,-1.5356117,-1.2881167209148408,RHOF,LMC,E2F4,E2F
1576,0,-0.24300791,-0.24097927,-1.0787578,-1.1687466454505921,KIF26B,LMC,GATA2,Zf
2124,0,-0.38754547,-0.3966394,1.5096653,-0.19494668483734132,PARK2,LMC,ELK1,ETS
1215,0,-0.08447774,-0.18341035,-1.0471468,-0.5809823894500732,GNG10,LMC,FOXA2,Forkhead
3247,1,-0.1281041,-0.1286468,1.213374,-1.3750394427776336,ZBTB7C,MEF,USF2,bHLH
1143,1,-0.22547291,-0.26616102,2.7778296,0.851138060092926,GALNT3,MEF,E2F4,E2F
1808,0,-0.41846725,-0.3966394,-1.8211592,-1.2932448029518127,MELK,LMC,GABPA,ETS
147,0,-0.18068624,-0.24097927,2.015515,1.4782252717018127,ANPEP,LMC,MAZ,Zf
391,0,-0.34369484,-0.46688727,-1.0662317,-0.5235017263889312,CCDC159,LMC,PBX3,Homeobox
420,1,-0.020064104,-0.19389851,-2.2738292,-1.9284173846244812,CCNA2,MEF,STAT3,Stat
2611,1,-0.34920207,-0.3966394,1.7113293,1.5826944530010223,SEMA3G,MEF,ELF1,ETS
1475,0,-0.31947148,-0.31947148,2.4685044,1.226931083202362,IRF5,LMC,NRF1,NRF
2994,1,-0.045514207,-0.047810853,-2.1240892,-1.7382295548915863,TLL1,MEF,RFX5,HTH
2960,1,-0.01744671,-0.24097927,2.1696389,0.07450330376625061,TEX15,MEF,CTCF,Zf
1856,1,-0.224798,-0.224798,-2.300053,-0.3170059275627136,MMP9,MEF,EBF1,EBF
2036,1,-0.01744671,-0.24097927,2.711894,1.70193528175354,NRAP,MEF,CTCF,Zf
2095,0,-0.38938692,-0.38938692,-4.0632787,-3.2669751060009005,OSR2,LMC,TCF3,HMG
2810,1,-0.224798,-0.224798,-2.681507,-1.2925974059104919,SOX12,MEF,EBF1,EBF
2915,1,-0.01744671,-0.24097927,1.2508746,0.28238065958023073,SYNPO,MEF,CTCF,Zf
1365,0,0.027779544,-0.26024023,-1.0459447,-0.8853680765628815,HOXB3,LMC,BACH1,bZIP
2262,1,-0.34774294,-0.3966394,1.3611525,0.8646548628807068,PLLP,MEF,ETS1,ETS
985,0,-0.23256464,-0.24097927,-1.4800853,-1.6973086166381837,FAM196A,LMC,YY1,Zf
315,0,-0.22547291,-0.26616102,-1.1530434,-0.8283890569210053,BTBD3,LMC,E2F4,E2F
1753,1,-0.01744671,-0.24097927,-1.175975,-0.8293292295932769,MANBA,MEF,CTCF,Zf
1624,1,-0.17236876,-0.17236876,-1.0089527,-1.261357011795044,LARP1B,MEF,TEAD4,TEA
320,1,-0.11401458,-0.1286468,-3.2193103,-2.286602830886841,BUB1,MEF,MAX,bHLH
2011,0,-0.38754547,-0.3966394,1.146378,0.37513497829437253,NOD1,LMC,ELK1,ETS
2520,0,-0.020064104,-0.19389851,1.4455488,0.9794381713867187,RNF17,LMC,STAT3,Stat
224,1,-0.38938692,-0.38938692,3.5793529,1.2175842475891114,ASCL1,MEF,TCF3,HMG
396,1,-0.1281041,-0.1286468,1.1600107,1.1451440250873566,CCDC39,MEF,USF2,bHLH
2596,1,-0.38938692,-0.38938692,2.931381,0.06494423747062683,SCX,MEF,TCF3,HMG
3250,0,-0.042086042,-0.24097927,-2.442775,-1.058183070421219,ZC3HAV1L,LMC,GATA3,Zf
1506,0,-0.17236876,-0.17236876,1.1775964,1.2730634832382202,ITPR1,LMC,TEAD4,TEA
1130,1,-0.28139952,-0.1286468,1.3716244,1.365462188720703,FZD9,MEF,TCF12,bHLH
648,1,-0.01744671,-0.24097927,1.092964,0.6147381508350372,CREBL2,MEF,CTCF,Zf
2194,1,-0.38754547,-0.3966394,1.4172895,-0.6192945230007172,PFN4,MEF,ELK1,ETS
2914,1,-0.08447774,-0.18341035,3.8033676,1.3942555344104768,SYNM,MEF,FOXA2,Forkhead
903,0,-0.33201274,-0.26024023,2.932752,0.8709323978424073,EPCAM,LMC,FOS,bZIP
1326,1,-0.34369484,-0.46688727,1.7722064,1.1520759344100953,HERC3,MEF,PBX3,Homeobox
2709,1,-0.17329708,-0.26024023,1.1898108,0.728502687215805,SLC22A18,MEF,JUND,bZIP
1881,1,-0.12181938,-0.1286468,1.0524545,-0.6824774432182312,MSI2,MEF,BHLHE40,bHLH
1642,1,-0.18068624,-0.24097927,-2.2667716,-0.37878345847129824,LFNG,MEF,MAZ,Zf
874,0,-0.17236876,-0.17236876,1.9887222,1.780072728395462,EHF,LMC,TEAD4,TEA
1453,1,-0.38773212,-0.38773212,5.756473,-0.9913127136230468,IL1RN,MEF,PAX5,"Paired,Homeobox"
3126,1,-0.40379766,-0.24097927,1.3204467,0.18714499831199646,TSPAN13,MEF,ZKSCAN1,Zf
2338,1,-0.8272477,-0.24097927,2.0004191,-0.7774886262416839,PRND,MEF,BCL11A,Zf
2547,0,-0.37391356,-0.26024023,-4.373326,-1.6438967323303222,RSPO2,LMC,ATF2,bZIP
436,1,0.3057706,-0.27375907,-4.284058,-3.770451908111572,CD200R1,MEF,MEF2C,MADS
829,0,-0.17236876,-0.17236876,-1.1774735,-0.7937012350559235,DUT,LMC,TEAD4,TEA
246,0,-0.34920207,-0.3966394,1.1833032,0.9363915622234344,ATP6V1B2,LMC,ELF1,ETS
1599,0,-0.70387286,-0.18341035,1.3884596,0.8314425122737884,KLHL6,LMC,FOXM1,Forkhead
865,1,-0.18068624,-0.24097927,-1.6823031,0.14404786944389344,EFS,MEF,MAZ,Zf
495,1,-0.18553022,-0.24097927,1.1449422,0.9241864693164825,CDKN2B,MEF,SP1,Zf
1789,1,-0.58022815,-0.42959467,-2.0146992,-1.7745550227165223,MCM3,MEF,IRF4,IRF
2731,0,-0.11401458,-0.1286468,2.7502527,1.8820002233982087,SLC32A1,LMC,MAX,bHLH
2482,1,-0.38938692,-0.38938692,1.766198,-1.0819563508033752,REEP2,MEF,TCF3,HMG
1035,0,-0.045514207,-0.047810853,-2.2220345,-1.9665374088287353,FBXO41,LMC,RFX5,HTH
2570,1,-0.38773212,-0.38773212,1.3512887,-0.6663274610042572,SAMD15,MEF,PAX5,"Paired,Homeobox"
3245,0,-0.01744671,-0.24097927,1.1004534,1.0341578042507171,YPEL2,LMC,CTCF,Zf
2378,0,-0.020064104,-0.19389851,1.532152,1.3024618744850158,PTK2B,LMC,STAT3,Stat
1955,1,-0.38754547,-0.3966394,-8.006204,-2.626953694820404,NCKAP1L,MEF,ELK1,ETS
1057,0,-0.17329708,-0.26024023,1.0085961,0.029732253551483154,FGF9,LMC,JUND,bZIP
465,1,-0.11401458,-0.1286468,-2.799609,-2.7497498321533205,CDC20,MEF,MAX,bHLH
1692,1,-0.38727695,-0.26024023,-1.0737952,-1.1485587811470033,LRIG1,MEF,MAFK,bZIP
2559,1,-0.28139952,-0.1286468,-1.0411946,-0.168583482503891,S100A10,MEF,TCF12,bHLH
1448,0,-0.24300791,-0.24097927,3.8355012,2.9584173452854157,IL1B,LMC,GATA2,Zf
1978,0,-0.1281041,-0.1286468,1.1023682,0.9133474957942963,NEURL3,LMC,USF2,bHLH
843,1,-0.38938692,-0.38938692,-4.6214933,-0.6332219088077545,EBI3,MEF,TCF3,HMG
785,1,-0.34920207,-0.3966394,1.1730027,1.126896814107895,DNAJB9,MEF,ELF1,ETS
34,1,-0.40379766,-0.24097927,1.1048169,-0.8898263227939606,ACSL4,MEF,ZKSCAN1,Zf
2431,1,-0.3666467,-0.24097927,-1.6750872,-0.4372224533557892,RAD51,MEF,GATA1,Zf
2674,0,-0.32353044,-0.32353044,1.9006237,0.243058500289917,SIRPA,LMC,HNF4A,NR
273,1,-0.3666467,-0.24097927,1.2556336,0.1316582417488098,BBS4,MEF,GATA1,Zf
2504,0,-0.65736616,-0.46688727,1.8920665,1.3559954857826233,RHOV,LMC,CUX1,Homeobox
294,0,-0.06375064,-0.1286468,2.420435,-0.5070933985710144,BIN2,LMC,MYOG,bHLH
2008,1,-0.70387286,-0.18341035,2.8155317,1.0053684842586517,NMU,MEF,FOXM1,Forkhead
1919,1,-0.38727695,-0.26024023,-1.4016024,-1.0438666939735413,MYO1A,MEF,MAFK,bZIP
2367,0,-0.25096336,-0.26024023,2.376283,1.174840933084488,PTAFR,LMC,FOSL2,bZIP
827,0,-0.34774294,-0.3966394,1.3163043,0.36416465163230893,DUSP6,LMC,ETS1,ETS
2686,1,-0.12181938,-0.1286468,1.0133885,-0.011348598003387451,SLC12A2,MEF,BHLHE40,bHLH
1437,0,-0.25096336,-0.26024023,2.5909648,2.2157089173793794,IL11,LMC,FOSL2,bZIP
633,1,-0.020064104,-0.19389851,-1.7925377,0.3970489954948425,COTL1,MEF,STAT3,Stat
3138,0,-0.17329708,-0.26024023,-1.6865426,-1.60765216588974,TTLL11,LMC,JUND,bZIP
2746,1,-0.41846725,-0.3966394,-2.0170245,-1.4110079002380371,SLC43A3,MEF,GABPA,ETS
1347,1,-0.46353218,-0.19389851,-2.2474232,-1.2930782592296601,HMMR,MEF,STAT1,Stat
525,1,-0.38773212,-0.38773212,-2.4336228,-2.407776894569397,CEP55,MEF,PAX5,"Paired,Homeobox"
2225,1,-0.06375064,-0.1286468,-1.5969307,-1.6146806597709655,PKNOX2,MEF,MYOG,bHLH
1985,1,-0.08447774,-0.18341035,-1.2864323,-0.9496654295921325,NGF,MEF,FOXA2,Forkhead
2863,1,-0.18068624,-0.24097927,-1.4249822,-1.0340091598033905,ST6GALNAC2,MEF,MAZ,Zf
1383,0,-0.25854215,-0.26616102,3.9081578,3.519722751379013,HPCAL4,LMC,E2F6,E2F
1988,1,-0.38773212,-0.38773212,1.1322362,-0.7492427706718445,NHLRC1,MEF,PAX5,"Paired,Homeobox"
1189,1,-0.38754547,-0.3966394,1.736382,0.7739438652992249,GIMAP6,MEF,ELK1,ETS
1275,1,-0.045514207,-0.047810853,-1.1356292,-0.437211697101593,GRB14,MEF,RFX5,HTH
2837,1,-0.18068624,-0.24097927,2.7942443,-1.124983127117157,SPINT2,MEF,MAZ,Zf
2057,0,-0.38938692,-0.38938692,-2.073274,-1.1648158872127532,NUF2,LMC,TCF3,HMG
2995,0,-0.70387286,-0.18341035,2.1344848,1.7134369230270385,TLR1,LMC,FOXM1,Forkhead
2833,0,-0.37391356,-0.26024023,2.0447345,1.737710235118866,SPI1,LMC,ATF2,bZIP
1044,1,-0.70387286,-0.18341035,-5.357593,-5.178651597499847,FERMT3,MEF,FOXM1,Forkhead
128,0,-0.13781479,-0.3966394,1.1151143,0.10911966681480408,AMIGO2,LMC,ELK4,ETS
114,1,-0.045514207,-0.047810853,5.5927067,2.153645830154419,ALDH3A1,MEF,RFX5,HTH
2281,0,-0.18068624,-0.24097927,-2.8929648,-1.43733261346817,PNMA2,LMC,MAZ,Zf
2021,1,0.0047023874,-0.1286468,-1.0979886,0.33722603917121885,NPAS4,MEF,USF1,bHLH
1748,1,-0.25096336,-0.26024023,1.6248564,1.1214015412330627,MALL,MEF,FOSL2,bZIP
1640,1,-0.18553022,-0.24097927,1.3125763,0.34793157458305357,LEPREL1,MEF,SP1,Zf
1312,1,-0.18553022,-0.24097927,2.181514,2.5219450616836547,HAPLN4,MEF,SP1,Zf
318,1,-0.34774294,-0.3966394,1.9076642,-0.9939475679397582,BTLA,MEF,ETS1,ETS
1186,0,-0.06375064,-0.1286468,2.0995681,0.6875416278839112,GGT5,LMC,MYOG,bHLH
970,1,-0.01744671,-0.24097927,-1.1733153,-0.848146687746048,FAM132B,MEF,CTCF,Zf
1559,0,-0.28139952,-0.1286468,-1.662673,-1.707878051996231,KCTD15,LMC,TCF12,bHLH
1935,0,-0.11401458,-0.1286468,-1.2886287,-0.5384704720973968,NACAD,LMC,MAX,bHLH
302,1,-0.38938692,-0.38938692,1.3278615,1.6680883538722993,BMP8A,MEF,TCF3,HMG
41,0,-0.2409758,-0.26024023,1.6943789,0.14940694093704224,ACTN3,LMC,MAFF,bZIP
509,0,-0.18553022,-0.24097927,-1.8266275,-1.8230159378051758,CEND1,LMC,SP1,Zf
705,1,-1.3901731,-0.3966394,1.9690752,1.3070457684993744,CXXC4,MEF,FLI1,ETS
2857,0,-0.18068624,-0.24097927,-1.0629355,-0.5746661460399628,SSC5D,LMC,MAZ,Zf
3072,0,-0.06375064,-0.1286468,2.6370854,1.0189046382904052,TNNT2,LMC,MYOG,bHLH
63,1,-0.28139952,-0.1286468,-1.9478036,-1.262305839061737,ADAMTS7,MEF,TCF12,bHLH
1312,1,-0.1281041,-0.1286468,2.181514,2.1451312243938445,HAPLN4,MEF,USF2,bHLH
2354,1,-0.12181938,-0.1286468,2.6809106,1.11582044839859,PRSS35,MEF,BHLHE40,bHLH
1310,0,-0.34920207,-0.3966394,1.7605413,1.7602746856212617,HAP1,LMC,ELF1,ETS
1730,0,-0.34920207,-0.3966394,2.280973,2.114341747760773,LYL1,LMC,ELF1,ETS
744,0,-0.41671586,-0.24097927,1.2027537,0.3994772160053253,DEGS2,LMC,EGR1,Zf
1203,1,-0.31947148,-0.31947148,-3.4747267,-2.427020649909973,GLIPR1,MEF,NRF1,NRF
1988,1,-0.41846725,-0.3966394,1.1322362,-0.8772577559947967,NHLRC1,MEF,GABPA,ETS
2852,0,-0.37391356,-0.26024023,-1.4059516,-0.825056586265564,SRD5A1,LMC,ATF2,bZIP
2927,1,-0.38727695,-0.26024023,2.2919073,-0.7638378608226776,TAC1,MEF,MAFK,bZIP
62,0,-0.32353044,-0.32353044,-1.7200596,-0.16215784907341002,ADAMTS6,LMC,HNF4A,NR
2498,0,-0.11401458,-0.1286468,-1.3528609,-1.365620768070221,RGS9BP,LMC,MAX,bHLH
2981,1,-0.12181938,-0.1286468,-1.7296494,-0.9427752876281739,TICAM2,MEF,BHLHE40,bHLH
2060,0,-0.25854215,-0.26616102,-1.2953495,0.07643569231033326,NUP62CL,LMC,E2F6,E2F
211,0,-0.5097531,-0.26616102,1.5333622,1.223981627225876,ARRB2,LMC,E2F1,E2F
1411,1,-0.38938692,-0.38938692,-1.6255398,-0.7301558315753937,IDH2,MEF,TCF3,HMG
350,0,-0.020064104,-0.19389851,1.39361,0.923702347278595,CADM3,LMC,STAT3,Stat
1098,1,-0.06375064,-0.1286468,-2.0462456,-0.4748022699356079,FOXD2,MEF,MYOG,bHLH
614,1,-0.23256464,-0.24097927,2.8053124,2.202973563671112,COL22A1,MEF,YY1,Zf
2823,1,-0.18068624,-0.24097927,-1.9032626,-1.143259619474411,SPAG5,MEF,MAZ,Zf
2021,1,-0.769263,-0.26024023,-1.0979886,-0.833269191980362,NPAS4,MEF,BATF,bZIP
2105,0,-0.25854215,-0.26616102,-1.4501804,0.16713157057762146,P4HA2,LMC,E2F6,E2F
2055,1,-0.34369484,-0.46688727,1.1737452,-0.2840067291259766,NUDT10,MEF,PBX3,Homeobox
2369,1,-0.23256464,-0.24097927,3.4115245,0.28479052782058717,PTCHD2,MEF,YY1,Zf
2881,1,0.15241732,-0.18341035,-1.7704527,-0.11305273175239564,STIL,MEF,FOXA1,Forkhead
3037,1,-0.22547291,-0.26616102,2.4463084,1.6843672752380372,TMEM255A,MEF,E2F4,E2F
2048,1,-0.06375064,-0.1286468,3.1048243,1.333748631477356,NT5E,MEF,MYOG,bHLH
1502,1,-0.41671586,-0.24097927,2.003537,-0.9118249070644379,ITIH2,MEF,EGR1,Zf
2192,1,-0.40379766,-0.24097927,-1.0880144,-1.023750320672989,PFKFB4,MEF,ZKSCAN1,Zf
1681,1,-0.020064104,-0.19389851,-1.4697692,-0.041517860889434814,LPAR2,MEF,STAT3,Stat
2895,0,-0.020064104,-0.19389851,1.2344522,1.1680468773841859,STXBP5,LMC,STAT3,Stat
1371,1,-0.06375064,-0.1286468,3.726657,2.3717744755744934,HOXC10,MEF,MYOG,bHLH
450,1,-0.33134362,-0.24097927,-6.2079844,-6.100492806434631,CD52,MEF,ZEB1,Zf
2437,1,-0.17329708,-0.26024023,-1.720449,-1.5057094550132752,RAET1E,MEF,JUND,bZIP
1503,1,-0.11401458,-0.1286468,3.3708663,0.7510938155651092,ITIH5,MEF,MAX,bHLH
492,0,-0.5097531,-0.26616102,-1.4240875,-1.3686246848106385,CDKL1,LMC,E2F1,E2F
1920,1,-0.3548418,-0.24097927,-2.363597,-1.338663102388382,MYO1B,MEF,ZNF263,Zf
2302,0,-0.06375064,-0.1286468,1.1519158,-1.1061940395832062,PPAPDC3,LMC,MYOG,bHLH
1003,0,-0.28139952,-0.1286468,-2.1274793,-0.9020238161087036,FAM64A,LMC,TCF12,bHLH
2472,1,-0.38773212,-0.38773212,-2.984346,-1.7138558733463287,RBM47,MEF,PAX5,"Paired,Homeobox"
1658,1,-0.1281041,-0.1286468,2.7383704,-1.7184246456623078,LIMCH1,MEF,USF2,bHLH
2952,0,0.6717984,-0.24097927,-1.498963,-0.3518625235557556,TEAD2,LMC,PRDM1,Zf
1436,1,-0.020064104,-0.19389851,-6.897558,-4.498758401870727,IL10RA,MEF,STAT3,Stat
2865,0,-0.38773212,-0.38773212,2.110686,-0.0585760223865509,ST8SIA1,LMC,PAX5,"Paired,Homeobox"
2332,0,-0.2409758,-0.26024023,-1.4515818,-0.7540134966373444,PRIM1,LMC,MAFF,bZIP
1576,0,-0.34920207,-0.3966394,-1.0787578,-1.2999482297897338,KIF26B,LMC,ELF1,ETS
2382,0,-0.28139952,-0.1286468,1.0109676,0.9024988722801208,PTPN13,LMC,TCF12,bHLH
2982,1,-0.28139952,-0.1286468,-2.3347836,-1.732089364528656,TICRR,MEF,TCF12,bHLH
3268,1,-0.22816904,-0.26024023,-1.4214575,-0.9914189195632934,ZYX,MEF,ATF3,bZIP
673,1,-0.33201274,-0.26024023,-1.4267927,0.32474016785621646,CSRP2,MEF,FOS,bZIP
2047,0,-0.17329708,-0.26024023,-1.497863,-0.9514505863189697,NT5DC2,LMC,JUND,bZIP
2493,1,-0.23256464,-0.24097927,1.8085946,0.07778098225593567,RGS17,MEF,YY1,Zf
246,0,-0.224798,-0.224798,1.1833032,1.0884907734394074,ATP6V1B2,LMC,EBF1,EBF
99,1,-0.2409758,-0.26024023,1.0351957,-0.6711740851402282,AIG1,MEF,MAFF,bZIP
2184,1,-0.22547291,-0.26616102,-1.4150923,-0.19090575933456422,PDZRN3,MEF,E2F4,E2F
1558,1,-0.3548418,-0.24097927,-1.8198549,-0.01680998206138611,KCP,MEF,ZNF263,Zf
2260,1,-0.045514207,-0.047810853,-1.0602489,1.0916347801685333,PLK3,MEF,RFX5,HTH
1673,0,-0.24300791,-0.24097927,-1.3240579,0.7424230456352234,LMTK3,LMC,GATA2,Zf
951,1,-0.1281041,-0.1286468,-2.0613308,0.6540843605995178,F3,MEF,USF2,bHLH
3183,0,-0.2409758,-0.26024023,1.3692124,1.0653949677944183,USP53,LMC,MAFF,bZIP
1454,0,-0.38754547,-0.3966394,2.2008123,0.5143504345417023,IL21R,LMC,ELK1,ETS
1572,1,-0.17236876,-0.17236876,1.4070278,0.13761717557907105,KIF21A,MEF,TEAD4,TEA
1566,1,-0.46353218,-0.19389851,-2.457014,-0.7047136807441712,KIF11,MEF,STAT1,Stat
2026,0,-0.18553022,-0.24097927,-1.8103167,-0.8464340817928314,NPR3,LMC,SP1,Zf
2605,1,-0.38773212,-0.38773212,-5.124639,-2.520037993192673,SELPLG,MEF,PAX5,"Paired,Homeobox"
2630,0,-0.70387286,-0.18341035,-1.4435178,0.02192757487297058,SETBP1,LMC,FOXM1,Forkhead
1115,1,-0.042086042,-0.24097927,1.3492402,0.28940808653831485,FRRS1L,MEF,GATA3,Zf
1003,1,-0.38938692,-0.38938692,-3.493651,-2.7483293843269347,FAM64A,MEF,TCF3,HMG
3162,1,-0.224798,-0.224798,-1.5763762,-1.351505982875824,UBE2T,MEF,EBF1,EBF
313,0,-0.045514207,-0.047810853,1.2584305,0.06860390782356263,BST2,LMC,RFX5,HTH
1576,0,-0.1281041,-0.1286468,-1.0787578,-1.1973991787433624,KIF26B,LMC,USF2,bHLH
1153,0,-0.25854215,-0.26616102,-1.3761573,-0.13893553972244263,GATA2,LMC,E2F6,E2F
2024,0,-0.38754547,-0.3966394,2.971623,0.6919119143486023,NPL,LMC,ELK1,ETS
1946,0,-0.11401458,-0.1286468,-1.5658408,-0.8863588964939118,NCAPD2,LMC,MAX,bHLH
122,1,-0.17329708,-0.26024023,-1.2995142,-0.35776623725891116,ALX1,MEF,JUND,bZIP
229,1,-0.33201274,-0.26024023,-2.8171737,-1.9990952253341674,ASPM,MEF,FOS,bZIP
1779,1,-0.34920207,-0.3966394,-1.4918666,-0.9172700762748718,MBOAT1,MEF,ELF1,ETS
566,0,-0.37391356,-0.26024023,-1.1170683,-1.1170682907104492,CKS2,LMC,ATF2,bZIP
883,0,-0.38773212,-0.38773212,-1.7784133,-1.2999795186519623,ELOVL6,LMC,PAX5,"Paired,Homeobox"
1771,0,0.0047023874,-0.1286468,1.036933,1.3446123337745666,MARVELD2,LMC,USF1,bHLH
3114,1,-0.34920207,-0.3966394,-3.242694,-1.8613184309005737,TROAP,MEF,ELF1,ETS
724,1,0.0047023874,-0.1286468,3.688219,2.654151375293732,DACH1,MEF,USF1,bHLH
2924,1,-0.58022815,-0.42959467,2.4798288,0.5642398285865784,SYTL3,MEF,IRF4,IRF
2569,0,-0.31947148,-0.31947148,-1.6417769,-1.1847528290748597,SAMD14,LMC,NRF1,NRF
151,0,-0.769263,-0.26024023,-1.2578008,-0.8581446623802185,ANXA6,LMC,BATF,bZIP
926,1,-0.5710992,-0.24097927,-1.3294209,-1.5302950024604798,ESYT1,MEF,ZBTB33,Zf
1189,1,-0.045514207,-0.047810853,1.736382,0.4167052459716797,GIMAP6,MEF,RFX5,HTH
489,1,-0.40379766,-0.24097927,-1.079652,-1.5314703476428986,CDK18,MEF,ZKSCAN1,Zf
1982,0,-0.37391356,-0.26024023,1.525791,0.5275009310245514,NFATC2,LMC,ATF2,bZIP
537,1,-0.33201274,-0.26024023,-1.0118498,-0.3622569835186005,CHAF1A,MEF,FOS,bZIP
1164,1,-0.41671586,-0.24097927,3.0406773,1.8761512696743012,GCHFR,MEF,EGR1,Zf
1843,0,0.15241732,-0.18341035,2.4930456,1.7838854837417601,MMP10,LMC,FOXA1,Forkhead
932,1,-0.020064104,-0.19389851,1.3056546,-0.2245087718963623,EVA1C,MEF,STAT3,Stat
169,1,-0.17329708,-0.26024023,-4.8506866,-0.7144282054901123,APOE,MEF,JUND,bZIP
1210,0,-0.28139952,-0.1286468,1.2591577,0.38271917939186095,GMIP,LMC,TCF12,bHLH
838,1,-0.3548418,-0.24097927,1.0910553,-1.1850794816017152,EAF2,MEF,ZNF263,Zf
1920,1,-0.37391356,-0.26024023,-2.363597,-0.9553548562526702,MYO1B,MEF,ATF2,bZIP
1859,0,-0.18553022,-0.24097927,-1.2297763,-0.7888735342025757,MNS1,LMC,SP1,Zf
1988,1,0.0047023874,-0.1286468,1.1322362,0.7544653260707855,NHLRC1,MEF,USF1,bHLH
1632,0,0.027779544,-0.26024023,2.3882258,1.615575453042984,LCP2,LMC,BACH1,bZIP
2890,0,-0.24300791,-0.24097927,1.3420581,-0.1767476260662079,STON2,LMC,GATA2,Zf
2024,1,0.027779544,-0.26024023,-1.0663133,-0.3195489311218262,NPL,MEF,BACH1,bZIP
866,1,-0.33201274,-0.26024023,1.0985993,0.3082875621318817,EGF,MEF,FOS,bZIP
1515,1,-0.31947148,-0.31947148,-1.1637206,-0.6427276134490967,JPH1,MEF,NRF1,NRF
2335,0,-0.38773212,-0.38773212,2.8110442,1.2006494557857514,PRKCB,LMC,PAX5,"Paired,Homeobox"
2617,0,-0.38727695,-0.26024023,1.9699252,1.6058152270317079,SEPP1,LMC,MAFK,bZIP
272,1,-0.1281041,-0.1286468,-1.0692208,-0.6449110329151153,BAZ1A,MEF,USF2,bHLH
1752,1,-0.34774294,-0.3966394,-1.2879815,-0.7511282312870026,MAN2A1,MEF,ETS1,ETS
1248,0,-0.32353044,-0.32353044,-1.1894871,-0.7784866631031037,GPR17,LMC,HNF4A,NR
3015,1,-0.33011255,-0.26024023,1.1457732,-0.537811233997345,TMEM140,MEF,ATF1,bZIP
2605,1,-0.020064104,-0.19389851,-5.124639,-1.989922924041748,SELPLG,MEF,STAT3,Stat
1896,1,-0.2409758,-0.26024023,1.929984,-0.9620843017101288,MUC15,MEF,MAFF,bZIP
2319,0,0.6717984,-0.24097927,1.4068983,0.49540998458862306,PPP1R9A,LMC,PRDM1,Zf
644,1,-0.08447774,-0.18341035,-2.5321653,0.914533634185791,CRABP1,MEF,FOXA2,Forkhead
649,0,-0.17329708,-0.26024023,1.7723053,1.8984078764915466,CREG1,LMC,JUND,bZIP
3156,1,-0.17329708,-0.26024023,-9.23168,-3.082763867378235,TYROBP,MEF,JUND,bZIP
29,1,-0.38727695,-0.26024023,-1.4410068,-1.467570983171463,ACOT1,MEF,MAFK,bZIP
829,1,-0.40379766,-0.24097927,-1.5806866,-0.49516705274581907,DUT,MEF,ZKSCAN1,Zf
2525,1,-0.33201274,-0.26024023,5.234823,2.1685977149009705,RNF39,MEF,FOS,bZIP
1982,1,-0.17329708,-0.26024023,-1.3703928,-0.9881869554519653,NFATC2,MEF,JUND,bZIP
1358,1,-0.22547291,-0.26616102,-2.5713744,-1.7014083278179168,HOXA3,MEF,E2F4,E2F
1717,0,-0.224798,-0.224798,-1.2593111,-0.7861052691936493,LSP1,LMC,EBF1,EBF
2126,1,-0.12181938,-0.1286468,-2.2247307,-1.5262037193775178,PARPBP,MEF,BHLHE40,bHLH
1749,0,-0.29358298,-0.46688727,1.2981921,1.1052702271938324,MAMDC2,LMC,NANOG,Homeobox
49,1,-0.41671586,-0.24097927,1.427944,-0.6921004915237426,ADAM22,MEF,EGR1,Zf
2345,0,-0.38727695,-0.26024023,2.2877603,1.4802392041683197,PRR15L,LMC,MAFK,bZIP
2273,0,-0.12181938,-0.1286468,2.0984888,1.6983285248279572,PLXNC1,LMC,BHLHE40,bHLH
2716,1,-0.34369484,-0.46688727,-1.5039499,-0.11413968443870544,SLC25A45,MEF,PBX3,Homeobox
638,0,-0.38727695,-0.26024023,-1.236495,-0.8949319410324097,CPED1,LMC,MAFK,bZIP
2690,1,-0.224798,-0.224798,2.2300286,0.09864834427833558,SLC14A2,MEF,EBF1,EBF
2859,1,-0.11401458,-0.1286468,2.5013995,-1.4492885839939118,SSTR4,MEF,MAX,bHLH
668,1,0.027779544,-0.26024023,2.486209,1.9521726703643798,CSMD3,MEF,BACH1,bZIP
228,1,-0.042086042,-0.24097927,2.386745,-0.41295419096946717,ASPA,MEF,GATA3,Zf
3235,1,-0.41671586,-0.24097927,-2.6240964,-1.2912267851829529,WT1,MEF,EGR1,Zf
2943,0,-0.32353044,-0.32353044,-2.6637702,-1.9629645037651062,TBXA2R,LMC,HNF4A,NR
2853,1,-0.25096336,-0.26024023,-3.395386,-0.20097110986709596,SRGN,MEF,FOSL2,bZIP
2675,0,-0.34920207,-0.3966394,-4.1663847,0.19370072245597839,SIX1,LMC,ELF1,ETS
1115,1,-0.38727695,-0.26024023,1.3492402,1.3851442646980285,FRRS1L,MEF,MAFK,bZIP
2787,0,-0.34369484,-0.46688727,-1.9287325,0.9471106028556824,SNAI2,LMC,PBX3,Homeobox
460,1,-0.06375064,-0.1286468,-3.7349644,-3.00818461894989,CD83,MEF,MYOG,bHLH
706,1,-0.08447774,-0.18341035,1.1717257,1.3215511107444764,CXXC5,MEF,FOXA2,Forkhead
2658,1,0.15241732,-0.18341035,-2.8890922,-0.08655413627624511,SHC2,MEF,FOXA1,Forkhead
3226,1,-0.18068624,-0.24097927,2.0191326,2.157357542514801,WNT10B,MEF,MAZ,Zf
445,1,-0.17236876,-0.17236876,-3.5008187,-3.5809511232376097,CD33,MEF,TEAD4,TEA
1651,0,-0.25854215,-0.26616102,-1.7528152,0.3397205138206482,LHX6,LMC,E2F6,E2F
1570,0,-0.224798,-0.224798,-2.109007,-1.8920866215229035,KIF20A,LMC,EBF1,EBF
2649,1,-0.38727695,-0.26024023,-2.037939,-0.9570113706588745,SH3BP2,MEF,MAFK,bZIP
1080,0,-0.18068624,-0.24097927,-1.8819162,-1.1448217272758483,FMN2,LMC,MAZ,Zf
2210,0,-0.70387286,-0.18341035,2.0439394,0.17264747262001037,PIK3AP1,LMC,FOXM1,Forkhead
635,1,-0.18068624,-0.24097927,1.7886711,1.4578454196453094,COX6B2,MEF,MAZ,Zf
2794,1,-0.020064104,-0.19389851,-1.930804,0.500641586780548,SNORA31,MEF,STAT3,Stat
890,1,-0.41846725,-0.3966394,-1.7213072,-0.4529059970378876,EN1,MEF,GABPA,ETS
2190,1,-0.17236876,-0.17236876,-1.1081889,-1.0290042436122895,PFKFB1,MEF,TEAD4,TEA
1718,0,-0.34369484,-0.46688727,1.4920015,1.3941499924659728,LSR,LMC,PBX3,Homeobox
947,0,-0.24300791,-0.24097927,1.1056063,0.9949704992771149,F11R,LMC,GATA2,Zf
995,1,-0.22816904,-0.26024023,1.193243,1.0346227777004242,FAM26E,MEF,ATF3,bZIP
1696,1,-0.17329708,-0.26024023,-1.7019331,-0.5117717278003693,LRRC15,MEF,JUND,bZIP
2381,0,-0.33201274,-0.26024023,-1.0257434,-0.46017213106155397,PTPLA,LMC,FOS,bZIP
1833,0,-0.1281041,-0.1286468,1.3267617,1.4318479347229003,MITF,LMC,USF2,bHLH
854,1,-0.17329708,-0.26024023,-1.885986,-1.2464276325702668,EEPD1,MEF,JUND,bZIP
1997,1,0.15241732,-0.18341035,1.1927207,-0.9288313591480255,NKPD1,MEF,FOXA1,Forkhead
2965,1,-0.33201274,-0.26024023,-1.7823138,-1.4967708110809326,TFPI,MEF,FOS,bZIP
2088,1,-0.34774294,-0.3966394,-1.8919541,-0.5483008933067322,OPN3,MEF,ETS1,ETS
1402,0,-0.17236876,-0.17236876,1.7698365,0.9970208096504212,HSPB7,LMC,TEAD4,TEA
633,1,-0.12181938,-0.1286468,-1.7925377,-0.09572544455528259,COTL1,MEF,BHLHE40,bHLH
210,1,-0.23256464,-0.24097927,-1.0362118,-1.244108603000641,ARRB1,MEF,YY1,Zf
1337,1,-0.8272477,-0.24097927,1.9967467,0.7748136818408966,HIST2H2AC,MEF,BCL11A,Zf
2084,1,-0.11401458,-0.1286468,-2.7139297,-1.4644737720489502,OLR1,MEF,MAX,bHLH
1925,1,0.027779544,-0.26024023,1.9409447,-2.4383972477912903,MYO5C,MEF,BACH1,bZIP
835,0,-0.25854215,-0.26616102,-1.6265401,0.035706268548965456,E2F7,LMC,E2F6,E2F
2088,0,0.15241732,-0.18341035,-1.4119202,-1.19916858792305,OPN3,LMC,FOXA1,Forkhead
2654,1,-0.08447774,-0.18341035,-1.6354232,-0.8931930577754974,SH3TC1,MEF,FOXA2,Forkhead
1420,1,-0.1281041,-0.1286468,-1.1545213,-0.13811178326606752,IGF2BP2,MEF,USF2,bHLH
3206,1,-0.34920207,-0.3966394,1.8417983,0.5640741896629333,VWA1,MEF,ELF1,ETS
243,0,-0.11401458,-0.1286468,-1.4658016,0.3914874517917633,ATP6V0A4,LMC,MAX,bHLH
1648,0,-0.38938692,-0.38938692,1.3943249,1.2319540464878083,LGMN,LMC,TCF3,HMG
1457,0,-0.045514207,-0.047810853,2.6007192,0.39838971734046935,IL33,LMC,RFX5,HTH
3049,0,-0.224798,-0.224798,1.3371425,0.08797593712806702,TMOD1,LMC,EBF1,EBF
2095,0,-0.5097531,-0.26616102,-4.0632787,-2.671173720359802,OSR2,LMC,E2F1,E2F
2434,0,-0.65736616,-0.46688727,-1.1553025,0.11991565108299256,RAD51C,LMC,CUX1,Homeobox
1022,1,-0.28139952,-0.1286468,-2.1112094,-1.6777189826965333,FBLIM1,MEF,TCF12,bHLH
2953,0,-0.12181938,-0.1286468,1.3918668,-0.140785311460495,TECPR1,LMC,BHLHE40,bHLH
560,0,-0.11043269,-0.047810853,-1.2462806,-1.2750415813922882,CIT,LMC,MYB,HTH
2625,0,-0.1281041,-0.1286468,2.343038,2.090950552225113,SERPIND1,LMC,USF2,bHLH
1317,1,-0.18068624,-0.24097927,-5.7553287,-1.3527843630313874,HCLS1,MEF,MAZ,Zf
587,1,-0.70387286,-0.18341035,-1.241753,-0.21053310394287109,CMKLR1,MEF,FOXM1,Forkhead
1374,1,-0.38727695,-0.26024023,-1.569939,-1.362214653491974,HOXC5,MEF,MAFK,bZIP
339,0,-0.23256464,-0.24097927,2.19194,1.6807727682590485,CACNA1D,LMC,YY1,Zf
1759,0,-0.34369484,-0.46688727,-1.2019571,-0.8439360010623932,MAP2K6,LMC,PBX3,Homeobox
1327,0,-0.18068624,-0.24097927,1.7526768,1.7212978839874267,HFE,LMC,MAZ,Zf
829,1,-0.045514207,-0.047810853,-1.5806866,0.6115242981910706,DUT,MEF,RFX5,HTH
1030,0,-0.020064104,-0.19389851,-1.148375,-1.2619190502166748,FBXL7,LMC,STAT3,Stat
1766,1,-0.40379766,-0.24097927,-1.50423,-0.027454614639282227,MAPK11,MEF,ZKSCAN1,Zf
793,1,0.3057706,-0.27375907,-3.6299744,-2.04624276638031,DOCK10,MEF,MEF2C,MADS
3002,0,-0.01744671,-0.24097927,2.294226,2.122329877614975,TM4SF5,LMC,CTCF,Zf
1916,0,-0.28139952,-0.1286468,1.3692127,-0.1905876362323761,MYLK3,LMC,TCF12,bHLH
2382,0,-0.020064104,-0.19389851,1.0109676,1.0190226233005524,PTPN13,LMC,STAT3,Stat
2463,1,-0.24300791,-0.24097927,-2.8689058,-1.1463191723823547,RASSF4,MEF,GATA2,Zf
46,0,0.027779544,-0.26024023,-2.251848,-1.3999838030338287,ADAM12,LMC,BACH1,bZIP
2704,0,-0.38727695,-0.26024023,-1.4064982,-1.015764251947403,SLC17A9,LMC,MAFK,bZIP
1719,1,-0.3666467,-0.24097927,-4.1979575,-0.11514983177185059,LST1,MEF,GATA1,Zf
845,0,-0.18068624,-0.24097927,1.2262235,-0.15301133394241334,ECM1,LMC,MAZ,Zf
1472,1,-0.37391356,-0.26024023,-1.5299138,-0.6017752087116242,IQGAP2,MEF,ATF2,bZIP
1168,1,-0.1281041,-0.1286468,-1.4900697,-1.1644171118736266,GCNT2,MEF,USF2,bHLH
963,1,-0.6753632,-0.24097927,-2.0774255,-1.7432763254642487,FAM105A,MEF,SP2,Zf
1016,1,-0.25096336,-0.26024023,-1.8221961,-1.8852274775505067,FANCD2,MEF,FOSL2,bZIP
2916,1,-0.1281041,-0.1286468,-1.9595618,-1.0210453176498413,SYNPO2,MEF,USF2,bHLH
212,1,-0.01744671,-0.24097927,1.2303027,0.28566474676132203,ARRDC3,MEF,CTCF,Zf
1101,0,-0.40379766,-0.24097927,-1.5624956,-1.3291066098213196,FOXM1,LMC,ZKSCAN1,Zf
2334,0,-0.34920207,-0.3966394,-1.4117044,-0.663033915758133,PRKAR2B,LMC,ELF1,ETS
1474,1,-0.38773212,-0.38773212,1.5855246,-0.6668250906467438,IQUB,MEF,PAX5,"Paired,Homeobox"
1984,1,-0.18553022,-0.24097927,-1.7410284,-1.2737607097625732,NFKBID,MEF,SP1,Zf
2614,1,-0.08447774,-0.18341035,-1.6614317,-0.2841818284988403,SEMA4G,MEF,FOXA2,Forkhead
2286,0,-0.23256464,-0.24097927,3.9140577,0.7446320474147796,PODXL,LMC,YY1,Zf
2413,0,-0.33011255,-0.26024023,1.2538403,0.523709112405777,RAB20,LMC,ATF1,bZIP
205,1,-0.22547291,-0.26616102,1.1241271,-0.3634155428409576,ARL4A,MEF,E2F4,E2F
2980,0,-0.020064104,-0.19389851,-1.433342,-1.1457553577423096,TIAM2,LMC,STAT3,Stat
1777,1,-0.25854215,-0.26616102,-1.1807785,-1.2676685500144957,MATN2,MEF,E2F6,E2F
1808,1,0.0047023874,-0.1286468,-2.5568974,-0.568876211643219,MELK,MEF,USF1,bHLH
2403,1,-0.2409758,-0.26024023,-3.781902,-2.4358405828475953,PYGL,MEF,MAFF,bZIP
1422,1,-0.042086042,-0.24097927,2.4270205,1.5624054503440856,IGFBP4,MEF,GATA3,Zf
2535,1,-0.1281041,-0.1286468,-4.825739,0.09976914763450623,RPS16,MEF,USF2,bHLH
2649,0,-0.1281041,-0.1286468,1.4618286,0.4709130918979645,SH3BP2,LMC,USF2,bHLH
3139,1,-0.08447774,-0.18341035,1.5869603,1.355621747970581,TTLL6,MEF,FOXA2,Forkhead
392,1,-0.22816904,-0.26024023,-1.855374,-0.6063772058486938,CCDC18,MEF,ATF3,bZIP
1504,1,-0.12181938,-0.1286468,1.6061926,0.5816824412345887,ITM2A,MEF,BHLHE40,bHLH
2436,1,-0.045514207,-0.047810853,-1.7905334,-1.284555562734604,RAD54L,MEF,RFX5,HTH
2915,1,-0.12181938,-0.1286468,1.2508746,0.9934934258460999,SYNPO,MEF,BHLHE40,bHLH
871,0,-0.224798,-0.224798,1.2303663,1.057172385454178,EGR1,LMC,EBF1,EBF
2795,0,-0.045514207,-0.047810853,1.1839118,-0.6047367310523987,SNTA1,LMC,RFX5,HTH
1103,0,-0.01744671,-0.24097927,-1.1218795,-1.0572553122043609,FOXP1,LMC,CTCF,Zf
496,0,-0.01744671,-0.24097927,-1.4552879,-1.3818912661075593,CDKN3,LMC,CTCF,Zf
803,1,-0.17329708,-0.26024023,1.2223613,0.9054764223098755,DPM1,MEF,JUND,bZIP
2694,0,-0.11401458,-0.1286468,1.2064933,1.126099854707718,SLC16A10,LMC,MAX,bHLH
1688,1,-0.769263,-0.26024023,1.3220744,-2.5768993198871613,LRCH1,MEF,BATF,bZIP
3162,1,-0.11043269,-0.047810853,-1.5763762,-1.7821726667881013,UBE2T,MEF,MYB,HTH
1857,0,-0.41846725,-0.3966394,-1.5685387,-0.07661110877990723,MN1,LMC,GABPA,ETS
3099,1,-0.58022815,-0.42959467,-1.4419627,-1.4220538783073424,TRERF1,MEF,IRF4,IRF
2990,1,-0.34774294,-0.3966394,-1.960353,-0.6426426756381989,TK1,MEF,ETS1,ETS
563,1,-0.3548418,-0.24097927,-3.2723203,-1.4066325783729554,CKAP2L,MEF,ZNF263,Zf
3136,1,-0.70387286,-0.18341035,1.7476053,-0.7196618843078614,TTC9,MEF,FOXM1,Forkhead
2254,1,-0.38754547,-0.3966394,-1.7462673,-0.6655777812004089,PLEKHO1,MEF,ELK1,ETS
2223,0,-0.46353218,-0.19389851,2.4232366,1.0966734158992768,PKIB,LMC,STAT1,Stat
769,1,-0.17329708,-0.26024023,5.1045527,3.187620446681976,DLX3,MEF,JUND,bZIP
173,0,0.0047023874,-0.1286468,4.209049,3.7238749146461485,AQP5,LMC,USF1,bHLH
1017,1,-0.38938692,-0.38938692,-1.9749366,-1.9810320591926576,FANCI,MEF,TCF3,HMG
963,1,-0.25854215,-0.26616102,-2.0774255,0.5728632545471192,FAM105A,MEF,E2F6,E2F
836,1,-0.18068624,-0.24097927,-2.7616482,-1.9488660871982575,E2F8,MEF,MAZ,Zf
1257,0,-0.41846725,-0.3966394,1.0783671,0.7171848595142365,GPR39,LMC,GABPA,ETS
2598,1,-0.18068624,-0.24097927,1.9485947,0.4195854461193085,SDC4,MEF,MAZ,Zf
2250,1,-0.020064104,-0.19389851,-1.2923962,-0.0697921371459961,PLEKHG3,MEF,STAT3,Stat
622,0,-0.020064104,-0.19389851,-3.905921,-1.4740038681030274,COL6A3,LMC,STAT3,Stat
1148,1,-0.41846725,-0.3966394,-1.3670365,-0.5605303871631623,GAREML,MEF,GABPA,ETS
1007,1,-0.12181938,-0.1286468,-1.8098384,0.4894904232025146,FAM78A,MEF,BHLHE40,bHLH
721,1,-0.33011255,-0.26024023,-7.29457,-3.230575375556946,CYTH4,MEF,ATF1,bZIP
2498,0,-0.17329708,-0.26024023,-1.3528609,-1.1645008993148804,RGS9BP,LMC,JUND,bZIP
2762,0,-0.38773212,-0.38773212,1.142044,0.842915952205658,SLC9A3R1,LMC,PAX5,"Paired,Homeobox"
934,1,-0.26226777,-0.42959467,-4.119745,-1.8570388388633727,EVI2B,MEF,IRF1,IRF
2339,1,-0.13781479,-0.3966394,1.182829,-1.0069850146770478,PROCR,MEF,ELK4,ETS
2938,1,-0.3548418,-0.24097927,1.8867676,0.655832691192627,TBX18,MEF,ZNF263,Zf
400,0,-0.32353044,-0.32353044,-1.1101925,-1.2237916827201842,CCDC68,LMC,HNF4A,NR
2290,0,-0.22816904,-0.26024023,-1.5923315,-1.0402833890914918,POLE,LMC,ATF3,bZIP
3168,1,-0.12181938,-0.1286468,-3.5868664,-2.5421032643318178,ULBP1,MEF,BHLHE40,bHLH
269,0,-0.08447774,-0.18341035,1.224087,0.620685487985611,BAMBI,LMC,FOXA2,Forkhead
2784,0,-0.042086042,-0.24097927,1.2287743,-0.03473438024520874,SMPDL3A,LMC,GATA3,Zf
3112,0,-0.22816904,-0.26024023,-1.0263593,-1.1995033752918243,TRNP1,LMC,ATF3,bZIP
761,1,-0.26226777,-0.42959467,2.1421344,0.8573987650871276,DKKL1,MEF,IRF1,IRF
1443,0,-0.01744671,-0.24097927,-1.0708433,-0.3921812105178833,IL17RC,LMC,CTCF,Zf
1870,1,-0.65736616,-0.46688727,1.035583,-2.005692187547684,MR1,MEF,CUX1,Homeobox
3012,1,-0.28139952,-0.1286468,-1.7694763,-0.33502691507339477,TMEM130,MEF,TCF12,bHLH
1686,0,-0.37391356,-0.26024023,-1.2792101,-1.449282054901123,LPP,LMC,ATF2,bZIP
239,0,-0.12181938,-0.1286468,2.4009495,1.388241047859192,ATP1A3,LMC,BHLHE40,bHLH
1359,1,-0.41846725,-0.3966394,-1.859574,-1.8141173553466796,HOXA4,MEF,GABPA,ETS
1242,0,-0.17329708,-0.26024023,-1.9195468,0.7872154355049134,GPR149,LMC,JUND,bZIP
359,0,-0.46353218,-0.19389851,-1.5934429,-0.5406600558757781,CAMKK1,LMC,STAT1,Stat
2376,1,-0.01744671,-0.24097927,-2.6624255,-1.5228994190692902,PTGIS,MEF,CTCF,Zf
695,1,-0.37391356,-0.26024023,1.092411,-0.34989592552185056,CWF19L2,MEF,ATF2,bZIP
422,0,-0.41671586,-0.24097927,-1.9702636,-1.6946978223323823,CCNB2,LMC,EGR1,Zf
1285,0,-0.045514207,-0.047810853,-1.7310942,-1.067183803319931,GRIN1,LMC,RFX5,HTH
694,1,-0.40379766,-0.24097927,-1.0187942,-0.622779620885849,CUX1,MEF,ZKSCAN1,Zf
3158,1,-0.33134362,-0.24097927,-1.4257566,-1.219077982902527,UBA7,MEF,ZEB1,Zf
2815,0,0.6717984,-0.24097927,1.3722122,0.9507078576087952,SP100,LMC,PRDM1,Zf
515,1,-0.38773212,-0.38773212,-1.4839959,-1.5799392247200013,CENPK,MEF,PAX5,"Paired,Homeobox"
2409,0,-0.26226777,-0.42959467,1.1963438,0.9128643834590912,RAB11FIP1,LMC,IRF1,IRF
737,0,-0.32353044,-0.32353044,1.0949157,0.2973988997936249,DDC,LMC,HNF4A,NR
496,1,-0.6753632,-0.24097927,-2.2888286,-0.2552816367149353,CDKN3,MEF,SP2,Zf
2953,0,-0.08447774,-0.18341035,1.3918668,0.23342647194862365,TECPR1,LMC,FOXA2,Forkhead
2014,0,-0.38754547,-0.3966394,1.0341421,0.18367401599884034,NOS1AP,LMC,ELK1,ETS
2699,0,-0.28139952,-0.1286468,-1.1324766,-0.8801990854740143,SLC16A3,LMC,TCF12,bHLH
1946,1,-0.6753632,-0.24097927,-2.066573,-2.7096753227710724,NCAPD2,MEF,SP2,Zf
2215,1,-0.224798,-0.224798,-3.5308938,-4.0089914047718045,PIK3R6,MEF,EBF1,EBF
1522,1,-0.26226777,-0.42959467,1.0859743,0.0032498300075531005,KBTBD8,MEF,IRF1,IRF
2492,1,-0.41671586,-0.24097927,-1.8323796,-1.5125726997852325,RGS16,MEF,EGR1,Zf
2332,1,-0.020064104,-0.19389851,-1.3902781,-1.4284762668609619,PRIM1,MEF,STAT3,Stat
754,1,-0.045514207,-0.047810853,-1.3119396,-0.22794392585754394,DGKK,MEF,RFX5,HTH
1317,0,-0.34774294,-0.3966394,1.7097849,1.8021879851818086,HCLS1,LMC,ETS1,ETS
478,1,-0.70387286,-0.18341035,-1.505004,-1.5097780966758727,CDCA8,MEF,FOXM1,Forkhead
2792,1,-0.45815486,-0.27375907,1.0395148,-1.0214928925037383,SNHG11,MEF,MEF2A,MADS
2243,0,0.0047023874,-0.1286468,1.9148484,1.7353101289272308,PLD4,LMC,USF1,bHLH
2033,0,-0.17329708,-0.26024023,-1.9519585,-1.3962446916103364,NR2F1,LMC,JUND,bZIP
522,0,-0.1281041,-0.1286468,1.2640113,1.0863233816623687,CENPV,LMC,USF2,bHLH
1064,1,-0.65736616,-0.46688727,-1.6307534,-1.5253179800510406,FGL2,MEF,CUX1,Homeobox
2446,0,-0.17236876,-0.17236876,1.0731758,0.3110994482040405,RAP2A,LMC,TEAD4,TEA
926,1,0.027779544,-0.26024023,-1.3294209,0.8855376613140106,ESYT1,MEF,BACH1,bZIP
2650,0,-0.12181938,-0.1286468,-1.4161148,-0.6393704986572266,SH3GL3,LMC,BHLHE40,bHLH
1888,1,-0.045514207,-0.047810853,1.6543893,-1.8527347266674041,MSX2,MEF,RFX5,HTH
3174,1,-0.11401458,-0.1286468,1.6225072,-0.5240729320049285,UNC5D,MEF,MAX,bHLH
454,0,-0.38773212,-0.38773212,2.0241923,2.0323151564598083,CD68,LMC,PAX5,"Paired,Homeobox"
213,1,-0.3548418,-0.24097927,-1.0850065,-0.6890854561328887,ARSB,MEF,ZNF263,Zf
659,0,-0.38727695,-0.26024023,1.5512286,0.2702227210998535,CRYAB,LMC,MAFK,bZIP
2692,0,-0.1281041,-0.1286468,2.0074983,1.8989821231365205,SLC15A3,LMC,USF2,bHLH
272,1,-0.45815486,-0.27375907,-1.0692208,-0.9896490359306336,BAZ1A,MEF,MEF2A,MADS
1384,0,-0.46353218,-0.19389851,-1.4212688,1.0963858222961427,HPDL,LMC,STAT1,Stat
1491,1,-0.37391356,-0.26024023,-1.4530721,-1.1305367398262023,ITGA5,MEF,ATF2,bZIP
699,1,-0.25854215,-0.26616102,1.0643262,-0.38828875303268434,CXCL1,MEF,E2F6,E2F
41,1,-0.06375064,-0.1286468,-1.2971035,-0.886887823343277,ACTN3,MEF,MYOG,bHLH
3165,0,-0.22547291,-0.26616102,2.2538092,2.09822008728981,UCP2,LMC,E2F4,E2F
1946,0,-0.65736616,-0.46688727,-1.5658408,-0.024849133491516115,NCAPD2,LMC,CUX1,Homeobox
714,1,-0.12181938,-0.1286468,5.836115,3.6343037509918212,CYP1A1,MEF,BHLHE40,bHLH
1531,0,-0.12181938,-0.1286468,1.7289557,1.8312912034988402,KCNB1,LMC,BHLHE40,bHLH
511,0,-0.3666467,-0.24097927,-2.0281026,-1.954505068063736,CENPE,LMC,GATA1,Zf
571,1,-0.34920207,-0.3966394,1.4271123,0.04963877081871033,CLEC11A,MEF,ELF1,ETS
381,1,-0.33201274,-0.26024023,1.1394454,0.30749558329582216,CCDC103,MEF,FOS,bZIP
1261,0,-0.01744671,-0.24097927,1.2520463,1.897208695411682,GPR68,LMC,CTCF,Zf
800,0,-0.38727695,-0.26024023,-2.758602,-0.196816109418869,DPEP1,LMC,MAFK,bZIP
1559,0,-0.34920207,-0.3966394,-1.662673,-1.7652170300483703,KCTD15,LMC,ELF1,ETS
2061,1,-0.3548418,-0.24097927,-2.5808094,-1.7341969966888429,NUSAP1,MEF,ZNF263,Zf
2640,1,-0.33134362,-0.24097927,-2.327651,-0.8591068279743195,SGOL1,MEF,ZEB1,Zf
94,0,-0.1281041,-0.1286468,1.1446893,1.152955356836319,AHCYL2,LMC,USF2,bHLH
908,0,-0.11401458,-0.1286468,-1.2161773,-0.7910345816612243,EPHB2,LMC,MAX,bHLH
2496,0,-0.38754547,-0.3966394,-1.8756744,-1.1718374824523925,RGS5,LMC,ELK1,ETS
1076,0,-0.045514207,-0.047810853,-1.2501253,-0.8352240788936615,FLNA,LMC,RFX5,HTH
279,1,-0.65736616,-0.46688727,1.0185626,-0.2270766282081604,BCL11B,MEF,CUX1,Homeobox
994,1,-0.41671586,-0.24097927,1.0227886,1.0759511160850526,FAM222A,MEF,EGR1,Zf
3165,1,-0.22547291,-0.26616102,-2.3812919,-1.0882406795024873,UCP2,MEF,E2F4,E2F
909,0,-0.41671586,-0.24097927,-1.0061626,-0.9657237982749939,EPHB3,LMC,EGR1,Zf
85,0,-0.25854215,-0.26616102,1.3186541,0.5343744015693664,ADSSL1,LMC,E2F6,E2F
944,1,-0.18068624,-0.24097927,-1.0039444,-1.3355865025520324,EZH2,MEF,MAZ,Zf
2930,0,-0.70387286,-0.18341035,-1.8156732,-1.3187639200687409,TACR1,LMC,FOXM1,Forkhead
2243,0,-0.045514207,-0.047810853,1.9148484,0.8544808483123779,PLD4,LMC,RFX5,HTH
2073,0,-0.33011255,-0.26024023,-1.2275139,-0.09655590891838074,OBSL1,LMC,ATF1,bZIP
2831,0,-0.40379766,-0.24097927,-1.2344358,-0.3296821618080139,SPHK1,LMC,ZKSCAN1,Zf
1669,1,-0.5097531,-0.26616102,-2.0333745,-1.9453393268585204,LMNB1,MEF,E2F1,E2F
181,1,-1.3901731,-0.3966394,-2.8857563,-1.9701089024543763,ARHGAP19,MEF,FLI1,ETS
3252,1,-0.65736616,-0.46688727,-1.3094435,-1.7145201408863067,ZDHHC14,MEF,CUX1,Homeobox
720,1,-0.38938692,-0.38938692,1.4721106,0.6366250586509704,CYSTM1,MEF,TCF3,HMG
3080,0,-0.17236876,-0.17236876,1.7830621,0.21288225889205933,TOX2,LMC,TEAD4,TEA
1624,1,-0.33201274,-0.26024023,-1.0089527,-0.7536130464076995,LARP1B,MEF,FOS,bZIP
1017,1,-0.12181938,-0.1286468,-1.9749366,-1.912433613538742,FANCI,MEF,BHLHE40,bHLH
222,0,-0.12181938,-0.1286468,-2.4331834,-1.7626681232452392,ASB2,LMC,BHLHE40,bHLH
2723,0,-0.23256464,-0.24097927,-1.2504945,-0.598720144033432,SLC29A4,LMC,YY1,Zf
738,1,-0.12181938,-0.1286468,1.3251095,0.6048197853565216,DDIT4L,MEF,BHLHE40,bHLH
2458,0,-0.045514207,-0.047810853,-1.8068208,-1.176484968662262,RASGRP1,LMC,RFX5,HTH
1744,0,-0.23256464,-0.24097927,1.6160516,1.5601090490818024,MAFB,LMC,YY1,Zf
430,1,-0.042086042,-0.24097927,-1.3414109,-1.733158836364746,CCR5,MEF,GATA3,Zf
1574,1,-0.769263,-0.26024023,-2.4750273,-0.31992196321487426,KIF23,MEF,BATF,bZIP
440,0,-0.33011255,-0.26024023,1.0379796,1.418438276052475,CD2AP,LMC,ATF1,bZIP
2509,1,-0.12181938,-0.1286468,-1.8196459,0.42421465516090395,RIN3,MEF,BHLHE40,bHLH
280,1,-0.28139952,-0.1286468,-1.1130936,0.07352577805519105,BCL2L11,MEF,TCF12,bHLH
821,1,0.027779544,-0.26024023,-1.138244,0.6414578557014465,DTX4,MEF,BACH1,bZIP
1814,1,-0.26226777,-0.42959467,1.0535716,-0.28697952508926394,METTL21A,MEF,IRF1,IRF
2815,0,-0.31947148,-0.31947148,1.3722122,0.847523649930954,SP100,LMC,NRF1,NRF
1945,1,0.15241732,-0.18341035,2.0358896,-0.5224803853034973,NCAM2,MEF,FOXA1,Forkhead
1050,1,-0.34920207,-0.3966394,-1.4150496,-1.1656086468696594,FGF11,MEF,ELF1,ETS
240,0,-0.25854215,-0.26616102,1.6032816,1.4793765115737916,ATP1B1,LMC,E2F6,E2F
132,0,-0.17329708,-0.26024023,1.0653907,-0.9096429932117462,ANGPT4,LMC,JUND,bZIP
1988,1,-0.042086042,-0.24097927,1.1322362,0.7365935468673706,NHLRC1,MEF,GATA3,Zf
764,0,-0.6753632,-0.24097927,-2.0095258,0.9650353872776032,DLGAP5,LMC,SP2,Zf
924,1,-0.5097531,-0.26616102,1.5121096,0.45255115389823913,ESR2,MEF,E2F1,E2F
1776,0,0.027779544,-0.26024023,1.0582312,-1.167991759777069,MATK,LMC,BACH1,bZIP
2011,1,-0.5710992,-0.24097927,-1.116004,-0.08976786494255067,NOD1,MEF,ZBTB33,Zf
1805,1,-0.22547291,-0.26616102,2.5338821,1.6118374264240265,MEIG1,MEF,E2F4,E2F
2625,0,-0.38727695,-0.26024023,2.343038,2.0414510476589203,SERPIND1,LMC,MAFK,bZIP
185,0,-0.23256464,-0.24097927,1.2260965,1.0649875593185425,ARHGAP29,LMC,YY1,Zf
1081,0,-0.11401458,-0.1286468,2.2831764,-1.0115281319618226,FMNL1,LMC,MAX,bHLH
373,0,-0.22547291,-0.26616102,1.1052054,0.8580267679691315,CAT,LMC,E2F4,E2F
522,0,-0.01744671,-0.24097927,1.2640113,1.0746967554092408,CENPV,LMC,CTCF,Zf
1511,1,-0.1281041,-0.1286468,1.9335152,0.14213109135627747,JAG2,MEF,USF2,bHLH
164,1,-0.46353218,-0.19389851,1.6091472,-0.6301688981056214,APOB,MEF,STAT1,Stat
235,0,-0.11401458,-0.1286468,-1.0292096,-0.8560538864135743,ATG16L2,LMC,MAX,bHLH
785,1,-0.11401458,-0.1286468,1.1730027,0.8300041735172272,DNAJB9,MEF,MAX,bHLH
2185,1,-0.045514207,-0.047810853,-1.7224369,-0.8234022712707519,PEG10,MEF,RFX5,HTH
3055,1,-0.01744671,-0.24097927,-2.0917385,-0.655309534072876,TNFAIP8L1,MEF,CTCF,Zf
1223,1,-0.01744671,-0.24097927,1.2755128,1.2498300540447236,GP1BA,MEF,CTCF,Zf
720,1,-0.5097531,-0.26616102,1.4721106,1.154737695455551,CYSTM1,MEF,E2F1,E2F
3088,0,-0.224798,-0.224798,-1.338504,-1.40429584980011,TPX2,LMC,EBF1,EBF
1957,0,-0.38938692,-0.38938692,-1.6446601,-0.1107709288597107,NDC80,LMC,TCF3,HMG
994,1,-0.70387286,-0.18341035,1.0227886,0.8286698281764984,FAM222A,MEF,FOXM1,Forkhead
2677,1,-0.5097531,-0.26616102,-1.5746429,-1.4958148968219758,SKA3,MEF,E2F1,E2F
1394,1,-0.224798,-0.224798,-1.7155273,1.2388742387294769,HSD11B1,MEF,EBF1,EBF
170,1,-0.28139952,-0.1286468,2.2081058,0.08286142349243164,APOH,MEF,TCF12,bHLH
1534,1,-0.34774294,-0.3966394,1.1689314,-0.184596951007843,KCNC3,MEF,ETS1,ETS
970,0,-0.11401458,-0.1286468,-1.948274,-1.8492935287952423,FAM132B,LMC,MAX,bHLH
2008,1,0.15241732,-0.18341035,2.8155317,-0.5594262039661407,NMU,MEF,FOXA1,Forkhead
2333,1,-0.41671586,-0.24097927,2.1173315,-0.7383004629611969,PRKAA2,MEF,EGR1,Zf
220,1,-0.06375064,-0.1286468,-2.0482383,2.730026751756668,ASB10,MEF,MYOG,bHLH
2929,1,-0.020064104,-0.19389851,-1.4088733,-0.869334077835083,TACC3,MEF,STAT3,Stat
3085,1,-0.08447774,-0.18341035,-1.4613433,-0.2605142438411713,TPM2,MEF,FOXA2,Forkhead
1473,1,-0.17329708,-0.26024023,-2.926151,0.990967208147049,IQGAP3,MEF,JUND,bZIP
2898,1,-0.11401458,-0.1286468,1.3171495,0.6778040254116058,STYXL1,MEF,MAX,bHLH
2801,1,-0.38773212,-0.38773212,1.5061712,-1.5532645654678345,SOBP,MEF,PAX5,"Paired,Homeobox"
421,1,-0.2409758,-0.26024023,-3.4695168,-3.4258234119415283,CCNB1,MEF,MAFF,bZIP
625,1,-0.31947148,-0.31947148,1.2030634,-0.17788848519325257,COL9A3,MEF,NRF1,NRF
2938,1,-0.12181938,-0.1286468,1.8867676,1.7179819190502166,TBX18,MEF,BHLHE40,bHLH
229,0,-0.17236876,-0.17236876,-1.6758331,-1.640206425189972,ASPM,LMC,TEAD4,TEA
884,1,-0.38727695,-0.26024023,-3.191152,-1.397164649963379,EMCN,MEF,MAFK,bZIP
1015,0,-0.020064104,-0.19389851,-1.5220731,-1.1167472743988036,FANCA,LMC,STAT3,Stat
543,0,-0.1281041,-0.1286468,2.030727,1.581304042339325,CHL1,LMC,USF2,bHLH
748,1,-0.1281041,-0.1286468,1.1444718,0.24298041462898254,DENND6B,MEF,USF2,bHLH
791,0,-0.042086042,-0.24097927,-1.802147,-0.7116939628124237,DNM3OS,LMC,GATA3,Zf
1237,0,0.0047023874,-0.1286468,-1.0928826,-0.9842532813549042,GPR125,LMC,USF1,bHLH
2710,0,-0.5710992,-0.24097927,1.8738929,1.7501545524597169,SLC22A4,LMC,ZBTB33,Zf
1797,0,-0.41671586,-0.24097927,-2.2293408,-1.9176384651660918,MDGA2,LMC,EGR1,Zf
3250,0,-0.17236876,-0.17236876,-2.442775,-1.6707586145401,ZC3HAV1L,LMC,TEAD4,TEA
1849,1,-0.042086042,-0.24097927,1.7113023,0.6554636561870575,MMP16,MEF,GATA3,Zf
222,0,-0.38754547,-0.3966394,-2.4331834,-0.8652021634578705,ASB2,LMC,ELK1,ETS
537,1,-0.33134362,-0.24097927,-1.0118498,-0.8765218806266785,CHAF1A,MEF,ZEB1,Zf
1756,0,-0.08447774,-0.18341035,-2.3720164,-2.1914031767845152,MAOB,LMC,FOXA2,Forkhead
307,1,-0.38754547,-0.3966394,-1.1805693,0.0486786162853241,BOK,MEF,ELK1,ETS
213,1,0.15241732,-0.18341035,-1.0850065,-1.0961991667747497,ARSB,MEF,FOXA1,Forkhead
521,1,-0.3666467,-0.24097927,-1.4729061,-1.4729061126708984,CENPU,MEF,GATA1,Zf
2785,0,-0.2409758,-0.26024023,1.1666341,0.9295960688591003,SMYD1,LMC,MAFF,bZIP
1628,0,-0.11401458,-0.1286468,-1.0319375,-0.4610429835319519,LBR,LMC,MAX,bHLH
4,0,-0.18553022,-0.24097927,1.3053162,0.7329891335964203,AATK,LMC,SP1,Zf
1085,0,-0.12181938,-0.1286468,-1.0087279,-1.2656622815132141,FN1,LMC,BHLHE40,bHLH
2134,1,0.027779544,-0.26024023,2.393178,0.45518272995948794,PCDH10,MEF,BACH1,bZIP
2625,0,-0.17329708,-0.26024023,2.343038,1.6641859531402587,SERPIND1,LMC,JUND,bZIP
1323,1,-0.17329708,-0.26024023,-1.2728531,0.23908453702926635,HEG1,MEF,JUND,bZIP
2353,1,-0.34920207,-0.3966394,-1.6450821,-1.4381294882297515,PRSS27,MEF,ELF1,ETS
2168,0,-0.17329708,-0.26024023,-1.5470585,-0.9915501844882965,PDE4B,LMC,JUND,bZIP
2226,1,-0.31947148,-0.31947148,-1.2790762,-1.8305821537971496,PKP2,MEF,NRF1,NRF
3126,1,-0.38754547,-0.3966394,1.3204467,-0.7834407699108124,TSPAN13,MEF,ELK1,ETS
2821,1,-0.18068624,-0.24097927,1.3361486,-0.6045867729187012,SPA17,MEF,MAZ,Zf
2868,1,-0.12181938,-0.1286468,-6.624937,-4.96871721982956,STAB1,MEF,BHLHE40,bHLH
2162,1,-0.40379766,-0.24097927,-1.3284223,-0.7107077372074128,PDE10A,MEF,ZKSCAN1,Zf
679,0,0.15241732,-0.18341035,-2.8674772,1.0960464215278625,CTHRC1,LMC,FOXA1,Forkhead
2508,0,0.027779544,-0.26024023,1.9511803,1.4835357749462128,RIMS3,LMC,BACH1,bZIP
1826,0,-0.1281041,-0.1286468,1.3738055,1.3608161401748657,MGST2,LMC,USF2,bHLH
1267,0,-0.29358298,-0.46688727,-2.022463,-0.8523093020915985,GPRIN3,LMC,NANOG,Homeobox
11,0,-0.41846725,-0.3966394,1.6876482,0.6951807808876037,ABCC3,LMC,GABPA,ETS
1632,1,-0.65736616,-0.46688727,-3.12653,-1.147307653427124,LCP2,MEF,CUX1,Homeobox
1521,0,-0.24300791,-0.24097927,1.1230019,0.9667267751693726,KAZN,LMC,GATA2,Zf
1038,1,-0.5097531,-0.26616102,-1.7113899,-0.9029378926753998,FBXO5,MEF,E2F1,E2F
280,1,-0.17329708,-0.26024023,-1.1130936,-0.32261144280433657,BCL2L11,MEF,JUND,bZIP
2838,1,-0.38773212,-0.38773212,-4.3280306,-0.20538016080856322,SPN,MEF,PAX5,"Paired,Homeobox"
24,1,-0.01744671,-0.24097927,2.1553288,1.6695343768596649,ACE,MEF,CTCF,Zf
2650,0,-0.06375064,-0.1286468,-1.4161148,-0.9000696432590485,SH3GL3,LMC,MYOG,bHLH
1032,0,-0.33134362,-0.24097927,-1.4661738,-1.5592483234405519,FBXO16,LMC,ZEB1,Zf
3136,1,-0.042086042,-0.24097927,1.7476053,0.6830497300624847,TTC9,MEF,GATA3,Zf
582,0,-0.24300791,-0.24097927,1.3879285,1.3626347517967223,CLN3,LMC,GATA2,Zf
1548,1,-0.18068624,-0.24097927,1.2121007,0.5678146052360534,KCNJ4,MEF,MAZ,Zf
2031,1,-0.46353218,-0.19389851,1.6603361,1.0998487234115601,NQO1,MEF,STAT1,Stat
318,1,-0.38754547,-0.3966394,1.9076642,-0.9046337115764618,BTLA,MEF,ELK1,ETS
1196,1,-0.06375064,-0.1286468,1.5439531,0.4034005630016327,GJB2,MEF,MYOG,bHLH
2196,0,-0.40379766,-0.24097927,-1.2279279,-0.41584969997406007,PGAP3,LMC,ZKSCAN1,Zf
365,0,-0.12181938,-0.1286468,1.8891319,1.925700032711029,CARD9,LMC,BHLHE40,bHLH
228,1,-0.38727695,-0.26024023,2.386745,-1.2187251222133637,ASPA,MEF,MAFK,bZIP
711,1,-0.042086042,-0.24097927,2.1121793,0.24339942932128905,CYBRD1,MEF,GATA3,Zf
2376,1,0.15241732,-0.18341035,-2.6624255,-1.5222944414615631,PTGIS,MEF,FOXA1,Forkhead
2460,1,-0.41846725,-0.3966394,-1.0421484,-1.0063402223587037,RASGRP4,MEF,GABPA,ETS
2156,0,-0.34369484,-0.46688727,1.9379742,0.7966917860507965,PCP4L1,LMC,PBX3,Homeobox
373,0,-0.01744671,-0.24097927,1.1052054,1.1231859707832337,CAT,LMC,CTCF,Zf
2467,0,0.027779544,-0.26024023,-1.9548993,-0.08125964403152466,RBFOX1,LMC,BACH1,bZIP
986,0,-0.23256464,-0.24097927,-2.5718875,-1.7830798423290253,FAM198A,LMC,YY1,Zf
2739,0,-0.29358298,-0.46688727,1.0755472,1.1268515384197235,SLC39A10,LMC,NANOG,Homeobox
1599,0,-0.38773212,-0.38773212,1.3884596,1.315530092716217,KLHL6,LMC,PAX5,"Paired,Homeobox"
817,0,-0.33201274,-0.26024023,1.9184403,1.1882547926902771,DSP,LMC,FOS,bZIP
1787,1,-0.22816904,-0.26024023,-2.5327592,-1.598171888589859,MCM10,MEF,ATF3,bZIP
696,1,-0.28139952,-0.1286468,1.1022455,0.3220658707618713,CX3CL1,MEF,TCF12,bHLH
927,1,-0.38754547,-0.3966394,1.4039664,0.2559227406978607,ESYT3,MEF,ELK1,ETS
229,1,-0.34369484,-0.46688727,-2.8171737,-2.128227869272232,ASPM,MEF,PBX3,Homeobox
2763,0,-0.22547291,-0.26616102,-1.3758038,-0.46364423871040344,SLC9A5,LMC,E2F4,E2F
1768,1,-0.01744671,-0.24097927,1.5174464,-0.2536607038974762,MAPK15,MEF,CTCF,Zf
1522,0,-0.045514207,-0.047810853,1.2068585,1.720279825925827,KBTBD8,LMC,RFX5,HTH
2362,0,-0.224798,-0.224798,-1.2187368,-0.3090648889541626,PSAT1,LMC,EBF1,EBF
1833,0,-0.26226777,-0.42959467,1.3267617,1.0513185954093933,MITF,LMC,IRF1,IRF
892,0,0.15241732,-0.18341035,-1.2402277,-0.2284137165546417,ENAH,LMC,FOXA1,Forkhead
2082,0,-0.01744671,-0.24097927,1.6769947,0.15908128380775452,OLFML2B,LMC,CTCF,Zf
142,1,-0.3666467,-0.24097927,-1.0540168,-1.9873240900039673,ANKRD37,MEF,GATA1,Zf
2818,0,0.0047023874,-0.1286468,-2.2571666,-1.0111147391796111,SP3,LMC,USF1,bHLH
1062,1,-0.38754547,-0.3966394,-1.2867284,-0.8300074028968811,FGGY,MEF,ELK1,ETS
1330,1,-0.18068624,-0.24097927,1.5842701,1.6291156971454621,HHIP,MEF,MAZ,Zf
2392,1,-0.23256464,-0.24097927,-2.7517996,-0.012765824794769287,PTPRO,MEF,YY1,Zf
10,1,-0.46353218,-0.19389851,-1.2388748,-1.2151340913772584,ABCB4,MEF,STAT1,Stat
1342,0,-0.41671586,-0.24097927,-1.3495045,-0.6451261639595032,HMGA2,LMC,EGR1,Zf
2956,0,-0.11401458,-0.1286468,-1.2224838,-0.5490821444988251,TERT,LMC,MAX,bHLH
2969,0,-0.3548418,-0.24097927,-1.3902878,-1.4778334176540375,TGFB1I1,LMC,ZNF263,Zf
496,1,-0.38773212,-0.38773212,-2.2888286,-2.1378570663928986,CDKN3,MEF,PAX5,"Paired,Homeobox"
784,1,-0.28139952,-0.1286468,1.0831264,0.054856181144714355,DNAJB4,MEF,TCF12,bHLH
1788,1,-0.18553022,-0.24097927,-1.1892185,-1.9634049332141876,MCM2,MEF,SP1,Zf
1670,1,-0.46353218,-0.19389851,2.8015044,-1.410367842912674,LMO1,MEF,STAT1,Stat
2076,0,0.0047023874,-0.1286468,-2.9300067,-0.6932188701629639,OGN,LMC,USF1,bHLH
2587,0,-0.020064104,-0.19389851,2.5840225,0.5462242925167083,SCN2B,LMC,STAT3,Stat
1746,1,-0.11401458,-0.1286468,5.3277707,3.3468237459659576,MAL,MEF,MAX,bHLH
2839,1,-0.17236876,-0.17236876,1.4012864,-1.243831512928009,SPNS2,MEF,TEAD4,TEA
762,0,-0.33201274,-0.26024023,1.0946444,0.8796331536769867,DLEU2,LMC,FOS,bZIP
1498,1,-0.1281041,-0.1286468,-1.2604636,-0.4043664300441742,ITGB3,MEF,USF2,bHLH
1990,1,0.15241732,-0.18341035,-2.0896924,-1.008946807384491,NID1,MEF,FOXA1,Forkhead
2404,0,-0.17329708,-0.26024023,2.0055208,0.9650635659694672,PYGM,LMC,JUND,bZIP
1344,0,-0.5710992,-0.24097927,-1.063044,-0.4031011915206909,HMGCS1,LMC,ZBTB33,Zf
1633,1,-0.769263,-0.26024023,3.5806227,-0.917946240901947,LCTL,MEF,BATF,bZIP
1752,1,-0.06375064,-0.1286468,-1.2879815,-0.3108700096607208,MAN2A1,MEF,MYOG,bHLH
2824,0,-0.01744671,-0.24097927,-2.7422905,-1.074846361875534,SPARCL1,LMC,CTCF,Zf
1575,1,-0.042086042,-0.24097927,1.0329986,-1.2355749654769896,KIF26A,MEF,GATA3,Zf
2487,0,-0.58022815,-0.42959467,1.091219,0.4735585308074951,RFTN1,LMC,IRF4,IRF
428,1,-0.042086042,-0.24097927,-2.316158,-1.974547441005707,CCR1,MEF,GATA3,Zf
3020,0,-0.41671586,-0.24097927,4.339947,1.2825856268405915,TMEM163,LMC,EGR1,Zf
511,0,-0.1281041,-0.1286468,-2.0281026,-1.9545526146888732,CENPE,LMC,USF2,bHLH
2727,0,-0.045514207,-0.047810853,-3.1119766,-2.813102592229843,SLC2A4,LMC,RFX5,HTH
703,0,-0.31947148,-0.31947148,1.933904,1.2323977756500244,CXCR4,LMC,NRF1,NRF
3199,1,-0.3666467,-0.24097927,1.1633813,-0.4961851096153259,VKORC1,MEF,GATA1,Zf
1967,0,-0.31947148,-0.31947148,-1.1616241,-0.5791092216968536,NEDD9,LMC,NRF1,NRF
2613,1,-0.28139952,-0.1286468,2.03598,0.25226534843444826,SEMA4F,MEF,TCF12,bHLH
3160,1,-0.3548418,-0.24097927,-2.8941476,-1.288687949180603,UBE2C,MEF,ZNF263,Zf
2008,1,-0.17329708,-0.26024023,2.8155317,0.015818185806274414,NMU,MEF,JUND,bZIP
2077,1,-0.25096336,-0.26024023,-1.4768857,-0.4342340672016144,OIP5,MEF,FOSL2,bZIP
2406,1,-0.41846725,-0.3966394,-2.2290986,-0.37674341201782224,PYROXD2,MEF,GABPA,ETS
3074,0,-0.38727695,-0.26024023,1.9503715,0.8322837424278259,TNS4,LMC,MAFK,bZIP
890,1,-0.26226777,-0.42959467,-1.7213072,-2.0990081238746643,EN1,MEF,IRF1,IRF
1601,1,-0.06375064,-0.1286468,1.0652757,-0.12573931694030763,KLRG2,MEF,MYOG,bHLH
2531,1,-0.23256464,-0.24097927,1.2082444,0.11964809417724609,RORA,MEF,YY1,Zf
276,0,-0.65736616,-0.46688727,-2.523097,-0.9482459723949432,BCAT1,LMC,CUX1,Homeobox
3043,1,-0.01744671,-0.24097927,-2.8654144,-0.44199360370635987,TMEM51,MEF,CTCF,Zf
3236,0,-0.31947148,-0.31947148,1.1457943,1.1162307727336884,WWP1,LMC,NRF1,NRF
883,0,-0.042086042,-0.24097927,-1.7784133,-0.8574548232555389,ELOVL6,LMC,GATA3,Zf
762,0,-0.224798,-0.224798,1.0946444,0.707468889951706,DLEU2,LMC,EBF1,EBF
2651,1,-0.3666467,-0.24097927,-1.0929486,-0.8877176094055176,SH3KBP1,MEF,GATA1,Zf
1242,0,-0.01744671,-0.24097927,-1.9195468,1.0856200087070464,GPR149,LMC,CTCF,Zf
473,1,0.0047023874,-0.1286468,-1.8354515,-1.8266125750541686,CDCA2,MEF,USF1,bHLH
1161,1,-0.3666467,-0.24097927,-1.5350251,0.43489531755447386,GBX1,MEF,GATA1,Zf
2608,1,-0.5710992,-0.24097927,2.1160233,1.1693147575855256,SEMA3C,MEF,ZBTB33,Zf
2537,1,-0.34920207,-0.3966394,-1.8166342,-0.3165054440498352,RPS6KA1,MEF,ELF1,ETS
143,0,-0.11401458,-0.1286468,-1.2520086,-1.3335689556598664,ANKRD6,LMC,MAX,bHLH
367,1,-0.224798,-0.224798,-2.5895154,-0.5459935641288758,CASC5,MEF,EBF1,EBF
2929,0,-0.41846725,-0.3966394,-1.1441975,-0.6314812457561493,TACC3,LMC,GABPA,ETS
439,0,-0.65736616,-0.46688727,2.3953223,2.5528445434570313,CD28,LMC,CUX1,Homeobox
1326,1,-0.38754547,-0.3966394,1.7722064,0.7284347176551819,HERC3,MEF,ELK1,ETS
2408,0,-0.25854215,-0.26616102,-1.2367245,-0.6290226602554321,QSOX1,LMC,E2F6,E2F
511,1,-0.46353218,-0.19389851,-2.789674,-2.746782145500183,CENPE,MEF,STAT1,Stat
672,0,-0.045514207,-0.047810853,-1.4950591,-1.1193185877799987,CSRP1,LMC,RFX5,HTH
1420,1,-0.41846725,-0.3966394,-1.1545213,-1.5415571868419646,IGF2BP2,MEF,GABPA,ETS
1555,0,-0.12181938,-0.1286468,-2.8231845,-2.557120541334152,KCNMB1,LMC,BHLHE40,bHLH
1667,1,-0.41846725,-0.3966394,-3.066481,-1.1310023295879363,LIPN,MEF,GABPA,ETS
2949,0,-0.38754547,-0.3966394,1.3909388,1.061002949476242,TCFL5,LMC,ELK1,ETS
1108,0,0.15241732,-0.18341035,-1.8366894,-1.062516015768051,FREM2,LMC,FOXA1,Forkhead
2354,1,-0.23256464,-0.24097927,2.6809106,-1.4342895472049713,PRSS35,MEF,YY1,Zf
252,1,-0.01744671,-0.24097927,-2.3618605,-1.0458980810642242,AURKB,MEF,CTCF,Zf
3051,1,-0.3548418,-0.24097927,1.3207757,-0.13898173332214356,TMX2,MEF,ZNF263,Zf
2204,1,-0.40379766,-0.24097927,-1.1529521,-1.072359436750412,PHLPP1,MEF,ZKSCAN1,Zf
150,1,-0.11401458,-0.1286468,-1.5063857,-0.4512909233570099,ANXA4,MEF,MAX,bHLH
2155,0,-0.38754547,-0.3966394,-2.4770832,-0.07544174075126647,PCOLCE,LMC,ELK1,ETS
3034,0,0.0047023874,-0.1286468,-1.6349095,0.25442405223846437,TMEM246,LMC,USF1,bHLH
1660,1,-0.224798,-0.224798,-1.559628,-1.0765935707092285,LIMK1,MEF,EBF1,EBF
2951,1,-0.38773212,-0.38773212,1.7548503,-0.8252705216407776,TCP11,MEF,PAX5,"Paired,Homeobox"
1054,1,-0.38754547,-0.3966394,1.1716865,1.352532696723938,FGF18,MEF,ELK1,ETS
1338,0,-0.33201274,-0.26024023,1.3770303,1.2953191077709199,HIVEP3,LMC,FOS,bZIP
619,1,-0.31947148,-0.31947148,-2.240515,-1.503130224943161,COL4A2,MEF,NRF1,NRF
2026,0,-0.17329708,-0.26024023,-1.8103167,-0.695205579996109,NPR3,LMC,JUND,bZIP
276,1,-0.18553022,-0.24097927,-1.0301375,-0.22835692286491394,BCAT1,MEF,SP1,Zf
3118,1,-0.65736616,-0.46688727,1.308769,-1.6783076930046081,TRPS1,MEF,CUX1,Homeobox
2698,1,-0.70387286,-0.18341035,2.9320288,-1.9950899028778075,SLC16A14,MEF,FOXM1,Forkhead
407,1,-0.38773212,-0.38773212,1.0351427,0.954153174161911,CCDC90B,MEF,PAX5,"Paired,Homeobox"
350,0,-0.18553022,-0.24097927,1.39361,1.1359791386127471,CADM3,LMC,SP1,Zf
561,1,0.6717984,-0.24097927,2.2551308,0.5948713064193726,CITED4,MEF,PRDM1,Zf
2823,0,-0.22547291,-0.26616102,-1.7413466,-1.2505712807178497,SPAG5,LMC,E2F4,E2F
1505,0,-0.18553022,-0.24097927,1.0109513,1.3330015003681184,ITPK1,LMC,SP1,Zf
1601,1,-0.17329708,-0.26024023,1.0652757,-0.12639878153800965,KLRG2,MEF,JUND,bZIP
2591,1,-0.32353044,-0.32353044,-1.7827389,-0.6819604754447937,SCN9A,MEF,HNF4A,NR
1612,0,-0.33201274,-0.26024023,2.5736082,2.311510397195816,KYNU,LMC,FOS,bZIP
108,1,-0.34369484,-0.46688727,1.0786273,0.5904808282852173,ALCAM,MEF,PBX3,Homeobox
2810,1,-0.41846725,-0.3966394,-2.681507,-2.112124685049057,SOX12,MEF,GABPA,ETS
787,1,-0.06375064,-0.1286468,1.3562768,1.516404812335968,DNALI1,MEF,MYOG,bHLH
1933,1,-0.46353218,-0.19389851,-3.0799553,-1.3187533581256867,NAALAD2,MEF,STAT1,Stat
1581,0,-0.41671586,-0.24097927,-1.2401961,0.9084269142150879,KIF7,LMC,EGR1,Zf
1793,0,-0.12181938,-0.1286468,1.8078305,1.8001483488082886,MCOLN3,LMC,BHLHE40,bHLH
939,1,-0.020064104,-0.19389851,1.7114613,0.028266377449035644,EXPH5,MEF,STAT3,Stat
2837,0,-0.33134362,-0.24097927,1.6261545,1.4383840775489807,SPINT2,LMC,ZEB1,Zf
652,0,-0.5097531,-0.26616102,1.3897598,1.5551400291919708,CRIP1,LMC,E2F1,E2F
87,0,-0.18553022,-0.24097927,-1.0760291,0.264152284860611,AFF3,LMC,SP1,Zf
650,1,-0.29358298,-0.46688727,-2.9483588,-0.6529779255390167,CREG2,MEF,NANOG,Homeobox
2308,1,-0.33134362,-0.24097927,1.3704175,0.27351765632629393,PPFIBP2,MEF,ZEB1,Zf
1498,1,-0.18553022,-0.24097927,-1.2604636,-1.1010515463352204,ITGB3,MEF,SP1,Zf
2090,1,-0.70387286,-0.18341035,1.4809719,0.9456010162830353,OSBPL3,MEF,FOXM1,Forkhead
2251,0,-0.22547291,-0.26616102,-2.0370564,-0.73698415517807,PLEKHG4,LMC,E2F4,E2F
954,0,0.027779544,-0.26024023,1.3474227,1.2551461899280547,FABP3,LMC,BACH1,bZIP
2914,1,0.0047023874,-0.1286468,3.8033676,3.137722306251526,SYNM,MEF,USF1,bHLH
1050,1,-0.34920207,-0.3966394,-1.4150496,-1.1656086468696594,FGF11,MEF,ELF1,ETS
3086,1,-0.38754547,-0.3966394,-1.1917357,-0.34872314691543577,TPM4,MEF,ELK1,ETS
1884,1,-0.020064104,-0.19389851,-1.0198689,0.5512461233139038,MSRA,MEF,STAT3,Stat
2750,0,-0.38727695,-0.26024023,1.0977395,0.9014145028591156,SLC46A3,LMC,MAFK,bZIP
311,1,-0.18553022,-0.24097927,-1.1585374,-1.5917231523990631,BRIP1,MEF,SP1,Zf
2380,0,-0.020064104,-0.19389851,-3.6548302,-0.995363107919693,PTN,LMC,STAT3,Stat
468,1,-0.22547291,-0.26616102,-1.3716766,-1.3816791081428528,CDC42EP2,MEF,E2F4,E2F
488,1,-0.65736616,-0.46688727,-1.5366021,-1.1484478569030763,CDK1,MEF,CUX1,Homeobox
3053,0,-0.3666467,-0.24097927,2.9960315,0.051053886413574216,TNF,LMC,GATA1,Zf
2529,0,-0.24300791,-0.24097927,-1.4922091,0.2264503288269043,ROR1,LMC,GATA2,Zf
469,0,-0.33011255,-0.26024023,-1.0888088,-1.1925545263290405,CDC42EP4,LMC,ATF1,bZIP
3091,0,-0.11401458,-0.1286468,-1.1385286,-0.7571875870227813,TRAM1L1,LMC,MAX,bHLH
2794,1,-0.08447774,-0.18341035,-1.930804,0.6416525518894196,SNORA31,MEF,FOXA2,Forkhead
2276,1,-0.28139952,-0.1286468,1.0654397,-0.29583733320236205,PMAIP1,MEF,TCF12,bHLH
2977,0,-0.23256464,-0.24097927,-1.9208775,-1.215571802854538,THBS3,LMC,YY1,Zf
2485,1,-0.17236876,-0.17236876,3.6311066,0.2172546601295471,RERG,MEF,TEAD4,TEA
2472,1,-0.3548418,-0.24097927,-2.984346,-0.323833737373352,RBM47,MEF,ZNF263,Zf
1799,0,-0.22547291,-0.26616102,-3.4283805,-1.6554557919502257,MECOM,LMC,E2F4,E2F
748,1,-0.3666467,-0.24097927,1.1444718,0.05670609831809997,DENND6B,MEF,GATA1,Zf
2678,1,-0.6753632,-0.24097927,-1.3519409,-0.5781698524951935,SKP2,MEF,SP2,Zf
2277,1,-0.24300791,-0.24097927,-1.672663,-0.5147979593276978,PMF1,MEF,GATA2,Zf
1969,1,-0.26226777,-0.42959467,-2.4533186,-0.40479344844818116,NEIL3,MEF,IRF1,IRF
933,0,-0.37391356,-0.26024023,2.0386486,0.6473920917510987,EVI2A,LMC,ATF2,bZIP
48,1,-0.28139952,-0.1286468,-1.9442203,-1.1827760660648345,ADAM19,MEF,TCF12,bHLH
2446,0,-0.06375064,-0.1286468,1.0731758,-0.08802983522415161,RAP2A,LMC,MYOG,bHLH
764,1,-0.70387286,-0.18341035,-2.7786102,-0.31812063455581663,DLGAP5,MEF,FOXM1,Forkhead
705,1,-0.11401458,-0.1286468,1.9690752,1.2253119838237763,CXXC4,MEF,MAX,bHLH
1285,0,-0.045514207,-0.047810853,-1.7310942,-1.067183803319931,GRIN1,LMC,RFX5,HTH
198,1,-0.5097531,-0.26616102,-3.3044653,-2.353028038740158,ARHGEF39,MEF,E2F1,E2F
2571,0,-0.38727695,-0.26024023,2.2119925,1.3872208666801453,SAMSN1,LMC,MAFK,bZIP
296,1,-0.41671586,-0.24097927,-1.5980535,-1.0617812538146973,BLNK,MEF,EGR1,Zf
259,0,-0.23256464,-0.24097927,1.2429582,0.9296555829048156,B3GNT8,LMC,YY1,Zf
1613,0,-0.23256464,-0.24097927,2.4317777,2.4030799901485445,LAD1,LMC,YY1,Zf
239,1,-0.34920207,-0.3966394,-4.6379013,-0.9937364494800568,ATP1A3,MEF,ELF1,ETS
470,1,-0.28139952,-0.1286468,-2.258905,-1.7795029163360596,CDC42EP5,MEF,TCF12,bHLH
1422,0,-0.22816904,-0.26024023,1.7266241,1.654323501586914,IGFBP4,LMC,ATF3,bZIP
2229,1,-0.31947148,-0.31947148,-2.035852,-1.8393143951892852,PLA2G4C,MEF,NRF1,NRF
3184,0,-0.06375064,-0.1286468,-1.2625906,-0.9191926884651184,UST,LMC,MYOG,bHLH
2615,0,-0.11401458,-0.1286468,-1.4651343,-1.2607639145851135,SEMA6A,LMC,MAX,bHLH
2591,1,0.15241732,-0.18341035,-1.7827389,-0.8119857466220856,SCN9A,MEF,FOXA1,Forkhead
1908,0,-0.01744671,-0.24097927,2.0809429,-0.04841225504875183,MYH14,LMC,CTCF,Zf
2678,1,-0.2409758,-0.26024023,-1.3519409,-1.3603806734085082,SKP2,MEF,MAFF,bZIP
1493,1,-0.042086042,-0.24097927,1.4996248,0.21744532704353334,ITGA8,MEF,GATA3,Zf
513,0,-0.70387286,-0.18341035,-1.3525441,-1.2882825791835786,CENPH,LMC,FOXM1,Forkhead
1691,1,-0.1281041,-0.1286468,1.5712949,-0.7109030449390411,LRFN5,MEF,USF2,bHLH
2316,0,-0.25854215,-0.26616102,-1.2061102,-1.178522173166275,PPP1R36,LMC,E2F6,E2F
115,1,0.15241732,-0.18341035,-1.468537,-0.7779110312461853,ALDH3B1,MEF,FOXA1,Forkhead
103,0,-0.17329708,-0.26024023,-1.3047225,-0.5594821596145629,AKAP12,LMC,JUND,bZIP
1553,0,-0.24300791,-0.24097927,1.285172,0.27890867114067075,KCNK6,LMC,GATA2,Zf
2641,0,-0.18553022,-0.24097927,-1.302446,-0.32965479731559755,SGOL2,LMC,SP1,Zf
1033,1,-0.18553022,-0.24097927,1.3729043,1.1812364256381989,FBXO27,MEF,SP1,Zf
41,0,-0.33201274,-0.26024023,1.6943789,0.3213244616985321,ACTN3,LMC,FOS,bZIP
416,0,-0.2409758,-0.26024023,1.9838973,1.8959759449958802,CCL5,LMC,MAFF,bZIP
3056,0,-0.17329708,-0.26024023,1.8511443,-0.7944430720806122,TNFAIP8L2,LMC,JUND,bZIP
2502,0,-0.6753632,-0.24097927,-1.5356117,-0.36350454568862917,RHOF,LMC,SP2,Zf
1761,0,-0.769263,-0.26024023,-4.7852225,-1.0318631553649902,MAP3K7CL,LMC,BATF,bZIP
1688,1,-0.06375064,-0.1286468,1.3220744,-0.682126703262329,LRCH1,MEF,MYOG,bHLH
1304,0,-0.17236876,-0.17236876,1.7955786,0.840103006362915,GUCY1A3,LMC,TEAD4,TEA
1229,0,-0.41846725,-0.3966394,-1.5409347,-1.29461061835289,GPC6,LMC,GABPA,ETS
1272,1,-0.38773212,-0.38773212,-1.6432208,-1.3023961746692658,GRAP,MEF,PAX5,"Paired,Homeobox"
1481,1,0.027779544,-0.26024023,2.3218336,1.1745537948608398,IRX3,MEF,BACH1,bZIP
910,1,-0.020064104,-0.19389851,1.3478439,1.076524783372879,EPHB6,MEF,STAT3,Stat
1005,1,-0.01744671,-0.24097927,-1.2667223,0.555089293718338,FAM71F1,MEF,CTCF,Zf
1666,1,-0.33201274,-0.26024023,2.509627,0.4877411448955536,LIPG,MEF,FOS,bZIP
2259,1,-0.33201274,-0.26024023,-3.097473,-1.527891616821289,PLK1,MEF,FOS,bZIP
2250,1,-0.224798,-0.224798,-1.2923962,-1.3944728767871857,PLEKHG3,MEF,EBF1,EBF
2786,1,-0.11043269,-0.047810853,-1.2469294,-0.5749387168884277,SNAI1,MEF,MYB,HTH
1001,0,-0.34369484,-0.46688727,1.5367558,-0.02161652684211731,FAM49A,LMC,PBX3,Homeobox
952,0,-0.01744671,-0.24097927,2.463874,1.080569177865982,F5,LMC,CTCF,Zf
781,1,-0.01744671,-0.24097927,-1.7769861,0.368940554857254,DNAH6,MEF,CTCF,Zf
992,1,-0.37391356,-0.26024023,1.0064623,0.9348815524578095,FAM212B,MEF,ATF2,bZIP
2709,0,-0.58022815,-0.42959467,1.6009575,1.4717905735969543,SLC22A18,LMC,IRF4,IRF
683,0,-0.23256464,-0.24097927,1.6376765,1.196093111038208,CTSB,LMC,YY1,Zf
3145,1,-0.22547291,-0.26616102,-1.3294976,-0.8494033372402191,TUBA1B,MEF,E2F4,E2F
1218,0,-0.12181938,-0.1286468,-1.4079136,-0.8107724225521088,GNG8,LMC,BHLHE40,bHLH
29,1,-0.18068624,-0.24097927,-1.4410068,-1.0475508677959442,ACOT1,MEF,MAZ,Zf
1327,0,-0.25854215,-0.26616102,1.7526768,1.646776715517044,HFE,LMC,E2F6,E2F
391,0,-0.38773212,-0.38773212,-1.0662317,-1.0466663074493407,CCDC159,LMC,PAX5,"Paired,Homeobox"
1027,1,-0.34920207,-0.3966394,-1.7858437,-1.51941819190979,FBN1,MEF,ELF1,ETS
2140,0,-0.25096336,-0.26024023,-1.5070939,-1.4593717539310456,PCDH9,LMC,FOSL2,bZIP
1054,1,-0.11401458,-0.1286468,1.1716865,0.9721378099918365,FGF18,MEF,MAX,bHLH
2686,1,-0.18553022,-0.24097927,1.0133885,0.5151490795612336,SLC12A2,MEF,SP1,Zf
3098,1,-0.34774294,-0.3966394,-2.2575493,-1.4626367056369782,TREML4,MEF,ETS1,ETS
794,1,-0.1281041,-0.1286468,-7.539154,-3.105685634613037,DOCK2,MEF,USF2,bHLH
2871,0,0.0047023874,-0.1286468,-1.8158801,-0.34283761501312254,STAG3,LMC,USF1,bHLH
860,1,-0.3548418,-0.24097927,2.1151733,1.0227259290218353,EFHD1,MEF,ZNF263,Zf
178,1,-0.33134362,-0.24097927,-2.0233412,-2.600905134677887,ARHGAP10,MEF,ZEB1,Zf
3134,1,-0.224798,-0.224798,2.2825308,1.5910028636455535,TTC21A,MEF,EBF1,EBF
716,0,-0.25854215,-0.26616102,-1.085661,0.1114728045463562,CYP26B1,LMC,E2F6,E2F
1446,0,-0.46353218,-0.19389851,1.1727784,0.8391529905796051,IL18RAP,LMC,STAT1,Stat
3009,1,-0.38727695,-0.26024023,1.357033,-1.1462482702732086,TMEM117,MEF,MAFK,bZIP
2398,1,-0.33201274,-0.26024023,1.71108,0.9500346434116363,PTX3,MEF,FOS,bZIP
1991,0,-0.18068624,-0.24097927,-1.1931095,-0.9339996480941772,NIM1K,LMC,MAZ,Zf
1711,0,-0.24300791,-0.24097927,1.4799604,0.8052269303798676,LRRN4,LMC,GATA2,Zf
1778,0,-0.23256464,-0.24097927,-3.215314,-2.4002909696102144,MATN3,LMC,YY1,Zf
25,1,-0.24300791,-0.24097927,3.1806698,2.19685866355896,ACHE,MEF,GATA2,Zf
1555,0,-0.23256464,-0.24097927,-2.8231845,-2.6012466764450073,KCNMB1,LMC,YY1,Zf
2987,1,-0.17329708,-0.26024023,-1.2365862,-0.6452087450027466,TINAG,MEF,JUND,bZIP
2875,1,-0.25854215,-0.26616102,-2.018522,-1.0165555226802825,STARD8,MEF,E2F6,E2F
1347,1,-0.25096336,-0.26024023,-2.2474232,-1.9392111265659333,HMMR,MEF,FOSL2,bZIP
2641,0,-0.23256464,-0.24097927,-1.302446,0.15227124452590943,SGOL2,LMC,YY1,Zf
1945,1,-0.17329708,-0.26024023,2.0358896,0.10874071836471558,NCAM2,MEF,JUND,bZIP
2816,1,-0.01744671,-0.24097927,-4.212423,-1.8407891809940338,SP110,MEF,CTCF,Zf
709,1,-0.08447774,-0.18341035,-1.6690544,-0.40334818720817567,CYBA,MEF,FOXA2,Forkhead
2243,0,-0.18068624,-0.24097927,1.9148484,1.6067261457443238,PLD4,LMC,MAZ,Zf
1155,0,-0.045514207,-0.047810853,1.7282696,1.4056505644321442,GATA4,LMC,RFX5,HTH
2533,0,-0.17236876,-0.17236876,1.3545946,0.4406044125556946,RPP25,LMC,TEAD4,TEA
1097,1,-0.18553022,-0.24097927,-2.7767472,-1.0614061963558197,FOXD1,MEF,SP1,Zf
1469,0,-0.18553022,-0.24097927,-1.3461412,-1.1616187715530395,INSIG1,LMC,SP1,Zf
711,1,-0.26226777,-0.42959467,2.1121793,1.023298934698105,CYBRD1,MEF,IRF1,IRF
2172,1,-0.41846725,-0.3966394,-1.412792,-0.48344124674797057,PDGFB,MEF,GABPA,ETS
711,1,-0.18553022,-0.24097927,2.1121793,1.6013609433174134,CYBRD1,MEF,SP1,Zf
2876,1,-0.22547291,-0.26616102,-2.4180818,-1.3785446512699127,STARD9,MEF,E2F4,E2F
3077,0,-0.34774294,-0.3966394,-1.5086727,-1.2286557602882384,TOM1L1,LMC,ETS1,ETS
898,1,-0.38727695,-0.26024023,-2.2876403,0.8804378151893616,ENPP3,MEF,MAFK,bZIP
879,1,-0.3666467,-0.24097927,-2.5854182,1.2122918307781219,ELMO1,MEF,GATA1,Zf
1298,0,-0.2409758,-0.26024023,1.7987171,1.291501671075821,GSTA4,LMC,MAFF,bZIP
909,0,-0.65736616,-0.46688727,-1.0061626,-0.7941739916801452,EPHB3,LMC,CUX1,Homeobox
1727,0,-0.32353044,-0.32353044,-1.8059852,-0.9309163081645966,LY75,LMC,HNF4A,NR
275,1,-0.46353218,-0.19389851,2.004895,0.3682006621360779,BCAR3,MEF,STAT1,Stat
1357,0,0.0047023874,-0.1286468,-1.8172214,-1.5664292907714843,HOXA2,LMC,USF1,bHLH
2743,0,-0.34920207,-0.3966394,1.4633803,1.402460160255432,SLC40A1,LMC,ELF1,ETS
329,1,-0.1281041,-0.1286468,-1.0498474,-1.3560000145435334,C1QTNF6,MEF,USF2,bHLH
2306,0,0.027779544,-0.26024023,-1.3088906,-1.277828860282898,PPFIA2,LMC,BACH1,bZIP
2475,1,-0.28139952,-0.1286468,-1.4406117,0.27859742164611817,RBPMS,MEF,TCF12,bHLH
175,0,-0.06375064,-0.1286468,1.1491375,1.1516967487335206,ARAP2,LMC,MYOG,bHLH
890,1,-0.06375064,-0.1286468,-1.7213072,-0.08161443948745728,EN1,MEF,MYOG,bHLH
2479,1,-0.045514207,-0.047810853,-1.5733873,0.4044526541233063,RCSD1,MEF,RFX5,HTH
635,1,-0.33201274,-0.26024023,1.7886711,0.5732750082015992,COX6B2,MEF,FOS,bZIP
2485,1,-0.46353218,-0.19389851,3.6311066,-0.518268450498581,RERG,MEF,STAT1,Stat
2981,0,-0.37391356,-0.26024023,1.743349,0.05639794826507569,TICAM2,LMC,ATF2,bZIP
334,1,-0.28139952,-0.1286468,-7.577236,-6.507291551828384,C5AR1,MEF,TCF12,bHLH
2739,0,-0.38938692,-0.38938692,1.0755472,1.1922878897190095,SLC39A10,LMC,TCF3,HMG
318,1,-0.70387286,-0.18341035,1.9076642,-1.1965326106548309,BTLA,MEF,FOXM1,Forkhead
1806,1,0.0047023874,-0.1286468,2.2327807,1.017746639251709,MEIOB,MEF,USF1,bHLH
736,1,-0.46353218,-0.19389851,1.2125307,1.1864000177383422,DCXR,MEF,STAT1,Stat
938,1,-0.01744671,-0.24097927,1.8957962,-1.4254109358787537,EXOC3L2,MEF,CTCF,Zf
762,0,-0.23256464,-0.24097927,1.0946444,1.2196964597702027,DLEU2,LMC,YY1,Zf
2408,0,-0.38727695,-0.26024023,-1.2367245,0.18842100143432616,QSOX1,LMC,MAFK,bZIP
346,1,-0.06375064,-0.1286468,2.3050516,2.8298510873317717,CACNB2,MEF,MYOG,bHLH
422,1,-0.41671586,-0.24097927,-3.7557342,-3.586056876182556,CCNB2,MEF,EGR1,Zf
1421,1,-0.11401458,-0.1286468,-1.3062055,-0.0857178020477295,IGF2BP3,MEF,MAX,bHLH
512,1,-0.41846725,-0.3966394,-2.398041,-2.3959554862976074,CENPF,MEF,GABPA,ETS
2277,1,-0.17236876,-0.17236876,-1.672663,-1.244795628786087,PMF1,MEF,TEAD4,TEA
1044,1,-0.38773212,-0.38773212,-5.357593,-5.117415646314621,FERMT3,MEF,PAX5,"Paired,Homeobox"
1648,0,-0.22547291,-0.26616102,1.3943249,1.2196851634979249,LGMN,LMC,E2F4,E2F
1265,1,-0.34369484,-0.46688727,2.4965944,1.6234565544128419,GPRC5A,MEF,PBX3,Homeobox
1951,0,-0.28139952,-0.1286468,1.457444,0.6318448185920715,NCEH1,LMC,TCF12,bHLH
437,0,-0.46353218,-0.19389851,3.0556927,2.627070543766022,CD22,LMC,STAT1,Stat
3239,1,-0.25854215,-0.26616102,9.86263,4.086699177026748,XIST,MEF,E2F6,E2F
2094,0,-0.045514207,-0.047810853,-1.9019642,-1.4474571859836578,OSR1,LMC,RFX5,HTH
1578,0,-0.33201274,-0.26024023,-2.1700678,-1.9598472476005555,KIF2C,LMC,FOS,bZIP
1326,1,-0.46353218,-0.19389851,1.7722064,0.76856241106987,HERC3,MEF,STAT1,Stat
349,0,-0.34920207,-0.3966394,1.2775106,0.24763431787490844,CADM2,LMC,ELF1,ETS
1103,0,-0.41846725,-0.3966394,-1.1218795,-1.1549840712547301,FOXP1,LMC,GABPA,ETS
906,0,-0.26226777,-0.42959467,-1.4759874,-1.1601215147972106,EPHA4,LMC,IRF1,IRF
831,1,-0.33011255,-0.26024023,1.2428452,0.6947491252422333,DYNC2LI1,MEF,ATF1,bZIP
2800,0,-0.224798,-0.224798,1.1069503,1.0316620433330537,SOAT1,LMC,EBF1,EBF
1139,1,-0.25854215,-0.26616102,-2.5304673,-1.0912446415424346,GALNT12,MEF,E2F6,E2F
764,1,-0.34369484,-0.46688727,-2.7786102,-1.4012065172195434,DLGAP5,MEF,PBX3,Homeobox
80,0,-0.23256464,-0.24097927,-1.8548774,-1.5511309909820556,ADORA2B,LMC,YY1,Zf
1626,1,-0.3548418,-0.24097927,-1.2072183,-0.3277933442592621,LASP1,MEF,ZNF263,Zf
2633,0,0.027779544,-0.26024023,-1.5760641,-0.17790063381195068,SFRP1,LMC,BACH1,bZIP
2582,0,-0.7640029,-0.42959467,1.9440415,-0.26327476382255555,SCIN,LMC,IRF3,IRF
2857,0,-0.33201274,-0.26024023,-1.0629355,-0.8856485295295715,SSC5D,LMC,FOS,bZIP
2762,0,-0.38773212,-0.38773212,1.142044,0.842915952205658,SLC9A3R1,LMC,PAX5,"Paired,Homeobox"
1933,0,0.15241732,-0.18341035,-1.0543683,1.0581230020523071,NAALAD2,LMC,FOXA1,Forkhead
1834,1,-0.34920207,-0.3966394,-3.7861793,-0.9862906956672668,MKI67,MEF,ELF1,ETS
1995,1,-0.17329708,-0.26024023,-1.798627,-0.7127846837043762,NKAIN3,MEF,JUND,bZIP
1569,0,-0.3548418,-0.24097927,-1.7011287,-1.6762565052509308,KIF18B,LMC,ZNF263,Zf
1166,0,-0.23256464,-0.24097927,1.0405315,0.7535066854953766,GCLM,LMC,YY1,Zf
1059,1,-0.01744671,-0.24097927,-1.306481,-0.7985143005847931,FGFR1,MEF,CTCF,Zf
2969,1,-0.25096336,-0.26024023,-1.1554362,-1.0632258808612824,TGFB1I1,MEF,FOSL2,bZIP
1509,1,-0.12181938,-0.1286468,-1.4488107,0.060519903898239136,JADE1,MEF,BHLHE40,bHLH
91,0,-0.3548418,-0.24097927,-1.0685996,0.9831743907928466,AGPAT9,LMC,ZNF263,Zf
982,1,-0.23256464,-0.24097927,1.9927673,1.9229043686389924,FAM184A,MEF,YY1,Zf
2342,1,-0.34920207,-0.3966394,1.9326226,-0.2849784290790558,PROSER2,MEF,ELF1,ETS
749,1,-0.5097531,-0.26616102,-2.568223,-1.5010598075389863,DEPDC1B,MEF,E2F1,E2F
1759,0,-0.38754547,-0.3966394,-1.2019571,-0.8613430774211883,MAP2K6,LMC,ELK1,ETS
2652,1,-0.23256464,-0.24097927,-1.0477087,-0.9854439675807953,SH3PXD2B,MEF,YY1,Zf
2529,0,-0.23256464,-0.24097927,-1.4922091,0.2336283540725708,ROR1,LMC,YY1,Zf
3174,1,-0.1281041,-0.1286468,1.6225072,-0.14184748411178588,UNC5D,MEF,USF2,bHLH
1346,1,-0.28139952,-0.1286468,-2.7170715,-2.3595340633392334,HMHA1,MEF,TCF12,bHLH
216,1,-0.45815486,-0.27375907,3.1296258,0.2471911919116974,ART3,MEF,MEF2A,MADS
2051,1,-0.31947148,-0.31947148,3.2610376,1.0581980395317077,NTRK2,MEF,NRF1,NRF
340,1,0.027779544,-0.26024023,-1.3618382,-0.8047401785850525,CACNA1G,MEF,BACH1,bZIP
3031,0,-0.41671586,-0.24097927,-1.2062052,0.6571799993515015,TMEM220,LMC,EGR1,Zf
52,1,-0.1281041,-0.1286468,-2.2828748,-2.234105862379074,ADAM5,MEF,USF2,bHLH
2893,0,-0.34920207,-0.3966394,1.5128429,0.9659787189960479,STRA6,LMC,ELF1,ETS
2698,1,-0.28139952,-0.1286468,2.9320288,0.516926155090332,SLC16A14,MEF,TCF12,bHLH
1706,1,-0.01744671,-0.24097927,1.2525445,1.0936379361152648,LRRC75B,MEF,CTCF,Zf
1198,1,-0.33201274,-0.26024023,-2.2619164,1.2831948232650756,GJC2,MEF,FOS,bZIP
2044,0,-0.25854215,-0.26616102,-4.0192366,2.7770891106128692,NSG1,LMC,E2F6,E2F
1198,1,-0.3548418,-0.24097927,-2.2619164,1.1175871527194976,GJC2,MEF,ZNF263,Zf
2676,1,-0.34369484,-0.46688727,-2.1078053,-1.2931352150440216,SKA1,MEF,PBX3,Homeobox
519,0,0.0047023874,-0.1286468,-1.145698,-1.0992674541473388,CENPQ,LMC,USF1,bHLH
1720,0,-0.34369484,-0.46688727,-2.1255505,-0.621823136806488,LTBP1,LMC,PBX3,Homeobox
1231,0,-0.23256464,-0.24097927,1.5254817,-0.5956226873397827,GPM6A,LMC,YY1,Zf
2586,1,0.0047023874,-0.1286468,1.4499005,-0.2367573845386505,SCN1B,MEF,USF1,bHLH
2024,1,-0.33134362,-0.24097927,-1.0663133,-0.9760211718082428,NPL,MEF,ZEB1,Zf
2026,0,-0.38727695,-0.26024023,-1.8103167,-0.8857506728172302,NPR3,LMC,MAFK,bZIP
614,0,-0.23256464,-0.24097927,1.6919479,-2.5174577474594115,COL22A1,LMC,YY1,Zf
1514,1,-0.18068624,-0.24097927,1.0657926,-0.31144303202629087,JAM2,MEF,MAZ,Zf
829,0,-0.31947148,-0.31947148,-1.1774735,-0.40640990138053895,DUT,LMC,NRF1,NRF
942,1,-0.11401458,-0.1286468,2.2301526,1.4745935130119323,EYA2,MEF,MAX,bHLH
3235,0,-0.2409758,-0.26024023,1.6618998,1.1577515780925751,WT1,LMC,MAFF,bZIP
1792,0,-0.70387286,-0.18341035,1.9537151,1.0953820896148683,MCOLN2,LMC,FOXM1,Forkhead
218,0,-0.3548418,-0.24097927,-1.3121011,-1.1921708631515502,ARTN,LMC,ZNF263,Zf
2448,0,-0.2409758,-0.26024023,2.2214782,1.177876545190811,RAPGEF5,LMC,MAFF,bZIP
3073,0,-0.12181938,-0.1286468,-1.4129364,0.9202113831043244,TNNT3,LMC,BHLHE40,bHLH
1073,0,-0.33201274,-0.26024023,-1.4607513,-1.157444804906845,FILIP1L,LMC,FOS,bZIP
538,1,-0.46353218,-0.19389851,-1.8271799,-0.36724911332130433,CHAF1B,MEF,STAT1,Stat
469,0,-0.31947148,-0.31947148,-1.0888088,-1.199459284543991,CDC42EP4,LMC,NRF1,NRF
847,0,-0.3548418,-0.24097927,-2.1283958,-0.6939716112613677,ECSCR,LMC,ZNF263,Zf
113,0,-0.38938692,-0.38938692,-1.9801419,0.2103882074356079,ALDH1L2,LMC,TCF3,HMG
207,0,-0.01744671,-0.24097927,1.4829313,0.8542985355854035,ARL4D,LMC,CTCF,Zf
2651,1,-0.18068624,-0.24097927,-1.0929486,-1.2457657945156098,SH3KBP1,MEF,MAZ,Zf
1959,1,-0.11401458,-0.1286468,2.1294718,0.8630501985549927,NDP,MEF,MAX,bHLH
353,0,-0.38727695,-0.26024023,-1.6253554,-0.8577647995948792,CALML4,LMC,MAFK,bZIP
276,0,-0.37391356,-0.26024023,-2.523097,-2.4698402917385103,BCAT1,LMC,ATF2,bZIP
108,1,0.6717984,-0.24097927,1.0786273,-0.4902049708366394,ALCAM,MEF,PRDM1,Zf
2949,0,-0.46353218,-0.19389851,1.3909388,0.4630104076862335,TCFL5,LMC,STAT1,Stat
1672,0,-0.045514207,-0.047810853,-2.157927,-0.7326028108596802,LMOD1,LMC,RFX5,HTH
1107,1,-0.31947148,-0.31947148,-2.770012,1.2375816452503203,FOXS1,MEF,NRF1,NRF
2853,1,-0.18553022,-0.24097927,-3.395386,-1.1662353599071502,SRGN,MEF,SP1,Zf
3052,0,0.027779544,-0.26024023,-2.1325834,-1.6644768869876863,TNC,LMC,BACH1,bZIP
2697,1,-0.24300791,-0.24097927,-1.4906707,0.46979494094848634,SLC16A13,MEF,GATA2,Zf
764,1,-0.22547291,-0.26616102,-2.7786102,-2.3473021113872528,DLGAP5,MEF,E2F4,E2F
1016,1,-0.020064104,-0.19389851,-1.8221961,-1.7301609134674072,FANCD2,MEF,STAT3,Stat
2243,1,-0.18068624,-0.24097927,-6.5264955,-4.504603221416473,PLD4,MEF,MAZ,Zf
170,1,-0.18553022,-0.24097927,2.2081058,0.3707780849933624,APOH,MEF,SP1,Zf
914,0,-0.8272477,-0.24097927,2.107524,1.2725559020042418,EPSTI1,LMC,BCL11A,Zf
1582,0,-0.01744671,-0.24097927,1.2021602,0.3762831258773804,KIF9,LMC,CTCF,Zf
2714,1,-0.01744671,-0.24097927,2.395665,0.8483355700969696,SLC25A21,MEF,CTCF,Zf
938,1,-0.25854215,-0.26616102,1.8957962,0.4986734092235565,EXOC3L2,MEF,E2F6,E2F
2975,0,-0.70387286,-0.18341035,-1.1033702,-0.19243873715400694,THBS1,LMC,FOXM1,Forkhead
2537,1,-0.020064104,-0.19389851,-1.8166342,1.4960467994213105,RPS6KA1,MEF,STAT3,Stat
2048,1,-0.18553022,-0.24097927,3.1048243,1.368452968597412,NT5E,MEF,SP1,Zf
3222,0,0.0047023874,-0.1286468,-3.2772489,-1.7481142497062683,WISP2,LMC,USF1,bHLH
68,1,-0.34920207,-0.3966394,-6.4535336,-4.661794834136963,ADAP2,MEF,ELF1,ETS
2972,1,0.0047023874,-0.1286468,-1.3267065,-0.5870888769626618,TGM2,MEF,USF1,bHLH
1695,1,-0.34369484,-0.46688727,-2.3293726,-0.8969531381130218,LRR1,MEF,PBX3,Homeobox
2944,0,-0.34920207,-0.3966394,2.129369,1.5887269270420075,TBXAS1,LMC,ELF1,ETS
891,1,-0.41671586,-0.24097927,5.217625,3.87198921918869,EN2,MEF,EGR1,Zf
1650,1,-0.17329708,-0.26024023,1.6897587,-0.3019244801998138,LHX4,MEF,JUND,bZIP
1159,1,-0.7640029,-0.42959467,1.4589138,0.20351022481918335,GBP5,MEF,IRF3,IRF
1791,1,-0.045514207,-0.047810853,-1.8528816,-1.9685459923744202,MCM6,MEF,RFX5,HTH
958,0,-0.38727695,-0.26024023,-1.0537031,-0.9313592207431793,FADS3,LMC,MAFK,bZIP
365,1,-0.22816904,-0.26024023,-4.5031996,-1.4601202940940856,CARD9,MEF,ATF3,bZIP
3049,1,0.027779544,-0.26024023,1.4090196,1.2284704947471619,TMOD1,MEF,BACH1,bZIP
763,0,-0.1281041,-0.1286468,2.4377005,0.5376294660568237,DLG2,LMC,USF2,bHLH
599,1,-0.01744671,-0.24097927,-3.5096624,-0.35101171016693117,CNR2,MEF,CTCF,Zf
2102,1,-0.34369484,-0.46688727,-3.7011466,0.3913069009780884,P2RY12,MEF,PBX3,Homeobox
2480,0,-0.17329708,-0.26024023,-1.1151221,-0.4292313539981842,RDH12,LMC,JUND,bZIP
56,1,-0.25096336,-0.26024023,-1.6096531,-1.5870741128921508,ADAMTS12,MEF,FOSL2,bZIP
174,1,-0.41671586,-0.24097927,-1.6604633,-1.7634199607372283,ARAP1,MEF,EGR1,Zf
1100,1,-0.41846725,-0.3966394,3.06513,0.21655202984809876,FOXL1,MEF,GABPA,ETS
562,1,-0.46353218,-0.19389851,-1.191863,-0.47553479552268985,CKAP2,MEF,STAT1,Stat
2249,1,-0.33134362,-0.24097927,1.1527126,-0.6607975125312805,PLEKHG1,MEF,ZEB1,Zf
2742,0,-0.33011255,-0.26024023,1.4623579,1.5150642132759093,SLC39A8,LMC,ATF1,bZIP
450,1,-0.23256464,-0.24097927,-6.2079844,-6.209377222061157,CD52,MEF,YY1,Zf
1881,1,-0.41846725,-0.3966394,1.0524545,-1.1770329511165618,MSI2,MEF,GABPA,ETS
997,0,-0.3548418,-0.24097927,-1.7532792,-0.8314640843868255,FAM43A,LMC,ZNF263,Zf
684,1,-0.2409758,-0.26024023,-1.4739813,-0.4396680212020874,CTSC,MEF,MAFF,bZIP
2719,1,-0.01744671,-0.24097927,4.7341638,0.6196464085578919,SLC26A7,MEF,CTCF,Zf
2155,0,-0.18553022,-0.24097927,-2.4770832,-0.8894502711296082,PCOLCE,LMC,SP1,Zf
1781,1,-0.3666467,-0.24097927,-1.9139942,-0.1271662414073944,MBP,MEF,GATA1,Zf
319,1,-0.28139952,-0.1286468,1.0997815,-0.6607782757282257,BTN2A2,MEF,TCF12,bHLH
2785,0,-0.24300791,-0.24097927,1.1666341,1.0346899223327637,SMYD1,LMC,GATA2,Zf
2563,1,-0.24300791,-0.24097927,-1.7429874,-0.2735065317153931,S1PR1,MEF,GATA2,Zf
2544,1,-0.22547291,-0.26616102,1.3099737,0.3067322480678558,RSPH1,MEF,E2F4,E2F
2260,1,-0.38754547,-0.3966394,-1.0602489,-0.6418759644031524,PLK3,MEF,ELK1,ETS
400,1,-0.3548418,-0.24097927,1.6903713,1.4357506549358368,CCDC68,MEF,ZNF263,Zf
1506,0,-0.22547291,-0.26616102,1.1775964,-0.3593486225605011,ITPR1,LMC,E2F4,E2F
613,0,-0.23256464,-0.24097927,-2.6248782,-2.5174577474594115,COL19A1,LMC,YY1,Zf
1901,1,-0.31947148,-0.31947148,1.1209321,-1.389158980846405,MYBL1,MEF,NRF1,NRF
1224,0,-0.17236876,-0.17236876,-2.2646875,0.27786642432212827,GP1BB,LMC,TEAD4,TEA
229,1,-0.38727695,-0.26024023,-2.8171737,-2.203692398071289,ASPM,MEF,MAFK,bZIP
3236,0,-0.045514207,-0.047810853,1.1457943,-0.5330882453918457,WWP1,LMC,RFX5,HTH
2229,1,-0.17329708,-0.26024023,-2.035852,-1.9238930010795594,PLA2G4C,MEF,JUND,bZIP
434,1,0.0047023874,-0.1286468,-7.7602086,-4.91412737250328,CD180,MEF,USF1,bHLH
492,0,-0.1281041,-0.1286468,-1.4240875,-1.0661699318885802,CDKL1,LMC,USF2,bHLH
175,0,-0.5097531,-0.26616102,1.1491375,1.0672807013988495,ARAP2,LMC,E2F1,E2F
969,1,-0.41846725,-0.3966394,1.2383089,0.08709176421165467,FAM131C,MEF,GABPA,ETS
2752,1,-0.24300791,-0.24097927,1.4064586,0.16873365879058838,SLC4A8,MEF,GATA2,Zf
1182,1,-0.34774294,-0.3966394,1.2894192,1.5458248043060303,GGCT,MEF,ETS1,ETS
2031,1,-0.2409758,-0.26024023,1.6603361,0.5562902593612671,NQO1,MEF,MAFF,bZIP
2468,0,0.6717984,-0.24097927,1.1551113,1.2047121322154999,RBKS,LMC,PRDM1,Zf
975,1,-0.045514207,-0.047810853,1.2401816,1.1041781878471375,FAM161B,MEF,RFX5,HTH
1473,1,-0.33011255,-0.26024023,-2.926151,-0.6753677296638488,IQGAP3,MEF,ATF1,bZIP
818,0,-0.37391356,-0.26024023,-1.4172463,-0.16481468677520753,DTL,LMC,ATF2,bZIP
2704,0,-0.8272477,-0.24097927,-1.4064982,-0.22312926054000853,SLC17A9,LMC,BCL11A,Zf
1278,1,-0.33134362,-0.24097927,1.4814821,1.7183210694789885,GRHL3,MEF,ZEB1,Zf
822,0,-0.17236876,-0.17236876,-2.0912359,-0.01963840961456299,DUOX1,LMC,TEAD4,TEA
3153,1,-0.06375064,-0.1286468,-1.2085487,-0.3246187198162079,TWIST2,MEF,MYOG,bHLH
1597,1,-0.25096336,-0.26024023,-3.375335,-1.1498623538017272,KLHL33,MEF,FOSL2,bZIP
1501,1,-0.01744671,-0.24097927,-1.452007,0.8325807428359986,ITGB7,MEF,CTCF,Zf
2177,0,-0.22547291,-0.26616102,-1.0390031,-1.3656755900382995,PDIA5,LMC,E2F4,E2F
1337,1,-0.31947148,-0.31947148,1.9967467,0.8767865741252899,HIST2H2AC,MEF,NRF1,NRF
630,1,-0.045514207,-0.047810853,-4.2288876,-0.2576667523384094,CORO1A,MEF,RFX5,HTH
194,0,-0.17329708,-0.26024023,-1.2682908,-0.033451043367385865,ARHGEF25,LMC,JUND,bZIP
730,0,-0.34369484,-0.46688727,-2.0661001,-1.2828298008441925,DCHS1,LMC,PBX3,Homeobox
998,0,-0.34369484,-0.46688727,-1.4954357,-1.135727812051773,FAM46B,LMC,PBX3,Homeobox
455,0,-0.33011255,-0.26024023,2.6942828,2.5109497463703154,CD69,LMC,ATF1,bZIP
3254,1,-0.25854215,-0.26616102,1.0000085,-0.06743536472320556,ZFP2,MEF,E2F6,E2F
2071,0,-0.58022815,-0.42959467,2.2531579,1.2882124090194702,OAS3,LMC,IRF4,IRF
3076,1,-0.13781479,-0.3966394,1.2808591,-0.11886039018630981,TOB1,MEF,ELK4,ETS
3011,0,-0.18553022,-0.24097927,-2.6684415,-1.487650157213211,TMEM121,LMC,SP1,Zf
1531,1,-0.41846725,-0.3966394,1.9358693,1.1687711131572724,KCNB1,MEF,GABPA,ETS
134,1,-0.12181938,-0.1286468,1.1654873,0.2910951662063599,ANGPTL6,MEF,BHLHE40,bHLH
3261,1,-0.12181938,-0.1286468,1.0759444,0.68763756275177,ZKSCAN4,MEF,BHLHE40,bHLH
2615,0,-0.1281041,-0.1286468,-1.4651343,-1.2635619568824767,SEMA6A,LMC,USF2,bHLH
3070,1,-0.38727695,-0.26024023,-1.1992819,-1.7697188305854796,TNNI3,MEF,MAFK,bZIP
2125,0,-0.70387286,-0.18341035,1.6744419,0.06420719027519226,PARP14,LMC,FOXM1,Forkhead
2979,1,-0.224798,-0.224798,-5.7015085,-1.2737559151649476,THEMIS2,MEF,EBF1,EBF
1697,0,-0.34920207,-0.3966394,-1.5333753,-0.4742523276805878,LRRC16A,LMC,ELF1,ETS
425,0,-0.38754547,-0.3966394,-2.5954335,-1.9911102640628815,CCNJL,LMC,ELK1,ETS
2797,1,-0.25854215,-0.26616102,1.207182,0.19303573846817015,SNX16,MEF,E2F6,E2F
3033,1,0.0047023874,-0.1286468,3.9812138,0.8578431630134582,TMEM229A,MEF,USF1,bHLH
460,1,-0.46353218,-0.19389851,-3.7349644,-3.582978949546814,CD83,MEF,STAT1,Stat
1794,0,-0.41671586,-0.24097927,1.9649539,0.5194763314723968,MCTP1,LMC,EGR1,Zf
2952,0,-0.1281041,-0.1286468,-1.498963,-0.4790493738651276,TEAD2,LMC,USF2,bHLH
2034,1,-0.46353218,-0.19389851,1.6902243,1.1236596941947936,NR3C2,MEF,STAT1,Stat
943,1,-0.38773212,-0.38773212,-1.1547381,0.4696432375907898,EYA4,MEF,PAX5,"Paired,Homeobox"
2070,1,-0.38773212,-0.38773212,-1.7459003,-0.0950690495967865,OAS2,MEF,PAX5,"Paired,Homeobox"
1412,1,-0.11401458,-0.1286468,1.1134324,-0.5142651534080506,IER3,MEF,MAX,bHLH
2764,1,-0.34369484,-0.46688727,-1.7172121,-0.5924896192550659,SLC9A9,MEF,PBX3,Homeobox
1221,1,-0.11401458,-0.1286468,1.7337681,2.5401419734954835,GORAB,MEF,MAX,bHLH
451,0,-0.38727695,-0.26024023,2.0789714,2.0831360924243927,CD53,LMC,MAFK,bZIP
2286,0,-0.34920207,-0.3966394,3.9140577,0.19138898134231566,PODXL,LMC,ELF1,ETS
3188,1,-0.46353218,-0.19389851,-1.032395,-0.7217279303073884,VASP,MEF,STAT1,Stat
2805,0,0.15241732,-0.18341035,-2.0964746,0.4214221179485321,SORBS2,LMC,FOXA1,Forkhead
951,0,-0.2409758,-0.26024023,-1.2212169,-0.9007183730602264,F3,LMC,MAFF,bZIP
706,1,-0.042086042,-0.24097927,1.1717257,0.9783405756950379,CXXC5,MEF,GATA3,Zf
2369,1,-0.29358298,-0.46688727,3.4115245,-0.22265458822250367,PTCHD2,MEF,NANOG,Homeobox
522,0,-0.3666467,-0.24097927,1.2640113,1.131499446630478,CENPV,LMC,GATA1,Zf
2047,1,-0.34774294,-0.3966394,-3.1861043,-1.1265408957004548,NT5DC2,MEF,ETS1,ETS
2450,0,-0.38754547,-0.3966394,-1.0523133,-0.6306618225574493,RARG,LMC,ELK1,ETS
458,0,-0.12181938,-0.1286468,-1.5789324,0.31816179275512696,CD80,LMC,BHLHE40,bHLH
1119,0,-0.25854215,-0.26616102,-1.5699158,-1.6275073730945586,FST,LMC,E2F6,E2F
1773,1,-0.40379766,-0.24097927,-1.0550821,-0.4172957718372345,MAST1,MEF,ZKSCAN1,Zf
3187,0,-0.37391356,-0.26024023,-1.3416171,-0.3957236862182617,VASH2,LMC,ATF2,bZIP
3239,1,-0.22816904,-0.26024023,9.86263,5.19588317155838,XIST,MEF,ATF3,bZIP
2041,1,-0.24300791,-0.24097927,-3.8660052,0.3409894108772278,NRROS,MEF,GATA2,Zf
1345,0,-0.06375064,-0.1286468,1.8553451,0.35825746297836303,HMGCS2,LMC,MYOG,bHLH
477,1,-0.28139952,-0.1286468,-1.4396812,-1.4550849854946137,CDCA7L,MEF,TCF12,bHLH
329,0,-0.29358298,-0.46688727,-2.2898922,-0.0950531804561615,C1QTNF6,LMC,NANOG,Homeobox
2959,0,-0.17236876,-0.17236876,-1.0561966,-0.9145395565032959,TEX14,LMC,TEAD4,TEA
15,0,-0.3666467,-0.24097927,1.1249897,0.9142816841602326,ABHD12,LMC,GATA1,Zf
2585,0,-0.2409758,-0.26024023,-1.5338558,-2.218652390241623,SCN1A,LMC,MAFF,bZIP
786,0,-0.37391356,-0.26024023,2.1619072,0.6616683769226074,DNAJC6,LMC,ATF2,bZIP
1,1,-0.18068624,-0.24097927,1.1740319,0.9798877274990082,A4GALT,MEF,MAZ,Zf
161,0,-0.34369484,-0.46688727,-1.0569676,-0.12010792136192322,APH1B,LMC,PBX3,Homeobox
830,0,-0.23256464,-0.24097927,1.5526856,-0.17887152910232543,DYNC1I1,LMC,YY1,Zf
921,1,-0.33201274,-0.26024023,-2.3991766,-1.060511176586151,ESCO2,MEF,FOS,bZIP
3253,1,-0.65736616,-0.46688727,-1.6620153,-1.7321487331390382,ZDHHC2,MEF,CUX1,Homeobox
2664,0,-0.1281041,-0.1286468,3.2625585,0.0075930595397949215,SHISA7,LMC,USF2,bHLH
1268,0,-0.28139952,-0.1286468,-1.1667958,-0.16031362414360045,GPSM1,LMC,TCF12,bHLH
746,1,-0.38773212,-0.38773212,-1.6103755,-1.4979813885688782,DENND2D,MEF,PAX5,"Paired,Homeobox"
945,0,-0.17236876,-0.17236876,1.6291311,1.0278462266921997,EZR,LMC,TEAD4,TEA
2911,1,-0.12181938,-0.1286468,-2.18065,0.28242868900299073,SYNE2,MEF,BHLHE40,bHLH
3052,0,-0.29358298,-0.46688727,-2.1325834,-0.9625662040710449,TNC,LMC,NANOG,Homeobox
3041,1,-0.18068624,-0.24097927,1.5891165,1.0298476421833038,TMEM45A,MEF,MAZ,Zf
1367,1,-0.22547291,-0.26616102,-1.3101642,-1.3386401617527008,HOXB5,MEF,E2F4,E2F
1148,1,-0.12181938,-0.1286468,-1.3670365,0.03147267937660217,GAREML,MEF,BHLHE40,bHLH
2024,1,-0.18553022,-0.24097927,-1.0663133,-1.1115154457092284,NPL,MEF,SP1,Zf
3240,1,-0.12181938,-0.1286468,2.287634,1.6164289736747741,XKR4,MEF,BHLHE40,bHLH
940,0,-0.11401458,-0.1286468,-1.0492839,-0.8890575623512268,EXT1,LMC,MAX,bHLH
2286,0,0.0047023874,-0.1286468,3.9140577,0.7053461194038391,PODXL,LMC,USF1,bHLH
2735,0,-0.020064104,-0.19389851,2.2267754,1.5348318803310395,SLC35F3,LMC,STAT3,Stat
30,1,-0.22547291,-0.26616102,-1.6896966,-1.6422915053367615,ACOT4,MEF,E2F4,E2F
291,1,-0.045514207,-0.047810853,1.8680252,1.6654097092151643,BHLHA15,MEF,RFX5,HTH
2276,1,-0.46353218,-0.19389851,1.0654397,-0.6475600361824035,PMAIP1,MEF,STAT1,Stat
2791,0,-0.33201274,-0.26024023,-2.931855,0.680458379983902,SNED1,LMC,FOS,bZIP
2386,1,-0.25096336,-0.26024023,-5.8584,-4.734204236268997,PTPN6,MEF,FOSL2,bZIP
382,1,-0.020064104,-0.19389851,1.5888566,1.3062844753265381,CCDC113,MEF,STAT3,Stat
206,0,-0.11401458,-0.1286468,1.0346465,1.179046881198883,ARL4C,LMC,MAX,bHLH
2088,1,-0.23256464,-0.24097927,-1.8919541,0.37236067056655886,OPN3,MEF,YY1,Zf
472,1,-0.25854215,-0.26616102,-1.1619854,-1.1796485424041747,CDC7,MEF,E2F6,E2F
2533,0,-0.40379766,-0.24097927,1.3545946,0.9257981956005097,RPP25,LMC,ZKSCAN1,Zf
2376,1,0.027779544,-0.26024023,-2.6624255,-0.9920181238651276,PTGIS,MEF,BACH1,bZIP
1966,1,-0.23256464,-0.24097927,2.5947185,0.23592485785484313,NEBL,MEF,YY1,Zf
3049,0,-0.38727695,-0.26024023,1.3371425,1.0943461167812347,TMOD1,LMC,MAFK,bZIP
2411,1,-0.32353044,-0.32353044,3.974242,0.9158796262741089,RAB17,MEF,HNF4A,NR
556,1,-0.18068624,-0.24097927,-1.3128588,-0.4987472116947174,CHSY3,MEF,MAZ,Zf
426,1,-0.17329708,-0.26024023,1.3570372,1.2484244179725648,CCNO,MEF,JUND,bZIP
512,0,0.15241732,-0.18341035,-2.2418776,-2.061798486709595,CENPF,LMC,FOXA1,Forkhead
1908,1,-0.17236876,-0.17236876,2.8399744,0.3113657987117767,MYH14,MEF,TEAD4,TEA
1397,1,-0.40379766,-0.24097927,-1.1688805,-0.21503987669944763,HSPA12B,MEF,ZKSCAN1,Zf
2817,0,-0.18553022,-0.24097927,1.6528256,1.049438270330429,SP140,LMC,SP1,Zf
3060,1,-0.33134362,-0.24097927,-1.6824514,-1.326923472881317,TNFRSF14,MEF,ZEB1,Zf
2027,1,-0.41671586,-0.24097927,-2.0476608,0.044334908723831175,NPTX1,MEF,EGR1,Zf
2045,0,-0.12181938,-0.1286468,3.818627,2.039523038864136,NT5C1A,LMC,BHLHE40,bHLH
2336,0,-0.38727695,-0.26024023,-1.5326129,0.7205541181564331,PRKCG,LMC,MAFK,bZIP
3031,0,-0.224798,-0.224798,-1.2062052,-0.6647338938713073,TMEM220,LMC,EBF1,EBF
645,1,-0.28139952,-0.1286468,2.2899835,1.0977479016780853,CRABP2,MEF,TCF12,bHLH
599,1,-0.22816904,-0.26024023,-3.5096624,-0.2825956439971924,CNR2,MEF,ATF3,bZIP
2582,1,-0.25854215,-0.26616102,1.2089567,1.8033683490753174,SCIN,MEF,E2F6,E2F
1631,0,-0.46353218,-0.19389851,1.8876575,0.8087462913990021,LCP1,LMC,STAT1,Stat
864,1,-0.31947148,-0.31947148,1.3383828,0.6039441788196563,EFNA5,MEF,NRF1,NRF
1379,0,0.027779544,-0.26024023,2.16951,2.5487972128391267,HOXD4,LMC,BACH1,bZIP
2126,0,-0.33134362,-0.24097927,-1.9749895,-1.750558420419693,PARPBP,LMC,ZEB1,Zf
449,1,-0.33011255,-0.26024023,-8.109968,-7.735100369453431,CD48,MEF,ATF1,bZIP
1130,1,-0.224798,-0.224798,1.3716244,1.0812165355682373,FZD9,MEF,EBF1,EBF
3224,0,-0.11401458,-0.1286468,-1.272309,-2.3488714039325713,WNK4,LMC,MAX,bHLH
2139,0,-0.020064104,-0.19389851,-1.6610888,-1.545080542564392,PCDH20,LMC,STAT3,Stat
2535,1,-0.41846725,-0.3966394,-4.825739,1.1019767570495604,RPS16,MEF,GABPA,ETS
60,0,-0.11401458,-0.1286468,1.7193685,-0.9927677953243256,ADAMTS20,LMC,MAX,bHLH
673,0,-0.46353218,-0.19389851,-2.225754,-1.7624949681758881,CSRP2,LMC,STAT1,Stat
2716,1,-0.12181938,-0.1286468,-1.5039499,-0.7052056002616882,SLC25A45,MEF,BHLHE40,bHLH
1065,0,-0.06375064,-0.1286468,-1.1106673,-1.0867167532444,FHL2,LMC,MYOG,bHLH
2858,1,0.0047023874,-0.1286468,1.8558211,-1.8601115155220032,SSTR2,MEF,USF1,bHLH
558,0,-0.22547291,-0.26616102,-1.1850271,-1.2108265006542205,CIB2,LMC,E2F4,E2F
3088,1,-0.33011255,-0.26024023,-1.1942955,-0.6690129637718201,TPX2,MEF,ATF1,bZIP
3114,1,-0.18553022,-0.24097927,-3.242694,-1.8838453471660614,TROAP,MEF,SP1,Zf
2234,1,-0.38727695,-0.26024023,4.1999607,-1.8985381853580474,PLAGL1,MEF,MAFK,bZIP
944,0,-0.33201274,-0.26024023,-1.0075725,-0.8158677589893341,EZH2,LMC,FOS,bZIP
1468,1,-0.020064104,-0.19389851,3.66333,1.9774134647846222,INSC,MEF,STAT3,Stat
234,1,-0.2409758,-0.26024023,-2.7479153,-2.3928227651119234,ATF7IP2,MEF,MAFF,bZIP
2127,0,-0.045514207,-0.047810853,-1.0090586,-0.9691811287403107,PARVA,LMC,RFX5,HTH
2815,0,-0.41671586,-0.24097927,1.3722122,0.9304823327064514,SP100,LMC,EGR1,Zf
2683,1,-0.020064104,-0.19389851,-1.551183,-1.8990820670127868,SLC10A6,MEF,STAT3,Stat
1412,1,-0.25854215,-0.26616102,1.1134324,0.9151441264152527,IER3,MEF,E2F6,E2F
389,1,0.15241732,-0.18341035,2.016568,1.3163329899311065,CCDC153,MEF,FOXA1,Forkhead
3073,0,-0.34920207,-0.3966394,-1.4129364,-0.23425861835479736,TNNT3,LMC,ELF1,ETS
1369,1,-0.70387286,-0.18341035,-1.037935,-1.1411467611789703,HOXB7,MEF,FOXM1,Forkhead
2133,1,-0.3548418,-0.24097927,-2.607935,-0.9161915111541749,PBK,MEF,ZNF263,Zf
1288,1,-0.224798,-0.224798,3.1655743,1.4780658638477326,GRM4,MEF,EBF1,EBF
1982,0,-0.32353044,-0.32353044,1.525791,1.7572542762756347,NFATC2,LMC,HNF4A,NR
2901,1,-0.17236876,-0.17236876,-5.1530013,-1.4398488044738769,SUSD3,MEF,TEAD4,TEA
2121,1,-0.13781479,-0.3966394,-1.2023399,-0.5318906140327454,PAQR4,MEF,ELK4,ETS
452,1,-0.33201274,-0.26024023,1.1053462,0.9485971307754517,CD55,MEF,FOS,bZIP
2518,0,0.6717984,-0.24097927,1.1219213,0.8370601534843445,RNF144B,LMC,PRDM1,Zf
2062,1,-0.24300791,-0.24097927,1.6376249,0.554064781665802,NWD1,MEF,GATA2,Zf
2152,1,-0.020064104,-0.19389851,-2.3267388,-2.0025658190250395,PCK1,MEF,STAT3,Stat
1718,0,-0.01744671,-0.24097927,1.4920015,-0.5193649208545685,LSR,LMC,CTCF,Zf
2121,1,-0.18553022,-0.24097927,-1.2023399,0.24151931285858155,PAQR4,MEF,SP1,Zf
523,1,-0.18553022,-0.24097927,-1.0277461,-1.0391040444374084,CENPW,MEF,SP1,Zf
1900,0,-0.65736616,-0.46688727,-2.8135483,-0.9395942413806915,MXD3,LMC,CUX1,Homeobox
2603,1,-0.65736616,-0.46688727,1.0266249,-1.0562474453449249,SEC61G,MEF,CUX1,Homeobox
1397,1,-0.11401458,-0.1286468,-1.1688805,-0.2399461805820465,HSPA12B,MEF,MAX,bHLH
473,0,-0.34920207,-0.3966394,-1.7247705,-1.6162273824214934,CDCA2,LMC,ELF1,ETS
75,0,-0.11401458,-0.1286468,2.4411094,-0.5276104295253754,ADGB,LMC,MAX,bHLH
2641,1,-0.22816904,-0.26024023,-1.5156106,-1.0356256592273712,SGOL2,MEF,ATF3,bZIP
742,1,-0.34774294,-0.3966394,-8.873084,-5.570200221538544,DDX3Y,MEF,ETS1,ETS
1460,0,0.0047023874,-0.1286468,1.1438459,-0.053327298164367674,ILDR2,LMC,USF1,bHLH
1672,0,-0.020064104,-0.19389851,-2.157927,-0.8961185669898987,LMOD1,LMC,STAT3,Stat
1348,0,-0.06375064,-0.1286468,1.6180838,0.31561500549316407,HMOX1,LMC,MYOG,bHLH
1758,0,-0.34920207,-0.3966394,-2.5701847,-1.8042794454097748,MAP2,LMC,ELF1,ETS
2262,1,-0.23256464,-0.24097927,1.3611525,0.3715639615058899,PLLP,MEF,YY1,Zf
308,1,-0.01744671,-0.24097927,1.4442719,-0.7336033964157105,BPGM,MEF,CTCF,Zf
1057,1,-0.17329708,-0.26024023,1.781064,1.2529090857505798,FGF9,MEF,JUND,bZIP
245,1,-0.31947148,-0.31947148,1.8436075,-0.13256407260894776,ATP6V0E2,MEF,NRF1,NRF
3172,0,-0.06375064,-0.1286468,2.0868678,1.8303261053562165,UNC45B,LMC,MYOG,bHLH
353,0,-0.28139952,-0.1286468,-1.6253554,0.19742322444915772,CALML4,LMC,TCF12,bHLH
2412,1,0.0047023874,-0.1286468,-2.1315699,-0.1458726406097412,RAB19,MEF,USF1,bHLH
665,0,-0.3666467,-0.24097927,1.8592032,1.6837145578861237,CSF2RB,LMC,GATA1,Zf
581,1,-0.045514207,-0.047810853,-2.508261,-1.3192374396324158,CLMP,MEF,RFX5,HTH
1333,1,0.15241732,-0.18341035,2.048753,1.5479578065872193,HID1,MEF,FOXA1,Forkhead
2277,1,-0.25096336,-0.26024023,-1.672663,-1.0899385607242584,PMF1,MEF,FOSL2,bZIP
3055,1,-0.18068624,-0.24097927,-2.0917385,-0.6511123645305633,TNFAIP8L1,MEF,MAZ,Zf
3187,1,-0.28139952,-0.1286468,-1.1646138,-1.506922221183777,VASH2,MEF,TCF12,bHLH
3111,1,-0.38773212,-0.38773212,-2.1616786,-1.2974950563907623,TRIP13,MEF,PAX5,"Paired,Homeobox"
1725,0,-0.25854215,-0.26616102,-1.1906093,-0.17174976468086242,LURAP1L,LMC,E2F6,E2F
511,0,-0.38727695,-0.26024023,-2.0281026,-1.9918918871879578,CENPE,LMC,MAFK,bZIP
27,1,-0.34920207,-0.3966394,2.1844993,0.8364164507389069,ACKR3,MEF,ELF1,ETS
2886,1,-0.045514207,-0.047810853,1.354127,1.5315677726268768,STK38L,MEF,RFX5,HTH
906,0,-0.17236876,-0.17236876,-1.4759874,-1.1164003252983092,EPHA4,LMC,TEAD4,TEA
2463,1,-0.41846725,-0.3966394,-2.8689058,-1.0652943325042725,RASSF4,MEF,GABPA,ETS
1256,1,-0.38727695,-0.26024023,5.22777,1.751277459859848,GPR37,MEF,MAFK,bZIP
514,0,-0.01744671,-0.24097927,-1.4865025,-1.4387722313404083,CENPI,LMC,CTCF,Zf
674,0,-0.34369484,-0.46688727,3.1731966,0.4915736830234528,CSRP3,LMC,PBX3,Homeobox
966,1,-0.18553022,-0.24097927,-2.1287313,-1.9009644317626953,FAM111A,MEF,SP1,Zf
3069,0,-0.38727695,-0.26024023,3.123341,1.50389906167984,TNNI2,LMC,MAFK,bZIP
17,0,-0.17329708,-0.26024023,1.7177593,1.6088730263710023,ABI3,LMC,JUND,bZIP
2405,1,-0.34774294,-0.3966394,-2.6731308,-1.2780494034290313,PYHIN1,MEF,ETS1,ETS
2979,1,-0.01744671,-0.24097927,-5.7015085,-2.069187079668045,THEMIS2,MEF,CTCF,Zf
1676,1,-0.34920207,-0.3966394,1.6410619,-0.6989294123649598,LONRF2,MEF,ELF1,ETS
278,1,-0.06375064,-0.1286468,1.0059072,0.7068954694271088,BCL11A,MEF,MYOG,bHLH
348,0,-0.23256464,-0.24097927,-1.4145359,0.39258073329925536,CACNG7,LMC,YY1,Zf
2324,1,-0.17236876,-0.17236876,-1.0814621,-1.3553240871429444,PRCP,MEF,TEAD4,TEA
1573,1,-0.13781479,-0.3966394,-1.7123749,-1.2496780931949616,KIF22,MEF,ELK4,ETS
502,0,-0.045514207,-0.047810853,1.9597286,1.9248671114444733,CEACAM1,LMC,RFX5,HTH
715,1,-0.22816904,-0.26024023,1.4558525,1.2573590934276582,CYP1B1,MEF,ATF3,bZIP
3214,1,-0.46353218,-0.19389851,1.0921217,-0.014863085746765137,WDR35,MEF,STAT1,Stat
866,1,-0.020064104,-0.19389851,1.0985993,0.3950787818431854,EGF,MEF,STAT3,Stat
1016,0,-0.18068624,-0.24097927,-1.282396,-1.2044815278053285,FANCD2,LMC,MAZ,Zf
1244,1,-0.25854215,-0.26616102,-2.028512,-1.8409726333618164,GPR155,MEF,E2F6,E2F
540,0,-0.41671586,-0.24097927,-1.2108208,-0.5627796030044556,CHD3,LMC,EGR1,Zf
939,1,-0.65736616,-0.46688727,1.7114613,0.413482084274292,EXPH5,MEF,CUX1,Homeobox
3199,1,-0.29358298,-0.46688727,1.1633813,0.7318833124637604,VKORC1,MEF,NANOG,Homeobox
1873,1,-0.042086042,-0.24097927,1.9898062,0.07875751256942749,MREG,MEF,GATA3,Zf
2508,0,-0.34920207,-0.3966394,1.9511803,1.4738671875,RIMS3,LMC,ELF1,ETS
863,1,-0.11401458,-0.1286468,-1.6301057,0.030892537832260134,EFNA2,MEF,MAX,bHLH
2174,0,-0.41671586,-0.24097927,-1.1295204,-0.35799638628959657,PDGFD,LMC,EGR1,Zf
314,1,-0.1281041,-0.1286468,1.1089758,-0.3512282466888428,BTBD11,MEF,USF2,bHLH
30,1,-0.3666467,-0.24097927,-1.6896966,-1.1682491779327393,ACOT4,MEF,GATA1,Zf
302,1,-0.25096336,-0.26024023,1.3278615,1.0188883066177368,BMP8A,MEF,FOSL2,bZIP
1082,1,-0.31947148,-0.31947148,1.0468322,0.8844781136512756,FMNL2,MEF,NRF1,NRF
2247,0,-0.042086042,-0.24097927,1.8848258,1.5313243520259858,PLEKHA6,LMC,GATA3,Zf
2335,0,-0.25854215,-0.26616102,2.8110442,0.5172276413440704,PRKCB,LMC,E2F6,E2F
563,1,-0.41846725,-0.3966394,-3.2723203,-0.9250219404697418,CKAP2L,MEF,GABPA,ETS
646,0,-0.34920207,-0.3966394,1.443731,1.8870268428325654,CRB2,LMC,ELF1,ETS
1943,1,-0.34920207,-0.3966394,-1.5031216,-1.7494086837768554,NBEAL2,MEF,ELF1,ETS
3086,1,-0.34774294,-0.3966394,-1.1917357,-0.7988900828361511,TPM4,MEF,ETS1,ETS
1003,1,-0.34774294,-0.3966394,-3.493651,-2.7740571236610414,FAM64A,MEF,ETS1,ETS
1692,1,-0.224798,-0.224798,-1.0737952,-0.7919621598720551,LRIG1,MEF,EBF1,EBF
1760,0,-0.70387286,-0.18341035,1.0684023,0.4047601854801178,MAP3K1,LMC,FOXM1,Forkhead
2030,0,-0.38754547,-0.3966394,-1.7574401,-1.2094569635391235,NPY1R,LMC,ELK1,ETS
1350,0,-0.01744671,-0.24097927,1.3456764,1.2456361317634583,HNMT,LMC,CTCF,Zf
690,0,-0.042086042,-0.24097927,1.260351,1.243183478116989,CTSO,LMC,GATA3,Zf
2369,1,-0.34920207,-0.3966394,3.4115245,-0.0881337821483612,PTCHD2,MEF,ELF1,ETS
1535,1,-0.33011255,-0.26024023,-1.9583334,-0.18310953617095949,KCND1,MEF,ATF1,bZIP
3009,1,-0.1281041,-0.1286468,1.357033,0.6918417608737946,TMEM117,MEF,USF2,bHLH
721,1,-0.33201274,-0.26024023,-7.29457,-3.279026583433151,CYTH4,MEF,FOS,bZIP
2850,1,-0.65736616,-0.46688727,1.1574836,-2.5478461265563963,SQRDL,MEF,CUX1,Homeobox
1509,1,-0.020064104,-0.19389851,-1.4488107,0.8264589381217956,JADE1,MEF,STAT3,Stat
432,1,-0.020064104,-0.19389851,-1.9549283,-1.7306635427474975,CD14,MEF,STAT3,Stat
1885,0,-0.23256464,-0.24097927,1.5789908,1.3450245428085328,MST1R,LMC,YY1,Zf
3077,0,0.027779544,-0.26024023,-1.5086727,-0.9055030715465545,TOM1L1,LMC,BACH1,bZIP
3077,0,-0.26226777,-0.42959467,-1.5086727,-0.9907560074329376,TOM1L1,LMC,IRF1,IRF
314,1,0.027779544,-0.26024023,1.1089758,-1.0293800234794617,BTBD11,MEF,BACH1,bZIP
956,1,-0.020064104,-0.19389851,-1.3874118,-0.6709266805648804,FABP5,MEF,STAT3,Stat
1957,1,-0.2409758,-0.26024023,-2.6176684,-1.3743163800239564,NDC80,MEF,MAFF,bZIP
2536,1,-0.25096336,-0.26024023,4.0988145,1.1374515867233277,RPS27,MEF,FOSL2,bZIP
2882,0,-0.38754547,-0.3966394,1.3777498,-0.6118238747119904,STK10,LMC,ELK1,ETS
948,1,-0.33201274,-0.26024023,-1.2887987,0.758095474243164,F2R,MEF,FOS,bZIP
2379,1,-0.224798,-0.224798,-1.1953413,-1.3340584075450896,PTMS,MEF,EBF1,EBF
3137,1,-0.33201274,-0.26024023,-2.5206616,-0.9449647235870361,TTK,MEF,FOS,bZIP
631,1,-0.65736616,-0.46688727,-1.0453374,-0.9997410237789154,CORO1C,MEF,CUX1,Homeobox
2088,1,-0.29358298,-0.46688727,-1.8919541,0.0626128089427948,OPN3,MEF,NANOG,Homeobox
510,1,-0.18553022,-0.24097927,-3.0437114,-3.0411710500717164,CENPA,MEF,SP1,Zf
248,1,-0.12181938,-0.1286468,-1.9387476,-0.5622512710094452,ATP8B4,MEF,BHLHE40,bHLH
1078,1,-0.28139952,-0.1286468,1.7946676,1.7021240770816803,FLRT3,MEF,TCF12,bHLH
1761,1,0.0047023874,-0.1286468,-1.7810698,-0.455618782043457,MAP3K7CL,MEF,USF1,bHLH
1352,1,-0.37391356,-0.26024023,2.3140514,-0.18923642635345458,HOMER2,MEF,ATF2,bZIP
2566,1,-0.41671586,-0.24097927,2.5442002,-0.5043717193603515,S1PR5,MEF,EGR1,Zf
2645,1,-0.31947148,-0.31947148,-1.7524849,-0.6578739404678344,SH2D4B,MEF,NRF1,NRF
1019,1,-0.70387286,-0.18341035,1.5855696,-1.7969600975513458,FAS,MEF,FOXM1,Forkhead
720,0,-0.41671586,-0.24097927,1.1883768,1.2806783878803254,CYSTM1,LMC,EGR1,Zf
3127,1,-0.18553022,-0.24097927,-1.2504169,0.5755164980888366,TSPAN14,MEF,SP1,Zf
2730,1,-0.18068624,-0.24097927,1.1102816,0.903007402420044,SLC30A4,MEF,MAZ,Zf
2251,0,-0.41671586,-0.24097927,-2.0370564,0.8734331059455872,PLEKHG4,LMC,EGR1,Zf
911,1,0.15241732,-0.18341035,1.4092617,1.3318476903438567,EPN3,MEF,FOXA1,Forkhead
91,0,-0.5710992,-0.24097927,-1.0685996,0.28884836196899416,AGPAT9,LMC,ZBTB33,Zf
2533,0,-0.38727695,-0.26024023,1.3545946,0.5179813265800476,RPP25,LMC,MAFK,bZIP
689,1,-0.18553022,-0.24097927,1.1793175,0.41020290851593016,CTSL,MEF,SP1,Zf
2193,0,-0.06375064,-0.1286468,-2.3282619,0.3392460751533508,PFKL,LMC,MYOG,bHLH
358,1,0.027779544,-0.26024023,1.2216636,0.6757492530345917,CAMK4,MEF,BACH1,bZIP
2497,1,-0.29358298,-0.46688727,2.7098773,-0.007853055000305175,RGS6,MEF,NANOG,Homeobox
2886,1,-0.38727695,-0.26024023,1.354127,-1.504557454586029,STK38L,MEF,MAFK,bZIP
1840,1,-0.12181938,-0.1286468,-1.8278335,-0.37475489735603335,MMD,MEF,BHLHE40,bHLH
2715,1,-0.28139952,-0.1286468,1.1691884,0.5485320901870727,SLC25A35,MEF,TCF12,bHLH
1826,0,-0.40379766,-0.24097927,1.3738055,1.3639471983909608,MGST2,LMC,ZKSCAN1,Zf
406,1,-0.045514207,-0.047810853,-1.2927687,-0.8377570676803588,CCDC88C,MEF,RFX5,HTH
1351,1,-0.042086042,-0.24097927,-1.1651042,-0.033293488025665285,HOGA1,MEF,GATA3,Zf
2877,0,-0.042086042,-0.24097927,-2.5273478,-0.37134328842163083,STC1,LMC,GATA3,Zf
326,1,-0.26226777,-0.42959467,-8.854431,-5.398262087106705,C1QC,MEF,IRF1,IRF
264,0,0.15241732,-0.18341035,1.459374,0.4380965960025787,B4GALT5,LMC,FOXA1,Forkhead
1581,0,-0.22816904,-0.26024023,-1.2401961,1.0017132842540741,KIF7,LMC,ATF3,bZIP
1016,0,-0.38773212,-0.38773212,-1.282396,-1.1170936334133148,FANCD2,LMC,PAX5,"Paired,Homeobox"
1804,1,-0.6753632,-0.24097927,1.6576555,-0.16922586798667907,MEGF9,MEF,SP2,Zf
41,1,-0.70387286,-0.18341035,-1.2971035,-1.3539690887928009,ACTN3,MEF,FOXM1,Forkhead
493,1,-0.3666467,-0.24097927,2.4994574,1.688454121351242,CDKL4,MEF,GATA1,Zf
988,1,-0.18068624,-0.24097927,1.5712413,1.4448387956619262,FAM19A3,MEF,MAZ,Zf
1686,0,-0.224798,-0.224798,-1.2792101,-0.9980958545207977,LPP,LMC,EBF1,EBF
3166,1,-1.3901731,-0.3966394,2.1184819,-0.9477088010311127,UGP2,MEF,FLI1,ETS
674,0,-0.18553022,-0.24097927,3.1731966,-0.03823270201683045,CSRP3,LMC,SP1,Zf
2167,1,-0.37391356,-0.26024023,-1.033388,-0.33579549908638,PDE4A,MEF,ATF2,bZIP
583,1,-0.46353218,-0.19389851,-2.540675,-0.5723949718475342,CLSPN,MEF,STAT1,Stat
1651,1,-0.29358298,-0.46688727,-2.2812388,0.7073743188381195,LHX6,MEF,NANOG,Homeobox
1398,1,-0.13781479,-0.3966394,1.0845106,-0.4813303327560425,HSPA4L,MEF,ELK4,ETS
1826,0,-0.08447774,-0.18341035,1.3738055,1.1622874879837035,MGST2,LMC,FOXA2,Forkhead
3047,0,-0.28139952,-0.1286468,-1.7841698,0.8584005880355835,TMEM74,LMC,TCF12,bHLH
2184,1,-0.1281041,-0.1286468,-1.4150923,-0.09371760725975037,PDZRN3,MEF,USF2,bHLH
2251,1,-0.224798,-0.224798,-3.0162134,-1.6670371305942535,PLEKHG4,MEF,EBF1,EBF
430,1,-0.17329708,-0.26024023,-1.3414109,-1.7929037773609162,CCR5,MEF,JUND,bZIP
370,0,-0.3666467,-0.24097927,1.419143,1.1850825822353364,CASP4,LMC,GATA1,Zf
528,0,-0.38727695,-0.26024023,1.2754617,1.2988160979747772,CERK,LMC,MAFK,bZIP
461,1,-0.65736616,-0.46688727,-5.4304256,-4.654583287239075,CD84,MEF,CUX1,Homeobox
634,1,-0.33201274,-0.26024023,1.7670674,-0.2202117383480072,COX6A2,MEF,FOS,bZIP
2736,0,-0.28139952,-0.1286468,1.4153332,1.293468518257141,SLC35G1,LMC,TCF12,bHLH
3118,1,-0.22547291,-0.26616102,1.308769,0.7303584885597229,TRPS1,MEF,E2F4,E2F
923,1,-0.34369484,-0.46688727,-3.2897458,-2.0139398944377898,ESPL1,MEF,PBX3,Homeobox
1532,1,-0.25854215,-0.26616102,-1.939187,-0.025427483320236206,KCNB2,MEF,E2F6,E2F
1520,1,-0.25096336,-0.26024023,1.2568082,0.475808709859848,KAZALD1,MEF,FOSL2,bZIP
167,0,-0.23256464,-0.24097927,3.023793,2.3768211114406586,APOC2,LMC,YY1,Zf
1147,1,-0.31947148,-0.31947148,-1.067214,-0.8677978944778443,GAPDH,MEF,NRF1,NRF
1447,1,-0.65736616,-0.46688727,1.070328,-1.1888176703453064,IL1A,MEF,CUX1,Homeobox
1857,0,-0.18068624,-0.24097927,-1.5685387,-1.1518207609653472,MN1,LMC,MAZ,Zf
2721,1,-0.41671586,-0.24097927,-2.3209023,0.5313597726821899,SLC27A6,MEF,EGR1,Zf
555,0,-0.38773212,-0.38773212,-1.8240892,-1.615717271566391,CHST7,LMC,PAX5,"Paired,Homeobox"
2075,1,-0.40379766,-0.24097927,2.4606242,-0.43045454859733584,ODF3L1,MEF,ZKSCAN1,Zf
1978,0,-0.22816904,-0.26024023,1.1023682,0.8070247936248779,NEURL3,LMC,ATF3,bZIP
365,1,-0.38754547,-0.3966394,-4.5031996,-1.4103302812576295,CARD9,MEF,ELK1,ETS
2592,1,-0.34774294,-0.3966394,-1.4963193,-0.6563133513927459,SCRT1,MEF,ETS1,ETS
1751,1,-0.3666467,-0.24097927,-1.6200752,-0.10902369141578674,MAN1C1,MEF,GATA1,Zf
1235,0,-0.3548418,-0.24097927,-1.1962503,-0.4474360692501068,GPR116,LMC,ZNF263,Zf
227,1,-0.01744671,-0.24097927,1.2970152,-0.09629781126976013,ASIC1,MEF,CTCF,Zf
475,1,-0.3548418,-0.24097927,-1.4936433,-1.4929112362861634,CDCA5,MEF,ZNF263,Zf
534,0,-0.224798,-0.224798,-1.9663967,-1.2152134549617768,CGNL1,LMC,EBF1,EBF
3116,1,-0.3666467,-0.24097927,1.5480536,-0.7976001274585723,TRPC6,MEF,GATA1,Zf
2958,0,-0.17329708,-0.26024023,-1.3373098,-0.8201435708999634,TET1,LMC,JUND,bZIP
665,0,-0.3666467,-0.24097927,1.8592032,1.6837145578861237,CSF2RB,LMC,GATA1,Zf
2396,0,-0.26226777,-0.42959467,-1.1329921,0.2698667120933533,PTRF,LMC,IRF1,IRF
796,1,-0.28139952,-0.1286468,-2.4550138,-1.931384686231613,DOCK8,MEF,TCF12,bHLH
2232,1,-0.042086042,-0.24097927,2.248762,-3.515580049753189,PLAC1,MEF,GATA3,Zf
282,1,-0.01744671,-0.24097927,1.7105174,0.497205525636673,BDNF,MEF,CTCF,Zf
1665,0,0.15241732,-0.18341035,1.4596416,0.4417016267776489,LIPA,LMC,FOXA1,Forkhead
1926,0,-0.11401458,-0.1286468,-1.8944793,-0.8728975796699524,MYOCD,LMC,MAX,bHLH
2727,0,-0.224798,-0.224798,-3.1119766,-2.604818322658539,SLC2A4,LMC,EBF1,EBF
673,1,-0.46353218,-0.19389851,-1.4267927,0.7344553947448731,CSRP2,MEF,STAT1,Stat
2209,1,-0.01744671,-0.24097927,-3.76138,-2.7771751737594603,PIF1,MEF,CTCF,Zf
375,1,-0.1281041,-0.1286468,1.0318768,1.0347282481193543,CATSPERD,MEF,USF2,bHLH
8,0,-0.34369484,-0.46688727,-1.1349243,-0.8873020243644715,ABCA5,LMC,PBX3,Homeobox
860,1,-0.18553022,-0.24097927,2.1151733,1.0795040023326874,EFHD1,MEF,SP1,Zf
2266,0,-0.33011255,-0.26024023,1.5534989,1.386725822687149,PLSCR2,LMC,ATF1,bZIP
128,0,-0.1281041,-0.1286468,1.1151143,0.5916786909103393,AMIGO2,LMC,USF2,bHLH
939,1,-0.23256464,-0.24097927,1.7114613,-1.5404453957080841,EXPH5,MEF,YY1,Zf
797,1,-0.65736616,-0.46688727,-1.8619363,-1.6258556497097016,DOK2,MEF,CUX1,Homeobox
3005,1,0.15241732,-0.18341035,-1.009715,0.09430580258369446,TMC7,MEF,FOXA1,Forkhead
3084,1,0.0047023874,-0.1286468,2.0897598,1.0057787525653838,TPH2,MEF,USF1,bHLH
710,1,-0.38727695,-0.26024023,-7.8291526,-2.0265492045879365,CYBB,MEF,MAFK,bZIP
1967,0,-0.34774294,-0.3966394,-1.1616241,-0.4534479582309723,NEDD9,LMC,ETS1,ETS
1074,1,-0.2409758,-0.26024023,-2.1304154,-1.6842707073688508,FKBP5,MEF,MAFF,bZIP
1631,0,-0.26226777,-0.42959467,1.8876575,1.7502464711666108,LCP1,LMC,IRF1,IRF
1933,0,-0.18068624,-0.24097927,-1.0543683,0.38301520228385927,NAALAD2,LMC,MAZ,Zf
336,1,-0.18553022,-0.24097927,1.1669624,0.5268845856189728,CABLES1,MEF,SP1,Zf
891,0,-0.29358298,-0.46688727,3.1501613,-1.045472333431244,EN2,LMC,NANOG,Homeobox
1332,1,-0.25854215,-0.26616102,-1.8082843,0.01745039939880371,HIC1,MEF,E2F6,E2F
1299,1,-0.18553022,-0.24097927,-1.2229657,0.38248553276062014,GSTM2,MEF,SP1,Zf
2217,1,-0.41671586,-0.24097927,-1.0918547,-1.14417338013649,PIP4K2A,MEF,EGR1,Zf
1768,1,-0.17329708,-0.26024023,1.5174464,0.15072463750839232,MAPK15,MEF,JUND,bZIP
2060,0,-0.045514207,-0.047810853,-1.2953495,-0.05177592873573303,NUP62CL,LMC,RFX5,HTH
770,1,0.027779544,-0.26024023,3.1872852,3.0176065266132355,DMC1,MEF,BACH1,bZIP
2390,1,-0.22816904,-0.26024023,-2.7486398,-1.0787873113155364,PTPRN,MEF,ATF3,bZIP
2236,1,-0.23256464,-0.24097927,-3.8539176,-0.9948370921611785,PLCB2,MEF,YY1,Zf
321,1,-0.41671586,-0.24097927,-2.3385303,-2.2862804281711577,BUB1B,MEF,EGR1,Zf
2639,1,0.027779544,-0.26024023,1.4433799,-1.5546335685253143,SGMS2,MEF,BACH1,bZIP
358,1,-0.020064104,-0.19389851,1.2216636,0.5160035383701325,CAMK4,MEF,STAT3,Stat
351,1,-0.31947148,-0.31947148,3.4361846,3.1728299260139465,CADM4,MEF,NRF1,NRF
1840,1,-0.23256464,-0.24097927,-1.8278335,0.4168608558177948,MMD,MEF,YY1,Zf
992,1,-0.34774294,-0.3966394,1.0064623,0.998172265291214,FAM212B,MEF,ETS1,ETS
3111,1,-0.13781479,-0.3966394,-2.1616786,-1.5254641258716584,TRIP13,MEF,ELK4,ETS
582,0,-0.38727695,-0.26024023,1.3879285,1.3919711852073668,CLN3,LMC,MAFK,bZIP
2916,1,-0.06375064,-0.1286468,-1.9595618,-0.7517750132083892,SYNPO2,MEF,MYOG,bHLH
2361,0,-0.22547291,-0.26616102,1.0775473,0.674767153263092,PSAP,LMC,E2F4,E2F
3240,1,-0.46353218,-0.19389851,2.287634,0.26393598556518555,XKR4,MEF,STAT1,Stat
2354,1,-0.11401458,-0.1286468,2.6809106,1.1153967344760896,PRSS35,MEF,MAX,bHLH
2319,0,-0.042086042,-0.24097927,1.4068983,0.47236644506454467,PPP1R9A,LMC,GATA3,Zf
2466,1,-0.3666467,-0.24097927,1.3233889,0.935085426568985,RB1,MEF,GATA1,Zf
349,0,-0.23256464,-0.24097927,1.2775106,1.1777037918567657,CADM2,LMC,YY1,Zf
2437,1,-0.33201274,-0.26024023,-1.720449,-1.2674958741664886,RAET1E,MEF,FOS,bZIP
678,0,-0.33201274,-0.26024023,1.3000749,0.7217717003822327,CTDSPL,LMC,FOS,bZIP
1531,0,0.027779544,-0.26024023,1.7289557,1.2152431917190551,KCNB1,LMC,BACH1,bZIP
786,1,0.15241732,-0.18341035,3.1105778,2.462106516361237,DNAJC6,MEF,FOXA1,Forkhead
291,1,-0.17236876,-0.17236876,1.8680252,0.9746371567249298,BHLHA15,MEF,TEAD4,TEA
1501,1,-0.38938692,-0.38938692,-1.452007,-1.415979914665222,ITGB7,MEF,TCF3,HMG
2821,1,-0.11401458,-0.1286468,1.3361486,-1.0957699823379516,SPA17,MEF,MAX,bHLH
634,1,-0.24300791,-0.24097927,1.7670674,0.9354732120037079,COX6A2,MEF,GATA2,Zf
905,0,-0.23256464,-0.24097927,-2.2580662,-1.9886920273303985,EPHA3,LMC,YY1,Zf
1467,1,-0.37391356,-0.26024023,-2.669585,-2.153035634756088,INPP5J,MEF,ATF2,bZIP
3150,1,-0.38754547,-0.3966394,-1.30229,-1.5213276612758637,TUBB6,MEF,ELK1,ETS
3050,0,-0.28139952,-0.1286468,-2.8433716,-0.41680590987205507,TMTC1,LMC,TCF12,bHLH
336,1,-0.1281041,-0.1286468,1.1669624,0.052576850652694705,CABLES1,MEF,USF2,bHLH
833,1,-0.2409758,-0.26024023,1.3486774,-0.11960005879402161,DZANK1,MEF,MAFF,bZIP
565,0,0.6717984,-0.24097927,-1.0084794,-0.69464608669281,CKS1B,LMC,PRDM1,Zf
513,0,-0.224798,-0.224798,-1.3525441,-1.436370277404785,CENPH,LMC,EBF1,EBF
2849,1,0.0047023874,-0.1286468,-1.6306322,-1.876750078201294,SPTB,MEF,USF1,bHLH
1904,0,-0.224798,-0.224798,-1.3284812,-1.1849142122268677,MYCL,LMC,EBF1,EBF
1075,1,-0.01744671,-0.24097927,-1.5137855,-1.461017016172409,FLI1,MEF,CTCF,Zf
1424,0,-0.18068624,-0.24097927,1.8200285,1.6639297544956206,IGFBP6,LMC,MAZ,Zf
1417,1,-0.46353218,-0.19389851,-1.8870503,-1.1724593830108643,IGF1,MEF,STAT1,Stat
1585,1,-0.11401458,-0.1286468,3.8885753,1.2758130276203155,KIRREL3,MEF,MAX,bHLH
1824,1,0.15241732,-0.18341035,3.1939304,-0.5901749277114868,MGP,MEF,FOXA1,Forkhead
1275,1,0.027779544,-0.26024023,-1.1356292,-0.004140173196792603,GRB14,MEF,BACH1,bZIP
1550,1,-0.34369484,-0.46688727,2.5354936,0.4263768696784973,KCNK1,MEF,PBX3,Homeobox
308,1,-0.13781479,-0.3966394,1.4442719,-0.7411142480373383,BPGM,MEF,ELK4,ETS
2526,1,-0.32353044,-0.32353044,1.9402771,1.2605755722522736,RNF43,MEF,HNF4A,NR
1178,0,-0.34369484,-0.46688727,-1.4242098,-0.46300830483436584,GEN1,LMC,PBX3,Homeobox
2137,0,-0.34369484,-0.46688727,-1.7614068,-0.7057193577289581,PCDH18,LMC,PBX3,Homeobox
125,1,-0.22547291,-0.26616102,1.0675509,0.21871220231056213,AMD1,MEF,E2F4,E2F
1730,0,0.027779544,-0.26024023,2.280973,1.8675473368167876,LYL1,LMC,BACH1,bZIP
2800,1,-0.17236876,-0.17236876,-1.0965823,-0.5289196825027466,SOAT1,MEF,TEAD4,TEA
1881,1,-0.045514207,-0.047810853,1.0524545,-1.980315512418747,MSI2,MEF,RFX5,HTH
2318,1,0.027779544,-0.26024023,1.4274718,1.0760307693481446,PPP1R42,MEF,BACH1,bZIP
2115,1,-0.18553022,-0.24097927,2.0007038,1.0234677839279174,PALMD,MEF,SP1,Zf
591,1,-0.34774294,-0.3966394,-1.332691,-1.1190932762622834,CNDP2,MEF,ETS1,ETS
2684,0,-0.17329708,-0.26024023,2.434695,2.308493449687958,SLC11A1,LMC,JUND,bZIP
2568,1,-0.25854215,-0.26616102,1.4784383,1.2336584377288817,SAMD12,MEF,E2F6,E2F
1270,1,-0.28139952,-0.1286468,-1.7090669,-1.1249257469177245,GPX7,MEF,TCF12,bHLH
1901,1,0.15241732,-0.18341035,1.1209321,-0.6580616104602813,MYBL1,MEF,FOXA1,Forkhead
668,1,-0.22547291,-0.26616102,2.486209,0.9114386594295502,CSMD3,MEF,E2F4,E2F
2596,1,-0.38938692,-0.38938692,2.931381,0.06494423747062683,SCX,MEF,TCF3,HMG
729,0,-0.11401458,-0.1286468,-2.1150217,-1.2175592291355133,DCC,LMC,MAX,bHLH
2020,1,-0.1281041,-0.1286468,-1.9587115,0.24255884289741517,NPAS2,MEF,USF2,bHLH
1154,1,-0.33134362,-0.24097927,1.8328152,-0.07959280014038086,GATA3,MEF,ZEB1,Zf
558,0,-0.18068624,-0.24097927,-1.1850271,-1.2343793761730195,CIB2,LMC,MAZ,Zf
1184,1,-0.46353218,-0.19389851,-1.1692625,0.4200709581375122,GGN,MEF,STAT1,Stat
431,1,-0.17236876,-0.17236876,-2.0295777,-2.0076697909832,CCRL2,MEF,TEAD4,TEA
240,0,-0.34920207,-0.3966394,1.6032816,1.3677904999256134,ATP1B1,LMC,ELF1,ETS
1299,1,-0.18553022,-0.24097927,-1.2229657,0.38248553276062014,GSTM2,MEF,SP1,Zf
1044,0,-0.41671586,-0.24097927,2.0353117,1.8841038501262666,FERMT3,LMC,EGR1,Zf
2005,1,-0.26226777,-0.42959467,-1.774617,-1.129824274778366,NME2,MEF,IRF1,IRF
3064,1,-0.042086042,-0.24097927,3.4958272,1.164978300333023,TNFSF15,MEF,GATA3,Zf
2915,1,-0.12181938,-0.1286468,1.2508746,0.9934934258460999,SYNPO,MEF,BHLHE40,bHLH
3206,0,-0.17329708,-0.26024023,-1.9135524,-0.23160846590995787,VWA1,LMC,JUND,bZIP
1650,1,-0.5097531,-0.26616102,1.6897587,0.15405454635620117,LHX4,MEF,E2F1,E2F
1106,1,-0.3548418,-0.24097927,4.149492,2.557628184556961,FOXQ1,MEF,ZNF263,Zf
1165,1,-0.38727695,-0.26024023,1.9005238,1.4166392540931703,GCLC,MEF,MAFK,bZIP
1038,1,-0.13781479,-0.3966394,-1.7113899,-1.4709979748725892,FBXO5,MEF,ELK4,ETS
697,1,-0.042086042,-0.24097927,-3.184519,-0.6296791195869446,CX3CR1,MEF,GATA3,Zf
2018,0,-0.23256464,-0.24097927,2.2590847,1.9404383647441863,NOTUM,LMC,YY1,Zf
1809,1,-0.40379766,-0.24097927,-1.1236551,0.03861746907234192,MESDC1,MEF,ZKSCAN1,Zf
1063,1,-0.020064104,-0.19389851,-1.2671621,-1.404985398054123,FGL1,MEF,STAT3,Stat
2269,1,-0.11401458,-0.1286468,1.3691007,-0.7357396042346954,PLVAP,MEF,MAX,bHLH
2878,1,-0.22816904,-0.26024023,1.7400861,-1.121489725112915,STC2,MEF,ATF3,bZIP
1041,0,-0.38938692,-0.38938692,2.581755,1.2730744791030884,FCGR2B,LMC,TCF3,HMG
3201,1,-0.12181938,-0.1286468,-1.6059492,-0.6791072762012482,VMO1,MEF,BHLHE40,bHLH
1919,1,-0.06375064,-0.1286468,-1.4016024,0.6271457839012146,MYO1A,MEF,MYOG,bHLH
1749,1,-0.17329708,-0.26024023,-1.3053963,-0.3536464834213257,MAMDC2,MEF,JUND,bZIP
2939,1,-0.17236876,-0.17236876,2.2990468,1.974823650121689,TBX2,MEF,TEAD4,TEA
2882,0,-0.37391356,-0.26024023,1.3777498,-0.36039682149887087,STK10,LMC,ATF2,bZIP
2884,0,-0.17236876,-0.17236876,-2.5431578,0.5222225487232208,STK32B,LMC,TEAD4,TEA
1843,0,-0.24300791,-0.24097927,2.4930456,2.0032830882072448,MMP10,LMC,GATA2,Zf
1780,0,-0.46353218,-0.19389851,-1.1029267,-1.11097149848938,MBOAT2,LMC,STAT1,Stat
1469,0,-0.045514207,-0.047810853,-1.3461412,-0.018837963342666627,INSIG1,LMC,RFX5,HTH
380,0,-0.41671586,-0.24097927,-1.4233938,-0.8506915855407715,CCDC102A,LMC,EGR1,Zf
361,1,-0.25854215,-0.26616102,1.6476614,1.3006357908248902,CAMSAP3,MEF,E2F6,E2F
2514,0,-0.34920207,-0.3966394,1.3600262,1.1386491775512695,RNASEL,LMC,ELF1,ETS
1693,1,-0.45815486,-0.27375907,-4.9975886,-1.3665728557109833,LRMP,MEF,MEF2A,MADS
1982,0,-0.28139952,-0.1286468,1.525791,0.6506471920013428,NFATC2,LMC,TCF12,bHLH
3237,1,-0.12181938,-0.1286468,-2.1627874,-1.250617446899414,XDH,MEF,BHLHE40,bHLH
2779,1,-0.38938692,-0.38938692,1.101585,-2.4731954777240754,SMIM8,MEF,TCF3,HMG
370,0,-0.1281041,-0.1286468,1.419143,1.2915169930458068,CASP4,LMC,USF2,bHLH
2929,1,-0.045514207,-0.047810853,-1.4088733,0.6811888551712036,TACC3,MEF,RFX5,HTH
841,0,-0.12181938,-0.1286468,-3.6419375,-1.3629758727550507,EBF3,LMC,BHLHE40,bHLH
2810,1,-0.23256464,-0.24097927,-2.681507,-0.6327044284343719,SOX12,MEF,YY1,Zf
3032,1,-0.01744671,-0.24097927,-1.1495689,0.5207841598987579,TMEM221,MEF,CTCF,Zf
2779,1,-0.17329708,-0.26024023,1.101585,-0.8043664979934693,SMIM8,MEF,JUND,bZIP
2459,1,-0.38727695,-0.26024023,-1.3954514,-0.9963599824905396,RASGRP3,MEF,MAFK,bZIP
2735,1,-0.3548418,-0.24097927,3.6127057,0.7373230326175689,SLC35F3,MEF,ZNF263,Zf
3029,0,-0.3548418,-0.24097927,1.1650926,0.5111294507980346,TMEM196,LMC,ZNF263,Zf
1592,1,-0.34920207,-0.3966394,3.3742492,1.7462232661247254,KLHDC7A,MEF,ELF1,ETS
1471,1,0.027779544,-0.26024023,1.0656217,0.37425846815109254,IQCK,MEF,BACH1,bZIP
507,1,-0.3548418,-0.24097927,2.1484113,1.5435889637470246,CELSR2,MEF,ZNF263,Zf
16,1,0.027779544,-0.26024023,-2.0503016,-2.1255908203125,ABHD15,MEF,BACH1,bZIP
1595,1,-0.18068624,-0.24097927,1.9454163,1.559038780927658,KLHL30,MEF,MAZ,Zf
321,1,-0.38773212,-0.38773212,-2.3385303,-2.298321441411972,BUB1B,MEF,PAX5,"Paired,Homeobox"
1733,1,-0.65736616,-0.46688727,1.1049803,0.04767650723457337,LYRM1,MEF,CUX1,Homeobox
1393,1,-0.41671586,-0.24097927,1.8035604,1.2361633932590486,HSBP1L1,MEF,EGR1,Zf
3255,0,-0.5710992,-0.24097927,-1.031493,-0.3476214110851288,ZFP41,LMC,ZBTB33,Zf
458,0,-0.38938692,-0.38938692,-1.5789324,0.04174355030059815,CD80,LMC,TCF3,HMG
2474,0,0.0047023874,-0.1286468,1.6744331,0.9321748054027558,RBP4,LMC,USF1,bHLH
1291,1,-0.38727695,-0.26024023,2.739738,0.3364489698410034,GSC,MEF,MAFK,bZIP
1929,1,-0.38727695,-0.26024023,1.6380723,0.3308066701889038,MYOM3,MEF,MAFK,bZIP
1978,1,-0.22547291,-0.26616102,-1.5159668,-0.8168563890457153,NEURL3,MEF,E2F4,E2F
517,1,-0.38727695,-0.26024023,-2.1137278,-2.116108536720276,CENPN,MEF,MAFK,bZIP
951,1,-0.020064104,-0.19389851,-2.0613308,-0.018547470569610595,F3,MEF,STAT3,Stat
2185,1,-0.26226777,-0.42959467,-1.7224369,-0.630650897026062,PEG10,MEF,IRF1,IRF
400,0,-0.18068624,-0.24097927,-1.1101925,-1.3387150263786316,CCDC68,LMC,MAZ,Zf
2386,1,-0.38938692,-0.38938692,-5.8584,-3.281917676925659,PTPN6,MEF,TCF3,HMG
2636,0,-0.22547291,-0.26616102,-1.391746,0.824785521030426,SGCD,LMC,E2F4,E2F
1830,1,-0.38727695,-0.26024023,-2.685887,-1.0909585809707643,MILR1,MEF,MAFK,bZIP
818,1,-0.12181938,-0.1286468,-2.164502,-0.165622820854187,DTL,MEF,BHLHE40,bHLH
1562,0,-0.17329708,-0.26024023,-1.3338901,-1.3888001620769501,KCTD8,LMC,JUND,bZIP
3119,1,-0.46353218,-0.19389851,-1.3696355,0.28601996421813963,TRPV2,MEF,STAT1,Stat
515,1,-0.11401458,-0.1286468,-1.4839959,-1.7293914818763734,CENPK,MEF,MAX,bHLH
1648,0,-0.18553022,-0.24097927,1.3943249,1.7057344973087312,LGMN,LMC,SP1,Zf
2234,1,-0.38773212,-0.38773212,4.1999607,-1.168387588262558,PLAGL1,MEF,PAX5,"Paired,Homeobox"
2210,1,-0.46353218,-0.19389851,-7.7534785,-1.7791510450839996,PIK3AP1,MEF,STAT1,Stat
490,1,-0.25854215,-0.26616102,-1.0186837,-0.8308378756046295,CDK2,MEF,E2F6,E2F
993,0,0.0047023874,-0.1286468,1.3730824,0.10314381241798401,FAM213A,LMC,USF1,bHLH
1983,0,-0.17236876,-0.17236876,2.3211825,1.1805716037750245,NFE2L3,LMC,TEAD4,TEA
1357,1,-0.18553022,-0.24097927,-1.888809,2.367892087697983,HOXA2,MEF,SP1,Zf
2731,0,-0.41846725,-0.3966394,2.7502527,0.6835529911518097,SLC32A1,LMC,GABPA,ETS
1466,0,-0.045514207,-0.047810853,2.282222,1.654651255607605,INPP5D,LMC,RFX5,HTH
1479,0,-0.12181938,-0.1286468,2.9043314,0.7320834422111511,IRG1,LMC,BHLHE40,bHLH
712,1,-0.17329708,-0.26024023,-3.0422084,0.35756039261817935,CYGB,MEF,JUND,bZIP
961,1,-0.18068624,-0.24097927,3.610968,-1.3551750779151917,FAIM2,MEF,MAZ,Zf
157,1,-0.01744671,-0.24097927,-1.3312559,-0.9652377915382385,APBA1,MEF,CTCF,Zf
3267,0,-0.17236876,-0.17236876,-1.2638365,-0.8091317367553711,ZWILCH,LMC,TEAD4,TEA
3110,0,-0.17329708,-0.26024023,-2.4243805,-2.0969189023971557,TRIM71,LMC,JUND,bZIP
1335,1,-0.08447774,-0.18341035,1.0415667,-0.31446505784988404,HIST1H1C,MEF,FOXA2,Forkhead
556,1,-0.1281041,-0.1286468,-1.3128588,-0.6992648482322693,CHSY3,MEF,USF2,bHLH
2279,0,-0.7640029,-0.42959467,-1.1177921,-0.6702644038200378,PMVK,LMC,IRF3,IRF
2057,1,-0.769263,-0.26024023,-2.8949068,-1.659309766292572,NUF2,MEF,BATF,bZIP
2769,1,-0.70387286,-0.18341035,-3.3206353,-1.3487456011772156,SLFN5,MEF,FOXM1,Forkhead
303,1,-0.41671586,-0.24097927,1.4564615,0.9532104456424713,BMP8B,MEF,EGR1,Zf
2274,1,-0.2409758,-0.26024023,2.1025789,0.2904370450973511,PM20D1,MEF,MAFF,bZIP
432,1,-0.01744671,-0.24097927,-1.9549283,-1.7721344864368438,CD14,MEF,CTCF,Zf
2742,0,0.0047023874,-0.1286468,1.4623579,1.358220430612564,SLC39A8,LMC,USF1,bHLH
1221,1,-0.40379766,-0.24097927,1.7337681,1.3917858242988586,GORAB,MEF,ZKSCAN1,Zf
2881,1,-0.08447774,-0.18341035,-1.7704527,-0.27052546858787535,STIL,MEF,FOXA2,Forkhead
870,1,-0.38938692,-0.38938692,-1.2089994,-1.1781156861782074,EGLN3,MEF,TCF3,HMG
623,0,-0.06375064,-0.1286468,-1.1975325,-1.2731870102882386,COL7A1,LMC,MYOG,bHLH
2677,0,0.0047023874,-0.1286468,-1.2792745,-1.2111143779754638,SKA3,LMC,USF1,bHLH
2537,1,-0.22547291,-0.26616102,-1.8166342,-1.0860487830638885,RPS6KA1,MEF,E2F4,E2F
2523,0,-0.01744671,-0.24097927,-1.1712776,-0.6099578714370728,RNF207,LMC,CTCF,Zf
875,1,-0.042086042,-0.24097927,-1.3485354,-0.7260226821899414,EHHADH,MEF,GATA3,Zf
2720,0,-0.13781479,-0.3966394,-1.7057643,-0.6689791011810303,SLC27A3,LMC,ELK4,ETS
1481,1,-0.24300791,-0.24097927,2.3218336,0.4026480782032013,IRX3,MEF,GATA2,Zf
1478,1,-0.11401458,-0.1286468,-4.4361186,-1.5707926261425018,IRF8,MEF,MAX,bHLH
2347,0,-0.33201274,-0.26024023,1.1605145,-0.030297207832336425,PRR5L,LMC,FOS,bZIP
861,1,-0.23256464,-0.24097927,-1.6204906,0.24579058051109315,EFHD2,MEF,YY1,Zf
2853,1,-0.33201274,-0.26024023,-3.395386,-1.7115519416332245,SRGN,MEF,FOS,bZIP
841,1,-0.18553022,-0.24097927,-1.4751912,-1.9967394292354583,EBF3,MEF,SP1,Zf
1840,0,-0.38938692,-0.38938692,2.1801987,2.0128753817081453,MMD,LMC,TCF3,HMG
1385,0,-0.33201274,-0.26024023,3.1518924,2.9393102025985716,HPGD,LMC,FOS,bZIP
2324,1,-0.37391356,-0.26024023,-1.0814621,-1.274447146654129,PRCP,MEF,ATF2,bZIP
2399,1,-0.38727695,-0.26024023,-1.4025425,-0.4366754281520844,PVRL2,MEF,MAFK,bZIP
3224,0,-0.3548418,-0.24097927,-1.272309,-1.4610056281089783,WNK4,LMC,ZNF263,Zf
2033,0,-0.12181938,-0.1286468,-1.9519585,-0.5370219349861145,NR2F1,LMC,BHLHE40,bHLH
717,1,-0.17329708,-0.26024023,1.2494087,1.43187318444252,CYP27A1,MEF,JUND,bZIP
2515,1,-0.5710992,-0.24097927,1.1263795,0.29173101782798766,RND1,MEF,ZBTB33,Zf
1153,0,-0.28139952,-0.1286468,-1.3761573,0.062339106798172,GATA2,LMC,TCF12,bHLH
1344,0,-0.34369484,-0.46688727,-1.063044,-1.0061212289333343,HMGCS1,LMC,PBX3,Homeobox
454,0,-0.38754547,-0.3966394,2.0241923,1.9999465715885163,CD68,LMC,ELK1,ETS
422,1,-0.33201274,-0.26024023,-3.7557342,-3.596036344766617,CCNB2,MEF,FOS,bZIP
1298,0,-0.25854215,-0.26616102,1.7987171,1.4019629740715027,GSTA4,LMC,E2F6,E2F
2736,0,-0.46353218,-0.19389851,1.4153332,1.4216145622730254,SLC35G1,LMC,STAT1,Stat
314,1,0.027779544,-0.26024023,1.1089758,-1.0293800234794617,BTBD11,MEF,BACH1,bZIP
1887,1,-0.17236876,-0.17236876,3.0120192,0.7844413197040558,MSX1,MEF,TEAD4,TEA
2571,0,-0.41846725,-0.3966394,2.2119925,1.5873479402065278,SAMSN1,LMC,GABPA,ETS
2253,0,0.0047023874,-0.1286468,1.179876,0.49146842122077944,PLEKHM1,LMC,USF1,bHLH
1900,0,-0.11401458,-0.1286468,-2.8135483,-1.3931378507614136,MXD3,LMC,MAX,bHLH
3162,1,-0.11043269,-0.047810853,-1.5763762,-1.7821726667881013,UBE2T,MEF,MYB,HTH
1814,1,-0.46353218,-0.19389851,1.0535716,0.17701597332954408,METTL21A,MEF,STAT1,Stat
926,1,-0.38773212,-0.38773212,-1.3294209,-0.4993308436870575,ESYT1,MEF,PAX5,"Paired,Homeobox"
1566,1,-0.224798,-0.224798,-2.457014,-1.8694779145717622,KIF11,MEF,EBF1,EBF
556,0,-0.23256464,-0.24097927,-1.5919069,-1.548349312543869,CHSY3,LMC,YY1,Zf
1015,1,-0.38938692,-0.38938692,-2.369543,-2.2633321380615232,FANCA,MEF,TCF3,HMG
806,0,-0.01744671,-0.24097927,1.6893159,-0.46882113575935364,DPPA3,LMC,CTCF,Zf
794,1,-0.3666467,-0.24097927,-7.539154,-3.6898682844638824,DOCK2,MEF,GATA1,Zf
792,1,-0.25854215,-0.26616102,-1.1671683,-1.1820757472515107,DNMT1,MEF,E2F6,E2F
2337,0,-0.31947148,-0.31947148,1.6617084,1.1014286017417907,PRKCH,LMC,NRF1,NRF
399,1,-0.3666467,-0.24097927,2.3751817,1.9931791961193084,CCDC65,MEF,GATA1,Zf
2444,1,-0.33011255,-0.26024023,3.0926714,-1.3993910026550294,RANBP3L,MEF,ATF1,bZIP
895,0,-0.41671586,-0.24097927,-2.741761,-0.9863241171836853,ENO3,LMC,EGR1,Zf
1848,1,-0.045514207,-0.047810853,1.589201,-0.9289076781272888,MMP15,MEF,RFX5,HTH
2125,0,-0.38773212,-0.38773212,1.6744419,-0.13936977028846742,PARP14,LMC,PAX5,"Paired,Homeobox"
1575,0,-0.41846725,-0.3966394,-1.3252268,-1.2379488062858581,KIF26A,LMC,GABPA,ETS
2496,0,-0.18553022,-0.24097927,-1.8756744,-1.7701700091362,RGS5,LMC,SP1,Zf
1634,0,-0.3548418,-0.24097927,-1.8764224,-0.19924790263175965,LDB2,LMC,ZNF263,Zf
2246,1,-0.5097531,-0.26616102,-1.8872231,-0.17905654788017272,PLEKHA2,MEF,E2F1,E2F
1483,0,-0.020064104,-0.19389851,-2.4283824,0.8951018917560577,ISL1,LMC,STAT3,Stat
1076,0,-0.33134362,-0.24097927,-1.2501253,-0.4200180184841156,FLNA,LMC,ZEB1,Zf
1289,1,-0.29358298,-0.46688727,-2.2405086,-0.48833024501800537,GRM7,MEF,NANOG,Homeobox
449,1,-0.18553022,-0.24097927,-8.109968,-7.909781918525696,CD48,MEF,SP1,Zf
1668,1,-0.34369484,-0.46688727,3.0541296,-0.282407785654068,LMCD1,MEF,PBX3,Homeobox
168,1,-0.11401458,-0.1286468,1.8246295,-2.209354046583176,APOD,MEF,MAX,bHLH
457,0,-0.224798,-0.224798,1.8729588,1.8308183884620666,CD74,LMC,EBF1,EBF
2073,0,-0.06375064,-0.1286468,-1.2275139,0.3307198929786682,OBSL1,LMC,MYOG,bHLH
1273,0,0.027779544,-0.26024023,-2.0948274,-1.6194321417808533,GRASP,LMC,BACH1,bZIP
1330,1,-0.17329708,-0.26024023,1.5842701,1.0688352906703948,HHIP,MEF,JUND,bZIP
2855,0,-0.12181938,-0.1286468,1.6506883,1.2305896079540253,SRPK3,LMC,BHLHE40,bHLH
1791,1,-0.33201274,-0.26024023,-1.8528816,-1.2725863921642304,MCM6,MEF,FOS,bZIP
465,1,-0.7640029,-0.42959467,-2.799609,-2.6720444917678834,CDC20,MEF,IRF3,IRF
1044,0,-0.2409758,-0.26024023,2.0353117,1.9135897982120513,FERMT3,LMC,MAFF,bZIP
837,0,-0.25854215,-0.26616102,1.0701014,0.7397361695766449,EAF1,LMC,E2F6,E2F
1938,1,-0.38754547,-0.3966394,2.1946554,-0.5350516390800476,NAP1L5,MEF,ELK1,ETS
1350,0,-0.26226777,-0.42959467,1.3456764,0.895781831741333,HNMT,LMC,IRF1,IRF
586,1,-0.22547291,-0.26616102,-1.1071731,-1.0807563173770904,CLYBL,MEF,E2F4,E2F
203,0,-0.12181938,-0.1286468,1.8472986,1.4914845740795135,ARL11,LMC,BHLHE40,bHLH
118,1,-0.33201274,-0.26024023,-1.2159187,-0.3136858749389648,ALOXE3,MEF,FOS,bZIP
2845,0,-0.26226777,-0.42959467,-1.1286079,-0.11756310224533081,SPRY1,LMC,IRF1,IRF
1194,1,0.027779544,-0.26024023,1.9552824,-0.2543842232227325,GJA3,MEF,BACH1,bZIP
879,1,-0.01744671,-0.24097927,-2.5854182,-0.5662795674800872,ELMO1,MEF,CTCF,Zf
1938,1,-0.24300791,-0.24097927,2.1946554,1.073294529914856,NAP1L5,MEF,GATA2,Zf
15,0,0.0047023874,-0.1286468,1.1249897,0.4385844874382019,ABHD12,LMC,USF1,bHLH
2695,1,-0.12181938,-0.1286468,-2.9925153,-2.657437275648117,SLC16A11,MEF,BHLHE40,bHLH
1672,0,-0.042086042,-0.24097927,-2.157927,-0.3407915186882019,LMOD1,LMC,GATA3,Zf
419,1,-0.33134362,-0.24097927,-1.012127,-1.0838223600387573,CCM2,MEF,ZEB1,Zf
1616,1,-0.17329708,-0.26024023,-2.81084,-1.2234320294857026,LAMA2,MEF,JUND,bZIP
1995,1,-0.06375064,-0.1286468,-1.798627,0.8900613498687744,NKAIN3,MEF,MYOG,bHLH
1957,0,-0.25854215,-0.26616102,-1.6446601,-0.12117406010627746,NDC80,LMC,E2F6,E2F
1882,0,-0.22547291,-0.26616102,2.256139,1.1678644061088561,MSLN,LMC,E2F4,E2F
259,1,-0.18068624,-0.24097927,-1.0887047,-1.0948394680023192,B3GNT8,MEF,MAZ,Zf
1435,0,-0.41671586,-0.24097927,2.724261,2.226706404685974,IL10,LMC,EGR1,Zf
2250,1,-0.28139952,-0.1286468,-1.2923962,-1.0405036675930024,PLEKHG3,MEF,TCF12,bHLH
932,1,-0.3666467,-0.24097927,1.3056546,-1.3004498481750488,EVA1C,MEF,GATA1,Zf
1631,1,-0.3548418,-0.24097927,-4.8486533,-0.35845607399940493,LCP1,MEF,ZNF263,Zf
1147,1,-0.22547291,-0.26616102,-1.067214,-0.8724637115001679,GAPDH,MEF,E2F4,E2F
3236,0,-0.25854215,-0.26616102,1.1457943,0.9681423425674438,WWP1,LMC,E2F6,E2F
792,1,-0.29358298,-0.46688727,-1.1671683,-0.9026230680942535,DNMT1,MEF,NANOG,Homeobox
751,1,0.027779544,-0.26024023,3.2691665,2.2417190194129946,DES,MEF,BACH1,bZIP
1668,1,-0.25096336,-0.26024023,3.0541296,-0.0014964067935943604,LMCD1,MEF,FOSL2,bZIP
1197,1,-0.11401458,-0.1286468,-1.3581172,-0.44558021783828733,GJC1,MEF,MAX,bHLH
1631,0,-0.7640029,-0.42959467,1.8876575,1.0717509067058564,LCP1,LMC,IRF3,IRF
818,0,-0.33011255,-0.26024023,-1.4172463,-0.19166797995567322,DTL,LMC,ATF1,bZIP
2699,0,-0.17329708,-0.26024023,-1.1324766,-0.8900086319446564,SLC16A3,LMC,JUND,bZIP
295,1,-0.40379766,-0.24097927,-2.380489,-1.3007756781578064,BIRC5,MEF,ZKSCAN1,Zf
1389,0,-0.17236876,-0.17236876,1.3298665,1.1632477247714996,HRH1,LMC,TEAD4,TEA
2014,1,-0.41671586,-0.24097927,1.4636707,1.3213799965381623,NOS1AP,MEF,EGR1,Zf
1876,1,-0.28139952,-0.1286468,-1.2789756,-2.3114047551155092,MRPS6,MEF,TCF12,bHLH
1324,1,-0.31947148,-0.31947148,1.8036673,0.5896460485458374,HEPH,MEF,NRF1,NRF
2746,1,-0.26226777,-0.42959467,-2.0170245,-1.1175304937362671,SLC43A3,MEF,IRF1,IRF
1580,1,-0.06375064,-0.1286468,1.737582,1.0210262882709502,KIF5C,MEF,MYOG,bHLH
2529,0,-0.042086042,-0.24097927,-1.4922091,-0.0344075608253479,ROR1,LMC,GATA3,Zf
1360,1,-0.34920207,-0.3966394,-2.4961243,-1.2888080561161042,HOXA5,MEF,ELF1,ETS
1556,1,-0.1281041,-0.1286468,-1.6057874,-1.0562026107311249,KCNS3,MEF,USF2,bHLH
556,0,-0.3548418,-0.24097927,-1.5919069,-1.5344524025917052,CHSY3,LMC,ZNF263,Zf
1998,1,-0.41671586,-0.24097927,3.0893154,0.4741373610496521,NKX6-1,MEF,EGR1,Zf
1728,1,-0.22547291,-0.26616102,-4.9488015,-1.7712422120571136,LY86,MEF,E2F4,E2F
1439,1,-0.22816904,-0.26024023,2.601705,0.2502947676181793,IL13RA2,MEF,ATF3,bZIP
3211,0,-0.18553022,-0.24097927,-1.060672,0.006922417879104614,WASF3,LMC,SP1,Zf
531,1,-0.46353218,-0.19389851,1.2192872,1.2177579927444457,CFAP61,MEF,STAT1,Stat
550,0,0.0047023874,-0.1286468,-1.3477464,-0.34977264404296876,CHRNA7,LMC,USF1,bHLH
281,1,-0.2409758,-0.26024023,-1.5542505,-0.1436787760257721,BDH1,MEF,MAFF,bZIP
1792,1,-0.23256464,-0.24097927,-5.093406,-3.3010447096824644,MCOLN2,MEF,YY1,Zf
2041,0,0.3057706,-0.27375907,1.9378136,0.6276521182060242,NRROS,LMC,MEF2C,MADS
425,0,0.027779544,-0.26024023,-2.5954335,-2.1712795627117156,CCNJL,LMC,BACH1,bZIP
1497,1,-0.01744671,-0.24097927,-8.077631,-1.0697523689270019,ITGB2,MEF,CTCF,Zf
591,1,-0.25096336,-0.26024023,-1.332691,-0.9833948671817779,CNDP2,MEF,FOSL2,bZIP
794,0,-0.28139952,-0.1286468,1.9015518,1.2107246565818786,DOCK2,LMC,TCF12,bHLH
3236,0,-0.17236876,-0.17236876,1.1457943,0.9718399345874786,WWP1,LMC,TEAD4,TEA
414,0,-0.38773212,-0.38773212,2.2769938,2.0113569581508637,CCL3,LMC,PAX5,"Paired,Homeobox"
739,1,-0.020064104,-0.19389851,1.5737567,-0.27841468453407286,DDN,MEF,STAT3,Stat
2386,1,-0.020064104,-0.19389851,-5.8584,-4.79948784828186,PTPN6,MEF,STAT3,Stat
2010,1,-0.2409758,-0.26024023,-1.2062373,-0.3023070466518402,NNMT,MEF,MAFF,bZIP
2935,0,-0.70387286,-0.18341035,-1.1207796,-0.5217582654953002,TARSL2,LMC,FOXM1,Forkhead
337,0,-0.3666467,-0.24097927,-1.4465009,-0.8506267356872559,CABP1,LMC,GATA1,Zf
630,1,-0.3666467,-0.24097927,-4.2288876,-2.660783131122589,CORO1A,MEF,GATA1,Zf
937,1,0.0047023874,-0.1286468,1.4276764,0.9019589602947236,EXOC3,MEF,USF1,bHLH
1551,1,-0.06375064,-0.1286468,-2.8326209,-2.7335960948467255,KCNK13,MEF,MYOG,bHLH
1572,1,-0.020064104,-0.19389851,1.4070278,-0.5997015643119812,KIF21A,MEF,STAT3,Stat
1013,0,-0.25854215,-0.26616102,1.4755962,0.5994088506698608,FAM84A,LMC,E2F6,E2F
968,0,-0.22547291,-0.26616102,-1.4871693,-1.4276979124546052,FAM131B,LMC,E2F4,E2F
3046,0,-0.33201274,-0.26024023,2.2893217,1.100819537639618,TMEM59L,LMC,FOS,bZIP
1182,0,-0.25854215,-0.26616102,1.1762532,-0.5012340366840362,GGCT,LMC,E2F6,E2F
1586,0,-0.34920207,-0.3966394,-1.0530518,-1.006555734872818,KISS1R,LMC,ELF1,ETS
2402,1,0.027779544,-0.26024023,-1.2805303,-0.9240991687774658,PYCARD,MEF,BACH1,bZIP
496,0,-0.38938692,-0.38938692,-1.4552879,-1.444365006685257,CDKN3,LMC,TCF3,HMG
3267,0,-0.17329708,-0.26024023,-1.2638365,-0.8343470680713654,ZWILCH,LMC,JUND,bZIP
3103,1,-0.11401458,-0.1286468,-2.6582155,-0.2708205008506775,TRIM14,MEF,MAX,bHLH
3019,0,-0.25854215,-0.26616102,-1.6892291,0.10518509149551392,TMEM158,LMC,E2F6,E2F
514,0,-0.2409758,-0.26024023,-1.4865025,-1.457239090204239,CENPI,LMC,MAFF,bZIP
1682,1,-0.8272477,-0.24097927,-2.7435303,-2.49020730137825,LPAR5,MEF,BCL11A,Zf
2292,1,-0.38754547,-0.3966394,-1.5553532,-1.5862596154212951,POLQ,MEF,ELK1,ETS
2830,1,-0.22547291,-0.26616102,2.2287126,-0.4590494072437286,SPEF2,MEF,E2F4,E2F
2821,1,0.0047023874,-0.1286468,1.3361486,-1.4154242658615113,SPA17,MEF,USF1,bHLH
977,0,0.027779544,-0.26024023,-1.3537836,-1.350559788942337,FAM171B,LMC,BACH1,bZIP
2664,1,-0.17329708,-0.26024023,1.5931308,0.09341744303703309,SHISA7,MEF,JUND,bZIP
1697,0,-0.12181938,-0.1286468,-1.5333753,-1.3695175802707673,LRRC16A,LMC,BHLHE40,bHLH
1426,1,-0.22547291,-0.26616102,3.0351558,-1.0322544062137604,IGSF1,MEF,E2F4,E2F
829,1,-0.29358298,-0.46688727,-1.5806866,-1.1538069081306457,DUT,MEF,NANOG,Homeobox
1075,0,-0.46353218,-0.19389851,1.706394,1.0595925807952882,FLI1,LMC,STAT1,Stat
679,0,-0.08447774,-0.18341035,-2.8674772,0.4699921369552612,CTHRC1,LMC,FOXA2,Forkhead
377,0,-0.34774294,-0.3966394,-1.1839267,-0.6746316289901734,CBS,LMC,ETS1,ETS
3003,1,-0.38754547,-0.3966394,-3.9932933,-1.3915721786022186,TM6SF1,MEF,ELK1,ETS
2606,0,0.027779544,-0.26024023,-1.18342,-1.1903216350078583,SEMA3A,LMC,BACH1,bZIP
454,1,-0.38938692,-0.38938692,-5.4775605,-5.461993455886841,CD68,MEF,TCF3,HMG
3055,1,-0.12181938,-0.1286468,-2.0917385,-1.1594302177429199,TNFAIP8L1,MEF,BHLHE40,bHLH
834,1,-0.46353218,-0.19389851,-1.669616,-0.652654869556427,E2F2,MEF,STAT1,Stat
268,0,-0.22547291,-0.26616102,-1.0727856,-0.5637203216552734,BAIAP2,LMC,E2F4,E2F
1751,1,-0.12181938,-0.1286468,-1.6200752,-0.1064933741092682,MAN1C1,MEF,BHLHE40,bHLH
1820,0,-0.22547291,-0.26616102,1.5626165,1.4429747092723846,MFSD12,LMC,E2F4,E2F
697,0,0.15241732,-0.18341035,2.1871858,2.31289506316185,CX3CR1,LMC,FOXA1,Forkhead
1096,0,0.027779544,-0.26024023,-1.9257618,-1.5003398191928863,FOXC2,LMC,BACH1,bZIP
265,0,-0.37391356,-0.26024023,-1.1247369,-0.6519254100322723,BAG2,LMC,ATF2,bZIP
2231,0,-0.24300791,-0.24097927,-1.2558968,-0.9499891090393067,PLA2R1,LMC,GATA2,Zf
562,0,-0.22547291,-0.26616102,-1.8413281,-1.8361773455142976,CKAP2,LMC,E2F4,E2F
2663,0,-0.25854215,-0.26616102,-1.068886,0.5238045728206635,SHISA6,LMC,E2F6,E2F
1970,1,-0.2409758,-0.26024023,-2.2655962,-1.3004833745956421,NEK2,MEF,MAFF,bZIP
1117,1,-0.29358298,-0.46688727,1.1141341,0.7281449830532074,FSBP,MEF,NANOG,Homeobox
1871,1,-0.01744671,-0.24097927,-6.0272655,0.22958918213844298,MRC1,MEF,CTCF,Zf
138,0,-0.11401458,-0.1286468,-2.360335,-1.6717434179782868,ANKLE1,LMC,MAX,bHLH
2260,1,-0.22816904,-0.26024023,-1.0602489,-1.2686391067504883,PLK3,MEF,ATF3,bZIP
1746,1,-0.46353218,-0.19389851,5.3277707,0.28972739458084107,MAL,MEF,STAT1,Stat
273,1,-0.22547291,-0.26616102,1.2556336,0.8645143330097198,BBS4,MEF,E2F4,E2F
995,0,-0.38727695,-0.26024023,-1.3458498,-0.8056468367576599,FAM26E,LMC,MAFK,bZIP
504,1,-0.22547291,-0.26616102,-2.4297512,-2.092380939722061,CEBPA,MEF,E2F4,E2F
1588,0,-0.34369484,-0.46688727,-2.5663316,-2.3819347500801085,KLF12,LMC,PBX3,Homeobox
2335,0,-0.3666467,-0.24097927,2.8110442,0.5184182608127594,PRKCB,LMC,GATA1,Zf
2935,0,-0.5710992,-0.24097927,-1.1207796,-0.41980958461761475,TARSL2,LMC,ZBTB33,Zf
819,0,-0.11401458,-0.1286468,1.1426833,0.016093922853469847,DTNB,LMC,MAX,bHLH
251,1,-0.042086042,-0.24097927,-2.209545,-1.4399228811264038,AURKA,MEF,GATA3,Zf
358,1,-0.18068624,-0.24097927,1.2216636,1.1707496917247773,CAMK4,MEF,MAZ,Zf
2642,0,-0.34369484,-0.46688727,-1.0922141,-0.30746872782707213,SGSM1,LMC,PBX3,Homeobox
2109,0,-0.08447774,-0.18341035,-1.8177229,-1.5101035499572755,PACSIN3,LMC,FOXA2,Forkhead
1658,0,-0.3548418,-0.24097927,-1.1199588,-0.8631603264808655,LIMCH1,LMC,ZNF263,Zf
2304,0,-0.38727695,-0.26024023,-2.0846791,-0.5420038163661957,PPARGC1A,LMC,MAFK,bZIP
1819,0,-0.18553022,-0.24097927,2.2376604,1.5559398865699767,MFNG,LMC,SP1,Zf
268,0,-0.28139952,-0.1286468,-1.0727856,0.4543297863006592,BAIAP2,LMC,TCF12,bHLH
2172,1,-0.17329708,-0.26024023,-1.412792,-1.1446913433074952,PDGFB,MEF,JUND,bZIP
2377,1,-0.28139952,-0.1286468,2.083494,-1.614525398015976,PTHLH,MEF,TCF12,bHLH
988,1,0.027779544,-0.26024023,1.5712413,1.2403137016296386,FAM19A3,MEF,BACH1,bZIP
2375,1,-0.11401458,-0.1286468,-1.5478559,-0.6893781471252441,PTGIR,MEF,MAX,bHLH
736,1,-0.28139952,-0.1286468,1.2125307,-0.7378962862491608,DCXR,MEF,TCF12,bHLH
2223,0,-0.224798,-0.224798,2.4232366,1.2442117702960969,PKIB,LMC,EBF1,EBF
2682,1,-0.12181938,-0.1286468,-4.944394,-1.8895788037776946,SLAMF9,MEF,BHLHE40,bHLH
1143,1,-0.3548418,-0.24097927,2.7778296,-0.6711786270141602,GALNT3,MEF,ZNF263,Zf
2919,1,-0.042086042,-0.24097927,3.4077892,0.8926753878593445,SYT4,MEF,GATA3,Zf
1232,1,0.0047023874,-0.1286468,2.498686,1.7158075165748596,GPM6B,MEF,USF1,bHLH
2686,1,-0.18068624,-0.24097927,1.0133885,0.49330955028533935,SLC12A2,MEF,MAZ,Zf
2057,1,-0.37391356,-0.26024023,-2.8949068,-0.4634509372711182,NUF2,MEF,ATF2,bZIP
2777,0,-0.38938692,-0.38938692,1.3346709,1.2322001373767852,SMARCA2,LMC,TCF3,HMG
2159,1,-0.12181938,-0.1286468,-3.5044124,-1.6815773391723632,PCSK9,MEF,BHLHE40,bHLH
2542,0,-0.65736616,-0.46688727,-1.5441597,-0.865998272895813,RRM2,LMC,CUX1,Homeobox
338,0,-0.25854215,-0.26616102,-1.9840221,-0.5258167541027069,CACNA1C,LMC,E2F6,E2F
1138,0,-0.01744671,-0.24097927,1.1769226,-0.1122914469242096,GALC,LMC,CTCF,Zf
1353,0,-0.11401458,-0.1286468,1.4838363,-0.03592390775680542,HOOK1,LMC,MAX,bHLH
2071,0,-0.26226777,-0.42959467,2.2531579,1.2690718579292297,OAS3,LMC,IRF1,IRF
1527,1,-0.17236876,-0.17236876,3.3540804,-1.0258364534378053,KCNA6,MEF,TEAD4,TEA
2793,1,-0.18553022,-0.24097927,1.5012249,0.9015648138523101,SNHG12,MEF,SP1,Zf
1951,0,-0.38727695,-0.26024023,1.457444,0.5721031129360199,NCEH1,LMC,MAFK,bZIP
1478,1,-0.18553022,-0.24097927,-4.4361186,-0.9401265358924866,IRF8,MEF,SP1,Zf
2233,0,0.15241732,-0.18341035,-2.8839755,-1.0604272055625916,PLAC8,LMC,FOXA1,Forkhead
2846,1,-0.12181938,-0.1286468,-1.6578367,-2.0296044158935547,SPRY3,MEF,BHLHE40,bHLH
767,1,-0.045514207,-0.047810853,2.5010579,1.872415325641632,DLX1,MEF,RFX5,HTH
1292,0,-0.40379766,-0.24097927,1.1802437,0.8271515560150147,GSDMD,LMC,ZKSCAN1,Zf
2293,0,-0.31947148,-0.31947148,-2.7335875,-2.1196199548244476,POM121L2,LMC,NRF1,NRF
1168,1,-0.37391356,-0.26024023,-1.4900697,-0.3041744875907898,GCNT2,MEF,ATF2,bZIP
2544,1,-0.38727695,-0.26024023,1.3099737,-0.9294277369976044,RSPH1,MEF,MAFK,bZIP
1580,1,-0.38727695,-0.26024023,1.737582,0.23312886595726012,KIF5C,MEF,MAFK,bZIP
2661,0,-0.17236876,-0.17236876,-1.2295792,-0.5470085144042969,SHF,LMC,TEAD4,TEA
428,1,-0.2409758,-0.26024023,-2.316158,-2.0257150709629057,CCR1,MEF,MAFF,bZIP
2677,0,-0.045514207,-0.047810853,-1.2792745,-1.462841511964798,SKA3,LMC,RFX5,HTH
2378,0,-0.23256464,-0.24097927,1.532152,0.9830567264556884,PTK2B,LMC,YY1,Zf
2450,0,-0.31947148,-0.31947148,-1.0523133,-0.06739450097084046,RARG,LMC,NRF1,NRF
993,0,-0.23256464,-0.24097927,1.3730824,0.2998110234737396,FAM213A,LMC,YY1,Zf
3080,0,-0.23256464,-0.24097927,1.7830621,0.18597335934638978,TOX2,LMC,YY1,Zf
2431,1,-0.32353044,-0.32353044,-1.6750872,-1.4553095817565918,RAD51,MEF,HNF4A,NR
650,1,-0.1281041,-0.1286468,-2.9483588,-2.0844446337223053,CREG2,MEF,USF2,bHLH
2439,1,-0.08447774,-0.18341035,-1.1696179,0.27878729820251463,RALGPS2,MEF,FOXA2,Forkhead
2463,1,-0.34774294,-0.3966394,-2.8689058,-1.2439007723331452,RASSF4,MEF,ETS1,ETS
348,0,-0.28139952,-0.1286468,-1.4145359,1.3249503886699676,CACNG7,LMC,TCF12,bHLH
2747,0,-0.38773212,-0.38773212,1.1855206,1.0438110959529876,SLC44A1,LMC,PAX5,"Paired,Homeobox"
1600,1,-0.26226777,-0.42959467,1.5696979,0.8170305442810059,KLHL8,MEF,IRF1,IRF
501,1,-0.38773212,-0.38773212,-1.5413414,-1.5481799530982971,CDT1,MEF,PAX5,"Paired,Homeobox"
2395,0,-0.3548418,-0.24097927,-1.5264401,-0.08113246083259583,PTPRZ1,LMC,ZNF263,Zf
1268,0,-0.045514207,-0.047810853,-1.1667958,-0.9946275401115418,GPSM1,LMC,RFX5,HTH
2975,0,-0.38754547,-0.3966394,-1.1033702,-1.1561812806129455,THBS1,LMC,ELK1,ETS
2216,1,-0.1281041,-0.1286468,-3.0388339,-2.8781121921539308,PILRA,MEF,USF2,bHLH
2249,1,0.027779544,-0.26024023,1.1527126,-0.08414047718048095,PLEKHG1,MEF,BACH1,bZIP
2988,1,-0.38754547,-0.3966394,2.4701684,-0.4525014495849609,TIPARP,MEF,ELK1,ETS
3249,1,-0.23256464,-0.24097927,-3.3419523,-2.0681028187274935,ZC3H12D,MEF,YY1,Zf
2440,1,0.027779544,-0.26024023,1.0040659,-1.273429318666458,RALYL,MEF,BACH1,bZIP
2149,0,-0.042086042,-0.24097927,-1.1092595,-1.045386973619461,PCDHGC4,LMC,GATA3,Zf
1824,1,-0.23256464,-0.24097927,3.1939304,0.8524793601036071,MGP,MEF,YY1,Zf
2492,1,-0.41671586,-0.24097927,-1.8323796,-1.5125726997852325,RGS16,MEF,EGR1,Zf
326,1,-0.224798,-0.224798,-8.854431,-5.055768101215363,C1QC,MEF,EBF1,EBF
1353,0,-0.34369484,-0.46688727,1.4838363,0.9833269381523132,HOOK1,LMC,PBX3,Homeobox
1465,0,0.027779544,-0.26024023,1.4524996,0.6543918108940124,INPP4B,LMC,BACH1,bZIP
2732,1,-0.70387286,-0.18341035,1.3066294,-1.2375799810886383,SLC33A1,MEF,FOXM1,Forkhead
1807,1,-0.34369484,-0.46688727,-1.8203051,-1.111599645614624,MEIS1,MEF,PBX3,Homeobox
1694,1,-0.22547291,-0.26616102,3.8982577,0.3247155904769897,LRP1B,MEF,E2F4,E2F
751,1,-0.12181938,-0.1286468,3.2691665,1.8385183906555176,DES,MEF,BHLHE40,bHLH
1437,0,-0.042086042,-0.24097927,2.5909648,2.326492086648941,IL11,LMC,GATA3,Zf
688,1,-0.12181938,-0.1286468,1.5035883,0.5012837564945221,CTSH,MEF,BHLHE40,bHLH
1021,0,-0.24300791,-0.24097927,-2.8028724,-2.7175952112674713,FAT4,LMC,GATA2,Zf
300,1,-0.042086042,-0.24097927,2.792925,3.02732528090477,BMP5,MEF,GATA3,Zf
1399,0,-0.020064104,-0.19389851,1.2212778,0.7479787790775299,HSPB1,LMC,STAT3,Stat
1954,1,-0.23256464,-0.24097927,-6.857463,-5.420149124860764,NCF4,MEF,YY1,Zf
757,1,-0.3666467,-0.24097927,1.5041792,0.9523296201229096,DIO2,MEF,GATA1,Zf
2796,1,-0.33201274,-0.26024023,1.6409645,-0.2568045365810394,SNTB1,MEF,FOS,bZIP
1182,0,-0.38773212,-0.38773212,1.1762532,0.7322876644134522,GGCT,LMC,PAX5,"Paired,Homeobox"
940,0,0.6717984,-0.24097927,-1.0492839,0.30771496772766116,EXT1,LMC,PRDM1,Zf
1368,1,0.6717984,-0.24097927,-1.5305121,-0.43411198258399963,HOXB6,MEF,PRDM1,Zf
2753,1,-0.11401458,-0.1286468,1.0627843,-0.007031251192092896,SLC5A7,MEF,MAX,bHLH
2777,0,-0.25096336,-0.26024023,1.3346709,0.7131586289405822,SMARCA2,LMC,FOSL2,bZIP
875,1,-0.2409758,-0.26024023,-1.3485354,-1.0533331203460694,EHHADH,MEF,MAFF,bZIP
3227,1,-0.042086042,-0.24097927,1.2699397,2.222909075021744,WNT11,MEF,GATA3,Zf
630,1,-0.45815486,-0.27375907,-4.2288876,-1.9196398603916167,CORO1A,MEF,MEF2A,MADS
713,1,-0.38727695,-0.26024023,1.1914463,0.7479741501808167,CYLD,MEF,MAFK,bZIP
1163,1,-0.2409758,-0.26024023,1.3765935,1.1695556735992432,GCH1,MEF,MAFF,bZIP
2201,1,-0.41846725,-0.3966394,1.2781696,-0.06974683046340942,PGR,MEF,GABPA,ETS
1669,1,-0.22547291,-0.26616102,-2.0333745,-0.31353403568267824,LMNB1,MEF,E2F4,E2F
1761,0,-0.25096336,-0.26024023,-4.7852225,-1.6681283736228942,MAP3K7CL,LMC,FOSL2,bZIP
2791,0,-0.41846725,-0.3966394,-2.931855,0.6187639999389648,SNED1,LMC,GABPA,ETS
2583,0,-0.32353044,-0.32353044,-2.5472686,-2.3475273990631105,SCML2,LMC,HNF4A,NR
1309,1,0.027779544,-0.26024023,2.2134407,2.0933530747890474,HAND2,MEF,BACH1,bZIP
1678,0,-0.01744671,-0.24097927,-1.6623957,-1.2494141495227813,LOXL2,LMC,CTCF,Zf
983,0,-0.01744671,-0.24097927,-2.6954505,-1.8686898493766784,FAM184B,LMC,CTCF,Zf
1862,1,-0.46353218,-0.19389851,1.1564282,-0.2858717978000641,MORN2,MEF,STAT1,Stat
2625,0,-0.11401458,-0.1286468,2.343038,2.127002863883972,SERPIND1,LMC,MAX,bHLH
423,0,-0.22547291,-0.26616102,-1.2695624,-1.4313916182518005,CCNE1,LMC,E2F4,E2F
2850,1,-0.34369484,-0.46688727,1.1574836,-1.8335515761375427,SQRDL,MEF,PBX3,Homeobox
2549,0,-0.34920207,-0.3966394,-2.055815,-1.5023899710178374,RTKN2,LMC,ELF1,ETS
776,0,-0.18068624,-0.24097927,-1.6226877,-1.6226740837097169,DNAH1,LMC,MAZ,Zf
765,1,-0.3548418,-0.24097927,-1.803692,-0.9103491687774659,DLK1,MEF,ZNF263,Zf
2058,0,-0.17236876,-0.17236876,1.252312,0.576753033399582,NUP210,LMC,TEAD4,TEA
2833,1,-0.12181938,-0.1286468,-7.2477894,-2.853838846683502,SPI1,MEF,BHLHE40,bHLH
27,1,0.15241732,-0.18341035,2.1844993,0.7360541296005249,ACKR3,MEF,FOXA1,Forkhead
784,1,-0.34920207,-0.3966394,1.0831264,1.0792623782157897,DNAJB4,MEF,ELF1,ETS
945,0,-0.22816904,-0.26024023,1.6291311,0.971371179819107,EZR,LMC,ATF3,bZIP
71,0,-0.38754547,-0.3966394,-1.0158373,-0.9409549510478974,ADCY4,LMC,ELK1,ETS
1118,1,-0.33201274,-0.26024023,1.1508414,1.5317317509651185,FSIP1,MEF,FOS,bZIP
2797,1,-0.5710992,-0.24097927,1.207182,0.7126978695392608,SNX16,MEF,ZBTB33,Zf
996,0,-0.26226777,-0.42959467,-1.008624,-0.8566094648838043,FAM3C,LMC,IRF1,IRF
2261,0,-0.01744671,-0.24097927,1.9372475,0.8825545263290405,PLK5,LMC,CTCF,Zf
504,0,-0.5097531,-0.26616102,2.316045,1.9629969573020936,CEBPA,LMC,E2F1,E2F
2949,0,-0.38727695,-0.26024023,1.3909388,0.9307491457462311,TCFL5,LMC,MAFK,bZIP
2489,1,-0.17236876,-0.17236876,-1.6161706,-1.167594176530838,RGMA,MEF,TEAD4,TEA
632,1,-0.28139952,-0.1286468,-4.326084,-1.3361406922340393,CORO2A,MEF,TCF12,bHLH
525,1,-0.33201274,-0.26024023,-2.4336228,-2.4336228370666504,CEP55,MEF,FOS,bZIP
2708,0,-0.12181938,-0.1286468,-2.475952,0.4084127712249756,SLC1A6,LMC,BHLHE40,bHLH
2852,0,-0.38773212,-0.38773212,-1.4059516,-1.267990163564682,SRD5A1,LMC,PAX5,"Paired,Homeobox"
1820,0,-0.224798,-0.224798,1.5626165,1.4904072630405425,MFSD12,LMC,EBF1,EBF
1525,1,-0.3548418,-0.24097927,-2.0668216,-0.45771127700805664,KCNA3,MEF,ZNF263,Zf
81,0,-0.41671586,-0.24097927,2.8394833,0.6813034164905548,ADORA3,LMC,EGR1,Zf
860,1,-0.28139952,-0.1286468,2.1151733,-0.02826770544052124,EFHD1,MEF,TCF12,bHLH
2102,0,-0.2409758,-0.26024023,2.0725229,1.7346931540966033,P2RY12,LMC,MAFF,bZIP
454,1,-0.28139952,-0.1286468,-5.4775605,-5.48486475944519,CD68,MEF,TCF12,bHLH
1575,1,-0.045514207,-0.047810853,1.0329986,-0.8482908630371093,KIF26A,MEF,RFX5,HTH
2178,0,-0.32353044,-0.32353044,-1.323891,-0.31696958184242247,PDLIM2,LMC,HNF4A,NR
1208,0,-0.045514207,-0.047810853,-1.3932074,-1.219845062494278,GLT8D2,LMC,RFX5,HTH
3239,1,-0.33201274,-0.26024023,9.86263,1.742677742242813,XIST,MEF,FOS,bZIP
1163,0,-0.11401458,-0.1286468,2.620298,2.0526932668685913,GCH1,LMC,MAX,bHLH
73,0,-0.06375064,-0.1286468,1.6107342,-0.45377925276756287,ADCY7,LMC,MYOG,bHLH
1490,1,-0.46353218,-0.19389851,1.2707528,0.03733526468276978,ITGA3,MEF,STAT1,Stat
3005,0,-0.37391356,-0.26024023,-1.1154159,-0.3069979858398437,TMC7,LMC,ATF2,bZIP
946,1,0.15241732,-0.18341035,1.9708863,0.8256543064117432,F11,MEF,FOXA1,Forkhead
690,0,-0.2409758,-0.26024023,1.260351,0.6015303564071656,CTSO,LMC,MAFF,bZIP
2842,0,-0.34369484,-0.46688727,1.2557636,1.4874004316329956,SPON2,LMC,PBX3,Homeobox
670,0,-0.01744671,-0.24097927,-1.1736025,-1.2436550283432006,CSPG4,LMC,CTCF,Zf
624,0,-0.58022815,-0.42959467,1.1434728,0.49513696193695067,COL8A2,LMC,IRF4,IRF
1646,0,-0.01744671,-0.24097927,3.3570387,2.975806360244751,LGI2,LMC,CTCF,Zf
2413,0,-0.33201274,-0.26024023,1.2538403,0.6031084597110749,RAB20,LMC,FOS,bZIP
861,1,-0.3548418,-0.24097927,-1.6204906,0.07589056253433228,EFHD2,MEF,ZNF263,Zf
1948,1,-0.70387286,-0.18341035,-2.1928997,-2.536472429037094,NCAPG2,MEF,FOXM1,Forkhead
2725,0,-0.3548418,-0.24097927,1.1413072,0.7373494029045105,SLC2A13,LMC,ZNF263,Zf
171,0,-0.32353044,-0.32353044,-1.3084476,-0.9670941042900085,APOLD1,LMC,HNF4A,NR
1388,0,-0.17236876,-0.17236876,1.3629756,1.1751669895648957,HRASLS,LMC,TEAD4,TEA
210,1,-0.38754547,-0.3966394,-1.0362118,-1.0490091145038605,ARRB1,MEF,ELK1,ETS
2881,1,-0.33201274,-0.26024023,-1.7704527,-1.2739310121536256,STIL,MEF,FOS,bZIP
3171,0,-0.23256464,-0.24097927,1.9846693,1.8417919087409973,UNC13D,LMC,YY1,Zf
2537,1,-0.5097531,-0.26616102,-1.8166342,-1.4341645073890685,RPS6KA1,MEF,E2F1,E2F
2469,0,-0.18553022,-0.24097927,-1.5840803,0.8625420916080475,RBM11,LMC,SP1,Zf
1017,1,-0.020064104,-0.19389851,-1.9749366,-1.8324149811267854,FANCI,MEF,STAT3,Stat
264,1,-0.11401458,-0.1286468,-1.1277707,-0.5368835604190827,B4GALT5,MEF,MAX,bHLH
3005,0,-0.17236876,-0.17236876,-1.1154159,-1.0711179220676421,TMC7,LMC,TEAD4,TEA
1622,0,-0.045514207,-0.047810853,1.5308331,1.274159333705902,LAMC3,LMC,RFX5,HTH
2179,0,-0.23256464,-0.24097927,1.6095622,-0.1258591091632843,PDLIM4,LMC,YY1,Zf
2772,1,-0.01744671,-0.24097927,3.2853377,0.5630065536499024,SLITRK4,MEF,CTCF,Zf
30,0,-0.38773212,-0.38773212,1.627162,0.3487308895587921,ACOT4,LMC,PAX5,"Paired,Homeobox"
169,0,-0.17329708,-0.26024023,2.8778405,2.7536055040359497,APOE,LMC,JUND,bZIP
2823,0,-0.7640029,-0.42959467,-1.7413466,-0.9079005801677704,SPAG5,LMC,IRF3,IRF
1103,0,0.6717984,-0.24097927,-1.1218795,-0.8701946830749512,FOXP1,LMC,PRDM1,Zf
582,0,-0.33134362,-0.24097927,1.3879285,1.3628785181045533,CLN3,LMC,ZEB1,Zf
1377,0,-0.25854215,-0.26616102,2.4189181,2.256808251142502,HOXD1,LMC,E2F6,E2F
1655,1,-0.41671586,-0.24097927,-1.4939244,-0.5001772236824036,LIG1,MEF,EGR1,Zf
1594,0,-0.3548418,-0.24097927,-1.0982065,-1.1515153348445892,KLHL13,LMC,ZNF263,Zf
1404,0,-0.06375064,-0.1286468,1.6830957,0.6580481863021851,HTR2B,LMC,MYOG,bHLH
2504,0,-0.41846725,-0.3966394,1.8920665,1.7532800912857056,RHOV,LMC,GABPA,ETS
2982,0,-0.38773212,-0.38773212,-1.484277,-1.0608949327468873,TICRR,LMC,PAX5,"Paired,Homeobox"
1110,1,-0.22547291,-0.26616102,-1.5227326,0.28491155862808226,FRMD4B,MEF,E2F4,E2F
3085,0,-0.33201274,-0.26024023,-2.4521747,-2.0447760808467863,TPM2,LMC,FOS,bZIP
1374,1,-0.045514207,-0.047810853,-1.569939,0.8966602551937103,HOXC5,MEF,RFX5,HTH
739,1,-0.25096336,-0.26024023,1.5737567,-0.005843775272369385,DDN,MEF,FOSL2,bZIP
1704,1,-0.17236876,-0.17236876,1.466193,0.5265435123443604,LRRC4,MEF,TEAD4,TEA
752,1,-0.70387286,-0.18341035,1.7913527,2.078341075181961,DGKG,MEF,FOXM1,Forkhead
2517,0,-0.17329708,-0.26024023,-3.7459342,-1.2358201360702514,RNF144A,LMC,JUND,bZIP
1238,0,-0.01744671,-0.24097927,-1.8319702,-1.4264069235324859,GPR126,LMC,CTCF,Zf
1978,0,-0.65736616,-0.46688727,1.1023682,-0.048067307472229,NEURL3,LMC,CUX1,Homeobox
2584,0,-0.23256464,-0.24097927,-1.2433394,-2.3100447845458985,SCML4,LMC,YY1,Zf
377,0,-0.18068624,-0.24097927,-1.1839267,-1.0165920066833496,CBS,LMC,MAZ,Zf
534,0,-0.01744671,-0.24097927,-1.9663967,-0.442648354768753,CGNL1,LMC,CTCF,Zf
1412,1,-0.29358298,-0.46688727,1.1134324,0.087193945646286,IER3,MEF,NANOG,Homeobox
1900,0,-0.7640029,-0.42959467,-2.8135483,-1.0666344892978668,MXD3,LMC,IRF3,IRF
1978,0,-0.12181938,-0.1286468,1.1023682,0.8696918964385987,NEURL3,LMC,BHLHE40,bHLH
2023,1,-0.1281041,-0.1286468,-1.3435223,-0.6553258204460144,NPEPL1,MEF,USF2,bHLH
1816,1,-0.23256464,-0.24097927,-1.3299108,-0.06937749981880188,MEX3D,MEF,YY1,Zf
389,1,-0.06375064,-0.1286468,2.016568,1.4807947540283204,CCDC153,MEF,MYOG,bHLH
1371,1,-0.042086042,-0.24097927,3.726657,1.6431282293796539,HOXC10,MEF,GATA3,Zf
2179,0,-0.06375064,-0.1286468,1.6095622,0.8236415565013886,PDLIM4,LMC,MYOG,bHLH
1015,1,-0.18553022,-0.24097927,-2.369543,-2.311341738700867,FANCA,MEF,SP1,Zf
1487,0,-0.38727695,-0.26024023,-2.077426,-1.4724779057502746,ITGA1,LMC,MAFK,bZIP
1126,1,-0.17329708,-0.26024023,2.7827566,0.2438299548625946,FXYD1,MEF,JUND,bZIP
2439,1,-0.11401458,-0.1286468,-1.1696179,0.33903428077697756,RALGPS2,MEF,MAX,bHLH
1792,1,-0.46353218,-0.19389851,-5.093406,-2.0953602981567383,MCOLN2,MEF,STAT1,Stat
933,0,-0.042086042,-0.24097927,2.0386486,0.4238150978088379,EVI2A,LMC,GATA3,Zf
921,1,-0.2409758,-0.26024023,-2.3991766,-1.0875280439853667,ESCO2,MEF,MAFF,bZIP
2854,0,-0.28139952,-0.1286468,-1.2177047,-0.4326943290233612,SRL,LMC,TCF12,bHLH
3069,1,-0.37391356,-0.26024023,-2.5900114,-2.175431859493256,TNNI2,MEF,ATF2,bZIP
1336,1,-0.7640029,-0.42959467,-1.3650213,0.3418585050106049,HIST1H3G,MEF,IRF3,IRF
501,1,-0.020064104,-0.19389851,-1.5413414,-1.3989109075069428,CDT1,MEF,STAT3,Stat
2247,0,-0.224798,-0.224798,1.8848258,0.9073801624774933,PLEKHA6,LMC,EBF1,EBF
2047,1,-0.33134362,-0.24097927,-3.1861043,-1.6350319457054139,NT5DC2,MEF,ZEB1,Zf
2924,1,-0.7640029,-0.42959467,2.4798288,-0.1925576865673065,SYTL3,MEF,IRF3,IRF
2583,0,-0.5097531,-0.26616102,-2.5472686,-1.996281808614731,SCML2,LMC,E2F1,E2F
1110,0,-0.11401458,-0.1286468,2.7059643,0.005848424434661865,FRMD4B,LMC,MAX,bHLH
2526,1,-0.18068624,-0.24097927,1.9402771,1.9942663943767547,RNF43,MEF,MAZ,Zf
2516,0,-0.2409758,-0.26024023,1.2732776,1.1187536537647247,RNF128,LMC,MAFF,bZIP
979,1,-0.38727695,-0.26024023,2.380448,1.8809815657138824,FAM179A,MEF,MAFK,bZIP
1695,1,-0.042086042,-0.24097927,-2.3293726,-0.30589746475219726,LRR1,MEF,GATA3,Zf
2133,1,-0.38773212,-0.38773212,-2.607935,-1.1096375370025635,PBK,MEF,PAX5,"Paired,Homeobox"
1142,0,-0.41846725,-0.3966394,-2.5723739,-1.5285863876342773,GALNT18,LMC,GABPA,ETS
1638,1,-0.25854215,-0.26616102,2.3367846,1.423981741666794,LEF1,MEF,E2F6,E2F
1635,1,-0.38938692,-0.38938692,1.0524637,0.5047153425216675,LDB3,MEF,TCF3,HMG
2484,1,-0.224798,-0.224798,-1.6172776,-0.7020128834247589,REPS2,MEF,EBF1,EBF
3164,1,-0.24300791,-0.24097927,1.1585988,0.0047360193729400635,UBXN11,MEF,GATA2,Zf
3197,0,-0.17236876,-0.17236876,2.6256406,2.290456714630127,VILL,LMC,TEAD4,TEA
3194,1,-0.18553022,-0.24097927,-2.786687,-1.5630282402038573,VCAN,MEF,SP1,Zf
259,1,-0.24300791,-0.24097927,-1.0887047,-1.3649451696872712,B3GNT8,MEF,GATA2,Zf
3262,1,-0.22547291,-0.26616102,1.0464939,0.45818315744400023,ZMYND12,MEF,E2F4,E2F
711,1,-0.26226777,-0.42959467,2.1121793,1.023298934698105,CYBRD1,MEF,IRF1,IRF
2675,0,-0.24300791,-0.24097927,-4.1663847,-3.216438022851944,SIX1,LMC,GATA2,Zf
3109,0,0.0047023874,-0.1286468,-1.1976123,-0.45952746629714963,TRIM7,LMC,USF1,bHLH
1991,0,-0.17236876,-0.17236876,-1.1931095,-0.836706998348236,NIM1K,LMC,TEAD4,TEA
2233,0,-0.08447774,-0.18341035,-2.8839755,-1.7190506327152253,PLAC8,LMC,FOXA2,Forkhead
186,1,-0.045514207,-0.047810853,-7.0380754,-3.8598363268375397,ARHGAP30,MEF,RFX5,HTH
464,0,-0.22547291,-0.26616102,-1.0312785,-1.2294954657554626,CD97,LMC,E2F4,E2F
2742,0,-0.3666467,-0.24097927,1.4623579,1.393323962688446,SLC39A8,LMC,GATA1,Zf
2617,1,-0.18068624,-0.24097927,-1.5712881,-0.9978922319412231,SEPP1,MEF,MAZ,Zf
229,1,-0.70387286,-0.18341035,-2.8171737,-2.5642799091339112,ASPM,MEF,FOXM1,Forkhead
2417,0,-0.40379766,-0.24097927,1.1701922,0.30249849796295164,RAB27B,LMC,ZKSCAN1,Zf
1523,1,-0.17236876,-0.17236876,3.3590403,0.3132190954685211,KCNA1,MEF,TEAD4,TEA
2039,0,0.15241732,-0.18341035,-1.6790822,-1.579666018486023,NRN1,LMC,FOXA1,Forkhead
2124,0,-0.31947148,-0.31947148,1.5096653,0.6025205683708191,PARK2,LMC,NRF1,NRF
2406,1,-0.2409758,-0.26024023,-2.2290986,-2.0032181680202483,PYROXD2,MEF,MAFF,bZIP
1642,1,-0.41671586,-0.24097927,-2.2667716,-0.0898186993598938,LFNG,MEF,EGR1,Zf
1347,0,-0.11401458,-0.1286468,-2.0435047,-1.7319978821277617,HMMR,LMC,MAX,bHLH
1990,0,-0.11401458,-0.1286468,-1.7527599,-0.6758549058437348,NID1,LMC,MAX,bHLH
3268,1,-0.17329708,-0.26024023,-1.4214575,-1.2037858283519745,ZYX,MEF,JUND,bZIP
3027,0,-0.34369484,-0.46688727,2.0194569,0.08556633591651916,TMEM184A,LMC,PBX3,Homeobox
1087,1,-0.38727695,-0.26024023,1.1361747,0.849159826040268,FNDC3A,MEF,MAFK,bZIP
1062,1,-0.24300791,-0.24097927,-1.2867284,-1.3754680788516997,FGGY,MEF,GATA2,Zf
1127,0,-0.17329708,-0.26024023,3.1849215,1.9294549667835235,FXYD6,LMC,JUND,bZIP
1570,1,-0.12181938,-0.1286468,-2.6483867,-1.4551660490036011,KIF20A,MEF,BHLHE40,bHLH
72,1,-0.29358298,-0.46688727,1.5808972,0.20246633172035217,ADCY5,MEF,NANOG,Homeobox
2101,1,-0.70387286,-0.18341035,1.980347,0.9689667093753814,P2RY10,MEF,FOXM1,Forkhead
1152,1,-0.224798,-0.224798,-1.1213462,-0.2970842921733856,GAS7,MEF,EBF1,EBF
2222,0,-0.31947148,-0.31947148,1.4980257,1.8349064564704896,PKHD1L1,LMC,NRF1,NRF
48,0,0.0047023874,-0.1286468,-1.7626135,-1.3237327098846436,ADAM19,LMC,USF1,bHLH
227,1,-0.01744671,-0.24097927,1.2970152,-0.09629781126976013,ASIC1,MEF,CTCF,Zf
2089,0,-0.01744671,-0.24097927,-1.6582886,-0.9946397769451142,OPTC,LMC,CTCF,Zf
1057,1,-0.46353218,-0.19389851,1.781064,1.5088789021968843,FGF9,MEF,STAT1,Stat
1015,1,-0.769263,-0.26024023,-2.369543,-2.123757311105728,FANCA,MEF,BATF,bZIP
990,1,-0.01744671,-0.24097927,1.026783,1.0770302402973175,FAM204A,MEF,CTCF,Zf
2114,1,-0.01744671,-0.24097927,1.6493459,0.8563694751262665,PAK6,MEF,CTCF,Zf
810,1,-0.28139952,-0.1286468,1.0992905,1.022147935628891,DPYSL4,MEF,TCF12,bHLH
1802,1,-0.58022815,-0.42959467,1.033383,-0.021157828569412233,MEF2A,MEF,IRF4,IRF
2197,1,-0.11401458,-0.1286468,-1.744764,-1.1425015473365783,PGBD5,MEF,MAX,bHLH
2553,0,-0.40379766,-0.24097927,2.4957607,0.26051329374313353,RTN4RL2,LMC,ZKSCAN1,Zf
1406,1,-0.1281041,-0.1286468,-1.7902205,-0.6645387935638428,HVCN1,MEF,USF2,bHLH
1716,0,-0.24300791,-0.24097927,2.0448952,-0.6327412748336791,LRTM2,LMC,GATA2,Zf
264,1,-0.22816904,-0.26024023,-1.1277707,-1.1346314132213593,B4GALT5,MEF,ATF3,bZIP
1798,1,-0.34774294,-0.3966394,-2.3362384,-1.0395139098167419,MDK,MEF,ETS1,ETS
817,1,-0.5710992,-0.24097927,2.4973128,0.058791909217834476,DSP,MEF,ZBTB33,Zf
2258,1,-0.1281041,-0.1286468,1.1191164,0.30546783804893496,PLIN5,MEF,USF2,bHLH
358,1,-0.38938692,-0.38938692,1.2216636,1.1734147810935973,CAMK4,MEF,TCF3,HMG
1189,1,-0.12181938,-0.1286468,1.736382,-0.17815034389495848,GIMAP6,MEF,BHLHE40,bHLH
2377,1,0.027779544,-0.26024023,2.083494,-0.9888290798664093,PTHLH,MEF,BACH1,bZIP
1055,1,-0.34369484,-0.46688727,1.8330293,1.224013625383377,FGF5,MEF,PBX3,Homeobox
372,0,-0.01744671,-0.24097927,1.4587322,1.3301951229572295,CASZ1,LMC,CTCF,Zf
1319,0,-0.01744671,-0.24097927,2.3808057,2.0402526450157166,HCN4,LMC,CTCF,Zf
459,0,-0.045514207,-0.047810853,1.1227926,1.3267286705970764,CD82,LMC,RFX5,HTH
2476,1,-0.17329708,-0.26024023,1.7372016,-0.17825969576835632,RCAN1,MEF,JUND,bZIP
893,1,-0.224798,-0.224798,1.0541712,0.6899444997310639,ENDOD1,MEF,EBF1,EBF
2485,1,-0.23256464,-0.24097927,3.6311066,1.2373577189445495,RERG,MEF,YY1,Zf
1901,1,-0.045514207,-0.047810853,1.1209321,-1.6914701795578002,MYBL1,MEF,RFX5,HTH
2763,0,-0.06375064,-0.1286468,-1.3758038,-0.9079202425479889,SLC9A5,LMC,MYOG,bHLH
2747,0,-0.40379766,-0.24097927,1.1855206,1.1221666538715362,SLC44A1,LMC,ZKSCAN1,Zf
2397,1,-0.6753632,-0.24097927,1.1374047,-0.46709216117858887,PTTG1,MEF,SP2,Zf
776,0,-0.41846725,-0.3966394,-1.6226877,-1.4374804317951202,DNAH1,LMC,GABPA,ETS
373,0,-0.1281041,-0.1286468,1.1052054,0.8080898606777192,CAT,LMC,USF2,bHLH
1161,1,-0.34774294,-0.3966394,-1.5350251,0.12531432509422302,GBX1,MEF,ETS1,ETS
3261,1,-0.5710992,-0.24097927,1.0759444,-0.774558641910553,ZKSCAN4,MEF,ZBTB33,Zf
796,1,-0.3666467,-0.24097927,-2.4550138,-1.84686305642128,DOCK8,MEF,GATA1,Zf
1475,1,-0.38754547,-0.3966394,-2.8389897,-1.0815904700756074,IRF5,MEF,ELK1,ETS
3065,1,-0.31947148,-0.31947148,-1.6720701,-0.7365381217002869,TNIK,MEF,NRF1,NRF
1004,1,-0.46353218,-0.19389851,1.7937952,0.6897401213645935,FAM71E1,MEF,STAT1,Stat
2541,1,-0.38727695,-0.26024023,-1.4664801,-1.1952822196483612,RRM1,MEF,MAFK,bZIP
1571,1,-0.18068624,-0.24097927,-2.078099,-1.6349802017211914,KIF20B,MEF,MAZ,Zf
1563,0,-0.17329708,-0.26024023,-1.016507,-1.2783386015892029,KDELR3,LMC,JUND,bZIP
90,1,-0.24300791,-0.24097927,-1.6374851,-1.2123974430561066,AGER,MEF,GATA2,Zf
731,0,-0.11401458,-0.1286468,-1.1816763,-1.1109094202518464,DCLK1,LMC,MAX,bHLH
3171,0,-0.38773212,-0.38773212,1.9846693,1.7665673470497132,UNC13D,LMC,PAX5,"Paired,Homeobox"
1953,0,-0.33134362,-0.24097927,1.9256032,1.2704162657260896,NCF2,LMC,ZEB1,Zf
3241,1,-0.18553022,-0.24097927,-1.8962338,-1.2653320813179016,XKR5,MEF,SP1,Zf
1118,1,-0.26226777,-0.42959467,1.1508414,-0.9843331956863404,FSIP1,MEF,IRF1,IRF
1199,0,-0.23256464,-0.24097927,1.2217073,-0.439158661365509,GLA,LMC,YY1,Zf
1050,0,-0.020064104,-0.19389851,-1.2463815,-1.4386348283290864,FGF11,LMC,STAT3,Stat
126,0,-0.41846725,-0.3966394,2.119779,1.7787676930427552,AMDHD1,LMC,GABPA,ETS
2811,0,-0.24300791,-0.24097927,-1.3366922,-0.8393692266941071,SOX13,LMC,GATA2,Zf
2020,1,-0.24300791,-0.24097927,-1.9587115,-0.9336176061630249,NPAS2,MEF,GATA2,Zf
516,0,-0.28139952,-0.1286468,-1.7725236,-1.7461584746837615,CENPM,LMC,TCF12,bHLH
3146,1,-0.45815486,-0.27375907,-1.181462,-1.4873168516159057,TUBA1C,MEF,MEF2A,MADS
2769,0,-0.26226777,-0.42959467,2.0982068,1.106520298719406,SLFN5,LMC,IRF1,IRF
3161,0,-0.2409758,-0.26024023,1.1137409,1.0606284058094024,UBE2L6,LMC,MAFF,bZIP
362,1,-0.17329708,-0.26024023,-2.8580058,1.1027628266811371,CAPN11,MEF,JUND,bZIP
2686,1,-0.38938692,-0.38938692,1.0133885,-1.9182879161834716,SLC12A2,MEF,TCF3,HMG
1917,0,-0.01744671,-0.24097927,-1.1573383,-0.331314138174057,MYO16,LMC,CTCF,Zf
2970,0,-0.33201274,-0.26024023,-1.5857894,-1.4635155701637268,TGFB2,LMC,FOS,bZIP
144,1,-0.3666467,-0.24097927,-2.612855,-2.2422616481781006,ANLN,MEF,GATA1,Zf
856,1,-0.70387286,-0.18341035,-2.041312,-0.8029538166522979,EFCAB11,MEF,FOXM1,Forkhead
1400,1,-0.18068624,-0.24097927,3.6111457,2.1676632142066956,HSPB2,MEF,MAZ,Zf
1300,0,-0.12181938,-0.1286468,-1.4127604,0.4112799072265625,GSTT1,LMC,BHLHE40,bHLH
3262,1,0.0047023874,-0.1286468,1.0464939,0.0639180052280426,ZMYND12,MEF,USF1,bHLH
3099,1,-0.28139952,-0.1286468,-1.4419627,-1.4116394424438476,TRERF1,MEF,TCF12,bHLH
3267,1,-0.38727695,-0.26024023,-1.183221,-1.002389476299286,ZWILCH,MEF,MAFK,bZIP
884,1,-0.020064104,-0.19389851,-3.191152,-0.8802875113487244,EMCN,MEF,STAT3,Stat
1087,1,-0.020064104,-0.19389851,1.1361747,-0.6449461781978607,FNDC3A,MEF,STAT3,Stat
465,0,-0.11043269,-0.047810853,-2.1160264,-1.4395683693885803,CDC20,LMC,MYB,HTH
1760,0,-0.13781479,-0.3966394,1.0684023,0.67766930103302,MAP3K1,LMC,ELK4,ETS
2154,0,-0.13781479,-0.3966394,3.9104586,2.187235276699066,PCNXL2,LMC,ELK4,ETS
3018,1,-0.224798,-0.224798,-3.1052723,-0.2768978822231293,TMEM156,MEF,EBF1,EBF
1972,0,-0.13781479,-0.3966394,-1.1155492,-1.061751413345337,NEK8,LMC,ELK4,ETS
2183,0,-0.11401458,-0.1286468,1.7162262,1.100366005897522,PDZK1IP1,LMC,MAX,bHLH
2804,1,0.027779544,-0.26024023,-1.3851969,-0.08921071648597717,SOGA3,MEF,BACH1,bZIP
1246,0,0.15241732,-0.18341035,1.710225,1.5250875663757324,GPR160,LMC,FOXA1,Forkhead
536,1,-0.25854215,-0.26616102,-1.098342,-0.947831106185913,CH25H,MEF,E2F6,E2F
684,1,-0.01744671,-0.24097927,-1.4739813,0.12286763072013855,CTSC,MEF,CTCF,Zf
2388,0,-0.31947148,-0.31947148,2.0310795,1.0748519802093506,PTPRC,LMC,NRF1,NRF
449,0,-0.22547291,-0.26616102,2.0594478,2.0163355243206023,CD48,LMC,E2F4,E2F
1095,0,-0.28139952,-0.1286468,-1.7231222,-0.964643611907959,FOXC1,LMC,TCF12,bHLH
2964,0,-0.18068624,-0.24097927,1.0158743,0.23381428599357604,TFEB,LMC,MAZ,Zf
627,1,-0.06375064,-0.1286468,1.8243555,0.9285003423690796,COLGALT2,MEF,MYOG,bHLH
2422,0,-0.3548418,-0.24097927,-1.516186,-1.145302073955536,RAB39B,LMC,ZNF263,Zf
1123,0,-0.41846725,-0.3966394,1.4232948,1.2657413506507873,FTH1,LMC,GABPA,ETS
3154,0,-0.25854215,-0.26616102,-1.1298621,-1.4120327270030975,TXNRD3,LMC,E2F6,E2F
2876,1,-0.17236876,-0.17236876,-2.4180818,-1.155525358915329,STARD9,MEF,TEAD4,TEA
383,0,-0.25096336,-0.26024023,1.1674314,0.46172077059745786,CCDC114,LMC,FOSL2,bZIP
2579,1,-0.01744671,-0.24097927,1.137653,0.10984780311584473,SCARA3,MEF,CTCF,Zf
1252,0,-0.18068624,-0.24097927,-2.1106544,-0.03657705307006836,GPR20,LMC,MAZ,Zf
2666,1,-0.06375064,-0.1286468,1.8492012,0.035057486295700074,SHOX2,MEF,MYOG,bHLH
1160,0,-0.45815486,-0.27375907,1.7770145,0.858353362083435,GBP6,LMC,MEF2A,MADS
808,1,-0.18068624,-0.24097927,2.3564422,1.598653919696808,DPYD,MEF,MAZ,Zf
464,0,-0.24300791,-0.24097927,-1.0312785,-1.2289221429824828,CD97,LMC,GATA2,Zf
1697,0,-0.22547291,-0.26616102,-1.5333753,-0.41430240392684936,LRRC16A,LMC,E2F4,E2F
2007,1,-0.17236876,-0.17236876,2.0483093,0.9479668617248536,NMNAT2,MEF,TEAD4,TEA
893,1,-0.26226777,-0.42959467,1.0541712,-0.6895442163944244,ENDOD1,MEF,IRF1,IRF
2508,0,-0.224798,-0.224798,1.9511803,1.7857962334156037,RIMS3,LMC,EBF1,EBF
2611,1,-0.38727695,-0.26024023,1.7113293,-0.4633304250240326,SEMA3G,MEF,MAFK,bZIP
3088,0,-0.38727695,-0.26024023,-1.338504,-0.4769833195209503,TPX2,LMC,MAFK,bZIP
1802,1,-0.29358298,-0.46688727,1.033383,0.4348033547401428,MEF2A,MEF,NANOG,Homeobox
2804,1,-0.11401458,-0.1286468,-1.3851969,-0.3314462542533875,SOGA3,MEF,MAX,bHLH
818,1,-0.11401458,-0.1286468,-2.164502,-0.3157495617866516,DTL,MEF,MAX,bHLH
2636,0,-0.020064104,-0.19389851,-1.391746,0.13738932609558105,SGCD,LMC,STAT3,Stat
1326,1,-0.26226777,-0.42959467,1.7722064,-0.3693042135238647,HERC3,MEF,IRF1,IRF
3236,0,-0.46353218,-0.19389851,1.1457943,0.39489821314811707,WWP1,LMC,STAT1,Stat
2613,1,-0.40379766,-0.24097927,2.03598,0.06640227794647217,SEMA4F,MEF,ZKSCAN1,Zf
2936,1,-0.25096336,-0.26024023,-1.5105346,0.3592201435565949,TBC1D2B,MEF,FOSL2,bZIP
2971,1,-0.12181938,-0.1286468,-1.6132019,0.3635568130016327,TGFBR3,MEF,BHLHE40,bHLH
1733,1,0.027779544,-0.26024023,1.1049803,1.1342838621139526,LYRM1,MEF,BACH1,bZIP
537,1,-0.46353218,-0.19389851,-1.0118498,-0.24236136198043823,CHAF1A,MEF,STAT1,Stat
2641,1,-0.38727695,-0.26024023,-1.5156106,-1.24007248878479,SGOL2,MEF,MAFK,bZIP
181,1,-0.7640029,-0.42959467,-2.8857563,-2.4025806653499604,ARHGAP19,MEF,IRF3,IRF
295,0,-0.5710992,-0.24097927,-1.6202104,-0.865957772731781,BIRC5,LMC,ZBTB33,Zf
2692,1,-0.769263,-0.26024023,-5.3542004,-0.2900806188583374,SLC15A3,MEF,BATF,bZIP
1763,1,0.0047023874,-0.1286468,-1.1248577,-0.40692023277282713,MAP4K1,MEF,USF1,bHLH
435,0,-0.25854215,-0.26616102,1.1846792,1.5924435317516328,CD200,LMC,E2F6,E2F
427,1,-0.042086042,-0.24097927,1.174304,1.1564561867713927,CCPG1,MEF,GATA3,Zf
450,1,-0.70387286,-0.18341035,-6.2079844,-6.113326904773712,CD52,MEF,FOXM1,Forkhead
923,1,-1.3901731,-0.3966394,-3.2897458,-1.8374190759658813,ESPL1,MEF,FLI1,ETS
2090,1,-0.045514207,-0.047810853,1.4809719,1.5836156821250915,OSBPL3,MEF,RFX5,HTH
1007,0,-0.38727695,-0.26024023,1.9239274,-0.34360931396484373,FAM78A,LMC,MAFK,bZIP
1215,0,-0.18068624,-0.24097927,-1.0471468,-0.7751864957809448,GNG10,LMC,MAZ,Zf
1692,1,-0.18553022,-0.24097927,-1.0737952,-0.8482428205013275,LRIG1,MEF,SP1,Zf
2394,1,-0.25854215,-0.26616102,1.4080236,0.38890238165855406,PTPRU,MEF,E2F6,E2F
2474,1,0.15241732,-0.18341035,3.725891,1.7832848811149598,RBP4,MEF,FOXA1,Forkhead
229,1,0.15241732,-0.18341035,-2.8171737,-2.2036012661457063,ASPM,MEF,FOXA1,Forkhead
424,1,-0.1281041,-0.1286468,-1.7134051,-1.6858353638648986,CCNF,MEF,USF2,bHLH
2247,1,-0.22816904,-0.26024023,2.2542877,-0.7761695778369904,PLEKHA6,MEF,ATF3,bZIP
310,1,-0.042086042,-0.24097927,-4.55177,-2.81583633184433,BRINP3,MEF,GATA3,Zf
2014,1,-0.18553022,-0.24097927,1.4636707,0.18952395915985107,NOS1AP,MEF,SP1,Zf
91,0,-0.224798,-0.224798,-1.0685996,1.0193977522850037,AGPAT9,LMC,EBF1,EBF
1472,1,-0.12181938,-0.1286468,-1.5299138,-0.013373799324035644,IQGAP2,MEF,BHLHE40,bHLH
122,1,-0.28139952,-0.1286468,-1.2995142,0.48381012439727783,ALX1,MEF,TCF12,bHLH
2176,0,-0.224798,-0.224798,-1.1671095,-1.1181421673297882,PDGFRL,LMC,EBF1,EBF
2259,1,-0.12181938,-0.1286468,-3.097473,-0.22405352234840392,PLK1,MEF,BHLHE40,bHLH
254,0,-0.41671586,-0.24097927,3.5692673,1.1309535372257233,AXIN2,LMC,EGR1,Zf
1530,1,-0.65736616,-0.46688727,-1.7830039,0.4686165153980255,KCNAB2,MEF,CUX1,Homeobox
2716,1,-0.33011255,-0.26024023,-1.5039499,-0.4021162486076355,SLC25A45,MEF,ATF1,bZIP
3052,0,-0.01744671,-0.24097927,-2.1325834,-1.6037359488010408,TNC,LMC,CTCF,Zf
114,1,-0.70387286,-0.18341035,5.5927067,1.28705650806427,ALDH3A1,MEF,FOXM1,Forkhead
1192,1,-0.17329708,-0.26024023,1.3111038,-0.03505805015563965,GIPC2,MEF,JUND,bZIP
693,0,-0.18068624,-0.24097927,-1.0231155,-0.5236102771759034,CUL7,LMC,MAZ,Zf
3099,1,-0.34369484,-0.46688727,-1.4419627,-0.9190544748306274,TRERF1,MEF,PBX3,Homeobox
2957,0,-0.18553022,-0.24097927,2.2532527,1.541405316591263,TESC,LMC,SP1,Zf
1089,0,-0.11043269,-0.047810853,1.3984087,1.4376766884326935,FNIP2,LMC,MYB,HTH
1820,0,-0.8272477,-0.24097927,1.5626165,0.7576283919811249,MFSD12,LMC,BCL11A,Zf
222,0,-0.65736616,-0.46688727,-2.4331834,-0.6418695962429046,ASB2,LMC,CUX1,Homeobox
2431,1,-0.31947148,-0.31947148,-1.6750872,-1.2498938071727752,RAD51,MEF,NRF1,NRF
2415,1,-0.23256464,-0.24097927,2.8182907,0.9364264583587647,RAB26,MEF,YY1,Zf
1706,1,-0.25854215,-0.26616102,1.2525445,0.9807251048088074,LRRC75B,MEF,E2F6,E2F
114,1,-0.25096336,-0.26024023,5.5927067,2.6625004839897155,ALDH3A1,MEF,FOSL2,bZIP
719,0,-0.70387286,-0.18341035,1.9190269,0.9580424582958221,CYSLTR1,LMC,FOXM1,Forkhead
3265,1,-0.25854215,-0.26616102,-1.2940427,-1.239074318408966,ZRANB3,MEF,E2F6,E2F
1623,0,-0.224798,-0.224798,2.135228,1.8418802559375762,LAPTM5,LMC,EBF1,EBF
364,1,-0.33134362,-0.24097927,1.1463557,0.8415168225765228,CAPS2,MEF,ZEB1,Zf
1738,1,-0.37391356,-0.26024023,1.1827898,0.646946234703064,LZTFL1,MEF,ATF2,bZIP
1510,0,-0.13781479,-0.3966394,1.1837133,1.2637431585788728,JADE2,LMC,ELK4,ETS
2929,1,-0.17329708,-0.26024023,-1.4088733,-0.4737692630290985,TACC3,MEF,JUND,bZIP
1610,0,-0.65736616,-0.46688727,2.324363,2.1204108452796935,KRT8,LMC,CUX1,Homeobox
2515,1,-0.020064104,-0.19389851,1.1263795,-0.16381457209587097,RND1,MEF,STAT3,Stat
511,0,-0.25854215,-0.26616102,-2.0281026,-1.9287551105022431,CENPE,LMC,E2F6,E2F
1840,0,-0.46353218,-0.19389851,2.1801987,1.540496461391449,MMD,LMC,STAT1,Stat
262,1,-0.34920207,-0.3966394,-1.0602292,-1.10668008685112,B4GALT1,MEF,ELF1,ETS
3112,0,-0.18068624,-0.24097927,-1.0263593,-1.186526699066162,TRNP1,LMC,MAZ,Zf
553,0,0.027779544,-0.26024023,-1.1679317,-1.1561314380168914,CHST2,LMC,BACH1,bZIP
207,0,-0.38754547,-0.3966394,1.4829313,1.0326975679397583,ARL4D,LMC,ELK1,ETS
644,0,-0.34920207,-0.3966394,-3.9277136,-1.955279655456543,CRABP1,LMC,ELF1,ETS
2903,0,-0.18068624,-0.24097927,2.135801,1.830622421503067,SV2A,LMC,MAZ,Zf
2448,0,-0.020064104,-0.19389851,2.2214782,-0.12353843212127685,RAPGEF5,LMC,STAT3,Stat
1290,1,-0.1281041,-0.1286468,1.0688027,1.1743244171142577,GRTP1,MEF,USF2,bHLH
739,1,-0.45815486,-0.27375907,1.5737567,1.000410944223404,DDN,MEF,MEF2A,MADS
879,1,-0.18068624,-0.24097927,-2.5854182,-0.8697422420978547,ELMO1,MEF,MAZ,Zf
707,1,-0.17329708,-0.26024023,1.7866613,1.578792325258255,CYB561,MEF,JUND,bZIP
662,1,-0.41846725,-0.3966394,3.5131092,2.072365481853485,CRYM,MEF,GABPA,ETS
403,1,-0.26226777,-0.42959467,1.625412,1.2721138799190521,CCDC80,MEF,IRF1,IRF
2704,0,-0.17236876,-0.17236876,-1.4064982,-1.1091399788856506,SLC17A9,LMC,TEAD4,TEA
2709,0,-0.769263,-0.26024023,1.6009575,1.4995088112354278,SLC22A18,LMC,BATF,bZIP
2744,1,-0.06375064,-0.1286468,-2.4313455,-0.7402368748188018,SLC43A1,MEF,MYOG,bHLH
1819,1,-0.12181938,-0.1286468,-2.406955,-2.0818169260025026,MFNG,MEF,BHLHE40,bHLH
3046,0,-0.33201274,-0.26024023,2.2893217,1.100819537639618,TMEM59L,LMC,FOS,bZIP
436,0,-0.70387286,-0.18341035,2.1737292,2.1535590744018553,CD200R1,LMC,FOXM1,Forkhead
1062,1,-0.28139952,-0.1286468,-1.2867284,-1.1331014502048493,FGGY,MEF,TCF12,bHLH
2975,0,-0.020064104,-0.19389851,-1.1033702,-1.0091644990444184,THBS1,LMC,STAT3,Stat
1454,0,-0.020064104,-0.19389851,2.2008123,-0.010737643241882325,IL21R,LMC,STAT3,Stat
1342,0,-0.38754547,-0.3966394,-1.3495045,-1.1495652329921722,HMGA2,LMC,ELK1,ETS
1542,0,-0.41671586,-0.24097927,2.0720127,1.5052994775772095,KCNIP2,LMC,EGR1,Zf
441,1,-0.224798,-0.224798,-4.2018747,-3.9360175466537477,CD300A,MEF,EBF1,EBF
3006,0,0.0047023874,-0.1286468,-1.0641911,-0.23284016370773317,TMEFF2,LMC,USF1,bHLH
2626,1,-0.25854215,-0.26616102,3.1389117,2.089152604341507,SERPINE2,MEF,E2F6,E2F
1221,1,-0.769263,-0.26024023,1.7337681,0.3795167171955109,GORAB,MEF,BATF,bZIP
1362,1,-0.5097531,-0.26616102,-1.7835001,-1.5030357313156129,HOXA7,MEF,E2F1,E2F
3074,1,-0.17329708,-0.26024023,1.9111053,1.177466207742691,TNS4,MEF,JUND,bZIP
2319,0,-0.045514207,-0.047810853,1.4068983,0.27180070042610166,PPP1R9A,LMC,RFX5,HTH
98,0,-0.01744671,-0.24097927,2.643858,1.6846321737766266,AIF1,LMC,CTCF,Zf
2231,0,0.027779544,-0.26024023,-1.2558968,0.06385387063026428,PLA2R1,LMC,BACH1,bZIP
510,0,-0.045514207,-0.047810853,-1.3674154,-1.38489133477211,CENPA,LMC,RFX5,HTH
3043,1,-0.25096336,-0.26024023,-2.8654144,0.14454951405525207,TMEM51,MEF,FOSL2,bZIP
585,0,-0.22547291,-0.26616102,1.6729612,1.6951932764053346,CLU,LMC,E2F4,E2F
3104,1,-0.2409758,-0.26024023,-1.1894004,-0.3044538629055023,TRIM25,MEF,MAFF,bZIP
2151,0,-0.1281041,-0.1286468,1.17195,1.4255973505973816,PCED1B,LMC,USF2,bHLH
872,1,0.15241732,-0.18341035,-2.1995416,-0.6962746071815491,EGR2,MEF,FOXA1,Forkhead
2810,1,-0.18553022,-0.24097927,-2.681507,-0.17758787155151368,SOX12,MEF,SP1,Zf
518,1,-0.33201274,-0.26024023,-1.4699304,-1.4699304103851318,CENPP,MEF,FOS,bZIP
513,0,-0.46353218,-0.19389851,-1.3525441,-1.4845084857940674,CENPH,LMC,STAT1,Stat
1082,1,0.15241732,-0.18341035,1.0468322,-0.9233758556842804,FMNL2,MEF,FOXA1,Forkhead
2741,0,-0.5710992,-0.24097927,1.7651315,1.4473099184036256,SLC39A4,LMC,ZBTB33,Zf
2527,1,-0.22547291,-0.26616102,1.105857,0.6560750794410706,ROBO1,MEF,E2F4,E2F
1625,1,-0.38754547,-0.3966394,2.403555,-0.7468955147266388,LARS2,MEF,ELK1,ETS
398,1,-0.25096336,-0.26024023,1.0387565,1.256411256790161,CCDC63,MEF,FOSL2,bZIP
1016,1,-0.40379766,-0.24097927,-1.8221961,-1.8705724418163299,FANCD2,MEF,ZKSCAN1,Zf
3163,0,-0.045514207,-0.047810853,2.111546,1.6144971430301667,UBXN10,LMC,RFX5,HTH
1446,1,-0.2409758,-0.26024023,-1.9539555,2.1233992278575897,IL18RAP,MEF,MAFF,bZIP
1497,0,-0.38773212,-0.38773212,2.0019827,2.1188397562503813,ITGB2,LMC,PAX5,"Paired,Homeobox"
1404,0,-0.23256464,-0.24097927,1.6830957,1.282794519662857,HTR2B,LMC,YY1,Zf
829,0,-0.41846725,-0.3966394,-1.1774735,-1.1486076152324676,DUT,LMC,GABPA,ETS
1665,1,-0.1281041,-0.1286468,-1.0906605,-1.2474687361717225,LIPA,MEF,USF2,bHLH
1978,1,-0.33134362,-0.24097927,-1.5159668,-0.6394116628170013,NEURL3,MEF,ZEB1,Zf
1048,0,-0.224798,-0.224798,3.2970698,2.719878170490265,FGF1,LMC,EBF1,EBF
2970,1,-0.38727695,-0.26024023,1.2388296,-0.19790292263031006,TGFB2,MEF,MAFK,bZIP
2231,0,-0.020064104,-0.19389851,-1.2558968,-0.4114204859733582,PLA2R1,LMC,STAT3,Stat
3064,1,0.6717984,-0.24097927,3.4958272,1.743989794254303,TNFSF15,MEF,PRDM1,Zf
307,1,-0.11401458,-0.1286468,-1.1805693,-0.9928453886508941,BOK,MEF,MAX,bHLH
2853,1,-0.224798,-0.224798,-3.395386,-1.3185689055919647,SRGN,MEF,EBF1,EBF
1184,1,-0.38773212,-0.38773212,-1.1692625,-0.14840163946151733,GGN,MEF,PAX5,"Paired,Homeobox"
2386,1,-0.41846725,-0.3966394,-5.8584,-3.155923852920532,PTPN6,MEF,GABPA,ETS
1401,0,-0.28139952,-0.1286468,-1.605186,0.020322045087814333,HSPB6,LMC,TCF12,bHLH
2739,0,-0.17329708,-0.26024023,1.0755472,1.365505805015564,SLC39A10,LMC,JUND,bZIP
1794,0,0.027779544,-0.26024023,1.9649539,1.322779941558838,MCTP1,LMC,BACH1,bZIP
2776,1,-0.41846725,-0.3966394,-4.6038027,-2.7883650207519532,SMAGP,MEF,GABPA,ETS
2629,1,-0.3548418,-0.24097927,-1.1922623,-0.04776466727256775,SERTAD4,MEF,ZNF263,Zf
641,1,-0.70387286,-0.18341035,1.284983,0.6382333242893219,CPOX,MEF,FOXM1,Forkhead
2090,1,-0.3666467,-0.24097927,1.4809719,-0.06166159391403198,OSBPL3,MEF,GATA1,Zf
3257,0,-0.045514207,-0.047810853,1.0511478,0.042927476167678835,ZFPM1,LMC,RFX5,HTH
2163,1,-0.020064104,-0.19389851,-2.127239,-1.9525973999500275,PDE11A,MEF,STAT3,Stat
2650,0,-0.34920207,-0.3966394,-1.4161148,-0.15713613152503966,SH3GL3,LMC,ELF1,ETS
2943,0,-0.38754547,-0.3966394,-2.6637702,-0.6699338281154632,TBXA2R,LMC,ELK1,ETS
786,1,-0.46353218,-0.19389851,3.1105778,2.331093057394028,DNAJC6,MEF,STAT1,Stat
1142,0,-0.26226777,-0.42959467,-2.5723739,-2.137393660545349,GALNT18,LMC,IRF1,IRF
2739,0,-0.46353218,-0.19389851,1.0755472,1.2487215650081636,SLC39A10,LMC,STAT1,Stat
775,1,-0.34920207,-0.3966394,-1.7200471,0.6133906257152557,DMRTA2,MEF,ELF1,ETS
608,0,0.15241732,-0.18341035,-2.475787,-2.437109417915344,COL12A1,LMC,FOXA1,Forkhead
80,0,-0.25096336,-0.26024023,-1.8548774,-1.50710209608078,ADORA2B,LMC,FOSL2,bZIP
988,1,-0.020064104,-0.19389851,1.5712413,1.4671913969516754,FAM19A3,MEF,STAT3,Stat
1824,1,-0.37391356,-0.26024023,3.1939304,-0.5160559594631196,MGP,MEF,ATF2,bZIP
368,1,-0.33201274,-0.26024023,1.3773782,0.4199323630332947,CASKIN1,MEF,FOS,bZIP
935,1,-0.38938692,-0.38938692,-1.9342779,-1.4462908053398131,EVL,MEF,TCF3,HMG
3021,1,-0.41671586,-0.24097927,-1.6194723,-1.4192284262180328,TMEM171,MEF,EGR1,Zf
2579,1,-0.38754547,-0.3966394,1.137653,-0.25233065843582153,SCARA3,MEF,ELK1,ETS
2280,0,-0.41671586,-0.24097927,-1.5649085,0.18928470253944396,PNCK,LMC,EGR1,Zf
713,1,-0.25854215,-0.26616102,1.1914463,0.8198577308654785,CYLD,MEF,E2F6,E2F
1951,0,0.027779544,-0.26024023,1.457444,0.551740460395813,NCEH1,LMC,BACH1,bZIP
1424,0,-0.18553022,-0.24097927,1.8200285,1.6625365245342254,IGFBP6,LMC,SP1,Zf
1475,0,-0.17329708,-0.26024023,2.4685044,1.2725524377822877,IRF5,LMC,JUND,bZIP
1075,1,-0.70387286,-0.18341035,-1.5137855,-1.570190315246582,FLI1,MEF,FOXM1,Forkhead
2193,1,-0.020064104,-0.19389851,-1.0504993,-0.9809652328491211,PFKL,MEF,STAT3,Stat
695,1,-0.11401458,-0.1286468,1.092411,0.34293751120567323,CWF19L2,MEF,MAX,bHLH
1888,1,-0.3548418,-0.24097927,1.6543893,-0.14775322794914245,MSX2,MEF,ZNF263,Zf
1720,0,-0.17236876,-0.17236876,-2.1255505,-1.5738347911834716,LTBP1,LMC,TEAD4,TEA
1465,0,-0.33201274,-0.26024023,1.4524996,0.9993345320224762,INPP4B,LMC,FOS,bZIP
1044,0,-0.38727695,-0.26024023,2.0353117,1.7194179356098176,FERMT3,LMC,MAFK,bZIP
1819,1,-0.34920207,-0.3966394,-2.406955,-0.854985476732254,MFNG,MEF,ELF1,ETS
2014,0,-0.18068624,-0.24097927,1.0341421,0.9407597017288208,NOS1AP,LMC,MAZ,Zf
56,1,-0.020064104,-0.19389851,-1.6096531,-1.9816279518604278,ADAMTS12,MEF,STAT3,Stat
914,1,-0.020064104,-0.19389851,-3.8848941,-0.2734518873691559,EPSTI1,MEF,STAT3,Stat
2524,1,-0.17329708,-0.26024023,2.8509147,2.249107129573822,RNF208,MEF,JUND,bZIP
2329,0,-0.33201274,-0.26024023,-1.5005978,-0.9994554722309112,PRELID2,LMC,FOS,bZIP
1569,0,-0.70387286,-0.18341035,-1.7011287,-1.696454198360443,KIF18B,LMC,FOXM1,Forkhead
3226,1,-0.042086042,-0.24097927,2.0191326,2.4790732049942017,WNT10B,MEF,GATA3,Zf
2210,0,-0.70387286,-0.18341035,2.0439394,0.17264747262001037,PIK3AP1,LMC,FOXM1,Forkhead
1945,1,-0.020064104,-0.19389851,2.0358896,0.37796823263168333,NCAM2,MEF,STAT3,Stat
1633,0,-0.40379766,-0.24097927,2.959293,2.134228434562683,LCTL,LMC,ZKSCAN1,Zf
3250,0,-0.25854215,-0.26616102,-2.442775,-2.1648238039016725,ZC3HAV1L,LMC,E2F6,E2F
2200,1,-0.34774294,-0.3966394,2.2109506,-0.23015510320663451,PGPEP1L,MEF,ETS1,ETS
414,1,-0.18553022,-0.24097927,-3.7090113,-3.4552606570720674,CCL3,MEF,SP1,Zf
1744,0,-0.34369484,-0.46688727,1.6160516,1.768917224407196,MAFB,LMC,PBX3,Homeobox
593,1,-0.01744671,-0.24097927,2.740995,1.835799753665924,CNKSR1,MEF,CTCF,Zf
1243,0,-0.33201274,-0.26024023,-1.1135906,-0.9300787508487701,GPR153,LMC,FOS,bZIP
520,0,-0.042086042,-0.24097927,-1.0748466,-1.0728568196296693,CENPT,LMC,GATA3,Zf
927,1,0.15241732,-0.18341035,1.4039664,1.1116663885116578,ESYT3,MEF,FOXA1,Forkhead
2693,0,-0.11401458,-0.1286468,1.0595441,1.0180200588703157,SLC16A1,LMC,MAX,bHLH
818,1,-0.25096336,-0.26024023,-2.164502,-1.094873161315918,DTL,MEF,FOSL2,bZIP
102,1,-0.38727695,-0.26024023,1.2664098,0.4353081893920898,AK9,MEF,MAFK,bZIP
1161,1,-0.18068624,-0.24097927,-1.5350251,0.8715109968185425,GBX1,MEF,MAZ,Zf
38,0,-0.41671586,-0.24097927,-2.4281116,-1.3888515615463257,ACTA2,LMC,EGR1,Zf
264,0,-0.38773212,-0.38773212,1.459374,-0.47373232126235965,B4GALT5,LMC,PAX5,"Paired,Homeobox"
1475,1,-0.41671586,-0.24097927,-2.8389897,-0.4901661026477814,IRF5,MEF,EGR1,Zf
2488,1,-0.34774294,-0.3966394,-1.8506032,-0.7165936505794526,RGCC,MEF,ETS1,ETS
1748,1,-0.34774294,-0.3966394,1.6248564,0.8340951681137085,MALL,MEF,ETS1,ETS
58,1,-0.045514207,-0.047810853,-1.678059,-1.8276032567024232,ADAMTS16,MEF,RFX5,HTH
316,1,-0.18068624,-0.24097927,1.6416403,-1.4441437005996705,BTC,MEF,MAZ,Zf
464,0,-0.58022815,-0.42959467,-1.0312785,-1.2740411365032196,CD97,LMC,IRF4,IRF
3007,1,0.0047023874,-0.1286468,-2.8485968,0.3616750693321228,TMEM106A,MEF,USF1,bHLH
1859,1,-0.25854215,-0.26616102,-1.0344467,-0.8000668621063233,MNS1,MEF,E2F6,E2F
1059,1,0.15241732,-0.18341035,-1.306481,-0.7021878659725189,FGFR1,MEF,FOXA1,Forkhead
1759,0,-0.18068624,-0.24097927,-1.2019571,-1.3601177763938903,MAP2K6,LMC,MAZ,Zf
314,1,-0.01744671,-0.24097927,1.1089758,-0.9153445422649383,BTBD11,MEF,CTCF,Zf
1942,1,-0.18068624,-0.24097927,-1.5559199,-1.1997103214263916,NAV1,MEF,MAZ,Zf
2677,0,-0.24300791,-0.24097927,-1.2792745,-1.202974716424942,SKA3,LMC,GATA2,Zf
3221,1,-0.17236876,-0.17236876,1.6252236,1.4290760374069214,WIPF3,MEF,TEAD4,TEA
3262,1,-0.38727695,-0.26024023,1.0464939,0.04906960129737854,ZMYND12,MEF,MAFK,bZIP
129,0,-0.31947148,-0.31947148,-2.1440854,0.20963546514511108,AMPH,LMC,NRF1,NRF
2911,1,-0.34774294,-0.3966394,-2.18065,-1.4908832943439483,SYNE2,MEF,ETS1,ETS
1840,0,-0.22547291,-0.26616102,2.1801987,2.002683254480362,MMD,LMC,E2F4,E2F
35,0,-0.224798,-0.224798,-1.0941339,-1.101637887954712,ACSS2,LMC,EBF1,EBF
770,0,-0.38727695,-0.26024023,2.0457118,1.1188354015350341,DMC1,LMC,MAFK,bZIP
1480,0,-0.22547291,-0.26616102,-1.28566,-0.45489906311035155,IRX1,LMC,E2F4,E2F
3234,0,-0.37391356,-0.26024023,-1.8557236,0.4177693212032318,WSCD2,LMC,ATF2,bZIP
1476,1,-0.65736616,-0.46688727,1.6184896,-0.21732293009757997,IRF6,MEF,CUX1,Homeobox
1706,1,-0.18553022,-0.24097927,1.2525445,0.29543567180633545,LRRC75B,MEF,SP1,Zf
2217,1,-0.34920207,-0.3966394,-1.0918547,-0.44156913995742797,PIP4K2A,MEF,ELF1,ETS
2982,1,-0.38773212,-0.38773212,-2.3347836,-1.211370359659195,TICRR,MEF,PAX5,"Paired,Homeobox"
3202,1,-0.41846725,-0.3966394,1.5107996,-1.1527316904067992,VNN1,MEF,GABPA,ETS
3085,1,-0.17236876,-0.17236876,-1.4613433,-0.8679230654239655,TPM2,MEF,TEAD4,TEA
2782,0,-0.38727695,-0.26024023,1.4552834,0.8815354371070862,SMPD3,LMC,MAFK,bZIP
3153,1,-0.28139952,-0.1286468,-1.2085487,-0.8062255883216858,TWIST2,MEF,TCF12,bHLH
1687,1,-0.26226777,-0.42959467,-2.9824686,-0.43657922863960263,LPXN,MEF,IRF1,IRF
1571,1,-0.70387286,-0.18341035,-2.078099,-1.2590511000156404,KIF20B,MEF,FOXM1,Forkhead
3140,1,-0.23256464,-0.24097927,1.1930206,0.591102569103241,TTLL9,MEF,YY1,Zf
2704,0,-0.25096336,-0.26024023,-1.4064982,-1.094510201215744,SLC17A9,LMC,FOSL2,bZIP
3194,1,0.15241732,-0.18341035,-2.786687,-1.4182845699787139,VCAN,MEF,FOXA1,Forkhead
854,0,-0.020064104,-0.19389851,1.3689325,0.8563933491706848,EEPD1,LMC,STAT3,Stat
2021,1,-0.38773212,-0.38773212,-1.0979886,0.7495265579223633,NPAS4,MEF,PAX5,"Paired,Homeobox"
599,0,-0.28139952,-0.1286468,1.7921984,1.191336144208908,CNR2,LMC,TCF12,bHLH
2289,1,-0.045514207,-0.047810853,-1.1583761,-0.9466899240016937,POLD1,MEF,RFX5,HTH
1648,0,-0.769263,-0.26024023,1.3943249,1.0724775695800781,LGMN,LMC,BATF,bZIP
1579,0,-0.020064104,-0.19389851,1.2811211,0.23964000821113587,KIF3A,LMC,STAT3,Stat
542,0,-0.38727695,-0.26024023,1.6321921,1.5579188334941865,CHD7,LMC,MAFK,bZIP
1909,1,-0.70387286,-0.18341035,-1.005563,-3.320688685178757,MYH9,MEF,FOXM1,Forkhead
499,0,-0.25854215,-0.26616102,-1.0813416,-1.0658722078800202,CDR2L,LMC,E2F6,E2F
477,1,0.6717984,-0.24097927,-1.4396812,-1.4513596677780152,CDCA7L,MEF,PRDM1,Zf
2592,1,-0.37391356,-0.26024023,-1.4963193,-0.8055442011356354,SCRT1,MEF,ATF2,bZIP
176,0,-0.17329708,-0.26024023,1.6893245,1.3985061180591583,ARAP3,LMC,JUND,bZIP
1584,1,-0.33201274,-0.26024023,-1.2800558,-0.2235403835773468,KIRREL,MEF,FOS,bZIP
585,1,-0.28139952,-0.1286468,1.8285992,-0.4308355796337128,CLU,MEF,TCF12,bHLH
927,0,0.0047023874,-0.1286468,2.8551106,1.1743066358566283,ESYT3,LMC,USF1,bHLH
3261,1,-0.18553022,-0.24097927,1.0759444,0.36771529078483584,ZKSCAN4,MEF,SP1,Zf
2633,0,0.0047023874,-0.1286468,-1.5760641,-0.1371418333053589,SFRP1,LMC,USF1,bHLH
895,1,-0.22816904,-0.26024023,-1.8153665,-0.9021299588680267,ENO3,MEF,ATF3,bZIP
2540,1,-0.18068624,-0.24097927,2.2565928,0.6387344324588775,RRAGB,MEF,MAZ,Zf
259,1,-0.38938692,-0.38938692,-1.0887047,-0.7400754928588867,B3GNT8,MEF,TCF3,HMG
1347,1,-0.769263,-0.26024023,-2.2474232,-1.7584425222873687,HMMR,MEF,BATF,bZIP
2125,0,-0.33134362,-0.24097927,1.6744419,0.512490314245224,PARP14,LMC,ZEB1,Zf
736,1,-0.29358298,-0.46688727,1.2125307,-0.1888396155834198,DCXR,MEF,NANOG,Homeobox
2661,0,-0.70387286,-0.18341035,-1.2295792,-0.6425522589683532,SHF,LMC,FOXM1,Forkhead
2261,0,0.0047023874,-0.1286468,1.9372475,1.2075382661819458,PLK5,LMC,USF1,bHLH
2694,0,-0.01744671,-0.24097927,1.2064933,1.210119595527649,SLC16A10,LMC,CTCF,Zf
1713,0,-0.38727695,-0.26024023,-2.0219324,-0.02227026700973511,LRRTM2,LMC,MAFK,bZIP
109,1,-0.01744671,-0.24097927,4.0613685,2.194246128797531,ALDH1A1,MEF,CTCF,Zf
2073,0,-0.65736616,-0.46688727,-1.2275139,-0.12699153780937195,OBSL1,LMC,CUX1,Homeobox
2853,1,-0.41846725,-0.3966394,-3.395386,-1.7946768414974212,SRGN,MEF,GABPA,ETS
579,1,-0.22816904,-0.26024023,3.342797,0.20881938099861144,CLIP4,MEF,ATF3,bZIP
3190,1,-0.65736616,-0.46688727,-7.1439543,-1.392640302181244,VAV1,MEF,CUX1,Homeobox
865,1,0.027779544,-0.26024023,-1.6823031,0.40706822872161863,EFS,MEF,BACH1,bZIP
2285,1,-0.2409758,-0.26024023,-2.140682,-0.8089291870594024,PODNL1,MEF,MAFF,bZIP
728,0,-0.18068624,-0.24097927,-1.0895112,-0.9100826561450959,DCBLD1,LMC,MAZ,Zf
1119,0,-0.38754547,-0.3966394,-1.5699158,-1.4111720764636992,FST,LMC,ELK1,ETS
2554,1,-0.40379766,-0.24097927,1.4301738,-1.7650210082530975,RTP4,MEF,ZKSCAN1,Zf
235,0,-0.38754547,-0.3966394,-1.0292096,-0.4503318643569946,ATG16L2,LMC,ELK1,ETS
2893,0,-0.31947148,-0.31947148,1.5128429,0.02620921492576599,STRA6,LMC,NRF1,NRF
1063,1,-0.34774294,-0.3966394,-1.2671621,-0.5451694703102112,FGL1,MEF,ETS1,ETS
2790,1,-0.1281041,-0.1286468,-1.597613,-0.3843528938293457,SNCAIP,MEF,USF2,bHLH
1033,1,-0.34774294,-0.3966394,1.3729043,0.6129584729671478,FBXO27,MEF,ETS1,ETS
2608,1,-0.5097531,-0.26616102,2.1160233,0.16633809685707093,SEMA3C,MEF,E2F1,E2F
8,0,-0.38727695,-0.26024023,-1.1349243,-0.8239207577705383,ABCA5,LMC,MAFK,bZIP
2026,0,-0.18553022,-0.24097927,-1.8103167,-0.8464340817928314,NPR3,LMC,SP1,Zf
2586,1,-0.31947148,-0.31947148,1.4499005,0.056219245195388796,SCN1B,MEF,NRF1,NRF
23,0,-0.01744671,-0.24097927,-1.0546592,-0.11940364956855774,ACAT2,LMC,CTCF,Zf
2935,0,-0.31947148,-0.31947148,-1.1207796,-0.483104430437088,TARSL2,LMC,NRF1,NRF
276,0,-0.38773212,-0.38773212,-2.523097,-2.226280757188797,BCAT1,LMC,PAX5,"Paired,Homeobox"
934,1,-0.020064104,-0.19389851,-4.119745,-1.1042576515674591,EVI2B,MEF,STAT3,Stat
2493,1,-0.17329708,-0.26024023,1.8085946,-0.10668673157691956,RGS17,MEF,JUND,bZIP
2559,1,-0.224798,-0.224798,-1.0411946,-0.7068134105205536,S100A10,MEF,EBF1,EBF
163,0,-0.18068624,-0.24097927,1.7885092,1.7046388399600982,APLP1,LMC,MAZ,Zf
2039,1,-0.46353218,-0.19389851,2.2157166,0.9583950006961822,NRN1,MEF,STAT1,Stat
1036,1,-0.32353044,-0.32353044,1.1734325,0.04312563300132752,FBXO44,MEF,HNF4A,NR
1039,1,-0.12181938,-0.1286468,1.1082104,0.421852890253067,FBXO7,MEF,BHLHE40,bHLH
386,1,-0.38773212,-0.38773212,1.0238707,0.7945305812358856,CCDC122,MEF,PAX5,"Paired,Homeobox"
1787,1,-0.38773212,-0.38773212,-2.5327592,-2.1409588074684143,MCM10,MEF,PAX5,"Paired,Homeobox"
2448,1,-0.17329708,-0.26024023,-3.6403525,-0.7738249099254608,RAPGEF5,MEF,JUND,bZIP
2417,1,-0.1281041,-0.1286468,2.638916,1.5508549427986145,RAB27B,MEF,USF2,bHLH
3089,1,-0.01744671,-0.24097927,2.1003935,-0.1469205129146576,TRABD2B,MEF,CTCF,Zf
367,1,-0.22816904,-0.26024023,-2.5895154,-0.8467511093616485,CASC5,MEF,ATF3,bZIP
1146,1,-0.41846725,-0.3966394,-1.5857913,-0.952442581653595,GAMT,MEF,GABPA,ETS
1618,1,-0.38938692,-0.38938692,2.025369,-0.16587095618247985,LAMA5,MEF,TCF3,HMG
85,0,-0.5710992,-0.24097927,1.3186541,0.0561307168006897,ADSSL1,LMC,ZBTB33,Zf
1092,1,-0.26226777,-0.42959467,-3.8901849,0.6950055706501007,FOLR2,MEF,IRF1,IRF
2439,1,-0.12181938,-0.1286468,-1.1696179,0.14578088402748107,RALGPS2,MEF,BHLHE40,bHLH
638,0,-0.22547291,-0.26616102,-1.236495,-0.245158531665802,CPED1,LMC,E2F4,E2F
1347,1,-0.34774294,-0.3966394,-2.2474232,-1.9466996264457703,HMMR,MEF,ETS1,ETS
2485,1,-0.29358298,-0.46688727,3.6311066,0.8076410341262817,RERG,MEF,NANOG,Homeobox
2725,0,-0.045514207,-0.047810853,1.1413072,0.5624469065666199,SLC2A13,LMC,RFX5,HTH
1640,1,-0.224798,-0.224798,1.3125763,0.8034491634368897,LEPREL1,MEF,EBF1,EBF
1570,0,-0.18068624,-0.24097927,-2.109007,-1.8470246195793152,KIF20A,LMC,MAZ,Zf
2732,1,-0.045514207,-0.047810853,1.3066294,0.06026764631271362,SLC33A1,MEF,RFX5,HTH
2855,0,-0.17329708,-0.26024023,1.6506883,-0.8969027996063232,SRPK3,LMC,JUND,bZIP
1739,0,-0.11401458,-0.1286468,2.4713123,1.8304969847202301,M1AP,LMC,MAX,bHLH
427,1,-0.34920207,-0.3966394,1.174304,1.0784599220752715,CCPG1,MEF,ELF1,ETS
261,1,-0.042086042,-0.24097927,4.30976,2.3156729984283446,B4GALNT3,MEF,GATA3,Zf
1789,1,-0.11401458,-0.1286468,-2.0146992,-1.003550910949707,MCM3,MEF,MAX,bHLH
419,1,-0.33134362,-0.24097927,-1.012127,-1.0838223600387573,CCM2,MEF,ZEB1,Zf
2603,1,-0.1281041,-0.1286468,1.0266249,0.21831951141357422,SEC61G,MEF,USF2,bHLH
2990,0,-0.32353044,-0.32353044,-1.6426313,-1.4776067698001862,TK1,LMC,HNF4A,NR
875,1,-0.18068624,-0.24097927,-1.3485354,-0.8533224260807037,EHHADH,MEF,MAZ,Zf
1697,0,-0.38938692,-0.38938692,-1.5333753,-1.036555619239807,LRRC16A,LMC,TCF3,HMG
1301,1,-0.38727695,-0.26024023,1.2371739,-0.03707277894020081,GSTT2,MEF,MAFK,bZIP
1666,1,-0.3548418,-0.24097927,2.509627,0.22852995872497558,LIPG,MEF,ZNF263,Zf
2797,1,-0.23256464,-0.24097927,1.207182,0.8784726595878601,SNX16,MEF,YY1,Zf
2285,1,-0.1281041,-0.1286468,-2.140682,-1.643691474199295,PODNL1,MEF,USF2,bHLH
1662,1,-0.18553022,-0.24097927,4.044967,-0.7380202555656433,LIN7A,MEF,SP1,Zf
2379,1,-0.25854215,-0.26616102,-1.1953413,-1.3242058503627776,PTMS,MEF,E2F6,E2F
1239,0,-0.042086042,-0.24097927,3.7169876,2.7221013045310976,GPR133,LMC,GATA3,Zf
1166,0,-0.5710992,-0.24097927,1.0405315,0.925893920660019,GCLM,LMC,ZBTB33,Zf
291,1,-0.22816904,-0.26024023,1.8680252,1.6378359758853913,BHLHA15,MEF,ATF3,bZIP
3239,1,-0.65736616,-0.46688727,9.86263,-0.8003637278079987,XIST,MEF,CUX1,Homeobox
94,0,-0.33134362,-0.24097927,1.1446893,1.2548953628540038,AHCYL2,LMC,ZEB1,Zf
1791,1,-0.38938692,-0.38938692,-1.8528816,-2.281852149963379,MCM6,MEF,TCF3,HMG
1394,1,-0.22547291,-0.26616102,-1.7155273,1.4118508636951446,HSD11B1,MEF,E2F4,E2F
2196,1,-0.22547291,-0.26616102,-1.4853812,-1.1963732898235322,PGAP3,MEF,E2F4,E2F
920,1,-0.22547291,-0.26616102,2.173715,0.5867175912857056,ESAM,MEF,E2F4,E2F
2815,0,-0.26226777,-0.42959467,1.3722122,0.38912578821182253,SP100,LMC,IRF1,IRF
1093,0,-0.34920207,-0.3966394,1.141777,0.8182317352294922,FOS,LMC,ELF1,ETS
1252,0,-0.12181938,-0.1286468,-2.1106544,-0.2110440444946289,GPR20,LMC,BHLHE40,bHLH
471,1,0.027779544,-0.26024023,-1.2322128,-1.3171008539199829,CDC6,MEF,BACH1,bZIP
9,1,-0.38727695,-0.26024023,-1.5415839,-1.0418263971805573,ABCA9,MEF,MAFK,bZIP
586,0,-0.1281041,-0.1286468,-1.5158565,-1.6222388982772826,CLYBL,LMC,USF2,bHLH
1859,0,-0.17329708,-0.26024023,-1.2297763,-0.7223953521251678,MNS1,LMC,JUND,bZIP
1671,1,-0.23256464,-0.24097927,-4.9727182,-1.6963622844219208,LMO2,MEF,YY1,Zf
1346,0,-0.38938692,-0.38938692,1.851924,0.6490106773376465,HMHA1,LMC,TCF3,HMG
1625,1,-0.33201274,-0.26024023,2.403555,0.3585666227340698,LARS2,MEF,FOS,bZIP
1642,0,-0.17329708,-0.26024023,1.3346491,0.5817257416248321,LFNG,LMC,JUND,bZIP
1878,0,0.15241732,-0.18341035,-2.0346584,1.3769936907291411,MS4A2,LMC,FOXA1,Forkhead
114,1,-0.11401458,-0.1286468,5.5927067,2.266358697414398,ALDH3A1,MEF,MAX,bHLH
1220,1,-0.18553022,-0.24097927,-1.252131,0.06569830298423768,GOLM1,MEF,SP1,Zf
482,1,-0.8272477,-0.24097927,2.0275156,1.8699710690975189,CDH17,MEF,BCL11A,Zf
2220,1,-0.22547291,-0.26616102,8.275044,1.676772643327713,PITX1,MEF,E2F4,E2F
2195,1,-0.46353218,-0.19389851,-1.526995,-0.8013205647468566,PGAP1,MEF,STAT1,Stat
3120,1,-0.11401458,-0.1286468,1.501289,0.229817054271698,TRPV6,MEF,MAX,bHLH
497,1,-0.3548418,-0.24097927,1.9246813,-2.0248023462295532,CDO1,MEF,ZNF263,Zf
1879,1,0.3057706,-0.27375907,-8.843497,-3.07644566655159,MS4A7,MEF,MEF2C,MADS
2251,1,-0.042086042,-0.24097927,-3.0162134,-0.6793732714653015,PLEKHG4,MEF,GATA3,Zf
2626,1,-0.18068624,-0.24097927,3.1389117,1.3864674389362335,SERPINE2,MEF,MAZ,Zf
1008,1,-0.46353218,-0.19389851,1.5137644,0.17272764444351196,FAM81A,MEF,STAT1,Stat
1837,1,-0.26226777,-0.42959467,-1.1738205,-1.4034461450576783,MLF1,MEF,IRF1,IRF
1726,1,-0.18068624,-0.24097927,-1.5292109,-1.2059544205665589,LY6E,MEF,MAZ,Zf
152,1,-0.41846725,-0.3966394,2.3326733,-0.40167124271392823,ANXA8,MEF,GABPA,ETS
1154,1,-0.11401458,-0.1286468,1.8328152,0.4864759254455566,GATA3,MEF,MAX,bHLH
2107,1,-0.33201274,-0.26024023,1.1910483,-0.48256038665771483,P4HTM,MEF,FOS,bZIP
1126,1,-0.38727695,-0.26024023,2.7827566,2.2419079554080965,FXYD1,MEF,MAFK,bZIP
2478,0,-0.01744671,-0.24097927,-1.0574901,-0.938705393075943,RCN1,LMC,CTCF,Zf
19,0,-0.34774294,-0.3966394,1.0439751,0.5875023806095123,ABR,LMC,ETS1,ETS
835,1,-0.40379766,-0.24097927,-1.7441338,-1.6272375392913818,E2F7,MEF,ZKSCAN1,Zf
436,0,-0.020064104,-0.19389851,2.1737292,2.162227689027786,CD200R1,LMC,STAT3,Stat
849,0,-0.25096336,-0.26024023,-1.3823874,0.9166016757488251,EDA,LMC,FOSL2,bZIP
1014,0,-0.045514207,-0.047810853,1.4449313,0.2053637671470642,FAM84B,LMC,RFX5,HTH
1932,0,0.0047023874,-0.1286468,1.718301,1.3682233393192291,MYRF,LMC,USF1,bHLH
2290,0,-0.11401458,-0.1286468,-1.5923315,-0.5809348905086518,POLE,LMC,MAX,bHLH
4,0,-0.41846725,-0.3966394,1.3053162,0.174735689163208,AATK,LMC,GABPA,ETS
1443,0,-0.38754547,-0.3966394,-1.0708433,-0.49342920422554015,IL17RC,LMC,ELK1,ETS
1760,0,-0.38938692,-0.38938692,1.0684023,0.692390114068985,MAP3K1,LMC,TCF3,HMG
2571,0,-0.33011255,-0.26024023,2.2119925,1.198516870737076,SAMSN1,LMC,ATF1,bZIP
1592,1,-0.01744671,-0.24097927,3.3742492,2.24826216340065,KLHDC7A,MEF,CTCF,Zf
539,1,-0.32353044,-0.32353044,1.2686113,-0.8146945631504059,CHCHD10,MEF,HNF4A,NR
2784,0,-0.65736616,-0.46688727,1.2287743,1.1686834955215455,SMPDL3A,LMC,CUX1,Homeobox
1331,1,-0.25854215,-0.26616102,-1.085399,0.3882711386680603,HHIPL1,MEF,E2F6,E2F
3128,1,-0.41846725,-0.3966394,-1.0508046,-0.4345355820655823,TSPAN18,MEF,GABPA,ETS
833,1,-0.17329708,-0.26024023,1.3486774,-0.25851484537124636,DZANK1,MEF,JUND,bZIP
1777,1,-0.41671586,-0.24097927,-1.1807785,-1.0051897275447845,MATN2,MEF,EGR1,Zf
1075,1,-0.58022815,-0.42959467,-1.5137855,-1.6404845130443573,FLI1,MEF,IRF4,IRF
392,1,-0.24300791,-0.24097927,-1.855374,-0.32033278942108157,CCDC18,MEF,GATA2,Zf
2454,0,-0.22547291,-0.26616102,2.2596931,1.721345636844635,RASEF,LMC,E2F4,E2F
62,0,-0.33201274,-0.26024023,-1.7200596,-0.8698503696918487,ADAMTS6,LMC,FOS,bZIP
2752,1,-0.46353218,-0.19389851,1.4064586,-0.9295673930644989,SLC4A8,MEF,STAT1,Stat
634,1,-0.06375064,-0.1286468,1.7670674,1.0689436316490173,COX6A2,MEF,MYOG,bHLH
2472,1,0.0047023874,-0.1286468,-2.984346,0.5039620578289032,RBM47,MEF,USF1,bHLH
332,0,-0.224798,-0.224798,3.644765,0.2779031503200531,C3,LMC,EBF1,EBF
2694,0,-0.224798,-0.224798,1.2064933,1.0841397762298584,SLC16A10,LMC,EBF1,EBF
1509,1,-0.25854215,-0.26616102,-1.4488107,-1.0344229185581206,JADE1,MEF,E2F6,E2F
314,1,-0.34774294,-0.3966394,1.1089758,-0.21762598276138306,BTBD11,MEF,ETS1,ETS
1321,0,-0.25854215,-0.26616102,1.4760606,1.4271337914466857,HDAC9,LMC,E2F6,E2F
900,1,-0.1281041,-0.1286468,1.4426994,0.5384678685665131,ENPP5,MEF,USF2,bHLH
458,0,-0.38773212,-0.38773212,-1.5789324,0.03972466111183166,CD80,LMC,PAX5,"Paired,Homeobox"
1298,0,-0.08447774,-0.18341035,1.7987171,1.3513611721992493,GSTA4,LMC,FOXA2,Forkhead
2446,0,0.027779544,-0.26024023,1.0731758,-0.26182506799697874,RAP2A,LMC,BACH1,bZIP
2205,1,-0.08447774,-0.18341035,1.1916683,0.14149970650672913,PHOSPHO1,MEF,FOXA2,Forkhead
907,0,-0.01744671,-0.24097927,-1.1855845,-0.630693678855896,EPHA7,LMC,CTCF,Zf
2139,1,0.027779544,-0.26024023,3.8472924,0.8869357407093048,PCDH20,MEF,BACH1,bZIP
358,1,-0.01744671,-0.24097927,1.2216636,0.4991585338115692,CAMK4,MEF,CTCF,Zf
1306,0,-0.18068624,-0.24097927,-3.5932722,-2.6948818302154542,H19,LMC,MAZ,Zf
49,1,-0.1281041,-0.1286468,1.427944,-0.7320705497264862,ADAM22,MEF,USF2,bHLH
2890,0,-0.020064104,-0.19389851,1.3420581,1.007763111591339,STON2,LMC,STAT3,Stat
1554,1,-0.042086042,-0.24097927,-1.7487916,-2.535019106864929,KCNMA1,MEF,GATA3,Zf
351,1,-0.045514207,-0.047810853,3.4361846,2.0578327894210817,CADM4,MEF,RFX5,HTH
1033,1,0.027779544,-0.26024023,1.3729043,0.3427301585674286,FBXO27,MEF,BACH1,bZIP
214,0,-0.020064104,-0.19389851,-1.316177,-1.3875315845012666,ARSI,LMC,STAT3,Stat
2450,0,0.0047023874,-0.1286468,-1.0523133,-0.6436141121387482,RARG,LMC,USF1,bHLH
1431,1,-0.22547291,-0.26616102,-1.0861005,-1.2557378900051117,IGSF8,MEF,E2F4,E2F
603,1,-0.045514207,-0.047810853,1.3510691,1.4725542378425598,CNTN3,MEF,RFX5,HTH
1380,0,-0.34920207,-0.3966394,2.6664946,2.4714482438564302,HOXD8,LMC,ELF1,ETS
3076,1,-0.38773212,-0.38773212,1.2808591,-0.22226320147514345,TOB1,MEF,PAX5,"Paired,Homeobox"
2683,1,-0.224798,-0.224798,-1.551183,-2.295353810787201,SLC10A6,MEF,EBF1,EBF
1465,1,-0.11401458,-0.1286468,-1.7085556,-1.6282295858860016,INPP4B,MEF,MAX,bHLH
2491,0,-0.38773212,-0.38773212,1.1979079,0.22567909955978394,RGS10,LMC,PAX5,"Paired,Homeobox"
85,0,-0.01744671,-0.24097927,1.3186541,0.4357279431819916,ADSSL1,LMC,CTCF,Zf
829,0,-0.26226777,-0.42959467,-1.1774735,-0.6788474106788636,DUT,LMC,IRF1,IRF
1466,0,-0.38938692,-0.38938692,2.282222,1.6127759420871735,INPP5D,LMC,TCF3,HMG
1932,1,-0.01744671,-0.24097927,1.2759093,0.09799554824829101,MYRF,MEF,CTCF,Zf
552,0,-0.11401458,-0.1286468,-1.1655335,-1.2037945652008057,CHST15,LMC,MAX,bHLH
1133,1,-0.31947148,-0.31947148,3.126388,1.511552004814148,GABRB2,MEF,NRF1,NRF
426,1,0.027779544,-0.26024023,1.3570372,1.3497278594970703,CCNO,MEF,BACH1,bZIP
1578,0,-0.34920207,-0.3966394,-2.1700678,-1.9928982543945313,KIF2C,LMC,ELF1,ETS
2555,1,-0.38773212,-0.38773212,2.0139127,-0.6754846942424774,RUNDC3B,MEF,PAX5,"Paired,Homeobox"
1725,0,-0.17236876,-0.17236876,-1.1906093,-1.1484767162799836,LURAP1L,LMC,TEAD4,TEA
1790,1,-0.1281041,-0.1286468,-2.2559693,-1.30834787607193,MCM5,MEF,USF2,bHLH
3079,0,-0.46353218,-0.19389851,-1.7466844,-0.23601404786109925,TOX,LMC,STAT1,Stat
1643,1,-0.23256464,-0.24097927,-1.383364,0.42188294291496276,LGALS3,MEF,YY1,Zf
956,0,-0.06375064,-0.1286468,1.4034448,0.6933979499340057,FABP5,LMC,MYOG,bHLH
3103,1,-0.24300791,-0.24097927,-2.6582155,-0.9475452935695649,TRIM14,MEF,GATA2,Zf
1348,0,0.027779544,-0.26024023,1.6180838,1.3829251420497894,HMOX1,LMC,BACH1,bZIP
1115,1,-0.31947148,-0.31947148,1.3492402,1.6251429438591003,FRRS1L,MEF,NRF1,NRF
2652,1,0.0047023874,-0.1286468,-1.0477087,-1.472924574613571,SH3PXD2B,MEF,USF1,bHLH
