Gene_enc,Tissue_enc,TF_te,TF_Family_te,log2FoldChange,Gene,Tissue,TF,TF_Family
2297,1,-0.28616667,-0.25693348,2.6595726,POU3F4,MEF,E2F6,E2F
1463,1,0.06421617,-0.24450046,-1.116266,INCENP,MEF,CTCF,Zf
1346,0,0.011842721,-0.21953267,1.851924,HMHA1,LMC,FOXA1,Forkhead
1744,0,-0.440717,-0.25471953,1.6160516,MAFB,LMC,MAFK,bZIP
3225,1,-0.1607576,-0.24283965,5.458993,WNT10A,MEF,MAZ,Zf
1217,1,-0.3625331,-0.38195667,-1.6845399,GNG3,MEF,GABPA,ETS
711,1,-0.36259097,-0.38195667,2.1121793,CYBRD1,MEF,ELF1,ETS
2018,1,-0.07449697,-0.25159925,3.2765796,NOTUM,MEF,CTCF,Zf
2424,1,-0.46165287,-0.4067228,-1.4369997,RAB3D,MEF,CUX1,Homeobox
3037,1,-0.21301334,-0.25187832,2.4463084,TMEM255A,MEF,E2F4,E2F
589,1,-0.169331,-0.25693348,-2.546778,CMTM8,MEF,E2F4,E2F
1348,0,-0.36645967,-0.22249272,1.6180838,HMOX1,LMC,ZEB1,Zf
1995,1,0.03116794,-0.22249272,-1.798627,NKAIN3,MEF,CTCF,Zf
1256,1,-0.440717,-0.25471953,5.22777,GPR37,MEF,MAFK,bZIP
948,1,-0.39804247,-0.17255645,-1.2887987,F2R,MEF,STAT1,Stat
1421,1,0.07771543,-0.1980394,-1.3062055,IGF2BP3,MEF,STAT3,Stat
2452,0,-0.63670325,-0.21953267,1.991749,RASAL3,LMC,FOXM1,Forkhead
1792,1,-0.10505258,-0.1342841,-5.093406,MCOLN2,MEF,BHLHE40,bHLH
1277,1,-0.2849582,-0.2849582,3.212005,GRHL1,MEF,EBF1,EBF
1476,1,-0.40787458,-0.3917693,1.6184896,IRF6,MEF,GABPA,ETS
1219,1,-0.26692143,-0.26692143,-2.168562,GNGT2,MEF,EBF1,EBF
1957,0,-0.36102507,-0.24550179,-1.6446601,NDC80,LMC,ATF1,bZIP
198,1,-0.5980523,-0.24283965,-3.3044653,ARHGEF39,MEF,ZBTB33,Zf
1269,1,-0.20953742,-0.22249272,-3.158479,GPSM3,MEF,MAZ,Zf
944,0,-0.34099022,-0.38195667,-1.0075725,EZH2,LMC,ELK1,ETS
2564,1,-0.056725405,-0.121736646,-1.2048824,S1PR2,MEF,BHLHE40,bHLH
2750,0,-0.44168723,-0.24550179,1.0977395,SLC46A3,LMC,FOS,bZIP
1662,1,-0.3569094,-0.25159925,4.044967,LIN7A,MEF,ZNF263,Zf
1441,0,-0.1124492,-0.24333258,-1.9516912,IL17D,LMC,CTCF,Zf
108,1,-0.21869276,-0.39005762,1.0786273,ALCAM,MEF,ELK4,ETS
563,1,-0.3058912,-0.24283965,-3.2723203,CKAP2L,MEF,YY1,Zf
2615,0,-0.4467859,-0.3917693,-1.4651343,SEMA6A,LMC,ELK1,ETS
609,1,-0.39804247,-0.17255645,2.5871143,COL14A1,MEF,STAT1,Stat
3103,1,0.0745308,-0.10944186,-2.6582155,TRIM14,MEF,FOXA2,Forkhead
490,1,-0.14989896,-0.14989896,-1.0186837,CDK2,MEF,TEAD4,TEA
698,0,-0.062780954,-0.24333258,2.1743443,CXADR,LMC,SP1,Zf
3016,1,0.016314197,-0.13941021,1.1668824,TMEM151A,MEF,USF1,bHLH
1596,1,-0.00943349,-0.121736646,1.7371836,KLHL31,MEF,USF1,bHLH
276,0,-0.33080074,-0.22810093,-2.523097,BCAT1,LMC,MAFK,bZIP
1279,1,-0.20953742,-0.22249272,1.2815939,GRIA2,MEF,MAZ,Zf
1662,0,-0.08106524,-0.08106524,-1.7920642,LIN7A,LMC,TEAD4,TEA
3160,1,-0.22746871,-0.25187832,-2.8941476,UBE2C,MEF,E2F6,E2F
2330,1,0.17063665,-0.10944186,-1.386103,PREX1,MEF,FOXA1,Forkhead
2908,0,-0.29414836,-0.26135686,2.1501808,SYCP3,LMC,E2F6,E2F
2479,0,-0.41913503,-0.41913503,1.0035248,RCSD1,LMC,TCF3,HMG
842,0,-0.2727483,-0.2712014,-1.2208529,EBF4,LMC,E2F6,E2F
3197,0,-0.20308916,-0.4653868,2.6256406,VILL,LMC,IRF1,IRF
1959,1,-0.66942716,-0.22810093,2.1294718,NDP,MEF,BATF,bZIP
988,1,-0.40533945,-0.39005762,1.5712413,FAM19A3,MEF,GABPA,ETS
1680,0,-0.3777494,-0.24283965,-2.5213785,LOXL4,LMC,EGR1,Zf
1655,1,-0.41913503,-0.41913503,-1.4939244,LIG1,MEF,TCF3,HMG
1437,0,-0.16561359,-0.22810093,2.5909648,IL11,LMC,JUND,bZIP
3015,0,-0.13994873,-0.2053601,1.3065541,TMEM140,LMC,FOXA2,Forkhead
65,1,0.023197008,-0.146989,-1.5340126,ADAMTSL2,MEF,USF1,bHLH
1914,0,0.023197008,-0.146989,-1.367721,MYLK,LMC,USF1,bHLH
2466,1,-0.37167174,-0.29509667,1.3233889,RB1,MEF,ATF2,bZIP
2756,0,-0.17407607,-0.121736646,2.041336,SLC7A14,LMC,MAX,bHLH
2223,0,-0.26816452,-0.121736646,2.4232366,PKIB,LMC,TCF12,bHLH
371,0,-0.10827843,-0.121736646,-1.4870609,CASS4,LMC,USF2,bHLH
1984,1,-0.65183055,-0.47267562,-1.7410284,NFKBID,MEF,CUX1,Homeobox
693,0,-0.26692143,-0.26692143,-1.0231155,CUL7,LMC,EBF1,EBF
1941,0,-0.18398622,-0.29509667,1.8758318,NAT8L,LMC,ATF3,bZIP
706,1,-0.13994873,-0.2053601,1.1717257,CXXC5,MEF,FOXA2,Forkhead
1901,1,-0.45038855,-0.39942494,1.1209321,MYBL1,MEF,GABPA,ETS
2937,1,-0.1124492,-0.24333258,1.5015075,TBC1D8,MEF,CTCF,Zf
1201,1,-0.28616667,-0.25693348,5.889658,GLDN,MEF,E2F6,E2F
54,0,-0.32442823,-0.39942494,-1.0607144,ADAMTS1,LMC,ELK1,ETS
711,0,-0.2470073,-0.39005762,1.6064867,CYBRD1,LMC,ETS1,ETS
2484,1,-0.25007766,-0.37009746,-1.6172776,REPS2,MEF,IRF1,IRF
879,0,-0.38059002,-0.38059002,1.6812562,ELMO1,LMC,PAX5,"Paired,Homeobox"
2439,1,-0.29979625,-0.24283965,-1.1696179,RALGPS2,MEF,GATA1,Zf
1751,0,-0.38057798,-0.24450046,1.2574582,MAN1C1,LMC,GATA1,Zf
791,0,0.07771543,-0.1980394,-1.802147,DNM3OS,LMC,STAT3,Stat
2505,1,-0.33296144,-0.24550179,1.5735694,RHPN2,MEF,MAFK,bZIP
2496,0,-0.28121933,-0.25159925,-1.8756744,RGS5,LMC,SP1,Zf
2209,1,-0.03437175,-0.039668236,-3.76138,PIF1,MEF,RFX5,HTH
1809,1,-0.38339126,-0.24550179,-1.1236551,MESDC1,MEF,ATF2,bZIP
116,1,-0.17513762,-0.146989,1.2632778,ALOX5,MEF,BHLHE40,bHLH
1380,0,-0.36351123,-0.50137913,2.6664946,HOXD8,LMC,PBX3,Homeobox
3040,0,-0.4776695,-0.22249272,-1.158673,TMEM38A,LMC,ZKSCAN1,Zf
1730,0,0.041926194,-0.24283965,2.280973,LYL1,LMC,GATA3,Zf
2988,1,-0.37698567,-0.4067228,2.4701684,TIPARP,MEF,PBX3,Homeobox
340,1,-0.2300118,-0.25159925,-1.3618382,CACNA1G,MEF,MAZ,Zf
2296,1,-0.20916343,-0.20916343,-3.999846,POU2F2,MEF,NRF1,NRF
1859,0,-0.34029287,-0.28884968,-1.2297763,MNS1,LMC,E2F4,E2F
1181,1,-0.34278938,-0.41931188,3.4981608,GFRA3,MEF,ELF1,ETS
2686,1,-0.36645967,-0.22249272,1.0133885,SLC12A2,MEF,ZEB1,Zf
2626,1,-0.10369535,-0.10008492,3.1389117,SERPINE2,MEF,BHLHE40,bHLH
235,0,-0.057535224,-0.27780795,-1.0292096,ATG16L2,LMC,BACH1,bZIP
171,0,-0.44168723,-0.24550179,-1.3084476,APOLD1,LMC,FOS,bZIP
267,0,-0.440717,-0.25471953,1.9370828,BAI2,LMC,MAFK,bZIP
2110,0,-0.36049217,-0.22810093,1.9334545,PADI1,LMC,FOS,bZIP
317,0,-0.15019357,-0.27780795,1.9825064,BTK,LMC,MAFF,bZIP
1571,1,-0.10369535,-0.10008492,-2.078099,KIF20B,MEF,BHLHE40,bHLH
2668,1,-0.16941127,-0.25471953,2.5834713,SHROOM3,MEF,FOS,bZIP
1850,0,0.016311714,0.00623205,-1.3875079,MMP17,LMC,RFX5,HTH
1614,1,-0.36259097,-0.38195667,-1.6190438,LAG3,MEF,ELF1,ETS
1421,1,-0.3610153,-0.22249272,-1.3062055,IGF2BP3,MEF,EGR1,Zf
1613,0,-0.40787458,-0.3917693,2.4317777,LAD1,LMC,GABPA,ETS
1665,1,-0.36812532,-0.36812532,-1.0906605,LIPA,MEF,NRF1,NRF
2688,0,0.048078425,-0.25471953,2.7996955,SLC13A4,LMC,BACH1,bZIP
2132,0,-0.11649651,-0.25471953,-3.9714603,PAX9,LMC,JUND,bZIP
1835,1,-0.46016192,-0.24450046,1.2219614,MKX,MEF,EGR1,Zf
1935,0,-0.07449697,-0.25159925,-1.2886287,NACAD,LMC,CTCF,Zf
2702,1,-0.08974322,-0.146989,-2.342809,SLC17A6,MEF,MAX,bHLH
150,1,-0.38071528,-0.24283965,-1.5063857,ANXA4,MEF,ZNF263,Zf
2614,1,-0.10369535,-0.10008492,-1.6614317,SEMA4G,MEF,BHLHE40,bHLH
3122,0,-0.44168723,-0.24550179,-1.2438939,TSHZ2,LMC,FOS,bZIP
840,1,-0.22746871,-0.25187832,-1.617172,EBF2,MEF,E2F6,E2F
939,1,-0.3474289,-0.29509667,1.7114613,EXPH5,MEF,ATF1,bZIP
3160,0,-0.03437175,-0.039668236,-1.9747592,UBE2C,LMC,RFX5,HTH
2366,1,-0.01444126,-0.17255645,-1.4072148,PSTPIP1,MEF,STAT3,Stat
2270,0,-0.22240412,-0.10008492,1.4930576,PLXDC1,LMC,TCF12,bHLH
2766,0,-0.35806254,-0.38195667,2.0881596,SLCO2A1,LMC,ETS1,ETS
2982,0,-0.3474289,-0.29509667,-1.484277,TICRR,LMC,ATF1,bZIP
3124,1,-0.20953742,-0.22249272,1.8350945,TSLP,MEF,MAZ,Zf
2446,0,-0.40605056,-0.25471953,1.0731758,RAP2A,LMC,ATF2,bZIP
2886,1,-0.09351536,-0.24313685,1.354127,STK38L,MEF,STAT3,Stat
3129,0,-0.19612858,-0.146989,-1.6556222,TSPAN2,LMC,USF2,bHLH
1757,1,0.03645469,-0.22810093,-1.517834,MAP1B,MEF,BACH1,bZIP
917,1,-0.0005437653,-0.1342841,-2.154528,ERCC6L,MEF,USF1,bHLH
1808,0,-0.00943349,-0.121736646,-1.8211592,MELK,LMC,USF1,bHLH
1466,1,-0.3777494,-0.24283965,-6.833551,INPP5D,MEF,EGR1,Zf
3080,0,0.028543921,-0.29509667,1.7830621,TOX2,LMC,BACH1,bZIP
2651,1,-0.34914914,-0.27780795,-1.0929486,SH3KBP1,MEF,FOS,bZIP
1705,0,-0.33080074,-0.22810093,-3.1800663,LRRC7,LMC,MAFK,bZIP
2116,1,-0.34304273,-0.52757335,1.2539239,PAM,MEF,NANOG,Homeobox
2603,1,-0.64209527,-0.1980394,1.0266249,SEC61G,MEF,STAT1,Stat
1094,1,-0.33058694,-0.3917693,1.9671559,FOXA3,MEF,ELF1,ETS
1123,0,-0.0013588448,-0.24283965,1.4232948,FTH1,LMC,CTCF,Zf
1535,1,-0.07449697,-0.25159925,-1.9583334,KCND1,MEF,CTCF,Zf
2514,0,-0.1607576,-0.24283965,1.3600262,RNASEL,LMC,MAZ,Zf
640,1,-0.11649651,-0.25471953,2.1161196,CPNE7,MEF,JUND,bZIP
767,1,-0.43345997,-0.22249272,2.5010579,DLX1,MEF,ZNF263,Zf
2616,0,-0.1826178,-0.24450046,-1.1018522,SEMA6C,LMC,SP1,Zf
1446,0,-0.76012087,-0.50137913,1.1727784,IL18RAP,LMC,CUX1,Homeobox
3197,0,-0.39900714,-0.22249272,2.6256406,VILL,LMC,GATA1,Zf
1164,1,-0.049117733,-0.13941021,3.0406773,GCHFR,MEF,MAX,bHLH
1913,0,-0.659372,-0.27780795,1.1268022,MYLIP,LMC,BATF,bZIP
296,1,-0.89867353,-0.24450046,-1.5980535,BLNK,MEF,BCL11A,Zf
1003,1,-0.37527534,-0.37527534,-3.493651,FAM64A,MEF,NRF1,NRF
438,1,0.018755239,0.02968777,-3.803102,CD244,MEF,RFX5,HTH
2004,1,-0.26692143,-0.26692143,-3.2566082,NLRP3,MEF,EBF1,EBF
3160,0,-0.33058694,-0.3917693,-1.9747592,UBE2C,LMC,ELF1,ETS
725,1,0.06421617,-0.24450046,1.0242026,DACH2,MEF,CTCF,Zf
1751,0,-0.3439605,-0.3439605,1.2574582,MAN1C1,LMC,NRF1,NRF
695,1,-0.19612858,-0.146989,1.092411,CWF19L2,MEF,USF2,bHLH
1401,1,-0.1666823,-0.13941021,1.3853371,HSPB6,MEF,USF2,bHLH
55,0,-0.0061152284,-0.10008492,-1.0257783,ADAMTS10,LMC,USF1,bHLH
1290,1,-0.28616667,-0.25693348,1.0688027,GRTP1,MEF,E2F6,E2F
2524,1,-0.07449697,-0.25159925,2.8509147,RNF208,MEF,CTCF,Zf
2286,0,-0.41913503,-0.41913503,3.9140577,PODXL,LMC,TCF3,HMG
2658,1,0.0745308,-0.10944186,-2.8890922,SHC2,MEF,FOXA2,Forkhead
1966,1,0.07771543,-0.1980394,2.5947185,NEBL,MEF,STAT3,Stat
248,1,-0.0013588448,-0.24283965,-1.9387476,ATP8B4,MEF,CTCF,Zf
2057,0,-0.36351123,-0.50137913,-2.073274,NUF2,LMC,PBX3,Homeobox
2507,1,-0.3625331,-0.38195667,1.462111,RIC3,MEF,GABPA,ETS
762,0,-0.65735245,-0.17782252,1.0946444,DLEU2,LMC,FOXM1,Forkhead
441,0,-0.19379956,-0.22810093,2.3854363,CD300A,LMC,ATF2,bZIP
2736,1,-0.121607244,-0.24333258,2.0948865,SLC35G1,MEF,GATA3,Zf
3080,0,-0.25436184,-0.25436184,1.7830621,TOX2,LMC,TEAD4,TEA
729,0,-0.36812532,-0.36812532,-2.1150217,DCC,LMC,NRF1,NRF
1779,1,-0.2849582,-0.2849582,-1.4918666,MBOAT1,MEF,EBF1,EBF
2902,1,-0.0017048104,-0.121736646,1.2998378,SUSD4,MEF,MYOG,bHLH
450,1,-0.43756613,-0.41931188,-6.2079844,CD52,MEF,ETS1,ETS
150,1,-0.33296144,-0.24550179,-1.5063857,ANXA4,MEF,MAFK,bZIP
854,0,-0.2300118,-0.25159925,1.3689325,EEPD1,LMC,MAZ,Zf
407,1,-0.64209527,-0.1980394,1.0351427,CCDC90B,MEF,STAT1,Stat
1871,0,0.06421617,-0.24450046,2.041026,MRC1,LMC,CTCF,Zf
826,1,-0.44168723,-0.24550179,1.482341,DUSP27,MEF,FOS,bZIP
328,1,-0.1607576,-0.24283965,1.7786857,C1QTNF4,MEF,MAZ,Zf
1970,0,-0.29360482,-0.13941021,-1.5624936,NEK2,LMC,TCF12,bHLH
1465,1,-0.10827843,-0.121736646,-1.7085556,INPP4B,MEF,USF2,bHLH
2750,0,0.07771543,-0.1980394,1.0977395,SLC46A3,LMC,STAT3,Stat
761,1,-0.44224238,-0.29509667,2.1421344,DKKL1,MEF,MAFK,bZIP
165,0,-0.174635,-0.24550179,1.5124243,APOBEC1,LMC,FOSL2,bZIP
1387,1,-0.1124492,-0.24333258,-2.4417093,HPSE,MEF,CTCF,Zf
761,1,-0.541412,-0.25159925,2.1421344,DKKL1,MEF,EGR1,Zf
2492,1,-0.38278377,-0.42379856,-1.8323796,RGS16,MEF,PBX3,Homeobox
352,0,-0.3375485,-0.1342841,5.175649,CALCB,LMC,TCF12,bHLH
2572,1,-0.7695519,-0.25159925,1.2491845,SAP18,MEF,ZBTB33,Zf
1023,1,0.08411567,-0.24550179,-1.6969489,FBLN1,MEF,BACH1,bZIP
2725,0,-0.37698567,-0.4067228,1.1413072,SLC2A13,LMC,PBX3,Homeobox
2616,0,-0.21437913,-0.2712014,-1.1018522,SEMA6C,LMC,E2F4,E2F
10,1,-0.0017048104,-0.121736646,-1.2388748,ABCB4,MEF,MYOG,bHLH
2477,1,-0.29360482,-0.13941021,1.4696742,RCAN2,MEF,TCF12,bHLH
2593,1,-0.30776003,-0.24450046,1.8957933,SCUBE1,MEF,ZNF263,Zf
1482,0,-0.42519194,-0.24333258,1.4210551,ISG15,LMC,GATA1,Zf
1121,0,-0.22240412,-0.10008492,-1.0994569,FSTL3,LMC,TCF12,bHLH
963,0,-0.21342848,-0.28884968,1.3799479,FAM105A,LMC,E2F6,E2F
399,1,0.06421617,-0.24450046,2.3751817,CCDC65,MEF,CTCF,Zf
2901,1,-0.541412,-0.25159925,-5.1530013,SUSD3,MEF,EGR1,Zf
2964,0,-0.15019357,-0.27780795,1.0158743,TFEB,LMC,MAFF,bZIP
1747,1,-0.33058694,-0.3917693,3.5615675,MAL2,MEF,ELF1,ETS
1838,1,0.028543921,-0.29509667,1.006843,MLLT3,MEF,BACH1,bZIP
3062,0,-0.3430542,-0.3430542,1.3952664,TNFRSF1B,LMC,PAX5,"Paired,Homeobox"
351,1,-0.10505258,-0.1342841,3.4361846,CADM4,MEF,BHLHE40,bHLH
2639,1,-0.5313326,-0.24450046,1.4433799,SGMS2,MEF,ZKSCAN1,Zf
353,0,-0.1607576,-0.24283965,-1.6253554,CALML4,LMC,MAZ,Zf
16,1,-0.24165441,-0.29509667,-2.0503016,ABHD15,MEF,JUND,bZIP
1035,0,-0.15812221,-0.22249272,-2.2220345,FBXO41,LMC,YY1,Zf
3235,1,-0.10369535,-0.10008492,-2.6240964,WT1,MEF,BHLHE40,bHLH
2538,1,-0.2300118,-0.25159925,-1.601537,RPS6KA2,MEF,MAZ,Zf
997,0,-0.21918109,-0.21918109,-1.7532792,FAM43A,LMC,TCF3,HMG
1080,0,-0.541412,-0.25159925,-1.8819162,FMN2,LMC,EGR1,Zf
671,1,-0.28899637,-0.29509667,1.8051484,CSRNP3,MEF,MAFF,bZIP
1820,1,0.023197008,-0.146989,-1.6256363,MFSD12,MEF,USF1,bHLH
793,1,-0.07949572,-0.21953267,-3.6299744,DOCK10,MEF,FOXA2,Forkhead
1260,0,-0.03437175,-0.039668236,2.074555,GPR65,LMC,RFX5,HTH
115,1,-0.3569094,-0.25159925,-1.468537,ALDH3B1,MEF,ZNF263,Zf
2992,0,-0.27228355,-0.24283965,-1.5962096,TLE2,LMC,GATA2,Zf
1077,1,0.06421617,-0.24450046,2.0518808,FLRT1,MEF,CTCF,Zf
759,0,-0.25007766,-0.37009746,-1.0099353,DIXDC1,LMC,IRF1,IRF
58,1,0.67699045,-0.25159925,-1.678059,ADAMTS16,MEF,PRDM1,Zf
2727,0,0.011842721,-0.21953267,-3.1119766,SLC2A4,LMC,FOXA1,Forkhead
3142,1,-0.049117733,-0.13941021,1.519,TTYH1,MEF,MAX,bHLH
1311,1,-0.07449697,-0.25159925,7.3846617,HAPLN1,MEF,CTCF,Zf
1482,0,-0.541412,-0.25159925,1.4210551,ISG15,LMC,EGR1,Zf
2964,0,0.21614419,-0.17782252,1.0158743,TFEB,LMC,FOXA1,Forkhead
2383,1,-0.3625331,-0.38195667,-3.4084277,PTPN18,MEF,GABPA,ETS
1957,1,-0.659372,-0.27780795,-2.6176684,NDC80,MEF,BATF,bZIP
479,0,-0.16561359,-0.22810093,4.506826,CDH1,LMC,JUND,bZIP
2816,1,-0.38339126,-0.24550179,-4.212423,SP110,MEF,ATF2,bZIP
1246,0,-0.3869897,-0.39942494,1.710225,GPR160,LMC,ETS1,ETS
2803,1,-0.2300118,-0.25159925,1.5521016,SOD3,MEF,MAZ,Zf
1753,1,-0.46165287,-0.4067228,-1.175975,MANBA,MEF,CUX1,Homeobox
450,1,-0.07449697,-0.25159925,-6.2079844,CD52,MEF,CTCF,Zf
143,0,-0.42348737,-0.17137949,-1.2520086,ANKRD6,LMC,STAT1,Stat
1984,1,-0.0005437653,-0.1342841,-1.7410284,NFKBID,MEF,USF1,bHLH
526,0,-0.0065755714,-0.1342841,-1.5504444,CEP72,LMC,MYOG,bHLH
2970,1,-0.2185933,-0.3794154,1.2388296,TGFB2,MEF,IRF1,IRF
2763,1,-0.17513762,-0.146989,-1.5338875,SLC9A5,MEF,BHLHE40,bHLH
3138,0,-0.34370995,-0.24333258,-1.6865426,TTLL11,LMC,EGR1,Zf
2811,0,0.0745308,-0.10944186,-1.3366922,SOX13,LMC,FOXA2,Forkhead
745,0,-0.39059436,-0.39059436,1.8793691,DENND1C,LMC,HNF4A,NR
586,0,-0.36645967,-0.22249272,-1.5158565,CLYBL,LMC,ZEB1,Zf
556,1,-0.08974322,-0.146989,-1.3128588,CHSY3,MEF,MAX,bHLH
2352,1,-0.21907748,-0.27780795,-3.1927187,PRSS16,MEF,JUND,bZIP
2041,1,-0.33296144,-0.24550179,-3.8660052,NRROS,MEF,MAFK,bZIP
2317,1,-0.37698567,-0.4067228,-1.3451492,PPP1R3E,MEF,PBX3,Homeobox
563,1,-0.20916343,-0.20916343,-3.2723203,CKAP2L,MEF,NRF1,NRF
41,1,0.21614419,-0.17782252,-1.2971035,ACTN3,MEF,FOXA1,Forkhead
2857,0,-0.26188308,-0.27780795,-1.0629355,SSC5D,LMC,FOSL2,bZIP
2994,0,-0.07763662,-0.20371658,-2.4943612,TLL1,LMC,FOXA2,Forkhead
2880,1,0.17063665,-0.10944186,1.7059811,STEAP4,MEF,FOXA1,Forkhead
101,1,-0.65735245,-0.17782252,-2.3698435,AIM2,MEF,FOXM1,Forkhead
384,0,-0.10369535,-0.10008492,-1.1740912,CCDC116,LMC,BHLHE40,bHLH
1783,1,-0.8933479,-0.52757335,-1.3982825,MCAM,MEF,CUX1,Homeobox
1466,0,-0.24165441,-0.29509667,2.282222,INPP5D,LMC,JUND,bZIP
1124,1,-0.35318726,-0.41931188,1.2403598,FUNDC1,MEF,ELK1,ETS
2765,1,-0.5072217,-0.24450046,-1.4310114,SLC9B2,MEF,ZBTB33,Zf
1175,1,-0.21907748,-0.27780795,1.5987715,GDF7,MEF,JUND,bZIP
2288,1,-0.1666823,-0.13941021,-1.222358,POLA1,MEF,USF2,bHLH
3101,0,0.03645469,-0.22810093,-1.461446,TRHDE,LMC,BACH1,bZIP
1431,1,-0.4467859,-0.3917693,-1.0861005,IGSF8,MEF,ELK1,ETS
2614,1,-0.08106524,-0.08106524,-1.6614317,SEMA4G,MEF,TEAD4,TEA
876,1,-0.18911669,-0.17782252,1.6435285,ELAVL2,MEF,FOXA2,Forkhead
2950,1,-0.96395135,-0.24333258,-1.668541,TCIRG1,MEF,BCL11A,Zf
719,0,-0.33080074,-0.22810093,1.9190269,CYSLTR1,LMC,MAFK,bZIP
1267,0,0.07771543,-0.1980394,-2.022463,GPRIN3,LMC,STAT3,Stat
2690,1,-0.20776576,-0.20776576,2.2300286,SLC14A2,MEF,EBF1,EBF
1123,0,-0.22746871,-0.25187832,1.4232948,FTH1,LMC,E2F6,E2F
2243,0,-0.0013588448,-0.24283965,1.9148484,PLD4,LMC,CTCF,Zf
1080,0,-0.120565586,-0.1342841,-1.8819162,FMN2,LMC,MAX,bHLH
2191,1,-0.4776695,-0.22249272,-1.1248902,PFKFB3,MEF,ZKSCAN1,Zf
2035,1,-0.29687634,-0.29687634,1.1484754,NR4A2,MEF,PAX5,"Paired,Homeobox"
103,0,-0.0065755714,-0.1342841,-1.3047225,AKAP12,LMC,MYOG,bHLH
1594,0,-0.33058694,-0.3917693,-1.0982065,KLHL13,LMC,ELF1,ETS
2430,1,-0.23244992,-0.52757335,-1.3141602,RACGAP1,MEF,PBX3,Homeobox
261,1,-0.1124492,-0.24333258,4.30976,B4GALNT3,MEF,CTCF,Zf
2036,1,-0.10369535,-0.10008492,2.711894,NRAP,MEF,BHLHE40,bHLH
2923,0,-0.3022701,-0.29509667,1.0585166,SYTL1,LMC,FOSL2,bZIP
2168,0,-0.21907748,-0.27780795,-1.5470585,PDE4B,LMC,JUND,bZIP
646,0,-0.00943349,-0.121736646,1.443731,CRB2,LMC,USF1,bHLH
1769,0,-0.056725405,-0.121736646,1.4566643,MAPK4,LMC,BHLHE40,bHLH
1758,0,-0.4733331,-0.39005762,-2.5701847,MAP2,LMC,ELK1,ETS
1611,1,-0.28616667,-0.25693348,2.3295457,KRT80,MEF,E2F6,E2F
2260,1,0.06421617,-0.24450046,-1.0602489,PLK3,MEF,CTCF,Zf
2273,0,-0.009410201,-0.10008492,2.0984888,PLXNC1,LMC,USF2,bHLH
2256,0,-0.14976743,-0.22810093,1.2787067,PLIN2,LMC,FOSL2,bZIP
1329,1,-0.39900714,-0.22249272,-3.297333,HHEX,MEF,GATA1,Zf
2982,0,-0.17513762,-0.146989,-1.484277,TICRR,LMC,BHLHE40,bHLH
2985,0,-0.659372,-0.27780795,1.1835107,TIMP1,LMC,BATF,bZIP
43,1,0.07771543,-0.1980394,-1.1028354,ACY1,MEF,STAT3,Stat
548,1,-0.51944894,-0.25159925,1.3608431,CHRNA1,MEF,BCL11A,Zf
2462,1,-0.0005437653,-0.1342841,-1.2738879,RASSF2,MEF,USF1,bHLH
1192,0,-0.07449697,-0.25159925,2.1297517,GIPC2,LMC,CTCF,Zf
1531,0,-0.35453734,-0.24333258,1.7289557,KCNB1,LMC,ZKSCAN1,Zf
597,1,-0.14989896,-0.14989896,2.2867155,CNNM1,MEF,TEAD4,TEA
329,0,0.041926194,-0.24283965,-2.2898922,C1QTNF6,LMC,GATA3,Zf
3191,1,-0.0317704,-0.39942494,-1.0900517,VAV2,MEF,ELK4,ETS
3111,1,-0.36812532,-0.36812532,-2.1616786,TRIP13,MEF,NRF1,NRF
278,1,-0.08974322,-0.146989,1.0059072,BCL11A,MEF,MAX,bHLH
566,0,-0.3569094,-0.25159925,-1.1170683,CKS2,LMC,ZNF263,Zf
2484,1,-0.33296144,-0.24550179,-1.6172776,REPS2,MEF,MAFK,bZIP
1775,1,0.027763726,-0.25159925,-1.0848607,MASTL,MEF,GATA3,Zf
310,1,-0.049117733,-0.13941021,-4.55177,BRINP3,MEF,MAX,bHLH
835,0,-0.03437175,-0.039668236,-1.6265401,E2F7,LMC,RFX5,HTH
1168,1,-0.76012087,-0.50137913,-1.4900697,GCNT2,MEF,CUX1,Homeobox
645,1,0.03116794,-0.22249272,2.2899835,CRABP2,MEF,CTCF,Zf
1894,0,0.016311714,0.00623205,-1.0037397,MTSS1L,LMC,RFX5,HTH
57,1,-0.36259097,-0.38195667,-3.2352571,ADAMTS14,MEF,ELF1,ETS
2969,0,-0.27070102,-0.24450046,-1.3902878,TGFB1I1,LMC,GATA2,Zf
2061,1,-0.19379956,-0.22810093,-2.5808094,NUSAP1,MEF,ATF2,bZIP
3218,0,-0.44224238,-0.29509667,2.5148497,WFDC1,LMC,MAFK,bZIP
2248,0,-0.009364229,-0.17137949,1.0960327,PLEKHA7,LMC,STAT3,Stat
1525,1,-0.3341544,-0.39005762,-2.0668216,KCNA3,MEF,ELF1,ETS
975,1,-0.5315311,-0.5315311,1.2401816,FAM161B,MEF,PAX5,"Paired,Homeobox"
609,0,-0.21301334,-0.25187832,-2.4838371,COL14A1,LMC,E2F4,E2F
609,1,-0.03437175,-0.039668236,2.5871143,COL14A1,MEF,RFX5,HTH
2816,1,-0.049117733,-0.13941021,-4.212423,SP110,MEF,MAX,bHLH
784,1,-0.1826178,-0.24450046,1.0831264,DNAJB4,MEF,SP1,Zf
1470,1,-0.038338926,-0.10008492,2.5503707,IP6K3,MEF,MYOG,bHLH
2442,0,-0.08568381,-0.24450046,-1.3579731,RAMP3,LMC,MAZ,Zf
1730,1,-0.0005437653,-0.1342841,-4.433676,LYL1,MEF,USF1,bHLH
2692,1,-0.3070402,-0.24450046,-5.3542004,SLC15A3,MEF,YY1,Zf
1298,0,-0.41320115,-0.25471953,1.7987171,GSTA4,LMC,ATF1,bZIP
1178,0,-0.6928834,-0.10944186,-1.4242098,GEN1,LMC,FOXM1,Forkhead
414,1,-0.1826178,-0.24450046,-3.7090113,CCL3,MEF,SP1,Zf
2332,1,-0.15019357,-0.27780795,-1.3902781,PRIM1,MEF,MAFF,bZIP
146,1,-0.1124492,-0.24333258,1.5170969,ANO7,MEF,CTCF,Zf
1773,1,-0.3569094,-0.25159925,-1.0550821,MAST1,MEF,ZNF263,Zf
72,1,-0.40787458,-0.3917693,1.5808972,ADCY5,MEF,GABPA,ETS
2101,1,-0.3070402,-0.24450046,1.980347,P2RY10,MEF,YY1,Zf
2414,0,-0.10827843,-0.121736646,-1.3037294,RAB23,LMC,USF2,bHLH
3138,0,-0.2849582,-0.2849582,-1.6865426,TTLL11,LMC,EBF1,EBF
3074,0,-0.14976743,-0.22810093,1.9503715,TNS4,LMC,FOSL2,bZIP
929,0,-0.2300118,-0.25159925,-1.3078734,ETS1,LMC,MAZ,Zf
2512,1,-0.20454665,-0.20454665,4.278005,RNASE1,MEF,TEAD4,TEA
1199,0,0.0745308,-0.10944186,1.2217073,GLA,LMC,FOXA2,Forkhead
2569,0,-0.1689725,-0.13941021,-1.6417769,SAMD14,LMC,BHLHE40,bHLH
769,1,-0.07449697,-0.25159925,5.1045527,DLX3,MEF,CTCF,Zf
1658,0,-0.33280078,-0.24333258,-1.1199588,LIMCH1,LMC,GATA2,Zf
1065,0,-0.15054174,-0.24450046,-1.1106673,FHL2,LMC,GATA3,Zf
951,0,-0.29360482,-0.13941021,-1.2212169,F3,LMC,TCF12,bHLH
1426,1,0.22652079,-0.2053601,3.0351558,IGSF1,MEF,FOXA1,Forkhead
2475,1,-0.8933479,-0.52757335,-1.4406117,RBPMS,MEF,CUX1,Homeobox
513,0,-0.15019357,-0.27780795,-1.3525441,CENPH,LMC,MAFF,bZIP
742,1,-0.38059002,-0.38059002,-8.873084,DDX3Y,MEF,PAX5,"Paired,Homeobox"
1413,0,-0.17407607,-0.121736646,1.9056824,IFIT1,LMC,MAX,bHLH
303,1,-0.42348737,-0.17137949,1.4564615,BMP8B,MEF,STAT1,Stat
465,1,-0.32442823,-0.39942494,-2.799609,CDC20,MEF,ELK1,ETS
1436,0,-0.36550322,-0.47267562,2.1005368,IL10RA,LMC,PBX3,Homeobox
657,1,-0.25436184,-0.25436184,-2.2963889,CRMP1,MEF,TEAD4,TEA
1087,1,-0.2548157,-0.22810093,1.1361747,FNDC3A,MEF,MAFF,bZIP
1976,1,-0.28121933,-0.25159925,1.2830062,NET1,MEF,SP1,Zf
854,0,-0.00943349,-0.121736646,1.3689325,EEPD1,LMC,USF1,bHLH
1218,0,-0.2790477,-0.25471953,-1.4079136,GNG8,LMC,MAFF,bZIP
784,1,-0.40605056,-0.25471953,1.0831264,DNAJB4,MEF,ATF2,bZIP
2957,0,-0.33639127,-0.4713425,2.2532527,TESC,LMC,IRF1,IRF
2290,0,-0.35806254,-0.38195667,-1.5923315,POLE,LMC,ETS1,ETS
263,0,-0.08106524,-0.08106524,-1.000722,B4GALT2,LMC,TEAD4,TEA
2699,0,-0.39059436,-0.39059436,-1.1324766,SLC16A3,LMC,HNF4A,NR
1103,0,-0.36259097,-0.38195667,-1.1218795,FOXP1,LMC,ELF1,ETS
1940,0,0.011842721,-0.21953267,1.9140537,NAT1,LMC,FOXA1,Forkhead
2336,0,-0.30776003,-0.24450046,-1.5326129,PRKCG,LMC,ZNF263,Zf
2196,1,-0.20953742,-0.22249272,-1.4853812,PGAP3,MEF,MAZ,Zf
1993,1,-0.14976743,-0.22810093,1.0403154,NIPAL3,MEF,FOSL2,bZIP
1597,1,-0.29360482,-0.13941021,-3.375335,KLHL33,MEF,TCF12,bHLH
1731,1,-0.169331,-0.25693348,-1.2809721,LYN,MEF,E2F4,E2F
2757,0,-0.19239004,-0.26135686,1.8377153,SLC7A8,LMC,E2F4,E2F
1956,1,-0.24165441,-0.29509667,2.0616171,NCKAP5,MEF,JUND,bZIP
1002,0,-0.10827843,-0.121736646,-1.0779922,FAM57A,LMC,USF2,bHLH
3065,1,-0.48813832,-0.3794154,-1.6720701,TNIK,MEF,IRF4,IRF
454,0,-0.13559982,-0.10008492,2.0241923,CD68,LMC,MAX,bHLH
2988,1,-0.20776576,-0.20776576,2.4701684,TIPARP,MEF,EBF1,EBF
1352,1,0.03116794,-0.22249272,2.3140514,HOMER2,MEF,CTCF,Zf
664,0,-0.7695519,-0.25159925,1.5020021,CSF2RA,LMC,ZBTB33,Zf
307,1,-0.049117733,-0.13941021,-1.1805693,BOK,MEF,MAX,bHLH
400,1,-0.19612858,-0.146989,1.6903713,CCDC68,MEF,USF2,bHLH
1214,1,-0.2859068,-0.146989,1.1469135,GNAL,MEF,TCF12,bHLH
1243,1,-0.009410201,-0.10008492,-1.0271266,GPR153,MEF,USF2,bHLH
2194,1,-0.7485091,-0.20371658,1.4172895,PFN4,MEF,FOXM1,Forkhead
732,0,-0.23244992,-0.52757335,1.3612306,DCN,LMC,PBX3,Homeobox
2726,0,0.5853313,-0.24450046,1.9489392,SLC2A3,LMC,PRDM1,Zf
2153,0,-0.43345997,-0.22249272,-1.5174005,PCLO,LMC,ZNF263,Zf
1591,1,-0.25341198,-0.22810093,1.2468134,KLF9,MEF,ATF3,bZIP
2112,0,-0.28121933,-0.25159925,2.4658735,PADI3,LMC,SP1,Zf
2512,1,-0.41320115,-0.25471953,4.278005,RNASE1,MEF,ATF1,bZIP
1274,1,-0.22746871,-0.25187832,-1.1314675,GRB10,MEF,E2F6,E2F
1754,1,-0.30779734,-0.3917693,1.5756658,MANEAL,MEF,ETS1,ETS
16,1,-0.3076643,-0.4621776,-2.0503016,ABHD15,MEF,IRF1,IRF
2479,0,-0.121607244,-0.24333258,1.0035248,RCSD1,LMC,GATA3,Zf
2750,0,-0.3076643,-0.4621776,1.0977395,SLC46A3,LMC,IRF1,IRF
1613,0,-0.3375485,-0.1342841,2.4317777,LAD1,LMC,TCF12,bHLH
819,0,-0.011590093,-0.22249272,1.1426833,DTNB,LMC,GATA3,Zf
2692,0,-0.8933479,-0.52757335,2.0074983,SLC15A3,LMC,CUX1,Homeobox
1628,0,-0.169331,-0.25693348,-1.0319375,LBR,LMC,E2F4,E2F
1429,0,-0.2470073,-0.39005762,1.3343118,IGSF3,LMC,ETS1,ETS
62,1,-0.15812221,-0.22249272,-1.7437918,ADAMTS6,MEF,YY1,Zf
944,1,-0.40605056,-0.25471953,-1.0039444,EZH2,MEF,ATF2,bZIP
1591,1,-0.34099022,-0.38195667,1.2468134,KLF9,MEF,ELK1,ETS
827,0,-0.30003953,-0.30003953,1.3163043,DUSP6,LMC,NRF1,NRF
994,1,-0.062780954,-0.24333258,1.0227886,FAM222A,MEF,SP1,Zf
451,1,-0.22735961,-0.24550179,-1.7754145,CD53,MEF,MAFF,bZIP
705,1,-0.35132957,-0.35132957,1.9690752,CXXC4,MEF,HNF4A,NR
499,0,-0.2859068,-0.146989,-1.0813416,CDR2L,LMC,TCF12,bHLH
762,0,-0.38490406,-0.38490406,1.0946444,DLEU2,LMC,PAX5,"Paired,Homeobox"
2780,0,-0.058015816,-0.18281521,-2.206747,SMOC1,LMC,STAT3,Stat
327,0,-0.10505258,-0.1342841,-2.459499,C1QTNF3,LMC,BHLHE40,bHLH
1657,0,-0.40605056,-0.25471953,1.8098814,LILRB4,LMC,ATF2,bZIP
2123,0,-0.1505293,-0.1342841,-1.0591209,PAQR8,LMC,USF2,bHLH
1682,1,-0.31818998,-0.24333258,-2.7435303,LPAR5,MEF,ZEB1,Zf
1360,1,-0.29414836,-0.26135686,-2.4961243,HOXA5,MEF,E2F6,E2F
1631,0,-0.065101475,-0.08148018,1.8876575,LCP1,LMC,RFX5,HTH
3127,1,-0.12447846,-0.22249272,-1.2504169,TSPAN14,MEF,GATA2,Zf
53,1,-0.66942716,-0.22810093,-5.6424417,ADAM8,MEF,BATF,bZIP
1571,1,-0.3474289,-0.29509667,-2.078099,KIF20B,MEF,ATF1,bZIP
1627,1,-0.01444126,-0.17255645,-5.3725543,LAT2,MEF,STAT3,Stat
87,0,-0.89867353,-0.24450046,-1.0760291,AFF3,LMC,BCL11A,Zf
1307,0,-0.42348737,-0.17137949,-1.3646489,H1FX,LMC,STAT1,Stat
720,0,-0.17513762,-0.146989,1.1883768,CYSTM1,LMC,BHLHE40,bHLH
2818,1,-0.27228355,-0.24283965,-2.0819426,SP3,MEF,GATA2,Zf
276,0,-0.23244992,-0.52757335,-2.523097,BCAT1,LMC,PBX3,Homeobox
2597,1,0.011842721,-0.21953267,1.4566245,SDC2,MEF,FOXA1,Forkhead
711,0,-0.14724034,-0.14724034,1.6064867,CYBRD1,LMC,EBF1,EBF
2985,0,-0.46016192,-0.24450046,1.1835107,TIMP1,LMC,EGR1,Zf
2979,1,-0.3430542,-0.3430542,-5.7015085,THEMIS2,MEF,PAX5,"Paired,Homeobox"
1399,0,-0.36049217,-0.22810093,1.2212778,HSPB1,LMC,FOS,bZIP
1975,1,-0.40533945,-0.39005762,1.3671153,NES,MEF,GABPA,ETS
92,1,-0.44224238,-0.29509667,-2.2453837,AGT,MEF,MAFK,bZIP
43,0,-0.25341198,-0.22810093,-1.0422277,ACY1,LMC,ATF3,bZIP
450,1,-0.27070102,-0.24450046,-6.2079844,CD52,MEF,GATA2,Zf
1559,0,-0.20916343,-0.20916343,-1.662673,KCTD15,LMC,NRF1,NRF
2800,1,0.018755239,0.02968777,-1.0965823,SOAT1,MEF,RFX5,HTH
1860,0,-0.17407607,-0.121736646,1.3824726,MOCOS,LMC,MAX,bHLH
2518,0,-0.15812221,-0.22249272,1.1219213,RNF144B,LMC,YY1,Zf
1868,1,-0.0065755714,-0.1342841,1.2031093,MPV17L,MEF,MYOG,bHLH
1093,0,0.08411567,-0.24550179,1.141777,FOS,LMC,BACH1,bZIP
2191,1,-0.43345997,-0.22249272,-1.1248902,PFKFB3,MEF,ZNF263,Zf
1340,0,-0.2185933,-0.3794154,-1.6869295,HLF,LMC,IRF1,IRF
2459,1,-0.03437175,-0.039668236,-1.3954514,RASGRP3,MEF,RFX5,HTH
339,0,-0.3070402,-0.24450046,2.19194,CACNA1D,LMC,YY1,Zf
708,1,-0.01444126,-0.17255645,3.0798056,CYB5R2,MEF,STAT3,Stat
1745,0,-0.009410201,-0.10008492,2.630295,MAK,LMC,USF2,bHLH
431,1,-0.43756613,-0.41931188,-2.0295777,CCRL2,MEF,ETS1,ETS
2417,1,-0.36049217,-0.22810093,2.638916,RAB27B,MEF,FOS,bZIP
1747,1,-0.18621291,-0.24333258,3.5615675,MAL2,MEF,YY1,Zf
1665,0,-0.03437175,-0.039668236,1.4596416,LIPA,LMC,RFX5,HTH
631,1,-0.12447846,-0.22249272,-1.0453374,CORO1C,MEF,GATA2,Zf
2811,0,-0.0061152284,-0.10008492,-1.3366922,SOX13,LMC,USF1,bHLH
1397,1,-0.3869897,-0.39942494,-1.1688805,HSPA12B,MEF,ETS1,ETS
1623,1,-0.14976743,-0.22810093,-7.952874,LAPTM5,MEF,FOSL2,bZIP
2226,1,-0.15812221,-0.22249272,-1.2790762,PKP2,MEF,YY1,Zf
2939,1,0.048078425,-0.25471953,2.2990468,TBX2,MEF,BACH1,bZIP
2294,1,-0.4776695,-0.22249272,2.1691418,POPDC3,MEF,ZKSCAN1,Zf
2411,1,-0.08617797,-0.146989,3.974242,RAB17,MEF,MYOG,bHLH
856,0,-0.22746871,-0.25187832,-1.1511953,EFCAB11,LMC,E2F6,E2F
2598,1,0.06421617,-0.24450046,1.9485947,SDC4,MEF,CTCF,Zf
1871,0,-0.20953742,-0.22249272,2.041026,MRC1,LMC,MAZ,Zf
965,0,-0.07449697,-0.25159925,1.182763,FAM110C,LMC,CTCF,Zf
1268,0,-0.049117733,-0.13941021,-1.1667958,GPSM1,LMC,MAX,bHLH
403,1,-0.4733331,-0.39005762,1.625412,CCDC80,MEF,ELK1,ETS
3160,0,-0.009410201,-0.10008492,-1.9747592,UBE2C,LMC,USF2,bHLH
475,1,0.023197008,-0.146989,-1.4936433,CDCA5,MEF,USF1,bHLH
2607,1,-0.18911669,-0.17782252,2.4777281,SEMA3B,MEF,FOXA2,Forkhead
3077,0,-0.21895796,-0.21895796,-1.5086727,TOM1L1,LMC,EBF1,EBF
138,1,-0.34278938,-0.41931188,-2.2497957,ANKLE1,MEF,ELF1,ETS
392,0,-0.17702122,-0.27780795,-1.5992931,CCDC18,LMC,ATF1,bZIP
926,1,-0.2849582,-0.2849582,-1.3294209,ESYT1,MEF,EBF1,EBF
510,1,-0.3869897,-0.39942494,-3.0437114,CENPA,MEF,ETS1,ETS
41,0,-0.15054174,-0.24450046,1.6943789,ACTN3,LMC,GATA3,Zf
935,1,-0.0013588448,-0.24283965,-1.9342779,EVL,MEF,CTCF,Zf
1918,1,-0.065101475,-0.08148018,2.4219623,MYO18B,MEF,RFX5,HTH
2443,0,-0.40787458,-0.3917693,-1.1674553,RANBP17,LMC,GABPA,ETS
945,0,-0.44224238,-0.29509667,1.6291311,EZR,LMC,MAFK,bZIP
544,1,-0.3076643,-0.4621776,1.5261316,CHMP4C,MEF,IRF1,IRF
977,0,-0.20776576,-0.20776576,-1.3537836,FAM171B,LMC,EBF1,EBF
1087,1,-0.3610153,-0.22249272,1.1361747,FNDC3A,MEF,EGR1,Zf
1436,0,-0.33639127,-0.4713425,2.1005368,IL10RA,LMC,IRF1,IRF
2407,1,0.03116794,-0.22249272,2.7722974,QRFPR,MEF,CTCF,Zf
1750,0,-0.20308916,-0.4653868,-1.3566232,MAMSTR,LMC,IRF1,IRF
1424,1,-0.0005437653,-0.1342841,-2.5096278,IGFBP6,MEF,USF1,bHLH
1794,1,-0.08617797,-0.146989,-2.1192741,MCTP1,MEF,MYOG,bHLH
2728,1,-0.4467859,-0.3917693,1.2351124,SLC2A6,MEF,ELK1,ETS
1243,0,-0.30776003,-0.24450046,-1.1135906,GPR153,LMC,ZNF263,Zf
3017,0,-0.0013588448,-0.24283965,-1.6529653,TMEM151B,LMC,CTCF,Zf
2776,1,-0.2849582,-0.2849582,-4.6038027,SMAGP,MEF,EBF1,EBF
987,1,0.023197008,-0.146989,1.3554344,FAM19A1,MEF,USF1,bHLH
2975,0,0.07771543,-0.1980394,-1.1033702,THBS1,LMC,STAT3,Stat
67,1,-0.19379956,-0.22810093,-3.9511166,ADAP1,MEF,ATF2,bZIP
2988,1,-0.3610153,-0.22249272,2.4701684,TIPARP,MEF,EGR1,Zf
1916,1,-0.34304273,-0.52757335,1.0238945,MYLK3,MEF,NANOG,Homeobox
997,0,-0.19612858,-0.146989,-1.7532792,FAM43A,LMC,USF2,bHLH
926,1,-0.24165441,-0.29509667,-1.3294209,ESYT1,MEF,JUND,bZIP
1969,1,-0.28121933,-0.25159925,-2.4533186,NEIL3,MEF,SP1,Zf
2901,1,-0.3430542,-0.3430542,-5.1530013,SUSD3,MEF,PAX5,"Paired,Homeobox"
239,0,-0.1689725,-0.13941021,2.4009495,ATP1A3,LMC,BHLHE40,bHLH
2472,1,-0.25436184,-0.25436184,-2.984346,RBM47,MEF,TEAD4,TEA
2060,0,0.018755239,0.02968777,-1.2953495,NUP62CL,LMC,RFX5,HTH
1939,1,-0.121607244,-0.24333258,1.0546967,NAPB,MEF,GATA3,Zf
319,1,-0.28616667,-0.25693348,1.0997815,BTN2A2,MEF,E2F6,E2F
2039,0,-0.19379956,-0.22810093,-1.6790822,NRN1,LMC,ATF2,bZIP
2850,1,-0.062780954,-0.24333258,1.1574836,SQRDL,MEF,SP1,Zf
2745,0,-0.1124492,-0.24333258,1.9025482,SLC43A2,LMC,CTCF,Zf
1799,0,-0.21301334,-0.25187832,-3.4283805,MECOM,LMC,E2F4,E2F
1954,1,-0.169331,-0.25693348,-6.857463,NCF4,MEF,E2F4,E2F
3007,1,-0.28121933,-0.25159925,-2.8485968,TMEM106A,MEF,SP1,Zf
472,1,-0.15019357,-0.27780795,-1.1619854,CDC7,MEF,MAFF,bZIP
1711,0,-0.33280078,-0.24333258,1.4799604,LRRN4,LMC,GATA2,Zf
1271,0,-0.26737517,-0.25159925,-2.1776073,GRAMD2,LMC,ZKSCAN1,Zf
641,1,-0.01444126,-0.17255645,1.284983,CPOX,MEF,STAT3,Stat
2729,0,-0.29414836,-0.26135686,3.239273,SLC30A2,LMC,E2F6,E2F
1787,1,-0.22240412,-0.10008492,-2.5327592,MCM10,MEF,TCF12,bHLH
997,0,-0.21301334,-0.25187832,-1.7532792,FAM43A,LMC,E2F4,E2F
1665,1,-0.28616667,-0.25693348,-1.0906605,LIPA,MEF,E2F6,E2F
2658,1,-0.38071528,-0.24283965,-2.8890922,SHC2,MEF,ZNF263,Zf
1502,0,-0.25436184,-0.25436184,-3.7254791,ITIH2,LMC,TEAD4,TEA
954,0,0.5159049,-0.24283965,1.3474227,FABP3,LMC,PRDM1,Zf
2000,0,-0.062780954,-0.24333258,1.5370079,NLRC3,LMC,SP1,Zf
278,0,-0.169331,-0.25693348,-2.4906874,BCL11A,LMC,E2F4,E2F
2155,0,0.08411567,-0.24550179,-2.4770832,PCOLCE,LMC,BACH1,bZIP
342,1,-0.058015816,-0.18281521,2.1419537,CACNA1I,MEF,STAT3,Stat
1440,0,-0.3569094,-0.25159925,1.6409155,IL16,LMC,ZNF263,Zf
2568,1,-0.44224238,-0.29509667,1.4784383,SAMD12,MEF,MAFK,bZIP
2995,1,-0.009410201,-0.10008492,-2.069741,TLR1,MEF,USF2,bHLH
460,1,-0.30776003,-0.24450046,-3.7349644,CD83,MEF,ZNF263,Zf
2855,0,-0.038338926,-0.10008492,1.6506883,SRPK3,LMC,MYOG,bHLH
2698,1,-0.19379956,-0.22810093,2.9320288,SLC16A14,MEF,ATF2,bZIP
2367,1,-0.34029287,-0.28884968,-5.23533,PTAFR,MEF,E2F4,E2F
2429,1,-0.07449697,-0.25159925,-5.5450034,RAC2,MEF,CTCF,Zf
1496,1,-0.20953742,-0.22249272,-7.2758436,ITGAM,MEF,MAZ,Zf
722,1,0.018755239,0.02968777,2.4622881,CYTIP,MEF,RFX5,HTH
2591,1,0.07771543,-0.1980394,-1.7827389,SCN9A,MEF,STAT3,Stat
2647,0,-0.3375485,-0.1342841,-2.391878,SH3BGR,LMC,TCF12,bHLH
1177,1,-0.51637894,-0.42379856,-1.9876038,GDPD3,MEF,CUX1,Homeobox
2025,0,-0.10505258,-0.1342841,2.536726,NPR1,LMC,BHLHE40,bHLH
1865,1,-0.3610153,-0.22249272,1.1478183,MPC1,MEF,EGR1,Zf
474,0,-0.541412,-0.25159925,-1.3249443,CDCA3,LMC,EGR1,Zf
2018,1,-0.0017048104,-0.121736646,3.2765796,NOTUM,MEF,MYOG,bHLH
1900,1,-0.3439605,-0.3439605,-2.1630523,MXD3,MEF,NRF1,NRF
2818,1,-1.5423862,-0.39005762,-2.0819426,SP3,MEF,FLI1,ETS
1182,1,-0.38059002,-0.38059002,1.2894192,GGCT,MEF,PAX5,"Paired,Homeobox"
2174,0,-0.3625331,-0.38195667,-1.1295204,PDGFD,LMC,GABPA,ETS
144,0,0.03645469,-0.22810093,-2.079299,ANLN,LMC,BACH1,bZIP
486,1,-0.2727483,-0.2712014,2.0430532,CDH8,MEF,E2F6,E2F
2409,0,-0.10505258,-0.1342841,1.1963438,RAB11FIP1,LMC,BHLHE40,bHLH
391,0,-0.34914914,-0.27780795,-1.0662317,CCDC159,LMC,FOS,bZIP
1180,1,-0.14989896,-0.14989896,1.6279256,GFRA2,MEF,TEAD4,TEA
3155,1,-0.1124492,-0.24333258,1.0217835,TYR,MEF,CTCF,Zf
484,1,-0.37601265,-0.39942494,-1.72285,CDH24,MEF,ELF1,ETS
1187,0,-0.3058912,-0.24283965,-1.3744384,GGT7,LMC,YY1,Zf
1307,0,-0.10505258,-0.1342841,-1.3646489,H1FX,LMC,BHLHE40,bHLH
713,1,-0.64209527,-0.1980394,1.1914463,CYLD,MEF,STAT1,Stat
1840,1,-0.011590093,-0.22249272,-1.8278335,MMD,MEF,GATA3,Zf
682,0,-0.1826178,-0.24450046,-2.1796834,CTNND2,LMC,SP1,Zf
2031,1,-0.8933479,-0.52757335,1.6603361,NQO1,MEF,CUX1,Homeobox
1482,0,-0.13149443,-0.22249272,1.4210551,ISG15,LMC,SP1,Zf
2698,1,-0.17150766,-0.17150766,2.9320288,SLC16A14,MEF,TEAD4,TEA
1288,1,-0.17513762,-0.146989,3.1655743,GRM4,MEF,BHLHE40,bHLH
1234,0,0.018755239,0.02968777,2.3392198,GPR115,LMC,RFX5,HTH
468,1,-0.34278938,-0.41931188,-1.3716766,CDC42EP2,MEF,ELF1,ETS
2319,1,-0.10505258,-0.1342841,2.1115367,PPP1R9A,MEF,BHLHE40,bHLH
2537,1,-0.33639127,-0.4713425,-1.8166342,RPS6KA1,MEF,IRF1,IRF
1957,0,-0.541412,-0.25159925,-1.6446601,NDC80,LMC,EGR1,Zf
126,0,-0.2064243,-0.25159925,2.119779,AMDHD1,LMC,YY1,Zf
2581,1,-0.25436184,-0.25436184,2.6589973,SCG5,MEF,TEAD4,TEA
1555,0,-0.26692143,-0.26692143,-2.8231845,KCNMB1,LMC,EBF1,EBF
2079,1,-0.40533945,-0.39005762,1.3130182,OLFM1,MEF,GABPA,ETS
2057,1,-0.56297857,-0.22249272,-2.8949068,NUF2,MEF,ZBTB33,Zf
3069,1,-0.2849582,-0.2849582,-2.5900114,TNNI2,MEF,EBF1,EBF
2764,0,-0.19379956,-0.22810093,1.8032925,SLC9A9,LMC,ATF2,bZIP
3253,1,-0.28899637,-0.29509667,-1.6620153,ZDHHC2,MEF,MAFF,bZIP
698,0,-0.38339126,-0.24550179,2.1743443,CXADR,LMC,ATF2,bZIP
2411,1,-0.440717,-0.25471953,3.974242,RAB17,MEF,MAFK,bZIP
3130,0,-0.3070402,-0.24450046,1.172865,TSPAN33,LMC,YY1,Zf
1854,1,-0.0065755714,-0.1342841,1.1488492,MMP28,MEF,MYOG,bHLH
2102,1,-0.1689725,-0.13941021,-3.7011466,P2RY12,MEF,BHLHE40,bHLH
2736,0,-0.1124492,-0.24333258,1.4153332,SLC35G1,LMC,CTCF,Zf
1727,1,-0.40605056,-0.25471953,-1.39508,LY75,MEF,ATF2,bZIP
1178,1,-0.13149443,-0.22249272,-1.9427576,GEN1,MEF,SP1,Zf
3190,1,-0.45038855,-0.39942494,-7.1439543,VAV1,MEF,GABPA,ETS
957,0,-0.41913503,-0.41913503,-1.2934484,FADS2,LMC,TCF3,HMG
2802,0,-0.049117733,-0.13941021,1.0155102,SOCS6,LMC,MAX,bHLH
477,1,-0.3430542,-0.3430542,-1.4396812,CDCA7L,MEF,PAX5,"Paired,Homeobox"
777,0,-0.17407607,-0.121736646,-1.7678535,DNAH11,LMC,MAX,bHLH
1197,1,-0.24165441,-0.29509667,-1.3581172,GJC1,MEF,JUND,bZIP
2216,1,-0.3430542,-0.3430542,-3.0388339,PILRA,MEF,PAX5,"Paired,Homeobox"
988,1,-0.42348737,-0.17137949,1.5712413,FAM19A3,MEF,STAT1,Stat
2897,0,-0.2064243,-0.25159925,-1.1073521,STYK1,LMC,YY1,Zf
3018,1,-0.14976743,-0.22810093,-3.1052723,TMEM156,MEF,FOSL2,bZIP
2937,1,-0.15764365,-0.14792581,1.5015075,TBC1D8,MEF,RFX5,HTH
1385,0,0.048078425,-0.25471953,3.1518924,HPGD,LMC,BACH1,bZIP
1154,1,-0.2849582,-0.2849582,1.8328152,GATA3,MEF,EBF1,EBF
759,0,-0.4649995,-0.41931188,-1.0099353,DIXDC1,LMC,GABPA,ETS
2191,1,-0.31818998,-0.24333258,-1.1248902,PFKFB3,MEF,ZEB1,Zf
1337,1,-0.8933479,-0.52757335,1.9967467,HIST2H2AC,MEF,CUX1,Homeobox
1504,0,-0.17513762,-0.146989,1.9866703,ITM2A,LMC,BHLHE40,bHLH
1094,1,-0.22016564,-0.25159925,1.9671559,FOXA3,MEF,GATA2,Zf
1935,0,0.018755239,0.02968777,-1.2886287,NACAD,LMC,RFX5,HTH
3005,1,-0.15764365,-0.14792581,-1.009715,TMC7,MEF,RFX5,HTH
1007,1,-0.32442823,-0.39942494,-1.8098384,FAM78A,MEF,ELK1,ETS
1454,1,-0.36259097,-0.38195667,-2.9114602,IL21R,MEF,ELF1,ETS
2734,0,-0.2997486,-0.24333258,-2.5573225,SLC35F2,LMC,ZNF263,Zf
246,0,0.22652079,-0.2053601,1.1833032,ATP6V1B2,LMC,FOXA1,Forkhead
1254,0,0.011842721,-0.21953267,3.3951533,GPR34,LMC,FOXA1,Forkhead
990,1,-0.3076643,-0.4621776,1.026783,FAM204A,MEF,IRF1,IRF
1061,1,-0.13559982,-0.10008492,1.0598873,FGFR3,MEF,MAX,bHLH
663,0,-0.07449697,-0.25159925,2.0388758,CSF1R,LMC,CTCF,Zf
39,1,-0.17407607,-0.121736646,-1.1783521,ACTB,MEF,MAX,bHLH
2323,1,0.016314197,-0.13941021,-2.6390612,PRC1,MEF,USF1,bHLH
1647,1,-0.62452394,-0.4713425,2.3328397,LGI4,MEF,IRF4,IRF
2930,1,0.018755239,0.02968777,2.516421,TACR1,MEF,RFX5,HTH
1301,1,0.06421617,-0.24450046,1.2371739,GSTT2,MEF,CTCF,Zf
2387,1,0.10100052,-0.14792581,-4.4291387,PTPN7,MEF,MYB,HTH
2809,1,-0.16561359,-0.22810093,-1.3496617,SOX11,MEF,JUND,bZIP
2647,0,-0.76012087,-0.50137913,-2.391878,SH3BGR,LMC,CUX1,Homeobox
3082,0,-0.00943349,-0.121736646,-1.8846053,TPBG,LMC,USF1,bHLH
951,1,-0.2300118,-0.25159925,-2.0613308,F3,MEF,MAZ,Zf
3259,1,-0.057535224,-0.27780795,-1.6842502,ZIC1,MEF,BACH1,bZIP
2154,0,-0.12554857,-0.24550179,3.9104586,PCNXL2,LMC,JUND,bZIP
1849,1,-0.01444126,-0.17255645,1.7113023,MMP16,MEF,STAT3,Stat
518,1,-0.04073672,-0.3917693,-1.4699304,CENPP,MEF,ELK4,ETS
2331,1,-0.25007766,-0.37009746,-1.1389894,PRG4,MEF,IRF1,IRF
2005,1,-0.44224238,-0.29509667,-1.774617,NME2,MEF,MAFK,bZIP
2822,0,-0.20454665,-0.20454665,-1.0630472,SPAG4,LMC,TEAD4,TEA
2792,0,-0.07763662,-0.20371658,1.778019,SNHG11,LMC,FOXA2,Forkhead
171,0,-0.26188308,-0.27780795,-1.3084476,APOLD1,LMC,FOSL2,bZIP
633,1,-0.25436184,-0.25436184,-1.7925377,COTL1,MEF,TEAD4,TEA
566,0,-0.17407607,-0.121736646,-1.1170683,CKS2,LMC,MAX,bHLH
1792,0,0.048078425,-0.25471953,1.9537151,MCOLN2,LMC,BACH1,bZIP
927,0,-0.065101475,-0.08148018,2.8551106,ESYT3,LMC,RFX5,HTH
340,1,-0.065101475,-0.08148018,-1.3618382,CACNA1G,MEF,RFX5,HTH
1295,1,-0.16941127,-0.25471953,-1.2473489,GSN,MEF,FOS,bZIP
353,0,-0.17513762,-0.146989,-1.6253554,CALML4,LMC,BHLHE40,bHLH
2997,1,-0.36259097,-0.38195667,-1.2257801,TLR5,MEF,ELF1,ETS
65,1,-0.38071528,-0.24283965,-1.5340126,ADAMTSL2,MEF,ZNF263,Zf
1988,1,-0.120565586,-0.1342841,1.1322362,NHLRC1,MEF,MAX,bHLH
1377,0,-0.08568381,-0.24450046,2.4189181,HOXD1,LMC,MAZ,Zf
2786,1,0.3166667,0.02968777,-1.2469294,SNAI1,MEF,MYB,HTH
3127,1,-0.3869897,-0.39942494,-1.2504169,TSPAN14,MEF,ETS1,ETS
2386,0,-0.33639127,-0.4713425,2.0515485,PTPN6,LMC,IRF1,IRF
454,1,-0.1124492,-0.24333258,-5.4775605,CD68,MEF,CTCF,Zf
251,1,-0.0061152284,-0.10008492,-2.209545,AURKA,MEF,USF1,bHLH
1851,0,-0.14976743,-0.22810093,1.0448611,MMP19,LMC,FOSL2,bZIP
2846,1,-0.440717,-0.25471953,-1.6578367,SPRY3,MEF,MAFK,bZIP
3032,1,-0.4649995,-0.41931188,-1.1495689,TMEM221,MEF,GABPA,ETS
2736,0,-0.34370995,-0.24333258,1.4153332,SLC35G1,LMC,EGR1,Zf
560,0,-0.69426614,-0.4713425,-1.2462806,CIT,LMC,IRF3,IRF
2275,0,-0.2997486,-0.24333258,1.0600202,PM20D2,LMC,ZNF263,Zf
938,1,-0.0061152284,-0.10008492,1.8957962,EXOC3L2,MEF,USF1,bHLH
1395,1,-0.26692143,-0.26692143,1.0437326,HSD17B1,MEF,EBF1,EBF
1052,1,-0.38071528,-0.24283965,2.0621297,FGF13,MEF,ZNF263,Zf
994,1,-0.25436184,-0.25436184,1.0227886,FAM222A,MEF,TEAD4,TEA
1775,0,-0.2185933,-0.3794154,-1.2945493,MASTL,LMC,IRF1,IRF
1143,1,-0.12554857,-0.24550179,2.7778296,GALNT3,MEF,JUND,bZIP
1320,1,-0.3869897,-0.39942494,-2.2017817,HCST,MEF,ETS1,ETS
504,0,-0.43756613,-0.41931188,2.316045,CEBPA,LMC,ETS1,ETS
0,1,0.018755239,0.02968777,4.0291524,A2M,MEF,RFX5,HTH
975,1,-0.12554857,-0.24550179,1.2401816,FAM161B,MEF,JUND,bZIP
353,0,-0.440717,-0.25471953,-1.6253554,CALML4,LMC,MAFK,bZIP
859,0,0.016311714,0.00623205,-1.016673,EFHC1,LMC,RFX5,HTH
140,1,-0.0005437653,-0.1342841,-3.3900094,ANKRD33B,MEF,USF1,bHLH
1731,1,-0.37527534,-0.37527534,-1.2809721,LYN,MEF,NRF1,NRF
1124,1,-0.18621291,-0.24333258,1.2403598,FUNDC1,MEF,YY1,Zf
659,1,-0.08106524,-0.08106524,2.2780662,CRYAB,MEF,TEAD4,TEA
933,0,-0.30779734,-0.3917693,2.0386486,EVI2A,LMC,ETS1,ETS
2430,1,0.048078425,-0.25471953,-1.3141602,RACGAP1,MEF,BACH1,bZIP
822,0,-0.22736193,-0.22736193,-2.0912359,DUOX1,LMC,HNF4A,NR
1569,0,-0.35806254,-0.38195667,-1.7011287,KIF18B,LMC,ETS1,ETS
1383,0,-0.065101475,-0.08148018,3.9081578,HPCAL4,LMC,RFX5,HTH
1708,1,-0.009364229,-0.17137949,2.3246684,LRRN1,MEF,STAT3,Stat
962,0,-0.10505258,-0.1342841,-1.8918418,FAM101B,LMC,BHLHE40,bHLH
2095,0,-0.659372,-0.27780795,-4.0632787,OSR2,LMC,BATF,bZIP
857,1,-0.34099022,-0.38195667,1.302421,EFCAB2,MEF,ELK1,ETS
2881,0,-0.16561359,-0.22810093,-1.2551341,STIL,LMC,JUND,bZIP
155,1,-0.35453734,-0.24333258,-1.0362561,AP1G2,MEF,ZKSCAN1,Zf
3225,1,-0.5069276,-0.27780795,5.458993,WNT10A,MEF,ATF2,bZIP
496,1,-0.35806254,-0.38195667,-2.2888286,CDKN3,MEF,ETS1,ETS
1569,1,-0.121607244,-0.24333258,-1.7053663,KIF18B,MEF,GATA3,Zf
2649,1,-0.46016192,-0.24450046,-2.037939,SH3BP2,MEF,EGR1,Zf
218,0,-0.26816452,-0.121736646,-1.3121011,ARTN,LMC,TCF12,bHLH
42,1,-0.17407607,-0.121736646,2.3429568,ACVR1C,MEF,MAX,bHLH
2797,1,-0.15764365,-0.14792581,1.207182,SNX16,MEF,RFX5,HTH
1011,1,-0.32700178,-0.25159925,-1.3060033,FAM83D,MEF,GATA1,Zf
2848,1,-0.0013588448,-0.24283965,-1.3201041,SPSB4,MEF,CTCF,Zf
2172,0,-0.44168723,-0.24550179,2.043665,PDGFB,LMC,FOS,bZIP
2450,0,-0.43756613,-0.41931188,-1.0523133,RARG,LMC,ETS1,ETS
2667,0,-0.18911669,-0.17782252,1.0441486,SHROOM2,LMC,FOXA2,Forkhead
3186,1,-0.038338926,-0.10008492,-1.9262128,VANGL2,MEF,MYOG,bHLH
2116,1,-0.19612858,-0.146989,1.2539239,PAM,MEF,USF2,bHLH
1260,0,-0.21918109,-0.21918109,2.074555,GPR65,LMC,TCF3,HMG
829,1,-0.09351536,-0.24313685,-1.5806866,DUT,MEF,STAT3,Stat
2617,1,-0.3341544,-0.39005762,-1.5712881,SEPP1,MEF,ELF1,ETS
3019,0,-0.33817908,-0.29509667,-1.6892291,TMEM158,LMC,FOS,bZIP
1321,0,-0.1124492,-0.24333258,1.4760606,HDAC9,LMC,CTCF,Zf
747,0,-0.37167174,-0.29509667,-1.0409411,DENND3,LMC,ATF2,bZIP
932,0,-0.36259097,-0.38195667,-1.0899669,EVA1C,LMC,ELF1,ETS
1749,1,-0.22240412,-0.10008492,-1.3053963,MAMDC2,MEF,TCF12,bHLH
1520,1,-0.28121933,-0.25159925,1.2568082,KAZALD1,MEF,SP1,Zf
893,1,0.048078425,-0.25471953,1.0541712,ENDOD1,MEF,BACH1,bZIP
56,1,-0.24165441,-0.29509667,-1.6096531,ADAMTS12,MEF,JUND,bZIP
3265,1,-0.35806254,-0.38195667,-1.2940427,ZRANB3,MEF,ETS1,ETS
420,1,-0.28899637,-0.29509667,-2.2738292,CCNA2,MEF,MAFF,bZIP
215,0,-0.0065755714,-0.1342841,-1.361589,ARSJ,LMC,MYOG,bHLH
609,0,-0.011590093,-0.22249272,-2.4838371,COL14A1,LMC,GATA3,Zf
1130,1,-0.41913503,-0.41913503,1.3716244,FZD9,MEF,TCF3,HMG
1178,0,-0.15764365,-0.14792581,-1.4242098,GEN1,LMC,RFX5,HTH
856,1,-0.20953742,-0.22249272,-2.041312,EFCAB11,MEF,MAZ,Zf
2654,1,-0.1826178,-0.24450046,-1.6354232,SH3TC1,MEF,SP1,Zf
235,0,-0.062780954,-0.24333258,-1.0292096,ATG16L2,LMC,SP1,Zf
2193,0,-0.32700178,-0.25159925,-2.3282619,PFKL,LMC,GATA1,Zf
1497,1,-0.46016192,-0.24450046,-8.077631,ITGB2,MEF,EGR1,Zf
1792,1,-0.440717,-0.25471953,-5.093406,MCOLN2,MEF,MAFK,bZIP
2409,0,-0.43756613,-0.41931188,1.1963438,RAB11FIP1,LMC,ETS1,ETS
3103,1,-0.38057798,-0.24450046,-2.6582155,TRIM14,MEF,GATA1,Zf
1813,0,-0.32700178,-0.25159925,1.5284009,METTL20,LMC,GATA1,Zf
1513,1,-0.03437175,-0.039668236,1.2143091,JAKMIP3,MEF,RFX5,HTH
2318,1,-0.08568381,-0.24450046,1.4274718,PPP1R42,MEF,MAZ,Zf
256,1,-0.3551913,-0.3551913,-3.7848723,B3GNT3,MEF,HNF4A,NR
2007,1,-0.10505258,-0.1342841,2.0483093,NMNAT2,MEF,BHLHE40,bHLH
1775,0,-0.33639127,-0.4713425,-1.2945493,MASTL,LMC,IRF1,IRF
1792,1,-0.5069276,-0.27780795,-5.093406,MCOLN2,MEF,ATF2,bZIP
2735,1,-0.1505293,-0.1342841,3.6127057,SLC35F3,MEF,USF2,bHLH
251,1,-0.34914914,-0.27780795,-2.209545,AURKA,MEF,FOS,bZIP
2436,1,-0.7844056,-0.2053601,-1.7905334,RAD54L,MEF,FOXM1,Forkhead
2815,0,-0.21907748,-0.27780795,1.3722122,SP100,LMC,JUND,bZIP
2439,1,0.041926194,-0.24283965,-1.1696179,RALGPS2,MEF,GATA3,Zf
1139,1,-0.20454665,-0.20454665,-2.5304673,GALNT12,MEF,TEAD4,TEA
527,0,-0.2185933,-0.3794154,-1.1976969,CERCAM,LMC,IRF1,IRF
681,0,-0.3869897,-0.39942494,1.057336,CTNNAL1,LMC,ETS1,ETS
2952,1,0.016314197,-0.13941021,-1.0514666,TEAD2,MEF,USF1,bHLH
263,0,-0.07449697,-0.25159925,-1.000722,B4GALT2,LMC,CTCF,Zf
2252,1,-0.3569094,-0.25159925,1.3349193,PLEKHH2,MEF,ZNF263,Zf
2292,1,-0.26188308,-0.27780795,-1.5553532,POLQ,MEF,FOSL2,bZIP
2908,1,-0.08617797,-0.146989,1.945969,SYCP3,MEF,MYOG,bHLH
1330,1,-0.1689725,-0.13941021,1.5842701,HHIP,MEF,BHLHE40,bHLH
2269,1,-0.1607576,-0.24283965,1.3691007,PLVAP,MEF,MAZ,Zf
428,0,-0.120565586,-0.1342841,1.8884737,CCR1,LMC,MAX,bHLH
2856,0,-0.29414836,-0.26135686,-1.12671,SRPX,LMC,E2F6,E2F
2449,1,-0.37167174,-0.29509667,2.0997539,RARB,MEF,ATF2,bZIP
1637,1,-0.3933147,-0.24283965,4.65431,LDOC1,MEF,ZKSCAN1,Zf
604,1,-0.26816452,-0.121736646,2.2690716,CNTNAP3,MEF,TCF12,bHLH
1069,0,0.041926194,-0.24283965,-1.5401144,FIGF,LMC,GATA3,Zf
1832,1,-0.37527534,-0.37527534,-1.5881457,MIS18BP1,MEF,NRF1,NRF
2970,1,-0.3569094,-0.25159925,1.2388296,TGFB2,MEF,ZNF263,Zf
1329,1,-0.049117733,-0.13941021,-3.297333,HHEX,MEF,MAX,bHLH
3147,1,-0.37601265,-0.39942494,-2.5250468,TUBB2B,MEF,ELF1,ETS
481,1,-0.08974322,-0.146989,2.587079,CDH12,MEF,MAX,bHLH
702,0,0.07771543,-0.1980394,1.697963,CXCL16,LMC,STAT3,Stat
2199,0,-0.46016192,-0.24450046,-1.1405721,PGK1,LMC,EGR1,Zf
2573,1,-0.0013588448,-0.24283965,-1.0807701,SAP25,MEF,CTCF,Zf
2342,1,-0.009364229,-0.17137949,1.9326226,PROSER2,MEF,STAT3,Stat
602,1,-0.15054174,-0.24450046,1.4546475,CNTN1,MEF,GATA3,Zf
1204,1,-0.038338926,-0.10008492,-2.297817,GLIPR2,MEF,MYOG,bHLH
1544,0,-0.062780954,-0.24333258,1.8411628,KCNJ10,LMC,SP1,Zf
1444,0,-0.120565586,-0.1342841,1.291219,IL18,LMC,MAX,bHLH
605,0,-0.36049217,-0.22810093,-1.0798401,CNTROB,LMC,FOS,bZIP
2891,0,-0.29414836,-0.26135686,-1.1727897,STOX2,LMC,E2F6,E2F
41,1,-0.9526392,-0.4653868,-1.2971035,ACTN3,MEF,IRF3,IRF
465,1,-0.3705123,-0.25471953,-2.799609,CDC20,MEF,FOSL2,bZIP
1443,0,-0.26816452,-0.121736646,-1.0708433,IL17RC,LMC,TCF12,bHLH
2277,1,-0.63670325,-0.21953267,-1.672663,PMF1,MEF,FOXM1,Forkhead
870,1,-0.37527534,-0.37527534,-1.2089994,EGLN3,MEF,NRF1,NRF
2491,0,-0.46846294,-0.46846294,1.1979079,RGS10,LMC,TCF3,HMG
1826,0,-0.32442823,-0.39942494,1.3738055,MGST2,LMC,ELK1,ETS
778,1,-0.07449697,-0.25159925,1.1577137,DNAH12,MEF,CTCF,Zf
523,1,-0.28616667,-0.25693348,-1.0277461,CENPW,MEF,E2F6,E2F
1580,1,-0.20308916,-0.4653868,1.737582,KIF5C,MEF,IRF1,IRF
3267,1,-0.1666823,-0.13941021,-1.183221,ZWILCH,MEF,USF2,bHLH
2196,0,-0.29414836,-0.26135686,-1.2279279,PGAP3,LMC,E2F6,E2F
2988,1,-0.22736193,-0.22736193,2.4701684,TIPARP,MEF,HNF4A,NR
2643,1,-0.03437175,-0.039668236,-1.113979,SH2B2,MEF,RFX5,HTH
827,0,-0.038338926,-0.10008492,1.3163043,DUSP6,LMC,MYOG,bHLH
1433,1,-0.4649995,-0.41931188,-5.3167334,IKZF1,MEF,GABPA,ETS
2267,0,-0.3773888,-0.18281521,1.3046216,PLSCR4,LMC,STAT1,Stat
1331,0,-0.038338926,-0.10008492,-1.1191683,HHIPL1,LMC,MYOG,bHLH
1467,0,-0.21907748,-0.27780795,1.7121326,INPP5J,LMC,JUND,bZIP
1820,1,-0.42519194,-0.24333258,-1.6256363,MFSD12,MEF,GATA1,Zf
811,0,0.0745308,-0.10944186,2.3256583,DPYSL5,LMC,FOXA2,Forkhead
3262,1,-0.03437175,-0.039668236,1.0464939,ZMYND12,MEF,RFX5,HTH
2011,0,-0.13149443,-0.22249272,1.146378,NOD1,LMC,SP1,Zf
1078,1,-0.56297857,-0.22249272,1.7946676,FLRT3,MEF,ZBTB33,Zf
2006,0,-0.1124492,-0.24333258,1.3380699,NME5,LMC,CTCF,Zf
684,1,-0.23244992,-0.52757335,-1.4739813,CTSC,MEF,PBX3,Homeobox
2294,0,0.027763726,-0.25159925,1.6175095,POPDC3,LMC,GATA3,Zf
736,1,-0.13559982,-0.10008492,1.2125307,DCXR,MEF,MAX,bHLH
1728,1,-0.2507436,-0.25159925,-4.9488015,LY86,MEF,ZEB1,Zf
1913,0,-0.7237371,-0.24333258,1.1268022,MYLIP,LMC,SP2,Zf
762,0,-0.2952564,-0.2952564,1.0946444,DLEU2,LMC,HNF4A,NR
1043,0,-0.00943349,-0.121736646,-1.2050055,FDPS,LMC,USF1,bHLH
1545,0,-0.2185933,-0.3794154,2.3089058,KCNJ11,LMC,IRF1,IRF
2896,1,-0.13559982,-0.10008492,1.5907596,STXBP6,MEF,MAX,bHLH
1522,0,-0.3375485,-0.1342841,1.2068585,KBTBD8,LMC,TCF12,bHLH
2734,0,-0.440717,-0.25471953,-2.5573225,SLC35F2,LMC,MAFK,bZIP
998,1,-0.01444126,-0.17255645,-1.6308671,FAM46B,MEF,STAT3,Stat
192,1,-0.26737517,-0.25159925,2.2037745,ARHGEF16,MEF,ZKSCAN1,Zf
463,0,-0.22016564,-0.25159925,2.0748477,CD93,LMC,GATA2,Zf
2661,0,-0.27228355,-0.24283965,-1.2295792,SHF,LMC,GATA2,Zf
249,1,-0.12554857,-0.24550179,1.6328131,ATP9A,MEF,JUND,bZIP
1039,1,-0.5313326,-0.24450046,1.1082104,FBXO7,MEF,ZKSCAN1,Zf
1413,0,-0.5315311,-0.5315311,1.9056824,IFIT1,LMC,PAX5,"Paired,Homeobox"
269,0,-0.21459776,-0.24333258,1.224087,BAMBI,LMC,MAZ,Zf
1812,1,-0.20776576,-0.20776576,-1.0833864,METRNL,MEF,EBF1,EBF
2515,1,-0.6645992,-0.25159925,1.1263795,RND1,MEF,SP2,Zf
2496,0,-0.35390377,-0.22810093,-1.8756744,RGS5,LMC,ATF1,bZIP
3188,1,-0.2185933,-0.3794154,-1.032395,VASP,MEF,IRF1,IRF
2982,1,-0.46016192,-0.24450046,-2.3347836,TICRR,MEF,EGR1,Zf
1333,1,-0.37776268,-0.37776268,2.048753,HID1,MEF,TCF3,HMG
1861,1,-0.07949572,-0.21953267,-1.7145826,MOGAT2,MEF,FOXA2,Forkhead
812,0,-0.3625331,-0.38195667,-1.4309103,DRAXIN,LMC,GABPA,ETS
2742,0,-0.08106524,-0.08106524,1.4623579,SLC39A8,LMC,TEAD4,TEA
899,1,-0.33058694,-0.3917693,1.4761393,ENPP4,MEF,ELF1,ETS
466,1,-0.25341198,-0.22810093,-1.5081419,CDC25B,MEF,ATF3,bZIP
1728,1,-0.2806714,-0.20306948,-4.9488015,LY86,MEF,MEF2A,MADS
2938,1,-0.17407607,-0.121736646,1.8867676,TBX18,MEF,MAX,bHLH
3228,0,-0.10505258,-0.1342841,-2.7386174,WNT16,LMC,BHLHE40,bHLH
2701,1,-0.18621291,-0.24333258,1.6072477,SLC17A2,MEF,YY1,Zf
2868,0,-0.35806254,-0.38195667,2.579852,STAB1,LMC,ETS1,ETS
1761,1,-0.058015816,-0.18281521,-1.7810698,MAP3K7CL,MEF,STAT3,Stat
2478,0,-0.13149443,-0.22249272,-1.0574901,RCN1,LMC,SP1,Zf
2660,1,-0.32442823,-0.39942494,-2.911555,SHCBP1,MEF,ELK1,ETS
2994,0,-0.33296144,-0.24550179,-2.4943612,TLL1,LMC,MAFK,bZIP
2996,0,-0.121607244,-0.24333258,1.1161342,TLR4,LMC,GATA3,Zf
471,1,-0.20454665,-0.20454665,-1.2322128,CDC6,MEF,TEAD4,TEA
798,1,-0.062780954,-0.24333258,-1.9743371,DOK3,MEF,SP1,Zf
1101,1,-0.18911669,-0.17782252,-1.9451369,FOXM1,MEF,FOXA2,Forkhead
2285,1,-0.35453734,-0.24333258,-2.140682,PODNL1,MEF,ZKSCAN1,Zf
1469,0,-0.15764365,-0.14792581,-1.3461412,INSIG1,LMC,RFX5,HTH
1659,1,-0.29687634,-0.29687634,-1.5433598,LIMD2,MEF,PAX5,"Paired,Homeobox"
13,0,-0.17513762,-0.146989,2.2989504,ABCG1,LMC,BHLHE40,bHLH
69,0,-0.062780954,-0.24333258,-1.6997627,ADARB1,LMC,SP1,Zf
1401,0,-0.2913164,-0.42379856,-1.605186,HSPB6,LMC,NANOG,Homeobox
295,0,-0.2954083,-0.24550179,-1.6202104,BIRC5,LMC,ATF3,bZIP
142,1,-0.41913503,-0.41913503,-1.0540168,ANKRD37,MEF,TCF3,HMG
440,0,-0.21895796,-0.21895796,1.0379796,CD2AP,LMC,EBF1,EBF
2674,1,-0.2727483,-0.2712014,-2.2006328,SIRPA,MEF,E2F6,E2F
1137,0,-0.2185933,-0.3794154,-1.3150342,GAL3ST4,LMC,IRF1,IRF
3219,1,-0.15764365,-0.14792581,1.7909031,WFDC3,MEF,RFX5,HTH
721,0,-0.2790477,-0.25471953,1.6832298,CYTH4,LMC,MAFF,bZIP
510,1,-0.25007766,-0.37009746,-3.0437114,CENPA,MEF,IRF1,IRF
737,1,-0.07763662,-0.20371658,-1.5723729,DDC,MEF,FOXA2,Forkhead
1465,1,-0.34029287,-0.28884968,-1.7085556,INPP4B,MEF,E2F4,E2F
2127,0,-0.04073672,-0.3917693,-1.0090586,PARVA,LMC,ELK4,ETS
2883,0,-0.4649995,-0.41931188,-1.2002188,STK32A,LMC,GABPA,ETS
871,0,-0.20953742,-0.22249272,1.2303663,EGR1,LMC,MAZ,Zf
126,0,-0.40533945,-0.39005762,2.119779,AMDHD1,LMC,GABPA,ETS
2140,0,0.06421617,-0.24450046,-1.5070939,PCDH9,LMC,CTCF,Zf
3015,0,-0.17513762,-0.146989,1.3065541,TMEM140,LMC,BHLHE40,bHLH
1671,1,-0.440717,-0.25471953,-4.9727182,LMO2,MEF,MAFK,bZIP
3099,1,-0.01444126,-0.17255645,-1.4419627,TRERF1,MEF,STAT3,Stat
114,1,-0.14989896,-0.14989896,5.5927067,ALDH3A1,MEF,TEAD4,TEA
3056,1,-0.4776695,-0.22249272,-5.5076947,TNFAIP8L2,MEF,ZKSCAN1,Zf
2011,0,-0.39804247,-0.17255645,1.146378,NOD1,LMC,STAT1,Stat
908,0,-0.21895796,-0.21895796,-1.2161773,EPHB2,LMC,EBF1,EBF
2610,1,0.023197008,-0.146989,3.6611323,SEMA3F,MEF,USF1,bHLH
1692,1,-0.39205822,-0.27780795,-1.0737952,LRIG1,MEF,MAFK,bZIP
3252,1,-0.15764365,-0.14792581,-1.3094435,ZDHHC14,MEF,RFX5,HTH
2196,1,-0.33080074,-0.22810093,-1.4853812,PGAP3,MEF,MAFK,bZIP
5,1,-0.009364229,-0.17137949,-1.4280964,ABCA12,MEF,STAT3,Stat
910,1,-0.011590093,-0.22249272,1.3478439,EPHB6,MEF,GATA3,Zf
2505,0,-0.46165287,-0.4067228,1.9083076,RHPN2,LMC,CUX1,Homeobox
1393,1,-0.29414836,-0.26135686,1.8035604,HSBP1L1,MEF,E2F6,E2F
623,1,-0.0065755714,-0.1342841,-2.7674353,COL7A1,MEF,MYOG,bHLH
632,1,-0.2952564,-0.2952564,-4.326084,CORO2A,MEF,HNF4A,NR
2027,0,-0.065101475,-0.08148018,1.5599903,NPTX1,LMC,RFX5,HTH
3201,1,-0.2952564,-0.2952564,-1.6059492,VMO1,MEF,HNF4A,NR
2498,0,-0.3625331,-0.38195667,-1.3528609,RGS9BP,LMC,GABPA,ETS
2194,1,-0.03437175,-0.039668236,1.4172895,PFN4,MEF,RFX5,HTH
1968,0,-0.43345997,-0.22249272,-2.4855309,NEGR1,LMC,ZNF263,Zf
1141,0,-0.18621291,-0.24333258,-1.1767629,GALNT16,LMC,YY1,Zf
1118,1,-0.38278377,-0.42379856,1.1508414,FSIP1,MEF,PBX3,Homeobox
144,0,-0.11649651,-0.25471953,-2.079299,ANLN,LMC,JUND,bZIP
410,1,-0.39205822,-0.27780795,1.8268098,CCKAR,MEF,MAFK,bZIP
2635,0,-0.36645967,-0.22249272,1.454656,SGCA,LMC,ZEB1,Zf
210,1,-0.22735961,-0.24550179,-1.0362118,ARRB1,MEF,MAFF,bZIP
395,1,-0.08106524,-0.08106524,1.0596795,CCDC37,MEF,TEAD4,TEA
335,0,-0.08106524,-0.08106524,2.3234644,C5AR2,LMC,TEAD4,TEA
2601,0,-0.22240412,-0.10008492,-1.3300989,SEC14L5,LMC,TCF12,bHLH
650,0,-0.01444126,-0.17255645,2.2406585,CREG2,LMC,STAT3,Stat
3234,0,-0.08106524,-0.08106524,-1.8557236,WSCD2,LMC,TEAD4,TEA
1459,1,-0.37665918,-0.37009746,-7.4435463,IL7R,MEF,IRF4,IRF
148,0,0.08411567,-0.24550179,-1.1924417,ANTXR1,LMC,BACH1,bZIP
2506,1,-0.4733331,-0.39005762,1.3234496,RIBC1,MEF,ELK1,ETS
2292,1,-0.25007766,-0.37009746,-1.5553532,POLQ,MEF,IRF1,IRF
329,0,-0.3777494,-0.24283965,-2.2898922,C1QTNF6,LMC,EGR1,Zf
1509,1,-0.3022701,-0.29509667,-1.4488107,JADE1,MEF,FOSL2,bZIP
1805,1,-0.2300118,-0.25159925,2.5338821,MEIG1,MEF,MAZ,Zf
2797,1,-0.19842377,-0.50137913,1.207182,SNX16,MEF,NANOG,Homeobox
1727,1,-0.22016564,-0.25159925,-1.39508,LY75,MEF,GATA2,Zf
1274,0,-0.192465,-0.27780795,-1.3083653,GRB10,LMC,ATF3,bZIP
2677,0,-0.25436184,-0.25436184,-1.2792745,SKA3,LMC,TEAD4,TEA
299,1,-0.34278938,-0.41931188,4.1480656,BMP4,MEF,ELF1,ETS
544,1,-0.4776695,-0.22249272,1.5261316,CHMP4C,MEF,ZKSCAN1,Zf
225,1,-0.37527534,-0.37527534,1.0160147,ASCL4,MEF,NRF1,NRF
3111,1,-0.01444126,-0.17255645,-2.1616786,TRIP13,MEF,STAT3,Stat
2883,0,-0.07449697,-0.25159925,-1.2002188,STK32A,LMC,CTCF,Zf
2167,0,-0.41913503,-0.41913503,-1.4760718,PDE4A,LMC,TCF3,HMG
1835,1,-0.1505293,-0.1342841,1.2219614,MKX,MEF,USF2,bHLH
1023,0,-0.3625331,-0.38195667,-2.497806,FBLN1,LMC,GABPA,ETS
3206,0,-0.36645967,-0.22249272,-1.9135524,VWA1,LMC,ZEB1,Zf
1336,1,-0.3777494,-0.24283965,-1.3650213,HIST1H3G,MEF,EGR1,Zf
477,1,-0.009364229,-0.17137949,-1.4396812,CDCA7L,MEF,STAT3,Stat
2121,1,-0.07763662,-0.20371658,-1.2023399,PAQR4,MEF,FOXA2,Forkhead
2265,1,-0.19379956,-0.22810093,3.7187953,PLS1,MEF,ATF2,bZIP
359,0,-0.35318726,-0.41931188,-1.5934429,CAMKK1,LMC,ELK1,ETS
2896,1,-0.21918109,-0.21918109,1.5907596,STXBP6,MEF,TCF3,HMG
136,0,0.041926194,-0.24283965,-1.5956872,ANK3,LMC,GATA3,Zf
2642,0,-0.08568381,-0.24450046,-1.0922141,SGSM1,LMC,MAZ,Zf
2917,0,-0.12447846,-0.22249272,-1.4203287,SYT1,LMC,GATA2,Zf
539,0,-0.43345997,-0.22249272,2.4118607,CHCHD10,LMC,ZNF263,Zf
1543,1,0.016311714,0.00623205,-4.12759,KCNIP3,MEF,RFX5,HTH
1346,1,-0.41913503,-0.41913503,-2.7170715,HMHA1,MEF,TCF3,HMG
1345,0,-0.058015816,-0.18281521,1.8553451,HMGCS2,LMC,STAT3,Stat
1335,1,-0.4409798,-0.24450046,1.0415667,HIST1H1C,MEF,ZEB1,Zf
2616,0,-0.009410201,-0.10008492,-1.1018522,SEMA6C,LMC,USF2,bHLH
2370,1,-0.3070402,-0.24450046,1.7110711,PTGDR2,MEF,YY1,Zf
2821,1,0.028543921,-0.29509667,1.3361486,SPA17,MEF,BACH1,bZIP
2052,0,-0.08106524,-0.08106524,-2.210892,NTRK3,LMC,TEAD4,TEA
1750,0,-0.7237371,-0.24333258,-1.3566232,MAMSTR,LMC,SP2,Zf
1711,0,-0.36102507,-0.24550179,1.4799604,LRRN4,LMC,ATF1,bZIP
2145,0,-0.049117733,-0.13941021,-1.2809553,PCDHGB2,LMC,MAX,bHLH
1320,0,-0.2470073,-0.39005762,1.9458708,HCST,LMC,ETS1,ETS
2277,1,-0.30003953,-0.30003953,-1.672663,PMF1,MEF,NRF1,NRF
2140,0,-0.4776695,-0.22249272,-1.5070939,PCDH9,LMC,ZKSCAN1,Zf
557,1,-0.34278938,-0.41931188,-1.8041896,CHTF18,MEF,ELF1,ETS
262,1,-0.08106524,-0.08106524,-1.0602292,B4GALT1,MEF,TEAD4,TEA
915,1,-0.34914914,-0.27780795,2.6503172,ERBB3,MEF,FOS,bZIP
2651,1,-0.440717,-0.25471953,-1.0929486,SH3KBP1,MEF,MAFK,bZIP
1333,1,-0.2678836,-0.24283965,2.048753,HID1,MEF,SP1,Zf
2904,0,-0.1505293,-0.1342841,1.9485846,SV2B,LMC,USF2,bHLH
2406,1,0.21614419,-0.17782252,-2.2290986,PYROXD2,MEF,FOXA1,Forkhead
1003,1,-0.0013588448,-0.24283965,-3.493651,FAM64A,MEF,CTCF,Zf
1429,1,-0.30779734,-0.3917693,-1.177071,IGSF3,MEF,ETS1,ETS
2814,0,-0.3777494,-0.24283965,-1.170696,SOX8,LMC,EGR1,Zf
460,1,-0.19239004,-0.26135686,-3.7349644,CD83,MEF,E2F4,E2F
0,1,-0.2300118,-0.25159925,4.0291524,A2M,MEF,MAZ,Zf
2902,1,-0.3058912,-0.24283965,1.2998378,SUSD4,MEF,YY1,Zf
2913,1,-0.44168723,-0.24550179,1.7464386,SYNGR3,MEF,FOS,bZIP
927,1,-0.40787458,-0.3917693,1.4039664,ESYT3,MEF,GABPA,ETS
2990,1,-0.29979625,-0.24283965,-1.960353,TK1,MEF,GATA1,Zf
2196,0,-1.5423862,-0.39005762,-1.2279279,PGAP3,LMC,FLI1,ETS
1362,0,0.016311714,0.00623205,-1.8721808,HOXA7,LMC,RFX5,HTH
2764,1,-0.3869897,-0.39942494,-1.7172121,SLC9A9,MEF,ETS1,ETS
2381,0,-0.3070402,-0.24450046,-1.0257434,PTPLA,LMC,YY1,Zf
1629,1,-0.33080074,-0.22810093,-3.0095243,LCE1F,MEF,MAFK,bZIP
2865,1,-0.21459776,-0.24333258,2.0399895,ST8SIA1,MEF,MAZ,Zf
2542,0,-0.3076643,-0.4621776,-1.5441597,RRM2,LMC,IRF1,IRF
2167,1,0.016314197,-0.13941021,-1.033388,PDE4A,MEF,USF1,bHLH
972,1,-0.37527534,-0.37527534,1.6502445,FAM154B,MEF,NRF1,NRF
2428,1,-0.24165441,-0.29509667,2.2078009,RAB9B,MEF,JUND,bZIP
796,1,0.028543921,-0.29509667,-2.4550138,DOCK8,MEF,BACH1,bZIP
2425,1,-0.25007766,-0.37009746,-2.056892,RAB3IL1,MEF,IRF1,IRF
3000,0,-0.056725405,-0.121736646,2.2813165,TLR9,LMC,BHLHE40,bHLH
944,0,0.08411567,-0.24550179,-1.0075725,EZH2,LMC,BACH1,bZIP
994,1,-0.03437175,-0.039668236,1.0227886,FAM222A,MEF,RFX5,HTH
2966,1,-0.28899637,-0.29509667,-3.5285614,TFPI2,MEF,MAFF,bZIP
2220,1,-0.10827843,-0.121736646,8.275044,PITX1,MEF,USF2,bHLH
2191,1,-0.56344664,-0.2712014,-1.1248902,PFKFB3,MEF,E2F1,E2F
1456,1,-0.24165441,-0.29509667,2.07193,IL31RA,MEF,JUND,bZIP
26,1,-0.27228355,-0.24283965,2.0834374,ACKR1,MEF,GATA2,Zf
1480,0,-0.07449697,-0.25159925,-1.28566,IRX1,LMC,CTCF,Zf
1511,1,-0.56344664,-0.2712014,1.9335152,JAG2,MEF,E2F1,E2F
1678,0,-0.2913164,-0.42379856,-1.6623957,LOXL2,LMC,NANOG,Homeobox
2292,1,-0.056725405,-0.121736646,-1.5553532,POLQ,MEF,BHLHE40,bHLH
586,1,-0.21301334,-0.25187832,-1.1071731,CLYBL,MEF,E2F4,E2F
1583,1,-0.38490406,-0.38490406,1.052053,KIFAP3,MEF,PAX5,"Paired,Homeobox"
648,1,-0.058015816,-0.18281521,1.092964,CREBL2,MEF,STAT3,Stat
384,0,-0.3439605,-0.3439605,-1.1740912,CCDC116,LMC,NRF1,NRF
403,1,-0.440717,-0.25471953,1.625412,CCDC80,MEF,MAFK,bZIP
767,1,-0.33817908,-0.29509667,2.5010579,DLX1,MEF,FOS,bZIP
3111,1,-0.11649651,-0.25471953,-2.1616786,TRIP13,MEF,JUND,bZIP
884,1,0.07771543,-0.1980394,-3.191152,EMCN,MEF,STAT3,Stat
82,1,-0.3375485,-0.1342841,-2.4347596,ADRA1A,MEF,TCF12,bHLH
201,0,-0.36259097,-0.38195667,1.5288506,ARID3A,LMC,ELF1,ETS
3041,1,-0.34099022,-0.38195667,1.5891165,TMEM45A,MEF,ELK1,ETS
2502,0,-0.21907748,-0.27780795,-1.5356117,RHOF,LMC,JUND,bZIP
222,0,-0.22240412,-0.10008492,-2.4331834,ASB2,LMC,TCF12,bHLH
2900,0,-0.21342848,-0.28884968,1.758066,SUSD1,LMC,E2F6,E2F
1204,1,-0.20776576,-0.20776576,-2.297817,GLIPR2,MEF,EBF1,EBF
2415,1,-0.13994873,-0.2053601,2.8182907,RAB26,MEF,FOXA2,Forkhead
1404,0,-0.038338926,-0.10008492,1.6830957,HTR2B,LMC,MYOG,bHLH
372,0,-0.3070402,-0.24450046,1.4587322,CASZ1,LMC,YY1,Zf
279,1,-0.01444126,-0.17255645,1.0185626,BCL11B,MEF,STAT3,Stat
1710,0,-0.9852809,-0.65067613,-3.667879,LRRN3,LMC,MEF2A,MADS
599,1,-0.19379956,-0.22810093,-3.5096624,CNR2,MEF,ATF2,bZIP
2569,0,0.023197008,-0.146989,-1.6417769,SAMD14,LMC,USF1,bHLH
2724,1,-0.1826178,-0.24450046,1.0227904,SLC2A12,MEF,SP1,Zf
259,1,-0.056725405,-0.121736646,-1.0887047,B3GNT8,MEF,BHLHE40,bHLH
1492,0,-0.07449697,-0.25159925,2.4321718,ITGA7,LMC,CTCF,Zf
1011,0,-0.2952564,-0.2952564,-1.7455534,FAM83D,LMC,HNF4A,NR
1044,0,-0.26816452,-0.121736646,2.0353117,FERMT3,LMC,TCF12,bHLH
1675,1,-0.1124492,-0.24333258,1.4106392,LNX1,MEF,CTCF,Zf
3223,1,-0.13149443,-0.22249272,1.0999924,WNK3,MEF,SP1,Zf
455,0,-0.09351536,-0.24313685,2.6942828,CD69,LMC,STAT3,Stat
668,0,-0.440717,-0.25471953,-1.509851,CSMD3,LMC,MAFK,bZIP
857,1,-0.56297857,-0.22249272,1.302421,EFCAB2,MEF,ZBTB33,Zf
827,0,0.13713937,-0.20371658,1.3163043,DUSP6,LMC,FOXA1,Forkhead
1691,1,-0.26816452,-0.121736646,1.5712949,LRFN5,MEF,TCF12,bHLH
1154,1,0.041926194,-0.24283965,1.8328152,GATA3,MEF,GATA3,Zf
3165,1,-0.3777494,-0.24283965,-2.3812919,UCP2,MEF,EGR1,Zf
1528,0,-0.08617797,-0.146989,2.3015823,KCNA7,LMC,MYOG,bHLH
1634,0,-0.1607576,-0.24283965,-1.8764224,LDB2,LMC,MAZ,Zf
1724,1,-0.049117733,-0.13941021,1.8069358,LUM,MEF,MAX,bHLH
462,1,-0.120565586,-0.1342841,-2.0045364,CD86,MEF,MAX,bHLH
422,0,-0.17513762,-0.146989,-1.9702636,CCNB2,LMC,BHLHE40,bHLH
2910,1,-0.440717,-0.25471953,1.1843606,SYN2,MEF,MAFK,bZIP
2083,1,-0.26188308,-0.27780795,-1.0553589,OLFML3,MEF,FOSL2,bZIP
262,1,-0.009364229,-0.17137949,-1.0602292,B4GALT1,MEF,STAT3,Stat
1727,1,-0.11649651,-0.25471953,-1.39508,LY75,MEF,JUND,bZIP
1747,0,-0.45392957,-0.28884968,2.3040216,MAL2,LMC,E2F1,E2F
1168,1,-0.0013588448,-0.24283965,-1.4900697,GCNT2,MEF,CTCF,Zf
1157,1,-0.062780954,-0.24333258,-1.0529872,GATA6,MEF,SP1,Zf
720,1,-0.7485091,-0.20371658,1.4721106,CYSTM1,MEF,FOXM1,Forkhead
956,1,-0.31818998,-0.24333258,-1.3874118,FABP5,MEF,ZEB1,Zf
2156,0,0.03116794,-0.22249272,1.9379742,PCP4L1,LMC,CTCF,Zf
1808,0,-0.45038855,-0.39942494,-1.8211592,MELK,LMC,GABPA,ETS
907,0,-0.120565586,-0.1342841,-1.1855845,EPHA7,LMC,MAX,bHLH
2716,1,-0.39804247,-0.17255645,-1.5039499,SLC25A45,MEF,STAT1,Stat
2533,0,-0.35806254,-0.38195667,1.3545946,RPP25,LMC,ETS1,ETS
1586,0,-0.08974322,-0.146989,-1.0530518,KISS1R,LMC,MAX,bHLH
1276,1,-0.5315311,-0.5315311,-1.0021031,GREB1L,MEF,PAX5,"Paired,Homeobox"
957,0,-0.8933479,-0.52757335,-1.2934484,FADS2,LMC,CUX1,Homeobox
708,1,-0.09351536,-0.24313685,3.0798056,CYB5R2,MEF,STAT3,Stat
1238,1,-0.10369535,-0.10008492,1.2924196,GPR126,MEF,BHLHE40,bHLH
2157,0,-0.38071528,-0.24283965,2.0754435,PCSK1,LMC,ZNF263,Zf
1850,1,-0.3610153,-0.22249272,-2.232907,MMP17,MEF,EGR1,Zf
993,1,-0.011590093,-0.22249272,1.2556348,FAM213A,MEF,GATA3,Zf
1012,1,0.023197008,-0.146989,1.7869244,FAM83G,MEF,USF1,bHLH
1984,1,-0.17702122,-0.27780795,-1.7410284,NFKBID,MEF,ATF1,bZIP
3015,1,0.5159049,-0.24283965,1.1457732,TMEM140,MEF,PRDM1,Zf
1351,1,-0.07763662,-0.20371658,-1.1651042,HOGA1,MEF,FOXA2,Forkhead
945,0,-0.25436184,-0.25436184,1.6291311,EZR,LMC,TEAD4,TEA
2290,0,-0.36550322,-0.47267562,-1.5923315,POLE,LMC,PBX3,Homeobox
3268,1,-0.21907748,-0.27780795,-1.4214575,ZYX,MEF,JUND,bZIP
2904,0,-0.049117733,-0.13941021,1.9485846,SV2B,LMC,MAX,bHLH
1820,0,0.5853313,-0.24450046,1.5626165,MFSD12,LMC,PRDM1,Zf
1393,1,-0.3439605,-0.3439605,1.8035604,HSBP1L1,MEF,NRF1,NRF
1463,1,-0.60550106,-0.24450046,-1.116266,INCENP,MEF,SP2,Zf
762,0,-0.64209527,-0.1980394,1.0946444,DLEU2,LMC,STAT1,Stat
2172,1,-0.16561359,-0.22810093,-1.412792,PDGFB,MEF,JUND,bZIP
110,1,-0.3076643,-0.4621776,2.4882102,ALDH1A2,MEF,IRF1,IRF
2975,0,-0.15812221,-0.22249272,-1.1033702,THBS1,LMC,YY1,Zf
2777,0,0.03645469,-0.22810093,1.3346709,SMARCA2,LMC,BACH1,bZIP
1782,1,-0.34914914,-0.27780795,2.17073,MC4R,MEF,FOS,bZIP
1613,0,-0.36645967,-0.22249272,2.4317777,LAD1,LMC,ZEB1,Zf
2126,1,-0.45038855,-0.39942494,-2.2247307,PARPBP,MEF,GABPA,ETS
3163,0,-0.12554857,-0.24550179,2.111546,UBXN10,LMC,JUND,bZIP
1530,0,-0.5856867,-0.25187832,1.6391324,KCNAB2,LMC,E2F1,E2F
2698,1,-0.26692143,-0.26692143,2.9320288,SLC16A14,MEF,EBF1,EBF
400,0,-0.33296144,-0.24550179,-1.1101925,CCDC68,LMC,MAFK,bZIP
558,0,-0.22746871,-0.25187832,-1.1850271,CIB2,LMC,E2F6,E2F
2831,0,-0.5069276,-0.27780795,-1.2344358,SPHK1,LMC,ATF2,bZIP
80,0,-0.5795745,-0.22249272,-1.8548774,ADORA2B,LMC,SP2,Zf
1682,1,-0.3569094,-0.25159925,-2.7435303,LPAR5,MEF,ZNF263,Zf
68,1,-0.48430756,-0.24313685,-6.4535336,ADAP2,MEF,STAT1,Stat
1909,1,-0.35806254,-0.38195667,-1.005563,MYH9,MEF,ETS1,ETS
2742,0,-0.1124492,-0.24333258,1.4623579,SLC39A8,LMC,CTCF,Zf
1687,1,-0.08568381,-0.24450046,-2.9824686,LPXN,MEF,MAZ,Zf
367,1,-1.38777,-0.41931188,-2.5895154,CASC5,MEF,FLI1,ETS
2444,0,0.018755239,0.02968777,-1.919591,RANBP3L,LMC,RFX5,HTH
1455,0,-0.44224238,-0.29509667,-1.9387442,IL27RA,LMC,MAFK,bZIP
48,1,-0.3569094,-0.25159925,-1.9442203,ADAM19,MEF,ZNF263,Zf
1806,1,-0.1689725,-0.13941021,2.2327807,MEIOB,MEF,BHLHE40,bHLH
1299,1,-0.17407607,-0.121736646,-1.2229657,GSTM2,MEF,MAX,bHLH
756,1,-0.20953742,-0.22249272,3.597933,DHH,MEF,MAZ,Zf
513,1,-0.5315311,-0.5315311,-1.6129766,CENPH,MEF,PAX5,"Paired,Homeobox"
1289,1,-0.22746871,-0.25187832,-2.2405086,GRM7,MEF,E2F6,E2F
465,1,-0.26188308,-0.27780795,-2.799609,CDC20,MEF,FOSL2,bZIP
963,0,-0.0017048104,-0.121736646,1.3799479,FAM105A,LMC,MYOG,bHLH
2026,0,-0.174635,-0.24550179,-1.8103167,NPR3,LMC,FOSL2,bZIP
759,0,-0.38071528,-0.24283965,-1.0099353,DIXDC1,LMC,ZNF263,Zf
1614,1,-0.38057798,-0.24450046,-1.6190438,LAG3,MEF,GATA1,Zf
956,1,-0.065101475,-0.08148018,-1.3874118,FABP5,MEF,RFX5,HTH
2668,1,-1.5423862,-0.39005762,2.5834713,SHROOM3,MEF,FLI1,ETS
1795,1,-0.4649995,-0.41931188,-1.2361659,MDFI,MEF,GABPA,ETS
1050,0,-0.19612858,-0.146989,-1.2463815,FGF11,LMC,USF2,bHLH
1509,1,-0.48430756,-0.24313685,-1.4488107,JADE1,MEF,STAT1,Stat
2570,1,-0.15764365,-0.14792581,1.3512887,SAMD15,MEF,RFX5,HTH
2062,1,-0.37167174,-0.29509667,1.6376249,NWD1,MEF,ATF2,bZIP
2998,0,-0.33296144,-0.24550179,2.3205812,TLR7,LMC,MAFK,bZIP
1237,0,-0.20916343,-0.20916343,-1.0928826,GPR125,LMC,NRF1,NRF
3134,1,-0.17702122,-0.27780795,2.2825308,TTC21A,MEF,ATF1,bZIP
599,0,-0.2954083,-0.24550179,1.7921984,CNR2,LMC,ATF3,bZIP
2726,0,-0.13994873,-0.2053601,1.9489392,SLC2A3,LMC,FOXA2,Forkhead
2186,0,-0.34278938,-0.41931188,3.0236075,PENK,LMC,ELF1,ETS
350,0,-0.20953742,-0.22249272,1.39361,CADM3,LMC,MAZ,Zf
1686,0,-0.36049217,-0.22810093,-1.2792101,LPP,LMC,FOS,bZIP
648,1,-0.39900714,-0.22249272,1.092964,CREBL2,MEF,GATA1,Zf
1478,1,-0.51637894,-0.42379856,-4.4361186,IRF8,MEF,CUX1,Homeobox
1986,1,-0.1689725,-0.13941021,5.1794167,NGFR,MEF,BHLHE40,bHLH
324,1,0.0745308,-0.10944186,-8.9028015,C1QA,MEF,FOXA2,Forkhead
2159,1,0.03116794,-0.22249272,-3.5044124,PCSK9,MEF,CTCF,Zf
203,1,-0.21459776,-0.24333258,-5.6908154,ARL11,MEF,MAZ,Zf
2254,1,-0.26816452,-0.121736646,-1.7462673,PLEKHO1,MEF,TCF12,bHLH
560,0,-0.35453734,-0.24333258,-1.2462806,CIT,LMC,ZKSCAN1,Zf
2386,1,-0.049117733,-0.13941021,-5.8584,PTPN6,MEF,MAX,bHLH
2937,1,-0.174635,-0.24550179,1.5015075,TBC1D8,MEF,FOSL2,bZIP
312,0,-0.15812221,-0.22249272,-1.2473322,BRSK1,LMC,YY1,Zf
2417,0,-0.19239004,-0.26135686,1.1701922,RAB27B,LMC,E2F4,E2F
2454,0,-0.08974322,-0.146989,2.2596931,RASEF,LMC,MAX,bHLH
1530,1,-0.2185933,-0.3794154,-1.7830039,KCNAB2,MEF,IRF1,IRF
707,1,-0.20454665,-0.20454665,1.7866613,CYB561,MEF,TEAD4,TEA
400,0,-0.3933147,-0.24283965,-1.1101925,CCDC68,LMC,ZKSCAN1,Zf
3268,1,-0.5072217,-0.24450046,-1.4214575,ZYX,MEF,ZBTB33,Zf
1514,1,-0.1607576,-0.24283965,1.0657926,JAM2,MEF,MAZ,Zf
2003,1,-0.049117733,-0.13941021,1.5723227,NLRP10,MEF,MAX,bHLH
2575,0,-0.3610153,-0.22249272,1.9569865,SASH3,LMC,EGR1,Zf
3204,0,-0.3569094,-0.25159925,1.8646731,VSTM2A,LMC,ZNF263,Zf
1900,0,-0.5313326,-0.24450046,-2.8135483,MXD3,LMC,ZKSCAN1,Zf
437,0,-0.21459776,-0.24333258,3.0556927,CD22,LMC,MAZ,Zf
1852,1,0.06421617,-0.24450046,2.067125,MMP24,MEF,CTCF,Zf
2275,0,-0.15764365,-0.14792581,1.0600202,PM20D2,LMC,RFX5,HTH
2533,0,-0.5856867,-0.25187832,1.3545946,RPP25,LMC,E2F1,E2F
3191,1,-0.56344664,-0.2712014,-1.0900517,VAV2,MEF,E2F1,E2F
278,1,-0.3933147,-0.24283965,1.0059072,BCL11A,MEF,ZKSCAN1,Zf
1382,0,-0.3705123,-0.25471953,3.4811542,HP,LMC,FOSL2,bZIP
126,0,-0.42348737,-0.17137949,2.119779,AMDHD1,LMC,STAT1,Stat
3262,1,-0.19379956,-0.22810093,1.0464939,ZMYND12,MEF,ATF2,bZIP
1482,0,-0.20953742,-0.22249272,1.4210551,ISG15,LMC,MAZ,Zf
296,1,-0.1607576,-0.24283965,-1.5980535,BLNK,MEF,MAZ,Zf
864,1,-0.36259097,-0.38195667,1.3383828,EFNA5,MEF,ELF1,ETS
1823,0,-0.18621291,-0.24333258,1.2423477,MGAT3,LMC,YY1,Zf
2715,1,-0.3341544,-0.39005762,1.1691884,SLC25A35,MEF,ELF1,ETS
2725,0,-0.33080074,-0.22810093,1.1413072,SLC2A13,LMC,MAFK,bZIP
251,0,-0.21301334,-0.25187832,-1.4332783,AURKA,LMC,E2F4,E2F
2597,1,-0.33080074,-0.22810093,1.4566245,SDC2,MEF,MAFK,bZIP
3193,1,-0.01444126,-0.17255645,-1.4464716,VCAM1,MEF,STAT3,Stat
2721,1,-0.21301334,-0.25187832,-2.3209023,SLC27A6,MEF,E2F4,E2F
2484,1,-0.3610153,-0.22249272,-1.6172776,REPS2,MEF,EGR1,Zf
3242,1,-0.3058912,-0.24283965,-1.4219831,XYLT1,MEF,YY1,Zf
2699,1,-0.21342848,-0.28884968,-1.7570183,SLC16A3,MEF,E2F6,E2F
1814,1,-0.40787458,-0.3917693,1.0535716,METTL21A,MEF,GABPA,ETS
937,1,-0.43756613,-0.41931188,1.4276764,EXOC3,MEF,ETS1,ETS
645,1,-0.26816452,-0.121736646,2.2899835,CRABP2,MEF,TCF12,bHLH
2420,1,-0.29414836,-0.26135686,1.419062,RAB37,MEF,E2F6,E2F
2842,0,-0.2300118,-0.25159925,1.2557636,SPON2,LMC,MAZ,Zf
1580,1,0.028543921,-0.29509667,1.737582,KIF5C,MEF,BACH1,bZIP
518,1,-0.33639127,-0.4713425,-1.4699304,CENPP,MEF,IRF1,IRF
2173,1,-0.34914914,-0.27780795,1.019513,PDGFC,MEF,FOS,bZIP
2600,0,-0.20953742,-0.22249272,-1.9105233,SDPR,LMC,MAZ,Zf
582,0,-0.169331,-0.25693348,1.3879285,CLN3,LMC,E2F4,E2F
1683,0,-0.2849582,-0.2849582,-1.5128583,LPIN3,LMC,EBF1,EBF
1205,0,-0.4649995,-0.41931188,-1.0145571,GLIS2,LMC,GABPA,ETS
1689,0,0.06421617,-0.24450046,-1.1826111,LRCH2,LMC,CTCF,Zf
2319,0,-0.35028386,-0.4067228,1.4068983,PPP1R9A,LMC,NANOG,Homeobox
2864,0,-0.29414836,-0.26135686,-1.6119914,ST6GALNAC3,LMC,E2F6,E2F
2676,1,-0.43345997,-0.22249272,-2.1078053,SKA1,MEF,ZNF263,Zf
686,0,0.13713937,-0.20371658,3.3261523,CTSE,LMC,FOXA1,Forkhead
3095,1,-0.32442823,-0.39942494,-2.0783238,TREM1,MEF,ELK1,ETS
2677,1,-0.21342848,-0.28884968,-1.5746429,SKA3,MEF,E2F6,E2F
1072,1,-0.08617797,-0.146989,1.4296281,FILIP1,MEF,MYOG,bHLH
1941,0,-0.3375485,-0.1342841,1.8758318,NAT8L,LMC,TCF12,bHLH
470,0,-0.33080074,-0.22810093,-1.6702565,CDC42EP5,LMC,MAFK,bZIP
513,1,-0.38059002,-0.38059002,-1.6129766,CENPH,MEF,PAX5,"Paired,Homeobox"
26,1,-0.30779734,-0.3917693,2.0834374,ACKR1,MEF,ETS1,ETS
1743,0,-0.1505293,-0.1342841,1.2423561,MAF,LMC,USF2,bHLH
211,1,-0.38057798,-0.24450046,-2.282449,ARRB2,MEF,GATA1,Zf
3236,0,-0.45963168,-0.45963168,1.1457943,WWP1,LMC,TCF3,HMG
2641,1,-0.09351536,-0.24313685,-1.5156106,SGOL2,MEF,STAT3,Stat
1727,0,-0.37527534,-0.37527534,-1.8059852,LY75,LMC,NRF1,NRF
1332,1,-0.08974322,-0.146989,-1.8082843,HIC1,MEF,MAX,bHLH
2818,1,-0.7485091,-0.20371658,-2.0819426,SP3,MEF,FOXM1,Forkhead
1408,0,-0.33080074,-0.22810093,-1.0610017,ICA1,LMC,MAFK,bZIP
2446,0,0.0745308,-0.10944186,1.0731758,RAP2A,LMC,FOXA2,Forkhead
2109,0,-0.10369535,-0.10008492,-1.8177229,PACSIN3,LMC,BHLHE40,bHLH
2692,0,-0.37665918,-0.37009746,2.0074983,SLC15A3,LMC,IRF4,IRF
693,0,-0.169331,-0.25693348,-1.0231155,CUL7,LMC,E2F4,E2F
1,1,-0.056725405,-0.121736646,1.1740319,A4GALT,MEF,BHLHE40,bHLH
773,0,-0.0065755714,-0.1342841,-1.6808469,DMPK,LMC,MYOG,bHLH
2519,1,-0.27228355,-0.24283965,1.334966,RNF152,MEF,GATA2,Zf
764,1,-0.36812532,-0.36812532,-2.7786102,DLGAP5,MEF,NRF1,NRF
2084,1,-0.10827843,-0.121736646,-2.7139297,OLR1,MEF,USF2,bHLH
465,0,-0.33639127,-0.4713425,-2.1160264,CDC20,LMC,IRF1,IRF
741,1,-0.5072217,-0.24450046,-1.5264184,DDX11,MEF,ZBTB33,Zf
2541,1,-0.36351123,-0.50137913,-1.4664801,RRM1,MEF,PBX3,Homeobox
1424,1,-0.21907748,-0.27780795,-2.5096278,IGFBP6,MEF,JUND,bZIP
665,1,-0.1124492,-0.24333258,-4.4421754,CSF2RB,MEF,CTCF,Zf
2101,1,-0.35318726,-0.41931188,1.980347,P2RY10,MEF,ELK1,ETS
1447,0,-0.25436184,-0.25436184,2.0208802,IL1A,LMC,TEAD4,TEA
2052,0,-0.30776003,-0.24450046,-2.210892,NTRK3,LMC,ZNF263,Zf
1049,0,-0.058015816,-0.18281521,-2.3444386,FGF10,LMC,STAT3,Stat
1075,0,-0.26816452,-0.121736646,1.706394,FLI1,LMC,TCF12,bHLH
383,0,-0.1607576,-0.24283965,1.1674314,CCDC114,LMC,MAZ,Zf
392,1,-0.17407607,-0.121736646,-1.855374,CCDC18,MEF,MAX,bHLH
383,0,-0.36812532,-0.36812532,1.1674314,CCDC114,LMC,NRF1,NRF
562,0,-0.33639127,-0.4713425,-1.8413281,CKAP2,LMC,IRF1,IRF
2540,1,-0.07449697,-0.25159925,2.2565928,RRAGB,MEF,CTCF,Zf
978,0,-0.41913503,-0.41913503,-1.2696277,FAM174B,LMC,TCF3,HMG
1238,0,-0.13149443,-0.22249272,-1.8319702,GPR126,LMC,SP1,Zf
58,1,-0.049117733,-0.13941021,-1.678059,ADAMTS16,MEF,MAX,bHLH
2648,0,-0.39804247,-0.17255645,1.604396,SH3BGRL2,LMC,STAT1,Stat
991,0,-0.056725405,-0.121736646,-1.7551293,FAM20A,LMC,BHLHE40,bHLH
2641,1,-0.3058912,-0.24283965,-1.5156106,SGOL2,MEF,YY1,Zf
276,0,-0.46016192,-0.24450046,-2.523097,BCAT1,LMC,EGR1,Zf
1127,1,-0.13559982,-0.10008492,1.0838535,FXYD6,MEF,MAX,bHLH
115,1,-0.0013588448,-0.24283965,-1.468537,ALDH3B1,MEF,CTCF,Zf
1742,0,-0.11649651,-0.25471953,1.2771919,MADD,LMC,JUND,bZIP
1632,1,-0.10505258,-0.1342841,-3.12653,LCP2,MEF,BHLHE40,bHLH
1190,1,-0.169331,-0.25693348,-1.6213213,GINS1,MEF,E2F4,E2F
3090,1,-0.48430756,-0.24313685,-3.3326726,TRAF3IP3,MEF,STAT1,Stat
2505,1,-0.33296144,-0.24550179,1.5735694,RHPN2,MEF,MAFK,bZIP
1141,0,-0.08617797,-0.146989,-1.1767629,GALNT16,LMC,MYOG,bHLH
2167,0,0.03116794,-0.22249272,-1.4760718,PDE4A,LMC,CTCF,Zf
1578,0,-0.5313326,-0.24450046,-2.1700678,KIF2C,LMC,ZKSCAN1,Zf
1229,0,0.028543921,-0.29509667,-1.5409347,GPC6,LMC,BACH1,bZIP
2710,0,-0.3474289,-0.29509667,1.8738929,SLC22A4,LMC,ATF1,bZIP
2382,0,-0.76012087,-0.50137913,1.0109676,PTPN13,LMC,CUX1,Homeobox
3,0,-0.21459776,-0.24333258,-1.1041158,AASS,LMC,MAZ,Zf
317,0,-0.14724034,-0.14724034,1.9825064,BTK,LMC,EBF1,EBF
308,1,-0.5072217,-0.24450046,1.4442719,BPGM,MEF,ZBTB33,Zf
367,1,-0.8875255,-0.25471953,-2.5895154,CASC5,MEF,BATF,bZIP
1274,1,-0.15812221,-0.22249272,-1.1314675,GRB10,MEF,YY1,Zf
94,0,-0.38490406,-0.38490406,1.1446893,AHCYL2,LMC,PAX5,"Paired,Homeobox"
299,1,-0.121607244,-0.24333258,4.1480656,BMP4,MEF,GATA3,Zf
1326,1,-0.35806254,-0.38195667,1.7722064,HERC3,MEF,ETS1,ETS
2083,1,-0.20308916,-0.4653868,-1.0553589,OLFML3,MEF,IRF1,IRF
2005,1,-0.65183055,-0.47267562,-1.774617,NME2,MEF,CUX1,Homeobox
30,0,-0.8933479,-0.52757335,1.627162,ACOT4,LMC,CUX1,Homeobox
3050,1,-0.1124492,-0.24333258,1.4297026,TMTC1,MEF,CTCF,Zf
2884,0,-0.21301334,-0.25187832,-2.5431578,STK32B,LMC,E2F4,E2F
3167,1,-0.3341544,-0.39005762,-2.9578276,UHRF1,MEF,ELF1,ETS
1904,0,-0.26816452,-0.121736646,-1.3284812,MYCL,LMC,TCF12,bHLH
1846,0,-0.24165441,-0.29509667,2.3338022,MMP13,LMC,JUND,bZIP
3261,1,-0.14976743,-0.22810093,1.0759444,ZKSCAN4,MEF,FOSL2,bZIP
72,1,-0.2838714,-0.47267562,1.5808972,ADCY5,MEF,NANOG,Homeobox
265,1,-0.2727483,-0.2712014,-1.1411111,BAG2,MEF,E2F6,E2F
1099,0,-0.45392957,-0.28884968,-1.2915127,FOXF1,LMC,E2F1,E2F
2640,1,-0.21361919,-0.25471953,-2.327651,SGOL1,MEF,ATF3,bZIP
1289,1,-0.2913164,-0.42379856,-2.2405086,GRM7,MEF,NANOG,Homeobox
531,1,-0.46016192,-0.24450046,1.2192872,CFAP61,MEF,EGR1,Zf
1497,1,-0.38059002,-0.38059002,-8.077631,ITGB2,MEF,PAX5,"Paired,Homeobox"
1781,1,-0.5315311,-0.5315311,-1.9139942,MBP,MEF,PAX5,"Paired,Homeobox"
3111,1,-0.3625331,-0.38195667,-2.1616786,TRIP13,MEF,GABPA,ETS
3025,1,-0.18621291,-0.24333258,1.5924408,TMEM179,MEF,YY1,Zf
2430,1,-0.21869276,-0.39005762,-1.3141602,RACGAP1,MEF,ELK4,ETS
326,1,0.016311714,0.00623205,-8.854431,C1QC,MEF,RFX5,HTH
2949,0,-0.20454665,-0.20454665,1.3909388,TCFL5,LMC,TEAD4,TEA
2477,1,-0.10505258,-0.1342841,1.4696742,RCAN2,MEF,BHLHE40,bHLH
171,0,-0.4420254,-0.26135686,-1.3084476,APOLD1,LMC,E2F1,E2F
3098,1,-0.2300118,-0.25159925,-2.2575493,TREML4,MEF,MAZ,Zf
1735,0,-0.22240412,-0.10008492,-1.6968054,LYSMD2,LMC,TCF12,bHLH
1462,1,-0.37527534,-0.37527534,2.0781827,INA,MEF,NRF1,NRF
2358,1,-0.7695519,-0.25159925,-1.7067689,PRTG,MEF,ZBTB33,Zf
19,0,-0.440717,-0.25471953,1.0439751,ABR,LMC,MAFK,bZIP
2745,0,-0.3439605,-0.3439605,1.9025482,SLC43A2,LMC,NRF1,NRF
3267,0,-0.48813832,-0.3794154,-1.2638365,ZWILCH,LMC,IRF4,IRF
831,1,-0.3705123,-0.25471953,1.2428452,DYNC2LI1,MEF,FOSL2,bZIP
2287,1,-0.40605056,-0.25471953,1.0373166,PODXL2,MEF,ATF2,bZIP
413,1,-0.10505258,-0.1342841,3.1736608,CCL20,MEF,BHLHE40,bHLH
2325,1,-0.33639127,-0.4713425,-1.045483,PRDM1,MEF,IRF1,IRF
1101,0,-0.1666823,-0.13941021,-1.5624956,FOXM1,LMC,USF2,bHLH
1401,0,-0.69426614,-0.4713425,-1.605186,HSPB6,LMC,IRF3,IRF
387,1,-0.48813832,-0.3794154,2.0003324,CCDC13,MEF,IRF4,IRF
515,1,-0.32700178,-0.25159925,-1.4839959,CENPK,MEF,GATA1,Zf
342,1,0.023197008,-0.146989,2.1419537,CACNA1I,MEF,USF1,bHLH
194,0,-0.43756613,-0.41931188,-1.2682908,ARHGEF25,LMC,ETS1,ETS
640,1,-0.10505258,-0.1342841,2.1161196,CPNE7,MEF,BHLHE40,bHLH
1669,1,-0.36812532,-0.36812532,-2.0333745,LMNB1,MEF,NRF1,NRF
1820,0,-0.42348737,-0.17137949,1.5626165,MFSD12,LMC,STAT1,Stat
2646,1,-0.26816452,-0.121736646,-1.2183495,SH2D5,MEF,TCF12,bHLH
2821,1,-0.2678836,-0.24283965,1.3361486,SPA17,MEF,SP1,Zf
1128,1,-0.26188308,-0.27780795,-4.13362,FYB,MEF,FOSL2,bZIP
1451,0,-0.20454665,-0.20454665,-3.1114745,IL1RL1,LMC,TEAD4,TEA
2736,1,-0.21437913,-0.2712014,2.0948865,SLC35G1,MEF,E2F4,E2F
144,1,-0.7844056,-0.2053601,-2.612855,ANLN,MEF,FOXM1,Forkhead
1011,1,-0.08106524,-0.08106524,-1.3060033,FAM83D,MEF,TEAD4,TEA
1111,0,-0.60550106,-0.24450046,-1.702313,FRMD5,LMC,SP2,Zf
1640,1,-0.20953742,-0.22249272,1.3125763,LEPREL1,MEF,MAZ,Zf
68,0,-0.30003953,-0.30003953,2.2701433,ADAP2,LMC,NRF1,NRF
2515,1,-0.20916343,-0.20916343,1.1263795,RND1,MEF,NRF1,NRF
1127,0,-0.07763662,-0.20371658,3.1849215,FXYD6,LMC,FOXA2,Forkhead
1923,1,-0.21437913,-0.2712014,-6.197118,MYO1G,MEF,E2F4,E2F
541,1,-0.0013588448,-0.24283965,2.5414603,CHD5,MEF,CTCF,Zf
17,0,-0.21918109,-0.21918109,1.7177593,ABI3,LMC,TCF3,HMG
1575,1,-0.2997486,-0.24333258,1.0329986,KIF26A,MEF,ZNF263,Zf
2523,0,-0.65183055,-0.47267562,-1.1712776,RNF207,LMC,CUX1,Homeobox
1947,0,-0.22240412,-0.10008492,-1.6890546,NCAPG,LMC,TCF12,bHLH
557,0,-0.2859068,-0.146989,-1.4300829,CHTF18,LMC,TCF12,bHLH
439,0,-0.3058912,-0.24283965,2.3953223,CD28,LMC,YY1,Zf
1451,1,-0.27070102,-0.24450046,-1.7797236,IL1RL1,MEF,GATA2,Zf
993,1,-0.120565586,-0.1342841,1.2556348,FAM213A,MEF,MAX,bHLH
2525,1,-0.4467859,-0.3917693,5.234823,RNF39,MEF,ELK1,ETS
2018,0,-0.29687634,-0.29687634,2.2590847,NOTUM,LMC,PAX5,"Paired,Homeobox"
2589,1,-0.27228355,-0.24283965,2.0218883,SCN4B,MEF,GATA2,Zf
691,1,-0.33080074,-0.22810093,-8.871389,CTSS,MEF,MAFK,bZIP
2970,0,-0.26816452,-0.121736646,-1.5857894,TGFB2,LMC,TCF12,bHLH
2705,0,-0.18621291,-0.24333258,1.2930623,SLC18A1,LMC,YY1,Zf
2411,1,-0.37601265,-0.39942494,3.974242,RAB17,MEF,ELF1,ETS
472,1,-0.18398622,-0.29509667,-1.1619854,CDC7,MEF,ATF3,bZIP
615,1,-0.057535224,-0.27780795,2.398739,COL23A1,MEF,BACH1,bZIP
3046,0,-0.17407607,-0.121736646,2.2893217,TMEM59L,LMC,MAX,bHLH
470,0,-0.28616667,-0.25693348,-1.6702565,CDC42EP5,LMC,E2F6,E2F
3095,0,-0.3439605,-0.3439605,1.9493642,TREM1,LMC,NRF1,NRF
951,0,-0.2997486,-0.24333258,-1.2212169,F3,LMC,ZNF263,Zf
1799,1,-0.28121933,-0.25159925,1.4473195,MECOM,MEF,SP1,Zf
2565,1,-0.3058912,-0.24283965,-2.1007116,S1PR3,MEF,YY1,Zf
62,0,-0.36049217,-0.22810093,-1.7200596,ADAMTS6,LMC,FOS,bZIP
1499,0,0.07771543,-0.1980394,1.620772,ITGB4,LMC,STAT3,Stat
618,1,-0.30776003,-0.24450046,-2.5465317,COL4A1,MEF,ZNF263,Zf
282,1,-0.26816452,-0.121736646,1.7105174,BDNF,MEF,TCF12,bHLH
278,0,-0.37665918,-0.37009746,-2.4906874,BCL11A,LMC,IRF4,IRF
525,0,-0.5072217,-0.24450046,-1.5079637,CEP55,LMC,ZBTB33,Zf
1808,1,-0.5072217,-0.24450046,-2.5568974,MELK,MEF,ZBTB33,Zf
1038,1,-0.29414836,-0.26135686,-1.7113899,FBXO5,MEF,E2F6,E2F
2982,0,-0.08568381,-0.24450046,-1.484277,TICRR,LMC,MAZ,Zf
2408,0,-0.065101475,-0.08148018,-1.2367245,QSOX1,LMC,RFX5,HTH
1349,1,-0.7844056,-0.2053601,-1.1300734,HN1,MEF,FOXM1,Forkhead
2061,1,-0.46846294,-0.46846294,-2.5808094,NUSAP1,MEF,TCF3,HMG
2441,1,0.03645469,-0.22810093,1.6146586,RAMP1,MEF,BACH1,bZIP
968,1,-0.34029287,-0.28884968,-2.0323744,FAM131B,MEF,E2F4,E2F
1075,0,0.09181779,-0.20306948,1.706394,FLI1,LMC,MEF2C,MADS
583,1,-0.34914914,-0.27780795,-2.540675,CLSPN,MEF,FOS,bZIP
2127,0,-0.00943349,-0.121736646,-1.0090586,PARVA,LMC,USF1,bHLH
786,1,-0.5069276,-0.27780795,3.1105778,DNAJC6,MEF,ATF2,bZIP
2942,0,-0.26816452,-0.121736646,-1.0512183,TBX5,LMC,TCF12,bHLH
793,0,-0.35453734,-0.24333258,1.6967961,DOCK10,LMC,ZKSCAN1,Zf
1972,0,-0.09351536,-0.24313685,-1.1155492,NEK8,LMC,STAT3,Stat
730,0,-0.18621291,-0.24333258,-2.0661001,DCHS1,LMC,YY1,Zf
1159,1,-0.12554857,-0.24550179,1.4589138,GBP5,MEF,JUND,bZIP
1760,0,-0.36259097,-0.38195667,1.0684023,MAP3K1,LMC,ELF1,ETS
2502,0,-0.91791576,-0.29509667,-1.5356117,RHOF,LMC,BATF,bZIP
2396,0,-0.16561359,-0.22810093,-1.1329921,PTRF,LMC,JUND,bZIP
2383,1,-0.0061152284,-0.10008492,-3.4084277,PTPN18,MEF,USF1,bHLH
2203,1,-0.4649995,-0.41931188,-2.3934686,PHF19,MEF,GABPA,ETS
3162,1,-0.3058912,-0.24283965,-1.5763762,UBE2T,MEF,YY1,Zf
1208,0,-0.08974322,-0.146989,-1.3932074,GLT8D2,LMC,MAX,bHLH
209,0,-0.049117733,-0.13941021,-1.2664016,ARMCX4,LMC,MAX,bHLH
2251,0,-0.7979473,-0.24283965,-2.0370564,PLEKHG4,LMC,SP2,Zf
2313,0,-0.3070402,-0.24450046,-2.7252042,PPP1R14A,LMC,YY1,Zf
1708,1,-0.3569094,-0.25159925,2.3246684,LRRN1,MEF,ZNF263,Zf
3086,1,-0.3610153,-0.22249272,-1.1917357,TPM4,MEF,EGR1,Zf
380,0,0.023197008,-0.146989,-1.4233938,CCDC102A,LMC,USF1,bHLH
2977,0,-0.3569094,-0.25159925,-1.9208775,THBS3,LMC,ZNF263,Zf
2453,0,-0.18621291,-0.24333258,1.917148,RASD2,LMC,YY1,Zf
905,0,-0.3610153,-0.22249272,-2.2580662,EPHA3,LMC,EGR1,Zf
1882,1,-0.13149443,-0.22249272,5.0510955,MSLN,MEF,SP1,Zf
1551,0,-0.2952564,-0.2952564,2.1555893,KCNK13,LMC,HNF4A,NR
2378,0,-0.42519194,-0.24333258,1.532152,PTK2B,LMC,GATA1,Zf
3148,1,-0.1505293,-0.1342841,-2.1438007,TUBB3,MEF,USF2,bHLH
1424,0,-0.17513762,-0.146989,1.8200285,IGFBP6,LMC,BHLHE40,bHLH
2170,0,-0.38339126,-0.24550179,1.2332177,PDE7B,LMC,ATF2,bZIP
903,0,-0.26188308,-0.27780795,2.932752,EPCAM,LMC,FOSL2,bZIP
1406,1,-0.30779734,-0.3917693,-1.7902205,HVCN1,MEF,ETS1,ETS
2446,0,-0.4420254,-0.26135686,1.0731758,RAP2A,LMC,E2F1,E2F
1344,0,-0.20308916,-0.4653868,-1.063044,HMGCS1,LMC,IRF1,IRF
14,1,-0.3625331,-0.38195667,1.7857124,ABCG4,MEF,GABPA,ETS
1992,1,-0.15764365,-0.14792581,1.4492387,NIPAL2,MEF,RFX5,HTH
562,1,0.018755239,0.02968777,-1.191863,CKAP2,MEF,RFX5,HTH
1724,0,-0.15054174,-0.24450046,2.7277055,LUM,LMC,GATA3,Zf
2472,0,-0.30779734,-0.3917693,2.18051,RBM47,LMC,ETS1,ETS
1880,0,-0.00943349,-0.121736646,-1.1796536,MSI1,LMC,USF1,bHLH
2816,0,-0.24165441,-0.29509667,1.4846952,SP110,LMC,JUND,bZIP
1763,1,-0.009364229,-0.17137949,-1.1248577,MAP4K1,MEF,STAT3,Stat
915,1,-0.21907748,-0.27780795,2.6503172,ERBB3,MEF,JUND,bZIP
1562,0,-0.1124492,-0.24333258,-1.3338901,KCTD8,LMC,CTCF,Zf
2283,0,-0.3076643,-0.4621776,4.4188757,PNOC,LMC,IRF1,IRF
1257,0,-0.12554857,-0.24550179,1.0783671,GPR39,LMC,JUND,bZIP
3114,1,-0.17150766,-0.17150766,-3.242694,TROAP,MEF,TEAD4,TEA
1889,1,-0.120565586,-0.1342841,1.9976261,MT3,MEF,MAX,bHLH
803,1,-0.192465,-0.27780795,1.2223613,DPM1,MEF,ATF3,bZIP
264,1,-0.169331,-0.25693348,-1.1277707,B4GALT5,MEF,E2F4,E2F
504,0,-0.3022701,-0.29509667,2.316045,CEBPA,LMC,FOSL2,bZIP
2734,0,0.21614419,-0.17782252,-2.5573225,SLC35F2,LMC,FOXA1,Forkhead
609,0,-0.16941127,-0.25471953,-2.4838371,COL14A1,LMC,FOS,bZIP
1015,1,0.21614419,-0.17782252,-2.369543,FANCA,MEF,FOXA1,Forkhead
943,1,-0.062780954,-0.24333258,-1.1547381,EYA4,MEF,SP1,Zf
495,1,-0.4776695,-0.22249272,1.1449422,CDKN2B,MEF,ZKSCAN1,Zf
1143,1,-0.121607244,-0.24333258,2.7778296,GALNT3,MEF,GATA3,Zf
510,0,-0.4649995,-0.41931188,-1.3674154,CENPA,LMC,GABPA,ETS
3183,0,-0.17853236,-0.13941021,1.3692124,USP53,LMC,MYOG,bHLH
320,1,-0.51637894,-0.42379856,-3.2193103,BUB1,MEF,CUX1,Homeobox
1817,0,-0.36550322,-0.47267562,-4.2151833,MFAP4,LMC,PBX3,Homeobox
306,0,-0.056725405,-0.121736646,1.7077026,BNC1,LMC,BHLHE40,bHLH
1542,0,-0.37601265,-0.39942494,2.0720127,KCNIP2,LMC,ELF1,ETS
2982,1,-0.33280078,-0.24333258,-2.3347836,TICRR,MEF,GATA2,Zf
343,0,-0.3058912,-0.24283965,2.0094032,CACNA1S,LMC,YY1,Zf
1815,0,-0.056725405,-0.121736646,-1.8705608,MEX3B,LMC,BHLHE40,bHLH
694,1,-0.4420254,-0.26135686,-1.0187942,CUX1,MEF,E2F1,E2F
1125,1,-0.5069276,-0.27780795,2.8851504,FUT9,MEF,ATF2,bZIP
1504,1,-0.14989896,-0.14989896,1.6061926,ITM2A,MEF,TEAD4,TEA
1597,1,0.028543921,-0.29509667,-3.375335,KLHL33,MEF,BACH1,bZIP
338,0,-0.3569094,-0.25159925,-1.9840221,CACNA1C,LMC,ZNF263,Zf
2920,1,-0.36645967,-0.22249272,2.0846374,SYT7,MEF,ZEB1,Zf
2823,0,-0.3625331,-0.38195667,-1.7413466,SPAG5,LMC,GABPA,ETS
275,0,-0.19612858,-0.146989,2.0854268,BCAR3,LMC,USF2,bHLH
1226,1,-0.3058912,-0.24283965,-1.02046,GPC2,MEF,YY1,Zf
372,0,-0.1666823,-0.13941021,1.4587322,CASZ1,LMC,USF2,bHLH
1070,1,-0.1607576,-0.24283965,-1.9571518,FIGNL1,MEF,MAZ,Zf
683,0,-0.08106524,-0.08106524,1.6376765,CTSB,LMC,TEAD4,TEA
2710,0,-0.5847532,-0.08148018,1.8738929,SLC22A4,LMC,MYB,HTH
3184,0,-0.2064243,-0.25159925,-1.2625906,UST,LMC,YY1,Zf
3117,1,-0.057535224,-0.27780795,1.6798476,TRPM3,MEF,BACH1,bZIP
673,1,-0.26816452,-0.121736646,-1.4267927,CSRP2,MEF,TCF12,bHLH
2882,0,-0.038338926,-0.10008492,1.3777498,STK10,LMC,MYOG,bHLH
144,0,-0.45963168,-0.45963168,-2.079299,ANLN,LMC,TCF3,HMG
3259,1,-0.2913164,-0.42379856,-1.6842502,ZIC1,MEF,NANOG,Homeobox
265,0,-0.37776268,-0.37776268,-1.1247369,BAG2,LMC,TCF3,HMG
431,1,-0.12554857,-0.24550179,-2.0295777,CCRL2,MEF,JUND,bZIP
2923,0,-0.1505293,-0.1342841,1.0585166,SYTL1,LMC,USF2,bHLH
1904,1,-0.2185933,-0.3794154,-1.3234528,MYCL,MEF,IRF1,IRF
3167,1,-0.3058912,-0.24283965,-2.9578276,UHRF1,MEF,YY1,Zf
658,1,-0.37698567,-0.4067228,1.7045457,CRNDE,MEF,PBX3,Homeobox
8,0,-0.21361919,-0.25471953,-1.1349243,ABCA5,LMC,ATF3,bZIP
364,1,-0.21895796,-0.21895796,1.1463557,CAPS2,MEF,EBF1,EBF
2850,1,-0.3341544,-0.39005762,1.1574836,SQRDL,MEF,ELF1,ETS
1663,0,-0.18621291,-0.24333258,-1.4207319,LIN7B,LMC,YY1,Zf
713,1,-0.30003953,-0.30003953,1.1914463,CYLD,MEF,NRF1,NRF
1458,1,-0.15019357,-0.27780795,1.9326211,IL7,MEF,MAFF,bZIP
575,1,0.06421617,-0.24450046,-1.2947149,CLEC2L,MEF,CTCF,Zf
979,1,-0.2300118,-0.25159925,2.380448,FAM179A,MEF,MAZ,Zf
528,0,-0.08617797,-0.146989,1.2754617,CERK,LMC,MYOG,bHLH
2107,1,-0.08974322,-0.146989,1.1910483,P4HTM,MEF,MAX,bHLH
2848,1,-0.049117733,-0.13941021,-1.3201041,SPSB4,MEF,MAX,bHLH
1347,1,-0.062780954,-0.24333258,-2.2474232,HMMR,MEF,SP1,Zf
996,0,-0.18398622,-0.29509667,-1.008624,FAM3C,LMC,ATF3,bZIP
1408,0,0.018755239,0.02968777,-1.0610017,ICA1,LMC,RFX5,HTH
2342,1,0.016311714,0.00623205,1.9326226,PROSER2,MEF,RFX5,HTH
3227,1,0.048078425,-0.25471953,1.2699397,WNT11,MEF,BACH1,bZIP
2275,1,0.023197008,-0.146989,2.3952186,PM20D2,MEF,USF1,bHLH
1467,1,-0.1124492,-0.24333258,-2.669585,INPP5J,MEF,CTCF,Zf
2057,0,0.17063665,-0.10944186,-2.073274,NUF2,LMC,FOXA1,Forkhead
531,1,-0.34029287,-0.28884968,1.2192872,CFAP61,MEF,E2F4,E2F
1893,0,-0.25436184,-0.25436184,1.4745281,MTSS1,LMC,TEAD4,TEA
1228,1,-0.25007766,-0.37009746,2.1909225,GPC5,MEF,IRF1,IRF
526,0,-0.45963168,-0.45963168,-1.5504444,CEP72,LMC,TCF3,HMG
58,1,-0.21342848,-0.28884968,-1.678059,ADAMTS16,MEF,E2F6,E2F
2990,1,-0.17513762,-0.146989,-1.960353,TK1,MEF,BHLHE40,bHLH
1470,1,-0.17150766,-0.17150766,2.5503707,IP6K3,MEF,TEAD4,TEA
102,1,-0.12554857,-0.24550179,1.2664098,AK9,MEF,JUND,bZIP
2035,1,-0.45963168,-0.45963168,1.1484754,NR4A2,MEF,TCF3,HMG
2176,0,-0.058015816,-0.18281521,-1.1671095,PDGFRL,LMC,STAT3,Stat
478,1,-0.74316007,-0.3794154,-1.505004,CDCA8,MEF,IRF3,IRF
1002,0,-0.3773888,-0.18281521,-1.0779922,FAM57A,LMC,STAT1,Stat
1136,1,-0.049117733,-0.13941021,1.5529917,GAL3ST1,MEF,MAX,bHLH
2572,1,-0.21869276,-0.39005762,1.2491845,SAP18,MEF,ELK4,ETS
471,1,-0.121607244,-0.24333258,-1.2322128,CDC6,MEF,GATA3,Zf
391,0,-0.22016564,-0.25159925,-1.0662317,CCDC159,LMC,GATA2,Zf
1483,1,-0.16561359,-0.22810093,3.9410694,ISL1,MEF,JUND,bZIP
2523,0,-0.17407607,-0.121736646,-1.1712776,RNF207,LMC,MAX,bHLH
1087,1,-0.21869276,-0.39005762,1.1361747,FNDC3A,MEF,ELK4,ETS
437,0,-0.2470073,-0.39005762,3.0556927,CD22,LMC,ETS1,ETS
1490,1,-0.21361919,-0.25471953,1.2707528,ITGA3,MEF,ATF3,bZIP
1595,0,0.08411567,-0.24550179,1.1338412,KLHL30,LMC,BACH1,bZIP
1412,1,-0.9852809,-0.65067613,1.1134324,IER3,MEF,MEF2A,MADS
475,1,-0.64209527,-0.1980394,-1.4936433,CDCA5,MEF,STAT1,Stat
786,1,-0.1607576,-0.24283965,3.1105778,DNAJC6,MEF,MAZ,Zf
69,0,-0.22735961,-0.24550179,-1.6997627,ADARB1,LMC,MAFF,bZIP
1327,0,-0.15812221,-0.22249272,1.7526768,HFE,LMC,YY1,Zf
1977,1,-0.21301334,-0.25187832,-1.8594017,NEURL1B,MEF,E2F4,E2F
1003,0,-0.38057798,-0.24450046,-2.1274793,FAM64A,LMC,GATA1,Zf
1032,0,-0.65183055,-0.47267562,-1.4661738,FBXO16,LMC,CUX1,Homeobox
2696,1,-0.00943349,-0.121736646,2.0041702,SLC16A12,MEF,USF1,bHLH
465,0,-0.7844056,-0.2053601,-2.1160264,CDC20,LMC,FOXM1,Forkhead
1050,1,-0.65735245,-0.17782252,-1.4150496,FGF11,MEF,FOXM1,Forkhead
3263,0,0.73946834,-0.24333258,1.1311405,ZMYND15,LMC,PRDM1,Zf
2199,0,-0.74316007,-0.3794154,-1.1405721,PGK1,LMC,IRF3,IRF
786,0,-0.28121933,-0.25159925,2.1619072,DNAJC6,LMC,SP1,Zf
2337,0,-0.3058912,-0.24283965,1.6617084,PRKCH,LMC,YY1,Zf
2329,0,-0.3341544,-0.39005762,-1.5005978,PRELID2,LMC,ELF1,ETS
1735,0,0.21614419,-0.17782252,-1.6968054,LYSMD2,LMC,FOXA1,Forkhead
1559,0,-0.34278938,-0.41931188,-1.662673,KCTD15,LMC,ELF1,ETS
516,0,-0.36550322,-0.47267562,-1.7725236,CENPM,LMC,PBX3,Homeobox
1820,1,-0.26737517,-0.25159925,-1.6256363,MFSD12,MEF,ZKSCAN1,Zf
835,1,0.011842721,-0.21953267,-1.7441338,E2F7,MEF,FOXA1,Forkhead
297,1,-0.4467859,-0.3917693,-1.4785533,BMP1,MEF,ELK1,ETS
3203,0,-0.3869897,-0.39942494,-1.3290813,VSIG10L,LMC,ETS1,ETS
747,0,-0.21869276,-0.39005762,-1.0409411,DENND3,LMC,ELK4,ETS
596,0,-0.37167174,-0.29509667,-1.4862515,CNN2,LMC,ATF2,bZIP
2399,1,-0.26816452,-0.121736646,-1.4025425,PVRL2,MEF,TCF12,bHLH
101,1,-0.3773888,-0.18281521,-2.3698435,AIM2,MEF,STAT1,Stat
2623,1,-0.46016192,-0.24450046,1.5207373,SERPINB8,MEF,EGR1,Zf
2902,1,-0.16561359,-0.22810093,1.2998378,SUSD4,MEF,JUND,bZIP
476,1,-0.36049217,-0.22810093,-1.5113796,CDCA7,MEF,FOS,bZIP
2684,0,-0.21907748,-0.27780795,2.434695,SLC11A1,LMC,JUND,bZIP
436,1,-0.9526392,-0.4653868,-4.284058,CD200R1,MEF,IRF3,IRF
1763,1,-0.20953742,-0.22249272,-1.1248577,MAP4K1,MEF,MAZ,Zf
793,0,-0.29979625,-0.24283965,1.6967961,DOCK10,LMC,GATA1,Zf
2984,1,-0.48813832,-0.3794154,-1.3954704,TIMELESS,MEF,IRF4,IRF
1556,1,-0.10369535,-0.10008492,-1.6057874,KCNS3,MEF,BHLHE40,bHLH
2917,1,-0.36259097,-0.38195667,-2.2309391,SYT1,MEF,ELF1,ETS
3168,1,-0.0061152284,-0.10008492,-3.5868664,ULBP1,MEF,USF1,bHLH
3049,0,-0.3375485,-0.1342841,1.3371425,TMOD1,LMC,TCF12,bHLH
2776,1,-0.3869897,-0.39942494,-4.6038027,SMAGP,MEF,ETS1,ETS
1514,0,-0.2849582,-0.2849582,1.9986963,JAM2,LMC,EBF1,EBF
1360,1,-0.38071528,-0.24283965,-2.4961243,HOXA5,MEF,ZNF263,Zf
2530,0,-0.25007766,-0.37009746,-2.7401004,ROR2,LMC,IRF1,IRF
1940,0,-0.18911669,-0.17782252,1.9140537,NAT1,LMC,FOXA2,Forkhead
3098,1,-0.3625331,-0.38195667,-2.2575493,TREML4,MEF,GABPA,ETS
1948,1,0.023197008,-0.146989,-2.1928997,NCAPG2,MEF,USF1,bHLH
2288,1,0.03645469,-0.22810093,-1.222358,POLA1,MEF,BACH1,bZIP
222,0,-0.38339126,-0.24550179,-2.4331834,ASB2,LMC,ATF2,bZIP
1349,1,-0.25341198,-0.22810093,-1.1300734,HN1,MEF,ATF3,bZIP
2797,1,-0.22240412,-0.10008492,1.207182,SNX16,MEF,TCF12,bHLH
2231,0,-0.08568381,-0.24450046,-1.2558968,PLA2R1,LMC,MAZ,Zf
2914,1,-0.19239004,-0.26135686,3.8033676,SYNM,MEF,E2F4,E2F
2907,1,0.016314197,-0.13941021,2.5369368,SYBU,MEF,USF1,bHLH
206,0,-0.3439605,-0.3439605,1.0346465,ARL4C,LMC,NRF1,NRF
1807,1,-0.192465,-0.27780795,-1.8203051,MEIS1,MEF,ATF3,bZIP
128,0,0.0745308,-0.10944186,1.1151143,AMIGO2,LMC,FOXA2,Forkhead
2115,1,-0.22746871,-0.25187832,2.0007038,PALMD,MEF,E2F6,E2F
1151,1,-0.46016192,-0.24450046,-1.3447833,GAS6,MEF,EGR1,Zf
2913,1,-0.20454665,-0.20454665,1.7464386,SYNGR3,MEF,TEAD4,TEA
817,1,-0.21301334,-0.25187832,2.4973128,DSP,MEF,E2F4,E2F
219,0,-0.35453734,-0.24333258,-1.2496016,ASAP3,LMC,ZKSCAN1,Zf
2116,1,0.07771543,-0.1980394,1.2539239,PAM,MEF,STAT3,Stat
2692,1,-0.1689725,-0.13941021,-5.3542004,SLC15A3,MEF,BHLHE40,bHLH
1888,1,0.06421617,-0.24450046,1.6543893,MSX2,MEF,CTCF,Zf
44,1,-0.3058912,-0.24283965,1.5725946,ACY3,MEF,YY1,Zf
2895,0,-0.21342848,-0.28884968,1.2344522,STXBP5,LMC,E2F6,E2F
488,1,-0.42519194,-0.24333258,-1.5366021,CDK1,MEF,GATA1,Zf
38,0,-0.71902657,-0.24550179,-2.4281116,ACTA2,LMC,BATF,bZIP
726,1,0.028543921,-0.29509667,-2.3356805,DACT2,MEF,BACH1,bZIP
3066,1,0.06421617,-0.24450046,-2.430794,TNMD,MEF,CTCF,Zf
2678,1,-0.12554857,-0.24550179,-1.3519409,SKP2,MEF,JUND,bZIP
3109,0,-0.45038855,-0.39942494,-1.1976123,TRIM7,LMC,GABPA,ETS
1572,1,-0.08568381,-0.24450046,1.4070278,KIF21A,MEF,MAZ,Zf
281,1,-0.33080074,-0.22810093,-1.5542505,BDH1,MEF,MAFK,bZIP
519,0,-0.21437913,-0.2712014,-1.145698,CENPQ,LMC,E2F4,E2F
1310,1,-0.19239004,-0.26135686,2.3626626,HAP1,MEF,E2F4,E2F
2932,0,-0.1666823,-0.13941021,-1.7568431,TAGLN,LMC,USF2,bHLH
527,0,-0.35318726,-0.41931188,-1.1976969,CERCAM,LMC,ELK1,ETS
2317,1,-0.2470073,-0.39005762,-1.3451492,PPP1R3E,MEF,ETS1,ETS
1862,1,-0.4409798,-0.24450046,1.1564282,MORN2,MEF,ZEB1,Zf
2315,1,-0.10505258,-0.1342841,1.05039,PPP1R26,MEF,BHLHE40,bHLH
1529,1,-0.0013588448,-0.24283965,-2.2436848,KCNAB1,MEF,CTCF,Zf
115,1,-0.23244992,-0.52757335,-1.468537,ALDH3B1,MEF,PBX3,Homeobox
968,1,-0.09351536,-0.24313685,-2.0323744,FAM131B,MEF,STAT3,Stat
344,1,-0.17407607,-0.121736646,1.0837282,CACNA2D2,MEF,MAX,bHLH
3206,0,-0.4467859,-0.3917693,-1.9135524,VWA1,LMC,ELK1,ETS
1626,1,-0.2185933,-0.3794154,-1.2072183,LASP1,MEF,IRF1,IRF
2504,1,-0.3569094,-0.25159925,-1.9587698,RHOV,MEF,ZNF263,Zf
836,1,-0.39804247,-0.17255645,-2.7616482,E2F8,MEF,STAT1,Stat
155,1,-0.440717,-0.25471953,-1.0362561,AP1G2,MEF,MAFK,bZIP
1209,1,-0.3625331,-0.38195667,-2.8732285,GMFG,MEF,GABPA,ETS
2760,1,-0.2849582,-0.2849582,1.4729835,SLC8A3,MEF,EBF1,EBF
1373,1,-0.33296144,-0.24550179,3.2848103,HOXC13,MEF,MAFK,bZIP
2490,1,-0.21918109,-0.21918109,-7.0311346,RGS1,MEF,TCF3,HMG
1294,1,-0.34029287,-0.28884968,-1.3355373,GSG2,MEF,E2F4,E2F
2629,1,-0.34370995,-0.24333258,-1.1922623,SERTAD4,MEF,EGR1,Zf
2811,0,-0.35132957,-0.35132957,-1.3366922,SOX13,LMC,HNF4A,NR
2614,0,-0.33058694,-0.3917693,-1.884214,SEMA4G,LMC,ELF1,ETS
1977,1,-0.63670325,-0.21953267,-1.8594017,NEURL1B,MEF,FOXM1,Forkhead
573,0,-0.058015816,-0.18281521,-2.3909874,CLEC14A,LMC,STAT3,Stat
1228,1,-0.19612858,-0.146989,2.1909225,GPC5,MEF,USF2,bHLH
2750,0,-0.36812532,-0.36812532,1.0977395,SLC46A3,LMC,NRF1,NRF
8,0,-0.22240412,-0.10008492,-1.1349243,ABCA5,LMC,TCF12,bHLH
2213,1,-0.34099022,-0.38195667,-6.192615,PIK3CG,MEF,ELK1,ETS
1837,1,-0.33280078,-0.24333258,-1.1738205,MLF1,MEF,GATA2,Zf
2409,0,-0.48430756,-0.24313685,1.1963438,RAB11FIP1,LMC,STAT1,Stat
1424,1,-0.40605056,-0.25471953,-2.5096278,IGFBP6,MEF,ATF2,bZIP
2492,1,-0.15812221,-0.22249272,-1.8323796,RGS16,MEF,YY1,Zf
1632,1,-0.10827843,-0.121736646,-3.12653,LCP2,MEF,USF2,bHLH
525,1,-0.21301334,-0.25187832,-2.4336228,CEP55,MEF,E2F4,E2F
2203,1,-0.22240412,-0.10008492,-2.3934686,PHF19,MEF,TCF12,bHLH
2478,0,-0.3933147,-0.24283965,-1.0574901,RCN1,LMC,ZKSCAN1,Zf
1642,0,-0.33058694,-0.3917693,1.3346491,LFNG,LMC,ELF1,ETS
53,1,0.84515804,-0.0023815737,-5.6424417,ADAM8,MEF,MEF2C,MADS
1530,1,-0.3474289,-0.29509667,-1.7830039,KCNAB2,MEF,ATF1,bZIP
233,0,-0.48430756,-0.24313685,1.1636925,ATF6,LMC,STAT1,Stat
37,0,-0.40787458,-0.3917693,-2.2475438,ACTA1,LMC,GABPA,ETS
251,1,-0.121607244,-0.24333258,-2.209545,AURKA,MEF,GATA3,Zf
2686,1,-0.29687634,-0.29687634,1.0133885,SLC12A2,MEF,PAX5,"Paired,Homeobox"
2472,0,-0.43345997,-0.22249272,2.18051,RBM47,LMC,ZNF263,Zf
2618,1,-0.16561359,-0.22810093,1.103243,SERINC2,MEF,JUND,bZIP
2994,0,-0.15764365,-0.14792581,-2.4943612,TLL1,LMC,RFX5,HTH
1565,1,-0.4733331,-0.39005762,1.3241493,KDM6A,MEF,ELK1,ETS
3007,1,-0.12554857,-0.24550179,-2.8485968,TMEM106A,MEF,JUND,bZIP
1089,1,-0.08106524,-0.08106524,-1.2231901,FNIP2,MEF,TEAD4,TEA
2373,0,-0.3610153,-0.22249272,1.6404351,PTGER4,LMC,EGR1,Zf
268,0,-0.28616667,-0.25693348,-1.0727856,BAIAP2,LMC,E2F6,E2F
495,1,-0.4776695,-0.22249272,1.1449422,CDKN2B,MEF,ZKSCAN1,Zf
1681,1,-0.21459776,-0.24333258,-1.4697692,LPAR2,MEF,MAZ,Zf
565,1,-0.35806254,-0.38195667,-1.2009269,CKS1B,MEF,ETS1,ETS
1011,0,0.011842721,-0.21953267,-1.7455534,FAM83D,LMC,FOXA1,Forkhead
3150,1,-0.31818998,-0.24333258,-1.30229,TUBB6,MEF,ZEB1,Zf
885,1,-0.541412,-0.25159925,-2.3387628,EME1,MEF,EGR1,Zf
422,0,-0.33817908,-0.29509667,-1.9702636,CCNB2,LMC,FOS,bZIP
2335,1,-0.30779734,-0.3917693,-4.4554343,PRKCB,MEF,ETS1,ETS
1663,0,0.03116794,-0.22249272,-1.4207319,LIN7B,LMC,CTCF,Zf
2466,1,0.19933423,-0.36911827,1.3233889,RB1,MEF,MEF2C,MADS
1559,0,-0.51308286,-0.25693348,-1.662673,KCTD15,LMC,E2F1,E2F
1192,0,-0.37167174,-0.29509667,2.1297517,GIPC2,LMC,ATF2,bZIP
2431,1,-0.056725405,-0.121736646,-1.6750872,RAD51,MEF,BHLHE40,bHLH
3186,1,-0.11649651,-0.25471953,-1.9262128,VANGL2,MEF,JUND,bZIP
3137,0,-0.34278938,-0.41931188,-1.5468862,TTK,LMC,ELF1,ETS
2259,0,-1.2819929,-0.38195667,-1.8200914,PLK1,LMC,FLI1,ETS
1949,1,-0.440717,-0.25471953,-1.5197695,NCAPH,MEF,MAFK,bZIP
1547,0,-0.26692143,-0.26692143,1.4255404,KCNJ2,LMC,EBF1,EBF
300,1,-0.058015816,-0.18281521,2.792925,BMP5,MEF,STAT3,Stat
2818,0,-0.20916343,-0.20916343,-2.2571666,SP3,LMC,NRF1,NRF
777,0,-0.21459776,-0.24333258,-1.7678535,DNAH11,LMC,MAZ,Zf
479,0,-0.15054174,-0.24450046,4.506826,CDH1,LMC,GATA3,Zf
835,0,-0.43345997,-0.22249272,-1.6265401,E2F7,LMC,ZNF263,Zf
1648,1,-0.33296144,-0.24550179,-1.2747815,LGMN,MEF,MAFK,bZIP
1814,1,-0.45963168,-0.45963168,1.0535716,METTL21A,MEF,TCF3,HMG
479,0,-0.21301334,-0.25187832,4.506826,CDH1,LMC,E2F4,E2F
10,1,-0.17407607,-0.121736646,-1.2388748,ABCB4,MEF,MAX,bHLH
1123,0,0.028543921,-0.29509667,1.4232948,FTH1,LMC,BACH1,bZIP
3139,1,-0.34914914,-0.27780795,1.5869603,TTLL6,MEF,FOS,bZIP
2517,1,-0.13994873,-0.2053601,-2.6548548,RNF144A,MEF,FOXA2,Forkhead
1368,1,0.13713937,-0.20371658,-1.5305121,HOXB6,MEF,FOXA1,Forkhead
3258,1,-0.48430756,-0.24313685,-1.4494542,ZFYVE28,MEF,STAT1,Stat
652,1,-0.13559982,-0.10008492,-3.3835373,CRIP1,MEF,MAX,bHLH
3222,0,-0.35453734,-0.24333258,-3.2772489,WISP2,LMC,ZKSCAN1,Zf
2676,1,-0.21361919,-0.25471953,-2.1078053,SKA1,MEF,ATF3,bZIP
1016,1,-0.121607244,-0.24333258,-1.8221961,FANCD2,MEF,GATA3,Zf
2270,1,-0.46016192,-0.24450046,-3.0289903,PLXDC1,MEF,EGR1,Zf
2203,1,-0.3070402,-0.24450046,-2.3934686,PHF19,MEF,YY1,Zf
893,1,-0.065101475,-0.08148018,1.0541712,ENDOD1,MEF,RFX5,HTH
2332,1,-0.2808588,-0.24283965,-1.3902781,PRIM1,MEF,ZEB1,Zf
992,1,-0.15054174,-0.24450046,1.0064623,FAM212B,MEF,GATA3,Zf
714,1,0.06421617,-0.24450046,5.836115,CYP1A1,MEF,CTCF,Zf
1206,1,-0.16941127,-0.25471953,1.9083136,GLIS3,MEF,FOS,bZIP
101,1,-0.21895796,-0.21895796,-2.3698435,AIM2,MEF,EBF1,EBF
1718,0,-0.76012087,-0.50137913,1.4920015,LSR,LMC,CUX1,Homeobox
478,1,-0.17150766,-0.17150766,-1.505004,CDCA8,MEF,TEAD4,TEA
2462,1,-0.22240412,-0.10008492,-1.2738879,RASSF2,MEF,TCF12,bHLH
1776,0,-0.541412,-0.25159925,1.0582312,MATK,LMC,EGR1,Zf
2384,1,-0.58496386,-0.4621776,1.9310234,PTPN22,MEF,IRF4,IRF
29,1,-0.39900714,-0.22249272,-1.4410068,ACOT1,MEF,GATA1,Zf
3241,1,-0.17513762,-0.146989,-1.8962338,XKR5,MEF,BHLHE40,bHLH
833,1,-0.17407607,-0.121736646,1.3486774,DZANK1,MEF,MAX,bHLH
1385,0,-0.33280078,-0.24333258,3.1518924,HPGD,LMC,GATA2,Zf
2566,1,-0.29360482,-0.13941021,2.5442002,S1PR5,MEF,TCF12,bHLH
1320,0,-0.37167174,-0.29509667,1.9458708,HCST,LMC,ATF2,bZIP
484,1,-0.43345997,-0.22249272,-1.72285,CDH24,MEF,ZNF263,Zf
556,1,-0.1124492,-0.24333258,-1.3128588,CHSY3,MEF,CTCF,Zf
1908,1,-0.08568381,-0.24450046,2.8399744,MYH14,MEF,MAZ,Zf
317,0,-0.440717,-0.25471953,1.9825064,BTK,LMC,MAFK,bZIP
1743,0,-0.12554857,-0.24550179,1.2423561,MAF,LMC,JUND,bZIP
2770,1,-0.28121933,-0.25159925,-1.5704622,SLIT3,MEF,SP1,Zf
1744,0,-0.37698567,-0.4067228,1.6160516,MAFB,LMC,PBX3,Homeobox
1454,0,-0.9852809,-0.65067613,2.2008123,IL21R,LMC,MEF2A,MADS
927,1,0.08411567,-0.24550179,1.4039664,ESYT3,MEF,BACH1,bZIP
2766,0,-0.2727483,-0.2712014,2.0881596,SLCO2A1,LMC,E2F6,E2F
2333,1,-0.0013588448,-0.24283965,2.1173315,PRKAA2,MEF,CTCF,Zf
689,1,-0.19379956,-0.22810093,1.1793175,CTSL,MEF,ATF2,bZIP
1240,1,-0.3474289,-0.29509667,1.5431579,GPR137C,MEF,ATF1,bZIP
2717,1,0.17063665,-0.10944186,2.2100704,SLC25A48,MEF,FOXA1,Forkhead
2472,1,0.03116794,-0.22249272,-2.984346,RBM47,MEF,CTCF,Zf
2344,0,-0.16561359,-0.22810093,2.3748279,PRR15,LMC,JUND,bZIP
3034,0,-0.21361919,-0.25471953,-1.6349095,TMEM246,LMC,ATF3,bZIP
78,0,0.028543921,-0.29509667,-1.8453362,ADM,LMC,BACH1,bZIP
783,1,0.08411567,-0.24550179,1.5323493,DNAH9,MEF,BACH1,bZIP
2472,1,-0.3430542,-0.3430542,-2.984346,RBM47,MEF,PAX5,"Paired,Homeobox"
2153,0,-0.08568381,-0.24450046,-1.5174005,PCLO,LMC,MAZ,Zf
872,1,0.22652079,-0.2053601,-2.1995416,EGR2,MEF,FOXA1,Forkhead
475,1,-0.2064243,-0.25159925,-1.4936433,CDCA5,MEF,YY1,Zf
999,0,-0.39205822,-0.27780795,1.1663992,FAM46C,LMC,MAFK,bZIP
2349,1,-0.37601265,-0.39942494,-2.0119624,PRRT2,MEF,ELF1,ETS
1934,0,-0.21895796,-0.21895796,-1.6841193,NAALADL1,LMC,EBF1,EBF
1753,1,-0.48430756,-0.24313685,-1.175975,MANBA,MEF,STAT1,Stat
138,0,-0.0065755714,-0.1342841,-2.360335,ANKLE1,LMC,MYOG,bHLH
1393,1,-0.28899637,-0.29509667,1.8035604,HSBP1L1,MEF,MAFF,bZIP
3055,1,-0.65183055,-0.47267562,-2.0917385,TNFAIP8L1,MEF,CUX1,Homeobox
484,1,-0.45038855,-0.39942494,-1.72285,CDH24,MEF,GABPA,ETS
2680,1,-0.049117733,-0.13941021,1.9093326,SLAIN1,MEF,MAX,bHLH
2537,1,-0.8933479,-0.52757335,-1.8166342,RPS6KA1,MEF,CUX1,Homeobox
1299,1,0.08411567,-0.24550179,-1.2229657,GSTM2,MEF,BACH1,bZIP
845,0,-0.32700178,-0.25159925,1.2262235,ECM1,LMC,GATA1,Zf
2228,1,-0.08568381,-0.24450046,2.2447371,PLA2G2E,MEF,MAZ,Zf
2308,1,-0.33639127,-0.4713425,1.3704175,PPFIBP2,MEF,IRF1,IRF
2567,1,-0.120565586,-0.1342841,3.8292215,SALL1,MEF,MAX,bHLH
2414,0,-0.21437913,-0.2712014,-1.3037294,RAB23,LMC,E2F4,E2F
164,1,-0.33080074,-0.22810093,1.6091472,APOB,MEF,MAFK,bZIP
2505,1,0.048078425,-0.25471953,1.5735694,RHPN2,MEF,BACH1,bZIP
966,1,0.011842721,-0.21953267,-2.1287313,FAM111A,MEF,FOXA1,Forkhead
1453,1,-0.46165287,-0.4067228,5.756473,IL1RN,MEF,CUX1,Homeobox
1003,1,-0.38490406,-0.38490406,-3.493651,FAM64A,MEF,PAX5,"Paired,Homeobox"
537,1,-0.41913503,-0.41913503,-1.0118498,CHAF1A,MEF,TCF3,HMG
2794,1,-0.39059436,-0.39059436,-1.930804,SNORA31,MEF,HNF4A,NR
494,0,-0.13559982,-0.10008492,-1.1015905,CDKN1C,LMC,MAX,bHLH
2418,0,0.13713937,-0.20371658,-1.0006384,RAB30,LMC,FOXA1,Forkhead
945,0,-0.9526392,-0.4653868,1.6291311,EZR,LMC,IRF3,IRF
2024,1,-0.13149443,-0.22249272,-1.0663133,NPL,MEF,SP1,Zf
2279,0,-0.21342848,-0.28884968,-1.1177921,PMVK,LMC,E2F6,E2F
678,0,-0.21459776,-0.24333258,1.3000749,CTDSPL,LMC,MAZ,Zf
1043,0,-0.20776576,-0.20776576,-1.2050055,FDPS,LMC,EBF1,EBF
1187,0,-0.26692143,-0.26692143,-1.3744384,GGT7,LMC,EBF1,EBF
763,1,-0.4409798,-0.24450046,2.0220814,DLG2,MEF,ZEB1,Zf
2290,0,-0.21301334,-0.25187832,-1.5923315,POLE,LMC,E2F4,E2F
1210,0,-0.37698567,-0.4067228,1.2591577,GMIP,LMC,PBX3,Homeobox
924,1,-0.18398622,-0.29509667,1.5121096,ESR2,MEF,ATF3,bZIP
1934,0,-0.22736193,-0.22736193,-1.6841193,NAALADL1,LMC,HNF4A,NR
2324,1,-0.00943349,-0.121736646,-1.0814621,PRCP,MEF,USF1,bHLH
265,1,-0.34304273,-0.52757335,-1.1411111,BAG2,MEF,NANOG,Homeobox
3166,1,-0.174635,-0.24550179,2.1184819,UGP2,MEF,FOSL2,bZIP
1957,1,-0.15019357,-0.27780795,-2.6176684,NDC80,MEF,MAFF,bZIP
1035,0,-0.34370995,-0.24333258,-2.2220345,FBXO41,LMC,EGR1,Zf
2909,1,-0.48430756,-0.24313685,-1.8490396,SYK,MEF,STAT1,Stat
349,1,-0.18911669,-0.17782252,3.2974133,CADM2,MEF,FOXA2,Forkhead
251,1,-0.35318726,-0.41931188,-2.209545,AURKA,MEF,ELK1,ETS
2995,0,-0.37665918,-0.37009746,2.1344848,TLR1,LMC,IRF4,IRF
1151,0,-0.08106524,-0.08106524,1.1953743,GAS6,LMC,TEAD4,TEA
375,1,-0.33639127,-0.4713425,1.0318768,CATSPERD,MEF,IRF1,IRF
794,1,-0.37776268,-0.37776268,-7.539154,DOCK2,MEF,TCF3,HMG
2370,1,-0.15812221,-0.22249272,1.7110711,PTGDR2,MEF,YY1,Zf
1806,1,-0.2470073,-0.39005762,2.2327807,MEIOB,MEF,ETS1,ETS
2894,1,-0.39205822,-0.27780795,-1.2475686,STX1A,MEF,MAFK,bZIP
2659,1,-0.29979625,-0.24283965,2.1426628,SHC3,MEF,GATA1,Zf
965,1,-0.22028713,-0.38195667,1.2164536,FAM110C,MEF,ELK4,ETS
102,1,-0.20308916,-0.4653868,1.2664098,AK9,MEF,IRF1,IRF
180,1,-0.0017048104,-0.121736646,-2.244958,ARHGAP18,MEF,MYOG,bHLH
528,0,-0.2678836,-0.24283965,1.2754617,CERK,LMC,SP1,Zf
1510,0,-0.65735245,-0.17782252,1.1837133,JADE2,LMC,FOXM1,Forkhead
2448,0,-0.33058694,-0.3917693,2.2214782,RAPGEF5,LMC,ELF1,ETS
1884,1,-0.7941223,-0.24283965,-1.0198689,MSRA,MEF,BCL11A,Zf
1753,1,-0.2790477,-0.25471953,-1.175975,MANBA,MEF,MAFF,bZIP
1794,1,-0.29414836,-0.26135686,-2.1192741,MCTP1,MEF,E2F6,E2F
770,1,0.03645469,-0.22810093,3.1872852,DMC1,MEF,BACH1,bZIP
117,1,-0.4649995,-0.41931188,-6.0324054,ALOX5AP,MEF,GABPA,ETS
807,0,-0.17407607,-0.121736646,-1.7703183,DPT,LMC,MAX,bHLH
1983,0,-0.8933479,-0.52757335,2.3211825,NFE2L3,LMC,CUX1,Homeobox
2254,1,-0.43756613,-0.41931188,-1.7462673,PLEKHO1,MEF,ETS1,ETS
1091,0,-0.4733331,-0.39005762,1.3608828,FOLR1,LMC,ELK1,ETS
474,1,-0.2300118,-0.25159925,-2.0174904,CDCA3,MEF,MAZ,Zf
993,1,-0.07763662,-0.20371658,1.2556348,FAM213A,MEF,FOXA2,Forkhead
1041,0,-0.41913924,-0.24333258,2.581755,FCGR2B,LMC,ZBTB33,Zf
1499,0,-0.21437913,-0.2712014,1.620772,ITGB4,LMC,E2F4,E2F
415,1,-0.46165287,-0.4067228,-4.2639585,CCL4,MEF,CUX1,Homeobox
2528,0,0.13713937,-0.20371658,1.9393216,ROBO4,LMC,FOXA1,Forkhead
2483,0,-0.25436184,-0.25436184,1.0268258,REP15,LMC,TEAD4,TEA
3136,0,-0.34278938,-0.41931188,1.0255241,TTC9,LMC,ELF1,ETS
2422,1,-0.36259097,-0.38195667,2.1295202,RAB39B,MEF,ELF1,ETS
62,0,-0.3551913,-0.3551913,-1.7200596,ADAMTS6,LMC,HNF4A,NR
144,1,-0.062780954,-0.24333258,-2.612855,ANLN,MEF,SP1,Zf
2100,1,-0.3430542,-0.3430542,-2.2412143,P2RX7,MEF,PAX5,"Paired,Homeobox"
317,0,-0.65183055,-0.47267562,1.9825064,BTK,LMC,CUX1,Homeobox
2598,1,-0.23244992,-0.52757335,1.9485947,SDC4,MEF,PBX3,Homeobox
129,1,-0.33080074,-0.22810093,-1.5233402,AMPH,MEF,MAFK,bZIP
11,1,-0.17150766,-0.17150766,-3.0846293,ABCC3,MEF,TEAD4,TEA
1576,0,-0.3610153,-0.22249272,-1.0787578,KIF26B,LMC,EGR1,Zf
1932,0,0.023197008,-0.146989,1.718301,MYRF,LMC,USF1,bHLH
2425,1,-0.37601265,-0.39942494,-2.056892,RAB3IL1,MEF,ELF1,ETS
3110,0,-0.21342848,-0.28884968,-2.4243805,TRIM71,LMC,E2F6,E2F
2469,1,-0.3610153,-0.22249272,1.3208804,RBM11,MEF,EGR1,Zf
562,0,-0.38057798,-0.24450046,-1.8413281,CKAP2,LMC,GATA1,Zf
516,0,-0.2185933,-0.3794154,-1.7725236,CENPM,LMC,IRF1,IRF
3009,1,0.0745308,-0.10944186,1.357033,TMEM117,MEF,FOXA2,Forkhead
1854,1,-0.11649651,-0.25471953,1.1488492,MMP28,MEF,JUND,bZIP
229,1,-0.0013588448,-0.24283965,-2.8171737,ASPM,MEF,CTCF,Zf
1735,0,-0.29360482,-0.13941021,-1.6968054,LYSMD2,LMC,TCF12,bHLH
1086,0,-0.33296144,-0.24550179,-1.6881667,FNDC1,LMC,MAFK,bZIP
1206,1,-0.2859068,-0.146989,1.9083136,GLIS3,MEF,TCF12,bHLH
2716,1,-0.51637894,-0.42379856,-1.5039499,SLC25A45,MEF,CUX1,Homeobox
864,1,0.21614419,-0.17782252,1.3383828,EFNA5,MEF,FOXA1,Forkhead
766,1,-0.10505258,-0.1342841,-1.2885283,DLL1,MEF,BHLHE40,bHLH
380,0,-0.42348737,-0.17137949,-1.4233938,CCDC102A,LMC,STAT1,Stat
157,1,-0.01444126,-0.17255645,-1.3312559,APBA1,MEF,STAT3,Stat
803,1,-0.3474289,-0.29509667,1.2223613,DPM1,MEF,ATF1,bZIP
293,1,-0.057535224,-0.27780795,2.1769137,BHMT,MEF,BACH1,bZIP
829,0,-0.440717,-0.25471953,-1.1774735,DUT,LMC,MAFK,bZIP
2505,0,-0.25165793,-0.0023815737,1.9083076,RHPN2,LMC,MEF2A,MADS
2608,1,-0.36550322,-0.47267562,2.1160233,SEMA3C,MEF,PBX3,Homeobox
1625,1,-0.20454665,-0.20454665,2.403555,LARS2,MEF,TEAD4,TEA
1514,0,-0.169331,-0.25693348,1.9986963,JAM2,LMC,E2F4,E2F
3074,0,-0.19612858,-0.146989,1.9503715,TNS4,LMC,USF2,bHLH
2296,0,-0.5315311,-0.5315311,2.2781577,POU2F2,LMC,PAX5,"Paired,Homeobox"
625,1,-0.1505293,-0.1342841,1.2030634,COL9A3,MEF,USF2,bHLH
1229,0,-0.10827843,-0.121736646,-1.5409347,GPC6,LMC,USF2,bHLH
3093,1,-0.35453734,-0.24333258,1.3340616,TRDMT1,MEF,ZKSCAN1,Zf
965,1,-0.19239004,-0.26135686,1.2164536,FAM110C,MEF,E2F4,E2F
2484,1,-0.3933147,-0.24283965,-1.6172776,REPS2,MEF,ZKSCAN1,Zf
391,0,-0.36259097,-0.38195667,-1.0662317,CCDC159,LMC,ELF1,ETS
3183,0,-0.10505258,-0.1342841,1.3692124,USP53,LMC,BHLHE40,bHLH
2837,1,-0.01444126,-0.17255645,2.7942443,SPINT2,MEF,STAT3,Stat
171,0,-0.19379956,-0.22810093,-1.3084476,APOLD1,LMC,ATF2,bZIP
242,1,-0.12554857,-0.24550179,-1.7413437,ATP2A3,MEF,JUND,bZIP
499,0,-0.08974322,-0.146989,-1.0813416,CDR2L,LMC,MAX,bHLH
3138,0,-0.1689725,-0.13941021,-1.6865426,TTLL11,LMC,BHLHE40,bHLH
2260,1,-0.15019357,-0.27780795,-1.0602489,PLK3,MEF,MAFF,bZIP
1541,1,0.028543921,-0.29509667,1.409066,KCNH7,MEF,BACH1,bZIP
1648,1,-0.2808588,-0.24283965,-1.2747815,LGMN,MEF,ZEB1,Zf
2006,1,-0.13149443,-0.22249272,2.143777,NME5,MEF,SP1,Zf
1916,1,-0.33058694,-0.3917693,1.0238945,MYLK3,MEF,ELF1,ETS
2372,1,-0.3777494,-0.24283965,-2.151926,PTGER2,MEF,EGR1,Zf
2125,0,-0.10505258,-0.1342841,1.6744419,PARP14,LMC,BHLHE40,bHLH
1595,1,-0.2954083,-0.24550179,1.9454163,KLHL30,MEF,ATF3,bZIP
2178,0,-0.48430756,-0.24313685,-1.323891,PDLIM2,LMC,STAT1,Stat
749,1,0.018755239,0.02968777,-2.568223,DEPDC1B,MEF,RFX5,HTH
2148,0,-0.32442823,-0.39942494,-1.0057567,PCDHGC3,LMC,ELK1,ETS
885,1,0.06421617,-0.24450046,-2.3387628,EME1,MEF,CTCF,Zf
611,1,-0.28616667,-0.25693348,-1.3350317,COL16A1,MEF,E2F6,E2F
2957,0,0.028543921,-0.29509667,2.2532527,TESC,LMC,BACH1,bZIP
1011,1,-0.28616667,-0.25693348,-1.3060033,FAM83D,MEF,E2F6,E2F
827,0,-0.0061152284,-0.10008492,1.3163043,DUSP6,LMC,USF1,bHLH
584,0,-0.25436184,-0.25436184,1.8429216,CLSTN3,LMC,TEAD4,TEA
1905,0,-0.24165441,-0.29509667,-3.562285,MYCT1,LMC,JUND,bZIP
1792,0,-0.22746871,-0.25187832,1.9537151,MCOLN2,LMC,E2F6,E2F
1379,0,-0.30779734,-0.3917693,2.16951,HOXD4,LMC,ETS1,ETS
3006,0,-0.30776003,-0.24450046,-1.0641911,TMEFF2,LMC,ZNF263,Zf
1360,0,-0.10827843,-0.121736646,-1.5481333,HOXA5,LMC,USF2,bHLH
46,1,-0.4467859,-0.3917693,-3.1549952,ADAM12,MEF,ELK1,ETS
2998,1,-0.17407607,-0.121736646,-5.6713085,TLR7,MEF,MAX,bHLH
664,1,-0.038338926,-0.10008492,-1.0229584,CSF2RA,MEF,MYOG,bHLH
1490,1,-0.4409798,-0.24450046,1.2707528,ITGA3,MEF,ZEB1,Zf
957,0,-0.1826178,-0.24450046,-1.2934484,FADS2,LMC,SP1,Zf
2823,0,-0.25436184,-0.25436184,-1.7413466,SPAG5,LMC,TEAD4,TEA
2737,1,-0.17513762,-0.146989,-1.3563199,SLC37A2,MEF,BHLHE40,bHLH
2551,0,-0.17513762,-0.146989,-1.0524096,RTN4R,LMC,BHLHE40,bHLH
2093,1,-0.17425032,-0.41931188,-1.1566182,OSMR,MEF,ELK4,ETS
1373,1,-0.192465,-0.27780795,3.2848103,HOXC13,MEF,ATF3,bZIP
3222,0,-0.22240412,-0.10008492,-3.2772489,WISP2,LMC,TCF12,bHLH
1507,0,-0.0013588448,-0.24283965,3.2428863,IVL,LMC,CTCF,Zf
1764,1,-0.37776268,-0.37776268,1.7190605,MAP7,MEF,TCF3,HMG
2601,0,-0.3705123,-0.25471953,-1.3300989,SEC14L5,LMC,FOSL2,bZIP
2103,0,-0.2300118,-0.25159925,2.8320577,P2RY13,LMC,MAZ,Zf
591,1,-0.22735961,-0.24550179,-1.332691,CNDP2,MEF,MAFF,bZIP
2757,0,-0.1124492,-0.24333258,1.8377153,SLC7A8,LMC,CTCF,Zf
720,0,-0.13559982,-0.10008492,1.1883768,CYSTM1,LMC,MAX,bHLH
771,1,-0.44224238,-0.29509667,1.0533403,DMD,MEF,MAFK,bZIP
1425,1,-0.38278377,-0.42379856,-1.2236896,IGLON5,MEF,PBX3,Homeobox
213,1,-0.69426614,-0.4713425,-1.0850065,ARSB,MEF,IRF3,IRF
2966,1,0.21614419,-0.17782252,-3.5285614,TFPI2,MEF,FOXA1,Forkhead
3060,1,-0.3375485,-0.1342841,-1.6824514,TNFRSF14,MEF,TCF12,bHLH
2328,0,-0.5856867,-0.25187832,1.683577,PRDX1,LMC,E2F1,E2F
1215,0,-0.22746871,-0.25187832,-1.0471468,GNG10,LMC,E2F6,E2F
1347,1,-0.3625331,-0.38195667,-2.2474232,HMMR,MEF,GABPA,ETS
864,1,0.011842721,-0.21953267,1.3383828,EFNA5,MEF,FOXA1,Forkhead
1728,1,-0.17407607,-0.121736646,-4.9488015,LY86,MEF,MAX,bHLH
1736,1,-0.22016564,-0.25159925,-1.7815548,LYVE1,MEF,GATA2,Zf
1662,0,-0.39205822,-0.27780795,-1.7920642,LIN7A,LMC,MAFK,bZIP
138,0,-0.36259097,-0.38195667,-2.360335,ANKLE1,LMC,ELF1,ETS
155,1,-0.2507436,-0.25159925,-1.0362561,AP1G2,MEF,ZEB1,Zf
2612,0,-0.27070102,-0.24450046,1.9885367,SEMA4D,LMC,GATA2,Zf
1180,0,-0.24165441,-0.29509667,-2.2058034,GFRA2,LMC,JUND,bZIP
1256,1,0.17063665,-0.10944186,5.22777,GPR37,MEF,FOXA1,Forkhead
650,0,0.028543921,-0.29509667,2.2406585,CREG2,LMC,BACH1,bZIP
2334,0,-0.33296144,-0.24550179,-1.4117044,PRKAR2B,LMC,MAFK,bZIP
793,1,0.06421617,-0.24450046,-3.6299744,DOCK10,MEF,CTCF,Zf
3150,1,-0.009410201,-0.10008492,-1.30229,TUBB6,MEF,USF2,bHLH
1464,0,-0.22746871,-0.25187832,-1.1838235,INPP1,LMC,E2F6,E2F
2466,1,-0.15812221,-0.22249272,1.3233889,RB1,MEF,YY1,Zf
1376,1,-0.51637894,-0.42379856,-1.8315564,HOXC8,MEF,CUX1,Homeobox
1044,1,-0.10505258,-0.1342841,-5.357593,FERMT3,MEF,BHLHE40,bHLH
2216,1,-0.009410201,-0.10008492,-3.0388339,PILRA,MEF,USF2,bHLH
2342,1,-0.440717,-0.25471953,1.9326226,PROSER2,MEF,MAFK,bZIP
1133,1,-0.1689725,-0.13941021,3.126388,GABRB2,MEF,BHLHE40,bHLH
2599,0,-0.11649651,-0.25471953,-1.0351863,SDK2,LMC,JUND,bZIP
2837,0,-0.0005437653,-0.1342841,1.6261545,SPINT2,LMC,USF1,bHLH
1814,1,-0.21459776,-0.24333258,1.0535716,METTL21A,MEF,MAZ,Zf
2112,0,-0.00943349,-0.121736646,2.4658735,PADI3,LMC,USF1,bHLH
2990,0,-0.22735961,-0.24550179,-1.6426313,TK1,LMC,MAFF,bZIP
2387,1,-0.23244992,-0.52757335,-4.4291387,PTPN7,MEF,PBX3,Homeobox
1350,1,-0.27228355,-0.24283965,1.0386949,HNMT,MEF,GATA2,Zf
1802,1,-0.1607576,-0.24283965,1.033383,MEF2A,MEF,MAZ,Zf
2646,1,-0.39059436,-0.39059436,-1.2183495,SH2D5,MEF,HNF4A,NR
364,1,-0.48813832,-0.3794154,1.1463557,CAPS2,MEF,IRF4,IRF
910,1,-0.7844056,-0.2053601,1.3478439,EPHB6,MEF,FOXM1,Forkhead
303,1,-0.1826178,-0.24450046,1.4564615,BMP8B,MEF,SP1,Zf
685,0,-0.07449697,-0.25159925,1.4008114,CTSD,LMC,CTCF,Zf
2750,0,-0.37698567,-0.4067228,1.0977395,SLC46A3,LMC,PBX3,Homeobox
3027,0,-0.22735961,-0.24550179,2.0194569,TMEM184A,LMC,MAFF,bZIP
3173,0,0.06421617,-0.24450046,-2.1704075,UNC5C,LMC,CTCF,Zf
1824,1,-0.009364229,-0.17137949,3.1939304,MGP,MEF,STAT3,Stat
1759,0,-0.3773888,-0.18281521,-1.2019571,MAP2K6,LMC,STAT1,Stat
1467,0,-0.1124492,-0.24333258,1.7121326,INPP5J,LMC,CTCF,Zf
2156,0,-0.1666823,-0.13941021,1.9379742,PCP4L1,LMC,USF2,bHLH
1780,0,0.13713937,-0.20371658,-1.1029267,MBOAT2,LMC,FOXA1,Forkhead
940,0,-0.121607244,-0.24333258,-1.0492839,EXT1,LMC,GATA3,Zf
2529,0,-0.2790477,-0.25471953,-1.4922091,ROR1,LMC,MAFF,bZIP
381,1,-0.25007766,-0.37009746,1.1394454,CCDC103,MEF,IRF1,IRF
2963,1,-0.3058912,-0.24283965,1.4439334,TFCP2L1,MEF,YY1,Zf
1699,1,-0.07449697,-0.25159925,1.5158956,LRRC2,MEF,CTCF,Zf
2091,0,-0.009364229,-0.17137949,-2.7508404,OSBPL6,LMC,STAT3,Stat
926,1,-0.65735245,-0.17782252,-1.3294209,ESYT1,MEF,FOXM1,Forkhead
469,0,-0.0017048104,-0.121736646,-1.0888088,CDC42EP4,LMC,MYOG,bHLH
118,1,-0.26188308,-0.27780795,-1.2159187,ALOXE3,MEF,FOSL2,bZIP
2100,1,0.023197008,-0.146989,-2.2412143,P2RX7,MEF,USF1,bHLH
1792,0,-0.34278938,-0.41931188,1.9537151,MCOLN2,LMC,ELF1,ETS
343,0,-0.2727483,-0.2712014,2.0094032,CACNA1S,LMC,E2F6,E2F
864,1,-0.18398622,-0.29509667,1.3383828,EFNA5,MEF,ATF3,bZIP
2535,1,-0.46165287,-0.4067228,-4.825739,RPS16,MEF,CUX1,Homeobox
3268,1,-0.39205822,-0.27780795,-1.4214575,ZYX,MEF,MAFK,bZIP
640,0,-0.10505258,-0.1342841,2.1132483,CPNE7,LMC,BHLHE40,bHLH
2084,1,-0.01444126,-0.17255645,-2.7139297,OLR1,MEF,STAT3,Stat
1050,0,0.018755239,0.02968777,-1.2463815,FGF11,LMC,RFX5,HTH
41,1,-0.19239004,-0.26135686,-1.2971035,ACTN3,MEF,E2F4,E2F
2345,0,-0.21907748,-0.27780795,2.2877603,PRR15L,LMC,JUND,bZIP
1932,1,-0.08974322,-0.146989,1.2759093,MYRF,MEF,MAX,bHLH
883,0,-0.45963168,-0.45963168,-1.7784133,ELOVL6,LMC,TCF3,HMG
1662,1,0.21614419,-0.17782252,4.044967,LIN7A,MEF,FOXA1,Forkhead
2206,1,-0.26692143,-0.26692143,1.2702825,PHYHIP,MEF,EBF1,EBF
2870,1,-0.009364229,-0.17137949,-1.3936857,STAC2,MEF,STAT3,Stat
3027,1,-0.20953742,-0.22249272,1.3271227,TMEM184A,MEF,MAZ,Zf
2408,0,-0.21437913,-0.2712014,-1.2367245,QSOX1,LMC,E2F4,E2F
60,0,-0.21907748,-0.27780795,1.7193685,ADAMTS20,LMC,JUND,bZIP
612,1,-0.18621291,-0.24333258,1.5643581,COL18A1,MEF,YY1,Zf
1762,0,-0.6928834,-0.10944186,1.0892361,MAP3K8,LMC,FOXM1,Forkhead
1578,0,-0.17702122,-0.27780795,-2.1700678,KIF2C,LMC,ATF1,bZIP
1514,0,-0.7485091,-0.20371658,1.9986963,JAM2,LMC,FOXM1,Forkhead
2319,0,-0.20953742,-0.22249272,1.4068983,PPP1R9A,LMC,MAZ,Zf
3046,0,-0.22746871,-0.25187832,2.2893217,TMEM59L,LMC,E2F6,E2F
2863,0,-0.3058912,-0.24283965,-1.5829593,ST6GALNAC2,LMC,YY1,Zf
1604,0,-0.21459776,-0.24333258,-1.6152551,KNSTRN,LMC,MAZ,Zf
2386,1,-0.3869897,-0.39942494,-5.8584,PTPN6,MEF,ETS1,ETS
1164,1,-0.20308916,-0.4653868,3.0406773,GCHFR,MEF,IRF1,IRF
1923,1,-0.63670325,-0.21953267,-6.197118,MYO1G,MEF,FOXM1,Forkhead
1703,1,-0.17407607,-0.121736646,2.574918,LRRC3B,MEF,MAX,bHLH
144,1,0.016314197,-0.13941021,-2.612855,ANLN,MEF,USF1,bHLH
2966,1,-0.3439605,-0.3439605,-3.5285614,TFPI2,MEF,NRF1,NRF
1643,1,-0.0065755714,-0.1342841,-1.383364,LGALS3,MEF,MYOG,bHLH
2906,1,-0.2997486,-0.24333258,1.5150865,SVOP,MEF,ZNF263,Zf
457,0,-0.64209527,-0.1980394,1.8729588,CD74,LMC,STAT1,Stat
2195,1,-0.21301334,-0.25187832,-1.526995,PGAP1,MEF,E2F4,E2F
3138,0,0.048078425,-0.25471953,-1.6865426,TTLL11,LMC,BACH1,bZIP
2816,1,-0.39205822,-0.27780795,-4.212423,SP110,MEF,MAFK,bZIP
2729,0,-0.20953742,-0.22249272,3.239273,SLC30A2,LMC,MAZ,Zf
2820,1,-0.2583255,-0.12410606,1.7848012,SP7,MEF,MEF2A,MADS
1857,0,-0.33080074,-0.22810093,-1.5685387,MN1,LMC,MAFK,bZIP
1028,0,-0.21342848,-0.28884968,-2.426656,FBN2,LMC,E2F6,E2F
789,0,-0.1124492,-0.24333258,-1.8521272,DNER,LMC,CTCF,Zf
1962,1,0.06421617,-0.24450046,-1.7728351,NDST3,MEF,CTCF,Zf
2540,1,-0.057535224,-0.27780795,2.2565928,RRAGB,MEF,BACH1,bZIP
2450,0,-0.21895796,-0.21895796,-1.0523133,RARG,LMC,EBF1,EBF
686,0,-0.14724034,-0.14724034,3.3261523,CTSE,LMC,EBF1,EBF
649,0,-0.20776576,-0.20776576,1.7723053,CREG1,LMC,EBF1,EBF
2307,1,-0.08568381,-0.24450046,1.941348,PPFIA4,MEF,MAZ,Zf
2114,1,-0.17150766,-0.17150766,1.6493459,PAK6,MEF,TEAD4,TEA
1395,1,-0.4649995,-0.41931188,1.0437326,HSD17B1,MEF,GABPA,ETS
1582,1,-0.058015816,-0.18281521,1.0983452,KIF9,MEF,STAT3,Stat
2298,1,-0.37527534,-0.37527534,2.2457073,POU4F1,MEF,NRF1,NRF
795,1,0.17063665,-0.10944186,1.3813639,DOCK3,MEF,FOXA1,Forkhead
2812,1,0.07771543,-0.1980394,1.6244054,SOX5,MEF,STAT3,Stat
2320,1,0.028543921,-0.29509667,2.5427907,PPP2R2C,MEF,BACH1,bZIP
651,0,-0.34278938,-0.41931188,3.8761818,CRHBP,LMC,ELF1,ETS
803,1,-0.41913924,-0.24333258,1.2223613,DPM1,MEF,ZBTB33,Zf
2660,0,-0.120565586,-0.1342841,-1.8218464,SHCBP1,LMC,MAX,bHLH
2342,1,-0.20454665,-0.20454665,1.9326226,PROSER2,MEF,TEAD4,TEA
1514,0,0.84515804,-0.0023815737,1.9986963,JAM2,LMC,MEF2C,MADS
993,0,-0.21907748,-0.27780795,1.3730824,FAM213A,LMC,JUND,bZIP
1138,0,-0.76012087,-0.50137913,1.1769226,GALC,LMC,CUX1,Homeobox
222,1,-0.2678836,-0.24283965,-1.5726495,ASB2,MEF,SP1,Zf
521,1,-0.5856867,-0.25187832,-1.4729061,CENPU,MEF,E2F1,E2F
376,1,-0.31818998,-0.24333258,2.819942,CBLN2,MEF,ZEB1,Zf
2546,0,-0.20454665,-0.20454665,1.2598835,RSPO1,LMC,TEAD4,TEA
585,1,0.03645469,-0.22810093,1.8285992,CLU,MEF,BACH1,bZIP
561,1,-0.3705123,-0.25471953,2.2551308,CITED4,MEF,FOSL2,bZIP
1741,1,-0.11649651,-0.25471953,6.023811,MAB21L2,MEF,JUND,bZIP
448,1,-0.14989896,-0.14989896,-7.077686,CD37,MEF,TEAD4,TEA
1639,1,0.17063665,-0.10944186,-1.1541812,LEFTY1,MEF,FOXA1,Forkhead
815,1,-0.4467859,-0.3917693,-1.011439,DSCC1,MEF,ELK1,ETS
2658,1,-0.192465,-0.27780795,-2.8890922,SHC2,MEF,ATF3,bZIP
1559,0,-0.009410201,-0.10008492,-1.662673,KCTD15,LMC,USF2,bHLH
2319,0,0.016311714,0.00623205,1.4068983,PPP1R9A,LMC,RFX5,HTH
1510,0,-0.3022701,-0.29509667,1.1837133,JADE2,LMC,FOSL2,bZIP
2604,1,-0.36645967,-0.22249272,-5.649154,SEL1L3,MEF,ZEB1,Zf
1743,0,-0.0005437653,-0.1342841,1.2423561,MAF,LMC,USF1,bHLH
180,1,-0.3439605,-0.3439605,-2.244958,ARHGAP18,MEF,NRF1,NRF
2862,0,-0.0065755714,-0.1342841,-1.0564237,ST3GAL4,LMC,MYOG,bHLH
2424,1,-0.2507436,-0.25159925,-1.4369997,RAB3D,MEF,ZEB1,Zf
950,0,0.03645469,-0.22810093,2.463149,F2RL2,LMC,BACH1,bZIP
645,0,-0.1826178,-0.24450046,2.6611502,CRABP2,LMC,SP1,Zf
649,1,-0.541412,-0.25159925,-1.0616252,CREG1,MEF,EGR1,Zf
3005,0,-0.08974322,-0.146989,-1.1154159,TMC7,LMC,MAX,bHLH
88,0,-0.28121933,-0.25159925,1.6158199,AGAP2,LMC,SP1,Zf
1996,0,-0.34370995,-0.24333258,-1.5856383,NKAIN4,LMC,EGR1,Zf
1098,1,-0.13149443,-0.22249272,-2.0462456,FOXD2,MEF,SP1,Zf
2411,1,-0.1607576,-0.24283965,3.974242,RAB17,MEF,MAZ,Zf
1242,1,-0.07449697,-0.25159925,-2.074255,GPR149,MEF,CTCF,Zf
2989,1,-0.3777494,-0.24283965,-2.3442698,TJP3,MEF,EGR1,Zf
1043,0,0.018755239,0.02968777,-1.2050055,FDPS,LMC,RFX5,HTH
1094,1,-0.4467859,-0.3917693,1.9671559,FOXA3,MEF,ELK1,ETS
521,1,-0.3076643,-0.4621776,-1.4729061,CENPU,MEF,IRF1,IRF
1474,1,-0.28616667,-0.25693348,1.5855246,IQUB,MEF,E2F6,E2F
1891,0,-0.38071528,-0.24283965,-1.2805142,MTHFD1L,LMC,ZNF263,Zf
1110,1,-0.37601265,-0.39942494,-1.5227326,FRMD4B,MEF,ELF1,ETS
2432,1,-0.19379956,-0.22810093,-1.5926751,RAD51AP1,MEF,ATF2,bZIP
2107,1,0.027763726,-0.25159925,1.1910483,P4HTM,MEF,GATA3,Zf
125,1,-0.28616667,-0.25693348,1.0675509,AMD1,MEF,E2F6,E2F
1821,0,-0.10827843,-0.121736646,-1.9097306,MFSD2A,LMC,USF2,bHLH
364,1,-0.38278377,-0.42379856,1.1463557,CAPS2,MEF,PBX3,Homeobox
1468,1,-0.34099022,-0.38195667,3.66333,INSC,MEF,ELK1,ETS
2439,0,-0.33639127,-0.4713425,1.095381,RALGPS2,LMC,IRF1,IRF
1393,1,-0.00943349,-0.121736646,1.8035604,HSBP1L1,MEF,USF1,bHLH
1204,0,0.06421617,-0.24450046,-2.650084,GLIPR2,LMC,CTCF,Zf
1377,0,-0.33080074,-0.22810093,2.4189181,HOXD1,LMC,MAFK,bZIP
515,1,-0.32700178,-0.25159925,-1.4839959,CENPK,MEF,GATA1,Zf
2980,0,-0.038338926,-0.10008492,-1.433342,TIAM2,LMC,MYOG,bHLH
1956,1,-0.19239004,-0.26135686,2.0616171,NCKAP5,MEF,E2F4,E2F
591,1,-0.36645967,-0.22249272,-1.332691,CNDP2,MEF,ZEB1,Zf
1264,1,-0.6928834,-0.10944186,-1.7467262,GPR88,MEF,FOXM1,Forkhead
803,1,-0.44224238,-0.29509667,1.2223613,DPM1,MEF,MAFK,bZIP
2587,0,-0.10827843,-0.121736646,2.5840225,SCN2B,LMC,USF2,bHLH
2969,0,-0.12554857,-0.24550179,-1.3902878,TGFB1I1,LMC,JUND,bZIP
2247,0,-0.21180408,-0.039668236,1.8848258,PLEKHA6,LMC,MYB,HTH
2583,1,-0.5856867,-0.25187832,-1.9243826,SCML2,MEF,E2F1,E2F
1043,0,-0.29687634,-0.29687634,-1.2050055,FDPS,LMC,PAX5,"Paired,Homeobox"
2308,1,-0.62452394,-0.4713425,1.3704175,PPFIBP2,MEF,IRF4,IRF
2418,0,-0.33817908,-0.29509667,-1.0006384,RAB30,LMC,FOS,bZIP
3093,1,-0.33639127,-0.4713425,1.3340616,TRDMT1,MEF,IRF1,IRF
81,0,-0.3375485,-0.1342841,2.8394833,ADORA3,LMC,TCF12,bHLH
762,0,0.09181779,-0.20306948,1.0946444,DLEU2,LMC,MEF2C,MADS
43,1,-0.169331,-0.25693348,-1.1028354,ACY1,MEF,E2F4,E2F
38,0,-0.1666823,-0.13941021,-2.4281116,ACTA2,LMC,USF2,bHLH
1632,1,0.0745308,-0.10944186,-3.12653,LCP2,MEF,FOXA2,Forkhead
649,1,-0.22240412,-0.10008492,-1.0616252,CREG1,MEF,TCF12,bHLH
835,1,-0.1689725,-0.13941021,-1.7441338,E2F7,MEF,BHLHE40,bHLH
633,1,-0.20953742,-0.22249272,-1.7925377,COTL1,MEF,MAZ,Zf
2497,1,-0.41913503,-0.41913503,2.7098773,RGS6,MEF,TCF3,HMG
611,1,-0.34914914,-0.27780795,-1.3350317,COL16A1,MEF,FOS,bZIP
6,1,-0.33080074,-0.22810093,1.1492908,ABCA13,MEF,MAFK,bZIP
932,0,-0.17407607,-0.121736646,-1.0899669,EVA1C,LMC,MAX,bHLH
3151,1,-0.0005437653,-0.1342841,1.6358356,TULP2,MEF,USF1,bHLH
972,1,-0.22028713,-0.38195667,1.6502445,FAM154B,MEF,ELK4,ETS
875,1,-0.38071528,-0.24283965,-1.3485354,EHHADH,MEF,ZNF263,Zf
3016,0,-0.07449697,-0.25159925,1.664781,TMEM151A,LMC,CTCF,Zf
525,0,-0.40533945,-0.39005762,-1.5079637,CEP55,LMC,GABPA,ETS
1528,0,-0.17853236,-0.13941021,2.3015823,KCNA7,LMC,MYOG,bHLH
1240,1,-0.13149443,-0.22249272,1.5431579,GPR137C,MEF,SP1,Zf
3065,1,-0.4409798,-0.24450046,-1.6720701,TNIK,MEF,ZEB1,Zf
138,0,-0.33296144,-0.24550179,-2.360335,ANKLE1,LMC,MAFK,bZIP
1423,1,-0.27070102,-0.24450046,3.18467,IGFBP5,MEF,GATA2,Zf
3091,0,-0.08106524,-0.08106524,-1.1385286,TRAM1L1,LMC,TEAD4,TEA
265,0,0.17063665,-0.10944186,-1.1247369,BAG2,LMC,FOXA1,Forkhead
812,0,-0.46165287,-0.4067228,-1.4309103,DRAXIN,LMC,CUX1,Homeobox
3076,1,-0.0013588448,-0.24283965,1.2808591,TOB1,MEF,CTCF,Zf
1144,1,-0.0013588448,-0.24283965,1.6419729,GALNT5,MEF,CTCF,Zf
1946,0,-0.0317704,-0.39942494,-1.5658408,NCAPD2,LMC,ELK4,ETS
526,0,-0.09351536,-0.24313685,-1.5504444,CEP72,LMC,STAT3,Stat
2352,1,-0.1607576,-0.24283965,-3.1927187,PRSS16,MEF,MAZ,Zf
1143,0,-0.14989896,-0.14989896,1.581665,GALNT3,LMC,TEAD4,TEA
2687,1,-0.15764365,-0.14792581,1.4579319,SLC12A5,MEF,RFX5,HTH
530,1,-0.33080074,-0.22810093,1.2931513,CFAP57,MEF,MAFK,bZIP
518,1,-0.3058912,-0.24283965,-1.4699304,CENPP,MEF,YY1,Zf
276,0,0.06421617,-0.24450046,-2.523097,BCAT1,LMC,CTCF,Zf
518,1,-0.0061152284,-0.10008492,-1.4699304,CENPP,MEF,USF1,bHLH
1627,1,-0.36645967,-0.22249272,-5.3725543,LAT2,MEF,ZEB1,Zf
1106,1,-0.1607576,-0.24283965,4.149492,FOXQ1,MEF,MAZ,Zf
617,1,-0.13994873,-0.2053601,3.4572837,COL2A1,MEF,FOXA2,Forkhead
229,1,-0.121607244,-0.24333258,-2.8171737,ASPM,MEF,GATA3,Zf
1946,0,-0.19239004,-0.26135686,-1.5658408,NCAPD2,LMC,E2F4,E2F
241,1,-0.10505258,-0.1342841,1.1553295,ATP1B2,MEF,BHLHE40,bHLH
556,0,-0.17407607,-0.121736646,-1.5919069,CHSY3,LMC,MAX,bHLH
1623,1,-0.29687634,-0.29687634,-7.952874,LAPTM5,MEF,PAX5,"Paired,Homeobox"
2678,1,-0.3341544,-0.39005762,-1.3519409,SKP2,MEF,ELF1,ETS
745,0,-0.1607576,-0.24283965,1.8793691,DENND1C,LMC,MAZ,Zf
2058,0,-0.6928834,-0.10944186,1.252312,NUP210,LMC,FOXM1,Forkhead
1568,1,-0.17702122,-0.27780795,-2.5758445,KIF15,MEF,ATF1,bZIP
2429,1,-0.26816452,-0.121736646,-5.5450034,RAC2,MEF,TCF12,bHLH
803,1,-0.37601265,-0.39942494,1.2223613,DPM1,MEF,ELF1,ETS
1442,1,-0.03437175,-0.039668236,3.6092079,IL17RB,MEF,RFX5,HTH
2654,1,-0.40787458,-0.3917693,-1.6354232,SH3TC1,MEF,GABPA,ETS
101,1,-0.065101475,-0.08148018,-2.3698435,AIM2,MEF,RFX5,HTH
2332,1,-0.065101475,-0.08148018,-1.3902781,PRIM1,MEF,RFX5,HTH
3140,1,-0.3430542,-0.3430542,1.1930206,TTLL9,MEF,PAX5,"Paired,Homeobox"
3262,1,-0.32442823,-0.39942494,1.0464939,ZMYND12,MEF,ELK1,ETS
1971,1,-0.5313326,-0.24450046,-1.2191693,NEK6,MEF,ZKSCAN1,Zf
688,1,-0.38490406,-0.38490406,1.5035883,CTSH,MEF,PAX5,"Paired,Homeobox"
558,0,-0.3076643,-0.4621776,-1.1850271,CIB2,LMC,IRF1,IRF
2431,1,-0.1607576,-0.24283965,-1.6750872,RAD51,MEF,MAZ,Zf
2041,0,-0.21361919,-0.25471953,1.9378136,NRROS,LMC,ATF3,bZIP
1611,1,-0.00943349,-0.121736646,2.3295457,KRT80,MEF,USF1,bHLH
2889,1,-0.2300118,-0.25159925,1.3339475,STMN4,MEF,MAZ,Zf
2130,0,-0.20454665,-0.20454665,-1.6029094,PAX3,LMC,TEAD4,TEA
69,0,-0.6645992,-0.25159925,-1.6997627,ADARB1,LMC,SP2,Zf
400,0,-0.541412,-0.25159925,-1.1101925,CCDC68,LMC,EGR1,Zf
1004,1,-0.3869897,-0.39942494,1.7937952,FAM71E1,MEF,ETS1,ETS
2833,1,-0.36645967,-0.22249272,-7.2477894,SPI1,MEF,ZEB1,Zf
2689,1,-0.15764365,-0.14792581,1.489639,SLC13A5,MEF,RFX5,HTH
2013,0,-0.24165441,-0.29509667,-2.4842432,NOL4,LMC,JUND,bZIP
2163,1,-0.058015816,-0.18281521,-2.127239,PDE11A,MEF,STAT3,Stat
423,0,-0.3070402,-0.24450046,-1.2695624,CCNE1,LMC,YY1,Zf
3016,1,-0.541412,-0.25159925,1.1668824,TMEM151A,MEF,EGR1,Zf
994,1,-0.08106524,-0.08106524,1.0227886,FAM222A,MEF,TEAD4,TEA
1775,1,-0.14989896,-0.14989896,-1.0848607,MASTL,MEF,TEAD4,TEA
2473,1,-0.16561359,-0.22810093,-3.452491,RBP1,MEF,JUND,bZIP
1339,1,-0.13559982,-0.10008492,-9.02767,HK3,MEF,MAX,bHLH
2648,0,-0.2300118,-0.25159925,1.604396,SH3BGRL2,LMC,MAZ,Zf
2298,1,-0.36645967,-0.22249272,2.2457073,POU4F1,MEF,ZEB1,Zf
1728,0,-0.1505293,-0.1342841,2.4247549,LY86,LMC,USF2,bHLH
2742,0,-0.29360482,-0.13941021,1.4623579,SLC39A8,LMC,TCF12,bHLH
1571,1,-0.19379956,-0.22810093,-2.078099,KIF20B,MEF,ATF2,bZIP
819,0,-0.22240412,-0.10008492,1.1426833,DTNB,LMC,TCF12,bHLH
2386,1,-0.6928834,-0.10944186,-5.8584,PTPN6,MEF,FOXM1,Forkhead
2358,0,-0.10369535,-0.10008492,-1.326662,PRTG,LMC,BHLHE40,bHLH
1054,1,0.03645469,-0.22810093,1.1716865,FGF18,MEF,BACH1,bZIP
1908,1,-0.541412,-0.25159925,2.8399744,MYH14,MEF,EGR1,Zf
416,0,-0.1689725,-0.13941021,1.9838973,CCL5,LMC,BHLHE40,bHLH
288,0,-0.18398622,-0.29509667,2.0077057,BEX2,LMC,ATF3,bZIP
400,0,-0.3058912,-0.24283965,-1.1101925,CCDC68,LMC,YY1,Zf
2617,1,-0.37601265,-0.39942494,-1.5712881,SEPP1,MEF,ELF1,ETS
3205,0,-0.09351536,-0.24313685,1.9377216,VTCN1,LMC,STAT3,Stat
2145,0,-0.07449697,-0.25159925,-1.2809553,PCDHGB2,LMC,CTCF,Zf
2938,1,-0.1666823,-0.13941021,1.8867676,TBX18,MEF,USF2,bHLH
2979,1,-0.3058912,-0.24283965,-5.7015085,THEMIS2,MEF,YY1,Zf
563,0,-0.51637894,-0.42379856,-1.8968099,CKAP2L,LMC,CUX1,Homeobox
2977,0,-0.45038855,-0.39942494,-1.9208775,THBS3,LMC,GABPA,ETS
182,0,-0.3569094,-0.25159925,-1.5594697,ARHGAP20,LMC,ZNF263,Zf
375,1,-0.1826178,-0.24450046,1.0318768,CATSPERD,MEF,SP1,Zf
1844,0,-0.20776576,-0.20776576,-1.2069457,MMP11,LMC,EBF1,EBF
96,1,-0.20776576,-0.20776576,3.9510791,AHR,MEF,EBF1,EBF
566,0,-0.36812532,-0.36812532,-1.1170683,CKS2,LMC,NRF1,NRF
3184,0,-0.2849582,-0.2849582,-1.2625906,UST,LMC,EBF1,EBF
2275,0,-0.24165441,-0.29509667,1.0600202,PM20D2,LMC,JUND,bZIP
323,1,-0.15764365,-0.14792581,1.5764846,C1GALT1,MEF,RFX5,HTH
747,0,-0.44168723,-0.24550179,-1.0409411,DENND3,LMC,FOS,bZIP
3103,1,-0.0013588448,-0.24283965,-2.6582155,TRIM14,MEF,CTCF,Zf
3061,0,-0.39900714,-0.22249272,1.0251417,TNFRSF19,LMC,GATA1,Zf
39,1,-0.26188308,-0.27780795,-1.1783521,ACTB,MEF,FOSL2,bZIP
61,1,-0.16561359,-0.22810093,-2.3633895,ADAMTS4,MEF,JUND,bZIP
2963,0,-0.30776003,-0.24450046,1.6909442,TFCP2L1,LMC,ZNF263,Zf
150,1,-0.3773888,-0.18281521,-1.5063857,ANXA4,MEF,STAT1,Stat
2988,1,-0.36259097,-0.38195667,2.4701684,TIPARP,MEF,ELF1,ETS
3078,1,-1.5423862,-0.39005762,-2.8886466,TOP2A,MEF,FLI1,ETS
2195,1,-0.659372,-0.27780795,-1.526995,PGAP1,MEF,BATF,bZIP
2086,1,-0.11649651,-0.25471953,1.3324847,OOEP,MEF,JUND,bZIP
1759,0,-0.32442823,-0.39942494,-1.2019571,MAP2K6,LMC,ELK1,ETS
529,1,-0.3076643,-0.4621776,1.213452,CETN2,MEF,IRF1,IRF
973,1,-0.17150766,-0.17150766,1.8486272,FAM155A,MEF,TEAD4,TEA
694,1,-0.22016564,-0.25159925,-1.0187942,CUX1,MEF,GATA2,Zf
1146,1,-0.35806254,-0.38195667,-1.5857913,GAMT,MEF,ETS1,ETS
530,1,-0.44168723,-0.24550179,1.2931513,CFAP57,MEF,FOS,bZIP
693,0,-0.26737517,-0.25159925,-1.0231155,CUL7,LMC,ZKSCAN1,Zf
2343,1,-0.12447846,-0.22249272,-2.244646,PRR11,MEF,GATA2,Zf
1401,1,-0.4733331,-0.39005762,1.3853371,HSPB6,MEF,ELK1,ETS
2233,1,-0.009364229,-0.17137949,-5.6620755,PLAC8,MEF,STAT3,Stat
926,1,-0.38278377,-0.42379856,-1.3294209,ESYT1,MEF,PBX3,Homeobox
66,1,-0.21301334,-0.25187832,1.4540315,ADAMTSL3,MEF,E2F4,E2F
647,0,-0.0013588448,-0.24283965,3.008561,CRCT1,LMC,CTCF,Zf
2938,1,-0.35390377,-0.22810093,1.8867676,TBX18,MEF,ATF1,bZIP
957,0,-0.21437913,-0.2712014,-1.2934484,FADS2,LMC,E2F4,E2F
465,0,-0.33296144,-0.24550179,-2.1160264,CDC20,LMC,MAFK,bZIP
897,0,-0.120565586,-0.1342841,2.0287762,ENPP2,LMC,MAX,bHLH
779,1,-0.056725405,-0.121736646,2.0886302,DNAH2,MEF,BHLHE40,bHLH
1582,0,-0.32700178,-0.25159925,1.2021602,KIF9,LMC,GATA1,Zf
49,1,-0.049117733,-0.13941021,1.427944,ADAM22,MEF,MAX,bHLH
2332,0,-0.3551913,-0.3551913,-1.4515818,PRIM1,LMC,HNF4A,NR
847,1,-0.44168723,-0.24550179,-2.705154,ECSCR,MEF,FOS,bZIP
399,1,-0.062780954,-0.24333258,2.3751817,CCDC65,MEF,SP1,Zf
1125,1,-0.46016192,-0.24450046,2.8851504,FUT9,MEF,EGR1,Zf
2145,0,-0.12554857,-0.24550179,-1.2809553,PCDHGB2,LMC,JUND,bZIP
1599,0,-0.76012087,-0.50137913,1.3884596,KLHL6,LMC,CUX1,Homeobox
908,0,-0.2727483,-0.2712014,-1.2161773,EPHB2,LMC,E2F6,E2F
605,0,-0.13149443,-0.22249272,-1.0798401,CNTROB,LMC,SP1,Zf
495,1,-0.08106524,-0.08106524,1.1449422,CDKN2B,MEF,TEAD4,TEA
1881,1,-0.058015816,-0.18281521,1.0524545,MSI2,MEF,STAT3,Stat
147,0,-0.2727483,-0.2712014,2.015515,ANPEP,LMC,E2F6,E2F
866,1,-0.20953742,-0.22249272,1.0985993,EGF,MEF,MAZ,Zf
2568,1,-0.11649651,-0.25471953,1.4784383,SAMD12,MEF,JUND,bZIP
843,1,-0.2806714,-0.20306948,-4.6214933,EBI3,MEF,MEF2A,MADS
1844,0,-0.4467859,-0.3917693,-1.2069457,MMP11,LMC,ELK1,ETS
3134,1,-0.37665918,-0.37009746,2.2825308,TTC21A,MEF,IRF4,IRF
1035,0,-0.45038855,-0.39942494,-2.2220345,FBXO41,LMC,GABPA,ETS
2692,0,-0.3076643,-0.4621776,2.0074983,SLC15A3,LMC,IRF1,IRF
69,0,-0.049117733,-0.13941021,-1.6997627,ADARB1,LMC,MAX,bHLH
1081,1,-0.08568381,-0.24450046,-5.1929536,FMNL1,MEF,MAZ,Zf
2472,1,-0.21907748,-0.27780795,-2.984346,RBM47,MEF,JUND,bZIP
1541,1,-0.30003953,-0.30003953,1.409066,KCNH7,MEF,NRF1,NRF
1116,0,-0.14989896,-0.14989896,-2.1756344,FRZB,LMC,TEAD4,TEA
1925,1,-0.3439605,-0.3439605,1.9409447,MYO5C,MEF,NRF1,NRF
2370,1,-0.07949572,-0.21953267,1.7110711,PTGDR2,MEF,FOXA2,Forkhead
2683,1,-0.26692143,-0.26692143,-1.551183,SLC10A6,MEF,EBF1,EBF
2978,0,-0.91791576,-0.29509667,2.1607425,THBS4,LMC,BATF,bZIP
1636,1,-0.2548157,-0.22810093,1.4254256,LDHD,MEF,MAFF,bZIP
438,1,-0.29360482,-0.13941021,-3.803102,CD244,MEF,TCF12,bHLH
3243,0,-0.20308916,-0.4653868,-1.1205866,YBX3,LMC,IRF1,IRF
1552,1,-0.6928834,-0.10944186,2.3264887,KCNK2,MEF,FOXM1,Forkhead
995,0,-0.15812221,-0.22249272,-1.3458498,FAM26E,LMC,YY1,Zf
224,1,-0.08974322,-0.146989,3.5793529,ASCL1,MEF,MAX,bHLH
2770,0,-0.07763662,-0.20371658,1.1465795,SLIT3,LMC,FOXA2,Forkhead
3184,0,-0.0061152284,-0.10008492,-1.2625906,UST,LMC,USF1,bHLH
720,0,-0.17425032,-0.41931188,1.1883768,CYSTM1,LMC,ELK4,ETS
3153,0,-0.1124492,-0.24333258,-2.458286,TWIST2,LMC,CTCF,Zf
414,1,-0.48813832,-0.3794154,-3.7090113,CCL3,MEF,IRF4,IRF
766,1,-0.33080074,-0.22810093,-1.2885283,DLL1,MEF,MAFK,bZIP
173,1,-0.13559982,-0.10008492,4.732215,AQP5,MEF,MAX,bHLH
99,1,-0.07763662,-0.20371658,1.0351957,AIG1,MEF,FOXA2,Forkhead
2334,0,-0.19612858,-0.146989,-1.4117044,PRKAR2B,LMC,USF2,bHLH
3264,1,-0.35806254,-0.38195667,-1.7771361,ZP3,MEF,ETS1,ETS
2571,0,-0.35806254,-0.38195667,2.2119925,SAMSN1,LMC,ETS1,ETS
1469,0,-0.63670325,-0.21953267,-1.3461412,INSIG1,LMC,FOXM1,Forkhead
2900,1,-0.1666823,-0.13941021,-1.1133305,SUSD1,MEF,USF2,bHLH
2154,0,-0.32442823,-0.39942494,3.9104586,PCNXL2,LMC,ELK1,ETS
2422,1,-0.36812532,-0.36812532,2.1295202,RAB39B,MEF,NRF1,NRF
1994,0,-0.2997486,-0.24333258,-1.5399977,NIPAL4,LMC,ZNF263,Zf
3011,0,-0.1826178,-0.24450046,-2.6684415,TMEM121,LMC,SP1,Zf
1215,0,-0.21895796,-0.21895796,-1.0471468,GNG10,LMC,EBF1,EBF
2684,0,-0.10505258,-0.1342841,2.434695,SLC11A1,LMC,BHLHE40,bHLH
1740,1,-0.3777494,-0.24283965,3.3150687,MAB21L1,MEF,EGR1,Zf
1978,0,-0.36049217,-0.22810093,1.1023682,NEURL3,LMC,FOS,bZIP
1631,0,-0.38071528,-0.24283965,1.8876575,LCP1,LMC,ZNF263,Zf
1693,1,-0.1505293,-0.1342841,-4.9975886,LRMP,MEF,USF2,bHLH
729,1,-0.13559982,-0.10008492,1.9895048,DCC,MEF,MAX,bHLH
2608,1,-0.3058912,-0.24283965,2.1160233,SEMA3C,MEF,YY1,Zf
365,0,-0.00943349,-0.121736646,1.8891319,CARD9,LMC,USF1,bHLH
1247,0,-0.3375485,-0.1342841,-1.8197378,GPR161,LMC,TCF12,bHLH
1105,0,-0.1666823,-0.13941021,-1.0621411,FOXP4,LMC,USF2,bHLH
513,1,-0.7844056,-0.2053601,-1.6129766,CENPH,MEF,FOXM1,Forkhead
378,1,-0.33296144,-0.24550179,-1.3229213,CBX2,MEF,MAFK,bZIP
744,1,-0.15054174,-0.24450046,-3.4500382,DEGS2,MEF,GATA3,Zf
1591,1,-0.36351123,-0.50137913,1.2468134,KLF9,MEF,PBX3,Homeobox
912,0,-0.46016192,-0.24450046,-1.3178474,EPS8L1,LMC,EGR1,Zf
2090,1,0.03645469,-0.22810093,1.4809719,OSBPL3,MEF,BACH1,bZIP
2474,1,0.03116794,-0.22249272,3.725891,RBP4,MEF,CTCF,Zf
2406,1,-0.3933147,-0.24283965,-2.2290986,PYROXD2,MEF,ZKSCAN1,Zf
2713,1,-0.38057798,-0.24450046,-1.3947684,SLC24A5,MEF,GATA1,Zf
1004,1,-0.19379956,-0.22810093,1.7937952,FAM71E1,MEF,ATF2,bZIP
425,0,-0.21342848,-0.28884968,-2.5954335,CCNJL,LMC,E2F6,E2F
952,1,-0.15764365,-0.14792581,2.0570114,F5,MEF,RFX5,HTH
872,1,-0.36259097,-0.38195667,-2.1995416,EGR2,MEF,ELF1,ETS
2660,1,-0.16941127,-0.25471953,-2.911555,SHCBP1,MEF,FOS,bZIP
3152,0,-0.1124492,-0.24333258,-1.2156056,TVP23A,LMC,CTCF,Zf
3137,0,-0.25007766,-0.37009746,-1.5468862,TTK,LMC,IRF1,IRF
2247,0,-0.121607244,-0.24333258,1.8848258,PLEKHA6,LMC,GATA3,Zf
2645,0,-0.37776268,-0.37776268,1.9081333,SH2D4B,LMC,TCF3,HMG
3086,1,-0.20953742,-0.22249272,-1.1917357,TPM4,MEF,MAZ,Zf
452,1,-0.17150766,-0.17150766,1.1053462,CD55,MEF,TEAD4,TEA
655,0,-0.21437913,-0.2712014,-2.829484,CRISPLD2,LMC,E2F4,E2F
3146,1,-0.33080074,-0.22810093,-1.181462,TUBA1C,MEF,MAFK,bZIP
1021,0,-0.16941127,-0.25471953,-2.8028724,FAT4,LMC,FOS,bZIP
2259,0,-0.65735245,-0.17782252,-1.8200914,PLK1,LMC,FOXM1,Forkhead
3165,1,0.027763726,-0.25159925,-2.3812919,UCP2,MEF,GATA3,Zf
984,1,-0.3610153,-0.22249272,1.3578606,FAM189A1,MEF,EGR1,Zf
1469,0,-0.01444126,-0.17255645,-1.3461412,INSIG1,LMC,STAT3,Stat
769,1,-0.3375485,-0.1342841,5.1045527,DLX3,MEF,TCF12,bHLH
927,1,-0.049117733,-0.13941021,1.4039664,ESYT3,MEF,MAX,bHLH
2491,1,-0.51308286,-0.25693348,-3.6550782,RGS10,MEF,E2F1,E2F
3121,1,-0.26692143,-0.26692143,1.5245988,TSHR,MEF,EBF1,EBF
1775,0,-0.08568381,-0.24450046,-1.2945493,MASTL,LMC,MAZ,Zf
2077,1,0.016311714,0.00623205,-1.4768857,OIP5,MEF,RFX5,HTH
1218,0,-0.33639127,-0.4713425,-1.4079136,GNG8,LMC,IRF1,IRF
516,1,-0.33058694,-0.3917693,-2.1930854,CENPM,MEF,ELF1,ETS
2850,1,-0.46846294,-0.46846294,1.1574836,SQRDL,MEF,TCF3,HMG
817,0,-0.2727483,-0.2712014,1.9184403,DSP,LMC,E2F6,E2F
1589,1,-0.38071528,-0.24283965,1.5408548,KLF15,MEF,ZNF263,Zf
678,0,0.21614419,-0.17782252,1.3000749,CTDSPL,LMC,FOXA1,Forkhead
3026,0,-0.9526392,-0.4653868,1.2060415,TMEM180,LMC,IRF3,IRF
2090,1,-0.21342848,-0.28884968,1.4809719,OSBPL3,MEF,E2F6,E2F
2763,0,-0.15764365,-0.14792581,-1.3758038,SLC9A5,LMC,RFX5,HTH
605,0,-0.36351123,-0.50137913,-1.0798401,CNTROB,LMC,PBX3,Homeobox
3076,1,-0.17425032,-0.41931188,1.2808591,TOB1,MEF,ELK4,ETS
2506,1,-0.18621291,-0.24333258,1.3234496,RIBC1,MEF,YY1,Zf
2250,1,0.03645469,-0.22810093,-1.2923962,PLEKHG3,MEF,BACH1,bZIP
2270,1,-0.21918109,-0.21918109,-3.0289903,PLXDC1,MEF,TCF3,HMG
727,1,-0.0017048104,-0.121736646,-1.2788367,DBN1,MEF,MYOG,bHLH
560,0,-0.34099022,-0.38195667,-1.2462806,CIT,LMC,ELK1,ETS
2887,1,-1.4133955,-0.3917693,-1.508352,STMN1,MEF,FLI1,ETS
3151,1,-0.36259097,-0.38195667,1.6358356,TULP2,MEF,ELF1,ETS
283,1,-0.3610153,-0.22249272,-1.572959,BEND4,MEF,EGR1,Zf
428,0,-0.33296144,-0.24550179,1.8884737,CCR1,LMC,MAFK,bZIP
1799,1,-0.10369535,-0.10008492,1.4473195,MECOM,MEF,BHLHE40,bHLH
2795,0,-0.2997486,-0.24333258,1.1839118,SNTA1,LMC,ZNF263,Zf
1480,0,-0.4649995,-0.41931188,-1.28566,IRX1,LMC,GABPA,ETS
531,1,-0.46016192,-0.24450046,1.2192872,CFAP61,MEF,EGR1,Zf
1164,1,-0.26188308,-0.27780795,3.0406773,GCHFR,MEF,FOSL2,bZIP
1632,0,-0.17513762,-0.146989,2.3882258,LCP2,LMC,BHLHE40,bHLH
2153,0,-0.2507436,-0.25159925,-1.5174005,PCLO,LMC,ZEB1,Zf
1579,0,-0.38059002,-0.38059002,1.2811211,KIF3A,LMC,PAX5,"Paired,Homeobox"
2777,0,-0.35806254,-0.38195667,1.3346709,SMARCA2,LMC,ETS1,ETS
1070,1,-0.5856867,-0.25187832,-1.9571518,FIGNL1,MEF,E2F1,E2F
3235,1,-0.15812221,-0.22249272,-2.6240964,WT1,MEF,YY1,Zf
624,0,-0.009410201,-0.10008492,1.1434728,COL8A2,LMC,USF2,bHLH
2248,1,-0.1689725,-0.13941021,1.6318849,PLEKHA7,MEF,BHLHE40,bHLH
42,1,-0.3375485,-0.1342841,2.3429568,ACVR1C,MEF,TCF12,bHLH
2126,0,-0.3341544,-0.39005762,-1.9749895,PARPBP,LMC,ELF1,ETS
251,0,-0.7695519,-0.25159925,-1.4332783,AURKA,LMC,ZBTB33,Zf
2285,1,-0.41320115,-0.25471953,-2.140682,PODNL1,MEF,ATF1,bZIP
1312,1,-0.08974322,-0.146989,2.181514,HAPLN4,MEF,MAX,bHLH
377,0,-0.37601265,-0.39942494,-1.1839267,CBS,LMC,ELF1,ETS
2498,0,-0.3777494,-0.24283965,-1.3528609,RGS9BP,LMC,EGR1,Zf
3074,1,-0.36351123,-0.50137913,1.9111053,TNS4,MEF,PBX3,Homeobox
100,0,-0.057535224,-0.27780795,1.8017025,AIM1,LMC,BACH1,bZIP
454,1,-0.15019357,-0.27780795,-5.4775605,CD68,MEF,MAFF,bZIP
718,1,0.07771543,-0.1980394,2.0280275,CYP4B1,MEF,STAT3,Stat
792,1,-0.5315311,-0.5315311,-1.1671683,DNMT1,MEF,PAX5,"Paired,Homeobox"
476,1,-0.33639127,-0.4713425,-1.5113796,CDCA7,MEF,IRF1,IRF
1263,1,-0.33296144,-0.24550179,-1.3334298,GPR84,MEF,MAFK,bZIP
240,0,-0.15019357,-0.27780795,1.6032816,ATP1B1,LMC,MAFF,bZIP
115,1,-0.32700178,-0.25159925,-1.468537,ALDH3B1,MEF,GATA1,Zf
650,1,-0.08106524,-0.08106524,-2.9483588,CREG2,MEF,TEAD4,TEA
2943,0,-0.32442823,-0.39942494,-2.6637702,TBXA2R,LMC,ELK1,ETS
639,0,-0.20953742,-0.22249272,2.0881393,CPNE5,LMC,MAZ,Zf
5,1,-0.18621291,-0.24333258,-1.4280964,ABCA12,MEF,YY1,Zf
700,1,-0.2064243,-0.25159925,-1.8470051,CXCL12,MEF,YY1,Zf
71,0,-0.21907748,-0.27780795,-1.0158373,ADCY4,LMC,JUND,bZIP
514,0,0.016311714,0.00623205,-1.4865025,CENPI,LMC,RFX5,HTH
452,1,-0.057535224,-0.27780795,1.1053462,CD55,MEF,BACH1,bZIP
337,0,-0.3375485,-0.1342841,-1.4465009,CABP1,LMC,TCF12,bHLH
750,1,0.08411567,-0.24550179,2.637599,DERL3,MEF,BACH1,bZIP
1105,0,-0.17513762,-0.146989,-1.0621411,FOXP4,LMC,BHLHE40,bHLH
1800,1,-0.29414836,-0.26135686,1.4715531,MED12L,MEF,E2F6,E2F
2999,1,0.06421617,-0.24450046,-7.001875,TLR8,MEF,CTCF,Zf
89,1,-0.2727483,-0.2712014,1.3459423,AGBL2,MEF,E2F6,E2F
1748,1,-0.14989896,-0.14989896,1.6248564,MALL,MEF,TEAD4,TEA
2915,0,-0.33280078,-0.24333258,-1.145586,SYNPO,LMC,GATA2,Zf
924,1,-0.24165441,-0.29509667,1.5121096,ESR2,MEF,JUND,bZIP
2311,0,-0.009364229,-0.17137949,2.419608,PPM1N,LMC,STAT3,Stat
1371,1,-0.32700178,-0.25159925,3.726657,HOXC10,MEF,GATA1,Zf
2077,1,-0.43756613,-0.41931188,-1.4768857,OIP5,MEF,ETS1,ETS
2275,1,-0.3625331,-0.38195667,2.3952186,PM20D2,MEF,GABPA,ETS
1863,1,-0.74316007,-0.3794154,1.3866092,MORN4,MEF,IRF3,IRF
2249,1,-0.01444126,-0.17255645,1.1527126,PLEKHG1,MEF,STAT3,Stat
2167,0,-0.26188308,-0.27780795,-1.4760718,PDE4A,LMC,FOSL2,bZIP
2803,0,-0.08106524,-0.08106524,-2.8985493,SOD3,LMC,TEAD4,TEA
2024,1,-0.3430542,-0.3430542,-1.0663133,NPL,MEF,PAX5,"Paired,Homeobox"
405,1,-0.541412,-0.25159925,-3.28911,CCDC88B,MEF,EGR1,Zf
1103,0,0.016311714,0.00623205,-1.1218795,FOXP1,LMC,RFX5,HTH
2347,0,-0.11649651,-0.25471953,1.1605145,PRR5L,LMC,JUND,bZIP
1908,1,-0.35132957,-0.35132957,2.8399744,MYH14,MEF,HNF4A,NR
3181,0,-0.3777494,-0.24283965,1.0038823,USP2,LMC,EGR1,Zf
1655,1,-0.28616667,-0.25693348,-1.4939244,LIG1,MEF,E2F6,E2F
1627,1,-0.6928834,-0.10944186,-5.3725543,LAT2,MEF,FOXM1,Forkhead
1446,1,-0.3610153,-0.22249272,-1.9539555,IL18RAP,MEF,EGR1,Zf
915,1,-0.7695519,-0.25159925,2.6503172,ERBB3,MEF,ZBTB33,Zf
1385,1,-0.1607576,-0.24283965,-3.2015617,HPGD,MEF,MAZ,Zf
2090,1,-0.12554857,-0.24550179,1.4809719,OSBPL3,MEF,JUND,bZIP
2403,1,-0.19612858,-0.146989,-3.781902,PYGL,MEF,USF2,bHLH
2992,0,-0.08617797,-0.146989,-1.5962096,TLE2,LMC,MYOG,bHLH
2403,1,-0.14989896,-0.14989896,-3.781902,PYGL,MEF,TEAD4,TEA
1199,0,-0.35318726,-0.41931188,1.2217073,GLA,LMC,ELK1,ETS
2124,0,-0.37167174,-0.29509667,1.5096653,PARK2,LMC,ATF2,bZIP
1908,0,-0.18621291,-0.24333258,2.0809429,MYH14,LMC,YY1,Zf
2711,1,-0.12554857,-0.24550179,2.6998649,SLC24A2,MEF,JUND,bZIP
1798,1,-0.6928834,-0.10944186,-2.3362384,MDK,MEF,FOXM1,Forkhead
589,1,-0.22240412,-0.10008492,-2.546778,CMTM8,MEF,TCF12,bHLH
83,0,-0.17853236,-0.13941021,-2.5038176,ADRA1D,LMC,MYOG,bHLH
3000,0,-0.2300118,-0.25159925,2.2813165,TLR9,LMC,MAZ,Zf
241,1,-0.009364229,-0.17137949,1.1553295,ATP1B2,MEF,STAT3,Stat
1105,0,-0.18621291,-0.24333258,-1.0621411,FOXP4,LMC,YY1,Zf
2734,0,-0.4733331,-0.39005762,-2.5573225,SLC35F2,LMC,ELK1,ETS
2291,1,0.016311714,0.00623205,-1.9969735,POLE2,MEF,RFX5,HTH
563,0,-0.5315311,-0.5315311,-1.8968099,CKAP2L,LMC,PAX5,"Paired,Homeobox"
2343,1,-0.56297857,-0.22249272,-2.244646,PRR11,MEF,ZBTB33,Zf
3172,0,-0.0061152284,-0.10008492,2.0868678,UNC45B,LMC,USF1,bHLH
793,1,-0.3341544,-0.39005762,-3.6299744,DOCK10,MEF,ELF1,ETS
2840,1,-0.2300118,-0.25159925,-2.3704991,SPOCD1,MEF,MAZ,Zf
2526,1,-0.12554857,-0.24550179,1.9402771,RNF43,MEF,JUND,bZIP
598,0,-0.03437175,-0.039668236,-2.030143,CNR1,LMC,RFX5,HTH
1701,0,-0.07449697,-0.25159925,-1.2529169,LRRC3,LMC,CTCF,Zf
2210,0,-0.1826178,-0.24450046,2.0439394,PIK3AP1,LMC,SP1,Zf
1123,0,-0.46165287,-0.4067228,1.4232948,FTH1,LMC,CUX1,Homeobox
2792,0,-0.45963168,-0.45963168,1.778019,SNHG11,LMC,TCF3,HMG
963,1,-0.4409798,-0.24450046,-2.0774255,FAM105A,MEF,ZEB1,Zf
577,1,-0.44168723,-0.24550179,-6.5056663,CLEC7A,MEF,FOS,bZIP
2450,0,-0.13559982,-0.10008492,-1.0523133,RARG,LMC,MAX,bHLH
2260,1,-0.29414836,-0.26135686,-1.0602489,PLK3,MEF,E2F6,E2F
519,0,-0.2954083,-0.24550179,-1.145698,CENPQ,LMC,ATF3,bZIP
3099,1,-0.1689725,-0.13941021,-1.4419627,TRERF1,MEF,BHLHE40,bHLH
1747,0,-0.4733331,-0.39005762,2.3040216,MAL2,LMC,ELK1,ETS
3119,1,-0.16561359,-0.22810093,-1.3696355,TRPV2,MEF,JUND,bZIP
2731,0,-0.21459776,-0.24333258,2.7502527,SLC32A1,LMC,MAZ,Zf
2819,1,-0.29414836,-0.26135686,2.2000391,SP6,MEF,E2F6,E2F
2382,0,-0.3705123,-0.25471953,1.0109676,PTPN13,LMC,FOSL2,bZIP
53,1,-0.89867353,-0.24450046,-5.6424417,ADAM8,MEF,BCL11A,Zf
752,1,-0.36812532,-0.36812532,1.7913527,DGKG,MEF,NRF1,NRF
1357,0,-0.28121933,-0.25159925,-1.8172214,HOXA2,LMC,SP1,Zf
3246,0,-0.28121933,-0.25159925,-2.0952754,ZAN,LMC,SP1,Zf
1954,1,-0.33058694,-0.3917693,-6.857463,NCF4,MEF,ELF1,ETS
785,1,-0.19612858,-0.146989,1.1730027,DNAJB9,MEF,USF2,bHLH
1641,0,-0.3569094,-0.25159925,-1.0036451,LEPREL2,LMC,ZNF263,Zf
1775,1,-0.38059002,-0.38059002,-1.0848607,MASTL,MEF,PAX5,"Paired,Homeobox"
217,0,-0.009410201,-0.10008492,-1.5774028,ART4,LMC,USF2,bHLH
1436,1,-0.22240412,-0.10008492,-6.897558,IL10RA,MEF,TCF12,bHLH
2868,1,-0.08974322,-0.146989,-6.624937,STAB1,MEF,MAX,bHLH
2993,0,-0.22746871,-0.25187832,-1.9840968,TLE6,LMC,E2F6,E2F
2408,0,-0.21301334,-0.25187832,-1.2367245,QSOX1,LMC,E2F4,E2F
138,0,-0.65735245,-0.17782252,-2.360335,ANKLE1,LMC,FOXM1,Forkhead
2786,1,-0.22736193,-0.22736193,-1.2469294,SNAI1,MEF,HNF4A,NR
1758,0,-0.24165441,-0.29509667,-2.5701847,MAP2,LMC,JUND,bZIP
2498,0,-0.23244992,-0.52757335,-1.3528609,RGS9BP,LMC,PBX3,Homeobox
1725,0,-0.049117733,-0.13941021,-1.1906093,LURAP1L,LMC,MAX,bHLH
1775,1,-0.2185933,-0.3794154,-1.0848607,MASTL,MEF,IRF1,IRF
2255,1,-0.21907748,-0.27780795,-1.4732821,PLET1,MEF,JUND,bZIP
1347,1,-0.5795745,-0.22249272,-2.2474232,HMMR,MEF,SP2,Zf
370,0,-0.35318726,-0.41931188,1.419143,CASP4,LMC,ELK1,ETS
3073,0,-0.46016192,-0.24450046,-1.4129364,TNNT3,LMC,EGR1,Zf
1320,1,-0.45038855,-0.39942494,-2.2017817,HCST,MEF,GABPA,ETS
3205,1,-0.22016564,-0.25159925,2.7900681,VTCN1,MEF,GATA2,Zf
2365,1,-0.30776003,-0.24450046,-1.752547,PSMB8,MEF,ZNF263,Zf
2126,1,-1.4133955,-0.3917693,-2.2247307,PARPBP,MEF,FLI1,ETS
35,0,-0.38059002,-0.38059002,-1.0941339,ACSS2,LMC,PAX5,"Paired,Homeobox"
1091,0,-0.5313326,-0.24450046,1.3608828,FOLR1,LMC,ZKSCAN1,Zf
2969,0,-0.169331,-0.25693348,-1.3902878,TGFB1I1,LMC,E2F4,E2F
229,0,-0.4649995,-0.41931188,-1.6758331,ASPM,LMC,GABPA,ETS
721,0,-0.39900714,-0.22249272,1.6832298,CYTH4,LMC,GATA1,Zf
1610,0,-0.34278938,-0.41931188,2.324363,KRT8,LMC,ELF1,ETS
1436,0,-0.3430542,-0.3430542,2.1005368,IL10RA,LMC,PAX5,"Paired,Homeobox"
1530,1,-0.17407607,-0.121736646,-1.7830039,KCNAB2,MEF,MAX,bHLH
2712,0,0.048078425,-0.25471953,-1.4702623,SLC24A3,LMC,BACH1,bZIP
2964,0,0.03116794,-0.22249272,1.0158743,TFEB,LMC,CTCF,Zf
211,1,-0.35453734,-0.24333258,-2.282449,ARRB2,MEF,ZKSCAN1,Zf
404,1,-0.38339126,-0.24550179,1.1330484,CCDC87,MEF,ATF2,bZIP
2272,0,-0.3569094,-0.25159925,1.7582062,PLXNA4,LMC,ZNF263,Zf
516,1,-0.0061152284,-0.10008492,-2.1930854,CENPM,MEF,USF1,bHLH
1993,1,-0.9526392,-0.4653868,1.0403154,NIPAL3,MEF,IRF3,IRF
583,1,-0.14724034,-0.14724034,-2.540675,CLSPN,MEF,EBF1,EBF
1582,1,-0.169331,-0.25693348,1.0983452,KIF9,MEF,E2F4,E2F
2273,1,-0.01444126,-0.17255645,-3.1323469,PLXNC1,MEF,STAT3,Stat
988,1,-0.21869276,-0.39005762,1.5712413,FAM19A3,MEF,ELK4,ETS
1138,0,-0.10369535,-0.10008492,1.1769226,GALC,LMC,BHLHE40,bHLH
1014,0,-0.35318726,-0.41931188,1.4449313,FAM84B,LMC,ELK1,ETS
1369,1,-0.17150766,-0.17150766,-1.037935,HOXB7,MEF,TEAD4,TEA
1867,1,-0.22240412,-0.10008492,-2.1129947,MPPED2,MEF,TCF12,bHLH
252,1,-0.30003953,-0.30003953,-2.3618605,AURKB,MEF,NRF1,NRF
2790,1,-0.3777494,-0.24283965,-1.597613,SNCAIP,MEF,EGR1,Zf
3138,1,-0.3439605,-0.3439605,1.1241281,TTLL11,MEF,NRF1,NRF
100,0,-0.38059002,-0.38059002,1.8017025,AIM1,LMC,PAX5,"Paired,Homeobox"
2486,1,-0.34099022,-0.38195667,-1.6329969,RET,MEF,ELK1,ETS
157,1,-0.43756613,-0.41931188,-1.3312559,APBA1,MEF,ETS1,ETS
824,0,-0.24165441,-0.29509667,1.9490372,DUSP13,LMC,JUND,bZIP
92,1,-0.19612858,-0.146989,-2.2453837,AGT,MEF,USF2,bHLH
1273,0,-0.07449697,-0.25159925,-2.0948274,GRASP,LMC,CTCF,Zf
2784,0,-0.1124492,-0.24333258,1.2287743,SMPDL3A,LMC,CTCF,Zf
2159,1,-0.35390377,-0.22810093,-3.5044124,PCSK9,MEF,ATF1,bZIP
1389,0,-0.26188308,-0.27780795,1.3298665,HRH1,LMC,FOSL2,bZIP
3152,0,-0.22016564,-0.25159925,-1.2156056,TVP23A,LMC,GATA2,Zf
2066,0,-0.2064243,-0.25159925,3.3064072,NXPH3,LMC,YY1,Zf
1478,0,0.011842721,-0.21953267,2.1776562,IRF8,LMC,FOXA1,Forkhead
2156,0,-0.1124492,-0.24333258,1.9379742,PCP4L1,LMC,CTCF,Zf
1057,1,-0.37601265,-0.39942494,1.781064,FGF9,MEF,ELF1,ETS
254,0,-0.2678836,-0.24283965,3.5692673,AXIN2,LMC,SP1,Zf
1566,1,0.3166667,0.02968777,-2.457014,KIF11,MEF,MYB,HTH
492,0,-0.2185933,-0.3794154,-1.4240875,CDKL1,LMC,IRF1,IRF
2026,0,-0.3058912,-0.24283965,-1.8103167,NPR3,LMC,YY1,Zf
2007,1,-0.038338926,-0.10008492,2.0483093,NMNAT2,MEF,MYOG,bHLH
493,1,-0.541412,-0.25159925,2.4994574,CDKL4,MEF,EGR1,Zf
2439,1,-0.45392957,-0.28884968,-1.1696179,RALGPS2,MEF,E2F1,E2F
2516,0,-0.11649651,-0.25471953,1.2732776,RNF128,LMC,JUND,bZIP
2747,0,-0.45038855,-0.39942494,1.1855206,SLC44A1,LMC,GABPA,ETS
2005,1,-0.40787458,-0.3917693,-1.774617,NME2,MEF,GABPA,ETS
1542,0,-0.4649995,-0.41931188,2.0720127,KCNIP2,LMC,GABPA,ETS
384,0,-0.2790477,-0.25471953,-1.1740912,CCDC116,LMC,MAFF,bZIP
3058,1,-0.33080074,-0.22810093,-2.989665,TNFRSF11A,MEF,MAFK,bZIP
2397,1,-0.36259097,-0.38195667,1.1374047,PTTG1,MEF,ELF1,ETS
2436,1,-0.659372,-0.27780795,-1.7905334,RAD54L,MEF,BATF,bZIP
1920,1,-0.14976743,-0.22810093,-2.363597,MYO1B,MEF,FOSL2,bZIP
2317,1,0.0745308,-0.10944186,-1.3451492,PPP1R3E,MEF,FOXA2,Forkhead
2239,0,-0.3022701,-0.29509667,2.2984276,PLCE1,LMC,FOSL2,bZIP
2451,0,0.07771543,-0.1980394,-1.7096163,RARRES1,LMC,STAT3,Stat
2287,1,-0.3375485,-0.1342841,1.0373166,PODXL2,MEF,TCF12,bHLH
650,1,-0.30003953,-0.30003953,-2.9483588,CREG2,MEF,NRF1,NRF
771,1,-0.1124492,-0.24333258,1.0533403,DMD,MEF,CTCF,Zf
3068,0,-0.1124492,-0.24333258,3.2560947,TNNI1,LMC,CTCF,Zf
2694,0,-0.19239004,-0.26135686,1.2064933,SLC16A10,LMC,E2F4,E2F
3250,1,-0.1607576,-0.24283965,-2.3911982,ZC3HAV1L,MEF,MAZ,Zf
2013,0,-0.062780954,-0.24333258,-2.4842432,NOL4,LMC,SP1,Zf
1595,0,-0.25436184,-0.25436184,1.1338412,KLHL30,LMC,TEAD4,TEA
3037,0,-0.3705123,-0.25471953,2.4017868,TMEM255A,LMC,FOSL2,bZIP
501,1,-0.18621291,-0.24333258,-1.5413414,CDT1,MEF,YY1,Zf
2623,1,-0.192465,-0.27780795,1.5207373,SERPINB8,MEF,ATF3,bZIP
1999,1,-0.34370995,-0.24333258,2.5182154,NLGN1,MEF,EGR1,Zf
212,1,-0.15054174,-0.24450046,1.2303027,ARRDC3,MEF,GATA3,Zf
2564,1,-0.3625331,-0.38195667,-1.2048824,S1PR2,MEF,GABPA,ETS
3145,1,-0.08974322,-0.146989,-1.3294976,TUBA1B,MEF,MAX,bHLH
812,0,-0.36259097,-0.38195667,-1.4309103,DRAXIN,LMC,ELF1,ETS
1368,1,-0.12554857,-0.24550179,-1.5305121,HOXB6,MEF,JUND,bZIP
1875,0,-0.27228355,-0.24283965,1.7507353,MROH2A,LMC,GATA2,Zf
2018,1,0.016314197,-0.13941021,3.2765796,NOTUM,MEF,USF1,bHLH
1277,1,-0.65183055,-0.47267562,3.212005,GRHL1,MEF,CUX1,Homeobox
1933,1,-0.3341544,-0.39005762,-3.0799553,NAALAD2,MEF,ELF1,ETS
1695,1,-0.28899637,-0.29509667,-2.3293726,LRR1,MEF,MAFF,bZIP
2713,0,-0.24165441,-0.29509667,2.664533,SLC24A5,LMC,JUND,bZIP
3173,0,-0.21459776,-0.24333258,-2.1704075,UNC5C,LMC,MAZ,Zf
323,1,-0.3058912,-0.24283965,1.5764846,C1GALT1,MEF,YY1,Zf
2535,1,-0.42348737,-0.17137949,-4.825739,RPS16,MEF,STAT1,Stat
539,1,-0.20916343,-0.20916343,1.2686113,CHCHD10,MEF,NRF1,NRF
2817,1,-0.2849582,-0.2849582,-3.905282,SP140,MEF,EBF1,EBF
206,0,-0.2185933,-0.3794154,1.0346465,ARL4C,LMC,IRF1,IRF
1287,1,-0.08568381,-0.24450046,1.5898728,GRIN3A,MEF,MAZ,Zf
3046,0,-0.2548157,-0.22810093,2.2893217,TMEM59L,LMC,MAFF,bZIP
2812,1,0.22652079,-0.2053601,1.6244054,SOX5,MEF,FOXA1,Forkhead
4,0,-0.13559982,-0.10008492,1.3053162,AATK,LMC,MAX,bHLH
521,1,-0.2583255,-0.12410606,-1.4729061,CENPU,MEF,MEF2A,MADS
2676,1,-0.62452394,-0.4713425,-2.1078053,SKA1,MEF,IRF4,IRF
690,0,-0.15764365,-0.14792581,1.260351,CTSO,LMC,RFX5,HTH
2765,1,-0.3022701,-0.29509667,-1.4310114,SLC9B2,MEF,FOSL2,bZIP
3097,0,-0.39900714,-0.22249272,2.566172,TREML2,LMC,GATA1,Zf
1424,1,-0.34099022,-0.38195667,-2.5096278,IGFBP6,MEF,ELK1,ETS
60,1,-0.18621291,-0.24333258,1.6539828,ADAMTS20,MEF,YY1,Zf
715,1,-0.29687634,-0.29687634,1.4558525,CYP1B1,MEF,PAX5,"Paired,Homeobox"
1879,1,-0.35318726,-0.41931188,-8.843497,MS4A7,MEF,ELK1,ETS
635,1,-0.15812221,-0.22249272,1.7886711,COX6B2,MEF,YY1,Zf
65,1,-0.3058912,-0.24283965,-1.5340126,ADAMTSL2,MEF,YY1,Zf
1362,0,-0.056725405,-0.121736646,-1.8721808,HOXA7,LMC,BHLHE40,bHLH
3167,1,-0.21459776,-0.24333258,-2.9578276,UHRF1,MEF,MAZ,Zf
3199,1,0.023197008,-0.146989,1.1633813,VKORC1,MEF,USF1,bHLH
1658,1,-0.440717,-0.25471953,2.7383704,LIMCH1,MEF,MAFK,bZIP
1388,0,-0.3375485,-0.1342841,1.3629756,HRASLS,LMC,TCF12,bHLH
373,0,-0.7485091,-0.20371658,1.1052054,CAT,LMC,FOXM1,Forkhead
1854,1,-0.009364229,-0.17137949,1.1488492,MMP28,MEF,STAT3,Stat
563,1,-0.11649651,-0.25471953,-3.2723203,CKAP2L,MEF,JUND,bZIP
1612,1,-0.34914914,-0.27780795,-1.2025015,KYNU,MEF,FOS,bZIP
3114,1,-0.5980523,-0.24283965,-3.242694,TROAP,MEF,ZBTB33,Zf
562,1,-0.440717,-0.25471953,-1.191863,CKAP2,MEF,MAFK,bZIP
1577,1,0.22652079,-0.2053601,-1.2923205,KIF27,MEF,FOXA1,Forkhead
30,0,-0.1124492,-0.24333258,1.627162,ACOT4,LMC,CTCF,Zf
62,1,-0.40605056,-0.25471953,-1.7437918,ADAMTS6,MEF,ATF2,bZIP
1610,0,-0.17407607,-0.121736646,2.324363,KRT8,LMC,MAX,bHLH
623,0,-0.2954083,-0.24550179,-1.1975325,COL7A1,LMC,ATF3,bZIP
1461,0,-0.29979625,-0.24283965,-1.271162,IMPDH1,LMC,GATA1,Zf
400,0,-0.062780954,-0.24333258,-1.1101925,CCDC68,LMC,SP1,Zf
130,0,-0.5315311,-0.5315311,1.297304,AMZ1,LMC,PAX5,"Paired,Homeobox"
2957,0,-0.1607576,-0.24283965,2.2532527,TESC,LMC,MAZ,Zf
2956,1,-0.19612858,-0.146989,-1.2447736,TERT,MEF,USF2,bHLH
2798,1,-0.12554857,-0.24550179,-4.3869257,SNX20,MEF,JUND,bZIP
2220,1,-0.36259097,-0.38195667,8.275044,PITX1,MEF,ELF1,ETS
1609,0,0.03116794,-0.22249272,2.0522947,KRT7,LMC,CTCF,Zf
61,1,-0.28899637,-0.29509667,-2.3633895,ADAMTS4,MEF,MAFF,bZIP
1323,1,-0.21459776,-0.24333258,-1.2728531,HEG1,MEF,MAZ,Zf
268,0,-0.3375485,-0.1342841,-1.0727856,BAIAP2,LMC,TCF12,bHLH
2995,0,-0.44168723,-0.24550179,2.1344848,TLR1,LMC,FOS,bZIP
1942,1,-0.21907748,-0.27780795,-1.5559199,NAV1,MEF,JUND,bZIP
675,1,-0.3430542,-0.3430542,1.8166595,CST3,MEF,PAX5,"Paired,Homeobox"
2337,0,-0.120565586,-0.1342841,1.6617084,PRKCH,LMC,MAX,bHLH
3151,1,-0.009364229,-0.17137949,1.6358356,TULP2,MEF,STAT3,Stat
490,1,-0.20953742,-0.22249272,-1.0186837,CDK2,MEF,MAZ,Zf
3043,1,-0.26816452,-0.121736646,-2.8654144,TMEM51,MEF,TCF12,bHLH
2837,1,-0.5069276,-0.27780795,2.7942443,SPINT2,MEF,ATF2,bZIP
1461,0,-0.14989896,-0.14989896,-1.271162,IMPDH1,LMC,TEAD4,TEA
930,0,-0.15764365,-0.14792581,-1.3867598,EVA1A,LMC,RFX5,HTH
2171,0,-0.34278938,-0.41931188,-2.4464417,PDE9A,LMC,ELF1,ETS
2370,1,-0.24165441,-0.29509667,1.7110711,PTGDR2,MEF,JUND,bZIP
2739,0,-0.35028386,-0.4067228,1.0755472,SLC39A10,LMC,NANOG,Homeobox
1264,0,-0.21907748,-0.27780795,1.8109362,GPR88,LMC,JUND,bZIP
2887,1,-0.40787458,-0.3917693,-1.508352,STMN1,MEF,GABPA,ETS
2346,0,-0.08974322,-0.146989,-1.3795532,PRR16,LMC,MAX,bHLH
2852,0,-0.39205822,-0.27780795,-1.4059516,SRD5A1,LMC,MAFK,bZIP
835,0,-0.19239004,-0.26135686,-1.6265401,E2F7,LMC,E2F4,E2F
2911,0,-0.2838714,-0.47267562,1.1780914,SYNE2,LMC,NANOG,Homeobox
125,1,-0.7695519,-0.25159925,1.0675509,AMD1,MEF,ZBTB33,Zf
1206,0,-0.45038855,-0.39942494,-1.2241191,GLIS3,LMC,GABPA,ETS
2024,1,-0.10369535,-0.10008492,-1.0663133,NPL,MEF,BHLHE40,bHLH
2602,0,-0.07949572,-0.21953267,-1.0105699,SEC16B,LMC,FOXA2,Forkhead
1720,0,-0.10369535,-0.10008492,-2.1255505,LTBP1,LMC,BHLHE40,bHLH
384,0,0.03645469,-0.22810093,-1.1740912,CCDC116,LMC,BACH1,bZIP
2092,0,-0.5313326,-0.24450046,1.1467197,OSGIN1,LMC,ZKSCAN1,Zf
2382,0,-0.17853236,-0.13941021,1.0109676,PTPN13,LMC,MYOG,bHLH
367,1,-0.41913503,-0.41913503,-2.5895154,CASC5,MEF,TCF3,HMG
11,0,-0.14989896,-0.14989896,1.6876482,ABCC3,LMC,TEAD4,TEA
645,1,-0.36550322,-0.47267562,2.2899835,CRABP2,MEF,PBX3,Homeobox
2857,0,-0.009364229,-0.17137949,-1.0629355,SSC5D,LMC,STAT3,Stat
441,1,-0.01444126,-0.17255645,-4.2018747,CD300A,MEF,STAT3,Stat
865,1,0.08411567,-0.24550179,-1.6823031,EFS,MEF,BACH1,bZIP
2930,0,0.17063665,-0.10944186,-1.8156732,TACR1,LMC,FOXA1,Forkhead
2474,0,-0.33080074,-0.22810093,1.6744331,RBP4,LMC,MAFK,bZIP
2793,1,-0.62452394,-0.4713425,1.5012249,SNHG12,MEF,IRF4,IRF
1134,1,-0.3439605,-0.3439605,1.6660763,GABRB3,MEF,NRF1,NRF
2681,1,-0.64209527,-0.1980394,-3.6906726,SLAMF7,MEF,STAT1,Stat
2965,1,-0.17513762,-0.146989,-1.7823138,TFPI,MEF,BHLHE40,bHLH
838,1,-0.4649995,-0.41931188,1.0910553,EAF2,MEF,GABPA,ETS
2742,0,-0.3341544,-0.39005762,1.4623579,SLC39A8,LMC,ELF1,ETS
1954,1,-0.45963168,-0.45963168,-6.857463,NCF4,MEF,TCF3,HMG
624,0,-0.14976743,-0.22810093,1.1434728,COL8A2,LMC,FOSL2,bZIP
1966,0,-0.3610153,-0.22249272,2.2173338,NEBL,LMC,EGR1,Zf
2275,1,-0.3430542,-0.3430542,2.3952186,PM20D2,MEF,PAX5,"Paired,Homeobox"
1015,1,-0.3610153,-0.22249272,-2.369543,FANCA,MEF,EGR1,Zf
2328,0,-0.04073672,-0.3917693,1.683577,PRDX1,LMC,ELK4,ETS
2938,1,-0.08568381,-0.24450046,1.8867676,TBX18,MEF,MAZ,Zf
1709,0,-0.3375485,-0.1342841,1.3213174,LRRN2,LMC,TCF12,bHLH
2658,1,0.028543921,-0.29509667,-2.8890922,SHC2,MEF,BACH1,bZIP
2716,1,-0.33080074,-0.22810093,-1.5039499,SLC25A45,MEF,MAFK,bZIP
1307,0,-0.36550322,-0.47267562,-1.3646489,H1FX,LMC,PBX3,Homeobox
1990,0,-0.07449697,-0.25159925,-1.7527599,NID1,LMC,CTCF,Zf
2311,0,-0.3341544,-0.39005762,2.419608,PPM1N,LMC,ELF1,ETS
658,1,-0.33058694,-0.3917693,1.7045457,CRNDE,MEF,ELF1,ETS
526,0,-0.3375485,-0.1342841,-1.5504444,CEP72,LMC,TCF12,bHLH
1344,0,-0.21301334,-0.25187832,-1.063044,HMGCS1,LMC,E2F4,E2F
368,1,-0.3933147,-0.24283965,1.3773782,CASKIN1,MEF,ZKSCAN1,Zf
2168,0,-0.34304273,-0.52757335,-1.5470585,PDE4B,LMC,NANOG,Homeobox
1458,1,-0.13149443,-0.22249272,1.9326211,IL7,MEF,SP1,Zf
947,0,-0.27228355,-0.24283965,1.1056063,F11R,LMC,GATA2,Zf
2192,1,-0.2790477,-0.25471953,-1.0880144,PFKFB4,MEF,MAFF,bZIP
1462,1,-0.36812532,-0.36812532,2.0781827,INA,MEF,NRF1,NRF
662,1,-0.4467859,-0.3917693,3.5131092,CRYM,MEF,ELK1,ETS
1473,0,0.07771543,-0.1980394,-1.8654938,IQGAP3,LMC,STAT3,Stat
2950,1,-0.13994873,-0.2053601,-1.668541,TCIRG1,MEF,FOXA2,Forkhead
3016,1,-0.37167174,-0.29509667,1.1668824,TMEM151A,MEF,ATF2,bZIP
78,0,-0.38071528,-0.24283965,-1.8453362,ADM,LMC,ZNF263,Zf
1160,0,-0.10505258,-0.1342841,1.7770145,GBP6,LMC,BHLHE40,bHLH
2009,0,-0.08106524,-0.08106524,-1.7142518,NNAT,LMC,TEAD4,TEA
2277,1,-0.33296144,-0.24550179,-1.672663,PMF1,MEF,MAFK,bZIP
2763,0,0.22652079,-0.2053601,-1.3758038,SLC9A5,LMC,FOXA1,Forkhead
2678,1,-0.46016192,-0.24450046,-1.3519409,SKP2,MEF,EGR1,Zf
1044,1,-1.3501369,-0.39942494,-5.357593,FERMT3,MEF,FLI1,ETS
1419,0,-0.51637894,-0.42379856,-1.2156954,IGF2BP1,LMC,CUX1,Homeobox
1350,1,-0.34099022,-0.38195667,1.0386949,HNMT,MEF,ELK1,ETS
2991,0,-0.34370995,-0.24333258,-1.3919637,TLCD1,LMC,EGR1,Zf
1798,1,0.8549915,-0.22249272,-2.3362384,MDK,MEF,PRDM1,Zf
452,1,-0.15054174,-0.24450046,1.1053462,CD55,MEF,GATA3,Zf
2588,0,0.048078425,-0.25471953,-1.2295984,SCN3B,LMC,BACH1,bZIP
1808,0,-0.3610153,-0.22249272,-1.8211592,MELK,LMC,EGR1,Zf
1232,1,-0.169331,-0.25693348,2.498686,GPM6B,MEF,E2F4,E2F
1904,1,-0.30003953,-0.30003953,-1.3234528,MYCL,MEF,NRF1,NRF
3051,1,-0.26816452,-0.121736646,1.3207757,TMX2,MEF,TCF12,bHLH
1718,0,-0.34278938,-0.41931188,1.4920015,LSR,LMC,ELF1,ETS
1901,1,-0.13149443,-0.22249272,1.1209321,MYBL1,MEF,SP1,Zf
2649,1,-0.192465,-0.27780795,-2.037939,SH3BP2,MEF,ATF3,bZIP
561,1,-0.038338926,-0.10008492,2.2551308,CITED4,MEF,MYOG,bHLH
729,0,0.06421617,-0.24450046,-2.1150217,DCC,LMC,CTCF,Zf
831,1,-0.21361919,-0.25471953,1.2428452,DYNC2LI1,MEF,ATF3,bZIP
3122,0,-0.065101475,-0.08148018,-1.2438939,TSHZ2,LMC,RFX5,HTH
2248,1,0.03116794,-0.22249272,1.6318849,PLEKHA7,MEF,CTCF,Zf
667,1,-0.057535224,-0.27780795,3.6437426,CSMD1,MEF,BACH1,bZIP
2248,0,-0.5980523,-0.24283965,1.0960327,PLEKHA7,LMC,ZBTB33,Zf
963,1,-0.011590093,-0.22249272,-2.0774255,FAM105A,MEF,GATA3,Zf
1499,0,-0.058015816,-0.18281521,1.620772,ITGB4,LMC,STAT3,Stat
2970,0,-0.41913924,-0.24333258,-1.5857894,TGFB2,LMC,ZBTB33,Zf
2491,0,-0.3610153,-0.22249272,1.1979079,RGS10,LMC,EGR1,Zf
515,1,-0.9526392,-0.4653868,-1.4839959,CENPK,MEF,IRF3,IRF
173,0,-0.3070402,-0.24450046,4.209049,AQP5,LMC,YY1,Zf
1495,1,-0.46165287,-0.4067228,-5.9863725,ITGAL,MEF,CUX1,Homeobox
1925,1,-0.10827843,-0.121736646,1.9409447,MYO5C,MEF,USF2,bHLH
1869,0,0.21614419,-0.17782252,2.0880618,MPZL2,LMC,FOXA1,Forkhead
2292,1,-0.36049217,-0.22810093,-1.5553532,POLQ,MEF,FOS,bZIP
3187,1,-0.33058694,-0.3917693,-1.1646138,VASH2,MEF,ELF1,ETS
2688,0,-0.01444126,-0.17255645,2.7996955,SLC13A4,LMC,STAT3,Stat
654,0,-0.25341198,-0.22810093,-2.8694944,CRISPLD1,LMC,ATF3,bZIP
1783,1,-0.33280078,-0.24333258,-1.3982825,MCAM,MEF,GATA2,Zf
343,0,-0.15054174,-0.24450046,2.0094032,CACNA1S,LMC,GATA3,Zf
2814,0,-0.25341198,-0.22810093,-1.170696,SOX8,LMC,ATF3,bZIP
417,1,-0.12554857,-0.24550179,-1.864619,CCL7,MEF,JUND,bZIP
1696,1,-0.18621291,-0.24333258,-1.7019331,LRRC15,MEF,YY1,Zf
1041,0,-0.22240412,-0.10008492,2.581755,FCGR2B,LMC,TCF12,bHLH
2496,0,-0.3058912,-0.24283965,-1.8756744,RGS5,LMC,YY1,Zf
1926,0,-0.13559982,-0.10008492,-1.8944793,MYOCD,LMC,MAX,bHLH
1952,1,-0.29687634,-0.29687634,-5.995038,NCF1,MEF,PAX5,"Paired,Homeobox"
953,1,-0.32700178,-0.25159925,1.0861168,FAAH,MEF,GATA1,Zf
264,1,-0.3375485,-0.1342841,-1.1277707,B4GALT5,MEF,TCF12,bHLH
1727,0,-0.01444126,-0.17255645,-1.8059852,LY75,LMC,STAT3,Stat
203,1,-0.14724034,-0.14724034,-5.6908154,ARL11,MEF,EBF1,EBF
1495,0,-0.3430542,-0.3430542,2.7970064,ITGAL,LMC,PAX5,"Paired,Homeobox"
1037,1,0.027763726,-0.25159925,-1.6721005,FBXO48,MEF,GATA3,Zf
1251,0,-0.34370995,-0.24333258,1.769576,GPR183,LMC,EGR1,Zf
1146,0,-0.33296144,-0.24550179,-1.4452633,GAMT,LMC,MAFK,bZIP
1660,0,-0.3773888,-0.18281521,-1.1322662,LIMK1,LMC,STAT1,Stat
1642,0,-0.12554857,-0.24550179,1.3346491,LFNG,LMC,JUND,bZIP
1016,1,-0.12447846,-0.22249272,-1.8221961,FANCD2,MEF,GATA2,Zf
222,1,-0.6928834,-0.10944186,-1.5726495,ASB2,MEF,FOXM1,Forkhead
236,0,-0.22735961,-0.24550179,1.4007505,ATG9B,LMC,MAFF,bZIP
3059,1,-0.15764365,-0.14792581,2.9543939,TNFRSF11B,MEF,RFX5,HTH
150,1,-0.21918109,-0.21918109,-1.5063857,ANXA4,MEF,TCF3,HMG
854,1,0.22652079,-0.2053601,-1.885986,EEPD1,MEF,FOXA1,Forkhead
134,1,-0.03437175,-0.039668236,1.1654873,ANGPTL6,MEF,RFX5,HTH
2448,0,-0.14724034,-0.14724034,2.2214782,RAPGEF5,LMC,EBF1,EBF
871,0,-0.28121933,-0.25159925,1.2303663,EGR1,LMC,SP1,Zf
555,1,-0.15054174,-0.24450046,1.8076999,CHST7,MEF,GATA3,Zf
1096,1,-0.038338926,-0.10008492,1.4133523,FOXC2,MEF,MYOG,bHLH
1286,0,-0.049117733,-0.13941021,-1.0141921,GRIN2D,LMC,MAX,bHLH
495,1,-0.0013588448,-0.24283965,1.1449422,CDKN2B,MEF,CTCF,Zf
2956,0,-0.10369535,-0.10008492,-1.2224838,TERT,LMC,BHLHE40,bHLH
2456,1,-0.065101475,-0.08148018,2.209413,RASGRF1,MEF,RFX5,HTH
1606,0,-0.21459776,-0.24333258,1.7298887,KRT18,LMC,MAZ,Zf
591,1,-0.12447846,-0.22249272,-1.332691,CNDP2,MEF,GATA2,Zf
122,1,-0.0017048104,-0.121736646,-1.2995142,ALX1,MEF,MYOG,bHLH
1367,1,-0.26816452,-0.121736646,-1.3101642,HOXB5,MEF,TCF12,bHLH
2742,0,-0.1689725,-0.13941021,1.4623579,SLC39A8,LMC,BHLHE40,bHLH
2126,0,0.018755239,0.02968777,-1.9749895,PARPBP,LMC,RFX5,HTH
675,1,-0.10369535,-0.10008492,1.8166595,CST3,MEF,BHLHE40,bHLH
3056,1,-0.6928834,-0.10944186,-5.5076947,TNFAIP8L2,MEF,FOXM1,Forkhead
845,0,-0.21361919,-0.25471953,1.2262235,ECM1,LMC,ATF3,bZIP
377,0,-0.21459776,-0.24333258,-1.1839267,CBS,LMC,MAZ,Zf
1112,0,-0.17150766,-0.17150766,2.9147444,FRMD7,LMC,TEAD4,TEA
3083,1,-0.011590093,-0.22249272,1.0522466,TPD52L1,MEF,GATA3,Zf
1447,1,-0.44224238,-0.29509667,1.070328,IL1A,MEF,MAFK,bZIP
2643,1,-0.3076643,-0.4621776,-1.113979,SH2B2,MEF,IRF1,IRF
188,1,-0.056725405,-0.121736646,-3.663419,ARHGAP4,MEF,BHLHE40,bHLH
837,0,-0.63670325,-0.21953267,1.0701014,EAF1,LMC,FOXM1,Forkhead
1659,1,-0.29360482,-0.13941021,-1.5433598,LIMD2,MEF,TCF12,bHLH
2020,1,-0.29414836,-0.26135686,-1.9587115,NPAS2,MEF,E2F6,E2F
3197,0,-0.22746871,-0.25187832,2.6256406,VILL,LMC,E2F6,E2F
2257,1,-0.00943349,-0.121736646,1.7328469,PLIN4,MEF,USF1,bHLH
142,1,-0.23244992,-0.52757335,-1.0540168,ANKRD37,MEF,PBX3,Homeobox
2062,1,-0.37527534,-0.37527534,1.6376249,NWD1,MEF,NRF1,NRF
464,0,-0.065101475,-0.08148018,-1.0312785,CD97,LMC,RFX5,HTH
681,0,-0.03437175,-0.039668236,1.057336,CTNNAL1,LMC,RFX5,HTH
1778,0,-0.36259097,-0.38195667,-3.215314,MATN3,LMC,ELF1,ETS
465,0,-0.31818998,-0.24333258,-2.1160264,CDC20,LMC,ZEB1,Zf
2117,0,-0.19379956,-0.22810093,1.5648643,PAMR1,LMC,ATF2,bZIP
2714,1,-0.27228355,-0.24283965,2.395665,SLC25A21,MEF,GATA2,Zf
3265,1,-0.038338926,-0.10008492,-1.2940427,ZRANB3,MEF,MYOG,bHLH
1383,0,-0.3076643,-0.4621776,3.9081578,HPCAL4,LMC,IRF1,IRF
3131,1,-0.36812532,-0.36812532,1.2743545,TSPYL5,MEF,NRF1,NRF
517,1,-0.41913924,-0.24333258,-2.1137278,CENPN,MEF,ZBTB33,Zf
1733,1,-0.2997486,-0.24333258,1.1049803,LYRM1,MEF,ZNF263,Zf
1598,1,-0.17407607,-0.121736646,3.3973646,KLHL40,MEF,MAX,bHLH
62,0,-0.65183055,-0.47267562,-1.7200596,ADAMTS6,LMC,CUX1,Homeobox
396,1,-0.01444126,-0.17255645,1.1600107,CCDC39,MEF,STAT3,Stat
416,0,-0.10505258,-0.1342841,1.9838973,CCL5,LMC,BHLHE40,bHLH
750,1,-0.6928834,-0.10944186,2.637599,DERL3,MEF,FOXM1,Forkhead
1472,0,-0.8875255,-0.25471953,1.941947,IQGAP2,LMC,BATF,bZIP
1792,1,-0.01444126,-0.17255645,-5.093406,MCOLN2,MEF,STAT3,Stat
2262,1,-0.20454665,-0.20454665,1.3611525,PLLP,MEF,TEAD4,TEA
957,0,-0.13559982,-0.10008492,-1.2934484,FADS2,LMC,MAX,bHLH
1237,0,-0.36351123,-0.50137913,-1.0928826,GPR125,LMC,PBX3,Homeobox
1047,1,-0.36259097,-0.38195667,-4.654176,FGD2,MEF,ELF1,ETS
123,1,-0.45038855,-0.39942494,3.1471124,ALX3,MEF,GABPA,ETS
3254,1,-0.2790477,-0.25471953,1.0000085,ZFP2,MEF,MAFF,bZIP
2495,0,-0.011590093,-0.22249272,-3.3809948,RGS4,LMC,GATA3,Zf
1486,1,-0.009364229,-0.17137949,-1.1396953,ISYNA1,MEF,STAT3,Stat
3196,0,-0.5313326,-0.24450046,1.2710276,VGF,LMC,ZKSCAN1,Zf
706,1,-0.24165441,-0.29509667,1.1717257,CXXC5,MEF,JUND,bZIP
2777,0,-0.91791576,-0.29509667,1.3346709,SMARCA2,LMC,BATF,bZIP
927,1,-0.08106524,-0.08106524,1.4039664,ESYT3,MEF,TEAD4,TEA
840,1,-0.34278938,-0.41931188,-1.617172,EBF2,MEF,ELF1,ETS
349,0,-0.057535224,-0.27780795,1.2775106,CADM2,LMC,BACH1,bZIP
1150,1,-0.058015816,-0.18281521,1.2065096,GAS1,MEF,STAT3,Stat
2478,0,-0.65735245,-0.17782252,-1.0574901,RCN1,LMC,FOXM1,Forkhead
173,1,-0.16561359,-0.22810093,4.732215,AQP5,MEF,JUND,bZIP
1360,0,-0.4467859,-0.3917693,-1.5481333,HOXA5,LMC,ELK1,ETS
510,1,-0.009410201,-0.10008492,-3.0437114,CENPA,MEF,USF2,bHLH
3250,1,-0.3777494,-0.24283965,-2.3911982,ZC3HAV1L,MEF,EGR1,Zf
1592,1,-0.41913503,-0.41913503,3.3742492,KLHDC7A,MEF,TCF3,HMG
222,1,-0.38490406,-0.38490406,-1.5726495,ASB2,MEF,PAX5,"Paired,Homeobox"
764,1,-0.13559982,-0.10008492,-2.7786102,DLGAP5,MEF,MAX,bHLH
254,1,-0.33639127,-0.4713425,3.2201214,AXIN2,MEF,IRF1,IRF
307,1,-0.65183055,-0.47267562,-1.1805693,BOK,MEF,CUX1,Homeobox
425,0,-0.0017048104,-0.121736646,-2.5954335,CCNJL,LMC,MYOG,bHLH
16,1,-0.009364229,-0.17137949,-2.0503016,ABHD15,MEF,STAT3,Stat
2660,1,-0.35806254,-0.38195667,-2.911555,SHCBP1,MEF,ETS1,ETS
1864,1,-0.169331,-0.25693348,-1.1097659,MOV10,MEF,E2F4,E2F
759,0,-0.0005437653,-0.1342841,-1.0099353,DIXDC1,LMC,USF1,bHLH
2595,1,-0.43345997,-0.22249272,2.6748421,SCUBE3,MEF,ZNF263,Zf
306,0,-0.36259097,-0.38195667,1.7077026,BNC1,LMC,ELF1,ETS
1346,1,-0.32442823,-0.39942494,-2.7170715,HMHA1,MEF,ELK1,ETS
2650,0,-0.0017048104,-0.121736646,-1.4161148,SH3GL3,LMC,MYOG,bHLH
652,0,-0.08974322,-0.146989,1.3897598,CRIP1,LMC,MAX,bHLH
1706,1,-0.29979625,-0.24283965,1.2525445,LRRC75B,MEF,GATA1,Zf
1618,1,-0.46016192,-0.24450046,2.025369,LAMA5,MEF,EGR1,Zf
1578,1,0.03645469,-0.22810093,-2.9973192,KIF2C,MEF,BACH1,bZIP
202,1,-0.2849582,-0.2849582,1.0118848,ARID5A,MEF,EBF1,EBF
1955,1,-0.32700178,-0.25159925,-8.006204,NCKAP1L,MEF,GATA1,Zf
2655,0,-0.21459776,-0.24333258,2.5084782,SHANK1,LMC,MAZ,Zf
2077,1,-0.36351123,-0.50137913,-1.4768857,OIP5,MEF,PBX3,Homeobox
1671,1,-0.1124492,-0.24333258,-4.9727182,LMO2,MEF,CTCF,Zf
591,1,-0.056725405,-0.121736646,-1.332691,CNDP2,MEF,BHLHE40,bHLH
652,1,-0.33296144,-0.24550179,-3.3835373,CRIP1,MEF,MAFK,bZIP
2924,1,-0.09351536,-0.24313685,2.4798288,SYTL3,MEF,STAT3,Stat
1487,0,0.06421617,-0.24450046,-2.077426,ITGA1,LMC,CTCF,Zf
2000,0,-0.065101475,-0.08148018,1.5370079,NLRC3,LMC,RFX5,HTH
469,0,-0.17425032,-0.41931188,-1.0888088,CDC42EP4,LMC,ELK4,ETS
1433,1,-0.08974322,-0.146989,-5.3167334,IKZF1,MEF,MAX,bHLH
936,1,-0.16561359,-0.22810093,-2.5236044,EXO1,MEF,JUND,bZIP
1970,0,-0.17853236,-0.13941021,-1.5624936,NEK2,LMC,MYOG,bHLH
218,0,0.0745308,-0.10944186,-1.3121011,ARTN,LMC,FOXA2,Forkhead
1860,0,0.07771543,-0.1980394,1.3824726,MOCOS,LMC,STAT3,Stat
280,1,-0.60550106,-0.24450046,-1.1130936,BCL2L11,MEF,SP2,Zf
2413,0,-0.35390377,-0.22810093,1.2538403,RAB20,LMC,ATF1,bZIP
2786,1,-0.39205822,-0.27780795,-1.2469294,SNAI1,MEF,MAFK,bZIP
329,1,-0.0005437653,-0.1342841,-1.0498474,C1QTNF6,MEF,USF1,bHLH
1045,1,-0.36645967,-0.22249272,-2.1285722,FES,MEF,ZEB1,Zf
23,0,-0.44224238,-0.29509667,-1.0546592,ACAT2,LMC,MAFK,bZIP
422,0,-0.36812532,-0.36812532,-1.9702636,CCNB2,LMC,NRF1,NRF
2707,1,-0.27070102,-0.24450046,2.1984093,SLC1A3,MEF,GATA2,Zf
1170,0,-0.3058912,-0.24283965,1.4905773,GDA,LMC,YY1,Zf
2894,0,-0.21361919,-0.25471953,-1.0866947,STX1A,LMC,ATF3,bZIP
1237,0,-0.48430756,-0.24313685,-1.0928826,GPR125,LMC,STAT1,Stat
403,1,-0.40605056,-0.25471953,1.625412,CCDC80,MEF,ATF2,bZIP
46,1,-0.0065755714,-0.1342841,-3.1549952,ADAM12,MEF,MYOG,bHLH
1945,1,-0.16561359,-0.22810093,2.0358896,NCAM2,MEF,JUND,bZIP
2158,1,0.018755239,0.02968777,-1.375321,PCSK5,MEF,RFX5,HTH
1002,0,-0.15019357,-0.27780795,-1.0779922,FAM57A,LMC,MAFF,bZIP
2828,1,0.17063665,-0.10944186,-1.3120675,SPDL1,MEF,FOXA1,Forkhead
1633,1,-0.2300118,-0.25159925,3.5806227,LCTL,MEF,MAZ,Zf
3159,0,-0.07449697,-0.25159925,1.2241383,UBASH3B,LMC,CTCF,Zf
1586,0,-0.21918109,-0.21918109,-1.0530518,KISS1R,LMC,TCF3,HMG
1386,1,-0.2470073,-0.39005762,-6.0146413,HPGDS,MEF,ETS1,ETS
2195,1,-0.2470073,-0.39005762,-1.526995,PGAP1,MEF,ETS1,ETS
1335,1,-0.2678836,-0.24283965,1.0415667,HIST1H1C,MEF,SP1,Zf
3052,0,-0.22746871,-0.25187832,-2.1325834,TNC,LMC,E2F6,E2F
1530,1,-0.71902657,-0.24550179,-1.7830039,KCNAB2,MEF,BATF,bZIP
1778,1,-0.38490406,-0.38490406,-2.735698,MATN3,MEF,PAX5,"Paired,Homeobox"
1884,1,-0.2678836,-0.24283965,-1.0198689,MSRA,MEF,SP1,Zf
1554,1,-0.0013588448,-0.24283965,-1.7487916,KCNMA1,MEF,CTCF,Zf
2549,0,-0.01444126,-0.17255645,-2.055815,RTKN2,LMC,STAT3,Stat
3015,0,-0.39804247,-0.17255645,1.3065541,TMEM140,LMC,STAT1,Stat
2432,1,-0.3430542,-0.3430542,-1.5926751,RAD51AP1,MEF,PAX5,"Paired,Homeobox"
251,0,-0.40605056,-0.25471953,-1.4332783,AURKA,LMC,ATF2,bZIP
565,0,-0.169331,-0.25693348,-1.0084794,CKS1B,LMC,E2F4,E2F
1865,1,-0.21895796,-0.21895796,1.1478183,MPC1,MEF,EBF1,EBF
2119,0,-0.36049217,-0.22810093,1.6390138,PAPLN,LMC,FOS,bZIP
2601,1,-0.38278377,-0.42379856,1.0084376,SEC14L5,MEF,PBX3,Homeobox
1267,0,-0.13559982,-0.10008492,-2.022463,GPRIN3,LMC,MAX,bHLH
1588,0,-0.3777494,-0.24283965,-2.5663316,KLF12,LMC,EGR1,Zf
893,1,-0.30003953,-0.30003953,1.0541712,ENDOD1,MEF,NRF1,NRF
2057,1,-0.2470073,-0.39005762,-2.8949068,NUF2,MEF,ETS1,ETS
2109,0,-0.169331,-0.25693348,-1.8177229,PACSIN3,LMC,E2F4,E2F
2067,1,-0.2859068,-0.146989,-1.3362417,NXPH4,MEF,TCF12,bHLH
873,0,-0.37698567,-0.4067228,2.3173335,EGR3,LMC,PBX3,Homeobox
2817,1,-0.1124492,-0.24333258,-3.905282,SP140,MEF,CTCF,Zf
1139,1,-0.21437913,-0.2712014,-2.5304673,GALNT12,MEF,E2F4,E2F
685,0,-0.15812221,-0.22249272,1.4008114,CTSD,LMC,YY1,Zf
1037,1,-0.38071528,-0.24283965,-1.6721005,FBXO48,MEF,ZNF263,Zf
2678,1,-0.0013588448,-0.24283965,-1.3519409,SKP2,MEF,CTCF,Zf
1957,0,-0.37167174,-0.29509667,-1.6446601,NDC80,LMC,ATF2,bZIP
1388,0,-0.057535224,-0.27780795,1.3629756,HRASLS,LMC,BACH1,bZIP
3176,1,-0.29414836,-0.26135686,-3.5481346,UNC93B1,MEF,E2F6,E2F
484,1,0.023197008,-0.146989,-1.72285,CDH24,MEF,USF1,bHLH
1573,1,-0.35806254,-0.38195667,-1.7123749,KIF22,MEF,ETS1,ETS
2383,1,0.018755239,0.02968777,-3.4084277,PTPN18,MEF,RFX5,HTH
598,0,-0.10505258,-0.1342841,-2.030143,CNR1,LMC,BHLHE40,bHLH
3185,1,-0.13149443,-0.22249272,-6.897832,UTY,MEF,SP1,Zf
1655,1,-0.0061152284,-0.10008492,-1.4939244,LIG1,MEF,USF1,bHLH
2795,0,-0.120565586,-0.1342841,1.1839118,SNTA1,LMC,MAX,bHLH
3153,0,-0.07449697,-0.25159925,-2.458286,TWIST2,LMC,CTCF,Zf
734,1,-0.25436184,-0.25436184,-1.0845644,DCTD,MEF,TEAD4,TEA
675,1,-0.15764365,-0.14792581,1.8166595,CST3,MEF,RFX5,HTH
1375,1,-0.4776695,-0.22249272,-1.0630357,HOXC6,MEF,ZKSCAN1,Zf
2817,1,-0.20776576,-0.20776576,-3.905282,SP140,MEF,EBF1,EBF
2433,1,-0.13149443,-0.22249272,-1.425109,RAD51B,MEF,SP1,Zf
728,0,-0.169331,-0.25693348,-1.0895112,DCBLD1,LMC,E2F4,E2F
1914,0,-0.28616667,-0.25693348,-1.367721,MYLK,LMC,E2F6,E2F
1613,0,-0.34029287,-0.28884968,2.4317777,LAD1,LMC,E2F4,E2F
344,1,-0.21907748,-0.27780795,1.0837282,CACNA2D2,MEF,JUND,bZIP
1245,0,-0.0061152284,-0.10008492,1.7366654,GPR157,LMC,USF1,bHLH
275,0,-0.29360482,-0.13941021,2.0854268,BCAR3,LMC,TCF12,bHLH
2280,0,-0.1124492,-0.24333258,-1.5649085,PNCK,LMC,CTCF,Zf
1076,1,-0.4409798,-0.24450046,-1.1527479,FLNA,MEF,ZEB1,Zf
1380,0,-0.009410201,-0.10008492,2.6664946,HOXD8,LMC,USF2,bHLH
236,1,-0.0013588448,-0.24283965,1.5191864,ATG9B,MEF,CTCF,Zf
3017,0,-0.3933147,-0.24283965,-1.6529653,TMEM151B,LMC,ZKSCAN1,Zf
744,1,-0.3777494,-0.24283965,-3.4500382,DEGS2,MEF,EGR1,Zf
1912,0,-0.056725405,-0.121736646,-2.0804923,MYL9,LMC,BHLHE40,bHLH
2786,1,0.023197008,-0.146989,-1.2469294,SNAI1,MEF,USF1,bHLH
2060,0,-0.21301334,-0.25187832,-1.2953495,NUP62CL,LMC,E2F4,E2F
226,1,-0.0013588448,-0.24283965,-2.1260629,ASF1B,MEF,CTCF,Zf
2337,1,0.048078425,-0.25471953,-3.3681915,PRKCH,MEF,BACH1,bZIP
1536,0,-0.14724034,-0.14724034,1.7919359,KCND2,LMC,EBF1,EBF
2694,0,-0.17853236,-0.13941021,1.2064933,SLC16A10,LMC,MYOG,bHLH
2319,1,-0.15054174,-0.24450046,2.1115367,PPP1R9A,MEF,GATA3,Zf
993,0,-0.37167174,-0.29509667,1.3730824,FAM213A,LMC,ATF2,bZIP
1905,1,-0.42519194,-0.24333258,3.5450387,MYCT1,MEF,GATA1,Zf
965,0,0.041926194,-0.24283965,1.182763,FAM110C,LMC,GATA3,Zf
620,0,-0.34370995,-0.24333258,-1.596438,COL5A1,LMC,EGR1,Zf
1821,0,-0.3430542,-0.3430542,-1.9097306,MFSD2A,LMC,PAX5,"Paired,Homeobox"
2514,1,-0.14989896,-0.14989896,-1.7447139,RNASEL,MEF,TEAD4,TEA
1157,0,-0.2997486,-0.24333258,1.0983671,GATA6,LMC,ZNF263,Zf
585,1,-0.121607244,-0.24333258,1.8285992,CLU,MEF,GATA3,Zf
642,1,-0.3070402,-0.24450046,-1.810868,CPXM1,MEF,YY1,Zf
1501,1,-0.8875255,-0.25471953,-1.452007,ITGB7,MEF,BATF,bZIP
1844,0,0.03645469,-0.22810093,-1.2069457,MMP11,LMC,BACH1,bZIP
2279,0,-0.7695519,-0.25159925,-1.1177921,PMVK,LMC,ZBTB33,Zf
550,0,-0.3610153,-0.22249272,-1.3477464,CHRNA7,LMC,EGR1,Zf
1145,1,-0.3610153,-0.22249272,-8.096693,GALNT6,MEF,EGR1,Zf
2781,1,-0.30776003,-0.24450046,-3.9182653,SMOC2,MEF,ZNF263,Zf
2100,1,-0.32442823,-0.39942494,-2.2412143,P2RX7,MEF,ELK1,ETS
2330,1,-0.37527534,-0.37527534,-1.386103,PREX1,MEF,NRF1,NRF
2365,0,-0.3430542,-0.3430542,1.6807243,PSMB8,LMC,PAX5,"Paired,Homeobox"
2662,1,-0.43345997,-0.22249272,1.5511969,SHISA2,MEF,ZNF263,Zf
2257,1,-0.08617797,-0.146989,1.7328469,PLIN4,MEF,MYOG,bHLH
2823,1,-0.00943349,-0.121736646,-1.9032626,SPAG5,MEF,USF1,bHLH
1163,0,-0.3777494,-0.24283965,2.620298,GCH1,LMC,EGR1,Zf
399,1,-0.3058912,-0.24283965,2.3751817,CCDC65,MEF,YY1,Zf
2671,0,-0.21907748,-0.27780795,-3.8579667,SIM2,LMC,JUND,bZIP
2727,0,-0.24165441,-0.29509667,-3.1119766,SLC2A4,LMC,JUND,bZIP
3250,1,-0.33058694,-0.3917693,-2.3911982,ZC3HAV1L,MEF,ELF1,ETS
1234,0,-0.28616667,-0.25693348,2.3392198,GPR115,LMC,E2F6,E2F
1466,1,-0.66942716,-0.22810093,-6.833551,INPP5D,MEF,BATF,bZIP
1335,1,-0.89867353,-0.24450046,1.0415667,HIST1H1C,MEF,BCL11A,Zf
2445,0,0.03116794,-0.22249272,-1.425216,RAP1GAP2,LMC,CTCF,Zf
3026,0,-0.2064243,-0.25159925,1.2060415,TMEM180,LMC,YY1,Zf
683,0,-0.16561359,-0.22810093,1.6376765,CTSB,LMC,JUND,bZIP
2583,1,-0.60550106,-0.24450046,-1.9243826,SCML2,MEF,SP2,Zf
2732,1,-0.09351536,-0.24313685,1.3066294,SLC33A1,MEF,STAT3,Stat
211,0,-0.45392957,-0.28884968,1.5333622,ARRB2,LMC,E2F1,E2F
957,0,-0.8933479,-0.52757335,-1.2934484,FADS2,LMC,CUX1,Homeobox
765,1,-0.4649995,-0.41931188,-1.803692,DLK1,MEF,GABPA,ETS
2872,1,-0.35806254,-0.38195667,-6.265817,STAP1,MEF,ETS1,ETS
1075,0,-0.8150283,-0.4653868,1.706394,FLI1,LMC,IRF4,IRF
2411,1,-0.0017048104,-0.121736646,3.974242,RAB17,MEF,MYOG,bHLH
292,0,-0.3773888,-0.18281521,-2.4256275,BHLHE22,LMC,STAT1,Stat
2439,1,-0.011590093,-0.22249272,-1.1696179,RALGPS2,MEF,GATA3,Zf
2714,1,-0.28899637,-0.29509667,2.395665,SLC25A21,MEF,MAFF,bZIP
295,0,-0.35318726,-0.41931188,-1.6202104,BIRC5,LMC,ELK1,ETS
2970,1,-0.34029287,-0.28884968,1.2388296,TGFB2,MEF,E2F4,E2F
1047,1,-0.2808588,-0.24283965,-4.654176,FGD2,MEF,ZEB1,Zf
2755,0,-0.8933479,-0.52757335,1.0741242,SLC6A6,LMC,CUX1,Homeobox
185,1,-0.5313326,-0.24450046,1.0304741,ARHGAP29,MEF,ZKSCAN1,Zf
2692,1,-0.08974322,-0.146989,-5.3542004,SLC15A3,MEF,MAX,bHLH
2465,1,-0.3705123,-0.25471953,2.6868467,RASSF9,MEF,FOSL2,bZIP
35,0,-0.26188308,-0.27780795,-1.0941339,ACSS2,LMC,FOSL2,bZIP
2339,1,-0.30776003,-0.24450046,1.182829,PROCR,MEF,ZNF263,Zf
433,1,-0.3341544,-0.39005762,1.9398785,CD164L2,MEF,ELF1,ETS
1059,1,-0.56297857,-0.22249272,-1.306481,FGFR1,MEF,ZBTB33,Zf
2419,1,-0.2678836,-0.24283965,-1.3369354,RAB33A,MEF,SP1,Zf
2332,1,-0.3933147,-0.24283965,-1.3902781,PRIM1,MEF,ZKSCAN1,Zf
3074,1,-0.35806254,-0.38195667,1.9111053,TNS4,MEF,ETS1,ETS
144,1,-0.56297857,-0.22249272,-2.612855,ANLN,MEF,ZBTB33,Zf
2744,1,-0.22016564,-0.25159925,-2.4313455,SLC43A1,MEF,GATA2,Zf
2790,1,-0.38057798,-0.24450046,-1.597613,SNCAIP,MEF,GATA1,Zf
2828,1,-0.065101475,-0.08148018,-1.3120675,SPDL1,MEF,RFX5,HTH
1041,1,-0.51944894,-0.25159925,-7.637874,FCGR2B,MEF,BCL11A,Zf
642,1,-0.1505293,-0.1342841,-1.810868,CPXM1,MEF,USF2,bHLH
4,0,0.048078425,-0.25471953,1.3053162,AATK,LMC,BACH1,bZIP
2462,0,-0.21895796,-0.21895796,1.1221547,RASSF2,LMC,EBF1,EBF
818,0,-0.10505258,-0.1342841,-1.4172463,DTL,LMC,BHLHE40,bHLH
1323,0,-0.10505258,-0.1342841,1.1139588,HEG1,LMC,BHLHE40,bHLH
2472,0,-0.121607244,-0.24333258,2.18051,RBM47,LMC,GATA3,Zf
55,1,-0.14976743,-0.22810093,-1.0830543,ADAMTS10,MEF,FOSL2,bZIP
2444,1,-0.009410201,-0.10008492,3.0926714,RANBP3L,MEF,USF2,bHLH
2248,0,-0.3705123,-0.25471953,1.0960327,PLEKHA7,LMC,FOSL2,bZIP
223,1,-0.01444126,-0.17255645,2.719327,ASB5,MEF,STAT3,Stat
2872,1,-0.40605056,-0.25471953,-6.265817,STAP1,MEF,ATF2,bZIP
1274,0,-0.32442823,-0.39942494,-1.3083653,GRB10,LMC,ELK1,ETS
3032,1,-0.39205822,-0.27780795,-1.1495689,TMEM221,MEF,MAFK,bZIP
2597,1,-0.37601265,-0.39942494,1.4566245,SDC2,MEF,ELF1,ETS
2299,1,-0.29414836,-0.26135686,4.087161,POU4F3,MEF,E2F6,E2F
2588,0,-0.049117733,-0.13941021,-1.2295984,SCN3B,LMC,MAX,bHLH
2418,0,0.08411567,-0.24550179,-1.0006384,RAB30,LMC,BACH1,bZIP
1269,1,-0.1124492,-0.24333258,-3.158479,GPSM3,MEF,CTCF,Zf
1054,1,-0.3430542,-0.3430542,1.1716865,FGF18,MEF,PAX5,"Paired,Homeobox"
2246,1,-0.26737517,-0.25159925,-1.8872231,PLEKHA2,MEF,ZKSCAN1,Zf
3011,0,-0.30779734,-0.3917693,-2.6684415,TMEM121,LMC,ETS1,ETS
3268,1,0.22652079,-0.2053601,-1.4214575,ZYX,MEF,FOXA1,Forkhead
2518,0,-0.0005437653,-0.1342841,1.1219213,RNF144B,LMC,USF1,bHLH
1809,1,-0.3022701,-0.29509667,-1.1236551,MESDC1,MEF,FOSL2,bZIP
2034,1,0.027763726,-0.25159925,1.6902243,NR3C2,MEF,GATA3,Zf
2488,1,-0.20454665,-0.20454665,-1.8506032,RGCC,MEF,TEAD4,TEA
747,0,-0.58496386,-0.4621776,-1.0409411,DENND3,LMC,IRF4,IRF
702,1,0.73946834,-0.24333258,-1.51211,CXCL16,MEF,PRDM1,Zf
2459,1,-0.23244992,-0.52757335,-1.3954514,RASGRP3,MEF,PBX3,Homeobox
1819,0,-0.36645967,-0.22249272,2.2376604,MFNG,LMC,ZEB1,Zf
1569,1,-0.5072217,-0.24450046,-1.7053663,KIF18B,MEF,ZBTB33,Zf
455,0,-0.19612858,-0.146989,2.6942828,CD69,LMC,USF2,bHLH
1279,1,-0.08974322,-0.146989,1.2815939,GRIA2,MEF,MAX,bHLH
985,0,-0.3375485,-0.1342841,-1.4800853,FAM196A,LMC,TCF12,bHLH
150,1,-0.25007766,-0.37009746,-1.5063857,ANXA4,MEF,IRF1,IRF
2251,0,-0.3610153,-0.22249272,-2.0370564,PLEKHG4,LMC,EGR1,Zf
1900,0,-0.4733331,-0.39005762,-2.8135483,MXD3,LMC,ELK1,ETS
652,0,-0.21895796,-0.21895796,1.3897598,CRIP1,LMC,EBF1,EBF
1486,1,-0.29687634,-0.29687634,-1.1396953,ISYNA1,MEF,PAX5,"Paired,Homeobox"
1816,1,-0.3375485,-0.1342841,-1.3299108,MEX3D,MEF,TCF12,bHLH
1275,1,-0.08617797,-0.146989,-1.1356292,GRB14,MEF,MYOG,bHLH
2475,1,-0.12554857,-0.24550179,-1.4406117,RBPMS,MEF,JUND,bZIP
473,0,-0.08568381,-0.24450046,-1.7247705,CDCA2,LMC,MAZ,Zf
2511,1,-0.009410201,-0.10008492,-1.0184832,RIPK3,MEF,USF2,bHLH
1469,0,-0.2064243,-0.25159925,-1.3461412,INSIG1,LMC,YY1,Zf
940,0,-0.30003953,-0.30003953,-1.0492839,EXT1,LMC,NRF1,NRF
3093,1,-0.21918109,-0.21918109,1.3340616,TRDMT1,MEF,TCF3,HMG
395,0,-0.11649651,-0.25471953,-1.8284899,CCDC37,LMC,JUND,bZIP
2173,1,-0.20953742,-0.22249272,1.019513,PDGFC,MEF,MAZ,Zf
3122,0,-0.2548157,-0.22810093,-1.2438939,TSHZ2,LMC,MAFF,bZIP
2871,0,-0.049117733,-0.13941021,-1.8158801,STAG3,LMC,MAX,bHLH
2421,0,-0.34278938,-0.41931188,-1.4811571,RAB38,LMC,ELF1,ETS
1229,0,-0.120565586,-0.1342841,-1.5409347,GPC6,LMC,MAX,bHLH
586,0,-0.2185933,-0.3794154,-1.5158565,CLYBL,LMC,IRF1,IRF
1027,1,-0.34278938,-0.41931188,-1.7858437,FBN1,MEF,ELF1,ETS
1162,1,-0.6645992,-0.25159925,1.5318578,GCA,MEF,SP2,Zf
560,1,-0.2808588,-0.24283965,-2.9454744,CIT,MEF,ZEB1,Zf
472,1,-0.21895796,-0.21895796,-1.1619854,CDC7,MEF,EBF1,EBF
514,1,-0.2808588,-0.24283965,-2.238638,CENPI,MEF,ZEB1,Zf
1686,0,-0.21301334,-0.25187832,-1.2792101,LPP,LMC,E2F4,E2F
1476,1,-0.36049217,-0.22810093,1.6184896,IRF6,MEF,FOS,bZIP
116,1,-0.33296144,-0.24550179,1.2632778,ALOX5,MEF,MAFK,bZIP
902,1,-0.009410201,-0.10008492,1.820464,ENTPD2,MEF,USF2,bHLH
1469,0,-0.17407607,-0.121736646,-1.3461412,INSIG1,LMC,MAX,bHLH
931,1,-0.40787458,-0.3917693,-1.2306563,EVA1B,MEF,GABPA,ETS
1060,0,-0.33058694,-0.3917693,-1.0165299,FGFR2,LMC,ELF1,ETS
90,1,-0.2300118,-0.25159925,-1.6374851,AGER,MEF,MAZ,Zf
860,1,-0.11649651,-0.25471953,2.1151733,EFHD1,MEF,JUND,bZIP
386,1,-0.058015816,-0.18281521,1.0238707,CCDC122,MEF,STAT3,Stat
3162,1,-0.32700178,-0.25159925,-1.5763762,UBE2T,MEF,GATA1,Zf
2506,1,-0.58496386,-0.4621776,1.3234496,RIBC1,MEF,IRF4,IRF
818,1,-0.4420254,-0.26135686,-2.164502,DTL,MEF,E2F1,E2F
507,1,-0.4776695,-0.22249272,2.1484113,CELSR2,MEF,ZKSCAN1,Zf
2257,0,-0.45963168,-0.45963168,-1.7880105,PLIN4,LMC,TCF3,HMG
1478,0,-0.2849582,-0.2849582,2.1776562,IRF8,LMC,EBF1,EBF
1011,0,-0.3430542,-0.3430542,-1.7455534,FAM83D,LMC,PAX5,"Paired,Homeobox"
2426,1,-0.37776268,-0.37776268,2.1148283,RAB44,MEF,TCF3,HMG
2681,1,-0.009410201,-0.10008492,-3.6906726,SLAMF7,MEF,USF2,bHLH
1665,1,-0.009410201,-0.10008492,-1.0906605,LIPA,MEF,USF2,bHLH
1022,1,-0.056725405,-0.121736646,-2.1112094,FBLIM1,MEF,BHLHE40,bHLH
510,1,-0.28121933,-0.25159925,-3.0437114,CENPA,MEF,SP1,Zf
932,0,-0.08974322,-0.146989,-1.0899669,EVA1C,LMC,MAX,bHLH
2259,0,-0.15019357,-0.27780795,-1.8200914,PLK1,LMC,MAFF,bZIP
2011,0,-0.32442823,-0.39942494,1.146378,NOD1,LMC,ELK1,ETS
241,1,-0.27070102,-0.24450046,1.1553295,ATP1B2,MEF,GATA2,Zf
1200,1,-0.37601265,-0.39942494,2.4550545,GLB1L2,MEF,ELF1,ETS
2231,0,-0.14989896,-0.14989896,-1.2558968,PLA2R1,LMC,TEAD4,TEA
2399,1,-0.39059436,-0.39059436,-1.4025425,PVRL2,MEF,HNF4A,NR
2052,0,-0.29414836,-0.26135686,-2.210892,NTRK3,LMC,E2F6,E2F
1398,1,-0.058015816,-0.18281521,1.0845106,HSPA4L,MEF,STAT3,Stat
1530,1,0.041926194,-0.24283965,-1.7830039,KCNAB2,MEF,GATA3,Zf
548,0,-0.44224238,-0.29509667,1.6800578,CHRNA1,LMC,MAFK,bZIP
2000,0,-0.10827843,-0.121736646,1.5370079,NLRC3,LMC,USF2,bHLH
1307,0,-0.33058694,-0.3917693,-1.3646489,H1FX,LMC,ELF1,ETS
61,1,-0.34914914,-0.27780795,-2.3633895,ADAMTS4,MEF,FOS,bZIP
2893,0,-0.34914914,-0.27780795,1.5128429,STRA6,LMC,FOS,bZIP
949,0,-0.5072217,-0.24450046,-1.0199808,F2RL1,LMC,ZBTB33,Zf
1272,1,-0.23244992,-0.52757335,-1.6432208,GRAP,MEF,PBX3,Homeobox
1694,1,-0.29414836,-0.26135686,3.8982577,LRP1B,MEF,E2F6,E2F
259,0,-0.3058912,-0.24283965,1.2429582,B3GNT8,LMC,YY1,Zf
1369,1,-0.13149443,-0.22249272,-1.037935,HOXB7,MEF,SP1,Zf
2664,1,-0.3430542,-0.3430542,1.5931308,SHISA7,MEF,PAX5,"Paired,Homeobox"
3109,0,-0.36645967,-0.22249272,-1.1976123,TRIM7,LMC,ZEB1,Zf
1588,0,-0.21437913,-0.2712014,-2.5663316,KLF12,LMC,E2F4,E2F
1478,1,-0.36550322,-0.47267562,-4.4361186,IRF8,MEF,PBX3,Homeobox
2203,1,-0.17407607,-0.121736646,-2.3934686,PHF19,MEF,MAX,bHLH
2915,0,-0.38339126,-0.24550179,-1.145586,SYNPO,LMC,ATF2,bZIP
1472,0,-0.42519194,-0.24333258,1.941947,IQGAP2,LMC,GATA1,Zf
3184,0,-0.37601265,-0.39942494,-1.2625906,UST,LMC,ELF1,ETS
1160,1,-0.44224238,-0.29509667,1.5012805,GBP6,MEF,MAFK,bZIP
347,0,-0.14976743,-0.22810093,-1.4652348,CACNB4,LMC,FOSL2,bZIP
173,0,0.016314197,-0.13941021,4.209049,AQP5,LMC,USF1,bHLH
2394,1,-0.10505258,-0.1342841,1.4080236,PTPRU,MEF,BHLHE40,bHLH
838,1,-0.15812221,-0.22249272,1.0910553,EAF2,MEF,YY1,Zf
1709,0,-0.049117733,-0.13941021,1.3213174,LRRN2,LMC,MAX,bHLH
1501,1,-0.29979625,-0.24283965,-1.452007,ITGB7,MEF,GATA1,Zf
2048,1,-0.19239004,-0.26135686,3.1048243,NT5E,MEF,E2F4,E2F
1141,0,-0.2548157,-0.22810093,-1.1767629,GALNT16,LMC,MAFF,bZIP
513,1,-0.17150766,-0.17150766,-1.6129766,CENPH,MEF,TEAD4,TEA
1349,1,-0.41913924,-0.24333258,-1.1300734,HN1,MEF,ZBTB33,Zf
1247,1,-0.01444126,-0.17255645,-1.054205,GPR161,MEF,STAT3,Stat
1422,0,-0.39205822,-0.27780795,1.7266241,IGFBP4,LMC,MAFK,bZIP
2091,0,-0.4420254,-0.26135686,-2.7508404,OSBPL6,LMC,E2F1,E2F
762,0,-0.29360482,-0.13941021,1.0946444,DLEU2,LMC,TCF12,bHLH
1747,0,-0.17513762,-0.146989,2.3040216,MAL2,LMC,BHLHE40,bHLH
1366,1,0.041926194,-0.24283965,-1.3707247,HOXB4,MEF,GATA3,Zf
1142,0,-0.29687634,-0.29687634,-2.5723739,GALNT18,LMC,PAX5,"Paired,Homeobox"
2750,0,-0.39804247,-0.17255645,1.0977395,SLC46A3,LMC,STAT1,Stat
2397,1,-0.46016192,-0.24450046,1.1374047,PTTG1,MEF,EGR1,Zf
2797,1,-0.38059002,-0.38059002,1.207182,SNX16,MEF,PAX5,"Paired,Homeobox"
3262,1,-0.14989896,-0.14989896,1.0464939,ZMYND12,MEF,TEAD4,TEA
1268,0,-0.12554857,-0.24550179,-1.1667958,GPSM1,LMC,JUND,bZIP
2210,1,-0.21918109,-0.21918109,-7.7534785,PIK3AP1,MEF,TCF3,HMG
1027,1,-0.4776695,-0.22249272,-1.7858437,FBN1,MEF,ZKSCAN1,Zf
711,0,0.048078425,-0.25471953,1.6064867,CYBRD1,LMC,BACH1,bZIP
265,0,-0.37601265,-0.39942494,-1.1247369,BAG2,LMC,ELF1,ETS
897,0,-0.19239004,-0.26135686,2.0287762,ENPP2,LMC,E2F4,E2F
2974,1,-0.38057798,-0.24450046,2.6131964,TGM7,MEF,GATA1,Zf
2930,0,-0.8933479,-0.52757335,-1.8156732,TACR1,LMC,CUX1,Homeobox
811,0,-0.63670325,-0.21953267,2.3256583,DPYSL5,LMC,FOXM1,Forkhead
2362,0,-0.28616667,-0.25693348,-1.2187368,PSAT1,LMC,E2F6,E2F
1335,1,-0.37776268,-0.37776268,1.0415667,HIST1H1C,MEF,TCF3,HMG
2122,1,-0.26188308,-0.27780795,1.9113377,PAQR6,MEF,FOSL2,bZIP
2379,1,-0.20776576,-0.20776576,-1.1953413,PTMS,MEF,EBF1,EBF
1504,0,-0.21907748,-0.27780795,1.9866703,ITM2A,LMC,JUND,bZIP
2260,1,-0.2808588,-0.24283965,-1.0602489,PLK3,MEF,ZEB1,Zf
924,1,-0.5315311,-0.5315311,1.5121096,ESR2,MEF,PAX5,"Paired,Homeobox"
2782,0,-0.26816452,-0.121736646,1.4552834,SMPD3,LMC,TCF12,bHLH
296,1,-0.13149443,-0.22249272,-1.5980535,BLNK,MEF,SP1,Zf
1251,0,-0.056725405,-0.121736646,1.769576,GPR183,LMC,BHLHE40,bHLH
1951,0,-0.21895796,-0.21895796,1.457444,NCEH1,LMC,EBF1,EBF
2308,1,-0.21918109,-0.21918109,1.3704175,PPFIBP2,MEF,TCF3,HMG
2218,1,-0.29360482,-0.13941021,1.3815172,PIP5K1B,MEF,TCF12,bHLH
1710,0,0.07771543,-0.1980394,-3.667879,LRRN3,LMC,STAT3,Stat
1382,0,-0.33817908,-0.29509667,3.4811542,HP,LMC,FOS,bZIP
1692,1,-0.60550106,-0.24450046,-1.0737952,LRIG1,MEF,SP2,Zf
2754,0,-0.38339126,-0.24550179,-1.0220879,SLC6A15,LMC,ATF2,bZIP
48,0,-0.29360482,-0.13941021,-1.7626135,ADAM19,LMC,TCF12,bHLH
1257,0,-0.169331,-0.25693348,1.0783671,GPR39,LMC,E2F4,E2F
2953,0,-0.46846294,-0.46846294,1.3918668,TECPR1,LMC,TCF3,HMG
2252,1,-0.3474289,-0.29509667,1.3349193,PLEKHH2,MEF,ATF1,bZIP
283,1,-0.29414836,-0.26135686,-1.572959,BEND4,MEF,E2F6,E2F
1002,0,-0.64209527,-0.1980394,-1.0779922,FAM57A,LMC,STAT1,Stat
2653,1,-0.169331,-0.25693348,2.324801,SH3RF2,MEF,E2F4,E2F
372,0,-0.46016192,-0.24450046,1.4587322,CASZ1,LMC,EGR1,Zf
467,0,-0.51637894,-0.42379856,-1.810972,CDC25C,LMC,CUX1,Homeobox
2716,0,-0.058015816,-0.18281521,1.2643375,SLC25A45,LMC,STAT3,Stat
978,0,0.023197008,-0.146989,-1.2696277,FAM174B,LMC,USF1,bHLH
2763,0,-0.7485091,-0.20371658,-1.3758038,SLC9A5,LMC,FOXM1,Forkhead
1101,1,-0.64209527,-0.1980394,-1.9451369,FOXM1,MEF,STAT1,Stat
2040,0,-0.29360482,-0.13941021,2.0650537,NRN1L,LMC,TCF12,bHLH
979,1,-0.27070102,-0.24450046,2.380448,FAM179A,MEF,GATA2,Zf
276,1,-0.21907748,-0.27780795,-1.0301375,BCAT1,MEF,JUND,bZIP
688,1,-0.37601265,-0.39942494,1.5035883,CTSH,MEF,ELF1,ETS
1740,1,-0.057535224,-0.27780795,3.3150687,MAB21L1,MEF,BACH1,bZIP
360,0,-0.08974322,-0.146989,3.0680733,CAMKV,LMC,MAX,bHLH
1316,1,-0.36550322,-0.47267562,-2.753857,HCK,MEF,PBX3,Homeobox
3051,1,-0.25341198,-0.22810093,1.3207757,TMX2,MEF,ATF3,bZIP
2716,0,-0.3375485,-0.1342841,1.2643375,SLC25A45,LMC,TCF12,bHLH
624,0,-0.33058694,-0.3917693,1.1434728,COL8A2,LMC,ELF1,ETS
2047,0,-0.37601265,-0.39942494,-1.497863,NT5DC2,LMC,ELF1,ETS
684,1,0.041926194,-0.24283965,-1.4739813,CTSC,MEF,GATA3,Zf
2139,0,-0.11649651,-0.25471953,-1.6610888,PCDH20,LMC,JUND,bZIP
1852,1,-0.44224238,-0.29509667,2.067125,MMP24,MEF,MAFK,bZIP
41,1,-0.41913924,-0.24333258,-1.2971035,ACTN3,MEF,ZBTB33,Zf
1045,1,-0.40533945,-0.39005762,-2.1285722,FES,MEF,GABPA,ETS
1214,1,-0.39205822,-0.27780795,1.1469135,GNAL,MEF,MAFK,bZIP
2773,1,-0.39205822,-0.27780795,3.0316215,SLITRK5,MEF,MAFK,bZIP
673,0,-0.33058694,-0.3917693,-2.225754,CSRP2,LMC,ELF1,ETS
2181,1,-0.3070402,-0.24450046,-1.0030161,PDXK,MEF,YY1,Zf
2920,1,-0.121607244,-0.24333258,2.0846374,SYT7,MEF,GATA3,Zf
531,1,-0.30776003,-0.24450046,1.2192872,CFAP61,MEF,ZNF263,Zf
2331,1,-0.26816452,-0.121736646,-1.1389894,PRG4,MEF,TCF12,bHLH
2378,0,-0.37698567,-0.4067228,1.532152,PTK2B,LMC,PBX3,Homeobox
1663,0,-0.057535224,-0.27780795,-1.4207319,LIN7B,LMC,BACH1,bZIP
2995,1,-0.15812221,-0.22249272,-2.069741,TLR1,MEF,YY1,Zf
709,1,-0.58496386,-0.4621776,-1.6690544,CYBA,MEF,IRF4,IRF
1924,0,-0.09351536,-0.24313685,2.0529895,MYO5B,LMC,STAT3,Stat
816,0,-0.56344664,-0.2712014,2.4848864,DSG2,LMC,E2F1,E2F
1340,0,-0.35028386,-0.4067228,-1.6869295,HLF,LMC,NANOG,Homeobox
1244,1,-0.42519194,-0.24333258,-2.028512,GPR155,MEF,GATA1,Zf
375,1,-0.00943349,-0.121736646,1.0318768,CATSPERD,MEF,USF1,bHLH
2551,1,-0.2838714,-0.47267562,1.4704177,RTN4R,MEF,NANOG,Homeobox
1406,1,-0.009410201,-0.10008492,-1.7902205,HVCN1,MEF,USF2,bHLH
1165,1,-0.4733331,-0.39005762,1.9005238,GCLC,MEF,ELK1,ETS
591,1,-0.10505258,-0.1342841,-1.332691,CNDP2,MEF,BHLHE40,bHLH
2009,0,-0.07763662,-0.20371658,-1.7142518,NNAT,LMC,FOXA2,Forkhead
2348,1,-0.14724034,-0.14724034,2.774758,PRRT1,MEF,EBF1,EBF
1491,1,0.048078425,-0.25471953,-1.4530721,ITGA5,MEF,BACH1,bZIP
1730,1,-0.5980523,-0.24283965,-4.433676,LYL1,MEF,ZBTB33,Zf
2833,0,-0.41320115,-0.25471953,2.0447345,SPI1,LMC,ATF1,bZIP
334,1,-0.32700178,-0.25159925,-7.577236,C5AR1,MEF,GATA1,Zf
263,0,-0.2952564,-0.2952564,-1.000722,B4GALT2,LMC,HNF4A,NR
1744,0,-0.011590093,-0.22249272,1.6160516,MAFB,LMC,GATA3,Zf
1193,1,-0.43345997,-0.22249272,2.4421263,GJA1,MEF,ZNF263,Zf
335,0,-0.3070402,-0.24450046,2.3234644,C5AR2,LMC,YY1,Zf
2495,0,-0.2678836,-0.24283965,-3.3809948,RGS4,LMC,SP1,Zf
1383,1,-0.13994873,-0.2053601,1.9862543,HPCAL4,MEF,FOXA2,Forkhead
2949,1,-0.33280078,-0.24333258,2.121441,TCFL5,MEF,GATA2,Zf
1828,0,-0.009410201,-0.10008492,1.4928061,MICALCL,LMC,USF2,bHLH
2726,0,-0.43756613,-0.41931188,1.9489392,SLC2A3,LMC,ETS1,ETS
803,1,-0.17853236,-0.13941021,1.2223613,DPM1,MEF,MYOG,bHLH
2213,1,-0.65183055,-0.47267562,-6.192615,PIK3CG,MEF,CUX1,Homeobox
1946,1,-0.64209527,-0.1980394,-2.066573,NCAPD2,MEF,STAT1,Stat
1917,1,-0.5315311,-0.5315311,1.8053218,MYO16,MEF,PAX5,"Paired,Homeobox"
229,0,0.03116794,-0.22249272,-1.6758331,ASPM,LMC,CTCF,Zf
296,1,-0.26737517,-0.25159925,-1.5980535,BLNK,MEF,ZKSCAN1,Zf
392,1,-0.32700178,-0.25159925,-1.855374,CCDC18,MEF,GATA1,Zf
53,1,0.22652079,-0.2053601,-5.6424417,ADAM8,MEF,FOXA1,Forkhead
1926,0,-0.1689725,-0.13941021,-1.8944793,MYOCD,LMC,BHLHE40,bHLH
739,1,-0.41913503,-0.41913503,1.5737567,DDN,MEF,TCF3,HMG
295,1,-0.46016192,-0.24450046,-2.380489,BIRC5,MEF,EGR1,Zf
2160,0,-0.63670325,-0.21953267,-1.2122647,PCYOX1L,LMC,FOXM1,Forkhead
1578,0,-0.062780954,-0.24333258,-2.1700678,KIF2C,LMC,SP1,Zf
2649,1,-0.34914914,-0.27780795,-2.037939,SH3BP2,MEF,FOS,bZIP
1081,1,-0.21918109,-0.21918109,-5.1929536,FMNL1,MEF,TCF3,HMG
3076,1,-0.46846294,-0.46846294,1.2808591,TOB1,MEF,TCF3,HMG
1288,1,-0.17150766,-0.17150766,3.1655743,GRM4,MEF,TEAD4,TEA
2819,1,-0.07449697,-0.25159925,2.2000391,SP6,MEF,CTCF,Zf
2591,1,-0.07763662,-0.20371658,-1.7827389,SCN9A,MEF,FOXA2,Forkhead
551,1,-0.056725405,-0.121736646,-1.0079558,CHST12,MEF,BHLHE40,bHLH
1424,0,-0.25436184,-0.25436184,1.8200285,IGFBP6,LMC,TEAD4,TEA
39,1,-0.37698567,-0.4067228,-1.1783521,ACTB,MEF,PBX3,Homeobox
2836,0,-0.3777494,-0.24283965,2.8364255,SPINT1,LMC,EGR1,Zf
1221,1,-0.16561359,-0.22810093,1.7337681,GORAB,MEF,JUND,bZIP
1978,0,-0.056725405,-0.121736646,1.1023682,NEURL3,LMC,BHLHE40,bHLH
1247,0,-0.01444126,-0.17255645,-1.8197378,GPR161,LMC,STAT3,Stat
283,1,-0.34278938,-0.41931188,-1.572959,BEND4,MEF,ELF1,ETS
2014,1,-0.29687634,-0.29687634,1.4636707,NOS1AP,MEF,PAX5,"Paired,Homeobox"
1978,1,-0.120565586,-0.1342841,-1.5159668,NEURL3,MEF,MAX,bHLH
48,1,-0.29414836,-0.26135686,-1.9442203,ADAM19,MEF,E2F6,E2F
856,0,-0.32442823,-0.39942494,-1.1511953,EFCAB11,LMC,ELK1,ETS
595,0,-0.13559982,-0.10008492,-3.6306407,CNN1,LMC,MAX,bHLH
2661,0,-0.8150283,-0.4653868,-1.2295792,SHF,LMC,IRF4,IRF
2821,1,-0.35453734,-0.24333258,1.3361486,SPA17,MEF,ZKSCAN1,Zf
2431,1,-0.2470073,-0.39005762,-1.6750872,RAD51,MEF,ETS1,ETS
1976,1,-0.33296144,-0.24550179,1.2830062,NET1,MEF,MAFK,bZIP
1100,1,-0.26816452,-0.121736646,3.06513,FOXL1,MEF,TCF12,bHLH
2174,0,-0.21907748,-0.27780795,-1.1295204,PDGFD,LMC,JUND,bZIP
212,1,-0.35806254,-0.38195667,1.2303027,ARRDC3,MEF,ETS1,ETS
634,1,-0.17407607,-0.121736646,1.7670674,COX6A2,MEF,MAX,bHLH
2479,1,-0.21918109,-0.21918109,-1.5733873,RCSD1,MEF,TCF3,HMG
1905,0,-0.33296144,-0.24550179,-3.562285,MYCT1,LMC,MAFK,bZIP
567,0,-0.25436184,-0.25436184,-1.3147784,CLCA1,LMC,TEAD4,TEA
2887,1,-0.2507436,-0.25159925,-1.508352,STMN1,MEF,ZEB1,Zf
609,1,-0.1505293,-0.1342841,2.5871143,COL14A1,MEF,USF2,bHLH
1885,0,0.028543921,-0.29509667,1.5789908,MST1R,LMC,BACH1,bZIP
1471,1,-0.2185933,-0.3794154,1.0656217,IQCK,MEF,IRF1,IRF
282,1,-0.40605056,-0.25471953,1.7105174,BDNF,MEF,ATF2,bZIP
1503,1,-0.07449697,-0.25159925,3.3708663,ITIH5,MEF,CTCF,Zf
900,1,-0.08974322,-0.146989,1.4426994,ENPP5,MEF,MAX,bHLH
944,1,-0.30003953,-0.30003953,-1.0039444,EZH2,MEF,NRF1,NRF
1921,0,-0.2507436,-0.25159925,1.0211234,MYO1D,LMC,ZEB1,Zf
173,0,-0.28121933,-0.25159925,4.209049,AQP5,LMC,SP1,Zf
707,1,-0.34029287,-0.28884968,1.7866613,CYB561,MEF,E2F4,E2F
2645,1,-0.14976743,-0.22810093,-1.7524849,SH2D4B,MEF,FOSL2,bZIP
1467,0,-0.08974322,-0.146989,1.7121326,INPP5J,LMC,MAX,bHLH
2451,0,-0.42519194,-0.24333258,-1.7096163,RARRES1,LMC,GATA1,Zf
1155,0,-0.07449697,-0.25159925,1.7282696,GATA4,LMC,CTCF,Zf
3243,0,-0.5313326,-0.24450046,-1.1205866,YBX3,LMC,ZKSCAN1,Zf
3104,1,-0.36259097,-0.38195667,-1.1894004,TRIM25,MEF,ELF1,ETS
826,1,-0.22240412,-0.10008492,1.482341,DUSP27,MEF,TCF12,bHLH
3190,0,-0.03437175,-0.039668236,2.2938786,VAV1,LMC,RFX5,HTH
2229,1,-0.10827843,-0.121736646,-2.035852,PLA2G4C,MEF,USF2,bHLH
2981,1,-0.32700178,-0.25159925,-1.7296494,TICAM2,MEF,GATA1,Zf
315,0,-0.37527534,-0.37527534,-1.1530434,BTBD3,LMC,NRF1,NRF
16,1,-0.169331,-0.25693348,-2.0503016,ABHD15,MEF,E2F4,E2F
2881,1,-0.2913164,-0.42379856,-1.7704527,STIL,MEF,NANOG,Homeobox
638,0,-0.35806254,-0.38195667,-1.236495,CPED1,LMC,ETS1,ETS
811,0,-0.4776695,-0.22249272,2.3256583,DPYSL5,LMC,ZKSCAN1,Zf
2982,0,-0.44168723,-0.24550179,-1.484277,TICRR,LMC,FOS,bZIP
1637,1,-0.2064243,-0.25159925,4.65431,LDOC1,MEF,YY1,Zf
1044,1,-0.26692143,-0.26692143,-5.357593,FERMT3,MEF,EBF1,EBF
899,1,-0.32700178,-0.25159925,1.4761393,ENPP4,MEF,GATA1,Zf
2247,1,0.023197008,-0.146989,2.2542877,PLEKHA6,MEF,USF1,bHLH
1001,1,-0.5313326,-0.24450046,-1.0467119,FAM49A,MEF,ZKSCAN1,Zf
99,1,-0.38278377,-0.42379856,1.0351957,AIG1,MEF,PBX3,Homeobox
511,1,-0.76012087,-0.50137913,-2.789674,CENPE,MEF,CUX1,Homeobox
2667,0,0.06421617,-0.24450046,1.0441486,SHROOM2,LMC,CTCF,Zf
11,1,-0.2997486,-0.24333258,-3.0846293,ABCC3,MEF,ZNF263,Zf
1567,1,-0.21301334,-0.25187832,-2.6418326,KIF14,MEF,E2F4,E2F
2069,0,-0.3375485,-0.1342841,-1.0984315,OAF,LMC,TCF12,bHLH
233,0,-0.44168723,-0.24550179,1.1636925,ATF6,LMC,FOS,bZIP
3255,0,-0.1666823,-0.13941021,-1.031493,ZFP41,LMC,USF2,bHLH
2514,1,-0.0065755714,-0.1342841,-1.7447139,RNASEL,MEF,MYOG,bHLH
430,1,-0.009410201,-0.10008492,-1.3414109,CCR5,MEF,USF2,bHLH
630,1,-0.38278377,-0.42379856,-4.2288876,CORO1A,MEF,PBX3,Homeobox
1599,0,0.041926194,-0.24283965,1.3884596,KLHL6,LMC,GATA3,Zf
1290,1,-0.22240412,-0.10008492,1.0688027,GRTP1,MEF,TCF12,bHLH
128,0,-0.22016564,-0.25159925,1.1151143,AMIGO2,LMC,GATA2,Zf
1251,1,-0.14989896,-0.14989896,-2.5312877,GPR183,MEF,TEAD4,TEA
2823,0,0.08411567,-0.24550179,-1.7413466,SPAG5,LMC,BACH1,bZIP
1335,1,-0.44168723,-0.24550179,1.0415667,HIST1H1C,MEF,FOS,bZIP
2192,1,-0.65183055,-0.47267562,-1.0880144,PFKFB4,MEF,CUX1,Homeobox
1055,1,0.011842721,-0.21953267,1.8330293,FGF5,MEF,FOXA1,Forkhead
1475,1,-0.19379956,-0.22810093,-2.8389897,IRF5,MEF,ATF2,bZIP
657,1,-0.08568381,-0.24450046,-2.2963889,CRMP1,MEF,MAZ,Zf
2972,1,-0.3076643,-0.4621776,-1.3267065,TGM2,MEF,IRF1,IRF
1793,1,-0.21918109,-0.21918109,-5.5781794,MCOLN3,MEF,TCF3,HMG
945,0,-0.18911669,-0.17782252,1.6291311,EZR,LMC,FOXA2,Forkhead
754,0,-0.062780954,-0.24333258,1.978781,DGKK,LMC,SP1,Zf
2896,1,-0.10369535,-0.10008492,1.5907596,STXBP6,MEF,BHLHE40,bHLH
1274,1,-0.4649995,-0.41931188,-1.1314675,GRB10,MEF,GABPA,ETS
1566,1,-0.3070402,-0.24450046,-2.457014,KIF11,MEF,YY1,Zf
1727,1,-0.40533945,-0.39005762,-1.39508,LY75,MEF,GABPA,ETS
2324,0,-0.121607244,-0.24333258,-1.082411,PRCP,LMC,GATA3,Zf
1791,1,-0.1689725,-0.13941021,-1.8528816,MCM6,MEF,BHLHE40,bHLH
845,0,-0.08106524,-0.08106524,1.2262235,ECM1,LMC,TEAD4,TEA
2985,0,-0.21301334,-0.25187832,1.1835107,TIMP1,LMC,E2F4,E2F
2867,0,-0.2583255,-0.12410606,1.8598232,ST8SIA4,LMC,MEF2A,MADS
1274,1,-0.65183055,-0.47267562,-1.1314675,GRB10,MEF,CUX1,Homeobox
977,0,-0.21459776,-0.24333258,-1.3537836,FAM171B,LMC,MAZ,Zf
1239,0,-0.25007766,-0.37009746,3.7169876,GPR133,LMC,IRF1,IRF
15,0,-0.08106524,-0.08106524,1.1249897,ABHD12,LMC,TEAD4,TEA
155,1,-0.3569094,-0.25159925,-1.0362561,AP1G2,MEF,ZNF263,Zf
1695,1,-0.09351536,-0.24313685,-2.3293726,LRR1,MEF,STAT3,Stat
2896,1,-0.2790477,-0.25471953,1.5907596,STXBP6,MEF,MAFF,bZIP
2845,0,-0.14989896,-0.14989896,-1.1286079,SPRY1,LMC,TEAD4,TEA
597,1,-0.1124492,-0.24333258,2.2867155,CNNM1,MEF,CTCF,Zf
2583,1,-0.39059436,-0.39059436,-1.9243826,SCML2,MEF,HNF4A,NR
2285,1,-0.44224238,-0.29509667,-2.140682,PODNL1,MEF,MAFK,bZIP
2452,0,-0.15812221,-0.22249272,1.991749,RASAL3,LMC,YY1,Zf
2837,1,-0.56297857,-0.22249272,2.7942443,SPINT2,MEF,ZBTB33,Zf
2371,0,-0.41913924,-0.24333258,1.82346,PTGDS,LMC,ZBTB33,Zf
1978,1,-0.1689725,-0.13941021,-1.5159668,NEURL3,MEF,BHLHE40,bHLH
3112,0,-0.15019357,-0.27780795,-1.0263593,TRNP1,LMC,MAFF,bZIP
2186,1,-0.1689725,-0.13941021,5.879746,PENK,MEF,BHLHE40,bHLH
1323,1,-0.07949572,-0.21953267,-1.2728531,HEG1,MEF,FOXA2,Forkhead
62,1,-0.36049217,-0.22810093,-1.7437918,ADAMTS6,MEF,FOS,bZIP
1355,1,-0.065101475,-0.08148018,4.282851,HOXA10,MEF,RFX5,HTH
2765,1,-0.13559982,-0.10008492,-1.4310114,SLC9B2,MEF,MAX,bHLH
2521,0,-0.21301334,-0.25187832,1.8557955,RNF180,LMC,E2F4,E2F
2012,1,-0.049117733,-0.13941021,2.3264077,NOG,MEF,MAX,bHLH
2328,0,-0.25007766,-0.37009746,1.683577,PRDX1,LMC,IRF1,IRF
2270,0,-0.011590093,-0.22249272,1.4930576,PLXDC1,LMC,GATA3,Zf
657,1,0.06421617,-0.24450046,-2.2963889,CRMP1,MEF,CTCF,Zf
1326,1,-0.21437913,-0.2712014,1.7722064,HERC3,MEF,E2F4,E2F
240,0,-0.1505293,-0.1342841,1.6032816,ATP1B1,LMC,USF2,bHLH
1643,1,0.041926194,-0.24283965,-1.383364,LGALS3,MEF,GATA3,Zf
1788,1,-0.056725405,-0.121736646,-1.1892185,MCM2,MEF,BHLHE40,bHLH
2404,0,-0.3569094,-0.25159925,2.0055208,PYGM,LMC,ZNF263,Zf
1893,0,-0.43756613,-0.41931188,1.4745281,MTSS1,LMC,ETS1,ETS
657,1,-0.0017048104,-0.121736646,-2.2963889,CRMP1,MEF,MYOG,bHLH
1777,0,-0.30003953,-0.30003953,-2.3094268,MATN2,LMC,NRF1,NRF
1011,1,-0.65735245,-0.17782252,-1.3060033,FAM83D,MEF,FOXM1,Forkhead
748,1,-0.7979473,-0.24283965,1.1444718,DENND6B,MEF,SP2,Zf
2203,1,-0.46165287,-0.4067228,-2.3934686,PHF19,MEF,CUX1,Homeobox
2281,1,-0.38071528,-0.24283965,-2.5417078,PNMA2,MEF,ZNF263,Zf
736,1,-0.4409798,-0.24450046,1.2125307,DCXR,MEF,ZEB1,Zf
240,0,-0.2064243,-0.25159925,1.6032816,ATP1B1,LMC,YY1,Zf
1037,1,0.0745308,-0.10944186,-1.6721005,FBXO48,MEF,FOXA2,Forkhead
494,0,-0.45038855,-0.39942494,-1.1015905,CDKN1C,LMC,GABPA,ETS
2193,1,-0.3076643,-0.4621776,-1.0504993,PFKL,MEF,IRF1,IRF
2537,1,-0.3070402,-0.24450046,-1.8166342,RPS6KA1,MEF,YY1,Zf
2796,1,-0.08568381,-0.24450046,1.6409645,SNTB1,MEF,MAZ,Zf
3237,1,0.17063665,-0.10944186,-2.1627874,XDH,MEF,FOXA1,Forkhead
1089,0,-0.2185933,-0.3794154,1.3984087,FNIP2,LMC,IRF1,IRF
407,1,-0.057535224,-0.27780795,1.0351427,CCDC90B,MEF,BACH1,bZIP
2545,1,-0.26692143,-0.26692143,1.4142245,RSPH4A,MEF,EBF1,EBF
262,1,-0.03437175,-0.039668236,-1.0602292,B4GALT1,MEF,RFX5,HTH
1279,1,-0.27070102,-0.24450046,1.2815939,GRIA2,MEF,GATA2,Zf
2849,0,-0.18621291,-0.24333258,1.9335068,SPTB,LMC,YY1,Zf
1904,0,-0.2727483,-0.2712014,-1.3284812,MYCL,LMC,E2F6,E2F
396,1,-0.2300118,-0.25159925,1.1600107,CCDC39,MEF,MAZ,Zf
253,1,-0.15812221,-0.22249272,-1.4933237,AXDND1,MEF,YY1,Zf
2192,1,-0.44224238,-0.29509667,-1.0880144,PFKFB4,MEF,MAFK,bZIP
1672,0,0.016311714,0.00623205,-2.157927,LMOD1,LMC,RFX5,HTH
156,1,-0.541412,-0.25159925,1.0755199,AP3M2,MEF,EGR1,Zf
1017,1,-0.121607244,-0.24333258,-1.9749366,FANCI,MEF,GATA3,Zf
2196,1,-0.3610153,-0.22249272,-1.4853812,PGAP3,MEF,EGR1,Zf
2421,0,-0.10505258,-0.1342841,-1.4811571,RAB38,LMC,BHLHE40,bHLH
1383,1,-0.24165441,-0.29509667,1.9862543,HPCAL4,MEF,JUND,bZIP
2054,1,-0.13559982,-0.10008492,1.6799653,NUCB2,MEF,MAX,bHLH
2563,1,-0.5313326,-0.24450046,-1.7429874,S1PR1,MEF,ZKSCAN1,Zf
681,0,-0.2470073,-0.39005762,1.057336,CTNNAL1,LMC,ETS1,ETS
2167,0,-0.25341198,-0.22810093,-1.4760718,PDE4A,LMC,ATF3,bZIP
2928,1,-0.22746871,-0.25187832,-1.1158868,TACC1,MEF,E2F6,E2F
3148,1,-0.1505293,-0.1342841,-2.1438007,TUBB3,MEF,USF2,bHLH
1417,1,-0.15054174,-0.24450046,-1.8870503,IGF1,MEF,GATA3,Zf
1596,1,-0.19612858,-0.146989,1.7371836,KLHL31,MEF,USF2,bHLH
3239,1,-0.13559982,-0.10008492,9.86263,XIST,MEF,MAX,bHLH
3164,1,-0.3058912,-0.24283965,1.1585988,UBXN11,MEF,YY1,Zf
1072,1,-0.13559982,-0.10008492,1.4296281,FILIP1,MEF,MAX,bHLH
1400,1,-0.08617797,-0.146989,3.6111457,HSPB2,MEF,MYOG,bHLH
1547,0,-0.38059002,-0.38059002,1.4255404,KCNJ2,LMC,PAX5,"Paired,Homeobox"
1393,1,-0.46016192,-0.24450046,1.8035604,HSBP1L1,MEF,EGR1,Zf
673,0,-0.2727483,-0.2712014,-2.225754,CSRP2,LMC,E2F6,E2F
1257,0,-0.22016564,-0.25159925,1.0783671,GPR39,LMC,GATA2,Zf
599,0,-0.120565586,-0.1342841,1.7921984,CNR2,LMC,MAX,bHLH
482,1,-0.37527534,-0.37527534,2.0275156,CDH17,MEF,NRF1,NRF
597,1,-0.21342848,-0.28884968,2.2867155,CNNM1,MEF,E2F6,E2F
2747,0,-0.5313326,-0.24450046,1.1855206,SLC44A1,LMC,ZKSCAN1,Zf
272,1,-0.29414836,-0.26135686,-1.0692208,BAZ1A,MEF,E2F6,E2F
1126,1,-0.440717,-0.25471953,2.7827566,FXYD1,MEF,MAFK,bZIP
476,1,-0.33639127,-0.4713425,-1.5113796,CDCA7,MEF,IRF1,IRF
1162,1,-0.08974322,-0.146989,1.5318578,GCA,MEF,MAX,bHLH
2716,1,-0.37665918,-0.37009746,-1.5039499,SLC25A45,MEF,IRF4,IRF
2,0,-0.038338926,-0.10008492,-1.8893709,AARD,LMC,MYOG,bHLH
1176,1,-0.062780954,-0.24333258,1.8748306,GDPD2,MEF,SP1,Zf
539,0,-0.37776268,-0.37776268,2.4118607,CHCHD10,LMC,TCF3,HMG
2727,0,-0.12554857,-0.24550179,-3.1119766,SLC2A4,LMC,JUND,bZIP
1124,1,-0.35806254,-0.38195667,1.2403598,FUNDC1,MEF,ETS1,ETS
539,0,-0.038338926,-0.10008492,2.4118607,CHCHD10,LMC,MYOG,bHLH
129,0,-0.17407607,-0.121736646,-2.1440854,AMPH,LMC,MAX,bHLH
3072,0,-0.33280078,-0.24333258,2.6370854,TNNT2,LMC,GATA2,Zf
1870,1,-0.08974322,-0.146989,1.035583,MR1,MEF,MAX,bHLH
2863,1,-0.46016192,-0.24450046,-1.4249822,ST6GALNAC2,MEF,EGR1,Zf
72,1,-0.049117733,-0.13941021,1.5808972,ADCY5,MEF,MAX,bHLH
2384,0,-0.42348737,-0.17137949,1.5178981,PTPN22,LMC,STAT1,Stat
2041,1,-0.37167174,-0.29509667,-3.8660052,NRROS,MEF,ATF2,bZIP
30,0,-0.22746871,-0.25187832,1.627162,ACOT4,LMC,E2F6,E2F
267,0,-0.21301334,-0.25187832,1.9370828,BAI2,LMC,E2F4,E2F
293,1,-0.10827843,-0.121736646,2.1769137,BHMT,MEF,USF2,bHLH
1015,1,-0.4733331,-0.39005762,-2.369543,FANCA,MEF,ELK1,ETS
3267,0,-0.1689725,-0.13941021,-1.2638365,ZWILCH,LMC,BHLHE40,bHLH
2452,0,-0.009364229,-0.17137949,1.991749,RASAL3,LMC,STAT3,Stat
521,1,-0.45038855,-0.39942494,-1.4729061,CENPU,MEF,GABPA,ETS
2126,1,-0.51637894,-0.42379856,-2.2247307,PARPBP,MEF,CUX1,Homeobox
737,1,-0.28121933,-0.25159925,-1.5723729,DDC,MEF,SP1,Zf
1821,0,-0.056725405,-0.121736646,-1.9097306,MFSD2A,LMC,BHLHE40,bHLH
763,0,-0.2808588,-0.24283965,2.4377005,DLG2,LMC,ZEB1,Zf
78,0,-0.09351536,-0.24313685,-1.8453362,ADM,LMC,STAT3,Stat
3130,0,-0.37167174,-0.29509667,1.172865,TSPAN33,LMC,ATF2,bZIP
165,1,-0.07449697,-0.25159925,-2.339726,APOBEC1,MEF,CTCF,Zf
219,0,-0.5313326,-0.24450046,-1.2496016,ASAP3,LMC,ZKSCAN1,Zf
1819,1,-0.3569094,-0.25159925,-2.406955,MFNG,MEF,ZNF263,Zf
1707,0,-0.40787458,-0.3917693,-1.0357177,LRRC8E,LMC,GABPA,ETS
1454,1,-0.48813832,-0.3794154,-2.9114602,IL21R,MEF,IRF4,IRF
2789,1,-0.19239004,-0.26135686,1.0173306,SNCA,MEF,E2F4,E2F
1792,1,-0.51944894,-0.25159925,-5.093406,MCOLN2,MEF,BCL11A,Zf
402,0,-0.34914914,-0.27780795,-1.6334089,CCDC8,LMC,FOS,bZIP
2195,1,-0.36049217,-0.22810093,-1.526995,PGAP1,MEF,FOS,bZIP
1012,1,-0.1124492,-0.24333258,1.7869244,FAM83G,MEF,CTCF,Zf
2474,1,-0.3375485,-0.1342841,3.725891,RBP4,MEF,TCF12,bHLH
1632,0,-0.14989896,-0.14989896,2.3882258,LCP2,LMC,TEAD4,TEA
784,1,-0.192465,-0.27780795,1.0831264,DNAJB4,MEF,ATF3,bZIP
1514,0,-0.07449697,-0.25159925,1.9986963,JAM2,LMC,CTCF,Zf
2090,1,-0.26692143,-0.26692143,1.4809719,OSBPL3,MEF,EBF1,EBF
1311,1,-0.17513762,-0.146989,7.3846617,HAPLN1,MEF,BHLHE40,bHLH
1166,0,-0.20916343,-0.20916343,1.0405315,GCLM,LMC,NRF1,NRF
2892,1,-0.0061152284,-0.10008492,1.5128534,STPG1,MEF,USF1,bHLH
1038,1,-0.36645967,-0.22249272,-1.7113899,FBXO5,MEF,ZEB1,Zf
224,1,-0.11649651,-0.25471953,3.5793529,ASCL1,MEF,JUND,bZIP
3179,1,-0.7941223,-0.24283965,1.7156341,UPK3BL,MEF,BCL11A,Zf
854,0,-0.21907748,-0.27780795,1.3689325,EEPD1,LMC,JUND,bZIP
1582,1,-0.65183055,-0.47267562,1.0983452,KIF9,MEF,CUX1,Homeobox
2943,0,-0.21301334,-0.25187832,-2.6637702,TBXA2R,LMC,E2F4,E2F
923,1,-0.08617797,-0.146989,-3.2897458,ESPL1,MEF,MYOG,bHLH
377,0,-0.28616667,-0.25693348,-1.1839267,CBS,LMC,E2F6,E2F
964,1,-0.2470073,-0.39005762,-1.0839863,FAM109B,MEF,ETS1,ETS
1038,1,-0.33817908,-0.29509667,-1.7113899,FBXO5,MEF,FOS,bZIP
3190,0,-0.46165287,-0.4067228,2.2938786,VAV1,LMC,CUX1,Homeobox
673,0,-0.09351536,-0.24313685,-2.225754,CSRP2,LMC,STAT3,Stat
241,1,-0.43756613,-0.41931188,1.1553295,ATP1B2,MEF,ETS1,ETS
1171,1,-0.120565586,-0.1342841,-2.000288,GDF10,MEF,MAX,bHLH
1862,1,-0.5313326,-0.24450046,1.1564282,MORN2,MEF,ZKSCAN1,Zf
2693,0,0.011842721,-0.21953267,1.0595441,SLC16A1,LMC,FOXA1,Forkhead
2458,0,-0.18621291,-0.24333258,-1.8068208,RASGRP1,LMC,YY1,Zf
2140,0,-0.17150766,-0.17150766,-1.5070939,PCDH9,LMC,TEAD4,TEA
2969,1,-0.34029287,-0.28884968,-1.1554362,TGFB1I1,MEF,E2F4,E2F
1772,0,-0.46016192,-0.24450046,-1.9541781,MASP1,LMC,EGR1,Zf
2519,1,-0.121607244,-0.24333258,1.334966,RNF152,MEF,GATA3,Zf
43,1,-0.21918109,-0.21918109,-1.1028354,ACY1,MEF,TCF3,HMG
1323,0,-0.01444126,-0.17255645,1.1139588,HEG1,LMC,STAT3,Stat
661,1,-0.30003953,-0.30003953,-1.0394434,CRYL1,MEF,NRF1,NRF
236,1,-0.2790477,-0.25471953,1.5191864,ATG9B,MEF,MAFF,bZIP
475,1,-0.6928834,-0.10944186,-1.4936433,CDCA5,MEF,FOXM1,Forkhead
644,0,0.0745308,-0.10944186,-3.9277136,CRABP1,LMC,FOXA2,Forkhead
1422,1,-0.1826178,-0.24450046,2.4270205,IGFBP4,MEF,SP1,Zf
2365,0,-0.659372,-0.27780795,1.6807243,PSMB8,LMC,BATF,bZIP
975,1,-0.1826178,-0.24450046,1.2401816,FAM161B,MEF,SP1,Zf
72,1,-0.37698567,-0.4067228,1.5808972,ADCY5,MEF,PBX3,Homeobox
3080,0,-0.29360482,-0.13941021,1.7830621,TOX2,LMC,TCF12,bHLH
1852,1,-0.35806254,-0.38195667,2.067125,MMP24,MEF,ETS1,ETS
2284,0,-0.0065755714,-0.1342841,1.3532875,PNPLA7,LMC,MYOG,bHLH
3241,0,-0.10827843,-0.121736646,-3.2962632,XKR5,LMC,USF2,bHLH
2517,1,-0.2849582,-0.2849582,-2.6548548,RNF144A,MEF,EBF1,EBF
138,1,-0.12447846,-0.22249272,-2.2497957,ANKLE1,MEF,GATA2,Zf
291,1,-0.3869897,-0.39942494,1.8680252,BHLHA15,MEF,ETS1,ETS
1625,1,-0.66942716,-0.22810093,2.403555,LARS2,MEF,BATF,bZIP
3050,0,0.07771543,-0.1980394,-2.8433716,TMTC1,LMC,STAT3,Stat
3098,1,0.03645469,-0.22810093,-2.2575493,TREML4,MEF,BACH1,bZIP
1595,1,-0.056725405,-0.121736646,1.9454163,KLHL30,MEF,BHLHE40,bHLH
2686,1,-0.39205822,-0.27780795,1.0133885,SLC12A2,MEF,MAFK,bZIP
1514,1,-0.43345997,-0.22249272,1.0657926,JAM2,MEF,ZNF263,Zf
1095,0,-0.13559982,-0.10008492,-1.7231222,FOXC1,LMC,MAX,bHLH
3268,1,-0.14724034,-0.14724034,-1.4214575,ZYX,MEF,EBF1,EBF
777,0,-0.19239004,-0.26135686,-1.7678535,DNAH11,LMC,E2F4,E2F
1783,1,-0.4733331,-0.39005762,-1.3982825,MCAM,MEF,ELK1,ETS
3144,1,-0.34278938,-0.41931188,-1.550395,TTYH3,MEF,ELF1,ETS
1559,0,-0.3705123,-0.25471953,-1.662673,KCTD15,LMC,FOSL2,bZIP
2329,0,-0.10827843,-0.121736646,-1.5005978,PRELID2,LMC,USF2,bHLH
1361,1,0.016314197,-0.13941021,-1.8635479,HOXA6,MEF,USF1,bHLH
2504,1,0.03116794,-0.22249272,-1.9587698,RHOV,MEF,CTCF,Zf
2268,0,-0.17407607,-0.121736646,1.4241343,PLTP,LMC,MAX,bHLH
1564,1,-0.062780954,-0.24333258,-8.807204,KDM5D,MEF,SP1,Zf
1571,1,-0.65183055,-0.47267562,-2.078099,KIF20B,MEF,CUX1,Homeobox
121,1,-0.30779734,-0.3917693,2.0530162,ALPL,MEF,ETS1,ETS
1093,0,-0.120565586,-0.1342841,1.141777,FOS,LMC,MAX,bHLH
2290,1,-0.30779734,-0.3917693,-2.1355774,POLE,MEF,ETS1,ETS
1605,0,-0.2838714,-0.47267562,-1.703923,KNTC1,LMC,NANOG,Homeobox
2677,1,-0.8150283,-0.4653868,-1.5746429,SKA3,MEF,IRF4,IRF
956,1,-0.120565586,-0.1342841,-1.3874118,FABP5,MEF,MAX,bHLH
1811,1,0.0745308,-0.10944186,1.4938444,MEST,MEF,FOXA2,Forkhead
872,1,-0.35028386,-0.4067228,-2.1995416,EGR2,MEF,NANOG,Homeobox
563,0,-0.121607244,-0.24333258,-1.8968099,CKAP2L,LMC,GATA3,Zf
321,1,-0.20454665,-0.20454665,-2.3385303,BUB1B,MEF,TEAD4,TEA
169,0,-0.058015816,-0.18281521,2.8778405,APOE,LMC,STAT3,Stat
1735,0,-0.1124492,-0.24333258,-1.6968054,LYSMD2,LMC,CTCF,Zf
2189,0,-0.33080074,-0.22810093,1.8269398,PF4,LMC,MAFK,bZIP
565,1,-0.23244992,-0.52757335,-1.2009269,CKS1B,MEF,PBX3,Homeobox
528,0,-0.21342848,-0.28884968,1.2754617,CERK,LMC,E2F6,E2F
906,1,-0.14989896,-0.14989896,-1.1253309,EPHA4,MEF,TEAD4,TEA
1955,0,-0.28121933,-0.25159925,2.1906483,NCKAP1L,LMC,SP1,Zf
482,1,0.018755239,0.02968777,2.0275156,CDH17,MEF,RFX5,HTH
2831,0,0.016311714,0.00623205,-1.2344358,SPHK1,LMC,RFX5,HTH
2794,1,-0.5069276,-0.27780795,-1.930804,SNORA31,MEF,ATF2,bZIP
587,1,-0.22016564,-0.25159925,-1.241753,CMKLR1,MEF,GATA2,Zf
1775,1,-0.3705123,-0.25471953,-1.0848607,MASTL,MEF,FOSL2,bZIP
321,1,-0.38490406,-0.38490406,-2.3385303,BUB1B,MEF,PAX5,"Paired,Homeobox"
175,0,-0.3022701,-0.29509667,1.1491375,ARAP2,LMC,FOSL2,bZIP
2771,1,-0.23244992,-0.52757335,3.254584,SLITRK3,MEF,PBX3,Homeobox
996,0,-0.69426614,-0.4713425,-1.008624,FAM3C,LMC,IRF3,IRF
219,0,-0.37776268,-0.37776268,-1.2496016,ASAP3,LMC,TCF3,HMG
2412,1,0.07771543,-0.1980394,-2.1315699,RAB19,MEF,STAT3,Stat
1192,0,-0.31818998,-0.24333258,2.1297517,GIPC2,LMC,ZEB1,Zf
1590,0,-0.1124492,-0.24333258,-1.6905694,KLF8,LMC,CTCF,Zf
1908,1,-0.34914914,-0.27780795,2.8399744,MYH14,MEF,FOS,bZIP
199,0,-0.056725405,-0.121736646,-1.0538654,ARHGEF4,LMC,BHLHE40,bHLH
2756,0,-0.0061152284,-0.10008492,2.041336,SLC7A14,LMC,USF1,bHLH
2950,1,0.13713937,-0.20371658,-1.668541,TCIRG1,MEF,FOXA1,Forkhead
1002,0,-0.45392957,-0.28884968,-1.0779922,FAM57A,LMC,E2F1,E2F
120,0,-0.07449697,-0.25159925,1.703512,ALPK3,LMC,CTCF,Zf
2617,1,-0.41320115,-0.25471953,-1.5712881,SEPP1,MEF,ATF1,bZIP
2705,0,-0.2064243,-0.25159925,1.2930623,SLC18A1,LMC,YY1,Zf
1454,0,-0.3777494,-0.24283965,2.2008123,IL21R,LMC,EGR1,Zf
3057,1,-0.17702122,-0.27780795,2.68171,TNFAIP8L3,MEF,ATF1,bZIP
1208,0,-0.25436184,-0.25436184,-1.3932074,GLT8D2,LMC,TEAD4,TEA
2158,1,-0.14976743,-0.22810093,-1.375321,PCSK5,MEF,FOSL2,bZIP
3178,0,-0.25436184,-0.25436184,1.1493187,UPK3B,LMC,TEAD4,TEA
556,1,-0.2859068,-0.146989,-1.3128588,CHSY3,MEF,TCF12,bHLH
2660,1,-0.71579945,-0.37009746,-2.911555,SHCBP1,MEF,IRF3,IRF
3007,0,-0.2808588,-0.24283965,1.5005039,TMEM106A,LMC,ZEB1,Zf
3004,1,-0.6928834,-0.10944186,1.3661466,TMBIM4,MEF,FOXM1,Forkhead
476,1,-0.22016564,-0.25159925,-1.5113796,CDCA7,MEF,GATA2,Zf
3174,1,-0.15812221,-0.22249272,1.6225072,UNC5D,MEF,YY1,Zf
2971,1,-0.30779734,-0.3917693,-1.6132019,TGFBR3,MEF,ETS1,ETS
1388,1,-0.440717,-0.25471953,3.329269,HRASLS,MEF,MAFK,bZIP
713,1,0.016314197,-0.13941021,1.1914463,CYLD,MEF,USF1,bHLH
2747,0,-0.659372,-0.27780795,1.1855206,SLC44A1,LMC,BATF,bZIP
2860,0,-0.1505293,-0.1342841,1.0725029,ST14,LMC,USF2,bHLH
1978,1,-0.2300118,-0.25159925,-1.5159668,NEURL3,MEF,MAZ,Zf
1507,0,-0.9852809,-0.65067613,3.2428863,IVL,LMC,MEF2A,MADS
2502,0,-0.2808588,-0.24283965,-1.5356117,RHOF,LMC,ZEB1,Zf
1346,0,-0.5313326,-0.24450046,1.851924,HMHA1,LMC,ZKSCAN1,Zf
2040,0,-0.20454665,-0.20454665,2.0650537,NRN1L,LMC,TEAD4,TEA
990,1,-0.19612858,-0.146989,1.026783,FAM204A,MEF,USF2,bHLH
563,0,-0.21907748,-0.27780795,-1.8968099,CKAP2L,LMC,JUND,bZIP
2250,1,0.016314197,-0.13941021,-1.2923962,PLEKHG3,MEF,USF1,bHLH
3104,1,-0.40533945,-0.39005762,-1.1894004,TRIM25,MEF,GABPA,ETS
419,1,0.07771543,-0.1980394,-1.012127,CCM2,MEF,STAT3,Stat
974,1,-0.24165441,-0.29509667,1.7157836,FAM159B,MEF,JUND,bZIP
2616,0,-0.21301334,-0.25187832,-1.1018522,SEMA6C,LMC,E2F4,E2F
2865,0,-0.2064243,-0.25159925,2.110686,ST8SIA1,LMC,YY1,Zf
1658,0,-0.121607244,-0.24333258,-1.1199588,LIMCH1,LMC,GATA3,Zf
1914,1,-0.44224238,-0.29509667,-2.1130252,MYLK,MEF,MAFK,bZIP
365,0,-0.2470073,-0.39005762,1.8891319,CARD9,LMC,ETS1,ETS
2840,1,-0.1607576,-0.24283965,-2.3704991,SPOCD1,MEF,MAZ,Zf
465,1,0.041926194,-0.24283965,-2.799609,CDC20,MEF,GATA3,Zf
2250,1,-0.2997486,-0.24333258,-1.2923962,PLEKHG3,MEF,ZNF263,Zf
789,1,-0.39205822,-0.27780795,-1.4228231,DNER,MEF,MAFK,bZIP
1556,0,-0.26816452,-0.121736646,-1.816372,KCNS3,LMC,TCF12,bHLH
3084,1,-0.169331,-0.25693348,2.0897598,TPH2,MEF,E2F4,E2F
513,1,-0.20916343,-0.20916343,-1.6129766,CENPH,MEF,NRF1,NRF
939,1,0.07771543,-0.1980394,1.7114613,EXPH5,MEF,STAT3,Stat
245,1,0.023197008,-0.146989,1.8436075,ATP6V0E2,MEF,USF1,bHLH
2815,1,-0.63670325,-0.21953267,-2.193145,SP100,MEF,FOXM1,Forkhead
2565,0,0.22652079,-0.2053601,-2.6449437,S1PR3,LMC,FOXA1,Forkhead
1570,1,-0.46165287,-0.4067228,-2.6483867,KIF20A,MEF,CUX1,Homeobox
262,1,-0.39804247,-0.17255645,-1.0602292,B4GALT1,MEF,STAT1,Stat
367,1,0.018755239,0.02968777,-2.5895154,CASC5,MEF,RFX5,HTH
2952,0,0.67699045,-0.25159925,-1.498963,TEAD2,LMC,PRDM1,Zf
3109,0,-0.21918109,-0.21918109,-1.1976123,TRIM7,LMC,TCF3,HMG
1749,1,-0.13149443,-0.22249272,-1.3053963,MAMDC2,MEF,SP1,Zf
763,1,-0.37601265,-0.39942494,2.0220814,DLG2,MEF,ELF1,ETS
571,1,-0.2185933,-0.3794154,1.4271123,CLEC11A,MEF,IRF1,IRF
2795,0,-0.25007766,-0.37009746,1.1839118,SNTA1,LMC,IRF1,IRF
1350,0,-0.2300118,-0.25159925,1.3456764,HNMT,LMC,MAZ,Zf
3043,1,-0.2808588,-0.24283965,-2.8654144,TMEM51,MEF,ZEB1,Zf
3069,0,-0.21895796,-0.21895796,3.123341,TNNI2,LMC,EBF1,EBF
1456,1,-0.13149443,-0.22249272,2.07193,IL31RA,MEF,SP1,Zf
2057,1,-0.29414836,-0.26135686,-2.8949068,NUF2,MEF,E2F6,E2F
1548,1,-0.30779734,-0.3917693,1.2121007,KCNJ4,MEF,ETS1,ETS
2990,1,-0.21437913,-0.2712014,-1.960353,TK1,MEF,E2F4,E2F
899,1,-0.7502766,-0.4621776,1.4761393,ENPP4,MEF,IRF3,IRF
3043,1,-0.049117733,-0.13941021,-2.8654144,TMEM51,MEF,MAX,bHLH
1648,0,0.03116794,-0.22249272,1.3943249,LGMN,LMC,CTCF,Zf
2408,0,-0.10827843,-0.121736646,-1.2367245,QSOX1,LMC,USF2,bHLH
1873,1,-0.29414836,-0.26135686,1.9898062,MREG,MEF,E2F6,E2F
714,1,0.22652079,-0.2053601,5.836115,CYP1A1,MEF,FOXA1,Forkhead
1920,1,-0.24165441,-0.29509667,-2.363597,MYO1B,MEF,JUND,bZIP
793,1,-0.37665918,-0.37009746,-3.6299744,DOCK10,MEF,IRF4,IRF
321,1,-0.10505258,-0.1342841,-2.3385303,BUB1B,MEF,BHLHE40,bHLH
3092,0,-0.21918109,-0.21918109,-1.177422,TRANK1,LMC,TCF3,HMG
1769,0,-0.45963168,-0.45963168,1.4566643,MAPK4,LMC,TCF3,HMG
465,0,-0.07449697,-0.25159925,-2.1160264,CDC20,LMC,CTCF,Zf
1251,1,-0.37167174,-0.29509667,-2.5312877,GPR183,MEF,ATF2,bZIP
77,1,-0.17150766,-0.17150766,-1.0111213,ADHFE1,MEF,TEAD4,TEA
2626,1,-0.3569094,-0.25159925,3.1389117,SERPINE2,MEF,ZNF263,Zf
945,0,-0.48430756,-0.24313685,1.6291311,EZR,LMC,STAT1,Stat
1201,1,-0.3625331,-0.38195667,5.889658,GLDN,MEF,GABPA,ETS
2028,1,-0.16561359,-0.22810093,-1.8697422,NPTX2,MEF,JUND,bZIP
3173,1,-0.10369535,-0.10008492,2.8903458,UNC5C,MEF,BHLHE40,bHLH
3190,1,-0.01444126,-0.17255645,-7.1439543,VAV1,MEF,STAT3,Stat
1160,1,-0.25165793,-0.0023815737,1.5012805,GBP6,MEF,MEF2A,MADS
3188,1,-0.24165441,-0.29509667,-1.032395,VASP,MEF,JUND,bZIP
1600,1,-0.8150283,-0.4653868,1.5696979,KLHL8,MEF,IRF4,IRF
2324,0,-0.17425032,-0.41931188,-1.082411,PRCP,LMC,ELK4,ETS
1038,1,-0.3070402,-0.24450046,-1.7113899,FBXO5,MEF,YY1,Zf
850,1,-0.10827843,-0.121736646,2.0852404,EDIL3,MEF,USF2,bHLH
35,0,0.0745308,-0.10944186,-1.0941339,ACSS2,LMC,FOXA2,Forkhead
1629,1,-0.3070402,-0.24450046,-3.0095243,LCE1F,MEF,YY1,Zf
2196,1,-0.24165441,-0.29509667,-1.4853812,PGAP3,MEF,JUND,bZIP
990,1,-0.17425032,-0.41931188,1.026783,FAM204A,MEF,ELK4,ETS
2264,1,-0.23244992,-0.52757335,4.185354,PLP1,MEF,PBX3,Homeobox
909,0,-0.21895796,-0.21895796,-1.0061626,EPHB3,LMC,EBF1,EBF
1885,1,-0.37698567,-0.4067228,-1.5366282,MST1R,MEF,PBX3,Homeobox
3144,1,-0.12554857,-0.24550179,-1.550395,TTYH3,MEF,JUND,bZIP
2765,1,-0.5072217,-0.24450046,-1.4310114,SLC9B2,MEF,ZBTB33,Zf
180,0,-0.0017048104,-0.121736646,1.0911804,ARHGAP18,LMC,MYOG,bHLH
395,0,-0.1505293,-0.1342841,-1.8284899,CCDC37,LMC,USF2,bHLH
824,0,-0.45963168,-0.45963168,1.9490372,DUSP13,LMC,TCF3,HMG
1669,1,-0.40787458,-0.3917693,-2.0333745,LMNB1,MEF,GABPA,ETS
163,0,-0.009410201,-0.10008492,1.7885092,APLP1,LMC,USF2,bHLH
2092,0,-0.14724034,-0.14724034,1.1467197,OSGIN1,LMC,EBF1,EBF
3136,0,-0.48430756,-0.24313685,1.0255241,TTC9,LMC,STAT1,Stat
998,1,-0.4649995,-0.41931188,-1.6308671,FAM46B,MEF,GABPA,ETS
282,1,-0.10369535,-0.10008492,1.7105174,BDNF,MEF,BHLHE40,bHLH
1982,0,-0.27070102,-0.24450046,1.525791,NFATC2,LMC,GATA2,Zf
2415,1,-0.1124492,-0.24333258,2.8182907,RAB26,MEF,CTCF,Zf
3050,0,-0.3773888,-0.18281521,-2.8433716,TMTC1,LMC,STAT1,Stat
1382,0,-0.0013588448,-0.24283965,3.4811542,HP,LMC,CTCF,Zf
493,1,-0.43756613,-0.41931188,2.4994574,CDKL4,MEF,ETS1,ETS
1119,1,-0.062780954,-0.24333258,-1.7919841,FST,MEF,SP1,Zf
1823,0,-0.28616667,-0.25693348,1.2423477,MGAT3,LMC,E2F6,E2F
2180,0,-0.065101475,-0.08148018,1.0017053,PDPN,LMC,RFX5,HTH
2991,0,-0.46846294,-0.46846294,-1.3919637,TLCD1,LMC,TCF3,HMG
521,1,-0.36550322,-0.47267562,-1.4729061,CENPU,MEF,PBX3,Homeobox
335,0,-0.26692143,-0.26692143,2.3234644,C5AR2,LMC,EBF1,EBF
2069,0,-0.33058694,-0.3917693,-1.0984315,OAF,LMC,ELF1,ETS
2904,1,-0.13559982,-0.10008492,1.5065486,SV2B,MEF,MAX,bHLH
2658,0,-0.17702122,-0.27780795,-1.9436976,SHC2,LMC,ATF1,bZIP
2981,1,-0.38490406,-0.38490406,-1.7296494,TICAM2,MEF,PAX5,"Paired,Homeobox"
2024,1,-0.03437175,-0.039668236,-1.0663133,NPL,MEF,RFX5,HTH
1316,0,-0.24165441,-0.29509667,2.3319273,HCK,LMC,JUND,bZIP
488,1,-0.21918109,-0.21918109,-1.5366021,CDK1,MEF,TCF3,HMG
3032,1,-0.058015816,-0.18281521,-1.1495689,TMEM221,MEF,STAT3,Stat
2233,0,-0.12554857,-0.24550179,-2.8839755,PLAC8,LMC,JUND,bZIP
673,1,-0.38278377,-0.42379856,-1.4267927,CSRP2,MEF,PBX3,Homeobox
1725,0,-0.4467859,-0.3917693,-1.1906093,LURAP1L,LMC,ELK1,ETS
2956,0,-0.40533945,-0.39005762,-1.2224838,TERT,LMC,GABPA,ETS
1863,1,-0.058015816,-0.18281521,1.3866092,MORN4,MEF,STAT3,Stat
155,1,-0.08974322,-0.146989,-1.0362561,AP1G2,MEF,MAX,bHLH
3061,1,-0.4467859,-0.3917693,2.643537,TNFRSF19,MEF,ELK1,ETS
279,1,-0.19379956,-0.22810093,1.0185626,BCL11B,MEF,ATF2,bZIP
445,1,-0.049117733,-0.13941021,-3.5008187,CD33,MEF,MAX,bHLH
1463,1,-0.35806254,-0.38195667,-1.116266,INCENP,MEF,ETS1,ETS
2292,1,-0.26188308,-0.27780795,-1.5553532,POLQ,MEF,FOSL2,bZIP
1141,0,-0.17853236,-0.13941021,-1.1767629,GALNT16,LMC,MYOG,bHLH
647,0,-0.16941127,-0.25471953,3.008561,CRCT1,LMC,FOS,bZIP
473,0,-0.39205822,-0.27780795,-1.7247705,CDCA2,LMC,MAFK,bZIP
2245,1,-0.4733331,-0.39005762,1.3951396,PLEK2,MEF,ELK1,ETS
3074,1,-0.03437175,-0.039668236,1.9111053,TNS4,MEF,RFX5,HTH
3007,0,-0.2548157,-0.22810093,1.5005039,TMEM106A,LMC,MAFF,bZIP
526,0,-0.30779734,-0.3917693,-1.5504444,CEP72,LMC,ETS1,ETS
3154,0,-0.049117733,-0.13941021,-1.1298621,TXNRD3,LMC,MAX,bHLH
790,0,-0.44168723,-0.24550179,1.4997923,DNM1,LMC,FOS,bZIP
788,0,-0.20916343,-0.20916343,1.1742103,DNASE1L1,LMC,NRF1,NRF
2668,0,-0.17407607,-0.121736646,1.419319,SHROOM3,LMC,MAX,bHLH
1742,0,-0.2064243,-0.25159925,1.2771919,MADD,LMC,YY1,Zf
510,0,-0.20953742,-0.22249272,-1.3674154,CENPA,LMC,MAZ,Zf
1118,1,-0.541412,-0.25159925,1.1508414,FSIP1,MEF,EGR1,Zf
1618,1,0.041926194,-0.24283965,2.025369,LAMA5,MEF,GATA3,Zf
1844,0,-0.01444126,-0.17255645,-1.2069457,MMP11,LMC,STAT3,Stat
1506,0,-0.41913503,-0.41913503,1.1775964,ITPR1,LMC,TCF3,HMG
1480,0,-0.18621291,-0.24333258,-1.28566,IRX1,LMC,YY1,Zf
2852,0,-0.5313326,-0.24450046,-1.4059516,SRD5A1,LMC,ZKSCAN1,Zf
289,1,-0.34278938,-0.41931188,-2.1762085,BEX4,MEF,ELF1,ETS
81,0,-0.33080074,-0.22810093,2.8394833,ADORA3,LMC,MAFK,bZIP
2005,1,-0.3610153,-0.22249272,-1.774617,NME2,MEF,EGR1,Zf
1947,1,-0.33639127,-0.4713425,-1.986602,NCAPG,MEF,IRF1,IRF
3199,1,0.016314197,-0.13941021,1.1633813,VKORC1,MEF,USF1,bHLH
2460,1,0.03116794,-0.22249272,-1.0421484,RASGRP4,MEF,CTCF,Zf
703,0,-0.38278377,-0.42379856,1.933904,CXCR4,LMC,PBX3,Homeobox
2035,1,-0.2859068,-0.146989,1.1484754,NR4A2,MEF,TCF12,bHLH
1495,1,-0.31818998,-0.24333258,-5.9863725,ITGAL,MEF,ZEB1,Zf
2239,0,-0.34914914,-0.27780795,2.2984276,PLCE1,LMC,FOS,bZIP
1818,1,-0.27070102,-0.24450046,-2.1835046,MFAP5,MEF,GATA2,Zf
751,1,0.03116794,-0.22249272,3.2691665,DES,MEF,CTCF,Zf
1942,1,-0.3076643,-0.4621776,-1.5559199,NAV1,MEF,IRF1,IRF
2087,0,-0.14724034,-0.14724034,1.5545127,OPCML,LMC,EBF1,EBF
2224,1,0.018755239,0.02968777,-2.260149,PKMYT1,MEF,RFX5,HTH
2073,0,-0.29360482,-0.13941021,-1.2275139,OBSL1,LMC,TCF12,bHLH
2187,1,-0.26188308,-0.27780795,2.418656,PERP,MEF,FOSL2,bZIP
585,1,-0.37527534,-0.37527534,1.8285992,CLU,MEF,NRF1,NRF
265,0,-0.24165441,-0.29509667,-1.1247369,BAG2,LMC,JUND,bZIP
2991,0,-0.11649651,-0.25471953,-1.3919637,TLCD1,LMC,JUND,bZIP
450,1,-0.63670325,-0.21953267,-6.2079844,CD52,MEF,FOXM1,Forkhead
1943,1,-0.19239004,-0.26135686,-1.5031216,NBEAL2,MEF,E2F4,E2F
291,1,-0.2952564,-0.2952564,1.8680252,BHLHA15,MEF,HNF4A,NR
1178,0,0.03645469,-0.22810093,-1.4242098,GEN1,LMC,BACH1,bZIP
450,1,-0.2583255,-0.12410606,-6.2079844,CD52,MEF,MEF2A,MADS
2833,1,-0.19379956,-0.22810093,-7.2477894,SPI1,MEF,ATF2,bZIP
2085,1,-0.03437175,-0.039668236,1.9639668,ONECUT2,MEF,RFX5,HTH
3,0,0.011842721,-0.21953267,-1.1041158,AASS,LMC,FOXA1,Forkhead
3057,1,-0.36550322,-0.47267562,2.68171,TNFAIP8L3,MEF,PBX3,Homeobox
1943,1,-0.1607576,-0.24283965,-1.5031216,NBEAL2,MEF,MAZ,Zf
953,1,-0.08568381,-0.24450046,1.0861168,FAAH,MEF,MAZ,Zf
508,0,0.08411567,-0.24550179,-2.0691712,CEMIP,LMC,BACH1,bZIP
1228,1,-0.1505293,-0.1342841,2.1909225,GPC5,MEF,USF2,bHLH
2526,1,-0.34099022,-0.38195667,1.9402771,RNF43,MEF,ELK1,ETS
2070,1,-0.07949572,-0.21953267,-1.7459003,OAS2,MEF,FOXA2,Forkhead
618,1,-0.121607244,-0.24333258,-2.5465317,COL4A1,MEF,GATA3,Zf
773,0,-0.40533945,-0.39005762,-1.6808469,DMPK,LMC,GABPA,ETS
1017,1,-0.65183055,-0.47267562,-1.9749366,FANCI,MEF,CUX1,Homeobox
1900,1,-0.062780954,-0.24333258,-2.1630523,MXD3,MEF,SP1,Zf
1734,1,-0.6645992,-0.25159925,1.0396278,LYRM7,MEF,SP2,Zf
698,0,-0.17407607,-0.121736646,2.1743443,CXADR,LMC,MAX,bHLH
2737,1,-0.1689725,-0.13941021,-1.3563199,SLC37A2,MEF,BHLHE40,bHLH
869,0,-0.07763662,-0.20371658,-1.1764196,EGFR,LMC,FOXA2,Forkhead
3214,1,-0.0061152284,-0.10008492,1.0921217,WDR35,MEF,USF1,bHLH
3164,1,-0.29979625,-0.24283965,1.1585988,UBXN11,MEF,GATA1,Zf
1011,0,-0.19239004,-0.26135686,-1.7455534,FAM83D,LMC,E2F4,E2F
2475,1,-0.34370995,-0.24333258,-1.4406117,RBPMS,MEF,EGR1,Zf
2057,1,-0.20308916,-0.4653868,-2.8949068,NUF2,MEF,IRF1,IRF
1002,0,-0.36645967,-0.22249272,-1.0779922,FAM57A,LMC,ZEB1,Zf
612,1,-0.25007766,-0.37009746,1.5643581,COL18A1,MEF,IRF1,IRF
2760,1,-0.3439605,-0.3439605,1.4729835,SLC8A3,MEF,NRF1,NRF
79,1,-0.20454665,-0.20454665,2.4793303,ADORA1,MEF,TEAD4,TEA
735,1,0.06421617,-0.24450046,2.4186652,DCX,MEF,CTCF,Zf
1399,0,-0.5069276,-0.27780795,1.2212778,HSPB1,LMC,ATF2,bZIP
1754,1,-0.20953742,-0.22249272,1.5756658,MANEAL,MEF,MAZ,Zf
698,0,-0.11649651,-0.25471953,2.1743443,CXADR,LMC,JUND,bZIP
2035,1,-0.0065755714,-0.1342841,1.1484754,NR4A2,MEF,MYOG,bHLH
2818,1,-0.29414836,-0.26135686,-2.0819426,SP3,MEF,E2F6,E2F
2328,0,-0.1124492,-0.24333258,1.683577,PRDX1,LMC,CTCF,Zf
2213,0,-0.34099022,-0.38195667,1.8720301,PIK3CG,LMC,ELK1,ETS
2139,0,0.03645469,-0.22810093,-1.6610888,PCDH20,LMC,BACH1,bZIP
3162,1,-0.71579945,-0.37009746,-1.5763762,UBE2T,MEF,IRF3,IRF
1329,0,-0.39205822,-0.27780795,1.7447802,HHEX,LMC,MAFK,bZIP
2993,0,-0.29414836,-0.26135686,-1.9840968,TLE6,LMC,E2F6,E2F
1799,1,-0.049117733,-0.13941021,1.4473195,MECOM,MEF,MAX,bHLH
1532,1,-0.30776003,-0.24450046,-1.939187,KCNB2,MEF,ZNF263,Zf
654,0,-0.22240412,-0.10008492,-2.8694944,CRISPLD1,LMC,TCF12,bHLH
2376,0,-0.1124492,-0.24333258,1.532433,PTGIS,LMC,CTCF,Zf
2001,1,-0.3551913,-0.3551913,-2.973236,NLRC4,MEF,HNF4A,NR
162,1,-0.21301334,-0.25187832,3.098799,APLN,MEF,E2F4,E2F
2523,0,-0.03437175,-0.039668236,-1.1712776,RNF207,LMC,RFX5,HTH
1352,1,-0.01444126,-0.17255645,2.3140514,HOMER2,MEF,STAT3,Stat
429,1,-0.42519194,-0.24333258,-2.1840599,CCR3,MEF,GATA1,Zf
510,1,-0.35806254,-0.38195667,-3.0437114,CENPA,MEF,ETS1,ETS
3041,1,-0.34914914,-0.27780795,1.5891165,TMEM45A,MEF,FOS,bZIP
392,0,-0.2470073,-0.39005762,-1.5992931,CCDC18,LMC,ETS1,ETS
3077,0,-0.2790477,-0.25471953,-1.5086727,TOM1L1,LMC,MAFF,bZIP
2196,0,-0.19612858,-0.146989,-1.2279279,PGAP3,LMC,USF2,bHLH
3051,1,-0.121607244,-0.24333258,1.3207757,TMX2,MEF,GATA3,Zf
2835,1,-0.21301334,-0.25187832,6.5797844,SPINK5,MEF,E2F4,E2F
519,0,-0.3439605,-0.3439605,-1.145698,CENPQ,LMC,NRF1,NRF
1623,1,-0.51944894,-0.25159925,-7.952874,LAPTM5,MEF,BCL11A,Zf
3051,1,-0.058015816,-0.18281521,1.3207757,TMX2,MEF,STAT3,Stat
2706,0,-0.29414836,-0.26135686,1.1320416,SLC1A2,LMC,E2F6,E2F
1027,0,-0.21301334,-0.25187832,-1.6873972,FBN1,LMC,E2F4,E2F
561,1,-0.15054174,-0.24450046,2.2551308,CITED4,MEF,GATA3,Zf
2604,1,-0.51637894,-0.42379856,-5.649154,SEL1L3,MEF,CUX1,Homeobox
1864,1,-0.40533945,-0.39005762,-1.1097659,MOV10,MEF,GABPA,ETS
2710,0,-0.4733331,-0.39005762,1.8738929,SLC22A4,LMC,ELK1,ETS
1650,1,-0.46016192,-0.24450046,1.6897587,LHX4,MEF,EGR1,Zf
666,1,-0.20953742,-0.22249272,-3.023392,CSF3R,MEF,MAZ,Zf
1897,1,0.03116794,-0.22249272,1.3618445,MUM1L1,MEF,CTCF,Zf
1336,1,-0.21437913,-0.2712014,-1.3650213,HIST1H3G,MEF,E2F4,E2F
784,1,-0.33639127,-0.4713425,1.0831264,DNAJB4,MEF,IRF1,IRF
2306,1,-0.07449697,-0.25159925,4.0936995,PPFIA2,MEF,CTCF,Zf
1870,1,-0.44168723,-0.24550179,1.035583,MR1,MEF,FOS,bZIP
786,0,-0.22240412,-0.10008492,2.1619072,DNAJC6,LMC,TCF12,bHLH
2646,1,-0.36259097,-0.38195667,-1.2183495,SH2D5,MEF,ELF1,ETS
2681,0,-0.2064243,-0.25159925,2.2095065,SLAMF7,LMC,YY1,Zf
2418,0,-0.2548157,-0.22810093,-1.0006384,RAB30,LMC,MAFF,bZIP
910,1,-0.35806254,-0.38195667,1.3478439,EPHB6,MEF,ETS1,ETS
1531,0,-0.34099022,-0.38195667,1.7289557,KCNB1,LMC,ELK1,ETS
108,1,-0.38278377,-0.42379856,1.0786273,ALCAM,MEF,PBX3,Homeobox
1848,1,0.016311714,0.00623205,1.589201,MMP15,MEF,RFX5,HTH
2505,0,-0.2678836,-0.24283965,1.9083076,RHPN2,LMC,SP1,Zf
773,0,-0.08974322,-0.146989,-1.6808469,DMPK,LMC,MAX,bHLH
1806,1,-0.440717,-0.25471953,2.2327807,MEIOB,MEF,MAFK,bZIP
3035,1,-0.0065755714,-0.1342841,1.6910677,TMEM25,MEF,MYOG,bHLH
720,1,-0.2727483,-0.2712014,1.4721106,CYSTM1,MEF,E2F6,E2F
2214,1,-0.2727483,-0.2712014,-3.0240712,PIK3R5,MEF,E2F6,E2F
413,1,-0.3070402,-0.24450046,3.1736608,CCL20,MEF,YY1,Zf
658,1,-0.51308286,-0.25693348,1.7045457,CRNDE,MEF,E2F1,E2F
1648,0,-0.8875255,-0.25471953,1.3943249,LGMN,LMC,BATF,bZIP
1720,0,-0.08617797,-0.146989,-2.1255505,LTBP1,LMC,MYOG,bHLH
3265,1,-0.7844056,-0.2053601,-1.2940427,ZRANB3,MEF,FOXM1,Forkhead
1143,0,-0.169331,-0.25693348,1.581665,GALNT3,LMC,E2F4,E2F
517,0,0.06421617,-0.24450046,-1.3688151,CENPN,LMC,CTCF,Zf
1605,1,-0.14976743,-0.22810093,-3.4007242,KNTC1,MEF,FOSL2,bZIP
1320,0,-0.51637894,-0.42379856,1.9458708,HCST,LMC,CUX1,Homeobox
3211,0,-0.23244992,-0.52757335,-1.060672,WASF3,LMC,PBX3,Homeobox
263,0,-0.37601265,-0.39942494,-1.000722,B4GALT2,LMC,ELF1,ETS
2074,0,-0.08568381,-0.24450046,2.1519072,OCLN,LMC,MAZ,Zf
3242,1,-0.26188308,-0.27780795,-1.4219831,XYLT1,MEF,FOSL2,bZIP
2702,1,-0.009410201,-0.10008492,-2.342809,SLC17A6,MEF,USF2,bHLH
2953,0,-0.21301334,-0.25187832,1.3918668,TECPR1,LMC,E2F4,E2F
3083,1,-0.038338926,-0.10008492,1.0522466,TPD52L1,MEF,MYOG,bHLH
129,1,-0.3070402,-0.24450046,-1.5233402,AMPH,MEF,YY1,Zf
437,1,-0.01444126,-0.17255645,-3.0209455,CD22,MEF,STAT3,Stat
1742,0,-0.00943349,-0.121736646,1.2771919,MADD,LMC,USF1,bHLH
1820,0,-0.43756613,-0.41931188,1.5626165,MFSD12,LMC,ETS1,ETS
2744,1,-0.46016192,-0.24450046,-2.4313455,SLC43A1,MEF,EGR1,Zf
1747,1,-0.22240412,-0.10008492,3.5615675,MAL2,MEF,TCF12,bHLH
2095,0,-0.541412,-0.25159925,-4.0632787,OSR2,LMC,EGR1,Zf
755,1,-0.15812221,-0.22249272,-2.1396954,DHFR,MEF,YY1,Zf
1799,1,-0.21459776,-0.24333258,1.4473195,MECOM,MEF,MAZ,Zf
2982,0,-0.9526392,-0.4653868,-1.484277,TICRR,LMC,IRF3,IRF
1274,1,-0.0013588448,-0.24283965,-1.1314675,GRB10,MEF,CTCF,Zf
3198,1,-0.18621291,-0.24333258,-1.0027668,VIPR1,MEF,YY1,Zf
2924,1,-0.17150766,-0.17150766,2.4798288,SYTL3,MEF,TEAD4,TEA
1551,0,-0.065101475,-0.08148018,2.1555893,KCNK13,LMC,RFX5,HTH
1565,1,-0.22028713,-0.38195667,1.3241493,KDM6A,MEF,ELK4,ETS
906,1,-0.12447846,-0.22249272,-1.1253309,EPHA4,MEF,GATA2,Zf
512,0,-0.5795745,-0.22249272,-2.2418776,CENPF,LMC,SP2,Zf
3069,1,-0.056725405,-0.121736646,-2.5900114,TNNI2,MEF,BHLHE40,bHLH
3243,0,-0.03437175,-0.039668236,-1.1205866,YBX3,LMC,RFX5,HTH
566,0,-0.30003953,-0.30003953,-1.1170683,CKS2,LMC,NRF1,NRF
1986,1,-0.1124492,-0.24333258,5.1794167,NGFR,MEF,CTCF,Zf
1001,1,-0.7237371,-0.24333258,-1.0467119,FAM49A,MEF,SP2,Zf
465,1,-0.21437913,-0.2712014,-2.799609,CDC20,MEF,E2F4,E2F
5,1,-0.08568381,-0.24450046,-1.4280964,ABCA12,MEF,MAZ,Zf
1904,1,-0.26816452,-0.121736646,-1.3234528,MYCL,MEF,TCF12,bHLH
186,0,-0.20916343,-0.20916343,2.1267974,ARHGAP30,LMC,NRF1,NRF
2385,1,-0.35453734,-0.24333258,1.1420285,PTPN3,MEF,ZKSCAN1,Zf
2286,0,-0.21918109,-0.21918109,3.9140577,PODXL,LMC,TCF3,HMG
1767,1,-0.65183055,-0.47267562,1.0195546,MAPK13,MEF,CUX1,Homeobox
2804,1,-0.17150766,-0.17150766,-1.3851969,SOGA3,MEF,TEAD4,TEA
1432,1,0.023197008,-0.146989,-2.607223,IGSF9,MEF,USF1,bHLH
1421,1,0.041926194,-0.24283965,-1.3062055,IGF2BP3,MEF,GATA3,Zf
1471,1,-0.12554857,-0.24550179,1.0656217,IQCK,MEF,JUND,bZIP
2509,1,-0.37698567,-0.4067228,-1.8196459,RIN3,MEF,PBX3,Homeobox
3010,0,0.03116794,-0.22249272,-1.0886124,TMEM119,LMC,CTCF,Zf
1197,0,-0.0013588448,-0.24283965,-1.4722316,GJC1,LMC,CTCF,Zf
132,1,-0.12554857,-0.24550179,-1.7413547,ANGPT4,MEF,JUND,bZIP
2132,0,-0.3777494,-0.24283965,-3.9714603,PAX9,LMC,EGR1,Zf
2583,0,-0.3625331,-0.38195667,-2.5472686,SCML2,LMC,GABPA,ETS
2761,1,-0.058015816,-0.18281521,1.3455367,SLC9A2,MEF,STAT3,Stat
2592,1,-0.0005437653,-0.1342841,-1.4963193,SCRT1,MEF,USF1,bHLH
1802,1,-0.21907748,-0.27780795,1.033383,MEF2A,MEF,JUND,bZIP
1708,1,0.011842721,-0.21953267,2.3246684,LRRN1,MEF,FOXA1,Forkhead
2010,1,-0.3076643,-0.4621776,-1.2062373,NNMT,MEF,IRF1,IRF
279,1,-0.1124492,-0.24333258,1.0185626,BCL11B,MEF,CTCF,Zf
1972,0,-0.25341198,-0.22810093,-1.1155492,NEK8,LMC,ATF3,bZIP
1581,0,-0.16561359,-0.22810093,-1.2401961,KIF7,LMC,JUND,bZIP
2384,0,-0.44168723,-0.24550179,1.5178981,PTPN22,LMC,FOS,bZIP
1292,0,-0.26188308,-0.27780795,1.1802437,GSDMD,LMC,FOSL2,bZIP
2648,0,-0.038338926,-0.10008492,1.604396,SH3BGRL2,LMC,MYOG,bHLH
2617,0,-0.3375485,-0.1342841,1.9699252,SEPP1,LMC,TCF12,bHLH
1631,0,-0.4733331,-0.39005762,1.8876575,LCP1,LMC,ELK1,ETS
2692,1,-0.19379956,-0.22810093,-5.3542004,SLC15A3,MEF,ATF2,bZIP
426,1,0.08411567,-0.24550179,1.3570372,CCNO,MEF,BACH1,bZIP
1742,0,-0.5313326,-0.24450046,1.2771919,MADD,LMC,ZKSCAN1,Zf
1183,1,-0.15764365,-0.14792581,1.5125006,GGH,MEF,RFX5,HTH
1030,0,-0.08568381,-0.24450046,-1.148375,FBXL7,LMC,MAZ,Zf
1879,1,-0.1607576,-0.24283965,-8.843497,MS4A7,MEF,MAZ,Zf
2407,1,-0.17407607,-0.121736646,2.7722974,QRFPR,MEF,MAX,bHLH
960,1,-0.01444126,-0.17255645,-1.3505565,FAH,MEF,STAT3,Stat
934,1,-0.14976743,-0.22810093,-4.119745,EVI2B,MEF,FOSL2,bZIP
815,1,-0.3625331,-0.38195667,-1.011439,DSCC1,MEF,GABPA,ETS
251,1,-0.39804247,-0.17255645,-2.209545,AURKA,MEF,STAT1,Stat
835,0,-0.34278938,-0.41931188,-1.6265401,E2F7,LMC,ELF1,ETS
964,1,0.03116794,-0.22249272,-1.0839863,FAM109B,MEF,CTCF,Zf
2439,0,-0.3474289,-0.29509667,1.095381,RALGPS2,LMC,ATF1,bZIP
212,1,-0.5329097,-0.36911827,1.2303027,ARRDC3,MEF,MEF2A,MADS
1794,1,0.048078425,-0.25471953,-2.1192741,MCTP1,MEF,BACH1,bZIP
2476,1,-0.3551913,-0.3551913,1.7372016,RCAN1,MEF,HNF4A,NR
8,0,-0.08568381,-0.24450046,-1.1349243,ABCA5,LMC,MAZ,Zf
759,0,-0.08617797,-0.146989,-1.0099353,DIXDC1,LMC,MYOG,bHLH
1654,1,-0.22736193,-0.22736193,1.719391,LIF,MEF,HNF4A,NR
1004,1,0.016314197,-0.13941021,1.7937952,FAM71E1,MEF,USF1,bHLH
2205,1,-0.1505293,-0.1342841,1.1916683,PHOSPHO1,MEF,USF2,bHLH
1075,1,-0.39804247,-0.17255645,-1.5137855,FLI1,MEF,STAT1,Stat
1703,1,-0.43345997,-0.22249272,2.574918,LRRC3B,MEF,ZNF263,Zf
374,1,-0.33817908,-0.29509667,1.2344857,CATSPER3,MEF,FOS,bZIP
1248,0,-0.3551913,-0.3551913,-1.1894871,GPR17,LMC,HNF4A,NR
923,1,-0.35028386,-0.4067228,-3.2897458,ESPL1,MEF,NANOG,Homeobox
374,1,-0.15054174,-0.24450046,1.2344857,CATSPER3,MEF,GATA3,Zf
1490,1,-0.5980523,-0.24283965,1.2707528,ITGA3,MEF,ZBTB33,Zf
2452,1,-0.38490406,-0.38490406,-4.0348587,RASAL3,MEF,PAX5,"Paired,Homeobox"
1869,0,-0.08568381,-0.24450046,2.0880618,MPZL2,LMC,MAZ,Zf
2014,0,0.016311714,0.00623205,1.0341421,NOS1AP,LMC,RFX5,HTH
2294,1,-0.17853236,-0.13941021,2.1691418,POPDC3,MEF,MYOG,bHLH
247,0,-0.18621291,-0.24333258,1.0520605,ATP8A1,LMC,YY1,Zf
499,0,-0.3777494,-0.24283965,-1.0813416,CDR2L,LMC,EGR1,Zf
124,1,-0.3569094,-0.25159925,-1.5839307,ALX4,MEF,ZNF263,Zf
1422,0,-0.174635,-0.24550179,1.7266241,IGFBP4,LMC,FOSL2,bZIP
963,1,-0.7237371,-0.24333258,-2.0774255,FAM105A,MEF,SP2,Zf
2304,0,-0.16561359,-0.22810093,-2.0846791,PPARGC1A,LMC,JUND,bZIP
320,1,-0.3777494,-0.24283965,-3.2193103,BUB1,MEF,EGR1,Zf
3144,1,-0.34370995,-0.24333258,-1.550395,TTYH3,MEF,EGR1,Zf
2215,1,-0.2470073,-0.39005762,-3.5308938,PIK3R6,MEF,ETS1,ETS
1622,0,-0.37601265,-0.39942494,1.5308331,LAMC3,LMC,ELF1,ETS
1833,0,-0.1505293,-0.1342841,1.3267617,MITF,LMC,USF2,bHLH
3247,0,-0.0017048104,-0.121736646,1.2278795,ZBTB7C,LMC,MYOG,bHLH
1034,1,-0.21459776,-0.24333258,1.6846279,FBXO32,MEF,MAZ,Zf
2029,1,-0.1124492,-0.24333258,-3.9731615,NPY,MEF,CTCF,Zf
2984,1,-0.01444126,-0.17255645,-1.3954704,TIMELESS,MEF,STAT3,Stat
1139,1,-0.2470073,-0.39005762,-2.5304673,GALNT12,MEF,ETS1,ETS
2932,0,-0.1607576,-0.24283965,-1.7568431,TAGLN,LMC,MAZ,Zf
23,0,-0.0317704,-0.39942494,-1.0546592,ACAT2,LMC,ELK4,ETS
1770,0,-0.2470073,-0.39005762,3.0686073,MARCO,LMC,ETS1,ETS
2762,0,-0.34304273,-0.52757335,1.142044,SLC9A3R1,LMC,NANOG,Homeobox
2387,1,-0.35318726,-0.41931188,-4.4291387,PTPN7,MEF,ELK1,ETS
3162,1,-0.34304273,-0.52757335,-1.5763762,UBE2T,MEF,NANOG,Homeobox
2162,1,-0.21459776,-0.24333258,-1.3284223,PDE10A,MEF,MAZ,Zf
1559,0,0.06421617,-0.24450046,-1.662673,KCTD15,LMC,CTCF,Zf
2088,0,-0.4420254,-0.26135686,-1.4119202,OPN3,LMC,E2F1,E2F
1310,0,-0.2470073,-0.39005762,1.7605413,HAP1,LMC,ETS1,ETS
2719,1,-0.058015816,-0.18281521,4.7341638,SLC26A7,MEF,STAT3,Stat
2138,0,-0.21301334,-0.25187832,-1.801505,PCDH19,LMC,E2F4,E2F
982,1,-0.36102507,-0.24550179,1.9927673,FAM184A,MEF,ATF1,bZIP
1669,1,-0.0061152284,-0.10008492,-2.0333745,LMNB1,MEF,USF1,bHLH
1429,0,-0.45038855,-0.39942494,1.3343118,IGSF3,LMC,GABPA,ETS
2762,0,-0.28616667,-0.25693348,1.142044,SLC9A3R1,LMC,E2F6,E2F
3112,0,-0.3439605,-0.3439605,-1.0263593,TRNP1,LMC,NRF1,NRF
391,0,-0.48430756,-0.24313685,-1.0662317,CCDC159,LMC,STAT1,Stat
390,1,-0.16941127,-0.25471953,1.5225283,CCDC158,MEF,FOS,bZIP
1531,0,-0.35453734,-0.24333258,1.7289557,KCNB1,LMC,ZKSCAN1,Zf
2244,1,0.018755239,0.02968777,-5.8076944,PLEK,MEF,RFX5,HTH
485,1,-0.07763662,-0.20371658,-1.9362563,CDH4,MEF,FOXA2,Forkhead
3110,0,-0.19612858,-0.146989,-2.4243805,TRIM71,LMC,USF2,bHLH
1885,0,-0.23244992,-0.52757335,1.5789908,MST1R,LMC,PBX3,Homeobox
3192,0,-0.48430756,-0.24313685,1.2728144,VAV3,LMC,STAT1,Stat
2951,1,-0.21895796,-0.21895796,1.7548503,TCP11,MEF,EBF1,EBF
1972,0,-0.5856867,-0.25187832,-1.1155492,NEK8,LMC,E2F1,E2F
242,1,-0.28616667,-0.25693348,-1.7413437,ATP2A3,MEF,E2F6,E2F
161,0,-0.41913503,-0.41913503,-1.0569676,APH1B,LMC,TCF3,HMG
935,1,-0.48813832,-0.3794154,-1.9342779,EVL,MEF,IRF4,IRF
2912,0,-0.21907748,-0.27780795,2.692378,SYNGR1,LMC,JUND,bZIP
3130,0,-0.9852809,-0.65067613,1.172865,TSPAN33,LMC,MEF2A,MADS
428,1,-0.7485091,-0.20371658,-2.316158,CCR1,MEF,FOXM1,Forkhead
2894,1,-0.29687634,-0.29687634,-1.2475686,STX1A,MEF,PAX5,"Paired,Homeobox"
595,0,-0.08568381,-0.24450046,-3.6306407,CNN1,LMC,MAZ,Zf
2754,0,0.011842721,-0.21953267,-1.0220879,SLC6A15,LMC,FOXA1,Forkhead
1669,1,-0.3058912,-0.24283965,-2.0333745,LMNB1,MEF,YY1,Zf
2560,0,-0.16941127,-0.25471953,1.6818515,S100A16,LMC,FOS,bZIP
1960,1,-0.120565586,-0.1342841,1.2484365,NDRG2,MEF,MAX,bHLH
2386,0,-0.29414836,-0.26135686,2.0515485,PTPN6,LMC,E2F6,E2F
914,0,-0.29687634,-0.29687634,2.107524,EPSTI1,LMC,PAX5,"Paired,Homeobox"
2581,1,-0.46016192,-0.24450046,2.6589973,SCG5,MEF,EGR1,Zf
1422,0,-0.34029287,-0.28884968,1.7266241,IGFBP4,LMC,E2F4,E2F
965,1,0.22652079,-0.2053601,1.2164536,FAM110C,MEF,FOXA1,Forkhead
80,0,-0.17150766,-0.17150766,-1.8548774,ADORA2B,LMC,TEAD4,TEA
2468,0,0.028543921,-0.29509667,1.1551113,RBKS,LMC,BACH1,bZIP
2098,1,-0.0017048104,-0.121736646,2.5439112,OTOS,MEF,MYOG,bHLH
2873,0,-0.36049217,-0.22810093,2.9234984,STAR,LMC,FOS,bZIP
2073,0,-0.33280078,-0.24333258,-1.2275139,OBSL1,LMC,GATA2,Zf
3103,1,-0.30003953,-0.30003953,-2.6582155,TRIM14,MEF,NRF1,NRF
1862,1,-0.011590093,-0.22249272,1.1564282,MORN2,MEF,GATA3,Zf
561,1,-0.10369535,-0.10008492,2.2551308,CITED4,MEF,BHLHE40,bHLH
368,1,-0.30776003,-0.24450046,1.3773782,CASKIN1,MEF,ZNF263,Zf
290,0,0.018755239,0.02968777,-1.3356876,BGN,LMC,RFX5,HTH
2614,0,-0.009410201,-0.10008492,-1.884214,SEMA4G,LMC,USF2,bHLH
78,0,-0.51308286,-0.25693348,-1.8453362,ADM,LMC,E2F1,E2F
17,1,-0.39205822,-0.27780795,-2.9814575,ABI3,MEF,MAFK,bZIP
1970,0,-0.3375485,-0.1342841,-1.5624936,NEK2,LMC,TCF12,bHLH
211,0,-0.22746871,-0.25187832,1.5333622,ARRB2,LMC,E2F6,E2F
2897,0,-0.7844056,-0.2053601,-1.1073521,STYK1,LMC,FOXM1,Forkhead
2601,0,-0.2185933,-0.3794154,-1.3300989,SEC14L5,LMC,IRF1,IRF
470,1,-0.37776268,-0.37776268,-2.258905,CDC42EP5,MEF,TCF3,HMG
2415,1,-0.541412,-0.25159925,2.8182907,RAB26,MEF,EGR1,Zf
1274,1,-0.2185933,-0.3794154,-1.1314675,GRB10,MEF,IRF1,IRF
337,0,-0.10827843,-0.121736646,-1.4465009,CABP1,LMC,USF2,bHLH
2588,0,0.06421617,-0.24450046,-1.2295984,SCN3B,LMC,CTCF,Zf
2965,1,-0.2300118,-0.25159925,-1.7823138,TFPI,MEF,MAZ,Zf
530,1,-0.64209527,-0.1980394,1.2931513,CFAP57,MEF,STAT1,Stat
2248,0,-0.120565586,-0.1342841,1.0960327,PLEKHA7,LMC,MAX,bHLH
1401,1,-0.7237371,-0.24333258,1.3853371,HSPB6,MEF,SP2,Zf
1412,1,-0.36351123,-0.50137913,1.1134324,IER3,MEF,PBX3,Homeobox
2366,1,-0.1124492,-0.24333258,-1.4072148,PSTPIP1,MEF,CTCF,Zf
295,1,0.03116794,-0.22249272,-2.380489,BIRC5,MEF,CTCF,Zf
2304,0,-0.44224238,-0.29509667,-2.0846791,PPARGC1A,LMC,MAFK,bZIP
3099,1,0.016311714,0.00623205,-1.4419627,TRERF1,MEF,RFX5,HTH
1617,0,-0.3341544,-0.39005762,1.5315919,LAMA3,LMC,ELF1,ETS
1192,1,-0.17407607,-0.121736646,1.3111038,GIPC2,MEF,MAX,bHLH
2509,1,0.048078425,-0.25471953,-1.8196459,RIN3,MEF,BACH1,bZIP
1232,0,-0.121607244,-0.24333258,-1.4140695,GPM6B,LMC,GATA3,Zf
239,1,-0.46846294,-0.46846294,-4.6379013,ATP1A3,MEF,TCF3,HMG
2617,1,-0.1607576,-0.24283965,-1.5712881,SEPP1,MEF,MAZ,Zf
2259,1,-0.22735961,-0.24550179,-3.097473,PLK1,MEF,MAFF,bZIP
1738,1,-0.659372,-0.27780795,1.1827898,LZTFL1,MEF,BATF,bZIP
722,1,-0.1124492,-0.24333258,2.4622881,CYTIP,MEF,CTCF,Zf
3005,0,-0.22746871,-0.25187832,-1.1154159,TMC7,LMC,E2F6,E2F
2505,1,-0.46846294,-0.46846294,1.5735694,RHPN2,MEF,TCF3,HMG
53,0,-0.9852809,-0.65067613,1.9204435,ADAM8,LMC,MEF2A,MADS
558,0,-0.32700178,-0.25159925,-1.1850271,CIB2,LMC,GATA1,Zf
490,1,-0.04073672,-0.3917693,-1.0186837,CDK2,MEF,ELK4,ETS
1982,1,-0.2997486,-0.24333258,-1.3703928,NFATC2,MEF,ZNF263,Zf
1477,1,-0.21301334,-0.25187832,-1.2859206,IRF7,MEF,E2F4,E2F
526,0,-0.34099022,-0.38195667,-1.5504444,CEP72,LMC,ELK1,ETS
879,0,-0.39804247,-0.17255645,1.6812562,ELMO1,LMC,STAT1,Stat
2655,1,-0.17853236,-0.13941021,2.5303392,SHANK1,MEF,MYOG,bHLH
790,0,-0.42348737,-0.17137949,1.4997923,DNM1,LMC,STAT1,Stat
2836,0,-0.20454665,-0.20454665,2.8364255,SPINT1,LMC,TEAD4,TEA
2904,1,0.048078425,-0.25471953,1.5065486,SV2B,MEF,BACH1,bZIP
465,0,-0.22735961,-0.24550179,-2.1160264,CDC20,LMC,MAFF,bZIP
1806,1,-0.29360482,-0.13941021,2.2327807,MEIOB,MEF,TCF12,bHLH
2678,1,-0.4420254,-0.26135686,-1.3519409,SKP2,MEF,E2F1,E2F
1859,1,-0.15812221,-0.22249272,-1.0344467,MNS1,MEF,YY1,Zf
2319,1,-0.27070102,-0.24450046,2.1115367,PPP1R9A,MEF,GATA2,Zf
1922,1,-0.32442823,-0.39942494,-8.728917,MYO1F,MEF,ELK1,ETS
2233,1,-0.16941127,-0.25471953,-5.6620755,PLAC8,MEF,FOS,bZIP
2581,1,-0.1124492,-0.24333258,2.6589973,SCG5,MEF,CTCF,Zf
3095,0,-0.2849582,-0.2849582,1.9493642,TREM1,LMC,EBF1,EBF
1497,0,-0.19612858,-0.146989,2.0019827,ITGB2,LMC,USF2,bHLH
968,0,-0.33296144,-0.24550179,-1.4871693,FAM131B,LMC,MAFK,bZIP
1949,1,-0.19612858,-0.146989,-1.5197695,NCAPH,MEF,USF2,bHLH
1121,0,-0.2470073,-0.39005762,-1.0994569,FSTL3,LMC,ETS1,ETS
274,0,-0.14989896,-0.14989896,-1.2727956,BCAN,LMC,TEAD4,TEA
1216,1,-0.35806254,-0.38195667,-2.017692,GNG2,MEF,ETS1,ETS
2259,0,-1.3501369,-0.39942494,-1.8200914,PLK1,LMC,FLI1,ETS
2603,1,-1.5423862,-0.39005762,1.0266249,SEC61G,MEF,FLI1,ETS
2372,1,-0.33817908,-0.29509667,-2.151926,PTGER2,MEF,FOS,bZIP
2463,1,-0.33080074,-0.22810093,-2.8689058,RASSF4,MEF,MAFK,bZIP
770,0,-0.2678836,-0.24283965,2.0457118,DMC1,LMC,SP1,Zf
1436,0,-0.19239004,-0.26135686,2.1005368,IL10RA,LMC,E2F4,E2F
956,1,-0.22240412,-0.10008492,-1.3874118,FABP5,MEF,TCF12,bHLH
1323,1,-0.56344664,-0.2712014,-1.2728531,HEG1,MEF,E2F1,E2F
1942,1,-0.21342848,-0.28884968,-1.5559199,NAV1,MEF,E2F6,E2F
1832,1,-0.42519194,-0.24333258,-1.5881457,MIS18BP1,MEF,GATA1,Zf
2969,1,-0.38057798,-0.24450046,-1.1554362,TGFB1I1,MEF,GATA1,Zf
2649,1,-0.0017048104,-0.121736646,-2.037939,SH3BP2,MEF,MYOG,bHLH
2014,1,-0.29360482,-0.13941021,1.4636707,NOS1AP,MEF,TCF12,bHLH
2147,0,-0.12447846,-0.22249272,-1.4650018,PCDHGB5,LMC,GATA2,Zf
579,1,-0.30776003,-0.24450046,3.342797,CLIP4,MEF,ZNF263,Zf
2432,1,-0.9526392,-0.4653868,-1.5926751,RAD51AP1,MEF,IRF3,IRF
829,0,-0.20308916,-0.4653868,-1.1774735,DUT,LMC,IRF1,IRF
41,0,-0.38071528,-0.24283965,1.6943789,ACTN3,LMC,ZNF263,Zf
626,1,-0.2064243,-0.25159925,-1.3439846,COLEC12,MEF,YY1,Zf
1219,1,-0.36812532,-0.36812532,-2.168562,GNGT2,MEF,NRF1,NRF
1904,1,0.03645469,-0.22810093,-1.3234528,MYCL,MEF,BACH1,bZIP
373,0,-0.38278377,-0.42379856,1.1052054,CAT,LMC,PBX3,Homeobox
2362,0,-1.38777,-0.41931188,-1.2187368,PSAT1,LMC,FLI1,ETS
1399,0,-0.17407607,-0.121736646,1.2212778,HSPB1,LMC,MAX,bHLH
2362,0,-0.25007766,-0.37009746,-1.2187368,PSAT1,LMC,IRF1,IRF
1434,1,-0.28121933,-0.25159925,1.1634847,IKZF4,MEF,SP1,Zf
3202,1,-0.10369535,-0.10008492,1.5107996,VNN1,MEF,BHLHE40,bHLH
2175,0,-0.21907748,-0.27780795,-2.2166488,PDGFRB,LMC,JUND,bZIP
883,0,-0.2849582,-0.2849582,-1.7784133,ELOVL6,LMC,EBF1,EBF
1436,1,-0.17702122,-0.27780795,-6.897558,IL10RA,MEF,ATF1,bZIP
1181,1,-0.3375485,-0.1342841,3.4981608,GFRA3,MEF,TCF12,bHLH
2750,0,-0.1124492,-0.24333258,1.0977395,SLC46A3,LMC,CTCF,Zf
2487,1,-0.933204,-0.22249272,-1.1587616,RFTN1,MEF,BCL11A,Zf
1404,0,-0.011590093,-0.22249272,1.6830957,HTR2B,LMC,GATA3,Zf
1701,0,-0.03437175,-0.039668236,-1.2529169,LRRC3,LMC,RFX5,HTH
1615,1,-0.3341544,-0.39005762,-7.2407374,LAIR1,MEF,ELF1,ETS
968,1,-0.011590093,-0.22249272,-2.0323744,FAM131B,MEF,GATA3,Zf
1683,0,-0.11649651,-0.25471953,-1.5128583,LPIN3,LMC,JUND,bZIP
679,1,-0.42348737,-0.17137949,-1.4067318,CTHRC1,MEF,STAT1,Stat
2544,1,-0.3610153,-0.22249272,1.3099737,RSPH1,MEF,EGR1,Zf
2551,1,-0.21342848,-0.28884968,1.4704177,RTN4R,MEF,E2F6,E2F
1559,0,-0.41913924,-0.24333258,-1.662673,KCTD15,LMC,ZBTB33,Zf
1765,0,-0.26188308,-0.27780795,2.072202,MAPK10,LMC,FOSL2,bZIP
1135,0,-0.2470073,-0.39005762,2.4400945,GAL,LMC,ETS1,ETS
796,1,-0.40533945,-0.39005762,-2.4550138,DOCK8,MEF,GABPA,ETS
1720,0,-0.08568381,-0.24450046,-2.1255505,LTBP1,LMC,MAZ,Zf
518,1,-0.16941127,-0.25471953,-1.4699304,CENPP,MEF,FOS,bZIP
210,1,-0.3551913,-0.3551913,-1.0362118,ARRB1,MEF,HNF4A,NR
3166,1,-0.1826178,-0.24450046,2.1184819,UGP2,MEF,SP1,Zf
2181,1,-0.37601265,-0.39942494,-1.0030161,PDXK,MEF,ELF1,ETS
754,1,-0.3569094,-0.25159925,-1.3119396,DGKK,MEF,ZNF263,Zf
48,0,-0.3341544,-0.39005762,-1.7626135,ADAM19,LMC,ELF1,ETS
1194,1,-0.22735961,-0.24550179,1.9552824,GJA3,MEF,MAFF,bZIP
2191,1,-0.42348737,-0.17137949,-1.1248902,PFKFB3,MEF,STAT1,Stat
2218,1,-0.37167174,-0.29509667,1.3815172,PIP5K1B,MEF,ATF2,bZIP
2917,1,-0.2727483,-0.2712014,-2.2309391,SYT1,MEF,E2F6,E2F
1732,1,-0.09351536,-0.24313685,2.3527544,LYPD6B,MEF,STAT3,Stat
3149,1,-0.33280078,-0.24333258,-1.5823541,TUBB4A,MEF,GATA2,Zf
1657,0,-0.38059002,-0.38059002,1.8098814,LILRB4,LMC,PAX5,"Paired,Homeobox"
1823,0,-0.15812221,-0.22249272,1.2423477,MGAT3,LMC,YY1,Zf
519,0,-0.36259097,-0.38195667,-1.145698,CENPQ,LMC,ELF1,ETS
1151,0,-0.28616667,-0.25693348,1.1953743,GAS6,LMC,E2F6,E2F
885,1,-0.16561359,-0.22810093,-2.3387628,EME1,MEF,JUND,bZIP
2795,0,-0.2064243,-0.25159925,1.1839118,SNTA1,LMC,YY1,Zf
833,1,-0.38057798,-0.24450046,1.3486774,DZANK1,MEF,GATA1,Zf
1165,1,-0.26188308,-0.27780795,1.9005238,GCLC,MEF,FOSL2,bZIP
2655,0,-0.35806254,-0.38195667,2.5084782,SHANK1,LMC,ETS1,ETS
201,0,-0.32700178,-0.25159925,1.5288506,ARID3A,LMC,GATA1,Zf
362,1,-0.009410201,-0.10008492,-2.8580058,CAPN11,MEF,USF2,bHLH
2896,1,-0.08568381,-0.24450046,1.5907596,STXBP6,MEF,MAZ,Zf
1777,1,0.023197008,-0.146989,-1.1807785,MATN2,MEF,USF1,bHLH
2021,1,-0.2913164,-0.42379856,-1.0979886,NPAS4,MEF,NANOG,Homeobox
181,1,-0.009410201,-0.10008492,-2.8857563,ARHGAP19,MEF,USF2,bHLH
1499,0,-0.1124492,-0.24333258,1.620772,ITGB4,LMC,CTCF,Zf
2827,1,-0.21918109,-0.21918109,-2.0004928,SPC24,MEF,TCF3,HMG
2898,1,-0.3569094,-0.25159925,1.3171495,STYXL1,MEF,ZNF263,Zf
551,1,-0.541412,-0.25159925,-1.0079558,CHST12,MEF,EGR1,Zf
468,1,-0.0061152284,-0.10008492,-1.3716766,CDC42EP2,MEF,USF1,bHLH
953,1,-0.0065755714,-0.1342841,1.0861168,FAAH,MEF,MYOG,bHLH
1663,0,-0.192465,-0.27780795,-1.4207319,LIN7B,LMC,ATF3,bZIP
1692,1,-0.0061152284,-0.10008492,-1.0737952,LRIG1,MEF,USF1,bHLH
3167,1,-0.08568381,-0.24450046,-2.9578276,UHRF1,MEF,MAZ,Zf
2251,0,-0.3569094,-0.25159925,-2.0370564,PLEKHG4,LMC,ZNF263,Zf
46,1,-0.057535224,-0.27780795,-3.1549952,ADAM12,MEF,BACH1,bZIP
1747,1,-0.1826178,-0.24450046,3.5615675,MAL2,MEF,SP1,Zf
1044,1,-0.39205822,-0.27780795,-5.357593,FERMT3,MEF,MAFK,bZIP
1851,0,-0.056725405,-0.121736646,1.0448611,MMP19,LMC,BHLHE40,bHLH
163,0,-0.14989896,-0.14989896,1.7885092,APLP1,LMC,TEAD4,TEA
1178,0,-0.32442823,-0.39942494,-1.4242098,GEN1,LMC,ELK1,ETS
2204,1,-0.56344664,-0.2712014,-1.1529521,PHLPP1,MEF,E2F1,E2F
250,1,-0.33817908,-0.29509667,-2.346532,AUNIP,MEF,FOS,bZIP
25,1,0.023197008,-0.146989,3.1806698,ACHE,MEF,USF1,bHLH
441,0,-0.36645967,-0.22249272,2.3854363,CD300A,LMC,ZEB1,Zf
2681,0,-0.34914914,-0.27780795,2.2095065,SLAMF7,LMC,FOS,bZIP
283,0,-0.29360482,-0.13941021,1.2884433,BEND4,LMC,TCF12,bHLH
23,0,-0.3933147,-0.24283965,-1.0546592,ACAT2,LMC,ZKSCAN1,Zf
3061,1,-0.18911669,-0.17782252,2.643537,TNFRSF19,MEF,FOXA2,Forkhead
1757,1,-0.21342848,-0.28884968,-1.517834,MAP1B,MEF,E2F6,E2F
2258,1,-0.0017048104,-0.121736646,1.1191164,PLIN5,MEF,MYOG,bHLH
1738,1,0.21614419,-0.17782252,1.1827898,LZTFL1,MEF,FOXA1,Forkhead
1360,0,-0.22240412,-0.10008492,-1.5481333,HOXA5,LMC,TCF12,bHLH
1240,1,-0.35806254,-0.38195667,1.5431579,GPR137C,MEF,ETS1,ETS
2115,1,-0.08568381,-0.24450046,2.0007038,PALMD,MEF,MAZ,Zf
128,0,-0.0061152284,-0.10008492,1.1151143,AMIGO2,LMC,USF1,bHLH
2151,0,-0.18398622,-0.29509667,1.17195,PCED1B,LMC,ATF3,bZIP
2308,1,-0.36645967,-0.22249272,1.3704175,PPFIBP2,MEF,ZEB1,Zf
1204,1,-0.32700178,-0.25159925,-2.297817,GLIPR2,MEF,GATA1,Zf
1205,0,-0.76012087,-0.50137913,-1.0145571,GLIS2,LMC,CUX1,Homeobox
2457,0,-0.15764365,-0.14792581,1.8391725,RASGRF2,LMC,RFX5,HTH
598,0,-0.13559982,-0.10008492,-2.030143,CNR1,LMC,MAX,bHLH
1008,1,-0.34278938,-0.41931188,1.5137644,FAM81A,MEF,ELF1,ETS
1756,0,-0.049117733,-0.13941021,-2.3720164,MAOB,LMC,MAX,bHLH
2598,1,0.023197008,-0.146989,1.9485947,SDC4,MEF,USF1,bHLH
2324,0,-0.36812532,-0.36812532,-1.082411,PRCP,LMC,NRF1,NRF
1416,1,-0.1124492,-0.24333258,1.4104824,IFNLR1,MEF,CTCF,Zf
1292,0,-0.65183055,-0.47267562,1.1802437,GSDMD,LMC,CUX1,Homeobox
2610,1,-0.3341544,-0.39005762,3.6611323,SEMA3F,MEF,ELF1,ETS
60,1,-0.20454665,-0.20454665,1.6539828,ADAMTS20,MEF,TEAD4,TEA
1885,0,-0.0065755714,-0.1342841,1.5789908,MST1R,LMC,MYOG,bHLH
200,0,-0.21895796,-0.21895796,1.1891831,ARHGEF6,LMC,EBF1,EBF
2057,0,-0.15812221,-0.22249272,-2.073274,NUF2,LMC,YY1,Zf
2692,0,0.023197008,-0.146989,2.0074983,SLC15A3,LMC,USF1,bHLH
2394,1,-0.44224238,-0.29509667,1.4080236,PTPRU,MEF,MAFK,bZIP
758,0,-0.0005437653,-0.1342841,-3.1959255,DIRAS2,LMC,USF1,bHLH
3030,1,-0.049117733,-0.13941021,2.6028037,TMEM200C,MEF,MAX,bHLH
2289,1,0.023197008,-0.146989,-1.1583761,POLD1,MEF,USF1,bHLH
2481,1,-0.15764365,-0.14792581,1.3701171,REC8,MEF,RFX5,HTH
1955,0,-0.20916343,-0.20916343,2.1906483,NCKAP1L,LMC,NRF1,NRF
2588,1,-0.25007766,-0.37009746,1.6087468,SCN3B,MEF,IRF1,IRF
2788,1,-0.5795745,-0.22249272,2.8937335,SNAI3,MEF,SP2,Zf
1507,0,-0.8875255,-0.25471953,3.2428863,IVL,LMC,BATF,bZIP
2266,0,0.023197008,-0.146989,1.5534989,PLSCR2,LMC,USF1,bHLH
2860,1,-0.20454665,-0.20454665,1.9222051,ST14,MEF,TEAD4,TEA
1145,0,-0.25341198,-0.22810093,2.0527973,GALNT6,LMC,ATF3,bZIP
639,0,-0.0065755714,-0.1342841,2.0881393,CPNE5,LMC,MYOG,bHLH
2692,0,-0.35318726,-0.41931188,2.0074983,SLC15A3,LMC,ELK1,ETS
1606,0,-0.28121933,-0.25159925,1.7298887,KRT18,LMC,SP1,Zf
2794,1,-0.17513762,-0.146989,-1.930804,SNORA31,MEF,BHLHE40,bHLH
2516,0,-0.07949572,-0.21953267,1.2732776,RNF128,LMC,FOXA2,Forkhead
1177,1,-0.34914914,-0.27780795,-1.9876038,GDPD3,MEF,FOS,bZIP
2379,1,-0.3705123,-0.25471953,-1.1953413,PTMS,MEF,FOSL2,bZIP
1204,1,-0.34278938,-0.41931188,-2.297817,GLIPR2,MEF,ELF1,ETS
2309,1,0.016311714,0.00623205,-2.0227222,PPL,MEF,RFX5,HTH
2950,0,-0.049117733,-0.13941021,1.1511981,TCIRG1,LMC,MAX,bHLH
2311,0,0.17063665,-0.10944186,2.419608,PPM1N,LMC,FOXA1,Forkhead
1568,1,-0.3022701,-0.29509667,-2.5758445,KIF15,MEF,FOSL2,bZIP
924,1,-0.25007766,-0.37009746,1.5121096,ESR2,MEF,IRF1,IRF
50,0,-0.33296144,-0.24550179,-1.3741925,ADAM23,LMC,MAFK,bZIP
522,0,0.03645469,-0.22810093,1.2640113,CENPV,LMC,BACH1,bZIP
3191,1,-0.28616667,-0.25693348,-1.0900517,VAV2,MEF,E2F6,E2F
1671,1,-0.2583255,-0.12410606,-4.9727182,LMO2,MEF,MEF2A,MADS
563,0,0.023197008,-0.146989,-1.8968099,CKAP2L,LMC,USF1,bHLH
1580,1,0.0745308,-0.10944186,1.737582,KIF5C,MEF,FOXA2,Forkhead
1852,0,-0.2548157,-0.22810093,2.4380608,MMP24,LMC,MAFF,bZIP
2088,1,-0.13994873,-0.2053601,-1.8919541,OPN3,MEF,FOXA2,Forkhead
437,0,-0.2678836,-0.24283965,3.0556927,CD22,LMC,SP1,Zf
2127,0,-0.17150766,-0.17150766,-1.0090586,PARVA,LMC,TEAD4,TEA
119,0,-0.9526392,-0.4653868,1.824967,ALPK2,LMC,IRF3,IRF
321,1,-0.056725405,-0.121736646,-2.3385303,BUB1B,MEF,BHLHE40,bHLH
437,1,-0.1124492,-0.24333258,-3.0209455,CD22,MEF,CTCF,Zf
3242,1,-0.15054174,-0.24450046,-1.4219831,XYLT1,MEF,GATA3,Zf
1036,1,0.03645469,-0.22810093,1.1734325,FBXO44,MEF,BACH1,bZIP
226,1,-0.37601265,-0.39942494,-2.1260629,ASF1B,MEF,ELF1,ETS
3007,0,-0.3869897,-0.39942494,1.5005039,TMEM106A,LMC,ETS1,ETS
525,0,-0.1666823,-0.13941021,-1.5079637,CEP55,LMC,USF2,bHLH
847,1,-0.33080074,-0.22810093,-2.705154,ECSCR,MEF,MAFK,bZIP
609,0,-0.33296144,-0.24550179,-2.4838371,COL14A1,LMC,MAFK,bZIP
2379,1,0.0745308,-0.10944186,-1.1953413,PTMS,MEF,FOXA2,Forkhead
1412,1,-0.37698567,-0.4067228,1.1134324,IER3,MEF,PBX3,Homeobox
488,1,-0.39205822,-0.27780795,-1.5366021,CDK1,MEF,MAFK,bZIP
2405,1,-0.03437175,-0.039668236,-2.6731308,PYHIN1,MEF,RFX5,HTH
1471,1,-0.1124492,-0.24333258,1.0656217,IQCK,MEF,CTCF,Zf
1747,1,-0.169331,-0.25693348,3.5615675,MAL2,MEF,E2F4,E2F
2780,1,-0.13149443,-0.22249272,-2.5356984,SMOC1,MEF,SP1,Zf
1347,0,-0.17853236,-0.13941021,-2.0435047,HMMR,LMC,MYOG,bHLH
133,1,-0.440717,-0.25471953,-4.049343,ANGPTL1,MEF,MAFK,bZIP
296,1,-0.1505293,-0.1342841,-1.5980535,BLNK,MEF,USF2,bHLH
678,0,-0.440717,-0.25471953,1.3000749,CTDSPL,LMC,MAFK,bZIP
1008,1,-0.0005437653,-0.1342841,1.5137644,FAM81A,MEF,USF1,bHLH
1075,1,-0.21918109,-0.21918109,-1.5137855,FLI1,MEF,TCF3,HMG
2417,1,0.016311714,0.00623205,2.638916,RAB27B,MEF,RFX5,HTH
2582,1,-0.10505258,-0.1342841,1.2089567,SCIN,MEF,BHLHE40,bHLH
1264,0,0.07771543,-0.1980394,1.8109362,GPR88,LMC,STAT3,Stat
1448,0,-0.08974322,-0.146989,3.8355012,IL1B,LMC,MAX,bHLH
3070,1,-0.45038855,-0.39942494,-1.1992819,TNNI3,MEF,GABPA,ETS
1728,1,-0.10505258,-0.1342841,-4.9488015,LY86,MEF,BHLHE40,bHLH
1203,1,-0.65183055,-0.47267562,-3.4747267,GLIPR1,MEF,CUX1,Homeobox
787,1,-0.3070402,-0.24450046,1.3562768,DNALI1,MEF,YY1,Zf
1970,0,-0.17425032,-0.41931188,-1.5624936,NEK2,LMC,ELK4,ETS
713,1,-0.33639127,-0.4713425,1.1914463,CYLD,MEF,IRF1,IRF
462,0,-0.058015816,-0.18281521,2.4745347,CD86,LMC,STAT3,Stat
1868,1,-0.120565586,-0.1342841,1.2031093,MPV17L,MEF,MAX,bHLH
751,1,-0.46846294,-0.46846294,3.2691665,DES,MEF,TCF3,HMG
1436,1,-0.15812221,-0.22249272,-6.897558,IL10RA,MEF,YY1,Zf
3104,1,-0.1607576,-0.24283965,-1.1894004,TRIM25,MEF,MAZ,Zf
3197,0,-0.2727483,-0.2712014,2.6256406,VILL,LMC,E2F6,E2F
1606,0,-0.38071528,-0.24283965,1.7298887,KRT18,LMC,ZNF263,Zf
216,1,-0.3375485,-0.1342841,3.1296258,ART3,MEF,TCF12,bHLH
854,1,-0.38071528,-0.24283965,-1.885986,EEPD1,MEF,ZNF263,Zf
1590,0,-0.42348737,-0.17137949,-1.6905694,KLF8,LMC,STAT1,Stat
1428,0,-0.28616667,-0.25693348,1.7070159,IGSF11,LMC,E2F6,E2F
2739,0,-0.09351536,-0.24313685,1.0755472,SLC39A10,LMC,STAT3,Stat
250,1,-0.37167174,-0.29509667,-2.346532,AUNIP,MEF,ATF2,bZIP
507,1,-0.3430542,-0.3430542,2.1484113,CELSR2,MEF,PAX5,"Paired,Homeobox"
1827,1,-0.21342848,-0.28884968,-1.5507092,MIAT,MEF,E2F6,E2F
712,1,-0.40533945,-0.39005762,-3.0422084,CYGB,MEF,GABPA,ETS
392,1,-0.009410201,-0.10008492,-1.855374,CCDC18,MEF,USF2,bHLH
412,1,-0.22016564,-0.25159925,-1.3708322,CCL2,MEF,GATA2,Zf
1117,1,-0.21459776,-0.24333258,1.1141341,FSBP,MEF,MAZ,Zf
2882,0,-0.65183055,-0.47267562,1.3777498,STK10,LMC,CUX1,Homeobox
1586,0,0.03116794,-0.22249272,-1.0530518,KISS1R,LMC,CTCF,Zf
2563,1,-0.29360482,-0.13941021,-1.7429874,S1PR1,MEF,TCF12,bHLH
2011,0,-0.20953742,-0.22249272,1.146378,NOD1,LMC,MAZ,Zf
2378,0,-0.11649651,-0.25471953,1.532152,PTK2B,LMC,JUND,bZIP
1640,1,-0.009364229,-0.17137949,1.3125763,LEPREL1,MEF,STAT3,Stat
963,0,-0.15764365,-0.14792581,1.3799479,FAM105A,LMC,RFX5,HTH
2830,0,-0.39205822,-0.27780795,1.7553568,SPEF2,LMC,MAFK,bZIP
1044,0,-0.35390377,-0.22810093,2.0353117,FERMT3,LMC,ATF1,bZIP
885,1,-0.34278938,-0.41931188,-2.3387628,EME1,MEF,ELF1,ETS
407,1,-0.4776695,-0.22249272,1.0351427,CCDC90B,MEF,ZKSCAN1,Zf
3168,1,-0.25341198,-0.22810093,-3.5868664,ULBP1,MEF,ATF3,bZIP
1154,1,-0.63670325,-0.21953267,1.8328152,GATA3,MEF,FOXM1,Forkhead
1398,1,-0.51944894,-0.25159925,1.0845106,HSPA4L,MEF,BCL11A,Zf
2460,1,-0.3341544,-0.39005762,-1.0421484,RASGRP4,MEF,ELF1,ETS
3241,1,-0.30003953,-0.30003953,-1.8962338,XKR5,MEF,NRF1,NRF
2107,1,-0.10505258,-0.1342841,1.1910483,P4HTM,MEF,BHLHE40,bHLH
2675,0,0.048078425,-0.25471953,-4.1663847,SIX1,LMC,BACH1,bZIP
2427,0,-0.0013588448,-0.24283965,2.6594098,RAB6B,LMC,CTCF,Zf
589,1,-0.03437175,-0.039668236,-2.546778,CMTM8,MEF,RFX5,HTH
174,1,-0.35806254,-0.38195667,-1.6604633,ARAP1,MEF,ETS1,ETS
3241,0,-0.2997486,-0.24333258,-3.2962632,XKR5,LMC,ZNF263,Zf
1045,1,-0.33080074,-0.22810093,-2.1285722,FES,MEF,MAFK,bZIP
41,1,-0.19842377,-0.50137913,-1.2971035,ACTN3,MEF,NANOG,Homeobox
2667,0,-0.3058912,-0.24283965,1.0441486,SHROOM2,LMC,YY1,Zf
475,1,-0.3076643,-0.4621776,-1.4936433,CDCA5,MEF,IRF1,IRF
459,0,-0.0013588448,-0.24283965,1.1227926,CD82,LMC,CTCF,Zf
1043,0,-0.1607576,-0.24283965,-1.2050055,FDPS,LMC,MAZ,Zf
1948,1,-0.24165441,-0.29509667,-2.1928997,NCAPG2,MEF,JUND,bZIP
1015,1,-0.21437913,-0.2712014,-2.369543,FANCA,MEF,E2F4,E2F
2292,1,-0.64209527,-0.1980394,-1.5553532,POLQ,MEF,STAT1,Stat
2603,1,-0.1124492,-0.24333258,1.0266249,SEC61G,MEF,CTCF,Zf
673,0,-0.07763662,-0.20371658,-2.225754,CSRP2,LMC,FOXA2,Forkhead
274,0,-0.20953742,-0.22249272,-1.2727956,BCAN,LMC,MAZ,Zf
1837,1,-0.39205822,-0.27780795,-1.1738205,MLF1,MEF,MAFK,bZIP
3138,0,-0.26737517,-0.25159925,-1.6865426,TTLL11,LMC,ZKSCAN1,Zf
1757,1,-0.32442823,-0.39942494,-1.517834,MAP1B,MEF,ELK1,ETS
852,1,-0.3569094,-0.25159925,-1.2456971,EDNRA,MEF,ZNF263,Zf
1872,0,-0.21301334,-0.25187832,-1.7728605,MRC2,LMC,E2F4,E2F
909,0,-0.18621291,-0.24333258,-1.0061626,EPHB3,LMC,YY1,Zf
423,1,-0.26692143,-0.26692143,-1.0207582,CCNE1,MEF,EBF1,EBF
103,1,-0.2859068,-0.146989,-1.3921585,AKAP12,MEF,TCF12,bHLH
295,0,-0.29687634,-0.29687634,-1.6202104,BIRC5,LMC,PAX5,"Paired,Homeobox"
1561,1,-0.8150283,-0.4653868,2.938467,KCTD19,MEF,IRF4,IRF
1105,0,-0.21459776,-0.24333258,-1.0621411,FOXP4,LMC,MAZ,Zf
512,0,-0.009364229,-0.17137949,-2.2418776,CENPF,LMC,STAT3,Stat
3158,1,0.8549915,-0.22249272,-1.4257566,UBA7,MEF,PRDM1,Zf
830,0,-0.2727483,-0.2712014,1.5526856,DYNC1I1,LMC,E2F6,E2F
1150,1,-0.38278377,-0.42379856,1.2065096,GAS1,MEF,PBX3,Homeobox
236,1,-0.15054174,-0.24450046,1.5191864,ATG9B,MEF,GATA3,Zf
1904,1,0.023197008,-0.146989,-1.3234528,MYCL,MEF,USF1,bHLH
2640,1,-0.17702122,-0.27780795,-2.327651,SGOL1,MEF,ATF1,bZIP
1128,1,-0.16941127,-0.25471953,-4.13362,FYB,MEF,FOS,bZIP
1730,1,-0.933204,-0.22249272,-4.433676,LYL1,MEF,BCL11A,Zf
3249,1,-0.21895796,-0.21895796,-3.3419523,ZC3H12D,MEF,EBF1,EBF
459,0,-0.062780954,-0.24333258,1.1227926,CD82,LMC,SP1,Zf
1342,0,-0.08974322,-0.146989,-1.3495045,HMGA2,LMC,MAX,bHLH
538,1,-0.29360482,-0.13941021,-1.8271799,CHAF1B,MEF,TCF12,bHLH
1147,1,-0.14989896,-0.14989896,-1.067214,GAPDH,MEF,TEAD4,TEA
1247,0,-0.19239004,-0.26135686,-1.8197378,GPR161,LMC,E2F4,E2F
2259,0,-0.1607576,-0.24283965,-1.8200914,PLK1,LMC,MAZ,Zf
162,1,-0.049117733,-0.13941021,3.098799,APLN,MEF,MAX,bHLH
2042,0,-0.21459776,-0.24333258,2.0433388,NRSN1,LMC,MAZ,Zf
1276,1,-0.38071528,-0.24283965,-1.0021031,GREB1L,MEF,ZNF263,Zf
2750,0,-0.26816452,-0.121736646,1.0977395,SLC46A3,LMC,TCF12,bHLH
836,1,0.016314197,-0.13941021,-2.7616482,E2F8,MEF,USF1,bHLH
2193,0,-0.08974322,-0.146989,-2.3282619,PFKL,LMC,MAX,bHLH
155,1,-0.065101475,-0.08148018,-1.0362561,AP1G2,MEF,RFX5,HTH
3042,0,0.08411567,-0.24550179,-1.8005553,TMEM47,LMC,BACH1,bZIP
1404,1,-0.41913503,-0.41913503,-3.5408616,HTR2B,MEF,TCF3,HMG
1655,1,-0.34099022,-0.38195667,-1.4939244,LIG1,MEF,ELK1,ETS
2433,1,-0.40605056,-0.25471953,-1.425109,RAD51B,MEF,ATF2,bZIP
2676,1,-0.19239004,-0.26135686,-2.1078053,SKA1,MEF,E2F4,E2F
1715,1,0.027763726,-0.25159925,1.3573238,LRTM1,MEF,GATA3,Zf
1892,0,-0.46165287,-0.4067228,-1.0114223,MTMR11,LMC,CUX1,Homeobox
899,0,-0.42348737,-0.17137949,1.1764364,ENPP4,LMC,STAT1,Stat
2259,0,-0.21342848,-0.28884968,-1.8200914,PLK1,LMC,E2F6,E2F
2283,1,-0.0013588448,-0.24283965,1.2442892,PNOC,MEF,CTCF,Zf
681,0,-0.15054174,-0.24450046,1.057336,CTNNAL1,LMC,GATA3,Zf
2463,1,0.5853313,-0.24450046,-2.8689058,RASSF4,MEF,PRDM1,Zf
2196,1,-0.36049217,-0.22810093,-1.4853812,PGAP3,MEF,FOS,bZIP
3083,1,-0.1826178,-0.24450046,1.0522466,TPD52L1,MEF,SP1,Zf
1504,1,-0.09351536,-0.24313685,1.6061926,ITM2A,MEF,STAT3,Stat
553,0,-0.7695519,-0.25159925,-1.1679317,CHST2,LMC,ZBTB33,Zf
1395,1,-0.1124492,-0.24333258,1.0437326,HSD17B1,MEF,CTCF,Zf
2331,0,0.06421617,-0.24450046,1.3457726,PRG4,LMC,CTCF,Zf
927,0,-0.3058912,-0.24283965,2.8551106,ESYT3,LMC,YY1,Zf
3123,1,0.027763726,-0.25159925,-1.1696323,TSHZ3,MEF,GATA3,Zf
2090,1,-0.38071528,-0.24283965,1.4809719,OSBPL3,MEF,ZNF263,Zf
2567,1,-0.60550106,-0.24450046,3.8292215,SALL1,MEF,SP2,Zf
1610,0,-0.541412,-0.25159925,2.324363,KRT8,LMC,EGR1,Zf
3,0,-0.10827843,-0.121736646,-1.1041158,AASS,LMC,USF2,bHLH
1368,1,-0.3869897,-0.39942494,-1.5305121,HOXB6,MEF,ETS1,ETS
2709,1,-0.25341198,-0.22810093,1.1898108,SLC22A18,MEF,ATF3,bZIP
1843,0,-0.058015816,-0.18281521,2.4930456,MMP10,LMC,STAT3,Stat
2011,0,-0.39205822,-0.27780795,1.146378,NOD1,LMC,MAFK,bZIP
2913,1,-0.2727483,-0.2712014,1.7464386,SYNGR3,MEF,E2F6,E2F
2288,1,-0.48430756,-0.24313685,-1.222358,POLA1,MEF,STAT1,Stat
3081,1,-0.1607576,-0.24283965,-1.4911098,TOX3,MEF,MAZ,Zf
1001,0,-0.3058912,-0.24283965,1.5367558,FAM49A,LMC,YY1,Zf
3035,1,-0.64209527,-0.1980394,1.6910677,TMEM25,MEF,STAT1,Stat
786,1,-0.056725405,-0.121736646,3.1105778,DNAJC6,MEF,BHLHE40,bHLH
797,1,-0.058015816,-0.18281521,-1.8619363,DOK2,MEF,STAT3,Stat
767,1,0.011842721,-0.21953267,2.5010579,DLX1,MEF,FOXA1,Forkhead
817,0,-0.46016192,-0.24450046,1.9184403,DSP,LMC,EGR1,Zf
2641,0,-0.43756613,-0.41931188,-1.302446,SGOL2,LMC,ETS1,ETS
665,1,-0.17407607,-0.121736646,-4.4421754,CSF2RB,MEF,MAX,bHLH
233,0,-0.25341198,-0.22810093,1.1636925,ATF6,LMC,ATF3,bZIP
3056,1,-0.26692143,-0.26692143,-5.5076947,TNFAIP8L2,MEF,EBF1,EBF
2610,1,-0.21437913,-0.2712014,3.6611323,SEMA3F,MEF,E2F4,E2F
383,0,-0.64209527,-0.1980394,1.1674314,CCDC114,LMC,STAT1,Stat
3165,0,-0.192465,-0.27780795,2.2538092,UCP2,LMC,ATF3,bZIP
1089,0,-0.20454665,-0.20454665,1.3984087,FNIP2,LMC,TEAD4,TEA
2449,1,-0.3705123,-0.25471953,2.0997539,RARB,MEF,FOSL2,bZIP
3085,0,-0.3375485,-0.1342841,-2.4521747,TPM2,LMC,TCF12,bHLH
1329,0,-0.08106524,-0.08106524,1.7447802,HHEX,LMC,TEAD4,TEA
2602,0,-0.36259097,-0.38195667,-1.0105699,SEC16B,LMC,ELF1,ETS
62,0,-0.39205822,-0.27780795,-1.7200596,ADAMTS6,LMC,MAFK,bZIP
559,1,-0.26692143,-0.26692143,1.5033135,CILP2,MEF,EBF1,EBF
52,1,-0.44224238,-0.29509667,-2.2828748,ADAM5,MEF,MAFK,bZIP
2399,1,0.018755239,0.02968777,-1.4025425,PVRL2,MEF,RFX5,HTH
16,1,-0.0005437653,-0.1342841,-2.0503016,ABHD15,MEF,USF1,bHLH
1267,1,-0.33817908,-0.29509667,1.7633235,GPRIN3,MEF,FOS,bZIP
2853,1,-0.38339126,-0.24550179,-3.395386,SRGN,MEF,ATF2,bZIP
1276,1,-0.2064243,-0.25159925,-1.0021031,GREB1L,MEF,YY1,Zf
174,1,-0.43756613,-0.41931188,-1.6604633,ARAP1,MEF,ETS1,ETS
525,1,-0.30776003,-0.24450046,-2.4336228,CEP55,MEF,ZNF263,Zf
1044,1,-0.22016564,-0.25159925,-5.357593,FERMT3,MEF,GATA2,Zf
423,1,-0.45963168,-0.45963168,-1.0207582,CCNE1,MEF,TCF3,HMG
415,0,-0.07449697,-0.25159925,2.2026498,CCL4,LMC,CTCF,Zf
1528,0,-0.049117733,-0.13941021,2.3015823,KCNA7,LMC,MAX,bHLH
540,1,-0.07449697,-0.25159925,-1.2755494,CHD3,MEF,CTCF,Zf
1758,0,-0.45963168,-0.45963168,-2.5701847,MAP2,LMC,TCF3,HMG
2018,1,-0.4776695,-0.22249272,3.2765796,NOTUM,MEF,ZKSCAN1,Zf
837,0,0.08411567,-0.24550179,1.0701014,EAF1,LMC,BACH1,bZIP
2329,0,-0.3551913,-0.3551913,-1.5005978,PRELID2,LMC,HNF4A,NR
618,1,-0.38071528,-0.24283965,-2.5465317,COL4A1,MEF,ZNF263,Zf
3186,1,-0.30003953,-0.30003953,-1.9262128,VANGL2,MEF,NRF1,NRF
125,1,-0.09351536,-0.24313685,1.0675509,AMD1,MEF,STAT3,Stat
690,0,-0.18621291,-0.24333258,1.260351,CTSO,LMC,YY1,Zf
3138,0,-0.3933147,-0.24283965,-1.6865426,TTLL11,LMC,ZKSCAN1,Zf
3042,0,-0.28616667,-0.25693348,-1.8005553,TMEM47,LMC,E2F6,E2F
2446,0,-0.35453734,-0.24333258,1.0731758,RAP2A,LMC,ZKSCAN1,Zf
1804,1,-0.2064243,-0.25159925,1.6576555,MEGF9,MEF,YY1,Zf
1673,0,-0.37698567,-0.4067228,-1.3240579,LMTK3,LMC,PBX3,Homeobox
3250,0,-0.37527534,-0.37527534,-2.442775,ZC3HAV1L,LMC,NRF1,NRF
1118,1,-0.20454665,-0.20454665,1.1508414,FSIP1,MEF,TEAD4,TEA
856,0,-0.41913924,-0.24333258,-1.1511953,EFCAB11,LMC,ZBTB33,Zf
1642,0,-0.32700178,-0.25159925,1.3346491,LFNG,LMC,GATA1,Zf
354,1,-0.7485091,-0.20371658,-1.0762447,CAMK1D,MEF,FOXM1,Forkhead
1308,0,-0.22736193,-0.22736193,2.2473085,HAL,LMC,HNF4A,NR
818,1,-0.21918109,-0.21918109,-2.164502,DTL,MEF,TCF3,HMG
2047,0,-0.056725405,-0.121736646,-1.497863,NT5DC2,LMC,BHLHE40,bHLH
2414,0,-0.049117733,-0.13941021,-1.3037294,RAB23,LMC,MAX,bHLH
433,1,-0.36645967,-0.22249272,1.9398785,CD164L2,MEF,ZEB1,Zf
2217,1,-0.20953742,-0.22249272,-1.0918547,PIP4K2A,MEF,MAZ,Zf
1111,0,-0.44224238,-0.29509667,-1.702313,FRMD5,LMC,MAFK,bZIP
1936,1,-0.3933147,-0.24283965,2.505483,NALCN,MEF,ZKSCAN1,Zf
2490,1,-0.51944894,-0.25159925,-7.0311346,RGS1,MEF,BCL11A,Zf
703,0,-0.29414836,-0.26135686,1.933904,CXCR4,LMC,E2F6,E2F
1730,0,-0.96395135,-0.24333258,2.280973,LYL1,LMC,BCL11A,Zf
2270,1,0.011842721,-0.21953267,-3.0289903,PLXDC1,MEF,FOXA1,Forkhead
488,1,-1.3501369,-0.39942494,-1.5366021,CDK1,MEF,FLI1,ETS
574,1,-0.0013588448,-0.24283965,-2.8939497,CLEC1A,MEF,CTCF,Zf
1511,1,-0.44224238,-0.29509667,1.9335152,JAG2,MEF,MAFK,bZIP
2541,1,-0.39205822,-0.27780795,-1.4664801,RRM1,MEF,MAFK,bZIP
2033,0,-0.0017048104,-0.121736646,-1.9519585,NR2F1,LMC,MYOG,bHLH
585,0,-0.34099022,-0.38195667,1.6729612,CLU,LMC,ELK1,ETS
2172,0,0.048078425,-0.25471953,2.043665,PDGFB,LMC,BACH1,bZIP
2964,0,-0.33639127,-0.4713425,1.0158743,TFEB,LMC,IRF1,IRF
845,0,-0.43345997,-0.22249272,1.2262235,ECM1,LMC,ZNF263,Zf
1569,0,-0.4733331,-0.39005762,-1.7011287,KIF18B,LMC,ELK1,ETS
2396,0,0.03645469,-0.22810093,-1.1329921,PTRF,LMC,BACH1,bZIP
2402,1,-0.17407607,-0.121736646,-1.2805303,PYCARD,MEF,MAX,bHLH
1018,0,-0.23244992,-0.52757335,-2.6442215,FAP,LMC,PBX3,Homeobox
349,0,-0.37698567,-0.4067228,1.2775106,CADM2,LMC,PBX3,Homeobox
1059,1,-0.38059002,-0.38059002,-1.306481,FGFR1,MEF,PAX5,"Paired,Homeobox"
1435,0,-0.049117733,-0.13941021,2.724261,IL10,LMC,MAX,bHLH
3162,1,-0.6928834,-0.10944186,-1.5763762,UBE2T,MEF,FOXM1,Forkhead
3124,1,-0.009364229,-0.17137949,1.8350945,TSLP,MEF,STAT3,Stat
3080,0,0.028543921,-0.29509667,1.7830621,TOX2,LMC,BACH1,bZIP
1987,0,-0.2913164,-0.42379856,-1.2490672,NGFRAP1,LMC,NANOG,Homeobox
1765,0,-0.15054174,-0.24450046,2.072202,MAPK10,LMC,GATA3,Zf
1789,1,-0.38278377,-0.42379856,-2.0146992,MCM3,MEF,PBX3,Homeobox
3251,0,-0.26692143,-0.26692143,-3.485636,ZCCHC5,LMC,EBF1,EBF
511,1,-0.1607576,-0.24283965,-2.789674,CENPE,MEF,MAZ,Zf
1210,1,-0.2859068,-0.146989,-1.356024,GMIP,MEF,TCF12,bHLH
911,1,-0.2678836,-0.24283965,1.4092617,EPN3,MEF,SP1,Zf
1443,0,-0.4467859,-0.3917693,-1.0708433,IL17RC,LMC,ELK1,ETS
1494,1,-0.20953742,-0.22249272,-1.5710412,ITGA9,MEF,MAZ,Zf
928,1,-0.1689725,-0.13941021,3.3823693,ETNPPL,MEF,BHLHE40,bHLH
2944,0,-0.39059436,-0.39059436,2.129369,TBXAS1,LMC,HNF4A,NR
712,1,-0.049117733,-0.13941021,-3.0422084,CYGB,MEF,MAX,bHLH
269,0,-0.29414836,-0.26135686,1.224087,BAMBI,LMC,E2F6,E2F
2987,1,-0.2548157,-0.22810093,-1.2365862,TINAG,MEF,MAFF,bZIP
2161,1,-0.39900714,-0.22249272,-1.0371046,PCYT1B,MEF,GATA1,Zf
1493,0,0.03116794,-0.22249272,-2.808692,ITGA8,LMC,CTCF,Zf
2814,0,-0.13559982,-0.10008492,-1.170696,SOX8,LMC,MAX,bHLH
3064,1,-0.32442823,-0.39942494,3.4958272,TNFSF15,MEF,ELK1,ETS
2687,1,-0.1826178,-0.24450046,1.4579319,SLC12A5,MEF,SP1,Zf
3027,1,-0.27228355,-0.24283965,1.3271227,TMEM184A,MEF,GATA2,Zf
1734,1,-0.31818998,-0.24333258,1.0396278,LYRM7,MEF,ZEB1,Zf
1436,0,-0.2678836,-0.24283965,2.1005368,IL10RA,LMC,SP1,Zf
3121,1,-0.29360482,-0.13941021,1.5245988,TSHR,MEF,TCF12,bHLH
791,0,0.07771543,-0.1980394,-1.802147,DNM3OS,LMC,STAT3,Stat
2496,0,-0.76012087,-0.50137913,-1.8756744,RGS5,LMC,CUX1,Homeobox
2061,1,-0.5795745,-0.22249272,-2.5808094,NUSAP1,MEF,SP2,Zf
1957,0,0.21614419,-0.17782252,-1.6446601,NDC80,LMC,FOXA1,Forkhead
2034,1,-0.28899637,-0.29509667,1.6902243,NR3C2,MEF,MAFF,bZIP
175,0,-0.20454665,-0.20454665,1.1491375,ARAP2,LMC,TEAD4,TEA
2898,1,-0.14989896,-0.14989896,1.3171495,STYXL1,MEF,TEAD4,TEA
3087,0,-0.3076643,-0.4621776,-1.3381405,TPPP,LMC,IRF1,IRF
2382,0,-0.2808588,-0.24283965,1.0109676,PTPN13,LMC,ZEB1,Zf
829,0,-0.45963168,-0.45963168,-1.1774735,DUT,LMC,TCF3,HMG
1018,0,-0.26816452,-0.121736646,-2.6442215,FAP,LMC,TCF12,bHLH
562,0,-0.21918109,-0.21918109,-1.8413281,CKAP2,LMC,TCF3,HMG
329,0,-0.19612858,-0.146989,-2.2898922,C1QTNF6,LMC,USF2,bHLH
3097,0,-0.64209527,-0.1980394,2.566172,TREML2,LMC,STAT1,Stat
3213,1,-0.19379956,-0.22810093,-7.077798,WDFY4,MEF,ATF2,bZIP
2530,0,-0.3076643,-0.4621776,-2.7401004,ROR2,LMC,IRF1,IRF
544,1,-0.28616667,-0.25693348,1.5261316,CHMP4C,MEF,E2F6,E2F
2304,0,-0.009410201,-0.10008492,-2.0846791,PPARGC1A,LMC,USF2,bHLH
1158,0,-0.20916343,-0.20916343,-1.364628,GATSL3,LMC,NRF1,NRF
423,0,-0.38339126,-0.24550179,-1.2695624,CCNE1,LMC,ATF2,bZIP
2047,0,-0.46016192,-0.24450046,-1.497863,NT5DC2,LMC,EGR1,Zf
2540,1,-0.009410201,-0.10008492,2.2565928,RRAGB,MEF,USF2,bHLH
2058,0,-0.22735961,-0.24550179,1.252312,NUP210,LMC,MAFF,bZIP
2737,1,-0.009410201,-0.10008492,-1.3563199,SLC37A2,MEF,USF2,bHLH
3060,1,-0.34370995,-0.24333258,-1.6824514,TNFRSF14,MEF,EGR1,Zf
2901,1,-0.13149443,-0.22249272,-5.1530013,SUSD3,MEF,SP1,Zf
986,0,-0.169331,-0.25693348,-2.5718875,FAM198A,LMC,E2F4,E2F
1368,1,-0.20776576,-0.20776576,-1.5305121,HOXB6,MEF,EBF1,EBF
1943,1,-0.2838714,-0.47267562,-1.5031216,NBEAL2,MEF,NANOG,Homeobox
2929,1,-0.23244992,-0.52757335,-1.4088733,TACC3,MEF,PBX3,Homeobox
206,1,-0.3022701,-0.29509667,-1.1483037,ARL4C,MEF,FOSL2,bZIP
2345,0,-0.15054174,-0.24450046,2.2877603,PRR15L,LMC,GATA3,Zf
1731,1,-0.22016564,-0.25159925,-1.2809721,LYN,MEF,GATA2,Zf
3248,0,-0.21907748,-0.27780795,1.9725045,ZBTB8B,LMC,JUND,bZIP
1422,1,-0.009364229,-0.17137949,2.4270205,IGFBP4,MEF,STAT3,Stat
1611,1,-0.3058912,-0.24283965,2.3295457,KRT80,MEF,YY1,Zf
331,1,-0.20308916,-0.4653868,-2.69423,C2CD4C,MEF,IRF1,IRF
1193,1,-0.36351123,-0.50137913,2.4421263,GJA1,MEF,PBX3,Homeobox
484,1,-0.7844056,-0.2053601,-1.72285,CDH24,MEF,FOXM1,Forkhead
906,0,-0.3375485,-0.1342841,-1.4759874,EPHA4,LMC,TCF12,bHLH
2463,1,-0.36351123,-0.50137913,-2.8689058,RASSF4,MEF,PBX3,Homeobox
2166,1,-0.056725405,-0.121736646,-2.9733152,PDE3B,MEF,BHLHE40,bHLH
2342,1,-0.20308916,-0.4653868,1.9326226,PROSER2,MEF,IRF1,IRF
381,1,-0.63670325,-0.21953267,1.1394454,CCDC103,MEF,FOXM1,Forkhead
1292,0,0.13713937,-0.20371658,1.1802437,GSDMD,LMC,FOXA1,Forkhead
2990,1,-1.4133955,-0.3917693,-1.960353,TK1,MEF,FLI1,ETS
594,1,0.028543921,-0.29509667,2.066923,CNKSR2,MEF,BACH1,bZIP
2990,0,-0.2727483,-0.2712014,-1.6426313,TK1,LMC,E2F6,E2F
1253,1,-0.36049217,-0.22810093,1.4796617,GPR3,MEF,FOS,bZIP
932,0,-0.1689725,-0.13941021,-1.0899669,EVA1C,LMC,BHLHE40,bHLH
1777,0,-0.17513762,-0.146989,-2.3094268,MATN2,LMC,BHLHE40,bHLH
1116,0,-0.17150766,-0.17150766,-2.1756344,FRZB,LMC,TEAD4,TEA
2208,1,-0.2997486,-0.24333258,-2.939009,PIEZO2,MEF,ZNF263,Zf
2818,0,-0.192465,-0.27780795,-2.2571666,SP3,LMC,ATF3,bZIP
1451,0,-0.41320115,-0.25471953,-3.1114745,IL1RL1,LMC,ATF1,bZIP
2169,0,-0.3375485,-0.1342841,-1.3446639,PDE4D,LMC,TCF12,bHLH
2992,0,-0.00943349,-0.121736646,-1.5962096,TLE2,LMC,USF1,bHLH
1045,1,-0.51637894,-0.42379856,-2.1285722,FES,MEF,CUX1,Homeobox
39,1,-0.2808588,-0.24283965,-1.1783521,ACTB,MEF,ZEB1,Zf
698,0,-0.17425032,-0.41931188,2.1743443,CXADR,LMC,ELK4,ETS
3140,1,-0.3777494,-0.24283965,1.1930206,TTLL9,MEF,EGR1,Zf
698,0,-0.12554857,-0.24550179,2.1743443,CXADR,LMC,JUND,bZIP
359,0,-0.20953742,-0.22249272,-1.5934429,CAMKK1,LMC,MAZ,Zf
1572,1,-0.7695519,-0.25159925,1.4070278,KIF21A,MEF,ZBTB33,Zf
2091,0,-0.33296144,-0.24550179,-2.7508404,OSBPL6,LMC,MAFK,bZIP
34,1,-0.29360482,-0.13941021,1.1048169,ACSL4,MEF,TCF12,bHLH
465,0,0.027763726,-0.25159925,-2.1160264,CDC20,LMC,GATA3,Zf
2774,1,-0.34029287,-0.28884968,5.1099186,SLITRK6,MEF,E2F4,E2F
506,0,-0.45038855,-0.39942494,1.1583337,CELSR1,LMC,GABPA,ETS
3254,1,-0.22746871,-0.25187832,1.0000085,ZFP2,MEF,E2F6,E2F
1780,0,-0.120565586,-0.1342841,-1.1029267,MBOAT2,LMC,MAX,bHLH
2823,0,-0.20916343,-0.20916343,-1.7413466,SPAG5,LMC,NRF1,NRF
1612,0,-0.3058912,-0.24283965,2.5736082,KYNU,LMC,YY1,Zf
2450,0,-0.1689725,-0.13941021,-1.0523133,RARG,LMC,BHLHE40,bHLH
1414,1,-0.44168723,-0.24550179,-1.5857253,IFITM1,MEF,FOS,bZIP
1203,1,-0.14724034,-0.14724034,-3.4747267,GLIPR1,MEF,EBF1,EBF
2028,0,-0.12447846,-0.22249272,-2.6120703,NPTX2,LMC,GATA2,Zf
2018,0,-0.17150766,-0.17150766,2.2590847,NOTUM,LMC,TEAD4,TEA
3124,0,-0.3375485,-0.1342841,-1.2644619,TSLP,LMC,TCF12,bHLH
762,0,-0.38057798,-0.24450046,1.0946444,DLEU2,LMC,GATA1,Zf
426,1,-0.009410201,-0.10008492,1.3570372,CCNO,MEF,USF2,bHLH
776,0,-0.1689725,-0.13941021,-1.6226877,DNAH1,LMC,BHLHE40,bHLH
2786,1,-0.3777494,-0.24283965,-1.2469294,SNAI1,MEF,EGR1,Zf
1461,0,-0.22746871,-0.25187832,-1.271162,IMPDH1,LMC,E2F6,E2F
2184,1,-0.0013588448,-0.24283965,-1.4150923,PDZRN3,MEF,CTCF,Zf
331,1,-0.009364229,-0.17137949,-2.69423,C2CD4C,MEF,STAT3,Stat
913,1,-0.08617797,-0.146989,2.0391352,EPS8L2,MEF,MYOG,bHLH
169,0,-0.10369535,-0.10008492,2.8778405,APOE,LMC,BHLHE40,bHLH
2699,1,-0.65183055,-0.47267562,-1.7570183,SLC16A3,MEF,CUX1,Homeobox
1310,0,-0.2470073,-0.39005762,1.7605413,HAP1,LMC,ETS1,ETS
846,0,-0.20776576,-0.20776576,-2.1880925,ECM2,LMC,EBF1,EBF
1154,1,-0.15764365,-0.14792581,1.8328152,GATA3,MEF,RFX5,HTH
2917,1,0.027763726,-0.25159925,-2.2309391,SYT1,MEF,GATA3,Zf
716,0,-0.062780954,-0.24333258,-1.085661,CYP26B1,LMC,SP1,Zf
1562,0,-0.08568381,-0.24450046,-1.3338901,KCTD8,LMC,MAZ,Zf
1571,1,-0.4649995,-0.41931188,-2.078099,KIF20B,MEF,GABPA,ETS
2803,1,0.21614419,-0.17782252,1.5521016,SOD3,MEF,FOXA1,Forkhead
3011,0,-0.1689725,-0.13941021,-2.6684415,TMEM121,LMC,BHLHE40,bHLH
953,1,0.08411567,-0.24550179,1.0861168,FAAH,MEF,BACH1,bZIP
2855,1,-0.12554857,-0.24550179,1.0035124,SRPK3,MEF,JUND,bZIP
163,0,-0.25007766,-0.37009746,1.7885092,APLP1,LMC,IRF1,IRF
2867,0,-0.33058694,-0.3917693,1.8598232,ST8SIA4,LMC,ELF1,ETS
2394,1,-0.33280078,-0.24333258,1.4080236,PTPRU,MEF,GATA2,Zf
625,1,-0.28899637,-0.29509667,1.2030634,COL9A3,MEF,MAFF,bZIP
956,1,-0.3430542,-0.3430542,-1.3874118,FABP5,MEF,PAX5,"Paired,Homeobox"
1300,0,-0.2300118,-0.25159925,-1.4127604,GSTT1,LMC,MAZ,Zf
1528,0,-0.20308916,-0.4653868,2.3015823,KCNA7,LMC,IRF1,IRF
1330,1,-0.21895796,-0.21895796,1.5842701,HHIP,MEF,EBF1,EBF
817,1,-0.14976743,-0.22810093,2.4973128,DSP,MEF,FOSL2,bZIP
808,1,-0.22736193,-0.22736193,2.3564422,DPYD,MEF,HNF4A,NR
2317,1,-0.26737517,-0.25159925,-1.3451492,PPP1R3E,MEF,ZKSCAN1,Zf
2186,1,-0.21895796,-0.21895796,5.879746,PENK,MEF,EBF1,EBF
1669,1,0.09181779,-0.20306948,-2.0333745,LMNB1,MEF,MEF2C,MADS
3245,0,-0.30779734,-0.3917693,1.1004534,YPEL2,LMC,ETS1,ETS
3261,1,-0.17425032,-0.41931188,1.0759444,ZKSCAN4,MEF,ELK4,ETS
2910,1,0.03645469,-0.22810093,1.1843606,SYN2,MEF,BACH1,bZIP
3,0,-0.1826178,-0.24450046,-1.1041158,AASS,LMC,SP1,Zf
2632,1,-0.40787458,-0.3917693,-2.4648864,SEZ6L2,MEF,GABPA,ETS
870,1,-0.2790477,-0.25471953,-1.2089994,EGLN3,MEF,MAFF,bZIP
1708,1,-0.3610153,-0.22249272,2.3246684,LRRN1,MEF,EGR1,Zf
801,1,-0.28899637,-0.29509667,-3.0863445,DPEP2,MEF,MAFF,bZIP
3203,1,-0.46165287,-0.4067228,-1.4983215,VSIG10L,MEF,CUX1,Homeobox
3188,1,-0.35453734,-0.24333258,-1.032395,VASP,MEF,ZKSCAN1,Zf
349,0,-0.42348737,-0.17137949,1.2775106,CADM2,LMC,STAT1,Stat
1354,1,0.06421617,-0.24450046,3.3400688,HOTAIR,MEF,CTCF,Zf
705,1,-0.26816452,-0.121736646,1.9690752,CXXC4,MEF,TCF12,bHLH
2516,0,0.22652079,-0.2053601,1.2732776,RNF128,LMC,FOXA1,Forkhead
430,0,-0.20776576,-0.20776576,2.2504575,CCR5,LMC,EBF1,EBF
1839,1,-0.15054174,-0.24450046,2.8964772,MLPH,MEF,GATA3,Zf
701,1,-0.22016564,-0.25159925,2.794517,CXCL14,MEF,GATA2,Zf
1275,1,-0.15812221,-0.22249272,-1.1356292,GRB14,MEF,YY1,Zf
3131,1,-0.1124492,-0.24333258,1.2743545,TSPYL5,MEF,CTCF,Zf
620,0,-0.3625331,-0.38195667,-1.596438,COL5A1,LMC,GABPA,ETS
796,1,-0.3777494,-0.24283965,-2.4550138,DOCK8,MEF,EGR1,Zf
951,0,-0.26188308,-0.27780795,-1.2212169,F3,LMC,FOSL2,bZIP
2871,0,-0.44168723,-0.24550179,-1.8158801,STAG3,LMC,FOS,bZIP
3214,1,-0.29979625,-0.24283965,1.0921217,WDR35,MEF,GATA1,Zf
2077,1,-0.5795745,-0.22249272,-1.4768857,OIP5,MEF,SP2,Zf
2735,1,0.03116794,-0.22249272,3.6127057,SLC35F3,MEF,CTCF,Zf
2574,1,-0.08974322,-0.146989,-2.472195,SAPCD2,MEF,MAX,bHLH
1162,1,0.018755239,0.02968777,1.5318578,GCA,MEF,RFX5,HTH
2191,1,-0.3869897,-0.39942494,-1.1248902,PFKFB3,MEF,ETS1,ETS
1599,0,-0.34099022,-0.38195667,1.3884596,KLHL6,LMC,ELK1,ETS
2727,0,-0.39205822,-0.27780795,-3.1119766,SLC2A4,LMC,MAFK,bZIP
3018,1,-0.011590093,-0.22249272,-3.1052723,TMEM156,MEF,GATA3,Zf
1371,1,-0.4733331,-0.39005762,3.726657,HOXC10,MEF,ELK1,ETS
1506,0,-0.46016192,-0.24450046,1.1775964,ITPR1,LMC,EGR1,Zf
2186,1,-0.29360482,-0.13941021,5.879746,PENK,MEF,TCF12,bHLH
3151,1,-0.4649995,-0.41931188,1.6358356,TULP2,MEF,GABPA,ETS
1347,1,-0.28899637,-0.29509667,-2.2474232,HMMR,MEF,MAFF,bZIP
2509,1,-0.11649651,-0.25471953,-1.8196459,RIN3,MEF,JUND,bZIP
793,0,-0.20953742,-0.22249272,1.6967961,DOCK10,LMC,MAZ,Zf
402,0,-0.15812221,-0.22249272,-1.6334089,CCDC8,LMC,YY1,Zf
280,1,-0.056725405,-0.121736646,-1.1130936,BCL2L11,MEF,BHLHE40,bHLH
2301,0,-0.049117733,-0.13941021,-1.3081778,PPAP2A,LMC,MAX,bHLH
456,1,-0.08568381,-0.24450046,-5.5469213,CD72,MEF,MAZ,Zf
2786,1,0.028543921,-0.29509667,-1.2469294,SNAI1,MEF,BACH1,bZIP
1587,0,-0.46016192,-0.24450046,-4.442589,KIT,LMC,EGR1,Zf
468,1,-0.27228355,-0.24283965,-1.3716766,CDC42EP2,MEF,GATA2,Zf
2756,0,-0.14989896,-0.14989896,2.041336,SLC7A14,LMC,TEAD4,TEA
3092,1,-0.46016192,-0.24450046,2.6825416,TRANK1,MEF,EGR1,Zf
2876,1,-0.062780954,-0.24333258,-2.4180818,STARD9,MEF,SP1,Zf
1410,0,0.0745308,-0.10944186,-2.0136096,ID4,LMC,FOXA2,Forkhead
1944,1,-0.37167174,-0.29509667,1.454967,NCALD,MEF,ATF2,bZIP
3236,0,-0.18911669,-0.17782252,1.1457943,WWP1,LMC,FOXA2,Forkhead
922,1,-0.009364229,-0.17137949,6.705968,ESM1,MEF,STAT3,Stat
773,0,-0.65735245,-0.17782252,-1.6808469,DMPK,LMC,FOXM1,Forkhead
978,0,-0.25436184,-0.25436184,-1.2696277,FAM174B,LMC,TEAD4,TEA
2664,0,-0.3569094,-0.25159925,3.2625585,SHISA7,LMC,ZNF263,Zf
3203,1,-0.049117733,-0.13941021,-1.4983215,VSIG10L,MEF,MAX,bHLH
1955,0,0.06421617,-0.24450046,2.1906483,NCKAP1L,LMC,CTCF,Zf
270,1,-0.0061152284,-0.10008492,-1.6177692,BARD1,MEF,USF1,bHLH
2838,1,-0.3610153,-0.22249272,-4.3280306,SPN,MEF,EGR1,Zf
2628,0,0.21614419,-0.17782252,2.6170738,SERPING1,LMC,FOXA1,Forkhead
683,0,-0.26188308,-0.27780795,1.6376765,CTSB,LMC,FOSL2,bZIP
1582,1,-0.30776003,-0.24450046,1.0983452,KIF9,MEF,ZNF263,Zf
1044,1,-0.2507436,-0.25159925,-5.357593,FERMT3,MEF,ZEB1,Zf
1444,0,-0.36259097,-0.38195667,1.291219,IL18,LMC,ELF1,ETS
721,0,-0.4409798,-0.24450046,1.6832298,CYTH4,LMC,ZEB1,Zf
684,1,-0.14989896,-0.14989896,-1.4739813,CTSC,MEF,TEAD4,TEA
1946,0,-0.41320115,-0.25471953,-1.5658408,NCAPD2,LMC,ATF1,bZIP
2504,0,-0.20953742,-0.22249272,1.8920665,RHOV,LMC,MAZ,Zf
3250,0,0.0745308,-0.10944186,-2.442775,ZC3HAV1L,LMC,FOXA2,Forkhead
239,0,-0.37698567,-0.4067228,2.4009495,ATP1A3,LMC,PBX3,Homeobox
1455,0,-0.19379956,-0.22810093,-1.9387442,IL27RA,LMC,ATF2,bZIP
3018,1,-0.33280078,-0.24333258,-3.1052723,TMEM156,MEF,GATA2,Zf
3259,1,-0.1666823,-0.13941021,-1.6842502,ZIC1,MEF,USF2,bHLH
382,1,-0.03437175,-0.039668236,1.5888566,CCDC113,MEF,RFX5,HTH
3018,1,-0.37167174,-0.29509667,-3.1052723,TMEM156,MEF,ATF2,bZIP
419,1,0.03645469,-0.22810093,-1.012127,CCM2,MEF,BACH1,bZIP
1280,1,-0.3773888,-0.18281521,1.6184335,GRIA4,MEF,STAT1,Stat
1238,0,-0.32700178,-0.25159925,-1.8319702,GPR126,LMC,GATA1,Zf
2916,0,0.028543921,-0.29509667,-1.2524638,SYNPO2,LMC,BACH1,bZIP
1431,1,-0.44224238,-0.29509667,-1.0861005,IGSF8,MEF,MAFK,bZIP
895,1,-0.26737517,-0.25159925,-1.8153665,ENO3,MEF,ZKSCAN1,Zf
1317,1,-0.62452394,-0.4713425,-5.7553287,HCLS1,MEF,IRF4,IRF
29,1,-0.16941127,-0.25471953,-1.4410068,ACOT1,MEF,FOS,bZIP
2289,1,-0.2849582,-0.2849582,-1.1583761,POLD1,MEF,EBF1,EBF
364,1,-0.121607244,-0.24333258,1.1463557,CAPS2,MEF,GATA3,Zf
1990,0,-0.2548157,-0.22810093,-1.7527599,NID1,LMC,MAFF,bZIP
2845,0,-0.58496386,-0.4621776,-1.1286079,SPRY1,LMC,IRF4,IRF
2288,1,-0.3869897,-0.39942494,-1.222358,POLA1,MEF,ETS1,ETS
3146,1,-0.9852809,-0.65067613,-1.181462,TUBA1C,MEF,MEF2A,MADS
2569,0,-0.2952564,-0.2952564,-1.6417769,SAMD14,LMC,HNF4A,NR
421,1,-0.1607576,-0.24283965,-3.4695168,CCNB1,MEF,MAZ,Zf
2476,1,-0.15812221,-0.22249272,1.7372016,RCAN1,MEF,YY1,Zf
750,1,-0.42348737,-0.17137949,2.637599,DERL3,MEF,STAT1,Stat
2514,0,-0.33639127,-0.4713425,1.3600262,RNASEL,LMC,IRF1,IRF
1454,1,-0.40605056,-0.25471953,-2.9114602,IL21R,MEF,ATF2,bZIP
1990,0,-0.29360482,-0.13941021,-1.7527599,NID1,LMC,TCF12,bHLH
2563,1,0.018755239,0.02968777,-1.7429874,S1PR1,MEF,RFX5,HTH
1947,0,-0.1826178,-0.24450046,-1.6890546,NCAPG,LMC,SP1,Zf
2238,1,0.027763726,-0.25159925,1.2879338,PLCD4,MEF,GATA3,Zf
2881,1,-0.15019357,-0.27780795,-1.7704527,STIL,MEF,MAFF,bZIP
2051,1,-0.25436184,-0.25436184,3.2610376,NTRK2,MEF,TEAD4,TEA
3245,0,-0.38059002,-0.38059002,1.1004534,YPEL2,LMC,PAX5,"Paired,Homeobox"
1045,1,0.048078425,-0.25471953,-2.1285722,FES,MEF,BACH1,bZIP
337,0,-0.4733331,-0.39005762,-1.4465009,CABP1,LMC,ELK1,ETS
1494,1,-0.541412,-0.25159925,-1.5710412,ITGA9,MEF,EGR1,Zf
767,1,-0.26692143,-0.26692143,2.5010579,DLX1,MEF,EBF1,EBF
1419,0,-0.20308916,-0.4653868,-1.2156954,IGF2BP1,LMC,IRF1,IRF
982,1,0.023197008,-0.146989,1.9927673,FAM184A,MEF,USF1,bHLH
1313,1,-0.0013588448,-0.24283965,-1.7037495,HAS1,MEF,CTCF,Zf
2766,0,-0.21459776,-0.24333258,2.0881596,SLCO2A1,LMC,MAZ,Zf
3082,0,-0.14724034,-0.14724034,-1.8846053,TPBG,LMC,EBF1,EBF
1471,1,-0.7844056,-0.2053601,1.0656217,IQCK,MEF,FOXM1,Forkhead
1530,0,-0.17513762,-0.146989,1.6391324,KCNAB2,LMC,BHLHE40,bHLH
2985,0,-0.40533945,-0.39005762,1.1835107,TIMP1,LMC,GABPA,ETS
556,0,-0.43345997,-0.22249272,-1.5919069,CHSY3,LMC,ZNF263,Zf
234,1,-0.34370995,-0.24333258,-2.7479153,ATF7IP2,MEF,EGR1,Zf
1018,0,-0.22240412,-0.10008492,-2.6442215,FAP,LMC,TCF12,bHLH
2484,1,-0.37698567,-0.4067228,-1.6172776,REPS2,MEF,PBX3,Homeobox
2626,1,-0.4649995,-0.41931188,3.1389117,SERPINE2,MEF,GABPA,ETS
2288,1,-0.18398622,-0.29509667,-1.222358,POLA1,MEF,ATF3,bZIP
38,0,-0.07449697,-0.25159925,-2.4281116,ACTA2,LMC,CTCF,Zf
1221,1,-0.33080074,-0.22810093,1.7337681,GORAB,MEF,MAFK,bZIP
2716,0,-0.09351536,-0.24313685,1.2643375,SLC25A45,LMC,STAT3,Stat
2868,0,-0.3022701,-0.29509667,2.579852,STAB1,LMC,FOSL2,bZIP
2008,1,-0.3777494,-0.24283965,2.8155317,NMU,MEF,EGR1,Zf
1274,1,-0.44168723,-0.24550179,-1.1314675,GRB10,MEF,FOS,bZIP
2916,0,-0.64209527,-0.1980394,-1.2524638,SYNPO2,LMC,STAT1,Stat
2888,1,-0.07449697,-0.25159925,2.7845678,STMN2,MEF,CTCF,Zf
3146,1,0.13713937,-0.20371658,-1.181462,TUBA1C,MEF,FOXA1,Forkhead
2895,0,-0.08106524,-0.08106524,1.2344522,STXBP5,LMC,TEAD4,TEA
1261,0,-0.30003953,-0.30003953,1.2520463,GPR68,LMC,NRF1,NRF
392,1,-0.10827843,-0.121736646,-1.855374,CCDC18,MEF,USF2,bHLH
1901,1,-0.2470073,-0.39005762,1.1209321,MYBL1,MEF,ETS1,ETS
857,1,-0.3551913,-0.3551913,1.302421,EFCAB2,MEF,HNF4A,NR
1817,0,-0.058015816,-0.18281521,-4.2151833,MFAP4,LMC,STAT3,Stat
1731,1,-0.42519194,-0.24333258,-1.2809721,LYN,MEF,GATA1,Zf
895,0,-0.27070102,-0.24450046,-2.741761,ENO3,LMC,GATA2,Zf
2677,1,-0.08617797,-0.146989,-1.5746429,SKA3,MEF,MYOG,bHLH
1701,0,-0.39900714,-0.22249272,-1.2529169,LRRC3,LMC,GATA1,Zf
2308,1,-0.36550322,-0.47267562,1.3704175,PPFIBP2,MEF,PBX3,Homeobox
1226,1,-0.21437913,-0.2712014,-1.02046,GPC2,MEF,E2F4,E2F
3074,1,-0.3869897,-0.39942494,1.9111053,TNS4,MEF,ETS1,ETS
2800,0,-0.36812532,-0.36812532,1.1069503,SOAT1,LMC,NRF1,NRF
2120,1,-0.39205822,-0.27780795,-1.1863264,PAPOLB,MEF,MAFK,bZIP
3059,0,-0.1607576,-0.24283965,-1.1181328,TNFRSF11B,LMC,MAZ,Zf
1762,0,-0.37601265,-0.39942494,1.0892361,MAP3K8,LMC,ELF1,ETS
2323,1,-0.25436184,-0.25436184,-2.6390612,PRC1,MEF,TEAD4,TEA
2324,1,-0.35390377,-0.22810093,-1.0814621,PRCP,MEF,ATF1,bZIP
1401,1,-0.38490406,-0.38490406,1.3853371,HSPB6,MEF,PAX5,"Paired,Homeobox"
995,0,-0.14989896,-0.14989896,-1.3458498,FAM26E,LMC,TEAD4,TEA
1139,1,0.21614419,-0.17782252,-2.5304673,GALNT12,MEF,FOXA1,Forkhead
824,0,-0.18621291,-0.24333258,1.9490372,DUSP13,LMC,YY1,Zf
2516,0,-0.15019357,-0.27780795,1.2732776,RNF128,LMC,MAFF,bZIP
998,0,-0.25341198,-0.22810093,-1.4954357,FAM46B,LMC,ATF3,bZIP
2757,1,-0.2300118,-0.25159925,-3.1570675,SLC7A8,MEF,MAZ,Zf
251,0,-0.34099022,-0.38195667,-1.4332783,AURKA,LMC,ELK1,ETS
2234,1,-0.00943349,-0.121736646,4.1999607,PLAGL1,MEF,USF1,bHLH
3178,0,-0.26188308,-0.27780795,1.1493187,UPK3B,LMC,FOSL2,bZIP
279,1,-0.27228355,-0.24283965,1.0185626,BCL11B,MEF,GATA2,Zf
3104,1,-0.15812221,-0.22249272,-1.1894004,TRIM25,MEF,YY1,Zf
1647,1,-0.1826178,-0.24450046,2.3328397,LGI4,MEF,SP1,Zf
3221,1,-0.29360482,-0.13941021,1.6252236,WIPF3,MEF,TCF12,bHLH
2400,1,-0.009364229,-0.17137949,1.0328149,PXDC1,MEF,STAT3,Stat
1321,0,-0.30779734,-0.3917693,1.4760606,HDAC9,LMC,ETS1,ETS
1205,0,-0.169331,-0.25693348,-1.0145571,GLIS2,LMC,E2F4,E2F
3262,1,-0.2849582,-0.2849582,1.0464939,ZMYND12,MEF,EBF1,EBF
3253,1,-0.12554857,-0.24550179,-1.6620153,ZDHHC2,MEF,JUND,bZIP
3138,0,-0.20776576,-0.20776576,-1.6865426,TTLL11,LMC,EBF1,EBF
875,1,-0.26816452,-0.121736646,-1.3485354,EHHADH,MEF,TCF12,bHLH
679,1,-0.48430756,-0.24313685,-1.4067318,CTHRC1,MEF,STAT1,Stat
2833,1,-0.12554857,-0.24550179,-7.2477894,SPI1,MEF,JUND,bZIP
1511,1,-0.10505258,-0.1342841,1.9335152,JAG2,MEF,BHLHE40,bHLH
1926,0,-0.20953742,-0.22249272,-1.8944793,MYOCD,LMC,MAZ,Zf
2744,1,-0.35132957,-0.35132957,-2.4313455,SLC43A1,MEF,HNF4A,NR
1862,1,-0.057535224,-0.27780795,1.1564282,MORN2,MEF,BACH1,bZIP
169,1,-0.3070402,-0.24450046,-4.8506866,APOE,MEF,YY1,Zf
512,1,-0.16941127,-0.25471953,-2.398041,CENPF,MEF,FOS,bZIP
1890,1,-0.37601265,-0.39942494,-1.4342344,MTFR2,MEF,ELF1,ETS
1128,1,-0.26188308,-0.27780795,-4.13362,FYB,MEF,FOSL2,bZIP
3026,0,-0.4409798,-0.24450046,1.2060415,TMEM180,LMC,ZEB1,Zf
207,0,0.048078425,-0.25471953,1.4829313,ARL4D,LMC,BACH1,bZIP
796,0,-0.049117733,-0.13941021,1.3039615,DOCK8,LMC,MAX,bHLH
251,0,-0.29979625,-0.24283965,-1.4332783,AURKA,LMC,GATA1,Zf
2343,1,-0.2790477,-0.25471953,-2.244646,PRR11,MEF,MAFF,bZIP
2456,1,0.018755239,0.02968777,2.209413,RASGRF1,MEF,RFX5,HTH
2401,1,-0.16561359,-0.22810093,-1.6021868,PXDN,MEF,JUND,bZIP
1769,0,0.03645469,-0.22810093,1.4566643,MAPK4,LMC,BACH1,bZIP
1984,1,-0.121607244,-0.24333258,-1.7410284,NFKBID,MEF,GATA3,Zf
794,0,-0.21437913,-0.2712014,1.9015518,DOCK2,LMC,E2F4,E2F
2188,1,-0.34304273,-0.52757335,3.294008,PEX5L,MEF,NANOG,Homeobox
2128,0,-0.3777494,-0.24283965,1.8577458,PARVG,LMC,EGR1,Zf
629,1,-0.29414836,-0.26135686,5.5116177,COMP,MEF,E2F6,E2F
88,0,-0.1826178,-0.24450046,1.6158199,AGAP2,LMC,SP1,Zf
665,1,-0.1826178,-0.24450046,-4.4421754,CSF2RB,MEF,SP1,Zf
1757,1,-0.44224238,-0.29509667,-1.517834,MAP1B,MEF,MAFK,bZIP
951,0,-0.1124492,-0.24333258,-1.2212169,F3,LMC,CTCF,Zf
1490,1,-0.057535224,-0.27780795,1.2707528,ITGA3,MEF,BACH1,bZIP
1258,1,-0.13559982,-0.10008492,2.0538962,GPR50,MEF,MAX,bHLH
1803,0,-0.21907748,-0.27780795,2.6299787,MEGF6,LMC,JUND,bZIP
921,1,-0.11649651,-0.25471953,-2.3991766,ESCO2,MEF,JUND,bZIP
430,1,-0.01444126,-0.17255645,-1.3414109,CCR5,MEF,STAT3,Stat
2452,0,0.028543921,-0.29509667,1.991749,RASAL3,LMC,BACH1,bZIP
1184,1,-0.120565586,-0.1342841,-1.1692625,GGN,MEF,MAX,bHLH
2343,1,-0.1826178,-0.24450046,-2.244646,PRR11,MEF,SP1,Zf
2994,0,-0.36049217,-0.22810093,-2.4943612,TLL1,LMC,FOS,bZIP
77,1,-0.2678836,-0.24283965,-1.0111213,ADHFE1,MEF,SP1,Zf
1249,1,-0.38057798,-0.24450046,1.3253899,GPR174,MEF,GATA1,Zf
840,0,-0.3625331,-0.38195667,-2.3962362,EBF2,LMC,GABPA,ETS
1611,1,-0.43345997,-0.22249272,2.3295457,KRT80,MEF,ZNF263,Zf
1381,1,-0.18621291,-0.24333258,1.3733654,HOXD9,MEF,YY1,Zf
1385,1,-0.10505258,-0.1342841,-3.2015617,HPGD,MEF,BHLHE40,bHLH
1811,1,0.03645469,-0.22810093,1.4938444,MEST,MEF,BACH1,bZIP
1865,1,-0.20953742,-0.22249272,1.1478183,MPC1,MEF,MAZ,Zf
999,0,-0.009410201,-0.10008492,1.1663992,FAM46C,LMC,USF2,bHLH
1399,0,0.018755239,0.02968777,1.2212778,HSPB1,LMC,RFX5,HTH
2706,0,-0.440717,-0.25471953,1.1320416,SLC1A2,LMC,MAFK,bZIP
631,1,-0.44224238,-0.29509667,-1.0453374,CORO1C,MEF,MAFK,bZIP
598,0,0.13713937,-0.20371658,-2.030143,CNR1,LMC,FOXA1,Forkhead
1047,1,-0.01444126,-0.17255645,-4.654176,FGD2,MEF,STAT3,Stat
276,1,-0.37698567,-0.4067228,-1.0301375,BCAT1,MEF,PBX3,Homeobox
2917,1,-0.91791576,-0.29509667,-2.2309391,SYT1,MEF,BATF,bZIP
1029,1,-0.17407607,-0.121736646,5.813108,FBP2,MEF,MAX,bHLH
774,1,-0.07763662,-0.20371658,1.7919127,DMRTA1,MEF,FOXA2,Forkhead
162,1,-0.169331,-0.25693348,3.098799,APLN,MEF,E2F4,E2F
398,1,-0.38490406,-0.38490406,1.0387565,CCDC63,MEF,PAX5,"Paired,Homeobox"
316,1,-0.5313326,-0.24450046,1.6416403,BTC,MEF,ZKSCAN1,Zf
1890,1,-0.20953742,-0.22249272,-1.4342344,MTFR2,MEF,MAZ,Zf
2291,0,-0.39804247,-0.17255645,-1.2387993,POLE2,LMC,STAT1,Stat
1023,0,-0.30776003,-0.24450046,-2.497806,FBLN1,LMC,ZNF263,Zf
1063,1,-0.07763662,-0.20371658,-1.2671621,FGL1,MEF,FOXA2,Forkhead
2275,0,-0.13994873,-0.2053601,1.0600202,PM20D2,LMC,FOXA2,Forkhead
996,0,-0.2808588,-0.24283965,-1.008624,FAM3C,LMC,ZEB1,Zf
517,1,-0.31818998,-0.24333258,-2.1137278,CENPN,MEF,ZEB1,Zf
126,0,-0.26188308,-0.27780795,2.119779,AMDHD1,LMC,FOSL2,bZIP
2386,0,-0.36351123,-0.50137913,2.0515485,PTPN6,LMC,PBX3,Homeobox
3010,0,-0.21918109,-0.21918109,-1.0886124,TMEM119,LMC,TCF3,HMG
839,0,-0.21918109,-0.21918109,-1.8998702,EBF1,LMC,TCF3,HMG
1491,1,-0.33296144,-0.24550179,-1.4530721,ITGA5,MEF,MAFK,bZIP
375,1,-0.8150283,-0.4653868,1.0318768,CATSPERD,MEF,IRF4,IRF
999,0,-0.1505293,-0.1342841,1.1663992,FAM46C,LMC,USF2,bHLH
1904,1,-0.14724034,-0.14724034,-1.3234528,MYCL,MEF,EBF1,EBF
2563,1,-0.62452394,-0.4713425,-1.7429874,S1PR1,MEF,IRF4,IRF
532,0,0.17063665,-0.10944186,3.123858,CFI,LMC,FOXA1,Forkhead
24,1,-0.3705123,-0.25471953,2.1553288,ACE,MEF,FOSL2,bZIP
1775,1,-0.34099022,-0.38195667,-1.0848607,MASTL,MEF,ELK1,ETS
2279,0,-0.541412,-0.25159925,-1.1177921,PMVK,LMC,EGR1,Zf
1178,1,-0.38278377,-0.42379856,-1.9427576,GEN1,MEF,PBX3,Homeobox
2371,0,-0.34370995,-0.24333258,1.82346,PTGDS,LMC,EGR1,Zf
821,1,-0.46016192,-0.24450046,-1.138244,DTX4,MEF,EGR1,Zf
2349,0,-0.27070102,-0.24450046,-1.1556536,PRRT2,LMC,GATA2,Zf
1201,1,-0.30776003,-0.24450046,5.889658,GLDN,MEF,ZNF263,Zf
1244,1,-0.2727483,-0.2712014,-2.028512,GPR155,MEF,E2F6,E2F
1423,1,-0.2678836,-0.24283965,3.18467,IGFBP5,MEF,SP1,Zf
2847,0,-0.20308916,-0.4653868,1.6670033,SPRY4,LMC,IRF1,IRF
198,1,0.03116794,-0.22249272,-3.3044653,ARHGEF39,MEF,CTCF,Zf
3052,0,-0.5069276,-0.27780795,-2.1325834,TNC,LMC,ATF2,bZIP
1680,0,-0.36049217,-0.22810093,-2.5213785,LOXL4,LMC,FOS,bZIP
689,1,-0.07449697,-0.25159925,1.1793175,CTSL,MEF,CTCF,Zf
3214,1,-0.8150283,-0.4653868,1.0921217,WDR35,MEF,IRF4,IRF
2124,0,0.041926194,-0.24283965,1.5096653,PARK2,LMC,GATA3,Zf
2472,1,-0.5069276,-0.27780795,-2.984346,RBM47,MEF,ATF2,bZIP
1522,1,-0.45963168,-0.45963168,1.0859743,KBTBD8,MEF,TCF3,HMG
1185,1,-0.3375485,-0.1342841,1.7013246,GGT1,MEF,TCF12,bHLH
1335,1,-0.10505258,-0.1342841,1.0415667,HIST1H1C,MEF,BHLHE40,bHLH
1888,1,-0.37698567,-0.4067228,1.6543893,MSX2,MEF,PBX3,Homeobox
1933,1,-0.20308916,-0.4653868,-3.0799553,NAALAD2,MEF,IRF1,IRF
693,0,-0.541412,-0.25159925,-1.0231155,CUL7,LMC,EGR1,Zf
2160,0,-0.20916343,-0.20916343,-1.2122647,PCYOX1L,LMC,NRF1,NRF
1237,0,-0.0017048104,-0.121736646,-1.0928826,GPR125,LMC,MYOG,bHLH
159,1,-0.22240412,-0.10008492,-1.3802844,APBB1IP,MEF,TCF12,bHLH
2911,1,-0.3341544,-0.39005762,-2.18065,SYNE2,MEF,ELF1,ETS
1232,1,-0.3058912,-0.24283965,2.498686,GPM6B,MEF,YY1,Zf
499,1,-0.39900714,-0.22249272,-1.2301211,CDR2L,MEF,GATA1,Zf
2920,1,-0.33296144,-0.24550179,2.0846374,SYT7,MEF,MAFK,bZIP
1168,1,-0.3439605,-0.3439605,-1.4900697,GCNT2,MEF,NRF1,NRF
2965,1,-0.8875255,-0.25471953,-1.7823138,TFPI,MEF,BATF,bZIP
926,1,-0.32442823,-0.39942494,-1.3294209,ESYT1,MEF,ELK1,ETS
114,1,-0.009364229,-0.17137949,5.5927067,ALDH3A1,MEF,STAT3,Stat
785,1,-0.3773888,-0.18281521,1.1730027,DNAJB9,MEF,STAT1,Stat
1375,1,0.08411567,-0.24550179,-1.0630357,HOXC6,MEF,BACH1,bZIP
630,1,-0.35453734,-0.24333258,-4.2288876,CORO1A,MEF,ZKSCAN1,Zf
1377,0,-0.17853236,-0.13941021,2.4189181,HOXD1,LMC,MYOG,bHLH
2290,0,-0.2806714,-0.20306948,-1.5923315,POLE,LMC,MEF2A,MADS
475,1,-0.3933147,-0.24283965,-1.4936433,CDCA5,MEF,ZKSCAN1,Zf
2776,1,-0.33280078,-0.24333258,-4.6038027,SMAGP,MEF,GATA2,Zf
1307,0,-0.3625331,-0.38195667,-1.3646489,H1FX,LMC,GABPA,ETS
2715,1,-0.2185933,-0.3794154,1.1691884,SLC25A35,MEF,IRF1,IRF
3249,1,-0.10827843,-0.121736646,-3.3419523,ZC3H12D,MEF,USF2,bHLH
35,0,-0.8933479,-0.52757335,-1.0941339,ACSS2,LMC,CUX1,Homeobox
2388,1,-0.17150766,-0.17150766,-6.5539336,PTPRC,MEF,TEAD4,TEA
2308,1,-0.19612858,-0.146989,1.3704175,PPFIBP2,MEF,USF2,bHLH
1294,1,-0.03437175,-0.039668236,-1.3355373,GSG2,MEF,RFX5,HTH
463,1,-0.24165441,-0.29509667,-4.6992073,CD93,MEF,JUND,bZIP
700,1,-0.0013588448,-0.24283965,-1.8470051,CXCL12,MEF,CTCF,Zf
832,1,-0.19612858,-0.146989,-1.027581,DYSF,MEF,USF2,bHLH
229,1,-0.64209527,-0.1980394,-2.8171737,ASPM,MEF,STAT1,Stat
1851,0,-0.44224238,-0.29509667,1.0448611,MMP19,LMC,MAFK,bZIP
2259,1,-0.43345997,-0.22249272,-3.097473,PLK1,MEF,ZNF263,Zf
1157,0,-0.10369535,-0.10008492,1.0983671,GATA6,LMC,BHLHE40,bHLH
2165,1,-0.16561359,-0.22810093,1.3578607,PDE1C,MEF,JUND,bZIP
1943,1,-0.46165287,-0.4067228,-1.5031216,NBEAL2,MEF,CUX1,Homeobox
2639,1,-0.541412,-0.25159925,1.4433799,SGMS2,MEF,EGR1,Zf
2413,0,0.028543921,-0.29509667,1.2538403,RAB20,LMC,BACH1,bZIP
895,0,-0.08617797,-0.146989,-2.741761,ENO3,LMC,MYOG,bHLH
2763,0,-0.17853236,-0.13941021,-1.3758038,SLC9A5,LMC,MYOG,bHLH
1101,1,-0.5313326,-0.24450046,-1.9451369,FOXM1,MEF,ZKSCAN1,Zf
1733,1,-0.23244992,-0.52757335,1.1049803,LYRM1,MEF,PBX3,Homeobox
933,0,-0.2548157,-0.22810093,2.0386486,EVI2A,LMC,MAFF,bZIP
1136,1,0.06421617,-0.24450046,1.5529917,GAL3ST1,MEF,CTCF,Zf
2517,0,0.22652079,-0.2053601,-3.7459342,RNF144A,LMC,FOXA1,Forkhead
2800,0,-0.34370995,-0.24333258,1.1069503,SOAT1,LMC,EGR1,Zf
863,1,-0.3869897,-0.39942494,-1.6301057,EFNA2,MEF,ETS1,ETS
634,1,-0.26816452,-0.121736646,1.7670674,COX6A2,MEF,TCF12,bHLH
2903,0,-0.17150766,-0.17150766,2.135801,SV2A,LMC,TEAD4,TEA
794,0,0.08411567,-0.24550179,1.9015518,DOCK2,LMC,BACH1,bZIP
41,0,-0.60550106,-0.24450046,1.6943789,ACTN3,LMC,SP2,Zf
2090,1,-0.7695519,-0.25159925,1.4809719,OSBPL3,MEF,ZBTB33,Zf
1007,0,-0.65735245,-0.17782252,1.9239274,FAM78A,LMC,FOXM1,Forkhead
1294,1,-0.4776695,-0.22249272,-1.3355373,GSG2,MEF,ZKSCAN1,Zf
349,0,-0.21437913,-0.2712014,1.2775106,CADM2,LMC,E2F4,E2F
3159,1,-0.14989896,-0.14989896,-1.1776502,UBASH3B,MEF,TEAD4,TEA
2303,0,-0.14724034,-0.14724034,-2.4913504,PPARA,LMC,EBF1,EBF
3069,1,-0.13149443,-0.22249272,-2.5900114,TNNI2,MEF,SP1,Zf
1186,0,-0.1124492,-0.24333258,2.0995681,GGT5,LMC,CTCF,Zf
2823,1,-0.51308286,-0.25693348,-1.9032626,SPAG5,MEF,E2F1,E2F
2748,1,-0.15054174,-0.24450046,-1.5294625,SLC44A3,MEF,GATA3,Zf
1717,0,-0.08617797,-0.146989,-1.2593111,LSP1,LMC,MYOG,bHLH
1854,1,-0.065101475,-0.08148018,1.1488492,MMP28,MEF,RFX5,HTH
1335,1,-0.65735245,-0.17782252,1.0415667,HIST1H1C,MEF,FOXM1,Forkhead
2979,1,-0.11649651,-0.25471953,-5.7015085,THEMIS2,MEF,JUND,bZIP
3061,1,-0.17407607,-0.121736646,2.643537,TNFRSF19,MEF,MAX,bHLH
2997,1,-0.20916343,-0.20916343,-1.2257801,TLR5,MEF,NRF1,NRF
1522,1,-0.011590093,-0.22249272,1.0859743,KBTBD8,MEF,GATA3,Zf
1866,1,-0.35806254,-0.38195667,-8.92165,MPEG1,MEF,ETS1,ETS
354,1,-0.15812221,-0.22249272,-1.0762447,CAMK1D,MEF,YY1,Zf
3188,1,-0.29979625,-0.24283965,-1.032395,VASP,MEF,GATA1,Zf
1066,1,-0.049117733,-0.13941021,-1.1100099,FHL3,MEF,MAX,bHLH
2121,1,-0.37527534,-0.37527534,-1.2023399,PAQR4,MEF,NRF1,NRF
131,0,-0.69426614,-0.4713425,-2.6651552,ANGPT2,LMC,IRF3,IRF
2612,1,-1.5423862,-0.39005762,-4.226591,SEMA4D,MEF,FLI1,ETS
2591,1,-0.2064243,-0.25159925,-1.7827389,SCN9A,MEF,YY1,Zf
2541,1,-0.37167174,-0.29509667,-1.4664801,RRM1,MEF,ATF2,bZIP
460,1,-0.1607576,-0.24283965,-3.7349644,CD83,MEF,MAZ,Zf
1598,1,-0.46846294,-0.46846294,3.3973646,KLHL40,MEF,TCF3,HMG
834,1,-0.13149443,-0.22249272,-1.669616,E2F2,MEF,SP1,Zf
998,1,-0.6645992,-0.25159925,-1.6308671,FAM46B,MEF,SP2,Zf
709,1,-0.39804247,-0.17255645,-1.6690544,CYBA,MEF,STAT1,Stat
2949,0,-0.51637894,-0.42379856,1.3909388,TCFL5,LMC,CUX1,Homeobox
709,1,-0.26737517,-0.25159925,-1.6690544,CYBA,MEF,ZKSCAN1,Zf
489,0,-0.2859068,-0.146989,1.132785,CDK18,LMC,TCF12,bHLH
2727,0,-0.6928834,-0.10944186,-3.1119766,SLC2A4,LMC,FOXM1,Forkhead
3116,1,-0.17407607,-0.121736646,1.5480536,TRPC6,MEF,MAX,bHLH
1970,1,-0.38071528,-0.24283965,-2.2655962,NEK2,MEF,ZNF263,Zf
883,0,-0.22016564,-0.25159925,-1.7784133,ELOVL6,LMC,GATA2,Zf
324,1,-0.44224238,-0.29509667,-8.9028015,C1QA,MEF,MAFK,bZIP
403,1,-0.32442823,-0.39942494,1.625412,CCDC80,MEF,ELK1,ETS
2167,1,-0.3773888,-0.18281521,-1.033388,PDE4A,MEF,STAT1,Stat
1565,1,-0.12554857,-0.24550179,1.3241493,KDM6A,MEF,JUND,bZIP
470,1,-0.44224238,-0.29509667,-2.258905,CDC42EP5,MEF,MAFK,bZIP
821,1,-0.10827843,-0.121736646,-1.138244,DTX4,MEF,USF2,bHLH
927,0,-0.14989896,-0.14989896,2.8551106,ESYT3,LMC,TEAD4,TEA
3160,1,-0.7502766,-0.4621776,-2.8941476,UBE2C,MEF,IRF3,IRF
2996,0,-0.33817908,-0.29509667,1.1161342,TLR4,LMC,FOS,bZIP
1622,0,-0.33296144,-0.24550179,1.5308331,LAMC3,LMC,MAFK,bZIP
593,1,-0.056725405,-0.121736646,2.740995,CNKSR1,MEF,BHLHE40,bHLH
515,1,-0.3076643,-0.4621776,-1.4839959,CENPK,MEF,IRF1,IRF
3079,0,-0.2859068,-0.146989,-1.7466844,TOX,LMC,TCF12,bHLH
269,0,-0.42519194,-0.24333258,1.224087,BAMBI,LMC,GATA1,Zf
1057,1,-0.057535224,-0.27780795,1.781064,FGF9,MEF,BACH1,bZIP
2012,1,-0.34099022,-0.38195667,2.3264077,NOG,MEF,ELK1,ETS
1265,1,-0.45392957,-0.28884968,2.4965944,GPRC5A,MEF,E2F1,E2F
2040,0,-0.2954083,-0.24550179,2.0650537,NRN1L,LMC,ATF3,bZIP
3019,0,-0.20308916,-0.4653868,-1.6892291,TMEM158,LMC,IRF1,IRF
1633,0,-0.24165441,-0.29509667,2.959293,LCTL,LMC,JUND,bZIP
700,0,-0.12554857,-0.24550179,-2.6040885,CXCL12,LMC,JUND,bZIP
1686,0,-0.08106524,-0.08106524,-1.2792101,LPP,LMC,TEAD4,TEA
1012,1,-0.30003953,-0.30003953,1.7869244,FAM83G,MEF,NRF1,NRF
2386,0,-0.3022701,-0.29509667,2.0515485,PTPN6,LMC,FOSL2,bZIP
1764,1,-0.056725405,-0.121736646,1.7190605,MAP7,MEF,BHLHE40,bHLH
108,1,-0.4733331,-0.39005762,1.0786273,ALCAM,MEF,ELK1,ETS
668,1,0.027763726,-0.25159925,2.486209,CSMD3,MEF,GATA3,Zf
2838,1,-0.36645967,-0.22249272,-4.3280306,SPN,MEF,ZEB1,Zf
321,1,-0.3569094,-0.25159925,-2.3385303,BUB1B,MEF,ZNF263,Zf
920,0,-0.37601265,-0.39942494,2.3110852,ESAM,LMC,ELF1,ETS
1,1,-0.26737517,-0.25159925,1.1740319,A4GALT,MEF,ZKSCAN1,Zf
2661,0,-0.3430542,-0.3430542,-1.2295792,SHF,LMC,PAX5,"Paired,Homeobox"
1264,0,-0.19379956,-0.22810093,1.8109362,GPR88,LMC,ATF2,bZIP
388,1,-0.17853236,-0.13941021,1.1030093,CCDC141,MEF,MYOG,bHLH
181,1,-0.13149443,-0.22249272,-2.8857563,ARHGAP19,MEF,SP1,Zf
760,0,-0.3375485,-0.1342841,-1.1509932,DKK3,LMC,TCF12,bHLH
1688,1,-0.20776576,-0.20776576,1.3220744,LRCH1,MEF,EBF1,EBF
3168,1,-0.07949572,-0.21953267,-3.5868664,ULBP1,MEF,FOXA2,Forkhead
1862,1,-0.35318726,-0.41931188,1.1564282,MORN2,MEF,ELK1,ETS
2023,1,-0.17407607,-0.121736646,-1.3435223,NPEPL1,MEF,MAX,bHLH
1118,1,-0.15019357,-0.27780795,1.1508414,FSIP1,MEF,MAFF,bZIP
2212,1,-0.19239004,-0.26135686,-2.0298722,PIK3CD,MEF,E2F4,E2F
658,1,-0.2064243,-0.25159925,1.7045457,CRNDE,MEF,YY1,Zf
1128,1,-0.009364229,-0.17137949,-4.13362,FYB,MEF,STAT3,Stat
1946,1,-0.14989896,-0.14989896,-2.066573,NCAPD2,MEF,TEAD4,TEA
1285,0,-0.19612858,-0.146989,-1.7310942,GRIN1,LMC,USF2,bHLH
854,1,0.21614419,-0.17782252,-1.885986,EEPD1,MEF,FOXA1,Forkhead
774,1,-0.19612858,-0.146989,1.7919127,DMRTA1,MEF,USF2,bHLH
418,0,-0.39205822,-0.27780795,1.4249228,CCL8,LMC,MAFK,bZIP
2343,1,-0.35806254,-0.38195667,-2.244646,PRR11,MEF,ETS1,ETS
1856,1,-0.2790477,-0.25471953,-2.300053,MMP9,MEF,MAFF,bZIP
698,0,-0.0061152284,-0.10008492,2.1743443,CXADR,LMC,USF1,bHLH
1711,0,-0.76012087,-0.50137913,1.4799604,LRRN4,LMC,CUX1,Homeobox
2993,0,-0.3933147,-0.24283965,-1.9840968,TLE6,LMC,ZKSCAN1,Zf
3144,1,-0.049117733,-0.13941021,-1.550395,TTYH3,MEF,MAX,bHLH
365,1,-0.659372,-0.27780795,-4.5031996,CARD9,MEF,BATF,bZIP
1116,0,-0.541412,-0.25159925,-2.1756344,FRZB,LMC,EGR1,Zf
235,0,-0.22240412,-0.10008492,-1.0292096,ATG16L2,LMC,TCF12,bHLH
2362,0,-0.46846294,-0.46846294,-1.2187368,PSAT1,LMC,TCF3,HMG
2540,1,-0.009364229,-0.17137949,2.2565928,RRAGB,MEF,STAT3,Stat
910,1,-0.2727483,-0.2712014,1.3478439,EPHB6,MEF,E2F6,E2F
1143,1,-0.13559982,-0.10008492,2.7778296,GALNT3,MEF,MAX,bHLH
1474,1,-0.3610153,-0.22249272,1.5855246,IQUB,MEF,EGR1,Zf
998,0,-0.22746871,-0.25187832,-1.4954357,FAM46B,LMC,E2F6,E2F
30,1,-0.4733331,-0.39005762,-1.6896966,ACOT4,MEF,ELK1,ETS
2811,0,-0.32442823,-0.39942494,-1.3366922,SOX13,LMC,ELK1,ETS
460,1,-0.38057798,-0.24450046,-3.7349644,CD83,MEF,GATA1,Zf
1993,1,-0.43756613,-0.41931188,1.0403154,NIPAL3,MEF,ETS1,ETS
1285,0,-0.3777494,-0.24283965,-1.7310942,GRIN1,LMC,EGR1,Zf
2976,0,-0.2913164,-0.42379856,-2.5368462,THBS2,LMC,NANOG,Homeobox
3104,1,-0.14989896,-0.14989896,-1.1894004,TRIM25,MEF,TEAD4,TEA
294,0,-0.36812532,-0.36812532,2.420435,BIN2,LMC,NRF1,NRF
2193,0,-0.38490406,-0.38490406,-2.3282619,PFKL,LMC,PAX5,"Paired,Homeobox"
2401,0,-0.14989896,-0.14989896,-1.57443,PXDN,LMC,TEAD4,TEA
2167,1,-0.541412,-0.25159925,-1.033388,PDE4A,MEF,EGR1,Zf
198,1,-0.32442823,-0.39942494,-3.3044653,ARHGEF39,MEF,ELK1,ETS
1570,1,-0.37167174,-0.29509667,-2.6483867,KIF20A,MEF,ATF2,bZIP
1586,0,-0.46165287,-0.4067228,-1.0530518,KISS1R,LMC,CUX1,Homeobox
2184,0,-0.440717,-0.25471953,-1.4413091,PDZRN3,LMC,MAFK,bZIP
3149,1,-0.2997486,-0.24333258,-1.5823541,TUBB4A,MEF,ZNF263,Zf
2391,1,-0.27228355,-0.24283965,1.2813045,PTPRN2,MEF,GATA2,Zf
2265,1,-0.3341544,-0.39005762,3.7187953,PLS1,MEF,ELF1,ETS
400,0,-0.38057798,-0.24450046,-1.1101925,CCDC68,LMC,GATA1,Zf
885,1,-0.35028386,-0.4067228,-2.3387628,EME1,MEF,NANOG,Homeobox
962,0,-0.21437913,-0.2712014,-1.8918418,FAM101B,LMC,E2F4,E2F
17,0,-0.5069276,-0.27780795,1.7177593,ABI3,LMC,ATF2,bZIP
2384,1,-0.09351536,-0.24313685,1.9310234,PTPN22,MEF,STAT3,Stat
1981,1,-0.3076643,-0.4621776,4.3576717,NFASC,MEF,IRF1,IRF
1129,1,-0.35318726,-0.41931188,1.7368665,FZD10,MEF,ELK1,ETS
316,1,-0.26737517,-0.25159925,1.6416403,BTC,MEF,ZKSCAN1,Zf
2549,1,-0.36645967,-0.22249272,-1.6384641,RTKN2,MEF,ZEB1,Zf
1887,1,-0.14724034,-0.14724034,3.0120192,MSX1,MEF,EBF1,EBF
1473,1,-0.2808588,-0.24283965,-2.926151,IQGAP3,MEF,ZEB1,Zf
2583,0,-0.13559982,-0.10008492,-2.5472686,SCML2,LMC,MAX,bHLH
1465,1,-0.3341544,-0.39005762,-1.7085556,INPP4B,MEF,ELF1,ETS
2944,0,-0.22736193,-0.22736193,2.129369,TBXAS1,LMC,HNF4A,NR
2402,1,-0.51944894,-0.25159925,-1.2805303,PYCARD,MEF,BCL11A,Zf
906,0,-0.16941127,-0.25471953,-1.4759874,EPHA4,LMC,FOS,bZIP
3003,1,-0.17513762,-0.146989,-3.9932933,TM6SF1,MEF,BHLHE40,bHLH
2651,1,-0.37167174,-0.29509667,-1.0929486,SH3KBP1,MEF,ATF2,bZIP
3035,1,-0.28121933,-0.25159925,1.6910677,TMEM25,MEF,SP1,Zf
589,1,0.011842721,-0.21953267,-2.546778,CMTM8,MEF,FOXA1,Forkhead
289,1,-0.18911669,-0.17782252,-2.1762085,BEX4,MEF,FOXA2,Forkhead
2704,0,-0.3773888,-0.18281521,-1.4064982,SLC17A9,LMC,STAT1,Stat
2653,1,-0.35028386,-0.4067228,2.324801,SH3RF2,MEF,NANOG,Homeobox
1916,0,-0.9852809,-0.65067613,1.3692127,MYLK3,LMC,MEF2A,MADS
2672,1,-0.12447846,-0.22249272,-2.3944552,SIPA1,MEF,GATA2,Zf
2379,1,-0.2300118,-0.25159925,-1.1953413,PTMS,MEF,MAZ,Zf
1136,1,-0.10505258,-0.1342841,1.5529917,GAL3ST1,MEF,BHLHE40,bHLH
251,1,-0.0013588448,-0.24283965,-2.209545,AURKA,MEF,CTCF,Zf
1671,1,-0.4733331,-0.39005762,-4.9727182,LMO2,MEF,ELK1,ETS
1393,1,-0.07449697,-0.25159925,1.8035604,HSBP1L1,MEF,CTCF,Zf
649,0,-0.5315311,-0.5315311,1.7723053,CREG1,LMC,PAX5,"Paired,Homeobox"
2629,1,-0.33817908,-0.29509667,-1.1922623,SERTAD4,MEF,FOS,bZIP
3166,1,-0.1666823,-0.13941021,2.1184819,UGP2,MEF,USF2,bHLH
585,0,-0.2470073,-0.39005762,1.6729612,CLU,LMC,ETS1,ETS
1971,1,-0.20454665,-0.20454665,-1.2191693,NEK6,MEF,TEAD4,TEA
1223,1,-0.28121933,-0.25159925,1.2755128,GP1BA,MEF,SP1,Zf
482,1,-0.65183055,-0.47267562,2.0275156,CDH17,MEF,CUX1,Homeobox
394,0,-0.120565586,-0.1342841,-1.482275,CCDC3,LMC,MAX,bHLH
1522,0,-0.08568381,-0.24450046,1.2068585,KBTBD8,LMC,MAZ,Zf
923,1,-0.1689725,-0.13941021,-3.2897458,ESPL1,MEF,BHLHE40,bHLH
658,1,-0.169331,-0.25693348,1.7045457,CRNDE,MEF,E2F4,E2F
3211,0,-0.049117733,-0.13941021,-1.060672,WASF3,LMC,MAX,bHLH
2292,0,-0.40533945,-0.39005762,-1.0529194,POLQ,LMC,GABPA,ETS
3250,0,-0.1826178,-0.24450046,-2.442775,ZC3HAV1L,LMC,SP1,Zf
415,0,-0.24165441,-0.29509667,2.2026498,CCL4,LMC,JUND,bZIP
1260,0,-0.21459776,-0.24333258,2.074555,GPR65,LMC,MAZ,Zf
1949,1,-0.24165441,-0.29509667,-1.5197695,NCAPH,MEF,JUND,bZIP
78,0,-0.18911669,-0.17782252,-1.8453362,ADM,LMC,FOXA2,Forkhead
1490,1,-0.34914914,-0.27780795,1.2707528,ITGA3,MEF,FOS,bZIP
2197,1,-0.1689725,-0.13941021,-1.744764,PGBD5,MEF,BHLHE40,bHLH
2541,1,-0.42348737,-0.17137949,-1.4664801,RRM1,MEF,STAT1,Stat
1344,0,-0.1607576,-0.24283965,-1.063044,HMGCS1,LMC,MAZ,Zf
1804,1,-0.36049217,-0.22810093,1.6576555,MEGF9,MEF,FOS,bZIP
1244,1,-0.26816452,-0.121736646,-2.028512,GPR155,MEF,TCF12,bHLH
516,0,-0.07449697,-0.25159925,-1.7725236,CENPM,LMC,CTCF,Zf
1324,1,-0.5069276,-0.27780795,1.8036673,HEPH,MEF,ATF2,bZIP
3209,0,-0.12447846,-0.22249272,1.8964798,VWF,LMC,GATA2,Zf
1320,1,-0.44224238,-0.29509667,-2.2017817,HCST,MEF,MAFK,bZIP
258,1,-0.58496386,-0.4621776,-3.112907,B3GNT7,MEF,IRF4,IRF
2381,0,-0.20916343,-0.20916343,-1.0257434,PTPLA,LMC,NRF1,NRF
2228,1,-0.009364229,-0.17137949,2.2447371,PLA2G2E,MEF,STAT3,Stat
2793,1,-0.2997486,-0.24333258,1.5012249,SNHG12,MEF,ZNF263,Zf
1819,1,-0.0005437653,-0.1342841,-2.406955,MFNG,MEF,USF1,bHLH
2894,1,-0.21437913,-0.2712014,-1.2475686,STX1A,MEF,E2F4,E2F
1820,0,-0.2678836,-0.24283965,1.5626165,MFSD12,LMC,SP1,Zf
272,1,-0.27070102,-0.24450046,-1.0692208,BAZ1A,MEF,GATA2,Zf
2433,1,-0.21342848,-0.28884968,-1.425109,RAD51B,MEF,E2F6,E2F
1693,1,-0.66942716,-0.22810093,-4.9975886,LRMP,MEF,BATF,bZIP
486,1,-0.057535224,-0.27780795,2.0430532,CDH8,MEF,BACH1,bZIP
2818,1,-0.25436184,-0.25436184,-2.0819426,SP3,MEF,TEAD4,TEA
400,0,-0.39900714,-0.22249272,-1.1101925,CCDC68,LMC,GATA1,Zf
3099,1,-0.21869276,-0.39005762,-1.4419627,TRERF1,MEF,ELK4,ETS
2214,1,-0.46846294,-0.46846294,-3.0240712,PIK3R5,MEF,TCF3,HMG
1671,0,-0.20454665,-0.20454665,1.8299829,LMO2,LMC,TEAD4,TEA
1399,0,0.03116794,-0.22249272,1.2212778,HSPB1,LMC,CTCF,Zf
2109,0,-0.20916343,-0.20916343,-1.8177229,PACSIN3,LMC,NRF1,NRF
526,0,-0.39205822,-0.27780795,-1.5504444,CEP72,LMC,MAFK,bZIP
2711,0,-0.0013588448,-0.24283965,2.535704,SLC24A2,LMC,CTCF,Zf
516,0,-0.36049217,-0.22810093,-1.7725236,CENPM,LMC,FOS,bZIP
3248,0,-0.38278377,-0.42379856,1.9725045,ZBTB8B,LMC,PBX3,Homeobox
835,0,-0.3773888,-0.18281521,-1.6265401,E2F7,LMC,STAT1,Stat
1606,0,-0.33296144,-0.24550179,1.7298887,KRT18,LMC,MAFK,bZIP
895,1,-0.056725405,-0.121736646,-1.8153665,ENO3,MEF,BHLHE40,bHLH
565,0,-0.17407607,-0.121736646,-1.0084794,CKS1B,LMC,MAX,bHLH
1957,1,-0.34099022,-0.38195667,-2.6176684,NDC80,MEF,ELK1,ETS
1182,0,-0.3439605,-0.3439605,1.1762532,GGCT,LMC,NRF1,NRF
1060,0,-0.049117733,-0.13941021,-1.0165299,FGFR2,LMC,MAX,bHLH
421,1,-0.37601265,-0.39942494,-3.4695168,CCNB1,MEF,ELF1,ETS
693,0,-0.63670325,-0.21953267,-1.0231155,CUL7,LMC,FOXM1,Forkhead
1070,1,-0.1505293,-0.1342841,-1.9571518,FIGNL1,MEF,USF2,bHLH
14,1,-0.21342848,-0.28884968,1.7857124,ABCG4,MEF,E2F6,E2F
3150,1,-0.71902657,-0.24550179,-1.30229,TUBB6,MEF,BATF,bZIP
933,1,-0.2548157,-0.22810093,-1.7777936,EVI2A,MEF,MAFF,bZIP
1582,1,-0.62452394,-0.4713425,1.0983452,KIF9,MEF,IRF4,IRF
1504,1,-0.18621291,-0.24333258,1.6061926,ITM2A,MEF,YY1,Zf
205,1,0.08411567,-0.24550179,1.1241271,ARL4A,MEF,BACH1,bZIP
2996,1,-0.0005437653,-0.1342841,1.0063016,TLR4,MEF,USF1,bHLH
3134,1,-0.1607576,-0.24283965,2.2825308,TTC21A,MEF,MAZ,Zf
439,0,-0.71902657,-0.24550179,2.3953223,CD28,LMC,BATF,bZIP
2948,1,0.08411567,-0.24550179,1.898503,TCF7,MEF,BACH1,bZIP
2419,1,-0.1505293,-0.1342841,-1.3369354,RAB33A,MEF,USF2,bHLH
251,0,-0.38278377,-0.42379856,-1.4332783,AURKA,LMC,PBX3,Homeobox
2504,0,-0.40533945,-0.39005762,1.8920665,RHOV,LMC,GABPA,ETS
707,1,-0.89867353,-0.24450046,1.7866613,CYB561,MEF,BCL11A,Zf
734,1,-0.2064243,-0.25159925,-1.0845644,DCTD,MEF,YY1,Zf
1939,1,-0.2185933,-0.3794154,1.0546967,NAPB,MEF,IRF1,IRF
1612,1,-0.48430756,-0.24313685,-1.2025015,KYNU,MEF,STAT1,Stat
510,1,-0.17407607,-0.121736646,-3.0437114,CENPA,MEF,MAX,bHLH
150,1,-0.21907748,-0.27780795,-1.5063857,ANXA4,MEF,JUND,bZIP
2039,0,-0.20454665,-0.20454665,-1.6790822,NRN1,LMC,TEAD4,TEA
1515,1,-0.2064243,-0.25159925,-1.1637206,JPH1,MEF,YY1,Zf
988,1,-0.11649651,-0.25471953,1.5712413,FAM19A3,MEF,JUND,bZIP
1632,1,-0.7502766,-0.4621776,-3.12653,LCP2,MEF,IRF3,IRF
2396,0,0.016311714,0.00623205,-1.1329921,PTRF,LMC,RFX5,HTH
930,0,-0.07949572,-0.21953267,-1.3867598,EVA1A,LMC,FOXA2,Forkhead
502,0,-0.12554857,-0.24550179,1.9597286,CEACAM1,LMC,JUND,bZIP
17,1,-0.2064243,-0.25159925,-2.9814575,ABI3,MEF,YY1,Zf
828,1,-0.2997486,-0.24333258,-1.8124657,DUSP9,MEF,ZNF263,Zf
1208,0,-0.13559982,-0.10008492,-1.3932074,GLT8D2,LMC,MAX,bHLH
340,1,0.06421617,-0.24450046,-1.3618382,CACNA1G,MEF,CTCF,Zf
3126,1,-0.3375485,-0.1342841,1.3204467,TSPAN13,MEF,TCF12,bHLH
293,1,-0.08974322,-0.146989,2.1769137,BHMT,MEF,MAX,bHLH
2337,1,-0.2808588,-0.24283965,-3.3681915,PRKCH,MEF,ZEB1,Zf
407,1,-0.4649995,-0.41931188,1.0351427,CCDC90B,MEF,GABPA,ETS
189,0,-0.2808588,-0.24283965,1.2612106,ARHGAP44,LMC,ZEB1,Zf
1828,0,-0.4467859,-0.3917693,1.4928061,MICALCL,LMC,ELK1,ETS
48,0,-0.24165441,-0.29509667,-1.7626135,ADAM19,LMC,JUND,bZIP
2647,0,0.21614419,-0.17782252,-2.391878,SH3BGR,LMC,FOXA1,Forkhead
2939,1,-0.33080074,-0.22810093,2.2990468,TBX2,MEF,MAFK,bZIP
3145,1,-0.12447846,-0.22249272,-1.3294976,TUBA1B,MEF,GATA2,Zf
794,0,-0.17407607,-0.121736646,1.9015518,DOCK2,LMC,MAX,bHLH
23,0,-0.42519194,-0.24333258,-1.0546592,ACAT2,LMC,GATA1,Zf
2847,0,-0.15812221,-0.22249272,1.6670033,SPRY4,LMC,YY1,Zf
39,1,-0.009364229,-0.17137949,-1.1783521,ACTB,MEF,STAT3,Stat
1146,0,-0.16941127,-0.25471953,-1.4452633,GAMT,LMC,FOS,bZIP
1234,0,-0.13994873,-0.2053601,2.3392198,GPR115,LMC,FOXA2,Forkhead
767,1,-0.34029287,-0.28884968,2.5010579,DLX1,MEF,E2F4,E2F
2744,1,0.21614419,-0.17782252,-2.4313455,SLC43A1,MEF,FOXA1,Forkhead
3253,1,-0.37698567,-0.4067228,-1.6620153,ZDHHC2,MEF,PBX3,Homeobox
1721,0,0.06421617,-0.24450046,-1.3911871,LTBP2,LMC,CTCF,Zf
2266,0,-0.27070102,-0.24450046,1.5534989,PLSCR2,LMC,GATA2,Zf
218,0,-0.1124492,-0.24333258,-1.3121011,ARTN,LMC,CTCF,Zf
1232,0,-0.44224238,-0.29509667,-1.4140695,GPM6B,LMC,MAFK,bZIP
2736,0,-0.37776268,-0.37776268,1.4153332,SLC35G1,LMC,TCF3,HMG
516,1,-0.5856867,-0.25187832,-2.1930854,CENPM,MEF,E2F1,E2F
1583,1,-0.10505258,-0.1342841,1.052053,KIFAP3,MEF,BHLHE40,bHLH
663,0,-0.1124492,-0.24333258,2.0388758,CSF1R,LMC,CTCF,Zf
2114,1,-0.0065755714,-0.1342841,1.6493459,PAK6,MEF,MYOG,bHLH
957,0,-0.3070402,-0.24450046,-1.2934484,FADS2,LMC,YY1,Zf
1317,1,-0.26188308,-0.27780795,-5.7553287,HCLS1,MEF,FOSL2,bZIP
1726,0,-0.18621291,-0.24333258,-2.252108,LY6E,LMC,YY1,Zf
55,0,-0.2849582,-0.2849582,-1.0257783,ADAMTS10,LMC,EBF1,EBF
2162,1,-0.2859068,-0.146989,-1.3284223,PDE10A,MEF,TCF12,bHLH
253,1,-0.0061152284,-0.10008492,-1.4933237,AXDND1,MEF,USF1,bHLH
15,0,-0.21437913,-0.2712014,1.1249897,ABHD12,LMC,E2F4,E2F
3145,1,-0.34029287,-0.28884968,-1.3294976,TUBA1B,MEF,E2F4,E2F
1414,1,-0.049117733,-0.13941021,-1.5857253,IFITM1,MEF,MAX,bHLH
668,1,-0.64209527,-0.1980394,2.486209,CSMD3,MEF,STAT1,Stat
2405,0,0.06421617,-0.24450046,2.982,PYHIN1,LMC,CTCF,Zf
1775,0,-0.20916343,-0.20916343,-1.2945493,MASTL,LMC,NRF1,NRF
2831,0,0.016314197,-0.13941021,-1.2344358,SPHK1,LMC,USF1,bHLH
253,1,-0.4733331,-0.39005762,-1.4933237,AXDND1,MEF,ELK1,ETS
1062,1,-0.17407607,-0.121736646,-1.2867284,FGGY,MEF,MAX,bHLH
818,0,-0.33058694,-0.3917693,-1.4172463,DTL,LMC,ELF1,ETS
1956,1,-0.44168723,-0.24550179,2.0616171,NCKAP5,MEF,FOS,bZIP
2651,1,-0.2808588,-0.24283965,-1.0929486,SH3KBP1,MEF,ZEB1,Zf
1775,0,-0.40605056,-0.25471953,-1.2945493,MASTL,LMC,ATF2,bZIP
753,1,-0.1689725,-0.13941021,1.0354224,DGKI,MEF,BHLHE40,bHLH
1371,1,-0.13149443,-0.22249272,3.726657,HOXC10,MEF,SP1,Zf
2164,0,-0.07449697,-0.25159925,-2.6437097,PDE1A,LMC,CTCF,Zf
1802,1,0.016314197,-0.13941021,1.033383,MEF2A,MEF,USF1,bHLH
2868,1,-0.049117733,-0.13941021,-6.624937,STAB1,MEF,MAX,bHLH
2365,0,-0.10505258,-0.1342841,1.6807243,PSMB8,LMC,BHLHE40,bHLH
1175,1,-0.34370995,-0.24333258,1.5987715,GDF7,MEF,EGR1,Zf
1964,1,-0.40605056,-0.25471953,-1.1248791,NDUFA4L2,MEF,ATF2,bZIP
105,0,-0.36351123,-0.50137913,1.1006429,AKAP5,LMC,PBX3,Homeobox
1721,0,-0.20454665,-0.20454665,-1.3911871,LTBP2,LMC,TEAD4,TEA
103,0,-0.2997486,-0.24333258,-1.3047225,AKAP12,LMC,ZNF263,Zf
3074,0,-0.10369535,-0.10008492,1.9503715,TNS4,LMC,BHLHE40,bHLH
2906,1,-0.120565586,-0.1342841,1.5150865,SVOP,MEF,MAX,bHLH
1994,0,-0.20953742,-0.22249272,-1.5399977,NIPAL4,LMC,MAZ,Zf
428,0,-0.32700178,-0.25159925,1.8884737,CCR1,LMC,GATA1,Zf
2558,1,-0.12447846,-0.22249272,2.0936568,RXRG,MEF,GATA2,Zf
3086,1,-0.34029287,-0.28884968,-1.1917357,TPM4,MEF,E2F4,E2F
377,0,-0.33080074,-0.22810093,-1.1839267,CBS,LMC,MAFK,bZIP
564,1,-0.3375485,-0.1342841,2.349231,CKMT2,MEF,TCF12,bHLH
275,0,-0.13559982,-0.10008492,2.0854268,BCAR3,LMC,MAX,bHLH
517,1,-0.2678836,-0.24283965,-2.1137278,CENPN,MEF,SP1,Zf
1750,0,-0.056725405,-0.121736646,-1.3566232,MAMSTR,LMC,BHLHE40,bHLH
2453,0,0.03645469,-0.22810093,1.917148,RASD2,LMC,BACH1,bZIP
264,1,-0.66942716,-0.22810093,-1.1277707,B4GALT5,MEF,BATF,bZIP
1330,1,-0.21895796,-0.21895796,1.5842701,HHIP,MEF,EBF1,EBF
1611,1,-0.21869276,-0.39005762,2.3295457,KRT80,MEF,ELK4,ETS
998,0,-0.9526392,-0.4653868,-1.4954357,FAM46B,LMC,IRF3,IRF
2054,1,-0.38059002,-0.38059002,1.6799653,NUCB2,MEF,PAX5,"Paired,Homeobox"
2332,0,-0.34304273,-0.52757335,-1.4515818,PRIM1,LMC,NANOG,Homeobox
2875,1,-0.440717,-0.25471953,-2.018522,STARD8,MEF,MAFK,bZIP
3146,1,-0.24165441,-0.29509667,-1.181462,TUBA1C,MEF,JUND,bZIP
2796,1,-0.049117733,-0.13941021,1.6409645,SNTB1,MEF,MAX,bHLH
1987,0,-0.22240412,-0.10008492,-1.2490672,NGFRAP1,LMC,TCF12,bHLH
580,0,-0.45963168,-0.45963168,1.3183998,CLMN,LMC,TCF3,HMG
1105,0,-0.22746871,-0.25187832,-1.0621411,FOXP4,LMC,E2F6,E2F
3237,1,-0.1689725,-0.13941021,-2.1627874,XDH,MEF,BHLHE40,bHLH
106,1,-0.22735961,-0.24550179,2.098637,AKAP6,MEF,MAFF,bZIP
2084,0,-0.440717,-0.25471953,2.9469552,OLR1,LMC,MAFK,bZIP
1073,0,0.0745308,-0.10944186,-1.4607513,FILIP1L,LMC,FOXA2,Forkhead
2927,1,-0.19239004,-0.26135686,2.2919073,TAC1,MEF,E2F4,E2F
741,1,-0.35806254,-0.38195667,-1.5264184,DDX11,MEF,ETS1,ETS
2439,0,-0.3777494,-0.24283965,1.095381,RALGPS2,LMC,EGR1,Zf
1781,1,-0.34278938,-0.41931188,-1.9139942,MBP,MEF,ELF1,ETS
3224,0,-0.440717,-0.25471953,-1.272309,WNK4,LMC,MAFK,bZIP
2865,0,-0.34914914,-0.27780795,2.110686,ST8SIA1,LMC,FOS,bZIP
538,1,0.0745308,-0.10944186,-1.8271799,CHAF1B,MEF,FOXA2,Forkhead
2046,0,-0.2727483,-0.2712014,-1.0411365,NT5C3B,LMC,E2F6,E2F
1281,0,-0.1666823,-0.13941021,-2.2699556,GRID2,LMC,USF2,bHLH
2004,1,-0.20454665,-0.20454665,-3.2566082,NLRP3,MEF,TEAD4,TEA
95,1,-0.07449697,-0.25159925,1.0903165,AHI1,MEF,CTCF,Zf
2502,0,-0.19379956,-0.22810093,-1.5356117,RHOF,LMC,ATF2,bZIP
742,1,-0.22735961,-0.24550179,-8.873084,DDX3Y,MEF,MAFF,bZIP
1565,1,-0.0065755714,-0.1342841,1.3241493,KDM6A,MEF,MYOG,bHLH
749,1,-0.21459776,-0.24333258,-2.568223,DEPDC1B,MEF,MAZ,Zf
1205,0,-0.3933147,-0.24283965,-1.0145571,GLIS2,LMC,ZKSCAN1,Zf
236,0,-0.44224238,-0.29509667,1.4007505,ATG9B,LMC,MAFK,bZIP
1043,0,-0.5072217,-0.24450046,-1.2050055,FDPS,LMC,ZBTB33,Zf
1607,1,-0.30776003,-0.24450046,-2.105472,KRT19,MEF,ZNF263,Zf
1648,0,-0.0005437653,-0.1342841,1.3943249,LGMN,LMC,USF1,bHLH
1626,1,-0.15764365,-0.14792581,-1.2072183,LASP1,MEF,RFX5,HTH
568,0,-0.20953742,-0.22249272,-2.616968,CLDN1,LMC,MAZ,Zf
750,1,-0.33639127,-0.4713425,2.637599,DERL3,MEF,IRF1,IRF
2795,0,-0.25007766,-0.37009746,1.1839118,SNTA1,LMC,IRF1,IRF
1454,1,-0.0017048104,-0.121736646,-2.9114602,IL21R,MEF,MYOG,bHLH
1970,1,-0.28616667,-0.25693348,-2.2655962,NEK2,MEF,E2F6,E2F
2057,1,-0.3777494,-0.24283965,-2.8949068,NUF2,MEF,EGR1,Zf
2183,0,-0.21459776,-0.24333258,1.7162262,PDZK1IP1,LMC,MAZ,Zf
820,1,0.028543921,-0.29509667,1.4989341,DTX1,MEF,BACH1,bZIP
1793,1,-0.18621291,-0.24333258,-5.5781794,MCOLN3,MEF,YY1,Zf
234,1,-0.056725405,-0.121736646,-2.7479153,ATF7IP2,MEF,BHLHE40,bHLH
3099,1,-0.35318726,-0.41931188,-1.4419627,TRERF1,MEF,ELK1,ETS
2071,0,-0.34278938,-0.41931188,2.2531579,OAS3,LMC,ELF1,ETS
3267,1,-0.40605056,-0.25471953,-1.183221,ZWILCH,MEF,ATF2,bZIP
1942,1,-0.17150766,-0.17150766,-1.5559199,NAV1,MEF,TEAD4,TEA
1393,1,-0.26737517,-0.25159925,1.8035604,HSBP1L1,MEF,ZKSCAN1,Zf
2250,1,-0.062780954,-0.24333258,-1.2923962,PLEKHG3,MEF,SP1,Zf
2720,0,-0.058015816,-0.18281521,-1.7057643,SLC27A3,LMC,STAT3,Stat
12,0,-0.71902657,-0.24550179,1.4010645,ABCD2,LMC,BATF,bZIP
323,1,-0.21459776,-0.24333258,1.5764846,C1GALT1,MEF,MAZ,Zf
3035,1,-0.15812221,-0.22249272,1.6910677,TMEM25,MEF,YY1,Zf
474,0,-0.28616667,-0.25693348,-1.3249443,CDCA3,LMC,E2F6,E2F
662,1,-0.3022701,-0.29509667,3.5131092,CRYM,MEF,FOSL2,bZIP
1179,1,-0.21301334,-0.25187832,-2.2986953,GFPT2,MEF,E2F4,E2F
315,0,-0.056725405,-0.121736646,-1.1530434,BTBD3,LMC,BHLHE40,bHLH
2181,1,0.07771543,-0.1980394,-1.0030161,PDXK,MEF,STAT3,Stat
1811,1,-0.7844056,-0.2053601,1.4938444,MEST,MEF,FOXM1,Forkhead
216,1,-0.2583255,-0.12410606,3.1296258,ART3,MEF,MEF2A,MADS
1966,1,-0.20953742,-0.22249272,2.5947185,NEBL,MEF,MAZ,Zf
3043,1,-0.65183055,-0.47267562,-2.8654144,TMEM51,MEF,CUX1,Homeobox
2379,1,-0.34914914,-0.27780795,-1.1953413,PTMS,MEF,FOS,bZIP
737,1,-0.10505258,-0.1342841,-1.5723729,DDC,MEF,BHLHE40,bHLH
2490,1,-0.15812221,-0.22249272,-7.0311346,RGS1,MEF,YY1,Zf
785,1,-0.2913164,-0.42379856,1.1730027,DNAJB9,MEF,NANOG,Homeobox
1183,1,-0.011590093,-0.22249272,1.5125006,GGH,MEF,GATA3,Zf
2439,1,-0.32442823,-0.39942494,-1.1696179,RALGPS2,MEF,ELK1,ETS
749,1,-0.4467859,-0.3917693,-2.568223,DEPDC1B,MEF,ELK1,ETS
2198,1,-0.40787458,-0.3917693,1.3733616,PGF,MEF,GABPA,ETS
279,1,0.016311714,0.00623205,1.0185626,BCL11B,MEF,RFX5,HTH
1633,0,-0.33296144,-0.24550179,2.959293,LCTL,LMC,MAFK,bZIP
2706,0,-0.11649651,-0.25471953,1.1320416,SLC1A2,LMC,JUND,bZIP
188,1,-0.3625331,-0.38195667,-3.663419,ARHGAP4,MEF,GABPA,ETS
2013,0,-0.21459776,-0.24333258,-2.4842432,NOL4,LMC,MAZ,Zf
2559,1,-0.1124492,-0.24333258,-1.0411946,S100A10,MEF,CTCF,Zf
1222,1,-0.08974322,-0.146989,6.8925457,GOT1L1,MEF,MAX,bHLH
375,1,-0.2727483,-0.2712014,1.0318768,CATSPERD,MEF,E2F6,E2F
2504,0,-0.64209527,-0.1980394,1.8920665,RHOV,LMC,STAT1,Stat
320,1,-0.4467859,-0.3917693,-3.2193103,BUB1,MEF,ELK1,ETS
2070,0,0.22652079,-0.2053601,2.3798885,OAS2,LMC,FOXA1,Forkhead
829,0,-0.3869897,-0.39942494,-1.1774735,DUT,LMC,ETS1,ETS
1827,1,0.22652079,-0.2053601,-1.5507092,MIAT,MEF,FOXA1,Forkhead
321,1,-0.1666823,-0.13941021,-2.3385303,BUB1B,MEF,USF2,bHLH
347,0,-0.08617797,-0.146989,-1.4652348,CACNB4,LMC,MYOG,bHLH
555,1,-0.15764365,-0.14792581,1.8076999,CHST7,MEF,RFX5,HTH
1178,0,-0.33080074,-0.22810093,-1.4242098,GEN1,LMC,MAFK,bZIP
1945,1,-0.10505258,-0.1342841,2.0358896,NCAM2,MEF,BHLHE40,bHLH
206,1,-0.45038855,-0.39942494,-1.1483037,ARL4C,MEF,GABPA,ETS
886,0,-0.3610153,-0.22249272,-1.4650615,EMILIN1,LMC,EGR1,Zf
2993,0,-0.12554857,-0.24550179,-1.9840968,TLE6,LMC,JUND,bZIP
2403,1,-0.13994873,-0.2053601,-3.781902,PYGL,MEF,FOXA2,Forkhead
2387,1,-0.8875255,-0.25471953,-4.4291387,PTPN7,MEF,BATF,bZIP
2716,1,-0.0061152284,-0.10008492,-1.5039499,SLC25A45,MEF,USF1,bHLH
1238,1,-0.36550322,-0.47267562,1.2924196,GPR126,MEF,PBX3,Homeobox
367,1,-0.10369535,-0.10008492,-2.5895154,CASC5,MEF,BHLHE40,bHLH
1406,1,-0.11649651,-0.25471953,-1.7902205,HVCN1,MEF,JUND,bZIP
151,0,0.016311714,0.00623205,-1.2578008,ANXA6,LMC,RFX5,HTH
2362,0,-0.33058694,-0.3917693,-1.2187368,PSAT1,LMC,ELF1,ETS
1048,0,-0.44224238,-0.29509667,3.2970698,FGF1,LMC,MAFK,bZIP
1730,0,-0.0061152284,-0.10008492,2.280973,LYL1,LMC,USF1,bHLH
2671,0,-0.1666823,-0.13941021,-3.8579667,SIM2,LMC,USF2,bHLH
540,0,-0.3439605,-0.3439605,-1.2108208,CHD3,LMC,NRF1,NRF
3258,1,-0.45392957,-0.28884968,-1.4494542,ZFYVE28,MEF,E2F1,E2F
440,0,-0.30779734,-0.3917693,1.0379796,CD2AP,LMC,ETS1,ETS
2332,1,-0.22736193,-0.22736193,-1.3902781,PRIM1,MEF,HNF4A,NR
1039,1,0.03645469,-0.22810093,1.1082104,FBXO7,MEF,BACH1,bZIP
1008,1,-0.16561359,-0.22810093,1.5137644,FAM81A,MEF,JUND,bZIP
2090,1,0.027763726,-0.25159925,1.4809719,OSBPL3,MEF,GATA3,Zf
572,1,-0.440717,-0.25471953,-5.1964183,CLEC12A,MEF,MAFK,bZIP
1890,1,-0.3058912,-0.24283965,-1.4342344,MTFR2,MEF,YY1,Zf
2470,1,0.03645469,-0.22810093,2.1268446,RBM24,MEF,BACH1,bZIP
2532,0,-0.30776003,-0.24450046,2.1629055,RORC,LMC,ZNF263,Zf
1628,0,-0.40787458,-0.3917693,-1.0319375,LBR,LMC,GABPA,ETS
1597,1,-0.03437175,-0.039668236,-3.375335,KLHL33,MEF,RFX5,HTH
1246,0,-0.26816452,-0.121736646,1.710225,GPR160,LMC,TCF12,bHLH
495,1,-0.08106524,-0.08106524,1.1449422,CDKN2B,MEF,TEAD4,TEA
3165,0,-0.4776695,-0.22249272,2.2538092,UCP2,LMC,ZKSCAN1,Zf
1808,1,-1.5423862,-0.39005762,-2.5568974,MELK,MEF,FLI1,ETS
504,1,-0.45963168,-0.45963168,-2.4297512,CEBPA,MEF,TCF3,HMG
865,0,-0.16561359,-0.22810093,-1.2378489,EFS,LMC,JUND,bZIP
932,1,-0.21437913,-0.2712014,1.3056546,EVA1C,MEF,E2F4,E2F
3101,0,-0.37527534,-0.37527534,-1.461446,TRHDE,LMC,NRF1,NRF
449,0,-0.120565586,-0.1342841,2.0594478,CD48,LMC,MAX,bHLH
924,1,-0.35806254,-0.38195667,1.5121096,ESR2,MEF,ETS1,ETS
998,1,-0.1826178,-0.24450046,-1.6308671,FAM46B,MEF,SP1,Zf
1814,1,-0.48430756,-0.24313685,1.0535716,METTL21A,MEF,STAT1,Stat
2881,1,-0.69426614,-0.4713425,-1.7704527,STIL,MEF,IRF3,IRF
2583,1,-0.46016192,-0.24450046,-1.9243826,SCML2,MEF,EGR1,Zf
2853,1,-0.48430756,-0.24313685,-3.395386,SRGN,MEF,STAT1,Stat
2818,1,-0.13149443,-0.22249272,-2.0819426,SP3,MEF,SP1,Zf
2602,0,-0.37776268,-0.37776268,-1.0105699,SEC16B,LMC,TCF3,HMG
3028,1,-0.37665918,-0.37009746,-1.0065502,TMEM191C,MEF,IRF4,IRF
1317,0,-0.056725405,-0.121736646,1.7097849,HCLS1,LMC,BHLHE40,bHLH
1337,1,-0.35806254,-0.38195667,1.9967467,HIST2H2AC,MEF,ETS1,ETS
357,1,-0.3869897,-0.39942494,1.1438292,CAMK2N1,MEF,ETS1,ETS
1200,1,-0.33080074,-0.22810093,2.4550545,GLB1L2,MEF,MAFK,bZIP
2601,1,-0.2507436,-0.25159925,1.0084376,SEC14L5,MEF,ZEB1,Zf
2788,1,-0.34099022,-0.38195667,2.8937335,SNAI3,MEF,ELK1,ETS
3138,0,-0.42519194,-0.24333258,-1.6865426,TTLL11,LMC,GATA1,Zf
2980,0,-0.21459776,-0.24333258,-1.433342,TIAM2,LMC,MAZ,Zf
785,1,-0.25436184,-0.25436184,1.1730027,DNAJB9,MEF,TEAD4,TEA
3213,1,-0.63670325,-0.21953267,-7.077798,WDFY4,MEF,FOXM1,Forkhead
186,1,-0.65735245,-0.17782252,-7.0380754,ARHGAP30,MEF,FOXM1,Forkhead
2833,0,-0.30003953,-0.30003953,2.0447345,SPI1,LMC,NRF1,NRF
2101,1,-0.36550322,-0.47267562,1.980347,P2RY10,MEF,PBX3,Homeobox
944,0,-0.7844056,-0.2053601,-1.0075725,EZH2,LMC,FOXM1,Forkhead
2296,0,0.016311714,0.00623205,2.2781577,POU2F2,LMC,RFX5,HTH
599,0,-0.38339126,-0.24550179,1.7921984,CNR2,LMC,ATF2,bZIP
838,1,-0.1505293,-0.1342841,1.0910553,EAF2,MEF,USF2,bHLH
1157,0,-0.08568381,-0.24450046,1.0983671,GATA6,LMC,MAZ,Zf
2796,1,-0.0017048104,-0.121736646,1.6409645,SNTB1,MEF,MYOG,bHLH
1665,0,-0.1689725,-0.13941021,1.4596416,LIPA,LMC,BHLHE40,bHLH
206,0,-0.21907748,-0.27780795,1.0346465,ARL4C,LMC,JUND,bZIP
1559,0,-0.7695519,-0.25159925,-1.662673,KCTD15,LMC,ZBTB33,Zf
2126,0,-0.71579945,-0.37009746,-1.9749895,PARPBP,LMC,IRF3,IRF
2112,0,0.03116794,-0.22249272,2.4658735,PADI3,LMC,CTCF,Zf
3078,1,-0.192465,-0.27780795,-2.8886466,TOP2A,MEF,ATF3,bZIP
2311,0,-0.25436184,-0.25436184,2.419608,PPM1N,LMC,TEAD4,TEA
3112,0,-0.11649651,-0.25471953,-1.0263593,TRNP1,LMC,JUND,bZIP
1792,0,-0.2064243,-0.25159925,1.9537151,MCOLN2,LMC,YY1,Zf
1429,0,-0.0065755714,-0.1342841,1.3343118,IGSF3,LMC,MYOG,bHLH
641,1,-0.22016564,-0.25159925,1.284983,CPOX,MEF,GATA2,Zf
2880,0,-0.10827843,-0.121736646,1.6237278,STEAP4,LMC,USF2,bHLH
764,0,-0.36550322,-0.47267562,-2.0095258,DLGAP5,LMC,PBX3,Homeobox
2860,0,0.041926194,-0.24283965,1.0725029,ST14,LMC,GATA3,Zf
405,1,-0.42519194,-0.24333258,-3.28911,CCDC88B,MEF,GATA1,Zf
1269,0,-0.42519194,-0.24333258,1.5689214,GPSM3,LMC,GATA1,Zf
383,0,-0.0317704,-0.39942494,1.1674314,CCDC114,LMC,ELK4,ETS
2375,1,-0.2849582,-0.2849582,-1.5478559,PTGIR,MEF,EBF1,EBF
2764,0,-0.39205822,-0.27780795,1.8032925,SLC9A9,LMC,MAFK,bZIP
2833,0,-0.10369535,-0.10008492,2.0447345,SPI1,LMC,BHLHE40,bHLH
264,0,-0.08106524,-0.08106524,1.459374,B4GALT5,LMC,TEAD4,TEA
3058,1,-0.56344664,-0.2712014,-2.989665,TNFRSF11A,MEF,E2F1,E2F
531,1,0.03116794,-0.22249272,1.2192872,CFAP61,MEF,CTCF,Zf
371,0,-0.07949572,-0.21953267,-1.4870609,CASS4,LMC,FOXA2,Forkhead
1340,0,-0.22746871,-0.25187832,-1.6869295,HLF,LMC,E2F6,E2F
198,1,-0.3869897,-0.39942494,-3.3044653,ARHGEF39,MEF,ETS1,ETS
105,0,-0.2064243,-0.25159925,1.1006429,AKAP5,LMC,YY1,Zf
475,1,-0.009410201,-0.10008492,-1.4936433,CDCA5,MEF,USF2,bHLH
2888,1,-0.09351536,-0.24313685,2.7845678,STMN2,MEF,STAT3,Stat
2764,0,-0.8875255,-0.25471953,1.8032925,SLC9A9,LMC,BATF,bZIP
1272,1,-0.26816452,-0.121736646,-1.6432208,GRAP,MEF,TCF12,bHLH
1695,1,-0.32700178,-0.25159925,-2.3293726,LRR1,MEF,GATA1,Zf
2934,0,-0.34278938,-0.41931188,2.0902348,TAL1,LMC,ELF1,ETS
2010,1,-0.2064243,-0.25159925,-1.2062373,NNMT,MEF,YY1,Zf
2613,1,-0.4409798,-0.24450046,2.03598,SEMA4F,MEF,ZEB1,Zf
2772,0,-0.20454665,-0.20454665,1.5455493,SLITRK4,LMC,TEAD4,TEA
2061,1,-0.11649651,-0.25471953,-2.5808094,NUSAP1,MEF,JUND,bZIP
1879,1,-0.440717,-0.25471953,-8.843497,MS4A7,MEF,MAFK,bZIP
2790,1,-0.16561359,-0.22810093,-1.597613,SNCAIP,MEF,JUND,bZIP
180,0,-0.21437913,-0.2712014,1.0911804,ARHGAP18,LMC,E2F4,E2F
3201,1,-0.049117733,-0.13941021,-1.6059492,VMO1,MEF,MAX,bHLH
2228,1,-0.36645967,-0.22249272,2.2447371,PLA2G2E,MEF,ZEB1,Zf
2867,0,-0.33280078,-0.24333258,1.8598232,ST8SIA4,LMC,GATA2,Zf
2583,0,-0.46165287,-0.4067228,-2.5472686,SCML2,LMC,CUX1,Homeobox
1136,0,0.027763726,-0.25159925,-1.9418975,GAL3ST1,LMC,GATA3,Zf
1632,1,-0.2548157,-0.22810093,-3.12653,LCP2,MEF,MAFF,bZIP
3103,1,-0.3076643,-0.4621776,-2.6582155,TRIM14,MEF,IRF1,IRF
1208,0,0.07771543,-0.1980394,-1.3932074,GLT8D2,LMC,STAT3,Stat
1002,0,-0.40533945,-0.39005762,-1.0779922,FAM57A,LMC,GABPA,ETS
2858,1,-0.17407607,-0.121736646,1.8558211,SSTR2,MEF,MAX,bHLH
1535,1,-0.34370995,-0.24333258,-1.9583334,KCND1,MEF,EGR1,Zf
804,0,-0.29687634,-0.29687634,1.9543457,DPP4,LMC,PAX5,"Paired,Homeobox"
1477,1,-0.46016192,-0.24450046,-1.2859206,IRF7,MEF,EGR1,Zf
364,1,-0.21907748,-0.27780795,1.1463557,CAPS2,MEF,JUND,bZIP
402,1,-0.12554857,-0.24550179,-1.552059,CCDC8,MEF,JUND,bZIP
427,1,-0.16561359,-0.22810093,1.174304,CCPG1,MEF,JUND,bZIP
875,1,-0.39804247,-0.17255645,-1.3485354,EHHADH,MEF,STAT1,Stat
990,1,-0.40787458,-0.3917693,1.026783,FAM204A,MEF,GABPA,ETS
1429,1,-0.29414836,-0.26135686,-1.177071,IGSF3,MEF,E2F6,E2F
299,1,0.13713937,-0.20371658,4.1480656,BMP4,MEF,FOXA1,Forkhead
1272,0,-0.29360482,-0.13941021,1.9148899,GRAP,LMC,TCF12,bHLH
1048,0,-0.32700178,-0.25159925,3.2970698,FGF1,LMC,GATA1,Zf
879,0,-0.37167174,-0.29509667,1.6812562,ELMO1,LMC,ATF2,bZIP
1586,0,-0.19239004,-0.26135686,-1.0530518,KISS1R,LMC,E2F4,E2F
2168,0,-0.09351536,-0.24313685,-1.5470585,PDE4B,LMC,STAT3,Stat
716,1,-0.20916343,-0.20916343,2.1831284,CYP26B1,MEF,NRF1,NRF
2658,1,-0.46165287,-0.4067228,-2.8890922,SHC2,MEF,CUX1,Homeobox
1605,1,0.016311714,0.00623205,-3.4007242,KNTC1,MEF,RFX5,HTH
2587,0,0.016311714,0.00623205,2.5840225,SCN2B,LMC,RFX5,HTH
2136,1,-0.25436184,-0.25436184,1.5071094,PCDH17,MEF,TEAD4,TEA
1789,1,-0.17702122,-0.27780795,-2.0146992,MCM3,MEF,ATF1,bZIP
2555,1,0.016311714,0.00623205,2.0139127,RUNDC3B,MEF,RFX5,HTH
2157,0,-0.29360482,-0.13941021,2.0754435,PCSK1,LMC,TCF12,bHLH
1192,1,-0.36259097,-0.38195667,1.3111038,GIPC2,MEF,ELF1,ETS
2332,1,-0.29414836,-0.26135686,-1.3902781,PRIM1,MEF,E2F6,E2F
528,0,-0.40787458,-0.3917693,1.2754617,CERK,LMC,GABPA,ETS
685,0,0.016311714,0.00623205,1.4008114,CTSD,LMC,RFX5,HTH
1050,1,-0.00943349,-0.121736646,-1.4150496,FGF11,MEF,USF1,bHLH
1718,0,0.07771543,-0.1980394,1.4920015,LSR,LMC,STAT3,Stat
1473,1,-0.3777494,-0.24283965,-2.926151,IQGAP3,MEF,EGR1,Zf
2588,0,-0.2300118,-0.25159925,-1.2295984,SCN3B,LMC,MAZ,Zf
1238,0,-0.39900714,-0.22249272,-1.8319702,GPR126,LMC,GATA1,Zf
474,0,-0.40605056,-0.25471953,-1.3249443,CDCA3,LMC,ATF2,bZIP
3078,1,-0.5795745,-0.22249272,-2.8886466,TOP2A,MEF,SP2,Zf
936,1,-0.3430542,-0.3430542,-2.5236044,EXO1,MEF,PAX5,"Paired,Homeobox"
1413,0,-0.21907748,-0.27780795,1.9056824,IFIT1,LMC,JUND,bZIP
38,0,0.048078425,-0.25471953,-2.4281116,ACTA2,LMC,BACH1,bZIP
1694,1,-0.13559982,-0.10008492,3.8982577,LRP1B,MEF,MAX,bHLH
3076,1,-0.21361919,-0.25471953,1.2808591,TOB1,MEF,ATF3,bZIP
2767,0,-0.26737517,-0.25159925,-1.8096188,SLCO3A1,LMC,ZKSCAN1,Zf
1891,0,-0.192465,-0.27780795,-1.2805142,MTHFD1L,LMC,ATF3,bZIP
2172,1,-0.29687634,-0.29687634,-1.412792,PDGFB,MEF,PAX5,"Paired,Homeobox"
525,0,-0.29360482,-0.13941021,-1.5079637,CEP55,LMC,TCF12,bHLH
1237,0,-0.174635,-0.24550179,-1.0928826,GPR125,LMC,FOSL2,bZIP
722,1,-0.10827843,-0.121736646,2.4622881,CYTIP,MEF,USF2,bHLH
521,1,0.84515804,-0.0023815737,-1.4729061,CENPU,MEF,MEF2C,MADS
879,0,-0.34278938,-0.41931188,1.6812562,ELMO1,LMC,ELF1,ETS
2734,0,-0.2507436,-0.25159925,-2.5573225,SLC35F2,LMC,ZEB1,Zf
2223,0,-0.21459776,-0.24333258,2.4232366,PKIB,LMC,MAZ,Zf
174,1,-0.13149443,-0.22249272,-1.6604633,ARAP1,MEF,SP1,Zf
2583,0,-0.20953742,-0.22249272,-2.5472686,SCML2,LMC,MAZ,Zf
854,0,-0.20454665,-0.20454665,1.3689325,EEPD1,LMC,TEAD4,TEA
236,0,-0.14976743,-0.22810093,1.4007505,ATG9B,LMC,FOSL2,bZIP
744,1,-0.38059002,-0.38059002,-3.4500382,DEGS2,MEF,PAX5,"Paired,Homeobox"
380,0,-0.3933147,-0.24283965,-1.4233938,CCDC102A,LMC,ZKSCAN1,Zf
1780,0,-0.21895796,-0.21895796,-1.1029267,MBOAT2,LMC,EBF1,EBF
905,1,-0.3058912,-0.24283965,1.3882746,EPHA3,MEF,YY1,Zf
739,1,-0.64209527,-0.1980394,1.5737567,DDN,MEF,STAT1,Stat
1164,1,-0.0061152284,-0.10008492,3.0406773,GCHFR,MEF,USF1,bHLH
1552,1,-0.7485091,-0.20371658,2.3264887,KCNK2,MEF,FOXM1,Forkhead
83,0,0.08411567,-0.24550179,-2.5038176,ADRA1D,LMC,BACH1,bZIP
2599,0,-0.26816452,-0.121736646,-1.0351863,SDK2,LMC,TCF12,bHLH
584,0,-0.4733331,-0.39005762,1.8429216,CLSTN3,LMC,ELK1,ETS
525,1,-0.4467859,-0.3917693,-2.4336228,CEP55,MEF,ELK1,ETS
859,0,-0.4733331,-0.39005762,-1.016673,EFHC1,LMC,ELK1,ETS
2920,1,-0.8933479,-0.52757335,2.0846374,SYT7,MEF,CUX1,Homeobox
3063,0,-0.39804247,-0.17255645,1.0644271,TNFSF13,LMC,STAT1,Stat
2780,1,-0.43345997,-0.22249272,-2.5356984,SMOC1,MEF,ZNF263,Zf
3163,0,-0.01444126,-0.17255645,2.111546,UBXN10,LMC,STAT3,Stat
2310,0,0.048078425,-0.25471953,1.0633235,PPM1E,LMC,BACH1,bZIP
522,0,-0.5315311,-0.5315311,1.2640113,CENPV,LMC,PAX5,"Paired,Homeobox"
1080,0,-0.16561359,-0.22810093,-1.8819162,FMN2,LMC,JUND,bZIP
2548,1,-0.26692143,-0.26692143,1.566765,RSPO3,MEF,EBF1,EBF
478,1,-0.46165287,-0.4067228,-1.505004,CDCA8,MEF,CUX1,Homeobox
1349,1,-0.169331,-0.25693348,-1.1300734,HN1,MEF,E2F4,E2F
2324,1,0.03116794,-0.22249272,-1.0814621,PRCP,MEF,CTCF,Zf
3055,1,-0.14989896,-0.14989896,-2.0917385,TNFAIP8L1,MEF,TEAD4,TEA
572,1,-0.14724034,-0.14724034,-5.1964183,CLEC12A,MEF,EBF1,EBF
1777,1,-0.18911669,-0.17782252,-1.1807785,MATN2,MEF,FOXA2,Forkhead
3240,1,-0.03437175,-0.039668236,2.287634,XKR4,MEF,RFX5,HTH
1472,0,-0.08106524,-0.08106524,1.941947,IQGAP2,LMC,TEAD4,TEA
790,0,-0.21437913,-0.2712014,1.4997923,DNM1,LMC,E2F4,E2F
1382,0,-0.3551913,-0.3551913,3.4811542,HP,LMC,HNF4A,NR
512,0,-0.011590093,-0.22249272,-2.2418776,CENPF,LMC,GATA3,Zf
2397,1,-0.35806254,-0.38195667,1.1374047,PTTG1,MEF,ETS1,ETS
1411,1,-0.3777494,-0.24283965,-1.6255398,IDH2,MEF,EGR1,Zf
2686,1,-0.0005437653,-0.1342841,1.0133885,SLC12A2,MEF,USF1,bHLH
30,1,-0.5856867,-0.25187832,-1.6896966,ACOT4,MEF,E2F1,E2F
2291,0,-0.19842377,-0.50137913,-1.2387993,POLE2,LMC,NANOG,Homeobox
3199,1,-0.76012087,-0.50137913,1.1633813,VKORC1,MEF,CUX1,Homeobox
1791,1,-0.33080074,-0.22810093,-1.8528816,MCM6,MEF,MAFK,bZIP
207,0,-0.3705123,-0.25471953,1.4829313,ARL4D,LMC,FOSL2,bZIP
258,1,-0.20953742,-0.22249272,-3.112907,B3GNT7,MEF,MAZ,Zf
2855,0,-0.07449697,-0.25159925,1.6506883,SRPK3,LMC,CTCF,Zf
467,1,-0.17407607,-0.121736646,-2.8645391,CDC25C,MEF,MAX,bHLH
1488,1,-0.34029287,-0.28884968,-2.7365434,ITGA11,MEF,E2F4,E2F
2288,1,0.018755239,0.02968777,-1.222358,POLA1,MEF,RFX5,HTH
744,1,-0.2300118,-0.25159925,-3.4500382,DEGS2,MEF,MAZ,Zf
2289,1,-0.63670325,-0.21953267,-1.1583761,POLD1,MEF,FOXM1,Forkhead
2807,0,-0.1689725,-0.13941021,1.3982675,SORL1,LMC,BHLHE40,bHLH
2308,1,-0.08974322,-0.146989,1.3704175,PPFIBP2,MEF,MAX,bHLH
159,1,-0.2300118,-0.25159925,-1.3802844,APBB1IP,MEF,MAZ,Zf
2704,0,-0.21301334,-0.25187832,-1.4064982,SLC17A9,LMC,E2F4,E2F
1243,1,-0.3610153,-0.22249272,-1.0271266,GPR153,MEF,EGR1,Zf
214,0,-0.1607576,-0.24283965,-1.316177,ARSI,LMC,MAZ,Zf
3173,0,-0.8933479,-0.52757335,-2.1704075,UNC5C,LMC,CUX1,Homeobox
1820,0,-0.19612858,-0.146989,1.5626165,MFSD12,LMC,USF2,bHLH
139,1,-0.120565586,-0.1342841,1.0392573,ANKRD29,MEF,MAX,bHLH
658,1,-0.3869897,-0.39942494,1.7045457,CRNDE,MEF,ETS1,ETS
1844,0,-0.11649651,-0.25471953,-1.2069457,MMP11,LMC,JUND,bZIP
688,1,-0.21437913,-0.2712014,1.5035883,CTSH,MEF,E2F4,E2F
1599,1,-0.37665918,-0.37009746,-4.5188403,KLHL6,MEF,IRF4,IRF
2735,0,-0.21301334,-0.25187832,2.2267754,SLC35F3,LMC,E2F4,E2F
1828,0,-0.0061152284,-0.10008492,1.4928061,MICALCL,LMC,USF1,bHLH
2383,1,-0.17150766,-0.17150766,-3.4084277,PTPN18,MEF,TEAD4,TEA
2487,0,0.23381242,-0.12410606,1.091219,RFTN1,LMC,MEF2C,MADS
1857,0,-0.28121933,-0.25159925,-1.5685387,MN1,LMC,SP1,Zf
1462,1,0.018755239,0.02968777,2.0781827,INA,MEF,RFX5,HTH
1138,0,-0.17150766,-0.17150766,1.1769226,GALC,LMC,TEAD4,TEA
2425,1,-0.009364229,-0.17137949,-2.056892,RAB3IL1,MEF,STAT3,Stat
1082,1,-0.34370995,-0.24333258,1.0468322,FMNL2,MEF,EGR1,Zf
1695,1,-0.5329097,-0.36911827,-2.3293726,LRR1,MEF,MEF2A,MADS
3156,1,-0.38059002,-0.38059002,-9.23168,TYROBP,MEF,PAX5,"Paired,Homeobox"
1245,0,-0.1124492,-0.24333258,1.7366654,GPR157,LMC,CTCF,Zf
2911,0,-0.4776695,-0.22249272,1.1780914,SYNE2,LMC,ZKSCAN1,Zf
1345,0,-0.38057798,-0.24450046,1.8553451,HMGCS2,LMC,GATA1,Zf
2366,1,-0.2300118,-0.25159925,-1.4072148,PSTPIP1,MEF,MAZ,Zf
2600,0,-0.16941127,-0.25471953,-1.9105233,SDPR,LMC,FOS,bZIP
876,1,-0.1124492,-0.24333258,1.6435285,ELAVL2,MEF,CTCF,Zf
1421,1,-0.5315311,-0.5315311,-1.3062055,IGF2BP3,MEF,PAX5,"Paired,Homeobox"
1718,0,-0.15812221,-0.22249272,1.4920015,LSR,LMC,YY1,Zf
2070,1,-0.37167174,-0.29509667,-1.7459003,OAS2,MEF,ATF2,bZIP
478,1,-0.0013588448,-0.24283965,-1.505004,CDCA8,MEF,CTCF,Zf
2103,0,-0.19239004,-0.26135686,2.8320577,P2RY13,LMC,E2F4,E2F
2095,0,-0.8875255,-0.25471953,-4.0632787,OSR2,LMC,BATF,bZIP
1150,1,-0.4649995,-0.41931188,1.2065096,GAS1,MEF,GABPA,ETS
1212,0,-0.21437913,-0.2712014,1.3668374,GNA15,LMC,E2F4,E2F
200,0,-0.36351123,-0.50137913,1.1891831,ARHGEF6,LMC,PBX3,Homeobox
573,0,-0.15019357,-0.27780795,-2.3909874,CLEC14A,LMC,MAFF,bZIP
2884,0,-0.21437913,-0.2712014,-2.5431578,STK32B,LMC,E2F4,E2F
1601,1,-0.2913164,-0.42379856,1.0652757,KLRG2,MEF,NANOG,Homeobox
3130,0,-0.35318726,-0.41931188,1.172865,TSPAN33,LMC,ELK1,ETS
2777,0,-0.08974322,-0.146989,1.3346709,SMARCA2,LMC,MAX,bHLH
1197,1,-0.43345997,-0.22249272,-1.3581172,GJC1,MEF,ZNF263,Zf
542,0,-0.1505293,-0.1342841,1.6321921,CHD7,LMC,USF2,bHLH
3074,0,-0.5072217,-0.24450046,1.9503715,TNS4,LMC,ZBTB33,Zf
982,1,-0.22735961,-0.24550179,1.9927673,FAM184A,MEF,MAFF,bZIP
1408,0,-0.2185933,-0.3794154,-1.0610017,ICA1,LMC,IRF1,IRF
1603,1,0.03116794,-0.22249272,-2.3383794,KNG1,MEF,CTCF,Zf
176,0,-0.03437175,-0.039668236,1.6893245,ARAP3,LMC,RFX5,HTH
1145,1,-0.46016192,-0.24450046,-8.096693,GALNT6,MEF,EGR1,Zf
90,1,-0.36550322,-0.47267562,-1.6374851,AGER,MEF,PBX3,Homeobox
1820,0,-0.3569094,-0.25159925,1.5626165,MFSD12,LMC,ZNF263,Zf
2266,0,-0.13149443,-0.22249272,1.5534989,PLSCR2,LMC,SP1,Zf
1800,1,-0.120565586,-0.1342841,1.4715531,MED12L,MEF,MAX,bHLH
2045,0,-0.33296144,-0.24550179,3.818627,NT5C1A,LMC,MAFK,bZIP
2745,0,-0.46016192,-0.24450046,1.9025482,SLC43A2,LMC,EGR1,Zf
2353,1,-0.39804247,-0.17255645,-1.6450821,PRSS27,MEF,STAT1,Stat
1556,0,-0.1505293,-0.1342841,-1.816372,KCNS3,LMC,USF2,bHLH
313,0,-0.4733331,-0.39005762,1.2584305,BST2,LMC,ELK1,ETS
2807,0,0.22652079,-0.2053601,1.3982675,SORL1,LMC,FOXA1,Forkhead
1731,1,-0.22016564,-0.25159925,-1.2809721,LYN,MEF,GATA2,Zf
1369,1,0.048078425,-0.25471953,-1.037935,HOXB7,MEF,BACH1,bZIP
3092,0,-0.2300118,-0.25159925,-1.177422,TRANK1,LMC,MAZ,Zf
638,0,-0.038338926,-0.10008492,-1.236495,CPED1,LMC,MYOG,bHLH
792,1,-0.36550322,-0.47267562,-1.1671683,DNMT1,MEF,PBX3,Homeobox
900,1,-0.36049217,-0.22810093,1.4426994,ENPP5,MEF,FOS,bZIP
2162,1,-0.22746871,-0.25187832,-1.3284223,PDE10A,MEF,E2F6,E2F
469,0,-0.20916343,-0.20916343,-1.0888088,CDC42EP4,LMC,NRF1,NRF
1002,0,-0.038338926,-0.10008492,-1.0779922,FAM57A,LMC,MYOG,bHLH
3032,1,-0.0065755714,-0.1342841,-1.1495689,TMEM221,MEF,MYOG,bHLH
1643,1,-0.25436184,-0.25436184,-1.383364,LGALS3,MEF,TEAD4,TEA
352,0,-0.17513762,-0.146989,5.175649,CALCB,LMC,BHLHE40,bHLH
3176,1,-0.16561359,-0.22810093,-3.5481346,UNC93B1,MEF,JUND,bZIP
2489,0,-0.2185933,-0.3794154,-1.3163266,RGMA,LMC,IRF1,IRF
2290,1,-0.2583255,-0.12410606,-2.1355774,POLE,MEF,MEF2A,MADS
318,1,-0.9852809,-0.65067613,1.9076642,BTLA,MEF,MEF2A,MADS
696,1,-0.08617797,-0.146989,1.1022455,CX3CL1,MEF,MYOG,bHLH
562,0,-0.48430756,-0.24313685,-1.8413281,CKAP2,LMC,STAT1,Stat
2680,1,-0.65183055,-0.47267562,1.9093326,SLAIN1,MEF,CUX1,Homeobox
125,1,-0.56344664,-0.2712014,1.0675509,AMD1,MEF,E2F1,E2F
831,1,-0.64209527,-0.1980394,1.2428452,DYNC2LI1,MEF,STAT1,Stat
912,0,-0.44168723,-0.24550179,-1.3178474,EPS8L1,LMC,FOS,bZIP
2746,1,-0.15812221,-0.22249272,-2.0170245,SLC43A3,MEF,YY1,Zf
1747,0,-0.15764365,-0.14792581,2.3040216,MAL2,LMC,RFX5,HTH
1033,1,0.03645469,-0.22810093,1.3729043,FBXO27,MEF,BACH1,bZIP
39,1,-0.22016564,-0.25159925,-1.1783521,ACTB,MEF,GATA2,Zf
856,1,-0.2678836,-0.24283965,-2.041312,EFCAB11,MEF,SP1,Zf
2763,0,-0.45963168,-0.45963168,-1.3758038,SLC9A5,LMC,TCF3,HMG
2047,1,-0.5795745,-0.22249272,-3.1861043,NT5DC2,MEF,SP2,Zf
1323,0,-0.13559982,-0.10008492,1.1139588,HEG1,LMC,MAX,bHLH
784,1,-0.41320115,-0.25471953,1.0831264,DNAJB4,MEF,ATF1,bZIP
1762,0,-0.121607244,-0.24333258,1.0892361,MAP3K8,LMC,GATA3,Zf
460,1,-0.89867353,-0.24450046,-3.7349644,CD83,MEF,BCL11A,Zf
2399,1,-0.37698567,-0.4067228,-1.4025425,PVRL2,MEF,PBX3,Homeobox
2514,1,-0.34370995,-0.24333258,-1.7447139,RNASEL,MEF,EGR1,Zf
2057,1,-0.20308916,-0.4653868,-2.8949068,NUF2,MEF,IRF1,IRF
737,1,0.22652079,-0.2053601,-1.5723729,DDC,MEF,FOXA1,Forkhead
1236,0,-0.12554857,-0.24550179,-1.5351888,GPR124,LMC,JUND,bZIP
62,0,-0.35390377,-0.22810093,-1.7200596,ADAMTS6,LMC,ATF1,bZIP
856,0,-0.40533945,-0.39005762,-1.1511953,EFCAB11,LMC,GABPA,ETS
599,0,-0.120565586,-0.1342841,1.7921984,CNR2,LMC,MAX,bHLH
1569,0,-0.08568381,-0.24450046,-1.7011287,KIF18B,LMC,MAZ,Zf
3027,1,-0.01444126,-0.17255645,1.3271227,TMEM184A,MEF,STAT3,Stat
2638,0,-0.28616667,-0.25693348,1.3570801,SGK3,LMC,E2F6,E2F
861,0,-0.8150283,-0.4653868,1.2837286,EFHD2,LMC,IRF4,IRF
2112,0,-0.1689725,-0.13941021,2.4658735,PADI3,LMC,BHLHE40,bHLH
1683,0,-0.12554857,-0.24550179,-1.5128583,LPIN3,LMC,JUND,bZIP
2848,1,-0.1666823,-0.13941021,-1.3201041,SPSB4,MEF,USF2,bHLH
416,0,-0.21907748,-0.27780795,1.9838973,CCL5,LMC,JUND,bZIP
762,0,-0.26188308,-0.27780795,1.0946444,DLEU2,LMC,FOSL2,bZIP
1428,0,0.023197008,-0.146989,1.7070159,IGSF11,LMC,USF1,bHLH
1854,1,-0.37601265,-0.39942494,1.1488492,MMP28,MEF,ELF1,ETS
2225,1,-0.2727483,-0.2712014,-1.5969307,PKNOX2,MEF,E2F6,E2F
659,1,-0.00943349,-0.121736646,2.2780662,CRYAB,MEF,USF1,bHLH
2252,1,-0.28121933,-0.25159925,1.3349193,PLEKHH2,MEF,SP1,Zf
1323,1,-0.2790477,-0.25471953,-1.2728531,HEG1,MEF,MAFF,bZIP
2849,0,-0.0013588448,-0.24283965,1.9335068,SPTB,LMC,CTCF,Zf
159,1,-0.76012087,-0.50137913,-1.3802844,APBB1IP,MEF,CUX1,Homeobox
2615,0,-0.65183055,-0.47267562,-1.4651343,SEMA6A,LMC,CUX1,Homeobox
1711,0,-0.15054174,-0.24450046,1.4799604,LRRN4,LMC,GATA3,Zf
518,1,-0.5856867,-0.25187832,-1.4699304,CENPP,MEF,E2F1,E2F
159,1,-0.2300118,-0.25159925,-1.3802844,APBB1IP,MEF,MAZ,Zf
899,1,0.041926194,-0.24283965,1.4761393,ENPP4,MEF,GATA3,Zf
812,0,-0.36351123,-0.50137913,-1.4309103,DRAXIN,LMC,PBX3,Homeobox
1591,1,-0.7844056,-0.2053601,1.2468134,KLF9,MEF,FOXM1,Forkhead
2646,1,-0.2300118,-0.25159925,-1.2183495,SH2D5,MEF,MAZ,Zf
3160,0,-0.46165287,-0.4067228,-1.9747592,UBE2C,LMC,CUX1,Homeobox
15,0,-0.01444126,-0.17255645,1.1249897,ABHD12,LMC,STAT3,Stat
475,1,-0.18398622,-0.29509667,-1.4936433,CDCA5,MEF,ATF3,bZIP
2260,1,0.21614419,-0.17782252,-1.0602489,PLK3,MEF,FOXA1,Forkhead
641,1,-0.42348737,-0.17137949,1.284983,CPOX,MEF,STAT1,Stat
1085,0,-0.15019357,-0.27780795,-1.0087279,FN1,LMC,MAFF,bZIP
1669,1,-0.08106524,-0.08106524,-2.0333745,LMNB1,MEF,TEAD4,TEA
1795,1,-0.17150766,-0.17150766,-1.2361659,MDFI,MEF,TEAD4,TEA
2776,1,-0.33817908,-0.29509667,-4.6038027,SMAGP,MEF,FOS,bZIP
2655,0,-0.15812221,-0.22249272,2.5084782,SHANK1,LMC,YY1,Zf
1591,1,0.8549915,-0.22249272,1.2468134,KLF9,MEF,PRDM1,Zf
2930,0,-0.27228355,-0.24283965,-1.8156732,TACR1,LMC,GATA2,Zf
2658,0,-0.34370995,-0.24333258,-1.9436976,SHC2,LMC,EGR1,Zf
61,1,-0.3341544,-0.39005762,-2.3633895,ADAMTS4,MEF,ELF1,ETS
994,1,0.21614419,-0.17782252,1.0227886,FAM222A,MEF,FOXA1,Forkhead
184,0,-0.33296144,-0.24550179,-1.0991015,ARHGAP28,LMC,MAFK,bZIP
2715,1,-0.21907748,-0.27780795,1.1691884,SLC25A35,MEF,JUND,bZIP
206,0,-0.3439605,-0.3439605,1.0346465,ARL4C,LMC,NRF1,NRF
1792,1,-0.2583255,-0.12410606,-5.093406,MCOLN2,MEF,MEF2A,MADS
3156,1,-0.08568381,-0.24450046,-9.23168,TYROBP,MEF,MAZ,Zf
2878,1,-0.36812532,-0.36812532,1.7400861,STC2,MEF,NRF1,NRF
1989,0,-0.13149443,-0.22249272,-1.2453166,NHS,LMC,SP1,Zf
2625,0,0.011842721,-0.21953267,2.343038,SERPIND1,LMC,FOXA1,Forkhead
2638,0,-0.21437913,-0.2712014,1.3570801,SGK3,LMC,E2F4,E2F
3035,1,-0.32442823,-0.39942494,1.6910677,TMEM25,MEF,ELK1,ETS
961,1,-0.2300118,-0.25159925,3.610968,FAIM2,MEF,MAZ,Zf
2692,0,-0.37527534,-0.37527534,2.0074983,SLC15A3,LMC,NRF1,NRF
582,0,-0.15764365,-0.14792581,1.3879285,CLN3,LMC,RFX5,HTH
2815,1,-0.14724034,-0.14724034,-2.193145,SP100,MEF,EBF1,EBF
936,1,-0.3070402,-0.24450046,-2.5236044,EXO1,MEF,YY1,Zf
186,1,-0.34099022,-0.38195667,-7.0380754,ARHGAP30,MEF,ELK1,ETS
2227,1,-0.3070402,-0.24450046,-2.0852349,PLA1A,MEF,YY1,Zf
3058,1,-0.29414836,-0.26135686,-2.989665,TNFRSF11A,MEF,E2F6,E2F
1396,1,-0.1124492,-0.24333258,-1.1715591,HSPA12A,MEF,CTCF,Zf
3114,1,-0.16941127,-0.25471953,-3.242694,TROAP,MEF,FOS,bZIP
2671,0,-0.33296144,-0.24550179,-3.8579667,SIM2,LMC,MAFK,bZIP
230,0,-0.26816452,-0.121736646,-5.599563,ASPN,LMC,TCF12,bHLH
1531,1,-0.2064243,-0.25159925,1.9358693,KCNB1,MEF,YY1,Zf
3106,1,-0.08617797,-0.146989,4.138585,TRIM54,MEF,MYOG,bHLH
896,0,-0.0013588448,-0.24283965,1.1999516,ENPP1,LMC,CTCF,Zf
1879,0,-0.26692143,-0.26692143,2.499849,MS4A7,LMC,EBF1,EBF
2444,1,-0.1689725,-0.13941021,3.0926714,RANBP3L,MEF,BHLHE40,bHLH
926,1,-0.20916343,-0.20916343,-1.3294209,ESYT1,MEF,NRF1,NRF
2114,1,-0.03437175,-0.039668236,1.6493459,PAK6,MEF,RFX5,HTH
1072,1,-0.5069276,-0.27780795,1.4296281,FILIP1,MEF,ATF2,bZIP
831,1,-0.13149443,-0.22249272,1.2428452,DYNC2LI1,MEF,SP1,Zf
565,1,-0.10369535,-0.10008492,-1.2009269,CKS1B,MEF,BHLHE40,bHLH
789,0,-0.049117733,-0.13941021,-1.8521272,DNER,LMC,MAX,bHLH
2233,0,-0.17407607,-0.121736646,-2.8839755,PLAC8,LMC,MAX,bHLH
2419,1,-0.38339126,-0.24550179,-1.3369354,RAB33A,MEF,ATF2,bZIP
2260,1,-0.1124492,-0.24333258,-1.0602489,PLK3,MEF,CTCF,Zf
2238,1,-0.07949572,-0.21953267,1.2879338,PLCD4,MEF,FOXA2,Forkhead
184,0,0.03116794,-0.22249272,-1.0991015,ARHGAP28,LMC,CTCF,Zf
108,1,-0.8875255,-0.25471953,1.0786273,ALCAM,MEF,BATF,bZIP
512,1,-0.29414836,-0.26135686,-2.398041,CENPF,MEF,E2F6,E2F
496,0,-0.4733331,-0.39005762,-1.4552879,CDKN3,LMC,ELK1,ETS
2995,1,-0.44168723,-0.24550179,-2.069741,TLR1,MEF,FOS,bZIP
360,0,-0.3869897,-0.39942494,3.0680733,CAMKV,LMC,ETS1,ETS
2664,1,-0.065101475,-0.08148018,1.5931308,SHISA7,MEF,RFX5,HTH
2041,0,-0.2808588,-0.24283965,1.9378136,NRROS,LMC,ZEB1,Zf
2323,1,-0.1666823,-0.13941021,-2.6390612,PRC1,MEF,USF2,bHLH
789,0,-0.38071528,-0.24283965,-1.8521272,DNER,LMC,ZNF263,Zf
940,0,-0.3777494,-0.24283965,-1.0492839,EXT1,LMC,EGR1,Zf
1679,0,-0.36550322,-0.47267562,-1.5416106,LOXL3,LMC,PBX3,Homeobox
2645,0,-0.21437913,-0.2712014,1.9081333,SH2D4B,LMC,E2F4,E2F
2330,1,0.023197008,-0.146989,-1.386103,PREX1,MEF,USF1,bHLH
2378,0,-0.36812532,-0.36812532,1.532152,PTK2B,LMC,NRF1,NRF
2311,0,-0.2185933,-0.3794154,2.419608,PPM1N,LMC,IRF1,IRF
203,1,-0.44168723,-0.24550179,-5.6908154,ARL11,MEF,FOS,bZIP
2324,0,-0.28121933,-0.25159925,-1.082411,PRCP,LMC,SP1,Zf
1398,1,-0.2678836,-0.24283965,1.0845106,HSPA4L,MEF,SP1,Zf
2202,1,-0.009410201,-0.10008492,1.4637411,PGRMC1,MEF,USF2,bHLH
283,0,-0.8150283,-0.4653868,1.2884433,BEND4,LMC,IRF4,IRF
3041,1,-0.3430542,-0.3430542,1.5891165,TMEM45A,MEF,PAX5,"Paired,Homeobox"
611,1,-0.3375485,-0.1342841,-1.3350317,COL16A1,MEF,TCF12,bHLH
130,0,-0.049117733,-0.13941021,1.297304,AMZ1,LMC,MAX,bHLH
338,0,-0.1124492,-0.24333258,-1.9840221,CACNA1C,LMC,CTCF,Zf
1888,1,0.13713937,-0.20371658,1.6543893,MSX2,MEF,FOXA1,Forkhead
964,0,-0.1689725,-0.13941021,-1.1809063,FAM109B,LMC,BHLHE40,bHLH
1751,0,-0.0061152284,-0.10008492,1.2574582,MAN1C1,LMC,USF1,bHLH
3242,1,-0.71579945,-0.37009746,-1.4219831,XYLT1,MEF,IRF3,IRF
2645,1,-0.169331,-0.25693348,-1.7524849,SH2D4B,MEF,E2F4,E2F
1570,1,-1.3501369,-0.39942494,-2.6483867,KIF20A,MEF,FLI1,ETS
114,1,-0.07763662,-0.20371658,5.5927067,ALDH3A1,MEF,FOXA2,Forkhead
1047,1,-0.64209527,-0.1980394,-4.654176,FGD2,MEF,STAT1,Stat
939,1,0.016314197,-0.13941021,1.7114613,EXPH5,MEF,USF1,bHLH
2735,1,-0.1505293,-0.1342841,3.6127057,SLC35F3,MEF,USF2,bHLH
186,1,-0.42348737,-0.17137949,-7.0380754,ARHGAP30,MEF,STAT1,Stat
1833,0,-0.13149443,-0.22249272,1.3267617,MITF,LMC,SP1,Zf
1247,0,-0.10505258,-0.1342841,-1.8197378,GPR161,LMC,BHLHE40,bHLH
1181,1,-0.17853236,-0.13941021,3.4981608,GFRA3,MEF,MYOG,bHLH
2739,0,-0.5072217,-0.24450046,1.0755472,SLC39A10,LMC,ZBTB33,Zf
1393,1,-0.3375485,-0.1342841,1.8035604,HSBP1L1,MEF,TCF12,bHLH
1011,1,-0.7979473,-0.24283965,-1.3060033,FAM83D,MEF,SP2,Zf
2686,1,-0.36259097,-0.38195667,1.0133885,SLC12A2,MEF,ELF1,ETS
2974,1,-0.15019357,-0.27780795,2.6131964,TGM7,MEF,MAFF,bZIP
1610,0,-0.34914914,-0.27780795,2.324363,KRT8,LMC,FOS,bZIP
770,1,-0.76012087,-0.50137913,3.1872852,DMC1,MEF,CUX1,Homeobox
1366,1,-0.058015816,-0.18281521,-1.3707247,HOXB4,MEF,STAT3,Stat
1510,0,0.018755239,0.02968777,1.1837133,JADE2,LMC,RFX5,HTH
3040,0,-0.1124492,-0.24333258,-1.158673,TMEM38A,LMC,CTCF,Zf
2059,1,-0.12554857,-0.24550179,-1.3955164,NUP210L,MEF,JUND,bZIP
1108,0,0.07771543,-0.1980394,-1.8366894,FREM2,LMC,STAT3,Stat
2917,1,-0.19379956,-0.22810093,-2.2309391,SYT1,MEF,ATF2,bZIP
2810,1,-0.21895796,-0.21895796,-2.681507,SOX12,MEF,EBF1,EBF
1221,1,-0.37776268,-0.37776268,1.7337681,GORAB,MEF,TCF3,HMG
1325,0,-0.07449697,-0.25159925,2.5203707,HEPHL1,LMC,CTCF,Zf
2476,1,-0.21869276,-0.39005762,1.7372016,RCAN1,MEF,ELK4,ETS
3027,1,-0.049117733,-0.13941021,1.3271227,TMEM184A,MEF,MAX,bHLH
2830,1,-0.3625331,-0.38195667,2.2287126,SPEF2,MEF,GABPA,ETS
1783,1,-0.10369535,-0.10008492,-1.3982825,MCAM,MEF,BHLHE40,bHLH
2857,0,-0.2859068,-0.146989,-1.0629355,SSC5D,LMC,TCF12,bHLH
2770,0,-0.3375485,-0.1342841,1.1465795,SLIT3,LMC,TCF12,bHLH
1925,1,-0.2727483,-0.2712014,1.9409447,MYO5C,MEF,E2F6,E2F
2462,0,0.016314197,-0.13941021,1.1221547,RASSF2,LMC,USF1,bHLH
2536,1,0.17063665,-0.10944186,4.0988145,RPS27,MEF,FOXA1,Forkhead
2744,1,-0.08106524,-0.08106524,-2.4313455,SLC43A1,MEF,TEAD4,TEA
993,1,-0.21907748,-0.27780795,1.2556348,FAM213A,MEF,JUND,bZIP
836,1,-0.28616667,-0.25693348,-2.7616482,E2F8,MEF,E2F6,E2F
1672,0,0.07771543,-0.1980394,-2.157927,LMOD1,LMC,STAT3,Stat
2487,1,-0.39205822,-0.27780795,-1.1587616,RFTN1,MEF,MAFK,bZIP
180,1,0.17063665,-0.10944186,-2.244958,ARHGAP18,MEF,FOXA1,Forkhead
3088,0,-0.07449697,-0.25159925,-1.338504,TPX2,LMC,CTCF,Zf
931,0,-0.3569094,-0.25159925,-1.0041994,EVA1B,LMC,ZNF263,Zf
1589,1,-0.120565586,-0.1342841,1.5408548,KLF15,MEF,MAX,bHLH
555,0,-0.46846294,-0.46846294,-1.8240892,CHST7,LMC,TCF3,HMG
275,1,-0.17853236,-0.13941021,2.004895,BCAR3,MEF,MYOG,bHLH
2836,0,0.016314197,-0.13941021,2.8364255,SPINT1,LMC,USF1,bHLH
2892,1,-0.5315311,-0.5315311,1.5128534,STPG1,MEF,PAX5,"Paired,Homeobox"
2321,0,-0.1666823,-0.13941021,-2.1748042,PPP4R4,LMC,USF2,bHLH
2684,1,-0.40533945,-0.39005762,-5.2536,SLC11A1,MEF,GABPA,ETS
513,1,-0.2954083,-0.24550179,-1.6129766,CENPH,MEF,ATF3,bZIP
2065,0,-0.44224238,-0.29509667,1.5774982,NXNL2,LMC,MAFK,bZIP
525,0,-0.7844056,-0.2053601,-1.5079637,CEP55,LMC,FOXM1,Forkhead
221,1,-0.009410201,-0.10008492,3.0301573,ASB16,MEF,USF2,bHLH
2167,0,-0.43756613,-0.41931188,-1.4760718,PDE4A,LMC,ETS1,ETS
201,0,-0.049117733,-0.13941021,1.5288506,ARID3A,LMC,MAX,bHLH
857,1,-0.4467859,-0.3917693,1.302421,EFCAB2,MEF,ELK1,ETS
3079,0,-0.2997486,-0.24333258,-1.7466844,TOX,LMC,ZNF263,Zf
1377,0,-0.1826178,-0.24450046,2.4189181,HOXD1,LMC,SP1,Zf
523,1,-0.3022701,-0.29509667,-1.0277461,CENPW,MEF,FOSL2,bZIP
2251,1,0.21614419,-0.17782252,-3.0162134,PLEKHG4,MEF,FOXA1,Forkhead
3019,0,-0.34370995,-0.24333258,-1.6892291,TMEM158,LMC,EGR1,Zf
2852,0,-0.41913503,-0.41913503,-1.4059516,SRD5A1,LMC,TCF3,HMG
1561,1,-0.36049217,-0.22810093,2.938467,KCTD19,MEF,FOS,bZIP
2924,1,-0.21301334,-0.25187832,2.4798288,SYTL3,MEF,E2F4,E2F
2628,0,-0.43345997,-0.22249272,2.6170738,SERPING1,LMC,ZNF263,Zf
1858,1,-0.1124492,-0.24333258,-2.2652435,MNDA,MEF,CTCF,Zf
2174,0,-0.2064243,-0.25159925,-1.1295204,PDGFD,LMC,YY1,Zf
876,1,-0.33058694,-0.3917693,1.6435285,ELAVL2,MEF,ELF1,ETS
1347,0,-0.659372,-0.27780795,-2.0435047,HMMR,LMC,BATF,bZIP
566,0,-0.17150766,-0.17150766,-1.1170683,CKS2,LMC,TEAD4,TEA
2552,1,-0.062780954,-0.24333258,-3.7158017,RTN4RL1,MEF,SP1,Zf
1190,1,-0.0017048104,-0.121736646,-1.6213213,GINS1,MEF,MYOG,bHLH
2243,1,-0.13559982,-0.10008492,-6.5264955,PLD4,MEF,MAX,bHLH
1764,1,-0.3058912,-0.24283965,1.7190605,MAP7,MEF,YY1,Zf
2299,1,-0.13559982,-0.10008492,4.087161,POU4F3,MEF,MAX,bHLH
1416,1,-0.2727483,-0.2712014,1.4104824,IFNLR1,MEF,E2F6,E2F
2454,0,-0.29360482,-0.13941021,2.2596931,RASEF,LMC,TCF12,bHLH
1332,1,-0.22240412,-0.10008492,-1.8082843,HIC1,MEF,TCF12,bHLH
2398,1,-0.44168723,-0.24550179,1.71108,PTX3,MEF,FOS,bZIP
1574,1,-0.009364229,-0.17137949,-2.4750273,KIF23,MEF,STAT3,Stat
2167,1,-0.62452394,-0.4713425,-1.033388,PDE4A,MEF,IRF4,IRF
2716,0,-0.3551913,-0.3551913,1.2643375,SLC25A45,LMC,HNF4A,NR
1340,0,-0.3375485,-0.1342841,-1.6869295,HLF,LMC,TCF12,bHLH
2488,1,-0.19239004,-0.26135686,-1.8506032,RGCC,MEF,E2F4,E2F
2734,0,-0.3439605,-0.3439605,-2.5573225,SLC35F2,LMC,NRF1,NRF
648,1,-0.19379956,-0.22810093,1.092964,CREBL2,MEF,ATF2,bZIP
2151,0,-0.440717,-0.25471953,1.17195,PCED1B,LMC,MAFK,bZIP
811,0,-0.40605056,-0.25471953,2.3256583,DPYSL5,LMC,ATF2,bZIP
190,1,-0.2727483,-0.2712014,1.4984578,ARHGAP6,MEF,E2F6,E2F
2795,0,-0.43345997,-0.22249272,1.1839118,SNTA1,LMC,ZNF263,Zf
198,1,0.048078425,-0.25471953,-3.3044653,ARHGEF39,MEF,BACH1,bZIP
2991,0,-0.3705123,-0.25471953,-1.3919637,TLCD1,LMC,FOSL2,bZIP
2048,0,-0.46016192,-0.24450046,1.6435283,NT5E,LMC,EGR1,Zf
1673,0,-0.3625331,-0.38195667,-1.3240579,LMTK3,LMC,GABPA,ETS
1466,0,-0.25007766,-0.37009746,2.282222,INPP5D,LMC,IRF1,IRF
2966,1,-0.40533945,-0.39005762,-3.5285614,TFPI2,MEF,GABPA,ETS
1108,0,-0.30776003,-0.24450046,-1.8366894,FREM2,LMC,ZNF263,Zf
875,1,-0.34099022,-0.38195667,-1.3485354,EHHADH,MEF,ELK1,ETS
2535,1,-0.14976743,-0.22810093,-4.825739,RPS16,MEF,FOSL2,bZIP
2917,1,-0.21907748,-0.27780795,-2.2309391,SYT1,MEF,JUND,bZIP
30,0,-0.2300118,-0.25159925,1.627162,ACOT4,LMC,MAZ,Zf
2395,0,0.048078425,-0.25471953,-1.5264401,PTPRZ1,LMC,BACH1,bZIP
1982,0,-0.174635,-0.24550179,1.525791,NFATC2,LMC,FOSL2,bZIP
627,1,-0.17513762,-0.146989,1.8243555,COLGALT2,MEF,BHLHE40,bHLH
1488,0,-0.20454665,-0.20454665,-3.15235,ITGA11,LMC,TEAD4,TEA
1799,0,-0.3933147,-0.24283965,-3.4283805,MECOM,LMC,ZKSCAN1,Zf
2126,1,0.027763726,-0.25159925,-2.2247307,PARPBP,MEF,GATA3,Zf
1103,0,-0.18621291,-0.24333258,-1.1218795,FOXP1,LMC,YY1,Zf
2992,0,-0.3777494,-0.24283965,-1.5962096,TLE2,LMC,EGR1,Zf
705,1,-0.32442823,-0.39942494,1.9690752,CXXC4,MEF,ELK1,ETS
3138,0,-0.20454665,-0.20454665,-1.6865426,TTLL11,LMC,TEAD4,TEA
2990,1,-0.22735961,-0.24550179,-1.960353,TK1,MEF,MAFF,bZIP
41,1,-0.33080074,-0.22810093,-1.2971035,ACTN3,MEF,MAFK,bZIP
713,1,-0.20776576,-0.20776576,1.1914463,CYLD,MEF,EBF1,EBF
880,1,-0.38071528,-0.24283965,3.0154016,ELMOD1,MEF,ZNF263,Zf
727,1,-0.29414836,-0.26135686,-1.2788367,DBN1,MEF,E2F6,E2F
2993,0,-0.28121933,-0.25159925,-1.9840968,TLE6,LMC,SP1,Zf
1991,0,-0.21907748,-0.27780795,-1.1931095,NIM1K,LMC,JUND,bZIP
2262,1,-0.41913503,-0.41913503,1.3611525,PLLP,MEF,TCF3,HMG
1075,0,-0.4649995,-0.41931188,1.706394,FLI1,LMC,GABPA,ETS
1298,0,0.027763726,-0.25159925,1.7987171,GSTA4,LMC,GATA3,Zf
2233,0,-0.51637894,-0.42379856,-2.8839755,PLAC8,LMC,CUX1,Homeobox
1266,1,-0.36351123,-0.50137913,1.154727,GPRC5C,MEF,PBX3,Homeobox
1122,0,-0.26692143,-0.26692143,1.3988296,FSTL4,LMC,EBF1,EBF
2518,0,-0.27070102,-0.24450046,1.1219213,RNF144B,LMC,GATA2,Zf
899,1,-0.42519194,-0.24333258,1.4761393,ENPP4,MEF,GATA1,Zf
1660,0,-0.64209527,-0.1980394,-1.1322662,LIMK1,LMC,STAT1,Stat
2709,0,-0.28121933,-0.25159925,1.6009575,SLC22A18,LMC,SP1,Zf
1566,1,-0.36550322,-0.47267562,-2.457014,KIF11,MEF,PBX3,Homeobox
2361,0,-0.33296144,-0.24550179,1.0775473,PSAP,LMC,MAFK,bZIP
1735,0,-0.049117733,-0.13941021,-1.6968054,LYSMD2,LMC,MAX,bHLH
2800,0,-0.48430756,-0.24313685,1.1069503,SOAT1,LMC,STAT1,Stat
2608,0,-0.2300118,-0.25159925,-1.204405,SEMA3C,LMC,MAZ,Zf
2292,1,-0.13994873,-0.2053601,-1.5553532,POLQ,MEF,FOXA2,Forkhead
1837,1,-0.09351536,-0.24313685,-1.1738205,MLF1,MEF,STAT3,Stat
2224,1,-0.440717,-0.25471953,-2.260149,PKMYT1,MEF,MAFK,bZIP
2243,1,-0.18621291,-0.24333258,-6.5264955,PLD4,MEF,YY1,Zf
655,0,-0.28616667,-0.25693348,-2.829484,CRISPLD2,LMC,E2F6,E2F
1655,1,-0.3625331,-0.38195667,-1.4939244,LIG1,MEF,GABPA,ETS
1078,1,-0.19379956,-0.22810093,1.7946676,FLRT3,MEF,ATF2,bZIP
2048,1,-0.3341544,-0.39005762,3.1048243,NT5E,MEF,ELF1,ETS
2605,1,-0.32700178,-0.25159925,-5.124639,SELPLG,MEF,GATA1,Zf
180,1,-0.34914914,-0.27780795,-2.244958,ARHGAP18,MEF,FOS,bZIP
1346,1,-0.34029287,-0.28884968,-2.7170715,HMHA1,MEF,E2F4,E2F
2277,1,-0.46846294,-0.46846294,-1.672663,PMF1,MEF,TCF3,HMG
582,0,-0.40605056,-0.25471953,1.3879285,CLN3,LMC,ATF2,bZIP
448,1,-0.009410201,-0.10008492,-7.077686,CD37,MEF,USF2,bHLH
2021,1,-0.20916343,-0.20916343,-1.0979886,NPAS4,MEF,NRF1,NRF
474,0,-0.2954083,-0.24550179,-1.3249443,CDCA3,LMC,ATF3,bZIP
1586,0,-0.43756613,-0.41931188,-1.0530518,KISS1R,LMC,ETS1,ETS
403,1,-0.009364229,-0.17137949,1.625412,CCDC80,MEF,STAT3,Stat
562,1,-0.29360482,-0.13941021,-1.191863,CKAP2,MEF,TCF12,bHLH
240,0,-0.17425032,-0.41931188,1.6032816,ATP1B1,LMC,ELK4,ETS
825,1,-0.2064243,-0.25159925,1.0855477,DUSP15,MEF,YY1,Zf
3115,0,-0.2300118,-0.25159925,-2.2040312,TRPA1,LMC,MAZ,Zf
2361,0,-0.29360482,-0.13941021,1.0775473,PSAP,LMC,TCF12,bHLH
3186,1,-0.0061152284,-0.10008492,-1.9262128,VANGL2,MEF,USF1,bHLH
2815,1,-0.049117733,-0.13941021,-2.193145,SP100,MEF,MAX,bHLH
789,0,-0.28616667,-0.25693348,-1.8521272,DNER,LMC,E2F6,E2F
1276,1,-0.4420254,-0.26135686,-1.0021031,GREB1L,MEF,E2F1,E2F
2058,0,-0.21907748,-0.27780795,1.252312,NUP210,LMC,JUND,bZIP
3037,0,-0.44168723,-0.24550179,2.4017868,TMEM255A,LMC,FOS,bZIP
1604,1,-0.2954083,-0.24550179,-2.5368693,KNSTRN,MEF,ATF3,bZIP
1387,1,-0.56344664,-0.2712014,-2.4417093,HPSE,MEF,E2F1,E2F
2752,1,0.06421617,-0.24450046,1.4064586,SLC4A8,MEF,CTCF,Zf
477,1,-0.0061152284,-0.10008492,-1.4396812,CDCA7L,MEF,USF1,bHLH
99,1,-0.37601265,-0.39942494,1.0351957,AIG1,MEF,ELF1,ETS
2766,0,-0.169331,-0.25693348,2.0881596,SLCO2A1,LMC,E2F4,E2F
1470,1,-0.0013588448,-0.24283965,2.5503707,IP6K3,MEF,CTCF,Zf
2047,1,-0.40787458,-0.3917693,-3.1861043,NT5DC2,MEF,GABPA,ETS
1001,0,-0.20776576,-0.20776576,1.5367558,FAM49A,LMC,EBF1,EBF
2917,1,-0.40605056,-0.25471953,-2.2309391,SYT1,MEF,ATF2,bZIP
2107,1,-0.192465,-0.27780795,1.1910483,P4HTM,MEF,ATF3,bZIP
2728,1,-0.24165441,-0.29509667,1.2351124,SLC2A6,MEF,JUND,bZIP
720,1,-0.2954083,-0.24550179,1.4721106,CYSTM1,MEF,ATF3,bZIP
2332,1,-0.1607576,-0.24283965,-1.3902781,PRIM1,MEF,MAZ,Zf
815,1,-0.37601265,-0.39942494,-1.011439,DSCC1,MEF,ELF1,ETS
1627,1,-0.18621291,-0.24333258,-5.3725543,LAT2,MEF,YY1,Zf
636,1,-0.17150766,-0.17150766,4.2352395,CP,MEF,TEAD4,TEA
394,1,-0.46016192,-0.24450046,2.6318588,CCDC3,MEF,EGR1,Zf
564,1,-0.009410201,-0.10008492,2.349231,CKMT2,MEF,USF2,bHLH
2730,1,0.08411567,-0.24550179,1.1102816,SLC30A4,MEF,BACH1,bZIP
988,1,-0.34029287,-0.28884968,1.5712413,FAM19A3,MEF,E2F4,E2F
2429,1,-0.38339126,-0.24550179,-5.5450034,RAC2,MEF,ATF2,bZIP
1605,0,-0.29414836,-0.26135686,-1.703923,KNTC1,LMC,E2F6,E2F
133,0,-0.3773888,-0.18281521,-2.7385378,ANGPTL1,LMC,STAT1,Stat
400,0,0.17063665,-0.10944186,-1.1101925,CCDC68,LMC,FOXA1,Forkhead
2061,1,-0.3430542,-0.3430542,-2.5808094,NUSAP1,MEF,PAX5,"Paired,Homeobox"
613,0,-0.29414836,-0.26135686,-2.6248782,COL19A1,LMC,E2F6,E2F
233,0,-0.38278377,-0.42379856,1.1636925,ATF6,LMC,PBX3,Homeobox
3088,1,-0.14976743,-0.22810093,-1.1942955,TPX2,MEF,FOSL2,bZIP
2586,1,-0.058015816,-0.18281521,1.4499005,SCN1B,MEF,STAT3,Stat
1099,0,-0.43345997,-0.22249272,-1.2915127,FOXF1,LMC,ZNF263,Zf
1469,0,-0.2954083,-0.24550179,-1.3461412,INSIG1,LMC,ATF3,bZIP
466,1,-0.20308916,-0.4653868,-1.5081419,CDC25B,MEF,IRF1,IRF
2380,0,-0.21437913,-0.2712014,-3.6548302,PTN,LMC,E2F4,E2F
1519,1,-0.01444126,-0.17255645,2.7633631,KANK4,MEF,STAT3,Stat
2312,0,-0.14724034,-0.14724034,1.056169,PPP1R13B,LMC,EBF1,EBF
2613,1,-0.17150766,-0.17150766,2.03598,SEMA4F,MEF,TEAD4,TEA
517,0,-0.58496386,-0.4621776,-1.3688151,CENPN,LMC,IRF4,IRF
1118,1,0.028543921,-0.29509667,1.1508414,FSIP1,MEF,BACH1,bZIP
2444,0,0.06421617,-0.24450046,-1.919591,RANBP3L,LMC,CTCF,Zf
593,1,-0.13149443,-0.22249272,2.740995,CNKSR1,MEF,SP1,Zf
1497,0,0.011842721,-0.21953267,2.0019827,ITGB2,LMC,FOXA1,Forkhead
2647,0,-0.64209527,-0.1980394,-2.391878,SH3BGR,LMC,STAT1,Stat
2767,0,-0.17150766,-0.17150766,-1.8096188,SLCO3A1,LMC,TEAD4,TEA
2845,0,-0.19612858,-0.146989,-1.1286079,SPRY1,LMC,USF2,bHLH
727,1,-0.2300118,-0.25159925,-1.2788367,DBN1,MEF,MAZ,Zf
1769,0,-0.1124492,-0.24333258,1.4566643,MAPK4,LMC,CTCF,Zf
2133,1,-0.3076643,-0.4621776,-2.607935,PBK,MEF,IRF1,IRF
2891,0,-0.28616667,-0.25693348,-1.1727897,STOX2,LMC,E2F6,E2F
1246,0,0.016311714,0.00623205,1.710225,GPR160,LMC,RFX5,HTH
1801,0,-0.049117733,-0.13941021,-1.2757986,MEDAG,LMC,MAX,bHLH
365,0,-0.2185933,-0.3794154,1.8891319,CARD9,LMC,IRF1,IRF
1992,1,-0.4649995,-0.41931188,1.4492387,NIPAL2,MEF,GABPA,ETS
1671,0,0.08411567,-0.24550179,1.8299829,LMO2,LMC,BACH1,bZIP
383,0,-0.14989896,-0.14989896,1.1674314,CCDC114,LMC,TEAD4,TEA
478,1,-0.17702122,-0.27780795,-1.505004,CDCA8,MEF,ATF1,bZIP
2362,0,-0.16941127,-0.25471953,-1.2187368,PSAT1,LMC,FOS,bZIP
965,0,-0.5069276,-0.27780795,1.182763,FAM110C,LMC,ATF2,bZIP
2295,0,-0.17407607,-0.121736646,-2.308733,POSTN,LMC,MAX,bHLH
2816,1,-0.3439605,-0.3439605,-4.212423,SP110,MEF,NRF1,NRF
1471,1,-0.4420254,-0.26135686,1.0656217,IQCK,MEF,E2F1,E2F
2186,1,-0.21459776,-0.24333258,5.879746,PENK,MEF,MAZ,Zf
2201,1,-0.3058912,-0.24283965,1.2781696,PGR,MEF,YY1,Zf
3131,1,-0.440717,-0.25471953,1.2743545,TSPYL5,MEF,MAFK,bZIP
2943,0,-0.3610153,-0.22249272,-2.6637702,TBXA2R,LMC,EGR1,Zf
1446,0,-0.42348737,-0.17137949,1.1727784,IL18RAP,LMC,STAT1,Stat
2694,0,-0.0017048104,-0.121736646,1.2064933,SLC16A10,LMC,MYOG,bHLH
1755,1,-0.38059002,-0.38059002,1.4467506,MANSC1,MEF,PAX5,"Paired,Homeobox"
101,1,-0.7502766,-0.4621776,-2.3698435,AIM2,MEF,IRF3,IRF
2743,0,-0.35806254,-0.38195667,1.4633803,SLC40A1,LMC,ETS1,ETS
1597,1,-0.13559982,-0.10008492,-3.375335,KLHL33,MEF,MAX,bHLH
1415,1,-0.21459776,-0.24333258,1.863296,IFITM10,MEF,MAZ,Zf
1791,1,0.08411567,-0.24550179,-1.8528816,MCM6,MEF,BACH1,bZIP
2242,1,-0.56297857,-0.22249272,-1.2764739,PLD2,MEF,ZBTB33,Zf
899,0,-0.36351123,-0.50137913,1.1764364,ENPP4,LMC,PBX3,Homeobox
2950,0,-0.0005437653,-0.1342841,1.1511981,TCIRG1,LMC,USF1,bHLH
114,1,-0.46846294,-0.46846294,5.5927067,ALDH3A1,MEF,TCF3,HMG
427,1,-0.1124492,-0.24333258,1.174304,CCPG1,MEF,CTCF,Zf
1344,0,-0.26692143,-0.26692143,-1.063044,HMGCS1,LMC,EBF1,EBF
2603,1,-0.35806254,-0.38195667,1.0266249,SEC61G,MEF,ETS1,ETS
499,0,-0.46016192,-0.24450046,-1.0813416,CDR2L,LMC,EGR1,Zf
3196,0,-0.43756613,-0.41931188,1.2710276,VGF,LMC,ETS1,ETS
439,0,0.018755239,0.02968777,2.3953223,CD28,LMC,RFX5,HTH
2185,1,-0.35318726,-0.41931188,-1.7224369,PEG10,MEF,ELK1,ETS
3000,1,0.018755239,0.02968777,-2.7555268,TLR9,MEF,RFX5,HTH
1486,0,-0.22746871,-0.25187832,1.3292,ISYNA1,LMC,E2F6,E2F
2030,0,-0.64209527,-0.1980394,-1.7574401,NPY1R,LMC,STAT1,Stat
1742,0,-0.26816452,-0.121736646,1.2771919,MADD,LMC,TCF12,bHLH
1432,1,-0.2997486,-0.24333258,-2.607223,IGSF9,MEF,ZNF263,Zf
2529,0,-0.34029287,-0.28884968,-1.4922091,ROR1,LMC,E2F4,E2F
1944,1,-0.22240412,-0.10008492,1.454967,NCALD,MEF,TCF12,bHLH
2363,1,-0.659372,-0.27780795,-1.26462,PSD4,MEF,BATF,bZIP
1234,0,0.016311714,0.00623205,2.3392198,GPR115,LMC,RFX5,HTH
1811,1,-0.01444126,-0.17255645,1.4938444,MEST,MEF,STAT3,Stat
2559,1,-0.21907748,-0.27780795,-1.0411946,S100A10,MEF,JUND,bZIP
2717,1,-0.21437913,-0.2712014,2.2100704,SLC25A48,MEF,E2F4,E2F
2459,1,-0.01444126,-0.17255645,-1.3954514,RASGRP3,MEF,STAT3,Stat
1016,0,-0.065101475,-0.08148018,-1.282396,FANCD2,LMC,RFX5,HTH
992,1,-0.36645967,-0.22249272,1.0064623,FAM212B,MEF,ZEB1,Zf
1004,1,-0.10505258,-0.1342841,1.7937952,FAM71E1,MEF,BHLHE40,bHLH
1662,1,-0.3551913,-0.3551913,4.044967,LIN7A,MEF,HNF4A,NR
975,1,-0.7237371,-0.24333258,1.2401816,FAM161B,MEF,SP2,Zf
1707,0,-0.17513762,-0.146989,-1.0357177,LRRC8E,LMC,BHLHE40,bHLH
1530,0,-0.0013588448,-0.24283965,1.6391324,KCNAB2,LMC,CTCF,Zf
615,1,-0.08974322,-0.146989,2.398739,COL23A1,MEF,MAX,bHLH
3137,0,-0.038338926,-0.10008492,-1.5468862,TTK,LMC,MYOG,bHLH
727,1,-0.25007766,-0.37009746,-1.2788367,DBN1,MEF,IRF1,IRF
1221,1,-0.46016192,-0.24450046,1.7337681,GORAB,MEF,EGR1,Zf
345,1,-0.1607576,-0.24283965,3.2806952,CACNA2D3,MEF,MAZ,Zf
1416,1,0.13713937,-0.20371658,1.4104824,IFNLR1,MEF,FOXA1,Forkhead
1028,0,-0.5313326,-0.24450046,-2.426656,FBN2,LMC,ZKSCAN1,Zf
1625,1,-0.2913164,-0.42379856,2.403555,LARS2,MEF,NANOG,Homeobox
207,0,-0.13559982,-0.10008492,1.4829313,ARL4D,LMC,MAX,bHLH
1219,1,-0.38059002,-0.38059002,-2.168562,GNGT2,MEF,PAX5,"Paired,Homeobox"
1812,1,-0.3375485,-0.1342841,-1.0833864,METRNL,MEF,TCF12,bHLH
2912,0,-0.1607576,-0.24283965,2.692378,SYNGR1,LMC,MAZ,Zf
879,1,-0.17702122,-0.27780795,-2.5854182,ELMO1,MEF,ATF1,bZIP
792,1,-0.37698567,-0.4067228,-1.1671683,DNMT1,MEF,PBX3,Homeobox
932,0,-0.32442823,-0.39942494,-1.0899669,EVA1C,LMC,ELK1,ETS
643,1,-0.1505293,-0.1342841,-1.3152764,CPXM2,MEF,USF2,bHLH
283,1,-0.7979473,-0.24283965,-1.572959,BEND4,MEF,SP2,Zf
1061,1,-0.38059002,-0.38059002,1.0598873,FGFR3,MEF,PAX5,"Paired,Homeobox"
2225,1,-0.08617797,-0.146989,-1.5969307,PKNOX2,MEF,MYOG,bHLH
2379,1,-0.20953742,-0.22249272,-1.1953413,PTMS,MEF,MAZ,Zf
10,1,-0.45963168,-0.45963168,-1.2388748,ABCB4,MEF,TCF3,HMG
2047,0,-0.35132957,-0.35132957,-1.497863,NT5DC2,LMC,HNF4A,NR
2057,0,-0.5069276,-0.27780795,-2.073274,NUF2,LMC,ATF2,bZIP
1574,1,-0.63670325,-0.21953267,-2.4750273,KIF23,MEF,FOXM1,Forkhead
226,1,-0.34304273,-0.52757335,-2.1260629,ASF1B,MEF,NANOG,Homeobox
2311,0,-0.36812532,-0.36812532,2.419608,PPM1N,LMC,NRF1,NRF
2187,1,-0.29687634,-0.29687634,2.418656,PERP,MEF,PAX5,"Paired,Homeobox"
178,1,-0.34914914,-0.27780795,-2.0233412,ARHGAP10,MEF,FOS,bZIP
2911,0,-0.35028386,-0.4067228,1.1780914,SYNE2,LMC,NANOG,Homeobox
3027,1,-0.46016192,-0.24450046,1.3271227,TMEM184A,MEF,EGR1,Zf
3117,1,-0.0013588448,-0.24283965,1.6798476,TRPM3,MEF,CTCF,Zf
3267,0,-0.17425032,-0.41931188,-1.2638365,ZWILCH,LMC,ELK4,ETS
1984,1,-0.17150766,-0.17150766,-1.7410284,NFKBID,MEF,TEAD4,TEA
2816,0,-0.48813832,-0.3794154,1.4846952,SP110,LMC,IRF4,IRF
2285,0,-0.03437175,-0.039668236,-2.1879153,PODNL1,LMC,RFX5,HTH
690,0,-0.169331,-0.25693348,1.260351,CTSO,LMC,E2F4,E2F
2710,0,-0.5980523,-0.24283965,1.8738929,SLC22A4,LMC,ZBTB33,Zf
1367,1,-0.192465,-0.27780795,-1.3101642,HOXB5,MEF,ATF3,bZIP
1384,0,-0.22746871,-0.25187832,-1.4212688,HPDL,LMC,E2F6,E2F
2334,0,-0.192465,-0.27780795,-1.4117044,PRKAR2B,LMC,ATF3,bZIP
640,0,-0.35318726,-0.41931188,2.1132483,CPNE7,LMC,ELK1,ETS
2468,0,-0.36102507,-0.24550179,1.1551113,RBKS,LMC,ATF1,bZIP
1056,0,-0.1124492,-0.24333258,-2.1430054,FGF7,LMC,CTCF,Zf
1537,0,-0.08974322,-0.146989,-2.9671574,KCNE4,LMC,MAX,bHLH
361,1,-0.19842377,-0.50137913,1.6476614,CAMSAP3,MEF,NANOG,Homeobox
496,0,-0.13559982,-0.10008492,-1.4552879,CDKN3,LMC,MAX,bHLH
2112,0,-0.34278938,-0.41931188,2.4658735,PADI3,LMC,ELF1,ETS
2917,1,-0.2838714,-0.47267562,-2.2309391,SYT1,MEF,NANOG,Homeobox
1240,1,-0.13149443,-0.22249272,1.5431579,GPR137C,MEF,SP1,Zf
3070,1,-0.2548157,-0.22810093,-1.1992819,TNNI3,MEF,MAFF,bZIP
1588,0,0.023197008,-0.146989,-2.5663316,KLF12,LMC,USF1,bHLH
1677,0,-0.20953742,-0.22249272,1.93562,LONRF3,LMC,MAZ,Zf
2879,1,-0.5315311,-0.5315311,-1.1251734,STEAP3,MEF,PAX5,"Paired,Homeobox"
593,1,-0.121607244,-0.24333258,2.740995,CNKSR1,MEF,GATA3,Zf
3114,1,0.018755239,0.02968777,-3.242694,TROAP,MEF,RFX5,HTH
499,0,-0.038338926,-0.10008492,-1.0813416,CDR2L,LMC,MYOG,bHLH
2668,0,-0.17407607,-0.121736646,1.419319,SHROOM3,LMC,MAX,bHLH
2710,0,-0.36351123,-0.50137913,1.8738929,SLC22A4,LMC,PBX3,Homeobox
122,1,-0.12554857,-0.24550179,-1.2995142,ALX1,MEF,JUND,bZIP
675,1,-0.13559982,-0.10008492,1.8166595,CST3,MEF,MAX,bHLH
226,1,0.21614419,-0.17782252,-2.1260629,ASF1B,MEF,FOXA1,Forkhead
2801,1,-0.10827843,-0.121736646,1.5061712,SOBP,MEF,USF2,bHLH
254,1,-0.2790477,-0.25471953,3.2201214,AXIN2,MEF,MAFF,bZIP
2036,1,-0.011590093,-0.22249272,2.711894,NRAP,MEF,GATA3,Zf
2823,1,-0.10827843,-0.121736646,-1.9032626,SPAG5,MEF,USF2,bHLH
2218,1,-0.45038855,-0.39942494,1.3815172,PIP5K1B,MEF,GABPA,ETS
2881,0,-0.4649995,-0.41931188,-1.2551341,STIL,LMC,GABPA,ETS
212,1,-0.13559982,-0.10008492,1.2303027,ARRDC3,MEF,MAX,bHLH
307,1,-0.28616667,-0.25693348,-1.1805693,BOK,MEF,E2F6,E2F
1634,1,-0.37167174,-0.29509667,-1.6489308,LDB2,MEF,ATF2,bZIP
180,0,-0.1607576,-0.24283965,1.0911804,ARHGAP18,LMC,MAZ,Zf
2268,0,-0.32700178,-0.25159925,1.4241343,PLTP,LMC,GATA1,Zf
591,1,-0.33817908,-0.29509667,-1.332691,CNDP2,MEF,FOS,bZIP
101,1,-0.62452394,-0.4713425,-2.3698435,AIM2,MEF,IRF4,IRF
582,0,-0.38490406,-0.38490406,1.3879285,CLN3,LMC,PAX5,"Paired,Homeobox"
2191,1,-0.17513762,-0.146989,-1.1248902,PFKFB3,MEF,BHLHE40,bHLH
2185,1,-0.38490406,-0.38490406,-1.7224369,PEG10,MEF,PAX5,"Paired,Homeobox"
1859,0,0.03645469,-0.22810093,-1.2297763,MNS1,LMC,BACH1,bZIP
2007,1,-0.15812221,-0.22249272,2.0483093,NMNAT2,MEF,YY1,Zf
526,0,-0.5315311,-0.5315311,-1.5504444,CEP72,LMC,PAX5,"Paired,Homeobox"
1101,0,-0.14724034,-0.14724034,-1.5624956,FOXM1,LMC,EBF1,EBF
2591,1,-0.2064243,-0.25159925,-1.7827389,SCN9A,MEF,YY1,Zf
2915,0,0.041926194,-0.24283965,-1.145586,SYNPO,LMC,GATA3,Zf
454,1,-0.26816452,-0.121736646,-5.4775605,CD68,MEF,TCF12,bHLH
761,0,-0.3058912,-0.24283965,1.9633294,DKKL1,LMC,YY1,Zf
2934,0,-0.4733331,-0.39005762,2.0902348,TAL1,LMC,ELK1,ETS
2827,1,0.07771543,-0.1980394,-2.0004928,SPC24,MEF,STAT3,Stat
3049,1,-0.64209527,-0.1980394,1.4090196,TMOD1,MEF,STAT1,Stat
1267,0,-0.19842377,-0.50137913,-2.022463,GPRIN3,LMC,NANOG,Homeobox
1344,0,-0.46846294,-0.46846294,-1.063044,HMGCS1,LMC,TCF3,HMG
353,0,-0.1607576,-0.24283965,-1.6253554,CALML4,LMC,MAZ,Zf
2479,0,-0.28616667,-0.25693348,1.0035248,RCSD1,LMC,E2F6,E2F
1990,0,0.048078425,-0.25471953,-1.7527599,NID1,LMC,BACH1,bZIP
1734,1,-0.76012087,-0.50137913,1.0396278,LYRM7,MEF,CUX1,Homeobox
853,0,-0.08974322,-0.146989,3.1529634,EEF1A2,LMC,MAX,bHLH
2073,0,-0.17150766,-0.17150766,-1.2275139,OBSL1,LMC,TEAD4,TEA
2965,1,-0.659372,-0.27780795,-1.7823138,TFPI,MEF,BATF,bZIP
210,1,-0.13994873,-0.2053601,-1.0362118,ARRB1,MEF,FOXA2,Forkhead
270,1,-0.36351123,-0.50137913,-1.6177692,BARD1,MEF,PBX3,Homeobox
2777,0,-0.41320115,-0.25471953,1.3346709,SMARCA2,LMC,ATF1,bZIP
1947,1,-0.3058912,-0.24283965,-1.986602,NCAPG,MEF,YY1,Zf
1975,1,-0.5313326,-0.24450046,1.3671153,NES,MEF,ZKSCAN1,Zf
957,0,-0.16561359,-0.22810093,-1.2934484,FADS2,LMC,JUND,bZIP
1359,1,-0.34304273,-0.52757335,-1.859574,HOXA4,MEF,NANOG,Homeobox
1488,0,-0.20953742,-0.22249272,-3.15235,ITGA11,LMC,MAZ,Zf
1346,1,-0.27228355,-0.24283965,-2.7170715,HMHA1,MEF,GATA2,Zf
2508,0,-0.30779734,-0.3917693,1.9511803,RIMS3,LMC,ETS1,ETS
157,1,-0.37167174,-0.29509667,-1.3312559,APBA1,MEF,ATF2,bZIP
1749,1,-0.174635,-0.24550179,-1.3053963,MAMDC2,MEF,FOSL2,bZIP
62,0,-0.64209527,-0.1980394,-1.7200596,ADAMTS6,LMC,STAT1,Stat
2432,1,-0.2300118,-0.25159925,-1.5926751,RAD51AP1,MEF,MAZ,Zf
1478,1,-0.42348737,-0.17137949,-4.4361186,IRF8,MEF,STAT1,Stat
1222,0,-0.29979625,-0.24283965,4.210231,GOT1L1,LMC,GATA1,Zf
2992,0,-0.1689725,-0.13941021,-1.5962096,TLE2,LMC,BHLHE40,bHLH
2421,0,-0.121607244,-0.24333258,-1.4811571,RAB38,LMC,GATA3,Zf
1074,1,-0.065101475,-0.08148018,-2.1304154,FKBP5,MEF,RFX5,HTH
591,1,-0.14724034,-0.14724034,-1.332691,CNDP2,MEF,EBF1,EBF
2875,1,-0.28616667,-0.25693348,-2.018522,STARD8,MEF,E2F6,E2F
254,1,-0.3375485,-0.1342841,3.2201214,AXIN2,MEF,TCF12,bHLH
3150,1,-0.34914914,-0.27780795,-1.30229,TUBB6,MEF,FOS,bZIP
2606,0,0.028543921,-0.29509667,-1.18342,SEMA3A,LMC,BACH1,bZIP
2991,0,-0.39059436,-0.39059436,-1.3919637,TLCD1,LMC,HNF4A,NR
1623,0,-0.4733331,-0.39005762,2.135228,LAPTM5,LMC,ELK1,ETS
1397,0,-0.440717,-0.25471953,-2.2681978,HSPA12B,LMC,MAFK,bZIP
2527,0,-0.1124492,-0.24333258,-1.4806893,ROBO1,LMC,CTCF,Zf
1360,0,-0.10827843,-0.121736646,-1.5481333,HOXA5,LMC,USF2,bHLH
3056,1,-0.08568381,-0.24450046,-5.5076947,TNFAIP8L2,MEF,MAZ,Zf
152,0,-0.43756613,-0.41931188,2.0913832,ANXA8,LMC,ETS1,ETS
1681,1,-0.35028386,-0.4067228,-1.4697692,LPAR2,MEF,NANOG,Homeobox
3007,1,0.17063665,-0.10944186,-2.8485968,TMEM106A,MEF,FOXA1,Forkhead
464,0,-0.34914914,-0.27780795,-1.0312785,CD97,LMC,FOS,bZIP
385,1,-0.35453734,-0.24333258,-1.3031601,CCDC120,MEF,ZKSCAN1,Zf
2383,1,0.08411567,-0.24550179,-3.4084277,PTPN18,MEF,BACH1,bZIP
2313,0,-0.34029287,-0.28884968,-2.7252042,PPP1R14A,LMC,E2F4,E2F
338,0,-0.40787458,-0.3917693,-1.9840221,CACNA1C,LMC,GABPA,ETS
891,1,-0.26816452,-0.121736646,5.217625,EN2,MEF,TCF12,bHLH
2329,0,-0.20454665,-0.20454665,-1.5005978,PRELID2,LMC,TEAD4,TEA
2229,1,-0.22746871,-0.25187832,-2.035852,PLA2G4C,MEF,E2F6,E2F
1512,1,-0.3375485,-0.1342841,-2.120445,JAKMIP2,MEF,TCF12,bHLH
1089,1,-0.057535224,-0.27780795,-1.2231901,FNIP2,MEF,BACH1,bZIP
1866,1,-0.08974322,-0.146989,-8.92165,MPEG1,MEF,MAX,bHLH
1322,1,-0.33817908,-0.29509667,1.4396416,HDGFRP3,MEF,FOS,bZIP
2249,1,-0.36049217,-0.22810093,1.1527126,PLEKHG1,MEF,FOS,bZIP
2599,0,-0.17150766,-0.17150766,-1.0351863,SDK2,LMC,TEAD4,TEA
115,1,-0.26737517,-0.25159925,-1.468537,ALDH3B1,MEF,ZKSCAN1,Zf
2505,0,-0.45038855,-0.39942494,1.9083076,RHPN2,LMC,GABPA,ETS
988,1,-0.43345997,-0.22249272,1.5712413,FAM19A3,MEF,ZNF263,Zf
1916,0,-0.056725405,-0.121736646,1.3692127,MYLK3,LMC,BHLHE40,bHLH
1374,1,-0.120565586,-0.1342841,-1.569939,HOXC5,MEF,MAX,bHLH
1398,1,-0.3773888,-0.18281521,1.0845106,HSPA4L,MEF,STAT1,Stat
33,0,-0.22735961,-0.24550179,-1.134941,ACSL3,LMC,MAFF,bZIP
2485,1,-0.27228355,-0.24283965,3.6311066,RERG,MEF,GATA2,Zf
3136,1,-0.120565586,-0.1342841,1.7476053,TTC9,MEF,MAX,bHLH
2401,0,-0.08617797,-0.146989,-1.57443,PXDN,LMC,MYOG,bHLH
2454,0,-0.29414836,-0.26135686,2.2596931,RASEF,LMC,E2F6,E2F
845,0,-0.2185933,-0.3794154,1.2262235,ECM1,LMC,IRF1,IRF
2726,1,-0.11649651,-0.25471953,1.2087544,SLC2A3,MEF,JUND,bZIP
2352,0,-0.3058912,-0.24283965,-1.8208988,PRSS16,LMC,YY1,Zf
2861,1,-0.08568381,-0.24450046,-3.8605354,ST18,MEF,MAZ,Zf
3012,1,-0.07449697,-0.25159925,-1.7694763,TMEM130,MEF,CTCF,Zf
2057,0,-0.30779734,-0.3917693,-2.073274,NUF2,LMC,ETS1,ETS
1157,1,-0.3375485,-0.1342841,-1.0529872,GATA6,MEF,TCF12,bHLH
2380,0,-0.22746871,-0.25187832,-3.6548302,PTN,LMC,E2F6,E2F
1707,0,-0.049117733,-0.13941021,-1.0357177,LRRC8E,LMC,MAX,bHLH
2179,0,0.023197008,-0.146989,1.6095622,PDLIM4,LMC,USF1,bHLH
3189,0,-0.18621291,-0.24333258,2.177758,VAT1L,LMC,YY1,Zf
560,1,-0.71579945,-0.37009746,-2.9454744,CIT,MEF,IRF3,IRF
753,1,-0.2548157,-0.22810093,1.0354224,DGKI,MEF,MAFF,bZIP
2699,0,-0.44224238,-0.29509667,-1.1324766,SLC16A3,LMC,MAFK,bZIP
2361,0,-0.32442823,-0.39942494,1.0775473,PSAP,LMC,ELK1,ETS
2864,0,-0.17150766,-0.17150766,-1.6119914,ST6GALNAC3,LMC,TEAD4,TEA
2259,0,-0.26816452,-0.121736646,-1.8200914,PLK1,LMC,TCF12,bHLH
3219,1,-0.1505293,-0.1342841,1.7909031,WFDC3,MEF,USF2,bHLH
1922,1,-0.39804247,-0.17255645,-8.728917,MYO1F,MEF,STAT1,Stat
1039,1,0.06421617,-0.24450046,1.1082104,FBXO7,MEF,CTCF,Zf
1857,1,-0.120565586,-0.1342841,-1.9905069,MN1,MEF,MAX,bHLH
3106,1,-0.25436184,-0.25436184,4.138585,TRIM54,MEF,TEAD4,TEA
385,1,-0.3610153,-0.22249272,-1.3031601,CCDC120,MEF,EGR1,Zf
671,1,0.17063665,-0.10944186,1.8051484,CSRNP3,MEF,FOXA1,Forkhead
310,1,-0.3610153,-0.22249272,-4.55177,BRINP3,MEF,EGR1,Zf
3187,0,-0.20776576,-0.20776576,-1.3416171,VASH2,LMC,EBF1,EBF
1442,1,-0.28899637,-0.29509667,3.6092079,IL17RB,MEF,MAFF,bZIP
118,1,-0.8875255,-0.25471953,-1.2159187,ALOXE3,MEF,BATF,bZIP
2715,1,-0.5980523,-0.24283965,1.1691884,SLC25A35,MEF,ZBTB33,Zf
1773,1,-0.13149443,-0.22249272,-1.0550821,MAST1,MEF,SP1,Zf
265,0,-0.22746871,-0.25187832,-1.1247369,BAG2,LMC,E2F6,E2F
566,0,-0.27228355,-0.24283965,-1.1170683,CKS2,LMC,GATA2,Zf
3186,1,-0.07449697,-0.25159925,-1.9262128,VANGL2,MEF,CTCF,Zf
2948,1,-0.36259097,-0.38195667,1.898503,TCF7,MEF,ELF1,ETS
873,0,-0.01444126,-0.17255645,2.3173335,EGR3,LMC,STAT3,Stat
1016,0,-0.17513762,-0.146989,-1.282396,FANCD2,LMC,BHLHE40,bHLH
1414,1,-0.29687634,-0.29687634,-1.5857253,IFITM1,MEF,PAX5,"Paired,Homeobox"
213,1,0.016311714,0.00623205,-1.0850065,ARSB,MEF,RFX5,HTH
1884,1,-0.3933147,-0.24283965,-1.0198689,MSRA,MEF,ZKSCAN1,Zf
2409,0,-0.04073672,-0.3917693,1.1963438,RAB11FIP1,LMC,ELK4,ETS
2573,1,-0.17150766,-0.17150766,-1.0807701,SAP25,MEF,TEAD4,TEA
1272,0,-0.45038855,-0.39942494,1.9148899,GRAP,LMC,GABPA,ETS
3226,1,0.028543921,-0.29509667,2.0191326,WNT10B,MEF,BACH1,bZIP
1007,1,-0.2790477,-0.25471953,-1.8098384,FAM78A,MEF,MAFF,bZIP
3237,1,-0.3022701,-0.29509667,-2.1627874,XDH,MEF,FOSL2,bZIP
2616,0,-0.71579945,-0.37009746,-1.1018522,SEMA6C,LMC,IRF3,IRF
1033,1,-0.38490406,-0.38490406,1.3729043,FBXO27,MEF,PAX5,"Paired,Homeobox"
863,1,-0.26737517,-0.25159925,-1.6301057,EFNA2,MEF,ZKSCAN1,Zf
596,0,-0.35453734,-0.24333258,-1.4862515,CNN2,LMC,ZKSCAN1,Zf
1696,1,-0.17150766,-0.17150766,-1.7019331,LRRC15,MEF,TEAD4,TEA
1206,0,-0.13559982,-0.10008492,-1.2241191,GLIS3,LMC,MAX,bHLH
1,1,-0.13559982,-0.10008492,1.1740319,A4GALT,MEF,MAX,bHLH
769,1,-0.121607244,-0.24333258,5.1045527,DLX3,MEF,GATA3,Zf
692,1,-0.15812221,-0.22249272,1.8813096,CTTNBP2,MEF,YY1,Zf
3192,0,0.041926194,-0.24283965,1.2728144,VAV3,LMC,GATA3,Zf
53,1,-0.12447846,-0.22249272,-5.6424417,ADAM8,MEF,GATA2,Zf
1610,0,-0.03437175,-0.039668236,2.324363,KRT8,LMC,RFX5,HTH
1336,1,-0.14724034,-0.14724034,-1.3650213,HIST1H3G,MEF,EBF1,EBF
2422,0,-0.08568381,-0.24450046,-1.516186,RAB39B,LMC,MAZ,Zf
1573,1,-0.2913164,-0.42379856,-1.7123749,KIF22,MEF,NANOG,Homeobox
1166,0,-0.41913503,-0.41913503,1.0405315,GCLM,LMC,TCF3,HMG
2498,0,-0.33296144,-0.24550179,-1.3528609,RGS9BP,LMC,MAFK,bZIP
587,1,-0.71902657,-0.24550179,-1.241753,CMKLR1,MEF,BATF,bZIP
1436,0,-0.30003953,-0.30003953,2.1005368,IL10RA,LMC,NRF1,NRF
512,0,-0.19612858,-0.146989,-2.2418776,CENPF,LMC,USF2,bHLH
1016,0,-0.121607244,-0.24333258,-1.282396,FANCD2,LMC,GATA3,Zf
2410,1,-0.0005437653,-0.1342841,2.8001359,RAB11FIP4,MEF,USF1,bHLH
553,0,-0.33280078,-0.24333258,-1.1679317,CHST2,LMC,GATA2,Zf
10,1,-0.28121933,-0.25159925,-1.2388748,ABCB4,MEF,SP1,Zf
2944,1,-0.40787458,-0.3917693,-3.8778214,TBXAS1,MEF,GABPA,ETS
1158,0,-0.3430542,-0.3430542,-1.364628,GATSL3,LMC,PAX5,"Paired,Homeobox"
1554,1,-0.056725405,-0.121736646,-1.7487916,KCNMA1,MEF,BHLHE40,bHLH
2890,0,0.07771543,-0.1980394,1.3420581,STON2,LMC,STAT3,Stat
224,1,-0.26816452,-0.121736646,3.5793529,ASCL1,MEF,TCF12,bHLH
2273,0,-0.22240412,-0.10008492,2.0984888,PLXNC1,LMC,TCF12,bHLH
1204,1,-0.35806254,-0.38195667,-2.297817,GLIPR2,MEF,ETS1,ETS
2429,1,-0.20454665,-0.20454665,-5.5450034,RAC2,MEF,TEAD4,TEA
920,1,-0.2727483,-0.2712014,2.173715,ESAM,MEF,E2F6,E2F
144,0,-0.74316007,-0.3794154,-2.079299,ANLN,LMC,IRF3,IRF
285,1,-0.20953742,-0.22249272,3.1052554,BEND7,MEF,MAZ,Zf
161,0,-0.6928834,-0.10944186,-1.0569676,APH1B,LMC,FOXM1,Forkhead
3257,0,0.011842721,-0.21953267,1.0511478,ZFPM1,LMC,FOXA1,Forkhead
500,1,-0.440717,-0.25471953,1.5245099,CDSN,MEF,MAFK,bZIP
1633,0,0.03645469,-0.22810093,2.959293,LCTL,LMC,BACH1,bZIP
1838,1,-0.3070402,-0.24450046,1.006843,MLLT3,MEF,YY1,Zf
2092,0,-0.51637894,-0.42379856,1.1467197,OSGIN1,LMC,CUX1,Homeobox
169,1,-0.10369535,-0.10008492,-4.8506866,APOE,MEF,BHLHE40,bHLH
1699,1,-0.33296144,-0.24550179,1.5158956,LRRC2,MEF,MAFK,bZIP
57,1,-0.3777494,-0.24283965,-3.2352571,ADAMTS14,MEF,EGR1,Zf
724,1,-0.065101475,-0.08148018,3.688219,DACH1,MEF,RFX5,HTH
1509,1,-0.8875255,-0.25471953,-1.4488107,JADE1,MEF,BATF,bZIP
2776,1,-0.038338926,-0.10008492,-4.6038027,SMAGP,MEF,MYOG,bHLH
1448,0,-0.2470073,-0.39005762,3.8355012,IL1B,LMC,ETS1,ETS
2815,1,-0.40787458,-0.3917693,-2.193145,SP100,MEF,GABPA,ETS
1398,1,-0.48813832,-0.3794154,1.0845106,HSPA4L,MEF,IRF4,IRF
3008,0,-0.25341198,-0.22810093,1.7911987,TMEM108,LMC,ATF3,bZIP
788,0,-0.2849582,-0.2849582,1.1742103,DNASE1L1,LMC,EBF1,EBF
2694,0,-0.21301334,-0.25187832,1.2064933,SLC16A10,LMC,E2F4,E2F
596,0,-0.22240412,-0.10008492,-1.4862515,CNN2,LMC,TCF12,bHLH
1571,1,-0.15019357,-0.27780795,-2.078099,KIF20B,MEF,MAFF,bZIP
79,1,-0.44168723,-0.24550179,2.4793303,ADORA1,MEF,FOS,bZIP
3134,1,-0.541412,-0.25159925,2.2825308,TTC21A,MEF,EGR1,Zf
517,1,-0.21361919,-0.25471953,-2.1137278,CENPN,MEF,ATF3,bZIP
2452,1,-0.1505293,-0.1342841,-4.0348587,RASAL3,MEF,USF2,bHLH
2429,1,-0.3430542,-0.3430542,-5.5450034,RAC2,MEF,PAX5,"Paired,Homeobox"
2894,0,-0.3933147,-0.24283965,-1.0866947,STX1A,LMC,ZKSCAN1,Zf
1714,1,-0.38278377,-0.42379856,1.5735432,LRRTM3,MEF,PBX3,Homeobox
1953,0,-0.34370995,-0.24333258,1.9256032,NCF2,LMC,EGR1,Zf
1957,1,-0.01444126,-0.17255645,-2.6176684,NDC80,MEF,STAT3,Stat
264,1,-0.25341198,-0.22810093,-1.1277707,B4GALT5,MEF,ATF3,bZIP
2603,1,-0.36259097,-0.38195667,1.0266249,SEC61G,MEF,ELF1,ETS
2984,1,-0.1666823,-0.13941021,-1.3954704,TIMELESS,MEF,USF2,bHLH
749,1,-0.28121933,-0.25159925,-2.568223,DEPDC1B,MEF,SP1,Zf
496,0,-0.38339126,-0.24550179,-1.4552879,CDKN3,LMC,ATF2,bZIP
494,0,0.016314197,-0.13941021,-1.1015905,CDKN1C,LMC,USF1,bHLH
2378,0,0.048078425,-0.25471953,1.532152,PTK2B,LMC,BACH1,bZIP
413,1,-0.07449697,-0.25159925,3.1736608,CCL20,MEF,CTCF,Zf
857,1,-0.22240412,-0.10008492,1.302421,EFCAB2,MEF,TCF12,bHLH
2715,1,-0.09351536,-0.24313685,1.1691884,SLC25A35,MEF,STAT3,Stat
720,0,-0.33080074,-0.22810093,1.1883768,CYSTM1,LMC,MAFK,bZIP
529,1,-0.20953742,-0.22249272,1.213452,CETN2,MEF,MAZ,Zf
1456,1,-0.0013588448,-0.24283965,2.07193,IL31RA,MEF,CTCF,Zf
2387,1,-0.30779734,-0.3917693,-4.4291387,PTPN7,MEF,ETS1,ETS
454,1,-0.71902657,-0.24550179,-5.4775605,CD68,MEF,BATF,bZIP
2574,1,0.07771543,-0.1980394,-2.472195,SAPCD2,MEF,STAT3,Stat
2328,0,-0.7695519,-0.25159925,1.683577,PRDX1,LMC,ZBTB33,Zf
764,0,-0.12554857,-0.24550179,-2.0095258,DLGAP5,LMC,JUND,bZIP
1275,1,-0.15812221,-0.22249272,-1.1356292,GRB14,MEF,YY1,Zf
2437,1,-0.18621291,-0.24333258,-1.720449,RAET1E,MEF,YY1,Zf
2841,0,-0.26692143,-0.26692143,1.7487509,SPOCK2,LMC,EBF1,EBF
3259,1,-0.0005437653,-0.1342841,-1.6842502,ZIC1,MEF,USF1,bHLH
1146,1,-0.1826178,-0.24450046,-1.5857913,GAMT,MEF,SP1,Zf
1641,0,-0.15019357,-0.27780795,-1.0036451,LEPREL2,LMC,MAFF,bZIP
2443,0,0.028543921,-0.29509667,-1.1674553,RANBP17,LMC,BACH1,bZIP
1978,0,-0.26188308,-0.27780795,1.1023682,NEURL3,LMC,FOSL2,bZIP
411,1,0.03116794,-0.22249272,-2.3904204,CCL11,MEF,CTCF,Zf
1954,1,-0.42348737,-0.17137949,-6.857463,NCF4,MEF,STAT1,Stat
1155,0,-0.11649651,-0.25471953,1.7282696,GATA4,LMC,JUND,bZIP
1019,1,-0.46846294,-0.46846294,1.5855696,FAS,MEF,TCF3,HMG
729,1,-0.20454665,-0.20454665,1.9895048,DCC,MEF,TEAD4,TEA
90,1,-0.38057798,-0.24450046,-1.6374851,AGER,MEF,GATA1,Zf
2152,1,-0.24165441,-0.29509667,-2.3267388,PCK1,MEF,JUND,bZIP
586,0,-0.07449697,-0.25159925,-1.5158565,CLYBL,LMC,CTCF,Zf
2337,0,-0.3439605,-0.3439605,1.6617084,PRKCH,LMC,NRF1,NRF
562,0,-0.0065755714,-0.1342841,-1.8413281,CKAP2,LMC,MYOG,bHLH
944,1,-0.056725405,-0.121736646,-1.0039444,EZH2,MEF,BHLHE40,bHLH
636,1,-0.39059436,-0.39059436,4.2352395,CP,MEF,HNF4A,NR
1135,0,-0.4776695,-0.22249272,2.4400945,GAL,LMC,ZKSCAN1,Zf
2191,1,0.018755239,0.02968777,-1.1248902,PFKFB3,MEF,RFX5,HTH
1620,1,-0.169331,-0.25693348,-1.2878922,LAMC1,MEF,E2F4,E2F
2886,1,-0.48813832,-0.3794154,1.354127,STK38L,MEF,IRF4,IRF
2140,0,-0.08106524,-0.08106524,-1.5070939,PCDH9,LMC,TEAD4,TEA
1573,1,-0.36259097,-0.38195667,-1.7123749,KIF22,MEF,ELF1,ETS
2152,1,-0.058015816,-0.18281521,-2.3267388,PCK1,MEF,STAT3,Stat
3219,1,-0.32442823,-0.39942494,1.7909031,WFDC3,MEF,ELK1,ETS
2001,1,-0.32700178,-0.25159925,-2.973236,NLRC4,MEF,GATA1,Zf
2281,0,-0.22240412,-0.10008492,-2.8929648,PNMA2,LMC,TCF12,bHLH
3138,1,-0.33058694,-0.3917693,1.1241281,TTLL11,MEF,ELF1,ETS
2939,1,-0.2790477,-0.25471953,2.2990468,TBX2,MEF,MAFF,bZIP
1036,1,-0.2952564,-0.2952564,1.1734325,FBXO44,MEF,HNF4A,NR
1336,1,-0.35453734,-0.24333258,-1.3650213,HIST1H3G,MEF,ZKSCAN1,Zf
2368,1,0.22652079,-0.2053601,1.612119,PTCHD1,MEF,FOXA1,Forkhead
1060,0,-0.049117733,-0.13941021,-1.0165299,FGFR2,LMC,MAX,bHLH
1264,0,-0.08974322,-0.146989,1.8109362,GPR88,LMC,MAX,bHLH
3015,1,-0.0013588448,-0.24283965,1.1457732,TMEM140,MEF,CTCF,Zf
947,0,-0.3076643,-0.4621776,1.1056063,F11R,LMC,IRF1,IRF
2914,1,-0.14989896,-0.14989896,3.8033676,SYNM,MEF,TEAD4,TEA
1534,1,0.018755239,0.02968777,1.1689314,KCNC3,MEF,RFX5,HTH
1978,1,-0.3569094,-0.25159925,-1.5159668,NEURL3,MEF,ZNF263,Zf
3146,1,-0.057535224,-0.27780795,-1.181462,TUBA1C,MEF,BACH1,bZIP
1420,1,-0.20953742,-0.22249272,-1.1545213,IGF2BP2,MEF,MAZ,Zf
2292,1,-0.3610153,-0.22249272,-1.5553532,POLQ,MEF,EGR1,Zf
1130,1,-0.25436184,-0.25436184,1.3716244,FZD9,MEF,TEAD4,TEA
227,0,0.028543921,-0.29509667,1.0275687,ASIC1,LMC,BACH1,bZIP
468,1,-0.18911669,-0.17782252,-1.3716766,CDC42EP2,MEF,FOXA2,Forkhead
1051,1,0.08411567,-0.24550179,1.4397565,FGF12,MEF,BACH1,bZIP
3112,0,-0.38339126,-0.24550179,-1.0263593,TRNP1,LMC,ATF2,bZIP
1076,1,-0.21459776,-0.24333258,-1.1527479,FLNA,MEF,MAZ,Zf
2891,0,0.028543921,-0.29509667,-1.1727897,STOX2,LMC,BACH1,bZIP
144,1,-0.23244992,-0.52757335,-2.612855,ANLN,MEF,PBX3,Homeobox
1947,0,-0.60550106,-0.24450046,-1.6890546,NCAPG,LMC,SP2,Zf
235,0,-0.18911669,-0.17782252,-1.0292096,ATG16L2,LMC,FOXA2,Forkhead
48,0,-0.46165287,-0.4067228,-1.7626135,ADAM19,LMC,CUX1,Homeobox
2292,0,-0.15764365,-0.14792581,-1.0529194,POLQ,LMC,RFX5,HTH
2191,1,-0.0061152284,-0.10008492,-1.1248902,PFKFB3,MEF,USF1,bHLH
1830,1,-0.29360482,-0.13941021,-2.685887,MILR1,MEF,TCF12,bHLH
1266,1,-0.33080074,-0.22810093,1.154727,GPRC5C,MEF,MAFK,bZIP
1834,1,-0.3076643,-0.4621776,-3.7861793,MKI67,MEF,IRF1,IRF
2260,1,-0.51637894,-0.42379856,-1.0602489,PLK3,MEF,CUX1,Homeobox
993,1,-0.38057798,-0.24450046,1.2556348,FAM213A,MEF,GATA1,Zf
1125,1,-0.29414836,-0.26135686,2.8851504,FUT9,MEF,E2F6,E2F
1569,0,0.08411567,-0.24550179,-1.7011287,KIF18B,LMC,BACH1,bZIP
716,1,-0.15812221,-0.22249272,2.1831284,CYP26B1,MEF,YY1,Zf
478,1,-0.38278377,-0.42379856,-1.505004,CDCA8,MEF,PBX3,Homeobox
1093,0,-0.39900714,-0.22249272,1.141777,FOS,LMC,GATA1,Zf
993,1,-0.3058912,-0.24283965,1.2556348,FAM213A,MEF,YY1,Zf
2762,0,-0.51308286,-0.25693348,1.142044,SLC9A3R1,LMC,E2F1,E2F
561,1,-0.8933479,-0.52757335,2.2551308,CITED4,MEF,CUX1,Homeobox
215,0,-0.38278377,-0.42379856,-1.361589,ARSJ,LMC,PBX3,Homeobox
301,0,0.028543921,-0.29509667,2.0985534,BMP7,LMC,BACH1,bZIP
1105,0,-0.25341198,-0.22810093,-1.0621411,FOXP4,LMC,ATF3,bZIP
2127,0,-0.16561359,-0.22810093,-1.0090586,PARVA,LMC,JUND,bZIP
1237,0,-0.440717,-0.25471953,-1.0928826,GPR125,LMC,MAFK,bZIP
364,1,-0.062780954,-0.24333258,1.1463557,CAPS2,MEF,SP1,Zf
2949,0,-0.35318726,-0.41931188,1.3909388,TCFL5,LMC,ELK1,ETS
176,1,-0.120565586,-0.1342841,-5.3653564,ARAP3,MEF,MAX,bHLH
1579,0,-0.65183055,-0.47267562,1.2811211,KIF3A,LMC,CUX1,Homeobox
169,1,-0.4776695,-0.22249272,-4.8506866,APOE,MEF,ZKSCAN1,Zf
906,0,-0.25007766,-0.37009746,-1.4759874,EPHA4,LMC,IRF1,IRF
2156,0,-0.34029287,-0.28884968,1.9379742,PCP4L1,LMC,E2F4,E2F
1792,1,-0.7844056,-0.2053601,-5.093406,MCOLN2,MEF,FOXM1,Forkhead
2414,0,0.041926194,-0.24283965,-1.3037294,RAB23,LMC,GATA3,Zf
917,1,-0.15812221,-0.22249272,-2.154528,ERCC6L,MEF,YY1,Zf
711,0,-0.065101475,-0.08148018,1.6064867,CYBRD1,LMC,RFX5,HTH
3015,0,-0.25436184,-0.25436184,1.3065541,TMEM140,LMC,TEAD4,TEA
861,0,-0.33639127,-0.4713425,1.2837286,EFHD2,LMC,IRF1,IRF
1833,0,-0.37601265,-0.39942494,1.3267617,MITF,LMC,ELF1,ETS
1628,0,-0.7485091,-0.20371658,-1.0319375,LBR,LMC,FOXM1,Forkhead
2755,0,-0.16941127,-0.25471953,1.0741242,SLC6A6,LMC,FOS,bZIP
2933,1,-0.19379956,-0.22810093,-1.9559231,TAGLN2,MEF,ATF2,bZIP
962,0,0.03116794,-0.22249272,-1.8918418,FAM101B,LMC,CTCF,Zf
2203,0,-0.440717,-0.25471953,-1.6145118,PHF19,LMC,MAFK,bZIP
1118,1,-0.56297857,-0.22249272,1.1508414,FSIP1,MEF,ZBTB33,Zf
1606,0,-0.29360482,-0.13941021,1.7298887,KRT18,LMC,TCF12,bHLH
1247,0,-0.049117733,-0.13941021,-1.8197378,GPR161,LMC,MAX,bHLH
3108,0,-0.20953742,-0.22249272,3.660847,TRIM63,LMC,MAZ,Zf
542,0,0.018755239,0.02968777,1.6321921,CHD7,LMC,RFX5,HTH
1082,1,-0.0061152284,-0.10008492,1.0468322,FMNL2,MEF,USF1,bHLH
1466,1,-0.15812221,-0.22249272,-6.833551,INPP5D,MEF,YY1,Zf
1655,1,-0.2790477,-0.25471953,-1.4939244,LIG1,MEF,MAFF,bZIP
2706,0,-0.24165441,-0.29509667,1.1320416,SLC1A2,LMC,JUND,bZIP
2654,1,-0.11649651,-0.25471953,-1.6354232,SH3TC1,MEF,JUND,bZIP
3241,0,-0.17513762,-0.146989,-3.2962632,XKR5,LMC,BHLHE40,bHLH
799,1,0.023197008,-0.146989,-1.4129221,DPCR1,MEF,USF1,bHLH
2065,0,-0.38278377,-0.42379856,1.5774982,NXNL2,LMC,PBX3,Homeobox
2462,1,-0.056725405,-0.121736646,-1.2738879,RASSF2,MEF,BHLHE40,bHLH
926,1,-0.45038855,-0.39942494,-1.3294209,ESYT1,MEF,GABPA,ETS
787,1,-0.20454665,-0.20454665,1.3562768,DNALI1,MEF,TEAD4,TEA
2183,0,0.67699045,-0.25159925,1.7162262,PDZK1IP1,LMC,PRDM1,Zf
679,1,-0.40787458,-0.3917693,-1.4067318,CTHRC1,MEF,GABPA,ETS
2847,0,-0.33639127,-0.4713425,1.6670033,SPRY4,LMC,IRF1,IRF
2077,1,-0.15054174,-0.24450046,-1.4768857,OIP5,MEF,GATA3,Zf
1605,1,-0.3773888,-0.18281521,-3.4007242,KNTC1,MEF,STAT1,Stat
2646,0,-0.64209527,-0.1980394,2.1527162,SH2D5,LMC,STAT1,Stat
769,1,-0.3070402,-0.24450046,5.1045527,DLX3,MEF,YY1,Zf
2466,1,-0.08974322,-0.146989,1.3233889,RB1,MEF,MAX,bHLH
2491,0,-0.3375485,-0.1342841,1.1979079,RGS10,LMC,TCF12,bHLH
2077,1,0.22652079,-0.2053601,-1.4768857,OIP5,MEF,FOXA1,Forkhead
2317,1,-0.35390377,-0.22810093,-1.3451492,PPP1R3E,MEF,ATF1,bZIP
2148,0,-0.38059002,-0.38059002,-1.0057567,PCDHGC3,LMC,PAX5,"Paired,Homeobox"
321,1,-0.04073672,-0.3917693,-2.3385303,BUB1B,MEF,ELK4,ETS
777,0,-0.2064243,-0.25159925,-1.7678535,DNAH11,LMC,YY1,Zf
3147,1,-0.34099022,-0.38195667,-2.5250468,TUBB2B,MEF,ELK1,ETS
2194,1,-0.45038855,-0.39942494,1.4172895,PFN4,MEF,GABPA,ETS
478,1,-0.3705123,-0.25471953,-1.505004,CDCA8,MEF,FOSL2,bZIP
2293,0,-0.11649651,-0.25471953,-2.7335875,POM121L2,LMC,JUND,bZIP
1207,1,-0.20916343,-0.20916343,2.7637024,GLRB,MEF,NRF1,NRF
818,1,-0.2849582,-0.2849582,-2.164502,DTL,MEF,EBF1,EBF
2950,0,-0.25007766,-0.37009746,1.1511981,TCIRG1,LMC,IRF1,IRF
2468,0,-0.192465,-0.27780795,1.1551113,RBKS,LMC,ATF3,bZIP
2324,1,-0.27228355,-0.24283965,-1.0814621,PRCP,MEF,GATA2,Zf
2692,0,-0.7485091,-0.20371658,2.0074983,SLC15A3,LMC,FOXM1,Forkhead
147,0,-0.43756613,-0.41931188,2.015515,ANPEP,LMC,ETS1,ETS
3235,0,-0.21437913,-0.2712014,1.6618998,WT1,LMC,E2F4,E2F
1434,1,-0.25436184,-0.25436184,1.1634847,IKZF4,MEF,TEAD4,TEA
1263,1,-0.009364229,-0.17137949,-1.3334298,GPR84,MEF,STAT3,Stat
688,1,-0.2727483,-0.2712014,1.5035883,CTSH,MEF,E2F6,E2F
1320,0,-0.2064243,-0.25159925,1.9458708,HCST,LMC,YY1,Zf
2883,0,0.018755239,0.02968777,-1.2002188,STK32A,LMC,RFX5,HTH
2732,1,-0.3070402,-0.24450046,1.3066294,SLC33A1,MEF,YY1,Zf
921,1,-0.25007766,-0.37009746,-2.3991766,ESCO2,MEF,IRF1,IRF
2991,0,-0.37776268,-0.37776268,-1.3919637,TLCD1,LMC,TCF3,HMG
3260,1,-0.21342848,-0.28884968,-1.2943637,ZIC4,MEF,E2F6,E2F
2901,1,-0.34278938,-0.41931188,-5.1530013,SUSD3,MEF,ELF1,ETS
78,0,-0.21869276,-0.39005762,-1.8453362,ADM,LMC,ELK4,ETS
512,0,-0.21459776,-0.24333258,-2.2418776,CENPF,LMC,MAZ,Zf
2275,0,-0.63670325,-0.21953267,1.0600202,PM20D2,LMC,FOXM1,Forkhead
2970,0,-0.13559982,-0.10008492,-1.5857894,TGFB2,LMC,MAX,bHLH
786,1,0.17063665,-0.10944186,3.1105778,DNAJC6,MEF,FOXA1,Forkhead
3159,1,-0.4649995,-0.41931188,-1.1776502,UBASH3B,MEF,GABPA,ETS
1972,0,-0.65183055,-0.47267562,-1.1155492,NEK8,LMC,CUX1,Homeobox
1665,1,-0.056725405,-0.121736646,-1.0906605,LIPA,MEF,BHLHE40,bHLH
1611,1,-0.15764365,-0.14792581,2.3295457,KRT80,MEF,RFX5,HTH
1756,0,-0.440717,-0.25471953,-2.3720164,MAOB,LMC,MAFK,bZIP
1790,1,-0.17425032,-0.41931188,-2.2559693,MCM5,MEF,ELK4,ETS
451,0,0.03116794,-0.22249272,2.0789714,CD53,LMC,CTCF,Zf
43,1,-0.37601265,-0.39942494,-1.1028354,ACY1,MEF,ELF1,ETS
1472,1,-0.66942716,-0.22810093,-1.5299138,IQGAP2,MEF,BATF,bZIP
1240,1,-0.46846294,-0.46846294,1.5431579,GPR137C,MEF,TCF3,HMG
1257,0,0.011842721,-0.21953267,1.0783671,GPR39,LMC,FOXA1,Forkhead
234,1,-0.19239004,-0.26135686,-2.7479153,ATF7IP2,MEF,E2F4,E2F
1124,1,0.22652079,-0.2053601,1.2403598,FUNDC1,MEF,FOXA1,Forkhead
2836,0,-0.14724034,-0.14724034,2.8364255,SPINT1,LMC,EBF1,EBF
1347,1,-0.33080074,-0.22810093,-2.2474232,HMMR,MEF,MAFK,bZIP
2895,0,-0.03437175,-0.039668236,1.2344522,STXBP5,LMC,RFX5,HTH
2699,0,-0.43345997,-0.22249272,-1.1324766,SLC16A3,LMC,ZNF263,Zf
2695,1,-0.22240412,-0.10008492,-2.9925153,SLC16A11,MEF,TCF12,bHLH
148,0,-0.43345997,-0.22249272,-1.1924417,ANTXR1,LMC,ZNF263,Zf
145,1,-0.42519194,-0.24333258,3.29391,ANO1,MEF,GATA1,Zf
1095,0,-0.20308916,-0.4653868,-1.7231222,FOXC1,LMC,IRF1,IRF
163,0,0.03645469,-0.22810093,1.7885092,APLP1,LMC,BACH1,bZIP
1251,0,-0.65735245,-0.17782252,1.769576,GPR183,LMC,FOXM1,Forkhead
102,1,-0.46016192,-0.24450046,1.2664098,AK9,MEF,EGR1,Zf
2660,1,-0.36550322,-0.47267562,-2.911555,SHCBP1,MEF,PBX3,Homeobox
1017,1,-0.13559982,-0.10008492,-1.9749366,FANCI,MEF,MAX,bHLH
275,1,-0.46846294,-0.46846294,2.004895,BCAR3,MEF,TCF3,HMG
1914,1,-0.2727483,-0.2712014,-2.1130252,MYLK,MEF,E2F6,E2F
591,1,-0.44224238,-0.29509667,-1.332691,CNDP2,MEF,MAFK,bZIP
2467,0,-0.4649995,-0.41931188,-1.9548993,RBFOX1,LMC,GABPA,ETS
98,0,-0.17407607,-0.121736646,2.643858,AIF1,LMC,MAX,bHLH
2875,1,-0.20953742,-0.22249272,-2.018522,STARD8,MEF,MAZ,Zf
703,1,-0.30776003,-0.24450046,-1.3933158,CXCR4,MEF,ZNF263,Zf
876,1,-0.21342848,-0.28884968,1.6435285,ELAVL2,MEF,E2F6,E2F
3261,1,0.016311714,0.00623205,1.0759444,ZKSCAN4,MEF,RFX5,HTH
118,1,-0.5315311,-0.5315311,-1.2159187,ALOXE3,MEF,PAX5,"Paired,Homeobox"
2126,0,-0.65735245,-0.17782252,-1.9749895,PARPBP,LMC,FOXM1,Forkhead
2401,1,0.03645469,-0.22810093,-1.6021868,PXDN,MEF,BACH1,bZIP
3134,1,-0.28121933,-0.25159925,2.2825308,TTC21A,MEF,SP1,Zf
1228,1,-0.40787458,-0.3917693,2.1909225,GPC5,MEF,GABPA,ETS
142,1,-0.19612858,-0.146989,-1.0540168,ANKRD37,MEF,USF2,bHLH
869,0,-0.058015816,-0.18281521,-1.1764196,EGFR,LMC,STAT3,Stat
1992,1,-0.21459776,-0.24333258,1.4492387,NIPAL2,MEF,MAZ,Zf
1930,1,-0.09351536,-0.24313685,2.3819218,MYOT,MEF,STAT3,Stat
2051,1,0.06421617,-0.24450046,3.2610376,NTRK2,MEF,CTCF,Zf
994,1,-0.15812221,-0.22249272,1.0227886,FAM222A,MEF,YY1,Zf
272,1,-0.07449697,-0.25159925,-1.0692208,BAZ1A,MEF,CTCF,Zf
2441,1,-0.17407607,-0.121736646,1.6146586,RAMP1,MEF,MAX,bHLH
95,1,-0.3058912,-0.24283965,1.0903165,AHI1,MEF,YY1,Zf
317,1,-0.51637894,-0.42379856,-6.688671,BTK,MEF,CUX1,Homeobox
1904,1,-0.062780954,-0.24333258,-1.3234528,MYCL,MEF,SP1,Zf
993,1,-0.011590093,-0.22249272,1.2556348,FAM213A,MEF,GATA3,Zf
1218,0,-0.34370995,-0.24333258,-1.4079136,GNG8,LMC,EGR1,Zf
2881,0,-0.2678836,-0.24283965,-1.2551341,STIL,LMC,SP1,Zf
2276,1,0.048078425,-0.25471953,1.0654397,PMAIP1,MEF,BACH1,bZIP
2319,0,-0.38071528,-0.24283965,1.4068983,PPP1R9A,LMC,ZNF263,Zf
542,0,-0.3341544,-0.39005762,1.6321921,CHD7,LMC,ELF1,ETS
2083,1,-0.36049217,-0.22810093,-1.0553589,OLFML3,MEF,FOS,bZIP
3050,0,-0.18621291,-0.24333258,-2.8433716,TMTC1,LMC,YY1,Zf
1966,0,-0.3341544,-0.39005762,2.2173338,NEBL,LMC,ELF1,ETS
1137,0,-0.07449697,-0.25159925,-1.3150342,GAL3ST4,LMC,CTCF,Zf
3260,1,-0.1826178,-0.24450046,-1.2943637,ZIC4,MEF,SP1,Zf
2995,0,-0.42348737,-0.17137949,2.1344848,TLR1,LMC,STAT1,Stat
2900,0,-0.14989896,-0.14989896,1.758066,SUSD1,LMC,TEAD4,TEA
3248,0,-0.3058912,-0.24283965,1.9725045,ZBTB8B,LMC,YY1,Zf
43,1,-0.7844056,-0.2053601,-1.1028354,ACY1,MEF,FOXM1,Forkhead
1070,1,-0.3705123,-0.25471953,-1.9571518,FIGNL1,MEF,FOSL2,bZIP
720,1,-0.41320115,-0.25471953,1.4721106,CYSTM1,MEF,ATF1,bZIP
465,0,-0.39205822,-0.27780795,-2.1160264,CDC20,LMC,MAFK,bZIP
842,0,-0.16561359,-0.22810093,-1.2208529,EBF4,LMC,JUND,bZIP
2591,1,-0.35806254,-0.38195667,-1.7827389,SCN9A,MEF,ETS1,ETS
1170,0,-0.120565586,-0.1342841,1.4905773,GDA,LMC,MAX,bHLH
1669,1,-0.0017048104,-0.121736646,-2.0333745,LMNB1,MEF,MYOG,bHLH
1631,1,-0.2064243,-0.25159925,-4.8486533,LCP1,MEF,YY1,Zf
276,1,-0.17150766,-0.17150766,-1.0301375,BCAT1,MEF,TEAD4,TEA
2771,1,-0.17407607,-0.121736646,3.254584,SLITRK3,MEF,MAX,bHLH
3101,0,-0.08974322,-0.146989,-1.461446,TRHDE,LMC,MAX,bHLH
1216,1,-0.120565586,-0.1342841,-2.017692,GNG2,MEF,MAX,bHLH
1908,0,0.018755239,0.02968777,2.0809429,MYH14,LMC,RFX5,HTH
2514,0,-0.71579945,-0.37009746,1.3600262,RNASEL,LMC,IRF3,IRF
2310,0,-0.43345997,-0.22249272,1.0633235,PPM1E,LMC,ZNF263,Zf
562,0,-0.20953742,-0.22249272,-1.8413281,CKAP2,LMC,MAZ,Zf
1572,1,-0.51308286,-0.25693348,1.4070278,KIF21A,MEF,E2F1,E2F
299,1,0.17063665,-0.10944186,4.1480656,BMP4,MEF,FOXA1,Forkhead
1719,1,-0.3869897,-0.39942494,-4.1979575,LST1,MEF,ETS1,ETS
308,1,-0.46846294,-0.46846294,1.4442719,BPGM,MEF,TCF3,HMG
1478,0,-0.049117733,-0.13941021,2.1776562,IRF8,LMC,MAX,bHLH
933,0,-0.2300118,-0.25159925,2.0386486,EVI2A,LMC,MAZ,Zf
1041,1,-0.24165441,-0.29509667,-7.637874,FCGR2B,MEF,JUND,bZIP
2484,1,-0.20308916,-0.4653868,-1.6172776,REPS2,MEF,IRF1,IRF
803,1,0.22652079,-0.2053601,1.2223613,DPM1,MEF,FOXA1,Forkhead
1857,0,-0.16561359,-0.22810093,-1.5685387,MN1,LMC,JUND,bZIP
1011,1,-0.24165441,-0.29509667,-1.3060033,FAM83D,MEF,JUND,bZIP
1147,1,-0.169331,-0.25693348,-1.067214,GAPDH,MEF,E2F4,E2F
3015,1,-0.18911669,-0.17782252,1.1457732,TMEM140,MEF,FOXA2,Forkhead
794,0,-0.4649995,-0.41931188,1.9015518,DOCK2,LMC,GABPA,ETS
656,1,-0.2952564,-0.2952564,1.2539586,CRLF1,MEF,HNF4A,NR
1331,1,-0.058015816,-0.18281521,-1.085399,HHIPL1,MEF,STAT3,Stat
1616,0,-0.39205822,-0.27780795,-2.477163,LAMA2,LMC,MAFK,bZIP
1964,1,-0.46846294,-0.46846294,-1.1248791,NDUFA4L2,MEF,TCF3,HMG
1931,1,-0.174635,-0.24550179,2.4840152,MYOZ2,MEF,FOSL2,bZIP
1409,1,-0.01444126,-0.17255645,2.102563,ICOS,MEF,STAT3,Stat
1726,0,-0.39804247,-0.17255645,-2.252108,LY6E,LMC,STAT1,Stat
2900,0,-0.08106524,-0.08106524,1.758066,SUSD1,LMC,TEAD4,TEA
2416,0,-0.065101475,-0.08148018,-2.3170738,RAB27A,LMC,RFX5,HTH
3081,1,0.06421617,-0.24450046,-1.4911098,TOX3,MEF,CTCF,Zf
2552,1,-0.16561359,-0.22810093,-3.7158017,RTN4RL1,MEF,JUND,bZIP
861,1,-0.36259097,-0.38195667,-1.6204906,EFHD2,MEF,ELF1,ETS
24,1,-0.15812221,-0.22249272,2.1553288,ACE,MEF,YY1,Zf
256,1,-0.21361919,-0.25471953,-3.7848723,B3GNT3,MEF,ATF3,bZIP
1804,1,-0.1607576,-0.24283965,1.6576555,MEGF9,MEF,MAZ,Zf
2203,1,-0.4467859,-0.3917693,-2.3934686,PHF19,MEF,ELK1,ETS
3005,1,0.028543921,-0.29509667,-1.009715,TMC7,MEF,BACH1,bZIP
514,1,-0.39900714,-0.22249272,-2.238638,CENPI,MEF,GATA1,Zf
407,1,0.041926194,-0.24283965,1.0351427,CCDC90B,MEF,GATA3,Zf
1338,0,-0.14724034,-0.14724034,1.3770303,HIVEP3,LMC,EBF1,EBF
625,1,-0.08106524,-0.08106524,1.2030634,COL9A3,MEF,TEAD4,TEA
1848,1,-0.25436184,-0.25436184,1.589201,MMP15,MEF,TEAD4,TEA
932,1,-0.0061152284,-0.10008492,1.3056546,EVA1C,MEF,USF1,bHLH
18,0,0.8549915,-0.22249272,1.6090713,ABLIM3,LMC,PRDM1,Zf
265,0,-0.3777494,-0.24283965,-1.1247369,BAG2,LMC,EGR1,Zf
372,0,-0.30779734,-0.3917693,1.4587322,CASZ1,LMC,ETS1,ETS
1226,1,-0.25436184,-0.25436184,-1.02046,GPC2,MEF,TEAD4,TEA
1252,0,-0.45038855,-0.39942494,-2.1106544,GPR20,LMC,GABPA,ETS
1016,0,-0.14724034,-0.14724034,-1.282396,FANCD2,LMC,EBF1,EBF
2770,1,-0.009410201,-0.10008492,-1.5704622,SLIT3,MEF,USF2,bHLH
444,0,-0.08568381,-0.24450046,1.7136533,CD300LF,LMC,MAZ,Zf
1966,1,-0.16941127,-0.25471953,2.5947185,NEBL,MEF,FOS,bZIP
539,0,-0.63670325,-0.21953267,2.4118607,CHCHD10,LMC,FOXM1,Forkhead
720,0,-0.12554857,-0.24550179,1.1883768,CYSTM1,LMC,JUND,bZIP
555,1,-0.062780954,-0.24333258,1.8076999,CHST7,MEF,SP1,Zf
2528,0,-0.13149443,-0.22249272,1.9393216,ROBO4,LMC,SP1,Zf
2280,0,-0.2300118,-0.25159925,-1.5649085,PNCK,LMC,MAZ,Zf
191,1,-0.7485091,-0.20371658,-6.695696,ARHGAP9,MEF,FOXM1,Forkhead
1340,0,-0.28616667,-0.25693348,-1.6869295,HLF,LMC,E2F6,E2F
1433,1,-0.20953742,-0.22249272,-5.3167334,IKZF1,MEF,MAZ,Zf
582,0,-0.28121933,-0.25159925,1.3879285,CLN3,LMC,SP1,Zf
1986,1,-0.1505293,-0.1342841,5.1794167,NGFR,MEF,USF2,bHLH
658,1,-0.08974322,-0.146989,1.7045457,CRNDE,MEF,MAX,bHLH
2311,0,-0.29979625,-0.24283965,2.419608,PPM1N,LMC,GATA1,Zf
2281,0,0.041926194,-0.24283965,-2.8929648,PNMA2,LMC,GATA3,Zf
2636,1,-0.22746871,-0.25187832,1.3749961,SGCD,MEF,E2F6,E2F
2172,1,0.06421617,-0.24450046,-1.412792,PDGFB,MEF,CTCF,Zf
2614,0,0.041926194,-0.24283965,-1.884214,SEMA4G,LMC,GATA3,Zf
2025,0,-0.37776268,-0.37776268,2.536726,NPR1,LMC,TCF3,HMG
1131,1,-0.25436184,-0.25436184,2.6081898,GABRA1,MEF,TEAD4,TEA
1023,0,-0.21342848,-0.28884968,-2.497806,FBLN1,LMC,E2F6,E2F
571,1,-0.25341198,-0.22810093,1.4271123,CLEC11A,MEF,ATF3,bZIP
1758,0,-0.13149443,-0.22249272,-2.5701847,MAP2,LMC,SP1,Zf
2896,1,-0.3474289,-0.29509667,1.5907596,STXBP6,MEF,ATF1,bZIP
835,1,-0.21301334,-0.25187832,-1.7441338,E2F7,MEF,E2F4,E2F
1792,0,-0.40533945,-0.39005762,1.9537151,MCOLN2,LMC,GABPA,ETS
2340,1,-0.76012087,-0.50137913,-2.842444,PROKR1,MEF,CUX1,Homeobox
1228,1,-0.34304273,-0.52757335,2.1909225,GPC5,MEF,NANOG,Homeobox
703,1,-0.21301334,-0.25187832,-1.3933158,CXCR4,MEF,E2F4,E2F
1485,1,-0.45038855,-0.39942494,1.4915516,ISM1,MEF,GABPA,ETS
445,1,-0.21459776,-0.24333258,-3.5008187,CD33,MEF,MAZ,Zf
2686,1,-0.1826178,-0.24450046,1.0133885,SLC12A2,MEF,SP1,Zf
3195,1,-0.1607576,-0.24283965,-1.7373035,VDR,MEF,MAZ,Zf
1748,1,-0.07449697,-0.25159925,1.6248564,MALL,MEF,CTCF,Zf
684,1,-0.21918109,-0.21918109,-1.4739813,CTSC,MEF,TCF3,HMG
283,1,-0.057535224,-0.27780795,-1.572959,BEND4,MEF,BACH1,bZIP
2763,0,-0.18621291,-0.24333258,-1.3758038,SLC9A5,LMC,YY1,Zf
2291,0,-0.2913164,-0.42379856,-1.2387993,POLE2,LMC,NANOG,Homeobox
2428,1,-0.2997486,-0.24333258,2.2078009,RAB9B,MEF,ZNF263,Zf
275,0,-0.29360482,-0.13941021,2.0854268,BCAR3,LMC,TCF12,bHLH
16,1,0.03116794,-0.22249272,-2.0503016,ABHD15,MEF,CTCF,Zf
1579,0,-0.21918109,-0.21918109,1.2811211,KIF3A,LMC,TCF3,HMG
2961,0,-0.1826178,-0.24450046,-2.2686262,TEX26,LMC,SP1,Zf
2044,1,-0.40787458,-0.3917693,-2.1537676,NSG1,MEF,GABPA,ETS
427,1,0.028543921,-0.29509667,1.174304,CCPG1,MEF,BACH1,bZIP
1913,0,-0.4649995,-0.41931188,1.1268022,MYLIP,LMC,GABPA,ETS
2914,1,-0.4649995,-0.41931188,3.8033676,SYNM,MEF,GABPA,ETS
2757,0,-0.1124492,-0.24333258,1.8377153,SLC7A8,LMC,CTCF,Zf
2769,1,-0.30779734,-0.3917693,-3.3206353,SLFN5,MEF,ETS1,ETS
3168,1,-0.46165287,-0.4067228,-3.5868664,ULBP1,MEF,CUX1,Homeobox
1466,0,-0.3777494,-0.24283965,2.282222,INPP5D,LMC,EGR1,Zf
2352,0,-0.13559982,-0.10008492,-1.8208988,PRSS16,LMC,MAX,bHLH
1378,0,-0.29360482,-0.13941021,2.7756917,HOXD3,LMC,TCF12,bHLH
2047,0,-0.2300118,-0.25159925,-1.497863,NT5DC2,LMC,MAZ,Zf
1902,1,0.13713937,-0.20371658,-1.6592023,MYBL2,MEF,FOXA1,Forkhead
52,0,-0.39205822,-0.27780795,-1.8463594,ADAM5,LMC,MAFK,bZIP
2058,0,-0.1124492,-0.24333258,1.252312,NUP210,LMC,CTCF,Zf
2571,0,-0.64209527,-0.1980394,2.2119925,SAMSN1,LMC,STAT1,Stat
2645,0,-0.37698567,-0.4067228,1.9081333,SH2D4B,LMC,PBX3,Homeobox
1410,0,-0.07763662,-0.20371658,-2.0136096,ID4,LMC,FOXA2,Forkhead
1834,1,0.06421617,-0.24450046,-3.7861793,MKI67,MEF,CTCF,Zf
2231,0,-0.2678836,-0.24283965,-1.2558968,PLA2R1,LMC,SP1,Zf
151,0,-0.16561359,-0.22810093,-1.2578008,ANXA6,LMC,JUND,bZIP
337,0,-0.34278938,-0.41931188,-1.4465009,CABP1,LMC,ELF1,ETS
2793,1,-0.1689725,-0.13941021,1.5012249,SNHG12,MEF,BHLHE40,bHLH
1236,0,-0.2727483,-0.2712014,-1.5351888,GPR124,LMC,E2F6,E2F
1119,1,-0.00943349,-0.121736646,-1.7919841,FST,MEF,USF1,bHLH
2462,1,-0.39804247,-0.17255645,-1.2738879,RASSF2,MEF,STAT1,Stat
278,0,-0.21907748,-0.27780795,-2.4906874,BCL11A,LMC,JUND,bZIP
2770,1,-0.44168723,-0.24550179,-1.5704622,SLIT3,MEF,FOS,bZIP
548,0,-0.38490406,-0.38490406,1.6800578,CHRNA1,LMC,PAX5,"Paired,Homeobox"
689,1,-0.3341544,-0.39005762,1.1793175,CTSL,MEF,ELF1,ETS
1848,1,-0.33296144,-0.24550179,1.589201,MMP15,MEF,MAFK,bZIP
2027,0,-0.049117733,-0.13941021,1.5599903,NPTX1,LMC,MAX,bHLH
878,1,-0.27228355,-0.24283965,1.8530328,ELFN1,MEF,GATA2,Zf
2101,1,-0.6928834,-0.10944186,1.980347,P2RY10,MEF,FOXM1,Forkhead
2911,1,-0.049117733,-0.13941021,-2.18065,SYNE2,MEF,MAX,bHLH
2502,0,-0.3070402,-0.24450046,-1.5356117,RHOF,LMC,YY1,Zf
2077,1,-0.4733331,-0.39005762,-1.4768857,OIP5,MEF,ELK1,ETS
448,1,-0.96395135,-0.24333258,-7.077686,CD37,MEF,BCL11A,Zf
1111,0,-0.46846294,-0.46846294,-1.702313,FRMD5,LMC,TCF3,HMG
614,1,-0.33280078,-0.24333258,2.8053124,COL22A1,MEF,GATA2,Zf
136,0,-0.15054174,-0.24450046,-1.5956872,ANK3,LMC,GATA3,Zf
1322,1,-0.01444126,-0.17255645,1.4396416,HDGFRP3,MEF,STAT3,Stat
2432,1,-0.21361919,-0.25471953,-1.5926751,RAD51AP1,MEF,ATF3,bZIP
419,1,-0.30776003,-0.24450046,-1.012127,CCM2,MEF,ZNF263,Zf
1135,0,-0.440717,-0.25471953,2.4400945,GAL,LMC,MAFK,bZIP
1864,1,-0.3439605,-0.3439605,-1.1097659,MOV10,MEF,NRF1,NRF
2158,1,-0.21907748,-0.27780795,-1.375321,PCSK5,MEF,JUND,bZIP
3082,0,0.027763726,-0.25159925,-1.8846053,TPBG,LMC,GATA3,Zf
818,0,-0.9526392,-0.4653868,-1.4172463,DTL,LMC,IRF3,IRF
382,1,-0.20776576,-0.20776576,1.5888566,CCDC113,MEF,EBF1,EBF
274,0,-0.5313326,-0.24450046,-1.2727956,BCAN,LMC,ZKSCAN1,Zf
894,0,-0.20953742,-0.22249272,-1.8879693,ENG,LMC,MAZ,Zf
2337,1,-0.1505293,-0.1342841,-3.3681915,PRKCH,MEF,USF2,bHLH
2010,1,-0.5313326,-0.24450046,-1.2062373,NNMT,MEF,ZKSCAN1,Zf
2699,0,-0.14976743,-0.22810093,-1.1324766,SLC16A3,LMC,FOSL2,bZIP
2165,1,-0.38071528,-0.24283965,1.3578607,PDE1C,MEF,ZNF263,Zf
1495,0,-0.32442823,-0.39942494,2.7970064,ITGAL,LMC,ELK1,ETS
1577,1,-0.17150766,-0.17150766,-1.2923205,KIF27,MEF,TEAD4,TEA
1474,1,-0.19612858,-0.146989,1.5855246,IQUB,MEF,USF2,bHLH
2270,0,-0.3341544,-0.39005762,1.4930576,PLXDC1,LMC,ELF1,ETS
1451,0,-0.8933479,-0.52757335,-3.1114745,IL1RL1,LMC,CUX1,Homeobox
392,1,-0.22028713,-0.38195667,-1.855374,CCDC18,MEF,ELK4,ETS
2258,1,-0.121607244,-0.24333258,1.1191164,PLIN5,MEF,GATA3,Zf
94,0,-0.21459776,-0.24333258,1.1446893,AHCYL2,LMC,MAZ,Zf
2677,0,0.06421617,-0.24450046,-1.2792745,SKA3,LMC,CTCF,Zf
2601,1,-0.28899637,-0.29509667,1.0084376,SEC14L5,MEF,MAFF,bZIP
3149,1,-0.3341544,-0.39005762,-1.5823541,TUBB4A,MEF,ELF1,ETS
2208,1,-0.14989896,-0.14989896,-2.939009,PIEZO2,MEF,TEAD4,TEA
1970,0,-0.1124492,-0.24333258,-1.5624936,NEK2,LMC,CTCF,Zf
1559,0,-0.38059002,-0.38059002,-1.662673,KCTD15,LMC,PAX5,"Paired,Homeobox"
2450,0,-0.46016192,-0.24450046,-1.0523133,RARG,LMC,EGR1,Zf
1976,1,-0.2808588,-0.24283965,1.2830062,NET1,MEF,ZEB1,Zf
1900,0,-0.3773888,-0.18281521,-2.8135483,MXD3,LMC,STAT1,Stat
2432,1,0.016311714,0.00623205,-1.5926751,RAD51AP1,MEF,RFX5,HTH
1386,0,0.03116794,-0.22249272,2.0362077,HPGDS,LMC,CTCF,Zf
3143,1,-0.51637894,-0.42379856,-1.0571077,TTYH2,MEF,CUX1,Homeobox
403,1,-0.48430756,-0.24313685,1.625412,CCDC80,MEF,STAT1,Stat
2781,1,-0.25436184,-0.25436184,-3.9182653,SMOC2,MEF,TEAD4,TEA
120,0,-0.17513762,-0.146989,1.703512,ALPK3,LMC,BHLHE40,bHLH
924,1,-0.057535224,-0.27780795,1.5121096,ESR2,MEF,BACH1,bZIP
2290,0,-0.20454665,-0.20454665,-1.5923315,POLE,LMC,TEAD4,TEA
491,0,-0.21342848,-0.28884968,-1.1883136,CDK5R1,LMC,E2F6,E2F
472,1,-0.29687634,-0.29687634,-1.1619854,CDC7,MEF,PAX5,"Paired,Homeobox"
3265,1,-0.41913503,-0.41913503,-1.2940427,ZRANB3,MEF,TCF3,HMG
246,0,-0.22746871,-0.25187832,1.1833032,ATP6V1B2,LMC,E2F6,E2F
2614,0,-0.07763662,-0.20371658,-1.884214,SEMA4G,LMC,FOXA2,Forkhead
790,0,-0.65183055,-0.47267562,1.4997923,DNM1,LMC,CUX1,Homeobox
2208,1,-0.1666823,-0.13941021,-2.939009,PIEZO2,MEF,USF2,bHLH
156,1,-0.21361919,-0.25471953,1.0755199,AP3M2,MEF,ATF3,bZIP
2725,0,-0.21301334,-0.25187832,1.1413072,SLC2A13,LMC,E2F4,E2F
2767,0,-0.14989896,-0.14989896,-1.8096188,SLCO3A1,LMC,TEAD4,TEA
2161,0,-0.18911669,-0.17782252,-1.1138012,PCYT1B,LMC,FOXA2,Forkhead
1626,1,-0.8875255,-0.25471953,-1.2072183,LASP1,MEF,BATF,bZIP
2071,0,-0.20916343,-0.20916343,2.2531579,OAS3,LMC,NRF1,NRF
3,0,-0.44168723,-0.24550179,-1.1041158,AASS,LMC,FOS,bZIP
2177,0,-0.3773888,-0.18281521,-1.0390031,PDIA5,LMC,STAT1,Stat
2638,0,-0.39900714,-0.22249272,1.3570801,SGK3,LMC,GATA1,Zf
2458,0,-0.2678836,-0.24283965,-1.8068208,RASGRP1,LMC,SP1,Zf
2895,0,-0.9526392,-0.4653868,1.2344522,STXBP5,LMC,IRF3,IRF
1246,0,-0.39059436,-0.39059436,1.710225,GPR160,LMC,HNF4A,NR
1142,0,-0.16561359,-0.22810093,-2.5723739,GALNT18,LMC,JUND,bZIP
1791,1,-0.29687634,-0.29687634,-1.8528816,MCM6,MEF,PAX5,"Paired,Homeobox"
253,1,-0.40533945,-0.39005762,-1.4933237,AXDND1,MEF,GABPA,ETS
1065,1,-0.056725405,-0.121736646,-1.5797769,FHL2,MEF,BHLHE40,bHLH
2325,1,-0.011590093,-0.22249272,-1.045483,PRDM1,MEF,GATA3,Zf
1012,1,-0.41913503,-0.41913503,1.7869244,FAM83G,MEF,TCF3,HMG
1566,1,-0.12554857,-0.24550179,-2.457014,KIF11,MEF,JUND,bZIP
1654,1,-0.29360482,-0.13941021,1.719391,LIF,MEF,TCF12,bHLH
2339,1,-0.28121933,-0.25159925,1.182829,PROCR,MEF,SP1,Zf
1809,1,-0.3474289,-0.29509667,-1.1236551,MESDC1,MEF,ATF1,bZIP
1287,1,-0.17150766,-0.17150766,1.5898728,GRIN3A,MEF,TEAD4,TEA
1751,0,-0.56344664,-0.2712014,1.2574582,MAN1C1,LMC,E2F1,E2F
422,1,-0.29360482,-0.13941021,-3.7557342,CCNB2,MEF,TCF12,bHLH
2047,1,-0.60550106,-0.24450046,-3.1861043,NT5DC2,MEF,SP2,Zf
860,1,-0.8933479,-0.52757335,2.1151733,EFHD1,MEF,CUX1,Homeobox
1016,0,-0.36645967,-0.22249272,-1.282396,FANCD2,LMC,ZEB1,Zf
57,1,0.041926194,-0.24283965,-3.2352571,ADAMTS14,MEF,GATA3,Zf
2735,0,-0.15812221,-0.22249272,2.2267754,SLC35F3,LMC,YY1,Zf
288,0,-0.2300118,-0.25159925,2.0077057,BEX2,LMC,MAZ,Zf
870,1,-0.07949572,-0.21953267,-1.2089994,EGLN3,MEF,FOXA2,Forkhead
2418,0,-0.32700178,-0.25159925,-1.0006384,RAB30,LMC,GATA1,Zf
2777,0,-0.38059002,-0.38059002,1.3346709,SMARCA2,LMC,PAX5,"Paired,Homeobox"
454,1,-0.1607576,-0.24283965,-5.4775605,CD68,MEF,MAZ,Zf
2684,1,-0.440717,-0.25471953,-5.2536,SLC11A1,MEF,MAFK,bZIP
95,1,-0.64209527,-0.1980394,1.0903165,AHI1,MEF,STAT1,Stat
1970,0,-0.9526392,-0.4653868,-1.5624936,NEK2,LMC,IRF3,IRF
525,0,-0.2859068,-0.146989,-1.5079637,CEP55,LMC,TCF12,bHLH
15,0,-0.065101475,-0.08148018,1.1249897,ABHD12,LMC,RFX5,HTH
1012,1,-0.5856867,-0.25187832,1.7869244,FAM83G,MEF,E2F1,E2F
1920,0,-0.45038855,-0.39942494,-1.5159758,MYO1B,LMC,GABPA,ETS
1729,0,-0.062780954,-0.24333258,2.2347643,LY9,LMC,SP1,Zf
2488,1,-0.21437913,-0.2712014,-1.8506032,RGCC,MEF,E2F4,E2F
1475,1,-0.20953742,-0.22249272,-2.8389897,IRF5,MEF,MAZ,Zf
1708,1,0.07771543,-0.1980394,2.3246684,LRRN1,MEF,STAT3,Stat
2478,0,-0.5069276,-0.27780795,-1.0574901,RCN1,LMC,ATF2,bZIP
2903,0,-0.20953742,-0.22249272,2.135801,SV2A,LMC,MAZ,Zf
2747,0,-0.17150766,-0.17150766,1.1855206,SLC44A1,LMC,TEAD4,TEA
496,1,-0.2470073,-0.39005762,-2.2888286,CDKN3,MEF,ETS1,ETS
1807,1,-0.28616667,-0.25693348,-1.8203051,MEIS1,MEF,E2F6,E2F
3188,1,-0.440717,-0.25471953,-1.032395,VASP,MEF,MAFK,bZIP
1788,1,0.028543921,-0.29509667,-1.1892185,MCM2,MEF,BACH1,bZIP
3235,1,-0.22736193,-0.22736193,-2.6240964,WT1,MEF,HNF4A,NR
983,1,-0.08974322,-0.146989,1.5186956,FAM184B,MEF,MAX,bHLH
955,0,0.023197008,-0.146989,2.0146317,FABP4,LMC,USF1,bHLH
3203,0,-0.40787458,-0.3917693,-1.3290813,VSIG10L,LMC,GABPA,ETS
1478,1,-0.28121933,-0.25159925,-4.4361186,IRF8,MEF,SP1,Zf
97,1,-0.3375485,-0.1342841,2.8727393,AHRR,MEF,TCF12,bHLH
3032,1,-0.08974322,-0.146989,-1.1495689,TMEM221,MEF,MAX,bHLH
3181,0,0.016311714,0.00623205,1.0038823,USP2,LMC,RFX5,HTH
2357,0,-0.2300118,-0.25159925,3.0785356,PRSS50,LMC,MAZ,Zf
1591,1,-0.0013588448,-0.24283965,1.2468134,KLF9,MEF,CTCF,Zf
2005,1,-0.2064243,-0.25159925,-1.774617,NME2,MEF,YY1,Zf
2084,1,-0.011590093,-0.22249272,-2.7139297,OLR1,MEF,GATA3,Zf
2329,0,-0.03437175,-0.039668236,-1.5005978,PRELID2,LMC,RFX5,HTH
1634,0,-0.37167174,-0.29509667,-1.8764224,LDB2,LMC,ATF2,bZIP
454,1,-0.37665918,-0.37009746,-5.4775605,CD68,MEF,IRF4,IRF
2541,1,-1.3501369,-0.39942494,-1.4664801,RRM1,MEF,FLI1,ETS
631,1,-0.56344664,-0.2712014,-1.0453374,CORO1C,MEF,E2F1,E2F
808,1,-0.40605056,-0.25471953,2.3564422,DPYD,MEF,ATF2,bZIP
2997,1,-0.28616667,-0.25693348,-1.2257801,TLR5,MEF,E2F6,E2F
2292,0,-0.3070402,-0.24450046,-1.0529194,POLQ,LMC,YY1,Zf
2761,1,0.048078425,-0.25471953,1.3455367,SLC9A2,MEF,BACH1,bZIP
261,1,-0.0061152284,-0.10008492,4.30976,B4GALNT3,MEF,USF1,bHLH
627,1,-0.18911669,-0.17782252,1.8243555,COLGALT2,MEF,FOXA2,Forkhead
2018,0,-0.1689725,-0.13941021,2.2590847,NOTUM,LMC,BHLHE40,bHLH
2776,1,-0.3375485,-0.1342841,-4.6038027,SMAGP,MEF,TCF12,bHLH
1949,1,0.07771543,-0.1980394,-1.5197695,NCAPH,MEF,STAT3,Stat
317,1,-0.29414836,-0.26135686,-6.688671,BTK,MEF,E2F6,E2F
894,0,-0.35453734,-0.24333258,-1.8879693,ENG,LMC,ZKSCAN1,Zf
1698,0,-0.22240412,-0.10008492,-5.3998175,LRRC17,LMC,TCF12,bHLH
1404,1,-0.07763662,-0.20371658,-3.5408616,HTR2B,MEF,FOXA2,Forkhead
1582,1,-0.1826178,-0.24450046,1.0983452,KIF9,MEF,SP1,Zf
439,0,-0.46165287,-0.4067228,2.3953223,CD28,LMC,CUX1,Homeobox
2850,1,-0.5856867,-0.25187832,1.1574836,SQRDL,MEF,E2F1,E2F
493,1,-0.17702122,-0.27780795,2.4994574,CDKL4,MEF,ATF1,bZIP
2843,0,-0.44224238,-0.29509667,1.9482377,SPRR1A,LMC,MAFK,bZIP
2566,1,-0.29360482,-0.13941021,2.5442002,S1PR5,MEF,TCF12,bHLH
462,0,-0.37167174,-0.29509667,2.4745347,CD86,LMC,ATF2,bZIP
1447,1,-0.08974322,-0.146989,1.070328,IL1A,MEF,MAX,bHLH
422,1,-0.009364229,-0.17137949,-3.7557342,CCNB2,MEF,STAT3,Stat
1626,1,0.016314197,-0.13941021,-1.2072183,LASP1,MEF,USF1,bHLH
2723,0,-0.3569094,-0.25159925,-1.2504945,SLC29A4,LMC,ZNF263,Zf
115,1,-0.35806254,-0.38195667,-1.468537,ALDH3B1,MEF,ETS1,ETS
1525,1,-0.3058912,-0.24283965,-2.0668216,KCNA3,MEF,YY1,Zf
1124,1,-0.2678836,-0.24283965,1.2403598,FUNDC1,MEF,SP1,Zf
1270,1,-0.22735961,-0.24550179,-1.7090669,GPX7,MEF,MAFF,bZIP
1646,0,-0.1124492,-0.24333258,3.3570387,LGI2,LMC,CTCF,Zf
1569,0,-0.2185933,-0.3794154,-1.7011287,KIF18B,LMC,IRF1,IRF
1859,1,-0.15054174,-0.24450046,-1.0344467,MNS1,MEF,GATA3,Zf
529,1,-0.065101475,-0.08148018,1.213452,CETN2,MEF,RFX5,HTH
1401,0,-0.38490406,-0.38490406,-1.605186,HSPB6,LMC,PAX5,"Paired,Homeobox"
1821,0,-0.17150766,-0.17150766,-1.9097306,MFSD2A,LMC,TEAD4,TEA
2991,0,-0.24165441,-0.29509667,-1.3919637,TLCD1,LMC,JUND,bZIP
1070,1,-0.0013588448,-0.24283965,-1.9571518,FIGNL1,MEF,CTCF,Zf
2468,0,-0.056725405,-0.121736646,1.1551113,RBKS,LMC,BHLHE40,bHLH
1671,0,-0.71902657,-0.24550179,1.8299829,LMO2,LMC,BATF,bZIP
2726,0,0.011842721,-0.21953267,1.9489392,SLC2A3,LMC,FOXA1,Forkhead
1004,1,-0.2838714,-0.47267562,1.7937952,FAM71E1,MEF,NANOG,Homeobox
2710,0,-0.21301334,-0.25187832,1.8738929,SLC22A4,LMC,E2F4,E2F
2336,0,-0.00943349,-0.121736646,-1.5326129,PRKCG,LMC,USF1,bHLH
905,0,-0.12447846,-0.22249272,-2.2580662,EPHA3,LMC,GATA2,Zf
1842,0,-0.15019357,-0.27780795,2.7365017,MMEL1,LMC,MAFF,bZIP
2062,1,-0.15764365,-0.14792581,1.6376249,NWD1,MEF,RFX5,HTH
1598,1,-0.10827843,-0.121736646,3.3973646,KLHL40,MEF,USF2,bHLH
2521,0,-0.1689725,-0.13941021,1.8557955,RNF180,LMC,BHLHE40,bHLH
913,1,-0.3869897,-0.39942494,2.0391352,EPS8L2,MEF,ETS1,ETS
565,1,-1.4133955,-0.3917693,-1.2009269,CKS1B,MEF,FLI1,ETS
3160,0,-0.44224238,-0.29509667,-1.9747592,UBE2C,LMC,MAFK,bZIP
1045,1,-0.03437175,-0.039668236,-2.1285722,FES,MEF,RFX5,HTH
1288,1,-0.1689725,-0.13941021,3.1655743,GRM4,MEF,BHLHE40,bHLH
2716,0,-0.26692143,-0.26692143,1.2643375,SLC25A45,LMC,EBF1,EBF
3263,0,0.048078425,-0.25471953,1.1311405,ZMYND15,LMC,BACH1,bZIP
908,0,0.84515804,-0.0023815737,-1.2161773,EPHB2,LMC,MEF2C,MADS
2800,1,-0.15812221,-0.22249272,-1.0965823,SOAT1,MEF,YY1,Zf
2923,0,0.028543921,-0.29509667,1.0585166,SYTL1,LMC,BACH1,bZIP
25,1,-0.20454665,-0.20454665,3.1806698,ACHE,MEF,TEAD4,TEA
1504,0,-0.36259097,-0.38195667,1.9866703,ITM2A,LMC,ELF1,ETS
2011,1,-0.41913503,-0.41913503,-1.116004,NOD1,MEF,TCF3,HMG
3153,0,-0.1124492,-0.24333258,-2.458286,TWIST2,LMC,CTCF,Zf
1812,1,-0.2064243,-0.25159925,-1.0833864,METRNL,MEF,YY1,Zf
1670,0,-0.16941127,-0.25471953,-2.101804,LMO1,LMC,FOS,bZIP
1347,1,-0.26816452,-0.121736646,-2.2474232,HMMR,MEF,TCF12,bHLH
2027,1,-0.3430542,-0.3430542,-2.0476608,NPTX1,MEF,PAX5,"Paired,Homeobox"
674,0,-0.5329097,-0.36911827,3.1731966,CSRP3,LMC,MEF2A,MADS
1051,1,-0.17407607,-0.121736646,1.4397565,FGF12,MEF,MAX,bHLH
2865,1,-0.15764365,-0.14792581,2.0399895,ST8SIA1,MEF,RFX5,HTH
1789,1,-0.2185933,-0.3794154,-2.0146992,MCM3,MEF,IRF1,IRF
1282,0,-0.3474289,-0.29509667,-2.7690012,GRIK1,LMC,ATF1,bZIP
833,1,0.041926194,-0.24283965,1.3486774,DZANK1,MEF,GATA3,Zf
2933,1,-0.26816452,-0.121736646,-1.9559231,TAGLN2,MEF,TCF12,bHLH
2865,1,-0.22016564,-0.25159925,2.0399895,ST8SIA1,MEF,GATA2,Zf
3033,1,0.027763726,-0.25159925,3.9812138,TMEM229A,MEF,GATA3,Zf
296,1,-0.65735245,-0.17782252,-1.5980535,BLNK,MEF,FOXM1,Forkhead
1835,1,-0.25436184,-0.25436184,1.2219614,MKX,MEF,TEAD4,TEA
829,0,-0.26737517,-0.25159925,-1.1774735,DUT,LMC,ZKSCAN1,Zf
461,1,-0.35453734,-0.24333258,-5.4304256,CD84,MEF,ZKSCAN1,Zf
2097,1,-0.038338926,-0.10008492,1.7559937,OTOP1,MEF,MYOG,bHLH
1595,1,-0.541412,-0.25159925,1.9454163,KLHL30,MEF,EGR1,Zf
63,1,-0.43756613,-0.41931188,-1.9478036,ADAMTS7,MEF,ETS1,ETS
359,0,-0.36049217,-0.22810093,-1.5934429,CAMKK1,LMC,FOS,bZIP
2699,1,-0.4776695,-0.22249272,-1.7570183,SLC16A3,MEF,ZKSCAN1,Zf
2712,0,-0.3569094,-0.25159925,-1.4702623,SLC24A3,LMC,ZNF263,Zf
1178,1,-0.11649651,-0.25471953,-1.9427576,GEN1,MEF,JUND,bZIP
1706,1,0.028543921,-0.29509667,1.2525445,LRRC75B,MEF,BACH1,bZIP
2047,0,-0.2859068,-0.146989,-1.497863,NT5DC2,LMC,TCF12,bHLH
817,0,-0.13994873,-0.2053601,1.9184403,DSP,LMC,FOXA2,Forkhead
2267,0,-0.34099022,-0.38195667,1.3046216,PLSCR4,LMC,ELK1,ETS
2536,1,-0.74316007,-0.3794154,4.0988145,RPS27,MEF,IRF3,IRF
2094,0,-0.20916343,-0.20916343,-1.9019642,OSR1,LMC,NRF1,NRF
5,1,-0.21437913,-0.2712014,-1.4280964,ABCA12,MEF,E2F4,E2F
1346,0,-0.08974322,-0.146989,1.851924,HMHA1,LMC,MAX,bHLH
1253,1,-0.2808588,-0.24283965,1.4796617,GPR3,MEF,ZEB1,Zf
2806,1,-0.39205822,-0.27780795,1.7314748,SORCS1,MEF,MAFK,bZIP
3043,0,-0.34914914,-0.27780795,-1.7627646,TMEM51,LMC,FOS,bZIP
205,1,-0.45963168,-0.45963168,1.1241271,ARL4A,MEF,TCF3,HMG
3137,1,-0.1607576,-0.24283965,-2.5206616,TTK,MEF,MAZ,Zf
1044,1,-0.22746871,-0.25187832,-5.357593,FERMT3,MEF,E2F6,E2F
1146,1,-0.31818998,-0.24333258,-1.5857913,GAMT,MEF,ZEB1,Zf
2924,1,-0.33058694,-0.3917693,2.4798288,SYTL3,MEF,ELF1,ETS
2066,0,-0.30003953,-0.30003953,3.3064072,NXPH3,LMC,NRF1,NRF
2154,0,-0.3705123,-0.25471953,3.9104586,PCNXL2,LMC,FOSL2,bZIP
2929,1,-0.3341544,-0.39005762,-1.4088733,TACC3,MEF,ELF1,ETS
2400,1,0.03116794,-0.22249272,1.0328149,PXDC1,MEF,CTCF,Zf
424,1,-0.1505293,-0.1342841,-1.7134051,CCNF,MEF,USF2,bHLH
254,1,-0.009364229,-0.17137949,3.2201214,AXIN2,MEF,STAT3,Stat
2583,1,-0.30003953,-0.30003953,-1.9243826,SCML2,MEF,NRF1,NRF
687,1,-0.16941127,-0.25471953,1.0677934,CTSF,MEF,FOS,bZIP
1421,1,-0.45963168,-0.45963168,-1.3062055,IGF2BP3,MEF,TCF3,HMG
3185,1,-0.10827843,-0.121736646,-6.897832,UTY,MEF,USF2,bHLH
1118,1,-0.64209527,-0.1980394,1.1508414,FSIP1,MEF,STAT1,Stat
2653,1,-0.18398622,-0.29509667,2.324801,SH3RF2,MEF,ATF3,bZIP
2367,1,-0.440717,-0.25471953,-5.23533,PTAFR,MEF,MAFK,bZIP
1744,0,-0.38278377,-0.42379856,1.6160516,MAFB,LMC,PBX3,Homeobox
206,1,-0.29687634,-0.29687634,-1.1483037,ARL4C,MEF,PAX5,"Paired,Homeobox"
1465,0,-0.38071528,-0.24283965,1.4524996,INPP4B,LMC,ZNF263,Zf
918,1,-0.120565586,-0.1342841,1.765332,ERG,MEF,MAX,bHLH
1316,0,-0.13149443,-0.22249272,2.3319273,HCK,LMC,SP1,Zf
2101,1,-0.19379956,-0.22810093,1.980347,P2RY10,MEF,ATF2,bZIP
3015,1,-0.2790477,-0.25471953,1.1457732,TMEM140,MEF,MAFF,bZIP
1733,1,-0.33296144,-0.24550179,1.1049803,LYRM1,MEF,MAFK,bZIP
2350,0,-0.3610153,-0.22249272,-3.0767856,PRRX1,LMC,EGR1,Zf
1598,1,-0.35318726,-0.41931188,3.3973646,KLHL40,MEF,ELK1,ETS
1320,0,-0.33817908,-0.29509667,1.9458708,HCST,LMC,FOS,bZIP
1040,1,-0.169331,-0.25693348,-7.410744,FCER1G,MEF,E2F4,E2F
1544,0,-0.10827843,-0.121736646,1.8411628,KCNJ10,LMC,USF2,bHLH
295,0,-0.2185933,-0.3794154,-1.6202104,BIRC5,LMC,IRF1,IRF
2014,0,0.5159049,-0.24283965,1.0341421,NOS1AP,LMC,PRDM1,Zf
627,1,-0.1607576,-0.24283965,1.8243555,COLGALT2,MEF,MAZ,Zf
2439,0,-0.35390377,-0.22810093,1.095381,RALGPS2,LMC,ATF1,bZIP
1894,0,-0.2470073,-0.39005762,-1.0037397,MTSS1L,LMC,ETS1,ETS
59,0,-0.2997486,-0.24333258,-1.310582,ADAMTS2,LMC,ZNF263,Zf
2930,1,-0.5315311,-0.5315311,2.516421,TACR1,MEF,PAX5,"Paired,Homeobox"
477,1,-0.26692143,-0.26692143,-1.4396812,CDCA7L,MEF,EBF1,EBF
1298,0,-0.30779734,-0.3917693,1.7987171,GSTA4,LMC,ETS1,ETS
1038,1,-0.24165441,-0.29509667,-1.7113899,FBXO5,MEF,JUND,bZIP
918,0,-0.26816452,-0.121736646,-2.67587,ERG,LMC,TCF12,bHLH
2008,1,0.016311714,0.00623205,2.8155317,NMU,MEF,RFX5,HTH
3156,1,-0.2470073,-0.39005762,-9.23168,TYROBP,MEF,ETS1,ETS
451,1,-0.39900714,-0.22249272,-1.7754145,CD53,MEF,GATA1,Zf
859,0,-0.07449697,-0.25159925,-1.016673,EFHC1,LMC,CTCF,Zf
904,1,-0.13559982,-0.10008492,1.0512894,EPHA2,MEF,MAX,bHLH
1043,0,-0.08617797,-0.146989,-1.2050055,FDPS,LMC,MYOG,bHLH
785,1,0.03116794,-0.22249272,1.1730027,DNAJB9,MEF,CTCF,Zf
565,1,-0.30779734,-0.3917693,-1.2009269,CKS1B,MEF,ETS1,ETS
2980,0,-0.33817908,-0.29509667,-1.433342,TIAM2,LMC,FOS,bZIP
1045,1,-0.21895796,-0.21895796,-2.1285722,FES,MEF,EBF1,EBF
1655,1,-0.20916343,-0.20916343,-1.4939244,LIG1,MEF,NRF1,NRF
2137,0,-0.27228355,-0.24283965,-1.7614068,PCDH18,LMC,GATA2,Zf
1371,1,-0.33639127,-0.4713425,3.726657,HOXC10,MEF,IRF1,IRF
458,0,-0.46165287,-0.4067228,-1.5789324,CD80,LMC,CUX1,Homeobox
508,0,-0.5329097,-0.36911827,-2.0691712,CEMIP,LMC,MEF2A,MADS
1838,1,-0.1666823,-0.13941021,1.006843,MLLT3,MEF,USF2,bHLH
1307,0,-0.22735961,-0.24550179,-1.3646489,H1FX,LMC,MAFF,bZIP
2304,1,-0.10369535,-0.10008492,3.3632948,PPARGC1A,MEF,BHLHE40,bHLH
262,1,0.8549915,-0.22249272,-1.0602292,B4GALT1,MEF,PRDM1,Zf
318,1,-0.5069276,-0.27780795,1.9076642,BTLA,MEF,ATF2,bZIP
645,0,-0.6928834,-0.10944186,2.6611502,CRABP2,LMC,FOXM1,Forkhead
39,1,-0.19612858,-0.146989,-1.1783521,ACTB,MEF,USF2,bHLH
2929,1,-0.19239004,-0.26135686,-1.4088733,TACC3,MEF,E2F4,E2F
713,1,-0.33058694,-0.3917693,1.1914463,CYLD,MEF,ELF1,ETS
3187,0,-0.0017048104,-0.121736646,-1.3416171,VASH2,LMC,MYOG,bHLH
2617,1,0.21614419,-0.17782252,-1.5712881,SEPP1,MEF,FOXA1,Forkhead
1816,1,-0.34370995,-0.24333258,-1.3299108,MEX3D,MEF,EGR1,Zf
956,1,-0.22746871,-0.25187832,-1.3874118,FABP5,MEF,E2F6,E2F
2577,0,-0.43756613,-0.41931188,2.0224304,SBK2,LMC,ETS1,ETS
2330,1,-0.08568381,-0.24450046,-1.386103,PREX1,MEF,MAZ,Zf
2472,0,-0.28121933,-0.25159925,2.18051,RBM47,LMC,SP1,Zf
2563,1,-0.4733331,-0.39005762,-1.7429874,S1PR1,MEF,ELK1,ETS
2931,1,0.06421617,-0.24450046,1.6347734,TACR3,MEF,CTCF,Zf
1065,1,-0.00943349,-0.121736646,-1.5797769,FHL2,MEF,USF1,bHLH
3097,0,-0.9526392,-0.4653868,2.566172,TREML2,LMC,IRF3,IRF
2196,0,-0.20953742,-0.22249272,-1.2279279,PGAP3,LMC,MAZ,Zf
2308,0,-0.09351536,-0.24313685,1.4764174,PPFIBP2,LMC,STAT3,Stat
1660,1,-0.062780954,-0.24333258,-1.559628,LIMK1,MEF,SP1,Zf
1383,0,-0.057535224,-0.27780795,3.9081578,HPCAL4,LMC,BACH1,bZIP
788,0,0.016311714,0.00623205,1.1742103,DNASE1L1,LMC,RFX5,HTH
1957,1,-0.08106524,-0.08106524,-2.6176684,NDC80,MEF,TEAD4,TEA
398,1,0.018755239,0.02968777,1.0387565,CCDC63,MEF,RFX5,HTH
2403,1,-0.22736193,-0.22736193,-3.781902,PYGL,MEF,HNF4A,NR
694,1,-0.17407607,-0.121736646,-1.0187942,CUX1,MEF,MAX,bHLH
212,1,-0.34029287,-0.28884968,1.2303027,ARRDC3,MEF,E2F4,E2F
1658,0,-0.2678836,-0.24283965,-1.1199588,LIMCH1,LMC,SP1,Zf
2893,0,-0.11649651,-0.25471953,1.5128429,STRA6,LMC,JUND,bZIP
1094,1,-0.541412,-0.25159925,1.9671559,FOXA3,MEF,EGR1,Zf
3236,0,-0.15764365,-0.14792581,1.1457943,WWP1,LMC,RFX5,HTH
1512,1,-0.08974322,-0.146989,-2.120445,JAKMIP2,MEF,MAX,bHLH
553,0,-0.36645967,-0.22249272,-1.1679317,CHST2,LMC,ZEB1,Zf
1118,1,-0.057535224,-0.27780795,1.1508414,FSIP1,MEF,BACH1,bZIP
2163,1,-0.3076643,-0.4621776,-2.127239,PDE11A,MEF,IRF1,IRF
1383,0,-0.10827843,-0.121736646,3.9081578,HPCAL4,LMC,USF2,bHLH
3051,1,-0.2300118,-0.25159925,1.3207757,TMX2,MEF,MAZ,Zf
2418,0,-0.38490406,-0.38490406,-1.0006384,RAB30,LMC,PAX5,"Paired,Homeobox"
441,1,-0.58496386,-0.4621776,-4.2018747,CD300A,MEF,IRF4,IRF
2818,0,-0.26692143,-0.26692143,-2.2571666,SP3,LMC,EBF1,EBF
2387,1,-0.41913503,-0.41913503,-4.4291387,PTPN7,MEF,TCF3,HMG
2043,1,-0.30003953,-0.30003953,2.012405,NRXN1,MEF,NRF1,NRF
966,1,-0.21459776,-0.24333258,-2.1287313,FAM111A,MEF,MAZ,Zf
1509,1,-0.3058912,-0.24283965,-1.4488107,JADE1,MEF,YY1,Zf
90,1,-0.09351536,-0.24313685,-1.6374851,AGER,MEF,STAT3,Stat
1783,0,-0.30779734,-0.3917693,-2.6176784,MCAM,LMC,ETS1,ETS
3152,0,-0.17407607,-0.121736646,-1.2156056,TVP23A,LMC,MAX,bHLH
1728,0,-0.3933147,-0.24283965,2.4247549,LY86,LMC,ZKSCAN1,Zf
2551,0,-0.4467859,-0.3917693,-1.0524096,RTN4R,LMC,ELK1,ETS
496,1,-0.36351123,-0.50137913,-2.2888286,CDKN3,MEF,PBX3,Homeobox
2985,0,0.041926194,-0.24283965,1.1835107,TIMP1,LMC,GATA3,Zf
1686,0,-0.18621291,-0.24333258,-1.2792101,LPP,LMC,YY1,Zf
562,0,-0.09351536,-0.24313685,-1.8413281,CKAP2,LMC,STAT3,Stat
2431,1,0.17063665,-0.10944186,-1.6750872,RAD51,MEF,FOXA1,Forkhead
1811,1,-0.10369535,-0.10008492,1.4938444,MEST,MEF,BHLHE40,bHLH
693,0,-0.41320115,-0.25471953,-1.0231155,CUL7,LMC,ATF1,bZIP
1551,1,-0.1666823,-0.13941021,-2.8326209,KCNK13,MEF,USF2,bHLH
1184,1,-0.24165441,-0.29509667,-1.1692625,GGN,MEF,JUND,bZIP
1016,0,-0.17150766,-0.17150766,-1.282396,FANCD2,LMC,TEAD4,TEA
1718,0,-0.440717,-0.25471953,1.4920015,LSR,LMC,MAFK,bZIP
477,1,-0.19239004,-0.26135686,-1.4396812,CDCA7L,MEF,E2F4,E2F
1551,0,-0.15812221,-0.22249272,2.1555893,KCNK13,LMC,YY1,Zf
1688,1,-0.17150766,-0.17150766,1.3220744,LRCH1,MEF,TEAD4,TEA
673,1,-0.36351123,-0.50137913,-1.4267927,CSRP2,MEF,PBX3,Homeobox
2228,1,-0.5072217,-0.24450046,2.2447371,PLA2G2E,MEF,ZBTB33,Zf
2393,1,-0.18621291,-0.24333258,2.7561061,PTPRT,MEF,YY1,Zf
2608,0,-0.3375485,-0.1342841,-1.204405,SEMA3C,LMC,TCF12,bHLH
564,1,-0.3022701,-0.29509667,2.349231,CKMT2,MEF,FOSL2,bZIP
640,1,-0.1124492,-0.24333258,2.1161196,CPNE7,MEF,CTCF,Zf
951,0,-0.34370995,-0.24333258,-1.2212169,F3,LMC,EGR1,Zf
1754,1,-0.0005437653,-0.1342841,1.5756658,MANEAL,MEF,USF1,bHLH
978,0,-0.36645967,-0.22249272,-1.2696277,FAM174B,LMC,ZEB1,Zf
764,1,-0.20953742,-0.22249272,-2.7786102,DLGAP5,MEF,MAZ,Zf
1727,1,-0.39205822,-0.27780795,-1.39508,LY75,MEF,MAFK,bZIP
226,1,-0.0017048104,-0.121736646,-2.1260629,ASF1B,MEF,MYOG,bHLH
2661,0,-0.35806254,-0.38195667,-1.2295792,SHF,LMC,ETS1,ETS
3095,0,-0.9852809,-0.65067613,1.9493642,TREM1,LMC,MEF2A,MADS
499,0,-0.08974322,-0.146989,-1.0813416,CDR2L,LMC,MAX,bHLH
563,1,-0.1689725,-0.13941021,-3.2723203,CKAP2L,MEF,BHLHE40,bHLH
2642,0,-0.19239004,-0.26135686,-1.0922141,SGSM1,LMC,E2F4,E2F
1451,1,-0.39205822,-0.27780795,-1.7797236,IL1RL1,MEF,MAFK,bZIP
1832,1,0.028543921,-0.29509667,-1.5881457,MIS18BP1,MEF,BACH1,bZIP
2233,0,-0.20454665,-0.20454665,-2.8839755,PLAC8,LMC,TEAD4,TEA
2476,1,-0.3341544,-0.39005762,1.7372016,RCAN1,MEF,ELF1,ETS
968,0,-0.2997486,-0.24333258,-1.4871693,FAM131B,LMC,ZNF263,Zf
1478,1,-0.4733331,-0.39005762,-4.4361186,IRF8,MEF,ELK1,ETS
3250,1,-0.169331,-0.25693348,-2.3911982,ZC3HAV1L,MEF,E2F4,E2F
1573,1,-0.2727483,-0.2712014,-1.7123749,KIF22,MEF,E2F6,E2F
1691,1,-0.08568381,-0.24450046,1.5712949,LRFN5,MEF,MAZ,Zf
2979,1,-0.14724034,-0.14724034,-5.7015085,THEMIS2,MEF,EBF1,EBF
2159,1,-0.20454665,-0.20454665,-3.5044124,PCSK9,MEF,TEAD4,TEA
3249,1,-0.16561359,-0.22810093,-3.3419523,ZC3H12D,MEF,JUND,bZIP
2518,0,-0.40533945,-0.39005762,1.1219213,RNF144B,LMC,GABPA,ETS
2764,1,-0.17513762,-0.146989,-1.7172121,SLC9A9,MEF,BHLHE40,bHLH
1632,1,-0.08106524,-0.08106524,-3.12653,LCP2,MEF,TEAD4,TEA
1960,1,-0.15812221,-0.22249272,1.2484365,NDRG2,MEF,YY1,Zf
1551,0,-0.03437175,-0.039668236,2.1555893,KCNK13,LMC,RFX5,HTH
1184,1,-0.08974322,-0.146989,-1.1692625,GGN,MEF,MAX,bHLH
1630,1,-0.062780954,-0.24333258,2.0006824,LCN2,MEF,SP1,Zf
1785,0,-0.440717,-0.25471953,-2.2645268,MCF2L,LMC,MAFK,bZIP
1419,0,0.03116794,-0.22249272,-1.2156954,IGF2BP1,LMC,CTCF,Zf
2959,0,-0.21869276,-0.39005762,-1.0561966,TEX14,LMC,ELK4,ETS
1907,0,-0.12554857,-0.24550179,-4.2338176,MYH11,LMC,JUND,bZIP
522,0,-0.45963168,-0.45963168,1.2640113,CENPV,LMC,TCF3,HMG
1747,0,0.5853313,-0.24450046,2.3040216,MAL2,LMC,PRDM1,Zf
2592,1,-0.10505258,-0.1342841,-1.4963193,SCRT1,MEF,BHLHE40,bHLH
3028,1,-0.27228355,-0.24283965,-1.0065502,TMEM191C,MEF,GATA2,Zf
2033,0,0.17063665,-0.10944186,-1.9519585,NR2F1,LMC,FOXA1,Forkhead
2914,1,-0.0005437653,-0.1342841,3.8033676,SYNM,MEF,USF1,bHLH
315,0,-0.42348737,-0.17137949,-1.1530434,BTBD3,LMC,STAT1,Stat
2727,0,-0.21301334,-0.25187832,-3.1119766,SLC2A4,LMC,E2F4,E2F
1781,1,0.17063665,-0.10944186,-1.9139942,MBP,MEF,FOXA1,Forkhead
140,1,-0.37601265,-0.39942494,-3.3900094,ANKRD33B,MEF,ELF1,ETS
1734,1,-0.19239004,-0.26135686,1.0396278,LYRM7,MEF,E2F4,E2F
832,1,-0.24165441,-0.29509667,-1.027581,DYSF,MEF,JUND,bZIP
1052,1,-0.25007766,-0.37009746,2.0621297,FGF13,MEF,IRF1,IRF
1960,1,-0.17150766,-0.17150766,1.2484365,NDRG2,MEF,TEAD4,TEA
262,1,-0.21301334,-0.25187832,-1.0602292,B4GALT1,MEF,E2F4,E2F
1683,0,-0.4776695,-0.22249272,-1.5128583,LPIN3,LMC,ZKSCAN1,Zf
151,0,0.027763726,-0.25159925,-1.2578008,ANXA6,LMC,GATA3,Zf
584,0,-0.10827843,-0.121736646,1.8429216,CLSTN3,LMC,USF2,bHLH
759,0,-0.21907748,-0.27780795,-1.0099353,DIXDC1,LMC,JUND,bZIP
755,0,-0.35318726,-0.41931188,-1.0674298,DHFR,LMC,ELK1,ETS
2823,0,-0.07763662,-0.20371658,-1.7413466,SPAG5,LMC,FOXA2,Forkhead
1591,1,-0.46846294,-0.46846294,1.2468134,KLF9,MEF,TCF3,HMG
3007,0,-0.2849582,-0.2849582,1.5005039,TMEM106A,LMC,EBF1,EBF
400,1,-0.10505258,-0.1342841,1.6903713,CCDC68,MEF,BHLHE40,bHLH
1459,1,-0.40605056,-0.25471953,-7.4435463,IL7R,MEF,ATF2,bZIP
2289,1,-0.76012087,-0.50137913,-1.1583761,POLD1,MEF,CUX1,Homeobox
313,0,-0.34029287,-0.28884968,1.2584305,BST2,LMC,E2F4,E2F
1738,1,-0.440717,-0.25471953,1.1827898,LZTFL1,MEF,MAFK,bZIP
17,1,-0.51637894,-0.42379856,-2.9814575,ABI3,MEF,CUX1,Homeobox
565,0,-0.21437913,-0.2712014,-1.0084794,CKS1B,LMC,E2F4,E2F
102,1,-0.30779734,-0.3917693,1.2664098,AK9,MEF,ETS1,ETS
2288,1,-0.10827843,-0.121736646,-1.222358,POLA1,MEF,USF2,bHLH
2641,1,-0.5313326,-0.24450046,-1.5156106,SGOL2,MEF,ZKSCAN1,Zf
2671,0,-0.30776003,-0.24450046,-3.8579667,SIM2,LMC,ZNF263,Zf
2196,1,-0.13559982,-0.10008492,-1.4853812,PGAP3,MEF,MAX,bHLH
753,1,0.06421617,-0.24450046,1.0354224,DGKI,MEF,CTCF,Zf
575,1,-0.009410201,-0.10008492,-1.2947149,CLEC2L,MEF,USF2,bHLH
2011,1,-0.40533945,-0.39005762,-1.116004,NOD1,MEF,GABPA,ETS
2997,1,-0.21459776,-0.24333258,-1.2257801,TLR5,MEF,MAZ,Zf
1369,1,-0.4409798,-0.24450046,-1.037935,HOXB7,MEF,ZEB1,Zf
2866,1,0.06421617,-0.24450046,-1.3862327,ST8SIA2,MEF,CTCF,Zf
1010,1,0.03645469,-0.22810093,1.0984039,FAM83C,MEF,BACH1,bZIP
2865,0,-0.09351536,-0.24313685,2.110686,ST8SIA1,LMC,STAT3,Stat
893,1,-0.2300118,-0.25159925,1.0541712,ENDOD1,MEF,MAZ,Zf
2982,0,-0.22746871,-0.25187832,-1.484277,TICRR,LMC,E2F6,E2F
519,0,-0.6928834,-0.10944186,-1.145698,CENPQ,LMC,FOXM1,Forkhead
1350,0,-0.24165441,-0.29509667,1.3456764,HNMT,LMC,JUND,bZIP
1142,0,0.06421617,-0.24450046,-2.5723739,GALNT18,LMC,CTCF,Zf
208,0,-0.1607576,-0.24283965,1.2838227,ARMC2,LMC,MAZ,Zf
304,1,-0.21907748,-0.27780795,-2.4118702,BMPER,MEF,JUND,bZIP
2000,0,-0.38339126,-0.24550179,1.5370079,NLRC3,LMC,ATF2,bZIP
1695,1,-0.56297857,-0.22249272,-2.3293726,LRR1,MEF,ZBTB33,Zf
2638,0,-0.36550322,-0.47267562,1.3570801,SGK3,LMC,PBX3,Homeobox
935,1,-0.36550322,-0.47267562,-1.9342779,EVL,MEF,PBX3,Homeobox
927,1,-0.07449697,-0.25159925,1.4039664,ESYT3,MEF,CTCF,Zf
1375,1,0.06421617,-0.24450046,-1.0630357,HOXC6,MEF,CTCF,Zf
761,1,-0.5313326,-0.24450046,2.1421344,DKKL1,MEF,ZKSCAN1,Zf
1879,1,-0.37776268,-0.37776268,-8.843497,MS4A7,MEF,TCF3,HMG
448,1,-0.63670325,-0.21953267,-7.077686,CD37,MEF,FOXM1,Forkhead
3028,1,-0.31818998,-0.24333258,-1.0065502,TMEM191C,MEF,ZEB1,Zf
2981,1,-0.009364229,-0.17137949,-1.7296494,TICAM2,MEF,STAT3,Stat
1027,0,0.048078425,-0.25471953,-1.6873972,FBN1,LMC,BACH1,bZIP
741,1,-0.3933147,-0.24283965,-1.5264184,DDX11,MEF,ZKSCAN1,Zf
2603,1,-0.3076643,-0.4621776,1.0266249,SEC61G,MEF,IRF1,IRF
1443,0,-0.4649995,-0.41931188,-1.0708433,IL17RC,LMC,GABPA,ETS
2934,0,-0.2997486,-0.24333258,2.0902348,TAL1,LMC,ZNF263,Zf
2313,0,-0.16941127,-0.25471953,-2.7252042,PPP1R14A,LMC,FOS,bZIP
2767,0,0.06421617,-0.24450046,-1.8096188,SLCO3A1,LMC,CTCF,Zf
946,1,-0.2790477,-0.25471953,1.9708863,F11,MEF,MAFF,bZIP
2011,1,0.048078425,-0.25471953,-1.116004,NOD1,MEF,BACH1,bZIP
2948,1,-0.21437913,-0.2712014,1.898503,TCF7,MEF,E2F4,E2F
1520,1,-0.6928834,-0.10944186,1.2568082,KAZALD1,MEF,FOXM1,Forkhead
1022,1,0.041926194,-0.24283965,-2.1112094,FBLIM1,MEF,GATA3,Zf
2030,0,-0.35318726,-0.41931188,-1.7574401,NPY1R,LMC,ELK1,ETS
101,0,0.03116794,-0.22249272,2.1104906,AIM2,LMC,CTCF,Zf
1836,1,-0.38057798,-0.24450046,1.9158642,MLANA,MEF,GATA1,Zf
894,0,0.06421617,-0.24450046,-1.8879693,ENG,LMC,CTCF,Zf
2193,0,-0.21459776,-0.24333258,-2.3282619,PFKL,LMC,MAZ,Zf
792,1,-0.09351536,-0.24313685,-1.1671683,DNMT1,MEF,STAT3,Stat
513,1,-0.37167174,-0.29509667,-1.6129766,CENPH,MEF,ATF2,bZIP
1044,1,-0.009364229,-0.17137949,-5.357593,FERMT3,MEF,STAT3,Stat
2915,1,-0.27070102,-0.24450046,1.2508746,SYNPO,MEF,GATA2,Zf
3102,1,-0.3375485,-0.1342841,-1.7707306,TRIL,MEF,TCF12,bHLH
1124,1,-0.1607576,-0.24283965,1.2403598,FUNDC1,MEF,MAZ,Zf
142,1,-0.39205822,-0.27780795,-1.0540168,ANKRD37,MEF,MAFK,bZIP
258,1,-0.33058694,-0.3917693,-3.112907,B3GNT7,MEF,ELF1,ETS
466,1,-0.36550322,-0.47267562,-1.5081419,CDC25B,MEF,PBX3,Homeobox
891,0,-0.13994873,-0.2053601,3.1501613,EN2,LMC,FOXA2,Forkhead
2280,0,-0.057535224,-0.27780795,-1.5649085,PNCK,LMC,BACH1,bZIP
1751,1,-0.29687634,-0.29687634,-1.6200752,MAN1C1,MEF,PAX5,"Paired,Homeobox"
604,1,-0.07763662,-0.20371658,2.2690716,CNTNAP3,MEF,FOXA2,Forkhead
1939,1,-0.19239004,-0.26135686,1.0546967,NAPB,MEF,E2F4,E2F
2977,0,-0.28616667,-0.25693348,-1.9208775,THBS3,LMC,E2F6,E2F
767,1,-0.3933147,-0.24283965,2.5010579,DLX1,MEF,ZKSCAN1,Zf
3035,1,-0.0013588448,-0.24283965,1.6910677,TMEM25,MEF,CTCF,Zf
2303,1,0.07771543,-0.1980394,-1.1236767,PPARA,MEF,STAT3,Stat
1103,0,-0.22736193,-0.22736193,-1.1218795,FOXP1,LMC,HNF4A,NR
857,1,-0.30776003,-0.24450046,1.302421,EFCAB2,MEF,ZNF263,Zf
412,1,-0.440717,-0.25471953,-1.3708322,CCL2,MEF,MAFK,bZIP
3138,0,-0.049117733,-0.13941021,-1.6865426,TTLL11,LMC,MAX,bHLH
2616,0,-0.33080074,-0.22810093,-1.1018522,SEMA6C,LMC,MAFK,bZIP
2632,1,-0.00943349,-0.121736646,-2.4648864,SEZ6L2,MEF,USF1,bHLH
3258,1,-0.34099022,-0.38195667,-1.4494542,ZFYVE28,MEF,ELK1,ETS
41,1,-0.07763662,-0.20371658,-1.2971035,ACTN3,MEF,FOXA2,Forkhead
1212,0,-0.058015816,-0.18281521,1.3668374,GNA15,LMC,STAT3,Stat
2504,1,-0.3058912,-0.24283965,-1.9587698,RHOV,MEF,YY1,Zf
2505,0,-0.44224238,-0.29509667,1.9083076,RHPN2,LMC,MAFK,bZIP
791,0,-0.049117733,-0.13941021,-1.802147,DNM3OS,LMC,MAX,bHLH
1024,1,-0.16941127,-0.25471953,-3.0149157,FBLN2,MEF,FOS,bZIP
572,1,-0.38057798,-0.24450046,-5.1964183,CLEC12A,MEF,GATA1,Zf
243,0,-0.33296144,-0.24550179,-1.4658016,ATP6V0A4,LMC,MAFK,bZIP
2970,1,-0.18621291,-0.24333258,1.2388296,TGFB2,MEF,YY1,Zf
2195,1,-0.30003953,-0.30003953,-1.526995,PGAP1,MEF,NRF1,NRF
2736,1,-0.34278938,-0.41931188,2.0948865,SLC35G1,MEF,ELF1,ETS
3078,1,-0.36550322,-0.47267562,-2.8886466,TOP2A,MEF,PBX3,Homeobox
484,1,-0.21895796,-0.21895796,-1.72285,CDH24,MEF,EBF1,EBF
1605,1,-0.3022701,-0.29509667,-3.4007242,KNTC1,MEF,FOSL2,bZIP
2294,0,-0.35453734,-0.24333258,1.6175095,POPDC3,LMC,ZKSCAN1,Zf
400,0,-0.39059436,-0.39059436,-1.1101925,CCDC68,LMC,HNF4A,NR
1310,1,-0.011590093,-0.22249272,2.3626626,HAP1,MEF,GATA3,Zf
706,1,-0.41913503,-0.41913503,1.1717257,CXXC5,MEF,TCF3,HMG
883,0,-0.21437913,-0.2712014,-1.7784133,ELOVL6,LMC,E2F4,E2F
1981,1,-0.20953742,-0.22249272,4.3576717,NFASC,MEF,MAZ,Zf
2119,0,-0.25436184,-0.25436184,1.6390138,PAPLN,LMC,TEAD4,TEA
118,1,-0.41913924,-0.24333258,-1.2159187,ALOXE3,MEF,ZBTB33,Zf
751,1,-0.24165441,-0.29509667,3.2691665,DES,MEF,JUND,bZIP
163,0,-0.34278938,-0.41931188,1.7885092,APLP1,LMC,ELF1,ETS
1419,0,-0.192465,-0.27780795,-1.2156954,IGF2BP1,LMC,ATF3,bZIP
2343,1,-0.22016564,-0.25159925,-2.244646,PRR11,MEF,GATA2,Zf
1726,1,-0.44168723,-0.24550179,-1.5292109,LY6E,MEF,FOS,bZIP
2949,1,-0.30003953,-0.30003953,2.121441,TCFL5,MEF,NRF1,NRF
40,0,0.06421617,-0.24450046,-3.917801,ACTG2,LMC,CTCF,Zf
3252,1,-0.4776695,-0.22249272,-1.3094435,ZDHHC14,MEF,ZKSCAN1,Zf
2181,1,-0.12554857,-0.24550179,-1.0030161,PDXK,MEF,JUND,bZIP
708,1,0.03116794,-0.22249272,3.0798056,CYB5R2,MEF,CTCF,Zf
3002,0,0.22652079,-0.2053601,2.294226,TM4SF5,LMC,FOXA1,Forkhead
2436,1,0.041926194,-0.24283965,-1.7905334,RAD54L,MEF,GATA3,Zf
1695,1,-0.36351123,-0.50137913,-2.3293726,LRR1,MEF,PBX3,Homeobox
1016,0,-0.19239004,-0.26135686,-1.282396,FANCD2,LMC,E2F4,E2F
2993,0,-0.44224238,-0.29509667,-1.9840968,TLE6,LMC,MAFK,bZIP
873,0,-0.4649995,-0.41931188,2.3173335,EGR3,LMC,GABPA,ETS
2818,1,-0.33080074,-0.22810093,-2.0819426,SP3,MEF,MAFK,bZIP
1909,1,-0.5329097,-0.36911827,-1.005563,MYH9,MEF,MEF2A,MADS
1921,0,-0.42348737,-0.17137949,1.0211234,MYO1D,LMC,STAT1,Stat
398,1,-0.65183055,-0.47267562,1.0387565,CCDC63,MEF,CUX1,Homeobox
1050,1,-0.22240412,-0.10008492,-1.4150496,FGF11,MEF,TCF12,bHLH
1397,1,-0.16561359,-0.22810093,-1.1688805,HSPA12B,MEF,JUND,bZIP
2288,1,-0.21869276,-0.39005762,-1.222358,POLA1,MEF,ELK4,ETS
1474,1,-0.62452394,-0.4713425,1.5855246,IQUB,MEF,IRF4,IRF
479,0,-0.33080074,-0.22810093,4.506826,CDH1,LMC,MAFK,bZIP
1321,0,-0.440717,-0.25471953,1.4760606,HDAC9,LMC,MAFK,bZIP
1638,1,-0.38059002,-0.38059002,2.3367846,LEF1,MEF,PAX5,"Paired,Homeobox"
282,1,-0.29414836,-0.26135686,1.7105174,BDNF,MEF,E2F6,E2F
2139,0,-0.065101475,-0.08148018,-1.6610888,PCDH20,LMC,RFX5,HTH
1436,0,-0.2849582,-0.2849582,2.1005368,IL10RA,LMC,EBF1,EBF
1553,0,-0.30776003,-0.24450046,1.285172,KCNK6,LMC,ZNF263,Zf
1266,1,0.016311714,0.00623205,1.154727,GPRC5C,MEF,RFX5,HTH
2953,0,-0.22735961,-0.24550179,1.3918668,TECPR1,LMC,MAFF,bZIP
2422,1,-0.2997486,-0.24333258,2.1295202,RAB39B,MEF,ZNF263,Zf
520,0,-0.10827843,-0.121736646,-1.0748466,CENPT,LMC,USF2,bHLH
520,0,-0.0065755714,-0.1342841,-1.0748466,CENPT,LMC,MYOG,bHLH
994,1,-0.33080074,-0.22810093,1.0227886,FAM222A,MEF,MAFK,bZIP
458,0,-0.51637894,-0.42379856,-1.5789324,CD80,LMC,CUX1,Homeobox
1835,1,-0.0013588448,-0.24283965,1.2219614,MKX,MEF,CTCF,Zf
214,0,-0.36049217,-0.22810093,-1.316177,ARSI,LMC,FOS,bZIP
454,0,-0.37698567,-0.4067228,2.0241923,CD68,LMC,PBX3,Homeobox
650,1,-0.0013588448,-0.24283965,-2.9483588,CREG2,MEF,CTCF,Zf
501,1,-0.3439605,-0.3439605,-1.5413414,CDT1,MEF,NRF1,NRF
2686,1,-0.28616667,-0.25693348,1.0133885,SLC12A2,MEF,E2F6,E2F
3093,1,-0.04073672,-0.3917693,1.3340616,TRDMT1,MEF,ELK4,ETS
2039,1,-0.08106524,-0.08106524,2.2157166,NRN1,MEF,TEAD4,TEA
873,0,-0.39205822,-0.27780795,2.3173335,EGR3,LMC,MAFK,bZIP
1420,1,0.016314197,-0.13941021,-1.1545213,IGF2BP2,MEF,USF1,bHLH
2959,0,-0.22240412,-0.10008492,-1.0561966,TEX14,LMC,TCF12,bHLH
666,0,-0.20953742,-0.22249272,2.8135076,CSF3R,LMC,MAZ,Zf
1545,0,-0.21918109,-0.21918109,2.3089058,KCNJ11,LMC,TCF3,HMG
907,1,-0.2064243,-0.25159925,1.604275,EPHA7,MEF,YY1,Zf
2837,0,-0.14976743,-0.22810093,1.6261545,SPINT2,LMC,FOSL2,bZIP
3137,0,0.07771543,-0.1980394,-1.5468862,TTK,LMC,STAT3,Stat
2535,1,-0.009364229,-0.17137949,-4.825739,RPS16,MEF,STAT3,Stat
1475,0,-0.34099022,-0.38195667,2.4685044,IRF5,LMC,ELK1,ETS
534,0,-0.062780954,-0.24333258,-1.9663967,CGNL1,LMC,SP1,Zf
2160,0,-0.46165287,-0.4067228,-1.2122647,PCYOX1L,LMC,CUX1,Homeobox
2303,0,-0.20776576,-0.20776576,-2.4913504,PPARA,LMC,EBF1,EBF
2196,0,-0.69426614,-0.4713425,-1.2279279,PGAP3,LMC,IRF3,IRF
1832,1,0.016314197,-0.13941021,-1.5881457,MIS18BP1,MEF,USF1,bHLH
729,1,-0.38071528,-0.24283965,1.9895048,DCC,MEF,ZNF263,Zf
2208,1,-0.10505258,-0.1342841,-2.939009,PIEZO2,MEF,BHLHE40,bHLH
389,1,-0.25436184,-0.25436184,2.016568,CCDC153,MEF,TEAD4,TEA
203,0,-0.21895796,-0.21895796,1.8472986,ARL11,LMC,EBF1,EBF
2196,1,-0.13149443,-0.22249272,-1.4853812,PGAP3,MEF,SP1,Zf
1745,0,-0.15764365,-0.14792581,2.630295,MAK,LMC,RFX5,HTH
3143,1,-0.21907748,-0.27780795,-1.0571077,TTYH2,MEF,JUND,bZIP
873,0,-0.26692143,-0.26692143,2.3173335,EGR3,LMC,EBF1,EBF
3139,1,-0.1826178,-0.24450046,1.5869603,TTLL6,MEF,SP1,Zf
511,0,-0.38059002,-0.38059002,-2.0281026,CENPE,LMC,PAX5,"Paired,Homeobox"
1385,0,-0.38057798,-0.24450046,3.1518924,HPGD,LMC,GATA1,Zf
1620,1,-0.19239004,-0.26135686,-1.2878922,LAMC1,MEF,E2F4,E2F
2033,0,-0.21895796,-0.21895796,-1.9519585,NR2F1,LMC,EBF1,EBF
528,0,-0.5069276,-0.27780795,1.2754617,CERK,LMC,ATF2,bZIP
1982,1,-0.20308916,-0.4653868,-1.3703928,NFATC2,MEF,IRF1,IRF
384,0,0.048078425,-0.25471953,-1.1740912,CCDC116,LMC,BACH1,bZIP
2828,1,-0.22735961,-0.24550179,-1.3120675,SPDL1,MEF,MAFF,bZIP
345,1,-0.41320115,-0.25471953,3.2806952,CACNA2D3,MEF,ATF1,bZIP
575,1,-0.3569094,-0.25159925,-1.2947149,CLEC2L,MEF,ZNF263,Zf
2152,1,-0.17513762,-0.146989,-2.3267388,PCK1,MEF,BHLHE40,bHLH
194,0,-0.2678836,-0.24283965,-1.2682908,ARHGEF25,LMC,SP1,Zf
1146,0,-0.2300118,-0.25159925,-1.4452633,GAMT,LMC,MAZ,Zf
1062,1,-0.120565586,-0.1342841,-1.2867284,FGGY,MEF,MAX,bHLH
508,0,0.13713937,-0.20371658,-2.0691712,CEMIP,LMC,FOXA1,Forkhead
2093,1,-0.35318726,-0.41931188,-1.1566182,OSMR,MEF,ELK1,ETS
86,1,-0.22240412,-0.10008492,1.6003156,AFF2,MEF,TCF12,bHLH
185,0,-0.28899637,-0.29509667,1.2260965,ARHGAP29,LMC,MAFF,bZIP
1137,0,-0.46165287,-0.4067228,-1.3150342,GAL3ST4,LMC,CUX1,Homeobox
2289,1,-0.192465,-0.27780795,-1.1583761,POLD1,MEF,ATF3,bZIP
648,1,-0.22240412,-0.10008492,1.092964,CREBL2,MEF,TCF12,bHLH
1655,1,-0.4649995,-0.41931188,-1.4939244,LIG1,MEF,GABPA,ETS
1542,0,-0.45038855,-0.39942494,2.0720127,KCNIP2,LMC,GABPA,ETS
530,1,-0.45038855,-0.39942494,1.2931513,CFAP57,MEF,GABPA,ETS
2187,1,-0.3070402,-0.24450046,2.418656,PERP,MEF,YY1,Zf
1554,1,-0.011590093,-0.22249272,-1.7487916,KCNMA1,MEF,GATA3,Zf
180,0,-0.08617797,-0.146989,1.0911804,ARHGAP18,LMC,MYOG,bHLH
1937,1,-0.21907748,-0.27780795,1.5967793,NAP1L3,MEF,JUND,bZIP
159,1,-0.15812221,-0.22249272,-1.3802844,APBB1IP,MEF,YY1,Zf
1990,1,-0.08106524,-0.08106524,-2.0896924,NID1,MEF,TEAD4,TEA
3267,0,0.21614419,-0.17782252,-1.2638365,ZWILCH,LMC,FOXA1,Forkhead
2944,0,0.07771543,-0.1980394,2.129369,TBXAS1,LMC,STAT3,Stat
2911,0,-0.34370995,-0.24333258,1.1780914,SYNE2,LMC,EGR1,Zf
1070,1,-0.66942716,-0.22810093,-1.9571518,FIGNL1,MEF,BATF,bZIP
632,1,-0.25436184,-0.25436184,-4.326084,CORO2A,MEF,TEAD4,TEA
2015,1,-0.1689725,-0.13941021,1.454637,NOS2,MEF,BHLHE40,bHLH
1811,1,-0.37601265,-0.39942494,1.4938444,MEST,MEF,ELF1,ETS
2276,1,0.73946834,-0.24333258,1.0654397,PMAIP1,MEF,PRDM1,Zf
1699,1,-0.13994873,-0.2053601,1.5158956,LRRC2,MEF,FOXA2,Forkhead
278,1,-0.3076643,-0.4621776,1.0059072,BCL11A,MEF,IRF1,IRF
2552,1,-0.08617797,-0.146989,-3.7158017,RTN4RL1,MEF,MYOG,bHLH
1556,1,0.17063665,-0.10944186,-1.6057874,KCNS3,MEF,FOXA1,Forkhead
1219,1,-0.35806254,-0.38195667,-2.168562,GNGT2,MEF,ETS1,ETS
2134,1,-0.35390377,-0.22810093,2.393178,PCDH10,MEF,ATF1,bZIP
2641,0,0.028543921,-0.29509667,-1.302446,SGOL2,LMC,BACH1,bZIP
1011,0,-0.10505258,-0.1342841,-1.7455534,FAM83D,LMC,BHLHE40,bHLH
896,0,-0.12554857,-0.24550179,1.1999516,ENPP1,LMC,JUND,bZIP
523,1,-0.33080074,-0.22810093,-1.0277461,CENPW,MEF,MAFK,bZIP
624,0,-0.1666823,-0.13941021,1.1434728,COL8A2,LMC,USF2,bHLH
3187,1,-0.0013588448,-0.24283965,-1.1646138,VASH2,MEF,CTCF,Zf
1434,1,-0.1607576,-0.24283965,1.1634847,IKZF4,MEF,MAZ,Zf
2281,1,-0.00943349,-0.121736646,-2.5417078,PNMA2,MEF,USF1,bHLH
3060,1,-0.20308916,-0.4653868,-1.6824514,TNFRSF14,MEF,IRF1,IRF
609,0,-0.33817908,-0.29509667,-2.4838371,COL14A1,LMC,FOS,bZIP
903,0,-0.00943349,-0.121736646,2.932752,EPCAM,LMC,USF1,bHLH
2865,1,-0.7844056,-0.2053601,2.0399895,ST8SIA1,MEF,FOXM1,Forkhead
2815,0,-0.13559982,-0.10008492,1.3722122,SP100,LMC,MAX,bHLH
2649,1,-0.26816452,-0.121736646,-2.037939,SH3BP2,MEF,TCF12,bHLH
236,1,0.07771543,-0.1980394,1.5191864,ATG9B,MEF,STAT3,Stat
1665,1,-0.3933147,-0.24283965,-1.0906605,LIPA,MEF,ZKSCAN1,Zf
473,1,-0.33817908,-0.29509667,-1.8354515,CDCA2,MEF,FOS,bZIP
1682,1,-0.48430756,-0.24313685,-2.7435303,LPAR5,MEF,STAT1,Stat
972,1,-0.40533945,-0.39005762,1.6502445,FAM154B,MEF,GABPA,ETS
3223,1,-0.1505293,-0.1342841,1.0999924,WNK3,MEF,USF2,bHLH
1474,1,-0.3610153,-0.22249272,1.5855246,IQUB,MEF,EGR1,Zf
3235,0,-0.3551913,-0.3551913,1.6618998,WT1,LMC,HNF4A,NR
2213,0,-0.4467859,-0.3917693,1.8720301,PIK3CG,LMC,ELK1,ETS
2458,0,-0.10827843,-0.121736646,-1.8068208,RASGRP1,LMC,USF2,bHLH
2280,0,-0.25007766,-0.37009746,-1.5649085,PNCK,LMC,IRF1,IRF
311,1,-0.7485091,-0.20371658,-1.1585374,BRIP1,MEF,FOXM1,Forkhead
3040,0,-0.2849582,-0.2849582,-1.158673,TMEM38A,LMC,EBF1,EBF
965,1,-0.37601265,-0.39942494,1.2164536,FAM110C,MEF,ELF1,ETS
2982,1,0.22652079,-0.2053601,-2.3347836,TICRR,MEF,FOXA1,Forkhead
1336,1,-0.3777494,-0.24283965,-1.3650213,HIST1H3G,MEF,EGR1,Zf
1228,1,-0.5313326,-0.24450046,2.1909225,GPC5,MEF,ZKSCAN1,Zf
419,1,-1.2819929,-0.38195667,-1.012127,CCM2,MEF,FLI1,ETS
94,0,-0.26816452,-0.121736646,1.1446893,AHCYL2,LMC,TCF12,bHLH
902,1,0.03645469,-0.22810093,1.820464,ENTPD2,MEF,BACH1,bZIP
606,1,-0.07449697,-0.25159925,1.5473211,COL10A1,MEF,CTCF,Zf
1923,1,-0.34029287,-0.28884968,-6.197118,MYO1G,MEF,E2F4,E2F
2153,0,-0.011590093,-0.22249272,-1.5174005,PCLO,LMC,GATA3,Zf
530,1,-0.7844056,-0.2053601,1.2931513,CFAP57,MEF,FOXM1,Forkhead
586,0,-0.28616667,-0.25693348,-1.5158565,CLYBL,LMC,E2F6,E2F
1642,1,-0.39804247,-0.17255645,-2.2667716,LFNG,MEF,STAT1,Stat
1294,1,0.03645469,-0.22810093,-1.3355373,GSG2,MEF,BACH1,bZIP
3134,1,-0.22746871,-0.25187832,2.2825308,TTC21A,MEF,E2F6,E2F
2477,1,0.03645469,-0.22810093,1.4696742,RCAN2,MEF,BACH1,bZIP
2992,0,-0.169331,-0.25693348,-1.5962096,TLE2,LMC,E2F4,E2F
1239,0,-0.1124492,-0.24333258,3.7169876,GPR133,LMC,CTCF,Zf
839,0,-0.08106524,-0.08106524,-1.8998702,EBF1,LMC,TEAD4,TEA
2177,0,-0.16941127,-0.25471953,-1.0390031,PDIA5,LMC,FOS,bZIP
3259,1,-0.25341198,-0.22810093,-1.6842502,ZIC1,MEF,ATF3,bZIP
893,1,-0.42348737,-0.17137949,1.0541712,ENDOD1,MEF,STAT1,Stat
2439,0,-0.25007766,-0.37009746,1.095381,RALGPS2,LMC,IRF1,IRF
837,0,-0.26692143,-0.26692143,1.0701014,EAF1,LMC,EBF1,EBF
965,1,-0.25436184,-0.25436184,1.2164536,FAM110C,MEF,TEAD4,TEA
415,0,-0.08974322,-0.146989,2.2026498,CCL4,LMC,MAX,bHLH
1683,0,-0.10505258,-0.1342841,-1.5128583,LPIN3,LMC,BHLHE40,bHLH
613,0,-0.34029287,-0.28884968,-2.6248782,COL19A1,LMC,E2F4,E2F
2021,1,-0.76012087,-0.50137913,-1.0979886,NPAS4,MEF,CUX1,Homeobox
84,1,-0.17407607,-0.121736646,2.7219355,ADRB3,MEF,MAX,bHLH
1007,0,-0.22735961,-0.24550179,1.9239274,FAM78A,LMC,MAFF,bZIP
1045,1,-0.20953742,-0.22249272,-2.1285722,FES,MEF,MAZ,Zf
2505,0,-0.38071528,-0.24283965,1.9083076,RHPN2,LMC,ZNF263,Zf
295,0,-0.35806254,-0.38195667,-1.6202104,BIRC5,LMC,ETS1,ETS
350,0,-0.01444126,-0.17255645,1.39361,CADM3,LMC,STAT3,Stat
470,0,-0.17407607,-0.121736646,-1.6702565,CDC42EP5,LMC,MAX,bHLH
789,0,-0.2727483,-0.2712014,-1.8521272,DNER,LMC,E2F6,E2F
2773,0,-0.44168723,-0.24550179,-1.3000776,SLITRK5,LMC,FOS,bZIP
2418,0,-0.35132957,-0.35132957,-1.0006384,RAB30,LMC,HNF4A,NR
3110,0,0.048078425,-0.25471953,-2.4243805,TRIM71,LMC,BACH1,bZIP
2792,0,-0.96395135,-0.24333258,1.778019,SNHG11,LMC,BCL11A,Zf
1872,0,-0.43756613,-0.41931188,-1.7728605,MRC2,LMC,ETS1,ETS
2422,1,-0.91791576,-0.29509667,2.1295202,RAB39B,MEF,BATF,bZIP
1475,0,-0.1124492,-0.24333258,2.4685044,IRF5,LMC,CTCF,Zf
2830,0,0.07771543,-0.1980394,1.7553568,SPEF2,LMC,STAT3,Stat
1521,0,-0.34099022,-0.38195667,1.1230019,KAZN,LMC,ELK1,ETS
1502,1,-0.34370995,-0.24333258,2.003537,ITIH2,MEF,EGR1,Zf
1055,1,-0.056725405,-0.121736646,1.8330293,FGF5,MEF,BHLHE40,bHLH
1161,1,-0.2470073,-0.39005762,-1.5350251,GBX1,MEF,ETS1,ETS
642,1,-0.33080074,-0.22810093,-1.810868,CPXM1,MEF,MAFK,bZIP
2169,0,-0.26188308,-0.27780795,-1.3446639,PDE4D,LMC,FOSL2,bZIP
2339,1,-0.3569094,-0.25159925,1.182829,PROCR,MEF,ZNF263,Zf
466,1,-0.74316007,-0.3794154,-1.5081419,CDC25B,MEF,IRF3,IRF
421,1,-0.65735245,-0.17782252,-3.4695168,CCNB1,MEF,FOXM1,Forkhead
1643,1,-0.42348737,-0.17137949,-1.383364,LGALS3,MEF,STAT1,Stat
1696,1,-0.33296144,-0.24550179,-1.7019331,LRRC15,MEF,MAFK,bZIP
2033,0,-0.057535224,-0.27780795,-1.9519585,NR2F1,LMC,BACH1,bZIP
2074,0,-0.32442823,-0.39942494,2.1519072,OCLN,LMC,ELK1,ETS
1967,0,-0.3341544,-0.39005762,-1.1616241,NEDD9,LMC,ELF1,ETS
1083,1,-0.07449697,-0.25159925,-4.7686763,FMO2,MEF,CTCF,Zf
1621,0,-0.1826178,-0.24450046,1.6443251,LAMC2,LMC,SP1,Zf
1044,1,-0.15019357,-0.27780795,-5.357593,FERMT3,MEF,MAFF,bZIP
3076,1,-0.35453734,-0.24333258,1.2808591,TOB1,MEF,ZKSCAN1,Zf
1326,1,-0.7502766,-0.4621776,1.7722064,HERC3,MEF,IRF3,IRF
323,1,-0.20953742,-0.22249272,1.5764846,C1GALT1,MEF,MAZ,Zf
1911,0,-0.29979625,-0.24283965,2.5964108,MYL7,LMC,GATA1,Zf
1681,1,-0.3569094,-0.25159925,-1.4697692,LPAR2,MEF,ZNF263,Zf
2598,1,-0.26737517,-0.25159925,1.9485947,SDC4,MEF,ZKSCAN1,Zf
591,1,-0.3375485,-0.1342841,-1.332691,CNDP2,MEF,TCF12,bHLH
2563,1,-0.40605056,-0.25471953,-1.7429874,S1PR1,MEF,ATF2,bZIP
176,1,-0.120565586,-0.1342841,-5.3653564,ARAP3,MEF,MAX,bHLH
1655,1,-0.76012087,-0.50137913,-1.4939244,LIG1,MEF,CUX1,Homeobox
2304,0,-0.12554857,-0.24550179,-2.0846791,PPARGC1A,LMC,JUND,bZIP
2412,1,0.03116794,-0.22249272,-2.1315699,RAB19,MEF,CTCF,Zf
1777,1,-0.07763662,-0.20371658,-1.1807785,MATN2,MEF,FOXA2,Forkhead
2701,1,0.13713937,-0.20371658,1.6072477,SLC17A2,MEF,FOXA1,Forkhead
176,0,-0.41320115,-0.25471953,1.6893245,ARAP3,LMC,ATF1,bZIP
2705,0,-0.08974322,-0.146989,1.2930623,SLC18A1,LMC,MAX,bHLH
2361,0,-0.35806254,-0.38195667,1.0775473,PSAP,LMC,ETS1,ETS
18,0,-0.2064243,-0.25159925,1.6090713,ABLIM3,LMC,YY1,Zf
1377,0,-0.43345997,-0.22249272,2.4189181,HOXD1,LMC,ZNF263,Zf
2537,1,-0.3569094,-0.25159925,-1.8166342,RPS6KA1,MEF,ZNF263,Zf
1441,0,-0.11649651,-0.25471953,-1.9516912,IL17D,LMC,JUND,bZIP
1276,1,-0.17853236,-0.13941021,-1.0021031,GREB1L,MEF,MYOG,bHLH
587,1,-0.11649651,-0.25471953,-1.241753,CMKLR1,MEF,JUND,bZIP
2977,0,-0.48430756,-0.24313685,-1.9208775,THBS3,LMC,STAT1,Stat
1277,1,-0.1607576,-0.24283965,3.212005,GRHL1,MEF,MAZ,Zf
2423,1,-0.3375485,-0.1342841,3.468835,RAB3B,MEF,TCF12,bHLH
2880,1,-0.08974322,-0.146989,1.7059811,STEAP4,MEF,MAX,bHLH
2852,0,-0.21869276,-0.39005762,-1.4059516,SRD5A1,LMC,ELK4,ETS
2591,1,-0.03437175,-0.039668236,-1.7827389,SCN9A,MEF,RFX5,HTH
859,0,-0.18621291,-0.24333258,-1.016673,EFHC1,LMC,YY1,Zf
2211,0,-0.21895796,-0.21895796,-1.2130578,PIK3C2B,LMC,EBF1,EBF
37,1,-0.08106524,-0.08106524,-2.7343316,ACTA1,MEF,TEAD4,TEA
2214,1,0.048078425,-0.25471953,-3.0240712,PIK3R5,MEF,BACH1,bZIP
1375,1,-0.28899637,-0.29509667,-1.0630357,HOXC6,MEF,MAFF,bZIP
531,1,-0.39059436,-0.39059436,1.2192872,CFAP61,MEF,HNF4A,NR
488,1,-0.01444126,-0.17255645,-1.5366021,CDK1,MEF,STAT3,Stat
1154,1,-0.07449697,-0.25159925,1.8328152,GATA3,MEF,CTCF,Zf
1509,1,0.016314197,-0.13941021,-1.4488107,JADE1,MEF,USF1,bHLH
1642,0,-0.16561359,-0.22810093,1.3346491,LFNG,LMC,JUND,bZIP
2674,0,-0.21342848,-0.28884968,1.9006237,SIRPA,LMC,E2F6,E2F
533,1,0.018755239,0.02968777,-2.629579,CFP,MEF,RFX5,HTH
1453,1,-0.21907748,-0.27780795,5.756473,IL1RN,MEF,JUND,bZIP
519,0,-0.33817908,-0.29509667,-1.145698,CENPQ,LMC,FOS,bZIP
2579,0,-0.32442823,-0.39942494,-1.343132,SCARA3,LMC,ELK1,ETS
144,1,-0.37167174,-0.29509667,-2.612855,ANLN,MEF,ATF2,bZIP
2202,1,-0.065101475,-0.08148018,1.4637411,PGRMC1,MEF,RFX5,HTH
1204,1,-0.37601265,-0.39942494,-2.297817,GLIPR2,MEF,ELF1,ETS
1713,0,-0.2790477,-0.25471953,-2.0219324,LRRTM2,LMC,MAFF,bZIP
1057,1,-0.4733331,-0.39005762,1.781064,FGF9,MEF,ELK1,ETS
572,1,-0.07449697,-0.25159925,-5.1964183,CLEC12A,MEF,CTCF,Zf
1584,1,-0.21437913,-0.2712014,-1.2800558,KIRREL,MEF,E2F4,E2F
2921,0,-0.34278938,-0.41931188,1.4813716,SYT8,LMC,ELF1,ETS
25,1,-0.21907748,-0.27780795,3.1806698,ACHE,MEF,JUND,bZIP
965,0,0.016311714,0.00623205,1.182763,FAM110C,LMC,RFX5,HTH
2894,0,-0.2185933,-0.3794154,-1.0866947,STX1A,LMC,IRF1,IRF
1843,0,-0.39205822,-0.27780795,2.4930456,MMP10,LMC,MAFK,bZIP
3213,1,-0.659372,-0.27780795,-7.077798,WDFY4,MEF,BATF,bZIP
1766,1,-0.10505258,-0.1342841,-1.50423,MAPK11,MEF,BHLHE40,bHLH
484,1,0.22652079,-0.2053601,-1.72285,CDH24,MEF,FOXA1,Forkhead
1632,1,-0.120565586,-0.1342841,-3.12653,LCP2,MEF,MAX,bHLH
2472,1,-0.23244992,-0.52757335,-2.984346,RBM47,MEF,PBX3,Homeobox
3088,0,-0.01444126,-0.17255645,-1.338504,TPX2,LMC,STAT3,Stat
540,1,-0.36259097,-0.38195667,-1.2755494,CHD3,MEF,ELF1,ETS
1966,0,-0.18621291,-0.24333258,2.2173338,NEBL,LMC,YY1,Zf
144,1,-0.3625331,-0.38195667,-2.612855,ANLN,MEF,GABPA,ETS
3217,0,-0.34029287,-0.28884968,1.1876146,WDR91,LMC,E2F4,E2F
1051,1,-0.16561359,-0.22810093,1.4397565,FGF12,MEF,JUND,bZIP
2786,1,-0.10369535,-0.10008492,-1.2469294,SNAI1,MEF,BHLHE40,bHLH
2421,0,-0.10369535,-0.10008492,-1.4811571,RAB38,LMC,BHLHE40,bHLH
2024,1,-0.20916343,-0.20916343,-1.0663133,NPL,MEF,NRF1,NRF
2763,0,-0.18621291,-0.24333258,-1.3758038,SLC9A5,LMC,YY1,Zf
264,0,0.027763726,-0.25159925,1.459374,B4GALT5,LMC,GATA3,Zf
1167,1,-0.20953742,-0.22249272,-1.2382039,GCNT1,MEF,MAZ,Zf
1120,0,-0.11649651,-0.25471953,-1.0065273,FSTL1,LMC,JUND,bZIP
218,0,-0.8150283,-0.4653868,-1.3121011,ARTN,LMC,IRF4,IRF
22,0,-0.40787458,-0.3917693,-3.5115416,ACAN,LMC,GABPA,ETS
2743,0,-0.3070402,-0.24450046,1.4633803,SLC40A1,LMC,YY1,Zf
2766,0,-0.21437913,-0.2712014,2.0881596,SLCO2A1,LMC,E2F4,E2F
2413,0,-0.00943349,-0.121736646,1.2538403,RAB20,LMC,USF1,bHLH
714,1,-0.07763662,-0.20371658,5.836115,CYP1A1,MEF,FOXA2,Forkhead
3114,1,-0.2548157,-0.22810093,-3.242694,TROAP,MEF,MAFF,bZIP
282,1,0.018755239,0.02968777,1.7105174,BDNF,MEF,RFX5,HTH
1681,1,-0.31818998,-0.24333258,-1.4697692,LPAR2,MEF,ZEB1,Zf
2764,0,-0.3773888,-0.18281521,1.8032925,SLC9A9,LMC,STAT1,Stat
1925,1,-0.038338926,-0.10008492,1.9409447,MYO5C,MEF,MYOG,bHLH
1422,0,-0.24165441,-0.29509667,1.7266241,IGFBP4,LMC,JUND,bZIP
1279,1,-0.25436184,-0.25436184,1.2815939,GRIA2,MEF,TEAD4,TEA
1658,0,-0.12554857,-0.24550179,-1.1199588,LIMCH1,LMC,JUND,bZIP
2965,1,-0.174635,-0.24550179,-1.7823138,TFPI,MEF,FOSL2,bZIP
1417,1,-0.44224238,-0.29509667,-1.8870503,IGF1,MEF,MAFK,bZIP
2223,0,-0.21301334,-0.25187832,2.4232366,PKIB,LMC,E2F4,E2F
3265,1,-0.45963168,-0.45963168,-1.2940427,ZRANB3,MEF,TCF3,HMG
1695,1,-0.13149443,-0.22249272,-2.3293726,LRR1,MEF,SP1,Zf
1057,0,-0.440717,-0.25471953,1.0085961,FGF9,LMC,MAFK,bZIP
2124,0,-0.3610153,-0.22249272,1.5096653,PARK2,LMC,EGR1,Zf
94,0,-0.36645967,-0.22249272,1.1446893,AHCYL2,LMC,ZEB1,Zf
2416,0,-0.35453734,-0.24333258,-2.3170738,RAB27A,LMC,ZKSCAN1,Zf
3267,1,-0.63670325,-0.21953267,-1.183221,ZWILCH,MEF,FOXM1,Forkhead
811,0,-0.26737517,-0.25159925,2.3256583,DPYSL5,LMC,ZKSCAN1,Zf
2582,0,-0.24165441,-0.29509667,1.9440415,SCIN,LMC,JUND,bZIP
404,1,-0.35806254,-0.38195667,1.1330484,CCDC87,MEF,ETS1,ETS
2128,0,-0.13559982,-0.10008492,1.8577458,PARVG,LMC,MAX,bHLH
1248,0,0.06421617,-0.24450046,-1.1894871,GPR17,LMC,CTCF,Zf
2444,0,-0.3474289,-0.29509667,-1.919591,RANBP3L,LMC,ATF1,bZIP
38,0,-0.40605056,-0.25471953,-2.4281116,ACTA2,LMC,ATF2,bZIP
469,0,-0.01444126,-0.17255645,-1.0888088,CDC42EP4,LMC,STAT3,Stat
1190,1,-0.7695519,-0.25159925,-1.6213213,GINS1,MEF,ZBTB33,Zf
2074,0,-0.13994873,-0.2053601,2.1519072,OCLN,LMC,FOXA2,Forkhead
1096,1,0.048078425,-0.25471953,1.4133523,FOXC2,MEF,BACH1,bZIP
1143,1,-0.121607244,-0.24333258,2.7778296,GALNT3,MEF,GATA3,Zf
2938,1,-0.5795745,-0.22249272,1.8867676,TBX18,MEF,SP2,Zf
621,0,-0.39205822,-0.27780795,-1.3109366,COL5A2,LMC,MAFK,bZIP
2317,1,0.0745308,-0.10944186,-1.3451492,PPP1R3E,MEF,FOXA2,Forkhead
2133,1,-0.41913924,-0.24333258,-2.607935,PBK,MEF,ZBTB33,Zf
1894,0,-0.4649995,-0.41931188,-1.0037397,MTSS1L,LMC,GABPA,ETS
3161,0,0.13713937,-0.20371658,1.1137409,UBE2L6,LMC,FOXA1,Forkhead
2412,1,-0.21301334,-0.25187832,-2.1315699,RAB19,MEF,E2F4,E2F
2649,0,-0.20454665,-0.20454665,1.4618286,SH3BP2,LMC,TEAD4,TEA
965,1,0.041926194,-0.24283965,1.2164536,FAM110C,MEF,GATA3,Zf
3064,1,0.07771543,-0.1980394,3.4958272,TNFSF15,MEF,STAT3,Stat
1093,0,-0.44168723,-0.24550179,1.141777,FOS,LMC,FOS,bZIP
2676,1,0.03645469,-0.22810093,-2.1078053,SKA1,MEF,BACH1,bZIP
2263,0,-0.29979625,-0.24283965,2.6541307,PLN,LMC,GATA1,Zf
2196,1,-0.1607576,-0.24283965,-1.4853812,PGAP3,MEF,MAZ,Zf
3248,0,0.06421617,-0.24450046,1.9725045,ZBTB8B,LMC,CTCF,Zf
1219,0,-0.3439605,-0.3439605,2.0242908,GNGT2,LMC,NRF1,NRF
2140,0,-0.4467859,-0.3917693,-1.5070939,PCDH9,LMC,ELK1,ETS
2332,1,-0.21301334,-0.25187832,-1.3902781,PRIM1,MEF,E2F4,E2F
1074,1,-0.3341544,-0.39005762,-2.1304154,FKBP5,MEF,ELF1,ETS
1388,1,0.03645469,-0.22810093,3.329269,HRASLS,MEF,BACH1,bZIP
1789,1,-0.7502766,-0.4621776,-2.0146992,MCM3,MEF,IRF3,IRF
2373,0,-0.20308916,-0.4653868,1.6404351,PTGER4,LMC,IRF1,IRF
1320,0,-0.8150283,-0.4653868,1.9458708,HCST,LMC,IRF4,IRF
1404,1,-0.07763662,-0.20371658,-3.5408616,HTR2B,MEF,FOXA2,Forkhead
1923,1,0.06421617,-0.24450046,-6.197118,MYO1G,MEF,CTCF,Zf
2849,0,-0.2300118,-0.25159925,1.9335068,SPTB,LMC,MAZ,Zf
1089,1,-0.21437913,-0.2712014,-1.2231901,FNIP2,MEF,E2F4,E2F
2382,0,-0.3569094,-0.25159925,1.0109676,PTPN13,LMC,ZNF263,Zf
804,0,-0.3551913,-0.3551913,1.9543457,DPP4,LMC,HNF4A,NR
585,0,-0.21342848,-0.28884968,1.6729612,CLU,LMC,E2F6,E2F
854,0,-0.34099022,-0.38195667,1.3689325,EEPD1,LMC,ELK1,ETS
1571,1,0.048078425,-0.25471953,-2.078099,KIF20B,MEF,BACH1,bZIP
437,0,-0.34099022,-0.38195667,3.0556927,CD22,LMC,ELK1,ETS
1474,1,-0.62452394,-0.4713425,1.5855246,IQUB,MEF,IRF4,IRF
2892,1,-0.14989896,-0.14989896,1.5128534,STPG1,MEF,TEAD4,TEA
461,0,-0.2548157,-0.22810093,2.179585,CD84,LMC,MAFF,bZIP
157,1,-0.3610153,-0.22249272,-1.3312559,APBA1,MEF,EGR1,Zf
2550,1,-0.3058912,-0.24283965,-1.4012468,RTN1,MEF,YY1,Zf
233,0,0.016314197,-0.13941021,1.1636925,ATF6,LMC,USF1,bHLH
2166,1,-0.15764365,-0.14792581,-2.9733152,PDE3B,MEF,RFX5,HTH
2365,0,-0.169331,-0.25693348,1.6807243,PSMB8,LMC,E2F4,E2F
513,1,-0.3625331,-0.38195667,-1.6129766,CENPH,MEF,GABPA,ETS
1872,1,-0.45038855,-0.39942494,-1.071944,MRC2,MEF,GABPA,ETS
3267,0,-0.2470073,-0.39005762,-1.2638365,ZWILCH,LMC,ETS1,ETS
1726,1,-0.541412,-0.25159925,-1.5292109,LY6E,MEF,EGR1,Zf
1916,1,0.09181779,-0.20306948,1.0238945,MYLK3,MEF,MEF2C,MADS
1236,0,-0.3569094,-0.25159925,-1.5351888,GPR124,LMC,ZNF263,Zf
1444,0,-0.10827843,-0.121736646,1.291219,IL18,LMC,USF2,bHLH
2330,1,-0.3610153,-0.22249272,-1.386103,PREX1,MEF,EGR1,Zf
747,0,-0.34914914,-0.27780795,-1.0409411,DENND3,LMC,FOS,bZIP
2365,0,0.011842721,-0.21953267,1.6807243,PSMB8,LMC,FOXA1,Forkhead
1326,1,-0.3058912,-0.24283965,1.7722064,HERC3,MEF,YY1,Zf
511,1,-0.44224238,-0.29509667,-2.789674,CENPE,MEF,MAFK,bZIP
517,0,-0.35453734,-0.24333258,-1.3688151,CENPN,LMC,ZKSCAN1,Zf
652,1,-0.2849582,-0.2849582,-3.3835373,CRIP1,MEF,EBF1,EBF
1547,0,-0.08106524,-0.08106524,1.4255404,KCNJ2,LMC,TEAD4,TEA
2102,0,-0.38278377,-0.42379856,2.0725229,P2RY12,LMC,PBX3,Homeobox
2564,1,-0.10827843,-0.121736646,-1.2048824,S1PR2,MEF,USF2,bHLH
335,0,-0.3076643,-0.4621776,2.3234644,C5AR2,LMC,IRF1,IRF
2335,0,-0.32700178,-0.25159925,2.8110442,PRKCB,LMC,GATA1,Zf
452,1,-0.4776695,-0.22249272,1.1053462,CD55,MEF,ZKSCAN1,Zf
1121,0,-0.65735245,-0.17782252,-1.0994569,FSTL3,LMC,FOXM1,Forkhead
2027,0,-0.10505258,-0.1342841,1.5599903,NPTX1,LMC,BHLHE40,bHLH
303,1,0.22652079,-0.2053601,1.4564615,BMP8B,MEF,FOXA1,Forkhead
179,1,-0.17407607,-0.121736646,-2.858247,ARHGAP15,MEF,MAX,bHLH
473,0,-0.14989896,-0.14989896,-1.7247705,CDCA2,LMC,TEAD4,TEA
609,1,-0.33280078,-0.24333258,2.5871143,COL14A1,MEF,GATA2,Zf
2592,1,-0.43345997,-0.22249272,-1.4963193,SCRT1,MEF,ZNF263,Zf
1163,0,-0.40787458,-0.3917693,2.620298,GCH1,LMC,GABPA,ETS
2438,1,-0.08974322,-0.146989,2.1386268,RAI2,MEF,MAX,bHLH
534,0,-0.26692143,-0.26692143,-1.9663967,CGNL1,LMC,EBF1,EBF
2365,1,-0.4467859,-0.3917693,-1.752547,PSMB8,MEF,ELK1,ETS
1007,0,0.048078425,-0.25471953,1.9239274,FAM78A,LMC,BACH1,bZIP
665,0,-0.10827843,-0.121736646,1.8592032,CSF2RB,LMC,USF2,bHLH
2767,0,-0.22240412,-0.10008492,-1.8096188,SLCO3A1,LMC,TCF12,bHLH
1213,1,-0.440717,-0.25471953,1.1398317,GNAI1,MEF,MAFK,bZIP
1990,1,-0.34304273,-0.52757335,-2.0896924,NID1,MEF,NANOG,Homeobox
675,1,-0.3076643,-0.4621776,1.8166595,CST3,MEF,IRF1,IRF
581,1,-0.049117733,-0.13941021,-2.508261,CLMP,MEF,MAX,bHLH
1119,0,-0.14989896,-0.14989896,-1.5699158,FST,LMC,TEAD4,TEA
818,1,-0.8875255,-0.25471953,-2.164502,DTL,MEF,BATF,bZIP
2262,1,-0.3933147,-0.24283965,1.3611525,PLLP,MEF,ZKSCAN1,Zf
585,1,-0.009364229,-0.17137949,1.8285992,CLU,MEF,STAT3,Stat
2554,1,-0.42348737,-0.17137949,1.4301738,RTP4,MEF,STAT1,Stat
2046,0,-0.009364229,-0.17137949,-1.0411365,NT5C3B,LMC,STAT3,Stat
948,1,-0.34099022,-0.38195667,-1.2887987,F2R,MEF,ELK1,ETS
2122,1,-0.26188308,-0.27780795,1.9113377,PAQR6,MEF,FOSL2,bZIP
931,1,-0.34278938,-0.41931188,-1.2306563,EVA1B,MEF,ELF1,ETS
2048,0,-0.22240412,-0.10008492,1.6435283,NT5E,LMC,TCF12,bHLH
250,1,-0.36645967,-0.22249272,-2.346532,AUNIP,MEF,ZEB1,Zf
2457,0,-0.17407607,-0.121736646,1.8391725,RASGRF2,LMC,MAX,bHLH
851,0,-0.15764365,-0.14792581,3.430662,EDN2,LMC,RFX5,HTH
3197,0,-0.2954083,-0.24550179,2.6256406,VILL,LMC,ATF3,bZIP
251,0,-0.11649651,-0.25471953,-1.4332783,AURKA,LMC,JUND,bZIP
319,1,-0.34370995,-0.24333258,1.0997815,BTN2A2,MEF,EGR1,Zf
150,1,-0.174635,-0.24550179,-1.5063857,ANXA4,MEF,FOSL2,bZIP
1961,1,0.048078425,-0.25471953,1.0186924,NDRG3,MEF,BACH1,bZIP
1349,1,-0.22735961,-0.24550179,-1.1300734,HN1,MEF,MAFF,bZIP
2222,0,-0.2300118,-0.25159925,1.4980257,PKHD1L1,LMC,MAZ,Zf
314,1,-0.08617797,-0.146989,1.1089758,BTBD11,MEF,MYOG,bHLH
2842,1,-0.40533945,-0.39005762,-1.7002497,SPON2,MEF,GABPA,ETS
2929,1,-0.058015816,-0.18281521,-1.4088733,TACC3,MEF,STAT3,Stat
3065,1,-0.2678836,-0.24283965,-1.6720701,TNIK,MEF,SP1,Zf
2802,0,-0.29687634,-0.29687634,1.0155102,SOCS6,LMC,PAX5,"Paired,Homeobox"
87,0,-0.7485091,-0.20371658,-1.0760291,AFF3,LMC,FOXM1,Forkhead
264,0,-0.2727483,-0.2712014,1.459374,B4GALT5,LMC,E2F6,E2F
953,1,-0.33817908,-0.29509667,1.0861168,FAAH,MEF,FOS,bZIP
678,0,-0.20953742,-0.22249272,1.3000749,CTDSPL,LMC,MAZ,Zf
1277,1,-0.12447846,-0.22249272,3.212005,GRHL1,MEF,GATA2,Zf
562,1,-0.3777494,-0.24283965,-1.191863,CKAP2,MEF,EGR1,Zf
3202,1,-0.0005437653,-0.1342841,1.5107996,VNN1,MEF,USF1,bHLH
1607,1,0.03116794,-0.22249272,-2.105472,KRT19,MEF,CTCF,Zf
2114,1,-0.1689725,-0.13941021,1.6493459,PAK6,MEF,BHLHE40,bHLH
1627,1,-0.21907748,-0.27780795,-5.3725543,LAT2,MEF,JUND,bZIP
2033,0,-0.8150283,-0.4653868,-1.9519585,NR2F1,LMC,IRF4,IRF
1236,0,-0.10369535,-0.10008492,-1.5351888,GPR124,LMC,BHLHE40,bHLH
905,1,-0.45963168,-0.45963168,1.3882746,EPHA3,MEF,TCF3,HMG
138,0,-0.46846294,-0.46846294,-2.360335,ANKLE1,LMC,TCF3,HMG
2889,1,-0.15764365,-0.14792581,1.3339475,STMN4,MEF,RFX5,HTH
2777,0,-0.9526392,-0.4653868,1.3346709,SMARCA2,LMC,IRF3,IRF
644,0,-0.057535224,-0.27780795,-3.9277136,CRABP1,LMC,BACH1,bZIP
3121,1,-0.25436184,-0.25436184,1.5245988,TSHR,MEF,TEAD4,TEA
3195,1,-0.21301334,-0.25187832,-1.7373035,VDR,MEF,E2F4,E2F
2362,0,-1.5423862,-0.39005762,-1.2187368,PSAT1,LMC,FLI1,ETS
2082,0,-0.1124492,-0.24333258,1.6769947,OLFML2B,LMC,CTCF,Zf
1947,1,-1.38777,-0.41931188,-1.986602,NCAPG,MEF,FLI1,ETS
1426,1,-0.065101475,-0.08148018,3.0351558,IGSF1,MEF,RFX5,HTH
138,1,-0.38059002,-0.38059002,-2.2497957,ANKLE1,MEF,PAX5,"Paired,Homeobox"
1556,1,-0.2997486,-0.24333258,-1.6057874,KCNS3,MEF,ZNF263,Zf
2541,1,-0.4649995,-0.41931188,-1.4664801,RRM1,MEF,GABPA,ETS
2430,1,-0.7502766,-0.4621776,-1.3141602,RACGAP1,MEF,IRF3,IRF
3243,0,-0.009410201,-0.10008492,-1.1205866,YBX3,LMC,USF2,bHLH
62,0,-0.21361919,-0.25471953,-1.7200596,ADAMTS6,LMC,ATF3,bZIP
1411,1,-0.121607244,-0.24333258,-1.6255398,IDH2,MEF,GATA3,Zf
42,1,-0.0013588448,-0.24283965,2.3429568,ACVR1C,MEF,CTCF,Zf
479,0,-0.36259097,-0.38195667,4.506826,CDH1,LMC,ELF1,ETS
1089,0,-0.07763662,-0.20371658,1.3984087,FNIP2,LMC,FOXA2,Forkhead
20,1,-0.17702122,-0.27780795,3.928208,ABRA,MEF,ATF1,bZIP
3160,1,-0.22240412,-0.10008492,-2.8941476,UBE2C,MEF,TCF12,bHLH
1885,0,-0.36351123,-0.50137913,1.5789908,MST1R,LMC,PBX3,Homeobox
43,1,-0.38071528,-0.24283965,-1.1028354,ACY1,MEF,ZNF263,Zf
1413,0,-0.38490406,-0.38490406,1.9056824,IFIT1,LMC,PAX5,"Paired,Homeobox"
2168,1,-0.01444126,-0.17255645,-1.114117,PDE4B,MEF,STAT3,Stat
749,1,-0.20308916,-0.4653868,-2.568223,DEPDC1B,MEF,IRF1,IRF
2148,0,-0.08974322,-0.146989,-1.0057567,PCDHGC3,LMC,MAX,bHLH
2536,1,-0.34029287,-0.28884968,4.0988145,RPS27,MEF,E2F4,E2F
3027,1,-0.15019357,-0.27780795,1.3271227,TMEM184A,MEF,MAFF,bZIP
58,1,-0.29360482,-0.13941021,-1.678059,ADAMTS16,MEF,TCF12,bHLH
1423,1,-0.21342848,-0.28884968,3.18467,IGFBP5,MEF,E2F6,E2F
2773,1,-0.03437175,-0.039668236,3.0316215,SLITRK5,MEF,RFX5,HTH
2292,1,-0.13149443,-0.22249272,-1.5553532,POLQ,MEF,SP1,Zf
1364,1,-0.33639127,-0.4713425,-1.2695204,HOXB2,MEF,IRF1,IRF
3074,0,-0.01444126,-0.17255645,1.9503715,TNS4,LMC,STAT3,Stat
1487,0,-0.3341544,-0.39005762,-2.077426,ITGA1,LMC,ELF1,ETS
3005,1,-0.169331,-0.25693348,-1.009715,TMC7,MEF,E2F4,E2F
679,0,-0.2064243,-0.25159925,-2.8674772,CTHRC1,LMC,YY1,Zf
202,1,-0.91791576,-0.29509667,1.0118848,ARID5A,MEF,BATF,bZIP
452,1,-0.12554857,-0.24550179,1.1053462,CD55,MEF,JUND,bZIP
1422,1,-0.46016192,-0.24450046,2.4270205,IGFBP4,MEF,EGR1,Zf
3056,1,-0.20776576,-0.20776576,-5.5076947,TNFAIP8L2,MEF,EBF1,EBF
2384,1,-0.1826178,-0.24450046,1.9310234,PTPN22,MEF,SP1,Zf
556,0,-0.22240412,-0.10008492,-1.5919069,CHSY3,LMC,TCF12,bHLH
3028,1,-0.11649651,-0.25471953,-1.0065502,TMEM191C,MEF,JUND,bZIP
945,0,-0.39900714,-0.22249272,1.6291311,EZR,LMC,GATA1,Zf
398,1,-0.3430542,-0.3430542,1.0387565,CCDC63,MEF,PAX5,"Paired,Homeobox"
1435,0,-0.17702122,-0.27780795,2.724261,IL10,LMC,ATF1,bZIP
2688,0,-0.2548157,-0.22810093,2.7996955,SLC13A4,LMC,MAFF,bZIP
2277,1,-0.42348737,-0.17137949,-1.672663,PMF1,MEF,STAT1,Stat
2969,0,-0.39900714,-0.22249272,-1.3902878,TGFB1I1,LMC,GATA1,Zf
1933,1,0.027763726,-0.25159925,-3.0799553,NAALAD2,MEF,GATA3,Zf
2464,0,-0.17407607,-0.121736646,-1.4999887,RASSF6,LMC,MAX,bHLH
2576,0,0.17063665,-0.10944186,1.0002496,SATB1,LMC,FOXA1,Forkhead
2704,0,-0.22240412,-0.10008492,-1.4064982,SLC17A9,LMC,TCF12,bHLH
672,0,0.027763726,-0.25159925,-1.4950591,CSRP1,LMC,GATA3,Zf
794,0,-0.056725405,-0.121736646,1.9015518,DOCK2,LMC,BHLHE40,bHLH
2645,0,-0.48430756,-0.24313685,1.9081333,SH2D4B,LMC,STAT1,Stat
41,1,-0.120565586,-0.1342841,-1.2971035,ACTN3,MEF,MAX,bHLH
2493,1,-0.3375485,-0.1342841,1.8085946,RGS17,MEF,TCF12,bHLH
1350,1,-0.3625331,-0.38195667,1.0386949,HNMT,MEF,GABPA,ETS
103,0,-0.38490406,-0.38490406,-1.3047225,AKAP12,LMC,PAX5,"Paired,Homeobox"
2807,0,-0.33058694,-0.3917693,1.3982675,SORL1,LMC,ELF1,ETS
2816,0,-0.42348737,-0.17137949,1.4846952,SP110,LMC,STAT1,Stat
221,1,-0.056725405,-0.121736646,3.0301573,ASB16,MEF,BHLHE40,bHLH
2517,0,0.07771543,-0.1980394,-3.7459342,RNF144A,LMC,STAT3,Stat
1860,0,-0.76012087,-0.50137913,1.3824726,MOCOS,LMC,CUX1,Homeobox
1781,0,-0.20776576,-0.20776576,1.5378258,MBP,LMC,EBF1,EBF
2288,1,-0.34370995,-0.24333258,-1.222358,POLA1,MEF,EGR1,Zf
1756,0,-0.1124492,-0.24333258,-2.3720164,MAOB,LMC,CTCF,Zf
435,0,-0.24165441,-0.29509667,1.1846792,CD200,LMC,JUND,bZIP
389,1,-0.8933479,-0.52757335,2.016568,CCDC153,MEF,CUX1,Homeobox
2837,0,-0.038338926,-0.10008492,1.6261545,SPINT2,LMC,MYOG,bHLH
311,1,-0.63670325,-0.21953267,-1.1585374,BRIP1,MEF,FOXM1,Forkhead
797,1,-0.1505293,-0.1342841,-1.8619363,DOK2,MEF,USF2,bHLH
156,1,-0.3070402,-0.24450046,1.0755199,AP3M2,MEF,YY1,Zf
162,1,-0.28616667,-0.25693348,3.098799,APLN,MEF,E2F6,E2F
1419,0,-0.13149443,-0.22249272,-1.2156954,IGF2BP1,LMC,SP1,Zf
2920,1,-0.2790477,-0.25471953,2.0846374,SYT7,MEF,MAFF,bZIP
1489,1,-0.058015816,-0.18281521,2.9909916,ITGA2,MEF,STAT3,Stat
2747,0,-0.45963168,-0.45963168,1.1855206,SLC44A1,LMC,TCF3,HMG
1809,1,0.028543921,-0.29509667,-1.1236551,MESDC1,MEF,BACH1,bZIP
1739,0,-0.33080074,-0.22810093,2.4713123,M1AP,LMC,MAFK,bZIP
2014,0,-0.39205822,-0.27780795,1.0341421,NOS1AP,LMC,MAFK,bZIP
2958,0,-0.2997486,-0.24333258,-1.3373098,TET1,LMC,ZNF263,Zf
1530,0,-0.20776576,-0.20776576,1.6391324,KCNAB2,LMC,EBF1,EBF
24,1,-0.65183055,-0.47267562,2.1553288,ACE,MEF,CUX1,Homeobox
1917,0,-0.17513762,-0.146989,-1.1573383,MYO16,LMC,BHLHE40,bHLH
2308,1,-0.2300118,-0.25159925,1.3704175,PPFIBP2,MEF,MAZ,Zf
1859,1,-0.37527534,-0.37527534,-1.0344467,MNS1,MEF,NRF1,NRF
1780,0,0.21614419,-0.17782252,-1.1029267,MBOAT2,LMC,FOXA1,Forkhead
854,1,-0.28121933,-0.25159925,-1.885986,EEPD1,MEF,SP1,Zf
465,0,-0.4733331,-0.39005762,-2.1160264,CDC20,LMC,ELK1,ETS
2655,0,-0.14724034,-0.14724034,2.5084782,SHANK1,LMC,EBF1,EBF
2275,1,-0.35318726,-0.41931188,2.3952186,PM20D2,MEF,ELK1,ETS
1206,1,-0.12554857,-0.24550179,1.9083136,GLIS3,MEF,JUND,bZIP
346,1,-0.34304273,-0.52757335,2.3050516,CACNB2,MEF,NANOG,Homeobox
2815,1,-0.4733331,-0.39005762,-2.193145,SP100,MEF,ELK1,ETS
2553,0,-0.28121933,-0.25159925,2.4957607,RTN4RL2,LMC,SP1,Zf
156,1,-0.3869897,-0.39942494,1.0755199,AP3M2,MEF,ETS1,ETS
3145,1,-0.21361919,-0.25471953,-1.3294976,TUBA1B,MEF,ATF3,bZIP
27,1,-0.0005437653,-0.1342841,2.1844993,ACKR3,MEF,USF1,bHLH
2854,0,-0.17853236,-0.13941021,-1.2177047,SRL,LMC,MYOG,bHLH
3168,1,-0.3439605,-0.3439605,-3.5868664,ULBP1,MEF,NRF1,NRF
1575,1,-0.4733331,-0.39005762,1.0329986,KIF26A,MEF,ELK1,ETS
691,1,-0.29979625,-0.24283965,-8.871389,CTSS,MEF,GATA1,Zf
1840,0,-0.13149443,-0.22249272,2.1801987,MMD,LMC,SP1,Zf
1329,0,-0.07449697,-0.25159925,1.7447802,HHEX,LMC,CTCF,Zf
1783,1,-0.0013588448,-0.24283965,-1.3982825,MCAM,MEF,CTCF,Zf
2343,1,-0.192465,-0.27780795,-2.244646,PRR11,MEF,ATF3,bZIP
2562,0,-0.01444126,-0.17255645,2.5597765,S100A8,LMC,STAT3,Stat
2224,1,-0.058015816,-0.18281521,-2.260149,PKMYT1,MEF,STAT3,Stat
2542,0,-0.30779734,-0.3917693,-1.5441597,RRM2,LMC,ETS1,ETS
2909,1,-0.121607244,-0.24333258,-1.8490396,SYK,MEF,GATA3,Zf
1972,0,-0.009410201,-0.10008492,-1.1155492,NEK8,LMC,USF2,bHLH
3062,0,-0.32700178,-0.25159925,1.3952664,TNFRSF1B,LMC,GATA1,Zf
1018,0,-0.08106524,-0.08106524,-2.6442215,FAP,LMC,TEAD4,TEA
1359,1,-0.18398622,-0.29509667,-1.859574,HOXA4,MEF,ATF3,bZIP
1443,0,-0.08106524,-0.08106524,-1.0708433,IL17RC,LMC,TEAD4,TEA
839,0,-0.51944894,-0.25159925,-1.8998702,EBF1,LMC,BCL11A,Zf
1273,0,-0.2470073,-0.39005762,-2.0948274,GRASP,LMC,ETS1,ETS
3084,1,-0.21361919,-0.25471953,2.0897598,TPH2,MEF,ATF3,bZIP
1476,1,-0.01444126,-0.17255645,1.6184896,IRF6,MEF,STAT3,Stat
1636,1,-0.20953742,-0.22249272,1.4254256,LDHD,MEF,MAZ,Zf
1465,0,-0.009410201,-0.10008492,1.4524996,INPP4B,LMC,USF2,bHLH
181,0,-0.17702122,-0.27780795,1.7860496,ARHGAP19,LMC,ATF1,bZIP
1749,0,-0.29414836,-0.26135686,1.2981921,MAMDC2,LMC,E2F6,E2F
315,0,-0.10369535,-0.10008492,-1.1530434,BTBD3,LMC,BHLHE40,bHLH
420,1,-0.38059002,-0.38059002,-2.2738292,CCNA2,MEF,PAX5,"Paired,Homeobox"
254,1,-0.01444126,-0.17255645,3.2201214,AXIN2,MEF,STAT3,Stat
3007,0,-0.76012087,-0.50137913,1.5005039,TMEM106A,LMC,CUX1,Homeobox
2601,0,-0.169331,-0.25693348,-1.3300989,SEC14L5,LMC,E2F4,E2F
2452,0,-0.35318726,-0.41931188,1.991749,RASAL3,LMC,ELK1,ETS
1522,0,-0.43756613,-0.41931188,1.2068585,KBTBD8,LMC,ETS1,ETS
3182,1,-0.21437913,-0.2712014,2.4492438,USP29,MEF,E2F4,E2F
2168,0,-0.2913164,-0.42379856,-1.5470585,PDE4B,LMC,NANOG,Homeobox
2352,1,-0.056725405,-0.121736646,-3.1927187,PRSS16,MEF,BHLHE40,bHLH
1048,0,-0.19612858,-0.146989,3.2970698,FGF1,LMC,USF2,bHLH
2323,1,-0.28899637,-0.29509667,-2.6390612,PRC1,MEF,MAFF,bZIP
1522,1,-0.32700178,-0.25159925,1.0859743,KBTBD8,MEF,GATA1,Zf
683,0,-0.45963168,-0.45963168,1.6376765,CTSB,LMC,TCF3,HMG
2706,0,-0.5069276,-0.27780795,1.1320416,SLC1A2,LMC,ATF2,bZIP
1969,1,-0.46165287,-0.4067228,-2.4533186,NEIL3,MEF,CUX1,Homeobox
226,1,0.028543921,-0.29509667,-2.1260629,ASF1B,MEF,BACH1,bZIP
2847,0,-0.26737517,-0.25159925,1.6670033,SPRY4,LMC,ZKSCAN1,Zf
2277,1,-0.03437175,-0.039668236,-1.672663,PMF1,MEF,RFX5,HTH
2505,0,-0.22240412,-0.10008492,1.9083076,RHPN2,LMC,TCF12,bHLH
1256,1,-0.056725405,-0.121736646,5.22777,GPR37,MEF,BHLHE40,bHLH
456,1,-0.17407607,-0.121736646,-5.5469213,CD72,MEF,MAX,bHLH
159,1,-0.5069276,-0.27780795,-1.3802844,APBB1IP,MEF,ATF2,bZIP
2913,1,-0.440717,-0.25471953,1.7464386,SYNGR3,MEF,MAFK,bZIP
1317,0,-0.2300118,-0.25159925,1.7097849,HCLS1,LMC,MAZ,Zf
880,1,-0.3569094,-0.25159925,3.0154016,ELMOD1,MEF,ZNF263,Zf
542,0,-0.64209527,-0.1980394,1.6321921,CHD7,LMC,STAT1,Stat
1007,1,-0.33296144,-0.24550179,-1.8098384,FAM78A,MEF,MAFK,bZIP
2734,0,-0.2997486,-0.24333258,-2.5573225,SLC35F2,LMC,ZNF263,Zf
579,1,-0.42348737,-0.17137949,3.342797,CLIP4,MEF,STAT1,Stat
2632,1,-0.19842377,-0.50137913,-2.4648864,SEZ6L2,MEF,NANOG,Homeobox
1232,1,-0.33080074,-0.22810093,2.498686,GPM6B,MEF,MAFK,bZIP
838,1,-0.46165287,-0.4067228,1.0910553,EAF2,MEF,CUX1,Homeobox
2247,1,-0.07449697,-0.25159925,2.2542877,PLEKHA6,MEF,CTCF,Zf
2592,1,-0.057535224,-0.27780795,-1.4963193,SCRT1,MEF,BACH1,bZIP
1245,0,-0.07449697,-0.25159925,1.7366654,GPR157,LMC,CTCF,Zf
155,1,-0.169331,-0.25693348,-1.0362561,AP1G2,MEF,E2F4,E2F
2076,0,0.06421617,-0.24450046,-2.9300067,OGN,LMC,CTCF,Zf
1398,1,-0.37167174,-0.29509667,1.0845106,HSPA4L,MEF,ATF2,bZIP
2878,1,0.023197008,-0.146989,1.7400861,STC2,MEF,USF1,bHLH
386,1,0.018755239,0.02968777,1.0238707,CCDC122,MEF,RFX5,HTH
2489,0,-0.057535224,-0.27780795,-1.3163266,RGMA,LMC,BACH1,bZIP
2473,1,-0.21895796,-0.21895796,-3.452491,RBP1,MEF,EBF1,EBF
518,1,-0.0061152284,-0.10008492,-1.4699304,CENPP,MEF,USF1,bHLH
620,0,-0.26816452,-0.121736646,-1.596438,COL5A1,LMC,TCF12,bHLH
469,0,-0.14724034,-0.14724034,-1.0888088,CDC42EP4,LMC,EBF1,EBF
1189,1,-0.19612858,-0.146989,1.736382,GIMAP6,MEF,USF2,bHLH
860,1,-0.38490406,-0.38490406,2.1151733,EFHD1,MEF,PAX5,"Paired,Homeobox"
1628,0,-0.36049217,-0.22810093,-1.0319375,LBR,LMC,FOS,bZIP
1119,0,-0.3076643,-0.4621776,-1.5699158,FST,LMC,IRF1,IRF
1957,0,-0.11649651,-0.25471953,-1.6446601,NDC80,LMC,JUND,bZIP
1748,1,-0.09351536,-0.24313685,1.6248564,MALL,MEF,STAT3,Stat
2450,0,-0.049117733,-0.13941021,-1.0523133,RARG,LMC,MAX,bHLH
2465,0,0.0745308,-0.10944186,1.9841317,RASSF9,LMC,FOXA2,Forkhead
1796,0,-0.4409798,-0.24450046,-1.3002074,MDGA1,LMC,ZEB1,Zf
496,0,-0.16941127,-0.25471953,-1.4552879,CDKN3,LMC,FOS,bZIP
920,0,-0.07763662,-0.20371658,2.3110852,ESAM,LMC,FOXA2,Forkhead
2365,0,-0.07449697,-0.25159925,1.6807243,PSMB8,LMC,CTCF,Zf
3223,1,-0.15764365,-0.14792581,1.0999924,WNK3,MEF,RFX5,HTH
2988,1,-0.07949572,-0.21953267,2.4701684,TIPARP,MEF,FOXA2,Forkhead
3176,1,-0.21361919,-0.25471953,-3.5481346,UNC93B1,MEF,ATF3,bZIP
488,1,-0.29979625,-0.24283965,-1.5366021,CDK1,MEF,GATA1,Zf
565,0,-0.4733331,-0.39005762,-1.0084794,CKS1B,LMC,ELK1,ETS
942,1,-0.120565586,-0.1342841,2.2301526,EYA2,MEF,MAX,bHLH
1168,1,0.018755239,0.02968777,-1.4900697,GCNT2,MEF,RFX5,HTH
2661,0,-0.41320115,-0.25471953,-1.2295792,SHF,LMC,ATF1,bZIP
2406,1,-0.011590093,-0.22249272,-2.2290986,PYROXD2,MEF,GATA3,Zf
548,0,-0.5315311,-0.5315311,1.6800578,CHRNA1,LMC,PAX5,"Paired,Homeobox"
265,1,0.13713937,-0.20371658,-1.1411111,BAG2,MEF,FOXA1,Forkhead
2514,1,-0.34914914,-0.27780795,-1.7447139,RNASEL,MEF,FOS,bZIP
1319,0,-0.13559982,-0.10008492,2.3808057,HCN4,LMC,MAX,bHLH
1827,1,-0.45963168,-0.45963168,-1.5507092,MIAT,MEF,TCF3,HMG
2530,0,-0.440717,-0.25471953,-2.7401004,ROR2,LMC,MAFK,bZIP
421,1,-0.26816452,-0.121736646,-3.4695168,CCNB1,MEF,TCF12,bHLH
2291,0,-0.37527534,-0.37527534,-1.2387993,POLE2,LMC,NRF1,NRF
1612,0,-0.29360482,-0.13941021,2.5736082,KYNU,LMC,TCF12,bHLH
1423,1,-0.1124492,-0.24333258,3.18467,IGFBP5,MEF,CTCF,Zf
2798,1,-0.3058912,-0.24283965,-4.3869257,SNX20,MEF,YY1,Zf
2914,1,-0.038338926,-0.10008492,3.8033676,SYNM,MEF,MYOG,bHLH
1699,1,-0.15054174,-0.24450046,1.5158956,LRRC2,MEF,GATA3,Zf
2166,1,-0.16561359,-0.22810093,-2.9733152,PDE3B,MEF,JUND,bZIP
2242,1,-0.16561359,-0.22810093,-1.2764739,PLD2,MEF,JUND,bZIP
1631,0,-0.32442823,-0.39942494,1.8876575,LCP1,LMC,ELK1,ETS
1101,0,-0.36049217,-0.22810093,-1.5624956,FOXM1,LMC,FOS,bZIP
2661,0,-0.21918109,-0.21918109,-1.2295792,SHF,LMC,TCF3,HMG
476,1,-0.15019357,-0.27780795,-1.5113796,CDCA7,MEF,MAFF,bZIP
2837,1,0.011842721,-0.21953267,2.7942443,SPINT2,MEF,FOXA1,Forkhead
2273,0,-0.91791576,-0.29509667,2.0984888,PLXNC1,LMC,BATF,bZIP
474,1,-0.0061152284,-0.10008492,-2.0174904,CDCA3,MEF,USF1,bHLH
108,1,-0.33817908,-0.29509667,1.0786273,ALCAM,MEF,FOS,bZIP
1778,1,-0.34278938,-0.41931188,-2.735698,MATN3,MEF,ELF1,ETS
2640,1,-1.38777,-0.41931188,-2.327651,SGOL1,MEF,FLI1,ETS
2564,1,0.016311714,0.00623205,-1.2048824,S1PR2,MEF,RFX5,HTH
198,1,-0.48430756,-0.24313685,-3.3044653,ARHGEF39,MEF,STAT1,Stat
838,1,-0.19612858,-0.146989,1.0910553,EAF2,MEF,USF2,bHLH
2025,0,-0.08617797,-0.146989,2.536726,NPR1,LMC,MYOG,bHLH
2946,0,-0.21301334,-0.25187832,-1.1460094,TCF19,LMC,E2F4,E2F
3250,1,-0.63670325,-0.21953267,-2.3911982,ZC3HAV1L,MEF,FOXM1,Forkhead
840,0,0.041926194,-0.24283965,-2.3962362,EBF2,LMC,GATA3,Zf
653,1,-0.32700178,-0.25159925,1.8099811,CRISP2,MEF,GATA1,Zf
2716,0,0.048078425,-0.25471953,1.2643375,SLC25A45,LMC,BACH1,bZIP
2457,0,-0.00943349,-0.121736646,1.8391725,RASGRF2,LMC,USF1,bHLH
926,1,-0.38278377,-0.42379856,-1.3294209,ESYT1,MEF,PBX3,Homeobox
3203,0,0.016314197,-0.13941021,-1.3290813,VSIG10L,LMC,USF1,bHLH
3190,0,-0.20776576,-0.20776576,2.2938786,VAV1,LMC,EBF1,EBF
1863,1,-0.057535224,-0.27780795,1.3866092,MORN4,MEF,BACH1,bZIP
2879,1,-0.30776003,-0.24450046,-1.1251734,STEAP3,MEF,ZNF263,Zf
2847,0,-0.3058912,-0.24283965,1.6670033,SPRY4,LMC,YY1,Zf
381,1,-0.5980523,-0.24283965,1.1394454,CCDC103,MEF,ZBTB33,Zf
273,1,-0.21907748,-0.27780795,1.2556336,BBS4,MEF,JUND,bZIP
2926,0,0.17063665,-0.10944186,-1.580135,SYTL5,LMC,FOXA1,Forkhead
1162,1,-0.25007766,-0.37009746,1.5318578,GCA,MEF,IRF1,IRF
2665,1,-0.7485091,-0.20371658,-5.13463,SHISA9,MEF,FOXM1,Forkhead
2294,1,-0.4733331,-0.39005762,2.1691418,POPDC3,MEF,ELK1,ETS
1738,1,-0.0317704,-0.39942494,1.1827898,LZTFL1,MEF,ELK4,ETS
1335,1,-0.21459776,-0.24333258,1.0415667,HIST1H1C,MEF,MAZ,Zf
2245,1,-0.22028713,-0.38195667,1.3951396,PLEK2,MEF,ELK4,ETS
504,1,-0.2859068,-0.146989,-2.4297512,CEBPA,MEF,TCF12,bHLH
694,1,0.08411567,-0.24550179,-1.0187942,CUX1,MEF,BACH1,bZIP
3145,1,-0.35318726,-0.41931188,-1.3294976,TUBA1B,MEF,ELK1,ETS
2290,0,-0.17513762,-0.146989,-1.5923315,POLE,LMC,BHLHE40,bHLH
2569,0,-0.36102507,-0.24550179,-1.6417769,SAMD14,LMC,ATF1,bZIP
1475,1,-0.39059436,-0.39059436,-2.8389897,IRF5,MEF,HNF4A,NR
471,1,-0.169331,-0.25693348,-1.2322128,CDC6,MEF,E2F4,E2F
2492,1,-0.2507436,-0.25159925,-1.8323796,RGS16,MEF,ZEB1,Zf
1317,1,-0.2064243,-0.25159925,-5.7553287,HCLS1,MEF,YY1,Zf
2993,0,-0.4649995,-0.41931188,-1.9840968,TLE6,LMC,GABPA,ETS
971,1,-0.08974322,-0.146989,-1.0517292,FAM150A,MEF,MAX,bHLH
2313,0,0.08411567,-0.24550179,-2.7252042,PPP1R14A,LMC,BACH1,bZIP
1385,0,-0.46016192,-0.24450046,3.1518924,HPGD,LMC,EGR1,Zf
2195,0,-0.35806254,-0.38195667,1.3882145,PGAP1,LMC,ETS1,ETS
2467,0,0.028543921,-0.29509667,-1.9548993,RBFOX1,LMC,BACH1,bZIP
2076,0,-0.33080074,-0.22810093,-2.9300067,OGN,LMC,MAFK,bZIP
2863,1,-0.2997486,-0.24333258,-1.4249822,ST6GALNAC2,MEF,ZNF263,Zf
2938,1,-0.0017048104,-0.121736646,1.8867676,TBX18,MEF,MYOG,bHLH
3004,1,-0.35453734,-0.24333258,1.3661466,TMBIM4,MEF,ZKSCAN1,Zf
303,1,-0.10505258,-0.1342841,1.4564615,BMP8B,MEF,BHLHE40,bHLH
1740,1,-0.3058912,-0.24283965,3.3150687,MAB21L1,MEF,YY1,Zf
2174,1,-0.17407607,-0.121736646,1.1932393,PDGFD,MEF,MAX,bHLH
2334,0,-0.14989896,-0.14989896,-1.4117044,PRKAR2B,LMC,TEAD4,TEA
175,0,0.08411567,-0.24550179,1.1491375,ARAP2,LMC,BACH1,bZIP
191,1,-0.39205822,-0.27780795,-6.695696,ARHGAP9,MEF,MAFK,bZIP
475,1,-0.64209527,-0.1980394,-1.4936433,CDCA5,MEF,STAT1,Stat
1075,1,-0.541412,-0.25159925,-1.5137855,FLI1,MEF,EGR1,Zf
2414,0,0.011842721,-0.21953267,-1.3037294,RAB23,LMC,FOXA1,Forkhead
492,0,-0.37601265,-0.39942494,-1.4240875,CDKL1,LMC,ELF1,ETS
828,1,-0.24165441,-0.29509667,-1.8124657,DUSP9,MEF,JUND,bZIP
1567,1,-0.1607576,-0.24283965,-2.6418326,KIF14,MEF,MAZ,Zf
1613,0,-0.40787458,-0.3917693,2.4317777,LAD1,LMC,GABPA,ETS
2209,1,-0.3341544,-0.39005762,-3.76138,PIF1,MEF,ELF1,ETS
968,0,0.016311714,0.00623205,-1.4871693,FAM131B,LMC,RFX5,HTH
789,1,0.08411567,-0.24550179,-1.4228231,DNER,MEF,BACH1,bZIP
703,1,-0.35318726,-0.41931188,-1.3933158,CXCR4,MEF,ELK1,ETS
847,0,-0.0013588448,-0.24283965,-2.1283958,ECSCR,LMC,CTCF,Zf
477,1,-0.3439605,-0.3439605,-1.4396812,CDCA7L,MEF,NRF1,NRF
3083,1,-0.41913503,-0.41913503,1.0522466,TPD52L1,MEF,TCF3,HMG
465,1,0.07771543,-0.1980394,-2.799609,CDC20,MEF,STAT3,Stat
1970,0,-0.2790477,-0.25471953,-1.5624936,NEK2,LMC,MAFF,bZIP
766,1,-0.1607576,-0.24283965,-1.2885283,DLL1,MEF,MAZ,Zf
885,1,-0.2185933,-0.3794154,-2.3387628,EME1,MEF,IRF1,IRF
2279,0,-0.34029287,-0.28884968,-1.1177921,PMVK,LMC,E2F4,E2F
34,1,-0.174635,-0.24550179,1.1048169,ACSL4,MEF,FOSL2,bZIP
2946,1,-0.33080074,-0.22810093,-1.2103798,TCF19,MEF,MAFK,bZIP
1399,0,-0.18911669,-0.17782252,1.2212778,HSPB1,LMC,FOXA2,Forkhead
3137,0,-0.28121933,-0.25159925,-1.5468862,TTK,LMC,SP1,Zf
2579,0,-0.36645967,-0.22249272,-1.343132,SCARA3,LMC,ZEB1,Zf
2457,0,0.048078425,-0.25471953,1.8391725,RASGRF2,LMC,BACH1,bZIP
2861,1,-0.20953742,-0.22249272,-3.8605354,ST18,MEF,MAZ,Zf
3146,1,-0.30779734,-0.3917693,-1.181462,TUBA1C,MEF,ETS1,ETS
1986,1,-0.46016192,-0.24450046,5.1794167,NGFR,MEF,EGR1,Zf
1393,1,-0.4467859,-0.3917693,1.8035604,HSBP1L1,MEF,ELK1,ETS
2073,0,-0.0005437653,-0.1342841,-1.2275139,OBSL1,LMC,USF1,bHLH
1118,1,-0.9526392,-0.4653868,1.1508414,FSIP1,MEF,IRF3,IRF
51,1,-0.120565586,-0.1342841,-2.1948695,ADAM33,MEF,MAX,bHLH
3115,0,-0.12554857,-0.24550179,-2.2040312,TRPA1,LMC,JUND,bZIP
1568,1,-0.22028713,-0.38195667,-2.5758445,KIF15,MEF,ELK4,ETS
3264,1,-0.21361919,-0.25471953,-1.7771361,ZP3,MEF,ATF3,bZIP
365,0,-0.8875255,-0.25471953,1.8891319,CARD9,LMC,BATF,bZIP
43,1,-0.36550322,-0.47267562,-1.1028354,ACY1,MEF,PBX3,Homeobox
923,1,-0.15812221,-0.22249272,-3.2897458,ESPL1,MEF,YY1,Zf
2386,1,-0.20916343,-0.20916343,-5.8584,PTPN6,MEF,NRF1,NRF
714,1,0.13713937,-0.20371658,5.836115,CYP1A1,MEF,FOXA1,Forkhead
420,1,-0.39804247,-0.17255645,-2.2738292,CCNA2,MEF,STAT1,Stat
1728,1,0.016311714,0.00623205,-4.9488015,LY86,MEF,RFX5,HTH
2186,1,-0.26816452,-0.121736646,5.879746,PENK,MEF,TCF12,bHLH
3059,0,-0.08617797,-0.146989,-1.1181328,TNFRSF11B,LMC,MYOG,bHLH
1382,1,0.22652079,-0.2053601,-3.2889168,HP,MEF,FOXA1,Forkhead
1642,1,-0.46846294,-0.46846294,-2.2667716,LFNG,MEF,TCF3,HMG
1167,1,-0.440717,-0.25471953,-1.2382039,GCNT1,MEF,MAFK,bZIP
372,0,-0.1505293,-0.1342841,1.4587322,CASZ1,LMC,USF2,bHLH
560,0,-0.5795745,-0.22249272,-1.2462806,CIT,LMC,SP2,Zf
1659,1,-0.4733331,-0.39005762,-1.5433598,LIMD2,MEF,ELK1,ETS
1310,0,-0.03437175,-0.039668236,1.7605413,HAP1,LMC,RFX5,HTH
1604,1,-0.10369535,-0.10008492,-2.5368693,KNSTRN,MEF,BHLHE40,bHLH
2311,0,-0.39804247,-0.17255645,2.419608,PPM1N,LMC,STAT1,Stat
1743,0,-0.08568381,-0.24450046,1.2423561,MAF,LMC,MAZ,Zf
708,1,-0.96395135,-0.24333258,3.0798056,CYB5R2,MEF,BCL11A,Zf
2376,0,-0.12554857,-0.24550179,1.532433,PTGIS,LMC,JUND,bZIP
144,0,-0.2064243,-0.25159925,-2.079299,ANLN,LMC,YY1,Zf
2627,0,-0.1124492,-0.24333258,2.3471365,SERPINE3,LMC,CTCF,Zf
1730,0,-0.46846294,-0.46846294,2.280973,LYL1,LMC,TCF3,HMG
2710,0,-0.40533945,-0.39005762,1.8738929,SLC22A4,LMC,GABPA,ETS
2271,0,-0.038338926,-0.10008492,-1.4401994,PLXNA3,LMC,MYOG,bHLH
748,1,-0.6928834,-0.10944186,1.1444718,DENND6B,MEF,FOXM1,Forkhead
514,1,-0.35453734,-0.24333258,-2.238638,CENPI,MEF,ZKSCAN1,Zf
2648,0,-0.19842377,-0.50137913,1.604396,SH3BGRL2,LMC,NANOG,Homeobox
1965,1,0.13713937,-0.20371658,-1.8927433,NEB,MEF,FOXA1,Forkhead
2865,0,-0.17150766,-0.17150766,2.110686,ST8SIA1,LMC,TEAD4,TEA
2095,0,-0.7844056,-0.2053601,-4.0632787,OSR2,LMC,FOXM1,Forkhead
542,0,0.048078425,-0.25471953,1.6321921,CHD7,LMC,BACH1,bZIP
1246,0,-0.26816452,-0.121736646,1.710225,GPR160,LMC,TCF12,bHLH
2807,0,-0.45963168,-0.45963168,1.3982675,SORL1,LMC,TCF3,HMG
1530,1,-0.44224238,-0.29509667,-1.7830039,KCNAB2,MEF,MAFK,bZIP
2273,1,-0.062780954,-0.24333258,-3.1323469,PLXNC1,MEF,SP1,Zf
835,1,-0.24165441,-0.29509667,-1.7441338,E2F7,MEF,JUND,bZIP
1064,1,-0.76012087,-0.50137913,-1.6307534,FGL2,MEF,CUX1,Homeobox
484,1,-0.34278938,-0.41931188,-1.72285,CDH24,MEF,ELF1,ETS
1610,0,-0.43345997,-0.22249272,2.324363,KRT8,LMC,ZNF263,Zf
1567,1,-0.20454665,-0.20454665,-2.6418326,KIF14,MEF,TEAD4,TEA
479,0,-0.7237371,-0.24333258,4.506826,CDH1,LMC,SP2,Zf
770,0,-0.4733331,-0.39005762,2.0457118,DMC1,LMC,ELK1,ETS
2109,0,-0.39059436,-0.39059436,-1.8177229,PACSIN3,LMC,HNF4A,NR
747,0,-0.933204,-0.22249272,-1.0409411,DENND3,LMC,BCL11A,Zf
1228,1,-0.42348737,-0.17137949,2.1909225,GPC5,MEF,STAT1,Stat
1557,1,-0.21180408,-0.039668236,2.0741992,KCNU1,MEF,MYB,HTH
537,1,-0.1826178,-0.24450046,-1.0118498,CHAF1A,MEF,SP1,Zf
2439,1,0.048078425,-0.25471953,-1.1696179,RALGPS2,MEF,BACH1,bZIP
1891,0,-0.44224238,-0.29509667,-1.2805142,MTHFD1L,LMC,MAFK,bZIP
3003,1,-0.10369535,-0.10008492,-3.9932933,TM6SF1,MEF,BHLHE40,bHLH
1794,0,-0.2300118,-0.25159925,1.9649539,MCTP1,LMC,MAZ,Zf
921,1,-0.120565586,-0.1342841,-2.3991766,ESCO2,MEF,MAX,bHLH
2160,0,-0.19379956,-0.22810093,-1.2122647,PCYOX1L,LMC,ATF2,bZIP
1103,0,-0.5069276,-0.27780795,-1.1218795,FOXP1,LMC,ATF2,bZIP
1304,0,-0.1505293,-0.1342841,1.7955786,GUCY1A3,LMC,USF2,bHLH
1508,0,-0.440717,-0.25471953,3.5022085,IZUMO1,LMC,MAFK,bZIP
1101,1,-0.08568381,-0.24450046,-1.9451369,FOXM1,MEF,MAZ,Zf
1742,0,0.03116794,-0.22249272,1.2771919,MADD,LMC,CTCF,Zf
1610,0,-0.18911669,-0.17782252,2.324363,KRT8,LMC,FOXA2,Forkhead
2570,1,-0.13559982,-0.10008492,1.3512887,SAMD15,MEF,MAX,bHLH
565,0,-0.36102507,-0.24550179,-1.0084794,CKS1B,LMC,ATF1,bZIP
3190,0,-0.22016564,-0.25159925,2.2938786,VAV1,LMC,GATA2,Zf
1802,1,-0.51637894,-0.42379856,1.033383,MEF2A,MEF,CUX1,Homeobox
1548,1,-0.10369535,-0.10008492,1.2121007,KCNJ4,MEF,BHLHE40,bHLH
195,1,-0.2300118,-0.25159925,1.5941703,ARHGEF26,MEF,MAZ,Zf
431,1,-0.41320115,-0.25471953,-2.0295777,CCRL2,MEF,ATF1,bZIP
489,0,-0.3070402,-0.24450046,1.132785,CDK18,LMC,YY1,Zf
2332,0,-0.1666823,-0.13941021,-1.4515818,PRIM1,LMC,USF2,bHLH
3,0,-0.74316007,-0.3794154,-1.1041158,AASS,LMC,IRF3,IRF
1031,1,-0.26188308,-0.27780795,-1.2496772,FBXL8,MEF,FOSL2,bZIP
1534,1,-0.049117733,-0.13941021,1.1689314,KCNC3,MEF,MAX,bHLH
678,0,-0.01444126,-0.17255645,1.3000749,CTDSPL,LMC,STAT3,Stat
1174,1,-0.45038855,-0.39942494,-1.3390998,GDF6,MEF,GABPA,ETS
1509,1,-0.11649651,-0.25471953,-1.4488107,JADE1,MEF,JUND,bZIP
3047,0,-0.35028386,-0.4067228,-1.7841698,TMEM74,LMC,NANOG,Homeobox
179,1,-0.1124492,-0.24333258,-2.858247,ARHGAP15,MEF,CTCF,Zf
1569,1,-0.35318726,-0.41931188,-1.7053663,KIF18B,MEF,ELK1,ETS
3077,0,0.03116794,-0.22249272,-1.5086727,TOM1L1,LMC,CTCF,Zf
949,0,-0.2838714,-0.47267562,-1.0199808,F2RL1,LMC,NANOG,Homeobox
477,1,-0.23244992,-0.52757335,-1.4396812,CDCA7L,MEF,PBX3,Homeobox
873,0,-0.4733331,-0.39005762,2.3173335,EGR3,LMC,ELK1,ETS
1339,1,-0.30776003,-0.24450046,-9.02767,HK3,MEF,ZNF263,Zf
3005,0,-0.2790477,-0.25471953,-1.1154159,TMC7,LMC,MAFF,bZIP
1415,1,-0.17407607,-0.121736646,1.863296,IFITM10,MEF,MAX,bHLH
476,1,-0.21459776,-0.24333258,-1.5113796,CDCA7,MEF,MAZ,Zf
2842,0,0.03116794,-0.22249272,1.2557636,SPON2,LMC,CTCF,Zf
2080,1,-0.057535224,-0.27780795,3.7315316,OLFM3,MEF,BACH1,bZIP
1797,1,-0.0061152284,-0.10008492,1.8375669,MDGA2,MEF,USF1,bHLH
943,1,-0.20953742,-0.22249272,-1.1547381,EYA4,MEF,MAZ,Zf
3098,0,-0.17513762,-0.146989,2.4441183,TREML4,LMC,BHLHE40,bHLH
2782,0,-0.21301334,-0.25187832,1.4552834,SMPD3,LMC,E2F4,E2F
2318,1,0.016311714,0.00623205,1.4274718,PPP1R42,MEF,RFX5,HTH
2881,0,-0.42519194,-0.24333258,-1.2551341,STIL,LMC,GATA1,Zf
2591,1,-0.2952564,-0.2952564,-1.7827389,SCN9A,MEF,HNF4A,NR
1940,0,-0.39059436,-0.39059436,1.9140537,NAT1,LMC,HNF4A,NR
2650,0,-0.19379956,-0.22810093,-1.4161148,SH3GL3,LMC,ATF2,bZIP
106,1,-0.32700178,-0.25159925,2.098637,AKAP6,MEF,GATA1,Zf
1516,1,-0.40533945,-0.39005762,1.9489394,JPH3,MEF,GABPA,ETS
101,0,-0.20916343,-0.20916343,2.1104906,AIM2,LMC,NRF1,NRF
336,1,-0.2470073,-0.39005762,1.1669624,CABLES1,MEF,ETS1,ETS
347,0,-0.24165441,-0.29509667,-1.4652348,CACNB4,LMC,JUND,bZIP
2917,1,-0.26737517,-0.25159925,-2.2309391,SYT1,MEF,ZKSCAN1,Zf
2813,1,0.06421617,-0.24450046,4.850468,SOX6,MEF,CTCF,Zf
1411,1,-0.36812532,-0.36812532,-1.6255398,IDH2,MEF,NRF1,NRF
1954,1,-0.36049217,-0.22810093,-6.857463,NCF4,MEF,FOS,bZIP
2290,0,-0.37698567,-0.4067228,-1.5923315,POLE,LMC,PBX3,Homeobox
2830,0,-0.20953742,-0.22249272,1.7553568,SPEF2,LMC,MAZ,Zf
1146,1,-0.3551913,-0.3551913,-1.5857913,GAMT,MEF,HNF4A,NR
2588,0,-0.34370995,-0.24333258,-1.2295984,SCN3B,LMC,EGR1,Zf
2275,1,-0.21895796,-0.21895796,2.3952186,PM20D2,MEF,EBF1,EBF
1964,1,-0.7695519,-0.25159925,-1.1248791,NDUFA4L2,MEF,ZBTB33,Zf
213,1,-0.37665918,-0.37009746,-1.0850065,ARSB,MEF,IRF4,IRF
3137,1,-0.41320115,-0.25471953,-2.5206616,TTK,MEF,ATF1,bZIP
185,0,-0.13994873,-0.2053601,1.2260965,ARHGAP29,LMC,FOXA2,Forkhead
2030,0,-0.38339126,-0.24550179,-1.7574401,NPY1R,LMC,ATF2,bZIP
103,1,-0.38071528,-0.24283965,-1.3921585,AKAP12,MEF,ZNF263,Zf
2840,1,-0.32700178,-0.25159925,-2.3704991,SPOCD1,MEF,GATA1,Zf
983,1,-0.1666823,-0.13941021,1.5186956,FAM184B,MEF,USF2,bHLH
596,0,-0.21342848,-0.28884968,-1.4862515,CNN2,LMC,E2F6,E2F
2084,1,-0.15054174,-0.24450046,-2.7139297,OLR1,MEF,GATA3,Zf
1150,1,-0.08617797,-0.146989,1.2065096,GAS1,MEF,MYOG,bHLH
1935,0,-0.33296144,-0.24550179,-1.2886287,NACAD,LMC,MAFK,bZIP
1214,1,-0.2727483,-0.2712014,1.1469135,GNAL,MEF,E2F6,E2F
1657,1,-0.21895796,-0.21895796,-7.363987,LILRB4,MEF,EBF1,EBF
480,0,-0.2859068,-0.146989,-1.8094324,CDH10,LMC,TCF12,bHLH
2091,0,0.08411567,-0.24550179,-2.7508404,OSBPL6,LMC,BACH1,bZIP
373,0,-0.062780954,-0.24333258,1.1052054,CAT,LMC,SP1,Zf
2994,0,-0.08974322,-0.146989,-2.4943612,TLL1,LMC,MAX,bHLH
1400,1,-0.4733331,-0.39005762,3.6111457,HSPB2,MEF,ELK1,ETS
2449,1,-0.049117733,-0.13941021,2.0997539,RARB,MEF,MAX,bHLH
2981,1,-0.66942716,-0.22810093,-1.7296494,TICAM2,MEF,BATF,bZIP
151,0,-0.34099022,-0.38195667,-1.2578008,ANXA6,LMC,ELK1,ETS
1896,1,-0.51637894,-0.42379856,1.929984,MUC15,MEF,CUX1,Homeobox
3086,1,-0.36645967,-0.22249272,-1.1917357,TPM4,MEF,ZEB1,Zf
1039,1,-0.5856867,-0.25187832,1.1082104,FBXO7,MEF,E2F1,E2F
235,0,-0.38278377,-0.42379856,-1.0292096,ATG16L2,LMC,PBX3,Homeobox
709,1,-0.19612858,-0.146989,-1.6690544,CYBA,MEF,USF2,bHLH
471,1,-0.39900714,-0.22249272,-1.2322128,CDC6,MEF,GATA1,Zf
2421,0,-0.2507436,-0.25159925,-1.4811571,RAB38,LMC,ZEB1,Zf
18,0,-0.16941127,-0.25471953,1.6090713,ABLIM3,LMC,FOS,bZIP
1113,1,-0.17513762,-0.146989,1.9055704,FRMPD1,MEF,BHLHE40,bHLH
3126,1,0.5159049,-0.24283965,1.3204467,TSPAN13,MEF,PRDM1,Zf
777,0,-0.33817908,-0.29509667,-1.7678535,DNAH11,LMC,FOS,bZIP
713,1,-0.25436184,-0.25436184,1.1914463,CYLD,MEF,TEAD4,TEA
2291,0,0.018755239,0.02968777,-1.2387993,POLE2,LMC,RFX5,HTH
1033,1,-0.2954083,-0.24550179,1.3729043,FBXO27,MEF,ATF3,bZIP
2510,1,-0.43345997,-0.22249272,-1.4080577,RINL,MEF,ZNF263,Zf
3104,1,-0.56297857,-0.22249272,-1.1894004,TRIM25,MEF,ZBTB33,Zf
891,1,-0.3569094,-0.25159925,5.217625,EN2,MEF,ZNF263,Zf
1101,0,-0.4776695,-0.22249272,-1.5624956,FOXM1,LMC,ZKSCAN1,Zf
302,1,-0.34278938,-0.41931188,1.3278615,BMP8A,MEF,ELF1,ETS
1576,0,-0.46165287,-0.4067228,-1.0787578,KIF26B,LMC,CUX1,Homeobox
1583,1,-0.39804247,-0.17255645,1.052053,KIFAP3,MEF,STAT1,Stat
2770,1,-0.33080074,-0.22810093,-1.5704622,SLIT3,MEF,MAFK,bZIP
2225,1,-0.38071528,-0.24283965,-1.5969307,PKNOX2,MEF,ZNF263,Zf
113,0,0.023197008,-0.146989,-1.9801419,ALDH1L2,LMC,USF1,bHLH
2028,1,-0.08617797,-0.146989,-1.8697422,NPTX2,MEF,MYOG,bHLH
2944,1,-0.3610153,-0.22249272,-3.8778214,TBXAS1,MEF,EGR1,Zf
3015,1,-0.062780954,-0.24333258,1.1457732,TMEM140,MEF,SP1,Zf
2014,0,-0.76012087,-0.50137913,1.0341421,NOS1AP,LMC,CUX1,Homeobox
1349,1,-0.21895796,-0.21895796,-1.1300734,HN1,MEF,EBF1,EBF
1210,0,-0.3933147,-0.24283965,1.2591577,GMIP,LMC,ZKSCAN1,Zf
2110,0,0.041926194,-0.24283965,1.9334545,PADI1,LMC,GATA3,Zf
586,0,-0.20454665,-0.20454665,-1.5158565,CLYBL,LMC,TEAD4,TEA
1609,0,-0.20953742,-0.22249272,2.0522947,KRT7,LMC,MAZ,Zf
2732,1,-0.057535224,-0.27780795,1.3066294,SLC33A1,MEF,BACH1,bZIP
853,0,-0.4649995,-0.41931188,3.1529634,EEF1A2,LMC,GABPA,ETS
2022,1,-0.40533945,-0.39005762,3.6291974,NPBWR1,MEF,GABPA,ETS
2122,1,-0.37601265,-0.39942494,1.9113377,PAQR6,MEF,ELF1,ETS
1701,0,-0.29414836,-0.26135686,-1.2529169,LRRC3,LMC,E2F6,E2F
590,1,-0.3705123,-0.25471953,1.3811098,CNBD2,MEF,FOSL2,bZIP
1749,1,-0.13559982,-0.10008492,-1.3053963,MAMDC2,MEF,MAX,bHLH
2444,0,-0.03437175,-0.039668236,-1.919591,RANBP3L,LMC,RFX5,HTH
62,0,-0.10505258,-0.1342841,-1.7200596,ADAMTS6,LMC,BHLHE40,bHLH
1126,1,-0.1607576,-0.24283965,2.7827566,FXYD1,MEF,MAZ,Zf
812,0,-0.07449697,-0.25159925,-1.4309103,DRAXIN,LMC,CTCF,Zf
786,0,-0.10369535,-0.10008492,2.1619072,DNAJC6,LMC,BHLHE40,bHLH
1447,0,-0.08974322,-0.146989,2.0208802,IL1A,LMC,MAX,bHLH
2962,1,-0.121607244,-0.24333258,3.8448973,TFAP2B,MEF,GATA3,Zf
2466,1,-0.36049217,-0.22810093,1.3233889,RB1,MEF,FOS,bZIP
2124,0,-0.41320115,-0.25471953,1.5096653,PARK2,LMC,ATF1,bZIP
2720,0,-0.3933147,-0.24283965,-1.7057643,SLC27A3,LMC,ZKSCAN1,Zf
1016,1,-0.14989896,-0.14989896,-1.8221961,FANCD2,MEF,TEAD4,TEA
1490,1,0.0745308,-0.10944186,1.2707528,ITGA3,MEF,FOXA2,Forkhead
652,1,-0.2300118,-0.25159925,-3.3835373,CRIP1,MEF,MAZ,Zf
1307,0,-0.39205822,-0.27780795,-1.3646489,H1FX,LMC,MAFK,bZIP
1373,1,-0.33280078,-0.24333258,3.2848103,HOXC13,MEF,GATA2,Zf
420,1,-0.17150766,-0.17150766,-2.2738292,CCNA2,MEF,TEAD4,TEA
2316,0,-0.28616667,-0.25693348,-1.2061102,PPP1R36,LMC,E2F6,E2F
1251,1,-0.36812532,-0.36812532,-2.5312877,GPR183,MEF,NRF1,NRF
1191,0,-0.2300118,-0.25159925,-1.2041851,GINS2,LMC,MAZ,Zf
276,1,-0.27228355,-0.24283965,-1.0301375,BCAT1,MEF,GATA2,Zf
1276,1,-0.22240412,-0.10008492,-1.0021031,GREB1L,MEF,TCF12,bHLH
1909,1,-0.39205822,-0.27780795,-1.005563,MYH9,MEF,MAFK,bZIP
356,1,-0.43345997,-0.22249272,1.4082502,CAMK2B,MEF,ZNF263,Zf
2057,0,-0.33080074,-0.22810093,-2.073274,NUF2,LMC,MAFK,bZIP
2338,1,-0.33058694,-0.3917693,2.0004191,PRND,MEF,ELF1,ETS
2318,1,-0.7695519,-0.25159925,1.4274718,PPP1R42,MEF,ZBTB33,Zf
403,1,-0.33058694,-0.3917693,1.625412,CCDC80,MEF,ELF1,ETS
1208,0,-0.34029287,-0.28884968,-1.3932074,GLT8D2,LMC,E2F4,E2F
588,1,-0.19842377,-0.50137913,-1.1658243,CMTM3,MEF,NANOG,Homeobox
1419,0,0.018755239,0.02968777,-1.2156954,IGF2BP1,LMC,RFX5,HTH
224,1,-0.1666823,-0.13941021,3.5793529,ASCL1,MEF,USF2,bHLH
3209,0,0.06421617,-0.24450046,1.8964798,VWF,LMC,CTCF,Zf
992,1,-0.17150766,-0.17150766,1.0064623,FAM212B,MEF,TEAD4,TEA
2750,0,-0.7502766,-0.4621776,1.0977395,SLC46A3,LMC,IRF3,IRF
542,0,0.011842721,-0.21953267,1.6321921,CHD7,LMC,FOXA1,Forkhead
1866,1,-0.03437175,-0.039668236,-8.92165,MPEG1,MEF,RFX5,HTH
460,1,0.07771543,-0.1980394,-3.7349644,CD83,MEF,STAT3,Stat
2785,1,-0.08617797,-0.146989,2.6020565,SMYD1,MEF,MYOG,bHLH
2219,1,-0.44224238,-0.29509667,-1.099451,PIP5K1C,MEF,MAFK,bZIP
1327,0,-0.15054174,-0.24450046,1.7526768,HFE,LMC,GATA3,Zf
2583,0,-0.169331,-0.25693348,-2.5472686,SCML2,LMC,E2F4,E2F
371,0,-0.35318726,-0.41931188,-1.4870609,CASS4,LMC,ELK1,ETS
2786,1,-0.36550322,-0.47267562,-1.2469294,SNAI1,MEF,PBX3,Homeobox
789,0,-0.13559982,-0.10008492,-1.8521272,DNER,LMC,MAX,bHLH
2571,0,-0.6928834,-0.10944186,2.2119925,SAMSN1,LMC,FOXM1,Forkhead
1820,0,-0.08974322,-0.146989,1.5626165,MFSD12,LMC,MAX,bHLH
2230,0,-0.3375485,-0.1342841,1.7919799,PLA2G7,LMC,TCF12,bHLH
1436,0,-0.36812532,-0.36812532,2.1005368,IL10RA,LMC,NRF1,NRF
1616,1,-0.00943349,-0.121736646,-2.81084,LAMA2,MEF,USF1,bHLH
69,0,-0.26737517,-0.25159925,-1.6997627,ADARB1,LMC,ZKSCAN1,Zf
926,1,-0.056725405,-0.121736646,-1.3294209,ESYT1,MEF,BHLHE40,bHLH
1320,0,-0.1124492,-0.24333258,1.9458708,HCST,LMC,CTCF,Zf
1810,1,-0.36259097,-0.38195667,1.2053584,MESP2,MEF,ELF1,ETS
1809,1,-0.21180408,-0.039668236,-1.1236551,MESDC1,MEF,MYB,HTH
2119,0,-0.26692143,-0.26692143,1.6390138,PAPLN,LMC,EBF1,EBF
649,0,-0.34029287,-0.28884968,1.7723053,CREG1,LMC,E2F4,E2F
1964,1,-0.29979625,-0.24283965,-1.1248791,NDUFA4L2,MEF,GATA1,Zf
2284,0,-0.4733331,-0.39005762,1.3532875,PNPLA7,LMC,ELK1,ETS
2853,1,-0.37601265,-0.39942494,-3.395386,SRGN,MEF,ELF1,ETS
62,1,-0.39205822,-0.27780795,-1.7437918,ADAMTS6,MEF,MAFK,bZIP
3065,1,-0.12554857,-0.24550179,-1.6720701,TNIK,MEF,JUND,bZIP
1070,1,-0.21342848,-0.28884968,-1.9571518,FIGNL1,MEF,E2F6,E2F
2526,1,-0.3058912,-0.24283965,1.9402771,RNF43,MEF,YY1,Zf
432,1,-0.37601265,-0.39942494,-1.9549283,CD14,MEF,ELF1,ETS
1158,0,-0.32442823,-0.39942494,-1.364628,GATSL3,LMC,ELK1,ETS
1100,1,-0.34370995,-0.24333258,3.06513,FOXL1,MEF,EGR1,Zf
1747,0,-0.33058694,-0.3917693,2.3040216,MAL2,LMC,ELF1,ETS
1413,0,-0.24165441,-0.29509667,1.9056824,IFIT1,LMC,JUND,bZIP
1009,0,-0.009364229,-0.17137949,1.4148312,FAM83B,LMC,STAT3,Stat
1894,0,-0.28616667,-0.25693348,-1.0037397,MTSS1L,LMC,E2F6,E2F
1337,1,-0.36812532,-0.36812532,1.9967467,HIST2H2AC,MEF,NRF1,NRF
997,0,-0.5072217,-0.24450046,-1.7532792,FAM43A,LMC,ZBTB33,Zf
3133,1,-0.21907748,-0.27780795,2.3234284,TTC18,MEF,JUND,bZIP
1045,1,-0.07449697,-0.25159925,-2.1285722,FES,MEF,CTCF,Zf
233,0,-0.11649651,-0.25471953,1.1636925,ATF6,LMC,JUND,bZIP
895,1,-0.07763662,-0.20371658,-1.8153665,ENO3,MEF,FOXA2,Forkhead
925,1,0.06421617,-0.24450046,2.9693975,ESRRB,MEF,CTCF,Zf
2820,1,-0.34278938,-0.41931188,1.7848012,SP7,MEF,ELF1,ETS
1472,1,-0.2583255,-0.12410606,-1.5299138,IQGAP2,MEF,MEF2A,MADS
1502,1,-0.2678836,-0.24283965,2.003537,ITIH2,MEF,SP1,Zf
1688,1,-0.44224238,-0.29509667,1.3220744,LRCH1,MEF,MAFK,bZIP
1087,1,-0.38339126,-0.24550179,1.1361747,FNDC3A,MEF,ATF2,bZIP
1641,0,-0.3625331,-0.38195667,-1.0036451,LEPREL2,LMC,GABPA,ETS
2021,1,-0.48813832,-0.3794154,-1.0979886,NPAS4,MEF,IRF4,IRF
375,1,-0.17853236,-0.13941021,1.0318768,CATSPERD,MEF,MYOG,bHLH
2167,0,-0.33817908,-0.29509667,-1.4760718,PDE4A,LMC,FOS,bZIP
666,1,-0.25436184,-0.25436184,-3.023392,CSF3R,MEF,TEAD4,TEA
67,1,-0.26816452,-0.121736646,-3.9511166,ADAP1,MEF,TCF12,bHLH
2804,1,-0.00943349,-0.121736646,-1.3851969,SOGA3,MEF,USF1,bHLH
908,0,-0.33817908,-0.29509667,-1.2161773,EPHB2,LMC,FOS,bZIP
1447,1,-0.44168723,-0.24550179,1.070328,IL1A,MEF,FOS,bZIP
1238,0,-0.35453734,-0.24333258,-1.8319702,GPR126,LMC,ZKSCAN1,Zf
350,0,-0.17407607,-0.121736646,1.39361,CADM3,LMC,MAX,bHLH
184,0,-0.16561359,-0.22810093,-1.0991015,ARHGAP28,LMC,JUND,bZIP
1946,1,-0.27228355,-0.24283965,-2.066573,NCAPD2,MEF,GATA2,Zf
831,1,-0.30003953,-0.30003953,1.2428452,DYNC2LI1,MEF,NRF1,NRF
3267,1,-0.009410201,-0.10008492,-1.183221,ZWILCH,MEF,USF2,bHLH
1533,0,-0.12554857,-0.24550179,1.6186234,KCNC2,LMC,JUND,bZIP
1659,1,-0.43756613,-0.41931188,-1.5433598,LIMD2,MEF,ETS1,ETS
1865,1,-0.009364229,-0.17137949,1.1478183,MPC1,MEF,STAT3,Stat
2794,1,-0.0065755714,-0.1342841,-1.930804,SNORA31,MEF,MYOG,bHLH
147,0,-0.1689725,-0.13941021,2.015515,ANPEP,LMC,BHLHE40,bHLH
2505,0,-0.33058694,-0.3917693,1.9083076,RHPN2,LMC,ELF1,ETS
964,0,-0.1124492,-0.24333258,-1.1809063,FAM109B,LMC,CTCF,Zf
1531,0,-0.049117733,-0.13941021,1.7289557,KCNB1,LMC,MAX,bHLH
954,0,-0.057535224,-0.27780795,1.3474227,FABP3,LMC,BACH1,bZIP
1744,0,-0.440717,-0.25471953,1.6160516,MAFB,LMC,MAFK,bZIP
1306,0,-0.21301334,-0.25187832,-3.5932722,H19,LMC,E2F4,E2F
2551,1,-0.17853236,-0.13941021,1.4704177,RTN4R,MEF,MYOG,bHLH
3196,0,-0.1689725,-0.13941021,1.2710276,VGF,LMC,BHLHE40,bHLH
2018,1,-0.46846294,-0.46846294,3.2765796,NOTUM,MEF,TCF3,HMG
1504,0,-0.35806254,-0.38195667,1.9866703,ITM2A,LMC,ETS1,ETS
2365,1,-0.33058694,-0.3917693,-1.752547,PSMB8,MEF,ELF1,ETS
3164,1,-0.14989896,-0.14989896,1.1585988,UBXN11,MEF,TEAD4,TEA
1070,1,-0.28121933,-0.25159925,-1.9571518,FIGNL1,MEF,SP1,Zf
1970,0,-0.21301334,-0.25187832,-1.5624936,NEK2,LMC,E2F4,E2F
1203,1,-0.2849582,-0.2849582,-3.4747267,GLIPR1,MEF,EBF1,EBF
896,0,-0.3375485,-0.1342841,1.1999516,ENPP1,LMC,TCF12,bHLH
2166,1,-0.19842377,-0.50137913,-2.9733152,PDE3B,MEF,NANOG,Homeobox
2716,1,-0.18398622,-0.29509667,-1.5039499,SLC25A45,MEF,ATF3,bZIP
1369,1,-0.65735245,-0.17782252,-1.037935,HOXB7,MEF,FOXM1,Forkhead
549,0,-0.20953742,-0.22249272,1.269106,CHRNA2,LMC,MAZ,Zf
251,0,-0.049117733,-0.13941021,-1.4332783,AURKA,LMC,MAX,bHLH
3138,0,-0.440717,-0.25471953,-1.6865426,TTLL11,LMC,MAFK,bZIP
2275,0,-0.22735961,-0.24550179,1.0600202,PM20D2,LMC,MAFF,bZIP
3009,1,-0.14724034,-0.14724034,1.357033,TMEM117,MEF,EBF1,EBF
586,0,-0.0061152284,-0.10008492,-1.5158565,CLYBL,LMC,USF1,bHLH
999,0,-0.13149443,-0.22249272,1.1663992,FAM46C,LMC,SP1,Zf
1604,0,0.048078425,-0.25471953,-1.6152551,KNSTRN,LMC,BACH1,bZIP
278,1,-0.10505258,-0.1342841,1.0059072,BCL11A,MEF,BHLHE40,bHLH
1346,0,-0.15019357,-0.27780795,1.851924,HMHA1,LMC,MAFF,bZIP
2102,0,-0.1124492,-0.24333258,2.0725229,P2RY12,LMC,CTCF,Zf
1900,1,0.048078425,-0.25471953,-2.1630523,MXD3,MEF,BACH1,bZIP
2427,0,-0.10369535,-0.10008492,2.6594098,RAB6B,LMC,BHLHE40,bHLH
1990,1,0.023197008,-0.146989,-2.0896924,NID1,MEF,USF1,bHLH
2446,0,-0.2913164,-0.42379856,1.0731758,RAP2A,LMC,NANOG,Homeobox
1779,1,-0.34278938,-0.41931188,-1.4918666,MBOAT1,MEF,ELF1,ETS
14,1,-0.31818998,-0.24333258,1.7857124,ABCG4,MEF,ZEB1,Zf
2967,0,-0.2952564,-0.2952564,1.1837683,TFR2,LMC,HNF4A,NR
3235,1,-0.25007766,-0.37009746,-2.6240964,WT1,MEF,IRF1,IRF
2357,0,-0.45038855,-0.39942494,3.0785356,PRSS50,LMC,GABPA,ETS
460,1,-0.38071528,-0.24283965,-3.7349644,CD83,MEF,ZNF263,Zf
537,1,0.0745308,-0.10944186,-1.0118498,CHAF1A,MEF,FOXA2,Forkhead
115,1,-0.1124492,-0.24333258,-1.468537,ALDH3B1,MEF,CTCF,Zf
3241,1,-0.27070102,-0.24450046,-1.8962338,XKR5,MEF,GATA2,Zf
3006,0,-0.1124492,-0.24333258,-1.0641911,TMEFF2,LMC,CTCF,Zf
1947,0,-0.29414836,-0.26135686,-1.6890546,NCAPG,LMC,E2F6,E2F
2328,0,-0.14724034,-0.14724034,1.683577,PRDX1,LMC,EBF1,EBF
2034,1,-0.2808588,-0.24283965,1.6902243,NR3C2,MEF,ZEB1,Zf
1797,1,-0.25436184,-0.25436184,1.8375669,MDGA2,MEF,TEAD4,TEA
794,0,-0.32700178,-0.25159925,1.9015518,DOCK2,LMC,GATA1,Zf
646,0,-0.38071528,-0.24283965,1.443731,CRB2,LMC,ZNF263,Zf
1358,0,-0.26737517,-0.25159925,-1.7556304,HOXA3,LMC,ZKSCAN1,Zf
3267,0,-0.0005437653,-0.1342841,-1.2638365,ZWILCH,LMC,USF1,bHLH
2425,1,-0.17513762,-0.146989,-2.056892,RAB3IL1,MEF,BHLHE40,bHLH
3174,1,-0.16561359,-0.22810093,1.6225072,UNC5D,MEF,JUND,bZIP
1403,0,-0.43756613,-0.41931188,-2.0349414,HTR2A,LMC,ETS1,ETS
994,1,-0.2548157,-0.22810093,1.0227886,FAM222A,MEF,MAFF,bZIP
2882,0,-0.16561359,-0.22810093,1.3777498,STK10,LMC,JUND,bZIP
2693,0,-0.29979625,-0.24283965,1.0595441,SLC16A1,LMC,GATA1,Zf
1515,0,-0.2997486,-0.24333258,1.2330387,JPH1,LMC,ZNF263,Zf
1506,0,-0.3773888,-0.18281521,1.1775964,ITPR1,LMC,STAT1,Stat
1665,1,-0.2300118,-0.25159925,-1.0906605,LIPA,MEF,MAZ,Zf
1913,0,-0.71902657,-0.24550179,1.1268022,MYLIP,LMC,BATF,bZIP
2258,1,-0.34099022,-0.38195667,1.1191164,PLIN5,MEF,ELK1,ETS
1081,1,-0.065101475,-0.08148018,-5.1929536,FMNL1,MEF,RFX5,HTH
817,0,-0.13559982,-0.10008492,1.9184403,DSP,LMC,MAX,bHLH
1530,0,-0.21437913,-0.2712014,1.6391324,KCNAB2,LMC,E2F4,E2F
3167,1,-0.76012087,-0.50137913,-2.9578276,UHRF1,MEF,CUX1,Homeobox
2822,0,0.027763726,-0.25159925,-1.0630472,SPAG4,LMC,GATA3,Zf
1486,0,-0.0005437653,-0.1342841,1.3292,ISYNA1,LMC,USF1,bHLH
2909,1,0.03116794,-0.22249272,-1.8490396,SYK,MEF,CTCF,Zf
1914,0,-0.009410201,-0.10008492,-1.367721,MYLK,LMC,USF2,bHLH
1520,1,-0.5072217,-0.24450046,1.2568082,KAZALD1,MEF,ZBTB33,Zf
2408,0,-0.21180408,-0.039668236,-1.2367245,QSOX1,LMC,MYB,HTH
2487,1,-0.37665918,-0.37009746,-1.1587616,RFTN1,MEF,IRF4,IRF
334,1,-0.22240412,-0.10008492,-7.577236,C5AR1,MEF,TCF12,bHLH
3267,0,-0.21342848,-0.28884968,-1.2638365,ZWILCH,LMC,E2F6,E2F
3267,1,-0.36351123,-0.50137913,-1.183221,ZWILCH,MEF,PBX3,Homeobox
414,0,0.23381242,-0.12410606,2.2769938,CCL3,LMC,MEF2C,MADS
2549,0,-0.34370995,-0.24333258,-2.055815,RTKN2,LMC,EGR1,Zf
1032,0,-0.3773888,-0.18281521,-1.4661738,FBXO16,LMC,STAT1,Stat
1497,0,-0.46165287,-0.4067228,2.0019827,ITGB2,LMC,CUX1,Homeobox
839,0,-0.10827843,-0.121736646,-1.8998702,EBF1,LMC,USF2,bHLH
966,1,-0.14976743,-0.22810093,-2.1287313,FAM111A,MEF,FOSL2,bZIP
1604,0,-0.34099022,-0.38195667,-1.6152551,KNSTRN,LMC,ELK1,ETS
2065,0,-0.36259097,-0.38195667,1.5774982,NXNL2,LMC,ELF1,ETS
180,0,-0.37527534,-0.37527534,1.0911804,ARHGAP18,LMC,NRF1,NRF
2497,1,-0.08974322,-0.146989,2.7098773,RGS6,MEF,MAX,bHLH
2882,0,-0.009364229,-0.17137949,1.3777498,STK10,LMC,STAT3,Stat
2269,1,-0.36049217,-0.22810093,1.3691007,PLVAP,MEF,FOS,bZIP
2958,0,-0.21342848,-0.28884968,-1.3373098,TET1,LMC,E2F6,E2F
811,0,-0.2300118,-0.25159925,2.3256583,DPYSL5,LMC,MAZ,Zf
1432,1,-0.38057798,-0.24450046,-2.607223,IGSF9,MEF,GATA1,Zf
2634,1,-0.18398622,-0.29509667,-1.0201895,SFRP4,MEF,ATF3,bZIP
80,0,-0.009364229,-0.17137949,-1.8548774,ADORA2B,LMC,STAT3,Stat
1964,1,-0.38071528,-0.24283965,-1.1248791,NDUFA4L2,MEF,ZNF263,Zf
1413,0,-0.33817908,-0.29509667,1.9056824,IFIT1,LMC,FOS,bZIP
1094,1,-0.049117733,-0.13941021,1.9671559,FOXA3,MEF,MAX,bHLH
1178,0,-0.26737517,-0.25159925,-1.4242098,GEN1,LMC,ZKSCAN1,Zf
1708,1,-0.33817908,-0.29509667,2.3246684,LRRN1,MEF,FOS,bZIP
2831,0,-0.30779734,-0.3917693,-1.2344358,SPHK1,LMC,ETS1,ETS
3134,1,-0.39900714,-0.22249272,2.2825308,TTC21A,MEF,GATA1,Zf
2233,0,-0.36812532,-0.36812532,-2.8839755,PLAC8,LMC,NRF1,NRF
1419,0,-0.39059436,-0.39059436,-1.2156954,IGF2BP1,LMC,HNF4A,NR
2755,0,-0.7485091,-0.20371658,1.0741242,SLC6A6,LMC,FOXM1,Forkhead
495,1,-0.20916343,-0.20916343,1.1449422,CDKN2B,MEF,NRF1,NRF
375,1,-0.48430756,-0.24313685,1.0318768,CATSPERD,MEF,STAT1,Stat
794,0,-0.38339126,-0.24550179,1.9015518,DOCK2,LMC,ATF2,bZIP
490,1,-0.34029287,-0.28884968,-1.0186837,CDK2,MEF,E2F4,E2F
68,1,-0.30003953,-0.30003953,-6.4535336,ADAP2,MEF,NRF1,NRF
2206,1,-0.07449697,-0.25159925,1.2702825,PHYHIP,MEF,CTCF,Zf
1455,0,-0.3058912,-0.24283965,-1.9387442,IL27RA,LMC,YY1,Zf
775,1,-0.3375485,-0.1342841,-1.7200471,DMRTA2,MEF,TCF12,bHLH
2424,1,-0.20776576,-0.20776576,-1.4369997,RAB3D,MEF,EBF1,EBF
1951,0,-0.2470073,-0.39005762,1.457444,NCEH1,LMC,ETS1,ETS
703,1,-0.33296144,-0.24550179,-1.3933158,CXCR4,MEF,MAFK,bZIP
510,0,-0.28121933,-0.25159925,-1.3674154,CENPA,LMC,SP1,Zf
1614,1,-0.28121933,-0.25159925,-1.6190438,LAG3,MEF,SP1,Zf
665,0,-0.25436184,-0.25436184,1.8592032,CSF2RB,LMC,TEAD4,TEA
3114,1,-0.4733331,-0.39005762,-3.242694,TROAP,MEF,ELK1,ETS
540,1,-0.08106524,-0.08106524,-1.2755494,CHD3,MEF,TEAD4,TEA
2344,0,-0.15764365,-0.14792581,2.3748279,PRR15,LMC,RFX5,HTH
2389,0,-0.2859068,-0.146989,1.294315,PTPRE,LMC,TCF12,bHLH
911,1,-0.08106524,-0.08106524,1.4092617,EPN3,MEF,TEAD4,TEA
2429,1,-0.6928834,-0.10944186,-5.5450034,RAC2,MEF,FOXM1,Forkhead
36,1,-0.009364229,-0.17137949,2.2403345,ACSS3,MEF,STAT3,Stat
1346,1,-0.065101475,-0.08148018,-2.7170715,HMHA1,MEF,RFX5,HTH
2739,0,-0.057535224,-0.27780795,1.0755472,SLC39A10,LMC,BACH1,bZIP
2230,0,-0.120565586,-0.1342841,1.7919799,PLA2G7,LMC,MAX,bHLH
354,1,-0.13149443,-0.22249272,-1.0762447,CAMK1D,MEF,SP1,Zf
1349,1,-0.37601265,-0.39942494,-1.1300734,HN1,MEF,ELF1,ETS
3031,0,-0.15812221,-0.22249272,-1.2062052,TMEM220,LMC,YY1,Zf
2279,0,-0.3551913,-0.3551913,-1.1177921,PMVK,LMC,HNF4A,NR
722,1,-0.3430542,-0.3430542,2.4622881,CYTIP,MEF,PAX5,"Paired,Homeobox"
1191,0,-0.32442823,-0.39942494,-1.2041851,GINS2,LMC,ELK1,ETS
1210,0,-0.6928834,-0.10944186,1.2591577,GMIP,LMC,FOXM1,Forkhead
995,0,-0.192465,-0.27780795,-1.3458498,FAM26E,LMC,ATF3,bZIP
1107,1,-0.21895796,-0.21895796,-2.770012,FOXS1,MEF,EBF1,EBF
143,0,-0.5980523,-0.24283965,-1.2520086,ANKRD6,LMC,ZBTB33,Zf
1401,1,-0.65183055,-0.47267562,1.3853371,HSPB6,MEF,CUX1,Homeobox
856,0,-0.36351123,-0.50137913,-1.1511953,EFCAB11,LMC,PBX3,Homeobox
520,0,-0.46846294,-0.46846294,-1.0748466,CENPT,LMC,TCF3,HMG
1400,1,-0.13559982,-0.10008492,3.6111457,HSPB2,MEF,MAX,bHLH
2759,1,-0.3076643,-0.4621776,2.5075803,SLC8A2,MEF,IRF1,IRF
1806,1,0.22652079,-0.2053601,2.2327807,MEIOB,MEF,FOXA1,Forkhead
640,0,-0.1505293,-0.1342841,2.1132483,CPNE7,LMC,USF2,bHLH
2847,0,-0.21907748,-0.27780795,1.6670033,SPRY4,LMC,JUND,bZIP
1969,1,-0.17407607,-0.121736646,-2.4533186,NEIL3,MEF,MAX,bHLH
2335,0,-0.46846294,-0.46846294,2.8110442,PRKCB,LMC,TCF3,HMG
3190,0,-0.056725405,-0.121736646,2.2938786,VAV1,LMC,BHLHE40,bHLH
2133,1,-0.1124492,-0.24333258,-2.607935,PBK,MEF,CTCF,Zf
673,1,-0.15019357,-0.27780795,-1.4267927,CSRP2,MEF,MAFF,bZIP
2273,0,-0.28121933,-0.25159925,2.0984888,PLXNC1,LMC,SP1,Zf
1402,0,-0.1124492,-0.24333258,1.7698365,HSPB7,LMC,CTCF,Zf
2641,0,-0.39205822,-0.27780795,-1.302446,SGOL2,LMC,MAFK,bZIP
1757,1,-0.33080074,-0.22810093,-1.517834,MAP1B,MEF,MAFK,bZIP
1365,0,-0.062780954,-0.24333258,-1.0459447,HOXB3,LMC,SP1,Zf
2780,0,-0.0017048104,-0.121736646,-2.206747,SMOC1,LMC,MYOG,bHLH
3164,1,-0.76012087,-0.50137913,1.1585988,UBXN11,MEF,CUX1,Homeobox
3159,0,-0.33817908,-0.29509667,1.2241383,UBASH3B,LMC,FOS,bZIP
2003,1,-0.0005437653,-0.1342841,1.5723227,NLRP10,MEF,USF1,bHLH
924,1,-0.7844056,-0.2053601,1.5121096,ESR2,MEF,FOXM1,Forkhead
944,0,-0.169331,-0.25693348,-1.0075725,EZH2,LMC,E2F4,E2F
2895,0,-0.37527534,-0.37527534,1.2344522,STXBP5,LMC,NRF1,NRF
1909,1,-0.4776695,-0.22249272,-1.005563,MYH9,MEF,ZKSCAN1,Zf
3266,1,-0.35806254,-0.38195667,1.0185971,ZRSR1,MEF,ETS1,ETS
2745,0,-0.062780954,-0.24333258,1.9025482,SLC43A2,LMC,SP1,Zf
1768,1,-0.21459776,-0.24333258,1.5174464,MAPK15,MEF,MAZ,Zf
1743,0,-0.065101475,-0.08148018,1.2423561,MAF,LMC,RFX5,HTH
829,0,-0.4409798,-0.24450046,-1.1774735,DUT,LMC,ZEB1,Zf
1275,1,-0.07763662,-0.20371658,-1.1356292,GRB14,MEF,FOXA2,Forkhead
2623,1,-0.065101475,-0.08148018,1.5207373,SERPINB8,MEF,RFX5,HTH
313,0,-0.5069276,-0.27780795,1.2584305,BST2,LMC,ATF2,bZIP
2095,0,-0.2064243,-0.25159925,-4.0632787,OSR2,LMC,YY1,Zf
2287,1,-0.3076643,-0.4621776,1.0373166,PODXL2,MEF,IRF1,IRF
995,0,-0.34029287,-0.28884968,-1.3458498,FAM26E,LMC,E2F4,E2F
713,1,-0.065101475,-0.08148018,1.1914463,CYLD,MEF,RFX5,HTH
648,1,-0.10827843,-0.121736646,1.092964,CREBL2,MEF,USF2,bHLH
1326,1,-0.76012087,-0.50137913,1.7722064,HERC3,MEF,CUX1,Homeobox
206,0,-0.18621291,-0.24333258,1.0346465,ARL4C,LMC,YY1,Zf
2187,1,-0.35453734,-0.24333258,2.418656,PERP,MEF,ZKSCAN1,Zf
3225,1,-0.64209527,-0.1980394,5.458993,WNT10A,MEF,STAT1,Stat
2159,0,-0.33296144,-0.24550179,-3.0297842,PCSK9,LMC,MAFK,bZIP
2346,0,-0.21342848,-0.28884968,-1.3795532,PRR16,LMC,E2F6,E2F
1192,0,0.03116794,-0.22249272,2.1297517,GIPC2,LMC,CTCF,Zf
382,1,0.03116794,-0.22249272,1.5888566,CCDC113,MEF,CTCF,Zf
1013,0,-0.13559982,-0.10008492,1.4755962,FAM84A,LMC,MAX,bHLH
473,0,-0.2064243,-0.25159925,-1.7247705,CDCA2,LMC,YY1,Zf
1785,0,-0.18621291,-0.24333258,-2.2645268,MCF2L,LMC,YY1,Zf
1536,0,-0.38071528,-0.24283965,1.7919359,KCND2,LMC,ZNF263,Zf
2470,1,-0.121607244,-0.24333258,2.1268446,RBM24,MEF,GATA3,Zf
1281,0,-0.1124492,-0.24333258,-2.2699556,GRID2,LMC,CTCF,Zf
385,1,0.03116794,-0.22249272,-1.3031601,CCDC120,MEF,CTCF,Zf
1551,1,-0.3430542,-0.3430542,-2.8326209,KCNK13,MEF,PAX5,"Paired,Homeobox"
3140,1,-0.34029287,-0.28884968,1.1930206,TTLL9,MEF,E2F4,E2F
3169,0,-0.07763662,-0.20371658,1.1945924,UNC13B,LMC,FOXA2,Forkhead
180,0,-0.76012087,-0.50137913,1.0911804,ARHGAP18,LMC,CUX1,Homeobox
3056,1,-0.5315311,-0.5315311,-5.5076947,TNFAIP8L2,MEF,PAX5,"Paired,Homeobox"
2834,1,-0.2727483,-0.2712014,-3.445171,SPINK2,MEF,E2F6,E2F
2890,0,-0.192465,-0.27780795,1.3420581,STON2,LMC,ATF3,bZIP
2798,1,-0.29360482,-0.13941021,-4.3869257,SNX20,MEF,TCF12,bHLH
1599,1,-1.2819929,-0.38195667,-4.5188403,KLHL6,MEF,FLI1,ETS
465,0,-0.28899637,-0.29509667,-2.1160264,CDC20,LMC,MAFF,bZIP
601,1,-0.5315311,-0.5315311,-1.3648314,CNTFR,MEF,PAX5,"Paired,Homeobox"
2178,1,-0.08617797,-0.146989,-1.6236769,PDLIM2,MEF,MYOG,bHLH
1632,1,-0.33058694,-0.3917693,-3.12653,LCP2,MEF,ELF1,ETS
248,1,-0.10827843,-0.121736646,-1.9387476,ATP8B4,MEF,USF2,bHLH
517,0,-0.36812532,-0.36812532,-1.3688151,CENPN,LMC,NRF1,NRF
1329,0,-0.00943349,-0.121736646,1.7447802,HHEX,LMC,USF1,bHLH
2298,1,-0.36550322,-0.47267562,2.2457073,POU4F1,MEF,PBX3,Homeobox
2070,0,-0.48813832,-0.3794154,2.3798885,OAS2,LMC,IRF4,IRF
673,1,-0.3375485,-0.1342841,-1.4267927,CSRP2,MEF,TCF12,bHLH
1490,1,-0.29360482,-0.13941021,1.2707528,ITGA3,MEF,TCF12,bHLH
1161,1,-0.40533945,-0.39005762,-1.5350251,GBX1,MEF,GABPA,ETS
2190,1,0.21614419,-0.17782252,-1.1081889,PFKFB1,MEF,FOXA1,Forkhead
3168,1,-0.17150766,-0.17150766,-3.5868664,ULBP1,MEF,TEAD4,TEA
2939,1,-0.23244992,-0.52757335,2.2990468,TBX2,MEF,PBX3,Homeobox
524,1,-0.07449697,-0.25159925,-1.2549053,CEP128,MEF,CTCF,Zf
262,1,-0.21459776,-0.24333258,-1.0602292,B4GALT1,MEF,MAZ,Zf
1921,0,-0.058015816,-0.18281521,1.0211234,MYO1D,LMC,STAT3,Stat
3156,1,0.06421617,-0.24450046,-9.23168,TYROBP,MEF,CTCF,Zf
1057,0,-0.3773888,-0.18281521,1.0085961,FGF9,LMC,STAT1,Stat
2534,1,-0.20953742,-0.22249272,1.7983304,RPRM,MEF,MAZ,Zf
2315,1,-0.3341544,-0.39005762,1.05039,PPP1R26,MEF,ELF1,ETS
957,0,-0.17407607,-0.121736646,-1.2934484,FADS2,LMC,MAX,bHLH
253,1,0.016311714,0.00623205,-1.4933237,AXDND1,MEF,RFX5,HTH
500,1,-0.049117733,-0.13941021,1.5245099,CDSN,MEF,MAX,bHLH
2833,1,-0.34278938,-0.41931188,-7.2477894,SPI1,MEF,ELF1,ETS
1464,0,-0.20454665,-0.20454665,-1.1838235,INPP1,LMC,TEAD4,TEA
2484,0,-0.169331,-0.25693348,1.9739736,REPS2,LMC,E2F4,E2F
3025,1,-0.0013588448,-0.24283965,1.5924408,TMEM179,MEF,CTCF,Zf
1298,0,-0.07763662,-0.20371658,1.7987171,GSTA4,LMC,FOXA2,Forkhead
787,1,-0.009410201,-0.10008492,1.3562768,DNALI1,MEF,USF2,bHLH
272,1,-0.2997486,-0.24333258,-1.0692208,BAZ1A,MEF,ZNF263,Zf
402,1,-0.0013588448,-0.24283965,-1.552059,CCDC8,MEF,CTCF,Zf
256,1,-0.541412,-0.25159925,-3.7848723,B3GNT3,MEF,EGR1,Zf
39,1,-0.2838714,-0.47267562,-1.1783521,ACTB,MEF,NANOG,Homeobox
2969,0,0.028543921,-0.29509667,-1.3902878,TGFB1I1,LMC,BACH1,bZIP
147,0,-0.35028386,-0.4067228,2.015515,ANPEP,LMC,NANOG,Homeobox
540,1,-0.5069276,-0.27780795,-1.2755494,CHD3,MEF,ATF2,bZIP
1747,1,0.67699045,-0.25159925,3.5615675,MAL2,MEF,PRDM1,Zf
3093,1,-0.541412,-0.25159925,1.3340616,TRDMT1,MEF,EGR1,Zf
3008,0,-0.10505258,-0.1342841,1.7911987,TMEM108,LMC,BHLHE40,bHLH
1360,1,-0.22746871,-0.25187832,-2.4961243,HOXA5,MEF,E2F6,E2F
2423,1,-0.38059002,-0.38059002,3.468835,RAB3B,MEF,PAX5,"Paired,Homeobox"
1617,0,-0.22746871,-0.25187832,1.5315919,LAMA3,LMC,E2F6,E2F
2770,0,-0.23244992,-0.52757335,1.1465795,SLIT3,LMC,PBX3,Homeobox
1481,1,0.17063665,-0.10944186,2.3218336,IRX3,MEF,FOXA1,Forkhead
2935,0,-0.2470073,-0.39005762,-1.1207796,TARSL2,LMC,ETS1,ETS
2195,1,-0.3777494,-0.24283965,-1.526995,PGAP1,MEF,EGR1,Zf
2085,1,-0.08568381,-0.24450046,1.9639668,ONECUT2,MEF,MAZ,Zf
2118,1,-0.36259097,-0.38195667,2.0457292,PANX2,MEF,ELF1,ETS
165,0,-0.17513762,-0.146989,1.5124243,APOBEC1,LMC,BHLHE40,bHLH
2505,1,-0.33296144,-0.24550179,1.5735694,RHPN2,MEF,MAFK,bZIP
2265,1,-0.22016564,-0.25159925,3.7187953,PLS1,MEF,GATA2,Zf
3112,0,-0.36049217,-0.22810093,-1.0263593,TRNP1,LMC,FOS,bZIP
2143,1,0.018755239,0.02968777,1.8592026,PCDHB8,MEF,RFX5,HTH
2166,1,0.018755239,0.02968777,-2.9733152,PDE3B,MEF,RFX5,HTH
441,0,-0.21437913,-0.2712014,2.3854363,CD300A,LMC,E2F4,E2F
2484,1,-0.062780954,-0.24333258,-1.6172776,REPS2,MEF,SP1,Zf
102,1,-0.19842377,-0.50137913,1.2664098,AK9,MEF,NANOG,Homeobox
3203,1,-0.46846294,-0.46846294,-1.4983215,VSIG10L,MEF,TCF3,HMG
816,0,0.06421617,-0.24450046,2.4848864,DSG2,LMC,CTCF,Zf
2353,1,-0.39804247,-0.17255645,-1.6450821,PRSS27,MEF,STAT1,Stat
2128,0,-0.3430542,-0.3430542,1.8577458,PARVG,LMC,PAX5,"Paired,Homeobox"
238,1,0.03116794,-0.22249272,1.7665205,ATP13A5,MEF,CTCF,Zf
2603,1,-0.5313326,-0.24450046,1.0266249,SEC61G,MEF,ZKSCAN1,Zf
649,1,-0.39900714,-0.22249272,-1.0616252,CREG1,MEF,GATA1,Zf
2116,1,-0.541412,-0.25159925,1.2539239,PAM,MEF,EGR1,Zf
2005,1,0.023197008,-0.146989,-1.774617,NME2,MEF,USF1,bHLH
1574,1,-1.38777,-0.41931188,-2.4750273,KIF23,MEF,FLI1,ETS
2933,1,-0.7941223,-0.24283965,-1.9559231,TAGLN2,MEF,BCL11A,Zf
1509,1,-0.1689725,-0.13941021,-1.4488107,JADE1,MEF,BHLHE40,bHLH
2578,0,-0.44168723,-0.24550179,2.09404,SBSN,LMC,FOS,bZIP
258,0,-0.15812221,-0.22249272,1.9447972,B3GNT7,LMC,YY1,Zf
2594,0,-0.22746871,-0.25187832,-1.539563,SCUBE2,LMC,E2F6,E2F
2863,1,-0.5980523,-0.24283965,-1.4249822,ST6GALNAC2,MEF,ZBTB33,Zf
1200,1,-0.29414836,-0.26135686,2.4550545,GLB1L2,MEF,E2F6,E2F
3021,1,0.023197008,-0.146989,-1.6194723,TMEM171,MEF,USF1,bHLH
585,0,-0.065101475,-0.08148018,1.6729612,CLU,LMC,RFX5,HTH
1792,1,-0.38490406,-0.38490406,-5.093406,MCOLN2,MEF,PAX5,"Paired,Homeobox"
2975,0,-0.35132957,-0.35132957,-1.1033702,THBS1,LMC,HNF4A,NR
920,0,0.041926194,-0.24283965,2.3110852,ESAM,LMC,GATA3,Zf
2937,1,-0.27228355,-0.24283965,1.5015075,TBC1D8,MEF,GATA2,Zf
1577,1,-0.0317704,-0.39942494,-1.2923205,KIF27,MEF,ELK4,ETS
1032,0,-0.009364229,-0.17137949,-1.4661738,FBXO16,LMC,STAT3,Stat
2308,0,0.03645469,-0.22810093,1.4764174,PPFIBP2,LMC,BACH1,bZIP
1728,0,-0.7844056,-0.2053601,2.4247549,LY86,LMC,FOXM1,Forkhead
1348,0,-0.038338926,-0.10008492,1.6180838,HMOX1,LMC,MYOG,bHLH
276,0,-0.38071528,-0.24283965,-2.523097,BCAT1,LMC,ZNF263,Zf
1248,0,-0.009410201,-0.10008492,-1.1894871,GPR17,LMC,USF2,bHLH
2920,1,-0.08617797,-0.146989,2.0846374,SYT7,MEF,MYOG,bHLH
819,0,0.22652079,-0.2053601,1.1426833,DTNB,LMC,FOXA1,Forkhead
3026,0,-0.39059436,-0.39059436,1.2060415,TMEM180,LMC,HNF4A,NR
2836,0,-0.37601265,-0.39942494,2.8364255,SPINT1,LMC,ELF1,ETS
2011,1,0.07771543,-0.1980394,-1.116004,NOD1,MEF,STAT3,Stat
998,1,-0.08106524,-0.08106524,-1.6308671,FAM46B,MEF,TEAD4,TEA
1424,1,-0.12447846,-0.22249272,-2.5096278,IGFBP6,MEF,GATA2,Zf
3136,1,-0.8933479,-0.52757335,1.7476053,TTC9,MEF,CUX1,Homeobox
1487,0,-0.2859068,-0.146989,-2.077426,ITGA1,LMC,TCF12,bHLH
27,1,-0.15054174,-0.24450046,2.1844993,ACKR3,MEF,GATA3,Zf
462,1,-0.15812221,-0.22249272,-2.0045364,CD86,MEF,YY1,Zf
2652,1,-0.1689725,-0.13941021,-1.0477087,SH3PXD2B,MEF,BHLHE40,bHLH
41,1,-0.29414836,-0.26135686,-1.2971035,ACTN3,MEF,E2F6,E2F
1064,1,-0.64209527,-0.1980394,-1.6307534,FGL2,MEF,STAT1,Stat
1567,1,-0.2727483,-0.2712014,-2.6418326,KIF14,MEF,E2F6,E2F
1146,0,-0.33639127,-0.4713425,-1.4452633,GAMT,LMC,IRF1,IRF
2155,0,-0.011590093,-0.22249272,-2.4770832,PCOLCE,LMC,GATA3,Zf
3168,1,-0.33639127,-0.4713425,-3.5868664,ULBP1,MEF,IRF1,IRF
2861,1,-0.33080074,-0.22810093,-3.8605354,ST18,MEF,MAFK,bZIP
1515,0,-0.13559982,-0.10008492,1.2330387,JPH1,LMC,MAX,bHLH
994,1,-0.169331,-0.25693348,1.0227886,FAM222A,MEF,E2F4,E2F
1482,0,0.8549915,-0.22249272,1.4210551,ISG15,LMC,PRDM1,Zf
3060,1,-0.0061152284,-0.10008492,-1.6824514,TNFRSF14,MEF,USF1,bHLH
249,1,-0.15764365,-0.14792581,1.6328131,ATP9A,MEF,RFX5,HTH
156,1,-0.21895796,-0.21895796,1.0755199,AP3M2,MEF,EBF1,EBF
553,0,-0.36351123,-0.50137913,-1.1679317,CHST2,LMC,PBX3,Homeobox
1095,0,-0.5313326,-0.24450046,-1.7231222,FOXC1,LMC,ZKSCAN1,Zf
2303,0,-0.29414836,-0.26135686,-2.4913504,PPARA,LMC,E2F6,E2F
323,1,-0.48430756,-0.24313685,1.5764846,C1GALT1,MEF,STAT1,Stat
2845,0,-0.48813832,-0.3794154,-1.1286079,SPRY1,LMC,IRF4,IRF
648,1,-0.21459776,-0.24333258,1.092964,CREBL2,MEF,MAZ,Zf
2510,0,-0.40533945,-0.39005762,1.2969334,RINL,LMC,GABPA,ETS
690,0,-0.13994873,-0.2053601,1.260351,CTSO,LMC,FOXA2,Forkhead
516,0,-0.3777494,-0.24283965,-1.7725236,CENPM,LMC,EGR1,Zf
2057,1,-0.35390377,-0.22810093,-2.8949068,NUF2,MEF,ATF1,bZIP
2883,0,-0.1607576,-0.24283965,-1.2002188,STK32A,LMC,MAZ,Zf
2852,0,-0.46016192,-0.24450046,-1.4059516,SRD5A1,LMC,EGR1,Zf
1948,1,0.028543921,-0.29509667,-2.1928997,NCAPG2,MEF,BACH1,bZIP
2567,1,-0.15812221,-0.22249272,3.8292215,SALL1,MEF,YY1,Zf
1163,0,0.018755239,0.02968777,2.620298,GCH1,LMC,RFX5,HTH
3137,1,-0.16941127,-0.25471953,-2.5206616,TTK,MEF,FOS,bZIP
816,0,-0.37601265,-0.39942494,2.4848864,DSG2,LMC,ELF1,ETS
977,0,-0.42348737,-0.17137949,-1.3537836,FAM171B,LMC,STAT1,Stat
1460,0,-0.66942716,-0.22810093,1.1438459,ILDR2,LMC,BATF,bZIP
932,1,-0.5856867,-0.25187832,1.3056546,EVA1C,MEF,E2F1,E2F
314,1,-0.46016192,-0.24450046,1.1089758,BTBD11,MEF,EGR1,Zf
1330,1,-0.26692143,-0.26692143,1.5842701,HHIP,MEF,EBF1,EBF
2886,1,-0.3070402,-0.24450046,1.354127,STK38L,MEF,YY1,Zf
2014,1,-0.09351536,-0.24313685,1.4636707,NOS1AP,MEF,STAT3,Stat
529,1,-0.0013588448,-0.24283965,1.213452,CETN2,MEF,CTCF,Zf
1419,0,-0.3569094,-0.25159925,-1.2156954,IGF2BP1,LMC,ZNF263,Zf
2692,0,-0.13149443,-0.22249272,2.0074983,SLC15A3,LMC,SP1,Zf
835,1,-0.121607244,-0.24333258,-1.7441338,E2F7,MEF,GATA3,Zf
895,1,-0.20308916,-0.4653868,-1.8153665,ENO3,MEF,IRF1,IRF
2850,1,-0.29360482,-0.13941021,1.1574836,SQRDL,MEF,TCF12,bHLH
1082,1,-0.30776003,-0.24450046,1.0468322,FMNL2,MEF,ZNF263,Zf
734,1,-0.39804247,-0.17255645,-1.0845644,DCTD,MEF,STAT1,Stat
3191,1,-0.41913503,-0.41913503,-1.0900517,VAV2,MEF,TCF3,HMG
1520,1,-0.038338926,-0.10008492,1.2568082,KAZALD1,MEF,MYOG,bHLH
3011,1,-0.34099022,-0.38195667,-4.0437183,TMEM121,MEF,ELK1,ETS
2510,0,-0.41913503,-0.41913503,1.2969334,RINL,LMC,TCF3,HMG
35,0,-0.13149443,-0.22249272,-1.0941339,ACSS2,LMC,SP1,Zf
818,0,-0.46846294,-0.46846294,-1.4172463,DTL,LMC,TCF3,HMG
2065,0,-0.08106524,-0.08106524,1.5774982,NXNL2,LMC,TEAD4,TEA
3200,1,-0.01444126,-0.17255645,1.1224438,VMA21,MEF,STAT3,Stat
796,0,-0.1689725,-0.13941021,1.3039615,DOCK8,LMC,BHLHE40,bHLH
2531,1,0.028543921,-0.29509667,1.2082444,RORA,MEF,BACH1,bZIP
1838,1,-0.30779734,-0.3917693,1.006843,MLLT3,MEF,ETS1,ETS
2007,1,-0.29414836,-0.26135686,2.0483093,NMNAT2,MEF,E2F6,E2F
3137,0,-0.2300118,-0.25159925,-1.5468862,TTK,LMC,MAZ,Zf
557,1,-0.3341544,-0.39005762,-1.8041896,CHTF18,MEF,ELF1,ETS
2549,0,-0.39205822,-0.27780795,-2.055815,RTKN2,LMC,MAFK,bZIP
2823,1,-0.40787458,-0.3917693,-1.9032626,SPAG5,MEF,GABPA,ETS
711,1,-0.5315311,-0.5315311,2.1121793,CYBRD1,MEF,PAX5,"Paired,Homeobox"
1881,1,-0.15054174,-0.24450046,1.0524545,MSI2,MEF,GATA3,Zf
2352,1,-0.33280078,-0.24333258,-3.1927187,PRSS16,MEF,GATA2,Zf
2894,1,-0.34029287,-0.28884968,-1.2475686,STX1A,MEF,E2F4,E2F
530,1,0.03116794,-0.22249272,1.2931513,CFAP57,MEF,CTCF,Zf
2099,1,0.048078425,-0.25471953,2.5049512,OXGR1,MEF,BACH1,bZIP
469,0,-0.13559982,-0.10008492,-1.0888088,CDC42EP4,LMC,MAX,bHLH
1682,1,-0.51637894,-0.42379856,-2.7435303,LPAR5,MEF,CUX1,Homeobox
566,0,-0.25436184,-0.25436184,-1.1170683,CKS2,LMC,TEAD4,TEA
2236,1,-0.3058912,-0.24283965,-3.8539176,PLCB2,MEF,YY1,Zf
586,0,-0.0005437653,-0.1342841,-1.5158565,CLYBL,LMC,USF1,bHLH
2480,0,-0.19239004,-0.26135686,-1.1151221,RDH12,LMC,E2F4,E2F
796,0,-0.25007766,-0.37009746,1.3039615,DOCK8,LMC,IRF1,IRF
225,1,-0.2838714,-0.47267562,1.0160147,ASCL4,MEF,NANOG,Homeobox
1451,1,-0.46165287,-0.4067228,-1.7797236,IL1RL1,MEF,CUX1,Homeobox
511,1,-0.174635,-0.24550179,-2.789674,CENPE,MEF,FOSL2,bZIP
861,0,-0.45963168,-0.45963168,1.2837286,EFHD2,LMC,TCF3,HMG
792,1,-0.26737517,-0.25159925,-1.1671683,DNMT1,MEF,ZKSCAN1,Zf
1026,0,-0.08974322,-0.146989,-1.7899914,FBLN7,LMC,MAX,bHLH
2762,0,-0.30779734,-0.3917693,1.142044,SLC9A3R1,LMC,ETS1,ETS
1840,0,-0.4467859,-0.3917693,2.1801987,MMD,LMC,ELK1,ETS
1530,1,-0.10827843,-0.121736646,-1.7830039,KCNAB2,MEF,USF2,bHLH
834,1,-0.16941127,-0.25471953,-1.669616,E2F2,MEF,FOS,bZIP
1665,0,-0.2952564,-0.2952564,1.4596416,LIPA,LMC,HNF4A,NR
1572,1,-0.29414836,-0.26135686,1.4070278,KIF21A,MEF,E2F6,E2F
1012,1,-0.21907748,-0.27780795,1.7869244,FAM83G,MEF,JUND,bZIP
1395,1,-0.41320115,-0.25471953,1.0437326,HSD17B1,MEF,ATF1,bZIP
761,1,-0.37601265,-0.39942494,2.1421344,DKKL1,MEF,ELF1,ETS
1101,0,-0.00943349,-0.121736646,-1.5624956,FOXM1,LMC,USF1,bHLH
570,1,-0.35132957,-0.35132957,-2.545223,CLDN15,MEF,HNF4A,NR
2588,0,-0.36049217,-0.22810093,-1.2295984,SCN3B,LMC,FOS,bZIP
3162,1,-0.17513762,-0.146989,-1.5763762,UBE2T,MEF,BHLHE40,bHLH
764,1,-0.14989896,-0.14989896,-2.7786102,DLGAP5,MEF,TEAD4,TEA
3172,0,0.03116794,-0.22249272,2.0868678,UNC45B,LMC,CTCF,Zf
3088,1,-0.60550106,-0.24450046,-1.1942955,TPX2,MEF,SP2,Zf
1505,0,-0.3773888,-0.18281521,1.0109513,ITPK1,LMC,STAT1,Stat
504,0,-0.058015816,-0.18281521,2.316045,CEBPA,LMC,STAT3,Stat
15,0,-0.4420254,-0.26135686,1.1249897,ABHD12,LMC,E2F1,E2F
3240,1,-0.14989896,-0.14989896,2.287634,XKR4,MEF,TEAD4,TEA
2923,0,-0.3705123,-0.25471953,1.0585166,SYTL1,LMC,FOSL2,bZIP
3078,1,-0.3551913,-0.3551913,-2.8886466,TOP2A,MEF,HNF4A,NR
1177,1,-0.19842377,-0.50137913,-1.9876038,GDPD3,MEF,NANOG,Homeobox
3037,0,-0.192465,-0.27780795,2.4017868,TMEM255A,LMC,ATF3,bZIP
3074,0,-0.049117733,-0.13941021,1.9503715,TNS4,LMC,MAX,bHLH
1164,1,-0.35806254,-0.38195667,3.0406773,GCHFR,MEF,ETS1,ETS
1620,1,0.028543921,-0.29509667,-1.2878922,LAMC1,MEF,BACH1,bZIP
605,0,-0.37698567,-0.4067228,-1.0798401,CNTROB,LMC,PBX3,Homeobox
1823,0,-0.049117733,-0.13941021,1.2423477,MGAT3,LMC,MAX,bHLH
3112,0,-0.2507436,-0.25159925,-1.0263593,TRNP1,LMC,ZEB1,Zf
246,0,-0.1689725,-0.13941021,1.1833032,ATP6V1B2,LMC,BHLHE40,bHLH
1323,1,-0.33058694,-0.3917693,-1.2728531,HEG1,MEF,ELF1,ETS
62,0,-0.16941127,-0.25471953,-1.7200596,ADAMTS6,LMC,FOS,bZIP
2917,0,-0.14976743,-0.22810093,-1.4203287,SYT1,LMC,FOSL2,bZIP
2180,0,-0.25436184,-0.25436184,1.0017053,PDPN,LMC,TEAD4,TEA
2981,0,-0.28121933,-0.25159925,1.743349,TICAM2,LMC,SP1,Zf
502,0,-0.049117733,-0.13941021,1.9597286,CEACAM1,LMC,MAX,bHLH
600,1,-0.00943349,-0.121736646,-1.0201135,CNRIP1,MEF,USF1,bHLH
2449,1,-0.36259097,-0.38195667,2.0997539,RARB,MEF,ELF1,ETS
2259,1,-0.34099022,-0.38195667,-3.097473,PLK1,MEF,ELK1,ETS
314,1,0.21614419,-0.17782252,1.1089758,BTBD11,MEF,FOXA1,Forkhead
1808,0,0.03116794,-0.22249272,-1.8211592,MELK,LMC,CTCF,Zf
2137,0,-0.22240412,-0.10008492,-1.7614068,PCDH18,LMC,TCF12,bHLH
1347,1,-0.29360482,-0.13941021,-2.2474232,HMMR,MEF,TCF12,bHLH
2985,0,-0.2678836,-0.24283965,1.1835107,TIMP1,LMC,SP1,Zf
613,0,-0.3777494,-0.24283965,-2.6248782,COL19A1,LMC,EGR1,Zf
3016,1,-0.120565586,-0.1342841,1.1668824,TMEM151A,MEF,MAX,bHLH
1619,0,-0.21301334,-0.25187832,1.9870634,LAMB3,LMC,E2F4,E2F
3160,0,-0.30779734,-0.3917693,-1.9747592,UBE2C,LMC,ETS1,ETS
227,1,-0.2859068,-0.146989,1.2970152,ASIC1,MEF,TCF12,bHLH
2304,0,0.027763726,-0.25159925,-2.0846791,PPARGC1A,LMC,GATA3,Zf
2699,0,-0.37601265,-0.39942494,-1.1324766,SLC16A3,LMC,ELF1,ETS
2083,1,-0.4467859,-0.3917693,-1.0553589,OLFML3,MEF,ELK1,ETS
3148,1,-0.20308916,-0.4653868,-2.1438007,TUBB3,MEF,IRF1,IRF
2332,1,-0.29360482,-0.13941021,-1.3902781,PRIM1,MEF,TCF12,bHLH
2809,0,-0.5069276,-0.27780795,-2.0757055,SOX11,LMC,ATF2,bZIP
1347,1,-0.6928834,-0.10944186,-2.2474232,HMMR,MEF,FOXM1,Forkhead
462,0,-0.76012087,-0.50137913,2.4745347,CD86,LMC,CUX1,Homeobox
1027,0,-0.2997486,-0.24333258,-1.6873972,FBN1,LMC,ZNF263,Zf
525,1,-0.20916343,-0.20916343,-2.4336228,CEP55,MEF,NRF1,NRF
2478,0,-0.3773888,-0.18281521,-1.0574901,RCN1,LMC,STAT1,Stat
2541,1,-0.39900714,-0.22249272,-1.4664801,RRM1,MEF,GATA1,Zf
1694,1,0.8549915,-0.22249272,3.8982577,LRP1B,MEF,PRDM1,Zf
518,1,-0.038338926,-0.10008492,-1.4699304,CENPP,MEF,MYOG,bHLH
692,1,-0.08974322,-0.146989,1.8813096,CTTNBP2,MEF,MAX,bHLH
2480,0,-0.056725405,-0.121736646,-1.1151221,RDH12,LMC,BHLHE40,bHLH
2424,1,-0.36049217,-0.22810093,-1.4369997,RAB3D,MEF,FOS,bZIP
240,0,-0.38059002,-0.38059002,1.6032816,ATP1B1,LMC,PAX5,"Paired,Homeobox"
1512,1,-0.3569094,-0.25159925,-2.120445,JAKMIP2,MEF,ZNF263,Zf
3065,1,-0.192465,-0.27780795,-1.6720701,TNIK,MEF,ATF3,bZIP
519,0,-0.35318726,-0.41931188,-1.145698,CENPQ,LMC,ELK1,ETS
2012,1,-0.08106524,-0.08106524,2.3264077,NOG,MEF,TEAD4,TEA
3069,0,-0.30776003,-0.24450046,3.123341,TNNI2,LMC,ZNF263,Zf
1760,0,-0.3869897,-0.39942494,1.0684023,MAP3K1,LMC,ETS1,ETS
2570,1,0.011842721,-0.21953267,1.3512887,SAMD15,MEF,FOXA1,Forkhead
2088,1,-0.34370995,-0.24333258,-1.8919541,OPN3,MEF,EGR1,Zf
2613,1,-0.3076643,-0.4621776,2.03598,SEMA4F,MEF,IRF1,IRF
905,0,-0.2849582,-0.2849582,-2.2580662,EPHA3,LMC,EBF1,EBF
101,1,-0.32442823,-0.39942494,-2.3698435,AIM2,MEF,ELK1,ETS
1788,1,-1.38777,-0.41931188,-1.1892185,MCM2,MEF,FLI1,ETS
2990,1,-0.03437175,-0.039668236,-1.960353,TK1,MEF,RFX5,HTH
1016,0,-0.3430542,-0.3430542,-1.282396,FANCD2,LMC,PAX5,"Paired,Homeobox"
3134,1,0.048078425,-0.25471953,2.2825308,TTC21A,MEF,BACH1,bZIP
860,1,-0.056725405,-0.121736646,2.1151733,EFHD1,MEF,BHLHE40,bHLH
3144,1,-0.08568381,-0.24450046,-1.550395,TTYH3,MEF,MAZ,Zf
590,1,-0.16561359,-0.22810093,1.3811098,CNBD2,MEF,JUND,bZIP
1844,0,-0.03437175,-0.039668236,-1.2069457,MMP11,LMC,RFX5,HTH
2816,0,0.016311714,0.00623205,1.4846952,SP110,LMC,RFX5,HTH
2172,0,-0.33817908,-0.29509667,2.043665,PDGFB,LMC,FOS,bZIP
1635,1,-0.30776003,-0.24450046,1.0524637,LDB3,MEF,ZNF263,Zf
2487,0,-0.66942716,-0.22810093,1.091219,RFTN1,LMC,BATF,bZIP
3217,0,-0.24165441,-0.29509667,1.1876146,WDR91,LMC,JUND,bZIP
1600,1,-0.933204,-0.22249272,1.5696979,KLHL8,MEF,BCL11A,Zf
652,0,-0.3375485,-0.1342841,1.3897598,CRIP1,LMC,TCF12,bHLH
157,1,-0.38278377,-0.42379856,-1.3312559,APBA1,MEF,PBX3,Homeobox
1570,0,-0.4776695,-0.22249272,-2.109007,KIF20A,LMC,ZKSCAN1,Zf
2489,1,-0.29414836,-0.26135686,-1.6161706,RGMA,MEF,E2F6,E2F
458,0,-0.43756613,-0.41931188,-1.5789324,CD80,LMC,ETS1,ETS
1723,1,-0.34914914,-0.27780795,-2.555735,LTC4S,MEF,FOS,bZIP
3110,0,-0.16561359,-0.22810093,-2.4243805,TRIM71,LMC,JUND,bZIP
1751,0,-0.120565586,-0.1342841,1.2574582,MAN1C1,LMC,MAX,bHLH
789,1,-0.17150766,-0.17150766,-1.4228231,DNER,MEF,TEAD4,TEA
711,1,-0.7502766,-0.4621776,2.1121793,CYBRD1,MEF,IRF3,IRF
1344,0,0.018755239,0.02968777,-1.063044,HMGCS1,LMC,RFX5,HTH
2504,0,-0.169331,-0.25693348,1.8920665,RHOV,LMC,E2F4,E2F
657,0,-0.3058912,-0.24283965,-1.8498431,CRMP1,LMC,YY1,Zf
3187,1,-0.36812532,-0.36812532,-1.1646138,VASH2,MEF,NRF1,NRF
1947,1,-0.62452394,-0.4713425,-1.986602,NCAPG,MEF,IRF4,IRF
2207,1,-0.3430542,-0.3430542,-1.1353942,PIANP,MEF,PAX5,"Paired,Homeobox"
2134,1,-0.23244992,-0.52757335,2.393178,PCDH10,MEF,PBX3,Homeobox
82,1,-0.29414836,-0.26135686,-2.4347596,ADRA1A,MEF,E2F6,E2F
3023,1,-0.22746871,-0.25187832,1.8558911,TMEM176A,MEF,E2F6,E2F
1287,1,-0.21459776,-0.24333258,1.5898728,GRIN3A,MEF,MAZ,Zf
327,0,-0.26692143,-0.26692143,-2.459499,C1QTNF3,LMC,EBF1,EBF
1034,1,-0.057535224,-0.27780795,1.6846279,FBXO32,MEF,BACH1,bZIP
3237,0,-0.169331,-0.25693348,1.8171422,XDH,LMC,E2F4,E2F
601,1,-0.38339126,-0.24550179,-1.3648314,CNTFR,MEF,ATF2,bZIP
2625,0,-0.08106524,-0.08106524,2.343038,SERPIND1,LMC,TEAD4,TEA
1335,1,-0.22746871,-0.25187832,1.0415667,HIST1H1C,MEF,E2F6,E2F
1750,0,-0.48430756,-0.24313685,-1.3566232,MAMSTR,LMC,STAT1,Stat
2027,1,-0.16561359,-0.22810093,-2.0476608,NPTX1,MEF,JUND,bZIP
1483,0,-0.33817908,-0.29509667,-2.4283824,ISL1,LMC,FOS,bZIP
2618,1,-0.01444126,-0.17255645,1.103243,SERINC2,MEF,STAT3,Stat
2896,1,-0.44224238,-0.29509667,1.5907596,STXBP6,MEF,MAFK,bZIP
1015,1,0.22652079,-0.2053601,-2.369543,FANCA,MEF,FOXA1,Forkhead
214,0,-0.17407607,-0.121736646,-1.316177,ARSI,LMC,MAX,bHLH
3165,1,-0.7844056,-0.2053601,-2.3812919,UCP2,MEF,FOXM1,Forkhead
1953,0,-0.3439605,-0.3439605,1.9256032,NCF2,LMC,NRF1,NRF
1191,0,-0.35453734,-0.24333258,-1.2041851,GINS2,LMC,ZKSCAN1,Zf
2852,0,-0.28899637,-0.29509667,-1.4059516,SRD5A1,LMC,MAFF,bZIP
151,0,0.13713937,-0.20371658,-1.2578008,ANXA6,LMC,FOXA1,Forkhead
275,1,-0.1124492,-0.24333258,2.004895,BCAR3,MEF,CTCF,Zf
169,1,-0.33080074,-0.22810093,-4.8506866,APOE,MEF,MAFK,bZIP
894,0,-0.15812221,-0.22249272,-1.8879693,ENG,LMC,YY1,Zf
1511,1,-0.049117733,-0.13941021,1.9335152,JAG2,MEF,MAX,bHLH
909,0,-0.18398622,-0.29509667,-1.0061626,EPHB3,LMC,ATF3,bZIP
1474,1,-0.21918109,-0.21918109,1.5855246,IQUB,MEF,TCF3,HMG
307,1,-0.34099022,-0.38195667,-1.1805693,BOK,MEF,ELK1,ETS
2607,1,-0.42519194,-0.24333258,2.4777281,SEMA3B,MEF,GATA1,Zf
2109,0,-0.35806254,-0.38195667,-1.8177229,PACSIN3,LMC,ETS1,ETS
557,0,-0.26737517,-0.25159925,-1.4300829,CHTF18,LMC,ZKSCAN1,Zf
17,1,-0.34099022,-0.38195667,-2.9814575,ABI3,MEF,ELK1,ETS
2205,1,0.03116794,-0.22249272,1.1916683,PHOSPHO1,MEF,CTCF,Zf
2569,0,-0.11649651,-0.25471953,-1.6417769,SAMD14,LMC,JUND,bZIP
1809,1,-0.19239004,-0.26135686,-1.1236551,MESDC1,MEF,E2F4,E2F
2697,1,-0.3777494,-0.24283965,-1.4906707,SLC16A13,MEF,EGR1,Zf
2694,0,-0.30776003,-0.24450046,1.2064933,SLC16A10,LMC,ZNF263,Zf
985,1,-0.29360482,-0.13941021,1.7579721,FAM196A,MEF,TCF12,bHLH
2803,0,-0.13559982,-0.10008492,-2.8985493,SOD3,LMC,MAX,bHLH
2537,1,-0.2507436,-0.25159925,-1.8166342,RPS6KA1,MEF,ZEB1,Zf
1837,1,-0.08106524,-0.08106524,-1.1738205,MLF1,MEF,TEAD4,TEA
2471,0,-0.0013588448,-0.24283965,-1.3460842,RBM46,LMC,CTCF,Zf
445,1,-0.15812221,-0.22249272,-3.5008187,CD33,MEF,YY1,Zf
875,1,-0.33080074,-0.22810093,-1.3485354,EHHADH,MEF,MAFK,bZIP
1263,1,-0.08617797,-0.146989,-1.3334298,GPR84,MEF,MYOG,bHLH
2386,1,-0.2913164,-0.42379856,-5.8584,PTPN6,MEF,NANOG,Homeobox
2844,1,-0.16561359,-0.22810093,-1.6880019,SPRR3,MEF,JUND,bZIP
2474,1,-0.0061152284,-0.10008492,3.725891,RBP4,MEF,USF1,bHLH
1038,1,-0.25436184,-0.25436184,-1.7113899,FBXO5,MEF,TEAD4,TEA
2914,1,-0.36550322,-0.47267562,3.8033676,SYNM,MEF,PBX3,Homeobox
618,1,-0.21342848,-0.28884968,-2.5465317,COL4A1,MEF,E2F6,E2F
1045,1,-0.13559982,-0.10008492,-2.1285722,FES,MEF,MAX,bHLH
859,0,-0.21361919,-0.25471953,-1.016673,EFHC1,LMC,ATF3,bZIP
679,1,0.016314197,-0.13941021,-1.4067318,CTHRC1,MEF,USF1,bHLH
30,0,-0.18621291,-0.24333258,1.627162,ACOT4,LMC,YY1,Zf
2318,1,-0.12447846,-0.22249272,1.4274718,PPP1R42,MEF,GATA2,Zf
1726,1,-0.08106524,-0.08106524,-1.5292109,LY6E,MEF,TEAD4,TEA
664,1,-1.4133955,-0.3917693,-1.0229584,CSF2RA,MEF,FLI1,ETS
143,0,-0.17513762,-0.146989,-1.2520086,ANKRD6,LMC,BHLHE40,bHLH
1599,0,-0.7941223,-0.24283965,1.3884596,KLHL6,LMC,BCL11A,Zf
3026,0,-0.5315311,-0.5315311,1.2060415,TMEM180,LMC,PAX5,"Paired,Homeobox"
1808,1,-0.0013588448,-0.24283965,-2.5568974,MELK,MEF,CTCF,Zf
2145,0,0.22652079,-0.2053601,-1.2809553,PCDHGB2,LMC,FOXA1,Forkhead
856,0,-0.6645992,-0.25159925,-1.1511953,EFCAB11,LMC,SP2,Zf
790,0,-0.38059002,-0.38059002,1.4997923,DNM1,LMC,PAX5,"Paired,Homeobox"
53,1,-0.63670325,-0.21953267,-5.6424417,ADAM8,MEF,FOXM1,Forkhead
3088,1,-0.3430542,-0.3430542,-1.1942955,TPX2,MEF,PAX5,"Paired,Homeobox"
2621,0,-0.37167174,-0.29509667,5.183883,SERPINB2,LMC,ATF2,bZIP
1537,0,0.016314197,-0.13941021,-2.9671574,KCNE4,LMC,USF1,bHLH
566,0,-0.40533945,-0.39005762,-1.1170683,CKS2,LMC,GABPA,ETS
171,0,-0.18911669,-0.17782252,-1.3084476,APOLD1,LMC,FOXA2,Forkhead
2183,0,-0.2997486,-0.24333258,1.7162262,PDZK1IP1,LMC,ZNF263,Zf
1793,0,-0.29687634,-0.29687634,1.8078305,MCOLN3,LMC,PAX5,"Paired,Homeobox"
2204,1,-0.6928834,-0.10944186,-1.1529521,PHLPP1,MEF,FOXM1,Forkhead
2210,0,-0.11649651,-0.25471953,2.0439394,PIK3AP1,LMC,JUND,bZIP
1560,0,-0.35318726,-0.41931188,-2.493721,KCTD16,LMC,ELK1,ETS
226,1,-0.56297857,-0.22249272,-2.1260629,ASF1B,MEF,ZBTB33,Zf
1362,0,-0.27070102,-0.24450046,-1.8721808,HOXA7,LMC,GATA2,Zf
1349,1,-0.169331,-0.25693348,-1.1300734,HN1,MEF,E2F4,E2F
2891,0,-0.37698567,-0.4067228,-1.1727897,STOX2,LMC,PBX3,Homeobox
3138,0,-0.1826178,-0.24450046,-1.6865426,TTLL11,LMC,SP1,Zf
641,1,-0.3076643,-0.4621776,1.284983,CPOX,MEF,IRF1,IRF
2056,1,-0.2727483,-0.2712014,1.5929674,NUDT11,MEF,E2F6,E2F
1824,1,-0.659372,-0.27780795,3.1939304,MGP,MEF,BATF,bZIP
2527,0,-0.0061152284,-0.10008492,-1.4806893,ROBO1,LMC,USF1,bHLH
2613,1,-0.049117733,-0.13941021,2.03598,SEMA4F,MEF,MAX,bHLH
1383,0,-0.46016192,-0.24450046,3.9081578,HPCAL4,LMC,EGR1,Zf
2186,1,-0.17513762,-0.146989,5.879746,PENK,MEF,BHLHE40,bHLH
2377,1,-0.4776695,-0.22249272,2.083494,PTHLH,MEF,ZKSCAN1,Zf
2041,1,-0.48813832,-0.3794154,-3.8660052,NRROS,MEF,IRF4,IRF
1399,0,-0.14976743,-0.22810093,1.2212778,HSPB1,LMC,FOSL2,bZIP
2981,0,-0.9526392,-0.4653868,1.743349,TICAM2,LMC,IRF3,IRF
1647,1,-0.058015816,-0.18281521,2.3328397,LGI4,MEF,STAT3,Stat
871,0,-0.01444126,-0.17255645,1.2303663,EGR1,LMC,STAT3,Stat
251,0,-0.22735961,-0.24550179,-1.4332783,AURKA,LMC,MAFF,bZIP
2195,1,-0.37698567,-0.4067228,-1.526995,PGAP1,MEF,PBX3,Homeobox
249,1,-0.36259097,-0.38195667,1.6328131,ATP9A,MEF,ELF1,ETS
89,1,-0.15812221,-0.22249272,1.3459423,AGBL2,MEF,YY1,Zf
3136,0,-0.38339126,-0.24550179,1.0255241,TTC9,LMC,ATF2,bZIP
1574,1,-0.3933147,-0.24283965,-2.4750273,KIF23,MEF,ZKSCAN1,Zf
283,0,-0.1505293,-0.1342841,1.2884433,BEND4,LMC,USF2,bHLH
542,0,-0.2064243,-0.25159925,1.6321921,CHD7,LMC,YY1,Zf
1792,1,-0.0005437653,-0.1342841,-5.093406,MCOLN2,MEF,USF1,bHLH
962,0,-0.39059436,-0.39059436,-1.8918418,FAM101B,LMC,HNF4A,NR
185,0,-0.17150766,-0.17150766,1.2260965,ARHGAP29,LMC,TEAD4,TEA
953,1,-0.1124492,-0.24333258,1.0861168,FAAH,MEF,CTCF,Zf
1688,1,-0.0013588448,-0.24283965,1.3220744,LRCH1,MEF,CTCF,Zf
1076,0,-0.32442823,-0.39942494,-1.2501253,FLNA,LMC,ELK1,ETS
2460,1,0.03116794,-0.22249272,-1.0421484,RASGRP4,MEF,CTCF,Zf
2795,0,-0.17407607,-0.121736646,1.1839118,SNTA1,LMC,MAX,bHLH
1520,1,-0.48430756,-0.24313685,1.2568082,KAZALD1,MEF,STAT1,Stat
77,1,-0.34029287,-0.28884968,-1.0111213,ADHFE1,MEF,E2F4,E2F
1229,0,-0.0065755714,-0.1342841,-1.5409347,GPC6,LMC,MYOG,bHLH
3187,0,-0.065101475,-0.08148018,-1.3416171,VASH2,LMC,RFX5,HTH
2247,1,-0.0061152284,-0.10008492,2.2542877,PLEKHA6,MEF,USF1,bHLH
2294,1,-0.011590093,-0.22249272,2.1691418,POPDC3,MEF,GATA3,Zf
1830,0,-0.120565586,-0.1342841,1.8417768,MILR1,LMC,MAX,bHLH
2420,1,-0.21459776,-0.24333258,1.419062,RAB37,MEF,MAZ,Zf
754,1,-0.21907748,-0.27780795,-1.3119396,DGKK,MEF,JUND,bZIP
764,1,-0.174635,-0.24550179,-2.7786102,DLGAP5,MEF,FOSL2,bZIP
2493,1,-0.11649651,-0.25471953,1.8085946,RGS17,MEF,JUND,bZIP
2454,0,0.023197008,-0.146989,2.2596931,RASEF,LMC,USF1,bHLH
1162,1,-0.2507436,-0.25159925,1.5318578,GCA,MEF,ZEB1,Zf
1,1,-0.41913503,-0.41913503,1.1740319,A4GALT,MEF,TCF3,HMG
2176,0,-0.34914914,-0.27780795,-1.1671095,PDGFRL,LMC,FOS,bZIP
322,0,-0.30779734,-0.3917693,-1.9591644,BZRAP1,LMC,ETS1,ETS
2388,1,-0.21459776,-0.24333258,-6.5539336,PTPRC,MEF,MAZ,Zf
3112,0,-0.19239004,-0.26135686,-1.0263593,TRNP1,LMC,E2F4,E2F
2831,0,-0.009364229,-0.17137949,-1.2344358,SPHK1,LMC,STAT3,Stat
1865,1,-0.2808588,-0.24283965,1.1478183,MPC1,MEF,ZEB1,Zf
716,0,-0.1607576,-0.24283965,-1.085661,CYP26B1,LMC,MAZ,Zf
1409,1,-0.009364229,-0.17137949,2.102563,ICOS,MEF,STAT3,Stat
1372,1,0.011842721,-0.21953267,3.7981417,HOXC11,MEF,FOXA1,Forkhead
1257,0,-0.2997486,-0.24333258,1.0783671,GPR39,LMC,ZNF263,Zf
666,0,-0.17150766,-0.17150766,2.8135076,CSF3R,LMC,TEAD4,TEA
3157,1,-0.09351536,-0.24313685,1.9984019,TYRP1,MEF,STAT3,Stat
1419,0,-0.3777494,-0.24283965,-1.2156954,IGF2BP1,LMC,EGR1,Zf
2602,0,-0.4649995,-0.41931188,-1.0105699,SEC16B,LMC,GABPA,ETS
1442,1,-0.22240412,-0.10008492,3.6092079,IL17RB,MEF,TCF12,bHLH
3011,0,-0.34099022,-0.38195667,-2.6684415,TMEM121,LMC,ELK1,ETS
1471,1,-0.121607244,-0.24333258,1.0656217,IQCK,MEF,GATA3,Zf
2993,0,-0.4467859,-0.3917693,-1.9840968,TLE6,LMC,ELK1,ETS
2779,1,-0.7979473,-0.24283965,1.101585,SMIM8,MEF,SP2,Zf
1860,0,0.023197008,-0.146989,1.3824726,MOCOS,LMC,USF1,bHLH
369,0,-0.39900714,-0.22249272,2.0192993,CASP1,LMC,GATA1,Zf
1012,1,0.22652079,-0.2053601,1.7869244,FAM83G,MEF,FOXA1,Forkhead
1387,1,-0.3341544,-0.39005762,-2.4417093,HPSE,MEF,ELF1,ETS
1840,0,-0.21895796,-0.21895796,2.1801987,MMD,LMC,EBF1,EBF
324,1,0.06421617,-0.24450046,-8.9028015,C1QA,MEF,CTCF,Zf
1534,1,-0.64209527,-0.1980394,1.1689314,KCNC3,MEF,STAT1,Stat
43,1,-0.049117733,-0.13941021,-1.1028354,ACY1,MEF,MAX,bHLH
2970,0,-0.19379956,-0.22810093,-1.5857894,TGFB2,LMC,ATF2,bZIP
640,1,-0.120565586,-0.1342841,2.1161196,CPNE7,MEF,MAX,bHLH
2102,0,-0.35318726,-0.41931188,2.0725229,P2RY12,LMC,ELK1,ETS
3181,0,-0.37601265,-0.39942494,1.0038823,USP2,LMC,ELF1,ETS
3192,0,-0.48813832,-0.3794154,1.2728144,VAV3,LMC,IRF4,IRF
3210,0,-0.3777494,-0.24283965,2.019908,WAS,LMC,EGR1,Zf
1341,0,-0.3375485,-0.1342841,-3.1032891,HMCN1,LMC,TCF12,bHLH
296,1,-0.36049217,-0.22810093,-1.5980535,BLNK,MEF,FOS,bZIP
815,1,-0.36259097,-0.38195667,-1.011439,DSCC1,MEF,ELF1,ETS
3003,1,-0.29979625,-0.24283965,-3.9932933,TM6SF1,MEF,GATA1,Zf
2601,0,-0.36351123,-0.50137913,-1.3300989,SEC14L5,LMC,PBX3,Homeobox
1506,0,-0.2678836,-0.24283965,1.1775964,ITPR1,LMC,SP1,Zf
2453,0,-0.009410201,-0.10008492,1.917148,RASD2,LMC,USF2,bHLH
2317,1,-0.16941127,-0.25471953,-1.3451492,PPP1R3E,MEF,FOS,bZIP
1697,0,0.17063665,-0.10944186,-1.5333753,LRRC16A,LMC,FOXA1,Forkhead
2505,0,0.03116794,-0.22249272,1.9083076,RHPN2,LMC,CTCF,Zf
150,1,0.5159049,-0.24283965,-1.5063857,ANXA4,MEF,PRDM1,Zf
2057,0,-0.058015816,-0.18281521,-2.073274,NUF2,LMC,STAT3,Stat
2265,1,-0.43756613,-0.41931188,3.7187953,PLS1,MEF,ETS1,ETS
44,1,-0.2678836,-0.24283965,1.5725946,ACY3,MEF,SP1,Zf
611,1,-0.19239004,-0.26135686,-1.3350317,COL16A1,MEF,E2F4,E2F
1599,0,-0.049117733,-0.13941021,1.3884596,KLHL6,LMC,MAX,bHLH
496,0,-0.38278377,-0.42379856,-1.4552879,CDKN3,LMC,PBX3,Homeobox
358,1,-0.38490406,-0.38490406,1.2216636,CAMK4,MEF,PAX5,"Paired,Homeobox"
217,1,-0.14989896,-0.14989896,2.4161205,ART4,MEF,TEAD4,TEA
2109,0,-0.07449697,-0.25159925,-1.8177229,PACSIN3,LMC,CTCF,Zf
1054,1,-0.10827843,-0.121736646,1.1716865,FGF18,MEF,USF2,bHLH
2049,1,-0.3569094,-0.25159925,2.1479084,NTF3,MEF,ZNF263,Zf
2704,0,-0.37665918,-0.37009746,-1.4064982,SLC17A9,LMC,IRF4,IRF
59,0,-0.18621291,-0.24333258,-1.310582,ADAMTS2,LMC,YY1,Zf
716,1,-0.08106524,-0.08106524,2.1831284,CYP26B1,MEF,TEAD4,TEA
1031,1,0.08411567,-0.24550179,-1.2496772,FBXL8,MEF,BACH1,bZIP
2542,0,-0.2300118,-0.25159925,-1.5441597,RRM2,LMC,MAZ,Zf
3088,1,-0.11649651,-0.25471953,-1.1942955,TPX2,MEF,JUND,bZIP
1524,1,-0.4409798,-0.24450046,4.1101813,KCNA2,MEF,ZEB1,Zf
1908,1,-0.17513762,-0.146989,2.8399744,MYH14,MEF,BHLHE40,bHLH
280,1,-0.440717,-0.25471953,-1.1130936,BCL2L11,MEF,MAFK,bZIP
2020,1,-0.12554857,-0.24550179,-1.9587115,NPAS2,MEF,JUND,bZIP
612,1,-0.056725405,-0.121736646,1.5643581,COL18A1,MEF,BHLHE40,bHLH
148,0,-0.34370995,-0.24333258,-1.1924417,ANTXR1,LMC,EGR1,Zf
870,1,-0.29360482,-0.13941021,-1.2089994,EGLN3,MEF,TCF12,bHLH
259,0,-0.08617797,-0.146989,1.2429582,B3GNT8,LMC,MYOG,bHLH
3026,0,-0.1124492,-0.24333258,1.2060415,TMEM180,LMC,CTCF,Zf
541,0,-0.21895796,-0.21895796,2.0512915,CHD5,LMC,EBF1,EBF
552,0,-0.03437175,-0.039668236,-1.1655335,CHST15,LMC,RFX5,HTH
1359,1,-0.10369535,-0.10008492,-1.859574,HOXA4,MEF,BHLHE40,bHLH
2126,0,-0.20776576,-0.20776576,-1.9749895,PARPBP,LMC,EBF1,EBF
339,0,-0.2727483,-0.2712014,2.19194,CACNA1D,LMC,E2F6,E2F
1954,1,-0.21895796,-0.21895796,-6.857463,NCF4,MEF,EBF1,EBF
3018,1,-0.48813832,-0.3794154,-3.1052723,TMEM156,MEF,IRF4,IRF
1599,0,-0.2064243,-0.25159925,1.3884596,KLHL6,LMC,YY1,Zf
1266,1,-0.2838714,-0.47267562,1.154727,GPRC5C,MEF,NANOG,Homeobox
89,1,-0.26692143,-0.26692143,1.3459423,AGBL2,MEF,EBF1,EBF
946,1,-0.07763662,-0.20371658,1.9708863,F11,MEF,FOXA2,Forkhead
961,0,-0.5313326,-0.24450046,3.5286672,FAIM2,LMC,ZKSCAN1,Zf
2982,1,-0.26737517,-0.25159925,-2.3347836,TICRR,MEF,ZKSCAN1,Zf
2793,1,-0.17513762,-0.146989,1.5012249,SNHG12,MEF,BHLHE40,bHLH
247,0,-0.062780954,-0.24333258,1.0520605,ATP8A1,LMC,SP1,Zf
1797,1,-0.3610153,-0.22249272,1.8375669,MDGA2,MEF,EGR1,Zf
3188,1,-0.36645967,-0.22249272,-1.032395,VASP,MEF,ZEB1,Zf
2629,1,0.048078425,-0.25471953,-1.1922623,SERTAD4,MEF,BACH1,bZIP
1076,1,0.07771543,-0.1980394,-1.1527479,FLNA,MEF,STAT3,Stat
2151,0,-0.40787458,-0.3917693,1.17195,PCED1B,LMC,GABPA,ETS
1607,1,-0.18911669,-0.17782252,-2.105472,KRT19,MEF,FOXA2,Forkhead
3071,0,0.03116794,-0.22249272,-1.2524,TNNI3K,LMC,CTCF,Zf
2409,0,-0.35318726,-0.41931188,1.1963438,RAB11FIP1,LMC,ELK1,ETS
1111,0,-0.35453734,-0.24333258,-1.702313,FRMD5,LMC,ZKSCAN1,Zf
78,0,-0.39900714,-0.22249272,-1.8453362,ADM,LMC,GATA1,Zf
2088,1,-0.46165287,-0.4067228,-1.8919541,OPN3,MEF,CUX1,Homeobox
2283,1,-0.2300118,-0.25159925,1.2442892,PNOC,MEF,MAZ,Zf
1805,1,-0.2913164,-0.42379856,2.5338821,MEIG1,MEF,NANOG,Homeobox
1751,0,-0.17150766,-0.17150766,1.2574582,MAN1C1,LMC,TEAD4,TEA
2335,1,-0.08106524,-0.08106524,-4.4554343,PRKCB,MEF,TEAD4,TEA
876,1,-0.34029287,-0.28884968,1.6435285,ELAVL2,MEF,E2F4,E2F
799,1,-0.5313326,-0.24450046,-1.4129221,DPCR1,MEF,ZKSCAN1,Zf
1990,0,-0.38339126,-0.24550179,-1.7527599,NID1,LMC,ATF2,bZIP
1370,1,-0.1124492,-0.24333258,-1.1766386,HOXB8,MEF,CTCF,Zf
2367,1,-0.056725405,-0.121736646,-5.23533,PTAFR,MEF,BHLHE40,bHLH
2823,0,-0.37527534,-0.37527534,-1.7413466,SPAG5,LMC,NRF1,NRF
145,1,-0.38057798,-0.24450046,3.29391,ANO1,MEF,GATA1,Zf
2793,1,-0.01444126,-0.17255645,1.5012249,SNHG12,MEF,STAT3,Stat
375,1,-0.4420254,-0.26135686,1.0318768,CATSPERD,MEF,E2F1,E2F
312,0,-0.16561359,-0.22810093,-1.2473322,BRSK1,LMC,JUND,bZIP
2537,1,-0.21361919,-0.25471953,-1.8166342,RPS6KA1,MEF,ATF3,bZIP
1980,0,-0.0017048104,-0.121736646,2.2001057,NFAM1,LMC,MYOG,bHLH
2288,1,-0.1689725,-0.13941021,-1.222358,POLA1,MEF,BHLHE40,bHLH
1094,1,-0.01444126,-0.17255645,1.9671559,FOXA3,MEF,STAT3,Stat
2025,0,-0.3625331,-0.38195667,2.536726,NPR1,LMC,GABPA,ETS
2600,0,-0.8933479,-0.52757335,-1.9105233,SDPR,LMC,CUX1,Homeobox
2489,1,-0.1505293,-0.1342841,-1.6161706,RGMA,MEF,USF2,bHLH
1932,0,0.048078425,-0.25471953,1.718301,MYRF,LMC,BACH1,bZIP
533,1,-0.933204,-0.22249272,-2.629579,CFP,MEF,BCL11A,Zf
2157,0,-0.34914914,-0.27780795,2.0754435,PCSK1,LMC,FOS,bZIP
150,1,-0.65735245,-0.17782252,-1.5063857,ANXA4,MEF,FOXM1,Forkhead
514,1,-0.29360482,-0.13941021,-2.238638,CENPI,MEF,TCF12,bHLH
2018,0,-0.25341198,-0.22810093,2.2590847,NOTUM,LMC,ATF3,bZIP
377,0,0.016314197,-0.13941021,-1.1839267,CBS,LMC,USF1,bHLH
2195,1,-0.19379956,-0.22810093,-1.526995,PGAP1,MEF,ATF2,bZIP
975,1,-0.541412,-0.25159925,1.2401816,FAM161B,MEF,EGR1,Zf
588,1,-0.35318726,-0.41931188,-1.1658243,CMTM3,MEF,ELK1,ETS
2599,0,-0.29360482,-0.13941021,-1.0351863,SDK2,LMC,TCF12,bHLH
1565,1,-0.31818998,-0.24333258,1.3241493,KDM6A,MEF,ZEB1,Zf
2439,1,-0.2913164,-0.42379856,-1.1696179,RALGPS2,MEF,NANOG,Homeobox
1015,0,0.018755239,0.02968777,-1.5220731,FANCA,LMC,RFX5,HTH
2891,0,-0.2859068,-0.146989,-1.1727897,STOX2,LMC,TCF12,bHLH
1178,1,-0.21301334,-0.25187832,-1.9427576,GEN1,MEF,E2F4,E2F
3065,1,-0.27070102,-0.24450046,-1.6720701,TNIK,MEF,GATA2,Zf
1309,1,-0.20454665,-0.20454665,2.2134407,HAND2,MEF,TEAD4,TEA
49,1,-0.1124492,-0.24333258,1.427944,ADAM22,MEF,CTCF,Zf
2959,0,-0.3625331,-0.38195667,-1.0561966,TEX14,LMC,GABPA,ETS
571,1,-0.40787458,-0.3917693,1.4271123,CLEC11A,MEF,GABPA,ETS
2410,1,-0.3058912,-0.24283965,2.8001359,RAB11FIP4,MEF,YY1,Zf
2430,1,-0.28121933,-0.25159925,-1.3141602,RACGAP1,MEF,SP1,Zf
1151,0,-0.009364229,-0.17137949,1.1953743,GAS6,LMC,STAT3,Stat
2809,1,-0.062780954,-0.24333258,-1.3496617,SOX11,MEF,SP1,Zf
2353,1,-0.26188308,-0.27780795,-1.6450821,PRSS27,MEF,FOSL2,bZIP
2054,1,-0.65183055,-0.47267562,1.6799653,NUCB2,MEF,CUX1,Homeobox
504,0,-0.36550322,-0.47267562,2.316045,CEBPA,LMC,PBX3,Homeobox
2126,0,0.041926194,-0.24283965,-1.9749895,PARPBP,LMC,GATA3,Zf
450,1,0.018755239,0.02968777,-6.2079844,CD52,MEF,RFX5,HTH
245,1,-0.29687634,-0.29687634,1.8436075,ATP6V0E2,MEF,PAX5,"Paired,Homeobox"
1967,0,-0.10827843,-0.121736646,-1.1616241,NEDD9,LMC,USF2,bHLH
1826,0,-0.15812221,-0.22249272,1.3738055,MGST2,LMC,YY1,Zf
3262,1,-0.09351536,-0.24313685,1.0464939,ZMYND12,MEF,STAT3,Stat
1491,0,-0.065101475,-0.08148018,-1.1370951,ITGA5,LMC,RFX5,HTH
2208,1,-0.44224238,-0.29509667,-2.939009,PIEZO2,MEF,MAFK,bZIP
993,1,-0.3777494,-0.24283965,1.2556348,FAM213A,MEF,EGR1,Zf
2159,0,-0.40533945,-0.39005762,-3.0297842,PCSK9,LMC,GABPA,ETS
517,1,-0.18621291,-0.24333258,-2.1137278,CENPN,MEF,YY1,Zf
761,1,-0.058015816,-0.18281521,2.1421344,DKKL1,MEF,STAT3,Stat
1545,0,-0.3430542,-0.3430542,2.3089058,KCNJ11,LMC,PAX5,"Paired,Homeobox"
462,0,-0.6928834,-0.10944186,2.4745347,CD86,LMC,FOXM1,Forkhead
1643,1,-0.21918109,-0.21918109,-1.383364,LGALS3,MEF,TCF3,HMG
2624,1,-0.1607576,-0.24283965,1.1846225,SERPINC1,MEF,MAZ,Zf
2988,1,-0.5315311,-0.5315311,2.4701684,TIPARP,MEF,PAX5,"Paired,Homeobox"
402,1,-0.15812221,-0.22249272,-1.552059,CCDC8,MEF,YY1,Zf
1192,1,-0.26816452,-0.121736646,1.3111038,GIPC2,MEF,TCF12,bHLH
1327,1,-0.39900714,-0.22249272,1.3812214,HFE,MEF,GATA1,Zf
2925,0,-0.12554857,-0.24550179,-1.547612,SYTL4,LMC,JUND,bZIP
763,0,-0.36259097,-0.38195667,2.4377005,DLG2,LMC,ELF1,ETS
1337,1,-0.1666823,-0.13941021,1.9967467,HIST2H2AC,MEF,USF2,bHLH
876,1,-0.01444126,-0.17255645,1.6435285,ELAVL2,MEF,STAT3,Stat
613,0,0.028543921,-0.29509667,-2.6248782,COL19A1,LMC,BACH1,bZIP
3258,1,-0.00943349,-0.121736646,-1.4494542,ZFYVE28,MEF,USF1,bHLH
2393,1,0.016311714,0.00623205,2.7561061,PTPRT,MEF,RFX5,HTH
715,1,-0.35806254,-0.38195667,1.4558525,CYP1B1,MEF,ETS1,ETS
2833,1,-0.38071528,-0.24283965,-7.2477894,SPI1,MEF,ZNF263,Zf
2468,0,-0.65183055,-0.47267562,1.1551113,RBKS,LMC,CUX1,Homeobox
1567,1,-0.121607244,-0.24333258,-2.6418326,KIF14,MEF,GATA3,Zf
96,1,-0.20454665,-0.20454665,3.9510791,AHR,MEF,TEAD4,TEA
457,0,-0.4467859,-0.3917693,1.8729588,CD74,LMC,ELK1,ETS
1843,0,-0.38339126,-0.24550179,2.4930456,MMP10,LMC,ATF2,bZIP
1171,1,-0.038338926,-0.10008492,-2.000288,GDF10,MEF,MYOG,bHLH
1688,1,-0.35318726,-0.41931188,1.3220744,LRCH1,MEF,ELK1,ETS
1197,0,-0.2838714,-0.47267562,-1.4722316,GJC1,LMC,NANOG,Homeobox
1833,0,-0.192465,-0.27780795,1.3267617,MITF,LMC,ATF3,bZIP
436,1,-0.065101475,-0.08148018,-4.284058,CD200R1,MEF,RFX5,HTH
3200,1,-0.3076643,-0.4621776,1.1224438,VMA21,MEF,IRF1,IRF
2958,0,-0.46016192,-0.24450046,-1.3373098,TET1,LMC,EGR1,Zf
2764,0,-0.38057798,-0.24450046,1.8032925,SLC9A9,LMC,GATA1,Zf
2408,0,-0.0061152284,-0.10008492,-1.2367245,QSOX1,LMC,USF1,bHLH
1217,1,-0.22735961,-0.24550179,-1.6845399,GNG3,MEF,MAFF,bZIP
1633,0,-0.25436184,-0.25436184,2.959293,LCTL,LMC,TEAD4,TEA
174,1,-0.0317704,-0.39942494,-1.6604633,ARAP1,MEF,ELK4,ETS
761,1,-0.31818998,-0.24333258,2.1421344,DKKL1,MEF,ZEB1,Zf
1707,0,-0.2064243,-0.25159925,-1.0357177,LRRC8E,LMC,YY1,Zf
1347,0,-0.2727483,-0.2712014,-2.0435047,HMMR,LMC,E2F6,E2F
1434,1,-0.19612858,-0.146989,1.1634847,IKZF4,MEF,USF2,bHLH
1383,1,-0.21342848,-0.28884968,1.9862543,HPCAL4,MEF,E2F6,E2F
116,1,-0.74316007,-0.3794154,1.2632778,ALOX5,MEF,IRF3,IRF
559,1,-0.08974322,-0.146989,1.5033135,CILP2,MEF,MAX,bHLH
1564,1,-0.062780954,-0.24333258,-8.807204,KDM5D,MEF,SP1,Zf
3161,0,0.028543921,-0.29509667,1.1137409,UBE2L6,LMC,BACH1,bZIP
2332,1,-0.32442823,-0.39942494,-1.3902781,PRIM1,MEF,ELK1,ETS
1781,1,0.0745308,-0.10944186,-1.9139942,MBP,MEF,FOXA2,Forkhead
2121,1,-0.6928834,-0.10944186,-1.2023399,PAQR4,MEF,FOXM1,Forkhead
2465,1,0.67699045,-0.25159925,2.6868467,RASSF9,MEF,PRDM1,Zf
499,1,0.08411567,-0.24550179,-1.2301211,CDR2L,MEF,BACH1,bZIP
2827,1,0.22652079,-0.2053601,-2.0004928,SPC24,MEF,FOXA1,Forkhead
820,0,-0.17702122,-0.27780795,-2.0047634,DTX1,LMC,ATF1,bZIP
3257,0,-0.20776576,-0.20776576,1.0511478,ZFPM1,LMC,EBF1,EBF
351,1,-0.3058912,-0.24283965,3.4361846,CADM4,MEF,YY1,Zf
2833,0,-0.12554857,-0.24550179,2.0447345,SPI1,LMC,JUND,bZIP
2233,1,0.016311714,0.00623205,-5.6620755,PLAC8,MEF,RFX5,HTH
315,0,-0.2790477,-0.25471953,-1.1530434,BTBD3,LMC,MAFF,bZIP
1219,1,-0.76012087,-0.50137913,-2.168562,GNGT2,MEF,CUX1,Homeobox
378,1,-0.17513762,-0.146989,-1.3229213,CBX2,MEF,BHLHE40,bHLH
3140,1,-0.21459776,-0.24333258,1.1930206,TTLL9,MEF,MAZ,Zf
2291,1,-0.18911669,-0.17782252,-1.9969735,POLE2,MEF,FOXA2,Forkhead
645,0,-0.16941127,-0.25471953,2.6611502,CRABP2,LMC,FOS,bZIP
1951,0,-0.3076643,-0.4621776,1.457444,NCEH1,LMC,IRF1,IRF
211,0,-0.09351536,-0.24313685,1.5333622,ARRB2,LMC,STAT3,Stat
207,0,-0.08568381,-0.24450046,1.4829313,ARL4D,LMC,MAZ,Zf
2693,0,-0.41913924,-0.24333258,1.0595441,SLC16A1,LMC,ZBTB33,Zf
1873,1,-0.3341544,-0.39005762,1.9898062,MREG,MEF,ELF1,ETS
2159,0,-0.38071528,-0.24283965,-3.0297842,PCSK9,LMC,ZNF263,Zf
1905,1,-0.26188308,-0.27780795,3.5450387,MYCT1,MEF,FOSL2,bZIP
1433,0,-0.2185933,-0.3794154,2.274279,IKZF1,LMC,IRF1,IRF
213,1,-0.09351536,-0.24313685,-1.0850065,ARSB,MEF,STAT3,Stat
1913,0,-0.33058694,-0.3917693,1.1268022,MYLIP,LMC,ELF1,ETS
2176,0,-0.21895796,-0.21895796,-1.1671095,PDGFRL,LMC,EBF1,EBF
1693,1,-0.46165287,-0.4067228,-4.9975886,LRMP,MEF,CUX1,Homeobox
206,1,-0.08617797,-0.146989,-1.1483037,ARL4C,MEF,MYOG,bHLH
2630,0,-0.08568381,-0.24450046,-1.4435178,SETBP1,LMC,MAZ,Zf
1075,1,-0.42348737,-0.17137949,-1.5137855,FLI1,MEF,STAT1,Stat
2949,1,-0.39205822,-0.27780795,2.121441,TCFL5,MEF,MAFK,bZIP
1483,1,-0.19239004,-0.26135686,3.9410694,ISL1,MEF,E2F4,E2F
1780,0,-0.3439605,-0.3439605,-1.1029267,MBOAT2,LMC,NRF1,NRF
2512,1,-0.34914914,-0.27780795,4.278005,RNASE1,MEF,FOS,bZIP
565,1,-0.41913924,-0.24333258,-1.2009269,CKS1B,MEF,ZBTB33,Zf
2716,1,-0.933204,-0.22249272,-1.5039499,SLC25A45,MEF,BCL11A,Zf
2039,1,0.023197008,-0.146989,2.2157166,NRN1,MEF,USF1,bHLH
1199,0,-0.2954083,-0.24550179,1.2217073,GLA,LMC,ATF3,bZIP
2636,0,-0.36550322,-0.47267562,-1.391746,SGCD,LMC,PBX3,Homeobox
3236,0,-0.18621291,-0.24333258,1.1457943,WWP1,LMC,YY1,Zf
793,0,-0.30003953,-0.30003953,1.6967961,DOCK10,LMC,NRF1,NRF
2562,0,-0.09351536,-0.24313685,2.5597765,S100A8,LMC,STAT3,Stat
2677,0,-0.2849582,-0.2849582,-1.2792745,SKA3,LMC,EBF1,EBF
611,1,-0.21895796,-0.21895796,-1.3350317,COL16A1,MEF,EBF1,EBF
2452,0,-0.40787458,-0.3917693,1.991749,RASAL3,LMC,GABPA,ETS
2245,1,-0.35453734,-0.24333258,1.3951396,PLEK2,MEF,ZKSCAN1,Zf
1569,0,-0.29979625,-0.24283965,-1.7011287,KIF18B,LMC,GATA1,Zf
2308,1,-0.2849582,-0.2849582,1.3704175,PPFIBP2,MEF,EBF1,EBF
3080,1,-0.057535224,-0.27780795,-2.2116864,TOX2,MEF,BACH1,bZIP
243,1,-0.5069276,-0.27780795,-2.5469716,ATP6V0A4,MEF,ATF2,bZIP
599,0,-1.38777,-0.41931188,1.7921984,CNR2,LMC,FLI1,ETS
1255,1,-0.009410201,-0.10008492,-1.3369602,GPR35,MEF,USF2,bHLH
94,0,-0.26188308,-0.27780795,1.1446893,AHCYL2,LMC,FOSL2,bZIP
2411,1,-0.07949572,-0.21953267,3.974242,RAB17,MEF,FOXA2,Forkhead
1458,1,0.016311714,0.00623205,1.9326211,IL7,MEF,RFX5,HTH
138,0,-0.3430542,-0.3430542,-2.360335,ANKLE1,LMC,PAX5,"Paired,Homeobox"
2718,0,-0.26737517,-0.25159925,-1.3084705,SLC26A10,LMC,ZKSCAN1,Zf
1953,1,-0.26816452,-0.121736646,-6.3598022,NCF2,MEF,TCF12,bHLH
1762,0,-0.33639127,-0.4713425,1.0892361,MAP3K8,LMC,IRF1,IRF
575,1,-0.1607576,-0.24283965,-1.2947149,CLEC2L,MEF,MAZ,Zf
2913,1,-0.1505293,-0.1342841,1.7464386,SYNGR3,MEF,USF2,bHLH
436,0,-0.13149443,-0.22249272,2.1737292,CD200R1,LMC,SP1,Zf
2292,1,-0.20308916,-0.4653868,-1.5553532,POLQ,MEF,IRF1,IRF
2101,1,-0.15054174,-0.24450046,1.980347,P2RY10,MEF,GATA3,Zf
85,0,-0.03437175,-0.039668236,1.3186541,ADSSL1,LMC,RFX5,HTH
2246,1,0.018755239,0.02968777,-1.8872231,PLEKHA2,MEF,RFX5,HTH
1104,0,-0.25436184,-0.25436184,-2.1475885,FOXP2,LMC,TEAD4,TEA
740,1,-0.07449697,-0.25159925,1.8431333,DDO,MEF,CTCF,Zf
1474,1,-0.17407607,-0.121736646,1.5855246,IQUB,MEF,MAX,bHLH
3058,1,-0.43345997,-0.22249272,-2.989665,TNFRSF11A,MEF,ZNF263,Zf
1271,0,-0.121607244,-0.24333258,-2.1776073,GRAMD2,LMC,GATA3,Zf
1990,1,-0.38059002,-0.38059002,-2.0896924,NID1,MEF,PAX5,"Paired,Homeobox"
2031,1,-0.20454665,-0.20454665,1.6603361,NQO1,MEF,TEAD4,TEA
1255,1,-0.20454665,-0.20454665,-1.3369602,GPR35,MEF,TEAD4,TEA
44,1,-0.0005437653,-0.1342841,1.5725946,ACY3,MEF,USF1,bHLH
1680,0,-0.6928834,-0.10944186,-2.5213785,LOXL4,LMC,FOXM1,Forkhead
30,1,0.03116794,-0.22249272,-1.6896966,ACOT4,MEF,CTCF,Zf
1651,1,-0.20953742,-0.22249272,-2.2812388,LHX6,MEF,MAZ,Zf
2100,1,-0.8933479,-0.52757335,-2.2412143,P2RX7,MEF,CUX1,Homeobox
2645,1,-0.46165287,-0.4067228,-1.7524849,SH2D4B,MEF,CUX1,Homeobox
960,1,-0.2300118,-0.25159925,-1.3505565,FAH,MEF,MAZ,Zf
1789,1,-0.31818998,-0.24333258,-2.0146992,MCM3,MEF,ZEB1,Zf
1215,0,-0.09351536,-0.24313685,-1.0471468,GNG10,LMC,STAT3,Stat
1414,1,-0.3474289,-0.29509667,-1.5857253,IFITM1,MEF,ATF1,bZIP
1763,1,-0.8933479,-0.52757335,-1.1248577,MAP4K1,MEF,CUX1,Homeobox
2694,0,-0.2548157,-0.22810093,1.2064933,SLC16A10,LMC,MAFF,bZIP
2904,1,-0.22746871,-0.25187832,1.5065486,SV2B,MEF,E2F6,E2F
2733,0,-0.39804247,-0.17255645,-1.7704916,SLC35F1,LMC,STAT1,Stat
2868,1,-0.174635,-0.24550179,-6.624937,STAB1,MEF,FOSL2,bZIP
3008,0,-0.0005437653,-0.1342841,1.7911987,TMEM108,LMC,USF1,bHLH
675,1,-0.29360482,-0.13941021,1.8166595,CST3,MEF,TCF12,bHLH
2504,0,-0.2507436,-0.25159925,1.8920665,RHOV,LMC,ZEB1,Zf
369,0,-0.07449697,-0.25159925,2.0192993,CASP1,LMC,CTCF,Zf
3203,1,-0.3076643,-0.4621776,-1.4983215,VSIG10L,MEF,IRF1,IRF
1820,0,-0.25341198,-0.22810093,1.5626165,MFSD12,LMC,ATF3,bZIP
1192,1,-0.40605056,-0.25471953,1.3111038,GIPC2,MEF,ATF2,bZIP
339,0,-0.056725405,-0.121736646,2.19194,CACNA1D,LMC,BHLHE40,bHLH
2422,1,0.011842721,-0.21953267,2.1295202,RAB39B,MEF,FOXA1,Forkhead
2321,0,-0.15019357,-0.27780795,-2.1748042,PPP4R4,LMC,MAFF,bZIP
2213,1,0.03116794,-0.22249272,-6.192615,PIK3CG,MEF,CTCF,Zf
1214,1,-0.43756613,-0.41931188,1.1469135,GNAL,MEF,ETS1,ETS
2513,1,-0.33817908,-0.29509667,-2.5254805,RNASE10,MEF,FOS,bZIP
423,0,-0.56344664,-0.2712014,-1.2695624,CCNE1,LMC,E2F1,E2F
2472,0,-0.31818998,-0.24333258,2.18051,RBM47,LMC,ZEB1,Zf
596,0,-0.39804247,-0.17255645,-1.4862515,CNN2,LMC,STAT1,Stat
99,1,-0.2954083,-0.24550179,1.0351957,AIG1,MEF,ATF3,bZIP
927,0,-0.08974322,-0.146989,2.8551106,ESYT3,LMC,MAX,bHLH
179,1,-0.1689725,-0.13941021,-2.858247,ARHGAP15,MEF,BHLHE40,bHLH
914,1,-0.17150766,-0.17150766,-3.8848941,EPSTI1,MEF,TEAD4,TEA
1782,1,-0.120565586,-0.1342841,2.17073,MC4R,MEF,MAX,bHLH
232,0,0.08411567,-0.24550179,-2.1255682,ASTN2,LMC,BACH1,bZIP
2283,0,-0.120565586,-0.1342841,4.4188757,PNOC,LMC,MAX,bHLH
1209,1,-0.89867353,-0.24450046,-2.8732285,GMFG,MEF,BCL11A,Zf
1578,1,-0.062780954,-0.24333258,-2.9973192,KIF2C,MEF,SP1,Zf
2830,0,-0.13559982,-0.10008492,1.7553568,SPEF2,LMC,MAX,bHLH
3110,0,-0.2997486,-0.24333258,-2.4243805,TRIM71,LMC,ZNF263,Zf
872,1,-0.48430756,-0.24313685,-2.1995416,EGR2,MEF,STAT1,Stat
1600,1,-0.33296144,-0.24550179,1.5696979,KLHL8,MEF,MAFK,bZIP
313,0,-0.28121933,-0.25159925,1.2584305,BST2,LMC,SP1,Zf
957,0,-0.20953742,-0.22249272,-1.2934484,FADS2,LMC,MAZ,Zf
1404,0,-0.933204,-0.22249272,1.6830957,HTR2B,LMC,BCL11A,Zf
2139,0,0.17063665,-0.10944186,-1.6610888,PCDH20,LMC,FOXA1,Forkhead
2118,1,0.08411567,-0.24550179,2.0457292,PANX2,MEF,BACH1,bZIP
2057,1,-0.26737517,-0.25159925,-2.8949068,NUF2,MEF,ZKSCAN1,Zf
251,0,-0.15054174,-0.24450046,-1.4332783,AURKA,LMC,GATA3,Zf
1096,1,-0.13559982,-0.10008492,1.4133523,FOXC2,MEF,MAX,bHLH
235,0,-0.41320115,-0.25471953,-1.0292096,ATG16L2,LMC,ATF1,bZIP
468,1,-0.18621291,-0.24333258,-1.3716766,CDC42EP2,MEF,YY1,Zf
1880,0,-0.20953742,-0.22249272,-1.1796536,MSI1,LMC,MAZ,Zf
1671,1,-0.91791576,-0.29509667,-4.9727182,LMO2,MEF,BATF,bZIP
3082,0,-0.2859068,-0.146989,-1.8846053,TPBG,LMC,TCF12,bHLH
384,0,-0.056725405,-0.121736646,-1.1740912,CCDC116,LMC,BHLHE40,bHLH
1552,0,-0.15812221,-0.22249272,-1.455688,KCNK2,LMC,YY1,Zf
269,0,0.06421617,-0.24450046,1.224087,BAMBI,LMC,CTCF,Zf
1517,0,-0.2859068,-0.146989,3.90754,JSRP1,LMC,TCF12,bHLH
921,1,-0.28616667,-0.25693348,-2.3991766,ESCO2,MEF,E2F6,E2F
836,1,-0.38057798,-0.24450046,-2.7616482,E2F8,MEF,GATA1,Zf
198,1,-0.13559982,-0.10008492,-3.3044653,ARHGEF39,MEF,MAX,bHLH
761,0,-0.2859068,-0.146989,1.9633294,DKKL1,LMC,TCF12,bHLH
808,1,-0.37601265,-0.39942494,2.3564422,DPYD,MEF,ELF1,ETS
1002,0,-0.4409798,-0.24450046,-1.0779922,FAM57A,LMC,ZEB1,Zf
897,0,-0.17513762,-0.146989,2.0287762,ENPP2,LMC,BHLHE40,bHLH
641,1,-0.2727483,-0.2712014,1.284983,CPOX,MEF,E2F6,E2F
488,1,-0.00943349,-0.121736646,-1.5366021,CDK1,MEF,USF1,bHLH
1866,1,-0.65735245,-0.17782252,-8.92165,MPEG1,MEF,FOXM1,Forkhead
2282,0,-0.08568381,-0.24450046,-1.6017228,PNMAL2,LMC,MAZ,Zf
1576,0,-0.21301334,-0.25187832,-1.0787578,KIF26B,LMC,E2F4,E2F
3000,0,-0.38057798,-0.24450046,2.2813165,TLR9,LMC,GATA1,Zf
16,1,-0.36351123,-0.50137913,-2.0503016,ABHD15,MEF,PBX3,Homeobox
2487,1,-0.13149443,-0.22249272,-1.1587616,RFTN1,MEF,SP1,Zf
2704,0,-0.2300118,-0.25159925,-1.4064982,SLC17A9,LMC,MAZ,Zf
2677,1,-0.14724034,-0.14724034,-1.5746429,SKA3,MEF,EBF1,EBF
993,1,-0.29979625,-0.24283965,1.2556348,FAM213A,MEF,GATA1,Zf
59,0,-0.038338926,-0.10008492,-1.310582,ADAMTS2,LMC,MYOG,bHLH
2422,0,-0.10827843,-0.121736646,-1.516186,RAB39B,LMC,USF2,bHLH
1745,0,-0.08568381,-0.24450046,2.630295,MAK,LMC,MAZ,Zf
998,1,-0.0013588448,-0.24283965,-1.6308671,FAM46B,MEF,CTCF,Zf
2185,1,0.06421617,-0.24450046,-1.7224369,PEG10,MEF,CTCF,Zf
2647,0,-0.4467859,-0.3917693,-2.391878,SH3BGR,LMC,ELK1,ETS
1396,0,-0.46846294,-0.46846294,-1.5485275,HSPA12A,LMC,TCF3,HMG
1011,0,-0.11649651,-0.25471953,-1.7455534,FAM83D,LMC,JUND,bZIP
2478,0,-0.3777494,-0.24283965,-1.0574901,RCN1,LMC,EGR1,Zf
1799,1,-0.20454665,-0.20454665,1.4473195,MECOM,MEF,TEAD4,TEA
7,1,-0.08974322,-0.146989,1.0734799,ABCA4,MEF,MAX,bHLH
2433,1,-0.9526392,-0.4653868,-1.425109,RAD51B,MEF,IRF3,IRF
2549,0,-0.120565586,-0.1342841,-2.055815,RTKN2,LMC,MAX,bHLH
1694,1,-0.15764365,-0.14792581,3.8982577,LRP1B,MEF,RFX5,HTH
3054,1,-0.058015816,-0.18281521,-1.8078884,TNFAIP6,MEF,STAT3,Stat
419,1,-0.0317704,-0.39942494,-1.012127,CCM2,MEF,ELK4,ETS
265,0,-0.3058912,-0.24283965,-1.1247369,BAG2,LMC,YY1,Zf
2913,1,-0.2300118,-0.25159925,1.7464386,SYNGR3,MEF,MAZ,Zf
1498,1,-0.22746871,-0.25187832,-1.2604636,ITGB3,MEF,E2F6,E2F
1548,1,-0.21361919,-0.25471953,1.2121007,KCNJ4,MEF,ATF3,bZIP
1030,0,-0.08568381,-0.24450046,-1.148375,FBXL7,LMC,MAZ,Zf
529,1,-0.2790477,-0.25471953,1.213452,CETN2,MEF,MAFF,bZIP
1573,1,-0.25007766,-0.37009746,-1.7123749,KIF22,MEF,IRF1,IRF
1332,1,-0.39900714,-0.22249272,-1.8082843,HIC1,MEF,GATA1,Zf
2801,0,-0.41913503,-0.41913503,-2.1767983,SOBP,LMC,TCF3,HMG
1106,1,-0.3341544,-0.39005762,4.149492,FOXQ1,MEF,ELF1,ETS
692,1,-0.3058912,-0.24283965,1.8813096,CTTNBP2,MEF,YY1,Zf
1837,1,-0.41320115,-0.25471953,-1.1738205,MLF1,MEF,ATF1,bZIP
885,1,-0.08106524,-0.08106524,-2.3387628,EME1,MEF,TEAD4,TEA
1530,1,-0.2678836,-0.24283965,-1.7830039,KCNAB2,MEF,SP1,Zf
3237,0,0.027763726,-0.25159925,1.8171422,XDH,LMC,GATA3,Zf
215,0,-0.169331,-0.25693348,-1.361589,ARSJ,LMC,E2F4,E2F
1349,1,-0.7237371,-0.24333258,-1.1300734,HN1,MEF,SP2,Zf
3024,1,-0.24165441,-0.29509667,1.8425357,TMEM176B,MEF,JUND,bZIP
585,0,-0.2300118,-0.25159925,1.6729612,CLU,LMC,MAZ,Zf
2270,0,-0.09351536,-0.24313685,1.4930576,PLXDC1,LMC,STAT3,Stat
48,1,-0.0017048104,-0.121736646,-1.9442203,ADAM19,MEF,MYOG,bHLH
2732,1,-0.2954083,-0.24550179,1.3066294,SLC33A1,MEF,ATF3,bZIP
2472,0,-0.13559982,-0.10008492,2.18051,RBM47,LMC,MAX,bHLH
2339,0,-0.10505258,-0.1342841,1.323295,PROCR,LMC,BHLHE40,bHLH
2378,0,-0.37601265,-0.39942494,1.532152,PTK2B,LMC,ELF1,ETS
862,1,-0.058015816,-0.18281521,2.8456967,EFNA1,MEF,STAT3,Stat
3133,1,0.17063665,-0.10944186,2.3234284,TTC18,MEF,FOXA1,Forkhead
1682,1,-0.2790477,-0.25471953,-2.7435303,LPAR5,MEF,MAFF,bZIP
2544,1,0.07771543,-0.1980394,1.3099737,RSPH1,MEF,STAT3,Stat
1787,1,-0.17513762,-0.146989,-2.5327592,MCM10,MEF,BHLHE40,bHLH
512,0,-0.42519194,-0.24333258,-2.2418776,CENPF,LMC,GATA1,Zf
2462,0,-0.43756613,-0.41931188,1.1221547,RASSF2,LMC,ETS1,ETS
1880,0,0.048078425,-0.25471953,-1.1796536,MSI1,LMC,BACH1,bZIP
2645,1,-0.20776576,-0.20776576,-1.7524849,SH2D4B,MEF,EBF1,EBF
1237,0,0.018755239,0.02968777,-1.0928826,GPR125,LMC,RFX5,HTH
2457,0,-0.057535224,-0.27780795,1.8391725,RASGRF2,LMC,BACH1,bZIP
1717,0,-0.25165793,-0.0023815737,-1.2593111,LSP1,LMC,MEF2A,MADS
2472,0,-0.2470073,-0.39005762,2.18051,RBM47,LMC,ETS1,ETS
992,1,-0.51944894,-0.25159925,1.0064623,FAM212B,MEF,BCL11A,Zf
1399,0,-0.43345997,-0.22249272,1.2212778,HSPB1,LMC,ZNF263,Zf
2129,1,-0.46016192,-0.24450046,1.7958703,PAX1,MEF,EGR1,Zf
175,0,-0.34278938,-0.41931188,1.1491375,ARAP2,LMC,ELF1,ETS
3085,1,-0.34278938,-0.41931188,-1.4613433,TPM2,MEF,ELF1,ETS
109,1,-0.16561359,-0.22810093,4.0613685,ALDH1A1,MEF,JUND,bZIP
3073,0,0.028543921,-0.29509667,-1.4129364,TNNT3,LMC,BACH1,bZIP
1614,1,-0.4776695,-0.22249272,-1.6190438,LAG3,MEF,ZKSCAN1,Zf
985,1,-0.29360482,-0.13941021,1.7579721,FAM196A,MEF,TCF12,bHLH
1327,1,-0.3777494,-0.24283965,1.3812214,HFE,MEF,EGR1,Zf
3058,1,-0.48430756,-0.24313685,-2.989665,TNFRSF11A,MEF,STAT1,Stat
1589,1,0.048078425,-0.25471953,1.5408548,KLF15,MEF,BACH1,bZIP
3114,1,-0.2808588,-0.24283965,-3.242694,TROAP,MEF,ZEB1,Zf
1879,0,-0.120565586,-0.1342841,2.499849,MS4A7,LMC,MAX,bHLH
2933,1,-0.3610153,-0.22249272,-1.9559231,TAGLN2,MEF,EGR1,Zf
1272,1,-0.3869897,-0.39942494,-1.6432208,GRAP,MEF,ETS1,ETS
3171,0,-0.35390377,-0.22810093,1.9846693,UNC13D,LMC,ATF1,bZIP
829,1,-0.37601265,-0.39942494,-1.5806866,DUT,MEF,ELF1,ETS
2646,0,-0.19612858,-0.146989,2.1527162,SH2D5,LMC,USF2,bHLH
3027,0,-0.7844056,-0.2053601,2.0194569,TMEM184A,LMC,FOXM1,Forkhead
154,1,-0.3569094,-0.25159925,-3.4992652,AOC3,MEF,ZNF263,Zf
648,1,-0.12447846,-0.22249272,1.092964,CREBL2,MEF,GATA2,Zf
1346,0,-0.174635,-0.24550179,1.851924,HMHA1,LMC,FOSL2,bZIP
3006,0,-0.4776695,-0.22249272,-1.0641911,TMEFF2,LMC,ZKSCAN1,Zf
462,0,-0.6928834,-0.10944186,2.4745347,CD86,LMC,FOXM1,Forkhead
873,0,-0.13559982,-0.10008492,2.3173335,EGR3,LMC,MAX,bHLH
1152,1,0.06421617,-0.24450046,-1.1213462,GAS7,MEF,CTCF,Zf
857,1,-0.03437175,-0.039668236,1.302421,EFCAB2,MEF,RFX5,HTH
1730,0,-0.8933479,-0.52757335,2.280973,LYL1,LMC,CUX1,Homeobox
180,1,-0.29360482,-0.13941021,-2.244958,ARHGAP18,MEF,TCF12,bHLH
3198,1,-0.058015816,-0.18281521,-1.0027668,VIPR1,MEF,STAT3,Stat
472,1,-0.0013588448,-0.24283965,-1.1619854,CDC7,MEF,CTCF,Zf
1138,0,-0.038338926,-0.10008492,1.1769226,GALC,LMC,MYOG,bHLH
1154,1,-0.36259097,-0.38195667,1.8328152,GATA3,MEF,ELF1,ETS
767,1,-0.009364229,-0.17137949,2.5010579,DLX1,MEF,STAT3,Stat
2969,1,-0.21459776,-0.24333258,-1.1554362,TGFB1I1,MEF,MAZ,Zf
2462,0,-0.14724034,-0.14724034,1.1221547,RASSF2,LMC,EBF1,EBF
680,0,-0.22746871,-0.25187832,-3.337354,CTNNA2,LMC,E2F6,E2F
1333,1,-0.1826178,-0.24450046,2.048753,HID1,MEF,SP1,Zf
3245,0,-0.17853236,-0.13941021,1.1004534,YPEL2,LMC,MYOG,bHLH
2725,0,-0.18398622,-0.29509667,1.1413072,SLC2A13,LMC,ATF3,bZIP
1298,0,-0.45963168,-0.45963168,1.7987171,GSTA4,LMC,TCF3,HMG
245,1,-0.3375485,-0.1342841,1.8436075,ATP6V0E2,MEF,TCF12,bHLH
3190,0,-0.22016564,-0.25159925,2.2938786,VAV1,LMC,GATA2,Zf
2502,0,0.08411567,-0.24550179,-1.5356117,RHOF,LMC,BACH1,bZIP
85,0,-0.14976743,-0.22810093,1.3186541,ADSSL1,LMC,FOSL2,bZIP
1521,0,-0.89867353,-0.24450046,1.1230019,KAZN,LMC,BCL11A,Zf
1178,0,-0.3058912,-0.24283965,-1.4242098,GEN1,LMC,YY1,Zf
1818,1,-0.17150766,-0.17150766,-2.1835046,MFAP5,MEF,TEAD4,TEA
491,0,-0.36645967,-0.22249272,-1.1883136,CDK5R1,LMC,ZEB1,Zf
2518,0,-0.21895796,-0.21895796,1.1219213,RNF144B,LMC,EBF1,EBF
1489,1,-0.18911669,-0.17782252,2.9909916,ITGA2,MEF,FOXA2,Forkhead
2613,1,-0.33280078,-0.24333258,2.03598,SEMA4F,MEF,GATA2,Zf
1891,0,-0.42348737,-0.17137949,-1.2805142,MTHFD1L,LMC,STAT1,Stat
499,1,-0.25341198,-0.22810093,-1.2301211,CDR2L,MEF,ATF3,bZIP
1,1,-0.0013588448,-0.24283965,1.1740319,A4GALT,MEF,CTCF,Zf
2536,1,-0.76012087,-0.50137913,4.0988145,RPS27,MEF,CUX1,Homeobox
1462,1,-0.08617797,-0.146989,2.0781827,INA,MEF,MYOG,bHLH
1162,1,-0.56297857,-0.22249272,1.5318578,GCA,MEF,ZBTB33,Zf
1867,1,-0.0017048104,-0.121736646,-2.1129947,MPPED2,MEF,MYOG,bHLH
1075,0,-0.120565586,-0.1342841,1.706394,FLI1,LMC,MAX,bHLH
1483,1,-0.29414836,-0.26135686,3.9410694,ISL1,MEF,E2F6,E2F
2878,1,-0.009410201,-0.10008492,1.7400861,STC2,MEF,USF2,bHLH
273,1,-0.16561359,-0.22810093,1.2556336,BBS4,MEF,JUND,bZIP
1499,0,-0.12554857,-0.24550179,1.620772,ITGB4,LMC,JUND,bZIP
1466,1,-0.2790477,-0.25471953,-6.833551,INPP5D,MEF,MAFF,bZIP
582,0,-0.009410201,-0.10008492,1.3879285,CLN3,LMC,USF2,bHLH
108,1,-0.20916343,-0.20916343,1.0786273,ALCAM,MEF,NRF1,NRF
181,1,-0.30779734,-0.3917693,-2.8857563,ARHGAP19,MEF,ETS1,ETS
1458,1,-0.08974322,-0.146989,1.9326211,IL7,MEF,MAX,bHLH
1176,0,-0.20454665,-0.20454665,1.9289428,GDPD2,LMC,TEAD4,TEA
1151,0,-0.20454665,-0.20454665,1.1953743,GAS6,LMC,TEAD4,TEA
1547,1,-0.009364229,-0.17137949,-2.2178576,KCNJ2,MEF,STAT3,Stat
668,0,-0.20776576,-0.20776576,-1.509851,CSMD3,LMC,EBF1,EBF
412,1,-0.34914914,-0.27780795,-1.3708322,CCL2,MEF,FOS,bZIP
370,0,-0.10827843,-0.121736646,1.419143,CASP4,LMC,USF2,bHLH
3163,0,-0.10369535,-0.10008492,2.111546,UBXN10,LMC,BHLHE40,bHLH
2117,0,-0.1124492,-0.24333258,1.5648643,PAMR1,LMC,CTCF,Zf
669,1,-0.12554857,-0.24550179,1.1806183,CSN3,MEF,JUND,bZIP
999,0,-0.13559982,-0.10008492,1.1663992,FAM46C,LMC,MAX,bHLH
1085,0,-0.40533945,-0.39005762,-1.0087279,FN1,LMC,GABPA,ETS
1970,1,-0.009364229,-0.17137949,-2.2655962,NEK2,MEF,STAT3,Stat
1921,0,-0.37698567,-0.4067228,1.0211234,MYO1D,LMC,PBX3,Homeobox
2381,0,-0.35453734,-0.24333258,-1.0257434,PTPLA,LMC,ZKSCAN1,Zf
2345,0,-0.121607244,-0.24333258,2.2877603,PRR15L,LMC,GATA3,Zf
1078,1,-0.21301334,-0.25187832,1.7946676,FLRT3,MEF,E2F4,E2F
1591,1,-0.15764365,-0.14792581,1.2468134,KLF9,MEF,RFX5,HTH
2746,1,-0.11649651,-0.25471953,-2.0170245,SLC43A3,MEF,JUND,bZIP
2205,1,-0.26816452,-0.121736646,1.1916683,PHOSPHO1,MEF,TCF12,bHLH
2409,0,-0.36259097,-0.38195667,1.1963438,RAB11FIP1,LMC,ELF1,ETS
3146,1,-0.35318726,-0.41931188,-1.181462,TUBA1C,MEF,ELK1,ETS
1233,0,0.08411567,-0.24550179,2.1641116,GPNMB,LMC,BACH1,bZIP
835,1,-0.33639127,-0.4713425,-1.7441338,E2F7,MEF,IRF1,IRF
1499,0,-0.3625331,-0.38195667,1.620772,ITGB4,LMC,GABPA,ETS
2472,0,-0.29360482,-0.13941021,2.18051,RBM47,LMC,TCF12,bHLH
257,0,-0.120565586,-0.1342841,-1.6855565,B3GNT5,LMC,MAX,bHLH
1591,1,-0.33080074,-0.22810093,1.2468134,KLF9,MEF,MAFK,bZIP
467,1,-0.15054174,-0.24450046,-2.8645391,CDC25C,MEF,GATA3,Zf
166,0,-0.17702122,-0.27780795,2.4277377,APOC1,LMC,ATF1,bZIP
1752,1,-0.058015816,-0.18281521,-1.2879815,MAN2A1,MEF,STAT3,Stat
1164,1,0.023197008,-0.146989,3.0406773,GCHFR,MEF,USF1,bHLH
1268,0,-0.29414836,-0.26135686,-1.1667958,GPSM1,LMC,E2F6,E2F
212,1,-0.3933147,-0.24283965,1.2303027,ARRDC3,MEF,ZKSCAN1,Zf
591,1,-0.33639127,-0.4713425,-1.332691,CNDP2,MEF,IRF1,IRF
1671,0,-0.25007766,-0.37009746,1.8299829,LMO2,LMC,IRF1,IRF
1515,0,-0.15764365,-0.14792581,1.2330387,JPH1,LMC,RFX5,HTH
169,0,-0.39205822,-0.27780795,2.8778405,APOE,LMC,MAFK,bZIP
2102,0,-0.01444126,-0.17255645,2.0725229,P2RY12,LMC,STAT3,Stat
2933,1,-0.15019357,-0.27780795,-1.9559231,TAGLN2,MEF,MAFF,bZIP
1524,1,-0.48430756,-0.24313685,4.1101813,KCNA2,MEF,STAT1,Stat
1010,1,-0.1666823,-0.13941021,1.0984039,FAM83C,MEF,USF2,bHLH
871,0,-0.3569094,-0.25159925,1.2303663,EGR1,LMC,ZNF263,Zf
1467,1,-0.32700178,-0.25159925,-2.669585,INPP5J,MEF,GATA1,Zf
43,0,0.028543921,-0.29509667,-1.0422277,ACY1,LMC,BACH1,bZIP
193,0,-0.011590093,-0.22249272,-1.7952771,ARHGEF19,LMC,GATA3,Zf
2213,0,-0.38057798,-0.24450046,1.8720301,PIK3CG,LMC,GATA1,Zf
1398,1,-0.21459776,-0.24333258,1.0845106,HSPA4L,MEF,MAZ,Zf
67,1,-0.4776695,-0.22249272,-3.9511166,ADAP1,MEF,ZKSCAN1,Zf
474,0,-0.4733331,-0.39005762,-1.3249443,CDCA3,LMC,ELK1,ETS
3069,0,-0.63670325,-0.21953267,3.123341,TNNI2,LMC,FOXM1,Forkhead
275,1,-0.20953742,-0.22249272,2.004895,BCAR3,MEF,MAZ,Zf
215,0,-0.09351536,-0.24313685,-1.361589,ARSJ,LMC,STAT3,Stat
2010,1,-0.21907748,-0.27780795,-1.2062373,NNMT,MEF,JUND,bZIP
1212,1,-0.2808588,-0.24283965,-1.1374371,GNA15,MEF,ZEB1,Zf
998,1,-0.10827843,-0.121736646,-1.6308671,FAM46B,MEF,USF2,bHLH
2929,0,-0.00943349,-0.121736646,-1.1441975,TACC3,LMC,USF1,bHLH
415,0,-0.40533945,-0.39005762,2.2026498,CCL4,LMC,GABPA,ETS
715,1,-0.541412,-0.25159925,1.4558525,CYP1B1,MEF,EGR1,Zf
2365,0,-0.34029287,-0.28884968,1.6807243,PSMB8,LMC,E2F4,E2F
1338,0,-0.39205822,-0.27780795,1.3770303,HIVEP3,LMC,MAFK,bZIP
2815,0,-0.20454665,-0.20454665,1.3722122,SP100,LMC,TEAD4,TEA
448,1,-0.3430542,-0.3430542,-7.077686,CD37,MEF,PAX5,"Paired,Homeobox"
2911,1,-0.3610153,-0.22249272,-2.18065,SYNE2,MEF,EGR1,Zf
1402,0,-0.1124492,-0.24333258,1.7698365,HSPB7,LMC,CTCF,Zf
1775,1,-0.2548157,-0.22810093,-1.0848607,MASTL,MEF,MAFF,bZIP
2348,1,-0.38057798,-0.24450046,2.774758,PRRT1,MEF,GATA1,Zf
827,0,-0.28899637,-0.29509667,1.3163043,DUSP6,LMC,MAFF,bZIP
1361,0,-0.10827843,-0.121736646,-2.0191097,HOXA6,LMC,USF2,bHLH
2141,1,-0.049117733,-0.13941021,1.3100476,PCDHA2,MEF,MAX,bHLH
656,1,-0.17150766,-0.17150766,1.2539586,CRLF1,MEF,TEAD4,TEA
604,1,-0.2859068,-0.146989,2.2690716,CNTNAP3,MEF,TCF12,bHLH
2461,0,-0.34914914,-0.27780795,-2.7437227,RASL12,LMC,FOS,bZIP
1828,0,-0.25436184,-0.25436184,1.4928061,MICALCL,LMC,TEAD4,TEA
2975,0,-0.12447846,-0.22249272,-1.1033702,THBS1,LMC,GATA2,Zf
2095,0,-0.3869897,-0.39942494,-4.0632787,OSR2,LMC,ETS1,ETS
1665,1,-0.5847532,-0.08148018,-1.0906605,LIPA,MEF,MYB,HTH
2692,1,0.06421617,-0.24450046,-5.3542004,SLC15A3,MEF,CTCF,Zf
1593,1,-0.29360482,-0.13941021,1.5951937,KLHDC8A,MEF,TCF12,bHLH
720,1,-0.20308916,-0.4653868,1.4721106,CYSTM1,MEF,IRF1,IRF
49,1,-0.9852809,-0.65067613,1.427944,ADAM22,MEF,MEF2A,MADS
652,0,-0.51637894,-0.42379856,1.3897598,CRIP1,LMC,CUX1,Homeobox
3137,0,0.028543921,-0.29509667,-1.5468862,TTK,LMC,BACH1,bZIP
1101,1,-0.3341544,-0.39005762,-1.9451369,FOXM1,MEF,ELF1,ETS
649,0,-0.30779734,-0.3917693,1.7723053,CREG1,LMC,ETS1,ETS
2526,1,-0.1666823,-0.13941021,1.9402771,RNF43,MEF,USF2,bHLH
2726,0,0.03116794,-0.22249272,1.9489392,SLC2A3,LMC,CTCF,Zf
2982,0,0.06421617,-0.24450046,-1.484277,TICRR,LMC,CTCF,Zf
2422,0,-0.2507436,-0.25159925,-1.516186,RAB39B,LMC,ZEB1,Zf
1869,0,-0.17407607,-0.121736646,2.0880618,MPZL2,LMC,MAX,bHLH
1954,1,-0.3430542,-0.3430542,-6.857463,NCF4,MEF,PAX5,"Paired,Homeobox"
2308,0,-0.049117733,-0.13941021,1.4764174,PPFIBP2,LMC,MAX,bHLH
2439,1,-0.33817908,-0.29509667,-1.1696179,RALGPS2,MEF,FOS,bZIP
856,1,0.03116794,-0.22249272,-2.041312,EFCAB11,MEF,CTCF,Zf
1401,1,0.22652079,-0.2053601,1.3853371,HSPB6,MEF,FOXA1,Forkhead
1160,1,-0.16941127,-0.25471953,1.5012805,GBP6,MEF,FOS,bZIP
162,1,-0.15764365,-0.14792581,3.098799,APLN,MEF,RFX5,HTH
1266,1,-0.5315311,-0.5315311,1.154727,GPRC5C,MEF,PAX5,"Paired,Homeobox"
2061,1,-0.33817908,-0.29509667,-2.5808094,NUSAP1,MEF,FOS,bZIP
66,0,-0.29360482,-0.13941021,-4.6224566,ADAMTSL3,LMC,TCF12,bHLH
909,0,0.041926194,-0.24283965,-1.0061626,EPHB3,LMC,GATA3,Zf
649,1,-0.1607576,-0.24283965,-1.0616252,CREG1,MEF,MAZ,Zf
793,0,-0.96395135,-0.24333258,1.6967961,DOCK10,LMC,BCL11A,Zf
1816,1,-0.38490406,-0.38490406,-1.3299108,MEX3D,MEF,PAX5,"Paired,Homeobox"
2939,1,-0.0017048104,-0.121736646,2.2990468,TBX2,MEF,MYOG,bHLH
128,0,-0.28121933,-0.25159925,1.1151143,AMIGO2,LMC,SP1,Zf
1240,1,-0.19612858,-0.146989,1.5431579,GPR137C,MEF,USF2,bHLH
1420,1,-0.21301334,-0.25187832,-1.1545213,IGF2BP2,MEF,E2F4,E2F
1578,0,-0.56344664,-0.2712014,-2.1700678,KIF2C,LMC,E2F1,E2F
3221,1,-0.2997486,-0.24333258,1.6252236,WIPF3,MEF,ZNF263,Zf
2867,0,-0.3439605,-0.3439605,1.8598232,ST8SIA4,LMC,NRF1,NRF
2027,1,-0.39205822,-0.27780795,-2.0476608,NPTX1,MEF,MAFK,bZIP
2881,0,-0.17513762,-0.146989,-1.2551341,STIL,LMC,BHLHE40,bHLH
2059,1,-0.36259097,-0.38195667,-1.3955164,NUP210L,MEF,ELF1,ETS
2011,0,-0.20953742,-0.22249272,1.146378,NOD1,LMC,MAZ,Zf
423,1,-0.35806254,-0.38195667,-1.0207582,CCNE1,MEF,ETS1,ETS
1803,0,-0.0061152284,-0.10008492,2.6299787,MEGF6,LMC,USF1,bHLH
1255,1,-0.33296144,-0.24550179,-1.3369602,GPR35,MEF,MAFK,bZIP
1144,1,-0.24165441,-0.29509667,1.6419729,GALNT5,MEF,JUND,bZIP
22,0,-0.0005437653,-0.1342841,-3.5115416,ACAN,LMC,USF1,bHLH
2142,1,-0.121607244,-0.24333258,1.953013,PCDHB14,MEF,GATA3,Zf
1728,1,-0.41913924,-0.24333258,-4.9488015,LY86,MEF,ZBTB33,Zf
2265,1,-0.65735245,-0.17782252,3.7187953,PLS1,MEF,FOXM1,Forkhead
1676,1,-0.26816452,-0.121736646,1.6410619,LONRF2,MEF,TCF12,bHLH
923,1,-0.062780954,-0.24333258,-3.2897458,ESPL1,MEF,SP1,Zf
2540,1,-0.60550106,-0.24450046,2.2565928,RRAGB,MEF,SP2,Zf
3150,1,-0.4733331,-0.39005762,-1.30229,TUBB6,MEF,ELK1,ETS
2418,0,-0.12554857,-0.24550179,-1.0006384,RAB30,LMC,JUND,bZIP
1887,1,-0.33080074,-0.22810093,3.0120192,MSX1,MEF,MAFK,bZIP
320,1,-0.2470073,-0.39005762,-3.2193103,BUB1,MEF,ETS1,ETS
2012,1,-0.3773888,-0.18281521,2.3264077,NOG,MEF,STAT1,Stat
2369,1,-0.17513762,-0.146989,3.4115245,PTCHD2,MEF,BHLHE40,bHLH
1111,0,-0.38059002,-0.38059002,-1.702313,FRMD5,LMC,PAX5,"Paired,Homeobox"
1065,1,-0.2859068,-0.146989,-1.5797769,FHL2,MEF,TCF12,bHLH
1178,1,-0.08568381,-0.24450046,-1.9427576,GEN1,MEF,MAZ,Zf
2292,1,-0.4467859,-0.3917693,-1.5553532,POLQ,MEF,ELK1,ETS
2010,1,0.03116794,-0.22249272,-1.2062373,NNMT,MEF,CTCF,Zf
1165,1,-0.3625331,-0.38195667,1.9005238,GCLC,MEF,GABPA,ETS
474,1,0.0745308,-0.10944186,-2.0174904,CDCA3,MEF,FOXA2,Forkhead
2874,1,-0.27228355,-0.24283965,2.568709,STARD10,MEF,GATA2,Zf
2514,1,-0.3569094,-0.25159925,-1.7447139,RNASEL,MEF,ZNF263,Zf
2815,0,-0.7695519,-0.25159925,1.3722122,SP100,LMC,ZBTB33,Zf
701,1,-0.44224238,-0.29509667,2.794517,CXCL14,MEF,MAFK,bZIP
1275,1,-0.08974322,-0.146989,-1.1356292,GRB14,MEF,MAX,bHLH
2502,0,-0.038338926,-0.10008492,-1.5356117,RHOF,LMC,MYOG,bHLH
1692,1,-0.2185933,-0.3794154,-1.0737952,LRIG1,MEF,IRF1,IRF
1604,1,-0.36049217,-0.22810093,-2.5368693,KNSTRN,MEF,FOS,bZIP
2048,0,-0.049117733,-0.13941021,1.6435283,NT5E,LMC,MAX,bHLH
2375,1,-0.10369535,-0.10008492,-1.5478559,PTGIR,MEF,BHLHE40,bHLH
3159,1,-0.34370995,-0.24333258,-1.1776502,UBASH3B,MEF,EGR1,Zf
1758,0,-0.2507436,-0.25159925,-2.5701847,MAP2,LMC,ZEB1,Zf
420,1,-0.36812532,-0.36812532,-2.2738292,CCNA2,MEF,NRF1,NRF
1447,0,0.018755239,0.02968777,2.0208802,IL1A,LMC,RFX5,HTH
2605,1,-0.3610153,-0.22249272,-5.124639,SELPLG,MEF,EGR1,Zf
2867,0,-0.049117733,-0.13941021,1.8598232,ST8SIA4,LMC,MAX,bHLH
1634,1,-0.049117733,-0.13941021,-1.6489308,LDB2,MEF,MAX,bHLH
3110,0,-0.33080074,-0.22810093,-2.4243805,TRIM71,LMC,MAFK,bZIP
2792,1,-0.3610153,-0.22249272,1.0395148,SNHG11,MEF,EGR1,Zf
1165,1,-0.11649651,-0.25471953,1.9005238,GCLC,MEF,JUND,bZIP
561,1,-0.34914914,-0.27780795,2.2551308,CITED4,MEF,FOS,bZIP
1043,0,-0.29979625,-0.24283965,-1.2050055,FDPS,LMC,GATA1,Zf
375,1,-0.32700178,-0.25159925,1.0318768,CATSPERD,MEF,GATA1,Zf
1221,1,-0.20308916,-0.4653868,1.7337681,GORAB,MEF,IRF1,IRF
248,1,-0.08106524,-0.08106524,-1.9387476,ATP8B4,MEF,TEAD4,TEA
705,1,-0.2678836,-0.24283965,1.9690752,CXXC4,MEF,SP1,Zf
3000,0,-0.33817908,-0.29509667,2.2813165,TLR9,LMC,FOS,bZIP
1252,0,-0.36049217,-0.22810093,-2.1106544,GPR20,LMC,FOS,bZIP
2523,0,-0.40533945,-0.39005762,-1.1712776,RNF207,LMC,GABPA,ETS
1375,1,-0.21342848,-0.28884968,-1.0630357,HOXC6,MEF,E2F6,E2F
1944,1,-0.1689725,-0.13941021,1.454967,NCALD,MEF,BHLHE40,bHLH
1138,0,0.023197008,-0.146989,1.1769226,GALC,LMC,USF1,bHLH
2210,0,-0.48430756,-0.24313685,2.0439394,PIK3AP1,LMC,STAT1,Stat
593,1,-0.17150766,-0.17150766,2.740995,CNKSR1,MEF,TEAD4,TEA
269,0,-0.44168723,-0.24550179,1.224087,BAMBI,LMC,FOS,bZIP
341,0,0.06421617,-0.24450046,-1.2593856,CACNA1H,LMC,CTCF,Zf
2183,0,0.016314197,-0.13941021,1.7162262,PDZK1IP1,LMC,USF1,bHLH
240,0,-0.34370995,-0.24333258,1.6032816,ATP1B1,LMC,EGR1,Zf
2831,0,-0.21361919,-0.25471953,-1.2344358,SPHK1,LMC,ATF3,bZIP
1980,0,-0.26692143,-0.26692143,2.2001057,NFAM1,LMC,EBF1,EBF
2823,1,0.016311714,0.00623205,-1.9032626,SPAG5,MEF,RFX5,HTH
3115,0,-0.11649651,-0.25471953,-2.2040312,TRPA1,LMC,JUND,bZIP
3236,0,-0.541412,-0.25159925,1.1457943,WWP1,LMC,EGR1,Zf
3001,0,0.5159049,-0.24283965,2.2863705,TM4SF4,LMC,PRDM1,Zf
1358,1,-0.43756613,-0.41931188,-2.5713744,HOXA3,MEF,ETS1,ETS
1237,0,-0.440717,-0.25471953,-1.0928826,GPR125,LMC,MAFK,bZIP
2256,0,-0.2727483,-0.2712014,1.2787067,PLIN2,LMC,E2F6,E2F
1740,1,0.048078425,-0.25471953,3.3150687,MAB21L1,MEF,BACH1,bZIP
2945,1,-0.2300118,-0.25159925,1.6612616,TCEAL3,MEF,MAZ,Zf
2704,0,-0.19239004,-0.26135686,-1.4064982,SLC17A9,LMC,E2F4,E2F
861,1,-0.48813832,-0.3794154,-1.6204906,EFHD2,MEF,IRF4,IRF
465,0,-0.3439605,-0.3439605,-2.1160264,CDC20,LMC,NRF1,NRF
95,1,-0.45963168,-0.45963168,1.0903165,AHI1,MEF,TCF3,HMG
3077,0,-0.3341544,-0.39005762,-1.5086727,TOM1L1,LMC,ELF1,ETS
679,0,-0.56297857,-0.22249272,-2.8674772,CTHRC1,LMC,ZBTB33,Zf
2678,1,-0.9526392,-0.4653868,-1.3519409,SKP2,MEF,IRF3,IRF
839,0,-0.37665918,-0.37009746,-1.8998702,EBF1,LMC,IRF4,IRF
2764,0,-0.35806254,-0.38195667,1.8032925,SLC9A9,LMC,ETS1,ETS
1728,0,-0.22746871,-0.25187832,2.4247549,LY86,LMC,E2F6,E2F
2337,1,-0.3375485,-0.1342841,-3.3681915,PRKCH,MEF,TCF12,bHLH
2457,0,-0.37698567,-0.4067228,1.8391725,RASGRF2,LMC,PBX3,Homeobox
2246,1,-0.39205822,-0.27780795,-1.8872231,PLEKHA2,MEF,MAFK,bZIP
1647,1,-0.23244992,-0.52757335,2.3328397,LGI4,MEF,PBX3,Homeobox
2052,0,-0.3058912,-0.24283965,-2.210892,NTRK3,LMC,YY1,Zf
2290,1,-0.28616667,-0.25693348,-2.1355774,POLE,MEF,E2F6,E2F
1278,1,-0.169331,-0.25693348,1.4814821,GRHL3,MEF,E2F4,E2F
874,0,-0.08568381,-0.24450046,1.9887222,EHF,LMC,MAZ,Zf
2125,0,-0.1607576,-0.24283965,1.6744419,PARP14,LMC,MAZ,Zf
2740,1,-0.08106524,-0.08106524,-3.086165,SLC39A12,MEF,TEAD4,TEA
952,0,-0.16561359,-0.22810093,2.463874,F5,LMC,JUND,bZIP
1160,0,-0.009364229,-0.17137949,1.7770145,GBP6,LMC,STAT3,Stat
1675,1,-0.26188308,-0.27780795,1.4106392,LNX1,MEF,FOSL2,bZIP
1016,1,-0.1666823,-0.13941021,-1.8221961,FANCD2,MEF,USF2,bHLH
2166,1,-0.30776003,-0.24450046,-2.9733152,PDE3B,MEF,ZNF263,Zf
1513,1,0.0745308,-0.10944186,1.2143091,JAKMIP3,MEF,FOXA2,Forkhead
1336,1,-0.13994873,-0.2053601,-1.3650213,HIST1H3G,MEF,FOXA2,Forkhead
3137,1,-0.22016564,-0.25159925,-2.5206616,TTK,MEF,GATA2,Zf
2516,0,-0.25007766,-0.37009746,1.2732776,RNF128,LMC,IRF1,IRF
876,1,-0.13149443,-0.22249272,1.6435285,ELAVL2,MEF,SP1,Zf
278,1,-0.38339126,-0.24550179,1.0059072,BCL11A,MEF,ATF2,bZIP
3085,0,-0.21459776,-0.24333258,-2.4521747,TPM2,LMC,MAZ,Zf
993,0,-0.08568381,-0.24450046,1.3730824,FAM213A,LMC,MAZ,Zf
1051,1,-0.44224238,-0.29509667,1.4397565,FGF12,MEF,MAFK,bZIP
30,0,-0.057535224,-0.27780795,1.627162,ACOT4,LMC,BACH1,bZIP
508,0,-0.20953742,-0.22249272,-2.0691712,CEMIP,LMC,MAZ,Zf
2376,0,-0.0013588448,-0.24283965,1.532433,PTGIS,LMC,CTCF,Zf
2650,0,-0.08106524,-0.08106524,-1.4161148,SH3GL3,LMC,TEAD4,TEA
1444,0,-0.76012087,-0.50137913,1.291219,IL18,LMC,CUX1,Homeobox
2260,1,-0.440717,-0.25471953,-1.0602489,PLK3,MEF,MAFK,bZIP
930,0,-0.24165441,-0.29509667,-1.3867598,EVA1A,LMC,JUND,bZIP
2456,1,-0.065101475,-0.08148018,2.209413,RASGRF1,MEF,RFX5,HTH
2402,1,0.06421617,-0.24450046,-1.2805303,PYCARD,MEF,CTCF,Zf
1389,0,-0.21437913,-0.2712014,1.3298665,HRH1,LMC,E2F4,E2F
43,1,-0.01444126,-0.17255645,-1.1028354,ACY1,MEF,STAT3,Stat
2126,1,-0.45963168,-0.45963168,-2.2247307,PARPBP,MEF,TCF3,HMG
147,0,-0.3869897,-0.39942494,2.015515,ANPEP,LMC,ETS1,ETS
1162,1,-0.19379956,-0.22810093,1.5318578,GCA,MEF,ATF2,bZIP
1712,0,0.016314197,-0.13941021,1.4510996,LRRN4CL,LMC,USF1,bHLH
1055,1,-0.12554857,-0.24550179,1.8330293,FGF5,MEF,JUND,bZIP
1578,1,-0.29360482,-0.13941021,-2.9973192,KIF2C,MEF,TCF12,bHLH
2677,1,-0.34304273,-0.52757335,-1.5746429,SKA3,MEF,NANOG,Homeobox
2018,1,-0.17150766,-0.17150766,3.2765796,NOTUM,MEF,TEAD4,TEA
3088,0,-0.3569094,-0.25159925,-1.338504,TPX2,LMC,ZNF263,Zf
1669,1,-0.20916343,-0.20916343,-2.0333745,LMNB1,MEF,NRF1,NRF
2349,0,0.13713937,-0.20371658,-1.1556536,PRRT2,LMC,FOXA1,Forkhead
1763,1,-0.26692143,-0.26692143,-1.1248577,MAP4K1,MEF,EBF1,EBF
785,1,-0.44168723,-0.24550179,1.1730027,DNAJB9,MEF,FOS,bZIP
315,0,-0.2997486,-0.24333258,-1.1530434,BTBD3,LMC,ZNF263,Zf
1473,1,0.016314197,-0.13941021,-2.926151,IQGAP3,MEF,USF1,bHLH
156,1,-0.26737517,-0.25159925,1.0755199,AP3M2,MEF,ZKSCAN1,Zf
818,0,0.028543921,-0.29509667,-1.4172463,DTL,LMC,BACH1,bZIP
3093,1,0.03645469,-0.22810093,1.3340616,TRDMT1,MEF,BACH1,bZIP
1348,0,-0.42348737,-0.17137949,1.6180838,HMOX1,LMC,STAT1,Stat
2070,1,-0.76012087,-0.50137913,-1.7459003,OAS2,MEF,CUX1,Homeobox
1928,0,0.06421617,-0.24450046,1.730157,MYOM2,LMC,CTCF,Zf
1355,1,-0.3070402,-0.24450046,4.282851,HOXA10,MEF,YY1,Zf
1901,1,-0.41913503,-0.41913503,1.1209321,MYBL1,MEF,TCF3,HMG
972,1,0.011842721,-0.21953267,1.6502445,FAM154B,MEF,FOXA1,Forkhead
276,0,-0.009364229,-0.17137949,-2.523097,BCAT1,LMC,STAT3,Stat
1531,1,-0.40533945,-0.39005762,1.9358693,KCNB1,MEF,GABPA,ETS
468,1,-0.065101475,-0.08148018,-1.3716766,CDC42EP2,MEF,RFX5,HTH
3166,1,-0.6645992,-0.25159925,2.1184819,UGP2,MEF,SP2,Zf
2555,1,-0.22746871,-0.25187832,2.0139127,RUNDC3B,MEF,E2F6,E2F
2484,1,-0.3869897,-0.39942494,-1.6172776,REPS2,MEF,ETS1,ETS
956,0,-0.3070402,-0.24450046,1.4034448,FABP5,LMC,YY1,Zf
2387,1,0.06421617,-0.24450046,-4.4291387,PTPN7,MEF,CTCF,Zf
1014,0,0.5853313,-0.24450046,1.4449313,FAM84B,LMC,PRDM1,Zf
1003,1,-0.26737517,-0.25159925,-3.493651,FAM64A,MEF,ZKSCAN1,Zf
207,0,0.016311714,0.00623205,1.4829313,ARL4D,LMC,RFX5,HTH
1572,1,-0.24165441,-0.29509667,1.4070278,KIF21A,MEF,JUND,bZIP
3206,1,-0.43345997,-0.22249272,1.8417983,VWA1,MEF,ZNF263,Zf
2126,0,-0.3375485,-0.1342841,-1.9749895,PARPBP,LMC,TCF12,bHLH
2838,1,-0.23244992,-0.52757335,-4.3280306,SPN,MEF,PBX3,Homeobox
786,1,-0.07949572,-0.21953267,3.1105778,DNAJC6,MEF,FOXA2,Forkhead
2572,1,0.07771543,-0.1980394,1.2491845,SAP18,MEF,STAT3,Stat
1049,0,-0.049117733,-0.13941021,-2.3444386,FGF10,LMC,MAX,bHLH
246,0,-0.20308916,-0.4653868,1.1833032,ATP6V1B2,LMC,IRF1,IRF
1460,0,-0.17513762,-0.146989,1.1438459,ILDR2,LMC,BHLHE40,bHLH
3258,1,-0.20454665,-0.20454665,-1.4494542,ZFYVE28,MEF,TEAD4,TEA
2790,1,0.048078425,-0.25471953,-1.597613,SNCAIP,MEF,BACH1,bZIP
2234,1,-0.03437175,-0.039668236,4.1999607,PLAGL1,MEF,RFX5,HTH
685,0,-0.33817908,-0.29509667,1.4008114,CTSD,LMC,FOS,bZIP
3070,1,-0.08106524,-0.08106524,-1.1992819,TNNI3,MEF,TEAD4,TEA
146,1,-0.22016564,-0.25159925,1.5170969,ANO7,MEF,GATA2,Zf
2795,0,-0.440717,-0.25471953,1.1839118,SNTA1,LMC,MAFK,bZIP
460,1,-0.3777494,-0.24283965,-3.7349644,CD83,MEF,EGR1,Zf
1135,1,-0.29414836,-0.26135686,1.3747181,GAL,MEF,E2F6,E2F
1216,1,-0.45038855,-0.39942494,-2.017692,GNG2,MEF,GABPA,ETS
3009,1,-0.058015816,-0.18281521,1.357033,TMEM117,MEF,STAT3,Stat
1623,1,-0.74316007,-0.3794154,-7.952874,LAPTM5,MEF,IRF3,IRF
2611,1,-0.38278377,-0.42379856,1.7113293,SEMA3G,MEF,PBX3,Homeobox
3041,1,-0.0061152284,-0.10008492,1.5891165,TMEM45A,MEF,USF1,bHLH
1446,0,-0.07449697,-0.25159925,1.1727784,IL18RAP,LMC,CTCF,Zf
2913,1,-0.24165441,-0.29509667,1.7464386,SYNGR3,MEF,JUND,bZIP
2553,0,-0.44224238,-0.29509667,2.4957607,RTN4RL2,LMC,MAFK,bZIP
1243,0,-0.10827843,-0.121736646,-1.1135906,GPR153,LMC,USF2,bHLH
2944,0,-0.37601265,-0.39942494,2.129369,TBXAS1,LMC,ELF1,ETS
396,1,-0.36645967,-0.22249272,1.1600107,CCDC39,MEF,ZEB1,Zf
793,1,-0.3439605,-0.3439605,-3.6299744,DOCK10,MEF,NRF1,NRF
236,1,-0.45038855,-0.39942494,1.5191864,ATG9B,MEF,GABPA,ETS
3198,1,-0.065101475,-0.08148018,-1.0027668,VIPR1,MEF,RFX5,HTH
811,0,-0.2548157,-0.22810093,2.3256583,DPYSL5,LMC,MAFF,bZIP
43,1,-0.33280078,-0.24333258,-1.1028354,ACY1,MEF,GATA2,Zf
1594,0,-0.2727483,-0.2712014,-1.0982065,KLHL13,LMC,E2F6,E2F
2028,1,-0.25436184,-0.25436184,-1.8697422,NPTX2,MEF,TEAD4,TEA
2308,0,-0.22746871,-0.25187832,1.4764174,PPFIBP2,LMC,E2F6,E2F
2260,1,-0.7844056,-0.2053601,-1.0602489,PLK3,MEF,FOXM1,Forkhead
978,0,-0.36812532,-0.36812532,-1.2696277,FAM174B,LMC,NRF1,NRF
1101,1,-0.13559982,-0.10008492,-1.9451369,FOXM1,MEF,MAX,bHLH
2062,1,-0.22735961,-0.24550179,1.6376249,NWD1,MEF,MAFF,bZIP
2628,0,-0.3058912,-0.24283965,2.6170738,SERPING1,LMC,YY1,Zf
1600,1,-0.24165441,-0.29509667,1.5696979,KLHL8,MEF,JUND,bZIP
1695,1,-0.038338926,-0.10008492,-2.3293726,LRR1,MEF,MYOG,bHLH
720,0,-0.30776003,-0.24450046,1.1883768,CYSTM1,LMC,ZNF263,Zf
746,1,-0.08106524,-0.08106524,-1.6103755,DENND2D,MEF,TEAD4,TEA
1687,1,-0.1607576,-0.24283965,-2.9824686,LPXN,MEF,MAZ,Zf
1038,1,-0.20308916,-0.4653868,-1.7113899,FBXO5,MEF,IRF1,IRF
516,0,-0.20916343,-0.20916343,-1.7725236,CENPM,LMC,NRF1,NRF
1836,1,-0.440717,-0.25471953,1.9158642,MLANA,MEF,MAFK,bZIP
1144,1,-0.07449697,-0.25159925,1.6419729,GALNT5,MEF,CTCF,Zf
317,1,-0.19379956,-0.22810093,-6.688671,BTK,MEF,ATF2,bZIP
2324,1,-0.21459776,-0.24333258,-1.0814621,PRCP,MEF,MAZ,Zf
2549,0,-0.10505258,-0.1342841,-2.055815,RTKN2,LMC,BHLHE40,bHLH
3150,1,-0.41913503,-0.41913503,-1.30229,TUBB6,MEF,TCF3,HMG
2338,1,-0.24165441,-0.29509667,2.0004191,PRND,MEF,JUND,bZIP
504,1,-0.33080074,-0.22810093,-2.4297512,CEBPA,MEF,MAFK,bZIP
2374,0,-0.13559982,-0.10008492,-1.669069,PTGFR,LMC,MAX,bHLH
1599,1,-0.14989896,-0.14989896,-4.5188403,KLHL6,MEF,TEAD4,TEA
2551,0,-0.17150766,-0.17150766,-1.0524096,RTN4R,LMC,TEAD4,TEA
864,1,-0.057535224,-0.27780795,1.3383828,EFNA5,MEF,BACH1,bZIP
286,0,-0.192465,-0.27780795,-1.6433271,BEST1,LMC,ATF3,bZIP
2488,1,-0.36259097,-0.38195667,-1.8506032,RGCC,MEF,ELF1,ETS
2292,1,-0.11649651,-0.25471953,-1.5553532,POLQ,MEF,JUND,bZIP
956,0,-0.21301334,-0.25187832,1.4034448,FABP5,LMC,E2F4,E2F
1783,0,-0.038338926,-0.10008492,-2.6176784,MCAM,LMC,MYOG,bHLH
2151,0,-0.0017048104,-0.121736646,1.17195,PCED1B,LMC,MYOG,bHLH
708,1,-0.8150283,-0.4653868,3.0798056,CYB5R2,MEF,IRF4,IRF
557,1,-0.2064243,-0.25159925,-1.8041896,CHTF18,MEF,YY1,Zf
1959,1,0.041926194,-0.24283965,2.1294718,NDP,MEF,GATA3,Zf
1952,1,-0.5072217,-0.24450046,-5.995038,NCF1,MEF,ZBTB33,Zf
1762,0,-0.19379956,-0.22810093,1.0892361,MAP3K8,LMC,ATF2,bZIP
711,0,-0.17150766,-0.17150766,1.6064867,CYBRD1,LMC,TEAD4,TEA
1697,0,-0.2997486,-0.24333258,-1.5333753,LRRC16A,LMC,ZNF263,Zf
1668,1,-0.17150766,-0.17150766,3.0541296,LMCD1,MEF,TEAD4,TEA
2384,1,-0.12554857,-0.24550179,1.9310234,PTPN22,MEF,JUND,bZIP
3205,1,-0.34029287,-0.28884968,2.7900681,VTCN1,MEF,E2F4,E2F
2525,1,-0.3869897,-0.39942494,5.234823,RNF39,MEF,ETS1,ETS
1828,0,-0.41913924,-0.24333258,1.4928061,MICALCL,LMC,ZBTB33,Zf
1491,1,-0.065101475,-0.08148018,-1.4530721,ITGA5,MEF,RFX5,HTH
713,1,-0.41320115,-0.25471953,1.1914463,CYLD,MEF,ATF1,bZIP
2418,0,-0.46016192,-0.24450046,-1.0006384,RAB30,LMC,EGR1,Zf
1431,1,0.018755239,0.02968777,-1.0861005,IGSF8,MEF,RFX5,HTH
2608,1,-0.3375485,-0.1342841,2.1160233,SEMA3C,MEF,TCF12,bHLH
3214,1,-0.29414836,-0.26135686,1.0921217,WDR35,MEF,E2F6,E2F
2132,0,-0.08974322,-0.146989,-3.9714603,PAX9,LMC,MAX,bHLH
100,0,-0.009410201,-0.10008492,1.8017025,AIM1,LMC,USF2,bHLH
630,1,0.06421617,-0.24450046,-4.2288876,CORO1A,MEF,CTCF,Zf
1251,1,-0.21437913,-0.2712014,-2.5312877,GPR183,MEF,E2F4,E2F
1976,1,-0.24165441,-0.29509667,1.2830062,NET1,MEF,JUND,bZIP
119,0,-0.3869897,-0.39942494,1.824967,ALPK2,LMC,ETS1,ETS
609,1,-0.38339126,-0.24550179,2.5871143,COL14A1,MEF,ATF2,bZIP
1840,0,-0.0017048104,-0.121736646,2.1801987,MMD,LMC,MYOG,bHLH
2343,1,-0.15812221,-0.22249272,-2.244646,PRR11,MEF,YY1,Zf
217,0,-0.2470073,-0.39005762,-1.5774028,ART4,LMC,ETS1,ETS
525,1,0.13713937,-0.20371658,-2.4336228,CEP55,MEF,FOXA1,Forkhead
198,1,-0.3933147,-0.24283965,-3.3044653,ARHGEF39,MEF,ZKSCAN1,Zf
982,1,-0.3058912,-0.24283965,1.9927673,FAM184A,MEF,YY1,Zf
1618,1,-0.09351536,-0.24313685,2.025369,LAMA5,MEF,STAT3,Stat
1669,1,-0.36645967,-0.22249272,-2.0333745,LMNB1,MEF,ZEB1,Zf
926,1,-0.18398622,-0.29509667,-1.3294209,ESYT1,MEF,ATF3,bZIP
690,0,-0.3058912,-0.24283965,1.260351,CTSO,LMC,YY1,Zf
2338,1,-0.35318726,-0.41931188,2.0004191,PRND,MEF,ELK1,ETS
516,1,-0.3375485,-0.1342841,-2.1930854,CENPM,MEF,TCF12,bHLH
1519,1,-0.39205822,-0.27780795,2.7633631,KANK4,MEF,MAFK,bZIP
1472,0,-0.009364229,-0.17137949,1.941947,IQGAP2,LMC,STAT3,Stat
2028,1,-0.3625331,-0.38195667,-1.8697422,NPTX2,MEF,GABPA,ETS
1469,0,0.0745308,-0.10944186,-1.3461412,INSIG1,LMC,FOXA2,Forkhead
181,1,-0.74316007,-0.3794154,-2.8857563,ARHGAP19,MEF,IRF3,IRF
2911,1,-0.33296144,-0.24550179,-2.18065,SYNE2,MEF,MAFK,bZIP
795,0,0.17063665,-0.10944186,1.6564744,DOCK3,LMC,FOXA1,Forkhead
3104,1,-0.01444126,-0.17255645,-1.1894004,TRIM25,MEF,STAT3,Stat
1163,1,-0.7485091,-0.20371658,1.3765935,GCH1,MEF,FOXM1,Forkhead
815,1,0.018755239,0.02968777,-1.011439,DSCC1,MEF,RFX5,HTH
705,1,-0.9852809,-0.65067613,1.9690752,CXXC4,MEF,MEF2A,MADS
147,0,0.048078425,-0.25471953,2.015515,ANPEP,LMC,BACH1,bZIP
3210,0,-0.38339126,-0.24550179,2.019908,WAS,LMC,ATF2,bZIP
2156,0,-0.21895796,-0.21895796,1.9379742,PCP4L1,LMC,EBF1,EBF
265,1,-0.29979625,-0.24283965,-1.1411111,BAG2,MEF,GATA1,Zf
250,1,-0.6928834,-0.10944186,-2.346532,AUNIP,MEF,FOXM1,Forkhead
1670,1,-0.29414836,-0.26135686,2.8015044,LMO1,MEF,E2F6,E2F
1377,0,-0.2859068,-0.146989,2.4189181,HOXD1,LMC,TCF12,bHLH
954,0,-0.058015816,-0.18281521,1.3474227,FABP3,LMC,STAT3,Stat
1230,0,-0.45038855,-0.39942494,-2.8918445,GPER1,LMC,GABPA,ETS
2521,1,-0.2064243,-0.25159925,-1.8238152,RNF180,MEF,YY1,Zf
346,1,-0.19612858,-0.146989,2.3050516,CACNB2,MEF,USF2,bHLH
2797,1,-0.00943349,-0.121736646,1.207182,SNX16,MEF,USF1,bHLH
2251,1,-0.4733331,-0.39005762,-3.0162134,PLEKHG4,MEF,ELK1,ETS
817,0,-0.4776695,-0.22249272,1.9184403,DSP,LMC,ZKSCAN1,Zf
803,1,-0.058015816,-0.18281521,1.2223613,DPM1,MEF,STAT3,Stat
2608,0,-0.0013588448,-0.24283965,-1.204405,SEMA3C,LMC,CTCF,Zf
2764,1,-0.33296144,-0.24550179,-1.7172121,SLC9A9,MEF,MAFK,bZIP
2218,1,-0.011590093,-0.22249272,1.3815172,PIP5K1B,MEF,GATA3,Zf
2349,0,-0.34099022,-0.38195667,-1.1556536,PRRT2,LMC,ELK1,ETS
2041,0,-0.29687634,-0.29687634,1.9378136,NRROS,LMC,PAX5,"Paired,Homeobox"
50,0,-0.29687634,-0.29687634,-1.3741925,ADAM23,LMC,PAX5,"Paired,Homeobox"
2339,0,-0.25007766,-0.37009746,1.323295,PROCR,LMC,IRF1,IRF
2005,1,-0.12447846,-0.22249272,-1.774617,NME2,MEF,GATA2,Zf
654,0,-0.2548157,-0.22810093,-2.8694944,CRISPLD1,LMC,MAFF,bZIP
122,1,-0.28616667,-0.25693348,-1.2995142,ALX1,MEF,E2F6,E2F
966,1,-0.44224238,-0.29509667,-2.1287313,FAM111A,MEF,MAFK,bZIP
95,1,-0.20776576,-0.20776576,1.0903165,AHI1,MEF,EBF1,EBF
1298,0,-0.3070402,-0.24450046,1.7987171,GSTA4,LMC,YY1,Zf
2251,0,-0.15812221,-0.22249272,-2.0370564,PLEKHG4,LMC,YY1,Zf
2621,0,0.07771543,-0.1980394,5.183883,SERPINB2,LMC,STAT3,Stat
2542,0,-0.36812532,-0.36812532,-1.5441597,RRM2,LMC,NRF1,NRF
1814,1,-0.5980523,-0.24283965,1.0535716,METTL21A,MEF,ZBTB33,Zf
856,0,-1.5423862,-0.39005762,-1.1511953,EFCAB11,LMC,FLI1,ETS
1431,1,-0.3773888,-0.18281521,-1.0861005,IGSF8,MEF,STAT1,Stat
3195,1,-0.5315311,-0.5315311,-1.7373035,VDR,MEF,PAX5,"Paired,Homeobox"
2489,1,-0.44168723,-0.24550179,-1.6161706,RGMA,MEF,FOS,bZIP
1827,1,-0.17150766,-0.17150766,-1.5507092,MIAT,MEF,TEAD4,TEA
3223,1,-0.14989896,-0.14989896,1.0999924,WNK3,MEF,TEAD4,TEA
668,1,-0.4776695,-0.22249272,2.486209,CSMD3,MEF,ZKSCAN1,Zf
2496,0,-0.5313326,-0.24450046,-1.8756744,RGS5,LMC,ZKSCAN1,Zf
3169,0,-0.4467859,-0.3917693,1.1945924,UNC13B,LMC,ELK1,ETS
71,0,0.06421617,-0.24450046,-1.0158373,ADCY4,LMC,CTCF,Zf
1601,1,-0.5069276,-0.27780795,1.0652757,KLRG2,MEF,ATF2,bZIP
3183,0,-0.4409798,-0.24450046,1.3692124,USP53,LMC,ZEB1,Zf
2735,0,-0.21907748,-0.27780795,2.2267754,SLC35F3,LMC,JUND,bZIP
3144,1,-0.19379956,-0.22810093,-1.550395,TTYH3,MEF,ATF2,bZIP
2775,0,-0.65735245,-0.17782252,4.428085,SLPI,LMC,FOXM1,Forkhead
610,1,-0.21459776,-0.24333258,3.5136895,COL15A1,MEF,MAZ,Zf
940,0,-0.5069276,-0.27780795,-1.0492839,EXT1,LMC,ATF2,bZIP
1804,1,-0.16561359,-0.22810093,1.6576555,MEGF9,MEF,JUND,bZIP
3069,1,-0.37776268,-0.37776268,-2.5900114,TNNI2,MEF,TCF3,HMG
585,0,-0.12554857,-0.24550179,1.6729612,CLU,LMC,JUND,bZIP
2547,0,-0.0017048104,-0.121736646,-4.373326,RSPO2,LMC,MYOG,bHLH
1624,1,-0.24165441,-0.29509667,-1.0089527,LARP1B,MEF,JUND,bZIP
1990,1,-0.40787458,-0.3917693,-2.0896924,NID1,MEF,GABPA,ETS
445,0,-0.34278938,-0.41931188,2.21858,CD33,LMC,ELF1,ETS
2886,1,-0.35028386,-0.4067228,1.354127,STK38L,MEF,NANOG,Homeobox
343,0,-0.3058912,-0.24283965,2.0094032,CACNA1S,LMC,YY1,Zf
1221,1,-0.24165441,-0.29509667,1.7337681,GORAB,MEF,JUND,bZIP
1802,1,-0.21918109,-0.21918109,1.033383,MEF2A,MEF,TCF3,HMG
1727,0,-0.2808588,-0.24283965,-1.8059852,LY75,LMC,ZEB1,Zf
2373,0,-0.2300118,-0.25159925,1.6404351,PTGER4,LMC,MAZ,Zf
161,0,-0.65183055,-0.47267562,-1.0569676,APH1B,LMC,CUX1,Homeobox
2903,0,-0.11649651,-0.25471953,2.135801,SV2A,LMC,JUND,bZIP
512,1,-0.25007766,-0.37009746,-2.398041,CENPF,MEF,IRF1,IRF
2452,0,-0.3341544,-0.39005762,1.991749,RASAL3,LMC,ELF1,ETS
333,1,-0.17150766,-0.17150766,-8.297818,C3AR1,MEF,TEAD4,TEA
1063,1,-0.2859068,-0.146989,-1.2671621,FGL1,MEF,TCF12,bHLH
944,0,-0.3625331,-0.38195667,-1.0075725,EZH2,LMC,GABPA,ETS
1938,1,-0.21907748,-0.27780795,2.1946554,NAP1L5,MEF,JUND,bZIP
623,1,-0.18911669,-0.17782252,-2.7674353,COL7A1,MEF,FOXA2,Forkhead
650,0,-0.33280078,-0.24333258,2.2406585,CREG2,LMC,GATA2,Zf
1074,1,-0.91791576,-0.29509667,-2.1304154,FKBP5,MEF,BATF,bZIP
1993,1,-0.21907748,-0.27780795,1.0403154,NIPAL3,MEF,JUND,bZIP
1078,1,-0.2954083,-0.24550179,1.7946676,FLRT3,MEF,ATF3,bZIP
3047,0,-0.12554857,-0.24550179,-1.7841698,TMEM74,LMC,JUND,bZIP
2451,0,-0.0013588448,-0.24283965,-1.7096163,RARRES1,LMC,CTCF,Zf
2126,1,-0.33058694,-0.3917693,-2.2247307,PARPBP,MEF,ELF1,ETS
705,1,-0.1826178,-0.24450046,1.9690752,CXXC4,MEF,SP1,Zf
3027,1,-0.0061152284,-0.10008492,1.3271227,TMEM184A,MEF,USF1,bHLH
178,1,-0.7844056,-0.2053601,-2.0233412,ARHGAP10,MEF,FOXM1,Forkhead
627,1,-0.27070102,-0.24450046,1.8243555,COLGALT2,MEF,GATA2,Zf
684,1,-0.26816452,-0.121736646,-1.4739813,CTSC,MEF,TCF12,bHLH
2142,1,-0.07449697,-0.25159925,1.953013,PCDHB14,MEF,CTCF,Zf
1975,1,-0.0005437653,-0.1342841,1.3671153,NES,MEF,USF1,bHLH
1568,1,-0.5795745,-0.22249272,-2.5758445,KIF15,MEF,SP2,Zf
2693,0,0.21614419,-0.17782252,1.0595441,SLC16A1,LMC,FOXA1,Forkhead
2470,1,-0.17150766,-0.17150766,2.1268446,RBM24,MEF,TEAD4,TEA
1988,1,-0.7844056,-0.2053601,1.1322362,NHLRC1,MEF,FOXM1,Forkhead
1123,0,-0.933204,-0.22249272,1.4232948,FTH1,LMC,BCL11A,Zf
3059,1,-0.19239004,-0.26135686,2.9543939,TNFRSF11B,MEF,E2F4,E2F
1086,0,-0.33080074,-0.22810093,-1.6881667,FNDC1,LMC,MAFK,bZIP
261,1,-0.2727483,-0.2712014,4.30976,B4GALNT3,MEF,E2F6,E2F
885,1,-0.1607576,-0.24283965,-2.3387628,EME1,MEF,MAZ,Zf
2816,0,-0.35806254,-0.38195667,1.4846952,SP110,LMC,ETS1,ETS
341,0,0.027763726,-0.25159925,-1.2593856,CACNA1H,LMC,GATA3,Zf
163,0,-0.33639127,-0.4713425,1.7885092,APLP1,LMC,IRF1,IRF
1466,0,-0.91791576,-0.29509667,2.282222,INPP5D,LMC,BATF,bZIP
2388,0,0.09181779,-0.20306948,2.0310795,PTPRC,LMC,MEF2C,MADS
416,0,-0.22746871,-0.25187832,1.9838973,CCL5,LMC,E2F6,E2F
1455,0,-0.2300118,-0.25159925,-1.9387442,IL27RA,LMC,MAZ,Zf
450,1,-0.14724034,-0.14724034,-6.2079844,CD52,MEF,EBF1,EBF
836,1,-0.39804247,-0.17255645,-2.7616482,E2F8,MEF,STAT1,Stat
914,0,-0.25436184,-0.25436184,2.107524,EPSTI1,LMC,TEAD4,TEA
793,1,-0.14724034,-0.14724034,-3.6299744,DOCK10,MEF,EBF1,EBF
1232,0,-0.00943349,-0.121736646,-1.4140695,GPM6B,LMC,USF1,bHLH
2021,1,-0.58496386,-0.4621776,-1.0979886,NPAS4,MEF,IRF4,IRF
1026,0,-0.29414836,-0.26135686,-1.7899914,FBLN7,LMC,E2F6,E2F
3061,0,-0.21459776,-0.24333258,1.0251417,TNFRSF19,LMC,MAZ,Zf
1836,0,-0.22746871,-0.25187832,1.6925713,MLANA,LMC,E2F6,E2F
250,1,0.016314197,-0.13941021,-2.346532,AUNIP,MEF,USF1,bHLH
1568,1,-0.21907748,-0.27780795,-2.5758445,KIF15,MEF,JUND,bZIP
3161,0,-0.42348737,-0.17137949,1.1137409,UBE2L6,LMC,STAT1,Stat
3150,1,-0.29360482,-0.13941021,-1.30229,TUBB6,MEF,TCF12,bHLH
995,0,-0.1689725,-0.13941021,-1.3458498,FAM26E,LMC,BHLHE40,bHLH
1145,1,-0.25436184,-0.25436184,-8.096693,GALNT6,MEF,TEAD4,TEA
2399,1,-0.39900714,-0.22249272,-1.4025425,PVRL2,MEF,GATA1,Zf
3145,1,0.048078425,-0.25471953,-1.3294976,TUBA1B,MEF,BACH1,bZIP
269,0,0.016314197,-0.13941021,1.224087,BAMBI,LMC,USF1,bHLH
1721,0,-0.31818998,-0.24333258,-1.3911871,LTBP2,LMC,ZEB1,Zf
1582,0,-0.08974322,-0.146989,1.2021602,KIF9,LMC,MAX,bHLH
966,1,-0.39205822,-0.27780795,-2.1287313,FAM111A,MEF,MAFK,bZIP
1121,0,-0.34099022,-0.38195667,-1.0994569,FSTL3,LMC,ELK1,ETS
2008,1,-0.7844056,-0.2053601,2.8155317,NMU,MEF,FOXM1,Forkhead
2167,0,-0.65735245,-0.17782252,-1.4760718,PDE4A,LMC,FOXM1,Forkhead
2384,0,-0.62452394,-0.4713425,1.5178981,PTPN22,LMC,IRF4,IRF
91,0,-0.8933479,-0.52757335,-1.0685996,AGPAT9,LMC,CUX1,Homeobox
2890,0,-0.21918109,-0.21918109,1.3420581,STON2,LMC,TCF3,HMG
3102,1,-0.37527534,-0.37527534,-1.7707306,TRIL,MEF,NRF1,NRF
625,1,-0.45038855,-0.39942494,1.2030634,COL9A3,MEF,GABPA,ETS
2641,1,-0.2849582,-0.2849582,-1.5156106,SGOL2,MEF,EBF1,EBF
914,0,-0.39205822,-0.27780795,2.107524,EPSTI1,LMC,MAFK,bZIP
2224,1,-0.33296144,-0.24550179,-2.260149,PKMYT1,MEF,MAFK,bZIP
1952,1,-0.71902657,-0.24550179,-5.995038,NCF1,MEF,BATF,bZIP
2459,1,-0.2790477,-0.25471953,-1.3954514,RASGRP3,MEF,MAFF,bZIP
3136,0,-0.27070102,-0.24450046,1.0255241,TTC9,LMC,GATA2,Zf
3083,1,-0.33058694,-0.3917693,1.0522466,TPD52L1,MEF,ELF1,ETS
250,1,-0.15019357,-0.27780795,-2.346532,AUNIP,MEF,MAFF,bZIP
509,0,-0.36812532,-0.36812532,-1.8266275,CEND1,LMC,NRF1,NRF
586,1,-0.2064243,-0.25159925,-1.1071731,CLYBL,MEF,YY1,Zf
861,0,-0.29414836,-0.26135686,1.2837286,EFHD2,LMC,E2F6,E2F
1972,0,0.06421617,-0.24450046,-1.1155492,NEK8,LMC,CTCF,Zf
240,0,0.023197008,-0.146989,1.6032816,ATP1B1,LMC,USF1,bHLH
557,1,-0.057535224,-0.27780795,-1.8041896,CHTF18,MEF,BACH1,bZIP
707,1,-0.40605056,-0.25471953,1.7866613,CYB561,MEF,ATF2,bZIP
257,0,-0.2727483,-0.2712014,-1.6855565,B3GNT5,LMC,E2F6,E2F
758,1,-0.22240412,-0.10008492,-2.1840901,DIRAS2,MEF,TCF12,bHLH
2692,1,-0.43756613,-0.41931188,-5.3542004,SLC15A3,MEF,ETS1,ETS
206,1,0.016314197,-0.13941021,-1.1483037,ARL4C,MEF,USF1,bHLH
1553,1,-0.21895796,-0.21895796,-1.3296688,KCNK6,MEF,EBF1,EBF
430,1,-0.23244992,-0.52757335,-1.3414109,CCR5,MEF,PBX3,Homeobox
1472,1,-0.71579945,-0.37009746,-1.5299138,IQGAP2,MEF,IRF3,IRF
2101,1,-0.38278377,-0.42379856,1.980347,P2RY10,MEF,PBX3,Homeobox
2710,0,-0.07763662,-0.20371658,1.8738929,SLC22A4,LMC,FOXA2,Forkhead
489,0,0.016311714,0.00623205,1.132785,CDK18,LMC,RFX5,HTH
2917,0,0.023197008,-0.146989,-1.4203287,SYT1,LMC,USF1,bHLH
2298,1,-0.15019357,-0.27780795,2.2457073,POU4F1,MEF,MAFF,bZIP
760,0,-0.1505293,-0.1342841,-1.1509932,DKK3,LMC,USF2,bHLH
671,1,-0.440717,-0.25471953,1.8051484,CSRNP3,MEF,MAFK,bZIP
1078,1,0.018755239,0.02968777,1.7946676,FLRT3,MEF,RFX5,HTH
2744,1,-0.35028386,-0.4067228,-2.4313455,SLC43A1,MEF,NANOG,Homeobox
2720,0,0.048078425,-0.25471953,-1.7057643,SLC27A3,LMC,BACH1,bZIP
2757,1,-0.07449697,-0.25159925,-3.1570675,SLC7A8,MEF,CTCF,Zf
2605,1,-0.21918109,-0.21918109,-5.124639,SELPLG,MEF,TCF3,HMG
2262,1,-0.35806254,-0.38195667,1.3611525,PLLP,MEF,ETS1,ETS
2337,0,0.03645469,-0.22810093,1.6617084,PRKCH,LMC,BACH1,bZIP
214,0,-0.08568381,-0.24450046,-1.316177,ARSI,LMC,MAZ,Zf
2944,1,-0.30779734,-0.3917693,-3.8778214,TBXAS1,MEF,ETS1,ETS
1383,1,0.018755239,0.02968777,1.9862543,HPCAL4,MEF,RFX5,HTH
2376,0,-0.29414836,-0.26135686,1.532433,PTGIS,LMC,E2F6,E2F
2745,0,-0.15054174,-0.24450046,1.9025482,SLC43A2,LMC,GATA3,Zf
2885,1,-0.08568381,-0.24450046,-1.1214797,STK32C,MEF,MAZ,Zf
2489,0,-0.21437913,-0.2712014,-1.3163266,RGMA,LMC,E2F4,E2F
963,0,-0.22028713,-0.38195667,1.3799479,FAM105A,LMC,ELK4,ETS
2273,0,-0.3439605,-0.3439605,2.0984888,PLXNC1,LMC,NRF1,NRF
16,1,-0.21918109,-0.21918109,-2.0503016,ABHD15,MEF,TCF3,HMG
3099,1,-0.07949572,-0.21953267,-1.4419627,TRERF1,MEF,FOXA2,Forkhead
912,0,-0.3058912,-0.24283965,-1.3178474,EPS8L1,LMC,YY1,Zf
891,1,-0.07449697,-0.25159925,5.217625,EN2,MEF,CTCF,Zf
2219,1,-0.38057798,-0.24450046,-1.099451,PIP5K1C,MEF,GATA1,Zf
2429,1,-0.35318726,-0.41931188,-5.5450034,RAC2,MEF,ELK1,ETS
2042,0,-0.25436184,-0.25436184,2.0433388,NRSN1,LMC,TEAD4,TEA
138,1,-0.26816452,-0.121736646,-2.2497957,ANKLE1,MEF,TCF12,bHLH
1800,1,-0.20916343,-0.20916343,1.4715531,MED12L,MEF,NRF1,NRF
521,1,-0.29687634,-0.29687634,-1.4729061,CENPU,MEF,PAX5,"Paired,Homeobox"
548,0,-0.24165441,-0.29509667,1.6800578,CHRNA1,LMC,JUND,bZIP
1681,1,-0.40533945,-0.39005762,-1.4697692,LPAR2,MEF,GABPA,ETS
650,1,-0.26188308,-0.27780795,-2.9483588,CREG2,MEF,FOSL2,bZIP
250,1,-0.15812221,-0.22249272,-2.346532,AUNIP,MEF,YY1,Zf
2091,0,0.06421617,-0.24450046,-2.7508404,OSBPL6,LMC,CTCF,Zf
1752,1,-0.17513762,-0.146989,-1.2879815,MAN2A1,MEF,BHLHE40,bHLH
437,1,-0.3375485,-0.1342841,-3.0209455,CD22,MEF,TCF12,bHLH
488,1,-0.2185933,-0.3794154,-1.5366021,CDK1,MEF,IRF1,IRF
1175,1,-0.1607576,-0.24283965,1.5987715,GDF7,MEF,MAZ,Zf
2172,0,-0.38057798,-0.24450046,2.043665,PDGFB,LMC,GATA1,Zf
123,1,-0.26816452,-0.121736646,3.1471124,ALX3,MEF,TCF12,bHLH
414,0,-0.58496386,-0.4621776,2.2769938,CCL3,LMC,IRF4,IRF
1804,1,-0.33080074,-0.22810093,1.6576555,MEGF9,MEF,MAFK,bZIP
50,0,-0.20953742,-0.22249272,-1.3741925,ADAM23,LMC,MAZ,Zf
790,0,-0.10369535,-0.10008492,1.4997923,DNM1,LMC,BHLHE40,bHLH
1234,0,-0.13994873,-0.2053601,2.3392198,GPR115,LMC,FOXA2,Forkhead
364,1,-0.22016564,-0.25159925,1.1463557,CAPS2,MEF,GATA2,Zf
845,0,-0.28899637,-0.29509667,1.2262235,ECM1,LMC,MAFF,bZIP
1643,1,-0.37698567,-0.4067228,-1.383364,LGALS3,MEF,PBX3,Homeobox
396,1,0.027763726,-0.25159925,1.1600107,CCDC39,MEF,GATA3,Zf
1619,0,-0.3705123,-0.25471953,1.9870634,LAMB3,LMC,FOSL2,bZIP
2993,0,-0.41913503,-0.41913503,-1.9840968,TLE6,LMC,TCF3,HMG
3186,1,0.028543921,-0.29509667,-1.9262128,VANGL2,MEF,BACH1,bZIP
522,0,-0.35453734,-0.24333258,1.2640113,CENPV,LMC,ZKSCAN1,Zf
1050,1,-0.76012087,-0.50137913,-1.4150496,FGF11,MEF,CUX1,Homeobox
1066,1,-0.4649995,-0.41931188,-1.1100099,FHL3,MEF,GABPA,ETS
82,1,-0.33296144,-0.24550179,-2.4347596,ADRA1A,MEF,MAFK,bZIP
3097,0,-0.0013588448,-0.24283965,2.566172,TREML2,LMC,CTCF,Zf
1238,1,-0.21459776,-0.24333258,1.2924196,GPR126,MEF,MAZ,Zf
71,0,-0.36049217,-0.22810093,-1.0158373,ADCY4,LMC,FOS,bZIP
2574,1,-0.26737517,-0.25159925,-2.472195,SAPCD2,MEF,ZKSCAN1,Zf
2615,0,-0.65183055,-0.47267562,-1.4651343,SEMA6A,LMC,CUX1,Homeobox
2772,0,-0.2064243,-0.25159925,1.5455493,SLITRK4,LMC,YY1,Zf
45,0,-0.08974322,-0.146989,-1.351491,ADAM11,LMC,MAX,bHLH
1728,0,-0.22746871,-0.25187832,2.4247549,LY86,LMC,E2F6,E2F
1957,0,-0.07449697,-0.25159925,-1.6446601,NDC80,LMC,CTCF,Zf
2017,0,-0.12554857,-0.24550179,-1.0335256,NOTCH3,LMC,JUND,bZIP
2991,0,-0.32442823,-0.39942494,-1.3919637,TLCD1,LMC,ELK1,ETS
1522,0,-0.39205822,-0.27780795,1.2068585,KBTBD8,LMC,MAFK,bZIP
3027,0,-0.21918109,-0.21918109,2.0194569,TMEM184A,LMC,TCF3,HMG
649,0,-0.10827843,-0.121736646,1.7723053,CREG1,LMC,USF2,bHLH
241,1,-0.36259097,-0.38195667,1.1553295,ATP1B2,MEF,ELF1,ETS
1808,0,-0.26737517,-0.25159925,-1.8211592,MELK,LMC,ZKSCAN1,Zf
2929,0,-0.65735245,-0.17782252,-1.1441975,TACC3,LMC,FOXM1,Forkhead
91,0,-0.40787458,-0.3917693,-1.0685996,AGPAT9,LMC,GABPA,ETS
1300,0,-0.3058912,-0.24283965,-1.4127604,GSTT1,LMC,YY1,Zf
1793,0,-0.71902657,-0.24550179,1.8078305,MCOLN3,LMC,BATF,bZIP
2874,1,-0.33639127,-0.4713425,2.568709,STARD10,MEF,IRF1,IRF
2010,1,-0.36550322,-0.47267562,-1.2062373,NNMT,MEF,PBX3,Homeobox
1163,0,0.011842721,-0.21953267,2.620298,GCH1,LMC,FOXA1,Forkhead
3217,0,-0.23244992,-0.52757335,1.1876146,WDR91,LMC,PBX3,Homeobox
264,0,-0.11649651,-0.25471953,1.459374,B4GALT5,LMC,JUND,bZIP
924,1,0.018755239,0.02968777,1.5121096,ESR2,MEF,RFX5,HTH
3195,1,-0.18621291,-0.24333258,-1.7373035,VDR,MEF,YY1,Zf
1902,1,-0.18621291,-0.24333258,-1.6592023,MYBL2,MEF,YY1,Zf
1486,1,-0.37776268,-0.37776268,-1.1396953,ISYNA1,MEF,TCF3,HMG
2787,0,-0.14989896,-0.14989896,-1.9287325,SNAI2,LMC,TEAD4,TEA
1879,1,-0.120565586,-0.1342841,-8.843497,MS4A7,MEF,MAX,bHLH
1495,1,-0.37167174,-0.29509667,-5.9863725,ITGAL,MEF,ATF2,bZIP
1052,1,-0.541412,-0.25159925,2.0621297,FGF13,MEF,EGR1,Zf
155,1,0.048078425,-0.25471953,-1.0362561,AP1G2,MEF,BACH1,bZIP
2876,1,0.08411567,-0.24550179,-2.4180818,STARD9,MEF,BACH1,bZIP
592,1,-0.29414836,-0.26135686,2.2935996,CNGA3,MEF,E2F6,E2F
1868,1,-0.2548157,-0.22810093,1.2031093,MPV17L,MEF,MAFF,bZIP
1811,1,-0.058015816,-0.18281521,1.4938444,MEST,MEF,STAT3,Stat
3199,1,-0.33296144,-0.24550179,1.1633813,VKORC1,MEF,MAFK,bZIP
1298,0,-0.32442823,-0.39942494,1.7987171,GSTA4,LMC,ELK1,ETS
3102,1,-0.34278938,-0.41931188,-1.7707306,TRIL,MEF,ELF1,ETS
2894,0,-0.30003953,-0.30003953,-1.0866947,STX1A,LMC,NRF1,NRF
1383,1,-0.1826178,-0.24450046,1.9862543,HPCAL4,MEF,SP1,Zf
1713,1,-0.2548157,-0.22810093,2.829244,LRRTM2,MEF,MAFF,bZIP
1802,1,-0.2913164,-0.42379856,1.033383,MEF2A,MEF,NANOG,Homeobox
2831,0,-0.4776695,-0.22249272,-1.2344358,SPHK1,LMC,ZKSCAN1,Zf
1472,0,-0.37665918,-0.37009746,1.941947,IQGAP2,LMC,IRF4,IRF
1269,1,-0.2470073,-0.39005762,-3.158479,GPSM3,MEF,ETS1,ETS
1793,0,-0.2913164,-0.42379856,1.8078305,MCOLN3,LMC,NANOG,Homeobox
2459,1,-0.1124492,-0.24333258,-1.3954514,RASGRP3,MEF,CTCF,Zf
454,1,-0.659372,-0.27780795,-5.4775605,CD68,MEF,BATF,bZIP
658,1,-0.35453734,-0.24333258,1.7045457,CRNDE,MEF,ZKSCAN1,Zf
1098,1,-0.17407607,-0.121736646,-2.0462456,FOXD2,MEF,MAX,bHLH
2904,0,-0.33296144,-0.24550179,1.9485846,SV2B,LMC,MAFK,bZIP
3061,0,-0.121607244,-0.24333258,1.0251417,TNFRSF19,LMC,GATA3,Zf
321,1,-0.35806254,-0.38195667,-2.3385303,BUB1B,MEF,ETS1,ETS
3,0,-0.07949572,-0.21953267,-1.1041158,AASS,LMC,FOXA2,Forkhead
1575,1,-0.35453734,-0.24333258,1.0329986,KIF26A,MEF,ZKSCAN1,Zf
1792,0,-0.1689725,-0.13941021,1.9537151,MCOLN2,LMC,BHLHE40,bHLH
665,0,-0.34278938,-0.41931188,1.8592032,CSF2RB,LMC,ELF1,ETS
1642,1,-0.38059002,-0.38059002,-2.2667716,LFNG,MEF,PAX5,"Paired,Homeobox"
1953,0,-0.8875255,-0.25471953,1.9256032,NCF2,LMC,BATF,bZIP
1210,1,-0.5069276,-0.27780795,-1.356024,GMIP,MEF,ATF2,bZIP
2062,1,0.041926194,-0.24283965,1.6376249,NWD1,MEF,GATA3,Zf
926,1,-0.011590093,-0.22249272,-1.3294209,ESYT1,MEF,GATA3,Zf
945,0,-0.20454665,-0.20454665,1.6291311,EZR,LMC,TEAD4,TEA
1746,1,-0.1505293,-0.1342841,5.3277707,MAL,MEF,USF2,bHLH
2057,0,-0.009364229,-0.17137949,-2.073274,NUF2,LMC,STAT3,Stat
2117,0,-0.18621291,-0.24333258,1.5648643,PAMR1,LMC,YY1,Zf
658,1,-0.3625331,-0.38195667,1.7045457,CRNDE,MEF,GABPA,ETS
1043,0,-0.25436184,-0.25436184,-1.2050055,FDPS,LMC,TEAD4,TEA
2324,1,-0.34914914,-0.27780795,-1.0814621,PRCP,MEF,FOS,bZIP
2084,0,-0.440717,-0.25471953,2.9469552,OLR1,LMC,MAFK,bZIP
358,1,-0.009364229,-0.17137949,1.2216636,CAMK4,MEF,STAT3,Stat
2277,1,-0.11649651,-0.25471953,-1.672663,PMF1,MEF,JUND,bZIP
1648,0,-0.17513762,-0.146989,1.3943249,LGMN,LMC,BHLHE40,bHLH
3032,1,0.016311714,0.00623205,-1.1495689,TMEM221,MEF,RFX5,HTH
297,1,-0.33296144,-0.24550179,-1.4785533,BMP1,MEF,MAFK,bZIP
1015,1,-0.1124492,-0.24333258,-2.369543,FANCA,MEF,CTCF,Zf
68,1,-0.17150766,-0.17150766,-6.4535336,ADAP2,MEF,TEAD4,TEA
873,0,-0.45963168,-0.45963168,2.3173335,EGR3,LMC,TCF3,HMG
2047,0,0.028543921,-0.29509667,-1.497863,NT5DC2,LMC,BACH1,bZIP
2476,1,-0.1689725,-0.13941021,1.7372016,RCAN1,MEF,BHLHE40,bHLH
2223,0,-0.2790477,-0.25471953,2.4232366,PKIB,LMC,MAFF,bZIP
1047,1,-0.1666823,-0.13941021,-4.654176,FGD2,MEF,USF2,bHLH
993,1,-0.25436184,-0.25436184,1.2556348,FAM213A,MEF,TEAD4,TEA
2723,0,-0.22746871,-0.25187832,-1.2504945,SLC29A4,LMC,E2F6,E2F
2893,0,-0.21895796,-0.21895796,1.5128429,STRA6,LMC,EBF1,EBF
1229,0,-0.08568381,-0.24450046,-1.5409347,GPC6,LMC,MAZ,Zf
3199,1,-0.038338926,-0.10008492,1.1633813,VKORC1,MEF,MYOG,bHLH
2643,1,-0.22240412,-0.10008492,-1.113979,SH2B2,MEF,TCF12,bHLH
2739,0,-0.21301334,-0.25187832,1.0755472,SLC39A10,LMC,E2F4,E2F
555,1,-0.2808588,-0.24283965,1.8076999,CHST7,MEF,ZEB1,Zf
184,0,-0.1607576,-0.24283965,-1.0991015,ARHGAP28,LMC,MAZ,Zf
1623,0,-0.36645967,-0.22249272,2.135228,LAPTM5,LMC,ZEB1,Zf
2479,1,-0.21918109,-0.21918109,-1.5733873,RCSD1,MEF,TCF3,HMG
1606,0,-0.25341198,-0.22810093,1.7298887,KRT18,LMC,ATF3,bZIP
1194,1,-0.2997486,-0.24333258,1.9552824,GJA3,MEF,ZNF263,Zf
536,1,-0.38071528,-0.24283965,-1.098342,CH25H,MEF,ZNF263,Zf
254,1,-0.3341544,-0.39005762,3.2201214,AXIN2,MEF,ELF1,ETS
2837,0,-0.38339126,-0.24550179,1.6261545,SPINT2,LMC,ATF2,bZIP
2093,1,-0.33296144,-0.24550179,-1.1566182,OSMR,MEF,MAFK,bZIP
186,1,-0.37698567,-0.4067228,-7.0380754,ARHGAP30,MEF,PBX3,Homeobox
2938,1,-0.22240412,-0.10008492,1.8867676,TBX18,MEF,TCF12,bHLH
1747,0,-0.4776695,-0.22249272,2.3040216,MAL2,LMC,ZKSCAN1,Zf
1742,0,-1.4133955,-0.3917693,1.2771919,MADD,LMC,FLI1,ETS
3144,1,-0.15812221,-0.22249272,-1.550395,TTYH3,MEF,YY1,Zf
1777,1,-0.3569094,-0.25159925,-1.1807785,MATN2,MEF,ZNF263,Zf
972,1,-0.009364229,-0.17137949,1.6502445,FAM154B,MEF,STAT3,Stat
1725,0,-0.46846294,-0.46846294,-1.1906093,LURAP1L,LMC,TCF3,HMG
788,0,-0.21437913,-0.2712014,1.1742103,DNASE1L1,LMC,E2F4,E2F
3142,1,-0.16561359,-0.22810093,1.519,TTYH1,MEF,JUND,bZIP
1386,0,-0.3869897,-0.39942494,2.0362077,HPGDS,LMC,ETS1,ETS
1695,1,-0.25341198,-0.22810093,-2.3293726,LRR1,MEF,ATF3,bZIP
1497,0,-0.933204,-0.22249272,2.0019827,ITGB2,LMC,BCL11A,Zf
30,0,-0.3070402,-0.24450046,1.627162,ACOT4,LMC,YY1,Zf
999,0,-0.3773888,-0.18281521,1.1663992,FAM46C,LMC,STAT1,Stat
2303,1,-0.29360482,-0.13941021,-1.1236767,PPARA,MEF,TCF12,bHLH
1712,0,0.06421617,-0.24450046,1.4510996,LRRN4CL,LMC,CTCF,Zf
4,0,-0.049117733,-0.13941021,1.3053162,AATK,LMC,MAX,bHLH
1113,1,-0.20953742,-0.22249272,1.9055704,FRMPD1,MEF,MAZ,Zf
321,1,-0.2470073,-0.39005762,-2.3385303,BUB1B,MEF,ETS1,ETS
1016,0,-0.8875255,-0.25471953,-1.282396,FANCD2,LMC,BATF,bZIP
2876,1,-0.2300118,-0.25159925,-2.4180818,STARD9,MEF,MAZ,Zf
2830,1,-0.34370995,-0.24333258,2.2287126,SPEF2,MEF,EGR1,Zf
1495,0,-0.32700178,-0.25159925,2.7970064,ITGAL,LMC,GATA1,Zf
501,1,0.22652079,-0.2053601,-1.5413414,CDT1,MEF,FOXA1,Forkhead
1473,1,-0.0017048104,-0.121736646,-2.926151,IQGAP3,MEF,MYOG,bHLH
1550,1,-0.3439605,-0.3439605,2.5354936,KCNK1,MEF,NRF1,NRF
1890,1,-0.25436184,-0.25436184,-1.4342344,MTFR2,MEF,TEAD4,TEA
2834,1,-0.13559982,-0.10008492,-3.445171,SPINK2,MEF,MAX,bHLH
1245,0,-0.3375485,-0.1342841,1.7366654,GPR157,LMC,TCF12,bHLH
1416,1,-0.11649651,-0.25471953,1.4104824,IFNLR1,MEF,JUND,bZIP
673,0,-0.28899637,-0.29509667,-2.225754,CSRP2,LMC,MAFF,bZIP
2444,0,-0.08974322,-0.146989,-1.919591,RANBP3L,LMC,MAX,bHLH
1935,0,-0.38057798,-0.24450046,-1.2886287,NACAD,LMC,GATA1,Zf
1802,1,-0.56344664,-0.2712014,1.033383,MEF2A,MEF,E2F1,E2F
2357,0,-0.0013588448,-0.24283965,3.0785356,PRSS50,LMC,CTCF,Zf
3131,1,-0.45963168,-0.45963168,1.2743545,TSPYL5,MEF,TCF3,HMG
1811,1,-0.3933147,-0.24283965,1.4938444,MEST,MEF,ZKSCAN1,Zf
3019,0,-0.5313326,-0.24450046,-1.6892291,TMEM158,LMC,ZKSCAN1,Zf
2670,1,0.03116794,-0.22249272,-3.2833223,SIM1,MEF,CTCF,Zf
2249,1,-0.10505258,-0.1342841,1.1527126,PLEKHG1,MEF,BHLHE40,bHLH
1591,1,0.028543921,-0.29509667,1.2468134,KLF9,MEF,BACH1,bZIP
1322,1,-0.2849582,-0.2849582,1.4396416,HDGFRP3,MEF,EBF1,EBF
2292,0,0.21614419,-0.17782252,-1.0529194,POLQ,LMC,FOXA1,Forkhead
1230,0,-0.21918109,-0.21918109,-2.8918445,GPER1,LMC,TCF3,HMG
345,1,-0.3430542,-0.3430542,3.2806952,CACNA2D3,MEF,PAX5,"Paired,Homeobox"
2693,0,-0.38490406,-0.38490406,1.0595441,SLC16A1,LMC,PAX5,"Paired,Homeobox"
1957,1,-0.71902657,-0.24550179,-2.6176684,NDC80,MEF,BATF,bZIP
321,1,-0.46016192,-0.24450046,-2.3385303,BUB1B,MEF,EGR1,Zf
1978,0,-0.69426614,-0.4713425,1.1023682,NEURL3,LMC,IRF3,IRF
1307,0,0.041926194,-0.24283965,-1.3646489,H1FX,LMC,GATA3,Zf
3237,1,0.0745308,-0.10944186,-2.1627874,XDH,MEF,FOXA2,Forkhead
1775,0,-0.3070402,-0.24450046,-1.2945493,MASTL,LMC,YY1,Zf
1631,0,-0.2806714,-0.20306948,1.8876575,LCP1,LMC,MEF2A,MADS
3119,1,-0.062780954,-0.24333258,-1.3696355,TRPV2,MEF,SP1,Zf
1143,0,-0.00943349,-0.121736646,1.581665,GALNT3,LMC,USF1,bHLH
1032,0,-0.35806254,-0.38195667,-1.4661738,FBXO16,LMC,ETS1,ETS
43,0,-0.41913503,-0.41913503,-1.0422277,ACY1,LMC,TCF3,HMG
2288,1,-0.2064243,-0.25159925,-1.222358,POLA1,MEF,YY1,Zf
3261,1,-0.38059002,-0.38059002,1.0759444,ZKSCAN4,MEF,PAX5,"Paired,Homeobox"
65,1,-0.19612858,-0.146989,-1.5340126,ADAMTSL2,MEF,USF2,bHLH
2024,0,-0.011590093,-0.22249272,2.971623,NPL,LMC,GATA3,Zf
405,1,-0.29360482,-0.13941021,-3.28911,CCDC88B,MEF,TCF12,bHLH
2208,1,-0.07449697,-0.25159925,-2.939009,PIEZO2,MEF,CTCF,Zf
2416,0,-0.17150766,-0.17150766,-2.3170738,RAB27A,LMC,TEAD4,TEA
2159,1,-0.46165287,-0.4067228,-3.5044124,PCSK9,MEF,CUX1,Homeobox
173,0,-0.37698567,-0.4067228,4.209049,AQP5,LMC,PBX3,Homeobox
260,0,0.08411567,-0.24550179,1.4503692,B4GALNT2,LMC,BACH1,bZIP
1254,0,-0.66942716,-0.22810093,3.3951533,GPR34,LMC,BATF,bZIP
2167,0,-0.21301334,-0.25187832,-1.4760718,PDE4A,LMC,E2F4,E2F
2191,1,-0.29687634,-0.29687634,-1.1248902,PFKFB3,MEF,PAX5,"Paired,Homeobox"
1891,0,-0.8875255,-0.25471953,-1.2805142,MTHFD1L,LMC,BATF,bZIP
2192,1,-0.21459776,-0.24333258,-1.0880144,PFKFB4,MEF,MAZ,Zf
2195,0,-0.0005437653,-0.1342841,1.3882145,PGAP1,LMC,USF1,bHLH
1933,0,-0.3375485,-0.1342841,-1.0543683,NAALAD2,LMC,TCF12,bHLH
964,0,-0.21459776,-0.24333258,-1.1809063,FAM109B,LMC,MAZ,Zf
1373,1,-0.0065755714,-0.1342841,3.2848103,HOXC13,MEF,MYOG,bHLH
2949,0,-0.20953742,-0.22249272,1.3909388,TCFL5,LMC,MAZ,Zf
3058,1,-0.38490406,-0.38490406,-2.989665,TNFRSF11A,MEF,PAX5,"Paired,Homeobox"
2555,1,-0.13149443,-0.22249272,2.0139127,RUNDC3B,MEF,SP1,Zf
1806,1,-0.3705123,-0.25471953,2.2327807,MEIOB,MEF,FOSL2,bZIP
606,1,0.041926194,-0.24283965,1.5473211,COL10A1,MEF,GATA3,Zf
1545,0,-0.29360482,-0.13941021,2.3089058,KCNJ11,LMC,TCF12,bHLH
1096,0,-0.1826178,-0.24450046,-1.9257618,FOXC2,LMC,SP1,Zf
2417,0,-0.08568381,-0.24450046,1.1701922,RAB27B,LMC,MAZ,Zf
111,1,-0.0017048104,-0.121736646,-1.2785339,ALDH1A3,MEF,MYOG,bHLH
2949,0,-0.44168723,-0.24550179,1.3909388,TCFL5,LMC,FOS,bZIP
957,0,0.018755239,0.02968777,-1.2934484,FADS2,LMC,RFX5,HTH
1595,1,-0.44168723,-0.24550179,1.9454163,KLHL30,MEF,FOS,bZIP
463,0,0.06421617,-0.24450046,2.0748477,CD93,LMC,CTCF,Zf
2306,1,-0.16561359,-0.22810093,4.0936995,PPFIA2,MEF,JUND,bZIP
1552,0,-0.21301334,-0.25187832,-1.455688,KCNK2,LMC,E2F4,E2F
3213,0,-0.36550322,-0.47267562,1.9761044,WDFY4,LMC,PBX3,Homeobox
3200,1,-0.74316007,-0.3794154,1.1224438,VMA21,MEF,IRF3,IRF
557,0,0.023197008,-0.146989,-1.4300829,CHTF18,LMC,USF1,bHLH
856,0,-0.192465,-0.27780795,-1.1511953,EFCAB11,LMC,ATF3,bZIP
1681,1,-0.21301334,-0.25187832,-1.4697692,LPAR2,MEF,E2F4,E2F
2472,1,-0.19842377,-0.50137913,-2.984346,RBM47,MEF,NANOG,Homeobox
2518,0,-0.21301334,-0.25187832,1.1219213,RNF144B,LMC,E2F4,E2F
1098,1,-0.8933479,-0.52757335,-2.0462456,FOXD2,MEF,CUX1,Homeobox
2049,1,-0.36259097,-0.38195667,2.1479084,NTF3,MEF,ELF1,ETS
2716,1,0.016311714,0.00623205,-1.5039499,SLC25A45,MEF,RFX5,HTH
2513,1,-0.91791576,-0.29509667,-2.5254805,RNASE10,MEF,BATF,bZIP
1270,0,-0.3058912,-0.24283965,-1.1564192,GPX7,LMC,YY1,Zf
3133,1,-0.17513762,-0.146989,2.3234284,TTC18,MEF,BHLHE40,bHLH
2543,0,-0.29979625,-0.24283965,2.2870114,RSAD2,LMC,GATA1,Zf
565,1,-0.37601265,-0.39942494,-1.2009269,CKS1B,MEF,ELF1,ETS
808,1,-0.2849582,-0.2849582,2.3564422,DPYD,MEF,EBF1,EBF
243,1,-0.0013588448,-0.24283965,-2.5469716,ATP6V0A4,MEF,CTCF,Zf
241,1,-0.21342848,-0.28884968,1.1553295,ATP1B2,MEF,E2F6,E2F
1773,1,-0.1826178,-0.24450046,-1.0550821,MAST1,MEF,SP1,Zf
1872,0,-0.23244992,-0.52757335,-1.7728605,MRC2,LMC,PBX3,Homeobox
3245,0,-0.10369535,-0.10008492,1.1004534,YPEL2,LMC,BHLHE40,bHLH
1572,1,-0.21918109,-0.21918109,1.4070278,KIF21A,MEF,TCF3,HMG
267,0,-0.058015816,-0.18281521,1.9370828,BAI2,LMC,STAT3,Stat
1329,1,-0.3705123,-0.25471953,-3.297333,HHEX,MEF,FOSL2,bZIP
2569,0,-0.18621291,-0.24333258,-1.6417769,SAMD14,LMC,YY1,Zf
1675,1,-0.2859068,-0.146989,1.4106392,LNX1,MEF,TCF12,bHLH
3022,1,-0.38059002,-0.38059002,-1.151225,TMEM173,MEF,PAX5,"Paired,Homeobox"
2837,0,-0.011590093,-0.22249272,1.6261545,SPINT2,LMC,GATA3,Zf
850,1,-0.15812221,-0.22249272,2.0852404,EDIL3,MEF,YY1,Zf
128,0,-0.3610153,-0.22249272,1.1151143,AMIGO2,LMC,EGR1,Zf
422,1,-0.19239004,-0.26135686,-3.7557342,CCNB2,MEF,E2F4,E2F
878,1,-0.038338926,-0.10008492,1.8530328,ELFN1,MEF,MYOG,bHLH
2781,1,-0.40533945,-0.39005762,-3.9182653,SMOC2,MEF,GABPA,ETS
1459,1,-0.33296144,-0.24550179,-7.4435463,IL7R,MEF,MAFK,bZIP
2745,0,-0.40787458,-0.3917693,1.9025482,SLC43A2,LMC,GABPA,ETS
514,1,0.016311714,0.00623205,-2.238638,CENPI,MEF,RFX5,HTH
973,1,-0.18398622,-0.29509667,1.8486272,FAM155A,MEF,ATF3,bZIP
2525,1,-0.18621291,-0.24333258,5.234823,RNF39,MEF,YY1,Zf
24,1,-0.4649995,-0.41931188,2.1553288,ACE,MEF,GABPA,ETS
2623,1,-0.26737517,-0.25159925,1.5207373,SERPINB8,MEF,ZKSCAN1,Zf
185,1,-0.4733331,-0.39005762,1.0304741,ARHGAP29,MEF,ELK1,ETS
2323,1,-0.46016192,-0.24450046,-2.6390612,PRC1,MEF,EGR1,Zf
1096,0,-0.20953742,-0.22249272,-1.9257618,FOXC2,LMC,MAZ,Zf
491,0,-0.29687634,-0.29687634,-1.1883136,CDK5R1,LMC,PAX5,"Paired,Homeobox"
2349,0,-0.30779734,-0.3917693,-1.1556536,PRRT2,LMC,ETS1,ETS
3183,0,-0.37776268,-0.37776268,1.3692124,USP53,LMC,TCF3,HMG
2033,0,-0.2727483,-0.2712014,-1.9519585,NR2F1,LMC,E2F6,E2F
1017,1,-0.40787458,-0.3917693,-1.9749366,FANCI,MEF,GABPA,ETS
1588,0,-0.45392957,-0.28884968,-2.5663316,KLF12,LMC,E2F1,E2F
1763,1,-0.36049217,-0.22810093,-1.1248577,MAP4K1,MEF,FOS,bZIP
1669,1,-0.56344664,-0.2712014,-2.0333745,LMNB1,MEF,E2F1,E2F
2603,1,0.22652079,-0.2053601,1.0266249,SEC61G,MEF,FOXA1,Forkhead
3031,0,-0.2300118,-0.25159925,-1.2062052,TMEM220,LMC,MAZ,Zf
2025,0,-0.21907748,-0.27780795,2.536726,NPR1,LMC,JUND,bZIP
659,0,-0.15812221,-0.22249272,1.5512286,CRYAB,LMC,YY1,Zf
2816,1,-0.30776003,-0.24450046,-4.212423,SP110,MEF,ZNF263,Zf
3030,1,-0.38490406,-0.38490406,2.6028037,TMEM200C,MEF,PAX5,"Paired,Homeobox"
2481,1,-0.32442823,-0.39942494,1.3701171,REC8,MEF,ELK1,ETS
860,1,-0.08106524,-0.08106524,2.1151733,EFHD1,MEF,TEAD4,TEA
3206,0,-0.29360482,-0.13941021,-1.9135524,VWA1,LMC,TCF12,bHLH
62,1,-0.35318726,-0.41931188,-1.7437918,ADAMTS6,MEF,ELK1,ETS
2774,1,-0.28121933,-0.25159925,5.1099186,SLITRK6,MEF,SP1,Zf
406,1,-0.25165793,-0.0023815737,-1.2927687,CCDC88C,MEF,MEF2A,MADS
1491,0,-0.21180408,-0.039668236,-1.1370951,ITGA5,LMC,MYB,HTH
3164,1,-0.25007766,-0.37009746,1.1585988,UBXN11,MEF,IRF1,IRF
2953,0,0.018755239,0.02968777,1.3918668,TECPR1,LMC,RFX5,HTH
781,1,-0.2064243,-0.25159925,-1.7769861,DNAH6,MEF,YY1,Zf
2048,0,-0.16561359,-0.22810093,1.6435283,NT5E,LMC,JUND,bZIP
2302,1,-0.45963168,-0.45963168,1.1818852,PPAPDC3,MEF,TCF3,HMG
1827,1,-0.2678836,-0.24283965,-1.5507092,MIAT,MEF,SP1,Zf
2472,1,0.028543921,-0.29509667,-2.984346,RBM47,MEF,BACH1,bZIP
927,0,0.21614419,-0.17782252,2.8551106,ESYT3,LMC,FOXA1,Forkhead
749,1,-0.26188308,-0.27780795,-2.568223,DEPDC1B,MEF,FOSL2,bZIP
2716,1,-0.62452394,-0.4713425,-1.5039499,SLC25A45,MEF,IRF4,IRF
2997,1,-0.38071528,-0.24283965,-1.2257801,TLR5,MEF,ZNF263,Zf
1171,1,-0.22736193,-0.22736193,-2.000288,GDF10,MEF,HNF4A,NR
1862,1,-0.42519194,-0.24333258,1.1564282,MORN2,MEF,GATA1,Zf
1535,0,-0.40605056,-0.25471953,-1.325946,KCND1,LMC,ATF2,bZIP
4,0,-0.2300118,-0.25159925,1.3053162,AATK,LMC,MAZ,Zf
1598,1,0.011842721,-0.21953267,3.3973646,KLHL40,MEF,FOXA1,Forkhead
1468,1,-0.058015816,-0.18281521,3.66333,INSC,MEF,STAT3,Stat
1699,0,-0.30779734,-0.3917693,3.4313452,LRRC2,LMC,ETS1,ETS
1444,0,-0.15812221,-0.22249272,1.291219,IL18,LMC,YY1,Zf
1124,1,-0.4649995,-0.41931188,1.2403598,FUNDC1,MEF,GABPA,ETS
839,0,-0.14976743,-0.22810093,-1.8998702,EBF1,LMC,FOSL2,bZIP
582,0,-0.30003953,-0.30003953,1.3879285,CLN3,LMC,NRF1,NRF
1920,1,-0.011590093,-0.22249272,-2.363597,MYO1B,MEF,GATA3,Zf
2294,0,-0.15054174,-0.24450046,1.6175095,POPDC3,LMC,GATA3,Zf
211,0,-0.120565586,-0.1342841,1.5333622,ARRB2,LMC,MAX,bHLH
833,1,-0.9526392,-0.4653868,1.3486774,DZANK1,MEF,IRF3,IRF
2125,0,-0.2507436,-0.25159925,1.6744419,PARP14,LMC,ZEB1,Zf
1617,0,-0.35806254,-0.38195667,1.5315919,LAMA3,LMC,ETS1,ETS
2284,0,-0.4649995,-0.41931188,1.3532875,PNPLA7,LMC,GABPA,ETS
2321,0,-0.21459776,-0.24333258,-2.1748042,PPP4R4,LMC,MAZ,Zf
3100,0,-0.0013588448,-0.24283965,2.8592374,TRH,LMC,CTCF,Zf
3250,0,-0.19612858,-0.146989,-2.442775,ZC3HAV1L,LMC,USF2,bHLH
2710,0,-0.64209527,-0.1980394,1.8738929,SLC22A4,LMC,STAT1,Stat
1655,1,-0.17407607,-0.121736646,-1.4939244,LIG1,MEF,MAX,bHLH
1763,1,-0.48813832,-0.3794154,-1.1248577,MAP4K1,MEF,IRF4,IRF
2087,0,-0.24165441,-0.29509667,1.5545127,OPCML,LMC,JUND,bZIP
2022,1,-0.08106524,-0.08106524,3.6291974,NPBWR1,MEF,TEAD4,TEA
2345,0,-0.049117733,-0.13941021,2.2877603,PRR15L,LMC,MAX,bHLH
638,0,-0.38057798,-0.24450046,-1.236495,CPED1,LMC,GATA1,Zf
1230,0,-0.038338926,-0.10008492,-2.8918445,GPER1,LMC,MYOG,bHLH
384,0,-0.21342848,-0.28884968,-1.1740912,CCDC116,LMC,E2F6,E2F
473,1,-0.3375485,-0.1342841,-1.8354515,CDCA2,MEF,TCF12,bHLH
1219,1,-0.46846294,-0.46846294,-2.168562,GNGT2,MEF,TCF3,HMG
803,1,-0.3076643,-0.4621776,1.2223613,DPM1,MEF,IRF1,IRF
2935,0,-0.3341544,-0.39005762,-1.1207796,TARSL2,LMC,ELF1,ETS
1662,0,0.22652079,-0.2053601,-1.7920642,LIN7A,LMC,FOXA1,Forkhead
1222,0,-0.17407607,-0.121736646,4.210231,GOT1L1,LMC,MAX,bHLH
1475,1,-0.08974322,-0.146989,-2.8389897,IRF5,MEF,MAX,bHLH
1957,0,-0.36812532,-0.36812532,-1.6446601,NDC80,LMC,NRF1,NRF
1982,0,-0.056725405,-0.121736646,1.525791,NFATC2,LMC,BHLHE40,bHLH
2880,0,-0.19612858,-0.146989,1.6237278,STEAP4,LMC,USF2,bHLH
44,1,-0.07449697,-0.25159925,1.5725946,ACY3,MEF,CTCF,Zf
375,1,0.028543921,-0.29509667,1.0318768,CATSPERD,MEF,BACH1,bZIP
1730,1,-0.32442823,-0.39942494,-4.433676,LYL1,MEF,ELK1,ETS
2420,1,0.041926194,-0.24283965,1.419062,RAB37,MEF,GATA3,Zf
2526,1,-0.3430542,-0.3430542,1.9402771,RNF43,MEF,PAX5,"Paired,Homeobox"
2562,0,-0.3610153,-0.22249272,2.5597765,S100A8,LMC,EGR1,Zf
98,1,-0.120565586,-0.1342841,-4.5229435,AIF1,MEF,MAX,bHLH
2311,0,-0.28616667,-0.25693348,2.419608,PPM1N,LMC,E2F6,E2F
926,1,-0.20776576,-0.20776576,-1.3294209,ESYT1,MEF,EBF1,EBF
3138,0,0.21614419,-0.17782252,-1.6865426,TTLL11,LMC,FOXA1,Forkhead
1323,0,-0.29414836,-0.26135686,1.1139588,HEG1,LMC,E2F6,E2F
2763,0,-0.60550106,-0.24450046,-1.3758038,SLC9A5,LMC,SP2,Zf
3203,1,-0.10505258,-0.1342841,-1.4983215,VSIG10L,MEF,BHLHE40,bHLH
214,0,-0.29414836,-0.26135686,-1.316177,ARSI,LMC,E2F6,E2F
3074,1,-0.120565586,-0.1342841,1.9111053,TNS4,MEF,MAX,bHLH
1571,1,-0.42519194,-0.24333258,-2.078099,KIF20B,MEF,GATA1,Zf
2782,0,-0.6928834,-0.10944186,1.4552834,SMPD3,LMC,FOXM1,Forkhead
2109,0,-0.07763662,-0.20371658,-1.8177229,PACSIN3,LMC,FOXA2,Forkhead
33,0,-0.2727483,-0.2712014,-1.134941,ACSL3,LMC,E2F6,E2F
2542,0,-0.3569094,-0.25159925,-1.5441597,RRM2,LMC,ZNF263,Zf
2221,1,0.03116794,-0.22249272,-1.7527089,PIWIL4,MEF,CTCF,Zf
2773,0,-0.28616667,-0.25693348,-1.3000776,SLITRK5,LMC,E2F6,E2F
2177,0,-0.15019357,-0.27780795,-1.0390031,PDIA5,LMC,MAFF,bZIP
2339,0,-0.17513762,-0.146989,1.323295,PROCR,LMC,BHLHE40,bHLH
1264,1,-0.17150766,-0.17150766,-1.7467262,GPR88,MEF,TEAD4,TEA
233,0,-0.26816452,-0.121736646,1.1636925,ATF6,LMC,TCF12,bHLH
2773,1,-0.32442823,-0.39942494,3.0316215,SLITRK5,MEF,ELK1,ETS
2343,1,-0.58496386,-0.4621776,-2.244646,PRR11,MEF,IRF4,IRF
345,1,-0.3569094,-0.25159925,3.2806952,CACNA2D3,MEF,ZNF263,Zf
2114,1,-0.17513762,-0.146989,1.6493459,PAK6,MEF,BHLHE40,bHLH
1586,0,-0.0013588448,-0.24283965,-1.0530518,KISS1R,LMC,CTCF,Zf
125,1,-0.440717,-0.25471953,1.0675509,AMD1,MEF,MAFK,bZIP
605,0,-0.44224238,-0.29509667,-1.0798401,CNTROB,LMC,MAFK,bZIP
1648,0,-0.36550322,-0.47267562,1.3943249,LGMN,LMC,PBX3,Homeobox
2340,1,-0.18398622,-0.29509667,-2.842444,PROKR1,MEF,ATF3,bZIP
2251,0,-0.25165793,-0.0023815737,-2.0370564,PLEKHG4,LMC,MEF2A,MADS
2258,1,-0.065101475,-0.08148018,1.1191164,PLIN5,MEF,RFX5,HTH
2920,1,-0.21301334,-0.25187832,2.0846374,SYT7,MEF,E2F4,E2F
2112,0,-0.26188308,-0.27780795,2.4658735,PADI3,LMC,FOSL2,bZIP
2626,1,-0.3070402,-0.24450046,3.1389117,SERPINE2,MEF,YY1,Zf
1486,0,-0.3773888,-0.18281521,1.3292,ISYNA1,LMC,STAT1,Stat
2024,0,-0.09351536,-0.24313685,2.971623,NPL,LMC,STAT3,Stat
1264,0,-0.17150766,-0.17150766,1.8109362,GPR88,LMC,TEAD4,TEA
3187,1,-0.21459776,-0.24333258,-1.1646138,VASH2,MEF,MAZ,Zf
357,1,-0.16561359,-0.22810093,1.1438292,CAMK2N1,MEF,JUND,bZIP
2988,1,-0.15054174,-0.24450046,2.4701684,TIPARP,MEF,GATA3,Zf
386,1,-0.056725405,-0.121736646,1.0238707,CCDC122,MEF,BHLHE40,bHLH
1777,0,-0.058015816,-0.18281521,-2.3094268,MATN2,LMC,STAT3,Stat
1839,1,-0.29979625,-0.24283965,2.8964772,MLPH,MEF,GATA1,Zf
927,1,-0.056725405,-0.121736646,1.4039664,ESYT3,MEF,BHLHE40,bHLH
2926,0,-0.65735245,-0.17782252,-1.580135,SYTL5,LMC,FOXM1,Forkhead
1995,1,-0.40533945,-0.39005762,-1.798627,NKAIN3,MEF,GABPA,ETS
897,0,-0.08568381,-0.24450046,2.0287762,ENPP2,LMC,MAZ,Zf
3191,1,-0.009364229,-0.17137949,-1.0900517,VAV2,MEF,STAT3,Stat
2769,0,-0.0061152284,-0.10008492,2.0982068,SLFN5,LMC,USF1,bHLH
3112,0,-0.33296144,-0.24550179,-1.0263593,TRNP1,LMC,MAFK,bZIP
3064,1,-0.7695519,-0.25159925,3.4958272,TNFSF15,MEF,ZBTB33,Zf
496,1,-0.36645967,-0.22249272,-2.2888286,CDKN3,MEF,ZEB1,Zf
954,0,-0.66942716,-0.22810093,1.3474227,FABP3,LMC,BATF,bZIP
788,0,-0.29687634,-0.29687634,1.1742103,DNASE1L1,LMC,PAX5,"Paired,Homeobox"
753,1,-0.21907748,-0.27780795,1.0354224,DGKI,MEF,JUND,bZIP
1780,0,-0.20454665,-0.20454665,-1.1029267,MBOAT2,LMC,TEAD4,TEA
1863,1,-0.76012087,-0.50137913,1.3866092,MORN4,MEF,CUX1,Homeobox
2376,1,-0.28121933,-0.25159925,-2.6624255,PTGIS,MEF,SP1,Zf
2451,0,-0.51308286,-0.25693348,-1.7096163,RARRES1,LMC,E2F1,E2F
2910,1,-0.049117733,-0.13941021,1.1843606,SYN2,MEF,MAX,bHLH
1633,1,-0.33058694,-0.3917693,3.5806227,LCTL,MEF,ELF1,ETS
961,1,-0.17407607,-0.121736646,3.610968,FAIM2,MEF,MAX,bHLH
1324,1,-0.45038855,-0.39942494,1.8036673,HEPH,MEF,GABPA,ETS
762,0,-0.3070402,-0.24450046,1.0946444,DLEU2,LMC,YY1,Zf
3005,0,-0.36049217,-0.22810093,-1.1154159,TMC7,LMC,FOS,bZIP
1902,1,-0.17150766,-0.17150766,-1.6592023,MYBL2,MEF,TEAD4,TEA
900,1,-0.3610153,-0.22249272,1.4426994,ENPP5,MEF,EGR1,Zf
792,1,-0.37776268,-0.37776268,-1.1671683,DNMT1,MEF,TCF3,HMG
2047,0,-0.29360482,-0.13941021,-1.497863,NT5DC2,LMC,TCF12,bHLH
1848,1,-0.17407607,-0.121736646,1.589201,MMP15,MEF,MAX,bHLH
1665,0,-0.3933147,-0.24283965,1.4596416,LIPA,LMC,ZKSCAN1,Zf
2608,0,-0.20916343,-0.20916343,-1.204405,SEMA3C,LMC,NRF1,NRF
927,1,-0.36812532,-0.36812532,1.4039664,ESYT3,MEF,NRF1,NRF
3038,1,0.028543921,-0.29509667,-1.1186216,TMEM26,MEF,BACH1,bZIP
2963,1,-0.33058694,-0.3917693,1.4439334,TFCP2L1,MEF,ELF1,ETS
2558,1,-0.07449697,-0.25159925,2.0936568,RXRG,MEF,CTCF,Zf
222,0,-0.03437175,-0.039668236,-2.4331834,ASB2,LMC,RFX5,HTH
103,0,-0.29414836,-0.26135686,-1.3047225,AKAP12,LMC,E2F6,E2F
2211,0,-0.17407607,-0.121736646,-1.2130578,PIK3C2B,LMC,MAX,bHLH
1183,1,-0.30779734,-0.3917693,1.5125006,GGH,MEF,ETS1,ETS
2807,0,-0.17513762,-0.146989,1.3982675,SORL1,LMC,BHLHE40,bHLH
1612,1,-0.3869897,-0.39942494,-1.2025015,KYNU,MEF,ETS1,ETS
2589,1,-0.2300118,-0.25159925,2.0218883,SCN4B,MEF,MAZ,Zf
364,1,-0.71902657,-0.24550179,1.1463557,CAPS2,MEF,BATF,bZIP
253,1,-0.34099022,-0.38195667,-1.4933237,AXDND1,MEF,ELK1,ETS
2933,1,-0.2548157,-0.22810093,-1.9559231,TAGLN2,MEF,MAFF,bZIP
1774,1,-0.18398622,-0.29509667,-1.0934879,MAST3,MEF,ATF3,bZIP
648,1,-0.1826178,-0.24450046,1.092964,CREBL2,MEF,SP1,Zf
3268,1,-0.3076643,-0.4621776,-1.4214575,ZYX,MEF,IRF1,IRF
2290,1,0.011842721,-0.21953267,-2.1355774,POLE,MEF,FOXA1,Forkhead
1515,0,-0.3439605,-0.3439605,1.2330387,JPH1,LMC,NRF1,NRF
1486,1,-0.2859068,-0.146989,-1.1396953,ISYNA1,MEF,TCF12,bHLH
295,0,-0.6928834,-0.10944186,-1.6202104,BIRC5,LMC,FOXM1,Forkhead
1806,1,-0.40533945,-0.39005762,2.2327807,MEIOB,MEF,GABPA,ETS
407,1,-0.07763662,-0.20371658,1.0351427,CCDC90B,MEF,FOXA2,Forkhead
1373,1,-0.18911669,-0.17782252,3.2848103,HOXC13,MEF,FOXA2,Forkhead
1097,1,-0.43345997,-0.22249272,-2.7767472,FOXD1,MEF,ZNF263,Zf
1049,0,-0.22240412,-0.10008492,-2.3444386,FGF10,LMC,TCF12,bHLH
728,0,-0.07763662,-0.20371658,-1.0895112,DCBLD1,LMC,FOXA2,Forkhead
1074,1,-0.46165287,-0.4067228,-2.1304154,FKBP5,MEF,CUX1,Homeobox
2641,1,-0.22240412,-0.10008492,-1.5156106,SGOL2,MEF,TCF12,bHLH
3069,1,-0.065101475,-0.08148018,-2.5900114,TNNI2,MEF,RFX5,HTH
1568,1,-0.0005437653,-0.1342841,-2.5758445,KIF15,MEF,USF1,bHLH
2134,1,0.08411567,-0.24550179,2.393178,PCDH10,MEF,BACH1,bZIP
177,1,-0.0017048104,-0.121736646,-1.7432985,AREG,MEF,MYOG,bHLH
525,1,-0.33639127,-0.4713425,-2.4336228,CEP55,MEF,IRF1,IRF
392,0,-0.41913924,-0.24333258,-1.5992931,CCDC18,LMC,ZBTB33,Zf
2291,1,-0.065101475,-0.08148018,-1.9969735,POLE2,MEF,RFX5,HTH
2886,1,-0.15019357,-0.27780795,1.354127,STK38L,MEF,MAFF,bZIP
2965,1,-0.07449697,-0.25159925,-1.7823138,TFPI,MEF,CTCF,Zf
3127,1,-0.33058694,-0.3917693,-1.2504169,TSPAN14,MEF,ELF1,ETS
1677,0,-0.21301334,-0.25187832,1.93562,LONRF3,LMC,E2F4,E2F
2980,1,-0.2849582,-0.2849582,1.0738952,TIAM2,MEF,EBF1,EBF
794,0,-0.9852809,-0.65067613,1.9015518,DOCK2,LMC,MEF2A,MADS
2886,1,-0.0017048104,-0.121736646,1.354127,STK38L,MEF,MYOG,bHLH
2020,1,-0.25165793,-0.0023815737,-1.9587115,NPAS2,MEF,MEF2A,MADS
1151,0,-0.5313326,-0.24450046,1.1953743,GAS6,LMC,ZKSCAN1,Zf
1914,1,-0.21437913,-0.2712014,-2.1130252,MYLK,MEF,E2F4,E2F
1015,1,-0.65735245,-0.17782252,-2.369543,FANCA,MEF,FOXM1,Forkhead
2439,1,-0.4776695,-0.22249272,-1.1696179,RALGPS2,MEF,ZKSCAN1,Zf
1699,0,-0.21342848,-0.28884968,3.4313452,LRRC2,LMC,E2F6,E2F
484,1,-0.21907748,-0.27780795,-1.72285,CDH24,MEF,JUND,bZIP
1098,1,-0.1666823,-0.13941021,-2.0462456,FOXD2,MEF,USF2,bHLH
2817,0,-0.40787458,-0.3917693,1.6528256,SP140,LMC,GABPA,ETS
932,1,-0.17513762,-0.146989,1.3056546,EVA1C,MEF,BHLHE40,bHLH
2171,0,-0.46016192,-0.24450046,-2.4464417,PDE9A,LMC,EGR1,Zf
2982,1,-0.17513762,-0.146989,-2.3347836,TICRR,MEF,BHLHE40,bHLH
2035,1,-0.0317704,-0.39942494,1.1484754,NR4A2,MEF,ELK4,ETS
2837,0,0.041926194,-0.24283965,1.6261545,SPINT2,LMC,GATA3,Zf
1970,1,-0.120565586,-0.1342841,-2.2655962,NEK2,MEF,MAX,bHLH
1774,1,-0.20776576,-0.20776576,-1.0934879,MAST3,MEF,EBF1,EBF
2262,1,-0.21459776,-0.24333258,1.3611525,PLLP,MEF,MAZ,Zf
2956,1,-0.22746871,-0.25187832,-1.2447736,TERT,MEF,E2F6,E2F
2250,1,0.028543921,-0.29509667,-1.2923962,PLEKHG3,MEF,BACH1,bZIP
1805,1,-0.3610153,-0.22249272,2.5338821,MEIG1,MEF,EGR1,Zf
770,0,-0.20953742,-0.22249272,2.0457118,DMC1,LMC,MAZ,Zf
501,1,-0.1607576,-0.24283965,-1.5413414,CDT1,MEF,MAZ,Zf
809,0,-0.22746871,-0.25187832,-2.3870754,DPYSL3,LMC,E2F6,E2F
264,1,-0.43756613,-0.41931188,-1.1277707,B4GALT5,MEF,ETS1,ETS
517,0,-0.33058694,-0.3917693,-1.3688151,CENPN,LMC,ELF1,ETS
1395,1,-0.22746871,-0.25187832,1.0437326,HSD17B1,MEF,E2F6,E2F
2319,1,-0.3375485,-0.1342841,2.1115367,PPP1R9A,MEF,TCF12,bHLH
1478,0,-0.14989896,-0.14989896,2.1776562,IRF8,LMC,TEAD4,TEA
526,0,-0.39900714,-0.22249272,-1.5504444,CEP72,LMC,GATA1,Zf
1935,0,-0.3777494,-0.24283965,-1.2886287,NACAD,LMC,EGR1,Zf
2645,1,-0.058015816,-0.18281521,-1.7524849,SH2D4B,MEF,STAT3,Stat
2289,1,-0.42519194,-0.24333258,-1.1583761,POLD1,MEF,GATA1,Zf
3250,0,-0.10505258,-0.1342841,-2.442775,ZC3HAV1L,LMC,BHLHE40,bHLH
820,1,-0.3773888,-0.18281521,1.4989341,DTX1,MEF,STAT1,Stat
1943,1,-0.0017048104,-0.121736646,-1.5031216,NBEAL2,MEF,MYOG,bHLH
1904,1,-0.3777494,-0.24283965,-1.3234528,MYCL,MEF,EGR1,Zf
2203,0,-0.34370995,-0.24333258,-1.6145118,PHF19,LMC,EGR1,Zf
2424,1,-0.1689725,-0.13941021,-1.4369997,RAB3D,MEF,BHLHE40,bHLH
2462,0,-0.48430756,-0.24313685,1.1221547,RASSF2,LMC,STAT1,Stat
1083,1,-0.0013588448,-0.24283965,-4.7686763,FMO2,MEF,CTCF,Zf
571,1,-0.17513762,-0.146989,1.4271123,CLEC11A,MEF,BHLHE40,bHLH
593,1,-0.33296144,-0.24550179,2.740995,CNKSR1,MEF,MAFK,bZIP
368,1,-0.40533945,-0.39005762,1.3773782,CASKIN1,MEF,GABPA,ETS
2210,1,-0.1826178,-0.24450046,-7.7534785,PIK3AP1,MEF,SP1,Zf
2243,1,-0.45963168,-0.45963168,-6.5264955,PLD4,MEF,TCF3,HMG
2730,1,-0.5313326,-0.24450046,1.1102816,SLC30A4,MEF,ZKSCAN1,Zf
832,1,-0.20953742,-0.22249272,-1.027581,DYSF,MEF,MAZ,Zf
3020,0,-0.38071528,-0.24283965,4.339947,TMEM163,LMC,ZNF263,Zf
2116,1,-0.056725405,-0.121736646,1.2539239,PAM,MEF,BHLHE40,bHLH
384,0,-0.3341544,-0.39005762,-1.1740912,CCDC116,LMC,ELF1,ETS
1611,1,-0.33296144,-0.24550179,2.3295457,KRT80,MEF,MAFK,bZIP
1461,0,-0.39059436,-0.39059436,-1.271162,IMPDH1,LMC,HNF4A,NR
179,1,-0.25165793,-0.0023815737,-2.858247,ARHGAP15,MEF,MEF2A,MADS
1808,0,-0.23244992,-0.52757335,-1.8211592,MELK,LMC,PBX3,Homeobox
2779,1,-0.33058694,-0.3917693,1.101585,SMIM8,MEF,ELF1,ETS
1588,0,-0.45038855,-0.39942494,-2.5663316,KLF12,LMC,GABPA,ETS
1887,1,-0.36259097,-0.38195667,3.0120192,MSX1,MEF,ELF1,ETS
1570,0,-0.065101475,-0.08148018,-2.109007,KIF20A,LMC,RFX5,HTH
2023,1,-0.3430542,-0.3430542,-1.3435223,NPEPL1,MEF,PAX5,"Paired,Homeobox"
1081,0,-0.42519194,-0.24333258,2.2831764,FMNL1,LMC,GATA1,Zf
895,0,-0.2548157,-0.22810093,-2.741761,ENO3,LMC,MAFF,bZIP
3220,1,-0.21907748,-0.27780795,-1.2829525,WIPF1,MEF,JUND,bZIP
786,1,-0.08974322,-0.146989,3.1105778,DNAJC6,MEF,MAX,bHLH
1387,1,-0.12554857,-0.24550179,-2.4417093,HPSE,MEF,JUND,bZIP
2349,1,-0.30776003,-0.24450046,-2.0119624,PRRT2,MEF,ZNF263,Zf
480,0,-0.1124492,-0.24333258,-1.8094324,CDH10,LMC,CTCF,Zf
998,1,-0.3341544,-0.39005762,-1.6308671,FAM46B,MEF,ELF1,ETS
1805,1,-0.33280078,-0.24333258,2.5338821,MEIG1,MEF,GATA2,Zf
452,1,0.07771543,-0.1980394,1.1053462,CD55,MEF,STAT3,Stat
1448,1,0.018755239,0.02968777,1.2898085,IL1B,MEF,RFX5,HTH
921,1,-0.35390377,-0.22810093,-2.3991766,ESCO2,MEF,ATF1,bZIP
2847,0,-0.07449697,-0.25159925,1.6670033,SPRY4,LMC,CTCF,Zf
2670,1,-0.13559982,-0.10008492,-3.2833223,SIM1,MEF,MAX,bHLH
601,1,-0.10369535,-0.10008492,-1.3648314,CNTFR,MEF,BHLHE40,bHLH
2248,1,-0.36550322,-0.47267562,1.6318849,PLEKHA7,MEF,PBX3,Homeobox
2034,1,0.018755239,0.02968777,1.6902243,NR3C2,MEF,RFX5,HTH
3250,0,-0.049117733,-0.13941021,-2.442775,ZC3HAV1L,LMC,MAX,bHLH
430,0,-0.33058694,-0.3917693,2.2504575,CCR5,LMC,ELF1,ETS
2626,1,-0.28899637,-0.29509667,3.1389117,SERPINE2,MEF,MAFF,bZIP
3047,0,-0.14724034,-0.14724034,-1.7841698,TMEM74,LMC,EBF1,EBF
1441,0,-0.3058912,-0.24283965,-1.9516912,IL17D,LMC,YY1,Zf
2743,0,-0.058015816,-0.18281521,1.4633803,SLC40A1,LMC,STAT3,Stat
1802,1,-0.64209527,-0.1980394,1.033383,MEF2A,MEF,STAT1,Stat
3201,1,-0.10505258,-0.1342841,-1.6059492,VMO1,MEF,BHLHE40,bHLH
1592,1,-0.1124492,-0.24333258,3.3742492,KLHDC7A,MEF,CTCF,Zf
1845,1,-0.16941127,-0.25471953,-5.0584183,MMP12,MEF,FOS,bZIP
2575,0,-0.01444126,-0.17255645,1.9569865,SASH3,LMC,STAT3,Stat
3160,0,-0.2300118,-0.25159925,-1.9747592,UBE2C,LMC,MAZ,Zf
2128,1,-0.440717,-0.25471953,-4.3498464,PARVG,MEF,MAFK,bZIP
2044,1,-0.29414836,-0.26135686,-2.1537676,NSG1,MEF,E2F6,E2F
1523,1,-0.3375485,-0.1342841,3.3590403,KCNA1,MEF,TCF12,bHLH
3056,0,-0.46165287,-0.4067228,1.8511443,TNFAIP8L2,LMC,CUX1,Homeobox
1948,1,-0.28121933,-0.25159925,-2.1928997,NCAPG2,MEF,SP1,Zf
2273,0,-0.2849582,-0.2849582,2.0984888,PLXNC1,LMC,EBF1,EBF
3257,0,-0.14724034,-0.14724034,1.0511478,ZFPM1,LMC,EBF1,EBF
1563,0,-0.0017048104,-0.121736646,-1.016507,KDELR3,LMC,MYOG,bHLH
2701,1,-0.0005437653,-0.1342841,1.6072477,SLC17A2,MEF,USF1,bHLH
222,1,-0.3058912,-0.24283965,-1.5726495,ASB2,MEF,YY1,Zf
2319,0,-0.45038855,-0.39942494,1.4068983,PPP1R9A,LMC,GABPA,ETS
2247,0,-0.18621291,-0.24333258,1.8848258,PLEKHA6,LMC,YY1,Zf
1422,0,-0.14989896,-0.14989896,1.7266241,IGFBP4,LMC,TEAD4,TEA
1923,1,-0.10827843,-0.121736646,-6.197118,MYO1G,MEF,USF2,bHLH
1728,1,-0.009410201,-0.10008492,-4.9488015,LY86,MEF,USF2,bHLH
1183,1,-0.4776695,-0.22249272,1.5125006,GGH,MEF,ZKSCAN1,Zf
2344,0,-0.0061152284,-0.10008492,2.3748279,PRR15,LMC,USF1,bHLH
25,1,-0.1689725,-0.13941021,3.1806698,ACHE,MEF,BHLHE40,bHLH
2816,1,-0.40533945,-0.39005762,-4.212423,SP110,MEF,GABPA,ETS
2128,0,-0.5315311,-0.5315311,1.8577458,PARVG,LMC,PAX5,"Paired,Homeobox"
1347,0,-0.10505258,-0.1342841,-2.0435047,HMMR,LMC,BHLHE40,bHLH
1485,1,-0.38071528,-0.24283965,1.4915516,ISM1,MEF,ZNF263,Zf
1065,1,-0.36550322,-0.47267562,-1.5797769,FHL2,MEF,PBX3,Homeobox
378,0,-0.34370995,-0.24333258,-1.082555,CBX2,LMC,EGR1,Zf
720,0,-0.17425032,-0.41931188,1.1883768,CYSTM1,LMC,ELK4,ETS
2969,0,0.08411567,-0.24550179,-1.3902878,TGFB1I1,LMC,BACH1,bZIP
2776,1,-0.14976743,-0.22810093,-4.6038027,SMAGP,MEF,FOSL2,bZIP
1625,1,-0.20776576,-0.20776576,2.403555,LARS2,MEF,EBF1,EBF
43,0,-0.07949572,-0.21953267,-1.0422277,ACY1,LMC,FOXA2,Forkhead
465,1,-0.42348737,-0.17137949,-2.799609,CDC20,MEF,STAT1,Stat
1082,1,-0.3430542,-0.3430542,1.0468322,FMNL2,MEF,PAX5,"Paired,Homeobox"
949,0,-0.1607576,-0.24283965,-1.0199808,F2RL1,LMC,MAZ,Zf
2941,1,-0.14989896,-0.14989896,7.077411,TBX4,MEF,TEAD4,TEA
467,0,-1.2819929,-0.38195667,-1.810972,CDC25C,LMC,FLI1,ETS
1271,0,-0.08106524,-0.08106524,-2.1776073,GRAMD2,LMC,TEAD4,TEA
2727,0,-0.17407607,-0.121736646,-3.1119766,SLC2A4,LMC,MAX,bHLH
754,1,-0.11649651,-0.25471953,-1.3119396,DGKK,MEF,JUND,bZIP
2262,1,-0.24165441,-0.29509667,1.3611525,PLLP,MEF,JUND,bZIP
2996,0,-0.44224238,-0.29509667,1.1161342,TLR4,LMC,MAFK,bZIP
478,1,-0.30003953,-0.30003953,-1.505004,CDCA8,MEF,NRF1,NRF
482,1,-0.37527534,-0.37527534,2.0275156,CDH17,MEF,NRF1,NRF
581,1,0.06421617,-0.24450046,-2.508261,CLMP,MEF,CTCF,Zf
714,1,-0.22240412,-0.10008492,5.836115,CYP1A1,MEF,TCF12,bHLH
1736,1,-0.27070102,-0.24450046,-1.7815548,LYVE1,MEF,GATA2,Zf
1670,0,-0.21342848,-0.28884968,-2.101804,LMO1,LMC,E2F6,E2F
1087,1,-0.45038855,-0.39942494,1.1361747,FNDC3A,MEF,GABPA,ETS
2823,0,-0.7844056,-0.2053601,-1.7413466,SPAG5,LMC,FOXM1,Forkhead
519,0,0.06421617,-0.24450046,-1.145698,CENPQ,LMC,CTCF,Zf
908,0,-0.46016192,-0.24450046,-1.2161773,EPHB2,LMC,EGR1,Zf
1753,1,-0.34278938,-0.41931188,-1.175975,MANBA,MEF,ELF1,ETS
1442,1,-0.1124492,-0.24333258,3.6092079,IL17RB,MEF,CTCF,Zf
2677,0,-0.15019357,-0.27780795,-1.2792745,SKA3,LMC,MAFF,bZIP
1604,1,-0.0005437653,-0.1342841,-2.5368693,KNSTRN,MEF,USF1,bHLH
291,1,-0.28899637,-0.29509667,1.8680252,BHLHA15,MEF,MAFF,bZIP
2298,1,-0.2808588,-0.24283965,2.2457073,POU4F1,MEF,ZEB1,Zf
247,0,-0.2470073,-0.39005762,1.0520605,ATP8A1,LMC,ETS1,ETS
810,1,-0.056725405,-0.121736646,1.0992905,DPYSL4,MEF,BHLHE40,bHLH
2209,1,-0.3430542,-0.3430542,-3.76138,PIF1,MEF,PAX5,"Paired,Homeobox"
1740,1,-0.13559982,-0.10008492,3.3150687,MAB21L1,MEF,MAX,bHLH
2818,1,-0.15764365,-0.14792581,-2.0819426,SP3,MEF,RFX5,HTH
3028,1,-0.24165441,-0.29509667,-1.0065502,TMEM191C,MEF,JUND,bZIP
1778,1,-0.011590093,-0.22249272,-2.735698,MATN3,MEF,GATA3,Zf
883,0,-0.15812221,-0.22249272,-1.7784133,ELOVL6,LMC,YY1,Zf
2541,1,-0.7844056,-0.2053601,-1.4664801,RRM1,MEF,FOXM1,Forkhead
2112,0,-0.009364229,-0.17137949,2.4658735,PADI3,LMC,STAT3,Stat
2573,1,-0.40533945,-0.39005762,-1.0807701,SAP25,MEF,GABPA,ETS
1545,0,-0.36645967,-0.22249272,2.3089058,KCNJ11,LMC,ZEB1,Zf
1882,1,-0.3777494,-0.24283965,5.0510955,MSLN,MEF,EGR1,Zf
2412,1,-0.38057798,-0.24450046,-2.1315699,RAB19,MEF,GATA1,Zf
556,1,-0.19239004,-0.26135686,-1.3128588,CHSY3,MEF,E2F4,E2F
2354,0,-0.01444126,-0.17255645,-2.5685391,PRSS35,LMC,STAT3,Stat
2551,1,-0.2300118,-0.25159925,1.4704177,RTN4R,MEF,MAZ,Zf
976,1,-0.10827843,-0.121736646,1.4577883,FAM169B,MEF,USF2,bHLH
467,0,-0.11649651,-0.25471953,-1.810972,CDC25C,LMC,JUND,bZIP
1265,1,0.0745308,-0.10944186,2.4965944,GPRC5A,MEF,FOXA2,Forkhead
3069,0,-0.4733331,-0.39005762,3.123341,TNNI2,LMC,ELK1,ETS
918,1,-0.21895796,-0.21895796,1.765332,ERG,MEF,EBF1,EBF
851,0,-0.120565586,-0.1342841,3.430662,EDN2,LMC,MAX,bHLH
713,1,-0.37698567,-0.4067228,1.1914463,CYLD,MEF,PBX3,Homeobox
352,0,-0.14989896,-0.14989896,5.175649,CALCB,LMC,TEAD4,TEA
2510,0,-0.37601265,-0.39942494,1.2969334,RINL,LMC,ELF1,ETS
2504,0,-0.36049217,-0.22810093,1.8920665,RHOV,LMC,FOS,bZIP
758,1,-0.2997486,-0.24333258,-2.1840901,DIRAS2,MEF,ZNF263,Zf
2231,0,-0.3070402,-0.24450046,-1.2558968,PLA2R1,LMC,YY1,Zf
1140,1,-0.26692143,-0.26692143,2.2623057,GALNT14,MEF,EBF1,EBF
1079,0,-0.33058694,-0.3917693,-1.1188668,FLT4,LMC,ELF1,ETS
2509,1,-0.4733331,-0.39005762,-1.8196459,RIN3,MEF,ELK1,ETS
2475,1,-0.17513762,-0.146989,-1.4406117,RBPMS,MEF,BHLHE40,bHLH
865,1,-0.049117733,-0.13941021,-1.6823031,EFS,MEF,MAX,bHLH
2739,0,-0.24165441,-0.29509667,1.0755472,SLC39A10,LMC,JUND,bZIP
78,0,-0.10827843,-0.121736646,-1.8453362,ADM,LMC,USF2,bHLH
1897,1,-0.18621291,-0.24333258,1.3618445,MUM1L1,MEF,YY1,Zf
391,0,-0.3705123,-0.25471953,-1.0662317,CCDC159,LMC,FOSL2,bZIP
2474,0,-0.1826178,-0.24450046,1.6744331,RBP4,LMC,SP1,Zf
665,1,-0.3439605,-0.3439605,-4.4421754,CSF2RB,MEF,NRF1,NRF
2837,1,-0.3625331,-0.38195667,2.7942443,SPINT2,MEF,GABPA,ETS
2792,1,-0.1689725,-0.13941021,1.0395148,SNHG11,MEF,BHLHE40,bHLH
2335,1,-0.20916343,-0.20916343,-4.4554343,PRKCB,MEF,NRF1,NRF
2377,1,-0.3430542,-0.3430542,2.083494,PTHLH,MEF,PAX5,"Paired,Homeobox"
2115,1,0.06421617,-0.24450046,2.0007038,PALMD,MEF,CTCF,Zf
1597,1,-0.10369535,-0.10008492,-3.375335,KLHL33,MEF,BHLHE40,bHLH
1347,1,-0.36259097,-0.38195667,-2.2474232,HMMR,MEF,ELF1,ETS
2072,0,-0.3569094,-0.25159925,1.2603531,OBSCN,LMC,ZNF263,Zf
1108,0,-0.5069276,-0.27780795,-1.8366894,FREM2,LMC,ATF2,bZIP
1004,1,-0.16941127,-0.25471953,1.7937952,FAM71E1,MEF,FOS,bZIP
793,1,0.08411567,-0.24550179,-3.6299744,DOCK10,MEF,BACH1,bZIP
1294,1,-1.38777,-0.41931188,-1.3355373,GSG2,MEF,FLI1,ETS
2031,1,-0.18398622,-0.29509667,1.6603361,NQO1,MEF,ATF3,bZIP
909,0,-0.40533945,-0.39005762,-1.0061626,EPHB3,LMC,GABPA,ETS
2166,1,-0.15054174,-0.24450046,-2.9733152,PDE3B,MEF,GATA3,Zf
2917,1,-0.35453734,-0.24333258,-2.2309391,SYT1,MEF,ZKSCAN1,Zf
2219,1,-0.20308916,-0.4653868,-1.099451,PIP5K1C,MEF,IRF1,IRF
2119,1,-0.0017048104,-0.121736646,1.462881,PAPLN,MEF,MYOG,bHLH
1003,1,-0.18621291,-0.24333258,-3.493651,FAM64A,MEF,YY1,Zf
1232,0,-0.44224238,-0.29509667,-1.4140695,GPM6B,LMC,MAFK,bZIP
1221,1,-0.9852809,-0.65067613,1.7337681,GORAB,MEF,MEF2A,MADS
2337,1,-0.10369535,-0.10008492,-3.3681915,PRKCH,MEF,BHLHE40,bHLH
2541,1,-0.22746871,-0.25187832,-1.4664801,RRM1,MEF,E2F6,E2F
311,1,-0.17150766,-0.17150766,-1.1585374,BRIP1,MEF,TEAD4,TEA
476,1,-0.27228355,-0.24283965,-1.5113796,CDCA7,MEF,GATA2,Zf
2686,1,-0.21437913,-0.2712014,1.0133885,SLC12A2,MEF,E2F4,E2F
2386,1,-0.27228355,-0.24283965,-5.8584,PTPN6,MEF,GATA2,Zf
2275,0,-0.43345997,-0.22249272,1.0600202,PM20D2,LMC,ZNF263,Zf
724,1,-0.049117733,-0.13941021,3.688219,DACH1,MEF,MAX,bHLH
2716,1,-0.14989896,-0.14989896,-1.5039499,SLC25A45,MEF,TEAD4,TEA
2199,0,0.21614419,-0.17782252,-1.1405721,PGK1,LMC,FOXA1,Forkhead
1157,1,-0.29979625,-0.24283965,-1.0529872,GATA6,MEF,GATA1,Zf
3130,0,-0.1124492,-0.24333258,1.172865,TSPAN33,LMC,CTCF,Zf
2204,1,-0.36812532,-0.36812532,-1.1529521,PHLPP1,MEF,NRF1,NRF
383,0,-0.33058694,-0.3917693,1.1674314,CCDC114,LMC,ELF1,ETS
963,0,0.06421617,-0.24450046,1.3799479,FAM105A,LMC,CTCF,Zf
3104,1,-0.0065755714,-0.1342841,-1.1894004,TRIM25,MEF,MYOG,bHLH
788,0,-0.33080074,-0.22810093,1.1742103,DNASE1L1,LMC,MAFK,bZIP
2740,1,0.07771543,-0.1980394,-3.086165,SLC39A12,MEF,STAT3,Stat
1233,0,0.016314197,-0.13941021,2.1641116,GPNMB,LMC,USF1,bHLH
1215,0,-0.42348737,-0.17137949,-1.0471468,GNG10,LMC,STAT1,Stat
810,1,-0.00943349,-0.121736646,1.0992905,DPYSL4,MEF,USF1,bHLH
1757,1,-0.37776268,-0.37776268,-1.517834,MAP1B,MEF,TCF3,HMG
1143,1,0.06421617,-0.24450046,2.7778296,GALNT3,MEF,CTCF,Zf
1547,0,-0.038338926,-0.10008492,1.4255404,KCNJ2,LMC,MYOG,bHLH
3047,0,-0.35806254,-0.38195667,-1.7841698,TMEM74,LMC,ETS1,ETS
2687,1,-0.1689725,-0.13941021,1.4579319,SLC12A5,MEF,BHLHE40,bHLH
3253,1,-0.37698567,-0.4067228,-1.6620153,ZDHHC2,MEF,PBX3,Homeobox
339,0,-0.13559982,-0.10008492,2.19194,CACNA1D,LMC,MAX,bHLH
1990,0,-0.38339126,-0.24550179,-1.7527599,NID1,LMC,ATF2,bZIP
787,1,-0.25007766,-0.37009746,1.3562768,DNALI1,MEF,IRF1,IRF
2187,1,-0.17513762,-0.146989,2.418656,PERP,MEF,BHLHE40,bHLH
2732,1,-0.3430542,-0.3430542,1.3066294,SLC33A1,MEF,PAX5,"Paired,Homeobox"
975,1,-0.01444126,-0.17255645,1.2401816,FAM161B,MEF,STAT3,Stat
2293,0,-0.30776003,-0.24450046,-2.7335875,POM121L2,LMC,ZNF263,Zf
2110,0,-0.4776695,-0.22249272,1.9334545,PADI1,LMC,ZKSCAN1,Zf
113,0,-0.33817908,-0.29509667,-1.9801419,ALDH1L2,LMC,FOS,bZIP
2416,0,-0.35453734,-0.24333258,-2.3170738,RAB27A,LMC,ZKSCAN1,Zf
1582,1,-0.64209527,-0.1980394,1.0983452,KIF9,MEF,STAT1,Stat
2360,0,-0.20776576,-0.20776576,-1.2191513,PRX,LMC,EBF1,EBF
893,1,-0.21437913,-0.2712014,1.0541712,ENDOD1,MEF,E2F4,E2F
2917,0,-0.09351536,-0.24313685,-1.4203287,SYT1,LMC,STAT3,Stat
1522,0,-0.20776576,-0.20776576,1.2068585,KBTBD8,LMC,EBF1,EBF
2709,0,-0.40605056,-0.25471953,1.6009575,SLC22A18,LMC,ATF2,bZIP
2715,1,-0.35806254,-0.38195667,1.1691884,SLC25A35,MEF,ETS1,ETS
1902,1,-0.3610153,-0.22249272,-1.6592023,MYBL2,MEF,EGR1,Zf
2057,1,-0.17702122,-0.27780795,-2.8949068,NUF2,MEF,ATF1,bZIP
1688,1,-0.07763662,-0.20371658,1.3220744,LRCH1,MEF,FOXA2,Forkhead
2485,1,0.06421617,-0.24450046,3.6311066,RERG,MEF,CTCF,Zf
3240,1,-0.38059002,-0.38059002,2.287634,XKR4,MEF,PAX5,"Paired,Homeobox"
1745,0,-0.3375485,-0.1342841,2.630295,MAK,LMC,TCF12,bHLH
2651,1,-0.1124492,-0.24333258,-1.0929486,SH3KBP1,MEF,CTCF,Zf
1607,1,-0.2727483,-0.2712014,-2.105472,KRT19,MEF,E2F6,E2F
1536,0,0.016311714,0.00623205,1.7919359,KCND2,LMC,RFX5,HTH
847,1,-0.14989896,-0.14989896,-2.705154,ECSCR,MEF,TEAD4,TEA
3122,0,-0.07763662,-0.20371658,-1.2438939,TSHZ2,LMC,FOXA2,Forkhead
1375,1,-0.51944894,-0.25159925,-1.0630357,HOXC6,MEF,BCL11A,Zf
513,1,-0.120565586,-0.1342841,-1.6129766,CENPH,MEF,MAX,bHLH
1655,1,-0.6928834,-0.10944186,-1.4939244,LIG1,MEF,FOXM1,Forkhead
406,1,-0.34370995,-0.24333258,-1.2927687,CCDC88C,MEF,EGR1,Zf
3000,1,-0.32700178,-0.25159925,-2.7555268,TLR9,MEF,GATA1,Zf
1143,0,-0.18911669,-0.17782252,1.581665,GALNT3,LMC,FOXA2,Forkhead
2727,0,-0.174635,-0.24550179,-3.1119766,SLC2A4,LMC,FOSL2,bZIP
1238,1,-0.44168723,-0.24550179,1.2924196,GPR126,MEF,FOS,bZIP
3037,0,-0.057535224,-0.27780795,2.4017868,TMEM255A,LMC,BACH1,bZIP
2290,0,0.023197008,-0.146989,-1.5923315,POLE,LMC,USF1,bHLH
1793,1,-0.21437913,-0.2712014,-5.5781794,MCOLN3,MEF,E2F4,E2F
3181,0,-0.2064243,-0.25159925,1.0038823,USP2,LMC,YY1,Zf
349,0,-0.13559982,-0.10008492,1.2775106,CADM2,LMC,MAX,bHLH
821,1,-0.38057798,-0.24450046,-1.138244,DTX4,MEF,GATA1,Zf
1636,1,0.03116794,-0.22249272,1.4254256,LDHD,MEF,CTCF,Zf
1435,0,-0.0013588448,-0.24283965,2.724261,IL10,LMC,CTCF,Zf
937,1,-0.41913503,-0.41913503,1.4276764,EXOC3,MEF,TCF3,HMG
974,1,-0.38071528,-0.24283965,1.7157836,FAM159B,MEF,ZNF263,Zf
2920,1,-0.25341198,-0.22810093,2.0846374,SYT7,MEF,ATF3,bZIP
940,0,-0.41913924,-0.24333258,-1.0492839,EXT1,LMC,ZBTB33,Zf
2924,1,-0.17407607,-0.121736646,2.4798288,SYTL3,MEF,MAX,bHLH
1742,0,-0.26692143,-0.26692143,1.2771919,MADD,LMC,EBF1,EBF
2680,1,-0.40605056,-0.25471953,1.9093326,SLAIN1,MEF,ATF2,bZIP
1396,1,-0.4467859,-0.3917693,-1.1715591,HSPA12A,MEF,ELK1,ETS
473,1,-0.2790477,-0.25471953,-1.8354515,CDCA2,MEF,MAFF,bZIP
1335,1,-0.46846294,-0.46846294,1.0415667,HIST1H1C,MEF,TCF3,HMG
2350,0,-0.12554857,-0.24550179,-3.0767856,PRRX1,LMC,JUND,bZIP
223,1,-0.3705123,-0.25471953,2.719327,ASB5,MEF,FOSL2,bZIP
3171,0,-0.36351123,-0.50137913,1.9846693,UNC13D,LMC,PBX3,Homeobox
2349,0,0.22652079,-0.2053601,-1.1556536,PRRT2,LMC,FOXA1,Forkhead
1783,0,0.016311714,0.00623205,-2.6176784,MCAM,LMC,RFX5,HTH
2514,0,-0.44224238,-0.29509667,1.3600262,RNASEL,LMC,MAFK,bZIP
142,1,-0.1505293,-0.1342841,-1.0540168,ANKRD37,MEF,USF2,bHLH
1101,1,-0.34099022,-0.38195667,-1.9451369,FOXM1,MEF,ELK1,ETS
3122,0,-0.45038855,-0.39942494,-1.2438939,TSHZ2,LMC,GABPA,ETS
2057,1,0.023197008,-0.146989,-2.8949068,NUF2,MEF,USF1,bHLH
3164,1,0.016311714,0.00623205,1.1585988,UBXN11,MEF,RFX5,HTH
2458,0,-0.541412,-0.25159925,-1.8068208,RASGRP1,LMC,EGR1,Zf
523,1,0.07771543,-0.1980394,-1.0277461,CENPW,MEF,STAT3,Stat
136,0,-0.24165441,-0.29509667,-1.5956872,ANK3,LMC,JUND,bZIP
2439,0,-0.51308286,-0.25693348,1.095381,RALGPS2,LMC,E2F1,E2F
3131,1,0.018755239,0.02968777,1.2743545,TSPYL5,MEF,RFX5,HTH
2840,1,-0.0005437653,-0.1342841,-2.3704991,SPOCD1,MEF,USF1,bHLH
854,1,-0.049117733,-0.13941021,-1.885986,EEPD1,MEF,MAX,bHLH
222,1,-0.19239004,-0.26135686,-1.5726495,ASB2,MEF,E2F4,E2F
2328,0,-0.21361919,-0.25471953,1.683577,PRDX1,LMC,ATF3,bZIP
770,1,-0.3869897,-0.39942494,3.1872852,DMC1,MEF,ETS1,ETS
2756,0,-0.10827843,-0.121736646,2.041336,SLC7A14,LMC,USF2,bHLH
1481,1,0.06421617,-0.24450046,2.3218336,IRX3,MEF,CTCF,Zf
846,0,-0.17407607,-0.121736646,-2.1880925,ECM2,LMC,MAX,bHLH
1780,0,-0.057535224,-0.27780795,-1.1029267,MBOAT2,LMC,BACH1,bZIP
1528,0,0.08411567,-0.24550179,2.3015823,KCNA7,LMC,BACH1,bZIP
337,0,-0.2470073,-0.39005762,-1.4465009,CABP1,LMC,ETS1,ETS
467,0,-0.4733331,-0.39005762,-1.810972,CDC25C,LMC,ELK1,ETS
1900,0,-0.17425032,-0.41931188,-2.8135483,MXD3,LMC,ELK4,ETS
2037,1,-0.120565586,-0.1342841,-1.35552,NRG1,MEF,MAX,bHLH
2542,0,-0.07449697,-0.25159925,-1.5441597,RRM2,LMC,CTCF,Zf
3163,0,-0.36049217,-0.22810093,2.111546,UBXN10,LMC,FOS,bZIP
584,0,-0.0013588448,-0.24283965,1.8429216,CLSTN3,LMC,CTCF,Zf
2458,0,-0.169331,-0.25693348,-1.8068208,RASGRP1,LMC,E2F4,E2F
1802,1,-0.3773888,-0.18281521,1.033383,MEF2A,MEF,STAT1,Stat
322,0,-0.38278377,-0.42379856,-1.9591644,BZRAP1,LMC,PBX3,Homeobox
3181,0,-0.38339126,-0.24550179,1.0038823,USP2,LMC,ATF2,bZIP
412,1,-0.3058912,-0.24283965,-1.3708322,CCL2,MEF,YY1,Zf
2769,1,-0.3773888,-0.18281521,-3.3206353,SLFN5,MEF,STAT1,Stat
407,1,-1.3501369,-0.39942494,1.0351427,CCDC90B,MEF,FLI1,ETS
2506,1,-0.0317704,-0.39942494,1.3234496,RIBC1,MEF,ELK4,ETS
493,1,-0.3070402,-0.24450046,2.4994574,CDKL4,MEF,YY1,Zf
1872,0,-0.0065755714,-0.1342841,-1.7728605,MRC2,LMC,MYOG,bHLH
2166,1,-0.011590093,-0.22249272,-2.9733152,PDE3B,MEF,GATA3,Zf
3236,0,-0.3430542,-0.3430542,1.1457943,WWP1,LMC,PAX5,"Paired,Homeobox"
2487,1,-0.17407607,-0.121736646,-1.1587616,RFTN1,MEF,MAX,bHLH
3043,1,-0.22240412,-0.10008492,-2.8654144,TMEM51,MEF,TCF12,bHLH
2245,1,-0.049117733,-0.13941021,1.3951396,PLEK2,MEF,MAX,bHLH
23,0,-0.31818998,-0.24333258,-1.0546592,ACAT2,LMC,ZEB1,Zf
1501,1,-0.3869897,-0.39942494,-1.452007,ITGB7,MEF,ETS1,ETS
609,1,-0.15054174,-0.24450046,2.5871143,COL14A1,MEF,GATA3,Zf
2697,1,-0.21907748,-0.27780795,-1.4906707,SLC16A13,MEF,JUND,bZIP
3073,0,0.07771543,-0.1980394,-1.4129364,TNNT3,LMC,STAT3,Stat
1163,0,0.06421617,-0.24450046,2.620298,GCH1,LMC,CTCF,Zf
33,0,-0.17407607,-0.121736646,-1.134941,ACSL3,LMC,MAX,bHLH
169,0,-0.07449697,-0.25159925,2.8778405,APOE,LMC,CTCF,Zf
2699,0,-0.22240412,-0.10008492,-1.1324766,SLC16A3,LMC,TCF12,bHLH
926,1,0.041926194,-0.24283965,-1.3294209,ESYT1,MEF,GATA3,Zf
1034,1,-0.009364229,-0.17137949,1.6846279,FBXO32,MEF,STAT3,Stat
3171,0,-0.4409798,-0.24450046,1.9846693,UNC13D,LMC,ZEB1,Zf
490,1,-0.440717,-0.25471953,-1.0186837,CDK2,MEF,MAFK,bZIP
2332,1,-0.18911669,-0.17782252,-1.3902781,PRIM1,MEF,FOXA2,Forkhead
1882,1,-0.0013588448,-0.24283965,5.0510955,MSLN,MEF,CTCF,Zf
1984,1,-0.049117733,-0.13941021,-1.7410284,NFKBID,MEF,MAX,bHLH
1213,1,-0.22240412,-0.10008492,1.1398317,GNAI1,MEF,TCF12,bHLH
2420,1,-0.21342848,-0.28884968,1.419062,RAB37,MEF,E2F6,E2F
1947,0,-0.062780954,-0.24333258,-1.6890546,NCAPG,LMC,SP1,Zf
1530,0,-0.21459776,-0.24333258,1.6391324,KCNAB2,LMC,MAZ,Zf
1178,1,-0.3341544,-0.39005762,-1.9427576,GEN1,MEF,ELF1,ETS
652,0,-0.11649651,-0.25471953,1.3897598,CRIP1,LMC,JUND,bZIP
1929,1,-0.01444126,-0.17255645,1.6380723,MYOM3,MEF,STAT3,Stat
188,1,-0.51637894,-0.42379856,-3.663419,ARHGAP4,MEF,CUX1,Homeobox
2990,1,-0.26737517,-0.25159925,-1.960353,TK1,MEF,ZKSCAN1,Zf
424,1,-0.169331,-0.25693348,-1.7134051,CCNF,MEF,E2F4,E2F
1970,0,-0.07949572,-0.21953267,-1.5624936,NEK2,LMC,FOXA2,Forkhead
3235,1,-0.25007766,-0.37009746,-2.6240964,WT1,MEF,IRF1,IRF
653,1,0.06421617,-0.24450046,1.8099811,CRISP2,MEF,CTCF,Zf
568,0,-0.26816452,-0.121736646,-2.616968,CLDN1,LMC,TCF12,bHLH
3193,1,0.06421617,-0.24450046,-1.4464716,VCAM1,MEF,CTCF,Zf
1182,0,-0.14989896,-0.14989896,1.1762532,GGCT,LMC,TEAD4,TEA
1316,1,-0.13559982,-0.10008492,-2.753857,HCK,MEF,MAX,bHLH
1304,0,-0.17407607,-0.121736646,1.7955786,GUCY1A3,LMC,MAX,bHLH
211,1,-0.28121933,-0.25159925,-2.282449,ARRB2,MEF,SP1,Zf
595,0,-0.009410201,-0.10008492,-3.6306407,CNN1,LMC,USF2,bHLH
378,1,-0.18398622,-0.29509667,-1.3229213,CBX2,MEF,ATF3,bZIP
1414,1,-0.35806254,-0.38195667,-1.5857253,IFITM1,MEF,ETS1,ETS
2215,1,-0.9852809,-0.65067613,-3.5308938,PIK3R6,MEF,MEF2A,MADS
1577,1,-0.169331,-0.25693348,-1.2923205,KIF27,MEF,E2F4,E2F
2726,1,-0.26692143,-0.26692143,1.2087544,SLC2A3,MEF,EBF1,EBF
1558,1,-0.34278938,-0.41931188,-1.8198549,KCP,MEF,ELF1,ETS
1779,1,-0.26737517,-0.25159925,-1.4918666,MBOAT1,MEF,ZKSCAN1,Zf
3177,0,-0.13994873,-0.2053601,1.9287045,UPK1B,LMC,FOXA2,Forkhead
1957,1,-0.45392957,-0.28884968,-2.6176684,NDC80,MEF,E2F1,E2F
211,1,-0.21895796,-0.21895796,-2.282449,ARRB2,MEF,EBF1,EBF
3231,0,-0.36049217,-0.22810093,-1.0413804,WNT5A,LMC,FOS,bZIP
509,0,-0.46016192,-0.24450046,-1.8266275,CEND1,LMC,EGR1,Zf
1566,1,-0.08568381,-0.24450046,-2.457014,KIF11,MEF,MAZ,Zf
2092,0,0.17063665,-0.10944186,1.1467197,OSGIN1,LMC,FOXA1,Forkhead
1021,0,-0.26737517,-0.25159925,-2.8028724,FAT4,LMC,ZKSCAN1,Zf
426,1,-0.009364229,-0.17137949,1.3570372,CCNO,MEF,STAT3,Stat
2402,0,-0.51944894,-0.25159925,1.5811112,PYCARD,LMC,BCL11A,Zf
1305,1,-0.13149443,-0.22249272,1.9774414,GYLTL1B,MEF,SP1,Zf
3176,1,-0.38339126,-0.24550179,-3.5481346,UNC93B1,MEF,ATF2,bZIP
326,0,-0.2997486,-0.24333258,2.2353182,C1QC,LMC,ZNF263,Zf
2249,1,-0.03437175,-0.039668236,1.1527126,PLEKHG1,MEF,RFX5,HTH
880,1,-0.057535224,-0.27780795,3.0154016,ELMOD1,MEF,BACH1,bZIP
208,0,-0.29360482,-0.13941021,1.2838227,ARMC2,LMC,TCF12,bHLH
794,0,-0.21459776,-0.24333258,1.9015518,DOCK2,LMC,MAZ,Zf
1037,1,0.17063665,-0.10944186,-1.6721005,FBXO48,MEF,FOXA1,Forkhead
2463,1,0.041926194,-0.24283965,-2.8689058,RASSF4,MEF,GATA3,Zf
969,1,-0.07449697,-0.25159925,1.2383089,FAM131C,MEF,CTCF,Zf
558,0,-0.4733331,-0.39005762,-1.1850271,CIB2,LMC,ELK1,ETS
278,1,-0.63670325,-0.21953267,1.0059072,BCL11A,MEF,FOXM1,Forkhead
2761,1,-0.29360482,-0.13941021,1.3455367,SLC9A2,MEF,TCF12,bHLH
2995,1,-0.3341544,-0.39005762,-2.069741,TLR1,MEF,ELF1,ETS
240,0,-0.14976743,-0.22810093,1.6032816,ATP1B1,LMC,FOSL2,bZIP
227,1,0.08411567,-0.24550179,1.2970152,ASIC1,MEF,BACH1,bZIP
139,1,-0.38059002,-0.38059002,1.0392573,ANKRD29,MEF,PAX5,"Paired,Homeobox"
2948,1,-0.34099022,-0.38195667,1.898503,TCF7,MEF,ELK1,ETS
1475,1,-0.30779734,-0.3917693,-2.8389897,IRF5,MEF,ETS1,ETS
3139,1,-0.03437175,-0.039668236,1.5869603,TTLL6,MEF,RFX5,HTH
3143,1,-0.15054174,-0.24450046,-1.0571077,TTYH2,MEF,GATA3,Zf
3187,0,-0.21459776,-0.24333258,-1.3416171,VASH2,LMC,MAZ,Zf
1565,1,-0.4776695,-0.22249272,1.3241493,KDM6A,MEF,ZKSCAN1,Zf
1597,1,-0.33296144,-0.24550179,-3.375335,KLHL33,MEF,MAFK,bZIP
672,0,-0.04073672,-0.3917693,-1.4950591,CSRP1,LMC,ELK4,ETS
1579,0,-0.34029287,-0.28884968,1.2811211,KIF3A,LMC,E2F4,E2F
1240,1,-0.43345997,-0.22249272,1.5431579,GPR137C,MEF,ZNF263,Zf
537,1,-0.46165287,-0.4067228,-1.0118498,CHAF1A,MEF,CUX1,Homeobox
926,1,-0.69426614,-0.4713425,-1.3294209,ESYT1,MEF,IRF3,IRF
2368,1,0.0745308,-0.10944186,1.612119,PTCHD1,MEF,FOXA2,Forkhead
534,0,-0.21918109,-0.21918109,-1.9663967,CGNL1,LMC,TCF3,HMG
2536,1,-0.21361919,-0.25471953,4.0988145,RPS27,MEF,ATF3,bZIP
241,1,0.08411567,-0.24550179,1.1553295,ATP1B2,MEF,BACH1,bZIP
1438,0,-0.4733331,-0.39005762,1.3186898,IL12RB1,LMC,ELK1,ETS
991,0,-0.34914914,-0.27780795,-1.7551293,FAM20A,LMC,FOS,bZIP
2864,0,-0.38490406,-0.38490406,-1.6119914,ST6GALNAC3,LMC,PAX5,"Paired,Homeobox"
1970,1,-0.34278938,-0.41931188,-2.2655962,NEK2,MEF,ELF1,ETS
2995,0,-0.07449697,-0.25159925,2.1344848,TLR1,LMC,CTCF,Zf
1372,1,-0.44168723,-0.24550179,3.7981417,HOXC11,MEF,FOS,bZIP
1055,1,-0.2470073,-0.39005762,1.8330293,FGF5,MEF,ETS1,ETS
415,1,-0.3869897,-0.39942494,-4.2639585,CCL4,MEF,ETS1,ETS
30,0,-0.08568381,-0.24450046,1.627162,ACOT4,LMC,MAZ,Zf
695,1,-0.14989896,-0.14989896,1.092411,CWF19L2,MEF,TEAD4,TEA
1935,0,-0.2808588,-0.24283965,-1.2886287,NACAD,LMC,ZEB1,Zf
2277,1,-0.36351123,-0.50137913,-1.672663,PMF1,MEF,PBX3,Homeobox
1362,0,-0.36259097,-0.38195667,-1.8721808,HOXA7,LMC,ELF1,ETS
450,1,-0.3076643,-0.4621776,-6.2079844,CD52,MEF,IRF1,IRF
1521,0,-0.08974322,-0.146989,1.1230019,KAZN,LMC,MAX,bHLH
1885,1,-0.33296144,-0.24550179,-1.5366282,MST1R,MEF,MAFK,bZIP
2288,1,-0.29360482,-0.13941021,-1.222358,POLA1,MEF,TCF12,bHLH
2914,1,-0.4467859,-0.3917693,3.8033676,SYNM,MEF,ELK1,ETS
368,1,-0.24165441,-0.29509667,1.3773782,CASKIN1,MEF,JUND,bZIP
2733,0,-0.009410201,-0.10008492,-1.7704916,SLC35F1,LMC,USF2,bHLH
1103,0,-0.17150766,-0.17150766,-1.1218795,FOXP1,LMC,TEAD4,TEA
473,0,-0.33280078,-0.24333258,-1.7247705,CDCA2,LMC,GATA2,Zf
1721,0,-0.26816452,-0.121736646,-1.3911871,LTBP2,LMC,TCF12,bHLH
2418,0,0.17063665,-0.10944186,-1.0006384,RAB30,LMC,FOXA1,Forkhead
2249,1,-0.38071528,-0.24283965,1.1527126,PLEKHG1,MEF,ZNF263,Zf
2830,0,-0.0013588448,-0.24283965,1.7553568,SPEF2,LMC,CTCF,Zf
2323,0,-1.3501369,-0.39942494,-1.8919787,PRC1,LMC,FLI1,ETS
971,0,-0.0013588448,-0.24283965,-3.042626,FAM150A,LMC,CTCF,Zf
1820,0,-0.21459776,-0.24333258,1.5626165,MFSD12,LMC,MAZ,Zf
2604,1,-0.13559982,-0.10008492,-5.649154,SEL1L3,MEF,MAX,bHLH
2605,1,-0.36550322,-0.47267562,-5.124639,SELPLG,MEF,PBX3,Homeobox
781,1,-0.1607576,-0.24283965,-1.7769861,DNAH6,MEF,MAZ,Zf
474,1,-0.21918109,-0.21918109,-2.0174904,CDCA3,MEF,TCF3,HMG
2915,0,-0.21301334,-0.25187832,-1.145586,SYNPO,LMC,E2F4,E2F
3166,1,-0.009364229,-0.17137949,2.1184819,UGP2,MEF,STAT3,Stat
1882,0,-0.1607576,-0.24283965,2.256139,MSLN,LMC,MAZ,Zf
2160,0,-0.9526392,-0.4653868,-1.2122647,PCYOX1L,LMC,IRF3,IRF
993,0,-0.48430756,-0.24313685,1.3730824,FAM213A,LMC,STAT1,Stat
3046,0,-0.10369535,-0.10008492,2.2893217,TMEM59L,LMC,BHLHE40,bHLH
853,0,-0.2954083,-0.24550179,3.1529634,EEF1A2,LMC,ATF3,bZIP
1414,1,-0.2952564,-0.2952564,-1.5857253,IFITM1,MEF,HNF4A,NR
1815,0,-0.009410201,-0.10008492,-1.8705608,MEX3B,LMC,USF2,bHLH
1654,1,-0.22240412,-0.10008492,1.719391,LIF,MEF,TCF12,bHLH
1087,1,-0.32442823,-0.39942494,1.1361747,FNDC3A,MEF,ELK1,ETS
1920,0,-0.07949572,-0.21953267,-1.5159758,MYO1B,LMC,FOXA2,Forkhead
886,0,-0.23244992,-0.52757335,-1.4650615,EMILIN1,LMC,PBX3,Homeobox
1182,1,-0.36102507,-0.24550179,1.2894192,GGCT,MEF,ATF1,bZIP
2525,1,-0.3375485,-0.1342841,5.234823,RNF39,MEF,TCF12,bHLH
1570,1,0.03645469,-0.22810093,-2.6483867,KIF20A,MEF,BACH1,bZIP
1076,1,-0.13149443,-0.22249272,-1.1527479,FLNA,MEF,SP1,Zf
2035,1,-0.32700178,-0.25159925,1.1484754,NR4A2,MEF,GATA1,Zf
1444,0,-0.13149443,-0.22249272,1.291219,IL18,LMC,SP1,Zf
2744,1,-0.2727483,-0.2712014,-2.4313455,SLC43A1,MEF,E2F6,E2F
1528,0,-0.2790477,-0.25471953,2.3015823,KCNA7,LMC,MAFF,bZIP
2569,0,-0.3610153,-0.22249272,-1.6417769,SAMD14,LMC,EGR1,Zf
171,0,-0.15019357,-0.27780795,-1.3084476,APOLD1,LMC,MAFF,bZIP
2349,1,-0.29414836,-0.26135686,-2.0119624,PRRT2,MEF,E2F6,E2F
1064,1,-0.1505293,-0.1342841,-1.6307534,FGL2,MEF,USF2,bHLH
1606,0,-0.0005437653,-0.1342841,1.7298887,KRT18,LMC,USF1,bHLH
2395,0,0.03645469,-0.22810093,-1.5264401,PTPRZ1,LMC,BACH1,bZIP
2378,0,-0.08568381,-0.24450046,1.532152,PTK2B,LMC,MAZ,Zf
814,1,-0.058015816,-0.18281521,1.7706817,DSCAML1,MEF,STAT3,Stat
2727,0,-0.25436184,-0.25436184,-3.1119766,SLC2A4,LMC,TEAD4,TEA
1157,1,-0.13149443,-0.22249272,-1.0529872,GATA6,MEF,SP1,Zf
594,1,-0.056725405,-0.121736646,2.066923,CNKSR2,MEF,BHLHE40,bHLH
1670,0,-0.3773888,-0.18281521,-2.101804,LMO1,LMC,STAT1,Stat
178,1,-0.35453734,-0.24333258,-2.0233412,ARHGAP10,MEF,ZKSCAN1,Zf
1442,1,-0.10827843,-0.121736646,3.6092079,IL17RB,MEF,USF2,bHLH
3148,1,-0.34029287,-0.28884968,-2.1438007,TUBB3,MEF,E2F4,E2F
1566,1,0.027763726,-0.25159925,-2.457014,KIF11,MEF,GATA3,Zf
676,0,-0.13559982,-0.10008492,2.8222542,CST7,LMC,MAX,bHLH
60,1,-0.30003953,-0.30003953,1.6539828,ADAMTS20,MEF,NRF1,NRF
3016,0,-0.24165441,-0.29509667,1.664781,TMEM151A,LMC,JUND,bZIP
2894,1,-0.32700178,-0.25159925,-1.2475686,STX1A,MEF,GATA1,Zf
421,1,-0.17702122,-0.27780795,-3.4695168,CCNB1,MEF,ATF1,bZIP
278,0,-0.3773888,-0.18281521,-2.4906874,BCL11A,LMC,STAT1,Stat
1665,1,-0.38071528,-0.24283965,-1.0906605,LIPA,MEF,ZNF263,Zf
2814,0,-0.25341198,-0.22810093,-1.170696,SOX8,LMC,ATF3,bZIP
1246,0,-0.5313326,-0.24450046,1.710225,GPR160,LMC,ZKSCAN1,Zf
615,1,-0.24165441,-0.29509667,2.398739,COL23A1,MEF,JUND,bZIP
2969,0,-0.1607576,-0.24283965,-1.3902878,TGFB1I1,LMC,MAZ,Zf
2677,0,-0.19612858,-0.146989,-1.2792745,SKA3,LMC,USF2,bHLH
2349,1,-0.3430542,-0.3430542,-2.0119624,PRRT2,MEF,PAX5,"Paired,Homeobox"
166,0,-0.29360482,-0.13941021,2.4277377,APOC1,LMC,TCF12,bHLH
2903,0,-0.3058912,-0.24283965,2.135801,SV2A,LMC,YY1,Zf
818,1,-0.41913924,-0.24333258,-2.164502,DTL,MEF,ZBTB33,Zf
817,0,-0.3058912,-0.24283965,1.9184403,DSP,LMC,YY1,Zf
1142,0,-0.13559982,-0.10008492,-2.5723739,GALNT18,LMC,MAX,bHLH
3165,0,-0.3869897,-0.39942494,2.2538092,UCP2,LMC,ETS1,ETS
900,1,-0.29979625,-0.24283965,1.4426994,ENPP5,MEF,GATA1,Zf
744,1,-0.1607576,-0.24283965,-3.4500382,DEGS2,MEF,MAZ,Zf
786,1,-0.36812532,-0.36812532,3.1105778,DNAJC6,MEF,NRF1,NRF
213,1,0.22652079,-0.2053601,-1.0850065,ARSB,MEF,FOXA1,Forkhead
1408,0,-0.16941127,-0.25471953,-1.0610017,ICA1,LMC,FOS,bZIP
3192,0,-0.13559982,-0.10008492,1.2728144,VAV3,LMC,MAX,bHLH
573,0,-0.009364229,-0.17137949,-2.3909874,CLEC14A,LMC,STAT3,Stat
118,1,0.03645469,-0.22810093,-1.2159187,ALOXE3,MEF,BACH1,bZIP
1752,1,-0.1689725,-0.13941021,-1.2879815,MAN2A1,MEF,BHLHE40,bHLH
226,1,-0.3058912,-0.24283965,-2.1260629,ASF1B,MEF,YY1,Zf
1010,1,-0.27228355,-0.24283965,1.0984039,FAM83C,MEF,GATA2,Zf
2597,1,-0.37601265,-0.39942494,1.4566245,SDC2,MEF,ELF1,ETS
464,0,-0.64209527,-0.1980394,-1.0312785,CD97,LMC,STAT1,Stat
2792,1,-0.0017048104,-0.121736646,1.0395148,SNHG11,MEF,MYOG,bHLH
265,1,-0.22746871,-0.25187832,-1.1411111,BAG2,MEF,E2F6,E2F
645,1,-0.3610153,-0.22249272,2.2899835,CRABP2,MEF,EGR1,Zf
519,0,-0.2548157,-0.22810093,-1.145698,CENPQ,LMC,MAFF,bZIP
853,0,0.08411567,-0.24550179,3.1529634,EEF1A2,LMC,BACH1,bZIP
2798,1,0.06421617,-0.24450046,-4.3869257,SNX20,MEF,CTCF,Zf
1712,1,-0.17407607,-0.121736646,-1.1111261,LRRN4CL,MEF,MAX,bHLH
1786,1,-0.1124492,-0.24333258,-1.6925912,MCHR1,MEF,CTCF,Zf
1626,1,-0.36049217,-0.22810093,-1.2072183,LASP1,MEF,FOS,bZIP
1178,0,-0.51637894,-0.42379856,-1.4242098,GEN1,LMC,CUX1,Homeobox
2901,1,-0.21907748,-0.27780795,-5.1530013,SUSD3,MEF,JUND,bZIP
1599,1,-0.41320115,-0.25471953,-4.5188403,KLHL6,MEF,ATF1,bZIP
3138,0,-0.38490406,-0.38490406,-1.6865426,TTLL11,LMC,PAX5,"Paired,Homeobox"
1820,1,-0.009410201,-0.10008492,-1.6256363,MFSD12,MEF,USF2,bHLH
1762,0,-0.26816452,-0.121736646,1.0892361,MAP3K8,LMC,TCF12,bHLH
1008,1,-0.04073672,-0.3917693,1.5137644,FAM81A,MEF,ELK4,ETS
728,0,-0.32442823,-0.39942494,-1.0895112,DCBLD1,LMC,ELK1,ETS
2692,1,-0.16561359,-0.22810093,-5.3542004,SLC15A3,MEF,JUND,bZIP
1230,0,-0.42348737,-0.17137949,-2.8918445,GPER1,LMC,STAT1,Stat
2296,0,-0.38059002,-0.38059002,2.2781577,POU2F2,LMC,PAX5,"Paired,Homeobox"
2330,1,-0.39900714,-0.22249272,-1.386103,PREX1,MEF,GATA1,Zf
2110,0,-0.35453734,-0.24333258,1.9334545,PADI1,LMC,ZKSCAN1,Zf
2100,1,-0.29979625,-0.24283965,-2.2412143,P2RX7,MEF,GATA1,Zf
2692,0,-0.3439605,-0.3439605,2.0074983,SLC15A3,LMC,NRF1,NRF
465,1,-0.29687634,-0.29687634,-2.799609,CDC20,MEF,PAX5,"Paired,Homeobox"
140,1,-0.29979625,-0.24283965,-3.3900094,ANKRD33B,MEF,GATA1,Zf
2834,1,0.03645469,-0.22810093,-3.445171,SPINK2,MEF,BACH1,bZIP
2949,0,0.06421617,-0.24450046,1.3909388,TCFL5,LMC,CTCF,Zf
1142,0,-0.3569094,-0.25159925,-2.5723739,GALNT18,LMC,ZNF263,Zf
2132,0,-0.22746871,-0.25187832,-3.9714603,PAX9,LMC,E2F6,E2F
1921,0,0.028543921,-0.29509667,1.0211234,MYO1D,LMC,BACH1,bZIP
3186,1,-0.37601265,-0.39942494,-1.9262128,VANGL2,MEF,ELF1,ETS
1477,1,-0.36351123,-0.50137913,-1.2859206,IRF7,MEF,PBX3,Homeobox
1413,0,-0.22735961,-0.24550179,1.9056824,IFIT1,LMC,MAFF,bZIP
3267,0,-0.34278938,-0.41931188,-1.2638365,ZWILCH,LMC,ELF1,ETS
1648,1,-0.2790477,-0.25471953,-1.2747815,LGMN,MEF,MAFF,bZIP
2809,1,-0.1124492,-0.24333258,-1.3496617,SOX11,MEF,CTCF,Zf
520,0,-0.4409798,-0.24450046,-1.0748466,CENPT,LMC,ZEB1,Zf
700,0,-0.2064243,-0.25159925,-2.6040885,CXCL12,LMC,YY1,Zf
1515,0,-0.21342848,-0.28884968,1.2330387,JPH1,LMC,E2F6,E2F
2991,0,-0.038338926,-0.10008492,-1.3919637,TLCD1,LMC,MYOG,bHLH
659,1,-0.1607576,-0.24283965,2.2780662,CRYAB,MEF,MAZ,Zf
3134,1,-0.5313326,-0.24450046,2.2825308,TTC21A,MEF,ZKSCAN1,Zf
1153,0,-0.20454665,-0.20454665,-1.3761573,GATA2,LMC,TEAD4,TEA
749,1,-0.4733331,-0.39005762,-2.568223,DEPDC1B,MEF,ELK1,ETS
2268,0,-0.13149443,-0.22249272,1.4241343,PLTP,LMC,SP1,Zf
1743,0,0.13713937,-0.20371658,1.2423561,MAF,LMC,FOXA1,Forkhead
400,1,-0.46016192,-0.24450046,1.6903713,CCDC68,MEF,EGR1,Zf
1604,1,0.041926194,-0.24283965,-2.5368693,KNSTRN,MEF,GATA3,Zf
1210,0,-0.3076643,-0.4621776,1.2591577,GMIP,LMC,IRF1,IRF
969,1,-0.42348737,-0.17137949,1.2383089,FAM131C,MEF,STAT1,Stat
189,0,-0.5315311,-0.5315311,1.2612106,ARHGAP44,LMC,PAX5,"Paired,Homeobox"
3132,1,-0.46016192,-0.24450046,1.4746631,TTBK1,MEF,EGR1,Zf
3226,1,-0.011590093,-0.22249272,2.0191326,WNT10B,MEF,GATA3,Zf
996,0,-0.51637894,-0.42379856,-1.008624,FAM3C,LMC,CUX1,Homeobox
2167,1,-0.2064243,-0.25159925,-1.033388,PDE4A,MEF,YY1,Zf
2285,1,-0.4649995,-0.41931188,-2.140682,PODNL1,MEF,GABPA,ETS
1016,0,-1.38777,-0.41931188,-1.282396,FANCD2,LMC,FLI1,ETS
1240,1,-0.08974322,-0.146989,1.5431579,GPR137C,MEF,MAX,bHLH
909,0,-0.25341198,-0.22810093,-1.0061626,EPHB3,LMC,ATF3,bZIP
1333,1,0.13713937,-0.20371658,2.048753,HID1,MEF,FOXA1,Forkhead
1092,1,0.03116794,-0.22249272,-3.8901849,FOLR2,MEF,CTCF,Zf
748,1,-0.15764365,-0.14792581,1.1444718,DENND6B,MEF,RFX5,HTH
2408,0,-0.37601265,-0.39942494,-1.2367245,QSOX1,LMC,ELF1,ETS
856,0,-0.4733331,-0.39005762,-1.1511953,EFCAB11,LMC,ELK1,ETS
58,1,0.73946834,-0.24333258,-1.678059,ADAMTS16,MEF,PRDM1,Zf
480,0,0.08411567,-0.24550179,-1.8094324,CDH10,LMC,BACH1,bZIP
445,0,-0.056725405,-0.121736646,2.21858,CD33,LMC,BHLHE40,bHLH
2526,1,-0.24165441,-0.29509667,1.9402771,RNF43,MEF,JUND,bZIP
2429,1,-0.13559982,-0.10008492,-5.5450034,RAC2,MEF,MAX,bHLH
2605,1,-0.39205822,-0.27780795,-5.124639,SELPLG,MEF,MAFK,bZIP
642,1,-0.39900714,-0.22249272,-1.810868,CPXM1,MEF,GATA1,Zf
2470,1,-0.1607576,-0.24283965,2.1268446,RBM24,MEF,MAZ,Zf
1841,1,-0.17150766,-0.17150766,3.4222388,MME,MEF,TEAD4,TEA
1522,1,0.21225196,-0.65067613,1.0859743,KBTBD8,MEF,MEF2C,MADS
1711,0,-0.28616667,-0.25693348,1.4799604,LRRN4,LMC,E2F6,E2F
2458,0,-0.22746871,-0.25187832,-1.8068208,RASGRP1,LMC,E2F6,E2F
1665,0,-0.21301334,-0.25187832,1.4596416,LIPA,LMC,E2F4,E2F
555,0,-0.51637894,-0.42379856,-1.8240892,CHST7,LMC,CUX1,Homeobox
2847,0,-0.07763662,-0.20371658,1.6670033,SPRY4,LMC,FOXA2,Forkhead
2692,0,-0.38339126,-0.24550179,2.0074983,SLC15A3,LMC,ATF2,bZIP
785,1,-0.10827843,-0.121736646,1.1730027,DNAJB9,MEF,USF2,bHLH
626,1,-0.14989896,-0.14989896,-1.3439846,COLEC12,MEF,TEAD4,TEA
2517,0,-0.17513762,-0.146989,-3.7459342,RNF144A,LMC,BHLHE40,bHLH
3056,1,-0.8933479,-0.52757335,-5.5076947,TNFAIP8L2,MEF,CUX1,Homeobox
2840,1,-0.1607576,-0.24283965,-2.3704991,SPOCD1,MEF,MAZ,Zf
1657,0,-0.25165793,-0.0023815737,1.8098814,LILRB4,LMC,MEF2A,MADS
1671,0,-0.22735961,-0.24550179,1.8299829,LMO2,LMC,MAFF,bZIP
501,1,-0.15054174,-0.24450046,-1.5413414,CDT1,MEF,GATA3,Zf
402,1,-0.3341544,-0.39005762,-1.552059,CCDC8,MEF,ELF1,ETS
973,1,-0.21907748,-0.27780795,1.8486272,FAM155A,MEF,JUND,bZIP
3085,0,-0.33639127,-0.4713425,-2.4521747,TPM2,LMC,IRF1,IRF
3214,1,0.016311714,0.00623205,1.0921217,WDR35,MEF,RFX5,HTH
2998,1,0.027763726,-0.25159925,-5.6713085,TLR7,MEF,GATA3,Zf
3206,0,-0.2507436,-0.25159925,-1.9135524,VWA1,LMC,ZEB1,Zf
2818,1,-0.21342848,-0.28884968,-2.0819426,SP3,MEF,E2F6,E2F
1015,1,-0.42348737,-0.17137949,-2.369543,FANCA,MEF,STAT1,Stat
1466,0,-0.36550322,-0.47267562,2.282222,INPP5D,LMC,PBX3,Homeobox
180,1,-0.32700178,-0.25159925,-2.244958,ARHGAP18,MEF,GATA1,Zf
2405,1,-0.056725405,-0.121736646,-2.6731308,PYHIN1,MEF,BHLHE40,bHLH
2014,0,-0.121607244,-0.24333258,1.0341421,NOS1AP,LMC,GATA3,Zf
325,1,0.027763726,-0.25159925,-8.960418,C1QB,MEF,GATA3,Zf
3167,1,-0.20454665,-0.20454665,-2.9578276,UHRF1,MEF,TEAD4,TEA
993,0,-0.08568381,-0.24450046,1.3730824,FAM213A,LMC,MAZ,Zf
2943,0,0.023197008,-0.146989,-2.6637702,TBXA2R,LMC,USF1,bHLH
202,1,-0.17513762,-0.146989,1.0118848,ARID5A,MEF,BHLHE40,bHLH
3082,0,0.016314197,-0.13941021,-1.8846053,TPBG,LMC,USF1,bHLH
3171,0,-0.28616667,-0.25693348,1.9846693,UNC13D,LMC,E2F6,E2F
2102,0,-0.2583255,-0.12410606,2.0725229,P2RY12,LMC,MEF2A,MADS
2734,0,-0.34370995,-0.24333258,-2.5573225,SLC35F2,LMC,EGR1,Zf
1472,1,-0.27070102,-0.24450046,-1.5299138,IQGAP2,MEF,GATA2,Zf
2911,0,-0.39205822,-0.27780795,1.1780914,SYNE2,LMC,MAFK,bZIP
693,0,-0.42348737,-0.17137949,-1.0231155,CUL7,LMC,STAT1,Stat
1146,1,-0.22735961,-0.24550179,-1.5857913,GAMT,MEF,MAFF,bZIP
499,1,0.22652079,-0.2053601,-1.2301211,CDR2L,MEF,FOXA1,Forkhead
386,1,-0.21907748,-0.27780795,1.0238707,CCDC122,MEF,JUND,bZIP
448,1,-0.062780954,-0.24333258,-7.077686,CD37,MEF,SP1,Zf
2125,0,-0.48430756,-0.24313685,1.6744419,PARP14,LMC,STAT1,Stat
1486,1,-0.25436184,-0.25436184,-1.1396953,ISYNA1,MEF,TEAD4,TEA
2752,1,-0.12554857,-0.24550179,1.4064586,SLC4A8,MEF,JUND,bZIP
2369,1,-0.1505293,-0.1342841,3.4115245,PTCHD2,MEF,USF2,bHLH
2129,1,-0.29360482,-0.13941021,1.7958703,PAX1,MEF,TCF12,bHLH
2195,0,-0.5069276,-0.27780795,1.3882145,PGAP1,LMC,ATF2,bZIP
763,1,-0.19379956,-0.22810093,2.0220814,DLG2,MEF,ATF2,bZIP
1665,1,-0.29360482,-0.13941021,-1.0906605,LIPA,MEF,TCF12,bHLH
2797,1,-0.29979625,-0.24283965,1.207182,SNX16,MEF,GATA1,Zf
1504,0,-0.46016192,-0.24450046,1.9866703,ITM2A,LMC,EGR1,Zf
2358,0,-0.057535224,-0.27780795,-1.326662,PRTG,LMC,BACH1,bZIP
2725,0,-0.08568381,-0.24450046,1.1413072,SLC2A13,LMC,MAZ,Zf
2254,1,-0.32700178,-0.25159925,-1.7462673,PLEKHO1,MEF,GATA1,Zf
2588,1,-0.2185933,-0.3794154,1.6087468,SCN3B,MEF,IRF1,IRF
1210,1,-0.009364229,-0.17137949,-1.356024,GMIP,MEF,STAT3,Stat
2234,1,-0.12554857,-0.24550179,4.1999607,PLAGL1,MEF,JUND,bZIP
3166,1,-0.2913164,-0.42379856,2.1184819,UGP2,MEF,NANOG,Homeobox
1794,0,-0.35028386,-0.4067228,1.9649539,MCTP1,LMC,NANOG,Homeobox
585,0,-0.7695519,-0.25159925,1.6729612,CLU,LMC,ZBTB33,Zf
257,0,-0.0013588448,-0.24283965,-1.6855565,B3GNT5,LMC,CTCF,Zf
2533,0,-0.37527534,-0.37527534,1.3545946,RPP25,LMC,NRF1,NRF
2777,0,-0.3625331,-0.38195667,1.3346709,SMARCA2,LMC,GABPA,ETS
2349,1,-0.39205822,-0.27780795,-2.0119624,PRRT2,MEF,MAFK,bZIP
2005,1,-0.34370995,-0.24333258,-1.774617,NME2,MEF,EGR1,Zf
2439,1,-0.33639127,-0.4713425,-1.1696179,RALGPS2,MEF,IRF1,IRF
1778,1,-0.2678836,-0.24283965,-2.735698,MATN3,MEF,SP1,Zf
373,0,0.08411567,-0.24550179,1.1052054,CAT,LMC,BACH1,bZIP
2167,1,-0.17513762,-0.146989,-1.033388,PDE4A,MEF,BHLHE40,bHLH
3219,1,-0.20953742,-0.22249272,1.7909031,WFDC3,MEF,MAZ,Zf
889,1,-0.3625331,-0.38195667,-1.1103865,EMX2OS,MEF,GABPA,ETS
46,1,-0.120565586,-0.1342841,-3.1549952,ADAM12,MEF,MAX,bHLH
2111,1,-0.38059002,-0.38059002,-1.24494,PADI2,MEF,PAX5,"Paired,Homeobox"
2481,1,-0.2913164,-0.42379856,1.3701171,REC8,MEF,NANOG,Homeobox
2816,1,-0.2064243,-0.25159925,-4.212423,SP110,MEF,YY1,Zf
1828,0,-0.14976743,-0.22810093,1.4928061,MICALCL,LMC,FOSL2,bZIP
3111,1,-0.2913164,-0.42379856,-2.1616786,TRIP13,MEF,NANOG,Homeobox
2034,1,-0.3777494,-0.24283965,1.6902243,NR3C2,MEF,EGR1,Zf
873,0,-0.20953742,-0.22249272,2.3173335,EGR3,LMC,MAZ,Zf
525,0,-0.07449697,-0.25159925,-1.5079637,CEP55,LMC,CTCF,Zf
916,1,-0.07449697,-0.25159925,3.3183403,ERBB4,MEF,CTCF,Zf
55,0,0.0745308,-0.10944186,-1.0257783,ADAMTS10,LMC,FOXA2,Forkhead
392,0,-0.25341198,-0.22810093,-1.5992931,CCDC18,LMC,ATF3,bZIP
1642,0,-0.0005437653,-0.1342841,1.3346491,LFNG,LMC,USF1,bHLH
2386,1,-0.2470073,-0.39005762,-5.8584,PTPN6,MEF,ETS1,ETS
468,1,0.027763726,-0.25159925,-1.3716766,CDC42EP2,MEF,GATA3,Zf
1468,1,-0.1607576,-0.24283965,3.66333,INSC,MEF,MAZ,Zf
956,0,0.08411567,-0.24550179,1.4034448,FABP5,LMC,BACH1,bZIP
2107,1,-0.2300118,-0.25159925,1.1910483,P4HTM,MEF,MAZ,Zf
218,0,-0.24165441,-0.29509667,-1.3121011,ARTN,LMC,JUND,bZIP
2628,0,-0.049117733,-0.13941021,2.6170738,SERPING1,LMC,MAX,bHLH
292,0,-0.48430756,-0.24313685,-2.4256275,BHLHE22,LMC,STAT1,Stat
1420,1,-0.08106524,-0.08106524,-1.1545213,IGF2BP2,MEF,TEAD4,TEA
1750,0,-0.63670325,-0.21953267,-1.3566232,MAMSTR,LMC,FOXM1,Forkhead
835,1,-0.21459776,-0.24333258,-1.7441338,E2F7,MEF,MAZ,Zf
3137,1,-0.7844056,-0.2053601,-2.5206616,TTK,MEF,FOXM1,Forkhead
963,0,0.041926194,-0.24283965,1.3799479,FAM105A,LMC,GATA3,Zf
340,1,-0.25436184,-0.25436184,-1.3618382,CACNA1G,MEF,TEAD4,TEA
992,1,-0.74316007,-0.3794154,1.0064623,FAM212B,MEF,IRF3,IRF
2454,0,-0.15812221,-0.22249272,2.2596931,RASEF,LMC,YY1,Zf
30,1,-0.10505258,-0.1342841,-1.6896966,ACOT4,MEF,BHLHE40,bHLH
479,0,-0.3610153,-0.22249272,4.506826,CDH1,LMC,EGR1,Zf
631,1,-0.5315311,-0.5315311,-1.0453374,CORO1C,MEF,PAX5,"Paired,Homeobox"
2705,0,-0.0013588448,-0.24283965,1.2930623,SLC18A1,LMC,CTCF,Zf
2608,1,-0.8875255,-0.25471953,2.1160233,SEMA3C,MEF,BATF,bZIP
1988,1,-0.34370995,-0.24333258,1.1322362,NHLRC1,MEF,EGR1,Zf
1704,1,0.03645469,-0.22810093,1.466193,LRRC4,MEF,BACH1,bZIP
920,0,-0.3777494,-0.24283965,2.3110852,ESAM,LMC,EGR1,Zf
2660,1,0.06421617,-0.24450046,-2.911555,SHCBP1,MEF,CTCF,Zf
3078,1,-0.2470073,-0.39005762,-2.8886466,TOP2A,MEF,ETS1,ETS
919,1,0.06421617,-0.24450046,2.245733,ERICH2,MEF,CTCF,Zf
1552,1,-0.38278377,-0.42379856,2.3264887,KCNK2,MEF,PBX3,Homeobox
1068,1,0.03116794,-0.22249272,-1.1945556,FIBIN,MEF,CTCF,Zf
1598,1,-0.15764365,-0.14792581,3.3973646,KLHL40,MEF,RFX5,HTH
2716,0,-0.7844056,-0.2053601,1.2643375,SLC25A45,LMC,FOXM1,Forkhead
2416,0,-0.120565586,-0.1342841,-2.3170738,RAB27A,LMC,MAX,bHLH
2478,0,-0.121607244,-0.24333258,-1.0574901,RCN1,LMC,GATA3,Zf
988,1,-0.32700178,-0.25159925,1.5712413,FAM19A3,MEF,GATA1,Zf
911,1,0.011842721,-0.21953267,1.4092617,EPN3,MEF,FOXA1,Forkhead
553,0,-0.7485091,-0.20371658,-1.1679317,CHST2,LMC,FOXM1,Forkhead
445,1,-0.29687634,-0.29687634,-3.5008187,CD33,MEF,PAX5,"Paired,Homeobox"
1759,0,-0.0061152284,-0.10008492,-1.2019571,MAP2K6,LMC,USF1,bHLH
1411,1,-0.14989896,-0.14989896,-1.6255398,IDH2,MEF,TEAD4,TEA
463,0,-0.34278938,-0.41931188,2.0748477,CD93,LMC,ELF1,ETS
639,0,-0.2064243,-0.25159925,2.0881393,CPNE5,LMC,YY1,Zf
1323,0,-0.058015816,-0.18281521,1.1139588,HEG1,LMC,STAT3,Stat
2177,0,-0.2678836,-0.24283965,-1.0390031,PDIA5,LMC,SP1,Zf
1244,1,-0.28616667,-0.25693348,-2.028512,GPR155,MEF,E2F6,E2F
291,1,-0.28899637,-0.29509667,1.8680252,BHLHA15,MEF,MAFF,bZIP
1032,0,0.13713937,-0.20371658,-1.4661738,FBXO16,LMC,FOXA1,Forkhead
2409,0,-0.2838714,-0.47267562,1.1963438,RAB11FIP1,LMC,NANOG,Homeobox
497,0,-0.541412,-0.25159925,-1.7681893,CDO1,LMC,EGR1,Zf
1026,0,0.06421617,-0.24450046,-1.7899914,FBLN7,LMC,CTCF,Zf
1671,0,-0.35390377,-0.22810093,1.8299829,LMO2,LMC,ATF1,bZIP
970,1,-0.21459776,-0.24333258,-1.1733153,FAM132B,MEF,MAZ,Zf
434,0,-0.24165441,-0.29509667,2.1000423,CD180,LMC,JUND,bZIP
585,0,-0.28121933,-0.25159925,1.6729612,CLU,LMC,SP1,Zf
1172,1,-0.17513762,-0.146989,-2.5301716,GDF3,MEF,BHLHE40,bHLH
419,1,-0.058015816,-0.18281521,-1.012127,CCM2,MEF,STAT3,Stat
1346,1,-0.34370995,-0.24333258,-2.7170715,HMHA1,MEF,EGR1,Zf
2119,1,-0.0005437653,-0.1342841,1.462881,PAPLN,MEF,USF1,bHLH
521,1,-0.37601265,-0.39942494,-1.4729061,CENPU,MEF,ELF1,ETS
714,1,-0.15054174,-0.24450046,5.836115,CYP1A1,MEF,GATA3,Zf
278,1,-0.15812221,-0.22249272,1.0059072,BCL11A,MEF,YY1,Zf
2270,1,-0.120565586,-0.1342841,-3.0289903,PLXDC1,MEF,MAX,bHLH
2632,1,0.023197008,-0.146989,-2.4648864,SEZ6L2,MEF,USF1,bHLH
1478,1,-0.6928834,-0.10944186,-4.4361186,IRF8,MEF,FOXM1,Forkhead
2154,0,-0.0065755714,-0.1342841,3.9104586,PCNXL2,LMC,MYOG,bHLH
1662,0,-0.08106524,-0.08106524,-1.7920642,LIN7A,LMC,TEAD4,TEA
3005,0,0.03645469,-0.22810093,-1.1154159,TMC7,LMC,BACH1,bZIP
1204,1,-0.009364229,-0.17137949,-2.297817,GLIPR2,MEF,STAT3,Stat
1612,1,-0.13149443,-0.22249272,-1.2025015,KYNU,MEF,SP1,Zf
1181,1,-0.37601265,-0.39942494,3.4981608,GFRA3,MEF,ELF1,ETS
439,0,0.03116794,-0.22249272,2.3953223,CD28,LMC,CTCF,Zf
2011,0,-0.37527534,-0.37527534,1.146378,NOD1,LMC,NRF1,NRF
2251,0,-0.2300118,-0.25159925,-2.0370564,PLEKHG4,LMC,MAZ,Zf
2619,1,-0.13559982,-0.10008492,1.4399177,SERP2,MEF,MAX,bHLH
2301,0,-0.36812532,-0.36812532,-1.3081778,PPAP2A,LMC,NRF1,NRF
993,1,-0.17513762,-0.146989,1.2556348,FAM213A,MEF,BHLHE40,bHLH
1473,1,-0.7485091,-0.20371658,-2.926151,IQGAP3,MEF,FOXM1,Forkhead
1628,0,-0.26816452,-0.121736646,-1.0319375,LBR,LMC,TCF12,bHLH
151,0,-0.9526392,-0.4653868,-1.2578008,ANXA6,LMC,IRF3,IRF
937,1,-0.34029287,-0.28884968,1.4276764,EXOC3,MEF,E2F4,E2F
115,1,-0.15019357,-0.27780795,-1.468537,ALDH3B1,MEF,MAFF,bZIP
2492,1,-0.38059002,-0.38059002,-1.8323796,RGS16,MEF,PAX5,"Paired,Homeobox"
1023,0,-0.34370995,-0.24333258,-2.497806,FBLN1,LMC,EGR1,Zf
1879,0,-0.39205822,-0.27780795,2.499849,MS4A7,LMC,MAFK,bZIP
3137,1,-0.40605056,-0.25471953,-2.5206616,TTK,MEF,ATF2,bZIP
1582,1,-0.19379956,-0.22810093,1.0983452,KIF9,MEF,ATF2,bZIP
1981,1,-0.2913164,-0.42379856,4.3576717,NFASC,MEF,NANOG,Homeobox
1881,1,-0.33296144,-0.24550179,1.0524545,MSI2,MEF,MAFK,bZIP
583,1,-0.29414836,-0.26135686,-2.540675,CLSPN,MEF,E2F6,E2F
1727,1,-0.45963168,-0.45963168,-1.39508,LY75,MEF,TCF3,HMG
43,0,-0.40533945,-0.39005762,-1.0422277,ACY1,LMC,GABPA,ETS
2140,0,-0.34029287,-0.28884968,-1.5070939,PCDH9,LMC,E2F4,E2F
1282,0,-0.16561359,-0.22810093,-2.7690012,GRIK1,LMC,JUND,bZIP
1789,1,-0.08106524,-0.08106524,-2.0146992,MCM3,MEF,TEAD4,TEA
585,0,-0.09351536,-0.24313685,1.6729612,CLU,LMC,STAT3,Stat
3046,0,-0.11649651,-0.25471953,2.2893217,TMEM59L,LMC,JUND,bZIP
2023,1,-0.09351536,-0.24313685,-1.3435223,NPEPL1,MEF,STAT3,Stat
2499,1,-0.20953742,-0.22249272,1.4563129,RHBDL2,MEF,MAZ,Zf
1163,1,-0.40605056,-0.25471953,1.3765935,GCH1,MEF,ATF2,bZIP
2523,0,-0.28616667,-0.25693348,-1.1712776,RNF207,LMC,E2F6,E2F
1660,0,-0.13149443,-0.22249272,-1.1322662,LIMK1,LMC,SP1,Zf
2413,0,0.22652079,-0.2053601,1.2538403,RAB20,LMC,FOXA1,Forkhead
2491,1,-0.29979625,-0.24283965,-3.6550782,RGS10,MEF,GATA1,Zf
1531,1,-0.4467859,-0.3917693,1.9358693,KCNB1,MEF,ELK1,ETS
1215,0,-0.33296144,-0.24550179,-1.0471468,GNG10,LMC,MAFK,bZIP
166,0,-0.16941127,-0.25471953,2.4277377,APOC1,LMC,FOS,bZIP
1542,0,-0.43345997,-0.22249272,2.0720127,KCNIP2,LMC,ZNF263,Zf
673,0,-0.13149443,-0.22249272,-2.225754,CSRP2,LMC,SP1,Zf
1189,1,-0.69426614,-0.4713425,1.736382,GIMAP6,MEF,IRF3,IRF
478,1,-0.2808588,-0.24283965,-1.505004,CDCA8,MEF,ZEB1,Zf
3159,1,-0.37601265,-0.39942494,-1.1776502,UBASH3B,MEF,ELF1,ETS
2133,1,-0.38339126,-0.24550179,-2.607935,PBK,MEF,ATF2,bZIP
2833,0,-0.01444126,-0.17255645,2.0447345,SPI1,LMC,STAT3,Stat
38,0,-0.19379956,-0.22810093,-2.4281116,ACTA2,LMC,ATF2,bZIP
2990,0,-0.28899637,-0.29509667,-1.6426313,TK1,LMC,MAFF,bZIP
1358,0,-0.4776695,-0.22249272,-1.7556304,HOXA3,LMC,ZKSCAN1,Zf
947,0,-0.0013588448,-0.24283965,1.1056063,F11R,LMC,CTCF,Zf
2992,0,-0.21342848,-0.28884968,-1.5962096,TLE2,LMC,E2F6,E2F
196,0,-0.1666823,-0.13941021,2.1632407,ARHGEF37,LMC,USF2,bHLH
1209,1,-0.1124492,-0.24333258,-2.8732285,GMFG,MEF,CTCF,Zf
1372,1,-0.0061152284,-0.10008492,3.7981417,HOXC11,MEF,USF1,bHLH
284,1,-0.12447846,-0.22249272,3.119349,BEND5,MEF,GATA2,Zf
121,1,-0.049117733,-0.13941021,2.0530162,ALPL,MEF,MAX,bHLH
739,1,-0.1505293,-0.1342841,1.5737567,DDN,MEF,USF2,bHLH
1246,0,0.0745308,-0.10944186,1.710225,GPR160,LMC,FOXA2,Forkhead
2606,0,-0.2859068,-0.146989,-1.18342,SEMA3A,LMC,TCF12,bHLH
1714,1,-0.13149443,-0.22249272,1.5735432,LRRTM3,MEF,SP1,Zf
2449,1,-0.3341544,-0.39005762,2.0997539,RARB,MEF,ELF1,ETS
2982,0,-0.08568381,-0.24450046,-1.484277,TICRR,LMC,MAZ,Zf
3056,1,-0.10369535,-0.10008492,-5.5076947,TNFAIP8L2,MEF,BHLHE40,bHLH
926,1,-0.32700178,-0.25159925,-1.3294209,ESYT1,MEF,GATA1,Zf
1566,1,-0.058015816,-0.18281521,-2.457014,KIF11,MEF,STAT3,Stat
2973,1,-0.10827843,-0.121736646,2.4207997,TGM5,MEF,USF2,bHLH
1424,1,-0.19379956,-0.22810093,-2.5096278,IGFBP6,MEF,ATF2,bZIP
454,0,-0.19379956,-0.22810093,2.0241923,CD68,LMC,ATF2,bZIP
1075,0,-0.33080074,-0.22810093,1.706394,FLI1,LMC,MAFK,bZIP
3059,1,0.06421617,-0.24450046,2.9543939,TNFRSF11B,MEF,CTCF,Zf
2160,0,-0.26816452,-0.121736646,-1.2122647,PCYOX1L,LMC,TCF12,bHLH
2750,0,-0.17853236,-0.13941021,1.0977395,SLC46A3,LMC,MYOG,bHLH
1221,1,-0.1124492,-0.24333258,1.7337681,GORAB,MEF,CTCF,Zf
2187,1,-0.22240412,-0.10008492,2.418656,PERP,MEF,TCF12,bHLH
33,0,-0.35318726,-0.41931188,-1.134941,ACSL3,LMC,ELK1,ETS
3187,1,-0.2997486,-0.24333258,-1.1646138,VASH2,MEF,ZNF263,Zf
636,1,0.22652079,-0.2053601,4.2352395,CP,MEF,FOXA1,Forkhead
1988,1,-0.34304273,-0.52757335,1.1322362,NHLRC1,MEF,NANOG,Homeobox
2694,0,-0.30779734,-0.3917693,1.2064933,SLC16A10,LMC,ETS1,ETS
2070,0,-0.37167174,-0.29509667,2.3798885,OAS2,LMC,ATF2,bZIP
1780,0,-0.009410201,-0.10008492,-1.1029267,MBOAT2,LMC,USF2,bHLH
1019,1,-0.10369535,-0.10008492,1.5855696,FAS,MEF,BHLHE40,bHLH
1960,1,-0.36102507,-0.24550179,1.2484365,NDRG2,MEF,ATF1,bZIP
2807,0,-0.34029287,-0.28884968,1.3982675,SORL1,LMC,E2F4,E2F
3085,1,-0.03437175,-0.039668236,-1.4613433,TPM2,MEF,RFX5,HTH
1732,1,-0.057535224,-0.27780795,2.3527544,LYPD6B,MEF,BACH1,bZIP
267,0,-0.40533945,-0.39005762,1.9370828,BAI2,LMC,GABPA,ETS
2897,0,-0.48430756,-0.24313685,-1.1073521,STYK1,LMC,STAT1,Stat
2800,1,-0.10827843,-0.121736646,-1.0965823,SOAT1,MEF,USF2,bHLH
2233,1,-0.049117733,-0.13941021,-5.6620755,PLAC8,MEF,MAX,bHLH
986,0,-0.22746871,-0.25187832,-2.5718875,FAM198A,LMC,E2F6,E2F
516,1,-0.3076643,-0.4621776,-2.1930854,CENPM,MEF,IRF1,IRF
507,1,-0.17407607,-0.121736646,2.1484113,CELSR2,MEF,MAX,bHLH
2000,0,-0.5313326,-0.24450046,1.5370079,NLRC3,LMC,ZKSCAN1,Zf
1490,1,-0.36645967,-0.22249272,1.2707528,ITGA3,MEF,ZEB1,Zf
176,0,-0.2997486,-0.24333258,1.6893245,ARAP3,LMC,ZNF263,Zf
1350,0,-0.29979625,-0.24283965,1.3456764,HNMT,LMC,GATA1,Zf
2802,0,-0.34370995,-0.24333258,1.0155102,SOCS6,LMC,EGR1,Zf
2315,1,-0.4409798,-0.24450046,1.05039,PPP1R26,MEF,ZEB1,Zf
2333,1,-0.2727483,-0.2712014,2.1173315,PRKAA2,MEF,E2F6,E2F
2462,1,-0.37167174,-0.29509667,-1.2738879,RASSF2,MEF,ATF2,bZIP
761,0,-0.18911669,-0.17782252,1.9633294,DKKL1,LMC,FOXA2,Forkhead
2488,1,-0.65735245,-0.17782252,-1.8506032,RGCC,MEF,FOXM1,Forkhead
2008,1,-0.2790477,-0.25471953,2.8155317,NMU,MEF,MAFF,bZIP
423,1,-0.17150766,-0.17150766,-1.0207582,CCNE1,MEF,TEAD4,TEA
1623,1,-0.13149443,-0.22249272,-7.952874,LAPTM5,MEF,SP1,Zf
1417,1,-0.08568381,-0.24450046,-1.8870503,IGF1,MEF,MAZ,Zf
57,1,-0.0017048104,-0.121736646,-3.2352571,ADAMTS14,MEF,MYOG,bHLH
2239,0,-0.11649651,-0.25471953,2.2984276,PLCE1,LMC,JUND,bZIP
2850,1,-0.08568381,-0.24450046,1.1574836,SQRDL,MEF,MAZ,Zf
3265,1,-0.40605056,-0.25471953,-1.2940427,ZRANB3,MEF,ATF2,bZIP
1984,1,-0.40787458,-0.3917693,-1.7410284,NFKBID,MEF,GABPA,ETS
526,0,-0.21459776,-0.24333258,-1.5504444,CEP72,LMC,MAZ,Zf
1226,1,0.018755239,0.02968777,-1.02046,GPC2,MEF,RFX5,HTH
242,1,-0.32700178,-0.25159925,-1.7413437,ATP2A3,MEF,GATA1,Zf
1274,1,-0.16561359,-0.22810093,-1.1314675,GRB10,MEF,JUND,bZIP
1499,0,-0.065101475,-0.08148018,1.620772,ITGB4,LMC,RFX5,HTH
1879,1,-0.3773888,-0.18281521,-8.843497,MS4A7,MEF,STAT1,Stat
893,1,-0.3430542,-0.3430542,1.0541712,ENDOD1,MEF,PAX5,"Paired,Homeobox"
2458,0,-0.14724034,-0.14724034,-1.8068208,RASGRP1,LMC,EBF1,EBF
468,1,-0.23244992,-0.52757335,-1.3716766,CDC42EP2,MEF,PBX3,Homeobox
1600,1,-0.0013588448,-0.24283965,1.5696979,KLHL8,MEF,CTCF,Zf
3139,1,0.011842721,-0.21953267,1.5869603,TTLL6,MEF,FOXA1,Forkhead
2497,1,-0.33080074,-0.22810093,2.7098773,RGS6,MEF,MAFK,bZIP
2727,0,-0.20953742,-0.22249272,-3.1119766,SLC2A4,LMC,MAZ,Zf
2380,0,-0.3058912,-0.24283965,-3.6548302,PTN,LMC,YY1,Zf
511,0,-0.7485091,-0.20371658,-2.0281026,CENPE,LMC,FOXM1,Forkhead
2917,0,-0.36550322,-0.47267562,-1.4203287,SYT1,LMC,PBX3,Homeobox
827,0,0.06421617,-0.24450046,1.3163043,DUSP6,LMC,CTCF,Zf
280,1,-0.74316007,-0.3794154,-1.1130936,BCL2L11,MEF,IRF3,IRF
1162,1,-0.03437175,-0.039668236,1.5318578,GCA,MEF,RFX5,HTH
2257,0,-0.3341544,-0.39005762,-1.7880105,PLIN4,LMC,ELF1,ETS
210,1,0.22652079,-0.2053601,-1.0362118,ARRB1,MEF,FOXA1,Forkhead
455,0,-0.3076643,-0.4621776,2.6942828,CD69,LMC,IRF1,IRF
2562,0,-0.08974322,-0.146989,2.5597765,S100A8,LMC,MAX,bHLH
796,0,-0.19842377,-0.50137913,1.3039615,DOCK8,LMC,NANOG,Homeobox
711,1,-0.17407607,-0.121736646,2.1121793,CYBRD1,MEF,MAX,bHLH
2906,1,-0.18621291,-0.24333258,1.5150865,SVOP,MEF,YY1,Zf
2672,1,-0.32700178,-0.25159925,-2.3944552,SIPA1,MEF,GATA1,Zf
2588,1,-0.21301334,-0.25187832,1.6087468,SCN3B,MEF,E2F4,E2F
2800,0,-0.2185933,-0.3794154,1.1069503,SOAT1,LMC,IRF1,IRF
2349,0,-0.09351536,-0.24313685,-1.1556536,PRRT2,LMC,STAT3,Stat
322,0,-0.21342848,-0.28884968,-1.9591644,BZRAP1,LMC,E2F6,E2F
344,1,-0.541412,-0.25159925,1.0837282,CACNA2D2,MEF,EGR1,Zf
3232,1,-0.1689725,-0.13941021,1.9669788,WNT5B,MEF,BHLHE40,bHLH
2559,1,-0.0317704,-0.39942494,-1.0411946,S100A10,MEF,ELK4,ETS
1824,1,-0.34029287,-0.28884968,3.1939304,MGP,MEF,E2F4,E2F
728,0,-0.08974322,-0.146989,-1.0895112,DCBLD1,LMC,MAX,bHLH
3199,1,-0.2185933,-0.3794154,1.1633813,VKORC1,MEF,IRF1,IRF
759,0,-0.44224238,-0.29509667,-1.0099353,DIXDC1,LMC,MAFK,bZIP
1949,1,-0.049117733,-0.13941021,-1.5197695,NCAPH,MEF,MAX,bHLH
631,1,-0.15054174,-0.24450046,-1.0453374,CORO1C,MEF,GATA3,Zf
3169,0,0.028543921,-0.29509667,1.1945924,UNC13B,LMC,BACH1,bZIP
233,0,0.07771543,-0.1980394,1.1636925,ATF6,LMC,STAT3,Stat
3129,0,-0.35806254,-0.38195667,-1.6556222,TSPAN2,LMC,ETS1,ETS
1032,0,-0.18621291,-0.24333258,-1.4661738,FBXO16,LMC,YY1,Zf
3199,1,-0.22028713,-0.38195667,1.1633813,VKORC1,MEF,ELK4,ETS
470,1,-0.049117733,-0.13941021,-2.258905,CDC42EP5,MEF,MAX,bHLH
1989,0,-0.28616667,-0.25693348,-1.2453166,NHS,LMC,E2F6,E2F
3028,1,-0.3777494,-0.24283965,-1.0065502,TMEM191C,MEF,EGR1,Zf
3084,1,-0.17853236,-0.13941021,2.0897598,TPH2,MEF,MYOG,bHLH
438,1,-0.29687634,-0.29687634,-3.803102,CD244,MEF,PAX5,"Paired,Homeobox"
2827,1,-0.51637894,-0.42379856,-2.0004928,SPC24,MEF,CUX1,Homeobox
694,1,0.08411567,-0.24550179,-1.0187942,CUX1,MEF,BACH1,bZIP
2586,1,-0.28616667,-0.25693348,1.4499005,SCN1B,MEF,E2F6,E2F
2779,1,-0.2678836,-0.24283965,1.101585,SMIM8,MEF,SP1,Zf
1206,0,-0.2727483,-0.2712014,-1.2241191,GLIS3,LMC,E2F6,E2F
2742,0,-0.41320115,-0.25471953,1.4623579,SLC39A8,LMC,ATF1,bZIP
1574,1,-0.21907748,-0.27780795,-2.4750273,KIF23,MEF,JUND,bZIP
1948,1,-0.1826178,-0.24450046,-2.1928997,NCAPG2,MEF,SP1,Zf
3003,1,-0.21918109,-0.21918109,-3.9932933,TM6SF1,MEF,TCF3,HMG
1277,1,-0.3076643,-0.4621776,3.212005,GRHL1,MEF,IRF1,IRF
2810,1,-0.38278377,-0.42379856,-2.681507,SOX12,MEF,PBX3,Homeobox
2604,1,-0.2808588,-0.24283965,-5.649154,SEL1L3,MEF,ZEB1,Zf
2436,1,0.027763726,-0.25159925,-1.7905334,RAD54L,MEF,GATA3,Zf
2938,1,-0.3474289,-0.29509667,1.8867676,TBX18,MEF,ATF1,bZIP
176,1,-0.33058694,-0.3917693,-5.3653564,ARAP3,MEF,ELF1,ETS
3007,1,-0.30779734,-0.3917693,-2.8485968,TMEM106A,MEF,ETS1,ETS
279,1,-0.2678836,-0.24283965,1.0185626,BCL11B,MEF,SP1,Zf
862,1,-0.25436184,-0.25436184,2.8456967,EFNA1,MEF,TEAD4,TEA
2641,0,-0.01444126,-0.17255645,-1.302446,SGOL2,LMC,STAT3,Stat
864,1,-0.40605056,-0.25471953,1.3383828,EFNA5,MEF,ATF2,bZIP
1791,1,0.07771543,-0.1980394,-1.8528816,MCM6,MEF,STAT3,Stat
2046,0,-0.17853236,-0.13941021,-1.0411365,NT5C3B,LMC,MYOG,bHLH
2047,1,0.08411567,-0.24550179,-3.1861043,NT5DC2,MEF,BACH1,bZIP
2845,0,-0.169331,-0.25693348,-1.1286079,SPRY1,LMC,E2F4,E2F
1643,1,-0.38057798,-0.24450046,-1.383364,LGALS3,MEF,GATA1,Zf
1939,1,-0.64209527,-0.1980394,1.0546967,NAPB,MEF,STAT1,Stat
2255,0,-0.42519194,-0.24333258,4.804731,PLET1,LMC,GATA1,Zf
3034,0,-0.3070402,-0.24450046,-1.6349095,TMEM246,LMC,YY1,Zf
934,1,-0.39804247,-0.17255645,-4.119745,EVI2B,MEF,STAT1,Stat
2866,0,-0.11649651,-0.25471953,-3.4547288,ST8SIA2,LMC,JUND,bZIP
2321,0,0.016311714,0.00623205,-2.1748042,PPP4R4,LMC,RFX5,HTH
496,1,-0.33058694,-0.3917693,-2.2888286,CDKN3,MEF,ELF1,ETS
492,0,-0.45038855,-0.39942494,-1.4240875,CDKL1,LMC,GABPA,ETS
2059,1,-0.16941127,-0.25471953,-1.3955164,NUP210L,MEF,FOS,bZIP
906,1,-0.11649651,-0.25471953,-1.1253309,EPHA4,MEF,JUND,bZIP
1469,0,-0.19239004,-0.26135686,-1.3461412,INSIG1,LMC,E2F4,E2F
1970,0,0.07771543,-0.1980394,-1.5624936,NEK2,LMC,STAT3,Stat
1762,0,-0.3869897,-0.39942494,1.0892361,MAP3K8,LMC,ETS1,ETS
864,1,-0.5856867,-0.25187832,1.3383828,EFNA5,MEF,E2F1,E2F
2167,0,-0.08974322,-0.146989,-1.4760718,PDE4A,LMC,MAX,bHLH
2734,0,-0.65183055,-0.47267562,-2.5573225,SLC35F2,LMC,CUX1,Homeobox
2133,1,-0.3625331,-0.38195667,-2.607935,PBK,MEF,GABPA,ETS
1388,0,-0.3070402,-0.24450046,1.3629756,HRASLS,LMC,YY1,Zf
169,1,-0.33639127,-0.4713425,-4.8506866,APOE,MEF,IRF1,IRF
3026,0,-0.15764365,-0.14792581,1.2060415,TMEM180,LMC,RFX5,HTH
2185,1,-0.4420254,-0.26135686,-1.7224369,PEG10,MEF,E2F1,E2F
181,0,-0.17150766,-0.17150766,1.7860496,ARHGAP19,LMC,TEAD4,TEA
1984,1,-0.17513762,-0.146989,-1.7410284,NFKBID,MEF,BHLHE40,bHLH
2382,0,-0.3869897,-0.39942494,1.0109676,PTPN13,LMC,ETS1,ETS
2831,0,-0.18911669,-0.17782252,-1.2344358,SPHK1,LMC,FOXA2,Forkhead
821,1,-0.2678836,-0.24283965,-1.138244,DTX4,MEF,SP1,Zf
693,0,-0.2470073,-0.39005762,-1.0231155,CUL7,LMC,ETS1,ETS
392,0,-0.65735245,-0.17782252,-1.5992931,CCDC18,LMC,FOXM1,Forkhead
1041,1,-0.41913924,-0.24333258,-7.637874,FCGR2B,MEF,ZBTB33,Zf
242,1,-0.440717,-0.25471953,-1.7413437,ATP2A3,MEF,MAFK,bZIP
750,1,-0.26816452,-0.121736646,2.637599,DERL3,MEF,TCF12,bHLH
2358,1,0.03116794,-0.22249272,-1.7067689,PRTG,MEF,CTCF,Zf
2224,1,0.028543921,-0.29509667,-2.260149,PKMYT1,MEF,BACH1,bZIP
1039,1,-0.09351536,-0.24313685,1.1082104,FBXO7,MEF,STAT3,Stat
906,0,-0.058015816,-0.18281521,-1.4759874,EPHA4,LMC,STAT3,Stat
292,0,-0.37698567,-0.4067228,-2.4256275,BHLHE22,LMC,PBX3,Homeobox
2540,1,-0.32700178,-0.25159925,2.2565928,RRAGB,MEF,GATA1,Zf
2567,1,-0.08568381,-0.24450046,3.8292215,SALL1,MEF,MAZ,Zf
1264,0,-0.89867353,-0.24450046,1.8109362,GPR88,LMC,BCL11A,Zf
523,1,-0.08106524,-0.08106524,-1.0277461,CENPW,MEF,TEAD4,TEA
2218,1,0.016311714,0.00623205,1.3815172,PIP5K1B,MEF,RFX5,HTH
698,0,-0.10505258,-0.1342841,2.1743443,CXADR,LMC,BHLHE40,bHLH
103,1,-0.056725405,-0.121736646,-1.3921585,AKAP12,MEF,BHLHE40,bHLH
1075,1,-0.26692143,-0.26692143,-1.5137855,FLI1,MEF,EBF1,EBF
854,1,-0.26737517,-0.25159925,-1.885986,EEPD1,MEF,ZKSCAN1,Zf
2341,1,-0.049117733,-0.13941021,-1.5975578,PROKR2,MEF,MAX,bHLH
693,0,-0.10827843,-0.121736646,-1.0231155,CUL7,LMC,USF2,bHLH
1654,1,-0.2300118,-0.25159925,1.719391,LIF,MEF,MAZ,Zf
2864,0,-0.3341544,-0.39005762,-1.6119914,ST6GALNAC3,LMC,ELF1,ETS
1623,0,-0.35453734,-0.24333258,2.135228,LAPTM5,LMC,ZKSCAN1,Zf
1702,1,-0.27070102,-0.24450046,1.395704,LRRC39,MEF,GATA2,Zf
1071,1,-0.0013588448,-0.24283965,-1.670598,FIGNL2,MEF,CTCF,Zf
584,0,-0.2849582,-0.2849582,1.8429216,CLSTN3,LMC,EBF1,EBF
645,1,-0.35028386,-0.4067228,2.2899835,CRABP2,MEF,NANOG,Homeobox
906,0,0.018755239,0.02968777,-1.4759874,EPHA4,LMC,RFX5,HTH
1237,0,-0.20953742,-0.22249272,-1.0928826,GPR125,LMC,MAZ,Zf
2583,0,-0.7979473,-0.24283965,-2.5472686,SCML2,LMC,SP2,Zf
1701,0,-0.3625331,-0.38195667,-1.2529169,LRRC3,LMC,GABPA,ETS
937,1,-0.049117733,-0.13941021,1.4276764,EXOC3,MEF,MAX,bHLH
364,1,-0.049117733,-0.13941021,1.1463557,CAPS2,MEF,MAX,bHLH
1491,1,-0.21895796,-0.21895796,-1.4530721,ITGA5,MEF,EBF1,EBF
1804,1,-0.4409798,-0.24450046,1.6576555,MEGF9,MEF,ZEB1,Zf
1252,0,-0.4776695,-0.22249272,-2.1106544,GPR20,LMC,ZKSCAN1,Zf
2784,0,-0.3551913,-0.3551913,1.2287743,SMPDL3A,LMC,HNF4A,NR
2792,0,-0.31818998,-0.24333258,1.778019,SNHG11,LMC,ZEB1,Zf
2358,1,-0.30779734,-0.3917693,-1.7067689,PRTG,MEF,ETS1,ETS
1552,0,-0.22240412,-0.10008492,-1.455688,KCNK2,LMC,TCF12,bHLH
1799,0,-0.13149443,-0.22249272,-3.4283805,MECOM,LMC,SP1,Zf
203,1,-0.3625331,-0.38195667,-5.6908154,ARL11,MEF,GABPA,ETS
2092,0,-0.057535224,-0.27780795,1.1467197,OSGIN1,LMC,BACH1,bZIP
577,0,-0.2583255,-0.12410606,2.0264566,CLEC7A,LMC,MEF2A,MADS
1497,0,-0.51944894,-0.25159925,2.0019827,ITGB2,LMC,BCL11A,Zf
1904,1,-0.0061152284,-0.10008492,-1.3234528,MYCL,MEF,USF1,bHLH
1777,1,-0.2838714,-0.47267562,-1.1807785,MATN2,MEF,NANOG,Homeobox
1444,0,-0.3070402,-0.24450046,1.291219,IL18,LMC,YY1,Zf
1962,1,-0.058015816,-0.18281521,-1.7728351,NDST3,MEF,STAT3,Stat
548,0,-0.96395135,-0.24333258,1.6800578,CHRNA1,LMC,BCL11A,Zf
2293,0,-0.37601265,-0.39942494,-2.7335875,POM121L2,LMC,ELF1,ETS
1718,0,-0.34029287,-0.28884968,1.4920015,LSR,LMC,E2F4,E2F
2925,0,-0.22746871,-0.25187832,-1.547612,SYTL4,LMC,E2F6,E2F
1243,1,-0.19612858,-0.146989,-1.0271266,GPR153,MEF,USF2,bHLH
1412,1,-0.26188308,-0.27780795,1.1134324,IER3,MEF,FOSL2,bZIP
138,1,-0.34278938,-0.41931188,-2.2497957,ANKLE1,MEF,ELF1,ETS
2876,1,-0.23244992,-0.52757335,-2.4180818,STARD9,MEF,PBX3,Homeobox
169,0,-0.19612858,-0.146989,2.8778405,APOE,LMC,USF2,bHLH
2966,1,-0.36049217,-0.22810093,-3.5285614,TFPI2,MEF,FOS,bZIP
3217,0,-0.45963168,-0.45963168,1.1876146,WDR91,LMC,TCF3,HMG
936,1,-0.011590093,-0.22249272,-2.5236044,EXO1,MEF,GATA3,Zf
1711,0,-0.3773888,-0.18281521,1.4799604,LRRN4,LMC,STAT1,Stat
734,1,-0.08568381,-0.24450046,-1.0845644,DCTD,MEF,MAZ,Zf
1790,1,-0.09351536,-0.24313685,-2.2559693,MCM5,MEF,STAT3,Stat
435,0,-0.34278938,-0.41931188,1.1846792,CD200,LMC,ELF1,ETS
875,1,-0.39059436,-0.39059436,-1.3485354,EHHADH,MEF,HNF4A,NR
752,1,-0.3777494,-0.24283965,1.7913527,DGKG,MEF,EGR1,Zf
408,1,-0.038338926,-0.10008492,-1.9565246,CCIN,MEF,MYOG,bHLH
2008,1,-0.36049217,-0.22810093,2.8155317,NMU,MEF,FOS,bZIP
3052,0,-0.3375485,-0.1342841,-2.1325834,TNC,LMC,TCF12,bHLH
2930,1,0.018755239,0.02968777,2.516421,TACR1,MEF,RFX5,HTH
2337,0,-0.13149443,-0.22249272,1.6617084,PRKCH,LMC,SP1,Zf
786,0,0.048078425,-0.25471953,2.1619072,DNAJC6,LMC,BACH1,bZIP
2776,1,-0.009410201,-0.10008492,-4.6038027,SMAGP,MEF,USF2,bHLH
739,1,-0.6928834,-0.10944186,1.5737567,DDN,MEF,FOXM1,Forkhead
2926,1,-0.009364229,-0.17137949,-1.8483871,SYTL5,MEF,STAT3,Stat
2268,0,-0.541412,-0.25159925,1.4241343,PLTP,LMC,EGR1,Zf
1679,0,-0.30003953,-0.30003953,-1.5416106,LOXL3,LMC,NRF1,NRF
1219,1,-0.48813832,-0.3794154,-2.168562,GNGT2,MEF,IRF4,IRF
1567,1,-0.8933479,-0.52757335,-2.6418326,KIF14,MEF,CUX1,Homeobox
2457,0,0.018755239,0.02968777,1.8391725,RASGRF2,LMC,RFX5,HTH
3119,1,-0.20308916,-0.4653868,-1.3696355,TRPV2,MEF,IRF1,IRF
1835,1,-0.45038855,-0.39942494,1.2219614,MKX,MEF,GABPA,ETS
1138,0,-0.07949572,-0.21953267,1.1769226,GALC,LMC,FOXA2,Forkhead
1422,0,-0.5072217,-0.24450046,1.7266241,IGFBP4,LMC,ZBTB33,Zf
251,1,-0.3551913,-0.3551913,-2.209545,AURKA,MEF,HNF4A,NR
229,1,-0.22016564,-0.25159925,-2.8171737,ASPM,MEF,GATA2,Zf
242,1,-1.4133955,-0.3917693,-1.7413437,ATP2A3,MEF,FLI1,ETS
501,1,-0.28899637,-0.29509667,-1.5413414,CDT1,MEF,MAFF,bZIP
3185,1,-0.42519194,-0.24333258,-6.897832,UTY,MEF,GATA1,Zf
2233,1,-0.37698567,-0.4067228,-5.6620755,PLAC8,MEF,PBX3,Homeobox
2487,1,-0.44224238,-0.29509667,-1.1587616,RFTN1,MEF,MAFK,bZIP
206,1,-0.33639127,-0.4713425,-1.1483037,ARL4C,MEF,IRF1,IRF
834,1,-0.26188308,-0.27780795,-1.669616,E2F2,MEF,FOSL2,bZIP
1024,1,-0.15812221,-0.22249272,-3.0149157,FBLN2,MEF,YY1,Zf
3248,0,-0.7979473,-0.24283965,1.9725045,ZBTB8B,LMC,SP2,Zf
2168,1,-0.35453734,-0.24333258,-1.114117,PDE4B,MEF,ZKSCAN1,Zf
3060,1,0.016314197,-0.13941021,-1.6824514,TNFRSF14,MEF,USF1,bHLH
457,0,-0.37527534,-0.37527534,1.8729588,CD74,LMC,NRF1,NRF
762,0,-0.36259097,-0.38195667,1.0946444,DLEU2,LMC,ELF1,ETS
2332,0,-0.28616667,-0.25693348,-1.4515818,PRIM1,LMC,E2F6,E2F
1554,1,-0.19842377,-0.50137913,-1.7487916,KCNMA1,MEF,NANOG,Homeobox
2317,1,-0.14724034,-0.14724034,-1.3451492,PPP1R3E,MEF,EBF1,EBF
914,1,-0.3375485,-0.1342841,-3.8848941,EPSTI1,MEF,TCF12,bHLH
2139,0,-0.009410201,-0.10008492,-1.6610888,PCDH20,LMC,USF2,bHLH
1994,0,-0.08974322,-0.146989,-1.5399977,NIPAL4,LMC,MAX,bHLH
2203,1,-0.34914914,-0.27780795,-2.3934686,PHF19,MEF,FOS,bZIP
856,1,-0.18398622,-0.29509667,-2.041312,EFCAB11,MEF,ATF3,bZIP
665,1,-0.42348737,-0.17137949,-4.4421754,CSF2RB,MEF,STAT1,Stat
1994,0,-0.0013588448,-0.24283965,-1.5399977,NIPAL4,LMC,CTCF,Zf
2586,1,-0.192465,-0.27780795,1.4499005,SCN1B,MEF,ATF3,bZIP
458,0,0.016311714,0.00623205,-1.5789324,CD80,LMC,RFX5,HTH
349,1,-0.07449697,-0.25159925,3.2974133,CADM2,MEF,CTCF,Zf
2024,0,-0.11649651,-0.25471953,2.971623,NPL,LMC,JUND,bZIP
3225,1,-0.43756613,-0.41931188,5.458993,WNT10A,MEF,ETS1,ETS
82,1,-0.0061152284,-0.10008492,-2.4347596,ADRA1A,MEF,USF1,bHLH
567,0,-0.21301334,-0.25187832,-1.3147784,CLCA1,LMC,E2F4,E2F
175,0,-0.18621291,-0.24333258,1.1491375,ARAP2,LMC,YY1,Zf
1960,1,-0.46165287,-0.4067228,1.2484365,NDRG2,MEF,CUX1,Homeobox
983,0,0.03116794,-0.22249272,-2.6954505,FAM184B,LMC,CTCF,Zf
1330,1,-0.34370995,-0.24333258,1.5842701,HHIP,MEF,EGR1,Zf
1204,0,-0.056725405,-0.121736646,-2.650084,GLIPR2,LMC,BHLHE40,bHLH
53,1,-0.34278938,-0.41931188,-5.6424417,ADAM8,MEF,ELF1,ETS
2881,1,-0.169331,-0.25693348,-1.7704527,STIL,MEF,E2F4,E2F
1792,1,0.023197008,-0.146989,-5.093406,MCOLN2,MEF,USF1,bHLH
521,1,0.08411567,-0.24550179,-1.4729061,CENPU,MEF,BACH1,bZIP
895,1,-0.0317704,-0.39942494,-1.8153665,ENO3,MEF,ELK4,ETS
2670,1,-0.29360482,-0.13941021,-3.2833223,SIM1,MEF,TCF12,bHLH
2209,1,-0.21342848,-0.28884968,-3.76138,PIF1,MEF,E2F6,E2F
1811,1,-0.2300118,-0.25159925,1.4938444,MEST,MEF,MAZ,Zf
1683,0,0.22652079,-0.2053601,-1.5128583,LPIN3,LMC,FOXA1,Forkhead
1317,1,-0.33058694,-0.3917693,-5.7553287,HCLS1,MEF,ELF1,ETS
2773,1,-0.07449697,-0.25159925,3.0316215,SLITRK5,MEF,CTCF,Zf
1993,1,-0.28121933,-0.25159925,1.0403154,NIPAL3,MEF,SP1,Zf
1075,1,-0.3773888,-0.18281521,-1.5137855,FLI1,MEF,STAT1,Stat
2915,0,0.016314197,-0.13941021,-1.145586,SYNPO,LMC,USF1,bHLH
2448,1,-0.34029287,-0.28884968,-3.6403525,RAPGEF5,MEF,E2F4,E2F
921,1,-0.5980523,-0.24283965,-2.3991766,ESCO2,MEF,ZBTB33,Zf
2851,1,0.03645469,-0.22810093,1.8825247,SRCIN1,MEF,BACH1,bZIP
1431,1,-0.5315311,-0.5315311,-1.0861005,IGSF8,MEF,PAX5,"Paired,Homeobox"
2572,1,-0.062780954,-0.24333258,1.2491845,SAP18,MEF,SP1,Zf
2195,0,-0.13559982,-0.10008492,1.3882145,PGAP1,LMC,MAX,bHLH
2724,1,0.011842721,-0.21953267,1.0227904,SLC2A12,MEF,FOXA1,Forkhead
2980,1,-0.21459776,-0.24333258,1.0738952,TIAM2,MEF,MAZ,Zf
2358,0,-0.26737517,-0.25159925,-1.326662,PRTG,LMC,ZKSCAN1,Zf
396,1,-0.4467859,-0.3917693,1.1600107,CCDC39,MEF,ELK1,ETS
798,1,-0.34278938,-0.41931188,-1.9743371,DOK3,MEF,ELF1,ETS
3027,1,-0.08568381,-0.24450046,1.3271227,TMEM184A,MEF,MAZ,Zf
3012,1,-0.39205822,-0.27780795,-1.7694763,TMEM130,MEF,MAFK,bZIP
3237,0,-0.3375485,-0.1342841,1.8171422,XDH,LMC,TCF12,bHLH
2023,1,-0.0017048104,-0.121736646,-1.3435223,NPEPL1,MEF,MYOG,bHLH
496,1,-0.2727483,-0.2712014,-2.2888286,CDKN3,MEF,E2F6,E2F
2323,0,-0.45038855,-0.39942494,-1.8919787,PRC1,LMC,GABPA,ETS
3,0,-0.42519194,-0.24333258,-1.1041158,AASS,LMC,GATA1,Zf
3255,0,-0.2300118,-0.25159925,-1.031493,ZFP41,LMC,MAZ,Zf
1826,0,-0.40533945,-0.39005762,1.3738055,MGST2,LMC,GABPA,ETS
1920,0,-0.062780954,-0.24333258,-1.5159758,MYO1B,LMC,SP1,Zf
2887,1,-0.440717,-0.25471953,-1.508352,STMN1,MEF,MAFK,bZIP
1498,1,-0.35318726,-0.41931188,-1.2604636,ITGB3,MEF,ELK1,ETS
811,0,-0.1689725,-0.13941021,2.3256583,DPYSL5,LMC,BHLHE40,bHLH
788,0,-0.28616667,-0.25693348,1.1742103,DNASE1L1,LMC,E2F6,E2F
2937,1,0.016314197,-0.13941021,1.5015075,TBC1D8,MEF,USF1,bHLH
1263,1,-0.01444126,-0.17255645,-1.3334298,GPR84,MEF,STAT3,Stat
2433,1,-0.27070102,-0.24450046,-1.425109,RAD51B,MEF,GATA2,Zf
2792,1,0.03116794,-0.22249272,1.0395148,SNHG11,MEF,CTCF,Zf
142,1,-0.40533945,-0.39005762,-1.0540168,ANKRD37,MEF,GABPA,ETS
2090,1,-0.2913164,-0.42379856,1.4809719,OSBPL3,MEF,NANOG,Homeobox
601,1,-0.0061152284,-0.10008492,-1.3648314,CNTFR,MEF,USF1,bHLH
2309,1,0.03116794,-0.22249272,-2.0227222,PPL,MEF,CTCF,Zf
681,0,-0.39804247,-0.17255645,1.057336,CTNNAL1,LMC,STAT1,Stat
2285,0,-0.3439605,-0.3439605,-2.1879153,PODNL1,LMC,NRF1,NRF
918,1,-0.17150766,-0.17150766,1.765332,ERG,MEF,TEAD4,TEA
405,0,-0.10369535,-0.10008492,1.926871,CCDC88B,LMC,BHLHE40,bHLH
1693,1,-0.29687634,-0.29687634,-4.9975886,LRMP,MEF,PAX5,"Paired,Homeobox"
1165,1,-0.38490406,-0.38490406,1.9005238,GCLC,MEF,PAX5,"Paired,Homeobox"
2122,1,-0.3705123,-0.25471953,1.9113377,PAQR6,MEF,FOSL2,bZIP
309,0,-0.0013588448,-0.24283965,3.01395,BPIFC,LMC,CTCF,Zf
2287,1,-0.08106524,-0.08106524,1.0373166,PODXL2,MEF,TEAD4,TEA
326,0,-0.21301334,-0.25187832,2.2353182,C1QC,LMC,E2F4,E2F
1655,1,-0.22240412,-0.10008492,-1.4939244,LIG1,MEF,TCF12,bHLH
1972,0,-0.14989896,-0.14989896,-1.1155492,NEK8,LMC,TEAD4,TEA
522,0,-0.34029287,-0.28884968,1.2640113,CENPV,LMC,E2F4,E2F
2502,0,-0.120565586,-0.1342841,-1.5356117,RHOF,LMC,MAX,bHLH
1544,0,-0.5795745,-0.22249272,1.8411628,KCNJ10,LMC,SP2,Zf
1244,1,-0.10369535,-0.10008492,-2.028512,GPR155,MEF,BHLHE40,bHLH
3007,0,0.06421617,-0.24450046,1.5005039,TMEM106A,LMC,CTCF,Zf
2144,0,-0.15812221,-0.22249272,-1.1691489,PCDHGA8,LMC,YY1,Zf
1587,0,-0.0013588448,-0.24283965,-4.442589,KIT,LMC,CTCF,Zf
1872,0,-0.3777494,-0.24283965,-1.7728605,MRC2,LMC,EGR1,Zf
2705,0,-0.17150766,-0.17150766,1.2930623,SLC18A1,LMC,TEAD4,TEA
1961,1,-0.39900714,-0.22249272,1.0186924,NDRG3,MEF,GATA1,Zf
1202,0,-0.07449697,-0.25159925,-1.9444925,GLI2,LMC,CTCF,Zf
2757,0,-0.0005437653,-0.1342841,1.8377153,SLC7A8,LMC,USF1,bHLH
1044,0,-1.5423862,-0.39005762,2.0353117,FERMT3,LMC,FLI1,ETS
2776,1,-0.2300118,-0.25159925,-4.6038027,SMAGP,MEF,MAZ,Zf
1033,1,-0.1689725,-0.13941021,1.3729043,FBXO27,MEF,BHLHE40,bHLH
3071,0,-0.19239004,-0.26135686,-1.2524,TNNI3K,LMC,E2F4,E2F
2424,1,-0.16561359,-0.22810093,-1.4369997,RAB3D,MEF,JUND,bZIP
1247,1,-0.16941127,-0.25471953,-1.054205,GPR161,MEF,FOS,bZIP
474,1,-0.7502766,-0.4621776,-2.0174904,CDCA3,MEF,IRF3,IRF
1789,1,-0.38278377,-0.42379856,-2.0146992,MCM3,MEF,PBX3,Homeobox
1671,1,-0.058015816,-0.18281521,-4.9727182,LMO2,MEF,STAT3,Stat
393,0,-0.42519194,-0.24333258,1.5274267,CCDC27,LMC,GATA1,Zf
2503,0,-0.09351536,-0.24313685,2.109145,RHOH,LMC,STAT3,Stat
1792,0,-0.10827843,-0.121736646,1.9537151,MCOLN2,LMC,USF2,bHLH
299,1,-0.40787458,-0.3917693,4.1480656,BMP4,MEF,GABPA,ETS
1857,1,-0.3439605,-0.3439605,-1.9905069,MN1,MEF,NRF1,NRF
1400,1,-0.21459776,-0.24333258,3.6111457,HSPB2,MEF,MAZ,Zf
2166,1,-0.34304273,-0.52757335,-2.9733152,PDE3B,MEF,NANOG,Homeobox
2343,1,-0.69426614,-0.4713425,-2.244646,PRR11,MEF,IRF3,IRF
2515,1,-0.38071528,-0.24283965,1.1263795,RND1,MEF,ZNF263,Zf
1941,0,-0.2678836,-0.24283965,1.8758318,NAT8L,LMC,SP1,Zf
838,1,-0.34029287,-0.28884968,1.0910553,EAF2,MEF,E2F4,E2F
229,0,-0.12554857,-0.24550179,-1.6758331,ASPM,LMC,JUND,bZIP
2267,0,-0.3439605,-0.3439605,1.3046216,PLSCR4,LMC,NRF1,NRF
2349,1,-0.08568381,-0.24450046,-2.0119624,PRRT2,MEF,MAZ,Zf
3104,1,-0.3777494,-0.24283965,-1.1894004,TRIM25,MEF,EGR1,Zf
3015,0,-0.62452394,-0.4713425,1.3065541,TMEM140,LMC,IRF4,IRF
2800,1,-0.38490406,-0.38490406,-1.0965823,SOAT1,MEF,PAX5,"Paired,Homeobox"
75,0,-0.21437913,-0.2712014,2.4411094,ADGB,LMC,E2F4,E2F
2251,1,-0.20916343,-0.20916343,-3.0162134,PLEKHG4,MEF,NRF1,NRF
3168,1,-0.46016192,-0.24450046,-3.5868664,ULBP1,MEF,EGR1,Zf
655,0,-0.15764365,-0.14792581,-2.829484,CRISPLD2,LMC,RFX5,HTH
3006,1,-0.01444126,-0.17255645,1.0813895,TMEFF2,MEF,STAT3,Stat
1506,0,-0.58496386,-0.4621776,1.1775964,ITPR1,LMC,IRF4,IRF
3185,1,-0.17407607,-0.121736646,-6.897832,UTY,MEF,MAX,bHLH
2316,0,-0.0013588448,-0.24283965,-1.2061102,PPP1R36,LMC,CTCF,Zf
698,0,0.08411567,-0.24550179,2.1743443,CXADR,LMC,BACH1,bZIP
1955,0,-0.3625331,-0.38195667,2.1906483,NCKAP1L,LMC,GABPA,ETS
648,1,-0.5315311,-0.5315311,1.092964,CREBL2,MEF,PAX5,"Paired,Homeobox"
1819,1,-0.26188308,-0.27780795,-2.406955,MFNG,MEF,FOSL2,bZIP
1550,1,-0.15019357,-0.27780795,2.5354936,KCNK1,MEF,MAFF,bZIP
2808,1,-0.1607576,-0.24283965,6.420168,SOX10,MEF,MAZ,Zf
3171,0,-0.4467859,-0.3917693,1.9846693,UNC13D,LMC,ELK1,ETS
3264,1,-0.34370995,-0.24333258,-1.7771361,ZP3,MEF,EGR1,Zf
835,1,-0.7941223,-0.24283965,-1.7441338,E2F7,MEF,BCL11A,Zf
1070,1,-0.2300118,-0.25159925,-1.9571518,FIGNL1,MEF,MAZ,Zf
1498,1,-0.38057798,-0.24450046,-1.2604636,ITGB3,MEF,GATA1,Zf
2109,0,-0.29979625,-0.24283965,-1.8177229,PACSIN3,LMC,GATA1,Zf
114,1,-0.42519194,-0.24333258,5.5927067,ALDH3A1,MEF,GATA1,Zf
2625,0,-0.2300118,-0.25159925,2.343038,SERPIND1,LMC,MAZ,Zf
295,0,-0.10369535,-0.10008492,-1.6202104,BIRC5,LMC,BHLHE40,bHLH
1011,1,-0.2678836,-0.24283965,-1.3060033,FAM83D,MEF,SP1,Zf
1280,1,0.03116794,-0.22249272,1.6184335,GRIA4,MEF,CTCF,Zf
2157,0,-0.17513762,-0.146989,2.0754435,PCSK1,LMC,BHLHE40,bHLH
3130,0,-0.440717,-0.25471953,1.172865,TSPAN33,LMC,MAFK,bZIP
3227,1,-0.17513762,-0.146989,1.2699397,WNT11,MEF,BHLHE40,bHLH
315,0,-0.13994873,-0.2053601,-1.1530434,BTBD3,LMC,FOXA2,Forkhead
2027,1,-0.32442823,-0.39942494,-2.0476608,NPTX1,MEF,ELK1,ETS
134,1,-0.36645967,-0.22249272,1.1654873,ANGPTL6,MEF,ZEB1,Zf
1815,0,0.048078425,-0.25471953,-1.8705608,MEX3B,LMC,BACH1,bZIP
560,0,-0.39804247,-0.17255645,-1.2462806,CIT,LMC,STAT1,Stat
2515,1,-0.18398622,-0.29509667,1.1263795,RND1,MEF,ATF3,bZIP
2839,1,0.027763726,-0.25159925,1.4012864,SPNS2,MEF,GATA3,Zf
3093,1,-0.541412,-0.25159925,1.3340616,TRDMT1,MEF,EGR1,Zf
1857,0,-0.20916343,-0.20916343,-1.5685387,MN1,LMC,NRF1,NRF
575,1,0.048078425,-0.25471953,-1.2947149,CLEC2L,MEF,BACH1,bZIP
1458,1,-0.12447846,-0.22249272,1.9326211,IL7,MEF,GATA2,Zf
1592,1,-0.44168723,-0.24550179,3.3742492,KLHDC7A,MEF,FOS,bZIP
662,1,-0.3439605,-0.3439605,3.5131092,CRYM,MEF,NRF1,NRF
25,1,-0.541412,-0.25159925,3.1806698,ACHE,MEF,EGR1,Zf
1057,0,-0.062780954,-0.24333258,1.0085961,FGF9,LMC,SP1,Zf
3085,0,0.048078425,-0.25471953,-2.4521747,TPM2,LMC,BACH1,bZIP
661,1,0.07771543,-0.1980394,-1.0394434,CRYL1,MEF,STAT3,Stat
19,0,-0.10827843,-0.121736646,1.0439751,ABR,LMC,USF2,bHLH
1422,1,0.21614419,-0.17782252,2.4270205,IGFBP4,MEF,FOXA1,Forkhead
2765,1,-0.26188308,-0.27780795,-1.4310114,SLC9B2,MEF,FOSL2,bZIP
1166,0,-0.3625331,-0.38195667,1.0405315,GCLM,LMC,GABPA,ETS
2823,1,-0.18911669,-0.17782252,-1.9032626,SPAG5,MEF,FOXA2,Forkhead
1891,0,-0.30003953,-0.30003953,-1.2805142,MTHFD1L,LMC,NRF1,NRF
1819,1,-0.09351536,-0.24313685,-2.406955,MFNG,MEF,STAT3,Stat
1073,0,-0.21437913,-0.2712014,-1.4607513,FILIP1L,LMC,E2F4,E2F
682,0,-0.18621291,-0.24333258,-2.1796834,CTNND2,LMC,YY1,Zf
1347,0,-0.08617797,-0.146989,-2.0435047,HMMR,LMC,MYOG,bHLH
2243,0,-0.30003953,-0.30003953,1.9148484,PLD4,LMC,NRF1,NRF
1614,0,-0.009364229,-0.17137949,-1.9619192,LAG3,LMC,STAT3,Stat
712,1,-0.00943349,-0.121736646,-3.0422084,CYGB,MEF,USF1,bHLH
1028,0,-0.2727483,-0.2712014,-2.426656,FBN2,LMC,E2F6,E2F
1121,0,-0.46016192,-0.24450046,-1.0994569,FSTL3,LMC,EGR1,Zf
1258,1,-0.2300118,-0.25159925,2.0538962,GPR50,MEF,MAZ,Zf
474,1,-0.31818998,-0.24333258,-2.0174904,CDCA3,MEF,ZEB1,Zf
291,1,-0.2470073,-0.39005762,1.8680252,BHLHA15,MEF,ETS1,ETS
471,1,-0.1666823,-0.13941021,-1.2322128,CDC6,MEF,USF2,bHLH
2568,1,-0.26816452,-0.121736646,1.4784383,SAMD12,MEF,TCF12,bHLH
19,0,-0.3869897,-0.39942494,1.0439751,ABR,LMC,ETS1,ETS
2592,1,-0.34278938,-0.41931188,-1.4963193,SCRT1,MEF,ELF1,ETS
455,0,-0.058015816,-0.18281521,2.6942828,CD69,LMC,STAT3,Stat
1563,0,-0.37776268,-0.37776268,-1.016507,KDELR3,LMC,TCF3,HMG
237,0,-0.29414836,-0.26135686,-2.1576483,ATP10A,LMC,E2F6,E2F
2185,1,-0.1826178,-0.24450046,-1.7224369,PEG10,MEF,SP1,Zf
940,0,-0.42348737,-0.17137949,-1.0492839,EXT1,LMC,STAT1,Stat
998,1,-0.2727483,-0.2712014,-1.6308671,FAM46B,MEF,E2F6,E2F
1679,0,-0.174635,-0.24550179,-1.5416106,LOXL3,LMC,FOSL2,bZIP
1496,1,-0.43345997,-0.22249272,-7.2758436,ITGAM,MEF,ZNF263,Zf
406,1,-0.3773888,-0.18281521,-1.2927687,CCDC88C,MEF,STAT1,Stat
512,0,-0.16561359,-0.22810093,-2.2418776,CENPF,LMC,JUND,bZIP
2386,1,-0.14976743,-0.22810093,-5.8584,PTPN6,MEF,FOSL2,bZIP
2928,1,-0.21342848,-0.28884968,-1.1158868,TACC1,MEF,E2F6,E2F
457,0,-0.10827843,-0.121736646,1.8729588,CD74,LMC,USF2,bHLH
2739,0,0.21614419,-0.17782252,1.0755472,SLC39A10,LMC,FOXA1,Forkhead
3152,0,-0.46016192,-0.24450046,-1.2156056,TVP23A,LMC,EGR1,Zf
2899,1,-0.19379956,-0.22810093,1.151807,SULT4A1,MEF,ATF2,bZIP
3043,1,-0.35390377,-0.22810093,-2.8654144,TMEM51,MEF,ATF1,bZIP
2126,0,-0.18398622,-0.29509667,-1.9749895,PARPBP,LMC,ATF3,bZIP
1621,0,-0.17150766,-0.17150766,1.6443251,LAMC2,LMC,TEAD4,TEA
511,0,-0.64209527,-0.1980394,-2.0281026,CENPE,LMC,STAT1,Stat
2273,1,-0.058015816,-0.18281521,-3.1323469,PLXNC1,MEF,STAT3,Stat
227,0,-0.4649995,-0.41931188,1.0275687,ASIC1,LMC,GABPA,ETS
2223,0,-0.6928834,-0.10944186,2.4232366,PKIB,LMC,FOXM1,Forkhead
530,1,-0.33080074,-0.22810093,1.2931513,CFAP57,MEF,MAFK,bZIP
1032,0,-0.17513762,-0.146989,-1.4661738,FBXO16,LMC,BHLHE40,bHLH
1704,1,-0.34914914,-0.27780795,1.466193,LRRC4,MEF,FOS,bZIP
1642,0,-0.20776576,-0.20776576,1.3346491,LFNG,LMC,EBF1,EBF
3197,0,-0.17513762,-0.146989,2.6256406,VILL,LMC,BHLHE40,bHLH
1447,0,-0.33080074,-0.22810093,2.0208802,IL1A,LMC,MAFK,bZIP
2338,1,0.016311714,0.00623205,2.0004191,PRND,MEF,RFX5,HTH
1757,1,0.018755239,0.02968777,-1.517834,MAP1B,MEF,RFX5,HTH
1633,1,-0.25436184,-0.25436184,3.5806227,LCTL,MEF,TEAD4,TEA
1286,0,-0.2997486,-0.24333258,-1.0141921,GRIN2D,LMC,ZNF263,Zf
2178,0,-0.48813832,-0.3794154,-1.323891,PDLIM2,LMC,IRF4,IRF
1049,0,-0.009410201,-0.10008492,-2.3444386,FGF10,LMC,USF2,bHLH
2822,0,-0.057535224,-0.27780795,-1.0630472,SPAG4,LMC,BACH1,bZIP
2837,0,-0.37601265,-0.39942494,1.6261545,SPINT2,LMC,ELF1,ETS
373,0,-0.39900714,-0.22249272,1.1052054,CAT,LMC,GATA1,Zf
360,0,-0.0013588448,-0.24283965,3.0680733,CAMKV,LMC,CTCF,Zf
2210,1,-0.19379956,-0.22810093,-7.7534785,PIK3AP1,MEF,ATF2,bZIP
790,0,-0.24165441,-0.29509667,1.4997923,DNM1,LMC,JUND,bZIP
298,1,-0.0013588448,-0.24283965,3.0301692,BMP15,MEF,CTCF,Zf
1076,1,-0.45392957,-0.28884968,-1.1527479,FLNA,MEF,E2F1,E2F
3166,1,-0.7844056,-0.2053601,2.1184819,UGP2,MEF,FOXM1,Forkhead
2937,1,-0.4649995,-0.41931188,1.5015075,TBC1D8,MEF,GABPA,ETS
236,1,-0.36049217,-0.22810093,1.5191864,ATG9B,MEF,FOS,bZIP
496,0,-0.32442823,-0.39942494,-1.4552879,CDKN3,LMC,ELK1,ETS
555,1,0.06421617,-0.24450046,1.8076999,CHST7,MEF,CTCF,Zf
67,1,-0.40787458,-0.3917693,-3.9511166,ADAP1,MEF,GABPA,ETS
3245,0,-0.062780954,-0.24333258,1.1004534,YPEL2,LMC,SP1,Zf
819,0,-0.058015816,-0.18281521,1.1426833,DTNB,LMC,STAT3,Stat
2430,1,-0.1666823,-0.13941021,-1.3141602,RACGAP1,MEF,USF2,bHLH
2608,0,-0.2678836,-0.24283965,-1.204405,SEMA3C,LMC,SP1,Zf
2275,0,-0.36812532,-0.36812532,1.0600202,PM20D2,LMC,NRF1,NRF
829,1,-0.24165441,-0.29509667,-1.5806866,DUT,MEF,JUND,bZIP
2386,1,-0.00943349,-0.121736646,-5.8584,PTPN6,MEF,USF1,bHLH
758,1,-0.07449697,-0.25159925,-2.1840901,DIRAS2,MEF,CTCF,Zf
2646,1,-0.21301334,-0.25187832,-1.2183495,SH2D5,MEF,E2F4,E2F
493,1,-0.3076643,-0.4621776,2.4994574,CDKL4,MEF,IRF1,IRF
1643,1,-0.1124492,-0.24333258,-1.383364,LGALS3,MEF,CTCF,Zf
2347,0,-0.120565586,-0.1342841,1.1605145,PRR5L,LMC,MAX,bHLH
2074,0,-0.5069276,-0.27780795,2.1519072,OCLN,LMC,ATF2,bZIP
2836,0,-0.20776576,-0.20776576,2.8364255,SPINT1,LMC,EBF1,EBF
1568,1,-0.63670325,-0.21953267,-2.5758445,KIF15,MEF,FOXM1,Forkhead
1920,0,-0.07449697,-0.25159925,-1.5159758,MYO1B,LMC,CTCF,Zf
3216,1,-0.25436184,-0.25436184,-1.087505,WDR90,MEF,TEAD4,TEA
3074,1,-0.4467859,-0.3917693,1.9111053,TNS4,MEF,ELK1,ETS
1861,1,-0.24165441,-0.29509667,-1.7145826,MOGAT2,MEF,JUND,bZIP
426,1,-0.39205822,-0.27780795,1.3570372,CCNO,MEF,MAFK,bZIP
142,1,-0.3058912,-0.24283965,-1.0540168,ANKRD37,MEF,YY1,Zf
3243,0,-0.17513762,-0.146989,-1.1205866,YBX3,LMC,BHLHE40,bHLH
258,0,-0.46016192,-0.24450046,1.9447972,B3GNT7,LMC,EGR1,Zf
1643,1,-0.08974322,-0.146989,-1.383364,LGALS3,MEF,MAX,bHLH
3069,1,-0.46846294,-0.46846294,-2.5900114,TNNI2,MEF,TCF3,HMG
3188,1,-0.46846294,-0.46846294,-1.032395,VASP,MEF,TCF3,HMG
2041,1,-0.29360482,-0.13941021,-3.8660052,NRROS,MEF,TCF12,bHLH
1913,0,-0.43345997,-0.22249272,1.1268022,MYLIP,LMC,ZNF263,Zf
1490,1,-0.00943349,-0.121736646,1.2707528,ITGA3,MEF,USF1,bHLH
1180,0,-0.27228355,-0.24283965,-2.2058034,GFRA2,LMC,GATA2,Zf
2916,1,-0.19842377,-0.50137913,-1.9595618,SYNPO2,MEF,NANOG,Homeobox
1990,0,-0.1689725,-0.13941021,-1.7527599,NID1,LMC,BHLHE40,bHLH
1595,1,0.016311714,0.00623205,1.9454163,KLHL30,MEF,RFX5,HTH
54,0,-0.3610153,-0.22249272,-1.0607144,ADAMTS1,LMC,EGR1,Zf
2601,0,0.07771543,-0.1980394,-1.3300989,SEC14L5,LMC,STAT3,Stat
2929,0,-0.2470073,-0.39005762,-1.1441975,TACC3,LMC,ETS1,ETS
2061,1,-0.4776695,-0.22249272,-2.5808094,NUSAP1,MEF,ZKSCAN1,Zf
1337,1,-0.2064243,-0.25159925,1.9967467,HIST2H2AC,MEF,YY1,Zf
753,1,-0.049117733,-0.13941021,1.0354224,DGKI,MEF,MAX,bHLH
1016,0,-0.41320115,-0.25471953,-1.282396,FANCD2,LMC,ATF1,bZIP
181,0,-0.26692143,-0.26692143,1.7860496,ARHGAP19,LMC,EBF1,EBF
2139,0,-0.3058912,-0.24283965,-1.6610888,PCDH20,LMC,YY1,Zf
784,1,-0.07949572,-0.21953267,1.0831264,DNAJB4,MEF,FOXA2,Forkhead
2921,0,-0.21907748,-0.27780795,1.4813716,SYT8,LMC,JUND,bZIP
3263,0,-0.1689725,-0.13941021,1.1311405,ZMYND15,LMC,BHLHE40,bHLH
186,0,0.03116794,-0.22249272,2.1267974,ARHGAP30,LMC,CTCF,Zf
1178,1,-0.3070402,-0.24450046,-1.9427576,GEN1,MEF,YY1,Zf
473,1,-0.22016564,-0.25159925,-1.8354515,CDCA2,MEF,GATA2,Zf
426,1,0.22652079,-0.2053601,1.3570372,CCNO,MEF,FOXA1,Forkhead
2846,1,-0.3058912,-0.24283965,-1.6578367,SPRY3,MEF,YY1,Zf
1675,1,-0.25341198,-0.22810093,1.4106392,LNX1,MEF,ATF3,bZIP
1038,1,0.016314197,-0.13941021,-1.7113899,FBXO5,MEF,USF1,bHLH
952,1,-0.440717,-0.25471953,2.0570114,F5,MEF,MAFK,bZIP
603,1,-0.440717,-0.25471953,1.3510691,CNTN3,MEF,MAFK,bZIP
2900,1,-0.38057798,-0.24450046,-1.1133305,SUSD1,MEF,GATA1,Zf
371,0,-0.28616667,-0.25693348,-1.4870609,CASS4,LMC,E2F6,E2F
445,1,-0.08974322,-0.146989,-3.5008187,CD33,MEF,MAX,bHLH
473,1,-0.23244992,-0.52757335,-1.8354515,CDCA2,MEF,PBX3,Homeobox
236,0,-0.28616667,-0.25693348,1.4007505,ATG9B,LMC,E2F6,E2F
1348,0,-0.2790477,-0.25471953,1.6180838,HMOX1,LMC,MAFF,bZIP
2568,1,-0.1124492,-0.24333258,1.4784383,SAMD12,MEF,CTCF,Zf
1827,1,0.028543921,-0.29509667,-1.5507092,MIAT,MEF,BACH1,bZIP
2029,1,-0.5315311,-0.5315311,-3.9731615,NPY,MEF,PAX5,"Paired,Homeobox"
1779,1,-0.1607576,-0.24283965,-1.4918666,MBOAT1,MEF,MAZ,Zf
1872,0,-0.34914914,-0.27780795,-1.7728605,MRC2,LMC,FOS,bZIP
1687,1,-0.48430756,-0.24313685,-2.9824686,LPXN,MEF,STAT1,Stat
3105,0,-0.11649651,-0.25471953,1.666121,TRIM29,LMC,JUND,bZIP
3058,1,-0.15764365,-0.14792581,-2.989665,TNFRSF11A,MEF,RFX5,HTH
1876,1,-0.40787458,-0.3917693,-1.2789756,MRPS6,MEF,GABPA,ETS
1714,1,-0.35028386,-0.4067228,1.5735432,LRRTM3,MEF,NANOG,Homeobox
1764,1,-0.7844056,-0.2053601,1.7190605,MAP7,MEF,FOXM1,Forkhead
675,1,-0.3551913,-0.3551913,1.8166595,CST3,MEF,HNF4A,NR
709,1,-0.08568381,-0.24450046,-1.6690544,CYBA,MEF,MAZ,Zf
2916,1,-0.10827843,-0.121736646,-1.9595618,SYNPO2,MEF,USF2,bHLH
1398,1,-0.33817908,-0.29509667,1.0845106,HSPA4L,MEF,FOS,bZIP
178,1,-0.29360482,-0.13941021,-2.0233412,ARHGAP10,MEF,TCF12,bHLH
460,1,-0.35453734,-0.24333258,-3.7349644,CD83,MEF,ZKSCAN1,Zf
229,1,-0.6645992,-0.25159925,-2.8171737,ASPM,MEF,SP2,Zf
1953,0,-0.8933479,-0.52757335,1.9256032,NCF2,LMC,CUX1,Homeobox
1872,0,-0.21437913,-0.2712014,-1.7728605,MRC2,LMC,E2F4,E2F
2088,0,-0.3625331,-0.38195667,-1.4119202,OPN3,LMC,GABPA,ETS
111,0,-0.120565586,-0.1342841,1.9508379,ALDH1A3,LMC,MAX,bHLH
2332,1,-0.38071528,-0.24283965,-1.3902781,PRIM1,MEF,ZNF263,Zf
1839,1,-0.32700178,-0.25159925,2.8964772,MLPH,MEF,GATA1,Zf
1724,0,-0.19239004,-0.26135686,2.7277055,LUM,LMC,E2F4,E2F
1043,0,-0.440717,-0.25471953,-1.2050055,FDPS,LMC,MAFK,bZIP
2829,1,-0.34029287,-0.28884968,-1.5263121,SPECC1,MEF,E2F4,E2F
1514,0,-0.1124492,-0.24333258,1.9986963,JAM2,LMC,CTCF,Zf
1237,0,-0.13994873,-0.2053601,-1.0928826,GPR125,LMC,FOXA2,Forkhead
43,0,-0.33817908,-0.29509667,-1.0422277,ACY1,LMC,FOS,bZIP
1773,1,-0.34370995,-0.24333258,-1.0550821,MAST1,MEF,EGR1,Zf
1481,1,-0.56344664,-0.2712014,2.3218336,IRX3,MEF,E2F1,E2F
1607,1,0.016311714,0.00623205,-2.105472,KRT19,MEF,RFX5,HTH
2523,0,-0.48430756,-0.24313685,-1.1712776,RNF207,LMC,STAT1,Stat
1752,1,-0.21342848,-0.28884968,-1.2879815,MAN2A1,MEF,E2F6,E2F
3150,1,-0.3022701,-0.29509667,-1.30229,TUBB6,MEF,FOSL2,bZIP
3192,0,-0.62452394,-0.4713425,1.2728144,VAV3,LMC,IRF4,IRF
690,0,-0.541412,-0.25159925,1.260351,CTSO,LMC,EGR1,Zf
2389,0,-0.2859068,-0.146989,1.294315,PTPRE,LMC,TCF12,bHLH
258,0,-0.64209527,-0.1980394,1.9447972,B3GNT7,LMC,STAT1,Stat
2664,1,-0.3777494,-0.24283965,1.5931308,SHISA7,MEF,EGR1,Zf
1228,1,-0.3777494,-0.24283965,2.1909225,GPC5,MEF,EGR1,Zf
329,1,-0.43756613,-0.41931188,-1.0498474,C1QTNF6,MEF,ETS1,ETS
2916,1,-0.10505258,-0.1342841,-1.9595618,SYNPO2,MEF,BHLHE40,bHLH
3203,1,-0.1607576,-0.24283965,-1.4983215,VSIG10L,MEF,MAZ,Zf
2693,0,-0.062780954,-0.24333258,1.0595441,SLC16A1,LMC,SP1,Zf
1037,1,-0.2548157,-0.22810093,-1.6721005,FBXO48,MEF,MAFF,bZIP
1850,0,-0.2470073,-0.39005762,-1.3875079,MMP17,LMC,ETS1,ETS
742,1,-0.2859068,-0.146989,-8.873084,DDX3Y,MEF,TCF12,bHLH
1923,1,-0.1607576,-0.24283965,-6.197118,MYO1G,MEF,MAZ,Zf
2238,1,-0.13149443,-0.22249272,1.2879338,PLCD4,MEF,SP1,Zf
1569,1,-0.3869897,-0.39942494,-1.7053663,KIF18B,MEF,ETS1,ETS
3167,1,-0.12554857,-0.24550179,-2.9578276,UHRF1,MEF,JUND,bZIP
1081,1,-0.33080074,-0.22810093,-5.1929536,FMNL1,MEF,MAFK,bZIP
668,0,-0.10505258,-0.1342841,-1.509851,CSMD3,LMC,BHLHE40,bHLH
1752,1,-0.33058694,-0.3917693,-1.2879815,MAN2A1,MEF,ELF1,ETS
649,1,-0.21459776,-0.24333258,-1.0616252,CREG1,MEF,MAZ,Zf
1192,1,-0.36645967,-0.22249272,1.3111038,GIPC2,MEF,ZEB1,Zf
1818,1,-0.34099022,-0.38195667,-2.1835046,MFAP5,MEF,ELK1,ETS
618,1,-0.21301334,-0.25187832,-2.5465317,COL4A1,MEF,E2F4,E2F
64,0,-0.2838714,-0.47267562,-1.1934317,ADAMTSL1,LMC,NANOG,Homeobox
3124,0,-0.2300118,-0.25159925,-1.2644619,TSLP,LMC,MAZ,Zf
857,1,-0.39059436,-0.39059436,1.302421,EFCAB2,MEF,HNF4A,NR
2243,0,-0.5315311,-0.5315311,1.9148484,PLD4,LMC,PAX5,"Paired,Homeobox"
2367,0,-0.058015816,-0.18281521,2.376283,PTAFR,LMC,STAT3,Stat
455,0,-0.38339126,-0.24550179,2.6942828,CD69,LMC,ATF2,bZIP
2066,0,-0.065101475,-0.08148018,3.3064072,NXPH3,LMC,RFX5,HTH
245,1,-0.30779734,-0.3917693,1.8436075,ATP6V0E2,MEF,ETS1,ETS
534,0,-0.08617797,-0.146989,-1.9663967,CGNL1,LMC,MYOG,bHLH
3069,1,-0.03437175,-0.039668236,-2.5900114,TNNI2,MEF,RFX5,HTH
354,1,-0.22746871,-0.25187832,-1.0762447,CAMK1D,MEF,E2F6,E2F
2850,1,0.22652079,-0.2053601,1.1574836,SQRDL,MEF,FOXA1,Forkhead
2904,0,0.03116794,-0.22249272,1.9485846,SV2B,LMC,CTCF,Zf
1472,0,-0.45038855,-0.39942494,1.941947,IQGAP2,LMC,GABPA,ETS
3162,1,-0.38339126,-0.24550179,-1.5763762,UBE2T,MEF,ATF2,bZIP
1900,1,-0.3625331,-0.38195667,-2.1630523,MXD3,MEF,GABPA,ETS
2498,0,-0.31818998,-0.24333258,-1.3528609,RGS9BP,LMC,ZEB1,Zf
361,1,-0.2859068,-0.146989,1.6476614,CAMSAP3,MEF,TCF12,bHLH
329,1,-0.44224238,-0.29509667,-1.0498474,C1QTNF6,MEF,MAFK,bZIP
1522,0,0.027763726,-0.25159925,1.2068585,KBTBD8,LMC,GATA3,Zf
1571,1,-0.2997486,-0.24333258,-2.078099,KIF20B,MEF,ZNF263,Zf
502,0,-1.2819929,-0.38195667,1.9597286,CEACAM1,LMC,FLI1,ETS
421,1,-0.33817908,-0.29509667,-3.4695168,CCNB1,MEF,FOS,bZIP
2430,1,-0.41913503,-0.41913503,-1.3141602,RACGAP1,MEF,TCF3,HMG
516,1,-0.38490406,-0.38490406,-2.1930854,CENPM,MEF,PAX5,"Paired,Homeobox"
1599,0,-0.37601265,-0.39942494,1.3884596,KLHL6,LMC,ELF1,ETS
1374,1,-0.26188308,-0.27780795,-1.569939,HOXC5,MEF,FOSL2,bZIP
1309,1,-0.38071528,-0.24283965,2.2134407,HAND2,MEF,ZNF263,Zf
935,1,-0.89867353,-0.24450046,-1.9342779,EVL,MEF,BCL11A,Zf
220,0,-0.2849582,-0.2849582,2.81358,ASB10,LMC,EBF1,EBF
2694,0,-0.541412,-0.25159925,1.2064933,SLC16A10,LMC,EGR1,Zf
463,1,-0.3341544,-0.39005762,-4.6992073,CD93,MEF,ELF1,ETS
181,1,-0.33296144,-0.24550179,-2.8857563,ARHGAP19,MEF,MAFK,bZIP
2608,1,-0.36351123,-0.50137913,2.1160233,SEMA3C,MEF,PBX3,Homeobox
2370,1,-0.4467859,-0.3917693,1.7110711,PTGDR2,MEF,ELK1,ETS
465,1,-0.21907748,-0.27780795,-2.799609,CDC20,MEF,JUND,bZIP
353,0,0.018755239,0.02968777,-1.6253554,CALML4,LMC,RFX5,HTH
785,1,-0.21361919,-0.25471953,1.1730027,DNAJB9,MEF,ATF3,bZIP
2291,0,-0.33639127,-0.4713425,-1.2387993,POLE2,LMC,IRF1,IRF
3200,1,-0.22028713,-0.38195667,1.1224438,VMA21,MEF,ELK4,ETS
2800,0,-0.2859068,-0.146989,1.1069503,SOAT1,LMC,TCF12,bHLH
1635,1,-0.08568381,-0.24450046,1.0524637,LDB3,MEF,MAZ,Zf
3070,1,-0.10369535,-0.10008492,-1.1992819,TNNI3,MEF,BHLHE40,bHLH
2314,1,-0.30776003,-0.24450046,1.30911,PPP1R1A,MEF,ZNF263,Zf
510,1,-0.2300118,-0.25159925,-3.0437114,CENPA,MEF,MAZ,Zf
2470,1,-0.11649651,-0.25471953,2.1268446,RBM24,MEF,JUND,bZIP
2752,1,-0.42348737,-0.17137949,1.4064586,SLC4A8,MEF,STAT1,Stat
559,1,-0.36645967,-0.22249272,1.5033135,CILP2,MEF,ZEB1,Zf
1119,0,-0.169331,-0.25693348,-1.5699158,FST,LMC,E2F4,E2F
448,1,-0.26692143,-0.26692143,-7.077686,CD37,MEF,EBF1,EBF
1774,1,-0.22746871,-0.25187832,-1.0934879,MAST3,MEF,E2F6,E2F
1710,0,-0.0013588448,-0.24283965,-3.667879,LRRN3,LMC,CTCF,Zf
2923,0,0.07771543,-0.1980394,1.0585166,SYTL1,LMC,STAT3,Stat
1970,1,-0.2859068,-0.146989,-2.2655962,NEK2,MEF,TCF12,bHLH
1096,0,-0.35453734,-0.24333258,-1.9257618,FOXC2,LMC,ZKSCAN1,Zf
3078,1,-0.29360482,-0.13941021,-2.8886466,TOP2A,MEF,TCF12,bHLH
2272,1,-0.2997486,-0.24333258,-1.2132683,PLXNA4,MEF,ZNF263,Zf
1467,0,-0.1124492,-0.24333258,1.7121326,INPP5J,LMC,CTCF,Zf
963,1,-0.18621291,-0.24333258,-2.0774255,FAM105A,MEF,YY1,Zf
1312,1,-0.541412,-0.25159925,2.181514,HAPLN4,MEF,EGR1,Zf
1536,0,-0.30003953,-0.30003953,1.7919359,KCND2,LMC,NRF1,NRF
520,0,-0.46165287,-0.4067228,-1.0748466,CENPT,LMC,CUX1,Homeobox
60,0,-0.3070402,-0.24450046,1.7193685,ADAMTS20,LMC,YY1,Zf
583,1,-0.45392957,-0.28884968,-2.540675,CLSPN,MEF,E2F1,E2F
2827,1,-0.19379956,-0.22810093,-2.0004928,SPC24,MEF,ATF2,bZIP
1319,0,-0.2064243,-0.25159925,2.3808057,HCN4,LMC,YY1,Zf
1726,1,-0.049117733,-0.13941021,-1.5292109,LY6E,MEF,MAX,bHLH
3039,1,-0.1826178,-0.24450046,2.0065382,TMEM35,MEF,SP1,Zf
3106,1,-0.33080074,-0.22810093,4.138585,TRIM54,MEF,MAFK,bZIP
3076,1,-0.3058912,-0.24283965,1.2808591,TOB1,MEF,YY1,Zf
1512,1,-0.16561359,-0.22810093,-2.120445,JAKMIP2,MEF,JUND,bZIP
1628,0,-0.10505258,-0.1342841,-1.0319375,LBR,LMC,BHLHE40,bHLH
1022,1,-0.21907748,-0.27780795,-2.1112094,FBLIM1,MEF,JUND,bZIP
582,0,-0.3022701,-0.29509667,1.3879285,CLN3,LMC,FOSL2,bZIP
2296,1,-0.25007766,-0.37009746,-3.999846,POU2F2,MEF,IRF1,IRF
1569,0,-0.37665918,-0.37009746,-1.7011287,KIF18B,LMC,IRF4,IRF
2343,1,-0.12554857,-0.24550179,-2.244646,PRR11,MEF,JUND,bZIP
1971,1,-0.29414836,-0.26135686,-1.2191693,NEK6,MEF,E2F6,E2F
2677,0,-0.8875255,-0.25471953,-1.2792745,SKA3,LMC,BATF,bZIP
1015,1,-0.440717,-0.25471953,-2.369543,FANCA,MEF,MAFK,bZIP
1983,0,-0.3439605,-0.3439605,2.3211825,NFE2L3,LMC,NRF1,NRF
1074,1,-0.192465,-0.27780795,-2.1304154,FKBP5,MEF,ATF3,bZIP
103,1,-0.10369535,-0.10008492,-1.3921585,AKAP12,MEF,BHLHE40,bHLH
730,0,-0.038338926,-0.10008492,-2.0661001,DCHS1,LMC,MYOG,bHLH
2694,0,-0.44224238,-0.29509667,1.2064933,SLC16A10,LMC,MAFK,bZIP
2778,1,-0.44224238,-0.29509667,-1.7845697,SMIM24,MEF,MAFK,bZIP
2133,1,-0.15764365,-0.14792581,-2.607935,PBK,MEF,RFX5,HTH
257,0,-0.22746871,-0.25187832,-1.6855565,B3GNT5,LMC,E2F6,E2F
913,1,-0.65735245,-0.17782252,2.0391352,EPS8L2,MEF,FOXM1,Forkhead
3112,0,-0.13994873,-0.2053601,-1.0263593,TRNP1,LMC,FOXA2,Forkhead
2952,1,0.011842721,-0.21953267,-1.0514666,TEAD2,MEF,FOXA1,Forkhead
1047,1,-0.3070402,-0.24450046,-4.654176,FGD2,MEF,YY1,Zf
1589,1,-0.3777494,-0.24283965,1.5408548,KLF15,MEF,EGR1,Zf
604,1,-0.2859068,-0.146989,2.2690716,CNTNAP3,MEF,TCF12,bHLH
540,1,-0.17513762,-0.146989,-1.2755494,CHD3,MEF,BHLHE40,bHLH
1238,1,-0.38071528,-0.24283965,1.2924196,GPR126,MEF,ZNF263,Zf
1984,1,-0.14976743,-0.22810093,-1.7410284,NFKBID,MEF,FOSL2,bZIP
807,0,-0.2859068,-0.146989,-1.7703183,DPT,LMC,TCF12,bHLH
203,0,-0.5069276,-0.27780795,1.8472986,ARL11,LMC,ATF2,bZIP
1663,0,-0.22240412,-0.10008492,-1.4207319,LIN7B,LMC,TCF12,bHLH
2530,0,-0.13559982,-0.10008492,-2.7401004,ROR2,LMC,MAX,bHLH
2949,1,-0.3474289,-0.29509667,2.121441,TCFL5,MEF,ATF1,bZIP
2421,0,-0.51944894,-0.25159925,-1.4811571,RAB38,LMC,BCL11A,Zf
449,1,-0.2583255,-0.12410606,-8.109968,CD48,MEF,MEF2A,MADS
2380,0,0.03116794,-0.22249272,-3.6548302,PTN,LMC,CTCF,Zf
2572,1,-0.20308916,-0.4653868,1.2491845,SAP18,MEF,IRF1,IRF
2396,0,-0.0061152284,-0.10008492,-1.1329921,PTRF,LMC,USF1,bHLH
1625,1,-0.91791576,-0.29509667,2.403555,LARS2,MEF,BATF,bZIP
3011,1,0.03645469,-0.22810093,-4.0437183,TMEM121,MEF,BACH1,bZIP
531,1,-0.34099022,-0.38195667,1.2192872,CFAP61,MEF,ELK1,ETS
2452,0,-0.28899637,-0.29509667,1.991749,RASAL3,LMC,MAFF,bZIP
988,1,-0.5313326,-0.24450046,1.5712413,FAM19A3,MEF,ZKSCAN1,Zf
2296,1,-0.37601265,-0.39942494,-3.999846,POU2F2,MEF,ELF1,ETS
1731,1,-0.1607576,-0.24283965,-1.2809721,LYN,MEF,MAZ,Zf
1098,1,-0.19612858,-0.146989,-2.0462456,FOXD2,MEF,USF2,bHLH
512,0,0.0745308,-0.10944186,-2.2418776,CENPF,LMC,FOXA2,Forkhead
1814,1,-0.24165441,-0.29509667,1.0535716,METTL21A,MEF,JUND,bZIP
2763,1,-0.01444126,-0.17255645,-1.5338875,SLC9A5,MEF,STAT3,Stat
2175,0,-0.29414836,-0.26135686,-2.2166488,PDGFRB,LMC,E2F6,E2F
1243,1,-0.20953742,-0.22249272,-1.0271266,GPR153,MEF,MAZ,Zf
424,1,-0.21895796,-0.21895796,-1.7134051,CCNF,MEF,EBF1,EBF
1583,1,-0.056725405,-0.121736646,1.052053,KIFAP3,MEF,BHLHE40,bHLH
1114,1,-0.541412,-0.25159925,2.2984579,FRMPD4,MEF,EGR1,Zf
856,1,-0.5313326,-0.24450046,-2.041312,EFCAB11,MEF,ZKSCAN1,Zf
2678,1,-0.33058694,-0.3917693,-1.3519409,SKP2,MEF,ELF1,ETS
1488,1,-0.12447846,-0.22249272,-2.7365434,ITGA11,MEF,GATA2,Zf
1375,1,-0.19842377,-0.50137913,-1.0630357,HOXC6,MEF,NANOG,Homeobox
694,1,-0.40605056,-0.25471953,-1.0187942,CUX1,MEF,ATF2,bZIP
1632,0,-0.440717,-0.25471953,2.3882258,LCP2,LMC,MAFK,bZIP
2519,1,-0.009410201,-0.10008492,1.334966,RNF152,MEF,USF2,bHLH
1893,0,-0.03437175,-0.039668236,1.4745281,MTSS1,LMC,RFX5,HTH
870,1,-0.22746871,-0.25187832,-1.2089994,EGLN3,MEF,E2F6,E2F
746,1,-0.36351123,-0.50137913,-1.6103755,DENND2D,MEF,PBX3,Homeobox
2151,0,-0.009364229,-0.17137949,1.17195,PCED1B,LMC,STAT3,Stat
1229,0,-0.26188308,-0.27780795,-1.5409347,GPC6,LMC,FOSL2,bZIP
1183,1,-0.3777494,-0.24283965,1.5125006,GGH,MEF,EGR1,Zf
3107,1,-0.00943349,-0.121736646,-1.6637527,TRIM59,MEF,USF1,bHLH
1459,1,-0.17702122,-0.27780795,-7.4435463,IL7R,MEF,ATF1,bZIP
136,0,-0.36645967,-0.22249272,-1.5956872,ANK3,LMC,ZEB1,Zf
1345,1,-0.4776695,-0.22249272,3.536244,HMGCS2,MEF,ZKSCAN1,Zf
2415,1,-0.64209527,-0.1980394,2.8182907,RAB26,MEF,STAT1,Stat
1470,1,-0.4776695,-0.22249272,2.5503707,IP6K3,MEF,ZKSCAN1,Zf
2127,0,-0.33817908,-0.29509667,-1.0090586,PARVA,LMC,FOS,bZIP
1610,0,-0.26816452,-0.121736646,2.324363,KRT8,LMC,TCF12,bHLH
1309,1,-0.28121933,-0.25159925,2.2134407,HAND2,MEF,SP1,Zf
2415,1,-0.43756613,-0.41931188,2.8182907,RAB26,MEF,ETS1,ETS
473,0,-0.28899637,-0.29509667,-1.7247705,CDCA2,LMC,MAFF,bZIP
543,0,0.06421617,-0.24450046,2.030727,CHL1,LMC,CTCF,Zf
1209,1,-0.11649651,-0.25471953,-2.8732285,GMFG,MEF,JUND,bZIP
3043,0,-0.0013588448,-0.24283965,-1.7627646,TMEM51,LMC,CTCF,Zf
3005,1,-0.0013588448,-0.24283965,-1.009715,TMC7,MEF,CTCF,Zf
419,1,-0.4409798,-0.24450046,-1.012127,CCM2,MEF,ZEB1,Zf
2058,0,-0.36812532,-0.36812532,1.252312,NUP210,LMC,NRF1,NRF
2384,1,-0.35806254,-0.38195667,1.9310234,PTPN22,MEF,ETS1,ETS
1362,1,-0.18621291,-0.24333258,-1.7835001,HOXA7,MEF,YY1,Zf
649,1,-0.10505258,-0.1342841,-1.0616252,CREG1,MEF,BHLHE40,bHLH
1463,1,-0.2727483,-0.2712014,-1.116266,INCENP,MEF,E2F6,E2F
1811,1,-0.12554857,-0.24550179,1.4938444,MEST,MEF,JUND,bZIP
332,0,0.0745308,-0.10944186,3.644765,C3,LMC,FOXA2,Forkhead
1848,1,-0.2997486,-0.24333258,1.589201,MMP15,MEF,ZNF263,Zf
609,0,0.041926194,-0.24283965,-2.4838371,COL14A1,LMC,GATA3,Zf
835,0,-0.3625331,-0.38195667,-1.6265401,E2F7,LMC,GABPA,ETS
1534,1,-0.38490406,-0.38490406,1.1689314,KCNC3,MEF,PAX5,"Paired,Homeobox"
2337,0,-0.0013588448,-0.24283965,1.6617084,PRKCH,LMC,CTCF,Zf
2055,1,-0.45038855,-0.39942494,1.1737452,NUDT10,MEF,GABPA,ETS
542,0,-0.2859068,-0.146989,1.6321921,CHD7,LMC,TCF12,bHLH
2817,0,-0.37776268,-0.37776268,1.6528256,SP140,LMC,TCF3,HMG
2725,0,-0.51637894,-0.42379856,1.1413072,SLC2A13,LMC,CUX1,Homeobox
1512,1,-0.18621291,-0.24333258,-2.120445,JAKMIP2,MEF,YY1,Zf
1920,0,-0.3705123,-0.25471953,-1.5159758,MYO1B,LMC,FOSL2,bZIP
1885,1,-0.3773888,-0.18281521,-1.5366282,MST1R,MEF,STAT1,Stat
2939,1,-0.33058694,-0.3917693,2.2990468,TBX2,MEF,ELF1,ETS
2342,1,0.048078425,-0.25471953,1.9326226,PROSER2,MEF,BACH1,bZIP
2932,0,-0.1505293,-0.1342841,-1.7568431,TAGLN,LMC,USF2,bHLH
323,1,-0.29414836,-0.26135686,1.5764846,C1GALT1,MEF,E2F6,E2F
399,1,-0.14724034,-0.14724034,2.3751817,CCDC65,MEF,EBF1,EBF
2509,1,-0.22736193,-0.22736193,-1.8196459,RIN3,MEF,HNF4A,NR
1742,0,-0.39900714,-0.22249272,1.2771919,MADD,LMC,GATA1,Zf
317,1,-0.39804247,-0.17255645,-6.688671,BTK,MEF,STAT1,Stat
109,1,-0.38278377,-0.42379856,4.0613685,ALDH1A1,MEF,PBX3,Homeobox
1922,1,-0.11649651,-0.25471953,-8.728917,MYO1F,MEF,JUND,bZIP
579,1,-0.27228355,-0.24283965,3.342797,CLIP4,MEF,GATA2,Zf
2510,1,-0.26692143,-0.26692143,-1.4080577,RINL,MEF,EBF1,EBF
44,1,-0.2678836,-0.24283965,1.5725946,ACY3,MEF,SP1,Zf
2701,1,-0.65183055,-0.47267562,1.6072477,SLC17A2,MEF,CUX1,Homeobox
1831,1,-0.120565586,-0.1342841,-1.0806947,MIR143HG,MEF,MAX,bHLH
3211,0,0.011842721,-0.21953267,-1.060672,WASF3,LMC,FOXA1,Forkhead
125,1,-0.51637894,-0.42379856,1.0675509,AMD1,MEF,CUX1,Homeobox
2695,1,-0.28121933,-0.25159925,-2.9925153,SLC16A11,MEF,SP1,Zf
697,1,0.17063665,-0.10944186,-3.184519,CX3CR1,MEF,FOXA1,Forkhead
1429,1,-0.38071528,-0.24283965,-1.177071,IGSF3,MEF,ZNF263,Zf
394,1,-0.0065755714,-0.1342841,2.6318588,CCDC3,MEF,MYOG,bHLH
2199,0,0.0745308,-0.10944186,-1.1405721,PGK1,LMC,FOXA2,Forkhead
2155,0,-0.27070102,-0.24450046,-2.4770832,PCOLCE,LMC,GATA2,Zf
3058,1,-0.51944894,-0.25159925,-2.989665,TNFRSF11A,MEF,BCL11A,Zf
1405,1,-0.0017048104,-0.121736646,-1.8064386,HTRA4,MEF,MYOG,bHLH
164,1,-0.10505258,-0.1342841,1.6091472,APOB,MEF,BHLHE40,bHLH
1326,1,-0.45963168,-0.45963168,1.7722064,HERC3,MEF,TCF3,HMG
3147,1,-0.1505293,-0.1342841,-2.5250468,TUBB2B,MEF,USF2,bHLH
549,0,-0.062780954,-0.24333258,1.269106,CHRNA2,LMC,SP1,Zf
2671,0,-0.2300118,-0.25159925,-3.8579667,SIM2,LMC,MAZ,Zf
341,0,-0.13994873,-0.2053601,-1.2593856,CACNA1H,LMC,FOXA2,Forkhead
2693,0,-0.45963168,-0.45963168,1.0595441,SLC16A1,LMC,TCF3,HMG
2128,0,-0.37167174,-0.29509667,1.8577458,PARVG,LMC,ATF2,bZIP
2123,0,-0.057535224,-0.27780795,-1.0591209,PAQR8,LMC,BACH1,bZIP
2884,0,-0.30776003,-0.24450046,-2.5431578,STK32B,LMC,ZNF263,Zf
1438,0,-0.2185933,-0.3794154,1.3186898,IL12RB1,LMC,IRF1,IRF
638,0,-0.2859068,-0.146989,-1.236495,CPED1,LMC,TCF12,bHLH
796,0,-0.26816452,-0.121736646,1.3039615,DOCK8,LMC,TCF12,bHLH
714,1,0.016314197,-0.13941021,5.836115,CYP1A1,MEF,USF1,bHLH
1946,0,-0.2185933,-0.3794154,-1.5658408,NCAPD2,LMC,IRF1,IRF
555,1,-0.37167174,-0.29509667,1.8076999,CHST7,MEF,ATF2,bZIP
677,0,-0.44168723,-0.24550179,2.8588223,CST9,LMC,FOS,bZIP
802,0,-0.120565586,-0.1342841,-1.2664425,DPF1,LMC,MAX,bHLH
1777,0,-0.19239004,-0.26135686,-2.3094268,MATN2,LMC,E2F4,E2F
2145,0,-0.009364229,-0.17137949,-1.2809553,PCDHGB2,LMC,STAT3,Stat
2175,0,-0.35318726,-0.41931188,-2.2166488,PDGFRB,LMC,ELK1,ETS
1424,0,0.027763726,-0.25159925,1.8200285,IGFBP6,LMC,GATA3,Zf
2203,1,-0.3610153,-0.22249272,-2.3934686,PHF19,MEF,EGR1,Zf
136,0,-0.35028386,-0.4067228,-1.5956872,ANK3,LMC,NANOG,Homeobox
115,1,0.8549915,-0.22249272,-1.468537,ALDH3B1,MEF,PRDM1,Zf
2293,0,-0.39205822,-0.27780795,-2.7335875,POM121L2,LMC,MAFK,bZIP
1595,1,-0.18621291,-0.24333258,1.9454163,KLHL30,MEF,YY1,Zf
2852,0,-0.18398622,-0.29509667,-1.4059516,SRD5A1,LMC,ATF3,bZIP
701,0,-0.33296144,-0.24550179,1.3237922,CXCL14,LMC,MAFK,bZIP
2846,1,-0.16561359,-0.22810093,-1.6578367,SPRY3,MEF,JUND,bZIP
1003,1,-0.31818998,-0.24333258,-3.493651,FAM64A,MEF,ZEB1,Zf
335,1,-0.2300118,-0.25159925,-2.2483978,C5AR2,MEF,MAZ,Zf
1753,1,-0.36812532,-0.36812532,-1.175975,MANBA,MEF,NRF1,NRF
1508,0,-0.120565586,-0.1342841,3.5022085,IZUMO1,LMC,MAX,bHLH
1424,0,-0.08617797,-0.146989,1.8200285,IGFBP6,LMC,MYOG,bHLH
3022,1,-0.17407607,-0.121736646,-1.151225,TMEM173,MEF,MAX,bHLH
1829,0,-0.2790477,-0.25471953,-1.0049107,MID1,LMC,MAFF,bZIP
1096,1,-0.15764365,-0.14792581,1.4133523,FOXC2,MEF,RFX5,HTH
3259,1,-0.17407607,-0.121736646,-1.6842502,ZIC1,MEF,MAX,bHLH
1087,1,0.19933423,-0.36911827,1.1361747,FNDC3A,MEF,MEF2C,MADS
2536,1,-0.3058912,-0.24283965,4.0988145,RPS27,MEF,YY1,Zf
1048,1,-0.38339126,-0.24550179,1.1360126,FGF1,MEF,ATF2,bZIP
2845,0,-0.5313326,-0.24450046,-1.1286079,SPRY1,LMC,ZKSCAN1,Zf
946,1,-0.36259097,-0.38195667,1.9708863,F11,MEF,ELF1,ETS
891,1,-0.38071528,-0.24283965,5.217625,EN2,MEF,ZNF263,Zf
2071,0,-0.062780954,-0.24333258,2.2531579,OAS3,LMC,SP1,Zf
1266,1,-0.07763662,-0.20371658,1.154727,GPRC5C,MEF,FOXA2,Forkhead
1617,0,-0.22240412,-0.10008492,1.5315919,LAMA3,LMC,TCF12,bHLH
2875,1,-0.1124492,-0.24333258,-2.018522,STARD8,MEF,CTCF,Zf
1805,1,0.03116794,-0.22249272,2.5338821,MEIG1,MEF,CTCF,Zf
558,0,-0.14989896,-0.14989896,-1.1850271,CIB2,LMC,TEAD4,TEA
557,0,-0.1689725,-0.13941021,-1.4300829,CHTF18,LMC,BHLHE40,bHLH
1569,0,-0.33058694,-0.3917693,-1.7011287,KIF18B,LMC,ELF1,ETS
3006,0,-0.20916343,-0.20916343,-1.0641911,TMEFF2,LMC,NRF1,NRF
1921,0,-0.1826178,-0.24450046,1.0211234,MYO1D,LMC,SP1,Zf
2339,1,-0.8933479,-0.52757335,1.182829,PROCR,MEF,CUX1,Homeobox
270,1,-0.64209527,-0.1980394,-1.6177692,BARD1,MEF,STAT1,Stat
2230,0,-0.16561359,-0.22810093,1.7919799,PLA2G7,LMC,JUND,bZIP
763,1,-0.2849582,-0.2849582,2.0220814,DLG2,MEF,EBF1,EBF
1384,0,-0.08617797,-0.146989,-1.4212688,HPDL,LMC,MYOG,bHLH
970,0,-0.20953742,-0.22249272,-1.948274,FAM132B,LMC,MAZ,Zf
3252,1,-0.4733331,-0.39005762,-1.3094435,ZDHHC14,MEF,ELK1,ETS
540,0,-0.20953742,-0.22249272,-1.2108208,CHD3,LMC,MAZ,Zf
944,0,-0.7485091,-0.20371658,-1.0075725,EZH2,LMC,FOXM1,Forkhead
2368,1,0.048078425,-0.25471953,1.612119,PTCHD1,MEF,BACH1,bZIP
1691,1,-0.15812221,-0.22249272,1.5712949,LRFN5,MEF,YY1,Zf
2311,0,-0.13994873,-0.2053601,2.419608,PPM1N,LMC,FOXA2,Forkhead
2319,0,-0.07763662,-0.20371658,1.4068983,PPP1R9A,LMC,FOXA2,Forkhead
2260,1,-0.3076643,-0.4621776,-1.0602489,PLK3,MEF,IRF1,IRF
2082,0,-0.21342848,-0.28884968,1.6769947,OLFML2B,LMC,E2F6,E2F
1173,1,-0.1607576,-0.24283965,2.4525647,GDF5,MEF,MAZ,Zf
3059,0,-0.1124492,-0.24333258,-1.1181328,TNFRSF11B,LMC,CTCF,Zf
2982,1,-0.21895796,-0.21895796,-2.3347836,TICRR,MEF,EBF1,EBF
2171,0,-0.21907748,-0.27780795,-2.4464417,PDE9A,LMC,JUND,bZIP
2615,0,-0.44224238,-0.29509667,-1.4651343,SEMA6A,LMC,MAFK,bZIP
494,0,-0.35028386,-0.4067228,-1.1015905,CDKN1C,LMC,NANOG,Homeobox
3126,1,-0.3610153,-0.22249272,1.3204467,TSPAN13,MEF,EGR1,Zf
2018,0,-0.2727483,-0.2712014,2.2590847,NOTUM,LMC,E2F6,E2F
1955,0,-0.3341544,-0.39005762,2.1906483,NCKAP1L,LMC,ELF1,ETS
2048,0,0.041926194,-0.24283965,1.6435283,NT5E,LMC,GATA3,Zf
2272,1,0.016314197,-0.13941021,-1.2132683,PLXNA4,MEF,USF1,bHLH
2313,0,-0.3375485,-0.1342841,-2.7252042,PPP1R14A,LMC,TCF12,bHLH
873,0,-0.36645967,-0.22249272,2.3173335,EGR3,LMC,ZEB1,Zf
654,0,-0.10827843,-0.121736646,-2.8694944,CRISPLD1,LMC,USF2,bHLH
3206,0,-0.21342848,-0.28884968,-1.9135524,VWA1,LMC,E2F6,E2F
2949,1,-0.13559982,-0.10008492,2.121441,TCFL5,MEF,MAX,bHLH
2721,1,-0.1607576,-0.24283965,-2.3209023,SLC27A6,MEF,MAZ,Zf
818,1,-0.25007766,-0.37009746,-2.164502,DTL,MEF,IRF1,IRF
1185,1,-0.03437175,-0.039668236,1.7013246,GGT1,MEF,RFX5,HTH
1699,1,-0.28616667,-0.25693348,1.5158956,LRRC2,MEF,E2F6,E2F
700,1,-0.30003953,-0.30003953,-1.8470051,CXCL12,MEF,NRF1,NRF
3015,1,-0.2954083,-0.24550179,1.1457732,TMEM140,MEF,ATF3,bZIP
1422,1,-0.33296144,-0.24550179,2.4270205,IGFBP4,MEF,MAFK,bZIP
968,0,-0.46016192,-0.24450046,-1.4871693,FAM131B,LMC,EGR1,Zf
510,1,-0.1689725,-0.13941021,-3.0437114,CENPA,MEF,BHLHE40,bHLH
2248,0,-0.3869897,-0.39942494,1.0960327,PLEKHA7,LMC,ETS1,ETS
1383,0,-0.057535224,-0.27780795,3.9081578,HPCAL4,LMC,BACH1,bZIP
748,1,-0.192465,-0.27780795,1.1444718,DENND6B,MEF,ATF3,bZIP
538,1,-0.3070402,-0.24450046,-1.8271799,CHAF1B,MEF,YY1,Zf
1787,1,-0.16941127,-0.25471953,-2.5327592,MCM10,MEF,FOS,bZIP
1823,0,-0.1607576,-0.24283965,1.2423477,MGAT3,LMC,MAZ,Zf
3263,0,-0.4409798,-0.24450046,1.1311405,ZMYND15,LMC,ZEB1,Zf
557,0,-0.42519194,-0.24333258,-1.4300829,CHTF18,LMC,GATA1,Zf
3083,1,-0.08568381,-0.24450046,1.0522466,TPD52L1,MEF,MAZ,Zf
211,0,-0.058015816,-0.18281521,1.5333622,ARRB2,LMC,STAT3,Stat
1819,1,-0.1505293,-0.1342841,-2.406955,MFNG,MEF,USF2,bHLH
2952,1,-0.34029287,-0.28884968,-1.0514666,TEAD2,MEF,E2F4,E2F
3243,0,-0.15764365,-0.14792581,-1.1205866,YBX3,LMC,RFX5,HTH
739,1,-0.20953742,-0.22249272,1.5737567,DDN,MEF,MAZ,Zf
1560,0,-0.4409798,-0.24450046,-2.493721,KCTD16,LMC,ZEB1,Zf
2386,0,-0.3869897,-0.39942494,2.0515485,PTPN6,LMC,ETS1,ETS
870,1,-0.440717,-0.25471953,-1.2089994,EGLN3,MEF,MAFK,bZIP
2185,1,-0.3076643,-0.4621776,-1.7224369,PEG10,MEF,IRF1,IRF
915,1,0.21614419,-0.17782252,2.6503172,ERBB3,MEF,FOXA1,Forkhead
1551,1,-0.36259097,-0.38195667,-2.8326209,KCNK13,MEF,ELF1,ETS
348,0,0.03645469,-0.22810093,-1.4145359,CACNG7,LMC,BACH1,bZIP
335,0,-0.440717,-0.25471953,2.3234644,C5AR2,LMC,MAFK,bZIP
2478,0,-0.057535224,-0.27780795,-1.0574901,RCN1,LMC,BACH1,bZIP
609,0,-0.4467859,-0.3917693,-2.4838371,COL14A1,LMC,ELK1,ETS
706,1,-0.91791576,-0.29509667,1.1717257,CXXC5,MEF,BATF,bZIP
1245,0,-0.35453734,-0.24333258,1.7366654,GPR157,LMC,ZKSCAN1,Zf
784,1,-0.17853236,-0.13941021,1.0831264,DNAJB4,MEF,MYOG,bHLH
2724,1,-0.3022701,-0.29509667,1.0227904,SLC2A12,MEF,FOSL2,bZIP
125,1,-1.3501369,-0.39942494,1.0675509,AMD1,MEF,FLI1,ETS
1599,1,-0.65735245,-0.17782252,-4.5188403,KLHL6,MEF,FOXM1,Forkhead
2852,0,-0.33058694,-0.3917693,-1.4059516,SRD5A1,LMC,ELF1,ETS
3235,0,-0.12554857,-0.24550179,1.6618998,WT1,LMC,JUND,bZIP
2614,1,-0.44224238,-0.29509667,-1.6614317,SEMA4G,MEF,MAFK,bZIP
1192,1,-0.10369535,-0.10008492,1.3111038,GIPC2,MEF,BHLHE40,bHLH
678,0,-0.20308916,-0.4653868,1.3000749,CTDSPL,LMC,IRF1,IRF
2152,1,0.07771543,-0.1980394,-2.3267388,PCK1,MEF,STAT3,Stat
693,0,-0.36102507,-0.24550179,-1.0231155,CUL7,LMC,ATF1,bZIP
829,1,-0.3430542,-0.3430542,-1.5806866,DUT,MEF,PAX5,"Paired,Homeobox"
1011,0,-0.440717,-0.25471953,-1.7455534,FAM83D,LMC,MAFK,bZIP
3007,0,-0.2300118,-0.25159925,1.5005039,TMEM106A,LMC,MAZ,Zf
3261,1,-0.38490406,-0.38490406,1.0759444,ZKSCAN4,MEF,PAX5,"Paired,Homeobox"
392,0,-0.009410201,-0.10008492,-1.5992931,CCDC18,LMC,USF2,bHLH
1478,1,-0.4467859,-0.3917693,-4.4361186,IRF8,MEF,ELK1,ETS
511,1,-0.12447846,-0.22249272,-2.789674,CENPE,MEF,GATA2,Zf
1215,0,-0.065101475,-0.08148018,-1.0471468,GNG10,LMC,RFX5,HTH
3249,1,0.03116794,-0.22249272,-3.3419523,ZC3H12D,MEF,CTCF,Zf
2292,1,-0.3070402,-0.24450046,-1.5553532,POLQ,MEF,YY1,Zf
1648,1,-0.38490406,-0.38490406,-1.2747815,LGMN,MEF,PAX5,"Paired,Homeobox"
1649,1,-0.5069276,-0.27780795,1.676373,LHFPL1,MEF,ATF2,bZIP
3051,1,-0.3070402,-0.24450046,1.3207757,TMX2,MEF,YY1,Zf
1304,0,0.06421617,-0.24450046,1.7955786,GUCY1A3,LMC,CTCF,Zf
1100,0,-0.08568381,-0.24450046,-1.6009392,FOXL1,LMC,MAZ,Zf
1610,0,-0.2790477,-0.25471953,2.324363,KRT8,LMC,MAFF,bZIP
3166,1,-0.2790477,-0.25471953,2.1184819,UGP2,MEF,MAFF,bZIP
3206,0,-0.25007766,-0.37009746,-1.9135524,VWA1,LMC,IRF1,IRF
1701,0,-0.38278377,-0.42379856,-1.2529169,LRRC3,LMC,PBX3,Homeobox
2521,0,-0.34370995,-0.24333258,1.8557955,RNF180,LMC,EGR1,Zf
2807,0,-0.3869897,-0.39942494,1.3982675,SORL1,LMC,ETS1,ETS
776,0,-0.1666823,-0.13941021,-1.6226877,DNAH1,LMC,USF2,bHLH
305,0,-0.29414836,-0.26135686,-1.7441015,BMPR1B,LMC,E2F6,E2F
3004,1,-0.32442823,-0.39942494,1.3661466,TMBIM4,MEF,ELK1,ETS
31,1,-0.4467859,-0.3917693,-1.0644914,ACOT7,MEF,ELK1,ETS
169,0,-0.541412,-0.25159925,2.8778405,APOE,LMC,EGR1,Zf
1014,0,-0.37527534,-0.37527534,1.4449313,FAM84B,LMC,NRF1,NRF
786,0,-0.03437175,-0.039668236,2.1619072,DNAJC6,LMC,RFX5,HTH
1904,0,-0.10827843,-0.121736646,-1.3284812,MYCL,LMC,USF2,bHLH
3081,1,-0.3569094,-0.25159925,-1.4911098,TOX3,MEF,ZNF263,Zf
1969,1,-0.4409798,-0.24450046,-2.4533186,NEIL3,MEF,ZEB1,Zf
2014,0,-0.1826178,-0.24450046,1.0341421,NOS1AP,LMC,SP1,Zf
561,1,-0.2859068,-0.146989,2.2551308,CITED4,MEF,TCF12,bHLH
945,0,-0.71579945,-0.37009746,1.6291311,EZR,LMC,IRF3,IRF
2881,1,-0.04073672,-0.3917693,-1.7704527,STIL,MEF,ELK4,ETS
2323,1,-0.01444126,-0.17255645,-2.6390612,PRC1,MEF,STAT3,Stat
2202,1,-0.0005437653,-0.1342841,1.4637411,PGRMC1,MEF,USF1,bHLH
1374,1,-0.38490406,-0.38490406,-1.569939,HOXC5,MEF,PAX5,"Paired,Homeobox"
2769,1,-0.15054174,-0.24450046,-3.3206353,SLFN5,MEF,GATA3,Zf
335,0,-0.07763662,-0.20371658,2.3234644,C5AR2,LMC,FOXA2,Forkhead
103,0,-0.009410201,-0.10008492,-1.3047225,AKAP12,LMC,USF2,bHLH
2670,1,-0.23244992,-0.52757335,-3.2833223,SIM1,MEF,PBX3,Homeobox
1306,0,-0.08568381,-0.24450046,-3.5932722,H19,LMC,MAZ,Zf
2252,1,-0.3076643,-0.4621776,1.3349193,PLEKHH2,MEF,IRF1,IRF
335,1,-0.27228355,-0.24283965,-2.2483978,C5AR2,MEF,GATA2,Zf
1215,0,-0.8933479,-0.52757335,-1.0471468,GNG10,LMC,CUX1,Homeobox
2736,1,0.048078425,-0.25471953,2.0948865,SLC35G1,MEF,BACH1,bZIP
280,1,-0.36812532,-0.36812532,-1.1130936,BCL2L11,MEF,NRF1,NRF
2817,0,-0.44224238,-0.29509667,1.6528256,SP140,LMC,MAFK,bZIP
894,0,0.018755239,0.02968777,-1.8879693,ENG,LMC,RFX5,HTH
1108,0,-0.3070402,-0.24450046,-1.8366894,FREM2,LMC,YY1,Zf
68,0,-0.34914914,-0.27780795,2.2701433,ADAP2,LMC,FOS,bZIP
1734,1,-0.29414836,-0.26135686,1.0396278,LYRM7,MEF,E2F6,E2F
784,1,-0.45963168,-0.45963168,1.0831264,DNAJB4,MEF,TCF3,HMG
1738,1,-0.63670325,-0.21953267,1.1827898,LZTFL1,MEF,FOXM1,Forkhead
1156,0,-0.10505258,-0.1342841,2.548987,GATA5,LMC,BHLHE40,bHLH
2402,1,-0.21459776,-0.24333258,-1.2805303,PYCARD,MEF,MAZ,Zf
2911,1,-0.34370995,-0.24333258,-2.18065,SYNE2,MEF,EGR1,Zf
1163,1,-0.1689725,-0.13941021,1.3765935,GCH1,MEF,BHLHE40,bHLH
1767,1,-0.1607576,-0.24283965,1.0195546,MAPK13,MEF,MAZ,Zf
2191,1,-0.541412,-0.25159925,-1.1248902,PFKFB3,MEF,EGR1,Zf
1514,0,-0.3569094,-0.25159925,1.9986963,JAM2,LMC,ZNF263,Zf
721,0,-0.08974322,-0.146989,1.6832298,CYTH4,LMC,MAX,bHLH
10,1,-0.39900714,-0.22249272,-1.2388748,ABCB4,MEF,GATA1,Zf
2466,1,-0.065101475,-0.08148018,1.3233889,RB1,MEF,RFX5,HTH
3007,0,-0.36645967,-0.22249272,1.5005039,TMEM106A,LMC,ZEB1,Zf
1514,0,-0.25165793,-0.0023815737,1.9986963,JAM2,LMC,MEF2A,MADS
2981,0,-0.42519194,-0.24333258,1.743349,TICAM2,LMC,GATA1,Zf
1951,0,-0.13149443,-0.22249272,1.457444,NCEH1,LMC,SP1,Zf
2818,0,-0.16941127,-0.25471953,-2.2571666,SP3,LMC,FOS,bZIP
473,0,-0.26188308,-0.27780795,-1.7247705,CDCA2,LMC,FOSL2,bZIP
1751,0,-0.2064243,-0.25159925,1.2574582,MAN1C1,LMC,YY1,Zf
252,1,-0.15764365,-0.14792581,-2.3618605,AURKB,MEF,RFX5,HTH
2818,1,0.03116794,-0.22249272,-2.0819426,SP3,MEF,CTCF,Zf
2814,0,-0.049117733,-0.13941021,-1.170696,SOX8,LMC,MAX,bHLH
1804,1,-0.21907748,-0.27780795,1.6576555,MEGF9,MEF,JUND,bZIP
2761,1,-0.541412,-0.25159925,1.3455367,SLC9A2,MEF,EGR1,Zf
2274,1,-0.33639127,-0.4713425,2.1025789,PM20D1,MEF,IRF1,IRF
2382,0,-0.38057798,-0.24450046,1.0109676,PTPN13,LMC,GATA1,Zf
358,1,-0.41913503,-0.41913503,1.2216636,CAMK4,MEF,TCF3,HMG
513,0,-0.17513762,-0.146989,-1.3525441,CENPH,LMC,BHLHE40,bHLH
1388,0,-0.26816452,-0.121736646,1.3629756,HRASLS,LMC,TCF12,bHLH
2471,1,-0.28616667,-0.25693348,-1.0284628,RBM46,MEF,E2F6,E2F
790,0,-0.4733331,-0.39005762,1.4997923,DNM1,LMC,ELK1,ETS
1051,1,-0.21342848,-0.28884968,1.4397565,FGF12,MEF,E2F6,E2F
399,1,-0.3610153,-0.22249272,2.3751817,CCDC65,MEF,EGR1,Zf
2312,0,-0.42519194,-0.24333258,1.056169,PPP1R13B,LMC,GATA1,Zf
2638,0,-0.15812221,-0.22249272,1.3570801,SGK3,LMC,YY1,Zf
242,1,-0.3610153,-0.22249272,-1.7413437,ATP2A3,MEF,EGR1,Zf
1679,0,-0.38339126,-0.24550179,-1.5416106,LOXL3,LMC,ATF2,bZIP
1442,1,-0.38071528,-0.24283965,3.6092079,IL17RB,MEF,ZNF263,Zf
181,1,0.016311714,0.00623205,-2.8857563,ARHGAP19,MEF,RFX5,HTH
1947,1,-0.8150283,-0.4653868,-1.986602,NCAPG,MEF,IRF4,IRF
2187,1,-0.3625331,-0.38195667,2.418656,PERP,MEF,GABPA,ETS
1054,1,-0.34278938,-0.41931188,1.1716865,FGF18,MEF,ELF1,ETS
2932,0,-0.30776003,-0.24450046,-1.7568431,TAGLN,LMC,ZNF263,Zf
515,1,-0.01444126,-0.17255645,-1.4839959,CENPK,MEF,STAT3,Stat
1024,1,-0.17513762,-0.146989,-3.0149157,FBLN2,MEF,BHLHE40,bHLH
100,0,-0.8150283,-0.4653868,1.8017025,AIM1,LMC,IRF4,IRF
365,1,-0.00943349,-0.121736646,-4.5031996,CARD9,MEF,USF1,bHLH
1731,1,0.011842721,-0.21953267,-1.2809721,LYN,MEF,FOXA1,Forkhead
1498,1,-0.26692143,-0.26692143,-1.2604636,ITGB3,MEF,EBF1,EBF
1263,1,-0.0017048104,-0.121736646,-1.3334298,GPR84,MEF,MYOG,bHLH
1158,0,-0.3076643,-0.4621776,-1.364628,GATSL3,LMC,IRF1,IRF
1100,1,-0.13559982,-0.10008492,3.06513,FOXL1,MEF,MAX,bHLH
3124,1,-0.16561359,-0.22810093,1.8350945,TSLP,MEF,JUND,bZIP
265,0,-0.33058694,-0.3917693,-1.1247369,BAG2,LMC,ELF1,ETS
378,1,-0.4420254,-0.26135686,-1.3229213,CBX2,MEF,E2F1,E2F
2457,0,-0.049117733,-0.13941021,1.8391725,RASGRF2,LMC,MAX,bHLH
2039,0,-0.14724034,-0.14724034,-1.6790822,NRN1,LMC,EBF1,EBF
906,0,-0.28121933,-0.25159925,-1.4759874,EPHA4,LMC,SP1,Zf
1642,1,-0.049117733,-0.13941021,-2.2667716,LFNG,MEF,MAX,bHLH
41,1,-0.20776576,-0.20776576,-1.2971035,ACTN3,MEF,EBF1,EBF
2871,0,-0.18621291,-0.24333258,-1.8158801,STAG3,LMC,YY1,Zf
2865,1,-0.17407607,-0.121736646,2.0399895,ST8SIA1,MEF,MAX,bHLH
3167,1,-0.28616667,-0.25693348,-2.9578276,UHRF1,MEF,E2F6,E2F
728,0,-0.2997486,-0.24333258,-1.0895112,DCBLD1,LMC,ZNF263,Zf
2780,1,0.016311714,0.00623205,-2.5356984,SMOC1,MEF,RFX5,HTH
2014,0,-0.16561359,-0.22810093,1.0341421,NOS1AP,LMC,JUND,bZIP
548,1,-0.34914914,-0.27780795,1.3608431,CHRNA1,MEF,FOS,bZIP
441,1,-0.3375485,-0.1342841,-4.2018747,CD300A,MEF,TCF12,bHLH
1558,1,0.028543921,-0.29509667,-1.8198549,KCP,MEF,BACH1,bZIP
1385,0,-0.33817908,-0.29509667,3.1518924,HPGD,LMC,FOS,bZIP
2095,0,-0.08106524,-0.08106524,-4.0632787,OSR2,LMC,TEAD4,TEA
2817,0,-0.76012087,-0.50137913,1.6528256,SP140,LMC,CUX1,Homeobox
1654,1,-0.27070102,-0.24450046,1.719391,LIF,MEF,GATA2,Zf
2615,0,-0.1607576,-0.24283965,-1.4651343,SEMA6A,LMC,MAZ,Zf
1139,1,-0.056725405,-0.121736646,-2.5304673,GALNT12,MEF,BHLHE40,bHLH
2230,0,-0.07449697,-0.25159925,1.7919799,PLA2G7,LMC,CTCF,Zf
1050,0,-0.29414836,-0.26135686,-1.2463815,FGF11,LMC,E2F6,E2F
390,1,-0.51637894,-0.42379856,1.5225283,CCDC158,MEF,CUX1,Homeobox
3193,1,-0.049117733,-0.13941021,-1.4464716,VCAM1,MEF,MAX,bHLH
1882,1,0.07771543,-0.1980394,5.0510955,MSLN,MEF,STAT3,Stat
2716,1,-0.07763662,-0.20371658,-1.5039499,SLC25A45,MEF,FOXA2,Forkhead
2699,0,-0.17150766,-0.17150766,-1.1324766,SLC16A3,LMC,TEAD4,TEA
721,1,-0.049117733,-0.13941021,-7.29457,CYTH4,MEF,MAX,bHLH
831,1,-0.2507436,-0.25159925,1.2428452,DYNC2LI1,MEF,ZEB1,Zf
562,0,-0.3341544,-0.39005762,-1.8413281,CKAP2,LMC,ELF1,ETS
2812,1,-0.2300118,-0.25159925,1.6244054,SOX5,MEF,MAZ,Zf
829,0,0.027763726,-0.25159925,-1.1774735,DUT,LMC,GATA3,Zf
2018,1,-0.3933147,-0.24283965,3.2765796,NOTUM,MEF,ZKSCAN1,Zf
2323,1,-0.3705123,-0.25471953,-2.6390612,PRC1,MEF,FOSL2,bZIP
121,1,-0.541412,-0.25159925,2.0530162,ALPL,MEF,EGR1,Zf
731,0,-0.22240412,-0.10008492,-1.1816763,DCLK1,LMC,TCF12,bHLH
206,0,-0.440717,-0.25471953,1.0346465,ARL4C,LMC,MAFK,bZIP
513,0,-0.192465,-0.27780795,-1.3525441,CENPH,LMC,ATF3,bZIP
2867,0,-0.18621291,-0.24333258,1.8598232,ST8SIA4,LMC,YY1,Zf
1717,0,-0.21895796,-0.21895796,-1.2593111,LSP1,LMC,EBF1,EBF
1458,1,-0.38339126,-0.24550179,1.9326211,IL7,MEF,ATF2,bZIP
2677,0,-0.2954083,-0.24550179,-1.2792745,SKA3,LMC,ATF3,bZIP
559,1,-0.1607576,-0.24283965,1.5033135,CILP2,MEF,MAZ,Zf
1469,0,-0.18398622,-0.29509667,-1.3461412,INSIG1,LMC,ATF3,bZIP
516,0,-0.42519194,-0.24333258,-1.7725236,CENPM,LMC,GATA1,Zf
1157,0,0.21614419,-0.17782252,1.0983671,GATA6,LMC,FOXA1,Forkhead
2476,1,0.028543921,-0.29509667,1.7372016,RCAN1,MEF,BACH1,bZIP
465,0,-0.3869897,-0.39942494,-2.1160264,CDC20,LMC,ETS1,ETS
2304,0,0.023197008,-0.146989,-2.0846791,PPARGC1A,LMC,USF1,bHLH
717,1,-0.21895796,-0.21895796,1.2494087,CYP27A1,MEF,EBF1,EBF
3217,0,-0.21459776,-0.24333258,1.1876146,WDR91,LMC,MAZ,Zf
414,1,-0.37167174,-0.29509667,-3.7090113,CCL3,MEF,ATF2,bZIP
1711,0,-0.3058912,-0.24283965,1.4799604,LRRN4,LMC,YY1,Zf
346,1,-0.20953742,-0.22249272,2.3050516,CACNB2,MEF,MAZ,Zf
2608,1,-0.30776003,-0.24450046,2.1160233,SEMA3C,MEF,ZNF263,Zf
441,1,-0.20454665,-0.20454665,-4.2018747,CD300A,MEF,TEAD4,TEA
1567,1,-0.36351123,-0.50137913,-2.6418326,KIF14,MEF,PBX3,Homeobox
1490,1,-0.33280078,-0.24333258,1.2707528,ITGA3,MEF,GATA2,Zf
1524,1,-0.22735961,-0.24550179,4.1101813,KCNA2,MEF,MAFF,bZIP
3206,0,-0.3625331,-0.38195667,-1.9135524,VWA1,LMC,GABPA,ETS
1531,1,-0.17853236,-0.13941021,1.9358693,KCNB1,MEF,MYOG,bHLH
1563,0,-0.13559982,-0.10008492,-1.016507,KDELR3,LMC,MAX,bHLH
2970,0,-0.038338926,-0.10008492,-1.5857894,TGFB2,LMC,MYOG,bHLH
1923,1,-0.009364229,-0.17137949,-6.197118,MYO1G,MEF,STAT3,Stat
2414,0,-0.34099022,-0.38195667,-1.3037294,RAB23,LMC,ELK1,ETS
1137,0,-0.22016564,-0.25159925,-1.3150342,GAL3ST4,LMC,GATA2,Zf
1992,1,-0.15764365,-0.14792581,1.4492387,NIPAL2,MEF,RFX5,HTH
2324,1,-0.45038855,-0.39942494,-1.0814621,PRCP,MEF,GABPA,ETS
1589,1,-0.2678836,-0.24283965,1.5408548,KLF15,MEF,SP1,Zf
1416,1,-0.18621291,-0.24333258,1.4104824,IFNLR1,MEF,YY1,Zf
3077,0,-0.30779734,-0.3917693,-1.5086727,TOM1L1,LMC,ETS1,ETS
3090,1,-0.34099022,-0.38195667,-3.3326726,TRAF3IP3,MEF,ELK1,ETS
930,0,-0.07449697,-0.25159925,-1.3867598,EVA1A,LMC,CTCF,Zf
1147,1,-0.34278938,-0.41931188,-1.067214,GAPDH,MEF,ELF1,ETS
2196,0,-0.21301334,-0.25187832,-1.2279279,PGAP3,LMC,E2F4,E2F
1007,0,-0.120565586,-0.1342841,1.9239274,FAM78A,LMC,MAX,bHLH
2288,1,-0.120565586,-0.1342841,-1.222358,POLA1,MEF,MAX,bHLH
3203,0,-0.21301334,-0.25187832,-1.3290813,VSIG10L,LMC,E2F4,E2F
2818,0,-0.0317704,-0.39942494,-2.2571666,SP3,LMC,ELK4,ETS
975,1,-0.41320115,-0.25471953,1.2401816,FAM161B,MEF,ATF1,bZIP
1123,0,-0.2954083,-0.24550179,1.4232948,FTH1,LMC,ATF3,bZIP
2057,0,-0.40787458,-0.3917693,-2.073274,NUF2,LMC,GABPA,ETS
2308,1,-0.65735245,-0.17782252,1.3704175,PPFIBP2,MEF,FOXM1,Forkhead
2879,1,-0.37601265,-0.39942494,-1.1251734,STEAP3,MEF,ELF1,ETS
2154,0,0.016311714,0.00623205,3.9104586,PCNXL2,LMC,RFX5,HTH
2257,0,-0.26816452,-0.121736646,-1.7880105,PLIN4,LMC,TCF12,bHLH
683,0,-0.15019357,-0.27780795,1.6376765,CTSB,LMC,MAFF,bZIP
1032,0,-0.10827843,-0.121736646,-1.4661738,FBXO16,LMC,USF2,bHLH
2568,1,-0.0005437653,-0.1342841,1.4784383,SAMD12,MEF,USF1,bHLH
1821,0,-0.63670325,-0.21953267,-1.9097306,MFSD2A,LMC,FOXM1,Forkhead
3062,0,0.07771543,-0.1980394,1.3952664,TNFRSF1B,LMC,STAT3,Stat
995,1,-0.8933479,-0.52757335,1.193243,FAM26E,MEF,CUX1,Homeobox
3081,1,-0.13994873,-0.2053601,-1.4911098,TOX3,MEF,FOXA2,Forkhead
1455,0,-0.0013588448,-0.24283965,-1.9387442,IL27RA,LMC,CTCF,Zf
1305,1,0.011842721,-0.21953267,1.9774414,GYLTL1B,MEF,FOXA1,Forkhead
2792,0,0.21614419,-0.17782252,1.778019,SNHG11,LMC,FOXA1,Forkhead
3001,0,-0.169331,-0.25693348,2.2863705,TM4SF4,LMC,E2F4,E2F
2291,0,-0.29687634,-0.29687634,-1.2387993,POLE2,LMC,PAX5,"Paired,Homeobox"
1982,0,-0.17407607,-0.121736646,1.525791,NFATC2,LMC,MAX,bHLH
1004,1,-0.4409798,-0.24450046,1.7937952,FAM71E1,MEF,ZEB1,Zf
1382,1,-0.2952564,-0.2952564,-3.2889168,HP,MEF,HNF4A,NR
1952,1,-0.1607576,-0.24283965,-5.995038,NCF1,MEF,MAZ,Zf
2285,0,-0.16941127,-0.25471953,-2.1879153,PODNL1,LMC,FOS,bZIP
242,1,-0.5313326,-0.24450046,-1.7413437,ATP2A3,MEF,ZKSCAN1,Zf
3208,1,-0.40605056,-0.25471953,2.4230168,VWC2,MEF,ATF2,bZIP
3073,0,-0.17853236,-0.13941021,-1.4129364,TNNT3,LMC,MYOG,bHLH
1364,1,-0.40533945,-0.39005762,-1.2695204,HOXB2,MEF,GABPA,ETS
1145,0,-0.20454665,-0.20454665,2.0527973,GALNT6,LMC,TEAD4,TEA
1137,0,-0.20454665,-0.20454665,-1.3150342,GAL3ST4,LMC,TEAD4,TEA
2359,1,-0.3375485,-0.1342841,-1.1374569,PRUNE2,MEF,TCF12,bHLH
2430,1,-0.2470073,-0.39005762,-1.3141602,RACGAP1,MEF,ETS1,ETS
2929,0,-0.38059002,-0.38059002,-1.1441975,TACC3,LMC,PAX5,"Paired,Homeobox"
165,0,-0.44168723,-0.24550179,1.5124243,APOBEC1,LMC,FOS,bZIP
2764,0,-0.32442823,-0.39942494,1.8032925,SLC9A9,LMC,ELK1,ETS
664,0,0.011842721,-0.21953267,1.5020021,CSF2RA,LMC,FOXA1,Forkhead
125,1,-0.4467859,-0.3917693,1.0675509,AMD1,MEF,ELK1,ETS
1755,1,-0.1124492,-0.24333258,1.4467506,MANSC1,MEF,CTCF,Zf
374,1,-0.27228355,-0.24283965,1.2344857,CATSPER3,MEF,GATA2,Zf
1578,0,-0.36102507,-0.24550179,-2.1700678,KIF2C,LMC,ATF1,bZIP
862,1,-0.174635,-0.24550179,2.8456967,EFNA1,MEF,FOSL2,bZIP
1838,1,-0.17407607,-0.121736646,1.006843,MLLT3,MEF,MAX,bHLH
1759,0,-0.22240412,-0.10008492,-1.2019571,MAP2K6,LMC,TCF12,bHLH
2224,1,-0.13149443,-0.22249272,-2.260149,PKMYT1,MEF,SP1,Zf
737,0,0.13713937,-0.20371658,1.0949157,DDC,LMC,FOXA1,Forkhead
1743,0,0.03645469,-0.22810093,1.2423561,MAF,LMC,BACH1,bZIP
551,1,-0.37167174,-0.29509667,-1.0079558,CHST12,MEF,ATF2,bZIP
1135,0,-0.07449697,-0.25159925,2.4400945,GAL,LMC,CTCF,Zf
2257,1,-0.41913503,-0.41913503,1.7328469,PLIN4,MEF,TCF3,HMG
2309,1,-0.08617797,-0.146989,-2.0227222,PPL,MEF,MYOG,bHLH
2029,0,-0.10369535,-0.10008492,2.2859466,NPY,LMC,BHLHE40,bHLH
2045,0,-0.21459776,-0.24333258,3.818627,NT5C1A,LMC,MAZ,Zf
1291,1,-0.44224238,-0.29509667,2.739738,GSC,MEF,MAFK,bZIP
2349,0,-0.36049217,-0.22810093,-1.1556536,PRRT2,LMC,FOS,bZIP
1235,0,-0.33817908,-0.29509667,-1.1962503,GPR116,LMC,FOS,bZIP
2169,0,-0.22735961,-0.24550179,-1.3446639,PDE4D,LMC,MAFF,bZIP
816,0,-0.057535224,-0.27780795,2.4848864,DSG2,LMC,BACH1,bZIP
2051,1,-0.17513762,-0.146989,3.2610376,NTRK2,MEF,BHLHE40,bHLH
777,0,-0.22735961,-0.24550179,-1.7678535,DNAH11,LMC,MAFF,bZIP
3145,1,-0.30003953,-0.30003953,-1.3294976,TUBA1B,MEF,NRF1,NRF
2833,0,-0.3625331,-0.38195667,2.0447345,SPI1,LMC,GABPA,ETS
1957,0,-0.065101475,-0.08148018,-1.6446601,NDC80,LMC,RFX5,HTH
3034,0,0.048078425,-0.25471953,-1.6349095,TMEM246,LMC,BACH1,bZIP
563,1,-0.174635,-0.24550179,-3.2723203,CKAP2L,MEF,FOSL2,bZIP
2543,0,-0.36049217,-0.22810093,2.2870114,RSAD2,LMC,FOS,bZIP
2599,0,-0.43345997,-0.22249272,-1.0351863,SDK2,LMC,ZNF263,Zf
1982,1,-0.38339126,-0.24550179,-1.3703928,NFATC2,MEF,ATF2,bZIP
836,1,-0.21459776,-0.24333258,-2.7616482,E2F8,MEF,MAZ,Zf
2172,1,-0.3933147,-0.24283965,-1.412792,PDGFB,MEF,ZKSCAN1,Zf
1721,0,-0.33058694,-0.3917693,-1.3911871,LTBP2,LMC,ELF1,ETS
794,0,-0.2849582,-0.2849582,1.9015518,DOCK2,LMC,EBF1,EBF
594,1,0.03116794,-0.22249272,2.066923,CNKSR2,MEF,CTCF,Zf
1412,1,-0.37665918,-0.37009746,1.1134324,IER3,MEF,IRF4,IRF
2061,1,-0.20916343,-0.20916343,-2.5808094,NUSAP1,MEF,NRF1,NRF
3235,1,-0.2470073,-0.39005762,-2.6240964,WT1,MEF,ETS1,ETS
57,1,-0.1666823,-0.13941021,-3.2352571,ADAMTS14,MEF,USF2,bHLH
3150,1,-0.38059002,-0.38059002,-1.30229,TUBB6,MEF,PAX5,"Paired,Homeobox"
2957,0,-0.2507436,-0.25159925,2.2532527,TESC,LMC,ZEB1,Zf
2319,0,-0.32442823,-0.39942494,1.4068983,PPP1R9A,LMC,ELK1,ETS
2045,0,-0.3058912,-0.24283965,3.818627,NT5C1A,LMC,YY1,Zf
773,0,-0.34278938,-0.41931188,-1.6808469,DMPK,LMC,ELF1,ETS
463,1,-0.11649651,-0.25471953,-4.6992073,CD93,MEF,JUND,bZIP
226,1,-0.2507436,-0.25159925,-2.1260629,ASF1B,MEF,ZEB1,Zf
469,0,-0.40605056,-0.25471953,-1.0888088,CDC42EP4,LMC,ATF2,bZIP
759,0,-0.40787458,-0.3917693,-1.0099353,DIXDC1,LMC,GABPA,ETS
2837,0,-0.28899637,-0.29509667,1.6261545,SPINT2,LMC,MAFF,bZIP
224,1,-0.1666823,-0.13941021,3.5793529,ASCL1,MEF,USF2,bHLH
3060,1,-0.3375485,-0.1342841,-1.6824514,TNFRSF14,MEF,TCF12,bHLH
685,0,-0.38059002,-0.38059002,1.4008114,CTSD,LMC,PAX5,"Paired,Homeobox"
3250,0,-0.2470073,-0.39005762,-2.442775,ZC3HAV1L,LMC,ETS1,ETS
2614,1,-0.18621291,-0.24333258,-1.6614317,SEMA4G,MEF,YY1,Zf
999,0,0.03116794,-0.22249272,1.1663992,FAM46C,LMC,CTCF,Zf
1339,0,-0.38071528,-0.24283965,1.9896864,HK3,LMC,ZNF263,Zf
2893,0,-0.39205822,-0.27780795,1.5128429,STRA6,LMC,MAFK,bZIP
213,1,-0.37527534,-0.37527534,-1.0850065,ARSB,MEF,NRF1,NRF
2607,1,-0.4733331,-0.39005762,2.4777281,SEMA3B,MEF,ELK1,ETS
2660,1,-0.44168723,-0.24550179,-2.911555,SHCBP1,MEF,FOS,bZIP
2344,0,-0.1666823,-0.13941021,2.3748279,PRR15,LMC,USF2,bHLH
526,0,-0.10369535,-0.10008492,-1.5504444,CEP72,LMC,BHLHE40,bHLH
2897,0,-0.25007766,-0.37009746,-1.1073521,STYK1,LMC,IRF1,IRF
1369,1,-0.37601265,-0.39942494,-1.037935,HOXB7,MEF,ELF1,ETS
2595,1,-0.2727483,-0.2712014,2.6748421,SCUBE3,MEF,E2F6,E2F
1355,1,-0.35806254,-0.38195667,4.282851,HOXA10,MEF,ETS1,ETS
952,1,-0.07449697,-0.25159925,2.0570114,F5,MEF,CTCF,Zf
1292,0,-0.057535224,-0.27780795,1.1802437,GSDMD,LMC,BACH1,bZIP
741,1,-0.13994873,-0.2053601,-1.5264184,DDX11,MEF,FOXA2,Forkhead
198,1,-0.34278938,-0.41931188,-3.3044653,ARHGEF39,MEF,ELF1,ETS
1191,0,-0.21437913,-0.2712014,-1.2041851,GINS2,LMC,E2F4,E2F
2699,0,-0.14724034,-0.14724034,-1.1324766,SLC16A3,LMC,EBF1,EBF
1448,1,-0.44168723,-0.24550179,1.2898085,IL1B,MEF,FOS,bZIP
2785,1,-0.1607576,-0.24283965,2.6020565,SMYD1,MEF,MAZ,Zf
406,1,-0.32442823,-0.39942494,-1.2927687,CCDC88C,MEF,ELK1,ETS
2694,0,-0.5315311,-0.5315311,1.2064933,SLC16A10,LMC,PAX5,"Paired,Homeobox"
2557,1,-0.20916343,-0.20916343,-1.3580469,RXFP3,MEF,NRF1,NRF
2448,1,-0.33058694,-0.3917693,-3.6403525,RAPGEF5,MEF,ELF1,ETS
3046,0,-0.36049217,-0.22810093,2.2893217,TMEM59L,LMC,FOS,bZIP
2378,0,-0.36049217,-0.22810093,1.532152,PTK2B,LMC,FOS,bZIP
505,1,-0.541412,-0.25159925,1.0849304,CELF5,MEF,EGR1,Zf
646,0,0.023197008,-0.146989,1.443731,CRB2,LMC,USF1,bHLH
2642,0,-0.56344664,-0.2712014,-1.0922141,SGSM1,LMC,E2F1,E2F
1935,0,-0.15812221,-0.22249272,-1.2886287,NACAD,LMC,YY1,Zf
51,1,-0.3022701,-0.29509667,-2.1948695,ADAM33,MEF,FOSL2,bZIP
1398,1,-0.009410201,-0.10008492,1.0845106,HSPA4L,MEF,USF2,bHLH
1206,0,-0.33817908,-0.29509667,-1.2241191,GLIS3,LMC,FOS,bZIP
1826,0,0.0745308,-0.10944186,1.3738055,MGST2,LMC,FOXA2,Forkhead
276,0,-0.44168723,-0.24550179,-2.523097,BCAT1,LMC,FOS,bZIP
241,1,-0.21301334,-0.25187832,1.1553295,ATP1B2,MEF,E2F4,E2F
259,1,-0.3341544,-0.39005762,-1.0887047,B3GNT8,MEF,ELF1,ETS
2913,1,-0.17150766,-0.17150766,1.7464386,SYNGR3,MEF,TEAD4,TEA
1362,1,-0.5856867,-0.25187832,-1.7835001,HOXA7,MEF,E2F1,E2F
1486,1,-0.10827843,-0.121736646,-1.1396953,ISYNA1,MEF,USF2,bHLH
2523,0,-0.6928834,-0.10944186,-1.1712776,RNF207,LMC,FOXM1,Forkhead
370,0,-0.34914914,-0.27780795,1.419143,CASP4,LMC,FOS,bZIP
3015,1,-0.24165441,-0.29509667,1.1457732,TMEM140,MEF,JUND,bZIP
2058,0,-0.1666823,-0.13941021,1.252312,NUP210,LMC,USF2,bHLH
2810,1,-0.32442823,-0.39942494,-2.681507,SOX12,MEF,ELK1,ETS
1599,1,-0.12447846,-0.22249272,-4.5188403,KLHL6,MEF,GATA2,Zf
2223,0,-0.48813832,-0.3794154,2.4232366,PKIB,LMC,IRF4,IRF
3213,0,-0.3869897,-0.39942494,1.9761044,WDFY4,LMC,ETS1,ETS
44,1,-0.33280078,-0.24333258,1.5725946,ACY3,MEF,GATA2,Zf
337,0,-0.08106524,-0.08106524,-1.4465009,CABP1,LMC,TEAD4,TEA
111,0,0.0745308,-0.10944186,1.9508379,ALDH1A3,LMC,FOXA2,Forkhead
2866,0,0.03645469,-0.22810093,-3.4547288,ST8SIA2,LMC,BACH1,bZIP
294,0,-0.46165287,-0.4067228,2.420435,BIN2,LMC,CUX1,Homeobox
1816,1,-0.21907748,-0.27780795,-1.3299108,MEX3D,MEF,JUND,bZIP
2172,0,-0.17407607,-0.121736646,2.043665,PDGFB,LMC,MAX,bHLH
612,1,-0.16561359,-0.22810093,1.5643581,COL18A1,MEF,JUND,bZIP
2358,0,-0.08106524,-0.08106524,-1.326662,PRTG,LMC,TEAD4,TEA
883,0,-0.35453734,-0.24333258,-1.7784133,ELOVL6,LMC,ZKSCAN1,Zf
2091,0,-0.3869897,-0.39942494,-2.7508404,OSBPL6,LMC,ETS1,ETS
2664,1,-0.30776003,-0.24450046,1.5931308,SHISA7,MEF,ZNF263,Zf
495,1,0.5853313,-0.24450046,1.1449422,CDKN2B,MEF,PRDM1,Zf
2290,0,-0.18398622,-0.29509667,-1.5923315,POLE,LMC,ATF3,bZIP
1369,1,-0.33817908,-0.29509667,-1.037935,HOXB7,MEF,FOS,bZIP
3210,0,-0.21895796,-0.21895796,2.019908,WAS,LMC,EBF1,EBF
72,1,-0.2300118,-0.25159925,1.5808972,ADCY5,MEF,MAZ,Zf
2630,0,-0.43345997,-0.22249272,-1.4435178,SETBP1,LMC,ZNF263,Zf
3165,1,-0.29979625,-0.24283965,-2.3812919,UCP2,MEF,GATA1,Zf
3,0,-0.34029287,-0.28884968,-1.1041158,AASS,LMC,E2F4,E2F
2638,0,-0.2300118,-0.25159925,1.3570801,SGK3,LMC,MAZ,Zf
1862,1,0.041926194,-0.24283965,1.1564282,MORN2,MEF,GATA3,Zf
2761,1,0.17063665,-0.10944186,1.3455367,SLC9A2,MEF,FOXA1,Forkhead
473,1,-0.21437913,-0.2712014,-1.8354515,CDCA2,MEF,E2F4,E2F
35,0,-0.34099022,-0.38195667,-1.0941339,ACSS2,LMC,ELK1,ETS
3085,0,-0.3705123,-0.25471953,-2.4521747,TPM2,LMC,FOSL2,bZIP
299,1,-0.15764365,-0.14792581,4.1480656,BMP4,MEF,RFX5,HTH
1492,0,-0.16561359,-0.22810093,2.4321718,ITGA7,LMC,JUND,bZIP
1799,1,-0.10505258,-0.1342841,1.4473195,MECOM,MEF,BHLHE40,bHLH
2868,1,0.07771543,-0.1980394,-6.624937,STAB1,MEF,STAT3,Stat
3159,1,-0.38059002,-0.38059002,-1.1776502,UBASH3B,MEF,PAX5,"Paired,Homeobox"
958,0,-0.17150766,-0.17150766,-1.0537031,FADS3,LMC,TEAD4,TEA
1463,1,-0.3869897,-0.39942494,-1.116266,INCENP,MEF,ETS1,ETS
1920,1,-0.33058694,-0.3917693,-2.363597,MYO1B,MEF,ELF1,ETS
1862,1,-0.39205822,-0.27780795,1.1564282,MORN2,MEF,MAFK,bZIP
199,0,-0.3869897,-0.39942494,-1.0538654,ARHGEF4,LMC,ETS1,ETS
2734,0,-0.41913503,-0.41913503,-2.5573225,SLC35F2,LMC,TCF3,HMG
605,0,-0.2470073,-0.39005762,-1.0798401,CNTROB,LMC,ETS1,ETS
2923,0,-0.36049217,-0.22810093,1.0585166,SYTL1,LMC,FOS,bZIP
2313,0,-0.3375485,-0.1342841,-2.7252042,PPP1R14A,LMC,TCF12,bHLH
3061,0,-0.34099022,-0.38195667,1.0251417,TNFRSF19,LMC,ELK1,ETS
212,1,-0.37167174,-0.29509667,1.2303027,ARRDC3,MEF,ATF2,bZIP
875,1,-0.3569094,-0.25159925,-1.3485354,EHHADH,MEF,ZNF263,Zf
1522,0,-0.21437913,-0.2712014,1.2068585,KBTBD8,LMC,E2F4,E2F
1512,0,-0.0013588448,-0.24283965,-3.7551413,JAKMIP2,LMC,CTCF,Zf
1746,1,-0.2727483,-0.2712014,5.3277707,MAL,MEF,E2F6,E2F
711,1,-0.28616667,-0.25693348,2.1121793,CYBRD1,MEF,E2F6,E2F
2588,1,-0.3076643,-0.4621776,1.6087468,SCN3B,MEF,IRF1,IRF
2310,0,-0.42519194,-0.24333258,1.0633235,PPM1E,LMC,GATA1,Zf
389,1,0.07771543,-0.1980394,2.016568,CCDC153,MEF,STAT3,Stat
407,1,-0.3933147,-0.24283965,1.0351427,CCDC90B,MEF,ZKSCAN1,Zf
899,0,-0.15812221,-0.22249272,1.1764364,ENPP4,LMC,YY1,Zf
2940,1,-0.22240412,-0.10008492,2.6100438,TBX20,MEF,TCF12,bHLH
2762,0,-0.03437175,-0.039668236,1.142044,SLC9A3R1,LMC,RFX5,HTH
2894,1,-0.13559982,-0.10008492,-1.2475686,STX1A,MEF,MAX,bHLH
775,1,-0.1124492,-0.24333258,-1.7200471,DMRTA2,MEF,CTCF,Zf
1830,1,-0.12554857,-0.24550179,-2.685887,MILR1,MEF,JUND,bZIP
502,0,-0.10369535,-0.10008492,1.9597286,CEACAM1,LMC,BHLHE40,bHLH
1016,0,-0.22028713,-0.38195667,-1.282396,FANCD2,LMC,ELK4,ETS
631,1,-0.08106524,-0.08106524,-1.0453374,CORO1C,MEF,TEAD4,TEA
721,1,-0.3474289,-0.29509667,-7.29457,CYTH4,MEF,ATF1,bZIP
364,1,-0.51944894,-0.25159925,1.1463557,CAPS2,MEF,BCL11A,Zf
396,1,-0.10505258,-0.1342841,1.1600107,CCDC39,MEF,BHLHE40,bHLH
3018,1,-0.14976743,-0.22810093,-3.1052723,TMEM156,MEF,FOSL2,bZIP
1438,0,-0.08568381,-0.24450046,1.3186898,IL12RB1,LMC,MAZ,Zf
297,1,-0.440717,-0.25471953,-1.4785533,BMP1,MEF,MAFK,bZIP
334,1,-0.34099022,-0.38195667,-7.577236,C5AR1,MEF,ELK1,ETS
2606,0,-0.37698567,-0.4067228,-1.18342,SEMA3A,LMC,PBX3,Homeobox
1824,1,-0.21895796,-0.21895796,3.1939304,MGP,MEF,EBF1,EBF
2658,0,-0.30003953,-0.30003953,-1.9436976,SHC2,LMC,NRF1,NRF
1171,1,-0.2952564,-0.2952564,-2.000288,GDF10,MEF,HNF4A,NR
2848,1,0.07771543,-0.1980394,-1.3201041,SPSB4,MEF,STAT3,Stat
2846,1,-0.049117733,-0.13941021,-1.6578367,SPRY3,MEF,MAX,bHLH
2328,0,-0.35453734,-0.24333258,1.683577,PRDX1,LMC,ZKSCAN1,Zf
1992,1,-0.3933147,-0.24283965,1.4492387,NIPAL2,MEF,ZKSCAN1,Zf
355,1,-0.13559982,-0.10008492,2.3379595,CAMK2A,MEF,MAX,bHLH
1467,0,-0.03437175,-0.039668236,1.7121326,INPP5J,LMC,RFX5,HTH
719,0,-0.2583255,-0.12410606,1.9190269,CYSLTR1,LMC,MEF2A,MADS
1891,0,-0.28121933,-0.25159925,-1.2805142,MTHFD1L,LMC,SP1,Zf
2664,1,-0.33280078,-0.24333258,1.5931308,SHISA7,MEF,GATA2,Zf
270,1,-0.26816452,-0.121736646,-1.6177692,BARD1,MEF,TCF12,bHLH
2682,1,-0.30779734,-0.3917693,-4.944394,SLAMF9,MEF,ETS1,ETS
1111,0,-0.44168723,-0.24550179,-1.702313,FRMD5,LMC,FOS,bZIP
1800,1,-0.22240412,-0.10008492,1.4715531,MED12L,MEF,TCF12,bHLH
1589,1,-0.07763662,-0.20371658,1.5408548,KLF15,MEF,FOXA2,Forkhead
2106,0,-0.2678836,-0.24283965,-1.5309106,P4HA3,LMC,SP1,Zf
2074,0,-0.33080074,-0.22810093,2.1519072,OCLN,LMC,MAFK,bZIP
2323,0,-0.5795745,-0.22249272,-1.8919787,PRC1,LMC,SP2,Zf
2541,1,-0.26737517,-0.25159925,-1.4664801,RRM1,MEF,ZKSCAN1,Zf
2969,0,-0.10505258,-0.1342841,-1.3902878,TGFB1I1,LMC,BHLHE40,bHLH
681,0,0.011842721,-0.21953267,1.057336,CTNNAL1,LMC,FOXA1,Forkhead
87,0,-0.2064243,-0.25159925,-1.0760291,AFF3,LMC,YY1,Zf
1439,1,-0.18911669,-0.17782252,2.601705,IL13RA2,MEF,FOXA2,Forkhead
138,1,0.018755239,0.02968777,-2.2497957,ANKLE1,MEF,RFX5,HTH
260,1,-0.35806254,-0.38195667,1.0413135,B4GALNT2,MEF,ETS1,ETS
229,1,-0.3933147,-0.24283965,-2.8171737,ASPM,MEF,ZKSCAN1,Zf
1832,1,-0.00943349,-0.121736646,-1.5881457,MIS18BP1,MEF,USF1,bHLH
1927,0,-0.009364229,-0.17137949,-2.7235613,MYOM1,LMC,STAT3,Stat
2285,1,-0.1689725,-0.13941021,-2.140682,PODNL1,MEF,BHLHE40,bHLH
286,0,-0.15764365,-0.14792581,-1.6433271,BEST1,LMC,RFX5,HTH
333,1,-0.056725405,-0.121736646,-8.297818,C3AR1,MEF,BHLHE40,bHLH
99,1,-0.35132957,-0.35132957,1.0351957,AIG1,MEF,HNF4A,NR
565,0,-0.2859068,-0.146989,-1.0084794,CKS1B,LMC,TCF12,bHLH
1819,0,-0.46846294,-0.46846294,2.2376604,MFNG,LMC,TCF3,HMG
1424,1,-0.1666823,-0.13941021,-2.5096278,IGFBP6,MEF,USF2,bHLH
2123,0,-0.34370995,-0.24333258,-1.0591209,PAQR8,LMC,EGR1,Zf
1889,1,-0.43756613,-0.41931188,1.9976261,MT3,MEF,ETS1,ETS
1121,0,-0.10369535,-0.10008492,-1.0994569,FSTL3,LMC,BHLHE40,bHLH
1726,0,-0.15054174,-0.24450046,-2.252108,LY6E,LMC,GATA3,Zf
1795,1,-0.45392957,-0.28884968,-1.2361659,MDFI,MEF,E2F1,E2F
1499,0,-0.4649995,-0.41931188,1.620772,ITGB4,LMC,GABPA,ETS
2734,0,-0.37698567,-0.4067228,-2.5573225,SLC35F2,LMC,PBX3,Homeobox
2205,1,-0.38059002,-0.38059002,1.1916683,PHOSPHO1,MEF,PAX5,"Paired,Homeobox"
2762,0,-0.5313326,-0.24450046,1.142044,SLC9A3R1,LMC,ZKSCAN1,Zf
2681,1,-0.34914914,-0.27780795,-3.6906726,SLAMF7,MEF,FOS,bZIP
679,1,-0.17853236,-0.13941021,-1.4067318,CTHRC1,MEF,MYOG,bHLH
2652,1,-0.44224238,-0.29509667,-1.0477087,SH3PXD2B,MEF,MAFK,bZIP
2841,0,-0.10827843,-0.121736646,1.7487509,SPOCK2,LMC,USF2,bHLH
2206,1,-0.08568381,-0.24450046,1.2702825,PHYHIP,MEF,MAZ,Zf
1413,0,-0.44224238,-0.29509667,1.9056824,IFIT1,LMC,MAFK,bZIP
1497,1,-0.37167174,-0.29509667,-8.077631,ITGB2,MEF,ATF2,bZIP
2039,1,-0.43345997,-0.22249272,2.2157166,NRN1,MEF,ZNF263,Zf
1451,0,-0.049117733,-0.13941021,-3.1114745,IL1RL1,LMC,MAX,bHLH
2794,1,-0.19379956,-0.22810093,-1.930804,SNORA31,MEF,ATF2,bZIP
1265,1,-0.1124492,-0.24333258,2.4965944,GPRC5A,MEF,CTCF,Zf
2337,1,-0.38339126,-0.24550179,-3.3681915,PRKCH,MEF,ATF2,bZIP
516,1,-0.8933479,-0.52757335,-2.1930854,CENPM,MEF,CUX1,Homeobox
1823,0,-0.64209527,-0.1980394,1.2423477,MGAT3,LMC,STAT1,Stat
3112,0,-0.4409798,-0.24450046,-1.0263593,TRNP1,LMC,ZEB1,Zf
2732,1,-0.41913924,-0.24333258,1.3066294,SLC33A1,MEF,ZBTB33,Zf
1346,1,-0.2300118,-0.25159925,-2.7170715,HMHA1,MEF,MAZ,Zf
513,0,-0.3022701,-0.29509667,-1.3525441,CENPH,LMC,FOSL2,bZIP
528,0,-0.3610153,-0.22249272,1.2754617,CERK,LMC,EGR1,Zf
3131,1,0.023197008,-0.146989,1.2743545,TSPYL5,MEF,USF1,bHLH
3255,0,-0.10827843,-0.121736646,-1.031493,ZFP41,LMC,USF2,bHLH
269,0,-0.2954083,-0.24550179,1.224087,BAMBI,LMC,ATF3,bZIP
468,1,0.06421617,-0.24450046,-1.3716766,CDC42EP2,MEF,CTCF,Zf
359,0,-0.121607244,-0.24333258,-1.5934429,CAMKK1,LMC,GATA3,Zf
708,1,-0.44224238,-0.29509667,3.0798056,CYB5R2,MEF,MAFK,bZIP
856,1,-0.29414836,-0.26135686,-2.041312,EFCAB11,MEF,E2F6,E2F
1794,0,-0.20454665,-0.20454665,1.9649539,MCTP1,LMC,TEAD4,TEA
1054,1,0.011842721,-0.21953267,1.1716865,FGF18,MEF,FOXA1,Forkhead
1310,0,-0.35028386,-0.4067228,1.7605413,HAP1,LMC,NANOG,Homeobox
2623,1,-0.71902657,-0.24550179,1.5207373,SERPINB8,MEF,BATF,bZIP
1901,1,-0.5329097,-0.36911827,1.1209321,MYBL1,MEF,MEF2A,MADS
170,1,-0.440717,-0.25471953,2.2081058,APOH,MEF,MAFK,bZIP
2886,1,-0.03437175,-0.039668236,1.354127,STK38L,MEF,RFX5,HTH
2938,1,-0.3439605,-0.3439605,1.8867676,TBX18,MEF,NRF1,NRF
2319,0,-0.009410201,-0.10008492,1.4068983,PPP1R9A,LMC,USF2,bHLH
738,1,-0.2727483,-0.2712014,1.3251095,DDIT4L,MEF,E2F6,E2F
1869,0,-0.39900714,-0.22249272,2.0880618,MPZL2,LMC,GATA1,Zf
2735,1,-0.29414836,-0.26135686,3.6127057,SLC35F3,MEF,E2F6,E2F
585,1,-0.4733331,-0.39005762,1.8285992,CLU,MEF,ELK1,ETS
914,1,0.018755239,0.02968777,-3.8848941,EPSTI1,MEF,RFX5,HTH
2932,0,-0.3777494,-0.24283965,-1.7568431,TAGLN,LMC,EGR1,Zf
695,1,-0.22240412,-0.10008492,1.092411,CWF19L2,MEF,TCF12,bHLH
2580,1,-0.4649995,-0.41931188,-1.3769609,SCARF2,MEF,GABPA,ETS
1204,0,0.028543921,-0.29509667,-2.650084,GLIPR2,LMC,BACH1,bZIP
1196,1,-0.17407607,-0.121736646,1.5439531,GJB2,MEF,MAX,bHLH
2417,0,-0.049117733,-0.13941021,1.1701922,RAB27B,LMC,MAX,bHLH
3009,1,-0.22746871,-0.25187832,1.357033,TMEM117,MEF,E2F6,E2F
856,0,-0.39900714,-0.22249272,-1.1511953,EFCAB11,LMC,GATA1,Zf
3184,0,-0.33080074,-0.22810093,-1.2625906,UST,LMC,MAFK,bZIP
3165,0,-0.45963168,-0.45963168,2.2538092,UCP2,LMC,TCF3,HMG
3165,0,-0.40787458,-0.3917693,2.2538092,UCP2,LMC,GABPA,ETS
1243,1,-0.29687634,-0.29687634,-1.0271266,GPR153,MEF,PAX5,"Paired,Homeobox"
445,1,-0.22735961,-0.24550179,-3.5008187,CD33,MEF,MAFF,bZIP
46,1,-0.18621291,-0.24333258,-3.1549952,ADAM12,MEF,YY1,Zf
2459,1,-0.3058912,-0.24283965,-1.3954514,RASGRP3,MEF,YY1,Zf
1218,0,-0.07449697,-0.25159925,-1.4079136,GNG8,LMC,CTCF,Zf
1050,1,-0.35318726,-0.41931188,-1.4150496,FGF11,MEF,ELK1,ETS
923,1,-0.065101475,-0.08148018,-3.2897458,ESPL1,MEF,RFX5,HTH
1473,0,-1.2819929,-0.38195667,-1.8654938,IQGAP3,LMC,FLI1,ETS
2243,0,-0.3070402,-0.24450046,1.9148484,PLD4,LMC,YY1,Zf
2958,0,-0.10827843,-0.121736646,-1.3373098,TET1,LMC,USF2,bHLH
571,1,-0.36550322,-0.47267562,1.4271123,CLEC11A,MEF,PBX3,Homeobox
1821,0,-0.3375485,-0.1342841,-1.9097306,MFSD2A,LMC,TCF12,bHLH
3126,1,0.22652079,-0.2053601,1.3204467,TSPAN13,MEF,FOXA1,Forkhead
1913,0,-0.5072217,-0.24450046,1.1268022,MYLIP,LMC,ZBTB33,Zf
770,0,-0.34029287,-0.28884968,2.0457118,DMC1,LMC,E2F4,E2F
707,1,-0.29414836,-0.26135686,1.7866613,CYB561,MEF,E2F6,E2F
313,0,0.041926194,-0.24283965,1.2584305,BST2,LMC,GATA3,Zf
1625,1,-0.36645967,-0.22249272,2.403555,LARS2,MEF,ZEB1,Zf
1570,0,0.03116794,-0.22249272,-2.109007,KIF20A,LMC,CTCF,Zf
802,0,-0.21361919,-0.25471953,-1.2664425,DPF1,LMC,ATF3,bZIP
559,1,0.06421617,-0.24450046,1.5033135,CILP2,MEF,CTCF,Zf
2770,1,-0.36351123,-0.50137913,-1.5704622,SLIT3,MEF,PBX3,Homeobox
2543,0,-0.2185933,-0.3794154,2.2870114,RSAD2,LMC,IRF1,IRF
2020,1,-0.3070402,-0.24450046,-1.9587115,NPAS2,MEF,YY1,Zf
2950,1,-0.1124492,-0.24333258,-1.668541,TCIRG1,MEF,CTCF,Zf
2815,1,-0.5072217,-0.24450046,-2.193145,SP100,MEF,ZBTB33,Zf
601,1,-0.37527534,-0.37527534,-1.3648314,CNTFR,MEF,NRF1,NRF
2465,0,0.73946834,-0.24333258,1.9841317,RASSF9,LMC,PRDM1,Zf
1033,1,-0.10369535,-0.10008492,1.3729043,FBXO27,MEF,BHLHE40,bHLH
2027,1,-0.08617797,-0.146989,-2.0476608,NPTX1,MEF,MYOG,bHLH
2012,1,-0.48430756,-0.24313685,2.3264077,NOG,MEF,STAT1,Stat
639,0,-0.1124492,-0.24333258,2.0881393,CPNE5,LMC,CTCF,Zf
2285,1,-0.30779734,-0.3917693,-2.140682,PODNL1,MEF,ETS1,ETS
2913,1,-0.3569094,-0.25159925,1.7464386,SYNGR3,MEF,ZNF263,Zf
2317,1,-0.34278938,-0.41931188,-1.3451492,PPP1R3E,MEF,ELF1,ETS
1751,1,0.016314197,-0.13941021,-1.6200752,MAN1C1,MEF,USF1,bHLH
825,1,-0.36812532,-0.36812532,1.0855477,DUSP15,MEF,NRF1,NRF
1336,1,-0.23244992,-0.52757335,-1.3650213,HIST1H3G,MEF,PBX3,Homeobox
2001,1,-0.15019357,-0.27780795,-2.973236,NLRC4,MEF,MAFF,bZIP
1002,0,-0.34029287,-0.28884968,-1.0779922,FAM57A,LMC,E2F4,E2F
2146,0,-0.37527534,-0.37527534,-1.4458507,PCDHGB4,LMC,NRF1,NRF
1567,1,-0.6645992,-0.25159925,-2.6418326,KIF14,MEF,SP2,Zf
2982,1,-0.009364229,-0.17137949,-2.3347836,TICRR,MEF,STAT3,Stat
713,1,-0.32442823,-0.39942494,1.1914463,CYLD,MEF,ELK1,ETS
1922,0,0.08411567,-0.24550179,1.8340034,MYO1F,LMC,BACH1,bZIP
645,1,-0.22746871,-0.25187832,2.2899835,CRABP2,MEF,E2F6,E2F
1978,0,-0.049117733,-0.13941021,1.1023682,NEURL3,LMC,MAX,bHLH
1085,0,-0.009410201,-0.10008492,-1.0087279,FN1,LMC,USF2,bHLH
3219,1,-0.2849582,-0.2849582,1.7909031,WFDC3,MEF,EBF1,EBF
747,0,-0.16941127,-0.25471953,-1.0409411,DENND3,LMC,FOS,bZIP
3255,0,-0.7979473,-0.24283965,-1.031493,ZFP41,LMC,SP2,Zf
922,1,-0.21301334,-0.25187832,6.705968,ESM1,MEF,E2F4,E2F
2899,1,-0.17702122,-0.27780795,1.151807,SULT4A1,MEF,ATF1,bZIP
715,1,-0.16561359,-0.22810093,1.4558525,CYP1B1,MEF,JUND,bZIP
1162,1,-0.440717,-0.25471953,1.5318578,GCA,MEF,MAFK,bZIP
826,1,-0.3569094,-0.25159925,1.482341,DUSP27,MEF,ZNF263,Zf
1456,1,-0.19239004,-0.26135686,2.07193,IL31RA,MEF,E2F4,E2F
95,1,-0.37167174,-0.29509667,1.0903165,AHI1,MEF,ATF2,bZIP
1623,0,-0.2727483,-0.2712014,2.135228,LAPTM5,LMC,E2F6,E2F
1207,1,0.22652079,-0.2053601,2.7637024,GLRB,MEF,FOXA1,Forkhead
1090,0,-0.26816452,-0.121736646,2.2434323,FOLH1,LMC,TCF12,bHLH
210,1,-0.1607576,-0.24283965,-1.0362118,ARRB1,MEF,MAZ,Zf
459,0,-0.24165441,-0.29509667,1.1227926,CD82,LMC,JUND,bZIP
2797,1,-0.13559982,-0.10008492,1.207182,SNX16,MEF,MAX,bHLH
2717,1,-0.43345997,-0.22249272,2.2100704,SLC25A48,MEF,ZNF263,Zf
2199,0,-0.1826178,-0.24450046,-1.1405721,PGK1,LMC,SP1,Zf
427,1,-0.7844056,-0.2053601,1.174304,CCPG1,MEF,FOXM1,Forkhead
341,1,-0.07763662,-0.20371658,1.7592294,CACNA1H,MEF,FOXA2,Forkhead
1882,0,-0.20953742,-0.22249272,2.256139,MSLN,LMC,MAZ,Zf
747,0,-0.056725405,-0.121736646,-1.0409411,DENND3,LMC,BHLHE40,bHLH
2279,0,-0.2808588,-0.24283965,-1.1177921,PMVK,LMC,ZEB1,Zf
1265,1,-0.36259097,-0.38195667,2.4965944,GPRC5A,MEF,ELF1,ETS
329,1,-0.22240412,-0.10008492,-1.0498474,C1QTNF6,MEF,TCF12,bHLH
2102,1,-0.2548157,-0.22810093,-3.7011466,P2RY12,MEF,MAFF,bZIP
1612,0,-0.46165287,-0.4067228,2.5736082,KYNU,LMC,CUX1,Homeobox
103,0,-0.2678836,-0.24283965,-1.3047225,AKAP12,LMC,SP1,Zf
1772,1,-0.44224238,-0.29509667,2.744405,MASP1,MEF,MAFK,bZIP
1977,1,-0.7844056,-0.2053601,-1.8594017,NEURL1B,MEF,FOXM1,Forkhead
2275,0,-0.27228355,-0.24283965,1.0600202,PM20D2,LMC,GATA2,Zf
2328,0,0.07771543,-0.1980394,1.683577,PRDX1,LMC,STAT3,Stat
1641,0,-0.18621291,-0.24333258,-1.0036451,LEPREL2,LMC,YY1,Zf
1057,0,-0.057535224,-0.27780795,1.0085961,FGF9,LMC,BACH1,bZIP
643,0,-0.3625331,-0.38195667,-1.8344835,CPXM2,LMC,GABPA,ETS
1310,0,0.21614419,-0.17782252,1.7605413,HAP1,LMC,FOXA1,Forkhead
2757,1,-0.46165287,-0.4067228,-3.1570675,SLC7A8,MEF,CUX1,Homeobox
2111,1,-0.8933479,-0.52757335,-1.24494,PADI2,MEF,CUX1,Homeobox
1180,0,0.06421617,-0.24450046,-2.2058034,GFRA2,LMC,CTCF,Zf
323,1,-0.10369535,-0.10008492,1.5764846,C1GALT1,MEF,BHLHE40,bHLH
262,1,-0.42519194,-0.24333258,-1.0602292,B4GALT1,MEF,GATA1,Zf
1232,0,-0.28899637,-0.29509667,-1.4140695,GPM6B,LMC,MAFF,bZIP
862,1,-0.5980523,-0.24283965,2.8456967,EFNA1,MEF,ZBTB33,Zf
3148,1,-0.1505293,-0.1342841,-2.1438007,TUBB3,MEF,USF2,bHLH
246,0,0.13713937,-0.20371658,1.1833032,ATP6V1B2,LMC,FOXA1,Forkhead
3050,0,-0.25436184,-0.25436184,-2.8433716,TMTC1,LMC,TEAD4,TEA
1307,0,-0.18621291,-0.24333258,-1.3646489,H1FX,LMC,YY1,Zf
1888,1,-0.20953742,-0.22249272,1.6543893,MSX2,MEF,MAZ,Zf
683,0,-0.22016564,-0.25159925,1.6376765,CTSB,LMC,GATA2,Zf
3201,1,-0.3869897,-0.39942494,-1.6059492,VMO1,MEF,ETS1,ETS
2151,0,-0.15812221,-0.22249272,1.17195,PCED1B,LMC,YY1,Zf
2975,0,-0.00943349,-0.121736646,-1.1033702,THBS1,LMC,USF1,bHLH
2087,0,-0.13149443,-0.22249272,1.5545127,OPCML,LMC,SP1,Zf
1220,1,-0.34370995,-0.24333258,-1.252131,GOLM1,MEF,EGR1,Zf
1819,1,-0.26737517,-0.25159925,-2.406955,MFNG,MEF,ZKSCAN1,Zf
2491,0,-0.4776695,-0.22249272,1.1979079,RGS10,LMC,ZKSCAN1,Zf
278,0,-0.0013588448,-0.24283965,-2.4906874,BCL11A,LMC,CTCF,Zf
210,1,-0.20953742,-0.22249272,-1.0362118,ARRB1,MEF,MAZ,Zf
2337,0,-0.22016564,-0.25159925,1.6617084,PRKCH,LMC,GATA2,Zf
1039,1,-0.43345997,-0.22249272,1.1082104,FBXO7,MEF,ZNF263,Zf
2325,1,-0.3022701,-0.29509667,-1.045483,PRDM1,MEF,FOSL2,bZIP
751,1,-0.12554857,-0.24550179,3.2691665,DES,MEF,JUND,bZIP
268,0,-0.07763662,-0.20371658,-1.0727856,BAIAP2,LMC,FOXA2,Forkhead
875,1,-0.09351536,-0.24313685,-1.3485354,EHHADH,MEF,STAT3,Stat
1155,0,-0.13559982,-0.10008492,1.7282696,GATA4,LMC,MAX,bHLH
2874,1,0.08411567,-0.24550179,2.568709,STARD10,MEF,BACH1,bZIP
2060,0,-0.29360482,-0.13941021,-1.2953495,NUP62CL,LMC,TCF12,bHLH
2492,1,-0.2859068,-0.146989,-1.8323796,RGS16,MEF,TCF12,bHLH
936,1,-0.21361919,-0.25471953,-2.5236044,EXO1,MEF,ATF3,bZIP
1239,0,-0.21907748,-0.27780795,3.7169876,GPR133,LMC,JUND,bZIP
3216,1,-0.34278938,-0.41931188,-1.087505,WDR90,MEF,ELF1,ETS
2324,0,-0.11649651,-0.25471953,-1.082411,PRCP,LMC,JUND,bZIP
1477,1,-0.51637894,-0.42379856,-1.2859206,IRF7,MEF,CUX1,Homeobox
451,0,-0.1689725,-0.13941021,2.0789714,CD53,LMC,BHLHE40,bHLH
2571,0,-0.440717,-0.25471953,2.2119925,SAMSN1,LMC,MAFK,bZIP
788,0,-0.21342848,-0.28884968,1.1742103,DNASE1L1,LMC,E2F6,E2F
2195,1,-0.2470073,-0.39005762,-1.526995,PGAP1,MEF,ETS1,ETS
2990,0,-0.121607244,-0.24333258,-1.6426313,TK1,LMC,GATA3,Zf
30,1,-0.3625331,-0.38195667,-1.6896966,ACOT4,MEF,GABPA,ETS
3160,1,-0.038338926,-0.10008492,-2.8941476,UBE2C,MEF,MYOG,bHLH
2226,1,-0.038338926,-0.10008492,-1.2790762,PKP2,MEF,MYOG,bHLH
3219,1,-0.1826178,-0.24450046,1.7909031,WFDC3,MEF,SP1,Zf
1808,0,-0.40787458,-0.3917693,-1.8211592,MELK,LMC,GABPA,ETS
1180,1,-0.1666823,-0.13941021,1.6279256,GFRA2,MEF,USF2,bHLH
514,0,-0.46016192,-0.24450046,-1.4865025,CENPI,LMC,EGR1,Zf
472,1,-0.22240412,-0.10008492,-1.1619854,CDC7,MEF,TCF12,bHLH
1790,1,-0.2838714,-0.47267562,-2.2559693,MCM5,MEF,NANOG,Homeobox
2823,0,-0.4649995,-0.41931188,-1.7413466,SPAG5,LMC,GABPA,ETS
978,0,-0.21342848,-0.28884968,-1.2696277,FAM174B,LMC,E2F6,E2F
2994,1,-0.17513762,-0.146989,-2.1240892,TLL1,MEF,BHLHE40,bHLH
2418,0,-0.33639127,-0.4713425,-1.0006384,RAB30,LMC,IRF1,IRF
432,1,-0.16941127,-0.25471953,-1.9549283,CD14,MEF,FOS,bZIP
1022,1,-0.17513762,-0.146989,-2.1112094,FBLIM1,MEF,BHLHE40,bHLH
1464,0,-0.3439605,-0.3439605,-1.1838235,INPP1,LMC,NRF1,NRF
1012,1,-0.21437913,-0.2712014,1.7869244,FAM83G,MEF,E2F4,E2F
1949,1,-0.011590093,-0.22249272,-1.5197695,NCAPH,MEF,GATA3,Zf
268,0,0.06421617,-0.24450046,-1.0727856,BAIAP2,LMC,CTCF,Zf
1535,0,-0.17407607,-0.121736646,-1.325946,KCND1,LMC,MAX,bHLH
1576,0,-0.08106524,-0.08106524,-1.0787578,KIF26B,LMC,TEAD4,TEA
176,0,-0.21907748,-0.27780795,1.6893245,ARAP3,LMC,JUND,bZIP
1998,1,-0.00943349,-0.121736646,3.0893154,NKX6-1,MEF,USF1,bHLH
1534,1,-0.28616667,-0.25693348,1.1689314,KCNC3,MEF,E2F6,E2F
1248,0,-0.16941127,-0.25471953,-1.1894871,GPR17,LMC,FOS,bZIP
2417,0,-0.3933147,-0.24283965,1.1701922,RAB27B,LMC,ZKSCAN1,Zf
402,1,-0.29360482,-0.13941021,-1.552059,CCDC8,MEF,TCF12,bHLH
4,0,0.028543921,-0.29509667,1.3053162,AATK,LMC,BACH1,bZIP
1318,1,-0.24165441,-0.29509667,3.225172,HCN1,MEF,JUND,bZIP
1742,0,-0.3777494,-0.24283965,1.2771919,MADD,LMC,EGR1,Zf
285,1,-0.3705123,-0.25471953,3.1052554,BEND7,MEF,FOSL2,bZIP
3186,1,-0.35806254,-0.38195667,-1.9262128,VANGL2,MEF,ETS1,ETS
2893,0,-0.13559982,-0.10008492,1.5128429,STRA6,LMC,MAX,bHLH
497,0,-0.13559982,-0.10008492,-1.7681893,CDO1,LMC,MAX,bHLH
982,1,-0.19239004,-0.26135686,1.9927673,FAM184A,MEF,E2F4,E2F
2908,1,-0.21342848,-0.28884968,1.945969,SYCP3,MEF,E2F6,E2F
2763,1,-0.33639127,-0.4713425,-1.5338875,SLC9A5,MEF,IRF1,IRF
165,0,-0.09351536,-0.24313685,1.5124243,APOBEC1,LMC,STAT3,Stat
728,0,-0.44168723,-0.24550179,-1.0895112,DCBLD1,LMC,FOS,bZIP
2658,0,-0.4733331,-0.39005762,-1.9436976,SHC2,LMC,ELK1,ETS
526,0,-0.3076643,-0.4621776,-1.5504444,CEP72,LMC,IRF1,IRF
516,1,-0.16561359,-0.22810093,-2.1930854,CENPM,MEF,JUND,bZIP
531,1,-0.541412,-0.25159925,1.2192872,CFAP61,MEF,EGR1,Zf
1436,1,-0.4733331,-0.39005762,-6.897558,IL10RA,MEF,ELK1,ETS
489,0,-0.120565586,-0.1342841,1.132785,CDK18,LMC,MAX,bHLH
3005,0,-0.065101475,-0.08148018,-1.1154159,TMC7,LMC,RFX5,HTH
630,1,-0.38339126,-0.24550179,-4.2288876,CORO1A,MEF,ATF2,bZIP
1566,1,-0.21918109,-0.21918109,-2.457014,KIF11,MEF,TCF3,HMG
178,1,-0.42348737,-0.17137949,-2.0233412,ARHGAP10,MEF,STAT1,Stat
499,1,-0.062780954,-0.24333258,-1.2301211,CDR2L,MEF,SP1,Zf
703,1,-0.36812532,-0.36812532,-1.3933158,CXCR4,MEF,NRF1,NRF
3069,0,-0.5315311,-0.5315311,3.123341,TNNI2,LMC,PAX5,"Paired,Homeobox"
973,1,-0.29414836,-0.26135686,1.8486272,FAM155A,MEF,E2F6,E2F
519,0,-0.09351536,-0.24313685,-1.145698,CENPQ,LMC,STAT3,Stat
2265,1,-0.03437175,-0.039668236,3.7187953,PLS1,MEF,RFX5,HTH
1247,1,-0.33058694,-0.3917693,-1.054205,GPR161,MEF,ELF1,ETS
2542,0,-0.22746871,-0.25187832,-1.5441597,RRM2,LMC,E2F6,E2F
2323,1,-0.121607244,-0.24333258,-2.6390612,PRC1,MEF,GATA3,Zf
3077,0,0.041926194,-0.24283965,-1.5086727,TOM1L1,LMC,GATA3,Zf
2047,1,-0.37527534,-0.37527534,-3.1861043,NT5DC2,MEF,NRF1,NRF
2675,0,-0.17407607,-0.121736646,-4.1663847,SIX1,LMC,MAX,bHLH
2261,0,-0.1505293,-0.1342841,1.9372475,PLK5,LMC,USF2,bHLH
146,1,-0.0065755714,-0.1342841,1.5170969,ANO7,MEF,MYOG,bHLH
3146,1,-0.29979625,-0.24283965,-1.181462,TUBA1C,MEF,GATA1,Zf
3027,0,0.5853313,-0.24450046,2.0194569,TMEM184A,LMC,PRDM1,Zf
1110,0,-0.2997486,-0.24333258,2.7059643,FRMD4B,LMC,ZNF263,Zf
665,1,-0.29979625,-0.24283965,-4.4421754,CSF2RB,MEF,GATA1,Zf
932,1,-0.120565586,-0.1342841,1.3056546,EVA1C,MEF,MAX,bHLH
192,1,-0.16561359,-0.22810093,2.2037745,ARHGEF16,MEF,JUND,bZIP
358,1,-0.33058694,-0.3917693,1.2216636,CAMK4,MEF,ELF1,ETS
2274,1,-0.13149443,-0.22249272,2.1025789,PM20D1,MEF,SP1,Zf
46,1,-0.3569094,-0.25159925,-3.1549952,ADAM12,MEF,ZNF263,Zf
1491,1,-0.17150766,-0.17150766,-1.4530721,ITGA5,MEF,TEAD4,TEA
539,1,-0.009364229,-0.17137949,1.2686113,CHCHD10,MEF,STAT3,Stat
705,1,0.011842721,-0.21953267,1.9690752,CXXC4,MEF,FOXA1,Forkhead
1017,1,-0.36550322,-0.47267562,-1.9749366,FANCI,MEF,PBX3,Homeobox
3079,0,-0.08974322,-0.146989,-1.7466844,TOX,LMC,MAX,bHLH
1582,1,-0.13559982,-0.10008492,1.0983452,KIF9,MEF,MAX,bHLH
1730,1,-1.2819929,-0.38195667,-4.433676,LYL1,MEF,FLI1,ETS
1553,1,-0.0065755714,-0.1342841,-1.3296688,KCNK6,MEF,MYOG,bHLH
3114,1,0.016311714,0.00623205,-3.242694,TROAP,MEF,RFX5,HTH
2755,0,-0.17513762,-0.146989,1.0741242,SLC6A6,LMC,BHLHE40,bHLH
2784,0,-0.1689725,-0.13941021,1.2287743,SMPDL3A,LMC,BHLHE40,bHLH
817,1,-0.3022701,-0.29509667,2.4973128,DSP,MEF,FOSL2,bZIP
804,0,-0.40605056,-0.25471953,1.9543457,DPP4,LMC,ATF2,bZIP
2763,1,-1.5423862,-0.39005762,-1.5338875,SLC9A5,MEF,FLI1,ETS
833,1,-0.33296144,-0.24550179,1.3486774,DZANK1,MEF,MAFK,bZIP
492,0,-0.2470073,-0.39005762,-1.4240875,CDKL1,LMC,ETS1,ETS
1498,1,-0.51637894,-0.42379856,-1.2604636,ITGB3,MEF,CUX1,Homeobox
1619,0,-0.07449697,-0.25159925,1.9870634,LAMB3,LMC,CTCF,Zf
3147,1,-0.40533945,-0.39005762,-2.5250468,TUBB2B,MEF,GABPA,ETS
646,0,-0.440717,-0.25471953,1.443731,CRB2,LMC,MAFK,bZIP
1444,0,-0.76012087,-0.50137913,1.291219,IL18,LMC,CUX1,Homeobox
1152,1,-0.26692143,-0.26692143,-1.1213462,GAS7,MEF,EBF1,EBF
935,1,-0.0013588448,-0.24283965,-1.9342779,EVL,MEF,CTCF,Zf
1179,1,-0.29360482,-0.13941021,-2.2986953,GFPT2,MEF,TCF12,bHLH
150,1,0.018755239,0.02968777,-1.5063857,ANXA4,MEF,RFX5,HTH
1891,0,-0.3341544,-0.39005762,-1.2805142,MTHFD1L,LMC,ELF1,ETS
45,0,0.03116794,-0.22249272,-1.351491,ADAM11,LMC,CTCF,Zf
2894,1,-0.13149443,-0.22249272,-1.2475686,STX1A,MEF,SP1,Zf
2074,0,-0.4733331,-0.39005762,2.1519072,OCLN,LMC,ELK1,ETS
236,1,-0.058015816,-0.18281521,1.5191864,ATG9B,MEF,STAT3,Stat
2397,1,-0.16941127,-0.25471953,1.1374047,PTTG1,MEF,FOS,bZIP
1115,1,-0.27070102,-0.24450046,1.3492402,FRRS1L,MEF,GATA2,Zf
1738,1,-0.13149443,-0.22249272,1.1827898,LZTFL1,MEF,SP1,Zf
2095,0,-0.13149443,-0.22249272,-4.0632787,OSR2,LMC,SP1,Zf
3239,1,-0.09351536,-0.24313685,9.86263,XIST,MEF,STAT3,Stat
3187,0,-0.39900714,-0.22249272,-1.3416171,VASH2,LMC,GATA1,Zf
525,0,-0.20776576,-0.20776576,-1.5079637,CEP55,LMC,EBF1,EBF
1308,0,0.13713937,-0.20371658,2.2473085,HAL,LMC,FOXA1,Forkhead
2894,0,-0.21342848,-0.28884968,-1.0866947,STX1A,LMC,E2F6,E2F
398,1,-0.21361919,-0.25471953,1.0387565,CCDC63,MEF,ATF3,bZIP
1534,1,-0.37167174,-0.29509667,1.1689314,KCNC3,MEF,ATF2,bZIP
721,0,0.03116794,-0.22249272,1.6832298,CYTH4,LMC,CTCF,Zf
1489,1,-0.43345997,-0.22249272,2.9909916,ITGA2,MEF,ZNF263,Zf
2460,1,0.03116794,-0.22249272,-1.0421484,RASGRP4,MEF,CTCF,Zf
3099,1,-0.04073672,-0.3917693,-1.4419627,TRERF1,MEF,ELK4,ETS
3159,0,-0.25436184,-0.25436184,1.2241383,UBASH3B,LMC,TEAD4,TEA
1884,1,-0.7695519,-0.25159925,-1.0198689,MSRA,MEF,ZBTB33,Zf
2227,1,-0.7844056,-0.2053601,-2.0852349,PLA1A,MEF,FOXM1,Forkhead
696,1,-0.36049217,-0.22810093,1.1022455,CX3CL1,MEF,FOS,bZIP
2660,1,-0.14989896,-0.14989896,-2.911555,SHCBP1,MEF,TEAD4,TEA
2743,0,-0.43756613,-0.41931188,1.4633803,SLC40A1,LMC,ETS1,ETS
5,1,-0.64209527,-0.1980394,-1.4280964,ABCA12,MEF,STAT1,Stat
48,1,-0.14724034,-0.14724034,-1.9442203,ADAM19,MEF,EBF1,EBF
1400,1,0.22652079,-0.2053601,3.6111457,HSPB2,MEF,FOXA1,Forkhead
233,0,-0.34029287,-0.28884968,1.1636925,ATF6,LMC,E2F4,E2F
235,0,-0.36550322,-0.47267562,-1.0292096,ATG16L2,LMC,PBX3,Homeobox
2067,1,-0.45963168,-0.45963168,-1.3362417,NXPH4,MEF,TCF3,HMG
1642,1,-0.32700178,-0.25159925,-2.2667716,LFNG,MEF,GATA1,Zf
1988,1,-0.009410201,-0.10008492,1.1322362,NHLRC1,MEF,USF2,bHLH
2381,0,-0.03437175,-0.039668236,-1.0257434,PTPLA,LMC,RFX5,HTH
894,0,-0.33296144,-0.24550179,-1.8879693,ENG,LMC,MAFK,bZIP
1938,1,-0.1666823,-0.13941021,2.1946554,NAP1L5,MEF,USF2,bHLH
475,1,-0.07763662,-0.20371658,-1.4936433,CDCA5,MEF,FOXA2,Forkhead
1720,0,-0.28616667,-0.25693348,-2.1255505,LTBP1,LMC,E2F6,E2F
2536,1,0.018755239,0.02968777,4.0988145,RPS27,MEF,RFX5,HTH
251,0,-0.36049217,-0.22810093,-1.4332783,AURKA,LMC,FOS,bZIP
2398,1,-0.39205822,-0.27780795,1.71108,PTX3,MEF,MAFK,bZIP
2226,1,-0.1607576,-0.24283965,-1.2790762,PKP2,MEF,MAZ,Zf
535,1,-0.0065755714,-0.1342841,1.9061189,CGREF1,MEF,MYOG,bHLH
856,0,-0.65183055,-0.47267562,-1.1511953,EFCAB11,LMC,CUX1,Homeobox
2542,0,-0.4776695,-0.22249272,-1.5441597,RRM2,LMC,ZKSCAN1,Zf
3243,0,-0.42519194,-0.24333258,-1.1205866,YBX3,LMC,GATA1,Zf
3173,0,-0.1124492,-0.24333258,-2.1704075,UNC5C,LMC,CTCF,Zf
2193,0,-0.29360482,-0.13941021,-2.3282619,PFKL,LMC,TCF12,bHLH
2837,1,-0.21437913,-0.2712014,2.7942443,SPINT2,MEF,E2F4,E2F
933,1,-0.33639127,-0.4713425,-1.7777936,EVI2A,MEF,IRF1,IRF
1175,1,-0.34278938,-0.41931188,1.5987715,GDF7,MEF,ELF1,ETS
2434,0,-0.3569094,-0.25159925,-1.1553025,RAD51C,LMC,ZNF263,Zf
649,1,-0.20454665,-0.20454665,-1.0616252,CREG1,MEF,TEAD4,TEA
672,0,-0.13994873,-0.2053601,-1.4950591,CSRP1,LMC,FOXA2,Forkhead
474,0,-0.14989896,-0.14989896,-1.3249443,CDCA3,LMC,TEAD4,TEA
2982,0,-0.26816452,-0.121736646,-1.484277,TICRR,LMC,TCF12,bHLH
2796,1,-0.3058912,-0.24283965,1.6409645,SNTB1,MEF,YY1,Zf
41,0,-0.30779734,-0.3917693,1.6943789,ACTN3,LMC,ETS1,ETS
3134,1,-0.009364229,-0.17137949,2.2825308,TTC21A,MEF,STAT3,Stat
2515,1,-0.33817908,-0.29509667,1.1263795,RND1,MEF,FOS,bZIP
190,1,-0.08974322,-0.146989,1.4984578,ARHGAP6,MEF,MAX,bHLH
2709,0,-0.4649995,-0.41931188,1.6009575,SLC22A18,LMC,GABPA,ETS
1454,0,-0.1666823,-0.13941021,2.2008123,IL21R,LMC,USF2,bHLH
212,1,-0.51637894,-0.42379856,1.2303027,ARRDC3,MEF,CUX1,Homeobox
1922,1,-0.19239004,-0.26135686,-8.728917,MYO1F,MEF,E2F4,E2F
2757,1,-0.25007766,-0.37009746,-3.1570675,SLC7A8,MEF,IRF1,IRF
1295,1,-0.16561359,-0.22810093,-1.2473489,GSN,MEF,JUND,bZIP
2592,1,-0.13149443,-0.22249272,-1.4963193,SCRT1,MEF,SP1,Zf
895,1,-0.8933479,-0.52757335,-1.8153665,ENO3,MEF,CUX1,Homeobox
744,0,-0.14976743,-0.22810093,1.2027537,DEGS2,LMC,FOSL2,bZIP
2005,1,-0.14976743,-0.22810093,-1.774617,NME2,MEF,FOSL2,bZIP
1528,0,-0.22016564,-0.25159925,2.3015823,KCNA7,LMC,GATA2,Zf
2168,1,-0.3933147,-0.24283965,-1.114117,PDE4B,MEF,ZKSCAN1,Zf
1407,1,-0.1666823,-0.13941021,1.6885558,HYAL1,MEF,USF2,bHLH
2069,0,0.018755239,0.02968777,-1.0984315,OAF,LMC,RFX5,HTH
98,1,-0.24165441,-0.29509667,-4.5229435,AIF1,MEF,JUND,bZIP
1266,1,-0.35318726,-0.41931188,1.154727,GPRC5C,MEF,ELK1,ETS
3240,1,-0.20953742,-0.22249272,2.287634,XKR4,MEF,MAZ,Zf
1396,1,-0.26816452,-0.121736646,-1.1715591,HSPA12A,MEF,TCF12,bHLH
1869,0,-0.19842377,-0.50137913,2.0880618,MPZL2,LMC,NANOG,Homeobox
1792,0,-0.29414836,-0.26135686,1.9537151,MCOLN2,LMC,E2F6,E2F
2128,1,-0.10827843,-0.121736646,-4.3498464,PARVG,MEF,USF2,bHLH
2365,1,-0.36550322,-0.47267562,-1.752547,PSMB8,MEF,PBX3,Homeobox
2833,1,-0.35318726,-0.41931188,-7.2477894,SPI1,MEF,ELK1,ETS
489,0,-0.29414836,-0.26135686,1.132785,CDK18,LMC,E2F6,E2F
586,0,-0.10369535,-0.10008492,-1.5158565,CLYBL,LMC,BHLHE40,bHLH
1487,0,-0.21437913,-0.2712014,-2.077426,ITGA1,LMC,E2F4,E2F
2301,0,-0.31818998,-0.24333258,-1.3081778,PPAP2A,LMC,ZEB1,Zf
795,1,-0.40533945,-0.39005762,1.3813639,DOCK3,MEF,GABPA,ETS
3255,0,-0.08974322,-0.146989,-1.031493,ZFP41,LMC,MAX,bHLH
1491,1,-0.2185933,-0.3794154,-1.4530721,ITGA5,MEF,IRF1,IRF
2509,1,-0.38490406,-0.38490406,-1.8196459,RIN3,MEF,PAX5,"Paired,Homeobox"
516,1,0.17063665,-0.10944186,-2.1930854,CENPM,MEF,FOXA1,Forkhead
1673,0,-0.3777494,-0.24283965,-1.3240579,LMTK3,LMC,EGR1,Zf
183,1,-0.37527534,-0.37527534,-5.102465,ARHGAP25,MEF,NRF1,NRF
3009,1,-0.07449697,-0.25159925,1.357033,TMEM117,MEF,CTCF,Zf
1970,0,-0.35318726,-0.41931188,-1.5624936,NEK2,LMC,ELK1,ETS
1354,1,-0.065101475,-0.08148018,3.3400688,HOTAIR,MEF,RFX5,HTH
2372,0,-0.12554857,-0.24550179,1.9385172,PTGER2,LMC,JUND,bZIP
3058,1,-0.30776003,-0.24450046,-2.989665,TNFRSF11A,MEF,ZNF263,Zf
1803,0,0.06421617,-0.24450046,2.6299787,MEGF6,LMC,CTCF,Zf
2664,1,-0.1124492,-0.24333258,1.5931308,SHISA7,MEF,CTCF,Zf
111,0,-0.36812532,-0.36812532,1.9508379,ALDH1A3,LMC,NRF1,NRF
1430,1,0.03116794,-0.22249272,-2.3688183,IGSF6,MEF,CTCF,Zf
710,1,-0.33080074,-0.22810093,-7.8291526,CYBB,MEF,MAFK,bZIP
2668,1,-0.15054174,-0.24450046,2.5834713,SHROOM3,MEF,GATA3,Zf
2650,0,-0.2859068,-0.146989,-1.4161148,SH3GL3,LMC,TCF12,bHLH
95,1,-0.19239004,-0.26135686,1.0903165,AHI1,MEF,E2F4,E2F
1660,1,-0.0065755714,-0.1342841,-1.559628,LIMK1,MEF,MYOG,bHLH
2939,1,-0.3070402,-0.24450046,2.2990468,TBX2,MEF,YY1,Zf
2769,1,-0.1689725,-0.13941021,-3.3206353,SLFN5,MEF,BHLHE40,bHLH
2757,1,-0.20308916,-0.4653868,-3.1570675,SLC7A8,MEF,IRF1,IRF
2882,0,0.016314197,-0.13941021,1.3777498,STK10,LMC,USF1,bHLH
1665,0,0.10100052,-0.14792581,1.4596416,LIPA,LMC,MYB,HTH
1879,1,0.13713937,-0.20371658,-8.843497,MS4A7,MEF,FOXA1,Forkhead
2108,1,-0.011590093,-0.22249272,1.2876836,PACSIN1,MEF,GATA3,Zf
2332,0,-1.5423862,-0.39005762,-1.4515818,PRIM1,LMC,FLI1,ETS
1647,1,-0.21459776,-0.24333258,2.3328397,LGI4,MEF,MAZ,Zf
2436,1,-0.0013588448,-0.24283965,-1.7905334,RAD54L,MEF,CTCF,Zf
2090,1,-0.35318726,-0.41931188,1.4809719,OSBPL3,MEF,ELK1,ETS
1388,0,0.027763726,-0.25159925,1.3629756,HRASLS,LMC,GATA3,Zf
212,1,-0.36049217,-0.22810093,1.2303027,ARRDC3,MEF,FOS,bZIP
1523,1,-0.4733331,-0.39005762,3.3590403,KCNA1,MEF,ELK1,ETS
53,1,-0.6928834,-0.10944186,-5.6424417,ADAM8,MEF,FOXM1,Forkhead
936,1,-0.29979625,-0.24283965,-2.5236044,EXO1,MEF,GATA1,Zf
182,0,0.08411567,-0.24550179,-1.5594697,ARHGAP20,LMC,BACH1,bZIP
2243,0,-0.51637894,-0.42379856,1.9148484,PLD4,LMC,CUX1,Homeobox
2416,0,-0.4776695,-0.22249272,-2.3170738,RAB27A,LMC,ZKSCAN1,Zf
8,0,-0.26816452,-0.121736646,-1.1349243,ABCA5,LMC,TCF12,bHLH
1406,1,-0.36812532,-0.36812532,-1.7902205,HVCN1,MEF,NRF1,NRF
1778,0,-0.38490406,-0.38490406,-3.215314,MATN3,LMC,PAX5,"Paired,Homeobox"
1865,1,-0.40787458,-0.3917693,1.1478183,MPC1,MEF,GABPA,ETS
2420,1,-0.2300118,-0.25159925,1.419062,RAB37,MEF,MAZ,Zf
1946,0,-0.13994873,-0.2053601,-1.5658408,NCAPD2,LMC,FOXA2,Forkhead
2121,1,-0.1124492,-0.24333258,-1.2023399,PAQR4,MEF,CTCF,Zf
697,0,-0.07449697,-0.25159925,2.1871858,CX3CR1,LMC,CTCF,Zf
2873,0,-0.1505293,-0.1342841,2.9234984,STAR,LMC,USF2,bHLH
476,1,0.041926194,-0.24283965,-1.5113796,CDCA7,MEF,GATA3,Zf
2290,0,-0.36259097,-0.38195667,-1.5923315,POLE,LMC,ELF1,ETS
954,0,-0.1124492,-0.24333258,1.3474227,FABP3,LMC,CTCF,Zf
1323,0,0.22652079,-0.2053601,1.1139588,HEG1,LMC,FOXA1,Forkhead
2827,1,-0.2185933,-0.3794154,-2.0004928,SPC24,MEF,IRF1,IRF
591,1,-0.15019357,-0.27780795,-1.332691,CNDP2,MEF,MAFF,bZIP
1857,0,-0.16561359,-0.22810093,-1.5685387,MN1,LMC,JUND,bZIP
715,1,-0.2838714,-0.47267562,1.4558525,CYP1B1,MEF,NANOG,Homeobox
727,1,-0.26816452,-0.121736646,-1.2788367,DBN1,MEF,TCF12,bHLH
2981,0,0.07771543,-0.1980394,1.743349,TICAM2,LMC,STAT3,Stat
1553,0,-0.15054174,-0.24450046,1.285172,KCNK6,LMC,GATA3,Zf
831,1,-0.056725405,-0.121736646,1.2428452,DYNC2LI1,MEF,BHLHE40,bHLH
2603,1,-0.32442823,-0.39942494,1.0266249,SEC61G,MEF,ELK1,ETS
991,0,-0.009364229,-0.17137949,-1.7551293,FAM20A,LMC,STAT3,Stat
1474,1,-0.2507436,-0.25159925,1.5855246,IQUB,MEF,ZEB1,Zf
2047,1,-0.7695519,-0.25159925,-3.1861043,NT5DC2,MEF,ZBTB33,Zf
1204,1,-0.37776268,-0.37776268,-2.297817,GLIPR2,MEF,TCF3,HMG
1177,1,-0.34370995,-0.24333258,-1.9876038,GDPD3,MEF,EGR1,Zf
1163,0,-0.34278938,-0.41931188,2.620298,GCH1,LMC,ELF1,ETS
473,1,-0.60550106,-0.24450046,-1.8354515,CDCA2,MEF,SP2,Zf
393,0,-0.41320115,-0.25471953,1.5274267,CCDC27,LMC,ATF1,bZIP
2298,1,0.028543921,-0.29509667,2.2457073,POU4F1,MEF,BACH1,bZIP
229,1,-0.0013588448,-0.24283965,-2.8171737,ASPM,MEF,CTCF,Zf
1569,1,-0.8933479,-0.52757335,-1.7053663,KIF18B,MEF,CUX1,Homeobox
2211,0,-0.3869897,-0.39942494,-1.2130578,PIK3C2B,LMC,ETS1,ETS
1397,0,-0.1124492,-0.24333258,-2.2681978,HSPA12B,LMC,CTCF,Zf
2475,1,-0.12554857,-0.24550179,-1.4406117,RBPMS,MEF,JUND,bZIP
2922,1,0.03116794,-0.22249272,3.14696,SYT9,MEF,CTCF,Zf
1717,0,0.06421617,-0.24450046,-1.2593111,LSP1,LMC,CTCF,Zf
1471,1,-0.20916343,-0.20916343,1.0656217,IQCK,MEF,NRF1,NRF
94,0,-0.16561359,-0.22810093,1.1446893,AHCYL2,LMC,JUND,bZIP
1625,1,-0.21869276,-0.39005762,2.403555,LARS2,MEF,ELK4,ETS
1367,1,-0.21361919,-0.25471953,-1.3101642,HOXB5,MEF,ATF3,bZIP
1957,1,-0.21918109,-0.21918109,-2.6176684,NDC80,MEF,TCF3,HMG
1101,1,-0.20308916,-0.4653868,-1.9451369,FOXM1,MEF,IRF1,IRF
993,0,-0.3569094,-0.25159925,1.3730824,FAM213A,LMC,ZNF263,Zf
1595,1,-0.009364229,-0.17137949,1.9454163,KLHL30,MEF,STAT3,Stat
2399,1,-0.3869897,-0.39942494,-1.4025425,PVRL2,MEF,ETS1,ETS
2508,1,-0.13559982,-0.10008492,1.4581743,RIMS3,MEF,MAX,bHLH
1768,1,-0.12554857,-0.24550179,1.5174464,MAPK15,MEF,JUND,bZIP
567,1,-0.058015816,-0.18281521,-3.614173,CLCA1,MEF,STAT3,Stat
744,0,-0.2808588,-0.24283965,1.2027537,DEGS2,LMC,ZEB1,Zf
2882,0,-0.10827843,-0.121736646,1.3777498,STK10,LMC,USF2,bHLH
1728,1,0.03116794,-0.22249272,-4.9488015,LY86,MEF,CTCF,Zf
872,1,-0.42519194,-0.24333258,-2.1995416,EGR2,MEF,GATA1,Zf
1951,0,-0.46846294,-0.46846294,1.457444,NCEH1,LMC,TCF3,HMG
3085,1,-0.14724034,-0.14724034,-1.4613433,TPM2,MEF,EBF1,EBF
1792,1,-0.7941223,-0.24283965,-5.093406,MCOLN2,MEF,BCL11A,Zf
2575,0,-0.5315311,-0.5315311,1.9569865,SASH3,LMC,PAX5,"Paired,Homeobox"
1530,0,-0.48430756,-0.24313685,1.6391324,KCNAB2,LMC,STAT1,Stat
3009,1,-0.71579945,-0.37009746,1.357033,TMEM117,MEF,IRF3,IRF
48,1,-0.39205822,-0.27780795,-1.9442203,ADAM19,MEF,MAFK,bZIP
373,0,-0.062780954,-0.24333258,1.1052054,CAT,LMC,SP1,Zf
885,1,-0.1826178,-0.24450046,-2.3387628,EME1,MEF,SP1,Zf
3025,1,-0.22746871,-0.25187832,1.5924408,TMEM179,MEF,E2F6,E2F
2011,0,-0.065101475,-0.08148018,1.146378,NOD1,LMC,RFX5,HTH
2542,0,-0.13149443,-0.22249272,-1.5441597,RRM2,LMC,SP1,Zf
783,1,-0.13559982,-0.10008492,1.5323493,DNAH9,MEF,MAX,bHLH
796,0,-0.17150766,-0.17150766,1.3039615,DOCK8,LMC,TEAD4,TEA
1335,1,-0.011590093,-0.22249272,1.0415667,HIST1H1C,MEF,GATA3,Zf
210,1,-0.44224238,-0.29509667,-1.0362118,ARRB1,MEF,MAFK,bZIP
2769,0,-0.15054174,-0.24450046,2.0982068,SLFN5,LMC,GATA3,Zf
1337,1,-0.0005437653,-0.1342841,1.9967467,HIST2H2AC,MEF,USF1,bHLH
1830,1,-0.120565586,-0.1342841,-2.685887,MILR1,MEF,MAX,bHLH
1731,1,-0.065101475,-0.08148018,-1.2809721,LYN,MEF,RFX5,HTH
1599,0,-0.011590093,-0.22249272,1.3884596,KLHL6,LMC,GATA3,Zf
434,1,-0.10505258,-0.1342841,-7.7602086,CD180,MEF,BHLHE40,bHLH
1969,1,-0.1607576,-0.24283965,-2.4533186,NEIL3,MEF,MAZ,Zf
2811,0,-0.27070102,-0.24450046,-1.3366922,SOX13,LMC,GATA2,Zf
524,1,-0.4467859,-0.3917693,-1.2549053,CEP128,MEF,ELK1,ETS
1949,1,0.06421617,-0.24450046,-1.5197695,NCAPH,MEF,CTCF,Zf
2909,1,-0.38059002,-0.38059002,-1.8490396,SYK,MEF,PAX5,"Paired,Homeobox"
526,0,-0.4467859,-0.3917693,-1.5504444,CEP72,LMC,ELK1,ETS
1920,0,-0.2727483,-0.2712014,-1.5159758,MYO1B,LMC,E2F6,E2F
469,0,-0.33058694,-0.3917693,-1.0888088,CDC42EP4,LMC,ELF1,ETS
488,1,-0.2790477,-0.25471953,-1.5366021,CDK1,MEF,MAFF,bZIP
186,0,-0.32700178,-0.25159925,2.1267974,ARHGAP30,LMC,GATA1,Zf
3205,0,-0.009364229,-0.17137949,1.9377216,VTCN1,LMC,STAT3,Stat
720,1,-0.8933479,-0.52757335,1.4721106,CYSTM1,MEF,CUX1,Homeobox
2073,0,-0.1124492,-0.24333258,-1.2275139,OBSL1,LMC,CTCF,Zf
1882,1,-0.08617797,-0.146989,5.0510955,MSLN,MEF,MYOG,bHLH
764,1,-0.65183055,-0.47267562,-2.7786102,DLGAP5,MEF,CUX1,Homeobox
1251,1,-0.21301334,-0.25187832,-2.5312877,GPR183,MEF,E2F4,E2F
2672,1,-0.1666823,-0.13941021,-2.3944552,SIPA1,MEF,USF2,bHLH
2421,0,-0.8875255,-0.25471953,-1.4811571,RAB38,LMC,BATF,bZIP
2504,0,0.018755239,0.02968777,1.8920665,RHOV,LMC,RFX5,HTH
832,1,-0.29360482,-0.13941021,-1.027581,DYSF,MEF,TCF12,bHLH
1639,1,-0.056725405,-0.121736646,-1.1541812,LEFTY1,MEF,BHLHE40,bHLH
2100,1,-0.20776576,-0.20776576,-2.2412143,P2RX7,MEF,EBF1,EBF
2173,1,0.011842721,-0.21953267,1.019513,PDGFC,MEF,FOXA1,Forkhead
92,1,-0.16561359,-0.22810093,-2.2453837,AGT,MEF,JUND,bZIP
1750,0,-0.40787458,-0.3917693,-1.3566232,MAMSTR,LMC,GABPA,ETS
2769,1,-0.120565586,-0.1342841,-3.3206353,SLFN5,MEF,MAX,bHLH
1509,1,0.041926194,-0.24283965,-1.4488107,JADE1,MEF,GATA3,Zf
347,0,-0.12554857,-0.24550179,-1.4652348,CACNB4,LMC,JUND,bZIP
2517,0,-0.13559982,-0.10008492,-3.7459342,RNF144A,LMC,MAX,bHLH
1233,0,-0.44168723,-0.24550179,2.1641116,GPNMB,LMC,FOS,bZIP
512,0,-0.40605056,-0.25471953,-2.2418776,CENPF,LMC,ATF2,bZIP
1150,1,-0.03437175,-0.039668236,1.2065096,GAS1,MEF,RFX5,HTH
2225,1,-0.11649651,-0.25471953,-1.5969307,PKNOX2,MEF,JUND,bZIP
1411,1,-0.39804247,-0.17255645,-1.6255398,IDH2,MEF,STAT1,Stat
3026,0,-0.37527534,-0.37527534,1.2060415,TMEM180,LMC,NRF1,NRF
1048,0,-0.169331,-0.25693348,3.2970698,FGF1,LMC,E2F4,E2F
1446,1,-0.3610153,-0.22249272,-1.9539555,IL18RAP,MEF,EGR1,Zf
716,1,-0.1124492,-0.24333258,2.1831284,CYP26B1,MEF,CTCF,Zf
2149,0,0.028543921,-0.29509667,-1.1092595,PCDHGC4,LMC,BACH1,bZIP
1872,1,-0.15054174,-0.24450046,-1.071944,MRC2,MEF,GATA3,Zf
2618,1,-0.21907748,-0.27780795,1.103243,SERINC2,MEF,JUND,bZIP
506,0,-0.0013588448,-0.24283965,1.1583337,CELSR1,LMC,CTCF,Zf
705,1,-0.169331,-0.25693348,1.9690752,CXXC4,MEF,E2F4,E2F
2057,0,-0.26816452,-0.121736646,-2.073274,NUF2,LMC,TCF12,bHLH
1245,0,-0.08106524,-0.08106524,1.7366654,GPR157,LMC,TEAD4,TEA
2336,0,-0.20454665,-0.20454665,-1.5326129,PRKCG,LMC,TEAD4,TEA
232,0,-0.11649651,-0.25471953,-2.1255682,ASTN2,LMC,JUND,bZIP
2286,0,-0.21437913,-0.2712014,3.9140577,PODXL,LMC,E2F4,E2F
473,1,-0.69426614,-0.4713425,-1.8354515,CDCA2,MEF,IRF3,IRF
568,0,-0.26737517,-0.25159925,-2.616968,CLDN1,LMC,ZKSCAN1,Zf
787,1,-0.08974322,-0.146989,1.3562768,DNALI1,MEF,MAX,bHLH
774,1,-0.4467859,-0.3917693,1.7919127,DMRTA1,MEF,ELK1,ETS
1217,1,-0.174635,-0.24550179,-1.6845399,GNG3,MEF,FOSL2,bZIP
3064,1,-0.18911669,-0.17782252,3.4958272,TNFSF15,MEF,FOXA2,Forkhead
1955,0,-0.39900714,-0.22249272,2.1906483,NCKAP1L,LMC,GATA1,Zf
1013,0,-0.33080074,-0.22810093,1.4755962,FAM84A,LMC,MAFK,bZIP
1504,0,-0.3869897,-0.39942494,1.9866703,ITM2A,LMC,ETS1,ETS
1710,0,-0.25165793,-0.0023815737,-3.667879,LRRN3,LMC,MEF2A,MADS
1039,1,0.041926194,-0.24283965,1.1082104,FBXO7,MEF,GATA3,Zf
2809,1,-0.21459776,-0.24333258,-1.3496617,SOX11,MEF,MAZ,Zf
1780,0,-0.4776695,-0.22249272,-1.1029267,MBOAT2,LMC,ZKSCAN1,Zf
2167,0,-0.22746871,-0.25187832,-1.4760718,PDE4A,LMC,E2F6,E2F
789,1,0.03116794,-0.22249272,-1.4228231,DNER,MEF,CTCF,Zf
2478,0,-0.34304273,-0.52757335,-1.0574901,RCN1,LMC,NANOG,Homeobox
147,1,-0.3076643,-0.4621776,-3.7085495,ANPEP,MEF,IRF1,IRF
1111,0,-0.33080074,-0.22810093,-1.702313,FRMD5,LMC,MAFK,bZIP
1270,1,-0.440717,-0.25471953,-1.7090669,GPX7,MEF,MAFK,bZIP
2797,1,-0.00943349,-0.121736646,1.207182,SNX16,MEF,USF1,bHLH
3258,1,-0.009410201,-0.10008492,-1.4494542,ZFYVE28,MEF,USF2,bHLH
1059,1,-0.4649995,-0.41931188,-1.306481,FGFR1,MEF,GABPA,ETS
995,0,-0.33296144,-0.24550179,-1.3458498,FAM26E,LMC,MAFK,bZIP
218,0,-0.32442823,-0.39942494,-1.3121011,ARTN,LMC,ELK1,ETS
2863,1,0.22652079,-0.2053601,-1.4249822,ST6GALNAC2,MEF,FOXA1,Forkhead
2439,1,-0.33817908,-0.29509667,-1.1696179,RALGPS2,MEF,FOS,bZIP
2636,1,-0.17853236,-0.13941021,1.3749961,SGCD,MEF,MYOG,bHLH
2435,1,-0.65183055,-0.47267562,-1.5849802,RAD54B,MEF,CUX1,Homeobox
2651,1,-0.07449697,-0.25159925,-1.0929486,SH3KBP1,MEF,CTCF,Zf
3086,1,-0.29360482,-0.13941021,-1.1917357,TPM4,MEF,TCF12,bHLH
2641,1,-0.3070402,-0.24450046,-1.5156106,SGOL2,MEF,YY1,Zf
2542,0,-0.2727483,-0.2712014,-1.5441597,RRM2,LMC,E2F6,E2F
1150,1,-0.541412,-0.25159925,1.2065096,GAS1,MEF,EGR1,Zf
1798,1,-0.41913503,-0.41913503,-2.3362384,MDK,MEF,TCF3,HMG
2975,0,-0.15019357,-0.27780795,-1.1033702,THBS1,LMC,MAFF,bZIP
2472,0,-0.12554857,-0.24550179,2.18051,RBM47,LMC,JUND,bZIP
539,0,-0.45963168,-0.45963168,2.4118607,CHCHD10,LMC,TCF3,HMG
2205,1,-0.6928834,-0.10944186,1.1916683,PHOSPHO1,MEF,FOXM1,Forkhead
2737,1,-0.33058694,-0.3917693,-1.3563199,SLC37A2,MEF,ELF1,ETS
317,0,-0.21895796,-0.21895796,1.9825064,BTK,LMC,EBF1,EBF
2062,1,-0.19612858,-0.146989,1.6376249,NWD1,MEF,USF2,bHLH
627,1,-0.25341198,-0.22810093,1.8243555,COLGALT2,MEF,ATF3,bZIP
982,1,-0.14724034,-0.14724034,1.9927673,FAM184A,MEF,EBF1,EBF
2379,1,-0.2952564,-0.2952564,-1.1953413,PTMS,MEF,HNF4A,NR
484,1,-0.44224238,-0.29509667,-1.72285,CDH24,MEF,MAFK,bZIP
3133,1,-0.058015816,-0.18281521,2.3234284,TTC18,MEF,STAT3,Stat
1326,1,-0.011590093,-0.22249272,1.7722064,HERC3,MEF,GATA3,Zf
552,0,0.016311714,0.00623205,-1.1655335,CHST15,LMC,RFX5,HTH
1229,0,-0.18621291,-0.24333258,-1.5409347,GPC6,LMC,YY1,Zf
3181,0,-0.38490406,-0.38490406,1.0038823,USP2,LMC,PAX5,"Paired,Homeobox"
2392,1,-0.19842377,-0.50137913,-2.7517996,PTPRO,MEF,NANOG,Homeobox
947,0,0.027763726,-0.25159925,1.1056063,F11R,LMC,GATA3,Zf
1481,1,-0.011590093,-0.22249272,2.3218336,IRX3,MEF,GATA3,Zf
2718,0,-0.22746871,-0.25187832,-1.3084705,SLC26A10,LMC,E2F6,E2F
1942,1,-0.20308916,-0.4653868,-1.5559199,NAV1,MEF,IRF1,IRF
2112,0,-0.44168723,-0.24550179,2.4658735,PADI3,LMC,FOS,bZIP
2192,1,-0.31818998,-0.24333258,-1.0880144,PFKFB4,MEF,ZEB1,Zf
805,1,-0.37527534,-0.37527534,1.6675063,DPP6,MEF,NRF1,NRF
1461,0,-0.38071528,-0.24283965,-1.271162,IMPDH1,LMC,ZNF263,Zf
2160,0,-0.40787458,-0.3917693,-1.2122647,PCYOX1L,LMC,GABPA,ETS
1672,0,-0.44224238,-0.29509667,-2.157927,LMOD1,LMC,MAFK,bZIP
1725,0,-0.35453734,-0.24333258,-1.1906093,LURAP1L,LMC,ZKSCAN1,Zf
510,0,0.041926194,-0.24283965,-1.3674154,CENPA,LMC,GATA3,Zf
932,0,-0.22240412,-0.10008492,-1.0899669,EVA1C,LMC,TCF12,bHLH
2506,1,-0.21437913,-0.2712014,1.3234496,RIBC1,MEF,E2F4,E2F
1323,0,-0.34370995,-0.24333258,1.1139588,HEG1,LMC,EGR1,Zf
565,0,-0.29687634,-0.29687634,-1.0084794,CKS1B,LMC,PAX5,"Paired,Homeobox"
246,0,-0.3430542,-0.3430542,1.1833032,ATP6V1B2,LMC,PAX5,"Paired,Homeobox"
62,1,-0.2064243,-0.25159925,-1.7437918,ADAMTS6,MEF,YY1,Zf
1505,0,-0.14724034,-0.14724034,1.0109513,ITPK1,LMC,EBF1,EBF
2404,0,-0.19379956,-0.22810093,2.0055208,PYGM,LMC,ATF2,bZIP
3044,1,-0.48430756,-0.24313685,-1.8348498,TMEM52B,MEF,STAT1,Stat
396,1,-0.009410201,-0.10008492,1.1600107,CCDC39,MEF,USF2,bHLH
2409,0,-0.15019357,-0.27780795,1.1963438,RAB11FIP1,LMC,MAFF,bZIP
1247,0,0.03645469,-0.22810093,-1.8197378,GPR161,LMC,BACH1,bZIP
3258,1,-0.37776268,-0.37776268,-1.4494542,ZFYVE28,MEF,TCF3,HMG
1241,0,0.03116794,-0.22249272,2.2909355,GPR143,LMC,CTCF,Zf
1059,1,-0.15764365,-0.14792581,-1.306481,FGFR1,MEF,RFX5,HTH
1840,1,-0.35318726,-0.41931188,-1.8278335,MMD,MEF,ELK1,ETS
1616,1,-0.5069276,-0.27780795,-2.81084,LAMA2,MEF,ATF2,bZIP
1190,1,-0.3439605,-0.3439605,-1.6213213,GINS1,MEF,NRF1,NRF
3147,1,-0.46016192,-0.24450046,-2.5250468,TUBB2B,MEF,EGR1,Zf
2342,1,-0.065101475,-0.08148018,1.9326226,PROSER2,MEF,RFX5,HTH
586,0,-0.29360482,-0.13941021,-1.5158565,CLYBL,LMC,TCF12,bHLH
3069,1,-0.37167174,-0.29509667,-2.5900114,TNNI2,MEF,ATF2,bZIP
454,0,-0.36259097,-0.38195667,2.0241923,CD68,LMC,ELF1,ETS
2265,1,-0.21869276,-0.39005762,3.7187953,PLS1,MEF,ELK4,ETS
1075,1,-0.14724034,-0.14724034,-1.5137855,FLI1,MEF,EBF1,EBF
1213,1,-0.20953742,-0.22249272,1.1398317,GNAI1,MEF,MAZ,Zf
649,1,0.07771543,-0.1980394,-1.0616252,CREG1,MEF,STAT3,Stat
112,1,-0.3375485,-0.1342841,-2.5950828,ALDH1L1,MEF,TCF12,bHLH
312,0,-0.18398622,-0.29509667,-1.2473322,BRSK1,LMC,ATF3,bZIP
2708,0,-0.21342848,-0.28884968,-2.475952,SLC1A6,LMC,E2F6,E2F
3198,1,-0.08106524,-0.08106524,-1.0027668,VIPR1,MEF,TEAD4,TEA
2220,1,-0.33639127,-0.4713425,8.275044,PITX1,MEF,IRF1,IRF
944,1,-0.17853236,-0.13941021,-1.0039444,EZH2,MEF,MYOG,bHLH
2569,0,-0.25436184,-0.25436184,-1.6417769,SAMD14,LMC,TEAD4,TEA
2366,1,-0.45963168,-0.45963168,-1.4072148,PSTPIP1,MEF,TCF3,HMG
2388,0,-0.20953742,-0.22249272,2.0310795,PTPRC,LMC,MAZ,Zf
1779,1,-0.21361919,-0.25471953,-1.4918666,MBOAT1,MEF,ATF3,bZIP
2815,1,-0.34914914,-0.27780795,-2.193145,SP100,MEF,FOS,bZIP
3203,1,-0.10369535,-0.10008492,-1.4983215,VSIG10L,MEF,BHLHE40,bHLH
3211,0,-0.169331,-0.25693348,-1.060672,WASF3,LMC,E2F4,E2F
1267,0,-0.08974322,-0.146989,-2.022463,GPRIN3,LMC,MAX,bHLH
203,1,-0.27070102,-0.24450046,-5.6908154,ARL11,MEF,GATA2,Zf
2976,1,-0.25165793,-0.0023815737,-2.8817067,THBS2,MEF,MEF2A,MADS
2551,1,-0.17853236,-0.13941021,1.4704177,RTN4R,MEF,MYOG,bHLH
2865,1,-0.39900714,-0.22249272,2.0399895,ST8SIA1,MEF,GATA1,Zf
2737,1,-0.38490406,-0.38490406,-1.3563199,SLC37A2,MEF,PAX5,"Paired,Homeobox"
918,1,-0.29414836,-0.26135686,1.765332,ERG,MEF,E2F6,E2F
2804,1,0.03116794,-0.22249272,-1.3851969,SOGA3,MEF,CTCF,Zf
1106,1,-0.22735961,-0.24550179,4.149492,FOXQ1,MEF,MAFF,bZIP
1921,0,-0.5313326,-0.24450046,1.0211234,MYO1D,LMC,ZKSCAN1,Zf
1087,1,-0.25436184,-0.25436184,1.1361747,FNDC3A,MEF,TEAD4,TEA
1758,0,-0.065101475,-0.08148018,-2.5701847,MAP2,LMC,RFX5,HTH
2318,1,-0.44224238,-0.29509667,1.4274718,PPP1R42,MEF,MAFK,bZIP
3043,1,-0.09351536,-0.24313685,-2.8654144,TMEM51,MEF,STAT3,Stat
2421,0,-0.46165287,-0.4067228,-1.4811571,RAB38,LMC,CUX1,Homeobox
1788,1,-0.34029287,-0.28884968,-1.1892185,MCM2,MEF,E2F4,E2F
264,1,-0.03437175,-0.039668236,-1.1277707,B4GALT5,MEF,RFX5,HTH
2942,1,-0.3375485,-0.1342841,2.1610787,TBX5,MEF,TCF12,bHLH
2203,1,-0.30779734,-0.3917693,-2.3934686,PHF19,MEF,ETS1,ETS
2817,0,-0.48430756,-0.24313685,1.6528256,SP140,LMC,STAT1,Stat
392,0,-0.09351536,-0.24313685,-1.5992931,CCDC18,LMC,STAT3,Stat
65,1,-0.15019357,-0.27780795,-1.5340126,ADAMTSL2,MEF,MAFF,bZIP
3165,1,-0.07449697,-0.25159925,-2.3812919,UCP2,MEF,CTCF,Zf
2001,1,-0.46165287,-0.4067228,-2.973236,NLRC4,MEF,CUX1,Homeobox
2140,0,-0.2838714,-0.47267562,-1.5070939,PCDH9,LMC,NANOG,Homeobox
1451,1,-0.33296144,-0.24550179,-1.7797236,IL1RL1,MEF,MAFK,bZIP
563,1,0.023197008,-0.146989,-3.2723203,CKAP2L,MEF,USF1,bHLH
2892,1,-0.46165287,-0.4067228,1.5128534,STPG1,MEF,CUX1,Homeobox
1781,1,-0.12554857,-0.24550179,-1.9139942,MBP,MEF,JUND,bZIP
927,0,-0.15764365,-0.14792581,2.8551106,ESYT3,LMC,RFX5,HTH
2362,0,-0.058015816,-0.18281521,-1.2187368,PSAT1,LMC,STAT3,Stat
983,0,-0.08974322,-0.146989,-2.6954505,FAM184B,LMC,MAX,bHLH
2212,1,-0.12447846,-0.22249272,-2.0298722,PIK3CD,MEF,GATA2,Zf
1327,0,-0.07449697,-0.25159925,1.7526768,HFE,LMC,CTCF,Zf
2285,0,-0.2548157,-0.22810093,-2.1879153,PODNL1,LMC,MAFF,bZIP
1551,1,-0.03437175,-0.039668236,-2.8326209,KCNK13,MEF,RFX5,HTH
2526,1,-0.1607576,-0.24283965,1.9402771,RNF43,MEF,MAZ,Zf
270,1,-0.7844056,-0.2053601,-1.6177692,BARD1,MEF,FOXM1,Forkhead
1679,0,0.22652079,-0.2053601,-1.5416106,LOXL3,LMC,FOXA1,Forkhead
1668,1,-0.4733331,-0.39005762,3.0541296,LMCD1,MEF,ELK1,ETS
1089,0,-0.1607576,-0.24283965,1.3984087,FNIP2,LMC,MAZ,Zf
338,0,-0.40787458,-0.3917693,-1.9840221,CACNA1C,LMC,GABPA,ETS
339,0,-0.169331,-0.25693348,2.19194,CACNA1D,LMC,E2F4,E2F
1530,1,-0.29687634,-0.29687634,-1.7830039,KCNAB2,MEF,PAX5,"Paired,Homeobox"
276,0,-0.3430542,-0.3430542,-2.523097,BCAT1,LMC,PAX5,"Paired,Homeobox"
2468,0,0.03645469,-0.22810093,1.1551113,RBKS,LMC,BACH1,bZIP
2073,0,-0.76012087,-0.50137913,-1.2275139,OBSL1,LMC,CUX1,Homeobox
201,0,-0.34370995,-0.24333258,1.5288506,ARID3A,LMC,EGR1,Zf
190,1,-0.3569094,-0.25159925,1.4984578,ARHGAP6,MEF,ZNF263,Zf
2389,0,-0.10505258,-0.1342841,1.294315,PTPRE,LMC,BHLHE40,bHLH
1310,1,-0.120565586,-0.1342841,2.3626626,HAP1,MEF,MAX,bHLH
264,1,-0.1505293,-0.1342841,-1.1277707,B4GALT5,MEF,USF2,bHLH
3136,0,-0.4409798,-0.24450046,1.0255241,TTC9,LMC,ZEB1,Zf
514,1,-0.08974322,-0.146989,-2.238638,CENPI,MEF,MAX,bHLH
2674,1,-0.17513762,-0.146989,-2.2006328,SIRPA,MEF,BHLHE40,bHLH
688,1,-0.058015816,-0.18281521,1.5035883,CTSH,MEF,STAT3,Stat
2327,0,-0.24165441,-0.29509667,-1.7413819,PRDM6,LMC,JUND,bZIP
3041,1,0.08411567,-0.24550179,1.5891165,TMEM45A,MEF,BACH1,bZIP
428,1,-0.08974322,-0.146989,-2.316158,CCR1,MEF,MAX,bHLH
2466,1,-0.08617797,-0.146989,1.3233889,RB1,MEF,MYOG,bHLH
817,1,-0.12554857,-0.24550179,2.4973128,DSP,MEF,JUND,bZIP
1559,0,-0.2952564,-0.2952564,-1.662673,KCTD15,LMC,HNF4A,NR
973,1,-0.07449697,-0.25159925,1.8486272,FAM155A,MEF,CTCF,Zf
3140,1,-0.24165441,-0.29509667,1.1930206,TTLL9,MEF,JUND,bZIP
1106,1,-0.1505293,-0.1342841,4.149492,FOXQ1,MEF,USF2,bHLH
1480,0,-0.120565586,-0.1342841,-1.28566,IRX1,LMC,MAX,bHLH
2833,0,-0.14989896,-0.14989896,2.0447345,SPI1,LMC,TEAD4,TEA
895,0,-0.21869276,-0.39005762,-2.741761,ENO3,LMC,ELK4,ETS
620,0,-0.2678836,-0.24283965,-1.596438,COL5A1,LMC,SP1,Zf
311,1,-0.07449697,-0.25159925,-1.1585374,BRIP1,MEF,CTCF,Zf
2000,0,-0.3375485,-0.1342841,1.5370079,NLRC3,LMC,TCF12,bHLH
1868,1,-0.2678836,-0.24283965,1.2031093,MPV17L,MEF,SP1,Zf
1371,1,-0.33817908,-0.29509667,3.726657,HOXC10,MEF,FOS,bZIP
1921,0,-0.15812221,-0.22249272,1.0211234,MYO1D,LMC,YY1,Zf
1923,1,-0.1689725,-0.13941021,-6.197118,MYO1G,MEF,BHLHE40,bHLH
2677,1,-0.16941127,-0.25471953,-1.5746429,SKA3,MEF,FOS,bZIP
1120,0,-0.4776695,-0.22249272,-1.0065273,FSTL1,LMC,ZKSCAN1,Zf
1009,0,-0.48430756,-0.24313685,1.4148312,FAM83B,LMC,STAT1,Stat
2791,0,-0.08568381,-0.24450046,-2.931855,SNED1,LMC,MAZ,Zf
113,0,-0.25007766,-0.37009746,-1.9801419,ALDH1L2,LMC,IRF1,IRF
147,1,-0.36259097,-0.38195667,-3.7085495,ANPEP,MEF,ELF1,ETS
784,1,-0.37698567,-0.4067228,1.0831264,DNAJB4,MEF,PBX3,Homeobox
3268,1,-0.08568381,-0.24450046,-1.4214575,ZYX,MEF,MAZ,Zf
809,0,-0.18621291,-0.24333258,-2.3870754,DPYSL3,LMC,YY1,Zf
202,1,-0.062780954,-0.24333258,1.0118848,ARID5A,MEF,SP1,Zf
1746,1,-0.37527534,-0.37527534,5.3277707,MAL,MEF,NRF1,NRF
2736,0,-0.56344664,-0.2712014,1.4153332,SLC35G1,LMC,E2F1,E2F
2204,1,-0.7502766,-0.4621776,-1.1529521,PHLPP1,MEF,IRF3,IRF
475,1,-0.22240412,-0.10008492,-1.4936433,CDCA5,MEF,TCF12,bHLH
2509,1,-0.38278377,-0.42379856,-1.8196459,RIN3,MEF,PBX3,Homeobox
3188,1,-0.45038855,-0.39942494,-1.032395,VASP,MEF,GABPA,ETS
1509,1,-0.46846294,-0.46846294,-1.4488107,JADE1,MEF,TCF3,HMG
1372,1,-0.3430542,-0.3430542,3.7981417,HOXC11,MEF,PAX5,"Paired,Homeobox"
2133,1,-0.12554857,-0.24550179,-2.607935,PBK,MEF,JUND,bZIP
18,0,-0.1666823,-0.13941021,1.6090713,ABLIM3,LMC,USF2,bHLH
2114,1,-0.2300118,-0.25159925,1.6493459,PAK6,MEF,MAZ,Zf
2324,1,-0.3773888,-0.18281521,-1.0814621,PRCP,MEF,STAT1,Stat
2755,0,-0.46016192,-0.24450046,1.0741242,SLC6A6,LMC,EGR1,Zf
3254,1,-0.056725405,-0.121736646,1.0000085,ZFP2,MEF,BHLHE40,bHLH
1135,0,-0.16561359,-0.22810093,2.4400945,GAL,LMC,JUND,bZIP
2736,0,0.016311714,0.00623205,1.4153332,SLC35G1,LMC,RFX5,HTH
2158,1,-0.43345997,-0.22249272,-1.375321,PCSK5,MEF,ZNF263,Zf
2070,1,-0.3341544,-0.39005762,-1.7459003,OAS2,MEF,ELF1,ETS
582,0,-0.39205822,-0.27780795,1.3879285,CLN3,LMC,MAFK,bZIP
2378,0,-0.22776017,0.00623205,1.532152,PTK2B,LMC,MYB,HTH
1160,1,-0.22240412,-0.10008492,1.5012805,GBP6,MEF,TCF12,bHLH
2904,0,-0.26692143,-0.26692143,1.9485846,SV2B,LMC,EBF1,EBF
1921,0,-0.13149443,-0.22249272,1.0211234,MYO1D,LMC,SP1,Zf
30,1,0.08411567,-0.24550179,-1.6896966,ACOT4,MEF,BACH1,bZIP
649,0,-0.2548157,-0.22810093,1.7723053,CREG1,LMC,MAFF,bZIP
2849,1,-0.36259097,-0.38195667,-1.6306322,SPTB,MEF,ELF1,ETS
609,0,-0.22746871,-0.25187832,-2.4838371,COL14A1,LMC,E2F6,E2F
2292,1,-0.09351536,-0.24313685,-1.5553532,POLQ,MEF,STAT3,Stat
3011,0,-0.5313326,-0.24450046,-2.6684415,TMEM121,LMC,ZKSCAN1,Zf
1571,1,-0.20454665,-0.20454665,-2.078099,KIF20B,MEF,TEAD4,TEA
1885,0,-0.45038855,-0.39942494,1.5789908,MST1R,LMC,GABPA,ETS
1665,1,-0.42519194,-0.24333258,-1.0906605,LIPA,MEF,GATA1,Zf
1599,1,-0.3058912,-0.24283965,-4.5188403,KLHL6,MEF,YY1,Zf
2635,0,-0.29360482,-0.13941021,1.454656,SGCA,LMC,TCF12,bHLH
3009,1,-0.21895796,-0.21895796,1.357033,TMEM117,MEF,EBF1,EBF
1711,0,-0.25436184,-0.25436184,1.4799604,LRRN4,LMC,TEAD4,TEA
1350,1,-0.45038855,-0.39942494,1.0386949,HNMT,MEF,GABPA,ETS
1589,1,-0.00943349,-0.121736646,1.5408548,KLF15,MEF,USF1,bHLH
1793,0,-0.11649651,-0.25471953,1.8078305,MCOLN3,LMC,JUND,bZIP
1651,0,-0.16941127,-0.25471953,-1.7528152,LHX6,LMC,FOS,bZIP
1563,0,0.018755239,0.02968777,-1.016507,KDELR3,LMC,RFX5,HTH
1183,1,-0.32700178,-0.25159925,1.5125006,GGH,MEF,GATA1,Zf
2913,1,-0.36259097,-0.38195667,1.7464386,SYNGR3,MEF,ELF1,ETS
2195,0,-0.056725405,-0.121736646,1.3882145,PGAP1,LMC,BHLHE40,bHLH
336,1,0.08411567,-0.24550179,1.1669624,CABLES1,MEF,BACH1,bZIP
3137,0,-0.3430542,-0.3430542,-1.5468862,TTK,LMC,PAX5,"Paired,Homeobox"
3146,1,0.06421617,-0.24450046,-1.181462,TUBA1C,MEF,CTCF,Zf
1380,0,-0.30776003,-0.24450046,2.6664946,HOXD8,LMC,ZNF263,Zf
1814,1,-0.12554857,-0.24550179,1.0535716,METTL21A,MEF,JUND,bZIP
1164,1,-0.35132957,-0.35132957,3.0406773,GCHFR,MEF,HNF4A,NR
611,1,-0.25007766,-0.37009746,-1.3350317,COL16A1,MEF,IRF1,IRF
1975,1,-0.30776003,-0.24450046,1.3671153,NES,MEF,ZNF263,Zf
451,1,-0.30779734,-0.3917693,-1.7754145,CD53,MEF,ETS1,ETS
474,1,-0.26692143,-0.26692143,-2.0174904,CDCA3,MEF,EBF1,EBF
201,0,-0.3022701,-0.29509667,1.5288506,ARID3A,LMC,FOSL2,bZIP
1279,1,-0.057535224,-0.27780795,1.2815939,GRIA2,MEF,BACH1,bZIP
2505,0,0.06421617,-0.24450046,1.9083076,RHPN2,LMC,CTCF,Zf
526,0,-0.1666823,-0.13941021,-1.5504444,CEP72,LMC,USF2,bHLH
3012,1,-0.30776003,-0.24450046,-1.7694763,TMEM130,MEF,ZNF263,Zf
1265,1,-0.10827843,-0.121736646,2.4965944,GPRC5A,MEF,USF2,bHLH
1627,1,-0.3022701,-0.29509667,-5.3725543,LAT2,MEF,FOSL2,bZIP
709,1,-0.39205822,-0.27780795,-1.6690544,CYBA,MEF,MAFK,bZIP
3255,0,-0.20916343,-0.20916343,-1.031493,ZFP41,LMC,NRF1,NRF
1871,0,-0.08568381,-0.24450046,2.041026,MRC1,LMC,MAZ,Zf
834,1,-0.16941127,-0.25471953,-1.669616,E2F2,MEF,FOS,bZIP
3136,1,0.03645469,-0.22810093,1.7476053,TTC9,MEF,BACH1,bZIP
480,0,0.22652079,-0.2053601,-1.8094324,CDH10,LMC,FOXA1,Forkhead
1073,0,-0.062780954,-0.24333258,-1.4607513,FILIP1L,LMC,SP1,Zf
2154,0,0.08411567,-0.24550179,3.9104586,PCNXL2,LMC,BACH1,bZIP
1734,1,-0.21301334,-0.25187832,1.0396278,LYRM7,MEF,E2F4,E2F
2224,1,-0.29414836,-0.26135686,-2.260149,PKMYT1,MEF,E2F6,E2F
1568,1,-0.56297857,-0.22249272,-2.5758445,KIF15,MEF,ZBTB33,Zf
843,1,-0.09351536,-0.24313685,-4.6214933,EBI3,MEF,STAT3,Stat
1783,1,0.67699045,-0.25159925,-1.3982825,MCAM,MEF,PRDM1,Zf
160,0,-0.10827843,-0.121736646,-1.7412397,APC2,LMC,USF2,bHLH
512,0,-0.40533945,-0.39005762,-2.2418776,CENPF,LMC,GABPA,ETS
2996,0,-0.08974322,-0.146989,1.1161342,TLR4,LMC,MAX,bHLH
2284,0,-0.33280078,-0.24333258,1.3532875,PNPLA7,LMC,GATA2,Zf
405,0,-0.35806254,-0.38195667,1.926871,CCDC88B,LMC,ETS1,ETS
326,0,-0.8933479,-0.52757335,2.2353182,C1QC,LMC,CUX1,Homeobox
1961,1,0.018755239,0.02968777,1.0186924,NDRG3,MEF,RFX5,HTH
544,1,-0.3869897,-0.39942494,1.5261316,CHMP4C,MEF,ETS1,ETS
1932,0,0.016314197,-0.13941021,1.718301,MYRF,LMC,USF1,bHLH
1253,1,-0.0017048104,-0.121736646,1.4796617,GPR3,MEF,MYOG,bHLH
1990,0,0.018755239,0.02968777,-1.7527599,NID1,LMC,RFX5,HTH
1482,0,-0.0013588448,-0.24283965,1.4210551,ISG15,LMC,CTCF,Zf
742,1,-0.12554857,-0.24550179,-8.873084,DDX3Y,MEF,JUND,bZIP
515,1,-0.26737517,-0.25159925,-1.4839959,CENPK,MEF,ZKSCAN1,Zf
2745,0,0.011842721,-0.21953267,1.9025482,SLC43A2,LMC,FOXA1,Forkhead
688,1,-0.22240412,-0.10008492,1.5035883,CTSH,MEF,TCF12,bHLH
1031,1,-0.33296144,-0.24550179,-1.2496772,FBXL8,MEF,MAFK,bZIP
736,1,-0.46165287,-0.4067228,1.2125307,DCXR,MEF,CUX1,Homeobox
1495,1,-0.36259097,-0.38195667,-5.9863725,ITGAL,MEF,ELF1,ETS
1105,0,-0.25007766,-0.37009746,-1.0621411,FOXP4,LMC,IRF1,IRF
2734,0,-0.40533945,-0.39005762,-2.5573225,SLC35F2,LMC,GABPA,ETS
1043,0,0.22652079,-0.2053601,-1.2050055,FDPS,LMC,FOXA1,Forkhead
734,1,-0.01444126,-0.17255645,-1.0845644,DCTD,MEF,STAT3,Stat
2321,0,-0.2997486,-0.24333258,-2.1748042,PPP4R4,LMC,ZNF263,Zf
1463,1,-0.3375485,-0.1342841,-1.116266,INCENP,MEF,TCF12,bHLH
2924,1,-0.26188308,-0.27780795,2.4798288,SYTL3,MEF,FOSL2,bZIP
2952,1,-0.038338926,-0.10008492,-1.0514666,TEAD2,MEF,MYOG,bHLH
419,1,-0.08617797,-0.146989,-1.012127,CCM2,MEF,MYOG,bHLH
1021,0,-0.26816452,-0.121736646,-2.8028724,FAT4,LMC,TCF12,bHLH
648,1,-0.40605056,-0.25471953,1.092964,CREBL2,MEF,ATF2,bZIP
387,1,-0.38339126,-0.24550179,2.0003324,CCDC13,MEF,ATF2,bZIP
268,0,0.22652079,-0.2053601,-1.0727856,BAIAP2,LMC,FOXA1,Forkhead
3213,1,-0.71902657,-0.24550179,-7.077798,WDFY4,MEF,BATF,bZIP
839,0,-0.057535224,-0.27780795,-1.8998702,EBF1,LMC,BACH1,bZIP
1548,1,-0.3070402,-0.24450046,1.2121007,KCNJ4,MEF,YY1,Zf
679,0,-0.4409798,-0.24450046,-2.8674772,CTHRC1,LMC,ZEB1,Zf
949,0,-0.3070402,-0.24450046,-1.0199808,F2RL1,LMC,YY1,Zf
2980,0,0.06421617,-0.24450046,-1.433342,TIAM2,LMC,CTCF,Zf
2133,1,-0.2859068,-0.146989,-2.607935,PBK,MEF,TCF12,bHLH
1618,1,-0.28121933,-0.25159925,2.025369,LAMA5,MEF,SP1,Zf
3105,0,-0.056725405,-0.121736646,1.666121,TRIM29,LMC,BHLHE40,bHLH
1947,1,-0.65735245,-0.17782252,-1.986602,NCAPG,MEF,FOXM1,Forkhead
178,1,-0.3551913,-0.3551913,-2.0233412,ARHGAP10,MEF,HNF4A,NR
2065,0,-0.43345997,-0.22249272,1.5774982,NXNL2,LMC,ZNF263,Zf
437,0,-0.46846294,-0.46846294,3.0556927,CD22,LMC,TCF3,HMG
945,0,-0.5315311,-0.5315311,1.6291311,EZR,LMC,PAX5,"Paired,Homeobox"
1883,0,0.07771543,-0.1980394,2.188353,MSR1,LMC,STAT3,Stat
3041,1,-0.20776576,-0.20776576,1.5891165,TMEM45A,MEF,EBF1,EBF
721,0,-0.18621291,-0.24333258,1.6832298,CYTH4,LMC,YY1,Zf
3187,1,-0.29360482,-0.13941021,-1.1646138,VASH2,MEF,TCF12,bHLH
2414,0,-0.2064243,-0.25159925,-1.3037294,RAB23,LMC,YY1,Zf
2943,0,-0.21895796,-0.21895796,-2.6637702,TBXA2R,LMC,EBF1,EBF
647,0,-0.33817908,-0.29509667,3.008561,CRCT1,LMC,FOS,bZIP
664,0,-0.0065755714,-0.1342841,1.5020021,CSF2RA,LMC,MYOG,bHLH
2747,0,-0.40787458,-0.3917693,1.1855206,SLC44A1,LMC,GABPA,ETS
2710,0,-0.5847532,-0.08148018,1.8738929,SLC22A4,LMC,MYB,HTH
455,0,-0.2185933,-0.3794154,2.6942828,CD69,LMC,IRF1,IRF
2212,1,-0.44224238,-0.29509667,-2.0298722,PIK3CD,MEF,MAFK,bZIP
2083,1,-0.009364229,-0.17137949,-1.0553589,OLFML3,MEF,STAT3,Stat
1347,0,-0.62452394,-0.4713425,-2.0435047,HMMR,LMC,IRF4,IRF
2288,1,-0.5795745,-0.22249272,-1.222358,POLA1,MEF,SP2,Zf
982,1,-0.3022701,-0.29509667,1.9927673,FAM184A,MEF,FOSL2,bZIP
1238,0,0.22652079,-0.2053601,-1.8319702,GPR126,LMC,FOXA1,Forkhead
2677,1,-1.3501369,-0.39942494,-1.5746429,SKA3,MEF,FLI1,ETS
1228,1,-0.3625331,-0.38195667,2.1909225,GPC5,MEF,GABPA,ETS
1494,1,-0.21907748,-0.27780795,-1.5710412,ITGA9,MEF,JUND,bZIP
2972,1,-0.057535224,-0.27780795,-1.3267065,TGM2,MEF,BACH1,bZIP
2816,0,-0.3625331,-0.38195667,1.4846952,SP110,LMC,GABPA,ETS
1582,1,-0.46016192,-0.24450046,1.0983452,KIF9,MEF,EGR1,Zf
396,1,-0.30776003,-0.24450046,1.1600107,CCDC39,MEF,ZNF263,Zf
384,0,-0.36049217,-0.22810093,-1.1740912,CCDC116,LMC,FOS,bZIP
2292,0,-0.04073672,-0.3917693,-1.0529194,POLQ,LMC,ELK4,ETS
1003,1,-0.03437175,-0.039668236,-3.493651,FAM64A,MEF,RFX5,HTH
251,0,-0.07449697,-0.25159925,-1.4332783,AURKA,LMC,CTCF,Zf
138,0,-0.21895796,-0.21895796,-2.360335,ANKLE1,LMC,EBF1,EBF
1601,1,-0.36645967,-0.22249272,1.0652757,KLRG2,MEF,ZEB1,Zf
1582,0,-0.28899637,-0.29509667,1.2021602,KIF9,LMC,MAFF,bZIP
1710,0,-0.1607576,-0.24283965,-3.667879,LRRN3,LMC,MAZ,Zf
1760,0,-0.08106524,-0.08106524,1.0684023,MAP3K1,LMC,TEAD4,TEA
1930,1,-0.1689725,-0.13941021,2.3819218,MYOT,MEF,BHLHE40,bHLH
1002,0,-0.3610153,-0.22249272,-1.0779922,FAM57A,LMC,EGR1,Zf
1729,1,-0.058015816,-0.18281521,-4.8970428,LY9,MEF,STAT3,Stat
2913,1,-0.19612858,-0.146989,1.7464386,SYNGR3,MEF,USF2,bHLH
1322,1,-0.03437175,-0.039668236,1.4396416,HDGFRP3,MEF,RFX5,HTH
2699,0,-0.30003953,-0.30003953,-1.1324766,SLC16A3,LMC,NRF1,NRF
382,1,-0.33639127,-0.4713425,1.5888566,CCDC113,MEF,IRF1,IRF
1078,1,-0.1607576,-0.24283965,1.7946676,FLRT3,MEF,MAZ,Zf
799,1,-0.32442823,-0.39942494,-1.4129221,DPCR1,MEF,ELK1,ETS
2846,1,0.06421617,-0.24450046,-1.6578367,SPRY3,MEF,CTCF,Zf
3043,0,-0.19612858,-0.146989,-1.7627646,TMEM51,LMC,USF2,bHLH
1879,1,-0.46846294,-0.46846294,-8.843497,MS4A7,MEF,TCF3,HMG
1891,0,-0.34914914,-0.27780795,-1.2805142,MTHFD1L,LMC,FOS,bZIP
1788,1,-0.08974322,-0.146989,-1.1892185,MCM2,MEF,MAX,bHLH
307,1,-0.08568381,-0.24450046,-1.1805693,BOK,MEF,MAZ,Zf
1901,1,-0.2808588,-0.24283965,1.1209321,MYBL1,MEF,ZEB1,Zf
17,1,0.03116794,-0.22249272,-2.9814575,ABI3,MEF,CTCF,Zf
1964,1,-0.45963168,-0.45963168,-1.1248791,NDUFA4L2,MEF,TCF3,HMG
360,0,-0.25436184,-0.25436184,3.0680733,CAMKV,LMC,TEAD4,TEA
2565,0,-0.062780954,-0.24333258,-2.6449437,S1PR3,LMC,SP1,Zf
126,0,-0.3341544,-0.39005762,2.119779,AMDHD1,LMC,ELF1,ETS
246,0,-0.049117733,-0.13941021,1.1833032,ATP6V1B2,LMC,MAX,bHLH
2396,0,-0.3058912,-0.24283965,-1.1329921,PTRF,LMC,YY1,Zf
1461,0,-0.2064243,-0.25159925,-1.271162,IMPDH1,LMC,YY1,Zf
1582,0,-0.37527534,-0.37527534,1.2021602,KIF9,LMC,NRF1,NRF
533,1,-0.36351123,-0.50137913,-2.629579,CFP,MEF,PBX3,Homeobox
2539,0,-0.3439605,-0.3439605,-1.3058321,RPS6KA6,LMC,NRF1,NRF
2803,1,0.041926194,-0.24283965,1.5521016,SOD3,MEF,GATA3,Zf
378,0,-0.37698567,-0.4067228,-1.082555,CBX2,LMC,PBX3,Homeobox
2172,0,0.028543921,-0.29509667,2.043665,PDGFB,LMC,BACH1,bZIP
1464,0,-0.64209527,-0.1980394,-1.1838235,INPP1,LMC,STAT1,Stat
1674,1,-0.062780954,-0.24333258,3.6230903,LMX1B,MEF,SP1,Zf
1139,1,-0.20776576,-0.20776576,-2.5304673,GALNT12,MEF,EBF1,EBF
921,1,-0.169331,-0.25693348,-2.3991766,ESCO2,MEF,E2F4,E2F
596,0,-0.41913503,-0.41913503,-1.4862515,CNN2,LMC,TCF3,HMG
1756,0,-0.169331,-0.25693348,-2.3720164,MAOB,LMC,E2F4,E2F
1489,1,-0.192465,-0.27780795,2.9909916,ITGA2,MEF,ATF3,bZIP
600,1,-0.1666823,-0.13941021,-1.0201135,CNRIP1,MEF,USF2,bHLH
1848,1,-0.56297857,-0.22249272,1.589201,MMP15,MEF,ZBTB33,Zf
758,1,-0.21907748,-0.27780795,-2.1840901,DIRAS2,MEF,JUND,bZIP
188,1,-0.009410201,-0.10008492,-3.663419,ARHGAP4,MEF,USF2,bHLH
1101,1,-0.14976743,-0.22810093,-1.9451369,FOXM1,MEF,FOSL2,bZIP
1548,1,-0.20776576,-0.20776576,1.2121007,KCNJ4,MEF,EBF1,EBF
856,0,-0.37527534,-0.37527534,-1.1511953,EFCAB11,LMC,NRF1,NRF
1951,0,-0.8933479,-0.52757335,1.457444,NCEH1,LMC,CUX1,Homeobox
954,0,0.8549915,-0.22249272,1.3474227,FABP3,LMC,PRDM1,Zf
265,0,-0.4467859,-0.3917693,-1.1247369,BAG2,LMC,ELK1,ETS
1589,1,-0.17407607,-0.121736646,1.5408548,KLF15,MEF,MAX,bHLH
2203,1,0.028543921,-0.29509667,-2.3934686,PHF19,MEF,BACH1,bZIP
259,0,-0.011590093,-0.22249272,1.2429582,B3GNT8,LMC,GATA3,Zf
773,0,-0.41913503,-0.41913503,-1.6808469,DMPK,LMC,TCF3,HMG
1506,0,0.023197008,-0.146989,1.1775964,ITPR1,LMC,USF1,bHLH
354,1,-0.17407607,-0.121736646,-1.0762447,CAMK1D,MEF,MAX,bHLH
1605,0,-0.40605056,-0.25471953,-1.703923,KNTC1,LMC,ATF2,bZIP
1913,0,-0.03437175,-0.039668236,1.1268022,MYLIP,LMC,RFX5,HTH
467,1,-0.01444126,-0.17255645,-2.8645391,CDC25C,MEF,STAT3,Stat
1056,0,-0.33639127,-0.4713425,-2.1430054,FGF7,LMC,IRF1,IRF
323,1,-0.42348737,-0.17137949,1.5764846,C1GALT1,MEF,STAT1,Stat
1347,0,-0.2064243,-0.25159925,-2.0435047,HMMR,LMC,YY1,Zf
206,0,-0.19612858,-0.146989,1.0346465,ARL4C,LMC,USF2,bHLH
258,0,-0.7485091,-0.20371658,1.9447972,B3GNT7,LMC,FOXM1,Forkhead
765,1,-0.2790477,-0.25471953,-1.803692,DLK1,MEF,MAFF,bZIP
436,0,-0.4467859,-0.3917693,2.1737292,CD200R1,LMC,ELK1,ETS
906,0,-0.3058912,-0.24283965,-1.4759874,EPHA4,LMC,YY1,Zf
705,1,-0.08568381,-0.24450046,1.9690752,CXXC4,MEF,MAZ,Zf
2375,1,-0.2849582,-0.2849582,-1.5478559,PTGIR,MEF,EBF1,EBF
2893,0,-0.36102507,-0.24550179,1.5128429,STRA6,LMC,ATF1,bZIP
2944,1,-0.39205822,-0.27780795,-3.8778214,TBXAS1,MEF,MAFK,bZIP
506,0,0.018755239,0.02968777,1.1583337,CELSR1,LMC,RFX5,HTH
1201,1,-0.21907748,-0.27780795,5.889658,GLDN,MEF,JUND,bZIP
2792,0,-0.3430542,-0.3430542,1.778019,SNHG11,LMC,PAX5,"Paired,Homeobox"
1657,1,-0.6928834,-0.10944186,-7.363987,LILRB4,MEF,FOXM1,Forkhead
1491,1,0.048078425,-0.25471953,-1.4530721,ITGA5,MEF,BACH1,bZIP
805,1,0.06421617,-0.24450046,1.6675063,DPP6,MEF,CTCF,Zf
169,0,-0.39059436,-0.39059436,2.8778405,APOE,LMC,HNF4A,NR
1012,1,-0.21361919,-0.25471953,1.7869244,FAM83G,MEF,ATF3,bZIP
3022,1,-0.21907748,-0.27780795,-1.151225,TMEM173,MEF,JUND,bZIP
205,1,-0.36102507,-0.24550179,1.1241271,ARL4A,MEF,ATF1,bZIP
1255,1,-0.25436184,-0.25436184,-1.3369602,GPR35,MEF,TEAD4,TEA
280,1,0.07771543,-0.1980394,-1.1130936,BCL2L11,MEF,STAT3,Stat
1606,0,-0.7695519,-0.25159925,1.7298887,KRT18,LMC,ZBTB33,Zf
3085,0,-0.20953742,-0.22249272,-2.4521747,TPM2,LMC,MAZ,Zf
2293,0,-0.35318726,-0.41931188,-2.7335875,POM121L2,LMC,ELK1,ETS
3264,1,-0.3058912,-0.24283965,-1.7771361,ZP3,MEF,YY1,Zf
2725,0,-0.33639127,-0.4713425,1.1413072,SLC2A13,LMC,IRF1,IRF
1709,0,0.03645469,-0.22810093,1.3213174,LRRN2,LMC,BACH1,bZIP
936,1,-0.07449697,-0.25159925,-2.5236044,EXO1,MEF,CTCF,Zf
924,1,-0.3375485,-0.1342841,1.5121096,ESR2,MEF,TCF12,bHLH
3213,0,-0.933204,-0.22249272,1.9761044,WDFY4,LMC,BCL11A,Zf
466,1,-0.18621291,-0.24333258,-1.5081419,CDC25B,MEF,YY1,Zf
3142,1,-0.17150766,-0.17150766,1.519,TTYH1,MEF,TEAD4,TEA
2054,1,-0.5795745,-0.22249272,1.6799653,NUCB2,MEF,SP2,Zf
1684,1,-0.2548157,-0.22810093,-1.7467185,LPL,MEF,MAFF,bZIP
1745,0,-0.42348737,-0.17137949,2.630295,MAK,LMC,STAT1,Stat
392,1,-0.33817908,-0.29509667,-1.855374,CCDC18,MEF,FOS,bZIP
2091,0,-0.5072217,-0.24450046,-2.7508404,OSBPL6,LMC,ZBTB33,Zf
381,1,-0.21918109,-0.21918109,1.1394454,CCDC103,MEF,TCF3,HMG
175,0,0.016311714,0.00623205,1.1491375,ARAP2,LMC,RFX5,HTH
2057,1,-0.35390377,-0.22810093,-2.8949068,NUF2,MEF,ATF1,bZIP
2809,1,-0.45963168,-0.45963168,-1.3496617,SOX11,MEF,TCF3,HMG
1292,0,-0.46165287,-0.4067228,1.1802437,GSDMD,LMC,CUX1,Homeobox
1704,1,-0.38071528,-0.24283965,1.466193,LRRC4,MEF,ZNF263,Zf
2716,1,-0.37601265,-0.39942494,-1.5039499,SLC25A45,MEF,ELF1,ETS
1414,1,-0.659372,-0.27780795,-1.5857253,IFITM1,MEF,BATF,bZIP
889,1,-0.76012087,-0.50137913,-1.1103865,EMX2OS,MEF,CUX1,Homeobox
2804,1,-0.43345997,-0.22249272,-1.3851969,SOGA3,MEF,ZNF263,Zf
716,0,-0.21907748,-0.27780795,-1.085661,CYP26B1,LMC,JUND,bZIP
497,0,0.028543921,-0.29509667,-1.7681893,CDO1,LMC,BACH1,bZIP
1469,0,-0.09351536,-0.24313685,-1.3461412,INSIG1,LMC,STAT3,Stat
472,1,-0.2954083,-0.24550179,-1.1619854,CDC7,MEF,ATF3,bZIP
2006,0,-0.08568381,-0.24450046,1.3380699,NME5,LMC,MAZ,Zf
2273,1,-0.38071528,-0.24283965,-3.1323469,PLXNC1,MEF,ZNF263,Zf
1808,0,-0.26188308,-0.27780795,-1.8211592,MELK,LMC,FOSL2,bZIP
370,0,-0.28899637,-0.29509667,1.419143,CASP4,LMC,MAFF,bZIP
2739,0,-0.19239004,-0.26135686,1.0755472,SLC39A10,LMC,E2F4,E2F
2402,1,-0.21437913,-0.2712014,-1.2805303,PYCARD,MEF,E2F4,E2F
1921,0,-0.33058694,-0.3917693,1.0211234,MYO1D,LMC,ELF1,ETS
58,1,-0.057535224,-0.27780795,-1.678059,ADAMTS16,MEF,BACH1,bZIP
895,1,-0.34370995,-0.24333258,-1.8153665,ENO3,MEF,EGR1,Zf
2379,1,-0.2185933,-0.3794154,-1.1953413,PTMS,MEF,IRF1,IRF
1806,1,-0.33639127,-0.4713425,2.2327807,MEIOB,MEF,IRF1,IRF
1726,1,-0.40605056,-0.25471953,-1.5292109,LY6E,MEF,ATF2,bZIP
3137,1,0.011842721,-0.21953267,-2.5206616,TTK,MEF,FOXA1,Forkhead
1498,1,-0.15764365,-0.14792581,-1.2604636,ITGB3,MEF,RFX5,HTH
854,0,-0.12554857,-0.24550179,1.3689325,EEPD1,LMC,JUND,bZIP
1025,1,-0.2997486,-0.24333258,-1.738426,FBLN5,MEF,ZNF263,Zf
3149,1,0.06421617,-0.24450046,-1.5823541,TUBB4A,MEF,CTCF,Zf
254,1,-0.38059002,-0.38059002,3.2201214,AXIN2,MEF,PAX5,"Paired,Homeobox"
3190,0,-0.5315311,-0.5315311,2.2938786,VAV1,LMC,PAX5,"Paired,Homeobox"
3146,1,-0.17150766,-0.17150766,-1.181462,TUBA1C,MEF,TEAD4,TEA
2444,1,-0.39205822,-0.27780795,3.0926714,RANBP3L,MEF,MAFK,bZIP
2159,0,-0.3933147,-0.24283965,-3.0297842,PCSK9,LMC,ZKSCAN1,Zf
592,0,-0.2300118,-0.25159925,3.8961654,CNGA3,LMC,MAZ,Zf
672,0,-0.22240412,-0.10008492,-1.4950591,CSRP1,LMC,TCF12,bHLH
381,1,0.011842721,-0.21953267,1.1394454,CCDC103,MEF,FOXA1,Forkhead
2084,1,0.03116794,-0.22249272,-2.7139297,OLR1,MEF,CTCF,Zf
3235,1,-0.3569094,-0.25159925,-2.6240964,WT1,MEF,ZNF263,Zf
1992,1,-0.29414836,-0.26135686,1.4492387,NIPAL2,MEF,E2F6,E2F
3161,0,-0.34370995,-0.24333258,1.1137409,UBE2L6,LMC,EGR1,Zf
2231,0,-0.45963168,-0.45963168,-1.2558968,PLA2R1,LMC,TCF3,HMG
1582,0,-0.20454665,-0.20454665,1.2021602,KIF9,LMC,TEAD4,TEA
518,1,-0.34914914,-0.27780795,-1.4699304,CENPP,MEF,FOS,bZIP
62,0,-0.7844056,-0.2053601,-1.7200596,ADAMTS6,LMC,FOXM1,Forkhead
646,0,-0.26692143,-0.26692143,1.443731,CRB2,LMC,EBF1,EBF
2944,1,-0.3777494,-0.24283965,-3.8778214,TBXAS1,MEF,EGR1,Zf
2700,1,-0.4649995,-0.41931188,1.809599,SLC16A8,MEF,GABPA,ETS
828,1,-0.3341544,-0.39005762,-1.8124657,DUSP9,MEF,ELF1,ETS
2088,0,-0.33058694,-0.3917693,-1.4119202,OPN3,LMC,ELF1,ETS
913,1,-0.14976743,-0.22810093,2.0391352,EPS8L2,MEF,FOSL2,bZIP
2402,0,-0.1607576,-0.24283965,1.5811112,PYCARD,LMC,MAZ,Zf
2498,0,-0.33058694,-0.3917693,-1.3528609,RGS9BP,LMC,ELF1,ETS
2291,1,-0.13559982,-0.10008492,-1.9969735,POLE2,MEF,MAX,bHLH
3241,1,-0.32442823,-0.39942494,-1.8962338,XKR5,MEF,ELK1,ETS
1508,0,-0.38490406,-0.38490406,3.5022085,IZUMO1,LMC,PAX5,"Paired,Homeobox"
827,0,-0.08106524,-0.08106524,1.3163043,DUSP6,LMC,TEAD4,TEA
609,1,0.13713937,-0.20371658,2.5871143,COL14A1,MEF,FOXA1,Forkhead
2220,1,-0.8933479,-0.52757335,8.275044,PITX1,MEF,CUX1,Homeobox
1184,1,-0.4467859,-0.3917693,-1.1692625,GGN,MEF,ELK1,ETS
3062,0,-0.2849582,-0.2849582,1.3952664,TNFRSF1B,LMC,EBF1,EBF
2709,1,0.023197008,-0.146989,1.1898108,SLC22A18,MEF,USF1,bHLH
1612,0,-0.08106524,-0.08106524,2.5736082,KYNU,LMC,TEAD4,TEA
1602,1,-0.46016192,-0.24450046,2.487488,KNDC1,MEF,EGR1,Zf
1292,0,-0.43345997,-0.22249272,1.1802437,GSDMD,LMC,ZNF263,Zf
143,0,-0.03437175,-0.039668236,-1.2520086,ANKRD6,LMC,RFX5,HTH
2985,0,-0.21895796,-0.21895796,1.1835107,TIMP1,LMC,EBF1,EBF
1882,0,-0.3551913,-0.3551913,2.256139,MSLN,LMC,HNF4A,NR
1375,1,-0.3341544,-0.39005762,-1.0630357,HOXC6,MEF,ELF1,ETS
2805,0,-0.27070102,-0.24450046,-2.0964746,SORBS2,LMC,GATA2,Zf
926,1,-0.3375485,-0.1342841,-1.3294209,ESYT1,MEF,TCF12,bHLH
900,1,-0.17407607,-0.121736646,1.4426994,ENPP5,MEF,MAX,bHLH
62,1,-0.71579945,-0.37009746,-1.7437918,ADAMTS6,MEF,IRF3,IRF
2669,0,-0.1124492,-0.24333258,2.4196303,SIGLEC1,LMC,CTCF,Zf
703,0,-0.1666823,-0.13941021,1.933904,CXCR4,LMC,USF2,bHLH
668,1,-0.009410201,-0.10008492,2.486209,CSMD3,MEF,USF2,bHLH
2469,1,-0.058015816,-0.18281521,1.3208804,RBM11,MEF,STAT3,Stat
2272,0,-0.057535224,-0.27780795,1.7582062,PLXNA4,LMC,BACH1,bZIP
370,0,0.027763726,-0.25159925,1.419143,CASP4,LMC,GATA3,Zf
2875,1,-0.3569094,-0.25159925,-2.018522,STARD8,MEF,ZNF263,Zf
1902,1,-0.37601265,-0.39942494,-1.6592023,MYBL2,MEF,ELF1,ETS
1710,0,-0.76012087,-0.50137913,-3.667879,LRRN3,LMC,CUX1,Homeobox
2169,0,-0.44224238,-0.29509667,-1.3446639,PDE4D,LMC,MAFK,bZIP
2932,0,-0.65735245,-0.17782252,-1.7568431,TAGLN,LMC,FOXM1,Forkhead
2601,0,-0.20916343,-0.20916343,-1.3300989,SEC14L5,LMC,NRF1,NRF
2601,1,-0.07949572,-0.21953267,1.0084376,SEC14L5,MEF,FOXA2,Forkhead
711,1,-0.39900714,-0.22249272,2.1121793,CYBRD1,MEF,GATA1,Zf
1595,1,-0.28121933,-0.25159925,1.9454163,KLHL30,MEF,SP1,Zf
1814,1,-0.5069276,-0.27780795,1.0535716,METTL21A,MEF,ATF2,bZIP
180,1,-0.14989896,-0.14989896,-2.244958,ARHGAP18,MEF,TEAD4,TEA
3063,0,-0.29687634,-0.29687634,1.0644271,TNFSF13,LMC,PAX5,"Paired,Homeobox"
1583,1,-0.08568381,-0.24450046,1.052053,KIFAP3,MEF,MAZ,Zf
317,0,-0.37601265,-0.39942494,1.9825064,BTK,LMC,ELF1,ETS
2456,1,-0.25436184,-0.25436184,2.209413,RASGRF1,MEF,TEAD4,TEA
864,1,-0.3773888,-0.18281521,1.3383828,EFNA5,MEF,STAT1,Stat
1840,0,-0.96395135,-0.24333258,2.1801987,MMD,LMC,BCL11A,Zf
268,0,-0.21907748,-0.27780795,-1.0727856,BAIAP2,LMC,JUND,bZIP
2586,1,-0.33280078,-0.24333258,1.4499005,SCN1B,MEF,GATA2,Zf
875,1,-0.37167174,-0.29509667,-1.3485354,EHHADH,MEF,ATF2,bZIP
831,1,-0.10505258,-0.1342841,1.2428452,DYNC2LI1,MEF,BHLHE40,bHLH
1701,0,-0.049117733,-0.13941021,-1.2529169,LRRC3,LMC,MAX,bHLH
3247,0,-0.2859068,-0.146989,1.2278795,ZBTB7C,LMC,TCF12,bHLH
665,0,-0.48430756,-0.24313685,1.8592032,CSF2RB,LMC,STAT1,Stat
164,1,-0.22746871,-0.25187832,1.6091472,APOB,MEF,E2F6,E2F
2532,0,-0.43345997,-0.22249272,2.1629055,RORC,LMC,ZNF263,Zf
3226,1,-0.34278938,-0.41931188,2.0191326,WNT10B,MEF,ELF1,ETS
1832,1,-0.46016192,-0.24450046,-1.5881457,MIS18BP1,MEF,EGR1,Zf
1079,1,-0.07449697,-0.25159925,-1.2201295,FLT4,MEF,CTCF,Zf
1773,1,-0.36259097,-0.38195667,-1.0550821,MAST1,MEF,ELF1,ETS
2830,1,-0.5313326,-0.24450046,2.2287126,SPEF2,MEF,ZKSCAN1,Zf
659,1,-0.33296144,-0.24550179,2.2780662,CRYAB,MEF,MAFK,bZIP
1749,0,-0.26188308,-0.27780795,1.2981921,MAMDC2,LMC,FOSL2,bZIP
335,1,-0.36102507,-0.24550179,-2.2483978,C5AR2,MEF,ATF1,bZIP
1549,0,-0.34029287,-0.28884968,2.4764252,KCNJ5,LMC,E2F4,E2F
1057,0,-0.63670325,-0.21953267,1.0085961,FGF9,LMC,FOXM1,Forkhead
1678,0,-0.24165441,-0.29509667,-1.6623957,LOXL2,LMC,JUND,bZIP
2432,1,-0.46165287,-0.4067228,-1.5926751,RAD51AP1,MEF,CUX1,Homeobox
1347,1,-0.2727483,-0.2712014,-2.2474232,HMMR,MEF,E2F6,E2F
283,1,-0.28121933,-0.25159925,-1.572959,BEND4,MEF,SP1,Zf
2648,0,-0.22240412,-0.10008492,1.604396,SH3BGRL2,LMC,TCF12,bHLH
375,1,0.016311714,0.00623205,1.0318768,CATSPERD,MEF,RFX5,HTH
1033,1,-0.21342848,-0.28884968,1.3729043,FBXO27,MEF,E2F6,E2F
2970,1,-0.1124492,-0.24333258,1.2388296,TGFB2,MEF,CTCF,Zf
2732,1,0.13713937,-0.20371658,1.3066294,SLC33A1,MEF,FOXA1,Forkhead
2987,1,-0.1124492,-0.24333258,-1.2365862,TINAG,MEF,CTCF,Zf
3213,1,-0.1505293,-0.1342841,-7.077798,WDFY4,MEF,USF2,bHLH
1611,1,-0.01444126,-0.17255645,2.3295457,KRT80,MEF,STAT3,Stat
490,1,-0.34304273,-0.52757335,-1.0186837,CDK2,MEF,NANOG,Homeobox
1463,1,-0.29414836,-0.26135686,-1.116266,INCENP,MEF,E2F6,E2F
516,0,-0.37776268,-0.37776268,-1.7725236,CENPM,LMC,TCF3,HMG
479,0,-0.17150766,-0.17150766,4.506826,CDH1,LMC,TEAD4,TEA
2448,0,-0.3070402,-0.24450046,2.2214782,RAPGEF5,LMC,YY1,Zf
2477,0,-0.30776003,-0.24450046,1.33223,RCAN2,LMC,ZNF263,Zf
1166,0,-0.42348737,-0.17137949,1.0405315,GCLM,LMC,STAT1,Stat
103,0,-0.049117733,-0.13941021,-1.3047225,AKAP12,LMC,MAX,bHLH
1748,1,-0.28899637,-0.29509667,1.6248564,MALL,MEF,MAFF,bZIP
2011,1,-0.13149443,-0.22249272,-1.116004,NOD1,MEF,SP1,Zf
2174,1,-0.4649995,-0.41931188,1.1932393,PDGFD,MEF,GABPA,ETS
3061,0,-0.40533945,-0.39005762,1.0251417,TNFRSF19,LMC,GABPA,ETS
2266,0,-0.1124492,-0.24333258,1.5534989,PLSCR2,LMC,CTCF,Zf
2254,1,0.028543921,-0.29509667,-1.7462673,PLEKHO1,MEF,BACH1,bZIP
2094,0,-0.08568381,-0.24450046,-1.9019642,OSR1,LMC,MAZ,Zf
1862,1,-0.5315311,-0.5315311,1.1564282,MORN2,MEF,PAX5,"Paired,Homeobox"
1043,0,-0.32700178,-0.25159925,-1.2050055,FDPS,LMC,GATA1,Zf
1184,1,-0.38071528,-0.24283965,-1.1692625,GGN,MEF,ZNF263,Zf
3267,0,0.027763726,-0.25159925,-1.2638365,ZWILCH,LMC,GATA3,Zf
454,0,0.22652079,-0.2053601,2.0241923,CD68,LMC,FOXA1,Forkhead
2613,1,0.048078425,-0.25471953,2.03598,SEMA4F,MEF,BACH1,bZIP
2198,1,-0.25007766,-0.37009746,1.3733616,PGF,MEF,IRF1,IRF
2886,1,-0.2806714,-0.20306948,1.354127,STK38L,MEF,MEF2A,MADS
173,1,-0.15764365,-0.14792581,4.732215,AQP5,MEF,RFX5,HTH
186,1,-0.30003953,-0.30003953,-7.0380754,ARHGAP30,MEF,NRF1,NRF
2184,1,-0.009410201,-0.10008492,-1.4150923,PDZRN3,MEF,USF2,bHLH
496,1,-0.19379956,-0.22810093,-2.2888286,CDKN3,MEF,ATF2,bZIP
1247,0,-0.2997486,-0.24333258,-1.8197378,GPR161,LMC,ZNF263,Zf
286,0,-0.29979625,-0.24283965,-1.6433271,BEST1,LMC,GATA1,Zf
16,1,-0.22746871,-0.25187832,-2.0503016,ABHD15,MEF,E2F6,E2F
1106,1,0.22652079,-0.2053601,4.149492,FOXQ1,MEF,FOXA1,Forkhead
41,1,-0.63670325,-0.21953267,-1.2971035,ACTN3,MEF,FOXM1,Forkhead
2330,1,-0.38057798,-0.24450046,-1.386103,PREX1,MEF,GATA1,Zf
2082,0,-0.1607576,-0.24283965,1.6769947,OLFML2B,LMC,MAZ,Zf
3188,1,-0.04073672,-0.3917693,-1.032395,VASP,MEF,ELK4,ETS
836,1,-0.3341544,-0.39005762,-2.7616482,E2F8,MEF,ELF1,ETS
1014,0,-0.120565586,-0.1342841,1.4449313,FAM84B,LMC,MAX,bHLH
2709,0,-0.45963168,-0.45963168,1.6009575,SLC22A18,LMC,TCF3,HMG
2402,1,-0.6928834,-0.10944186,-1.2805303,PYCARD,MEF,FOXM1,Forkhead
1157,1,0.011842721,-0.21953267,-1.0529872,GATA6,MEF,FOXA1,Forkhead
315,0,-0.35453734,-0.24333258,-1.1530434,BTBD3,LMC,ZKSCAN1,Zf
2751,1,-0.28121933,-0.25159925,4.557082,SLC4A10,MEF,SP1,Zf
863,1,-0.29360482,-0.13941021,-1.6301057,EFNA2,MEF,TCF12,bHLH
129,1,-0.049117733,-0.13941021,-1.5233402,AMPH,MEF,MAX,bHLH
1062,1,-0.0005437653,-0.1342841,-1.2867284,FGGY,MEF,USF1,bHLH
2751,1,-0.1666823,-0.13941021,4.557082,SLC4A10,MEF,USF2,bHLH
612,1,-0.038338926,-0.10008492,1.5643581,COL18A1,MEF,MYOG,bHLH
405,1,-0.43756613,-0.41931188,-3.28911,CCDC88B,MEF,ETS1,ETS
640,0,0.028543921,-0.29509667,2.1132483,CPNE7,LMC,BACH1,bZIP
440,0,-0.121607244,-0.24333258,1.0379796,CD2AP,LMC,GATA3,Zf
1827,1,-0.659372,-0.27780795,-1.5507092,MIAT,MEF,BATF,bZIP
1335,1,-0.32700178,-0.25159925,1.0415667,HIST1H1C,MEF,GATA1,Zf
2430,1,-0.36550322,-0.47267562,-1.3141602,RACGAP1,MEF,PBX3,Homeobox
284,1,-0.541412,-0.25159925,3.119349,BEND5,MEF,EGR1,Zf
1790,1,-0.76012087,-0.50137913,-2.2559693,MCM5,MEF,CUX1,Homeobox
1949,1,-0.10369535,-0.10008492,-1.5197695,NCAPH,MEF,BHLHE40,bHLH
673,0,-0.21459776,-0.24333258,-2.225754,CSRP2,LMC,MAZ,Zf
1757,1,-0.03437175,-0.039668236,-1.517834,MAP1B,MEF,RFX5,HTH
2213,1,-0.20308916,-0.4653868,-6.192615,PIK3CG,MEF,IRF1,IRF
2743,0,-0.2678836,-0.24283965,1.4633803,SLC40A1,LMC,SP1,Zf
302,1,0.016311714,0.00623205,1.3278615,BMP8A,MEF,RFX5,HTH
2033,0,-0.16561359,-0.22810093,-1.9519585,NR2F1,LMC,JUND,bZIP
2575,0,-0.8933479,-0.52757335,1.9569865,SASH3,LMC,CUX1,Homeobox
1076,0,-0.08568381,-0.24450046,-1.2501253,FLNA,LMC,MAZ,Zf
477,1,-0.13559982,-0.10008492,-1.4396812,CDCA7L,MEF,MAX,bHLH
2734,0,-0.2849582,-0.2849582,-2.5573225,SLC35F2,LMC,EBF1,EBF
666,0,-0.27070102,-0.24450046,2.8135076,CSF3R,LMC,GATA2,Zf
873,0,-0.07949572,-0.21953267,2.3173335,EGR3,LMC,FOXA2,Forkhead
1320,0,-0.51944894,-0.25159925,1.9458708,HCST,LMC,BCL11A,Zf
2821,1,-0.39900714,-0.22249272,1.3361486,SPA17,MEF,GATA1,Zf
975,1,-0.28616667,-0.25693348,1.2401816,FAM161B,MEF,E2F6,E2F
2478,0,-0.46165287,-0.4067228,-1.0574901,RCN1,LMC,CUX1,Homeobox
531,1,0.17063665,-0.10944186,1.2192872,CFAP61,MEF,FOXA1,Forkhead
72,1,-0.1666823,-0.13941021,1.5808972,ADCY5,MEF,USF2,bHLH
323,1,-0.065101475,-0.08148018,1.5764846,C1GALT1,MEF,RFX5,HTH
473,0,-0.30776003,-0.24450046,-1.7247705,CDCA2,LMC,ZNF263,Zf
1604,0,-0.43345997,-0.22249272,-1.6152551,KNSTRN,LMC,ZNF263,Zf
2718,0,-0.37527534,-0.37527534,-1.3084705,SLC26A10,LMC,NRF1,NRF
471,1,-0.440717,-0.25471953,-1.2322128,CDC6,MEF,MAFK,bZIP
2021,1,-0.39900714,-0.22249272,-1.0979886,NPAS4,MEF,GATA1,Zf
2853,1,-0.35806254,-0.38195667,-3.395386,SRGN,MEF,ETS1,ETS
1212,1,-0.08568381,-0.24450046,-1.1374371,GNA15,MEF,MAZ,Zf
3053,0,-0.10505258,-0.1342841,2.9960315,TNF,LMC,BHLHE40,bHLH
2841,1,-0.3341544,-0.39005762,1.4014443,SPOCK2,MEF,ELF1,ETS
906,1,-0.3430542,-0.3430542,-1.1253309,EPHA4,MEF,PAX5,"Paired,Homeobox"
963,1,0.03116794,-0.22249272,-2.0774255,FAM105A,MEF,CTCF,Zf
2502,0,-0.39205822,-0.27780795,-1.5356117,RHOF,LMC,MAFK,bZIP
556,1,-0.28616667,-0.25693348,-1.3128588,CHSY3,MEF,E2F6,E2F
3041,1,-0.29360482,-0.13941021,1.5891165,TMEM45A,MEF,TCF12,bHLH
856,0,-0.057535224,-0.27780795,-1.1511953,EFCAB11,LMC,BACH1,bZIP
2658,1,-0.76012087,-0.50137913,-2.8890922,SHC2,MEF,CUX1,Homeobox
2817,0,-0.00943349,-0.121736646,1.6528256,SP140,LMC,USF1,bHLH
623,0,-0.2300118,-0.25159925,-1.1975325,COL7A1,LMC,MAZ,Zf
1766,1,-0.45038855,-0.39942494,-1.50423,MAPK11,MEF,GABPA,ETS
3035,1,-0.21342848,-0.28884968,1.6910677,TMEM25,MEF,E2F6,E2F
3173,0,-0.065101475,-0.08148018,-2.1704075,UNC5C,LMC,RFX5,HTH
1953,0,-0.8933479,-0.52757335,1.9256032,NCF2,LMC,CUX1,Homeobox
3041,1,0.011842721,-0.21953267,1.5891165,TMEM45A,MEF,FOXA1,Forkhead
559,1,-0.3610153,-0.22249272,1.5033135,CILP2,MEF,EGR1,Zf
821,1,-0.37776268,-0.37776268,-1.138244,DTX4,MEF,TCF3,HMG
631,1,-0.3705123,-0.25471953,-1.0453374,CORO1C,MEF,FOSL2,bZIP
2737,1,-0.36812532,-0.36812532,-1.3563199,SLC37A2,MEF,NRF1,NRF
1340,0,-0.12554857,-0.24550179,-1.6869295,HLF,LMC,JUND,bZIP
714,1,-0.43345997,-0.22249272,5.836115,CYP1A1,MEF,ZNF263,Zf
579,1,-0.011590093,-0.22249272,3.342797,CLIP4,MEF,GATA3,Zf
871,0,-0.28121933,-0.25159925,1.2303663,EGR1,LMC,SP1,Zf
1555,0,-0.20953742,-0.22249272,-2.8231845,KCNMB1,LMC,MAZ,Zf
1401,1,-0.2790477,-0.25471953,1.3853371,HSPB6,MEF,MAFF,bZIP
1838,1,-0.2064243,-0.25159925,1.006843,MLLT3,MEF,YY1,Zf
881,0,-0.26816452,-0.121736646,-5.3738065,ELN,LMC,TCF12,bHLH
2915,1,-0.0061152284,-0.10008492,1.2508746,SYNPO,MEF,USF1,bHLH
299,1,-0.33296144,-0.24550179,4.1480656,BMP4,MEF,MAFK,bZIP
1669,1,-0.56297857,-0.22249272,-2.0333745,LMNB1,MEF,ZBTB33,Zf
963,0,-0.16561359,-0.22810093,1.3799479,FAM105A,LMC,JUND,bZIP
3114,1,-0.6645992,-0.25159925,-3.242694,TROAP,MEF,SP2,Zf
1474,1,-0.10505258,-0.1342841,1.5855246,IQUB,MEF,BHLHE40,bHLH
1530,1,-0.2064243,-0.25159925,-1.7830039,KCNAB2,MEF,YY1,Zf
1323,1,-0.38490406,-0.38490406,-1.2728531,HEG1,MEF,PAX5,"Paired,Homeobox"
1245,0,-0.2300118,-0.25159925,1.7366654,GPR157,LMC,MAZ,Zf
2469,1,-0.36645967,-0.22249272,1.3208804,RBM11,MEF,ZEB1,Zf
78,0,0.08411567,-0.24550179,-1.8453362,ADM,LMC,BACH1,bZIP
2400,1,-0.38071528,-0.24283965,1.0328149,PXDC1,MEF,ZNF263,Zf
2462,0,-0.43756613,-0.41931188,1.1221547,RASSF2,LMC,ETS1,ETS
1490,1,-0.058015816,-0.18281521,1.2707528,ITGA3,MEF,STAT3,Stat
1812,1,-0.2849582,-0.2849582,-1.0833864,METRNL,MEF,EBF1,EBF
3111,1,-1.5423862,-0.39005762,-2.1616786,TRIP13,MEF,FLI1,ETS
517,0,-0.40787458,-0.3917693,-1.3688151,CENPN,LMC,GABPA,ETS
1562,0,0.03645469,-0.22810093,-1.3338901,KCTD8,LMC,BACH1,bZIP
2046,0,-0.37601265,-0.39942494,-1.0411365,NT5C3B,LMC,ELF1,ETS
210,1,-0.3439605,-0.3439605,-1.0362118,ARRB1,MEF,NRF1,NRF
59,0,-0.29414836,-0.26135686,-1.310582,ADAMTS2,LMC,E2F6,E2F
540,1,-0.44224238,-0.29509667,-1.2755494,CHD3,MEF,MAFK,bZIP
2740,0,-0.16941127,-0.25471953,2.653783,SLC39A12,LMC,FOS,bZIP
683,0,0.018755239,0.02968777,1.6376765,CTSB,LMC,RFX5,HTH
2709,1,-0.33080074,-0.22810093,1.1898108,SLC22A18,MEF,MAFK,bZIP
1752,1,-0.46016192,-0.24450046,-1.2879815,MAN2A1,MEF,EGR1,Zf
560,0,-0.37698567,-0.4067228,-1.2462806,CIT,LMC,PBX3,Homeobox
1564,1,-0.36259097,-0.38195667,-8.807204,KDM5D,MEF,ELF1,ETS
2667,0,-0.00943349,-0.121736646,1.0441486,SHROOM2,LMC,USF1,bHLH
1435,0,-0.43756613,-0.41931188,2.724261,IL10,LMC,ETS1,ETS
794,0,-0.19612858,-0.146989,1.9015518,DOCK2,LMC,USF2,bHLH
2828,1,-0.08568381,-0.24450046,-1.3120675,SPDL1,MEF,MAZ,Zf
163,0,-0.057535224,-0.27780795,1.7885092,APLP1,LMC,BACH1,bZIP
2815,0,-0.7485091,-0.20371658,1.3722122,SP100,LMC,FOXM1,Forkhead
1519,1,-0.062780954,-0.24333258,2.7633631,KANK4,MEF,SP1,Zf
2574,1,-1.2819929,-0.38195667,-2.472195,SAPCD2,MEF,FLI1,ETS
656,1,-0.0017048104,-0.121736646,1.2539586,CRLF1,MEF,MYOG,bHLH
1506,0,-0.36812532,-0.36812532,1.1775964,ITPR1,LMC,NRF1,NRF
474,0,-0.20953742,-0.22249272,-1.3249443,CDCA3,LMC,MAZ,Zf
1799,0,-0.15764365,-0.14792581,-3.4283805,MECOM,LMC,RFX5,HTH
455,0,-0.34370995,-0.24333258,2.6942828,CD69,LMC,EGR1,Zf
672,0,-0.440717,-0.25471953,-1.4950591,CSRP1,LMC,MAFK,bZIP
1386,1,-0.440717,-0.25471953,-6.0146413,HPGDS,MEF,MAFK,bZIP
982,1,-0.58496386,-0.4621776,1.9927673,FAM184A,MEF,IRF4,IRF
709,1,-0.20953742,-0.22249272,-1.6690544,CYBA,MEF,MAZ,Zf
1671,1,-0.13149443,-0.22249272,-4.9727182,LMO2,MEF,SP1,Zf
1630,1,-0.3569094,-0.25159925,2.0006824,LCN2,MEF,ZNF263,Zf
103,1,-0.15054174,-0.24450046,-1.3921585,AKAP12,MEF,GATA3,Zf
3227,1,-0.2727483,-0.2712014,1.2699397,WNT11,MEF,E2F6,E2F
2850,1,-0.26692143,-0.26692143,1.1574836,SQRDL,MEF,EBF1,EBF
169,1,-0.3705123,-0.25471953,-4.8506866,APOE,MEF,FOSL2,bZIP
2349,0,-0.43756613,-0.41931188,-1.1556536,PRRT2,LMC,ETS1,ETS
1026,0,-0.33296144,-0.24550179,-1.7899914,FBLN7,LMC,MAFK,bZIP
2296,0,-0.1666823,-0.13941021,2.2781577,POU2F2,LMC,USF2,bHLH
2657,1,-0.17407607,-0.121736646,-1.4430811,SHANK3,MEF,MAX,bHLH
2992,0,-0.34029287,-0.28884968,-1.5962096,TLE2,LMC,E2F4,E2F
772,1,-0.0017048104,-0.121736646,2.0703075,DMP1,MEF,MYOG,bHLH
3258,1,-0.5313326,-0.24450046,-1.4494542,ZFYVE28,MEF,ZKSCAN1,Zf
2763,1,-0.3610153,-0.22249272,-1.5338875,SLC9A5,MEF,EGR1,Zf
2904,1,-0.4409798,-0.24450046,1.5065486,SV2B,MEF,ZEB1,Zf
1571,1,-0.7695519,-0.25159925,-2.078099,KIF20B,MEF,ZBTB33,Zf
1978,1,-0.3773888,-0.18281521,-1.5159668,NEURL3,MEF,STAT1,Stat
3099,1,-0.4420254,-0.26135686,-1.4419627,TRERF1,MEF,E2F1,E2F
2542,0,-0.8933479,-0.52757335,-1.5441597,RRM2,LMC,CUX1,Homeobox
734,1,-0.08568381,-0.24450046,-1.0845644,DCTD,MEF,MAZ,Zf
329,0,-0.10505258,-0.1342841,-2.2898922,C1QTNF6,LMC,BHLHE40,bHLH
827,0,-0.12447846,-0.22249272,1.3163043,DUSP6,LMC,GATA2,Zf
857,1,0.84515804,-0.0023815737,1.302421,EFCAB2,MEF,MEF2C,MADS
2230,0,-0.17407607,-0.121736646,1.7919799,PLA2G7,LMC,MAX,bHLH
2324,0,-0.049117733,-0.13941021,-1.082411,PRCP,LMC,MAX,bHLH
452,1,-0.3569094,-0.25159925,1.1053462,CD55,MEF,ZNF263,Zf
1329,0,-0.4649995,-0.41931188,1.7447802,HHEX,LMC,GABPA,ETS
62,1,-0.74316007,-0.3794154,-1.7437918,ADAMTS6,MEF,IRF3,IRF
1488,1,-0.4776695,-0.22249272,-2.7365434,ITGA11,MEF,ZKSCAN1,Zf
247,0,-0.38059002,-0.38059002,1.0520605,ATP8A1,LMC,PAX5,"Paired,Homeobox"
49,1,-0.36812532,-0.36812532,1.427944,ADAM22,MEF,NRF1,NRF
283,0,0.06421617,-0.24450046,1.2884433,BEND4,LMC,CTCF,Zf
1900,1,-0.20308916,-0.4653868,-2.1630523,MXD3,MEF,IRF1,IRF
108,1,-0.17150766,-0.17150766,1.0786273,ALCAM,MEF,TEAD4,TEA
407,1,-0.15054174,-0.24450046,1.0351427,CCDC90B,MEF,GATA3,Zf
2518,0,0.22652079,-0.2053601,1.1219213,RNF144B,LMC,FOXA1,Forkhead
2890,0,-0.41913503,-0.41913503,1.3420581,STON2,LMC,TCF3,HMG
31,1,-0.058015816,-0.18281521,-1.0644914,ACOT7,MEF,STAT3,Stat
2170,0,-0.17407607,-0.121736646,1.2332177,PDE7B,LMC,MAX,bHLH
518,1,-0.71902657,-0.24550179,-1.4699304,CENPP,MEF,BATF,bZIP
2583,0,-0.36259097,-0.38195667,-2.5472686,SCML2,LMC,ELF1,ETS
1245,0,-0.16561359,-0.22810093,1.7366654,GPR157,LMC,JUND,bZIP
256,1,-0.30776003,-0.24450046,-3.7848723,B3GNT3,MEF,ZNF263,Zf
1592,1,-0.20308916,-0.4653868,3.3742492,KLHDC7A,MEF,IRF1,IRF
181,1,-0.30776003,-0.24450046,-2.8857563,ARHGAP19,MEF,ZNF263,Zf
516,0,-0.38071528,-0.24283965,-1.7725236,CENPM,LMC,ZNF263,Zf
552,0,-0.30003953,-0.30003953,-1.1655335,CHST15,LMC,NRF1,NRF
1014,0,-0.3058912,-0.24283965,1.4449313,FAM84B,LMC,YY1,Zf
966,1,-0.11649651,-0.25471953,-2.1287313,FAM111A,MEF,JUND,bZIP
2059,1,-0.3341544,-0.39005762,-1.3955164,NUP210L,MEF,ELF1,ETS
1569,0,-0.7237371,-0.24333258,-1.7011287,KIF18B,LMC,SP2,Zf
1120,0,0.08411567,-0.24550179,-1.0065273,FSTL1,LMC,BACH1,bZIP
202,1,-0.46165287,-0.4067228,1.0118848,ARID5A,MEF,CUX1,Homeobox
1723,1,-0.13559982,-0.10008492,-2.555735,LTC4S,MEF,MAX,bHLH
1625,1,-0.22736193,-0.22736193,2.403555,LARS2,MEF,HNF4A,NR
645,0,-0.40605056,-0.25471953,2.6611502,CRABP2,LMC,ATF2,bZIP
512,1,-0.07449697,-0.25159925,-2.398041,CENPF,MEF,CTCF,Zf
1245,0,-0.34099022,-0.38195667,1.7366654,GPR157,LMC,ELK1,ETS
820,1,-0.21459776,-0.24333258,1.4989341,DTX1,MEF,MAZ,Zf
3018,1,-0.45038855,-0.39942494,-3.1052723,TMEM156,MEF,GABPA,ETS
1331,1,0.048078425,-0.25471953,-1.085399,HHIPL1,MEF,BACH1,bZIP
1437,0,-0.3705123,-0.25471953,2.5909648,IL11,LMC,FOSL2,bZIP
763,0,-0.009410201,-0.10008492,2.4377005,DLG2,LMC,USF2,bHLH
1587,0,-0.43345997,-0.22249272,-4.442589,KIT,LMC,ZNF263,Zf
3123,1,-0.1607576,-0.24283965,-1.1696323,TSHZ3,MEF,MAZ,Zf
1490,1,-0.39804247,-0.17255645,1.2707528,ITGA3,MEF,STAT1,Stat
155,1,-0.28121933,-0.25159925,-1.0362561,AP1G2,MEF,SP1,Zf
889,1,-0.51637894,-0.42379856,-1.1103865,EMX2OS,MEF,CUX1,Homeobox
381,1,-0.7485091,-0.20371658,1.1394454,CCDC103,MEF,FOXM1,Forkhead
1605,1,-0.43345997,-0.22249272,-3.4007242,KNTC1,MEF,ZNF263,Zf
1730,0,-0.21895796,-0.21895796,2.280973,LYL1,LMC,EBF1,EBF
469,0,-0.0005437653,-0.1342841,-1.0888088,CDC42EP4,LMC,USF1,bHLH
1391,1,-0.20953742,-0.22249272,1.2587843,HS3ST6,MEF,MAZ,Zf
624,0,-0.3773888,-0.18281521,1.1434728,COL8A2,LMC,STAT1,Stat
2126,0,-0.04073672,-0.3917693,-1.9749895,PARPBP,LMC,ELK4,ETS
708,1,-0.2849582,-0.2849582,3.0798056,CYB5R2,MEF,EBF1,EBF
2904,1,-0.1666823,-0.13941021,1.5065486,SV2B,MEF,USF2,bHLH
101,1,-0.71579945,-0.37009746,-2.3698435,AIM2,MEF,IRF3,IRF
2134,1,-0.14989896,-0.14989896,2.393178,PCDH10,MEF,TEAD4,TEA
2555,1,-0.10369535,-0.10008492,2.0139127,RUNDC3B,MEF,BHLHE40,bHLH
818,0,-0.0005437653,-0.1342841,-1.4172463,DTL,LMC,USF1,bHLH
203,0,-0.27228355,-0.24283965,1.8472986,ARL11,LMC,GATA2,Zf
1976,1,-0.44224238,-0.29509667,1.2830062,NET1,MEF,MAFK,bZIP
30,0,-0.29414836,-0.26135686,1.627162,ACOT4,LMC,E2F6,E2F
2574,1,-0.34099022,-0.38195667,-2.472195,SAPCD2,MEF,ELK1,ETS
421,1,-0.32442823,-0.39942494,-3.4695168,CCNB1,MEF,ELK1,ETS
1665,0,-0.38071528,-0.24283965,1.4596416,LIPA,LMC,ZNF263,Zf
202,1,-0.26692143,-0.26692143,1.0118848,ARID5A,MEF,EBF1,EBF
1995,1,-0.17407607,-0.121736646,-1.798627,NKAIN3,MEF,MAX,bHLH
596,0,-0.40533945,-0.39005762,-1.4862515,CNN2,LMC,GABPA,ETS
706,1,-0.65183055,-0.47267562,1.1717257,CXXC5,MEF,CUX1,Homeobox
430,0,-0.38490406,-0.38490406,2.2504575,CCR5,LMC,PAX5,"Paired,Homeobox"
2800,1,-0.120565586,-0.1342841,-1.0965823,SOAT1,MEF,MAX,bHLH
1620,1,-0.6928834,-0.10944186,-1.2878922,LAMC1,MEF,FOXM1,Forkhead
2759,1,-0.1826178,-0.24450046,2.5075803,SLC8A2,MEF,SP1,Zf
2451,0,-0.39900714,-0.22249272,-1.7096163,RARRES1,LMC,GATA1,Zf
1812,1,-0.2954083,-0.24550179,-1.0833864,METRNL,MEF,ATF3,bZIP
691,1,-0.42348737,-0.17137949,-8.871389,CTSS,MEF,STAT1,Stat
2866,1,-0.40533945,-0.39005762,-1.3862327,ST8SIA2,MEF,GABPA,ETS
2988,1,-0.009364229,-0.17137949,2.4701684,TIPARP,MEF,STAT3,Stat
1230,0,-0.17407607,-0.121736646,-2.8918445,GPER1,LMC,MAX,bHLH
1145,0,-0.2808588,-0.24283965,2.0527973,GALNT6,LMC,ZEB1,Zf
2204,1,-0.3551913,-0.3551913,-1.1529521,PHLPP1,MEF,HNF4A,NR
57,1,0.018755239,0.02968777,-3.2352571,ADAMTS14,MEF,RFX5,HTH
1190,1,-0.16561359,-0.22810093,-1.6213213,GINS1,MEF,JUND,bZIP
1945,0,-0.08974322,-0.146989,-1.0440217,NCAM2,LMC,MAX,bHLH
2013,0,-0.34278938,-0.41931188,-2.4842432,NOL4,LMC,ELF1,ETS
598,0,-0.07949572,-0.21953267,-2.030143,CNR1,LMC,FOXA2,Forkhead
722,1,-0.00943349,-0.121736646,2.4622881,CYTIP,MEF,USF1,bHLH
1330,1,-0.14989896,-0.14989896,1.5842701,HHIP,MEF,TEAD4,TEA
2523,0,-0.16561359,-0.22810093,-1.1712776,RNF207,LMC,JUND,bZIP
3197,0,-0.3070402,-0.24450046,2.6256406,VILL,LMC,YY1,Zf
490,1,0.06421617,-0.24450046,-1.0186837,CDK2,MEF,CTCF,Zf
1586,0,-0.4467859,-0.3917693,-1.0530518,KISS1R,LMC,ELK1,ETS
516,1,-0.34370995,-0.24333258,-2.1930854,CENPM,MEF,EGR1,Zf
1220,1,-0.29687634,-0.29687634,-1.252131,GOLM1,MEF,PAX5,"Paired,Homeobox"
3222,0,-0.38278377,-0.42379856,-3.2772489,WISP2,LMC,PBX3,Homeobox
683,0,-0.0061152284,-0.10008492,1.6376765,CTSB,LMC,USF1,bHLH
1948,1,-0.40533945,-0.39005762,-2.1928997,NCAPG2,MEF,GABPA,ETS
2413,0,-0.009410201,-0.10008492,1.2538403,RAB20,LMC,USF2,bHLH
861,1,-0.17407607,-0.121736646,-1.6204906,EFHD2,MEF,MAX,bHLH
2290,0,-0.10369535,-0.10008492,-1.5923315,POLE,LMC,BHLHE40,bHLH
1859,1,0.016311714,0.00623205,-1.0344467,MNS1,MEF,RFX5,HTH
1318,1,0.03116794,-0.22249272,3.225172,HCN1,MEF,CTCF,Zf
1575,1,-0.00943349,-0.121736646,1.0329986,KIF26A,MEF,USF1,bHLH
564,1,-0.3070402,-0.24450046,2.349231,CKMT2,MEF,YY1,Zf
3074,1,0.048078425,-0.25471953,1.9111053,TNS4,MEF,BACH1,bZIP
2319,0,-0.33296144,-0.24550179,1.4068983,PPP1R9A,LMC,MAFK,bZIP
2436,1,-0.16941127,-0.25471953,-1.7905334,RAD54L,MEF,FOS,bZIP
653,1,-0.065101475,-0.08148018,1.8099811,CRISP2,MEF,RFX5,HTH
1734,1,-0.38059002,-0.38059002,1.0396278,LYRM7,MEF,PAX5,"Paired,Homeobox"
662,1,0.21614419,-0.17782252,3.5131092,CRYM,MEF,FOXA1,Forkhead
2841,0,-0.17407607,-0.121736646,1.7487509,SPOCK2,LMC,MAX,bHLH
1945,1,-0.1689725,-0.13941021,2.0358896,NCAM2,MEF,BHLHE40,bHLH
1932,0,-0.14724034,-0.14724034,1.718301,MYRF,LMC,EBF1,EBF
142,1,0.018755239,0.02968777,-1.0540168,ANKRD37,MEF,RFX5,HTH
2658,0,-0.41320115,-0.25471953,-1.9436976,SHC2,LMC,ATF1,bZIP
1284,1,-0.2997486,-0.24333258,1.661052,GRIK5,MEF,ZNF263,Zf
1154,1,-0.36351123,-0.50137913,1.8328152,GATA3,MEF,PBX3,Homeobox
1774,1,-0.46165287,-0.4067228,-1.0934879,MAST3,MEF,CUX1,Homeobox
2718,0,-0.39900714,-0.22249272,-1.3084705,SLC26A10,LMC,GATA1,Zf
1435,0,-0.33817908,-0.29509667,2.724261,IL10,LMC,FOS,bZIP
1584,1,-0.3058912,-0.24283965,-1.2800558,KIRREL,MEF,YY1,Zf
2155,0,-0.08568381,-0.24450046,-2.4770832,PCOLCE,LMC,MAZ,Zf
1670,0,-0.440717,-0.25471953,-2.101804,LMO1,LMC,MAFK,bZIP
2210,1,-0.1505293,-0.1342841,-7.7534785,PIK3AP1,MEF,USF2,bHLH
61,1,-0.8933479,-0.52757335,-2.3633895,ADAMTS4,MEF,CUX1,Homeobox
2908,0,0.03116794,-0.22249272,2.1501808,SYCP3,LMC,CTCF,Zf
278,0,-0.36259097,-0.38195667,-2.4906874,BCL11A,LMC,ELF1,ETS
1807,1,-0.1826178,-0.24450046,-1.8203051,MEIS1,MEF,SP1,Zf
1668,1,-0.14976743,-0.22810093,3.0541296,LMCD1,MEF,FOSL2,bZIP
918,1,-0.057535224,-0.27780795,1.765332,ERG,MEF,BACH1,bZIP
3262,1,-0.34099022,-0.38195667,1.0464939,ZMYND12,MEF,ELK1,ETS
2431,1,-0.43756613,-0.41931188,-1.6750872,RAD51,MEF,ETS1,ETS
2476,1,-0.29414836,-0.26135686,1.7372016,RCAN1,MEF,E2F6,E2F
3152,0,-0.25436184,-0.25436184,-1.2156056,TVP23A,LMC,TEAD4,TEA
280,1,0.041926194,-0.24283965,-1.1130936,BCL2L11,MEF,GATA3,Zf
2945,1,-0.10369535,-0.10008492,1.6612616,TCEAL3,MEF,BHLHE40,bHLH
331,1,-0.40533945,-0.39005762,-2.69423,C2CD4C,MEF,GABPA,ETS
3088,0,-0.18911669,-0.17782252,-1.338504,TPX2,LMC,FOXA2,Forkhead
2507,1,-0.43345997,-0.22249272,1.462111,RIC3,MEF,ZNF263,Zf
2886,1,0.22652079,-0.2053601,1.354127,STK38L,MEF,FOXA1,Forkhead
2252,1,-0.45038855,-0.39942494,1.3349193,PLEKHH2,MEF,GABPA,ETS
1002,0,-0.36550322,-0.47267562,-1.0779922,FAM57A,LMC,PBX3,Homeobox
2583,0,-0.08974322,-0.146989,-2.5472686,SCML2,LMC,MAX,bHLH
760,0,-0.29360482,-0.13941021,-1.1509932,DKK3,LMC,TCF12,bHLH
517,1,-0.0065755714,-0.1342841,-2.1137278,CENPN,MEF,MYOG,bHLH
1954,1,-0.15764365,-0.14792581,-6.857463,NCF4,MEF,RFX5,HTH
2556,0,-0.34370995,-0.24333258,-1.4579718,RUNX1T1,LMC,EGR1,Zf
311,1,-0.2470073,-0.39005762,-1.1585374,BRIP1,MEF,ETS1,ETS
3231,0,-0.20454665,-0.20454665,-1.0413804,WNT5A,LMC,TEAD4,TEA
2572,1,-0.30003953,-0.30003953,1.2491845,SAP18,MEF,NRF1,NRF
1422,1,-0.29360482,-0.13941021,2.4270205,IGFBP4,MEF,TCF12,bHLH
2306,0,-0.2064243,-0.25159925,-1.3088906,PPFIA2,LMC,YY1,Zf
258,0,-0.22240412,-0.10008492,1.9447972,B3GNT7,LMC,TCF12,bHLH
959,0,0.03116794,-0.22249272,2.0757577,FADS6,LMC,CTCF,Zf
2374,0,-0.38278377,-0.42379856,-1.669069,PTGFR,LMC,PBX3,Homeobox
2498,0,-0.38071528,-0.24283965,-1.3528609,RGS9BP,LMC,ZNF263,Zf
566,0,-0.38071528,-0.24283965,-1.1170683,CKS2,LMC,ZNF263,Zf
1178,0,0.041926194,-0.24283965,-1.4242098,GEN1,LMC,GATA3,Zf
3169,0,-0.44224238,-0.29509667,1.1945924,UNC13B,LMC,MAFK,bZIP
1486,1,-0.41913503,-0.41913503,-1.1396953,ISYNA1,MEF,TCF3,HMG
2057,0,-0.2838714,-0.47267562,-2.073274,NUF2,LMC,NANOG,Homeobox
1162,1,-0.2678836,-0.24283965,1.5318578,GCA,MEF,SP1,Zf
3008,0,-0.08974322,-0.146989,1.7911987,TMEM108,LMC,MAX,bHLH
2243,1,-0.46165287,-0.4067228,-6.5264955,PLD4,MEF,CUX1,Homeobox
2428,1,0.041926194,-0.24283965,2.2078009,RAB9B,MEF,GATA3,Zf
2833,0,-0.5069276,-0.27780795,2.0447345,SPI1,LMC,ATF2,bZIP
2214,1,-0.01444126,-0.17255645,-3.0240712,PIK3R5,MEF,STAT3,Stat
286,0,-0.22240412,-0.10008492,-1.6433271,BEST1,LMC,TCF12,bHLH
1061,1,-0.009410201,-0.10008492,1.0598873,FGFR3,MEF,USF2,bHLH
1934,0,-0.34278938,-0.41931188,-1.6841193,NAALADL1,LMC,ELF1,ETS
73,0,0.023197008,-0.146989,1.6107342,ADCY7,LMC,USF1,bHLH
1810,1,-0.39205822,-0.27780795,1.2053584,MESP2,MEF,MAFK,bZIP
1335,1,-0.46165287,-0.4067228,1.0415667,HIST1H1C,MEF,CUX1,Homeobox
1745,0,-0.5313326,-0.24450046,2.630295,MAK,LMC,ZKSCAN1,Zf
2468,0,-0.35390377,-0.22810093,1.1551113,RBKS,LMC,ATF1,bZIP
15,0,-0.3610153,-0.22249272,1.1249897,ABHD12,LMC,EGR1,Zf
988,1,-0.34278938,-0.41931188,1.5712413,FAM19A3,MEF,ELF1,ETS
593,1,-0.33058694,-0.3917693,2.740995,CNKSR1,MEF,ELF1,ETS
3076,1,-0.22735961,-0.24550179,1.2808591,TOB1,MEF,MAFF,bZIP
2929,1,-0.21907748,-0.27780795,-1.4088733,TACC3,MEF,JUND,bZIP
2339,1,-0.30779734,-0.3917693,1.182829,PROCR,MEF,ETS1,ETS
2735,0,-0.3933147,-0.24283965,2.2267754,SLC35F3,LMC,ZKSCAN1,Zf
392,1,-0.63670325,-0.21953267,-1.855374,CCDC18,MEF,FOXM1,Forkhead
1582,1,0.08411567,-0.24550179,1.0983452,KIF9,MEF,BACH1,bZIP
1743,0,-0.01444126,-0.17255645,1.2423561,MAF,LMC,STAT3,Stat
1247,1,-0.33058694,-0.3917693,-1.054205,GPR161,MEF,ELF1,ETS
1677,0,-0.2849582,-0.2849582,1.93562,LONRF3,LMC,EBF1,EBF
2650,0,-0.32700178,-0.25159925,-1.4161148,SH3GL3,LMC,GATA1,Zf
1136,1,-0.056725405,-0.121736646,1.5529917,GAL3ST1,MEF,BHLHE40,bHLH
861,1,-0.35806254,-0.38195667,-1.6204906,EFHD2,MEF,ETS1,ETS
1285,0,-0.14989896,-0.14989896,-1.7310942,GRIN1,LMC,TEAD4,TEA
272,1,-0.22735961,-0.24550179,-1.0692208,BAZ1A,MEF,MAFF,bZIP
856,0,0.016314197,-0.13941021,-1.1511953,EFCAB11,LMC,USF1,bHLH
937,1,0.22652079,-0.2053601,1.4276764,EXOC3,MEF,FOXA1,Forkhead
336,1,-0.2849582,-0.2849582,1.1669624,CABLES1,MEF,EBF1,EBF
38,0,-0.12554857,-0.24550179,-2.4281116,ACTA2,LMC,JUND,bZIP
1347,1,-0.7237371,-0.24333258,-2.2474232,HMMR,MEF,SP2,Zf
3004,1,0.011842721,-0.21953267,1.3661466,TMBIM4,MEF,FOXA1,Forkhead
1566,1,-0.45038855,-0.39942494,-2.457014,KIF11,MEF,GABPA,ETS
3015,1,-0.30779734,-0.3917693,1.1457732,TMEM140,MEF,ETS1,ETS
1852,0,-0.39205822,-0.27780795,2.4380608,MMP24,LMC,MAFK,bZIP
2058,0,-0.37167174,-0.29509667,1.252312,NUP210,LMC,ATF2,bZIP
2310,0,-0.07449697,-0.25159925,1.0633235,PPM1E,LMC,CTCF,Zf
631,1,-0.89867353,-0.24450046,-1.0453374,CORO1C,MEF,BCL11A,Zf
857,1,-0.3439605,-0.3439605,1.302421,EFCAB2,MEF,NRF1,NRF
24,1,-0.2859068,-0.146989,2.1553288,ACE,MEF,TCF12,bHLH
2845,0,-0.37665918,-0.37009746,-1.1286079,SPRY1,LMC,IRF4,IRF
833,1,-0.39900714,-0.22249272,1.3486774,DZANK1,MEF,GATA1,Zf
1832,1,-0.3705123,-0.25471953,-1.5881457,MIS18BP1,MEF,FOSL2,bZIP
1957,1,-0.2727483,-0.2712014,-2.6176684,NDC80,MEF,E2F6,E2F
1675,1,-0.169331,-0.25693348,1.4106392,LNX1,MEF,E2F4,E2F
2815,1,-0.40605056,-0.25471953,-2.193145,SP100,MEF,ATF2,bZIP
708,1,0.048078425,-0.25471953,3.0798056,CYB5R2,MEF,BACH1,bZIP
3166,1,0.06421617,-0.24450046,2.1184819,UGP2,MEF,CTCF,Zf
2909,1,0.13713937,-0.20371658,-1.8490396,SYK,MEF,FOXA1,Forkhead
3056,1,-0.37601265,-0.39942494,-5.5076947,TNFAIP8L2,MEF,ELF1,ETS
2507,1,0.018755239,0.02968777,1.462111,RIC3,MEF,RFX5,HTH
3040,0,0.048078425,-0.25471953,-1.158673,TMEM38A,LMC,BACH1,bZIP
1182,0,-0.01444126,-0.17255645,1.1762532,GGCT,LMC,STAT3,Stat
3224,0,-0.057535224,-0.27780795,-1.272309,WNK4,LMC,BACH1,bZIP
305,0,-0.009364229,-0.17137949,-1.7441015,BMPR1B,LMC,STAT3,Stat
2540,1,-0.4467859,-0.3917693,2.2565928,RRAGB,MEF,ELK1,ETS
560,1,-0.23244992,-0.52757335,-2.9454744,CIT,MEF,PBX3,Homeobox
77,1,-0.1689725,-0.13941021,-1.0111213,ADHFE1,MEF,BHLHE40,bHLH
2018,1,-0.63670325,-0.21953267,3.2765796,NOTUM,MEF,FOXM1,Forkhead
1253,1,-0.3869897,-0.39942494,1.4796617,GPR3,MEF,ETS1,ETS
2092,0,-0.174635,-0.24550179,1.1467197,OSGIN1,LMC,FOSL2,bZIP
69,0,-0.43345997,-0.22249272,-1.6997627,ADARB1,LMC,ZNF263,Zf
2920,1,-0.0065755714,-0.1342841,2.0846374,SYT7,MEF,MYOG,bHLH
2251,1,0.048078425,-0.25471953,-3.0162134,PLEKHG4,MEF,BACH1,bZIP
651,0,0.028543921,-0.29509667,3.8761818,CRHBP,LMC,BACH1,bZIP
1970,1,-0.8933479,-0.52757335,-2.2655962,NEK2,MEF,CUX1,Homeobox
3078,1,-0.3933147,-0.24283965,-2.8886466,TOP2A,MEF,ZKSCAN1,Zf
820,0,-0.39900714,-0.22249272,-2.0047634,DTX1,LMC,GATA1,Zf
2967,0,-0.2790477,-0.25471953,1.1837683,TFR2,LMC,MAFF,bZIP
2854,0,-0.46846294,-0.46846294,-1.2177047,SRL,LMC,TCF3,HMG
2937,1,-0.08106524,-0.08106524,1.5015075,TBC1D8,MEF,TEAD4,TEA
2502,0,-0.91791576,-0.29509667,-1.5356117,RHOF,LMC,BATF,bZIP
2939,1,-0.34029287,-0.28884968,2.2990468,TBX2,MEF,E2F4,E2F
2225,1,-0.120565586,-0.1342841,-1.5969307,PKNOX2,MEF,MAX,bHLH
1307,0,-0.2913164,-0.42379856,-1.3646489,H1FX,LMC,NANOG,Homeobox
1231,0,-0.20916343,-0.20916343,1.5254817,GPM6A,LMC,NRF1,NRF
449,1,-0.3773888,-0.18281521,-8.109968,CD48,MEF,STAT1,Stat
998,0,-0.541412,-0.25159925,-1.4954357,FAM46B,LMC,EGR1,Zf
1349,1,-0.38490406,-0.38490406,-1.1300734,HN1,MEF,PAX5,"Paired,Homeobox"
2329,0,-0.16941127,-0.25471953,-1.5005978,PRELID2,LMC,FOS,bZIP
857,1,0.21225196,-0.65067613,1.302421,EFCAB2,MEF,MEF2C,MADS
640,1,-0.29360482,-0.13941021,2.1161196,CPNE7,MEF,TCF12,bHLH
1580,1,-0.33639127,-0.4713425,1.737582,KIF5C,MEF,IRF1,IRF
2521,0,0.08411567,-0.24550179,1.8557955,RNF180,LMC,BACH1,bZIP
1574,1,-0.13559982,-0.10008492,-2.4750273,KIF23,MEF,MAX,bHLH
2840,1,-0.16941127,-0.25471953,-2.3704991,SPOCD1,MEF,FOS,bZIP
1744,0,-0.6928834,-0.10944186,1.6160516,MAFB,LMC,FOXM1,Forkhead
1337,1,-0.3777494,-0.24283965,1.9967467,HIST2H2AC,MEF,EGR1,Zf
1411,1,-0.17407607,-0.121736646,-1.6255398,IDH2,MEF,MAX,bHLH
2897,0,-0.1607576,-0.24283965,-1.1073521,STYK1,LMC,MAZ,Zf
29,1,-0.28616667,-0.25693348,-1.4410068,ACOT1,MEF,E2F6,E2F
1783,0,-0.3341544,-0.39005762,-2.6176784,MCAM,LMC,ELF1,ETS
652,0,-0.20953742,-0.22249272,1.3897598,CRIP1,LMC,MAZ,Zf
1395,1,-0.08617797,-0.146989,1.0437326,HSD17B1,MEF,MYOG,bHLH
2881,1,-0.20916343,-0.20916343,-1.7704527,STIL,MEF,NRF1,NRF
1421,1,0.06421617,-0.24450046,-1.3062055,IGF2BP3,MEF,CTCF,Zf
1263,1,-0.009364229,-0.17137949,-1.3334298,GPR84,MEF,STAT3,Stat
525,0,-0.2849582,-0.2849582,-1.5079637,CEP55,LMC,EBF1,EBF
2840,1,-0.32442823,-0.39942494,-2.3704991,SPOCD1,MEF,ELK1,ETS
2605,1,-0.120565586,-0.1342841,-5.124639,SELPLG,MEF,MAX,bHLH
1446,0,-0.36102507,-0.24550179,1.1727784,IL18RAP,LMC,ATF1,bZIP
217,1,-0.3705123,-0.25471953,2.4161205,ART4,MEF,FOSL2,bZIP
341,1,-0.22746871,-0.25187832,1.7592294,CACNA1H,MEF,E2F6,E2F
2088,0,-0.14989896,-0.14989896,-1.4119202,OPN3,LMC,TEAD4,TEA
1279,1,-0.1607576,-0.24283965,1.2815939,GRIA2,MEF,MAZ,Zf
477,1,-0.1689725,-0.13941021,-1.4396812,CDCA7L,MEF,BHLHE40,bHLH
2991,0,-0.10505258,-0.1342841,-1.3919637,TLCD1,LMC,BHLHE40,bHLH
2155,0,-0.34370995,-0.24333258,-2.4770832,PCOLCE,LMC,EGR1,Zf
1075,1,-0.33080074,-0.22810093,-1.5137855,FLI1,MEF,MAFK,bZIP
1075,0,-0.08568381,-0.24450046,1.706394,FLI1,LMC,MAZ,Zf
1600,1,0.07771543,-0.1980394,1.5696979,KLHL8,MEF,STAT3,Stat
454,1,-0.057535224,-0.27780795,-5.4775605,CD68,MEF,BACH1,bZIP
759,0,-0.15812221,-0.22249272,-1.0099353,DIXDC1,LMC,YY1,Zf
927,1,-0.21907748,-0.27780795,1.4039664,ESYT3,MEF,JUND,bZIP
1730,1,-0.20776576,-0.20776576,-4.433676,LYL1,MEF,EBF1,EBF
597,1,0.016314197,-0.13941021,2.2867155,CNNM1,MEF,USF1,bHLH
2332,0,-0.34370995,-0.24333258,-1.4515818,PRIM1,LMC,EGR1,Zf
2452,0,-0.09351536,-0.24313685,1.991749,RASAL3,LMC,STAT3,Stat
2588,1,-0.058015816,-0.18281521,1.6087468,SCN3B,MEF,STAT3,Stat
181,1,-0.34914914,-0.27780795,-2.8857563,ARHGAP19,MEF,FOS,bZIP
1158,0,-0.15054174,-0.24450046,-1.364628,GATSL3,LMC,GATA3,Zf
1625,1,0.07771543,-0.1980394,2.403555,LARS2,MEF,STAT3,Stat
2193,1,-0.21907748,-0.27780795,-1.0504993,PFKL,MEF,JUND,bZIP
928,1,0.028543921,-0.29509667,3.3823693,ETNPPL,MEF,BACH1,bZIP
126,0,-0.1666823,-0.13941021,2.119779,AMDHD1,LMC,USF2,bHLH
2911,0,-0.35806254,-0.38195667,1.1780914,SYNE2,LMC,ETS1,ETS
1377,0,-0.27228355,-0.24283965,2.4189181,HOXD1,LMC,GATA2,Zf
3028,1,-0.17853236,-0.13941021,-1.0065502,TMEM191C,MEF,MYOG,bHLH
1859,1,-0.2859068,-0.146989,-1.0344467,MNS1,MEF,TCF12,bHLH
2765,1,-0.13994873,-0.2053601,-1.4310114,SLC9B2,MEF,FOXA2,Forkhead
3196,0,-0.33639127,-0.4713425,1.2710276,VGF,LMC,IRF1,IRF
511,1,-0.32442823,-0.39942494,-2.789674,CENPE,MEF,ELK1,ETS
3225,1,-0.39205822,-0.27780795,5.458993,WNT10A,MEF,MAFK,bZIP
242,1,-0.1505293,-0.1342841,-1.7413437,ATP2A3,MEF,USF2,bHLH
1991,0,-0.2997486,-0.24333258,-1.1931095,NIM1K,LMC,ZNF263,Zf
1015,1,-0.07449697,-0.25159925,-2.369543,FANCA,MEF,CTCF,Zf
2449,1,0.06421617,-0.24450046,2.0997539,RARB,MEF,CTCF,Zf
278,1,-0.21459776,-0.24333258,1.0059072,BCL11A,MEF,MAZ,Zf
1876,1,-0.08106524,-0.08106524,-1.2789756,MRPS6,MEF,TEAD4,TEA
3059,0,-0.049117733,-0.13941021,-1.1181328,TNFRSF11B,LMC,MAX,bHLH
1016,1,-0.21301334,-0.25187832,-1.8221961,FANCD2,MEF,E2F4,E2F
2726,0,-0.51637894,-0.42379856,1.9489392,SLC2A3,LMC,CUX1,Homeobox
1355,1,-0.34304273,-0.52757335,4.282851,HOXA10,MEF,NANOG,Homeobox
899,0,-0.01444126,-0.17255645,1.1764364,ENPP4,LMC,STAT3,Stat
1015,1,-0.41320115,-0.25471953,-2.369543,FANCA,MEF,ATF1,bZIP
3138,1,-0.08617797,-0.146989,1.1241281,TTLL11,MEF,MYOG,bHLH
2103,0,-0.34914914,-0.27780795,2.8320577,P2RY13,LMC,FOS,bZIP
2443,0,-0.3439605,-0.3439605,-1.1674553,RANBP17,LMC,NRF1,NRF
2292,0,-0.36351123,-0.50137913,-1.0529194,POLQ,LMC,PBX3,Homeobox
58,1,-0.08568381,-0.24450046,-1.678059,ADAMTS16,MEF,MAZ,Zf
1848,1,-0.14976743,-0.22810093,1.589201,MMP15,MEF,FOSL2,bZIP
467,0,-0.34278938,-0.41931188,-1.810972,CDC25C,LMC,ELF1,ETS
1749,0,-0.36049217,-0.22810093,1.2981921,MAMDC2,LMC,FOS,bZIP
147,1,0.03116794,-0.22249272,-3.7085495,ANPEP,MEF,CTCF,Zf
2325,1,-0.09351536,-0.24313685,-1.045483,PRDM1,MEF,STAT3,Stat
2518,0,-0.2548157,-0.22810093,1.1219213,RNF144B,LMC,MAFF,bZIP
2917,1,0.023197008,-0.146989,-2.2309391,SYT1,MEF,USF1,bHLH
1039,1,-0.40787458,-0.3917693,1.1082104,FBXO7,MEF,GABPA,ETS
1751,0,0.13713937,-0.20371658,1.2574582,MAN1C1,LMC,FOXA1,Forkhead
631,1,-0.2583255,-0.12410606,-1.0453374,CORO1C,MEF,MEF2A,MADS
1884,1,-0.37601265,-0.39942494,-1.0198689,MSRA,MEF,ELF1,ETS
2808,1,-0.17407607,-0.121736646,6.420168,SOX10,MEF,MAX,bHLH
1238,1,-0.1826178,-0.24450046,1.2924196,GPR126,MEF,SP1,Zf
1669,1,-0.7485091,-0.20371658,-2.0333745,LMNB1,MEF,FOXM1,Forkhead
2319,0,-0.4733331,-0.39005762,1.4068983,PPP1R9A,LMC,ELK1,ETS
1186,0,0.016311714,0.00623205,2.0995681,GGT5,LMC,RFX5,HTH
2465,0,-0.22240412,-0.10008492,1.9841317,RASSF9,LMC,TCF12,bHLH
1872,0,-0.08568381,-0.24450046,-1.7728605,MRC2,LMC,MAZ,Zf
2866,0,-0.3070402,-0.24450046,-3.4547288,ST8SIA2,LMC,YY1,Zf
2641,0,-0.41913503,-0.41913503,-1.302446,SGOL2,LMC,TCF3,HMG
253,1,0.06421617,-0.24450046,-1.4933237,AXDND1,MEF,CTCF,Zf
737,0,-0.17150766,-0.17150766,1.0949157,DDC,LMC,TEAD4,TEA
1399,0,-0.22028713,-0.38195667,1.2212778,HSPB1,LMC,ELK4,ETS
2354,1,-0.10827843,-0.121736646,2.6809106,PRSS35,MEF,USF2,bHLH
2658,0,-0.43345997,-0.22249272,-1.9436976,SHC2,LMC,ZNF263,Zf
1015,0,-0.8933479,-0.52757335,-1.5220731,FANCA,LMC,CUX1,Homeobox
1001,1,-0.3773888,-0.18281521,-1.0467119,FAM49A,MEF,STAT1,Stat
1680,0,-0.3610153,-0.22249272,-2.5213785,LOXL4,LMC,EGR1,Zf
1035,0,-0.18621291,-0.24333258,-2.2220345,FBXO41,LMC,YY1,Zf
2363,1,-0.17702122,-0.27780795,-1.26462,PSD4,MEF,ATF1,bZIP
2384,0,-0.1689725,-0.13941021,1.5178981,PTPN22,LMC,BHLHE40,bHLH
2921,0,-0.20776576,-0.20776576,1.4813716,SYT8,LMC,EBF1,EBF
1651,1,-0.192465,-0.27780795,-2.2812388,LHX6,MEF,ATF3,bZIP
2548,1,-0.37527534,-0.37527534,1.566765,RSPO3,MEF,NRF1,NRF
2223,0,-0.33817908,-0.29509667,2.4232366,PKIB,LMC,FOS,bZIP
899,0,-0.1607576,-0.24283965,1.1764364,ENPP4,LMC,MAZ,Zf
2767,0,-0.07449697,-0.25159925,-1.8096188,SLCO3A1,LMC,CTCF,Zf
2074,0,-0.19612858,-0.146989,2.1519072,OCLN,LMC,USF2,bHLH
159,1,-0.1505293,-0.1342841,-1.3802844,APBB1IP,MEF,USF2,bHLH
3210,1,-0.29979625,-0.24283965,-4.297835,WAS,MEF,GATA1,Zf
600,1,-0.22240412,-0.10008492,-1.0201135,CNRIP1,MEF,TCF12,bHLH
560,1,-0.65183055,-0.47267562,-2.9454744,CIT,MEF,CUX1,Homeobox
1900,0,0.018755239,0.02968777,-2.8135483,MXD3,LMC,RFX5,HTH
711,1,-0.32700178,-0.25159925,2.1121793,CYBRD1,MEF,GATA1,Zf
1191,0,-0.37698567,-0.4067228,-1.2041851,GINS2,LMC,PBX3,Homeobox
2716,0,-0.2470073,-0.39005762,1.2643375,SLC25A45,LMC,ETS1,ETS
3162,1,-0.3474289,-0.29509667,-1.5763762,UBE2T,MEF,ATF1,bZIP
467,1,-0.174635,-0.24550179,-2.8645391,CDC25C,MEF,FOSL2,bZIP
685,0,0.08411567,-0.24550179,1.4008114,CTSD,LMC,BACH1,bZIP
454,0,-0.38339126,-0.24550179,2.0241923,CD68,LMC,ATF2,bZIP
1628,0,-0.43345997,-0.22249272,-1.0319375,LBR,LMC,ZNF263,Zf
532,0,-0.2790477,-0.25471953,3.123858,CFI,LMC,MAFF,bZIP
35,0,0.67699045,-0.25159925,-1.0941339,ACSS2,LMC,PRDM1,Zf
2296,0,-0.34370995,-0.24333258,2.2781577,POU2F2,LMC,EGR1,Zf
3159,1,-0.0065755714,-0.1342841,-1.1776502,UBASH3B,MEF,MYOG,bHLH
514,0,-0.3439605,-0.3439605,-1.4865025,CENPI,LMC,NRF1,NRF
414,0,-0.3773888,-0.18281521,2.2769938,CCL3,LMC,STAT1,Stat
1849,1,-0.39804247,-0.17255645,1.7113023,MMP16,MEF,STAT1,Stat
1631,0,-0.15054174,-0.24450046,1.8876575,LCP1,LMC,GATA3,Zf
1251,1,-0.38278377,-0.42379856,-2.5312877,GPR183,MEF,PBX3,Homeobox
982,1,0.018755239,0.02968777,1.9927673,FAM184A,MEF,RFX5,HTH
155,1,-0.2185933,-0.3794154,-1.0362561,AP1G2,MEF,IRF1,IRF
2727,0,-0.03437175,-0.039668236,-3.1119766,SLC2A4,LMC,RFX5,HTH
1955,1,-0.9526392,-0.4653868,-8.006204,NCKAP1L,MEF,IRF3,IRF
2947,1,-0.3569094,-0.25159925,-1.6316104,TCF24,MEF,ZNF263,Zf
1978,0,-0.37776268,-0.37776268,1.1023682,NEURL3,LMC,TCF3,HMG
1021,0,-0.08974322,-0.146989,-2.8028724,FAT4,LMC,MAX,bHLH
2882,0,-0.21361919,-0.25471953,1.3777498,STK10,LMC,ATF3,bZIP
2318,1,-0.1666823,-0.13941021,1.4274718,PPP1R42,MEF,USF2,bHLH
2182,0,-0.46016192,-0.24450046,-1.0654576,PDZD4,LMC,EGR1,Zf
2549,0,-0.32442823,-0.39942494,-2.055815,RTKN2,LMC,ELK1,ETS
1478,1,-0.15812221,-0.22249272,-4.4361186,IRF8,MEF,YY1,Zf
2635,0,0.027763726,-0.25159925,1.454656,SGCA,LMC,GATA3,Zf
56,1,-0.120565586,-0.1342841,-1.6096531,ADAMTS12,MEF,MAX,bHLH
2480,0,-0.15764365,-0.14792581,-1.1151221,RDH12,LMC,RFX5,HTH
783,1,0.03645469,-0.22810093,1.5323493,DNAH9,MEF,BACH1,bZIP
2876,1,-0.08568381,-0.24450046,-2.4180818,STARD9,MEF,MAZ,Zf
2270,1,0.011842721,-0.21953267,-3.0289903,PLXDC1,MEF,FOXA1,Forkhead
454,1,-0.08106524,-0.08106524,-5.4775605,CD68,MEF,TEAD4,TEA
713,1,-0.15764365,-0.14792581,1.1914463,CYLD,MEF,RFX5,HTH
1345,0,-0.08568381,-0.24450046,1.8553451,HMGCS2,LMC,MAZ,Zf
428,0,-0.0013588448,-0.24283965,1.8884737,CCR1,LMC,CTCF,Zf
0,1,-0.9526392,-0.4653868,4.0291524,A2M,MEF,IRF3,IRF
2583,1,-0.17407607,-0.121736646,-1.9243826,SCML2,MEF,MAX,bHLH
1398,1,0.08411567,-0.24550179,1.0845106,HSPA4L,MEF,BACH1,bZIP
2865,1,-0.38059002,-0.38059002,2.0399895,ST8SIA1,MEF,PAX5,"Paired,Homeobox"
2493,1,-0.09351536,-0.24313685,1.8085946,RGS17,MEF,STAT3,Stat
1292,0,-0.37698567,-0.4067228,1.1802437,GSDMD,LMC,PBX3,Homeobox
3123,1,0.027763726,-0.25159925,-1.1696323,TSHZ3,MEF,GATA3,Zf
540,1,-0.35806254,-0.38195667,-1.2755494,CHD3,MEF,ETS1,ETS
751,1,-0.39804247,-0.17255645,3.2691665,DES,MEF,STAT1,Stat
2581,1,-0.1124492,-0.24333258,2.6589973,SCG5,MEF,CTCF,Zf
2432,1,-0.44168723,-0.24550179,-1.5926751,RAD51AP1,MEF,FOS,bZIP
1047,1,-0.11649651,-0.25471953,-4.654176,FGD2,MEF,JUND,bZIP
2536,1,-0.009364229,-0.17137949,4.0988145,RPS27,MEF,STAT3,Stat
1456,1,-0.19239004,-0.26135686,2.07193,IL31RA,MEF,E2F4,E2F
2499,1,-0.35132957,-0.35132957,1.4563129,RHBDL2,MEF,HNF4A,NR
2563,1,-0.21918109,-0.21918109,-1.7429874,S1PR1,MEF,TCF3,HMG
1881,1,0.027763726,-0.25159925,1.0524545,MSI2,MEF,GATA3,Zf
428,1,-0.03437175,-0.039668236,-2.316158,CCR1,MEF,RFX5,HTH
1165,1,-0.36049217,-0.22810093,1.9005238,GCLC,MEF,FOS,bZIP
1342,0,-0.44168723,-0.24550179,-1.3495045,HMGA2,LMC,FOS,bZIP
2970,1,-0.4467859,-0.3917693,1.2388296,TGFB2,MEF,ELK1,ETS
513,1,-0.35318726,-0.41931188,-1.6129766,CENPH,MEF,ELK1,ETS
2672,1,-0.34278938,-0.41931188,-2.3944552,SIPA1,MEF,ELF1,ETS
2184,1,-0.34370995,-0.24333258,-1.4150923,PDZRN3,MEF,EGR1,Zf
1024,1,-0.18621291,-0.24333258,-3.0149157,FBLN2,MEF,YY1,Zf
227,1,-0.1666823,-0.13941021,1.2970152,ASIC1,MEF,USF2,bHLH
2121,1,-0.3375485,-0.1342841,-1.2023399,PAQR4,MEF,TCF12,bHLH
3017,0,-0.21895796,-0.21895796,-1.6529653,TMEM151B,LMC,EBF1,EBF
705,1,-0.37776268,-0.37776268,1.9690752,CXXC4,MEF,TCF3,HMG
259,0,-0.056725405,-0.121736646,1.2429582,B3GNT8,LMC,BHLHE40,bHLH
2394,1,-0.17702122,-0.27780795,1.4080236,PTPRU,MEF,ATF1,bZIP
2630,0,-0.3439605,-0.3439605,-1.4435178,SETBP1,LMC,NRF1,NRF
3158,1,0.21614419,-0.17782252,-1.4257566,UBA7,MEF,FOXA1,Forkhead
511,1,0.22652079,-0.2053601,-2.789674,CENPE,MEF,FOXA1,Forkhead
1614,1,-0.3375485,-0.1342841,-1.6190438,LAG3,MEF,TCF12,bHLH
3199,1,-0.04073672,-0.3917693,1.1633813,VKORC1,MEF,ELK4,ETS
258,1,0.03116794,-0.22249272,-3.112907,B3GNT7,MEF,CTCF,Zf
1865,1,-0.34029287,-0.28884968,1.1478183,MPC1,MEF,E2F4,E2F
196,0,-0.03437175,-0.039668236,2.1632407,ARHGEF37,LMC,RFX5,HTH
495,1,-0.009410201,-0.10008492,1.1449422,CDKN2B,MEF,USF2,bHLH
797,1,-0.40605056,-0.25471953,-1.8619363,DOK2,MEF,ATF2,bZIP
331,1,-0.15812221,-0.22249272,-2.69423,C2CD4C,MEF,YY1,Zf
126,0,-0.2300118,-0.25159925,2.119779,AMDHD1,LMC,MAZ,Zf
539,0,-0.01444126,-0.17255645,2.4118607,CHCHD10,LMC,STAT3,Stat
43,0,-0.33296144,-0.24550179,-1.0422277,ACY1,LMC,MAFK,bZIP
2766,0,-0.27070102,-0.24450046,2.0881596,SLCO2A1,LMC,GATA2,Zf
2031,1,-0.09351536,-0.24313685,1.6603361,NQO1,MEF,STAT3,Stat
2308,0,-0.065101475,-0.08148018,1.4764174,PPFIBP2,LMC,RFX5,HTH
1048,1,-0.07449697,-0.25159925,1.1360126,FGF1,MEF,CTCF,Zf
1632,0,-0.1607576,-0.24283965,2.3882258,LCP2,LMC,MAZ,Zf
2366,1,-0.049117733,-0.13941021,-1.4072148,PSTPIP1,MEF,MAX,bHLH
1720,0,-0.40787458,-0.3917693,-2.1255505,LTBP1,LMC,GABPA,ETS
2995,1,-0.933204,-0.22249272,-2.069741,TLR1,MEF,BCL11A,Zf
23,0,-0.04073672,-0.3917693,-1.0546592,ACAT2,LMC,ELK4,ETS
2769,0,-0.39900714,-0.22249272,2.0982068,SLFN5,LMC,GATA1,Zf
1257,0,-0.21437913,-0.2712014,1.0783671,GPR39,LMC,E2F4,E2F
67,1,-0.25165793,-0.0023815737,-3.9511166,ADAP1,MEF,MEF2A,MADS
2425,1,-0.08974322,-0.146989,-2.056892,RAB3IL1,MEF,MAX,bHLH
501,1,-0.42519194,-0.24333258,-1.5413414,CDT1,MEF,GATA1,Zf
1541,1,-0.22016564,-0.25159925,1.409066,KCNH7,MEF,GATA2,Zf
2586,1,-0.3070402,-0.24450046,1.4499005,SCN1B,MEF,YY1,Zf
491,0,-0.011590093,-0.22249272,-1.1883136,CDK5R1,LMC,GATA3,Zf
552,0,-0.3625331,-0.38195667,-1.1655335,CHST15,LMC,GABPA,ETS
675,1,-0.22240412,-0.10008492,1.8166595,CST3,MEF,TCF12,bHLH
1491,1,-0.01444126,-0.17255645,-1.4530721,ITGA5,MEF,STAT3,Stat
523,1,-0.4467859,-0.3917693,-1.0277461,CENPW,MEF,ELK1,ETS
2796,1,-0.16561359,-0.22810093,1.6409645,SNTB1,MEF,JUND,bZIP
480,0,-0.08568381,-0.24450046,-1.8094324,CDH10,LMC,MAZ,Zf
3242,1,-0.30776003,-0.24450046,-1.4219831,XYLT1,MEF,ZNF263,Zf
1967,0,-0.3070402,-0.24450046,-1.1616241,NEDD9,LMC,YY1,Zf
2283,0,-0.21907748,-0.27780795,4.4188757,PNOC,LMC,JUND,bZIP
1569,1,-0.34914914,-0.27780795,-1.7053663,KIF18B,MEF,FOS,bZIP
3219,1,-0.4776695,-0.22249272,1.7909031,WFDC3,MEF,ZKSCAN1,Zf
372,0,-0.33296144,-0.24550179,1.4587322,CASZ1,LMC,MAFK,bZIP
928,1,-0.1689725,-0.13941021,3.3823693,ETNPPL,MEF,BHLHE40,bHLH
1510,0,-0.192465,-0.27780795,1.1837133,JADE2,LMC,ATF3,bZIP
144,0,-0.41913503,-0.41913503,-2.079299,ANLN,LMC,TCF3,HMG
1165,1,-0.29979625,-0.24283965,1.9005238,GCLC,MEF,GATA1,Zf
9,0,-0.00943349,-0.121736646,1.4230996,ABCA9,LMC,USF1,bHLH
883,0,-0.0065755714,-0.1342841,-1.7784133,ELOVL6,LMC,MYOG,bHLH
821,1,-0.7844056,-0.2053601,-1.138244,DTX4,MEF,FOXM1,Forkhead
215,0,-0.26188308,-0.27780795,-1.361589,ARSJ,LMC,FOSL2,bZIP
1308,0,-0.2300118,-0.25159925,2.2473085,HAL,LMC,MAZ,Zf
1840,0,-0.43756613,-0.41931188,2.1801987,MMD,LMC,ETS1,ETS
2276,1,-0.41913503,-0.41913503,1.0654397,PMAIP1,MEF,TCF3,HMG
2653,1,-0.33817908,-0.29509667,2.324801,SH3RF2,MEF,FOS,bZIP
513,1,-0.43345997,-0.22249272,-1.6129766,CENPH,MEF,ZNF263,Zf
123,1,-0.2790477,-0.25471953,3.1471124,ALX3,MEF,MAFF,bZIP
1730,1,-0.2185933,-0.3794154,-4.433676,LYL1,MEF,IRF1,IRF
2982,0,-0.4733331,-0.39005762,-1.484277,TICRR,LMC,ELK1,ETS
2384,0,-0.16561359,-0.22810093,1.5178981,PTPN22,LMC,JUND,bZIP
176,1,-0.33639127,-0.4713425,-5.3653564,ARAP3,MEF,IRF1,IRF
303,1,-0.25436184,-0.25436184,1.4564615,BMP8B,MEF,TEAD4,TEA
140,1,-0.65183055,-0.47267562,-3.3900094,ANKRD33B,MEF,CUX1,Homeobox
1872,1,-0.3869897,-0.39942494,-1.071944,MRC2,MEF,ETS1,ETS
2210,0,-0.2849582,-0.2849582,2.0439394,PIK3AP1,LMC,EBF1,EBF
1591,1,-0.28121933,-0.25159925,1.2468134,KLF9,MEF,SP1,Zf
1110,1,-0.34278938,-0.41931188,-1.5227326,FRMD4B,MEF,ELF1,ETS
2790,1,-0.40533945,-0.39005762,-1.597613,SNCAIP,MEF,GABPA,ETS
3018,1,-0.62452394,-0.4713425,-3.1052723,TMEM156,MEF,IRF4,IRF
384,0,-0.2300118,-0.25159925,-1.1740912,CCDC116,LMC,MAZ,Zf
1960,1,-0.03437175,-0.039668236,1.2484365,NDRG2,MEF,RFX5,HTH
230,0,-0.08974322,-0.146989,-5.599563,ASPN,LMC,MAX,bHLH
1840,0,-0.3430542,-0.3430542,2.1801987,MMD,LMC,PAX5,"Paired,Homeobox"
619,1,-0.46016192,-0.24450046,-2.240515,COL4A2,MEF,EGR1,Zf
2830,1,-0.40533945,-0.39005762,2.2287126,SPEF2,MEF,GABPA,ETS
64,0,0.041926194,-0.24283965,-1.1934317,ADAMTSL1,LMC,GATA3,Zf
768,1,-0.8933479,-0.52757335,1.7359682,DLX2,MEF,CUX1,Homeobox
2994,0,-0.1607576,-0.24283965,-2.4943612,TLL1,LMC,MAZ,Zf
2285,1,-0.2997486,-0.24333258,-2.140682,PODNL1,MEF,ZNF263,Zf
477,1,-0.07949572,-0.21953267,-1.4396812,CDCA7L,MEF,FOXA2,Forkhead
279,1,-0.009410201,-0.10008492,1.0185626,BCL11B,MEF,USF2,bHLH
1333,1,-0.056725405,-0.121736646,2.048753,HID1,MEF,BHLHE40,bHLH
520,0,-0.35806254,-0.38195667,-1.0748466,CENPT,LMC,ETS1,ETS
467,0,-0.0013588448,-0.24283965,-1.810972,CDC25C,LMC,CTCF,Zf
1356,1,-0.16561359,-0.22810093,4.452955,HOXA11,MEF,JUND,bZIP
1318,1,-0.2064243,-0.25159925,3.225172,HCN1,MEF,YY1,Zf
1807,1,-0.27228355,-0.24283965,-1.8203051,MEIS1,MEF,GATA2,Zf
3130,0,-0.03437175,-0.039668236,1.172865,TSPAN33,LMC,RFX5,HTH
323,1,-0.30003953,-0.30003953,1.5764846,C1GALT1,MEF,NRF1,NRF
17,0,-0.44224238,-0.29509667,1.7177593,ABI3,LMC,MAFK,bZIP
975,1,-0.10505258,-0.1342841,1.2401816,FAM161B,MEF,BHLHE40,bHLH
1579,0,-0.659372,-0.27780795,1.2811211,KIF3A,LMC,BATF,bZIP
2108,1,-0.08568381,-0.24450046,1.2876836,PACSIN1,MEF,MAZ,Zf
515,1,-0.07949572,-0.21953267,-1.4839959,CENPK,MEF,FOXA2,Forkhead
792,1,-0.2997486,-0.24333258,-1.1671683,DNMT1,MEF,ZNF263,Zf
940,0,-0.60550106,-0.24450046,-1.0492839,EXT1,LMC,SP2,Zf
1119,0,0.016311714,0.00623205,-1.5699158,FST,LMC,RFX5,HTH
2485,1,-0.24165441,-0.29509667,3.6311066,RERG,MEF,JUND,bZIP
562,0,-0.13149443,-0.22249272,-1.8413281,CKAP2,LMC,SP1,Zf
693,0,-0.38278377,-0.42379856,-1.0231155,CUL7,LMC,PBX3,Homeobox
1686,0,-0.10369535,-0.10008492,-1.2792101,LPP,LMC,BHLHE40,bHLH
2272,1,0.08411567,-0.24550179,-1.2132683,PLXNA4,MEF,BACH1,bZIP
1932,0,-0.20953742,-0.22249272,1.718301,MYRF,LMC,MAZ,Zf
2332,0,-0.15812221,-0.22249272,-1.4515818,PRIM1,LMC,YY1,Zf
206,1,-0.43345997,-0.22249272,-1.1483037,ARL4C,MEF,ZNF263,Zf
991,0,-0.17513762,-0.146989,-1.7551293,FAM20A,LMC,BHLHE40,bHLH
2875,1,-0.169331,-0.25693348,-2.018522,STARD8,MEF,E2F4,E2F
2491,1,-0.46016192,-0.24450046,-3.6550782,RGS10,MEF,EGR1,Zf
1003,0,-0.44168723,-0.24550179,-2.1274793,FAM64A,LMC,FOS,bZIP
1043,0,-0.9526392,-0.4653868,-1.2050055,FDPS,LMC,IRF3,IRF
905,1,-0.34029287,-0.28884968,1.3882746,EPHA3,MEF,E2F4,E2F
2857,0,-0.17853236,-0.13941021,-1.0629355,SSC5D,LMC,MYOG,bHLH
2417,1,-0.20953742,-0.22249272,2.638916,RAB27B,MEF,MAZ,Zf
512,0,-0.2300118,-0.25159925,-2.2418776,CENPF,LMC,MAZ,Zf
2256,0,-0.22240412,-0.10008492,1.2787067,PLIN2,LMC,TCF12,bHLH
1498,1,-0.38339126,-0.24550179,-1.2604636,ITGB3,MEF,ATF2,bZIP
965,1,-0.4776695,-0.22249272,1.2164536,FAM110C,MEF,ZKSCAN1,Zf
1374,1,-0.7485091,-0.20371658,-1.569939,HOXC5,MEF,FOXM1,Forkhead
1978,1,-0.29687634,-0.29687634,-1.5159668,NEURL3,MEF,PAX5,"Paired,Homeobox"
773,0,-0.16561359,-0.22810093,-1.6808469,DMPK,LMC,JUND,bZIP
873,0,-0.40605056,-0.25471953,2.3173335,EGR3,LMC,ATF2,bZIP
1783,1,-0.2790477,-0.25471953,-1.3982825,MCAM,MEF,MAFF,bZIP
1884,1,-0.08568381,-0.24450046,-1.0198689,MSRA,MEF,MAZ,Zf
1338,0,-0.121607244,-0.24333258,1.3770303,HIVEP3,LMC,GATA3,Zf
245,1,-0.2859068,-0.146989,1.8436075,ATP6V0E2,MEF,TCF12,bHLH
1243,0,-0.07449697,-0.25159925,-1.1135906,GPR153,LMC,CTCF,Zf
2043,1,-0.11649651,-0.25471953,2.012405,NRXN1,MEF,JUND,bZIP
3074,1,-0.36550322,-0.47267562,1.9111053,TNS4,MEF,PBX3,Homeobox
454,0,-0.7485091,-0.20371658,2.0241923,CD68,LMC,FOXM1,Forkhead
914,1,-0.933204,-0.22249272,-3.8848941,EPSTI1,MEF,BCL11A,Zf
1972,0,-0.34304273,-0.52757335,-1.1155492,NEK8,LMC,NANOG,Homeobox
540,0,-0.32700178,-0.25159925,-1.2108208,CHD3,LMC,GATA1,Zf
1062,1,-0.46165287,-0.4067228,-1.2867284,FGGY,MEF,CUX1,Homeobox
2716,0,-0.58496386,-0.4621776,1.2643375,SLC25A45,LMC,IRF4,IRF
454,0,-0.121607244,-0.24333258,2.0241923,CD68,LMC,GATA3,Zf
790,0,-0.26737517,-0.25159925,1.4997923,DNM1,LMC,ZKSCAN1,Zf
2789,1,-0.08974322,-0.146989,1.0173306,SNCA,MEF,MAX,bHLH
1399,0,-0.38059002,-0.38059002,1.2212778,HSPB1,LMC,PAX5,"Paired,Homeobox"
475,1,-0.17407607,-0.121736646,-1.4936433,CDCA5,MEF,MAX,bHLH
2937,1,-0.21361919,-0.25471953,1.5015075,TBC1D8,MEF,ATF3,bZIP
1980,0,-0.08617797,-0.146989,2.2001057,NFAM1,LMC,MYOG,bHLH
2995,0,-0.36812532,-0.36812532,2.1344848,TLR1,LMC,NRF1,NRF
2515,1,0.041926194,-0.24283965,1.1263795,RND1,MEF,GATA3,Zf
2732,1,-0.2859068,-0.146989,1.3066294,SLC33A1,MEF,TCF12,bHLH
2626,1,0.028543921,-0.29509667,3.1389117,SERPINE2,MEF,BACH1,bZIP
2601,0,-0.39804247,-0.17255645,-1.3300989,SEC14L5,LMC,STAT1,Stat
1298,0,-0.36550322,-0.47267562,1.7987171,GSTA4,LMC,PBX3,Homeobox
234,1,0.21614419,-0.17782252,-2.7479153,ATF7IP2,MEF,FOXA1,Forkhead
1727,1,-0.51637894,-0.42379856,-1.39508,LY75,MEF,CUX1,Homeobox
1688,1,-0.37601265,-0.39942494,1.3220744,LRCH1,MEF,ELF1,ETS
2479,1,-0.25007766,-0.37009746,-1.5733873,RCSD1,MEF,IRF1,IRF
3104,1,-0.26816452,-0.121736646,-1.1894004,TRIM25,MEF,TCF12,bHLH
1810,1,-0.43345997,-0.22249272,1.2053584,MESP2,MEF,ZNF263,Zf
1853,0,-0.5847532,-0.08148018,2.1186695,MMP27,LMC,MYB,HTH
2881,1,-0.33058694,-0.3917693,-1.7704527,STIL,MEF,ELF1,ETS
3083,1,-0.15812221,-0.22249272,1.0522466,TPD52L1,MEF,YY1,Zf
445,1,-0.08568381,-0.24450046,-3.5008187,CD33,MEF,MAZ,Zf
2694,0,0.018755239,0.02968777,1.2064933,SLC16A10,LMC,RFX5,HTH
3090,1,-0.4733331,-0.39005762,-3.3326726,TRAF3IP3,MEF,ELK1,ETS
2792,0,-0.36102507,-0.24550179,1.778019,SNHG11,LMC,ATF1,bZIP
2432,1,-0.38278377,-0.42379856,-1.5926751,RAD51AP1,MEF,PBX3,Homeobox
3061,1,-0.01444126,-0.17255645,2.643537,TNFRSF19,MEF,STAT3,Stat
2736,1,0.018755239,0.02968777,2.0948865,SLC35G1,MEF,RFX5,HTH
54,0,-0.057535224,-0.27780795,-1.0607144,ADAMTS1,LMC,BACH1,bZIP
2964,0,-0.23244992,-0.52757335,1.0158743,TFEB,LMC,PBX3,Homeobox
2021,1,-0.5313326,-0.24450046,-1.0979886,NPAS4,MEF,ZKSCAN1,Zf
1401,0,0.07771543,-0.1980394,-1.605186,HSPB6,LMC,STAT3,Stat
2868,1,-0.0065755714,-0.1342841,-6.624937,STAB1,MEF,MYOG,bHLH
2871,0,-0.2185933,-0.3794154,-1.8158801,STAG3,LMC,IRF1,IRF
226,1,-0.7237371,-0.24333258,-2.1260629,ASF1B,MEF,SP2,Zf
1556,0,-0.08568381,-0.24450046,-1.816372,KCNS3,LMC,MAZ,Zf
2511,1,-0.35806254,-0.38195667,-1.0184832,RIPK3,MEF,ETS1,ETS
1286,0,-0.3341544,-0.39005762,-1.0141921,GRIN2D,LMC,ELF1,ETS
2040,0,-0.2064243,-0.25159925,2.0650537,NRN1L,LMC,YY1,Zf
2331,0,-0.29360482,-0.13941021,1.3457726,PRG4,LMC,TCF12,bHLH
377,0,-0.3058912,-0.24283965,-1.1839267,CBS,LMC,YY1,Zf
2580,1,-0.40787458,-0.3917693,-1.3769609,SCARF2,MEF,GABPA,ETS
2881,0,-0.27228355,-0.24283965,-1.2551341,STIL,LMC,GATA2,Zf
2950,0,-0.440717,-0.25471953,1.1511981,TCIRG1,LMC,MAFK,bZIP
2881,1,0.028543921,-0.29509667,-1.7704527,STIL,MEF,BACH1,bZIP
1684,1,-0.16941127,-0.25471953,-1.7467185,LPL,MEF,FOS,bZIP
2324,0,-0.40787458,-0.3917693,-1.082411,PRCP,LMC,GABPA,ETS
2488,1,-0.38071528,-0.24283965,-1.8506032,RGCC,MEF,ZNF263,Zf
108,1,-0.12447846,-0.22249272,1.0786273,ALCAM,MEF,GATA2,Zf
2638,0,-0.7844056,-0.2053601,1.3570801,SGK3,LMC,FOXM1,Forkhead
2605,1,-0.056725405,-0.121736646,-5.124639,SELPLG,MEF,BHLHE40,bHLH
2439,1,-0.26737517,-0.25159925,-1.1696179,RALGPS2,MEF,ZKSCAN1,Zf
360,0,-0.08568381,-0.24450046,3.0680733,CAMKV,LMC,MAZ,Zf
3126,1,-0.44168723,-0.24550179,1.3204467,TSPAN13,MEF,FOS,bZIP
1798,1,-0.36550322,-0.47267562,-2.3362384,MDK,MEF,PBX3,Homeobox
265,1,-0.38057798,-0.24450046,-1.1411111,BAG2,MEF,GATA1,Zf
1332,1,-0.33817908,-0.29509667,-1.8082843,HIC1,MEF,FOS,bZIP
886,0,-0.22746871,-0.25187832,-1.4650615,EMILIN1,LMC,E2F6,E2F
2792,1,-0.38490406,-0.38490406,1.0395148,SNHG11,MEF,PAX5,"Paired,Homeobox"
1097,1,-0.29414836,-0.26135686,-2.7767472,FOXD1,MEF,E2F6,E2F
2701,1,0.0745308,-0.10944186,1.6072477,SLC17A2,MEF,FOXA2,Forkhead
3136,0,-0.17853236,-0.13941021,1.0255241,TTC9,LMC,MYOG,bHLH
1990,1,-0.42348737,-0.17137949,-2.0896924,NID1,MEF,STAT1,Stat
2709,0,-0.13559982,-0.10008492,1.6009575,SLC22A18,LMC,MAX,bHLH
1961,1,-0.39804247,-0.17255645,1.0186924,NDRG3,MEF,STAT1,Stat
31,1,-0.058015816,-0.18281521,-1.0644914,ACOT7,MEF,STAT3,Stat
2047,0,-0.37698567,-0.4067228,-1.497863,NT5DC2,LMC,PBX3,Homeobox
1922,0,-0.66942716,-0.22810093,1.8340034,MYO1F,LMC,BATF,bZIP
122,1,-0.32442823,-0.39942494,-1.2995142,ALX1,MEF,ELK1,ETS
3004,1,0.21614419,-0.17782252,1.3661466,TMBIM4,MEF,FOXA1,Forkhead
530,1,-0.3869897,-0.39942494,1.2931513,CFAP57,MEF,ETS1,ETS
1402,0,-0.3430542,-0.3430542,1.7698365,HSPB7,LMC,PAX5,"Paired,Homeobox"
2333,1,-0.34029287,-0.28884968,2.1173315,PRKAA2,MEF,E2F4,E2F
224,1,-0.3070402,-0.24450046,3.5793529,ASCL1,MEF,YY1,Zf
727,1,0.03116794,-0.22249272,-1.2788367,DBN1,MEF,CTCF,Zf
1140,1,-0.40533945,-0.39005762,2.2623057,GALNT14,MEF,GABPA,ETS
945,0,-0.43345997,-0.22249272,1.6291311,EZR,LMC,ZNF263,Zf
1761,0,-0.20776576,-0.20776576,-4.7852225,MAP3K7CL,LMC,EBF1,EBF
67,1,-0.2064243,-0.25159925,-3.9511166,ADAP1,MEF,YY1,Zf
588,1,-0.45038855,-0.39942494,-1.1658243,CMTM3,MEF,GABPA,ETS
2857,0,-0.3777494,-0.24283965,-1.0629355,SSC5D,LMC,EGR1,Zf
80,0,-0.17407607,-0.121736646,-1.8548774,ADORA2B,LMC,MAX,bHLH
365,0,-0.1124492,-0.24333258,1.8891319,CARD9,LMC,CTCF,Zf
2012,1,-0.28121933,-0.25159925,2.3264077,NOG,MEF,SP1,Zf
2792,0,-0.8875255,-0.25471953,1.778019,SNHG11,LMC,BATF,bZIP
2417,0,-0.0013588448,-0.24283965,1.1701922,RAB27B,LMC,CTCF,Zf
1850,0,-0.009410201,-0.10008492,-1.3875079,MMP17,LMC,USF2,bHLH
649,0,-0.19239004,-0.26135686,1.7723053,CREG1,LMC,E2F4,E2F
2370,1,-0.32700178,-0.25159925,1.7110711,PTGDR2,MEF,GATA1,Zf
2473,1,-0.15019357,-0.27780795,-3.452491,RBP1,MEF,MAFF,bZIP
1791,1,-0.10505258,-0.1342841,-1.8528816,MCM6,MEF,BHLHE40,bHLH
994,1,0.06421617,-0.24450046,1.0227886,FAM222A,MEF,CTCF,Zf
1335,1,-0.41320115,-0.25471953,1.0415667,HIST1H1C,MEF,ATF1,bZIP
1597,1,-0.03437175,-0.039668236,-3.375335,KLHL33,MEF,RFX5,HTH
1803,0,-0.17513762,-0.146989,2.6299787,MEGF6,LMC,BHLHE40,bHLH
1368,1,0.016311714,0.00623205,-1.5305121,HOXB6,MEF,RFX5,HTH
796,0,-0.20308916,-0.4653868,1.3039615,DOCK8,LMC,IRF1,IRF
585,1,-0.38339126,-0.24550179,1.8285992,CLU,MEF,ATF2,bZIP
1789,1,0.21614419,-0.17782252,-2.0146992,MCM3,MEF,FOXA1,Forkhead
252,1,0.8549915,-0.22249272,-2.3618605,AURKB,MEF,PRDM1,Zf
2525,1,-0.0017048104,-0.121736646,5.234823,RNF39,MEF,MYOG,bHLH
175,0,0.03116794,-0.22249272,1.1491375,ARAP2,LMC,CTCF,Zf
399,1,-0.09351536,-0.24313685,2.3751817,CCDC65,MEF,STAT3,Stat
3166,1,-0.41913503,-0.41913503,2.1184819,UGP2,MEF,TCF3,HMG
1758,0,-0.46016192,-0.24450046,-2.5701847,MAP2,LMC,EGR1,Zf
980,0,-0.33817908,-0.29509667,3.5282302,FAM180A,LMC,FOS,bZIP
1101,1,-1.5423862,-0.39005762,-1.9451369,FOXM1,MEF,FLI1,ETS
57,1,-0.33080074,-0.22810093,-3.2352571,ADAMTS14,MEF,MAFK,bZIP
35,0,-0.0005437653,-0.1342841,-1.0941339,ACSS2,LMC,USF1,bHLH
797,1,0.016311714,0.00623205,-1.8619363,DOK2,MEF,RFX5,HTH
1623,1,-0.065101475,-0.08148018,-7.952874,LAPTM5,MEF,RFX5,HTH
2645,0,-0.3375485,-0.1342841,1.9081333,SH2D4B,LMC,TCF12,bHLH
451,1,-0.36102507,-0.24550179,-1.7754145,CD53,MEF,ATF1,bZIP
1643,1,-0.15054174,-0.24450046,-1.383364,LGALS3,MEF,GATA3,Zf
2430,1,-0.6928834,-0.10944186,-1.3141602,RACGAP1,MEF,FOXM1,Forkhead
838,1,-0.009364229,-0.17137949,1.0910553,EAF2,MEF,STAT3,Stat
287,1,-0.22240412,-0.10008492,2.3733354,BEST3,MEF,TCF12,bHLH
2497,1,-0.3070402,-0.24450046,2.7098773,RGS6,MEF,YY1,Zf
2191,1,-0.011590093,-0.22249272,-1.1248902,PFKFB3,MEF,GATA3,Zf
1913,0,-0.13149443,-0.22249272,1.1268022,MYLIP,LMC,SP1,Zf
2652,1,-0.2300118,-0.25159925,-1.0477087,SH3PXD2B,MEF,MAZ,Zf
2106,0,-0.21342848,-0.28884968,-1.5309106,P4HA3,LMC,E2F6,E2F
1625,1,-0.440717,-0.25471953,2.403555,LARS2,MEF,MAFK,bZIP
108,1,-0.42348737,-0.17137949,1.0786273,ALCAM,MEF,STAT1,Stat
1730,0,-0.5315311,-0.5315311,2.280973,LYL1,LMC,PAX5,"Paired,Homeobox"
2458,0,-0.19379956,-0.22810093,-1.8068208,RASGRP1,LMC,ATF2,bZIP
2099,1,-0.10505258,-0.1342841,2.5049512,OXGR1,MEF,BHLHE40,bHLH
1588,0,-0.30779734,-0.3917693,-2.5663316,KLF12,LMC,ETS1,ETS
2943,0,-0.2808588,-0.24283965,-2.6637702,TBXA2R,LMC,ZEB1,Zf
763,0,-0.009364229,-0.17137949,2.4377005,DLG2,LMC,STAT3,Stat
702,0,0.67699045,-0.25159925,1.697963,CXCL16,LMC,PRDM1,Zf
871,0,-0.3869897,-0.39942494,1.2303663,EGR1,LMC,ETS1,ETS
1086,0,-0.5315311,-0.5315311,-1.6881667,FNDC1,LMC,PAX5,"Paired,Homeobox"
2020,1,0.041926194,-0.24283965,-1.9587115,NPAS2,MEF,GATA3,Zf
2845,0,-0.3341544,-0.39005762,-1.1286079,SPRY1,LMC,ELF1,ETS
474,0,-0.2548157,-0.22810093,-1.3249443,CDCA3,LMC,MAFF,bZIP
1942,1,-0.1607576,-0.24283965,-1.5559199,NAV1,MEF,MAZ,Zf
1089,0,-0.1124492,-0.24333258,1.3984087,FNIP2,LMC,CTCF,Zf
1167,1,-0.91791576,-0.29509667,-1.2382039,GCNT1,MEF,BATF,bZIP
1464,0,-0.38490406,-0.38490406,-1.1838235,INPP1,LMC,PAX5,"Paired,Homeobox"
3060,1,-0.96395135,-0.24333258,-1.6824514,TNFRSF14,MEF,BCL11A,Zf
1683,0,-0.011590093,-0.22249272,-1.5128583,LPIN3,LMC,GATA3,Zf
2334,0,-0.3625331,-0.38195667,-1.4117044,PRKAR2B,LMC,GABPA,ETS
1130,1,-0.1124492,-0.24333258,1.3716244,FZD9,MEF,CTCF,Zf
1362,0,-0.5315311,-0.5315311,-1.8721808,HOXA7,LMC,PAX5,"Paired,Homeobox"
2343,1,-0.36102507,-0.24550179,-2.244646,PRR11,MEF,ATF1,bZIP
1728,0,-0.34370995,-0.24333258,2.4247549,LY86,LMC,EGR1,Zf
471,1,-0.16561359,-0.22810093,-1.2322128,CDC6,MEF,JUND,bZIP
1755,1,-0.21342848,-0.28884968,1.4467506,MANSC1,MEF,E2F6,E2F
1753,1,-0.2727483,-0.2712014,-1.175975,MANBA,MEF,E2F6,E2F
998,1,-0.56297857,-0.22249272,-1.6308671,FAM46B,MEF,ZBTB33,Zf
1342,0,-0.21342848,-0.28884968,-1.3495045,HMGA2,LMC,E2F6,E2F
1144,1,-0.21918109,-0.21918109,1.6419729,GALNT5,MEF,TCF3,HMG
2793,1,-0.40605056,-0.25471953,1.5012249,SNHG12,MEF,ATF2,bZIP
2358,1,-0.35028386,-0.4067228,-1.7067689,PRTG,MEF,NANOG,Homeobox
1077,1,-0.3375485,-0.1342841,2.0518808,FLRT1,MEF,TCF12,bHLH
1640,1,-0.009364229,-0.17137949,1.3125763,LEPREL1,MEF,STAT3,Stat
2568,1,-0.34099022,-0.38195667,1.4784383,SAMD12,MEF,ELK1,ETS
2365,1,0.3166667,0.02968777,-1.752547,PSMB8,MEF,MYB,HTH
2318,1,-0.11649651,-0.25471953,1.4274718,PPP1R42,MEF,JUND,bZIP
215,0,-0.16941127,-0.25471953,-1.361589,ARSJ,LMC,FOS,bZIP
2865,0,0.028543921,-0.29509667,2.110686,ST8SIA1,LMC,BACH1,bZIP
569,0,0.023197008,-0.146989,1.5943267,CLDN11,LMC,USF1,bHLH
2496,0,-0.3070402,-0.24450046,-1.8756744,RGS5,LMC,YY1,Zf
525,1,-0.33058694,-0.3917693,-2.4336228,CEP55,MEF,ELF1,ETS
1721,0,0.0745308,-0.10944186,-1.3911871,LTBP2,LMC,FOXA2,Forkhead
3139,1,-0.11649651,-0.25471953,1.5869603,TTLL6,MEF,JUND,bZIP
1311,1,0.023197008,-0.146989,7.3846617,HAPLN1,MEF,USF1,bHLH
1859,1,-0.42519194,-0.24333258,-1.0344467,MNS1,MEF,GATA1,Zf
2644,1,0.07771543,-0.1980394,2.096974,SH2D2A,MEF,STAT3,Stat
2422,1,-0.2790477,-0.25471953,2.1295202,RAB39B,MEF,MAFF,bZIP
1093,0,-0.46846294,-0.46846294,1.141777,FOS,LMC,TCF3,HMG
2133,1,-0.46016192,-0.24450046,-2.607935,PBK,MEF,EGR1,Zf
2417,0,-0.10505258,-0.1342841,1.1701922,RAB27B,LMC,BHLHE40,bHLH
725,1,-0.7979473,-0.24283965,1.0242026,DACH2,MEF,SP2,Zf
797,1,-0.2507436,-0.25159925,-1.8619363,DOK2,MEF,ZEB1,Zf
2923,0,-0.5313326,-0.24450046,1.0585166,SYTL1,LMC,ZKSCAN1,Zf
2847,0,-0.08617797,-0.146989,1.6670033,SPRY4,LMC,MYOG,bHLH
2538,1,-0.65183055,-0.47267562,-1.601537,RPS6KA2,MEF,CUX1,Homeobox
299,1,0.016311714,0.00623205,4.1480656,BMP4,MEF,RFX5,HTH
1840,1,-0.26737517,-0.25159925,-1.8278335,MMD,MEF,ZKSCAN1,Zf
822,0,-0.22736193,-0.22736193,-2.0912359,DUOX1,LMC,HNF4A,NR
2965,1,-0.07449697,-0.25159925,-1.7823138,TFPI,MEF,CTCF,Zf
2818,1,-0.20776576,-0.20776576,-2.0819426,SP3,MEF,EBF1,EBF
441,0,-0.42348737,-0.17137949,2.3854363,CD300A,LMC,STAT1,Stat
224,1,-0.34278938,-0.41931188,3.5793529,ASCL1,MEF,ELF1,ETS
2307,1,-0.0005437653,-0.1342841,1.941348,PPFIA4,MEF,USF1,bHLH
454,1,-0.25165793,-0.0023815737,-5.4775605,CD68,MEF,MEF2A,MADS
425,0,-0.43345997,-0.22249272,-2.5954335,CCNJL,LMC,ZNF263,Zf
2498,0,-0.08568381,-0.24450046,-1.3528609,RGS9BP,LMC,MAZ,Zf
1646,0,-0.0013588448,-0.24283965,3.3570387,LGI2,LMC,CTCF,Zf
2929,1,-0.20776576,-0.20776576,-1.4088733,TACC3,MEF,EBF1,EBF
1726,1,-0.22240412,-0.10008492,-1.5292109,LY6E,MEF,TCF12,bHLH
419,1,-0.42519194,-0.24333258,-1.012127,CCM2,MEF,GATA1,Zf
1947,1,-0.09351536,-0.24313685,-1.986602,NCAPG,MEF,STAT3,Stat
2532,0,0.03116794,-0.22249272,2.1629055,RORC,LMC,CTCF,Zf
3129,0,-0.44224238,-0.29509667,-1.6556222,TSPAN2,LMC,MAFK,bZIP
1213,1,-0.1666823,-0.13941021,1.1398317,GNAI1,MEF,USF2,bHLH
236,1,-0.26188308,-0.27780795,1.5191864,ATG9B,MEF,FOSL2,bZIP
1072,1,-0.34029287,-0.28884968,1.4296281,FILIP1,MEF,E2F4,E2F
1759,0,-0.25341198,-0.22810093,-1.2019571,MAP2K6,LMC,ATF3,bZIP
3166,1,-0.19842377,-0.50137913,2.1184819,UGP2,MEF,NANOG,Homeobox
413,1,-0.19612858,-0.146989,3.1736608,CCL20,MEF,USF2,bHLH
570,1,-0.12554857,-0.24550179,-2.545223,CLDN15,MEF,JUND,bZIP
513,1,0.048078425,-0.25471953,-1.6129766,CENPH,MEF,BACH1,bZIP
2416,0,-0.08106524,-0.08106524,-2.3170738,RAB27A,LMC,TEAD4,TEA
421,1,-0.56297857,-0.22249272,-3.4695168,CCNB1,MEF,ZBTB33,Zf
497,0,-0.16561359,-0.22810093,-1.7681893,CDO1,LMC,JUND,bZIP
2289,1,-0.3375485,-0.1342841,-1.1583761,POLD1,MEF,TCF12,bHLH
3099,1,-0.20916343,-0.20916343,-1.4419627,TRERF1,MEF,NRF1,NRF
1901,1,-0.10369535,-0.10008492,1.1209321,MYBL1,MEF,BHLHE40,bHLH
3137,0,-0.9526392,-0.4653868,-1.5468862,TTK,LMC,IRF3,IRF
315,0,-0.16561359,-0.22810093,-1.1530434,BTBD3,LMC,JUND,bZIP
465,0,-0.36049217,-0.22810093,-2.1160264,CDC20,LMC,FOS,bZIP
1679,0,-0.8875255,-0.25471953,-1.5416106,LOXL3,LMC,BATF,bZIP
891,0,-0.46016192,-0.24450046,3.1501613,EN2,LMC,EGR1,Zf
2617,0,-0.5069276,-0.27780795,1.9699252,SEPP1,LMC,ATF2,bZIP
2736,0,-0.33058694,-0.3917693,1.4153332,SLC35G1,LMC,ELF1,ETS
1967,0,-0.64209527,-0.1980394,-1.1616241,NEDD9,LMC,STAT1,Stat
1623,1,-0.10369535,-0.10008492,-7.952874,LAPTM5,MEF,BHLHE40,bHLH
2937,1,-0.07449697,-0.25159925,1.5015075,TBC1D8,MEF,CTCF,Zf
1559,0,-0.21342848,-0.28884968,-1.662673,KCTD15,LMC,E2F6,E2F
1725,0,-0.27070102,-0.24450046,-1.1906093,LURAP1L,LMC,GATA2,Zf
2995,0,-0.1124492,-0.24333258,2.1344848,TLR1,LMC,CTCF,Zf
1925,1,-0.42519194,-0.24333258,1.9409447,MYO5C,MEF,GATA1,Zf
2765,1,-0.24165441,-0.29509667,-1.4310114,SLC9B2,MEF,JUND,bZIP
1436,1,0.07771543,-0.1980394,-6.897558,IL10RA,MEF,STAT3,Stat
955,0,-0.440717,-0.25471953,2.0146317,FABP4,LMC,MAFK,bZIP
1121,0,-0.48813832,-0.3794154,-1.0994569,FSTL3,LMC,IRF4,IRF
742,1,-0.32700178,-0.25159925,-8.873084,DDX3Y,MEF,GATA1,Zf
2083,1,-0.09351536,-0.24313685,-1.0553589,OLFML3,MEF,STAT3,Stat
789,0,-0.16561359,-0.22810093,-1.8521272,DNER,LMC,JUND,bZIP
3173,0,-0.30776003,-0.24450046,-2.1704075,UNC5C,LMC,ZNF263,Zf
2227,1,-0.51637894,-0.42379856,-2.0852349,PLA1A,MEF,CUX1,Homeobox
1611,1,-0.40787458,-0.3917693,2.3295457,KRT80,MEF,GABPA,ETS
3085,0,-0.4776695,-0.22249272,-2.4521747,TPM2,LMC,ZKSCAN1,Zf
1035,0,-0.33080074,-0.22810093,-2.2220345,FBXO41,LMC,MAFK,bZIP
1367,1,-0.120565586,-0.1342841,-1.3101642,HOXB5,MEF,MAX,bHLH
1454,1,-0.51637894,-0.42379856,-2.9114602,IL21R,MEF,CUX1,Homeobox
3040,0,-0.20454665,-0.20454665,-1.158673,TMEM38A,LMC,TEAD4,TEA
1885,1,-0.3076643,-0.4621776,-1.5366282,MST1R,MEF,IRF1,IRF
2065,0,-0.2678836,-0.24283965,1.5774982,NXNL2,LMC,SP1,Zf
134,1,-0.31818998,-0.24333258,1.1654873,ANGPTL6,MEF,ZEB1,Zf
774,1,-0.28121933,-0.25159925,1.7919127,DMRTA1,MEF,SP1,Zf
2108,1,-0.18621291,-0.24333258,1.2876836,PACSIN1,MEF,YY1,Zf
3198,1,-0.7941223,-0.24283965,-1.0027668,VIPR1,MEF,BCL11A,Zf
2654,1,-0.3058912,-0.24283965,-1.6354232,SH3TC1,MEF,YY1,Zf
416,0,-0.08568381,-0.24450046,1.9838973,CCL5,LMC,MAZ,Zf
230,0,-0.19239004,-0.26135686,-5.599563,ASPN,LMC,E2F4,E2F
460,1,-0.1689725,-0.13941021,-3.7349644,CD83,MEF,BHLHE40,bHLH
2248,1,-0.009410201,-0.10008492,1.6318849,PLEKHA7,MEF,USF2,bHLH
778,1,-0.2678836,-0.24283965,1.1577137,DNAH12,MEF,SP1,Zf
1937,1,-0.08106524,-0.08106524,1.5967793,NAP1L3,MEF,TEAD4,TEA
2329,0,-0.33080074,-0.22810093,-1.5005978,PRELID2,LMC,MAFK,bZIP
2422,0,-0.36259097,-0.38195667,-1.516186,RAB39B,LMC,ELF1,ETS
240,0,-0.26188308,-0.27780795,1.6032816,ATP1B1,LMC,FOSL2,bZIP
827,0,-0.44224238,-0.29509667,1.3163043,DUSP6,LMC,MAFK,bZIP
1227,0,-0.3569094,-0.25159925,-1.3749536,GPC4,LMC,ZNF263,Zf
558,0,-0.3430542,-0.3430542,-1.1850271,CIB2,LMC,PAX5,"Paired,Homeobox"
1079,1,-0.46016192,-0.24450046,-1.2201295,FLT4,MEF,EGR1,Zf
2881,0,-0.3610153,-0.22249272,-1.2551341,STIL,LMC,EGR1,Zf
2863,0,-0.08974322,-0.146989,-1.5829593,ST6GALNAC2,LMC,MAX,bHLH
159,1,-0.2790477,-0.25471953,-1.3802844,APBB1IP,MEF,MAFF,bZIP
78,0,-0.121607244,-0.24333258,-1.8453362,ADM,LMC,GATA3,Zf
1012,1,-0.43756613,-0.41931188,1.7869244,FAM83G,MEF,ETS1,ETS
1347,1,-0.36049217,-0.22810093,-2.2474232,HMMR,MEF,FOS,bZIP
2736,0,-0.17150766,-0.17150766,1.4153332,SLC35G1,LMC,TEAD4,TEA
3104,1,-0.37776268,-0.37776268,-1.1894004,TRIM25,MEF,TCF3,HMG
1891,0,-0.41913924,-0.24333258,-1.2805142,MTHFD1L,LMC,ZBTB33,Zf
1555,0,-0.33058694,-0.3917693,-2.8231845,KCNMB1,LMC,ELF1,ETS
2942,0,-0.26816452,-0.121736646,-1.0512183,TBX5,LMC,TCF12,bHLH
2581,1,-0.21459776,-0.24333258,2.6589973,SCG5,MEF,MAZ,Zf
3149,1,-0.33280078,-0.24333258,-1.5823541,TUBB4A,MEF,GATA2,Zf
640,0,-0.32442823,-0.39942494,2.1132483,CPNE7,LMC,ELK1,ETS
3263,0,-0.16941127,-0.25471953,1.1311405,ZMYND15,LMC,FOS,bZIP
737,1,-0.10369535,-0.10008492,-1.5723729,DDC,MEF,BHLHE40,bHLH
3015,1,-0.2849582,-0.2849582,1.1457732,TMEM140,MEF,EBF1,EBF
29,1,-0.38490406,-0.38490406,-1.4410068,ACOT1,MEF,PAX5,"Paired,Homeobox"
1082,1,-0.2849582,-0.2849582,1.0468322,FMNL2,MEF,EBF1,EBF
60,0,-0.35028386,-0.4067228,1.7193685,ADAMTS20,LMC,NANOG,Homeobox
1930,1,-0.10505258,-0.1342841,2.3819218,MYOT,MEF,BHLHE40,bHLH
454,1,-0.3773888,-0.18281521,-5.4775605,CD68,MEF,STAT1,Stat
761,0,-0.5315311,-0.5315311,1.9633294,DKKL1,LMC,PAX5,"Paired,Homeobox"
565,1,-0.27070102,-0.24450046,-1.2009269,CKS1B,MEF,GATA2,Zf
1031,1,-0.36102507,-0.24550179,-1.2496772,FBXL8,MEF,ATF1,bZIP
239,1,-0.2300118,-0.25159925,-4.6379013,ATP1A3,MEF,MAZ,Zf
2913,1,-0.21459776,-0.24333258,1.7464386,SYNGR3,MEF,MAZ,Zf
1658,0,-0.28121933,-0.25159925,-1.1199588,LIMCH1,LMC,SP1,Zf
909,0,-0.46016192,-0.24450046,-1.0061626,EPHB3,LMC,EGR1,Zf
1954,1,-0.17407607,-0.121736646,-6.857463,NCF4,MEF,MAX,bHLH
1626,1,-0.34370995,-0.24333258,-1.2072183,LASP1,MEF,EGR1,Zf
1031,1,-0.24165441,-0.29509667,-1.2496772,FBXL8,MEF,JUND,bZIP
2504,0,0.67699045,-0.25159925,1.8920665,RHOV,LMC,PRDM1,Zf
441,0,-0.8933479,-0.52757335,2.3854363,CD300A,LMC,CUX1,Homeobox
648,1,-0.2470073,-0.39005762,1.092964,CREBL2,MEF,ETS1,ETS
1256,1,-0.0005437653,-0.1342841,5.22777,GPR37,MEF,USF1,bHLH
397,1,-0.25436184,-0.25436184,1.4093213,CCDC60,MEF,TEAD4,TEA
2090,1,-0.2678836,-0.24283965,1.4809719,OSBPL3,MEF,SP1,Zf
139,1,-0.10827843,-0.121736646,1.0392573,ANKRD29,MEF,USF2,bHLH
233,0,-0.21342848,-0.28884968,1.1636925,ATF6,LMC,E2F6,E2F
2998,0,-0.44168723,-0.24550179,2.3205812,TLR7,LMC,FOS,bZIP
1011,0,-0.056725405,-0.121736646,-1.7455534,FAM83D,LMC,BHLHE40,bHLH
250,1,-0.3610153,-0.22249272,-2.346532,AUNIP,MEF,EGR1,Zf
2239,0,-0.17407607,-0.121736646,2.2984276,PLCE1,LMC,MAX,bHLH
240,0,0.048078425,-0.25471953,1.6032816,ATP1B1,LMC,BACH1,bZIP
1148,1,-0.19612858,-0.146989,-1.3670365,GAREML,MEF,USF2,bHLH
2964,0,-0.46846294,-0.46846294,1.0158743,TFEB,LMC,TCF3,HMG
505,1,-0.45038855,-0.39942494,1.0849304,CELF5,MEF,GABPA,ETS
335,1,-0.192465,-0.27780795,-2.2483978,C5AR2,MEF,ATF3,bZIP
2929,0,-0.43756613,-0.41931188,-1.1441975,TACC3,LMC,ETS1,ETS
3043,0,-0.27070102,-0.24450046,-1.7627646,TMEM51,LMC,GATA2,Zf
1068,1,-0.44224238,-0.29509667,-1.1945556,FIBIN,MEF,MAFK,bZIP
3129,0,-0.29360482,-0.13941021,-1.6556222,TSPAN2,LMC,TCF12,bHLH
1700,0,-0.2678836,-0.24283965,1.8747032,LRRC25,LMC,SP1,Zf
345,1,-0.1505293,-0.1342841,3.2806952,CACNA2D3,MEF,USF2,bHLH
591,1,-0.35806254,-0.38195667,-1.332691,CNDP2,MEF,ETS1,ETS
3171,0,-0.29360482,-0.13941021,1.9846693,UNC13D,LMC,TCF12,bHLH
3026,0,-0.46016192,-0.24450046,1.2060415,TMEM180,LMC,EGR1,Zf
2825,1,-0.07949572,-0.21953267,3.316353,SPATA18,MEF,FOXA2,Forkhead
39,1,-0.42519194,-0.24333258,-1.1783521,ACTB,MEF,GATA1,Zf
2979,1,-0.34370995,-0.24333258,-5.7015085,THEMIS2,MEF,EGR1,Zf
2376,1,-0.14989896,-0.14989896,-2.6624255,PTGIS,MEF,TEAD4,TEA
1904,0,-0.2859068,-0.146989,-1.3284812,MYCL,LMC,TCF12,bHLH
887,1,-0.24165441,-0.29509667,-8.977657,EMR1,MEF,JUND,bZIP
3138,0,-0.5072217,-0.24450046,-1.6865426,TTLL11,LMC,ZBTB33,Zf
179,1,-0.08568381,-0.24450046,-2.858247,ARHGAP15,MEF,MAZ,Zf
995,0,-0.26692143,-0.26692143,-1.3458498,FAM26E,LMC,EBF1,EBF
2684,0,-0.0005437653,-0.1342841,2.434695,SLC11A1,LMC,USF1,bHLH
269,0,-0.2678836,-0.24283965,1.224087,BAMBI,LMC,SP1,Zf
2284,0,-0.34914914,-0.27780795,1.3532875,PNPLA7,LMC,FOS,bZIP
183,1,-0.42348737,-0.17137949,-5.102465,ARHGAP25,MEF,STAT1,Stat
2716,0,-0.36812532,-0.36812532,1.2643375,SLC25A45,LMC,NRF1,NRF
2865,1,-0.2064243,-0.25159925,2.0399895,ST8SIA1,MEF,YY1,Zf
2869,1,-0.26816452,-0.121736646,4.685521,STAC,MEF,TCF12,bHLH
2441,1,-0.440717,-0.25471953,1.6146586,RAMP1,MEF,MAFK,bZIP
501,1,-0.009410201,-0.10008492,-1.5413414,CDT1,MEF,USF2,bHLH
1626,1,-0.26692143,-0.26692143,-1.2072183,LASP1,MEF,EBF1,EBF
368,1,-0.3439605,-0.3439605,1.3773782,CASKIN1,MEF,NRF1,NRF
274,0,-0.34914914,-0.27780795,-1.2727956,BCAN,LMC,FOS,bZIP
99,1,-0.09351536,-0.24313685,1.0351957,AIG1,MEF,STAT3,Stat
1302,1,-0.1124492,-0.24333258,2.2017963,GTF2A1L,MEF,CTCF,Zf
122,0,-0.15054174,-0.24450046,-2.327129,ALX1,LMC,GATA3,Zf
927,0,-0.2808588,-0.24283965,2.8551106,ESYT3,LMC,ZEB1,Zf
746,1,-0.32700178,-0.25159925,-1.6103755,DENND2D,MEF,GATA1,Zf
631,1,-0.3933147,-0.24283965,-1.0453374,CORO1C,MEF,ZKSCAN1,Zf
2952,1,-0.33080074,-0.22810093,-1.0514666,TEAD2,MEF,MAFK,bZIP
262,1,-0.1689725,-0.13941021,-1.0602292,B4GALT1,MEF,BHLHE40,bHLH
2430,1,-0.1826178,-0.24450046,-1.3141602,RACGAP1,MEF,SP1,Zf
524,1,-0.21301334,-0.25187832,-1.2549053,CEP128,MEF,E2F4,E2F
1907,0,-0.16561359,-0.22810093,-4.2338176,MYH11,LMC,JUND,bZIP
2339,0,-0.65183055,-0.47267562,1.323295,PROCR,LMC,CUX1,Homeobox
720,0,-0.8933479,-0.52757335,1.1883768,CYSTM1,LMC,CUX1,Homeobox
1497,0,-0.33817908,-0.29509667,2.0019827,ITGB2,LMC,FOS,bZIP
138,0,-0.38071528,-0.24283965,-2.360335,ANKLE1,LMC,ZNF263,Zf
3152,0,-0.14724034,-0.14724034,-1.2156056,TVP23A,LMC,EBF1,EBF
591,1,-0.1826178,-0.24450046,-1.332691,CNDP2,MEF,SP1,Zf
2601,0,-0.45038855,-0.39942494,-1.3300989,SEC14L5,LMC,GABPA,ETS
2995,1,-0.37601265,-0.39942494,-2.069741,TLR1,MEF,ELF1,ETS
3169,0,-0.46016192,-0.24450046,1.1945924,UNC13B,LMC,EGR1,Zf
1552,0,-0.21301334,-0.25187832,-1.455688,KCNK2,LMC,E2F4,E2F
1939,1,-0.2678836,-0.24283965,1.0546967,NAPB,MEF,SP1,Zf
715,1,0.011842721,-0.21953267,1.4558525,CYP1B1,MEF,FOXA1,Forkhead
159,1,-0.33058694,-0.3917693,-1.3802844,APBB1IP,MEF,ELF1,ETS
3107,1,-0.3375485,-0.1342841,-1.6637527,TRIM59,MEF,TCF12,bHLH
648,1,-0.1666823,-0.13941021,1.092964,CREBL2,MEF,USF2,bHLH
2995,0,-0.933204,-0.22249272,2.1344848,TLR1,LMC,BCL11A,Zf
389,1,-0.2678836,-0.24283965,2.016568,CCDC153,MEF,SP1,Zf
1320,0,-0.2790477,-0.25471953,1.9458708,HCST,LMC,MAFF,bZIP
505,1,-0.33058694,-0.3917693,1.0849304,CELF5,MEF,ELF1,ETS
2810,1,-0.5313326,-0.24450046,-2.681507,SOX12,MEF,ZKSCAN1,Zf
1294,1,-0.37776268,-0.37776268,-1.3355373,GSG2,MEF,TCF3,HMG
186,1,-0.21459776,-0.24333258,-7.0380754,ARHGAP30,MEF,MAZ,Zf
2239,0,-0.174635,-0.24550179,2.2984276,PLCE1,LMC,FOSL2,bZIP
208,0,-0.08568381,-0.24450046,1.2838227,ARMC2,LMC,MAZ,Zf
1322,1,-0.34304273,-0.52757335,1.4396416,HDGFRP3,MEF,NANOG,Homeobox
655,0,-0.25436184,-0.25436184,-2.829484,CRISPLD2,LMC,TEAD4,TEA
1669,1,-0.0317704,-0.39942494,-2.0333745,LMNB1,MEF,ELK4,ETS
1137,0,-0.21907748,-0.27780795,-1.3150342,GAL3ST4,LMC,JUND,bZIP
213,1,-0.64209527,-0.1980394,-1.0850065,ARSB,MEF,STAT1,Stat
3239,1,-0.21918109,-0.21918109,9.86263,XIST,MEF,TCF3,HMG
1268,0,-0.24165441,-0.29509667,-1.1667958,GPSM1,LMC,JUND,bZIP
815,1,-0.4649995,-0.41931188,-1.011439,DSCC1,MEF,GABPA,ETS
2419,1,-0.21342848,-0.28884968,-1.3369354,RAB33A,MEF,E2F6,E2F
650,1,-0.169331,-0.25693348,-2.9483588,CREG2,MEF,E2F4,E2F
402,0,-0.33080074,-0.22810093,-1.6334089,CCDC8,LMC,MAFK,bZIP
2343,1,-0.21907748,-0.27780795,-2.244646,PRR11,MEF,JUND,bZIP
1404,1,-0.51637894,-0.42379856,-3.5408616,HTR2B,MEF,CUX1,Homeobox
234,1,0.08411567,-0.24550179,-2.7479153,ATF7IP2,MEF,BACH1,bZIP
2959,0,-0.174635,-0.24550179,-1.0561966,TEX14,LMC,FOSL2,bZIP
2386,0,0.03116794,-0.22249272,2.0515485,PTPN6,LMC,CTCF,Zf
1182,0,-0.37776268,-0.37776268,1.1762532,GGCT,LMC,TCF3,HMG
326,0,-0.3773888,-0.18281521,2.2353182,C1QC,LMC,STAT1,Stat
2448,1,-0.29414836,-0.26135686,-3.6403525,RAPGEF5,MEF,E2F6,E2F
1572,1,-0.1505293,-0.1342841,1.4070278,KIF21A,MEF,USF2,bHLH
2731,0,-0.20454665,-0.20454665,2.7502527,SLC32A1,LMC,TEAD4,TEA
2881,0,-0.3777494,-0.24283965,-1.2551341,STIL,LMC,EGR1,Zf
2535,1,-0.21907748,-0.27780795,-4.825739,RPS16,MEF,JUND,bZIP
12,0,-0.27070102,-0.24450046,1.4010645,ABCD2,LMC,GATA2,Zf
3212,0,-0.16561359,-0.22810093,-1.7234976,WBSCR17,LMC,JUND,bZIP
650,1,-0.049117733,-0.13941021,-2.9483588,CREG2,MEF,MAX,bHLH
1799,0,0.027763726,-0.25159925,-3.4283805,MECOM,LMC,GATA3,Zf
1953,1,-0.2507436,-0.25159925,-6.3598022,NCF2,MEF,ZEB1,Zf
1335,1,-0.30779734,-0.3917693,1.0415667,HIST1H1C,MEF,ETS1,ETS
827,0,-0.6928834,-0.10944186,1.3163043,DUSP6,LMC,FOXM1,Forkhead
1660,1,-0.03437175,-0.039668236,-1.559628,LIMK1,MEF,RFX5,HTH
1356,1,-0.1607576,-0.24283965,4.452955,HOXA11,MEF,MAZ,Zf
212,1,-0.3022701,-0.29509667,1.2303027,ARRDC3,MEF,FOSL2,bZIP
607,0,-0.541412,-0.25159925,-2.7480786,COL11A1,LMC,EGR1,Zf
1506,0,-0.21301334,-0.25187832,1.1775964,ITPR1,LMC,E2F4,E2F
3073,0,-0.4649995,-0.41931188,-1.4129364,TNNT3,LMC,GABPA,ETS
732,0,-0.2859068,-0.146989,1.3612306,DCN,LMC,TCF12,bHLH
2547,0,-0.3610153,-0.22249272,-4.373326,RSPO2,LMC,EGR1,Zf
3138,0,-0.34099022,-0.38195667,-1.6865426,TTLL11,LMC,ELK1,ETS
1016,0,-0.062780954,-0.24333258,-1.282396,FANCD2,LMC,SP1,Zf
435,0,-0.30003953,-0.30003953,1.1846792,CD200,LMC,NRF1,NRF
1837,1,0.016314197,-0.13941021,-1.1738205,MLF1,MEF,USF1,bHLH
2057,0,-0.049117733,-0.13941021,-2.073274,NUF2,LMC,MAX,bHLH
249,1,-0.3375485,-0.1342841,1.6328131,ATP9A,MEF,TCF12,bHLH
1257,0,-0.3022701,-0.29509667,1.0783671,GPR39,LMC,FOSL2,bZIP
895,1,-0.4467859,-0.3917693,-1.8153665,ENO3,MEF,ELK1,ETS
122,0,-0.057535224,-0.27780795,-2.327129,ALX1,LMC,BACH1,bZIP
2582,0,0.06421617,-0.24450046,1.9440415,SCIN,LMC,CTCF,Zf
3186,1,-0.35028386,-0.4067228,-1.9262128,VANGL2,MEF,NANOG,Homeobox
2167,1,-0.15019357,-0.27780795,-1.033388,PDE4A,MEF,MAFF,bZIP
559,1,-0.28121933,-0.25159925,1.5033135,CILP2,MEF,SP1,Zf
473,0,-0.7502766,-0.4621776,-1.7247705,CDCA2,LMC,IRF3,IRF
30,1,-0.26692143,-0.26692143,-1.6896966,ACOT4,MEF,EBF1,EBF
341,0,0.048078425,-0.25471953,-1.2593856,CACNA1H,LMC,BACH1,bZIP
1187,0,-0.7979473,-0.24283965,-1.3744384,GGT7,LMC,SP2,Zf
623,1,-0.08568381,-0.24450046,-2.7674353,COL7A1,MEF,MAZ,Zf
2048,1,-0.26737517,-0.25159925,3.1048243,NT5E,MEF,ZKSCAN1,Zf
1059,1,-0.37527534,-0.37527534,-1.306481,FGFR1,MEF,NRF1,NRF
99,1,-0.17407607,-0.121736646,1.0351957,AIG1,MEF,MAX,bHLH
1798,1,-0.2185933,-0.3794154,-2.3362384,MDK,MEF,IRF1,IRF
351,1,-0.34029287,-0.28884968,3.4361846,CADM4,MEF,E2F4,E2F
917,1,-0.38057798,-0.24450046,-2.154528,ERCC6L,MEF,GATA1,Zf
1396,0,-0.10505258,-0.1342841,-1.5485275,HSPA12A,LMC,BHLHE40,bHLH
388,1,-0.27070102,-0.24450046,1.1030093,CCDC141,MEF,GATA2,Zf
2913,1,-0.22240412,-0.10008492,1.7464386,SYNGR3,MEF,TCF12,bHLH
1089,1,-0.3430542,-0.3430542,-1.2231901,FNIP2,MEF,PAX5,"Paired,Homeobox"
3133,1,-0.38059002,-0.38059002,2.3234284,TTC18,MEF,PAX5,"Paired,Homeobox"
540,0,-0.15019357,-0.27780795,-1.2108208,CHD3,LMC,MAFF,bZIP
156,1,-0.31818998,-0.24333258,1.0755199,AP3M2,MEF,ZEB1,Zf
2816,1,-0.08568381,-0.24450046,-4.212423,SP110,MEF,MAZ,Zf
2710,0,-0.39804247,-0.17255645,1.8738929,SLC22A4,LMC,STAT1,Stat
2418,0,-0.23244992,-0.52757335,-1.0006384,RAB30,LMC,PBX3,Homeobox
2519,1,-0.049117733,-0.13941021,1.334966,RNF152,MEF,MAX,bHLH
2915,0,-0.0061152284,-0.10008492,-1.145586,SYNPO,LMC,USF1,bHLH
3263,0,-0.21301334,-0.25187832,1.1311405,ZMYND15,LMC,E2F4,E2F
658,1,-0.51308286,-0.25693348,1.7045457,CRNDE,MEF,E2F1,E2F
1512,0,-0.22016564,-0.25159925,-3.7551413,JAKMIP2,LMC,GATA2,Zf
399,1,-0.22240412,-0.10008492,2.3751817,CCDC65,MEF,TCF12,bHLH
2498,0,-0.3439605,-0.3439605,-1.3528609,RGS9BP,LMC,NRF1,NRF
2614,1,-0.22240412,-0.10008492,-1.6614317,SEMA4G,MEF,TCF12,bHLH
1337,1,0.018755239,0.02968777,1.9967467,HIST2H2AC,MEF,RFX5,HTH
2734,0,-0.34029287,-0.28884968,-2.5573225,SLC35F2,LMC,E2F4,E2F
1692,1,-0.38339126,-0.24550179,-1.0737952,LRIG1,MEF,ATF2,bZIP
2645,0,0.03116794,-0.22249272,1.9081333,SH2D4B,LMC,CTCF,Zf
414,1,-0.21907748,-0.27780795,-3.7090113,CCL3,MEF,JUND,bZIP
2060,0,-0.3773888,-0.18281521,-1.2953495,NUP62CL,LMC,STAT1,Stat
2350,0,-0.009410201,-0.10008492,-3.0767856,PRRX1,LMC,USF2,bHLH
412,1,-0.3625331,-0.38195667,-1.3708322,CCL2,MEF,GABPA,ETS
1679,0,-0.0013588448,-0.24283965,-1.5416106,LOXL3,LMC,CTCF,Zf
2167,0,-0.3341544,-0.39005762,-1.4760718,PDE4A,LMC,ELF1,ETS
201,0,-0.71579945,-0.37009746,1.5288506,ARID3A,LMC,IRF3,IRF
3026,0,-0.30779734,-0.3917693,1.2060415,TMEM180,LMC,ETS1,ETS
1866,1,-0.2470073,-0.39005762,-8.92165,MPEG1,MEF,ETS1,ETS
2840,1,-0.2954083,-0.24550179,-2.3704991,SPOCD1,MEF,ATF3,bZIP
3048,0,-0.3430542,-0.3430542,1.9823439,TMEM82,LMC,PAX5,"Paired,Homeobox"
983,1,-0.08974322,-0.146989,1.5186956,FAM184B,MEF,MAX,bHLH
537,1,-0.09351536,-0.24313685,-1.0118498,CHAF1A,MEF,STAT3,Stat
2353,1,-0.065101475,-0.08148018,-1.6450821,PRSS27,MEF,RFX5,HTH
708,1,-0.17407607,-0.121736646,3.0798056,CYB5R2,MEF,MAX,bHLH
3190,0,-0.41913503,-0.41913503,2.2938786,VAV1,LMC,TCF3,HMG
3146,1,-0.22240412,-0.10008492,-1.181462,TUBA1C,MEF,TCF12,bHLH
744,1,-0.38059002,-0.38059002,-3.4500382,DEGS2,MEF,PAX5,"Paired,Homeobox"
716,0,-0.03437175,-0.039668236,-1.085661,CYP26B1,LMC,RFX5,HTH
800,0,-0.40787458,-0.3917693,-2.758602,DPEP1,LMC,GABPA,ETS
988,1,-0.01444126,-0.17255645,1.5712413,FAM19A3,MEF,STAT3,Stat
994,1,-0.1607576,-0.24283965,1.0227886,FAM222A,MEF,MAZ,Zf
1791,1,-0.3569094,-0.25159925,-1.8528816,MCM6,MEF,ZNF263,Zf
956,0,-0.43756613,-0.41931188,1.4034448,FABP5,LMC,ETS1,ETS
3111,1,-0.26737517,-0.25159925,-2.1616786,TRIP13,MEF,ZKSCAN1,Zf
711,1,-0.27070102,-0.24450046,2.1121793,CYBRD1,MEF,GATA2,Zf
2950,1,-0.07763662,-0.20371658,-1.668541,TCIRG1,MEF,FOXA2,Forkhead
140,1,-0.36645967,-0.22249272,-3.3900094,ANKRD33B,MEF,ZEB1,Zf
234,1,0.22652079,-0.2053601,-2.7479153,ATF7IP2,MEF,FOXA1,Forkhead
557,0,-0.1689725,-0.13941021,-1.4300829,CHTF18,LMC,BHLHE40,bHLH
2615,0,-0.64209527,-0.1980394,-1.4651343,SEMA6A,LMC,STAT1,Stat
2817,0,-0.09351536,-0.24313685,1.6528256,SP140,LMC,STAT3,Stat
1969,1,-0.3375485,-0.1342841,-2.4533186,NEIL3,MEF,TCF12,bHLH
946,1,-0.15764365,-0.14792581,1.9708863,F11,MEF,RFX5,HTH
1360,1,-0.1124492,-0.24333258,-2.4961243,HOXA5,MEF,CTCF,Zf
1000,1,-0.42519194,-0.24333258,1.8955263,FAM46D,MEF,GATA1,Zf
150,1,-0.058015816,-0.18281521,-1.5063857,ANXA4,MEF,STAT3,Stat
2845,0,-0.057535224,-0.27780795,-1.1286079,SPRY1,LMC,BACH1,bZIP
1767,1,-0.6928834,-0.10944186,1.0195546,MAPK13,MEF,FOXM1,Forkhead
213,1,-0.36645967,-0.22249272,-1.0850065,ARSB,MEF,ZEB1,Zf
2992,0,-0.0017048104,-0.121736646,-1.5962096,TLE2,LMC,MYOG,bHLH
1787,1,0.016314197,-0.13941021,-2.5327592,MCM10,MEF,USF1,bHLH
2997,1,0.84515804,-0.0023815737,-1.2257801,TLR5,MEF,MEF2C,MADS
1015,1,-0.71579945,-0.37009746,-2.369543,FANCA,MEF,IRF3,IRF
2542,0,-0.13994873,-0.2053601,-1.5441597,RRM2,LMC,FOXA2,Forkhead
1728,1,-0.66942716,-0.22810093,-4.9488015,LY86,MEF,BATF,bZIP
1859,0,0.06421617,-0.24450046,-1.2297763,MNS1,LMC,CTCF,Zf
972,1,-0.0061152284,-0.10008492,1.6502445,FAM154B,MEF,USF1,bHLH
1243,1,-0.10369535,-0.10008492,-1.0271266,GPR153,MEF,BHLHE40,bHLH
2758,1,-0.4776695,-0.22249272,-1.2587457,SLC8A1,MEF,ZKSCAN1,Zf
1984,1,-0.65183055,-0.47267562,-1.7410284,NFKBID,MEF,CUX1,Homeobox
1327,1,-0.24165441,-0.29509667,1.3812214,HFE,MEF,JUND,bZIP
1224,0,-0.169331,-0.25693348,-2.2646875,GP1BB,LMC,E2F4,E2F
2770,0,-0.38071528,-0.24283965,1.1465795,SLIT3,LMC,ZNF263,Zf
2532,0,-0.34029287,-0.28884968,2.1629055,RORC,LMC,E2F4,E2F
198,1,-0.2997486,-0.24333258,-3.3044653,ARHGEF39,MEF,ZNF263,Zf
2422,1,-0.13559982,-0.10008492,2.1295202,RAB39B,MEF,MAX,bHLH
3000,1,-0.2678836,-0.24283965,-2.7555268,TLR9,MEF,SP1,Zf
2330,1,-0.13559982,-0.10008492,-1.386103,PREX1,MEF,MAX,bHLH
1186,0,-0.34029287,-0.28884968,2.0995681,GGT5,LMC,E2F4,E2F
560,0,-0.33080074,-0.22810093,-1.2462806,CIT,LMC,MAFK,bZIP
1432,1,0.07771543,-0.1980394,-2.607223,IGSF9,MEF,STAT3,Stat
2849,0,-0.35318726,-0.41931188,1.9335068,SPTB,LMC,ELK1,ETS
144,0,0.041926194,-0.24283965,-2.079299,ANLN,LMC,GATA3,Zf
1688,1,-0.17853236,-0.13941021,1.3220744,LRCH1,MEF,MYOG,bHLH
469,0,0.018755239,0.02968777,-1.0888088,CDC42EP4,LMC,RFX5,HTH
2823,0,-1.4133955,-0.3917693,-1.7413466,SPAG5,LMC,FLI1,ETS
1597,1,0.06421617,-0.24450046,-3.375335,KLHL33,MEF,CTCF,Zf
1494,1,-0.18621291,-0.24333258,-1.5710412,ITGA9,MEF,YY1,Zf
2370,1,-0.34099022,-0.38195667,1.7110711,PTGDR2,MEF,ELK1,ETS
203,0,-0.43756613,-0.41931188,1.8472986,ARL11,LMC,ETS1,ETS
2936,1,0.016311714,0.00623205,-1.5105346,TBC1D2B,MEF,RFX5,HTH
2878,1,-0.44224238,-0.29509667,1.7400861,STC2,MEF,MAFK,bZIP
1396,0,-0.33817908,-0.29509667,-1.5485275,HSPA12A,LMC,FOS,bZIP
1027,0,-0.5980523,-0.24283965,-1.6873972,FBN1,LMC,ZBTB33,Zf
2596,1,-0.34029287,-0.28884968,2.931381,SCX,MEF,E2F4,E2F
861,1,-0.2470073,-0.39005762,-1.6204906,EFHD2,MEF,ETS1,ETS
2383,1,-0.2507436,-0.25159925,-3.4084277,PTPN18,MEF,ZEB1,Zf
2268,0,-0.541412,-0.25159925,1.4241343,PLTP,LMC,EGR1,Zf
457,0,-0.17407607,-0.121736646,1.8729588,CD74,LMC,MAX,bHLH
665,1,-0.3569094,-0.25159925,-4.4421754,CSF2RB,MEF,ZNF263,Zf
2213,1,-0.33817908,-0.29509667,-6.192615,PIK3CG,MEF,FOS,bZIP
3213,0,-0.19379956,-0.22810093,1.9761044,WDFY4,LMC,ATF2,bZIP
202,1,-0.2859068,-0.146989,1.0118848,ARID5A,MEF,TCF12,bHLH
515,1,0.011842721,-0.21953267,-1.4839959,CENPK,MEF,FOXA1,Forkhead
3252,1,-0.64209527,-0.1980394,-1.3094435,ZDHHC14,MEF,STAT1,Stat
1901,1,-0.15812221,-0.22249272,1.1209321,MYBL1,MEF,YY1,Zf
2681,1,-0.19239004,-0.26135686,-3.6906726,SLAMF7,MEF,E2F4,E2F
1327,0,0.07771543,-0.1980394,1.7526768,HFE,LMC,STAT3,Stat
2263,0,-0.009410201,-0.10008492,2.6541307,PLN,LMC,USF2,bHLH
2085,1,-0.46016192,-0.24450046,1.9639668,ONECUT2,MEF,EGR1,Zf
2302,1,-0.049117733,-0.13941021,1.1818852,PPAPDC3,MEF,MAX,bHLH
2886,1,-0.28899637,-0.29509667,1.354127,STK38L,MEF,MAFF,bZIP
414,0,-0.9852809,-0.65067613,2.2769938,CCL3,LMC,MEF2A,MADS
436,1,-0.48813832,-0.3794154,-4.284058,CD200R1,MEF,IRF4,IRF
1277,1,-0.18621291,-0.24333258,3.212005,GRHL1,MEF,YY1,Zf
2031,1,0.03645469,-0.22810093,1.6603361,NQO1,MEF,BACH1,bZIP
1933,1,-0.13559982,-0.10008492,-3.0799553,NAALAD2,MEF,MAX,bHLH
1362,1,-0.2727483,-0.2712014,-1.7835001,HOXA7,MEF,E2F6,E2F
786,1,-0.2678836,-0.24283965,3.1105778,DNAJC6,MEF,SP1,Zf
2930,0,-0.2678836,-0.24283965,-1.8156732,TACR1,LMC,SP1,Zf
43,1,-0.39804247,-0.17255645,-1.1028354,ACY1,MEF,STAT1,Stat
1773,1,-0.2727483,-0.2712014,-1.0550821,MAST1,MEF,E2F6,E2F
1686,0,0.06421617,-0.24450046,-1.2792101,LPP,LMC,CTCF,Zf
2453,0,-0.30776003,-0.24450046,1.917148,RASD2,LMC,ZNF263,Zf
2699,1,-0.15764365,-0.14792581,-1.7570183,SLC16A3,MEF,RFX5,HTH
1781,1,-0.19612858,-0.146989,-1.9139942,MBP,MEF,USF2,bHLH
1807,1,-0.36259097,-0.38195667,-1.8203051,MEIS1,MEF,ELF1,ETS
442,0,-0.13149443,-0.22249272,2.1104653,CD300LB,LMC,SP1,Zf
110,1,-0.32442823,-0.39942494,2.4882102,ALDH1A2,MEF,ELK1,ETS
1153,0,-0.3058912,-0.24283965,-1.3761573,GATA2,LMC,YY1,Zf
2402,1,-0.45963168,-0.45963168,-1.2805303,PYCARD,MEF,TCF3,HMG
1729,0,-0.9852809,-0.65067613,2.2347643,LY9,LMC,MEF2A,MADS
2403,1,-0.08568381,-0.24450046,-3.781902,PYGL,MEF,MAZ,Zf
1946,1,-0.1124492,-0.24333258,-2.066573,NCAPD2,MEF,CTCF,Zf
1178,0,-0.15054174,-0.24450046,-1.4242098,GEN1,LMC,GATA3,Zf
1165,1,-0.20916343,-0.20916343,1.9005238,GCLC,MEF,NRF1,NRF
2372,1,-0.29360482,-0.13941021,-2.151926,PTGER2,MEF,TCF12,bHLH
68,0,-0.48430756,-0.24313685,2.2701433,ADAP2,LMC,STAT1,Stat
654,0,-0.1666823,-0.13941021,-2.8694944,CRISPLD1,LMC,USF2,bHLH
2387,1,-0.22016564,-0.25159925,-4.4291387,PTPN7,MEF,GATA2,Zf
369,1,-0.35806254,-0.38195667,-5.5469704,CASP1,MEF,ETS1,ETS
3060,1,-0.1607576,-0.24283965,-1.6824514,TNFRSF14,MEF,MAZ,Zf
767,1,0.028543921,-0.29509667,2.5010579,DLX1,MEF,BACH1,bZIP
1946,1,-0.34370995,-0.24333258,-2.066573,NCAPD2,MEF,EGR1,Zf
951,1,0.011842721,-0.21953267,-2.0613308,F3,MEF,FOXA1,Forkhead
944,1,-0.9526392,-0.4653868,-1.0039444,EZH2,MEF,IRF3,IRF
2039,1,-0.37527534,-0.37527534,2.2157166,NRN1,MEF,NRF1,NRF
3071,0,-0.17513762,-0.146989,-1.2524,TNNI3K,LMC,BHLHE40,bHLH
2224,1,-0.18621291,-0.24333258,-2.260149,PKMYT1,MEF,YY1,Zf
1781,0,-0.3058912,-0.24283965,1.5378258,MBP,LMC,YY1,Zf
3084,1,-0.41913503,-0.41913503,2.0897598,TPH2,MEF,TCF3,HMG
2167,0,-0.29360482,-0.13941021,-1.4760718,PDE4A,LMC,TCF12,bHLH
2847,0,-0.65183055,-0.47267562,1.6670033,SPRY4,LMC,CUX1,Homeobox
188,1,-0.3430542,-0.3430542,-3.663419,ARHGAP4,MEF,PAX5,"Paired,Homeobox"
276,0,-0.22016564,-0.25159925,-2.523097,BCAT1,LMC,GATA2,Zf
823,1,-0.07449697,-0.25159925,1.5588881,DUOX2,MEF,CTCF,Zf
2384,0,0.03116794,-0.22249272,1.5178981,PTPN22,LMC,CTCF,Zf
101,0,-0.5069276,-0.27780795,2.1104906,AIM2,LMC,ATF2,bZIP
992,1,-0.39804247,-0.17255645,1.0064623,FAM212B,MEF,STAT1,Stat
1594,0,-0.3439605,-0.3439605,-1.0982065,KLHL13,LMC,NRF1,NRF
2285,0,-0.30776003,-0.24450046,-2.1879153,PODNL1,LMC,ZNF263,Zf
3090,1,-0.1689725,-0.13941021,-3.3326726,TRAF3IP3,MEF,BHLHE40,bHLH
2678,1,-0.30779734,-0.3917693,-1.3519409,SKP2,MEF,ETS1,ETS
909,0,-0.21301334,-0.25187832,-1.0061626,EPHB3,LMC,E2F4,E2F
1850,0,-0.18621291,-0.24333258,-1.3875079,MMP17,LMC,YY1,Zf
956,1,-0.39804247,-0.17255645,-1.3874118,FABP5,MEF,STAT1,Stat
3250,1,-0.38490406,-0.38490406,-2.3911982,ZC3HAV1L,MEF,PAX5,"Paired,Homeobox"
103,1,-0.43345997,-0.22249272,-1.3921585,AKAP12,MEF,ZNF263,Zf
1865,1,-0.17513762,-0.146989,1.1478183,MPC1,MEF,BHLHE40,bHLH
3200,1,-0.20308916,-0.4653868,1.1224438,VMA21,MEF,IRF1,IRF
2568,1,-0.049117733,-0.13941021,1.4784383,SAMD12,MEF,MAX,bHLH
683,0,-0.2548157,-0.22810093,1.6376765,CTSB,LMC,MAFF,bZIP
1729,1,-0.48430756,-0.24313685,-4.8970428,LY9,MEF,STAT1,Stat
1412,1,-0.8875255,-0.25471953,1.1134324,IER3,MEF,BATF,bZIP
2388,1,-0.19379956,-0.22810093,-6.5539336,PTPRC,MEF,ATF2,bZIP
3202,1,-0.19239004,-0.26135686,1.5107996,VNN1,MEF,E2F4,E2F
2579,1,-0.2678836,-0.24283965,1.137653,SCARA3,MEF,SP1,Zf
2647,0,-0.0013588448,-0.24283965,-2.391878,SH3BGR,LMC,CTCF,Zf
684,1,-0.25436184,-0.25436184,-1.4739813,CTSC,MEF,TEAD4,TEA
2822,0,-0.5315311,-0.5315311,-1.0630472,SPAG4,LMC,PAX5,"Paired,Homeobox"
2865,1,-0.33058694,-0.3917693,2.0399895,ST8SIA1,MEF,ELF1,ETS
3245,0,-0.30779734,-0.3917693,1.1004534,YPEL2,LMC,ETS1,ETS
555,0,-0.71902657,-0.24550179,-1.8240892,CHST7,LMC,BATF,bZIP
1463,1,-0.10505258,-0.1342841,-1.116266,INCENP,MEF,BHLHE40,bHLH
181,0,-0.40605056,-0.25471953,1.7860496,ARHGAP19,LMC,ATF2,bZIP
1214,1,-0.2678836,-0.24283965,1.1469135,GNAL,MEF,SP1,Zf
929,0,-0.21459776,-0.24333258,-1.3078734,ETS1,LMC,MAZ,Zf
403,1,-0.26188308,-0.27780795,1.625412,CCDC80,MEF,FOSL2,bZIP
1432,1,0.023197008,-0.146989,-2.607223,IGSF9,MEF,USF1,bHLH
565,1,-0.16561359,-0.22810093,-1.2009269,CKS1B,MEF,JUND,bZIP
109,1,-0.2470073,-0.39005762,4.0613685,ALDH1A1,MEF,ETS1,ETS
992,1,-0.2727483,-0.2712014,1.0064623,FAM212B,MEF,E2F6,E2F
795,1,-0.1124492,-0.24333258,1.3813639,DOCK3,MEF,CTCF,Zf
358,1,-0.45963168,-0.45963168,1.2216636,CAMK4,MEF,TCF3,HMG
61,1,0.07771543,-0.1980394,-2.3633895,ADAMTS4,MEF,STAT3,Stat
2383,1,-0.38059002,-0.38059002,-3.4084277,PTPN18,MEF,PAX5,"Paired,Homeobox"
1635,1,-0.14724034,-0.14724034,1.0524637,LDB3,MEF,EBF1,EBF
1229,0,-0.44168723,-0.24550179,-1.5409347,GPC6,LMC,FOS,bZIP
2058,0,-0.89867353,-0.24450046,1.252312,NUP210,LMC,BCL11A,Zf
1477,1,-0.2064243,-0.25159925,-1.2859206,IRF7,MEF,YY1,Zf
2046,0,-0.07449697,-0.25159925,-1.0411365,NT5C3B,LMC,CTCF,Zf
1260,0,-0.24165441,-0.29509667,2.074555,GPR65,LMC,JUND,bZIP
1648,1,-0.1666823,-0.13941021,-1.2747815,LGMN,MEF,USF2,bHLH
2678,1,-0.69426614,-0.4713425,-1.3519409,SKP2,MEF,IRF3,IRF
38,0,-0.33280078,-0.24333258,-2.4281116,ACTA2,LMC,GATA2,Zf
839,0,-0.541412,-0.25159925,-1.8998702,EBF1,LMC,EGR1,Zf
2203,1,-0.1124492,-0.24333258,-2.3934686,PHF19,MEF,CTCF,Zf
3146,1,-0.2064243,-0.25159925,-1.181462,TUBA1C,MEF,YY1,Zf
2162,1,-0.19612858,-0.146989,-1.3284223,PDE10A,MEF,USF2,bHLH
1173,1,-0.34029287,-0.28884968,2.4525647,GDF5,MEF,E2F4,E2F
1190,1,-0.33639127,-0.4713425,-1.6213213,GINS1,MEF,IRF1,IRF
966,1,-0.64209527,-0.1980394,-2.1287313,FAM111A,MEF,STAT1,Stat
442,0,-0.28616667,-0.25693348,2.1104653,CD300LB,LMC,E2F6,E2F
1626,1,-0.22735961,-0.24550179,-1.2072183,LASP1,MEF,MAFF,bZIP
2887,1,-0.2790477,-0.25471953,-1.508352,STMN1,MEF,MAFF,bZIP
642,1,-0.27070102,-0.24450046,-1.810868,CPXM1,MEF,GATA2,Zf
924,1,0.028543921,-0.29509667,1.5121096,ESR2,MEF,BACH1,bZIP
565,1,-0.26816452,-0.121736646,-1.2009269,CKS1B,MEF,TCF12,bHLH
2778,1,0.03116794,-0.22249272,-1.7845697,SMIM24,MEF,CTCF,Zf
591,1,-0.37698567,-0.4067228,-1.332691,CNDP2,MEF,PBX3,Homeobox
1469,0,-0.3705123,-0.25471953,-1.3461412,INSIG1,LMC,FOSL2,bZIP
681,0,-0.33080074,-0.22810093,1.057336,CTNNAL1,LMC,MAFK,bZIP
1781,1,-0.038338926,-0.10008492,-1.9139942,MBP,MEF,MYOG,bHLH
1819,1,-0.58496386,-0.4621776,-2.406955,MFNG,MEF,IRF4,IRF
588,1,-0.7844056,-0.2053601,-1.1658243,CMTM3,MEF,FOXM1,Forkhead
1034,1,-0.1689725,-0.13941021,1.6846279,FBXO32,MEF,BHLHE40,bHLH
873,0,-0.34029287,-0.28884968,2.3173335,EGR3,LMC,E2F4,E2F
3111,1,0.0745308,-0.10944186,-2.1616786,TRIP13,MEF,FOXA2,Forkhead
2872,1,-0.46165287,-0.4067228,-6.265817,STAP1,MEF,CUX1,Homeobox
368,1,-0.13559982,-0.10008492,1.3773782,CASKIN1,MEF,MAX,bHLH
1309,1,-0.22240412,-0.10008492,2.2134407,HAND2,MEF,TCF12,bHLH
1841,1,-0.16561359,-0.22810093,3.4222388,MME,MEF,JUND,bZIP
2577,0,-0.29414836,-0.26135686,2.0224304,SBK2,LMC,E2F6,E2F
2199,0,-0.20916343,-0.20916343,-1.1405721,PGK1,LMC,NRF1,NRF
2777,0,-0.4467859,-0.3917693,1.3346709,SMARCA2,LMC,ELK1,ETS
789,0,-0.01444126,-0.17255645,-1.8521272,DNER,LMC,STAT3,Stat
2186,0,-0.45038855,-0.39942494,3.0236075,PENK,LMC,GABPA,ETS
1802,1,-0.32700178,-0.25159925,1.033383,MEF2A,MEF,GATA1,Zf
974,1,-0.28616667,-0.25693348,1.7157836,FAM159B,MEF,E2F6,E2F
933,1,-0.3705123,-0.25471953,-1.7777936,EVI2A,MEF,FOSL2,bZIP
2995,0,-0.8933479,-0.52757335,2.1344848,TLR1,LMC,CUX1,Homeobox
1140,1,-0.121607244,-0.24333258,2.2623057,GALNT14,MEF,GATA3,Zf
2603,1,-0.63670325,-0.21953267,1.0266249,SEC61G,MEF,FOXM1,Forkhead
111,0,-0.29414836,-0.26135686,1.9508379,ALDH1A3,LMC,E2F6,E2F
1040,1,-0.0061152284,-0.10008492,-7.410744,FCER1G,MEF,USF1,bHLH
2421,0,0.07771543,-0.1980394,-1.4811571,RAB38,LMC,STAT3,Stat
944,1,-0.01444126,-0.17255645,-1.0039444,EZH2,MEF,STAT3,Stat
193,0,-0.51944894,-0.25159925,-1.7952771,ARHGEF19,LMC,BCL11A,Zf
1026,0,-0.2859068,-0.146989,-1.7899914,FBLN7,LMC,TCF12,bHLH
949,0,-0.22735961,-0.24550179,-1.0199808,F2RL1,LMC,MAFF,bZIP
1820,0,-0.04073672,-0.3917693,1.5626165,MFSD12,LMC,ELK4,ETS
3126,1,-0.21301334,-0.25187832,1.3204467,TSPAN13,MEF,E2F4,E2F
336,1,-0.21301334,-0.25187832,1.1669624,CABLES1,MEF,E2F4,E2F
2127,0,0.018755239,0.02968777,-1.0090586,PARVA,LMC,RFX5,HTH
1369,1,-0.30779734,-0.3917693,-1.037935,HOXB7,MEF,ETS1,ETS
2502,0,-0.3551913,-0.3551913,-1.5356117,RHOF,LMC,HNF4A,NR
2953,0,-0.21459776,-0.24333258,1.3918668,TECPR1,LMC,MAZ,Zf
914,1,-0.10505258,-0.1342841,-3.8848941,EPSTI1,MEF,BHLHE40,bHLH
144,1,-0.3933147,-0.24283965,-2.612855,ANLN,MEF,ZKSCAN1,Zf
2624,1,-0.18911669,-0.17782252,1.1846225,SERPINC1,MEF,FOXA2,Forkhead
2050,1,-0.1124492,-0.24333258,1.6719692,NTNG1,MEF,CTCF,Zf
264,0,-0.13559982,-0.10008492,1.459374,B4GALT5,LMC,MAX,bHLH
3190,0,-0.3777494,-0.24283965,2.2938786,VAV1,LMC,EGR1,Zf
2938,1,-0.1826178,-0.24450046,1.8867676,TBX18,MEF,SP1,Zf
2761,1,-0.15812221,-0.22249272,1.3455367,SLC9A2,MEF,YY1,Zf
1605,0,-0.6928834,-0.10944186,-1.703923,KNTC1,LMC,FOXM1,Forkhead
1944,1,-0.28616667,-0.25693348,1.454967,NCALD,MEF,E2F6,E2F
1024,1,-0.056725405,-0.121736646,-3.0149157,FBLN2,MEF,BHLHE40,bHLH
875,1,-0.12554857,-0.24550179,-1.3485354,EHHADH,MEF,JUND,bZIP
3261,1,-0.37527534,-0.37527534,1.0759444,ZKSCAN4,MEF,NRF1,NRF
1612,0,-0.440717,-0.25471953,2.5736082,KYNU,LMC,MAFK,bZIP
1069,0,-0.13559982,-0.10008492,-1.5401144,FIGF,LMC,MAX,bHLH
229,1,-0.3022701,-0.29509667,-2.8171737,ASPM,MEF,FOSL2,bZIP
276,1,-0.91791576,-0.29509667,-1.0301375,BCAT1,MEF,BATF,bZIP
3216,1,-0.8933479,-0.52757335,-1.087505,WDR90,MEF,CUX1,Homeobox
399,1,-0.24165441,-0.29509667,2.3751817,CCDC65,MEF,JUND,bZIP
2867,0,-0.15054174,-0.24450046,1.8598232,ST8SIA4,LMC,GATA3,Zf
1385,1,-0.13559982,-0.10008492,-3.2015617,HPGD,MEF,MAX,bHLH
526,0,-0.5315311,-0.5315311,-1.5504444,CEP72,LMC,PAX5,"Paired,Homeobox"
3247,1,-0.21907748,-0.27780795,1.213374,ZBTB7C,MEF,JUND,bZIP
2465,0,-0.26692143,-0.26692143,1.9841317,RASSF9,LMC,EBF1,EBF
2319,1,-0.4733331,-0.39005762,2.1115367,PPP1R9A,MEF,ELK1,ETS
215,0,-0.37527534,-0.37527534,-1.361589,ARSJ,LMC,NRF1,NRF
943,1,-0.5313326,-0.24450046,-1.1547381,EYA4,MEF,ZKSCAN1,Zf
2784,0,-0.15019357,-0.27780795,1.2287743,SMPDL3A,LMC,MAFF,bZIP
2012,1,-0.10369535,-0.10008492,2.3264077,NOG,MEF,BHLHE40,bHLH
203,1,-0.43756613,-0.41931188,-5.6908154,ARL11,MEF,ETS1,ETS
2603,1,-0.120565586,-0.1342841,1.0266249,SEC61G,MEF,MAX,bHLH
531,1,-0.22028713,-0.38195667,1.2192872,CFAP61,MEF,ELK4,ETS
3208,1,-0.5069276,-0.27780795,2.4230168,VWC2,MEF,ATF2,bZIP
2245,1,0.5159049,-0.24283965,1.3951396,PLEK2,MEF,PRDM1,Zf
1900,1,-0.34099022,-0.38195667,-2.1630523,MXD3,MEF,ELK1,ETS
3168,1,-0.35806254,-0.38195667,-3.5868664,ULBP1,MEF,ETS1,ETS
732,0,0.027763726,-0.25159925,1.3612306,DCN,LMC,GATA3,Zf
1031,1,-0.38339126,-0.24550179,-1.2496772,FBXL8,MEF,ATF2,bZIP
1228,1,-0.21895796,-0.21895796,2.1909225,GPC5,MEF,EBF1,EBF
585,1,-0.1124492,-0.24333258,1.8285992,CLU,MEF,CTCF,Zf
2710,0,-0.32442823,-0.39942494,1.8738929,SLC22A4,LMC,ELK1,ETS
1380,0,-0.38057798,-0.24450046,2.6664946,HOXD8,LMC,GATA1,Zf
39,1,-0.16941127,-0.25471953,-1.1783521,ACTB,MEF,FOS,bZIP
1791,1,-1.5423862,-0.39005762,-1.8528816,MCM6,MEF,FLI1,ETS
1136,0,-0.13149443,-0.22249272,-1.9418975,GAL3ST1,LMC,SP1,Zf
2801,0,-0.40605056,-0.25471953,-2.1767983,SOBP,LMC,ATF2,bZIP
135,1,-0.34099022,-0.38195667,1.891154,ANGPTL7,MEF,ELK1,ETS
892,0,0.0745308,-0.10944186,-1.2402277,ENAH,LMC,FOXA2,Forkhead
2034,1,-0.9526392,-0.4653868,1.6902243,NR3C2,MEF,IRF3,IRF
2324,1,-1.2819929,-0.38195667,-1.0814621,PRCP,MEF,FLI1,ETS
1580,1,-0.29687634,-0.29687634,1.737582,KIF5C,MEF,PAX5,"Paired,Homeobox"
800,0,-0.3569094,-0.25159925,-2.758602,DPEP1,LMC,ZNF263,Zf
381,1,-0.20454665,-0.20454665,1.1394454,CCDC103,MEF,TEAD4,TEA
1103,0,-0.062780954,-0.24333258,-1.1218795,FOXP1,LMC,SP1,Zf
1044,1,-0.41913503,-0.41913503,-5.357593,FERMT3,MEF,TCF3,HMG
3007,0,-0.15054174,-0.24450046,1.5005039,TMEM106A,LMC,GATA3,Zf
2871,0,-0.03437175,-0.039668236,-1.8158801,STAG3,LMC,RFX5,HTH
815,1,0.08411567,-0.24550179,-1.011439,DSCC1,MEF,BACH1,bZIP
268,0,-0.33817908,-0.29509667,-1.0727856,BAIAP2,LMC,FOS,bZIP
457,0,-0.29360482,-0.13941021,1.8729588,CD74,LMC,TCF12,bHLH
2289,1,-0.0065755714,-0.1342841,-1.1583761,POLD1,MEF,MYOG,bHLH
1243,0,-0.36102507,-0.24550179,-1.1135906,GPR153,LMC,ATF1,bZIP
1872,1,-0.057535224,-0.27780795,-1.071944,MRC2,MEF,BACH1,bZIP
1104,0,-0.29414836,-0.26135686,-2.1475885,FOXP2,LMC,E2F6,E2F
1551,1,-0.009410201,-0.10008492,-2.8326209,KCNK13,MEF,USF2,bHLH
108,1,-0.39205822,-0.27780795,1.0786273,ALCAM,MEF,MAFK,bZIP
2452,0,-0.69426614,-0.4713425,1.991749,RASAL3,LMC,IRF3,IRF
2337,0,-0.38490406,-0.38490406,1.6617084,PRKCH,LMC,PAX5,"Paired,Homeobox"
2432,1,-0.24165441,-0.29509667,-1.5926751,RAD51AP1,MEF,JUND,bZIP
1660,0,-0.1826178,-0.24450046,-1.1322662,LIMK1,LMC,SP1,Zf
827,0,-0.19612858,-0.146989,1.3163043,DUSP6,LMC,USF2,bHLH
1562,0,-0.19842377,-0.50137913,-1.3338901,KCTD8,LMC,NANOG,Homeobox
1086,0,-0.3610153,-0.22249272,-1.6881667,FNDC1,LMC,EGR1,Zf
1570,1,-0.29360482,-0.13941021,-2.6483867,KIF20A,MEF,TCF12,bHLH
1388,0,-0.38071528,-0.24283965,1.3629756,HRASLS,LMC,ZNF263,Zf
2618,1,0.03116794,-0.22249272,1.103243,SERINC2,MEF,CTCF,Zf
3178,0,-0.1124492,-0.24333258,1.1493187,UPK3B,LMC,CTCF,Zf
2324,1,-0.1607576,-0.24283965,-1.0814621,PRCP,MEF,MAZ,Zf
1924,0,-0.0061152284,-0.10008492,2.0529895,MYO5B,LMC,USF1,bHLH
2330,1,-0.3933147,-0.24283965,-1.386103,PREX1,MEF,ZKSCAN1,Zf
518,1,-0.35453734,-0.24333258,-1.4699304,CENPP,MEF,ZKSCAN1,Zf
946,1,-0.8933479,-0.52757335,1.9708863,F11,MEF,CUX1,Homeobox
2979,1,-0.33296144,-0.24550179,-5.7015085,THEMIS2,MEF,MAFK,bZIP
2459,1,-0.44224238,-0.29509667,-1.3954514,RASGRP3,MEF,MAFK,bZIP
2627,0,-0.39205822,-0.27780795,2.3471365,SERPINE3,LMC,MAFK,bZIP
905,1,-0.21895796,-0.21895796,1.3882746,EPHA3,MEF,EBF1,EBF
1724,0,-0.27070102,-0.24450046,2.7277055,LUM,LMC,GATA2,Zf
2224,1,-0.30003953,-0.30003953,-2.260149,PKMYT1,MEF,NRF1,NRF
2258,1,-0.011590093,-0.22249272,1.1191164,PLIN5,MEF,GATA3,Zf
1817,0,-0.174635,-0.24550179,-4.2151833,MFAP4,LMC,FOSL2,bZIP
2693,0,-0.15019357,-0.27780795,1.0595441,SLC16A1,LMC,MAFF,bZIP
2592,1,-0.38339126,-0.24550179,-1.4963193,SCRT1,MEF,ATF2,bZIP
2815,1,-0.8150283,-0.4653868,-2.193145,SP100,MEF,IRF4,IRF
2592,1,-0.27070102,-0.24450046,-1.4963193,SCRT1,MEF,GATA2,Zf
1971,1,-0.1666823,-0.13941021,-1.2191693,NEK6,MEF,USF2,bHLH
1992,1,0.0745308,-0.10944186,1.4492387,NIPAL2,MEF,FOXA2,Forkhead
1027,0,-0.25436184,-0.25436184,-1.6873972,FBN1,LMC,TEAD4,TEA
646,0,-0.20776576,-0.20776576,1.443731,CRB2,LMC,EBF1,EBF
122,0,-0.22028713,-0.38195667,-2.327129,ALX1,LMC,ELK4,ETS
1613,0,-0.3070402,-0.24450046,2.4317777,LAD1,LMC,YY1,Zf
2763,1,-0.2727483,-0.2712014,-1.5338875,SLC9A5,MEF,E2F6,E2F
2349,0,0.23381242,-0.12410606,-1.1556536,PRRT2,LMC,MEF2C,MADS
467,0,-0.23244992,-0.52757335,-1.810972,CDC25C,LMC,PBX3,Homeobox
659,1,-0.1607576,-0.24283965,2.2780662,CRYAB,MEF,MAZ,Zf
2481,1,-0.17407607,-0.121736646,1.3701171,REC8,MEF,MAX,bHLH
382,1,-0.35390377,-0.22810093,1.5888566,CCDC113,MEF,ATF1,bZIP
431,1,-0.3625331,-0.38195667,-2.0295777,CCRL2,MEF,GABPA,ETS
1738,1,-0.7979473,-0.24283965,1.1827898,LZTFL1,MEF,SP2,Zf
2344,0,-0.13559982,-0.10008492,2.3748279,PRR15,LMC,MAX,bHLH
640,1,-0.2300118,-0.25159925,2.1161196,CPNE7,MEF,MAZ,Zf
359,0,0.08411567,-0.24550179,-1.5934429,CAMKK1,LMC,BACH1,bZIP
31,1,-0.5856867,-0.25187832,-1.0644914,ACOT7,MEF,E2F1,E2F
728,0,-0.3375485,-0.1342841,-1.0895112,DCBLD1,LMC,TCF12,bHLH
586,0,-0.46165287,-0.4067228,-1.5158565,CLYBL,LMC,CUX1,Homeobox
3190,0,-0.33639127,-0.4713425,2.2938786,VAV1,LMC,IRF1,IRF
561,1,-0.8933479,-0.52757335,2.2551308,CITED4,MEF,CUX1,Homeobox
1031,1,-0.37776268,-0.37776268,-1.2496772,FBXL8,MEF,TCF3,HMG
1395,1,0.17063665,-0.10944186,1.0437326,HSD17B1,MEF,FOXA1,Forkhead
499,0,-0.21342848,-0.28884968,-1.0813416,CDR2L,LMC,E2F6,E2F
1588,0,-0.13994873,-0.2053601,-2.5663316,KLF12,LMC,FOXA2,Forkhead
3114,1,-0.33080074,-0.22810093,-3.242694,TROAP,MEF,MAFK,bZIP
1165,1,-0.2678836,-0.24283965,1.9005238,GCLC,MEF,SP1,Zf
426,1,-0.4733331,-0.39005762,1.3570372,CCNO,MEF,ELK1,ETS
1944,1,-0.1607576,-0.24283965,1.454967,NCALD,MEF,MAZ,Zf
1976,1,-0.2859068,-0.146989,1.2830062,NET1,MEF,TCF12,bHLH
766,1,-0.07449697,-0.25159925,-1.2885283,DLL1,MEF,CTCF,Zf
240,0,-0.37698567,-0.4067228,1.6032816,ATP1B1,LMC,PBX3,Homeobox
1481,1,0.041926194,-0.24283965,2.3218336,IRX3,MEF,GATA3,Zf
562,0,-0.2806714,-0.20306948,-1.8413281,CKAP2,LMC,MEF2A,MADS
449,0,-0.13559982,-0.10008492,2.0594478,CD48,LMC,MAX,bHLH
631,1,-0.29360482,-0.13941021,-1.0453374,CORO1C,MEF,TCF12,bHLH
2371,0,-0.00943349,-0.121736646,1.82346,PTGDS,LMC,USF1,bHLH
111,0,-0.3058912,-0.24283965,1.9508379,ALDH1A3,LMC,YY1,Zf
159,1,-0.08568381,-0.24450046,-1.3802844,APBB1IP,MEF,MAZ,Zf
2505,0,-0.43756613,-0.41931188,1.9083076,RHPN2,LMC,ETS1,ETS
1270,0,-0.22736193,-0.22736193,-1.1564192,GPX7,LMC,HNF4A,NR
1900,0,-0.29979625,-0.24283965,-2.8135483,MXD3,LMC,GATA1,Zf
913,1,-0.192465,-0.27780795,2.0391352,EPS8L2,MEF,ATF3,bZIP
1023,0,-0.08974322,-0.146989,-2.497806,FBLN1,LMC,MAX,bHLH
2990,0,-0.29360482,-0.13941021,-1.6426313,TK1,LMC,TCF12,bHLH
3201,1,-0.3705123,-0.25471953,-1.6059492,VMO1,MEF,FOSL2,bZIP
339,0,-0.2678836,-0.24283965,2.19194,CACNA1D,LMC,SP1,Zf
529,1,-0.3777494,-0.24283965,1.213452,CETN2,MEF,EGR1,Zf
2565,1,-0.17407607,-0.121736646,-2.1007116,S1PR3,MEF,MAX,bHLH
2504,1,-0.29687634,-0.29687634,-1.9587698,RHOV,MEF,PAX5,"Paired,Homeobox"
1495,0,-0.40605056,-0.25471953,2.7970064,ITGAL,LMC,ATF2,bZIP
591,1,-0.2808588,-0.24283965,-1.332691,CNDP2,MEF,ZEB1,Zf
2504,1,0.048078425,-0.25471953,-1.9587698,RHOV,MEF,BACH1,bZIP
303,1,-0.13994873,-0.2053601,1.4564615,BMP8B,MEF,FOXA2,Forkhead
2228,1,-0.2507436,-0.25159925,2.2447371,PLA2G2E,MEF,ZEB1,Zf
2334,1,-0.14989896,-0.14989896,-1.5433213,PRKAR2B,MEF,TEAD4,TEA
185,0,-0.2470073,-0.39005762,1.2260965,ARHGAP29,LMC,ETS1,ETS
2612,1,-0.21918109,-0.21918109,-4.226591,SEMA4D,MEF,TCF3,HMG
2764,1,-0.36351123,-0.50137913,-1.7172121,SLC9A9,MEF,PBX3,Homeobox
521,1,-0.08568381,-0.24450046,-1.4729061,CENPU,MEF,MAZ,Zf
443,1,-0.30779734,-0.3917693,-6.655769,CD300LD,MEF,ETS1,ETS
407,1,-0.3474289,-0.29509667,1.0351427,CCDC90B,MEF,ATF1,bZIP
584,0,-0.8933479,-0.52757335,1.8429216,CLSTN3,LMC,CUX1,Homeobox
1044,0,-0.15764365,-0.14792581,2.0353117,FERMT3,LMC,RFX5,HTH
1401,0,-0.14989896,-0.14989896,-1.605186,HSPB6,LMC,TEAD4,TEA
181,1,-0.40533945,-0.39005762,-2.8857563,ARHGAP19,MEF,GABPA,ETS
1985,1,0.08411567,-0.24550179,-1.2864323,NGF,MEF,BACH1,bZIP
1717,0,-0.51944894,-0.25159925,-1.2593111,LSP1,LMC,BCL11A,Zf
827,0,-0.27228355,-0.24283965,1.3163043,DUSP6,LMC,GATA2,Zf
286,0,-0.25341198,-0.22810093,-1.6433271,BEST1,LMC,ATF3,bZIP
2166,1,-0.03437175,-0.039668236,-2.9733152,PDE3B,MEF,RFX5,HTH
3259,1,-0.21342848,-0.28884968,-1.6842502,ZIC1,MEF,E2F6,E2F
2681,0,-0.8150283,-0.4653868,2.2095065,SLAMF7,LMC,IRF4,IRF
3119,1,-0.76012087,-0.50137913,-1.3696355,TRPV2,MEF,CUX1,Homeobox
480,0,0.041926194,-0.24283965,-1.8094324,CDH10,LMC,GATA3,Zf
618,1,-0.440717,-0.25471953,-2.5465317,COL4A1,MEF,MAFK,bZIP
562,0,-0.48813832,-0.3794154,-1.8413281,CKAP2,LMC,IRF4,IRF
700,1,-0.07763662,-0.20371658,-1.8470051,CXCL12,MEF,FOXA2,Forkhead
2734,0,-0.1607576,-0.24283965,-2.5573225,SLC35F2,LMC,MAZ,Zf
2747,0,-0.48813832,-0.3794154,1.1855206,SLC44A1,LMC,IRF4,IRF
831,1,-0.440717,-0.25471953,1.2428452,DYNC2LI1,MEF,MAFK,bZIP
1289,1,-0.2064243,-0.25159925,-2.2405086,GRM7,MEF,YY1,Zf
773,0,-0.056725405,-0.121736646,-1.6808469,DMPK,LMC,BHLHE40,bHLH
1618,1,-0.3341544,-0.39005762,2.025369,LAMA5,MEF,ELF1,ETS
3224,0,-0.22746871,-0.25187832,-1.272309,WNK4,LMC,E2F6,E2F
420,1,-0.2064243,-0.25159925,-2.2738292,CCNA2,MEF,YY1,Zf
521,1,-0.121607244,-0.24333258,-1.4729061,CENPU,MEF,GATA3,Zf
1033,1,-0.17150766,-0.17150766,1.3729043,FBXO27,MEF,TEAD4,TEA
1697,0,-0.15764365,-0.14792581,-1.5333753,LRRC16A,LMC,RFX5,HTH
827,0,-0.31818998,-0.24333258,1.3163043,DUSP6,LMC,ZEB1,Zf
8,0,-0.17150766,-0.17150766,-1.1349243,ABCA5,LMC,TEAD4,TEA
904,1,-0.4776695,-0.22249272,1.0512894,EPHA2,MEF,ZKSCAN1,Zf
1961,1,-0.5315311,-0.5315311,1.0186924,NDRG3,MEF,PAX5,"Paired,Homeobox"
3074,0,-0.17425032,-0.41931188,1.9503715,TNS4,LMC,ELK4,ETS
1332,1,-0.42348737,-0.17137949,-1.8082843,HIC1,MEF,STAT1,Stat
2452,0,-0.4649995,-0.41931188,1.991749,RASAL3,LMC,GABPA,ETS
2084,0,-0.4776695,-0.22249272,2.9469552,OLR1,LMC,ZKSCAN1,Zf
511,0,-0.4649995,-0.41931188,-2.0281026,CENPE,LMC,GABPA,ETS
1344,0,-0.541412,-0.25159925,-1.063044,HMGCS1,LMC,EGR1,Zf
2107,1,-0.17407607,-0.121736646,1.1910483,P4HTM,MEF,MAX,bHLH
2090,1,-0.64209527,-0.1980394,1.4809719,OSBPL3,MEF,STAT1,Stat
895,0,-0.07763662,-0.20371658,-2.741761,ENO3,LMC,FOXA2,Forkhead
3097,0,-0.40533945,-0.39005762,2.566172,TREML2,LMC,GABPA,ETS
2970,1,-0.36351123,-0.50137913,1.2388296,TGFB2,MEF,PBX3,Homeobox
2070,0,-0.17407607,-0.121736646,2.3798885,OAS2,LMC,MAX,bHLH
497,1,-0.00943349,-0.121736646,1.9246813,CDO1,MEF,USF1,bHLH
2660,1,-0.45963168,-0.45963168,-2.911555,SHCBP1,MEF,TCF3,HMG
853,0,-0.1124492,-0.24333258,3.1529634,EEF1A2,LMC,CTCF,Zf
544,1,-0.3341544,-0.39005762,1.5261316,CHMP4C,MEF,ELF1,ETS
1192,1,-0.22735961,-0.24550179,1.3111038,GIPC2,MEF,MAFF,bZIP
2564,1,-0.056725405,-0.121736646,-1.2048824,S1PR2,MEF,BHLHE40,bHLH
2536,1,-0.64209527,-0.1980394,4.0988145,RPS27,MEF,STAT1,Stat
3146,1,-0.08974322,-0.146989,-1.181462,TUBA1C,MEF,MAX,bHLH
593,1,-0.03437175,-0.039668236,2.740995,CNKSR1,MEF,RFX5,HTH
54,0,-0.22746871,-0.25187832,-1.0607144,ADAMTS1,LMC,E2F6,E2F
2756,0,-0.17513762,-0.146989,2.041336,SLC7A14,LMC,BHLHE40,bHLH
623,0,-0.04073672,-0.3917693,-1.1975325,COL7A1,LMC,ELK4,ETS
582,0,-0.40533945,-0.39005762,1.3879285,CLN3,LMC,GABPA,ETS
1031,1,-0.2954083,-0.24550179,-1.2496772,FBXL8,MEF,ATF3,bZIP
1292,0,-0.34278938,-0.41931188,1.1802437,GSDMD,LMC,ELF1,ETS
1416,1,-0.22746871,-0.25187832,1.4104824,IFNLR1,MEF,E2F6,E2F
23,0,-0.3341544,-0.39005762,-1.0546592,ACAT2,LMC,ELF1,ETS
529,1,0.21614419,-0.17782252,1.213452,CETN2,MEF,FOXA1,Forkhead
1778,0,-0.21437913,-0.2712014,-3.215314,MATN3,LMC,E2F4,E2F
712,1,-0.3375485,-0.1342841,-3.0422084,CYGB,MEF,TCF12,bHLH
365,1,-0.30776003,-0.24450046,-4.5031996,CARD9,MEF,ZNF263,Zf
1814,1,-0.21361919,-0.25471953,1.0535716,METTL21A,MEF,ATF3,bZIP
1760,0,-0.01444126,-0.17255645,1.0684023,MAP3K1,LMC,STAT3,Stat
1592,1,-0.37167174,-0.29509667,3.3742492,KLHDC7A,MEF,ATF2,bZIP
178,1,-0.21342848,-0.28884968,-2.0233412,ARHGAP10,MEF,E2F6,E2F
2372,1,-0.38057798,-0.24450046,-2.151926,PTGER2,MEF,GATA1,Zf
2745,0,-0.5313326,-0.24450046,1.9025482,SLC43A2,LMC,ZKSCAN1,Zf
968,1,0.016314197,-0.13941021,-2.0323744,FAM131B,MEF,USF1,bHLH
1626,1,-0.5315311,-0.5315311,-1.2072183,LASP1,MEF,PAX5,"Paired,Homeobox"
504,0,-0.21459776,-0.24333258,2.316045,CEBPA,LMC,MAZ,Zf
614,1,-0.2507436,-0.25159925,2.8053124,COL22A1,MEF,ZEB1,Zf
188,1,-0.22736193,-0.22736193,-3.663419,ARHGAP4,MEF,HNF4A,NR
1577,1,-0.34029287,-0.28884968,-1.2923205,KIF27,MEF,E2F4,E2F
2693,0,-0.29360482,-0.13941021,1.0595441,SLC16A1,LMC,TCF12,bHLH
846,0,0.21614419,-0.17782252,-2.1880925,ECM2,LMC,FOXA1,Forkhead
3101,0,-0.14989896,-0.14989896,-1.461446,TRHDE,LMC,TEAD4,TEA
625,1,-0.36351123,-0.50137913,1.2030634,COL9A3,MEF,PBX3,Homeobox
1031,1,-0.29360482,-0.13941021,-1.2496772,FBXL8,MEF,TCF12,bHLH
982,1,0.03116794,-0.22249272,1.9927673,FAM184A,MEF,CTCF,Zf
1783,0,-0.19239004,-0.26135686,-2.6176784,MCAM,LMC,E2F4,E2F
449,0,-0.7485091,-0.20371658,2.0594478,CD48,LMC,FOXM1,Forkhead
1401,1,-0.40787458,-0.3917693,1.3853371,HSPB6,MEF,GABPA,ETS
1123,0,-0.21869276,-0.39005762,1.4232948,FTH1,LMC,ELK4,ETS
150,1,-0.3625331,-0.38195667,-1.5063857,ANXA4,MEF,GABPA,ETS
2921,0,-0.65735245,-0.17782252,1.4813716,SYT8,LMC,FOXM1,Forkhead
556,1,-0.2727483,-0.2712014,-1.3128588,CHSY3,MEF,E2F6,E2F
1828,0,-0.48430756,-0.24313685,1.4928061,MICALCL,LMC,STAT1,Stat
2,0,-0.38059002,-0.38059002,-1.8893709,AARD,LMC,PAX5,"Paired,Homeobox"
278,0,-0.21301334,-0.25187832,-2.4906874,BCL11A,LMC,E2F4,E2F
2174,0,-0.24165441,-0.29509667,-1.1295204,PDGFD,LMC,JUND,bZIP
709,1,-0.11649651,-0.25471953,-1.6690544,CYBA,MEF,JUND,bZIP
1979,0,-0.541412,-0.25159925,-1.2255884,NEXN,LMC,EGR1,Zf
2944,1,-0.15812221,-0.22249272,-3.8778214,TBXAS1,MEF,YY1,Zf
1604,1,-0.37601265,-0.39942494,-2.5368693,KNSTRN,MEF,ELF1,ETS
161,0,0.03116794,-0.22249272,-1.0569676,APH1B,LMC,CTCF,Zf
1742,0,-0.25341198,-0.22810093,1.2771919,MADD,LMC,ATF3,bZIP
1293,1,-0.1124492,-0.24333258,-1.2018347,GSG1L,MEF,CTCF,Zf
828,1,-0.1607576,-0.24283965,-1.8124657,DUSP9,MEF,MAZ,Zf
2716,1,-0.15812221,-0.22249272,-1.5039499,SLC25A45,MEF,YY1,Zf
2929,0,-0.34278938,-0.41931188,-1.1441975,TACC3,LMC,ELF1,ETS
1338,0,-0.32442823,-0.39942494,1.3770303,HIVEP3,LMC,ELK1,ETS
2920,1,-0.63670325,-0.21953267,2.0846374,SYT7,MEF,FOXM1,Forkhead
600,1,-0.08974322,-0.146989,-1.0201135,CNRIP1,MEF,MAX,bHLH
1460,1,-0.3058912,-0.24283965,1.0488958,ILDR2,MEF,YY1,Zf
2318,1,-0.56297857,-0.22249272,1.4274718,PPP1R42,MEF,ZBTB33,Zf
2930,1,-0.38278377,-0.42379856,2.516421,TACR1,MEF,PBX3,Homeobox
2699,1,-0.37601265,-0.39942494,-1.7570183,SLC16A3,MEF,ELF1,ETS
1531,0,-0.12554857,-0.24550179,1.7289557,KCNB1,LMC,JUND,bZIP
2384,1,-0.29687634,-0.29687634,1.9310234,PTPN22,MEF,PAX5,"Paired,Homeobox"
1311,1,-0.01444126,-0.17255645,7.3846617,HAPLN1,MEF,STAT3,Stat
2615,0,-0.09351536,-0.24313685,-1.4651343,SEMA6A,LMC,STAT3,Stat
936,1,0.17063665,-0.10944186,-2.5236044,EXO1,MEF,FOXA1,Forkhead
662,1,-0.19612858,-0.146989,3.5131092,CRYM,MEF,USF2,bHLH
2649,0,-0.3058912,-0.24283965,1.4618286,SH3BP2,LMC,YY1,Zf
525,0,-0.34099022,-0.38195667,-1.5079637,CEP55,LMC,ELK1,ETS
1383,0,-0.7979473,-0.24283965,3.9081578,HPCAL4,LMC,SP2,Zf
1357,0,-0.00943349,-0.121736646,-1.8172214,HOXA2,LMC,USF1,bHLH
1421,1,-0.48430756,-0.24313685,-1.3062055,IGF2BP3,MEF,STAT1,Stat
726,1,-0.011590093,-0.22249272,-2.3356805,DACT2,MEF,GATA3,Zf
906,1,-0.42348737,-0.17137949,-1.1253309,EPHA4,MEF,STAT1,Stat
965,1,-0.121607244,-0.24333258,1.2164536,FAM110C,MEF,GATA3,Zf
1983,0,-0.3341544,-0.39005762,2.3211825,NFE2L3,LMC,ELF1,ETS
2324,0,-0.22016564,-0.25159925,-1.082411,PRCP,LMC,GATA2,Zf
3206,1,-0.17853236,-0.13941021,1.8417983,VWA1,MEF,MYOG,bHLH
2684,1,-0.16941127,-0.25471953,-5.2536,SLC11A1,MEF,FOS,bZIP
752,1,-0.11649651,-0.25471953,1.7913527,DGKG,MEF,JUND,bZIP
829,0,-0.2727483,-0.2712014,-1.1774735,DUT,LMC,E2F6,E2F
246,0,-0.33296144,-0.24550179,1.1833032,ATP6V1B2,LMC,MAFK,bZIP
983,1,-0.1689725,-0.13941021,1.5186956,FAM184B,MEF,BHLHE40,bHLH
1189,1,-1.5423862,-0.39005762,1.736382,GIMAP6,MEF,FLI1,ETS
3257,0,0.016314197,-0.13941021,1.0511478,ZFPM1,LMC,USF1,bHLH
935,1,-0.4733331,-0.39005762,-1.9342779,EVL,MEF,ELK1,ETS
1900,1,-0.21342848,-0.28884968,-2.1630523,MXD3,MEF,E2F6,E2F
3062,0,-0.659372,-0.27780795,1.3952664,TNFRSF1B,LMC,BATF,bZIP
2218,1,-0.3058912,-0.24283965,1.3815172,PIP5K1B,MEF,YY1,Zf
2343,1,-0.009410201,-0.10008492,-2.244646,PRR11,MEF,USF2,bHLH
1591,1,-0.26737517,-0.25159925,1.2468134,KLF9,MEF,ZKSCAN1,Zf
1550,1,-0.45963168,-0.45963168,2.5354936,KCNK1,MEF,TCF3,HMG
2508,1,-0.1689725,-0.13941021,1.4581743,RIMS3,MEF,BHLHE40,bHLH
1522,1,-0.16561359,-0.22810093,1.0859743,KBTBD8,MEF,JUND,bZIP
1298,0,-0.2849582,-0.2849582,1.7987171,GSTA4,LMC,EBF1,EBF
1717,0,-0.7485091,-0.20371658,-1.2593111,LSP1,LMC,FOXM1,Forkhead
2963,1,-0.10827843,-0.121736646,1.4439334,TFCP2L1,MEF,USF2,bHLH
2660,0,-0.10505258,-0.1342841,-1.8218464,SHCBP1,LMC,BHLHE40,bHLH
2741,0,-0.28121933,-0.25159925,1.7651315,SLC39A4,LMC,SP1,Zf
2541,1,-0.32442823,-0.39942494,-1.4664801,RRM1,MEF,ELK1,ETS
100,0,-0.2507436,-0.25159925,1.8017025,AIM1,LMC,ZEB1,Zf
944,0,-0.16561359,-0.22810093,-1.0075725,EZH2,LMC,JUND,bZIP
3112,0,-0.34914914,-0.27780795,-1.0263593,TRNP1,LMC,FOS,bZIP
2623,1,-0.3777494,-0.24283965,1.5207373,SERPINB8,MEF,EGR1,Zf
2109,0,-0.22240412,-0.10008492,-1.8177229,PACSIN3,LMC,TCF12,bHLH
3006,0,-0.21459776,-0.24333258,-1.0641911,TMEFF2,LMC,MAZ,Zf
2575,0,-0.3070402,-0.24450046,1.9569865,SASH3,LMC,YY1,Zf
317,0,-0.43756613,-0.41931188,1.9825064,BTK,LMC,ETS1,ETS
2838,1,0.03116794,-0.22249272,-4.3280306,SPN,MEF,CTCF,Zf
2603,1,-0.00943349,-0.121736646,1.0266249,SEC61G,MEF,USF1,bHLH
921,1,-0.22736193,-0.22736193,-2.3991766,ESCO2,MEF,HNF4A,NR
1796,0,-0.08974322,-0.146989,-1.3002074,MDGA1,LMC,MAX,bHLH
692,1,-0.0013588448,-0.24283965,1.8813096,CTTNBP2,MEF,CTCF,Zf
2107,1,-0.4467859,-0.3917693,1.1910483,P4HTM,MEF,ELK1,ETS
517,0,-0.08568381,-0.24450046,-1.3688151,CENPN,LMC,MAZ,Zf
2788,1,-0.25341198,-0.22810093,2.8937335,SNAI3,MEF,ATF3,bZIP
2768,1,-0.10505258,-0.1342841,-2.0475595,SLCO4A1,MEF,BHLHE40,bHLH
3214,1,-0.26188308,-0.27780795,1.0921217,WDR35,MEF,FOSL2,bZIP
2888,1,-0.065101475,-0.08148018,2.7845678,STMN2,MEF,RFX5,HTH
549,0,-0.12554857,-0.24550179,1.269106,CHRNA2,LMC,JUND,bZIP
1533,0,-0.057535224,-0.27780795,1.6186234,KCNC2,LMC,BACH1,bZIP
2736,1,-0.44224238,-0.29509667,2.0948865,SLC35G1,MEF,MAFK,bZIP
211,0,-0.0017048104,-0.121736646,1.5333622,ARRB2,LMC,MYOG,bHLH
2477,0,-0.34029287,-0.28884968,1.33223,RCAN2,LMC,E2F4,E2F
276,0,-0.37527534,-0.37527534,-2.523097,BCAT1,LMC,NRF1,NRF
2125,0,-0.1689725,-0.13941021,1.6744419,PARP14,LMC,BHLHE40,bHLH
1522,1,-0.34099022,-0.38195667,1.0859743,KBTBD8,MEF,ELK1,ETS
1699,0,-0.29360482,-0.13941021,3.4313452,LRRC2,LMC,TCF12,bHLH
1614,0,-0.33817908,-0.29509667,-1.9619192,LAG3,LMC,FOS,bZIP
2739,0,-0.33080074,-0.22810093,1.0755472,SLC39A10,LMC,MAFK,bZIP
2375,1,-0.38057798,-0.24450046,-1.5478559,PTGIR,MEF,GATA1,Zf
891,0,-0.0061152284,-0.10008492,3.1501613,EN2,LMC,USF1,bHLH
1978,0,-0.3375485,-0.1342841,1.1023682,NEURL3,LMC,TCF12,bHLH
226,1,-0.19612858,-0.146989,-2.1260629,ASF1B,MEF,USF2,bHLH
3040,0,-0.22746871,-0.25187832,-1.158673,TMEM38A,LMC,E2F6,E2F
2139,1,-0.13559982,-0.10008492,3.8472924,PCDH20,MEF,MAX,bHLH
2039,1,-0.26816452,-0.121736646,2.2157166,NRN1,MEF,TCF12,bHLH
3255,0,-0.76012087,-0.50137913,-1.031493,ZFP41,LMC,CUX1,Homeobox
466,1,-0.1826178,-0.24450046,-1.5081419,CDC25B,MEF,SP1,Zf
2764,1,-0.64209527,-0.1980394,-1.7172121,SLC9A9,MEF,STAT1,Stat
802,0,-0.1607576,-0.24283965,-1.2664425,DPF1,LMC,MAZ,Zf
423,1,-0.12554857,-0.24550179,-1.0207582,CCNE1,MEF,JUND,bZIP
1351,1,-0.3569094,-0.25159925,-1.1651042,HOGA1,MEF,ZNF263,Zf
2074,0,-0.13994873,-0.2053601,2.1519072,OCLN,LMC,FOXA2,Forkhead
3250,1,-0.7485091,-0.20371658,-2.3911982,ZC3HAV1L,MEF,FOXM1,Forkhead
514,1,-0.69426614,-0.4713425,-2.238638,CENPI,MEF,IRF3,IRF
16,1,-0.42348737,-0.17137949,-2.0503016,ABHD15,MEF,STAT1,Stat
1748,1,-0.120565586,-0.1342841,1.6248564,MALL,MEF,MAX,bHLH
2111,1,-0.20953742,-0.22249272,-1.24494,PADI2,MEF,MAZ,Zf
2647,0,-0.169331,-0.25693348,-2.391878,SH3BGR,LMC,E2F4,E2F
2779,1,-0.2583255,-0.12410606,1.101585,SMIM8,MEF,MEF2A,MADS
1475,1,0.03116794,-0.22249272,-2.8389897,IRF5,MEF,CTCF,Zf
1482,0,-0.91791576,-0.29509667,1.4210551,ISG15,LMC,BATF,bZIP
1062,1,-0.40533945,-0.39005762,-1.2867284,FGGY,MEF,GABPA,ETS
594,1,-0.29360482,-0.13941021,2.066923,CNKSR2,MEF,TCF12,bHLH
3074,1,-0.062780954,-0.24333258,1.9111053,TNS4,MEF,SP1,Zf
1280,1,-0.1666823,-0.13941021,1.6184335,GRIA4,MEF,USF2,bHLH
27,1,-0.3773888,-0.18281521,2.1844993,ACKR3,MEF,STAT1,Stat
1805,1,-0.0061152284,-0.10008492,2.5338821,MEIG1,MEF,USF1,bHLH
2468,0,-0.5980523,-0.24283965,1.1551113,RBKS,LMC,ZBTB33,Zf
3165,0,-0.28121933,-0.25159925,2.2538092,UCP2,LMC,SP1,Zf
2479,0,-0.48430756,-0.24313685,1.0035248,RCSD1,LMC,STAT1,Stat
1701,0,-0.21459776,-0.24333258,-1.2529169,LRRC3,LMC,MAZ,Zf
1031,1,-0.065101475,-0.08148018,-1.2496772,FBXL8,MEF,RFX5,HTH
2970,0,-0.29360482,-0.13941021,-1.5857894,TGFB2,LMC,TCF12,bHLH
684,1,-0.29687634,-0.29687634,-1.4739813,CTSC,MEF,PAX5,"Paired,Homeobox"
2496,0,-0.29687634,-0.29687634,-1.8756744,RGS5,LMC,PAX5,"Paired,Homeobox"
2850,1,-0.42348737,-0.17137949,1.1574836,SQRDL,MEF,STAT1,Stat
1569,0,-0.11649651,-0.25471953,-1.7011287,KIF18B,LMC,JUND,bZIP
1008,1,-0.38059002,-0.38059002,1.5137644,FAM81A,MEF,PAX5,"Paired,Homeobox"
2997,1,0.19933423,-0.36911827,-1.2257801,TLR5,MEF,MEF2C,MADS
1951,0,-0.44168723,-0.24550179,1.457444,NCEH1,LMC,FOS,bZIP
496,0,-0.07449697,-0.25159925,-1.4552879,CDKN3,LMC,CTCF,Zf
2592,1,-0.40533945,-0.39005762,-1.4963193,SCRT1,MEF,GABPA,ETS
1317,0,-0.1607576,-0.24283965,1.7097849,HCLS1,LMC,MAZ,Zf
1219,0,0.016311714,0.00623205,2.0242908,GNGT2,LMC,RFX5,HTH
1335,1,-0.46016192,-0.24450046,1.0415667,HIST1H1C,MEF,EGR1,Zf
2339,1,-0.3341544,-0.39005762,1.182829,PROCR,MEF,ELF1,ETS
3169,0,-0.38057798,-0.24450046,1.1945924,UNC13B,LMC,GATA1,Zf
3046,0,-0.22746871,-0.25187832,2.2893217,TMEM59L,LMC,E2F6,E2F
2552,1,-0.38071528,-0.24283965,-3.7158017,RTN4RL1,MEF,ZNF263,Zf
885,1,-0.21895796,-0.21895796,-2.3387628,EME1,MEF,EBF1,EBF
44,1,-0.2583255,-0.12410606,1.5725946,ACY3,MEF,MEF2A,MADS
1501,1,-0.659372,-0.27780795,-1.452007,ITGB7,MEF,BATF,bZIP
1547,0,-0.26816452,-0.121736646,1.4255404,KCNJ2,LMC,TCF12,bHLH
870,1,-0.4467859,-0.3917693,-1.2089994,EGLN3,MEF,ELK1,ETS
2849,1,-0.26816452,-0.121736646,-1.6306322,SPTB,MEF,TCF12,bHLH
1707,0,-0.43345997,-0.22249272,-1.0357177,LRRC8E,LMC,ZNF263,Zf
1693,1,-0.32442823,-0.39942494,-4.9975886,LRMP,MEF,ELK1,ETS
8,0,-0.11649651,-0.25471953,-1.1349243,ABCA5,LMC,JUND,bZIP
2191,1,-0.36259097,-0.38195667,-1.1248902,PFKFB3,MEF,ELF1,ETS
2797,1,-0.192465,-0.27780795,1.207182,SNX16,MEF,ATF3,bZIP
611,1,0.22652079,-0.2053601,-1.3350317,COL16A1,MEF,FOXA1,Forkhead
715,1,-0.21918109,-0.21918109,1.4558525,CYP1B1,MEF,TCF3,HMG
1240,1,-0.39900714,-0.22249272,1.5431579,GPR137C,MEF,GATA1,Zf
2402,0,-0.38059002,-0.38059002,1.5811112,PYCARD,LMC,PAX5,"Paired,Homeobox"
1775,0,-0.4776695,-0.22249272,-1.2945493,MASTL,LMC,ZKSCAN1,Zf
2323,1,-0.10505258,-0.1342841,-2.6390612,PRC1,MEF,BHLHE40,bHLH
2041,1,0.03645469,-0.22810093,-3.8660052,NRROS,MEF,BACH1,bZIP
1913,0,0.21614419,-0.17782252,1.1268022,MYLIP,LMC,FOXA1,Forkhead
299,1,-0.24165441,-0.29509667,4.1480656,BMP4,MEF,JUND,bZIP
1936,1,-0.07949572,-0.21953267,2.505483,NALCN,MEF,FOXA2,Forkhead
1253,1,-0.2064243,-0.25159925,1.4796617,GPR3,MEF,YY1,Zf
3015,0,-0.14976743,-0.22810093,1.3065541,TMEM140,LMC,FOSL2,bZIP
2197,1,-0.39205822,-0.27780795,-1.744764,PGBD5,MEF,MAFK,bZIP
1485,1,-0.0017048104,-0.121736646,1.4915516,ISM1,MEF,MYOG,bHLH
1735,0,-0.2997486,-0.24333258,-1.6968054,LYSMD2,LMC,ZNF263,Zf
3077,0,-0.27228355,-0.24283965,-1.5086727,TOM1L1,LMC,GATA2,Zf
3162,1,-0.16941127,-0.25471953,-1.5763762,UBE2T,MEF,FOS,bZIP
159,1,-0.13559982,-0.10008492,-1.3802844,APBB1IP,MEF,MAX,bHLH
144,0,-0.2849582,-0.2849582,-2.079299,ANLN,LMC,EBF1,EBF
364,1,-0.0317704,-0.39942494,1.1463557,CAPS2,MEF,ELK4,ETS
934,1,-0.37167174,-0.29509667,-4.119745,EVI2B,MEF,ATF2,bZIP
3250,1,-0.44168723,-0.24550179,-2.3911982,ZC3HAV1L,MEF,FOS,bZIP
1807,1,-0.33080074,-0.22810093,-1.8203051,MEIS1,MEF,MAFK,bZIP
556,0,-0.21342848,-0.28884968,-1.5919069,CHSY3,LMC,E2F6,E2F
23,0,-0.0061152284,-0.10008492,-1.0546592,ACAT2,LMC,USF1,bHLH
2302,1,-0.2064243,-0.25159925,1.1818852,PPAPDC3,MEF,YY1,Zf
1068,0,-0.33296144,-0.24550179,-1.7657315,FIBIN,LMC,MAFK,bZIP
560,1,-0.1826178,-0.24450046,-2.9454744,CIT,MEF,SP1,Zf
2727,0,-0.192465,-0.27780795,-3.1119766,SLC2A4,LMC,ATF3,bZIP
317,0,-0.1124492,-0.24333258,1.9825064,BTK,LMC,CTCF,Zf
2031,1,-0.011590093,-0.22249272,1.6603361,NQO1,MEF,GATA3,Zf
1632,1,0.0745308,-0.10944186,-3.12653,LCP2,MEF,FOXA2,Forkhead
870,1,-0.36259097,-0.38195667,-1.2089994,EGLN3,MEF,ELF1,ETS
322,0,-0.062780954,-0.24333258,-1.9591644,BZRAP1,LMC,SP1,Zf
2215,1,-0.056725405,-0.121736646,-3.5308938,PIK3R6,MEF,BHLHE40,bHLH
623,0,-0.33817908,-0.29509667,-1.1975325,COL7A1,LMC,FOS,bZIP
122,1,-0.22240412,-0.10008492,-1.2995142,ALX1,MEF,TCF12,bHLH
2608,0,-0.08568381,-0.24450046,-1.204405,SEMA3C,LMC,MAZ,Zf
644,0,0.028543921,-0.29509667,-3.9277136,CRABP1,LMC,BACH1,bZIP
3198,1,-0.01444126,-0.17255645,-1.0027668,VIPR1,MEF,STAT3,Stat
996,0,-0.2300118,-0.25159925,-1.008624,FAM3C,LMC,MAZ,Zf
811,0,-0.1124492,-0.24333258,2.3256583,DPYSL5,LMC,CTCF,Zf
1881,1,-0.33080074,-0.22810093,1.0524545,MSI2,MEF,MAFK,bZIP
2090,1,-0.46846294,-0.46846294,1.4809719,OSBPL3,MEF,TCF3,HMG
251,1,-0.25007766,-0.37009746,-2.209545,AURKA,MEF,IRF1,IRF
3139,1,-0.16561359,-0.22810093,1.5869603,TTLL6,MEF,JUND,bZIP
3165,1,-0.18398622,-0.29509667,-2.3812919,UCP2,MEF,ATF3,bZIP
770,1,-0.40605056,-0.25471953,3.1872852,DMC1,MEF,ATF2,bZIP
1668,1,0.048078425,-0.25471953,3.0541296,LMCD1,MEF,BACH1,bZIP
3000,1,-0.29979625,-0.24283965,-2.7555268,TLR9,MEF,GATA1,Zf
908,0,-0.2806714,-0.20306948,-1.2161773,EPHB2,LMC,MEF2A,MADS
540,1,-0.26692143,-0.26692143,-1.2755494,CHD3,MEF,EBF1,EBF
2100,1,-0.76012087,-0.50137913,-2.2412143,P2RX7,MEF,CUX1,Homeobox
2258,1,-0.16941127,-0.25471953,1.1191164,PLIN5,MEF,FOS,bZIP
1411,1,0.016311714,0.00623205,-1.6255398,IDH2,MEF,RFX5,HTH
1402,0,-0.17407607,-0.121736646,1.7698365,HSPB7,LMC,MAX,bHLH
2601,1,-0.8933479,-0.52757335,1.0084376,SEC14L5,MEF,CUX1,Homeobox
1259,1,-0.17407607,-0.121736646,3.4105868,GPR64,MEF,MAX,bHLH
2993,0,-0.2838714,-0.47267562,-1.9840968,TLE6,LMC,NANOG,Homeobox
1777,0,-0.27228355,-0.24283965,-2.3094268,MATN2,LMC,GATA2,Zf
953,1,0.13713937,-0.20371658,1.0861168,FAAH,MEF,FOXA1,Forkhead
1585,1,0.03116794,-0.22249272,3.8885753,KIRREL3,MEF,CTCF,Zf
983,1,-0.0013588448,-0.24283965,1.5186956,FAM184B,MEF,CTCF,Zf
522,0,-0.1607576,-0.24283965,1.2640113,CENPV,LMC,MAZ,Zf
3110,0,-0.36812532,-0.36812532,-2.4243805,TRIM71,LMC,NRF1,NRF
4,0,-0.3058912,-0.24283965,1.3053162,AATK,LMC,YY1,Zf
2976,0,-0.2727483,-0.2712014,-2.5368462,THBS2,LMC,E2F6,E2F
2605,1,-0.062780954,-0.24333258,-5.124639,SELPLG,MEF,SP1,Zf
2597,1,-0.26816452,-0.121736646,1.4566245,SDC2,MEF,TCF12,bHLH
2830,1,0.06421617,-0.24450046,2.2287126,SPEF2,MEF,CTCF,Zf
2026,0,-0.46016192,-0.24450046,-1.8103167,NPR3,LMC,EGR1,Zf
1079,1,-0.43756613,-0.41931188,-1.2201295,FLT4,MEF,ETS1,ETS
2768,1,-0.01444126,-0.17255645,-2.0475595,SLCO4A1,MEF,STAT3,Stat
1273,0,-0.64209527,-0.1980394,-2.0948274,GRASP,LMC,STAT1,Stat
575,1,-0.2727483,-0.2712014,-1.2947149,CLEC2L,MEF,E2F6,E2F
2954,1,-0.011590093,-0.22249272,-1.082065,TECTA,MEF,GATA3,Zf
1442,1,-0.17407607,-0.121736646,3.6092079,IL17RB,MEF,MAX,bHLH
1720,0,-0.062780954,-0.24333258,-2.1255505,LTBP1,LMC,SP1,Zf
2014,1,-0.3341544,-0.39005762,1.4636707,NOS1AP,MEF,ELF1,ETS
2741,0,-0.065101475,-0.08148018,1.7651315,SLC39A4,LMC,RFX5,HTH
1430,0,-0.34029287,-0.28884968,1.9952286,IGSF6,LMC,E2F4,E2F
2188,1,-0.057535224,-0.27780795,3.294008,PEX5L,MEF,BACH1,bZIP
836,1,-0.60550106,-0.24450046,-2.7616482,E2F8,MEF,SP2,Zf
1355,1,-0.30776003,-0.24450046,4.282851,HOXA10,MEF,ZNF263,Zf
2061,1,-0.48430756,-0.24313685,-2.5808094,NUSAP1,MEF,STAT1,Stat
1463,1,-0.3430542,-0.3430542,-1.116266,INCENP,MEF,PAX5,"Paired,Homeobox"
2431,1,-0.48430756,-0.24313685,-1.6750872,RAD51,MEF,STAT1,Stat
608,0,0.03645469,-0.22810093,-2.475787,COL12A1,LMC,BACH1,bZIP
1197,0,-0.00943349,-0.121736646,-1.4722316,GJC1,LMC,USF1,bHLH
1595,1,-0.169331,-0.25693348,1.9454163,KLHL30,MEF,E2F4,E2F
2602,0,-0.0017048104,-0.121736646,-1.0105699,SEC16B,LMC,MYOG,bHLH
885,1,-0.37665918,-0.37009746,-2.3387628,EME1,MEF,IRF4,IRF
747,0,-0.37527534,-0.37527534,-1.0409411,DENND3,LMC,NRF1,NRF
3040,0,-0.3058912,-0.24283965,-1.158673,TMEM38A,LMC,YY1,Zf
2277,1,-0.35318726,-0.41931188,-1.672663,PMF1,MEF,ELK1,ETS
1087,1,-0.38278377,-0.42379856,1.1361747,FNDC3A,MEF,PBX3,Homeobox
1592,1,-0.21907748,-0.27780795,3.3742492,KLHDC7A,MEF,JUND,bZIP
440,0,-0.27228355,-0.24283965,1.0379796,CD2AP,LMC,GATA2,Zf
2324,1,-0.48813832,-0.3794154,-1.0814621,PRCP,MEF,IRF4,IRF
1465,0,-0.22746871,-0.25187832,1.4524996,INPP4B,LMC,E2F6,E2F
2028,1,-0.16941127,-0.25471953,-1.8697422,NPTX2,MEF,FOS,bZIP
3136,0,-0.38339126,-0.24550179,1.0255241,TTC9,LMC,ATF2,bZIP
666,0,-0.25007766,-0.37009746,2.8135076,CSF3R,LMC,IRF1,IRF
421,1,-0.5315311,-0.5315311,-3.4695168,CCNB1,MEF,PAX5,"Paired,Homeobox"
2361,0,-0.2064243,-0.25159925,1.0775473,PSAP,LMC,YY1,Zf
653,1,0.016314197,-0.13941021,1.8099811,CRISP2,MEF,USF1,bHLH
2823,1,-0.3610153,-0.22249272,-1.9032626,SPAG5,MEF,EGR1,Zf
1613,0,-0.1666823,-0.13941021,2.4317777,LAD1,LMC,USF2,bHLH
2270,0,-0.17513762,-0.146989,1.4930576,PLXDC1,LMC,BHLHE40,bHLH
2981,1,-0.2583255,-0.12410606,-1.7296494,TICAM2,MEF,MEF2A,MADS
1800,1,-0.1666823,-0.13941021,1.4715531,MED12L,MEF,USF2,bHLH
2496,0,-0.08568381,-0.24450046,-1.8756744,RGS5,LMC,MAZ,Zf
1401,0,-0.21342848,-0.28884968,-1.605186,HSPB6,LMC,E2F6,E2F
1093,0,-0.2727483,-0.2712014,1.141777,FOS,LMC,E2F6,E2F
3112,0,-0.37601265,-0.39942494,-1.0263593,TRNP1,LMC,ELF1,ETS
3084,1,-0.10505258,-0.1342841,2.0897598,TPH2,MEF,BHLHE40,bHLH
1146,0,0.016311714,0.00623205,-1.4452633,GAMT,LMC,RFX5,HTH
2980,1,-0.20776576,-0.20776576,1.0738952,TIAM2,MEF,EBF1,EBF
3263,0,-0.44168723,-0.24550179,1.1311405,ZMYND15,LMC,FOS,bZIP
673,0,-0.22735961,-0.24550179,-2.225754,CSRP2,LMC,MAFF,bZIP
2430,1,0.07771543,-0.1980394,-1.3141602,RACGAP1,MEF,STAT3,Stat
1333,1,-0.062780954,-0.24333258,2.048753,HID1,MEF,SP1,Zf
1038,1,-0.2954083,-0.24550179,-1.7113899,FBXO5,MEF,ATF3,bZIP
2047,0,-0.1826178,-0.24450046,-1.497863,NT5DC2,LMC,SP1,Zf
2328,0,-0.40533945,-0.39005762,1.683577,PRDX1,LMC,GABPA,ETS
432,1,-0.0065755714,-0.1342841,-1.9549283,CD14,MEF,MYOG,bHLH
722,1,-0.25165793,-0.0023815737,2.4622881,CYTIP,MEF,MEF2A,MADS
1317,0,0.016314197,-0.13941021,1.7097849,HCLS1,LMC,USF1,bHLH
3035,1,-0.65735245,-0.17782252,1.6910677,TMEM25,MEF,FOXM1,Forkhead
3037,0,-0.26816452,-0.121736646,2.4017868,TMEM255A,LMC,TCF12,bHLH
1807,1,-0.27228355,-0.24283965,-1.8203051,MEIS1,MEF,GATA2,Zf
3167,1,-0.3625331,-0.38195667,-2.9578276,UHRF1,MEF,GABPA,ETS
1381,1,-0.36550322,-0.47267562,1.3733654,HOXD9,MEF,PBX3,Homeobox
1614,1,-0.32442823,-0.39942494,-1.6190438,LAG3,MEF,ELK1,ETS
2431,1,-0.51308286,-0.25693348,-1.6750872,RAD51,MEF,E2F1,E2F
2093,1,-0.30003953,-0.30003953,-1.1566182,OSMR,MEF,NRF1,NRF
905,0,-0.3375485,-0.1342841,-2.2580662,EPHA3,LMC,TCF12,bHLH
2139,1,-0.34029287,-0.28884968,3.8472924,PCDH20,MEF,E2F4,E2F
378,1,0.03645469,-0.22810093,-1.3229213,CBX2,MEF,BACH1,bZIP
1363,1,-0.0005437653,-0.1342841,1.7390976,HOXA9,MEF,USF1,bHLH
667,1,-0.0013588448,-0.24283965,3.6437426,CSMD1,MEF,CTCF,Zf
254,0,-0.21342848,-0.28884968,3.5692673,AXIN2,LMC,E2F6,E2F
1957,1,-0.1505293,-0.1342841,-2.6176684,NDC80,MEF,USF2,bHLH
8,0,-0.7695519,-0.25159925,-1.1349243,ABCA5,LMC,ZBTB33,Zf
2677,1,0.027763726,-0.25159925,-1.5746429,SKA3,MEF,GATA3,Zf
1642,0,-0.3569094,-0.25159925,1.3346491,LFNG,LMC,ZNF263,Zf
1939,1,-0.169331,-0.25693348,1.0546967,NAPB,MEF,E2F4,E2F
1348,0,-0.2300118,-0.25159925,1.6180838,HMOX1,LMC,MAZ,Zf
1365,1,-0.14989896,-0.14989896,-1.7355877,HOXB3,MEF,TEAD4,TEA
113,0,0.07771543,-0.1980394,-1.9801419,ALDH1L2,LMC,STAT3,Stat
1473,0,-0.0005437653,-0.1342841,-1.8654938,IQGAP3,LMC,USF1,bHLH
978,0,0.22652079,-0.2053601,-1.2696277,FAM174B,LMC,FOXA1,Forkhead
981,1,-0.13559982,-0.10008492,1.614017,FAM181B,MEF,MAX,bHLH
521,1,-0.43345997,-0.22249272,-1.4729061,CENPU,MEF,ZNF263,Zf
952,1,-0.35132957,-0.35132957,2.0570114,F5,MEF,HNF4A,NR
413,1,-0.12447846,-0.22249272,3.1736608,CCL20,MEF,GATA2,Zf
279,1,-0.38059002,-0.38059002,1.0185626,BCL11B,MEF,PAX5,"Paired,Homeobox"
2432,1,-0.15054174,-0.24450046,-1.5926751,RAD51AP1,MEF,GATA3,Zf
899,1,-0.31818998,-0.24333258,1.4761393,ENPP4,MEF,ZEB1,Zf
2993,0,0.08411567,-0.24550179,-1.9840968,TLE6,LMC,BACH1,bZIP
2285,0,-0.69426614,-0.4713425,-2.1879153,PODNL1,LMC,IRF3,IRF
2429,1,-0.3375485,-0.1342841,-5.5450034,RAC2,MEF,TCF12,bHLH
1775,1,0.17063665,-0.10944186,-1.0848607,MASTL,MEF,FOXA1,Forkhead
835,0,-0.011590093,-0.22249272,-1.6265401,E2F7,LMC,GATA3,Zf
910,1,-0.27228355,-0.24283965,1.3478439,EPHB6,MEF,GATA2,Zf
1375,1,-0.17407607,-0.121736646,-1.0630357,HOXC6,MEF,MAX,bHLH
491,0,-0.07449697,-0.25159925,-1.1883136,CDK5R1,LMC,CTCF,Zf
2173,1,-0.19842377,-0.50137913,1.019513,PDGFC,MEF,NANOG,Homeobox
1702,1,-0.0013588448,-0.24283965,1.395704,LRRC39,MEF,CTCF,Zf
3118,1,-0.17853236,-0.13941021,1.308769,TRPS1,MEF,MYOG,bHLH
2598,1,-0.541412,-0.25159925,1.9485947,SDC4,MEF,EGR1,Zf
437,1,-0.96395135,-0.24333258,-3.0209455,CD22,MEF,BCL11A,Zf
3012,1,-0.541412,-0.25159925,-1.7694763,TMEM130,MEF,EGR1,Zf
438,1,-0.51637894,-0.42379856,-3.803102,CD244,MEF,CUX1,Homeobox
439,0,-0.1124492,-0.24333258,2.3953223,CD28,LMC,CTCF,Zf
2626,1,-0.14724034,-0.14724034,3.1389117,SERPINE2,MEF,EBF1,EBF
2168,0,-0.4649995,-0.41931188,-1.5470585,PDE4B,LMC,GABPA,ETS
568,0,-0.17513762,-0.146989,-2.616968,CLDN1,LMC,BHLHE40,bHLH
2896,1,-0.22240412,-0.10008492,1.5907596,STXBP6,MEF,TCF12,bHLH
2791,0,-0.541412,-0.25159925,-2.931855,SNED1,LMC,EGR1,Zf
1840,1,-0.39900714,-0.22249272,-1.8278335,MMD,MEF,GATA1,Zf
510,0,-0.36259097,-0.38195667,-1.3674154,CENPA,LMC,ELF1,ETS
3037,1,-0.00943349,-0.121736646,2.4463084,TMEM255A,MEF,USF1,bHLH
226,1,-0.174635,-0.24550179,-2.1260629,ASF1B,MEF,FOSL2,bZIP
1003,0,-0.60550106,-0.24450046,-2.1274793,FAM64A,LMC,SP2,Zf
2337,1,-0.46165287,-0.4067228,-3.3681915,PRKCH,MEF,CUX1,Homeobox
1964,1,-0.8150283,-0.4653868,-1.1248791,NDUFA4L2,MEF,IRF4,IRF
303,1,-0.1607576,-0.24283965,1.4564615,BMP8B,MEF,MAZ,Zf
1281,0,-0.14989896,-0.14989896,-2.2699556,GRID2,LMC,TEAD4,TEA
2361,0,-0.121607244,-0.24333258,1.0775473,PSAP,LMC,GATA3,Zf
1270,1,-0.07449697,-0.25159925,-1.7090669,GPX7,MEF,CTCF,Zf
650,1,-0.15812221,-0.22249272,-2.9483588,CREG2,MEF,YY1,Zf
2875,1,-0.14989896,-0.14989896,-2.018522,STARD8,MEF,TEAD4,TEA
1531,0,-0.38339126,-0.24550179,1.7289557,KCNB1,LMC,ATF2,bZIP
1234,0,-0.3375485,-0.1342841,2.3392198,GPR115,LMC,TCF12,bHLH
3194,1,-0.3341544,-0.39005762,-2.786687,VCAN,MEF,ELF1,ETS
2770,0,-0.5315311,-0.5315311,1.1465795,SLIT3,LMC,PAX5,"Paired,Homeobox"
465,1,-0.1124492,-0.24333258,-2.799609,CDC20,MEF,CTCF,Zf
731,0,-0.3777494,-0.24283965,-1.1816763,DCLK1,LMC,EGR1,Zf
1945,0,-0.33058694,-0.3917693,-1.0440217,NCAM2,LMC,ELF1,ETS
1507,0,-0.01444126,-0.17255645,3.2428863,IVL,LMC,STAT3,Stat
3249,1,-0.2790477,-0.25471953,-3.3419523,ZC3H12D,MEF,MAFF,bZIP
142,1,-0.08106524,-0.08106524,-1.0540168,ANKRD37,MEF,TEAD4,TEA
1350,0,-0.35318726,-0.41931188,1.3456764,HNMT,LMC,ELK1,ETS
705,1,-0.10369535,-0.10008492,1.9690752,CXXC4,MEF,BHLHE40,bHLH
2601,1,-0.3869897,-0.39942494,1.0084376,SEC14L5,MEF,ETS1,ETS
2402,0,-0.44224238,-0.29509667,1.5811112,PYCARD,LMC,MAFK,bZIP
1424,0,-0.39205822,-0.27780795,1.8200285,IGFBP6,LMC,MAFK,bZIP
3063,0,-0.009364229,-0.17137949,1.0644271,TNFSF13,LMC,STAT3,Stat
2797,1,-0.3474289,-0.29509667,1.207182,SNX16,MEF,ATF1,bZIP
2958,0,0.011842721,-0.21953267,-1.3373098,TET1,LMC,FOXA1,Forkhead
565,0,0.016314197,-0.13941021,-1.0084794,CKS1B,LMC,USF1,bHLH
320,1,-0.26692143,-0.26692143,-3.2193103,BUB1,MEF,EBF1,EBF
1921,0,-0.2507436,-0.25159925,1.0211234,MYO1D,LMC,ZEB1,Zf
741,1,-0.32700178,-0.25159925,-1.5264184,DDX11,MEF,GATA1,Zf
2822,0,0.07771543,-0.1980394,-1.0630472,SPAG4,LMC,STAT3,Stat
2521,1,-0.10369535,-0.10008492,-1.8238152,RNF180,MEF,BHLHE40,bHLH
105,0,-0.4733331,-0.39005762,1.1006429,AKAP5,LMC,ELK1,ETS
1606,0,-0.21361919,-0.25471953,1.7298887,KRT18,LMC,ATF3,bZIP
2510,1,-0.46016192,-0.24450046,-1.4080577,RINL,MEF,EGR1,Zf
2195,0,-0.6928834,-0.10944186,1.3882145,PGAP1,LMC,FOXM1,Forkhead
2993,0,-0.1124492,-0.24333258,-1.9840968,TLE6,LMC,CTCF,Zf
2420,1,-0.17407607,-0.121736646,1.419062,RAB37,MEF,MAX,bHLH
17,0,-0.01444126,-0.17255645,1.7177593,ABI3,LMC,STAT3,Stat
2675,0,-0.3070402,-0.24450046,-4.1663847,SIX1,LMC,YY1,Zf
2806,1,-0.16561359,-0.22810093,1.7314748,SORCS1,MEF,JUND,bZIP
2818,0,-0.15764365,-0.14792581,-2.2571666,SP3,LMC,RFX5,HTH
1530,0,-0.35806254,-0.38195667,1.6391324,KCNAB2,LMC,ETS1,ETS
2233,0,-0.26188308,-0.27780795,-2.8839755,PLAC8,LMC,FOSL2,bZIP
227,0,-0.3610153,-0.22249272,1.0275687,ASIC1,LMC,EGR1,Zf
2909,1,-0.33639127,-0.4713425,-1.8490396,SYK,MEF,IRF1,IRF
2208,1,-0.34099022,-0.38195667,-2.939009,PIEZO2,MEF,ELK1,ETS
2495,0,0.06421617,-0.24450046,-3.3809948,RGS4,LMC,CTCF,Zf
31,1,-0.2064243,-0.25159925,-1.0644914,ACOT7,MEF,YY1,Zf
2510,1,0.06421617,-0.24450046,-1.4080577,RINL,MEF,CTCF,Zf
2240,1,-0.3070402,-0.24450046,-2.267215,PLCG2,MEF,YY1,Zf
308,1,0.21614419,-0.17782252,1.4442719,BPGM,MEF,FOXA1,Forkhead
2647,0,-0.2954083,-0.24550179,-2.391878,SH3BGR,LMC,ATF3,bZIP
2998,1,-0.46165287,-0.4067228,-5.6713085,TLR7,MEF,CUX1,Homeobox
1570,1,-0.22240412,-0.10008492,-2.6483867,KIF20A,MEF,TCF12,bHLH
3187,1,-0.10827843,-0.121736646,-1.1646138,VASH2,MEF,USF2,bHLH
1145,0,-0.31818998,-0.24333258,2.0527973,GALNT6,LMC,ZEB1,Zf
152,1,-0.30779734,-0.3917693,2.3326733,ANXA8,MEF,ETS1,ETS
2980,0,-0.1124492,-0.24333258,-1.433342,TIAM2,LMC,CTCF,Zf
1752,1,-0.39205822,-0.27780795,-1.2879815,MAN2A1,MEF,MAFK,bZIP
588,1,-0.1505293,-0.1342841,-1.1658243,CMTM3,MEF,USF2,bHLH
1271,0,-0.2300118,-0.25159925,-2.1776073,GRAMD2,LMC,MAZ,Zf
223,1,-0.12554857,-0.24550179,2.719327,ASB5,MEF,JUND,bZIP
778,1,-0.11649651,-0.25471953,1.1577137,DNAH12,MEF,JUND,bZIP
320,1,-0.36259097,-0.38195667,-3.2193103,BUB1,MEF,ELF1,ETS
2403,1,-0.20454665,-0.20454665,-3.781902,PYGL,MEF,TEAD4,TEA
41,1,-0.1826178,-0.24450046,-1.2971035,ACTN3,MEF,SP1,Zf
1789,1,-0.058015816,-0.18281521,-2.0146992,MCM3,MEF,STAT3,Stat
725,0,-0.28616667,-0.25693348,-1.014441,DACH2,LMC,E2F6,E2F
2709,0,-0.30779734,-0.3917693,1.6009575,SLC22A18,LMC,ETS1,ETS
2304,0,-0.058015816,-0.18281521,-2.0846791,PPARGC1A,LMC,STAT3,Stat
2062,1,-0.2849582,-0.2849582,1.6376249,NWD1,MEF,EBF1,EBF
3137,1,-0.21342848,-0.28884968,-2.5206616,TTK,MEF,E2F6,E2F
632,1,-0.35132957,-0.35132957,-4.326084,CORO2A,MEF,HNF4A,NR
1388,0,0.011842721,-0.21953267,1.3629756,HRASLS,LMC,FOXA1,Forkhead
1175,1,-0.20953742,-0.22249272,1.5987715,GDF7,MEF,MAZ,Zf
1462,1,0.03645469,-0.22810093,2.0781827,INA,MEF,BACH1,bZIP
2472,0,-0.6928834,-0.10944186,2.18051,RBM47,LMC,FOXM1,Forkhead
1323,0,-0.1505293,-0.1342841,1.1139588,HEG1,LMC,USF2,bHLH
566,0,-0.7695519,-0.25159925,-1.1170683,CKS2,LMC,ZBTB33,Zf
140,1,-0.933204,-0.22249272,-3.3900094,ANKRD33B,MEF,BCL11A,Zf
3006,1,-0.24165441,-0.29509667,1.0813895,TMEFF2,MEF,JUND,bZIP
2532,0,-0.18621291,-0.24333258,2.1629055,RORC,LMC,YY1,Zf
1589,1,-0.07949572,-0.21953267,1.5408548,KLF15,MEF,FOXA2,Forkhead
190,1,-0.22746871,-0.25187832,1.4984578,ARHGAP6,MEF,E2F6,E2F
2645,1,-0.21918109,-0.21918109,-1.7524849,SH2D4B,MEF,TCF3,HMG
1586,0,-0.39205822,-0.27780795,-1.0530518,KISS1R,LMC,MAFK,bZIP
1879,1,-0.34370995,-0.24333258,-8.843497,MS4A7,MEF,EGR1,Zf
2186,1,-0.20953742,-0.22249272,5.879746,PENK,MEF,MAZ,Zf
540,0,-0.440717,-0.25471953,-1.2108208,CHD3,LMC,MAFK,bZIP
1638,1,-0.2808588,-0.24283965,2.3367846,LEF1,MEF,ZEB1,Zf
2321,0,-0.21342848,-0.28884968,-2.1748042,PPP4R4,LMC,E2F6,E2F
448,1,-0.009364229,-0.17137949,-7.077686,CD37,MEF,STAT3,Stat
61,1,-0.39205822,-0.27780795,-2.3633895,ADAMTS4,MEF,MAFK,bZIP
2246,1,-0.36049217,-0.22810093,-1.8872231,PLEKHA2,MEF,FOS,bZIP
2094,0,-0.43345997,-0.22249272,-1.9019642,OSR1,LMC,ZNF263,Zf
436,0,-0.71902657,-0.24550179,2.1737292,CD200R1,LMC,BATF,bZIP
1629,1,0.03116794,-0.22249272,-3.0095243,LCE1F,MEF,CTCF,Zf
557,1,-0.3569094,-0.25159925,-1.8041896,CHTF18,MEF,ZNF263,Zf
2867,0,-0.2300118,-0.25159925,1.8598232,ST8SIA4,LMC,MAZ,Zf
1011,0,-0.2849582,-0.2849582,-1.7455534,FAM83D,LMC,EBF1,EBF
789,1,-0.10827843,-0.121736646,-1.4228231,DNER,MEF,USF2,bHLH
3048,0,-0.48430756,-0.24313685,1.9823439,TMEM82,LMC,STAT1,Stat
2998,0,-0.20776576,-0.20776576,2.3205812,TLR7,LMC,EBF1,EBF
1811,1,-0.3773888,-0.18281521,1.4938444,MEST,MEF,STAT1,Stat
2404,0,-0.0013588448,-0.24283965,2.0055208,PYGM,LMC,CTCF,Zf
1477,1,-0.08568381,-0.24450046,-1.2859206,IRF7,MEF,MAZ,Zf
644,0,-0.17150766,-0.17150766,-3.9277136,CRABP1,LMC,TEAD4,TEA
464,0,-0.0061152284,-0.10008492,-1.0312785,CD97,LMC,USF1,bHLH
1909,1,-0.21895796,-0.21895796,-1.005563,MYH9,MEF,EBF1,EBF
2647,0,-0.38059002,-0.38059002,-2.391878,SH3BGR,LMC,PAX5,"Paired,Homeobox"
512,0,-0.2913164,-0.42379856,-2.2418776,CENPF,LMC,NANOG,Homeobox
482,1,-0.35390377,-0.22810093,2.0275156,CDH17,MEF,ATF1,bZIP
2900,1,-0.08974322,-0.146989,-1.1133305,SUSD1,MEF,MAX,bHLH
1946,1,-0.15764365,-0.14792581,-2.066573,NCAPD2,MEF,RFX5,HTH
2984,1,0.023197008,-0.146989,-1.3954704,TIMELESS,MEF,USF1,bHLH
135,0,-0.15764365,-0.14792581,2.654027,ANGPTL7,LMC,RFX5,HTH
1399,0,-0.7485091,-0.20371658,1.2212778,HSPB1,LMC,FOXM1,Forkhead
665,1,-0.2470073,-0.39005762,-4.4421754,CSF2RB,MEF,ETS1,ETS
1547,0,-0.37776268,-0.37776268,1.4255404,KCNJ2,LMC,TCF3,HMG
2865,0,-0.7844056,-0.2053601,2.110686,ST8SIA1,LMC,FOXM1,Forkhead
2916,1,0.041926194,-0.24283965,-1.9595618,SYNPO2,MEF,GATA3,Zf
517,0,-0.541412,-0.25159925,-1.3688151,CENPN,LMC,EGR1,Zf
1547,0,-0.36645967,-0.22249272,1.4255404,KCNJ2,LMC,ZEB1,Zf
682,0,-0.19379956,-0.22810093,-2.1796834,CTNND2,LMC,ATF2,bZIP
323,1,0.13713937,-0.20371658,1.5764846,C1GALT1,MEF,FOXA1,Forkhead
1750,0,-0.4467859,-0.3917693,-1.3566232,MAMSTR,LMC,ELK1,ETS
746,1,-0.2300118,-0.25159925,-1.6103755,DENND2D,MEF,MAZ,Zf
944,0,-0.2583255,-0.12410606,-1.0075725,EZH2,LMC,MEF2A,MADS
1745,0,-0.34278938,-0.41931188,2.630295,MAK,LMC,ELF1,ETS
427,1,-0.25341198,-0.22810093,1.174304,CCPG1,MEF,ATF3,bZIP
3168,1,-0.3076643,-0.4621776,-3.5868664,ULBP1,MEF,IRF1,IRF
186,1,-0.39900714,-0.22249272,-7.0380754,ARHGAP30,MEF,GATA1,Zf
2969,1,-0.3933147,-0.24283965,-1.1554362,TGFB1I1,MEF,ZKSCAN1,Zf
1805,1,-0.057535224,-0.27780795,2.5338821,MEIG1,MEF,BACH1,bZIP
2313,0,-0.15054174,-0.24450046,-2.7252042,PPP1R14A,LMC,GATA3,Zf
2318,1,-0.37527534,-0.37527534,1.4274718,PPP1R42,MEF,NRF1,NRF
1345,1,0.06421617,-0.24450046,3.536244,HMGCS2,MEF,CTCF,Zf
2439,1,-0.5069276,-0.27780795,-1.1696179,RALGPS2,MEF,ATF2,bZIP
2091,0,-0.21907748,-0.27780795,-2.7508404,OSBPL6,LMC,JUND,bZIP
917,1,-0.2185933,-0.3794154,-2.154528,ERCC6L,MEF,IRF1,IRF
2881,1,-0.3869897,-0.39942494,-1.7704527,STIL,MEF,ETS1,ETS
706,1,-0.19239004,-0.26135686,1.1717257,CXXC5,MEF,E2F4,E2F
3090,1,-0.3773888,-0.18281521,-3.3326726,TRAF3IP3,MEF,STAT1,Stat
3149,1,-0.07949572,-0.21953267,-1.5823541,TUBB4A,MEF,FOXA2,Forkhead
2233,1,-0.29360482,-0.13941021,-5.6620755,PLAC8,MEF,TCF12,bHLH
1795,1,0.08411567,-0.24550179,-1.2361659,MDFI,MEF,BACH1,bZIP
2727,0,-0.28121933,-0.25159925,-3.1119766,SLC2A4,LMC,SP1,Zf
84,1,-0.3625331,-0.38195667,2.7219355,ADRB3,MEF,GABPA,ETS
2528,0,-0.3705123,-0.25471953,1.9393216,ROBO4,LMC,FOSL2,bZIP
475,1,-0.21361919,-0.25471953,-1.4936433,CDCA5,MEF,ATF3,bZIP
2798,1,-0.10827843,-0.121736646,-4.3869257,SNX20,MEF,USF2,bHLH
235,0,-0.120565586,-0.1342841,-1.0292096,ATG16L2,LMC,MAX,bHLH
2907,1,0.018755239,0.02968777,2.5369368,SYBU,MEF,RFX5,HTH
2070,0,-0.64209527,-0.1980394,2.3798885,OAS2,LMC,STAT1,Stat
2416,0,-0.33296144,-0.24550179,-2.3170738,RAB27A,LMC,MAFK,bZIP
2233,1,-0.08106524,-0.08106524,-5.6620755,PLAC8,MEF,TEAD4,TEA
1052,1,-0.46016192,-0.24450046,2.0621297,FGF13,MEF,EGR1,Zf
244,1,-0.33817908,-0.29509667,-4.804868,ATP6V0D2,MEF,FOS,bZIP
1508,0,-0.64209527,-0.1980394,3.5022085,IZUMO1,LMC,STAT1,Stat
58,1,-0.38071528,-0.24283965,-1.678059,ADAMTS16,MEF,ZNF263,Zf
69,0,-0.25165793,-0.0023815737,-1.6997627,ADARB1,LMC,MEF2A,MADS
2273,0,-0.25436184,-0.25436184,2.0984888,PLXNC1,LMC,TEAD4,TEA
217,0,-0.056725405,-0.121736646,-1.5774028,ART4,LMC,BHLHE40,bHLH
2436,1,-0.38057798,-0.24450046,-1.7905334,RAD54L,MEF,GATA1,Zf
585,0,-0.35318726,-0.41931188,1.6729612,CLU,LMC,ELK1,ETS
1713,0,-0.12447846,-0.22249272,-2.0219324,LRRTM2,LMC,GATA2,Zf
2196,0,-0.29360482,-0.13941021,-1.2279279,PGAP3,LMC,TCF12,bHLH
2151,0,-0.07449697,-0.25159925,1.17195,PCED1B,LMC,CTCF,Zf
3183,0,-0.30003953,-0.30003953,1.3692124,USP53,LMC,NRF1,NRF
1312,1,-0.3070402,-0.24450046,2.181514,HAPLN4,MEF,YY1,Zf
677,0,-0.19612858,-0.146989,2.8588223,CST9,LMC,USF2,bHLH
518,1,-0.39205822,-0.27780795,-1.4699304,CENPP,MEF,MAFK,bZIP
373,0,-0.15054174,-0.24450046,1.1052054,CAT,LMC,GATA3,Zf
2674,0,-0.2952564,-0.2952564,1.9006237,SIRPA,LMC,HNF4A,NR
128,0,-0.121607244,-0.24333258,1.1151143,AMIGO2,LMC,GATA3,Zf
2747,0,-0.4467859,-0.3917693,1.1855206,SLC44A1,LMC,ELK1,ETS
2633,0,-0.2678836,-0.24283965,-1.5760641,SFRP1,LMC,SP1,Zf
3081,1,-0.22735961,-0.24550179,-1.4911098,TOX3,MEF,MAFF,bZIP
1162,1,-0.21459776,-0.24333258,1.5318578,GCA,MEF,MAZ,Zf
1740,1,-0.30776003,-0.24450046,3.3150687,MAB21L1,MEF,ZNF263,Zf
2379,1,-0.1826178,-0.24450046,-1.1953413,PTMS,MEF,SP1,Zf
2148,0,-0.16941127,-0.25471953,-1.0057567,PCDHGC3,LMC,FOS,bZIP
162,1,-0.120565586,-0.1342841,3.098799,APLN,MEF,MAX,bHLH
382,1,-0.10827843,-0.121736646,1.5888566,CCDC113,MEF,USF2,bHLH
89,1,-0.21918109,-0.21918109,1.3459423,AGBL2,MEF,TCF3,HMG
522,0,-0.7844056,-0.2053601,1.2640113,CENPV,LMC,FOXM1,Forkhead
317,1,-0.27228355,-0.24283965,-6.688671,BTK,MEF,GATA2,Zf
2111,1,-0.1505293,-0.1342841,-1.24494,PADI2,MEF,USF2,bHLH
3043,1,-0.14724034,-0.14724034,-2.8654144,TMEM51,MEF,EBF1,EBF
2159,1,-0.36259097,-0.38195667,-3.5044124,PCSK9,MEF,ELF1,ETS
511,1,-0.0061152284,-0.10008492,-2.789674,CENPE,MEF,USF1,bHLH
1530,0,-0.038338926,-0.10008492,1.6391324,KCNAB2,LMC,MYOG,bHLH
2797,1,0.8549915,-0.22249272,1.207182,SNX16,MEF,PRDM1,Zf
1039,1,-0.20916343,-0.20916343,1.1082104,FBXO7,MEF,NRF1,NRF
1624,1,-0.14724034,-0.14724034,-1.0089527,LARP1B,MEF,EBF1,EBF
222,1,-0.2849582,-0.2849582,-1.5726495,ASB2,MEF,EBF1,EBF
102,1,-0.13559982,-0.10008492,1.2664098,AK9,MEF,MAX,bHLH
1236,0,-0.169331,-0.25693348,-1.5351888,GPR124,LMC,E2F4,E2F
2972,1,-0.2300118,-0.25159925,-1.3267065,TGM2,MEF,MAZ,Zf
3118,1,-0.56297857,-0.22249272,1.308769,TRPS1,MEF,ZBTB33,Zf
219,0,-0.25436184,-0.25436184,-1.2496016,ASAP3,LMC,TEAD4,TEA
2210,0,0.13713937,-0.20371658,2.0439394,PIK3AP1,LMC,FOXA1,Forkhead
1141,0,-0.19842377,-0.50137913,-1.1767629,GALNT16,LMC,NANOG,Homeobox
1443,0,-0.44168723,-0.24550179,-1.0708433,IL17RC,LMC,FOS,bZIP
1001,0,-0.09351536,-0.24313685,1.5367558,FAM49A,LMC,STAT3,Stat
1954,1,-0.2678836,-0.24283965,-6.857463,NCF4,MEF,SP1,Zf
1780,0,0.023197008,-0.146989,-1.1029267,MBOAT2,LMC,USF1,bHLH
2449,1,0.17063665,-0.10944186,2.0997539,RARB,MEF,FOXA1,Forkhead
2849,1,-0.15764365,-0.14792581,-1.6306322,SPTB,MEF,RFX5,HTH
1569,1,-0.37601265,-0.39942494,-1.7053663,KIF18B,MEF,ELF1,ETS
30,1,-0.1124492,-0.24333258,-1.6896966,ACOT4,MEF,CTCF,Zf
2571,0,-0.933204,-0.22249272,2.2119925,SAMSN1,LMC,BCL11A,Zf
2361,0,-0.2507436,-0.25159925,1.0775473,PSAP,LMC,ZEB1,Zf
2839,1,-0.40533945,-0.39005762,1.4012864,SPNS2,MEF,GABPA,ETS
764,1,-0.51637894,-0.42379856,-2.7786102,DLGAP5,MEF,CUX1,Homeobox
1511,1,-0.038338926,-0.10008492,1.9335152,JAG2,MEF,MYOG,bHLH
1095,0,-0.21437913,-0.2712014,-1.7231222,FOXC1,LMC,E2F4,E2F
645,1,-0.14989896,-0.14989896,2.2899835,CRABP2,MEF,TEAD4,TEA
563,0,-0.44168723,-0.24550179,-1.8968099,CKAP2L,LMC,FOS,bZIP
3059,1,-0.26692143,-0.26692143,2.9543939,TNFRSF11B,MEF,EBF1,EBF
2123,0,-0.35390377,-0.22810093,-1.0591209,PAQR8,LMC,ATF1,bZIP
1699,0,0.028543921,-0.29509667,3.4313452,LRRC2,LMC,BACH1,bZIP
452,1,-0.20776576,-0.20776576,1.1053462,CD55,MEF,EBF1,EBF
1815,0,-0.08617797,-0.146989,-1.8705608,MEX3B,LMC,MYOG,bHLH
1775,1,-0.34278938,-0.41931188,-1.0848607,MASTL,MEF,ELF1,ETS
1572,1,-0.38057798,-0.24450046,1.4070278,KIF21A,MEF,GATA1,Zf
1648,0,-0.08974322,-0.146989,1.3943249,LGMN,LMC,MAX,bHLH
1209,1,-0.46165287,-0.4067228,-2.8732285,GMFG,MEF,CUX1,Homeobox
3216,1,0.041926194,-0.24283965,-1.087505,WDR90,MEF,GATA3,Zf
2113,0,-0.17150766,-0.17150766,-1.3965085,PAK3,LMC,TEAD4,TEA
1255,1,-0.40787458,-0.3917693,-1.3369602,GPR35,MEF,GABPA,ETS
2951,1,-0.28616667,-0.25693348,1.7548503,TCP11,MEF,E2F6,E2F
1967,0,-0.009364229,-0.17137949,-1.1616241,NEDD9,LMC,STAT3,Stat
1219,0,-0.3773888,-0.18281521,2.0242908,GNGT2,LMC,STAT1,Stat
99,1,-0.21918109,-0.21918109,1.0351957,AIG1,MEF,TCF3,HMG
835,0,-0.5856867,-0.25187832,-1.6265401,E2F7,LMC,E2F1,E2F
2583,0,-0.3058912,-0.24283965,-2.5472686,SCML2,LMC,YY1,Zf
3004,1,-0.17513762,-0.146989,1.3661466,TMBIM4,MEF,BHLHE40,bHLH
932,0,-0.2859068,-0.146989,-1.0899669,EVA1C,LMC,TCF12,bHLH
995,1,-0.20454665,-0.20454665,1.193243,FAM26E,MEF,TEAD4,TEA
965,1,-0.120565586,-0.1342841,1.2164536,FAM110C,MEF,MAX,bHLH
879,0,-0.40787458,-0.3917693,1.6812562,ELMO1,LMC,GABPA,ETS
1662,0,-0.33296144,-0.24550179,-1.7920642,LIN7A,LMC,MAFK,bZIP
2583,0,-0.46016192,-0.24450046,-2.5472686,SCML2,LMC,EGR1,Zf
1925,1,-0.38490406,-0.38490406,1.9409447,MYO5C,MEF,PAX5,"Paired,Homeobox"
3045,1,-0.33280078,-0.24333258,2.5361538,TMEM56,MEF,GATA2,Zf
2959,0,-0.3869897,-0.39942494,-1.0561966,TEX14,LMC,ETS1,ETS
1185,1,-0.24165441,-0.29509667,1.7013246,GGT1,MEF,JUND,bZIP
2436,1,-0.25341198,-0.22810093,-1.7905334,RAD54L,MEF,ATF3,bZIP
2228,1,-0.14976743,-0.22810093,2.2447371,PLA2G2E,MEF,FOSL2,bZIP
1778,0,-0.33280078,-0.24333258,-3.215314,MATN3,LMC,GATA2,Zf
1269,0,-0.38057798,-0.24450046,1.5689214,GPSM3,LMC,GATA1,Zf
1399,0,0.09181779,-0.20306948,1.2212778,HSPB1,LMC,MEF2C,MADS
2123,0,-0.21361919,-0.25471953,-1.0591209,PAQR8,LMC,ATF3,bZIP
1217,1,-0.21459776,-0.24333258,-1.6845399,GNG3,MEF,MAZ,Zf
1955,1,-0.0013588448,-0.24283965,-8.006204,NCKAP1L,MEF,CTCF,Zf
1612,1,-0.08106524,-0.08106524,-1.2025015,KYNU,MEF,TEAD4,TEA
1641,0,-0.44168723,-0.24550179,-1.0036451,LEPREL2,LMC,FOS,bZIP
2895,0,-0.36259097,-0.38195667,1.2344522,STXBP5,LMC,ELF1,ETS
891,1,-0.1124492,-0.24333258,5.217625,EN2,MEF,CTCF,Zf
895,0,-0.3430542,-0.3430542,-2.741761,ENO3,LMC,PAX5,"Paired,Homeobox"
647,1,-0.01444126,-0.17255645,1.366474,CRCT1,MEF,STAT3,Stat
1884,1,0.07771543,-0.1980394,-1.0198689,MSRA,MEF,STAT3,Stat
3236,0,-0.25436184,-0.25436184,1.1457943,WWP1,LMC,TEAD4,TEA
2649,1,-0.1826178,-0.24450046,-2.037939,SH3BP2,MEF,SP1,Zf
3163,0,-0.2300118,-0.25159925,2.111546,UBXN10,LMC,MAZ,Zf
1522,1,-0.65735245,-0.17782252,1.0859743,KBTBD8,MEF,FOXM1,Forkhead
2099,1,-0.17407607,-0.121736646,2.5049512,OXGR1,MEF,MAX,bHLH
1734,1,-0.30003953,-0.30003953,1.0396278,LYRM7,MEF,NRF1,NRF
2677,0,-0.64209527,-0.1980394,-1.2792745,SKA3,LMC,STAT1,Stat
2597,1,-0.14724034,-0.14724034,1.4566245,SDC2,MEF,EBF1,EBF
848,1,-0.08617797,-0.146989,-2.0080101,ECT2,MEF,MYOG,bHLH
2271,0,-0.3773888,-0.18281521,-1.4401994,PLXNA3,LMC,STAT1,Stat
2420,1,-0.1666823,-0.13941021,1.419062,RAB37,MEF,USF2,bHLH
3019,0,-0.40787458,-0.3917693,-1.6892291,TMEM158,LMC,GABPA,ETS
2705,0,-0.36049217,-0.22810093,1.2930623,SLC18A1,LMC,FOS,bZIP
2788,1,-0.00943349,-0.121736646,2.8937335,SNAI3,MEF,USF1,bHLH
763,0,-0.36259097,-0.38195667,2.4377005,DLG2,LMC,ELF1,ETS
577,0,-0.89867353,-0.24450046,2.0264566,CLEC7A,LMC,BCL11A,Zf
2311,0,-0.56297857,-0.22249272,2.419608,PPM1N,LMC,ZBTB33,Zf
1087,1,-0.08568381,-0.24450046,1.1361747,FNDC3A,MEF,MAZ,Zf
1607,1,-0.20953742,-0.22249272,-2.105472,KRT19,MEF,MAZ,Zf
1059,1,-0.21459776,-0.24333258,-1.306481,FGFR1,MEF,MAZ,Zf
2833,1,-0.65183055,-0.47267562,-7.2477894,SPI1,MEF,CUX1,Homeobox
3055,1,-0.63670325,-0.21953267,-2.0917385,TNFAIP8L1,MEF,FOXM1,Forkhead
2958,0,-0.34370995,-0.24333258,-1.3373098,TET1,LMC,EGR1,Zf
296,1,-0.44224238,-0.29509667,-1.5980535,BLNK,MEF,MAFK,bZIP
2855,0,-0.1666823,-0.13941021,1.6506883,SRPK3,LMC,USF2,bHLH
1859,0,-0.36049217,-0.22810093,-1.2297763,MNS1,LMC,FOS,bZIP
1272,1,-0.89867353,-0.24450046,-1.6432208,GRAP,MEF,BCL11A,Zf
1118,1,-0.28121933,-0.25159925,1.1508414,FSIP1,MEF,SP1,Zf
2492,1,-0.19239004,-0.26135686,-1.8323796,RGS16,MEF,E2F4,E2F
1075,0,-0.34914914,-0.27780795,1.706394,FLI1,LMC,FOS,bZIP
1340,0,-0.20454665,-0.20454665,-1.6869295,HLF,LMC,TEAD4,TEA
335,0,-0.3341544,-0.39005762,2.3234644,C5AR2,LMC,ELF1,ETS
854,1,-0.08617797,-0.146989,-1.885986,EEPD1,MEF,MYOG,bHLH
1337,1,-0.22746871,-0.25187832,1.9967467,HIST2H2AC,MEF,E2F6,E2F
1249,1,0.06421617,-0.24450046,1.3253899,GPR174,MEF,CTCF,Zf
2167,0,-0.34914914,-0.27780795,-1.4760718,PDE4A,LMC,FOS,bZIP
711,0,-0.21459776,-0.24333258,1.6064867,CYBRD1,LMC,MAZ,Zf
1043,0,-0.40533945,-0.39005762,-1.2050055,FDPS,LMC,GABPA,ETS
879,1,0.03645469,-0.22810093,-2.5854182,ELMO1,MEF,BACH1,bZIP
1721,0,-0.19612858,-0.146989,-1.3911871,LTBP2,LMC,USF2,bHLH
1633,0,-0.2300118,-0.25159925,2.959293,LCTL,LMC,MAZ,Zf
30,1,-0.19842377,-0.50137913,-1.6896966,ACOT4,MEF,NANOG,Homeobox
917,1,-0.08974322,-0.146989,-2.154528,ERCC6L,MEF,MAX,bHLH
2275,1,-0.3341544,-0.39005762,2.3952186,PM20D2,MEF,ELF1,ETS
598,0,-0.34099022,-0.38195667,-2.030143,CNR1,LMC,ELK1,ETS
527,0,-0.2470073,-0.39005762,-1.1976969,CERCAM,LMC,ETS1,ETS
1907,0,-0.18621291,-0.24333258,-4.2338176,MYH11,LMC,YY1,Zf
1871,0,0.06421617,-0.24450046,2.041026,MRC1,LMC,CTCF,Zf
829,0,-0.65735245,-0.17782252,-1.1774735,DUT,LMC,FOXM1,Forkhead
1548,1,-0.24165441,-0.29509667,1.2121007,KCNJ4,MEF,JUND,bZIP
3217,0,-0.541412,-0.25159925,1.1876146,WDR91,LMC,EGR1,Zf
1048,0,-0.26692143,-0.26692143,3.2970698,FGF1,LMC,EBF1,EBF
2607,1,-0.058015816,-0.18281521,2.4777281,SEMA3B,MEF,STAT3,Stat
1478,1,-0.13559982,-0.10008492,-4.4361186,IRF8,MEF,MAX,bHLH
881,0,-0.15812221,-0.22249272,-5.3738065,ELN,LMC,YY1,Zf
985,1,-0.28616667,-0.25693348,1.7579721,FAM196A,MEF,E2F6,E2F
582,0,-0.35028386,-0.4067228,1.3879285,CLN3,LMC,NANOG,Homeobox
1815,0,-0.7979473,-0.24283965,-1.8705608,MEX3B,LMC,SP2,Zf
2617,0,-0.12554857,-0.24550179,1.9699252,SEPP1,LMC,JUND,bZIP
582,0,-0.009410201,-0.10008492,1.3879285,CLN3,LMC,USF2,bHLH
1984,1,0.016311714,0.00623205,-1.7410284,NFKBID,MEF,RFX5,HTH
2728,1,-0.1607576,-0.24283965,1.2351124,SLC2A6,MEF,MAZ,Zf
310,1,-0.049117733,-0.13941021,-4.55177,BRINP3,MEF,MAX,bHLH
778,1,-0.011590093,-0.22249272,1.1577137,DNAH12,MEF,GATA3,Zf
3159,1,-0.009410201,-0.10008492,-1.1776502,UBASH3B,MEF,USF2,bHLH
1512,1,-0.2678836,-0.24283965,-2.120445,JAKMIP2,MEF,SP1,Zf
2923,0,-0.37167174,-0.29509667,1.0585166,SYTL1,LMC,ATF2,bZIP
129,1,-0.21342848,-0.28884968,-1.5233402,AMPH,MEF,E2F6,E2F
1885,0,-0.38278377,-0.42379856,1.5789908,MST1R,LMC,PBX3,Homeobox
2828,1,-0.41913924,-0.24333258,-1.3120675,SPDL1,MEF,ZBTB33,Zf
2965,1,-0.8875255,-0.25471953,-1.7823138,TFPI,MEF,BATF,bZIP
341,0,-0.15054174,-0.24450046,-1.2593856,CACNA1H,LMC,GATA3,Zf
2796,1,-0.21342848,-0.28884968,1.6409645,SNTB1,MEF,E2F6,E2F
297,1,-0.45038855,-0.39942494,-1.4785533,BMP1,MEF,GABPA,ETS
3171,0,-0.37601265,-0.39942494,1.9846693,UNC13D,LMC,ELF1,ETS
449,1,-0.14724034,-0.14724034,-8.109968,CD48,MEF,EBF1,EBF
474,1,-0.38339126,-0.24550179,-2.0174904,CDCA3,MEF,ATF2,bZIP
1487,0,-0.2727483,-0.2712014,-2.077426,ITGA1,LMC,E2F6,E2F
1146,0,-0.15764365,-0.14792581,-1.4452633,GAMT,LMC,RFX5,HTH
566,0,-0.29360482,-0.13941021,-1.1170683,CKS2,LMC,TCF12,bHLH
954,0,-0.21907748,-0.27780795,1.3474227,FABP3,LMC,JUND,bZIP
452,1,-0.12554857,-0.24550179,1.1053462,CD55,MEF,JUND,bZIP
1071,0,-0.43345997,-0.22249272,-1.2014732,FIGNL2,LMC,ZNF263,Zf
879,0,-0.37527534,-0.37527534,1.6812562,ELMO1,LMC,NRF1,NRF
2296,1,-0.19239004,-0.26135686,-3.999846,POU2F2,MEF,E2F4,E2F
3059,1,-0.08568381,-0.24450046,2.9543939,TNFRSF11B,MEF,MAZ,Zf
764,0,-0.15812221,-0.22249272,-2.0095258,DLGAP5,LMC,YY1,Zf
2853,1,-0.056725405,-0.121736646,-3.395386,SRGN,MEF,BHLHE40,bHLH
2303,1,-0.1689725,-0.13941021,-1.1236767,PPARA,MEF,BHLHE40,bHLH
3267,1,-0.26692143,-0.26692143,-1.183221,ZWILCH,MEF,EBF1,EBF
2187,1,-0.25436184,-0.25436184,2.418656,PERP,MEF,TEAD4,TEA
102,1,-0.33280078,-0.24333258,1.2664098,AK9,MEF,GATA2,Zf
601,1,-0.28616667,-0.25693348,-1.3648314,CNTFR,MEF,E2F6,E2F
2285,0,-0.36259097,-0.38195667,-2.1879153,PODNL1,LMC,ELF1,ETS
2500,1,-0.37601265,-0.39942494,1.8313671,RHD,MEF,ELF1,ETS
716,0,-0.33080074,-0.22810093,-1.085661,CYP26B1,LMC,MAFK,bZIP
2335,1,-0.33080074,-0.22810093,-4.4554343,PRKCB,MEF,MAFK,bZIP
998,0,-0.049117733,-0.13941021,-1.4954357,FAM46B,LMC,MAX,bHLH
585,0,-0.20454665,-0.20454665,1.6729612,CLU,LMC,TEAD4,TEA
3205,0,-0.169331,-0.25693348,1.9377216,VTCN1,LMC,E2F4,E2F
953,1,-0.056725405,-0.121736646,1.0861168,FAAH,MEF,BHLHE40,bHLH
2853,1,-0.2678836,-0.24283965,-3.395386,SRGN,MEF,SP1,Zf
2057,1,-0.20776576,-0.20776576,-2.8949068,NUF2,MEF,EBF1,EBF
1354,1,0.5159049,-0.24283965,3.3400688,HOTAIR,MEF,PRDM1,Zf
2901,1,-0.21918109,-0.21918109,-5.1530013,SUSD3,MEF,TCF3,HMG
2472,0,-0.43756613,-0.41931188,2.18051,RBM47,LMC,ETS1,ETS
1003,1,-0.057535224,-0.27780795,-3.493651,FAM64A,MEF,BACH1,bZIP
1773,1,-0.2678836,-0.24283965,-1.0550821,MAST1,MEF,SP1,Zf
784,1,-0.5329097,-0.36911827,1.0831264,DNAJB4,MEF,MEF2A,MADS
2646,0,-0.11649651,-0.25471953,2.1527162,SH2D5,LMC,JUND,bZIP
1856,1,-0.16561359,-0.22810093,-2.300053,MMP9,MEF,JUND,bZIP
1335,1,-0.62452394,-0.4713425,1.0415667,HIST1H1C,MEF,IRF4,IRF
2285,1,-0.3375485,-0.1342841,-2.140682,PODNL1,MEF,TCF12,bHLH
1265,1,-0.39205822,-0.27780795,2.4965944,GPRC5A,MEF,MAFK,bZIP
1408,0,-0.15054174,-0.24450046,-1.0610017,ICA1,LMC,GATA3,Zf
1916,1,-0.36550322,-0.47267562,1.0238945,MYLK3,MEF,PBX3,Homeobox
1056,0,-0.1607576,-0.24283965,-2.1430054,FGF7,LMC,MAZ,Zf
1629,1,-0.18621291,-0.24333258,-3.0095243,LCE1F,MEF,YY1,Zf
526,0,-0.45963168,-0.45963168,-1.5504444,CEP72,LMC,TCF3,HMG
3255,0,-0.37527534,-0.37527534,-1.031493,ZFP41,LMC,NRF1,NRF
1781,1,-0.30779734,-0.3917693,-1.9139942,MBP,MEF,ETS1,ETS
1831,1,-0.20776576,-0.20776576,-1.0806947,MIR143HG,MEF,EBF1,EBF
1671,1,-0.66942716,-0.22810093,-4.9727182,LMO2,MEF,BATF,bZIP
3173,0,-0.23244992,-0.52757335,-2.1704075,UNC5C,LMC,PBX3,Homeobox
2548,1,-0.36812532,-0.36812532,1.566765,RSPO3,MEF,NRF1,NRF
2127,0,0.016311714,0.00623205,-1.0090586,PARVA,LMC,RFX5,HTH
3261,1,-0.1505293,-0.1342841,1.0759444,ZKSCAN4,MEF,USF2,bHLH
1393,1,-0.049117733,-0.13941021,1.8035604,HSBP1L1,MEF,MAX,bHLH
837,0,-0.2952564,-0.2952564,1.0701014,EAF1,LMC,HNF4A,NR
2603,1,-0.057535224,-0.27780795,1.0266249,SEC61G,MEF,BACH1,bZIP
1162,1,-0.38059002,-0.38059002,1.5318578,GCA,MEF,PAX5,"Paired,Homeobox"
31,1,-0.45038855,-0.39942494,-1.0644914,ACOT7,MEF,GABPA,ETS
2116,1,-0.3430542,-0.3430542,1.2539239,PAM,MEF,PAX5,"Paired,Homeobox"
510,1,-0.22746871,-0.25187832,-3.0437114,CENPA,MEF,E2F6,E2F
668,1,-0.25436184,-0.25436184,2.486209,CSMD3,MEF,TEAD4,TEA
2896,1,-0.009410201,-0.10008492,1.5907596,STXBP6,MEF,USF2,bHLH
562,1,-0.2806714,-0.20306948,-1.191863,CKAP2,MEF,MEF2A,MADS
1003,1,-0.1689725,-0.13941021,-3.493651,FAM64A,MEF,BHLHE40,bHLH
360,0,0.027763726,-0.25159925,3.0680733,CAMKV,LMC,GATA3,Zf
1536,0,-0.76012087,-0.50137913,1.7919359,KCND2,LMC,CUX1,Homeobox
2641,0,-0.37601265,-0.39942494,-1.302446,SGOL2,LMC,ELF1,ETS
200,0,-0.26816452,-0.121736646,1.1891831,ARHGEF6,LMC,TCF12,bHLH
3046,1,-0.22735961,-0.24550179,3.3759873,TMEM59L,MEF,MAFF,bZIP
1763,1,-0.10505258,-0.1342841,-1.1248577,MAP4K1,MEF,BHLHE40,bHLH
738,1,-0.39205822,-0.27780795,1.3251095,DDIT4L,MEF,MAFK,bZIP
2420,1,-0.07449697,-0.25159925,1.419062,RAB37,MEF,CTCF,Zf
1435,0,-0.35806254,-0.38195667,2.724261,IL10,LMC,ETS1,ETS
1983,0,-0.22746871,-0.25187832,2.3211825,NFE2L3,LMC,E2F6,E2F
2433,1,-0.0013588448,-0.24283965,-1.425109,RAD51B,MEF,CTCF,Zf
604,1,-0.21907748,-0.27780795,2.2690716,CNTNAP3,MEF,JUND,bZIP
59,0,-0.20953742,-0.22249272,-1.310582,ADAMTS2,LMC,MAZ,Zf
771,0,-0.4467859,-0.3917693,-1.5984436,DMD,LMC,ELK1,ETS
3187,0,-0.39804247,-0.17255645,-1.3416171,VASH2,LMC,STAT1,Stat
2993,0,-0.15764365,-0.14792581,-1.9840968,TLE6,LMC,RFX5,HTH
1294,1,-0.34370995,-0.24333258,-1.3355373,GSG2,MEF,EGR1,Zf
2290,0,-0.07763662,-0.20371658,-1.5923315,POLE,LMC,FOXA2,Forkhead
1150,1,0.03645469,-0.22810093,1.2065096,GAS1,MEF,BACH1,bZIP
1485,1,-0.46016192,-0.24450046,1.4915516,ISM1,MEF,EGR1,Zf
819,0,-0.121607244,-0.24333258,1.1426833,DTNB,LMC,GATA3,Zf
2203,0,-0.13994873,-0.2053601,-1.6145118,PHF19,LMC,FOXA2,Forkhead
2290,1,-0.34370995,-0.24333258,-2.1355774,POLE,MEF,EGR1,Zf
705,1,-0.2064243,-0.25159925,1.9690752,CXXC4,MEF,YY1,Zf
2793,1,-0.51637894,-0.42379856,1.5012249,SNHG12,MEF,CUX1,Homeobox
2002,0,-0.33080074,-0.22810093,2.3368316,NLRC5,LMC,MAFK,bZIP
662,1,-0.009364229,-0.17137949,3.5131092,CRYM,MEF,STAT3,Stat
2198,1,-0.26816452,-0.121736646,1.3733616,PGF,MEF,TCF12,bHLH
85,0,-0.2954083,-0.24550179,1.3186541,ADSSL1,LMC,ATF3,bZIP
2192,1,0.03645469,-0.22810093,-1.0880144,PFKFB4,MEF,BACH1,bZIP
2952,0,-0.13149443,-0.22249272,-1.498963,TEAD2,LMC,SP1,Zf
748,1,-0.2678836,-0.24283965,1.1444718,DENND6B,MEF,SP1,Zf
83,0,-0.08568381,-0.24450046,-2.5038176,ADRA1D,LMC,MAZ,Zf
3153,0,-0.21301334,-0.25187832,-2.458286,TWIST2,LMC,E2F4,E2F
378,0,-0.16561359,-0.22810093,-1.082555,CBX2,LMC,JUND,bZIP
1044,0,-0.2507436,-0.25159925,2.0353117,FERMT3,LMC,ZEB1,Zf
2884,0,-0.44224238,-0.29509667,-2.5431578,STK32B,LMC,MAFK,bZIP
2450,0,-0.12554857,-0.24550179,-1.0523133,RARG,LMC,JUND,bZIP
2062,1,-0.5313326,-0.24450046,1.6376249,NWD1,MEF,ZKSCAN1,Zf
1574,1,-0.39205822,-0.27780795,-2.4750273,KIF23,MEF,MAFK,bZIP
2196,1,-0.25436184,-0.25436184,-1.4853812,PGAP3,MEF,TEAD4,TEA
2901,1,-0.26816452,-0.121736646,-5.1530013,SUSD3,MEF,TCF12,bHLH
1187,0,-0.33280078,-0.24333258,-1.3744384,GGT7,LMC,GATA2,Zf
2849,0,0.016311714,0.00623205,1.9335068,SPTB,LMC,RFX5,HTH
740,1,-0.1666823,-0.13941021,1.8431333,DDO,MEF,USF2,bHLH
1070,1,-0.26737517,-0.25159925,-1.9571518,FIGNL1,MEF,ZKSCAN1,Zf
74,0,0.03645469,-0.22810093,2.1872442,ADCYAP1R1,LMC,BACH1,bZIP
3162,1,0.041926194,-0.24283965,-1.5763762,UBE2T,MEF,GATA3,Zf
945,0,-0.65735245,-0.17782252,1.6291311,EZR,LMC,FOXM1,Forkhead
2845,0,-0.4776695,-0.22249272,-1.1286079,SPRY1,LMC,ZKSCAN1,Zf
3159,1,-0.2678836,-0.24283965,-1.1776502,UBASH3B,MEF,SP1,Zf
214,0,-0.22746871,-0.25187832,-1.316177,ARSI,LMC,E2F6,E2F
3112,0,-0.29414836,-0.26135686,-1.0263593,TRNP1,LMC,E2F6,E2F
48,1,-0.2507436,-0.25159925,-1.9442203,ADAM19,MEF,ZEB1,Zf
2549,0,0.06421617,-0.24450046,-2.055815,RTKN2,LMC,CTCF,Zf
3268,1,-0.37167174,-0.29509667,-1.4214575,ZYX,MEF,ATF2,bZIP
171,0,-0.12554857,-0.24550179,-1.3084476,APOLD1,LMC,JUND,bZIP
871,0,-0.0061152284,-0.10008492,1.2303663,EGR1,LMC,USF1,bHLH
109,1,-0.36550322,-0.47267562,4.0613685,ALDH1A1,MEF,PBX3,Homeobox
1298,0,0.19933423,-0.36911827,1.7987171,GSTA4,LMC,MEF2C,MADS
1680,0,-0.22240412,-0.10008492,-2.5213785,LOXL4,LMC,TCF12,bHLH
2047,0,-0.33058694,-0.3917693,-1.497863,NT5DC2,LMC,ELF1,ETS
1223,1,-0.3058912,-0.24283965,1.2755128,GP1BA,MEF,YY1,Zf
2028,1,-0.00943349,-0.121736646,-1.8697422,NPTX2,MEF,USF1,bHLH
484,1,-0.24165441,-0.29509667,-1.72285,CDH24,MEF,JUND,bZIP
235,0,-0.39205822,-0.27780795,-1.0292096,ATG16L2,LMC,MAFK,bZIP
27,1,-0.2859068,-0.146989,2.1844993,ACKR3,MEF,TCF12,bHLH
2162,0,-0.2859068,-0.146989,-1.1720868,PDE10A,LMC,TCF12,bHLH
1406,1,-0.20916343,-0.20916343,-1.7902205,HVCN1,MEF,NRF1,NRF
1747,0,-0.15019357,-0.27780795,2.3040216,MAL2,LMC,MAFF,bZIP
1576,0,-0.21459776,-0.24333258,-1.0787578,KIF26B,LMC,MAZ,Zf
251,0,0.08411567,-0.24550179,-1.4332783,AURKA,LMC,BACH1,bZIP
1974,0,-0.0013588448,-0.24283965,-2.3604693,NELL2,LMC,CTCF,Zf
548,0,0.016314197,-0.13941021,1.6800578,CHRNA1,LMC,USF1,bHLH
1666,1,0.028543921,-0.29509667,2.509627,LIPG,MEF,BACH1,bZIP
2561,1,-0.89867353,-0.24450046,1.6691974,S100A7A,MEF,BCL11A,Zf
2727,0,-0.17513762,-0.146989,-3.1119766,SLC2A4,LMC,BHLHE40,bHLH
1753,1,-0.21437913,-0.2712014,-1.175975,MANBA,MEF,E2F4,E2F
1788,1,-0.7485091,-0.20371658,-1.1892185,MCM2,MEF,FOXM1,Forkhead
1396,1,-0.3705123,-0.25471953,-1.1715591,HSPA12A,MEF,FOSL2,bZIP
1474,1,-0.36351123,-0.50137913,1.5855246,IQUB,MEF,PBX3,Homeobox
909,0,-0.440717,-0.25471953,-1.0061626,EPHB3,LMC,MAFK,bZIP
2913,1,-0.3058912,-0.24283965,1.7464386,SYNGR3,MEF,YY1,Zf
1862,1,-0.45038855,-0.39942494,1.1564282,MORN2,MEF,GABPA,ETS
1587,0,-0.20953742,-0.22249272,-4.442589,KIT,LMC,MAZ,Zf
2607,1,-0.03437175,-0.039668236,2.4777281,SEMA3B,MEF,RFX5,HTH
956,0,-0.121607244,-0.24333258,1.4034448,FABP5,LMC,GATA3,Zf
525,1,-0.34029287,-0.28884968,-2.4336228,CEP55,MEF,E2F4,E2F
900,1,-0.2064243,-0.25159925,1.4426994,ENPP5,MEF,YY1,Zf
340,1,-0.34278938,-0.41931188,-1.3618382,CACNA1G,MEF,ELF1,ETS
1257,0,0.21614419,-0.17782252,1.0783671,GPR39,LMC,FOXA1,Forkhead
1988,1,-0.3341544,-0.39005762,1.1322362,NHLRC1,MEF,ELF1,ETS
2684,0,-0.44168723,-0.24550179,2.434695,SLC11A1,LMC,FOS,bZIP
267,0,-0.44224238,-0.29509667,1.9370828,BAI2,LMC,MAFK,bZIP
2686,1,-0.20776576,-0.20776576,1.0133885,SLC12A2,MEF,EBF1,EBF
854,0,0.023197008,-0.146989,1.3689325,EEPD1,LMC,USF1,bHLH
2678,1,-0.16941127,-0.25471953,-1.3519409,SKP2,MEF,FOS,bZIP
2992,0,-0.51637894,-0.42379856,-1.5962096,TLE2,LMC,CUX1,Homeobox
869,0,-0.121607244,-0.24333258,-1.1764196,EGFR,LMC,GATA3,Zf
443,1,-0.01444126,-0.17255645,-6.655769,CD300LD,MEF,STAT3,Stat
1604,1,-0.34029287,-0.28884968,-2.5368693,KNSTRN,MEF,E2F4,E2F
2312,0,-0.120565586,-0.1342841,1.056169,PPP1R13B,LMC,MAX,bHLH
2583,0,-0.30003953,-0.30003953,-2.5472686,SCML2,LMC,NRF1,NRF
2929,1,-0.057535224,-0.27780795,-1.4088733,TACC3,MEF,BACH1,bZIP
2616,0,-0.21437913,-0.2712014,-1.1018522,SEMA6C,LMC,E2F4,E2F
1873,1,-0.34099022,-0.38195667,1.9898062,MREG,MEF,ELK1,ETS
272,1,-0.3773888,-0.18281521,-1.0692208,BAZ1A,MEF,STAT1,Stat
499,0,-0.3058912,-0.24283965,-1.0813416,CDR2L,LMC,YY1,Zf
2330,1,-0.07763662,-0.20371658,-1.386103,PREX1,MEF,FOXA2,Forkhead
2088,1,-0.37527534,-0.37527534,-1.8919541,OPN3,MEF,NRF1,NRF
1708,1,-0.10827843,-0.121736646,2.3246684,LRRN1,MEF,USF2,bHLH
2586,1,-0.5315311,-0.5315311,1.4499005,SCN1B,MEF,PAX5,"Paired,Homeobox"
997,0,-0.2064243,-0.25159925,-1.7532792,FAM43A,LMC,YY1,Zf
1781,0,-0.2849582,-0.2849582,1.5378258,MBP,LMC,EBF1,EBF
272,1,-0.62452394,-0.4713425,-1.0692208,BAZ1A,MEF,IRF4,IRF
474,1,-0.7237371,-0.24333258,-2.0174904,CDCA3,MEF,SP2,Zf
1342,0,-0.1505293,-0.1342841,-1.3495045,HMGA2,LMC,USF2,bHLH
908,0,-0.21895796,-0.21895796,-1.2161773,EPHB2,LMC,EBF1,EBF
2498,0,-0.35453734,-0.24333258,-1.3528609,RGS9BP,LMC,ZKSCAN1,Zf
717,1,-0.13559982,-0.10008492,1.2494087,CYP27A1,MEF,MAX,bHLH
276,0,-0.0017048104,-0.121736646,-2.523097,BCAT1,LMC,MYOG,bHLH
457,0,-0.26692143,-0.26692143,1.8729588,CD74,LMC,EBF1,EBF
140,1,-0.34029287,-0.28884968,-3.3900094,ANKRD33B,MEF,E2F4,E2F
375,1,-0.64209527,-0.1980394,1.0318768,CATSPERD,MEF,STAT1,Stat
1157,0,0.21614419,-0.17782252,1.0983671,GATA6,LMC,FOXA1,Forkhead
715,1,-0.44224238,-0.29509667,1.4558525,CYP1B1,MEF,MAFK,bZIP
3007,1,-0.21459776,-0.24333258,-2.8485968,TMEM106A,MEF,MAZ,Zf
1964,1,-0.41913924,-0.24333258,-1.1248791,NDUFA4L2,MEF,ZBTB33,Zf
113,0,-0.1505293,-0.1342841,-1.9801419,ALDH1L2,LMC,USF2,bHLH
544,1,-0.065101475,-0.08148018,1.5261316,CHMP4C,MEF,RFX5,HTH
1329,0,-0.3430542,-0.3430542,1.7447802,HHEX,LMC,PAX5,"Paired,Homeobox"
540,0,-0.38059002,-0.38059002,-1.2108208,CHD3,LMC,PAX5,"Paired,Homeobox"
2995,1,-0.2806714,-0.20306948,-2.069741,TLR1,MEF,MEF2A,MADS
3181,0,0.018755239,0.02968777,1.0038823,USP2,LMC,RFX5,HTH
402,1,-0.7979473,-0.24283965,-1.552059,CCDC8,MEF,SP2,Zf
2047,1,-0.38059002,-0.38059002,-3.1861043,NT5DC2,MEF,PAX5,"Paired,Homeobox"
1729,0,-0.10827843,-0.121736646,2.2347643,LY9,LMC,USF2,bHLH
96,1,-0.16941127,-0.25471953,3.9510791,AHR,MEF,FOS,bZIP
234,1,-0.45963168,-0.45963168,-2.7479153,ATF7IP2,MEF,TCF3,HMG
2218,1,-0.45963168,-0.45963168,1.3815172,PIP5K1B,MEF,TCF3,HMG
1820,1,-0.42348737,-0.17137949,-1.6256363,MFSD12,MEF,STAT1,Stat
1793,1,-0.2064243,-0.25159925,-5.5781794,MCOLN3,MEF,YY1,Zf
1300,0,-0.062780954,-0.24333258,-1.4127604,GSTT1,LMC,SP1,Zf
2385,1,-0.22735961,-0.24550179,1.1420285,PTPN3,MEF,MAFF,bZIP
2025,0,-0.3058912,-0.24283965,2.536726,NPR1,LMC,YY1,Zf
3004,1,-0.36049217,-0.22810093,1.3661466,TMBIM4,MEF,FOS,bZIP
3166,1,-0.36550322,-0.47267562,2.1184819,UGP2,MEF,PBX3,Homeobox
2977,0,-0.33296144,-0.24550179,-1.9208775,THBS3,LMC,MAFK,bZIP
1773,1,-0.46016192,-0.24450046,-1.0550821,MAST1,MEF,EGR1,Zf
3136,0,-0.120565586,-0.1342841,1.0255241,TTC9,LMC,MAX,bHLH
2074,0,-0.34914914,-0.27780795,2.1519072,OCLN,LMC,FOS,bZIP
3183,0,-0.2838714,-0.47267562,1.3692124,USP53,LMC,NANOG,Homeobox
3005,0,-0.33058694,-0.3917693,-1.1154159,TMC7,LMC,ELF1,ETS
851,0,-0.10827843,-0.121736646,3.430662,EDN2,LMC,USF2,bHLH
2828,1,-0.6928834,-0.10944186,-1.3120675,SPDL1,MEF,FOXM1,Forkhead
1747,0,-0.2913164,-0.42379856,2.3040216,MAL2,LMC,NANOG,Homeobox
672,0,-0.41320115,-0.25471953,-1.4950591,CSRP1,LMC,ATF1,bZIP
1339,0,-0.0013588448,-0.24283965,1.9896864,HK3,LMC,CTCF,Zf
275,1,-0.07449697,-0.25159925,2.004895,BCAR3,MEF,CTCF,Zf
2282,0,-0.30003953,-0.30003953,-1.6017228,PNMAL2,LMC,NRF1,NRF
1064,1,-0.011590093,-0.22249272,-1.6307534,FGL2,MEF,GATA3,Zf
2011,0,-0.3375485,-0.1342841,1.146378,NOD1,LMC,TCF12,bHLH
226,1,-0.21869276,-0.39005762,-2.1260629,ASF1B,MEF,ELK4,ETS
2949,1,-0.20308916,-0.4653868,2.121441,TCFL5,MEF,IRF1,IRF
1792,0,-0.120565586,-0.1342841,1.9537151,MCOLN2,LMC,MAX,bHLH
3037,1,-0.14976743,-0.22810093,2.4463084,TMEM255A,MEF,FOSL2,bZIP
161,0,-0.21918109,-0.21918109,-1.0569676,APH1B,LMC,TCF3,HMG
1960,1,-0.37601265,-0.39942494,1.2484365,NDRG2,MEF,ELF1,ETS
544,1,-0.01444126,-0.17255645,1.5261316,CHMP4C,MEF,STAT3,Stat
118,1,-0.24165441,-0.29509667,-1.2159187,ALOXE3,MEF,JUND,bZIP
3133,1,-0.21459776,-0.24333258,2.3234284,TTC18,MEF,MAZ,Zf
275,0,-0.049117733,-0.13941021,2.0854268,BCAR3,LMC,MAX,bHLH
1052,1,-0.28616667,-0.25693348,2.0621297,FGF13,MEF,E2F6,E2F
3267,0,-0.45392957,-0.28884968,-1.2638365,ZWILCH,LMC,E2F1,E2F
