gene,log2FC,pvalue,adjusted_pvalue
Eng,-1.88796924738985,2.07135772929253e-29,3.31852221809956e-25
Crtap,-0.916047502739715,8.51465119318536e-28,6.82066133830113e-24
Rcn1,-1.05749006064145,1.5219859769854498e-26,7.10728732706922e-23
Tom1l1,-1.50867268856158,1.77449280995424e-26,7.10728732706922e-23
Dpysl3,-2.38707552086668,3.5597270661376e-26,1.14060774653181e-22
Olr1,2.94695522618019,1.23062207271429e-25,3.28596603782593e-22
Kidins220,0.575808143568531,5.38333390263458e-25,1.2320913207729801e-21
Npl,2.97162299189356,1.35399163156849e-24,2.7115374911698502e-21
Fam101b,-1.89184174952969,8.68164939331495e-24,1.5454300547811e-20
Col10a1,-4.36954489394742,1.3615333293612902e-23,2.18131254696972e-20
Pdia5,-1.03900312371046,8.042887198195991e-23,1.1714099618390701e-19
Stk10,1.37774982496442,3.06019902301112e-22,4.0856207123050903e-19
Col12a1,-2.4757870408384,3.93832879413279e-21,4.8535358162155e-18
Bcat1,-2.52309707321754,8.90219978531048e-21,1.01872959114614e-17
Gm2115,-2.77366392895121,9.96651937123092e-21,1.06449071230994e-17
Itga8,-2.80869199939464,1.11727156335746e-20,1.1187379822843701e-17
Ppap2a,-1.30817783764579,1.64802039155321e-20,1.46682970517077e-17
Sp3,-2.25716671489851,1.5631565330613802e-20,1.46682970517077e-17
Dmd,-1.59844360279353,2.45175194927914e-20,2.06734305154742e-17
Bcar3,2.08542669283767,3.23061906940242e-20,2.58788740554481e-17
Impdh1,-1.27116199450646,3.8647889007986705e-20,2.9484658561759804e-17
Chd5,2.05129152153981,8.481680388074141e-20,6.17659097715163e-17
Pdgfd,-1.12952040014732,2.61523047036108e-19,1.82167858111543e-16
Sh3pxd2a,-0.894831736610822,2.74211879542273e-19,1.83047855089448e-16
Eno3,-2.74176093683303,2.90605941538861e-19,1.86231911575764e-16
Cnn1,-3.63064064085732,4.51916262858272e-19,2.78467324894322e-16
Tgfb2,-1.58578942419484,7.052844833024651e-19,4.1849491507365897e-16
Axin2,3.56926736392585,1.6418171057301e-18,9.39412566103643e-16
Gpr125,-1.09288268752416,4.82948028452941e-18,2.66803805649812e-15
Efemp2,-0.736854464515883,5.13015675311034e-18,2.73967471138602e-15
Mdga2,-2.22934069982596,6.179204639733979e-18,3.1934528236509e-15
Arf2,0.997187439127733,9.15453514510059e-18,4.58327523623926e-15
Actg2,-3.9178008496154,1.57656400509934e-17,7.42886233108719e-15
Hspb6,-1.60518595987966,1.5551409376072802e-17,7.42886233108719e-15
Wisp2,-3.27724887259077,3.3080109948419804e-17,1.51421840423895e-14
Tpm2,-2.45217469460679,6.72670505134196e-17,2.99357060076527e-14
Abcg2,-0.881825368040217,8.39857061063297e-17,3.63658107440408e-14
Mcam,-2.61767842709454,1.01909855683506e-16,4.29657315238275e-14
Ckap4,-0.857993032412268,1.14106185671974e-16,4.6874235914120204e-14
Snai2,-1.92873254934271,1.18827814492346e-16,4.7593510399546905e-14
Loxl3,-1.54161054323492,1.48137273206582e-16,5.78855427815282e-14
Kdelr3,-1.01650705043429,1.81809788696156e-16,6.93517767785979e-14
5-Sep,-1.75667639798323,2.04191539454406e-16,7.60779686883498e-14
C1qtnf6,-2.28989215593683,2.20423572786066e-16,7.85338560559415e-14
Ms4a2,-2.03465837985356,2.2058694978574198e-16,7.85338560559415e-14
Astn2,-2.12556806125941,2.29091571383685e-16,7.978861011169621e-14
Ctnna2,-3.33735382896949,3.0312185022647397e-16,1.0332585452081599e-13
B4galt5,1.45937393436724,3.57673920363194e-16,1.19381122461224e-13
Tspan2,-1.65562226803156,4.04649640918748e-16,1.32303916268556e-13
Kcnmb1,-2.8231845102634,4.530472340744001e-16,1.45165394742119e-13
Fat4,-2.80287244127223,6.040576585636879e-16,1.89757014663703e-13
Fubp1,0.838247930908677,8.46049415292677e-16,2.60664570815461e-13
Myh11,-4.23381747992927,8.85671783067838e-16,2.67723540311884e-13
Apc2,-1.74123966475253,1.03918696023938e-15,3.08311375740651e-13
Calu,-0.627180403190837,1.19548701343332e-15,3.42016025753844e-13
Sepn1,-0.709421590319956,1.18743549244105e-15,3.42016025753844e-13
Diras2,-3.19592535680441,1.346093675153e-15,3.7834678543204e-13
Gas5,-0.695051798879796,1.6960210988975301e-15,4.68481965955816e-13
Map3k7cl,-4.78522239619105,2.8377744893755802e-15,7.70576018547223e-13
Osbpl6,-2.75084048443448,3.17377205582786e-15,8.47450035106969e-13
1110038B12Rik,-0.825374241231475,3.29661778043062e-15,8.65821532135721e-13
Tll1,-2.49436125174685,3.69736174471072e-15,9.55410201806619e-13
Kcne4,-2.96715730163998,4.06808328061184e-15,1.03452003553464e-12
Erv3,4.19189927545853,5.14520554211468e-15,1.27829210617321e-12
Mum1l1,-1.62256586015413,5.18625472200604e-15,1.27829210617321e-12
Sh3bgr,-2.39187793851691,5.86726810675136e-15,1.42423488391308e-12
Pfkl,-2.32826181138946,7.12065278640445e-15,1.7026862431490399e-12
Samd14,-1.64177687245511,1.07289685412603e-14,2.52777654411076e-12
Pdgfrb,-2.21664881019613,1.09055775541304e-14,2.53214866659018e-12
Txndc5,-0.699123508945443,1.69926511875821e-14,3.88913235251789e-12
Fam180a,3.52823026973794,2.29374702759867e-14,5.17579170833214e-12
Tlcd1,-1.39196377773408,2.48179692790208e-14,5.52234285859989e-12
Rspo2,-4.37332562700599,4.76885561393135e-14,1.04660049028485e-11
9130011E15Rik,0.617216702859119,5.6737150485483203e-14,1.22835930801071e-11
Esyt3,2.855110586397,6.541591423462231e-14,1.3973711492705099e-11
Adra1d,-2.50381746174834,7.34162719020009e-14,1.5476343317657298e-11
Sod3,-2.89854935498342,7.690510844863091e-14,1.6001256395526198e-11
Stox2,-1.17278967136496,9.41656120808425e-14,1.9341375271117697e-11
B4galt2,-1.00072208985651,1.12465706427814e-13,2.2794976878714698e-11
Kit,-4.44258898345232,1.13825488439996e-13,2.2794976878714698e-11
Rock2,-0.672553100595191,1.24539119588404e-13,2.46326078385904e-11
Ctnnd2,-2.179683463689,1.45170997134111e-13,2.83632261595804e-11
Myom1,-2.72356135092798,1.9594775383981e-13,3.78226381237059e-11
Enah,-1.24022767781261,2.0758470162791398e-13,3.95918393426286e-11
Bai2,1.93708273972907,2.18828239308608e-13,4.06854096244729e-11
Fam213a,1.37308235035012,2.20767392786803e-13,4.06854096244729e-11
Lamc2,1.64432511351495,2.20936935105745e-13,4.06854096244729e-11
Bdnf,-0.865085417384391,2.80004755972495e-13,5.09767749481288e-11
Podxl,3.9140576319777,2.84391064691583e-13,5.1193587049706093e-11
Mmp19,1.04486107822399,2.87999703423301e-13,5.1267147206052295e-11
Serpinb2,5.18388336622251,3.03453740858571e-13,5.3424531673573295e-11
Pcbp4,-0.992840176466067,3.34236931648808e-13,5.8204455238538593e-11
Anapc5,-0.643910976827823,3.68895544540211e-13,6.354919912987869e-11
Zc3hav1l,-2.44277508235194,4.00724661651269e-13,6.82979766416486e-11
Fads3,-1.05370308794805,4.21407577491198e-13,7.1067061041963e-11
Pde4a,-1.47607183564039,5.37833108298342e-13,8.97565023754972e-11
Galnt18,-2.57237384040221,6.47953847822453e-13,1.07019263875913e-10
Hmcn1,-3.10328922743494,6.62523506240268e-13,1.08309072382401e-10
Aqp5,4.20904927163551,6.71678823323929e-13,1.08696630590633e-10
Hdlbp,-0.667885136467967,7.28113986244359e-13,1.16651141736209e-10
Csrp2,-2.22575402794082,7.65126980141704e-13,1.21367320285646e-10
P4ha2,-1.45018039857773,8.51558000090282e-13,1.33753046269082e-10
Gpc4,-1.37495364127099,1.05974303161923e-12,1.64836340869628e-10
Serping1,2.61707371539046,1.0751923282449299e-12,1.6563131048857702e-10
Bcl11a,-2.49068744677869,1.11976408515386e-12,1.70854670554762e-10
Pnoc,4.41887575232033,1.34994303437335e-12,2.04032427865052e-10
Slc35g1,1.41533311729747,1.5331617008038599e-12,2.29558725313818e-10
Igsf10,-2.29084814966518,1.9255904793595697e-12,2.85647083979811e-10
Pde4d,-1.34466387096847,1.9832392828830098e-12,2.9149978487219005e-10
Utrn,-0.910931128357155,2.0744306964011998e-12,3.02131401700396e-10
Ly75,-1.8059852208024,2.15885178732637e-12,3.1159427463744004e-10
Map4,-0.491225517940586,2.3245842025095397e-12,3.32519317039333e-10
Vill,2.62564068851822,2.5147134071548197e-12,3.5653295129227803e-10
C1qtnf3,-2.45949876522906,2.65315046732599e-12,3.72860733658155e-10
Adamtsl3,-4.62245643560682,2.87036055929643e-12,3.99878665395548e-10
Pcdh19,-1.80150492518501,3.17179782834957e-12,4.34319427418705e-10
Snhg12,-0.904721897440064,3.15039202446103e-12,4.34319427418705e-10
Fam49a,1.53675583410145,3.22160163401242e-12,4.3740067608909403e-10
Mrc2,-1.77286048638889,3.37042484480535e-12,4.5376114654308e-10
Sos2,0.550115035608029,3.59502446658911e-12,4.79965724826868e-10
Chst7,-1.82408911386553,3.67704520991702e-12,4.86859019075046e-10
Xdh,1.81714224773345,4.12427401975856e-12,5.415983120537041e-10
Rpl39,-0.852800521237675,4.20848484163955e-12,5.48163704454531e-10
Nsg1,-4.0192364039799,4.64311419435077e-12,5.99897842803981e-10
Plcd1,-1.05227205215132,4.89954814562501e-12,6.27965286728466e-10
Pdia6,-0.586078845246745,5.1160741745687994e-12,6.50512891672751e-10
C2,2.55334945493627,5.24837280947974e-12,6.62080163627362e-10
Six1,-4.16638466410103,5.49705088347159e-12,6.880332203445181e-10
Igfbp7,-0.986032961588042,6.334908266408869e-12,7.86756320435167e-10
Tvp23a,-1.21560557967585,6.386468201683549e-12,7.87058515839786e-10
Bsg,-0.640779760617362,6.4808542303237896e-12,7.92593630717691e-10
Rab6b,2.65940971963027,6.80423314974132e-12,8.25838024939437e-10
Aldh1l2,-1.98014191079215,8.06449727078252e-12,9.71438426881253e-10
Slco2a1,2.08815946386601,8.24378134445205e-12,9.78396553639974e-10
Tmtc1,-2.84337171935919,8.24440014614547e-12,9.78396553639974e-10
Tle1,-0.944581145016054,8.38304155775369e-12,9.87534623505675e-10
Crabp2,2.6611503079023,8.446467326159e-12,9.87743452791192e-10
Cdh1,4.50682592257257,9.56362044765498e-12,1.11028089269479e-09
Mecom,-3.42838043876164,1.00226240104917e-11,1.15519754872005e-09
Hspa12b,-2.26819771299641,1.0366261204487199e-11,1.1862705054077801e-09
Cemip,-2.06917111748834,1.13733032656403e-11,1.29228150084272e-09
Fem1b,0.544449090027637,1.24133189241562e-11,1.4005195949570902e-09
Stxbp2,0.892556861770432,1.3887448484890899e-11,1.55587980542963e-09
Loxl2,-1.66239568256714,1.4203258440513499e-11,1.5802111352462902e-09
Kirrel3,-2.83302055208824,1.6469801582357e-11,1.8197426975927e-09
Shisa4,-0.94171104224473,1.6767311799029898e-11,1.83992535844012e-09
Tle6,-1.98409674610173,1.69298691372965e-11,1.8451253976097102e-09
Sbsn,2.09403982355637,1.7804605874194597e-11,1.92734858588157e-09
H2-T23,2.19088429957008,1.93923530385039e-11,2.08513347671054e-09
Col6a3,-3.90592097490329,1.97305478792426e-11,2.10735405048898e-09
Ptprk,-0.872693839834854,1.99900012529204e-11,2.1209258945234303e-09
Mmp8,3.86007510475713,2.0786117108105298e-11,2.1908840933483903e-09
Txnrd3,-1.12986212277429,2.1112426190211597e-11,2.2107332025711103e-09
Ets1,-1.30787333118885,2.2264200440022298e-11,2.3161997094129703e-09
Cgnl1,-1.96639667434657,2.24790217579554e-11,2.3234606940916403e-09
Sorbs2,-2.09647471179035,2.2947852622501497e-11,2.3567150440070303e-09
Pvt1,-0.947253090038804,2.5241639825403797e-11,2.5757726856229e-09
Cpa6,-2.79501553105311,2.5849171908227898e-11,2.62107331102354e-09
4930526I15Rik,1.24331002426655,2.6068943104850698e-11,2.6267329401434703e-09
Il17rc,-1.0708433709551,2.7225552798249797e-11,2.7261286336297503e-09
Brpf3,-0.516720525507397,2.78295545178885e-11,2.7692999560937303e-09
Grasp,-2.09482730247396,2.85546003516115e-11,2.82390896440227e-09
Vps13d,0.610759918731244,2.94573328669771e-11,2.89531245314013e-09
Garnl3,-1.59181614119922,3.0883291553777e-11,3.0162211844867203e-09
Rarg,-1.05231333068148,3.10640094526128e-11,3.0162211844867203e-09
Got1l1,4.21023083730912,3.3270412614146395e-11,3.2109956656098805e-09
Nt5c3b,-1.04113644878378,3.45779573405452e-11,3.3172063146878702e-09
Frmd4b,2.70596425023378,3.5597866454937195e-11,3.37463561227544e-09
Qsox1,-1.23672453135472,3.54702090928518e-11,3.37463561227544e-09
Fam43a,-1.75327919236448,3.64679410785401e-11,3.43678167070171e-09
Insig1,-1.34614119276357,3.70763905322236e-11,3.4736891971740102e-09
Pcdh9,-1.50709385631897,3.7899595173614895e-11,3.5301710132353703e-09
Filip1l,-1.46075132609887,4.3886896547502396e-11,4.0642310380782405e-09
Pramef12,2.61262180649313,4.84555194083713e-11,4.4615280255259605e-09
Pde10a,-1.17208680443844,4.8746460833122895e-11,4.4626688514712105e-09
Plxnb2,0.372300375626077,5.215682458532149e-11,4.7477527652354306e-09
Vsig10l,-1.32908130370171,5.774656003875759e-11,5.226879312886641e-09
Lama2,-2.47716312737061,5.90738115083313e-11,5.316974911095371e-09
Rab13,-0.993981103168289,6.397704710586219e-11,5.726124422810161e-09
Lmod1,-2.15792699391474,6.578543559405609e-11,5.84266458806016e-09
Ptk2,-0.609746487341563,6.60085069870101e-11,5.84266458806016e-09
Dock1,-0.828649316468865,6.78414234226602e-11,5.971909036562861e-09
Sh2d5,2.15271627243018,6.971359497815669e-11,6.103177623743441e-09
5033406O09Rik,3.48905620565319,7.374681795776009e-11,6.421183535333011e-09
Nid1,-1.75275991863876,9.148088662982301e-11,7.922244782142671e-09
Nim1k,-1.19310953918072,9.22912461237886e-11,7.949451904028051e-09
Slpi,4.42808490733425,9.3006790739484e-11,7.9682448900389e-09
Sez6l,3.44598744686444,9.38306512680326e-11,7.99606842534655e-09
Nek8,-1.11554916219592,9.43404651160682e-11,7.99697667526205e-09
Ston2,1.34205810402861,9.774416715034919e-11,8.24189106271444e-09
Prkcb,2.81104415880545,1.03200177448964e-10,8.656387659213841e-09
Plce1,2.29842766167995,1.0377770252688401e-10,8.65949256345422e-09
Pacsin3,-1.8177228835142,1.06225218853117e-10,8.81779394427872e-09
Slc1a6,-2.47595200961612,1.14247171906016e-10,9.434814129413792e-09
Cyp20a1,-0.507910058904212,1.15559052604852e-10,9.49421323990944e-09
10-Sep,-1.07872311375194,1.16438767173932e-10,9.517681065783471e-09
Myo1b,-1.51597579647074,1.31780936058717e-10,1.07170679015061e-08
Htatsf1,-0.636327701600919,1.36030976554183e-10,1.10068296736089e-08
Wt1,1.66189980207971,1.47807676234035e-10,1.18996320650526e-08
Tmem163,4.33994729354874,1.550533991307e-10,1.24205525373647e-08
Pard6g,-0.885450163493729,1.77614554527368e-10,1.41570287466814e-08
Spint1,2.83642546905811,1.80752238109573e-10,1.4335800033433e-08
Arhgef19,-1.79527713898907,2.06070720332425e-10,1.62633448790433e-08
Tnfrsf23,1.49385472681609,2.14177182019662e-10,1.68202580055735e-08
Gch1,2.62029779584361,2.19835246446767e-10,1.71803926015788e-08
Glipr2,-2.65008408128184,2.24374671483841e-10,1.74500320963234e-08
Gpr161,-1.8197377742624,2.2831291826476002e-10,1.76705375049262e-08
Stxbp5,1.23445220659616,2.29582958843482e-10,1.76834066520742e-08
Izumo1,3.50220835498791,2.32758188401548e-10,1.78421958678526e-08
Adam19,-1.76261355652127,2.46054741737559e-10,1.8771633416083e-08
Cthrc1,-2.86747721889391,2.56869143326505e-10,1.95037940532414e-08
Npr1,2.53672607490002,2.5970836761480703e-10,1.96263573469662e-08
Zfp9,-1.15984293798965,2.65872990945487e-10,1.99978929011157e-08
Sv2a,2.13580113389752,2.79332397132264e-10,2.09120763292336e-08
Ddo,2.82359694761173,2.80638919858264e-10,2.09121680699965e-08
Cdo1,-1.76818931634111,2.85366974774821e-10,2.11660384392009e-08
Maob,-2.37201651279144,2.90912238900632e-10,2.14779031310001e-08
Top1mt,-0.858242809921177,2.93380498164262e-10,2.15607750508699e-08
Col5a1,-1.59643801588657,3.00777950485032e-10,2.2003486505574e-08
Brsk1,-1.24733226690575,3.13801715778997e-10,2.28518967658878e-08
Lrrn3,-3.66787914413061,3.2649545431104e-10,2.36687044050551e-08
Sptbn1,-0.550777950892728,3.28495348089646e-10,2.37064142871361e-08
Abca3,0.616807703240329,3.5211850907076003e-10,2.5297267416245e-08
Ahcyl2,1.1446893045572,3.54244606010163e-10,2.53363965753965e-08
Lrrc17,-5.39981750881923,3.65596153022882e-10,2.60076950175095e-08
Wt1os,2.33633220428617,3.66877165842153e-10,2.60076950175095e-08
Col11a1,-2.74807867343821,3.80805052624757e-10,2.68761134277587e-08
Mira,-2.16208738503515,3.83346729126916e-10,2.69368331023786e-08
Rplp0,-0.614906989230435,4.12379924853234e-10,2.88503876684439e-08
Clybl,-1.51585649307847,4.18248594238228e-10,2.91337422969159e-08
Foxc2,-1.92576184832409,4.32853516841971e-10,3.00205462914512e-08
Gpc6,-1.54093470936659,4.37326887345946e-10,3.02000606127991e-08
Ggcx,-0.744720917603298,4.47824881342855e-10,3.07922850815188e-08
Nol4,-2.48424313020357,4.72005039121514e-10,3.23162082554093e-08
Maf,1.2423560260099,5.34537811800726e-10,3.64418309908912e-08
Plxna3,-1.4401993480578,5.62339458816721e-10,3.81747477529775e-08
Arfgap3,-0.659931112835243,5.97474952543274e-10,4.03888025936531e-08
Rgs4,-3.38099478215983,6.00675863231577e-10,4.04345714488786e-08
4-Sep,-1.96658401772367,6.27633636340725e-10,4.20724622921119e-08
Numb,0.779317138224527,6.30799886912307e-10,4.21085207842586e-08
Tarsl2,-1.1207796034852,6.641160250935301e-10,4.41485594938732e-08
Eva1b,-1.00419934903702,6.732394987760101e-10,4.45701240078118e-08
Lrrc16a,-1.53337520776607,6.89472841995175e-10,4.54569728461098e-08
Shank2,-1.94138621952491,6.974328467572251e-10,4.57933263848258e-08
Heg1,1.11395880944298,7.26817129776414e-10,4.75279070863181e-08
Tead2,-1.4989629756277,7.44821346332037e-10,4.85072471121365e-08
1500012F01Rik,-0.740997776510818,7.65855472993887e-10,4.96751843434618e-08
Bgn,-1.33568769480773,7.69617230803727e-10,4.97178937689779e-08
Csrp1,-1.49505915276106,7.90123678564811e-10,5.08376363625978e-08
Slc9a5,-1.37580388005319,8.25724334746566e-10,5.29157182678989e-08
Anxa6,-1.257800767497,8.4098617860275e-10,5.36790421011739e-08
Wnt16,-2.73861735150562,8.763843290496701e-10,5.57164814908919e-08
Optc,-1.6582886050545,8.95228653692982e-10,5.66895583431433e-08
Chil1,4.43683728347347,9.630776823539351e-10,6.05802910171017e-08
Mthfd1l,-1.28051428954918,9.642328324924121e-10,6.05802910171017e-08
Foxp2,-2.14758838833704,9.89037781879212e-10,6.18959933729956e-08
Angptl7,2.65402697864391,9.99109813038581e-10,6.22830284618331e-08
Loxl4,-2.52137855759845,1.0504132467565401e-09,6.52274055282421e-08
Foxp4,-1.06214111443697,1.13925757080855e-09,7.04712183085857e-08
Gucy2g,2.72688266650665,1.1481268953541201e-09,7.07466961171857e-08
Tiam2,-1.43334194465307,1.1849391155241801e-09,7.27352857080951e-08
P4ha1,-0.891614900215689,1.2331360903714102e-09,7.54048599383221e-08
Tshz1,-0.946464271509546,1.33516215688077e-09,8.13332050014709e-08
Scarb2,0.878830399436312,1.3542395068082702e-09,8.21828452218762e-08
Cend1,-1.82662746708961,1.40893610504049e-09,8.51794918447307e-08
Ppara,-2.49135049160463,1.41548758784785e-09,8.52538595673326e-08
Ppap2c,-0.949349846046546,1.42636008436497e-09,8.55869472344986e-08
Ltbp1,-2.12555056976554,1.4569984311685602e-09,8.70991487528044e-08
Myl9,-2.08049231209731,1.5010638890613402e-09,8.93997939280732e-08
Gng10,-1.04714678478155,1.6304333922800602e-09,9.6745086584144e-08
Plac8,-2.88397557845774,1.64292660403427e-09,9.67695850118862e-08
Trf,2.19008918339614,1.63809919506973e-09,9.67695850118862e-08
G6pdx,0.961256190492085,1.7031240521009102e-09,9.99478038047937e-08
Saa3,3.14434305639146,1.8326452089118702e-09,1.07156236832033e-07
Matn2,-2.30942689170144,1.85629701382362e-09,1.07554094177917e-07
Negr1,-2.48553077769992,1.85958954417846e-09,1.07554094177917e-07
Zeb1,-0.856353909742672,1.8519218091302903e-09,1.07554094177917e-07
Rpl4,-0.522528785277998,1.94926223238219e-09,1.12335000809335e-07
Acta2,-2.4281115859131,2.0350815596042502e-09,1.16860364395769e-07
Fdps,-1.20500555090751,2.06482716814651e-09,1.18144985931698e-07
Rnf111,0.444317867226793,2.08386339648974e-09,1.18809877135808e-07
Akap12,-1.30472250216679,2.1698715047932e-09,1.23274863043588e-07
Fam115a,-0.701178250003789,2.29877235338291e-09,1.30136508387094e-07
Tle2,-1.59620965406724,2.44345389942736e-09,1.37840052544809e-07
Madd,1.27719188336983,2.4696614776014503e-09,1.38829636956677e-07
Nfe2l3,2.32118248880711,2.5673406617164304e-09,1.43314859725989e-07
Tmem255a,2.40178678373866,2.56216970589618e-09,1.43314859725989e-07
Robo1,-1.48068933655706,2.6772006474499304e-09,1.48928581849983e-07
15-Sep,-0.409219533693461,2.7354298605379703e-09,1.51641251888162e-07
Klhl13,-1.09820656454142,2.78496570763559e-09,1.53854950351827e-07
Lgi2,3.35703884394145,2.9694096379516e-09,1.63480796596641e-07
Abcb10,-0.654705223003815,3.2509938795669102e-09,1.78370455289526e-07
Ext1,-1.04928380645849,3.3429200834421804e-09,1.82788131934564e-07
Abca4,2.58763849484539,3.49800615798933e-09,1.9061753965016e-07
Plet1,4.80473073852399,3.7212646204628203e-09,2.02096205031983e-07
Ncs1,-0.655170915607476,4.0129531059615304e-09,2.17201086860168e-07
Aox3,2.74227433996587,4.1922614791702e-09,2.26142158780424e-07
Lhx6,-1.75281523160865,4.2327355011137e-09,2.27559246521284e-07
Myl12a,-0.726856599976552,4.34601428958975e-09,2.32867876031831e-07
Cnn2,-1.48625142423347,4.37347794159759e-09,2.33558300341117e-07
Cyb561a3,0.87813749289799,4.421505372528061e-09,2.35338663034126e-07
Gatsl3,-1.36462799317049,4.57056641278638e-09,2.41887663543721e-07
Tgfbr2,0.672790097567287,4.5747432778071e-09,2.41887663543721e-07
Kazn,1.12300192662692,4.62385724945458e-09,2.43680319057605e-07
Tnc,-2.13258332756109,4.75599005540326e-09,2.49822021893822e-07
Aldh6a1,0.987108416553865,4.86291072115523e-09,2.5460357079617e-07
Fam150a,-3.04262579929211,4.99650077398664e-09,2.60745729316091e-07
Mkrn1,0.900117251062687,5.058492793171141e-09,2.63123743634399e-07
Kdelc2,-0.968065444432417,5.13253902547804e-09,2.66111351867908e-07
Aph1b,-1.05696766770842,5.24621951313615e-09,2.70256214855158e-07
Fgd6,0.98691006135903,5.2313134004488e-09,2.70256214855158e-07
Pcolce,-2.47708326135664,5.3384367985244e-09,2.74125307529357e-07
Fam184b,-2.6954506576559,5.56188255257872e-09,2.8468664656506e-07
Fgf1,3.29706979403309,5.631033947087011e-09,2.8639617417867e-07
Sec23a,-0.41784358656082,5.6286125650597e-09,2.8639617417867e-07
Ccnd2,-0.569663108713738,5.674424899312321e-09,2.8768975098697e-07
Kdelr2,-0.527546914732526,6.394668861546141e-09,3.23182933220286e-07
Scarf2,-0.8584332622458,6.513357074455081e-09,3.28146206571839e-07
Ralgapa1,0.524125854752208,6.819582261185661e-09,3.42496951117415e-07
Srd5a1,-1.40595160073724,7.00532132656721e-09,3.50725790540417e-07
Ngfrap1,-1.24906714722007,7.165246685298e-09,3.57615006682739e-07
Enox2,0.566943964655838,7.27405144142597e-09,3.61145544468759e-07
Hsdl1,0.774970682930481,7.281069275538931e-09,3.61145544468759e-07
Shisa7,3.26255845799029,7.4087813407568706e-09,3.66345944013166e-07
Aspn,-5.59956294246296,7.466529791685141e-09,3.66936422676649e-07
Spry4,1.66700330645421,7.46230261659331e-09,3.66936422676649e-07
Cnih1,-0.483808300158168,7.537417864520411e-09,3.69287374946427e-07
Myrf,1.71830105384146,7.91611435780789e-09,3.86658744287928e-07
Cd1d1,1.11250840859064,7.9715933261857e-09,3.8818509628821e-07
Neu1,0.817147121888029,8.17084077625917e-09,3.966819396256e-07
Foxc1,-1.72312225058079,8.3429879739889e-09,4.03815741182103e-07
Slc2a10,-0.774290357314538,8.506049956652961e-09,4.10468151673304e-07
Ptms,-0.963770414306426,8.554457933839291e-09,4.11564476150268e-07
Gpr115,2.33921985430141,9.56979107950957e-09,4.59034799056356e-07
Frzb,-2.17563436659345,9.7819002358581e-09,4.6780842889159e-07
Slc25a4,-0.618744258717292,9.94471157824239e-09,4.72772178620241e-07
Timp1,1.18351069680431,9.92022975938437e-09,4.72772178620241e-07
D430019H16Rik,-2.42607448060922,1.00772002333495e-08,4.77653328220392e-07
Angpt2,-2.66515521694027,1.06642581785837e-08,5.03988437401446e-07
Btbd3,-1.15304342329628,1.11406683601081e-08,5.2307471384963e-07
Ptrf,-1.1329921312171,1.11043295469606e-08,5.2307471384963e-07
Ror2,-2.74010037623054,1.1166066546194e-08,5.2307471384963e-07
1500009L16Rik,-2.13781754410568,1.12168001320162e-08,5.23919402084641e-07
Pcdhgb2,-1.28095528332009,1.17863422619518e-08,5.4892148075212e-07
Sycp3,2.15018091102076,1.18420463488494e-08,5.49917172622945e-07
Id4,-2.01360974861739,1.22350824518035e-08,5.66526751330476e-07
Stt3b,-0.374211944412761,1.23727148232965e-08,5.71248599953987e-07
Mir22hg,0.82598761436817,1.25792492409874e-08,5.79115379568559e-07
Lap3,-0.659944762294411,1.27460871259854e-08,5.85114790387999e-07
Osbpl1a,-0.616920313777334,1.36873517130606e-08,6.26528747985555e-07
Gata5,2.54898685411271,1.37691470542223e-08,6.28477222095999e-07
D630045J12Rik,-1.30574095528357,1.40595583711761e-08,6.36101281757936e-07
Gsdmd,1.18024367524871,1.40949975047792e-08,6.36101281757936e-07
Hsp90b1,-0.426910943065227,1.39782617277205e-08,6.36101281757936e-07
Ybx3,-1.12058662060011,1.40407756464834e-08,6.36101281757936e-07
Fam171b,-1.35378356162685,1.49385517103122e-08,6.72276789187955e-07
Plscr2,1.55349884961183,1.50476449076762e-08,6.73403125882349e-07
Sema3a,-1.18341999381552,1.50057700110964e-08,6.73403125882349e-07
Kcnu1,2.39061409987759,1.52847550680754e-08,6.82108804862494e-07
Eef1b2,-0.601309245632831,1.5452655244876e-08,6.87686082439329e-07
Prdm5,-0.770262145572256,1.59147197592564e-08,7.06287327598469e-07
Thbs1,-1.10337016351696,1.61494589396527e-08,7.14725087492198e-07
Abcg1,2.29895046255118,1.62592548018872e-08,7.17601986724615e-07
Tln2,-0.979106476072835,1.6475911911257e-08,7.25166441566615e-07
Anxa8,2.09138320336646,1.70317983714561e-08,7.47579292353695e-07
Hspa12a,-1.54852751807933,1.73444072948305e-08,7.59220626422077e-07
Ica1,-1.06100170496001,1.7637640688463e-08,7.69952701552766e-07
Fkbp9,-0.633083788771781,1.79873338645045e-08,7.83084445226157e-07
A330074K22Rik,-1.85966256932651,1.84914475080145e-08,8.02849540720595e-07
Atf6,1.1636924686686,1.99500175387821e-08,8.63835759429266e-07
Cdr2l,-1.08134160329322,2.06120109682249e-08,8.90094414344828e-07
Rbfox1,-1.95489925507068,2.09668386476684e-08,9.02983123586815e-07
Hspb11,-0.957027060099991,2.1154003589397e-08,9.08601317709731e-07
Galc,1.17692252323497,2.12128950211294e-08,9.08694628699234e-07
Setbp1,-1.44351784351916,2.28848668791546e-08,9.77702539389161e-07
Nxph3,3.30640724155641,2.41022685019177e-08,1.02697458422666e-06
Crabp1,-3.92771368755946,2.42818416377629e-08,1.03188165750292e-06
Bag2,-1.12473692026766,2.45836617283972e-08,1.04194403320278e-06
Nyap1,-0.740986136740116,2.50808498024282e-08,1.0592432383119e-06
Mex3b,-1.87056078937979,2.51747029383907e-08,1.0592432383119e-06
Masp1,-1.95417810971938,2.52562834426781e-08,1.0592432383119e-06
Arhgef37,2.16324056472796,2.52163106808723e-08,1.0592432383119e-06
Gng8,-1.40791351049592,2.60158395005208e-08,1.08259679126713e-06
Mpp5,0.618196433447961,2.58845824712223e-08,1.08259679126713e-06
Rps20,-0.825861096369076,2.59657424231057e-08,1.08259679126713e-06
Trim63,3.66084698341868,2.68181476337271e-08,1.11309208093249e-06
Gpsm1,-1.16679590504113,2.72826666915996e-08,1.12944600275483e-06
Slc35f1,-1.7704915464473,2.7812099967709e-08,1.14839601438831e-06
Dusp6,1.31630430034092,2.79797068746299e-08,1.15234674508598e-06
Jam2,1.9986962680632,2.873625889599e-08,1.18047077890424e-06
Mtss1,1.47452805819515,2.90633446990361e-08,1.19085382461191e-06
Prrx1,-3.07678553125054,2.93140648481146e-08,1.19806283911134e-06
Gpr133,3.71698762694664,3.10223896385014e-08,1.26465573638278e-06
Vps39,0.527165971423541,3.21230949173882e-08,1.30620330881085e-06
Ppargc1a,-2.08467910509442,3.22779502629015e-08,1.30638660433105e-06
Copg1,-0.319412314803502,3.22906869305971e-08,1.30638660433105e-06
Fam126b,0.94651227453671,3.36927744642924e-08,1.35967742995574e-06
Inppl1,0.725038823436164,3.63106731048229e-08,1.46164144173962e-06
Emd,-0.678586988407577,3.65938690989835e-08,1.46934931537548e-06
Mmel1,2.7365016230834,3.716613851299e-08,1.48859676279153e-06
Mak,2.6302950683987,3.74914485852903e-08,1.49788154061081e-06
Wnt4,2.13986897758684,4.02464829367869e-08,1.60395249534891e-06
Hip1,0.729884974767907,4.06302770088358e-08,1.6152299453066e-06
Tagln,-1.75684306726493,4.45192200515737e-08,1.76545154565906e-06
Bmpr1b,-1.74410154419334,4.51809339217248e-08,1.77848585346426e-06
Cul7,-1.02311552800996,4.50877881913275e-08,1.77848585346426e-06
Mmp16,-1.86167120790382,4.51451539554547e-08,1.77848585346426e-06
Cdh10,-1.80943237310509,4.55450659175738e-08,1.78842524770943e-06
Itga1,-2.07742596470371,4.63841739227189e-08,1.81692139465985e-06
Lysmd2,-1.69680530365662,4.68156444955236e-08,1.82046951568637e-06
Pak3,-1.39650851090923,4.67205740610222e-08,1.82046951568637e-06
Asb2,-2.43318349577608,4.67751935837732e-08,1.82046951568637e-06
Adamts6,-1.72005964675759,4.81148979045622e-08,1.86646193542129e-06
Gamt,-1.44526325705322,4.86482959292465e-08,1.87805867248785e-06
Sox11,-2.07570541334437,4.85624234357371e-08,1.87805867248785e-06
Aoc3,-4.57500154600594,4.89138700388698e-08,1.87925446497058e-06
Thbs3,-1.92087742808799,4.88502894984703e-08,1.87925446497058e-06
Slco3a1,-1.80961879206363,4.90431469964391e-08,1.87971353595682e-06
Cdh4,-2.5640011966234,5.04623468832811e-08,1.92949226591181e-06
Itga11,-3.15234996069048,5.1128333587739e-08,1.95030245811706e-06
Nlrc3,1.5370079637518,5.21570533118199e-08,1.98481746106572e-06
2010111I01Rik,1.00388009131741,5.26895438729699e-08,2.00032981608732e-06
Pnpo,0.80672305981676,5.62417993878474e-08,2.13014153189764e-06
Shroom3,1.41931903293706,5.67470119512457e-08,2.14420726054459e-06
Pcdhgb5,-1.46500183836945,5.76963623838975e-08,2.17494922765276e-06
Nynrin,-1.49336010504812,5.94034012893255e-08,2.23404200013212e-06
Akr1c18,6.42757120477347,5.96075147246306e-08,2.23646836862601e-06
Nptx2,-2.6120702319581,6.17214251437561e-08,2.31037138371055e-06
Mgst1,1.2182034517165,6.24819543425098e-08,2.33338785669312e-06
Micalcl,1.49280612326672,6.31828547147786e-08,2.3540756171755e-06
Cd82,1.12279260944615,6.38669304096605e-08,2.37404197701432e-06
Neb,-1.57011015777629,6.59420569106369e-08,2.44550392075304e-06
Btbd19,-0.879911651741773,6.66445069989311e-08,2.46584675896045e-06
Chst14,-0.529389604024544,6.87836659456414e-08,2.5391315947353e-06
Nox4,-1.84191338968268,6.99242618579733e-08,2.57530252695768e-06
Pdia4,-0.363885753100285,7.02479256688494e-08,2.58128903013907e-06
Snx8,0.834467698398692,7.05439990883997e-08,2.58623663477174e-06
Vps13b,0.418665675124126,7.14077165164666e-08,2.61192471760345e-06
Il33,2.60071913588342,7.61837212130073e-08,2.78027197620408e-06
Synpo,-1.14558600910547,7.65637415112546e-08,2.78779023352684e-06
Myct1,-3.56228488230399,7.95184061003487e-08,2.88880812728727e-06
Pltp,1.42413422288827,8.07749948611987e-08,2.92781944043272e-06
Kif7,-1.24019614259515,8.12226713777026e-08,2.93740049242026e-06
Samd8,0.825401554436798,8.20865107869769e-08,2.96195493089675e-06
Cav1,-0.67301480692535,8.24772792906807e-08,2.96270962223317e-06
Ebf1,-1.8998701410423,8.23210679644298e-08,2.96270962223317e-06
Actr8,0.50291527327788,8.33309267143866e-08,2.98054108324447e-06
Xkr5,-3.29626314196821,8.33457590221285e-08,2.98054108324447e-06
Sema4g,-1.88421405995418,8.39359859784049e-08,2.99496309879738e-06
Zcchc5,-3.48563589100547,8.63118330434587e-08,3.07289306042056e-06
Itm2a,1.98667024272069,8.82273522103588e-08,3.13412507707796e-06
B4galt6,0.889653025310499,9.01583946668923e-08,3.18858198887038e-06
Pygb,-0.675798752893948,9.00831063515225e-08,3.18858198887038e-06
Arhgef25,-1.26829071451464,9.14336083334621e-08,3.22655911698325e-06
Pcdhgb4,-1.4458507836353,9.32202820281462e-08,3.28237832609435e-06
Tmem5,-0.538440563230234,9.43865692928012e-08,3.31615619877186e-06
Xpr1,0.51583287875599,9.69647128330635e-08,3.3992815411346e-06
Slc39a10,1.07554724816405,9.86836774596265e-08,3.4444688378664e-06
Ctse,3.32615231499437,9.85972931350044e-08,3.4444688378664e-06
Tbxa2r,-2.66377021180121,1.00886594887727e-07,3.5137046449919e-06
Gria3,-0.557166281495429,1.0360493510913e-07,3.60055241948671e-06
Dtnb,1.14268323152742,1.05561810183188e-07,3.66061853018366e-06
Armcx4,-1.26640160626697,1.07130386195195e-07,3.706989022102e-06
Unc119b,0.519289015200005,1.10247702816259e-07,3.80663458366224e-06
Glis3,-1.22411901217889,1.15265329077391e-07,3.97132438096534e-06
Cacnb4,-1.46523473871165,1.17288678181432e-07,4.02373000673389e-06
D630010B17Rik,4.14432926652346,1.1709343265268e-07,4.02373000673389e-06
Cercam,-1.19769688708012,1.19733802389049e-07,4.09883600016015e-06
Fam162a,-0.91799625239979,1.20772423046294e-07,4.11679785026525e-06
Limk1,-1.13226619033388,1.20713168730789e-07,4.11679785026525e-06
Eef1d,-0.412088424361953,1.21341150923682e-07,4.12740250307496e-06
Mettl20,1.52840086139891,1.22787448721685e-07,4.15605672526989e-06
H2-K1,1.89804941137365,1.22755934003663e-07,4.15605672526989e-06
Polr1e,-0.732865998316821,1.22961793132634e-07,4.15605672526989e-06
Peg12,-1.7573715072879,1.28503218882926e-07,4.3342106731018e-06
Gal,2.4400945511106,1.29410846406402e-07,4.35565371906927e-06
Nr2f1,-1.95195850424148,1.29924311701405e-07,4.36376812949309e-06
Clic5,3.52635155195207,1.3052909824568e-07,4.37490937864863e-06
Naglu,0.837750631208352,1.31660956835603e-07,4.40363296338872e-06
BC018242,-0.999563524584308,1.32406324968052e-07,4.41933694231909e-06
Ubxn4,0.425086977534863,1.33475470658681e-07,4.44575990732377e-06
St3gal4,-1.0564236055335,1.39302427976755e-07,4.63021617970041e-06
BC021767,1.87312838282008,1.41729770496812e-07,4.70114420937768e-06
Ahcyl1,-0.960217854262634,1.43756033983879e-07,4.75850293482587e-06
Map2,-2.57018479728734,1.44670376348255e-07,4.77889505046471e-06
Pdgfb,2.04366489962011,1.46322420635061e-07,4.82352160698417e-06
Itih2,-3.72547903980013,1.4961584826769e-07,4.92196202278576e-06
Hpgd,3.15189241334862,1.5205835008727e-07,4.9920631695659e-06
Tnni1,3.25609460814234,1.54134475222423e-07,5.04987408494568e-06
Grid2,-2.26995566801654,1.55216509987109e-07,5.074946339803e-06
Dennd4c,0.933031527132406,1.55832021267474e-07,5.08469411960531e-06
Vtcn1,1.93772161206231,1.58798805696036e-07,5.17096680092722e-06
Rab27a,-2.31707370328191,1.59194712424369e-07,5.17334378854119e-06
2310030G06Rik,1.27951673000296,1.60776138348274e-07,5.21415893214108e-06
Rab23,-1.30372944762323,1.64087236979879e-07,5.31079115889827e-06
Irf5,2.468504438056,1.71175613414764e-07,5.51415727175566e-06
Leprel2,-1.00364504616123,1.7140317841173e-07,5.51415727175566e-06
Mylk2,3.29635725026519,1.71006824190121e-07,5.51415727175566e-06
Tulp3,-0.768532936431189,1.74785598033902e-07,5.61170353928085e-06
Pcdh18,-1.76140672165832,1.76317682426729e-07,5.64957118031724e-06
Chchd10,2.41186071695871,1.78725689021126e-07,5.71529793175143e-06
Gnb2l1,-0.650257100962033,1.81419179616468e-07,5.7898738578395e-06
Isyna1,1.32920004404911,1.8939099492774e-07,6.03227262373225e-06
Macf1,0.336478040029436,1.949027815416e-07,6.18870013734393e-06
Slc2a3,1.94893923934692,1.95074812393651e-07,6.18870013734393e-06
Tgfb1i1,-1.39028771607637,1.98137713630416e-07,6.27101823734583e-06
Frrs1,0.659028751805624,1.98452421592556e-07,6.27101823734583e-06
Tfeb,1.01587424208926,2.0010885436259e-07,6.31091329870681e-06
A330023F24Rik,1.44750682229766,2.0582187938267e-07,6.47833463573627e-06
Acsl3,-1.13494100888188,2.07793053398667e-07,6.52755393823537e-06
Pde1a,-2.64370977784298,2.08900085698226e-07,6.54948781403383e-06
Pias3,-0.761288658672901,2.12970721124944e-07,6.65719775095576e-06
Zfp521,-1.41969970041579,2.13166621699039e-07,6.65719775095576e-06
Rpl32,-0.632341175717756,2.15607708415611e-07,6.72033287261965e-06
Tmem231,-0.706374974352521,2.18788724613578e-07,6.80624108161967e-06
Prkcg,-1.53261289998332,2.25877923106373e-07,7.01315931412248e-06
Slc24a3,-1.47026233442064,2.2911228393969e-07,7.09982185879648e-06
Mfap4,-4.21518342111763,2.30196526105921e-07,7.11964970027599e-06
Tuba4a,0.973136891513426,2.33305876421248e-07,7.20191415442161e-06
Ezr,1.62913103681418,2.35686692400955e-07,7.26141634414558e-06
Lrrc7,-3.18006629249493,2.4115016135535e-07,7.41548317672565e-06
Pgk1,-1.14057209797294,2.4248241814332e-07,7.44216632389679e-06
Pitrm1,-0.633714042437744,2.4470285802371e-07,7.49595504473777e-06
Phka1,-0.670770113510524,2.47112205829972e-07,7.55531421679768e-06
Tmem108,1.79119876528083,2.53191057840639e-07,7.7264265479331e-06
Gas6,1.19537425206693,2.61597722921414e-07,7.96778919947522e-06
9330102E08Rik,-1.49576849609464,2.6258465383031e-07,7.98267312906146e-06
Rnf128,1.27327767420977,2.63412612328867e-07,7.99267701159239e-06
Gpx7,-1.15641920811441,2.64441321622441e-07,8.00872289926868e-06
1010001N08Rik,1.88816235387133,2.7151099713851e-07,8.20731638708692e-06
Col19a1,-2.62487820089675,2.8342010705171e-07,8.5511742656788e-06
Kcnd2,1.79193587062869,3.00404895328598e-07,9.04014592585193e-06
Rpl6,-0.576333623858954,3.01032612811849e-07,9.04014592585193e-06
Slitrk5,-1.30007760641789,3.013193885778e-07,9.04014592585193e-06
Mmp27,2.11866949441798,3.01965298850157e-07,9.04259075304368e-06
Fam26e,-1.34584970061181,3.05612548347758e-07,9.13473626320788e-06
Bex2,2.00770574289017,3.21351527164034e-07,9.58728643704839e-06
Pnma2,-2.89296478721785,3.23471799055345e-07,9.59692906049199e-06
Gucy1a2,-1.15831830070045,3.23210206244852e-07,9.59692906049199e-06
Hmgcr,-0.892668471408643,3.2323643199072e-07,9.59692906049199e-06
Ptgs1,0.941076715289234,3.25957530224575e-07,9.65280146345271e-06
Man1c1,1.2574581791148,3.30852526941468e-07,9.77968327330123e-06
Syngr1,2.69237801377284,3.32040367374072e-07,9.79671956850829e-06
Sgcd,-1.39174609130552,3.33942327406186e-07,9.83472431502667e-06
Atg9b,1.40075052291978,3.41256982732781e-07,1.00317029731411e-05
Rpl13,-0.89093178501549,3.4945355138786e-07,1.02350920416543e-05
Snhg6,-0.793337994951402,3.49408275353829e-07,1.02350920416543e-05
Ggt5,2.09956808965161,3.51905401526754e-07,1.02390756312187e-05
Krt18,1.72988866215431,3.51002037359971e-07,1.02390756312187e-05
Lrba,0.685081428557547,3.52145975457307e-07,1.02390756312187e-05
Mmp13,2.33380220438845,3.51410927411818e-07,1.02390756312187e-05
Mtss1l,-1.00373976817537,3.53689148605104e-07,1.02653149452942e-05
Unc5c,-2.17040762162805,3.56915099748059e-07,1.03402112351965e-05
2610018G03Rik,2.31099676343879,3.6037426398808e-07,1.04215813778936e-05
Tmem246,-1.63490947200649,3.62173915430568e-07,1.04547536920957e-05
Crhbp,3.87618193649462,3.66247046059836e-07,1.0553316411735e-05
Vat1l,2.17775796410552,3.68404014682222e-07,1.05964106269728e-05
Pdia3,-0.329392287170936,3.69380523937911e-07,1.06054576595148e-05
Pcdhgc3,-1.00575676973287,3.76344659531565e-07,1.07860783369503e-05
Sox13,-1.33669227241244,3.77398329659001e-07,1.07969618561908e-05
Gm4961,1.88820698056643,3.81258527165525e-07,1.08879551937948e-05
Peak1,-0.78896098642996,3.84508383852922e-07,1.09612256542841e-05
Ogn,-2.93000682617462,4.0715069599105e-07,1.15860769102533e-05
Map3k1,1.0684023208603,4.12598247027251e-07,1.17202775099709e-05
Sema3c,-1.20440500444448,4.14823212364573e-07,1.17474107274932e-05
Thbs2,-2.53684610242498,4.15019940812757e-07,1.17474107274932e-05
Il17d,-1.95169115556536,4.19074145262507e-07,1.18412467041457e-05
Uhrf1bp1l,0.518913694327956,4.22407838677366e-07,1.19144295483276e-05
Timp3,1.34268500998287,4.2696225218604e-07,1.20217262605844e-05
Agtr2,-7.15404454863643,4.29014499900693e-07,1.20583180752789e-05
Gtf3c4,0.397386068861508,4.31919201434712e-07,1.21186996955964e-05
Penk,3.02360747237213,4.360500784171e-07,1.22132138222384e-05
Nt5c1a,3.81862712788777,4.38978149106294e-07,1.22737677606142e-05
Fgf7,-2.14300533588735,4.45235351322362e-07,1.2427030598494e-05
Gucy1a3,1.79557860486575,4.52838251930319e-07,1.26172550159576e-05
Adcyap1r1,2.18724413507393,4.61023172793706e-07,1.28230073807777e-05
Myl6,-0.78728357633564,4.63397112550214e-07,1.28666986831317e-05
Cldn1,-2.61696798839525,4.69003212814561e-07,1.2991583102395e-05
Dcn,1.36123063542454,4.69516672884756e-07,1.2991583102395e-05
Ebf3,-3.6419375468092,4.7668925967889e-07,1.31673079815785e-05
Rps19,-0.431928849170433,4.79665513413627e-07,1.32039882996559e-05
Zik1,-0.828718551852023,4.78849593158818e-07,1.32039882996559e-05
Acy1,-1.04222778985069,4.85874223017986e-07,1.33519569930895e-05
Tpi1,-0.50909082625891,4.90141678179366e-07,1.34461640858076e-05
Tcp1,-0.40208966648976,4.92011511986241e-07,1.34743870658659e-05
Sec31a,-0.555561654462939,4.95379965435969e-07,1.35434853690267e-05
Eln,-5.37380625633064,4.99913789665623e-07,1.36441547261209e-05
Sobp,-2.17679837825356,5.05205233582149e-07,1.37651242299653e-05
Wnt5a,-1.04138037568987,5.15076340023171e-07,1.40102513472177e-05
Col5a2,-1.31093654400216,5.18027610612204e-07,1.40533533179273e-05
Fam63a,0.910163368698242,5.18415318075963e-07,1.40533533179273e-05
Gp1bb,-2.2646875579569,5.2239603796315e-07,1.41373427773777e-05
Ppp1r9a,1.40689826891163,5.25821960270958e-07,1.42060600767302e-05
F3,-1.22121692603149,5.35101841119777e-07,1.44324353477777e-05
Ankrd6,-1.25200855268607,5.42658837151841e-07,1.46116592101002e-05
Pkig,0.888012560074407,5.44507504569813e-07,1.46368367964983e-05
Slc2a4,-3.11197659189262,5.48847562519475e-07,1.47287886082488e-05
Ppp1r13b,1.05616905984936,5.51130537837465e-07,1.476532164999e-05
Spint2,1.62615454323833,5.52428381276695e-07,1.47753841342803e-05
Rpl22,-0.399175606987249,5.58112904967207e-07,1.48782069038437e-05
Elovl4,-1.40095398983712,5.58130101067979e-07,1.48782069038437e-05
Ttll11,-1.6865426189192,5.65804083974531e-07,1.5057719650093e-05
3632451O06Rik,-1.16033035013726,5.68966264233963e-07,1.51167637135859e-05
Kcnk2,-1.45568805172852,5.73766703369072e-07,1.52190668123773e-05
Elk3,-0.833575507983954,5.80126077698746e-07,1.53222414145933e-05
Emilin1,-1.4650615392872,5.7884840338136e-07,1.53222414145933e-05
Scd2,-1.66630303115213,5.80525593824239e-07,1.53222414145933e-05
Chd3,-1.21082079687174,5.83823685693966e-07,1.5383946165301e-05
Rps5,-0.481840581723571,5.85818080816121e-07,1.53961698605556e-05
Tram1l1,-1.13852852708434,5.8620957586536e-07,1.53961698605556e-05
Gpr124,-1.53518875879138,5.94234650785031e-07,1.55813966288494e-05
Ecm1,1.22622352031544,6.10063536814604e-07,1.59703070642267e-05
Plec,-0.716219881009752,6.15275301977092e-07,1.60804659265498e-05
Flna,-1.25012529076239,6.17044944831073e-07,1.61004512396394e-05
AW551984,-3.86156894795832,6.24502071232925e-07,1.62685328182483e-05
Arhgap42,-0.641833978216523,6.26711363696796e-07,1.62995823990038e-05
Ptn,-3.6548302174139,6.35408619451397e-07,1.64989975562899e-05
Safb2,0.667582585651031,6.4133518933862e-07,1.66259402401198e-05
Fam20a,-1.75512936448482,6.93943727416405e-07,1.79317297692552e-05
Oaf,-1.09843148661594,6.92976047229213e-07,1.79317297692552e-05
Dlg4,-0.459356275320916,7.01558604136447e-07,1.80912407354144e-05
Shroom2,1.04414857559594,7.02375116249156e-07,1.80912407354144e-05
Osr2,-4.06327887175194,7.03734697160881e-07,1.80971646600553e-05
Gdpd2,1.92894280258108,7.06550886555581e-07,1.81404675536971e-05
Ms4a6b,3.57301705350793,7.15180395193679e-07,1.83326481782367e-05
Aggf1,0.565142638914086,7.18920253087907e-07,1.83697310601617e-05
Epcam,2.93275182204377,7.18824370829039e-07,1.83697310601617e-05
Pvrl3,-0.7563905445588,7.25394856634186e-07,1.8505654455631e-05
Wdr7,0.770487568549751,7.31199571044721e-07,1.86240831919038e-05
Igf2bp1,-1.21569532165632,7.36225344685094e-07,1.87223273765078e-05
Cnr1,-2.03014294484771,7.38946685250067e-07,1.87381730158844e-05
Fam131b,-1.4871692627616,7.39187650336367e-07,1.87381730158844e-05
Ppfibp1,0.793195036069897,7.51506542780579e-07,1.90047090209435e-05
Olfr1372-ps1,-1.64949628751295,7.52074497177343e-07,1.90047090209435e-05
Slc4a3,-0.958838470099932,7.68108681240281e-07,1.93793215466938e-05
Dnajc25,-0.438279843427313,7.72475553449247e-07,1.94588535248591e-05
Traf3,0.611985134072878,7.89023527347496e-07,1.98444991077461e-05
Fhl1,-0.990866725799387,7.95815982180748e-07,1.99678887200878e-05
Rab38,-1.48115705720035,7.96422251553343e-07,1.99678887200878e-05
Il16,1.64091545644391,8.08786861496496e-07,2.02462098563053e-05
Fbln5,-1.5998567361259,8.12881555754538e-07,2.03169663100522e-05
C77080,1.8880578788672,8.2359367269084e-07,2.05206753190979e-05
Gpr39,1.07836707927477,8.23456261084384e-07,2.05206753190979e-05
Cxcl16,1.69796301765292,8.3560491506643e-07,2.07851777454627e-05
Slc38a4,-2.45230951750392,8.3810154319761e-07,2.07851777454627e-05
Sytl4,-1.54761194078495,8.37715103776827e-07,2.07851777454627e-05
Angptl1,-2.73853783011014,8.41224974360575e-07,2.08042577061281e-05
Cnga3,3.89616536425934,8.41468010334625e-07,2.08042577061281e-05
Pycard,1.58111116420939,8.68122950708516e-07,2.14301969080141e-05
Tmem47,-1.80055534959561,8.72997126721642e-07,2.15173645649345e-05
2610507B11Rik,0.540037383584015,8.89196625848543e-07,2.18504211275888e-05
Arap2,1.14913751880714,8.89237536682348e-07,2.18504211275888e-05
Calcb,5.17564912690725,9.00190320100156e-07,2.20616844831593e-05
Spg21,0.448326649696466,9.00589329753834e-07,2.20616844831593e-05
Ptgis,1.53243307718117,9.06764304898603e-07,2.21790395859244e-05
Rps2,-0.933597851432394,9.21219689437972e-07,2.24982631775697e-05
Pcsk9,-3.02978414023049,9.30472450896665e-07,2.26896486085471e-05
2610301B20Rik,0.604072293201042,9.36620171291398e-07,2.27666286980877e-05
4933431E20Rik,-1.04345689431438,9.3789244995555e-07,2.27666286980877e-05
Ptgr2,0.468148830626413,9.36041892915015e-07,2.27666286980877e-05
Notch3,-1.0335255549589,9.54464250832882e-07,2.31338453291885e-05
Cct2,-0.425101680551996,9.60665130479828e-07,2.32489668510836e-05
Sec61a1,-0.24950030039394,9.71598823985337e-07,2.34781067255944e-05
Twist2,-2.45828596879432,1.00790180225667e-06,2.43186668282442e-05
Wnk4,-1.2723089681888,1.01832538187872e-06,2.45332194632767e-05
Kctd15,-1.66267294525053,1.02570589083495e-06,2.46739250406406e-05
Dpysl5,2.32565834773863,1.02803607705151e-06,2.46929025343961e-05
Myo1d,1.02112335467141,1.04832100909177e-06,2.51424414470947e-05
Ppp4r4,-2.17480430128255,1.06910578347717e-06,2.55262947199519e-05
Rnf144a,-3.74593415862664,1.06781919167022e-06,2.55262947199519e-05
Vamp8,0.765045511593212,1.06731341758303e-06,2.55262947199519e-05
Eef1g,-0.818711885544913,1.09564208648471e-06,2.60821424481003e-05
Rtn4rl2,2.49576066050205,1.09458078758747e-06,2.60821424481003e-05
Fam3c,-1.00862397123764,1.1145248047964e-06,2.6492287681963e-05
Mad2l2,-0.739012344383023,1.12933530573872e-06,2.68045643455408e-05
Gal3st4,-1.31503420517668,1.13353363386578e-06,2.68644117576386e-05
Chodl,-4.26345662139186,1.14097340716129e-06,2.70007901863088e-05
Kif16b,0.546715318384559,1.15580260054173e-06,2.73113767894972e-05
Cxcl12,-2.60408851128574,1.15768417151067e-06,2.7315549501874e-05
Plekhg4,-2.03705643469854,1.16042852023816e-06,2.7340037239317e-05
Trpm4,-0.961844437125363,1.16831728261937e-06,2.74451776903886e-05
Stx3,0.860738648664799,1.16721486762452e-06,2.74451776903886e-05
Grin3a,-1.32288155166286,1.17017263015746e-06,2.74485149454651e-05
Mtap7d3,-1.69762440320599,1.17275600777152e-06,2.74688947375842e-05
Tmem38a,-1.15867301067613,1.18556765826878e-06,2.77284371578455e-05
Rpl13a,-0.512796882817295,1.18972259183208e-06,2.77850519588073e-05
Hddc2,-0.606089073602,1.21408485678469e-06,2.82715893757959e-05
Plekha5,-0.941179544872118,1.21302261840177e-06,2.82715893757959e-05
Plscr4,1.30462157378449,1.22701942211113e-06,2.85313180865637e-05
Ebf2,-2.39623612597457,1.23092987059212e-06,2.85807644300817e-05
Cacng7,-1.41453586939854,1.24791256191831e-06,2.89331507300916e-05
Rps3,-0.421415506571736,1.25080764625731e-06,2.89583660414572e-05
Satb1,1.00024967632781,1.25863347755674e-06,2.90974991975995e-05
Tnni2,3.12334119411955,1.27971640742902e-06,2.95422717052167e-05
Fam198b,-0.46490449209686,1.29526423298851e-06,2.9858170182315e-05
Atp11a,0.470734287077027,1.34425709949332e-06,3.09430215387678e-05
Slc1a4,-0.745662227254414,1.35405930219985e-06,3.11239369878678e-05
Rhpn2,1.90830758048252,1.38827613635278e-06,3.18647163044526e-05
Alkbh5,0.244969971332405,1.4170652213027e-06,3.24357012760178e-05
Crispld2,-2.82948399086617,1.4172018533932e-06,3.24357012760178e-05
Cct4,-0.408380154154226,1.42047359844143e-06,3.24642047369902e-05
Sptb,1.9335069044595,1.45300615535879e-06,3.31604154059875e-05
Fbn1,-1.68739723753101,1.51470635533198e-06,3.44675742438696e-05
Spock2,1.74875097098593,1.5167367731058e-06,3.44675742438696e-05
Tcp11l1,0.965341911761728,1.51379531372073e-06,3.44675742438696e-05
Ern1,0.87456571392658,1.55017628272298e-06,3.5177583888817e-05
Lrrc3,-1.25291696020209,1.58762180552426e-06,3.59763634318306e-05
Cpne7,2.11324837146368,1.59493100342102e-06,3.60400417571342e-05
Tmem74,-1.78416974387923,1.59324170767854e-06,3.60400417571342e-05
Aff2,-0.957597883662688,1.60308429338649e-06,3.61732584004859e-05
Slc9a3r1,1.14204392419731,1.61229706560769e-06,3.62822133063495e-05
Mat2a,0.38814994543959,1.6124421617952e-06,3.62822133063495e-05
Foxo6,1.80329557349257,1.62267080848417e-06,3.64611627247193e-05
Ivl,3.24288630453912,1.6290630096026e-06,3.6553527278492e-05
Lgals7,2.50534851709287,1.6557230862491e-06,3.70997756151004e-05
Cstb,0.821703037291496,1.67693736161406e-06,3.75226445117581e-05
Nkain4,-1.58563829526425,1.68113582783504e-06,3.75641242646375e-05
Shc2,-1.94369760762951,1.73321884427243e-06,3.86739541839674e-05
Ctnnb1,0.455459251211088,1.74238387585986e-06,3.88243839710026e-05
Cd97,-1.03127844924857,1.75378664037418e-06,3.90241885631037e-05
Ccdc68,-1.11019254428826,1.7583196189336e-06,3.9035984057134e-05
Prkar2b,-1.41170439233152,1.75918984390804e-06,3.9035984057134e-05
Thsd1,-0.902383125976456,1.76368674785095e-06,3.90816395398618e-05
S100a16,1.6818514698651,1.76703871723858e-06,3.91018332719327e-05
Barx1,-3.05124897842144,1.77241276442927e-06,3.9166655032995e-05
Il11,2.5909647487906,1.791761829192e-06,3.9539691825737e-05
Evc,-0.777433465557234,1.79657590812038e-06,3.95913928803256e-05
Naa60,0.547141662933296,1.80074242193165e-06,3.96287010189107e-05
Trim7,-1.19761227844647,1.81698554292199e-06,3.98766101139085e-05
Wdtc1,0.580052575613178,1.81625476958518e-06,3.98766101139085e-05
Chsy3,-1.5919068964405,1.84567260874658e-06,4.04507809367017e-05
Mrps6,-0.723224719298576,1.90976665703481e-06,4.17983218748014e-05
Vps13c,0.713404007176252,1.92191627373685e-06,4.20068494154681e-05
Kctd11,-0.876214861306081,1.92853844699194e-06,4.20941613886346e-05
Prcp,-1.08241107682554,1.94534828186356e-06,4.2403299079913e-05
Gnas,-0.391208122200043,1.95024931270237e-06,4.2425103867154e-05
Ptk2b,1.53215201360364,1.95164481306364e-06,4.2425103867154e-05
Hoxa2,-1.81722137187069,1.95485488168253e-06,4.24373036035715e-05
Dok4,-0.982546345325162,1.97070936241803e-06,4.27235922805133e-05
Ubxn2a,0.906140156569562,1.98271362222842e-06,4.29257499212452e-05
Mgst2,1.37380557150798,1.99059391470657e-06,4.29801955626872e-05
Rasgrp1,-1.8068207517124,1.98869377435716e-06,4.29801955626872e-05
Vwa1,-1.91355241666201,2.01626542321745e-06,4.34426615354276e-05
Slc39a12,2.6537829885207,2.01743587680907e-06,4.34426615354276e-05
Mstn,-2.39801786201798,2.03354639078381e-06,4.37092048528604e-05
Scn2b,2.58402245788979,2.03527038388577e-06,4.37092048528604e-05
Dap,-0.78483392635378,2.04881380265028e-06,4.39411592131997e-05
Adcy9,0.861434195798692,2.07369213782841e-06,4.42431203710054e-05
Eda,-1.38238738601398,2.0719362314709e-06,4.42431203710054e-05
Gabarapl1,0.845900734411273,2.06875663640313e-06,4.42431203710054e-05
Nxf3,2.72609836998127,2.07393941692935e-06,4.42431203710054e-05
Nebl,2.21733391046047,2.0916704521187e-06,4.45620376507895e-05
Arhgap44,1.26121051263682,2.10435414030551e-06,4.47727193649861e-05
Jsrp1,3.90753999973417,2.11256643362041e-06,4.48878339960645e-05
Rplp1,-0.41951632821087,2.12976793764601e-06,4.51933935483798e-05
Mcf2l,-2.26452692519611,2.14409297501644e-06,4.5437187239072e-05
Lrrc2,3.43134522276188,2.18765642853443e-06,4.62991329478864e-05
Raly,-0.735022676199626,2.21660998526977e-06,4.68500113113549e-05
Mia3,-0.373903091790812,2.23751307111219e-06,4.72295084483379e-05
Lrrc20,-0.584075937106569,2.2541500172409e-06,4.74711242140027e-05
Anxa2,-0.736040545783091,2.25488580780576e-06,4.74711242140027e-05
Nr6a1,0.757285139123035,2.26512174790813e-06,4.76240361197324e-05
Ecscr,-2.12839574923164,2.29791905920841e-06,4.82502768644535e-05
Prim2,-0.922389292204995,2.31298379010824e-06,4.85030278813142e-05
Prkar1a,0.263391424034049,2.32122618735601e-06,4.86122415001707e-05
H1fx,-1.36464889595292,2.32499659438274e-06,4.86276376483106e-05
C530008M17Rik,-2.06981523240108,2.35753288292078e-06,4.91797321839502e-05
Fkbp10,-0.965119601792229,2.35530117044634e-06,4.91797321839502e-05
Myo16,-1.15733824073587,2.38057869974161e-06,4.95959055247858e-05
Crybg3,-0.825297517817101,2.38672233398455e-06,4.96593227438526e-05
Ptplad1,0.592643294658709,2.41326821330886e-06,5.01465240537241e-05
Stau2,0.767668378618557,2.44242963045999e-06,5.06867423699475e-05
Sgk3,1.35708014255884,2.50427719874276e-06,5.19030077633347e-05
Syt10,2.20283060188491,2.51353091275945e-06,5.2027491929353e-05
Casp3,-0.687204926518824,2.52672438068234e-06,5.22330984553701e-05
Exoc6,0.805687297343328,2.53259065981724e-06,5.22869007228506e-05
Asap1,-0.561190955564286,2.55289710744815e-06,5.26383070250023e-05
Pcdhga2,-0.85902514893637,2.55665385089922e-06,5.26480094412036e-05
Fam57a,-1.07799221381173,2.57357965584231e-06,5.28839762196779e-05
Tpbg,-1.88460532764586,2.57471452789144e-06,5.28839762196779e-05
Abhd11os,1.98334520410265,2.59752932503122e-06,5.32161346756077e-05
Dazap2,0.544746417466717,2.5945553503628e-06,5.32161346756077e-05
Faim2,3.52866722919303,2.63441292463781e-06,5.38340937061509e-05
Ly6e,-2.25210815276178,2.63391476582365e-06,5.38340937061509e-05
Htr2a,-2.03494138204454,2.64344079167834e-06,5.39497642337308e-05
Acsl4,0.807456101135655,2.64870558597945e-06,5.39884379045505e-05
Usp53,1.36921240634688,2.67667395937633e-06,5.44891912365542e-05
Pla2r1,-1.25589685126262,2.72234010328879e-06,5.53484908563321e-05
Asb10,2.81358010744073,2.7457596870267e-06,5.57538858629337e-05
Nacad,-1.2886287110064,2.78460605886188e-06,5.64711059101598e-05
Ppip5k1,0.990418204087492,2.84645348009837e-06,5.76067433187828e-05
Obsl1,-1.22751387229782,2.84779606194844e-06,5.76067433187828e-05
Tmem251,0.833430724591293,2.8739228493645e-06,5.80619394321169e-05
Jakmip2,-3.75514129111322,2.91490747435297e-06,5.88157841896838e-05
Mbp,1.53782581038455,2.96690221636035e-06,5.97896105764895e-05
Osr1,-1.90196413545541,3.03501998903218e-06,6.10277551072733e-05
Snx1,0.64600988735858,3.03596035331732e-06,6.10277551072733e-05
Postn,-2.30873299379572,3.04081049154698e-06,6.10486527381882e-05
Cct7,-0.443829105986619,3.08318625889357e-06,6.17446588171674e-05
Klf12,-2.56633169713976,3.08148879005094e-06,6.17446588171674e-05
Lum,2.72770546746687,3.1100045786166e-06,6.22039742247397e-05
Cyp2b10,2.85828767875745,3.11577071639579e-06,6.22415993109439e-05
Bhlhe22,-2.42562752128992,3.12013900605327e-06,6.22512416139221e-05
Btbd9,0.459983915885033,3.15628798966702e-06,6.2894141644845e-05
Arhgap29,1.22609652976325,3.16882985902076e-06,6.30656188464244e-05
Hfe,1.75267686763674,3.21789476998135e-06,6.3962645297607e-05
Eif3h,-0.420267337375556,3.23902096648442e-06,6.43027941809752e-05
Slc27a3,-1.70576424039824,3.26492209795727e-06,6.47367783804127e-05
Bcorl1,-0.783834155603722,3.2762838839407e-06,6.48479728116229e-05
Plod3,-0.580203260281331,3.27862542771453e-06,6.48479728116229e-05
H60b,2.0732594523871,3.30076835666013e-06,6.52054375364389e-05
Lamtor3,0.578589127772153,3.36816449665394e-06,6.64548810355821e-05
Nexn,-1.22558840498042,3.38488794847685e-06,6.67026935086687e-05
Mboat2,-1.10292671378567,3.405853610631e-06,6.70333915183284e-05
Gnptab,0.59361554011403,3.41616667769391e-06,6.71197419420378e-05
Itga7,2.43217173733931,3.42280938559671e-06,6.71197419420378e-05
Pcyt1a,0.525940614635447,3.42199406474076e-06,6.71197419420378e-05
Psen1,0.452605932804709,3.44088034420413e-06,6.73916185751766e-05
Scamp5,0.662851553581696,3.47515939718079e-06,6.79798885253156e-05
Rhob,0.842809375294598,3.48729685511434e-06,6.81341255070572e-05
Fbxo33,0.830982766033641,3.51813216713641e-06,6.86528568205754e-05
Acacb,-1.27376640877123,3.53029406965434e-06,6.88063762651243e-05
Adora3,2.83948317745074,3.53822991322976e-06,6.8877255698486e-05
Gtse1,-0.74459269215455,3.56392872132833e-06,6.92933277237878e-05
Npepl1,-0.826782268424921,3.63177563444653e-06,7.05268817448096e-05
Plp2,-0.911290212918294,3.64281558576161e-06,7.06556277233497e-05
Slc24a5,2.66453278187426,3.67206097575405e-06,7.11367459402123e-05
Hp,3.48115410223561,3.81692679857277e-06,7.38538457004038e-05
Tmem110,-0.622522060271593,3.84126140515315e-06,7.42350409794435e-05
Plekhm1,1.17987601131408,3.92011083276329e-06,7.56675851225309e-05
Laptm4b,0.499891498455868,3.9453478898862e-06,7.60630788734859e-05
Maged2,-0.679201586459444,3.95969458377245e-06,7.61563828650881e-05
Tirap,0.505057711196071,3.95687944691648e-06,7.61563828650881e-05
4833412C05Rik,-1.82917891719725,3.99897417848123e-06,7.68196226779949e-05
Elac1,0.47486621365803,4.08619832797819e-06,7.84011777395671e-05
Col4a3bp,0.687720102256879,4.34124961693231e-06,8.31951675991298e-05
Ostm1,0.629802773960201,4.3828430461732e-06,8.38919097284837e-05
Grik1,-2.76900124742437,4.41626451334273e-06,8.4430756286711e-05
Gpr126,-1.83197015901055,4.42449246628561e-06,8.44872393353537e-05
Pced1b,1.17194993474523,4.44161288178458e-06,8.47131904512747e-05
Cyld,0.541803070897542,4.44871695179708e-06,8.47477934420226e-05
Maml2,-0.95733466366265,4.55142284915761e-06,8.66013604113469e-05
Ppp1r14a,-2.72520424861174,4.57639437854986e-06,8.68701591691319e-05
St8sia2,-3.45472894499849,4.5760264621924e-06,8.68701591691319e-05
Ddr2,-0.660283456143686,4.58562705868306e-06,8.69424036771139e-05
Prss35,-2.56853911639848,4.61639874987584e-06,8.74223692337599e-05
Anapc15,0.885429883925116,4.64404728281653e-06,8.78421269397918e-05
Ikbip,-0.605552822283795,4.66828923721715e-06,8.8196535223415e-05
Mn1,-1.56853870886037,4.69170088595567e-06,8.85344403932813e-05
Ptpra,0.830334412854912,4.73673174107119e-06,8.92790343808254e-05
Haus7,-0.771873270819062,4.84287935985251e-06,9.11724679485276e-05
Pcdhgc5,-1.12124679948351,4.86726605988639e-06,9.15240252880749e-05
Fuca2,0.885107494655262,4.88845512021734e-06,9.18147004466611e-05
Cep72,-1.55044439537775,4.90945760467149e-06,9.21011947124613e-05
Nme4,-0.966775302880681,4.94769529591887e-06,9.2709972322709e-05
Akap5,1.10064289260031,4.95552143568607e-06,9.27481412629983e-05
Vps18,0.732836648307756,4.9990791483606e-06,9.34541972414063e-05
Dcbld1,-1.08951110478474,5.00812030033591e-06,9.35140971231721e-05
Gcnt4,-2.47437823712614,5.04075931567824e-06,9.39046569726525e-05
Hook1,1.4838362949105,5.03808460007059e-06,9.39046569726525e-05
Scin,1.94404150964606,5.06549868889184e-06,9.42559285653149e-05
Ift22,0.614663830500182,5.08354489958188e-06,9.44213059600208e-05
Ncoa4,0.723315195414603,5.08617358738518e-06,9.44213059600208e-05
Esam,2.3110851686836,5.16390264353183e-06,9.57533382546568e-05
Tmsb10,-0.96043707218562,5.1875606800808e-06,9.60808204110688e-05
Hoxa7,-1.87218077993602,5.26951353655369e-06,9.74860004262432e-05
Fam114a1,-0.601099724454011,5.30295994589055e-06,9.79916047210064e-05
Upk1b,1.92870448377094,5.36949598978281e-06,9.91067917653346e-05
Il17rd,0.889429402763878,5.39555747017376e-06,9.9473217755643e-05
Nell2,-2.3604693312557,5.44812478532315e-06,0.0001002117189272
Gfra2,-2.20580346299814,5.4469682017818e-06,0.0001002117189272
C1s1,1.99112958096289,5.54376223980283e-06,0.0001018539161053
Dnajc6,2.16190721765373,5.56877333894841e-06,0.0001021962401641
A830018L16Rik,-2.17801209504442,5.61083326554163e-06,0.0001028502971936
Desi1,-0.470870951518401,5.80479054364117e-06,0.0001062840563424
Snta1,1.18391174334233,5.94290136371025e-06,0.0001086886104429
Rpa1,-0.958143234527718,6.01015279233926e-06,0.0001097932244995
Fasn,-0.845853896517345,6.07129214571767e-06,0.0001107290644082
Tro,-1.64458761723879,6.08211576551234e-06,0.0001107290644082
Ust,-1.2625906051746,6.0782135839196e-06,0.0001107290644082
Gpr153,-1.11359055206435,6.10902437411008e-06,0.000111092712256
Antxr1,-1.1924416986184,6.20427900859154e-06,0.0001126969999961
B230217C12Rik,-1.75234038023314,6.21659224260277e-06,0.0001127927795229
8-Mar,0.44464489417863,6.23190553272108e-06,0.0001129427132802
Rps4x,-0.603030182343401,6.28292152438599e-06,0.0001137386279572
Ucp2,2.25380930016082,6.33499414143843e-06,0.0001145518523024
Kdelr1,-0.236640816179363,6.4068123541994e-06,0.0001157198880796
A730020M07Rik,-2.53352121836382,6.43521961147604e-06,0.000116102087157
Chd7,1.63219210782671,6.46418431442692e-06,0.00011649347233
Mocs1,0.59726616676679,6.57500472463317e-06,0.0001183574726891
Papss2,-0.945717379951801,6.6363959458682e-06,0.0001192155621096
Prss12,2.69320459101343,6.63755579562847e-06,0.0001192155621096
Rnasel,1.36002626195056,6.69910829371712e-06,0.0001201863538338
Gal3st1,-1.94189754480789,6.73073489014406e-06,0.0001205817650659
Tmem51,-1.76276458381235,6.73620121927836e-06,0.0001205817650659
Ccnjl,-2.59543354538128,6.81226003323244e-06,0.0001218071629379
Mvp,0.552695241044181,6.8426009987769e-06,0.0001222132782624
Rgs12,-0.654300910025054,6.88446536731783e-06,0.0001228240753338
Crispld1,-2.86949451688048,6.90478541805342e-06,0.0001229128524251
Kifc3,0.987879783934787,6.90454242200996e-06,0.0001229128524251
Hdac7,-0.95693981870918,6.94239572831996e-06,0.0001234451964077
Adm,-1.84533616269219,6.95074474451573e-06,0.0001234566314322
Slc46a1,0.754593732895377,7.11994606941045e-06,0.0001263218781594
Cbx2,-1.08255506975934,7.15872608618881e-06,0.0001268694144102
Gm13251,1.60497294730837,7.28200492207593e-06,0.0001289116031564
Bahcc1,-0.861118096964673,7.296270586203e-06,0.0001290215795381
Hpcal4,3.90815789057665,7.30760827396967e-06,0.0001290466042895
Lpp,-1.27921012236517,7.31379543692191e-06,0.0001290466042895
Rpl18,-0.503647683833551,7.32421683699432e-06,0.0001290883145714
Snhg8,-0.552759838535112,7.34477939960806e-06,0.0001293084733638
Adam5,-1.84635937973677,7.36480043632069e-06,0.0001295186254558
Vav3,1.27281442031791,7.40715900890992e-06,0.0001301207176334
Mmd,2.18019875250841,7.46488136844289e-06,0.0001309910891608
Copz2,-0.755796908569341,7.49024338626453e-06,0.0001312923296404
Palld,-0.865895699422252,7.56675967418014e-06,0.0001324885866011
Ggt7,-1.37443835803278,7.60504501417908e-06,0.0001330135656901
Wbscr17,-1.72349763618317,7.6685554061991e-06,0.0001339781092286
Tubgcp2,-0.46805917363401,7.69546123935005e-06,0.0001343017260518
Aard,-1.88937087988558,7.77405167651171e-06,0.0001353783499015
Kcnd1,-1.32594598210786,7.77148336326823e-06,0.0001353783499015
Ptpla,-1.02574330835592,7.82100996619006e-06,0.0001360482091947
Boc,-0.889797028818964,7.9120400444088e-06,0.0001373334708033
Nod1,1.14637806348536,7.91201492597949e-06,0.0001373334708033
Igfbp6,1.82002858047698,7.92190493154077e-06,0.0001373558862643
Kdm6b,-0.87644654384235,7.94806649948469e-06,0.000137660511771
Rufy1,0.637660366096327,8.05920963622293e-06,0.0001394347706068
Cyp2j9,-1.22170971991223,8.12525675754959e-06,0.0001403611309915
Pgap3,-1.22792787179975,8.13027461207873e-06,0.0001403611309915
Parva,-1.00905862488966,8.20012505869025e-06,0.0001414146432349
Gm16907,0.72053184447178,8.41594691949036e-06,0.0001448247965597
Ptprf,0.955617432140338,8.41068083081098e-06,0.0001448247965597
Rasl12,-2.74372278421634,8.48237819594028e-06,0.000145811353087
Cenpv,1.26401131755558,8.49277885435462e-06,0.0001458336656223
Rpl14,-0.564992526556917,8.53668764207024e-06,0.0001464306988368
Il1rl1,-3.11147457656986,8.68084512342146e-06,0.0001487441922164
Abca2,0.775884392085932,8.70338862182011e-06,0.0001489711422117
Bzw2,-0.9586879406576,8.73856954428867e-06,0.0001494136848122
Snhg5,-0.890876200985683,8.77792537132138e-06,0.0001499265910169
Wbp5,-0.752940343899444,8.81180498096974e-06,0.0001503449708201
Fam196a,-1.48008530778699,8.83352004960019e-06,0.0001505551326751
Bcl2l1,0.57463633519532,8.94805007166421e-06,0.000152345069286
Prr15l,2.28776017045123,9.11952331189631e-06,0.0001550996634606
Ebf4,-1.22085282670557,9.16621440023538e-06,0.0001557284421062
Mcoln1,0.590474945399991,9.21850955496554e-06,0.0001564509974365
Fam189b,-0.562226785129449,9.26210401263236e-06,0.0001570245168109
Pdpn,1.00170533863714,9.32347134112667e-06,0.0001578978164441
Dhrs4,-0.622126933948924,9.39648454244094e-06,0.0001589662923489
Fbln7,-1.78999137298021,9.47155574886285e-06,0.0001600672939372
Ecel1,2.65778047265235,9.4856358958381e-06,0.0001601363252763
Ggct,1.17625315120143,9.51666509284685e-06,0.0001604910436342
Mtmr4,-0.712318000189806,9.55603240220234e-06,0.000160816381424
Tecpr1,1.39186676290857,9.55398105719127e-06,0.000160816381424
Gpm6b,-1.41406949123652,9.6112748006205e-06,0.0001615763206513
Gla,1.2217073878264,9.64025178876913e-06,0.0001618935785197
Epha4,-1.47598741093167,9.68105259561733e-06,0.0001624085273658
Stag3,-1.81588006159571,9.73297206406436e-06,0.000163108729538
P4ha3,-1.53091066312273,9.7880334916453e-06,0.0001638600674708
Lmtk3,-1.32405793446346,9.80920027079777e-06,0.0001640430036935
Ccdc23,-0.657675984862094,9.86767176634957e-06,0.0001646770514257
Kif13b,0.794804651774695,9.8601536347158e-06,0.0001646770514257
Pidd1,-0.870397168695524,1.00198018968262e-05,0.0001670418794891
Tmem135,0.64145285751411,1.0145241443068e-05,0.0001689572901864
Nt5dc2,-1.49786300479231,1.02502912268392e-05,0.0001705295075235
Arid3a,1.52885050575936,1.03811346689504e-05,0.0001725271354058
Tarbp2,-0.64462912673249,1.04130155975596e-05,0.0001728776402989
Il18r1,3.59726655744982,1.06479546004661e-05,0.0001765951145487
Rgs5,-1.87567434541817,1.06952438979637e-05,0.0001771959694821
Fkbp3,-0.503907230119923,1.09575557292103e-05,0.0001813543391918
Lpin3,-1.51285821312329,1.10006700385837e-05,0.000181880015158
Rbfox2,-0.648717755507602,1.10420871403393e-05,0.0001823765753354
Zfp641,-1.95438439420787,1.11720417057767e-05,0.0001843329352917
Flad1,0.501746936730167,1.14365824055196e-05,0.0001885035871592
Rps15,-0.448011715874553,1.14785706952697e-05,0.0001890012138837
Tmem8,1.68824368852734,1.16209739680694e-05,0.0001911495112345
C630043F03Rik,-1.37811426402621,1.17188034284521e-05,0.0001925609740792
Ralgps2,1.09538100785983,1.18297656852715e-05,0.0001941851188972
Rabepk,-0.452846599469299,1.20901991809458e-05,0.0001982569918914
Ldha,-0.702483367360909,1.22991387630945e-05,0.0002014769960363
Cdc42ep4,-1.08880876245464,1.24452958282491e-05,0.0002036630076244
Ergic1,-0.420978210326282,1.25290594869562e-05,0.0002044073951532
Dtx2,0.651210342391283,1.25220443805118e-05,0.0002044073951532
4930523C07Rik,-1.12345277908916,1.25046514859942e-05,0.0002044073951532
Star,2.92349830615075,1.26693951033686e-05,0.0002064866520356
Igsf3,1.33431188831457,1.28067665512219e-05,0.0002083017329107
St6galnac3,-1.61199136666544,1.27947918549644e-05,0.0002083017329107
Nipal4,-1.53999774049714,1.29053186268091e-05,0.0002096917948479
Bcl3,0.800672576989262,1.29253067431094e-05,0.0002098037885829
Atp6v1b2,1.18330327912453,1.30152055242829e-05,0.0002110491980815
Nrn1,-1.67908212368491,1.30459561626202e-05,0.0002113339369882
Rps26,-0.679596729617692,1.31919859347264e-05,0.0002134836430911
Cxcr6,3.24180739949916,1.33980245146109e-05,0.0002161628909854
Lrrc8c,-0.520516300165151,1.33874839107194e-05,0.0002161628909854
Vps8,0.428245299731982,1.33736251150325e-05,0.0002161628909854
Catsperg1,1.59010432385937,1.34253561559489e-05,0.0002163859466543
Acox1,0.558673808956818,1.35400555142838e-05,0.0002180153059239
Gsta4,1.79871714318156,1.36958027611938e-05,0.0002203016626878
Tsku,0.482390468531143,1.39555119690046e-05,0.0002242540193133
Pdzrn3,-1.4413091348634,1.39758958272972e-05,0.0002243565401293
Hcfc1r1,-0.641917694754374,1.41177444127016e-05,0.0002264067900259
Abcc5,0.510543534457366,1.41567887887014e-05,0.0002267358117053
Nxf7,2.52606288275934,1.41665656024626e-05,0.0002267358117053
Dzip1,-0.648663114053851,1.42046661149809e-05,0.0002269210256682
Nup43,-0.678968223927242,1.42206297840883e-05,0.0002269210256682
Pxdn,-1.57442993486814,1.42150073404077e-05,0.0002269210256682
Fxyd6,3.18492151227377,1.44930140872125e-05,0.0002308077322974
Prune2,0.76441554793248,1.44868845427147e-05,0.0002308077322974
Picalm,-0.917682920650265,1.45139527124072e-05,0.0002309116548217
Dlc1,-0.919260833485557,1.45700243112017e-05,0.000231573769335
Tspan11,-4.68237340528264,1.46335535397577e-05,0.0002323529844008
Dixdc1,-1.00993525857208,1.47126997467089e-05,0.0002330594598149
Fchsd1,-0.483269363848171,1.4721688616985e-05,0.0002330594598149
Rtkn2,-2.05581505638442,1.47191398980147e-05,0.0002330594598149
Mageh1,-0.813970369708358,1.47609558642438e-05,0.000233450418461
Fam73a,0.79782203192734,1.49398728464655e-05,0.0002360470442536
Aldh9a1,0.801231900135505,1.49903861339823e-05,0.0002366117992635
Fam69b,-0.720049342426452,1.50602172899875e-05,0.000237480060239
Pdpk1,0.259935082570239,1.5098742840347e-05,0.0002378534503885
Tmem220,-1.20620524419513,1.51755187376788e-05,0.0002388280802518
Nxn,-0.937219100088619,1.53167897895195e-05,0.0002408148078683
Ehhadh,-0.829091794928714,1.54975127631274e-05,0.0002434173058608
Smoc1,-2.20674711365804,1.55359721959123e-05,0.0002437823805589
Itpr1,1.17759645335527,1.57113092087415e-05,0.0002462924509131
S100a11,-0.595621323343567,1.57420509835425e-05,0.000246533136664
Cldn25,0.501809764181071,1.5878044222101e-05,0.0002484200649241
Ghr,-0.985139294500238,1.59249812078038e-05,0.000248668736774
Rhebl1,-0.885421467959525,1.59097313696545e-05,0.000248668736774
Gspt1,0.373516256874037,1.5943583091739e-05,0.0002487167913463
Kif9,1.20216022419982,1.60268961517783e-05,0.0002497732521864
Trp53inp2,-0.380758927559674,1.60956429495405e-05,0.0002506008704514
Mprip,-0.496716617728569,1.62691854410733e-05,0.0002530121950206
Slc43a2,1.9025481432666,1.6282103056381e-05,0.0002530121950206
Acot7,-0.672720184568131,1.63199994412938e-05,0.0002533553401637
Mxd3,-2.81354840009658,1.63413491972214e-05,0.00025344119602
Fbxo10,-0.956479204142603,1.66759307908635e-05,0.0002583801617025
Cd22,3.05569276617578,1.6697321989468e-05,0.0002584616382543
Samd4,-0.586347220863712,1.67670057394244e-05,0.0002592897673275
Kalrn,-1.47527733116787,1.70332987542977e-05,0.0002631537891442
2310022B05Rik,-1.00110743168043,1.72515739010667e-05,0.0002662692345558
Cab39,0.708803992600162,1.75353483591725e-05,0.0002701581510415
Camkk1,-1.59344287396463,1.75372621611131e-05,0.0002701581510415
Soat1,1.10695031251757,1.76039138170148e-05,0.0002709244027496
Ptger4,1.64043515891976,1.77249778074305e-05,0.000272525786423
Tmem189,0.916304996808898,1.78505440285086e-05,0.0002741932558779
Ypel2,1.10045337922545,1.78981627321824e-05,0.0002746613650692
Capn5,-0.966784281394772,1.80587833728497e-05,0.000276861022408
Foxp1,-1.1218794612056,1.80770399546392e-05,0.0002768759628233
Gpalpp1,0.40318086480855,1.81518253254775e-05,0.00027749083353
Sacs,-0.767022227731025,1.81486125457038e-05,0.00027749083353
Cd276,-0.822618906506608,1.82057547590293e-05,0.0002777851399946
Rbm47,2.18050992784048,1.8199558701852e-05,0.0002777851399946
Rab34,-0.517967150290014,1.82408757669263e-05,0.0002780562042454
Fos,1.14177708816059,1.83416082996416e-05,0.0002793259568142
Bnc1,1.70770261281285,1.83941213394614e-05,0.0002798596562008
Ldlr,-0.946955159749818,1.84546310463029e-05,0.0002805138937313
Klhl30,1.13384115292525,1.84763823800146e-05,0.0002805783147964
5430435G22Rik,1.90547766700309,1.84941101668767e-05,0.0002805815710071
Dmc1,2.04571185568345,1.86449490436102e-05,0.0002825410296954
Fam110b,-0.726571408953527,1.86585362597691e-05,0.0002825410296954
Bhlhe40,0.865723825819303,1.87267531428385e-05,0.0002833062437218
Trip10,-0.548667041622012,1.88128100639521e-05,0.000284339650976
Ldb2,-1.87642244998417,1.89760487427125e-05,0.0002865365475089
Krt7,2.05229480885656,1.91448549272834e-05,0.0002883420117952
Tm7sf3,0.837545644931329,1.91284197233886e-05,0.0002883420117952
Tmem158,-1.68922913667039,1.91496099213626e-05,0.0002883420117952
Pacsin2,0.703849652249105,1.94366165634755e-05,0.0002923887642849
2610034B18Rik,-0.790691256867304,1.95122354387968e-05,0.0002932509605675
Dap3,-0.481082827019907,1.97912776825332e-05,0.0002971659416606
Camkv,3.06807338923354,1.98951461438677e-05,0.000298445820572
Rabgap1l,0.616438739075113,1.99865692827831e-05,0.0002995367881005
Ubr5,0.282083523705764,2.01364690469701e-05,0.0003015012809359
Clec14a,-2.39098735350718,2.02889230920951e-05,0.0003032592064953
Lrrn4cl,1.45109968054914,2.03008933203163e-05,0.0003032592064953
Phactr1,0.795443053503645,2.03106627906787e-05,0.0003032592064953
Tnfrsf11b,-1.11813283267648,2.03326281390667e-05,0.0003033045022495
Vash2,-1.34161711295415,2.04508280143576e-05,0.0003047839215051
Chmp2a,0.385520877124177,2.0513427046292e-05,0.0003054327274243
Arhgap20,-1.55946965336323,2.08609921360816e-05,0.0003103193639852
Rpl27a,-0.48444585306293,2.09843342069249e-05,0.0003118157529731
Ubr3,0.308830105372488,2.10005116695606e-05,0.0003118157529731
Ncald,-0.969876168446769,2.1043651238629e-05,0.0003121669782352
Ppapdc3,1.15191583830473,2.1105711174499e-05,0.0003127979636694
Ecm2,-2.18809247674176,2.11327533206327e-05,0.0003129092799906
Pacs2,0.590573511446328,2.11853419084536e-05,0.0003133983035229
Ccdc8,-1.63340894061638,2.12302124712494e-05,0.0003137723560903
Ppp2r5d,-0.5808979969498,2.16063927389684e-05,0.0003190378046737
Atg7,0.93468490969915,2.18372126827045e-05,0.0003221491568965
Svep1,-3.15517756537812,2.19119439117298e-05,0.0003229542349676
Mocos,1.38247263631652,2.19996851080989e-05,0.0003239494072765
Tubb2a,0.820867244113107,2.20615388105443e-05,0.0003245619038418
Tmem121,-2.66844146682901,2.21783486307385e-05,0.0003259810306541
Pdlim2,-1.32389108556874,2.23330279709744e-05,0.0003279536582245
Adam23,-1.37419243961117,2.26218859377693e-05,0.0003318912404844
Enpp1,1.19995161646763,2.26667375792501e-05,0.0003322450162462
Flt4,-1.1188667501533,2.29202827020049e-05,0.0003356543411049
Dync1i2,0.437092981716956,2.29939096006564e-05,0.0003364250463124
Opn3,-1.41192018602602,2.30731244063421e-05,0.0003372760274762
Serpine3,2.34713661645734,2.3127353857309e-05,0.0003377605616663
Ccdc126,0.771757482608065,2.32557163099868e-05,0.0003393258934447
1700024P16Rik,-1.70214772230078,2.33611866749993e-05,0.000340441555081
Ltbp2,-1.39118704901339,2.33746776474071e-05,0.000340441555081
Gpkow,0.399309681079795,2.3400641609447e-05,0.0003405101537011
M1ap,2.47131227666043,2.36301050350293e-05,0.0003435371259221
Fgf10,-2.3444384689062,2.36744410442186e-05,0.0003438696463911
Kctd17,-0.687780398463695,2.37677599987725e-05,0.0003449123939676
Cxadr,2.17434427517752,2.39456841367442e-05,0.0003471799145292
Fam110c,1.18276298742452,2.41296545886596e-05,0.0003495309187747
Gpr157,1.73666532474954,2.4241144985527e-05,0.0003508287116649
Inpp5j,1.7121325322489,2.44940359074644e-05,0.0003541687267811
Tcfl5,1.39093876319334,2.45451457916908e-05,0.0003545877193225
Ssh3,0.792194715814605,2.47116913270381e-05,0.0003566720781535
Pcdhga8,-1.16914896149751,2.47713687942606e-05,0.0003572116106686
Ldoc1l,-0.662673184353614,2.50812696634179e-05,0.0003607064822958
Mst1r,1.57899083535637,2.50767462627275e-05,0.0003607064822958
Sqle,-0.991064191807424,2.50362542968934e-05,0.0003607064822958
Ndufaf2,-0.670585135068865,2.54354160366716e-05,0.0003654715697968
Ybx1,-0.586320194637557,2.55671025695144e-05,0.0003670345432492
Dph6,0.520993809660367,2.56480214136711e-05,0.0003678665631767
Tbc1d12,0.473240871531173,2.57020798399313e-05,0.0003683121834664
Copa,-0.274561506077198,2.57878806054559e-05,0.0003692114702234
Ankrd10,-0.639066592458193,2.5949087170425e-05,0.0003711877906762
Gins2,-1.20418516225923,2.59846544469207e-05,0.0003713649856325
Arhgef4,-1.05386547566528,2.60178900368903e-05,0.0003715085706604
Mtmr11,-1.01142228802393,2.63532084355582e-05,0.0003759614891772
Upf3a,-0.60096572150377,2.63900810875562e-05,0.0003761525703769
Actn1,-0.989806180299737,2.66606782853103e-05,0.0003796717571635
Fli1,1.70639394167543,2.67896537287514e-05,0.0003808314484368
Sdpr,-1.91052332164093,2.67881565527705e-05,0.0003808314484368
Arhgef2,-0.614050004385451,2.68527257347248e-05,0.0003813896445
Fam132b,-1.948274036608,2.73908373522573e-05,0.0003883438984252
Ptger2,1.93851726185833,2.73754369301248e-05,0.0003883438984252
Sfxn5,0.748218345591335,2.74541143002548e-05,0.0003888968746281
Stx1a,-1.08669475308731,2.74876876065828e-05,0.0003890284833436
2610008E11Rik,-0.763700898889759,2.75310092781377e-05,0.0003892977048941
Rdh14,0.559639878683098,2.80543622343451e-05,0.0003963482692737
Wnt2,2.3354313169391,2.83734052097082e-05,0.0004005024888676
Dgka,0.578031762851084,2.86853000171033e-05,0.000404548584132
Sspn,-0.839988129775537,2.88039931943963e-05,0.0004058652374383
Serpinb6b,-1.64486154731535,2.92375696233352e-05,0.0004116125684845
Efhd2,1.28372856844766,2.93685443737774e-05,0.0004130934586587
F730043M19Rik,-1.22366604640895,2.94501216754961e-05,0.0004138775433009
Plk3,0.748479436592582,2.96013855697689e-05,0.0004156387363832
Nrk,1.31079469448887,2.97091526867376e-05,0.0004167866332698
E030013I19Rik,-2.33440932425376,2.97709462182407e-05,0.0004172881271762
Hmga2,-1.34950448426659,2.98939308194557e-05,0.0004179818413093
Mapk4,1.45666431649405,2.98987073304119e-05,0.0004179818413093
Prkra,-0.524384104308897,2.98903286021164e-05,0.0004179818413093
Zfp28,-0.852764367983177,3.0014138792537e-05,0.0004192297450699
2900041M22Rik,-1.73139574855777,3.01401867235638e-05,0.0004206236337092
Mex3d,-0.783796299307814,3.01893947688e-05,0.0004209436845874
Xkr8,-0.480319364029771,3.02829439674808e-05,0.0004218809089591
Bbc3,-0.592032458236639,3.05812022433821e-05,0.0004256658915214
Rassf7,-0.732342709586089,3.07524896357052e-05,0.000427678503866
1700017B05Rik,0.811811810036662,3.07956381357887e-05,0.0004279071279908
Ttl,-0.549699498177475,3.10239680987927e-05,0.0004296720073362
Shf,-1.22957922565248,3.1029930247052e-05,0.0004296720073362
Plxna4,1.75820619179074,3.09933595070472e-05,0.0004296720073362
Rps10,-0.688013022828806,3.09737491075723e-05,0.0004296720073362
Efhc1,-1.01667299741207,3.14999112725521e-05,0.0004354271600496
Trio,-0.66738235477089,3.14846432993274e-05,0.0004354271600496
Fendrr,-2.35362991168964,3.16380258939444e-05,0.0004369593214197
Hk1,-0.73499905466703,3.18362755297987e-05,0.0004393186651704
Adgb,2.44110939382088,3.24146940671935e-05,0.0004469155022809
Rtn4ip1,0.492318999241439,3.25880149832894e-05,0.000448918820333
Prr24,-0.633323984631695,3.26307624991638e-05,0.0004491215171813
Ddah1,-0.965708408378276,3.28147560802999e-05,0.0004510284045251
Rtn3,0.547184198977955,3.28256113648539e-05,0.0004510284045251
Rps9,-0.513150562213004,3.29212202900702e-05,0.0004519544732366
Abhd14b,-0.643349533089508,3.2962352212816e-05,0.0004521317164396
Gata6,1.09836704488983,3.30274010412701e-05,0.0004526364346297
Adam12,-2.25184790321512,3.31043868163881e-05,0.0004533037446028
Cpz,0.98989340567427,3.33510570194137e-05,0.0004561271638055
Mmp11,-1.20694560179771,3.3367519878919e-05,0.0004561271638055
Glt8d2,-1.39320738985799,3.34648246734326e-05,0.0004570673112472
Rps24,-0.42722779578668,3.35504718529502e-05,0.0004578467713425
Apba2,-2.44997008617124,3.36649298523238e-05,0.0004590177371609
Gm10638,-1.16172936542682,3.39186414543873e-05,0.0004618831075471
Mmp10,2.4930456106356,3.39327393785055e-05,0.0004618831075471
Mrvi1,-1.62228843836857,3.39667781067804e-05,0.0004619539491075
Actn4,-0.573885382729405,3.40066057535581e-05,0.000462103333993
Arhgap12,0.395684241758053,3.42616022307848e-05,0.0004650454931264
Rnf24,-0.688550190848555,3.42811764173491e-05,0.0004650454931264
Dysf,-0.998522478215129,3.43705498399006e-05,0.0004658634339975
Cped1,-1.23649506385739,3.44066070760336e-05,0.0004659579475613
Rpl37,-0.406401394401417,3.45291778087113e-05,0.0004672229372241
Trdn,2.15556204178118,3.49917803943849e-05,0.0004730829651463
Rundc1,0.351053060028613,3.50870948337882e-05,0.000473971624226
Epb4.1,0.614804452009923,3.52489879404376e-05,0.0004757574016796
D430042O09Rik,0.447825741118876,3.5560711274881e-05,0.000479285083797
Mal2,2.304021662009,3.55701869193373e-05,0.000479285083797
Npy1r,-1.75744010666579,3.57036595573059e-05,0.0004806792687122
Hsd17b4,0.433060044782185,3.58511913932962e-05,0.0004822602328396
Hoxb3,-1.04594466941639,3.59216668878242e-05,0.0004823981770409
Rapgef5,2.22147827010398,3.59168494902176e-05,0.0004823981770409
Rap2a,1.07317576939101,3.59677336041501e-05,0.0004826122781173
Appl2,0.528773517389406,3.62506010885343e-05,0.0004860007364346
Fam115c,-0.538090422034683,3.64490056991601e-05,0.0004875550303142
Hoxa5,-1.54813321757871,3.64578319902889e-05,0.0004875550303142
Lmf2,-0.539345436691986,3.64000630843421e-05,0.0004875550303142
Kctd16,-2.49372097296847,3.71835468876575e-05,0.0004966331147857
Mgat3,1.24234769593635,3.71986603671975e-05,0.0004966331147857
Crb2,1.44373091276632,3.73279827858495e-05,0.0004979447229076
Tmem38b,0.8727182069267,3.74806041734032e-05,0.0004995646917321
Mib2,0.400579607227527,3.75887779487259e-05,0.0005005900345108
Zscan29,0.535159060115013,3.78024815169189e-05,0.0005030179039722
Ccpg1,0.79433328922378,3.80264213116127e-05,0.0005055778388658
Abca9,1.42309966439014,3.81077606196175e-05,0.0005062391649145
Pcdhga11,-0.961125140381134,3.84507304783623e-05,0.0005103721234414
Fbxl7,-1.14837498921855,3.85409760264933e-05,0.0005111465040732
Prelid2,-1.50059784850385,3.85753540813621e-05,0.0005111792785256
Pcnxl2,3.91045867563713,3.89631746548353e-05,0.0005158917530124
Cenpt,-1.07484665845757,3.95201740982893e-05,0.0005228346071252
Rps3a1,-0.45835287546424,4.00911315504902e-05,0.0005299505103716
Cdc42ep5,-1.67025645719713,4.01537156082056e-05,0.0005303402124971
Hephl1,2.52037079031754,4.06108645585822e-05,0.0005359362941458
Smad9,-0.941067933534258,4.07853243105865e-05,0.0005373533559045
Tars,-0.419634368624492,4.07645867337994e-05,0.0005373533559045
Col22a1,1.69194792886115,4.09345294821245e-05,0.0005388760039713
Man2b2,0.607894391105488,4.10280786062794e-05,0.000539664078285
Zfp579,1.12099127113122,4.12690636838795e-05,0.0005423885720093
Gata4,1.72826955999767,4.1454091240931e-05,0.0005441275867271
Nbr1,0.493864316310256,4.14693079953726e-05,0.0005441275867271
Rpl7,-0.441176002051613,4.16509185863997e-05,0.0005460633115161
Prdx1,1.68357693735779,4.17797567931199e-05,0.0005473045654804
Snx29,0.890856889237545,4.19540615894211e-05,0.0005491389058203
Isoc2a,0.49940133800277,4.20027523853211e-05,0.0005493274252777
Tec,0.976858438911404,4.21918750505489e-05,0.0005513507587152
Zmiz2,0.314859554651726,4.29872322998025e-05,0.000561286429238
Nsdhl,-0.838306944215452,4.32300897778924e-05,0.0005639977755143
Tert,-1.2224837088738,4.32972327605832e-05,0.0005644141302337
Fam65a,0.582723208162508,4.35768364227407e-05,0.0005675971514867
Arih1,0.478114981533462,4.36552959505365e-05,0.0005679653587891
Dnajc5,0.418490760408624,4.36760078664385e-05,0.0005679653587891
4930579G24Rik,-1.47170637833878,4.41590395002726e-05,0.0005737809990542
Lhx8,-2.86798770511457,4.47260617737305e-05,0.0005806776626231
Ap1g1,0.455135104461977,4.50250782946485e-05,0.0005836138991574
Fmn2,-1.8819161171877,4.50229863799514e-05,0.0005836138991574
Slc6a6,1.07412426841911,4.51752414873961e-05,0.000585086939264
Anxa11,0.927562225954891,4.54546976081817e-05,0.0005882307838293
Bcor,-0.611352052299043,4.55974384303158e-05,0.0005896017442228
Pax9,-3.97146035306406,4.59578996145149e-05,0.0005933050038067
Tmem237,-0.549009508500926,4.59392986001319e-05,0.0005933050038067
Wwp1,1.14579429923485,4.60810361850788e-05,0.0005944156849606
Lincrna-cox2,-1.9251516889999,4.65594606195837e-05,0.0006001038765779
Col27a1,-0.982828347854554,4.68721995454382e-05,0.000603649122924
Igf2r,-0.942392546113035,4.71347206330955e-05,0.0006065424572392
Celf1,0.489274606953358,4.72304563206312e-05,0.0006072866297855
Hoxa3,-1.7556303587846,4.74871353798414e-05,0.0006100973503772
Fstl3,-1.09945691947873,4.7769080206333e-05,0.0006132279118474
Fyco1,0.424847090945916,4.78362241004964e-05,0.0006135981956077
Cdkl1,-1.4240874662344,4.8516582316696e-05,0.0006218273322366
Gpr149,-1.91954685993887,4.88772141704473e-05,0.0006254487605628
Lama3,1.53159191713736,4.88523529708514e-05,0.0006254487605628
Ubxn10,2.11154611974576,4.91835111688091e-05,0.0006288659476739
Csrp3,3.17319654675173,4.92895606940198e-05,0.0006297193396163
Mettl7a1,1.04829760884035,4.95172149999349e-05,0.0006321237462262
Atp6v1h,0.913933041700223,4.96163475571055e-05,0.0006328849555831
Srpx,-1.12671001570845,5.06612104114382e-05,0.0006456986889432
Smim1,0.945985312271853,5.07766248373739e-05,0.0006466552516053
Dync1i1,1.5526856553503,5.08541771309436e-05,0.0006471284923072
Hdac9,1.4760606765863,5.1123418694393e-05,0.0006500383261133
Abhd11,-0.483476198062526,5.12736318410316e-05,0.0006514312892348
Cwc25,0.382887200389497,5.195136401997e-05,0.0006595188613026
Zfp786,-0.947783805973981,5.2284259740355e-05,0.0006632194182899
Ctsf,0.517996221784335,5.23987091917108e-05,0.0006641453480699
Plekha7,1.09603278515227,5.278408913627e-05,0.0006685011004365
Kif20a,-2.10900677528057,5.32879040426345e-05,0.0006743487446027
Atp8a1,1.05206045472128,5.37529186389977e-05,0.0006791604964632
Slc26a11,0.889683864997162,5.37399444480428e-05,0.0006791604964632
Rcan2,1.33222995778471,5.3981914043747e-05,0.0006815163474348
Pygm,2.00552072837022,5.4314002351197e-05,0.0006851690013138
Rab20,1.25384032758568,5.45869384762673e-05,0.0006880702921544
2810474O19Rik,0.898612819480481,5.48390376024865e-05,0.0006907045765954
Adcy7,1.61073424902251,5.51922812580575e-05,0.0006946076496742
Fhl5,-2.71767722117353,5.56964606562385e-05,0.0007004026657563
Sort1,0.633130569734886,5.57651303081943e-05,0.0007007161981706
Clstn3,1.84292164698875,5.58663837217001e-05,0.0007008890631208
Vmac,-0.714619574940645,5.58557870710225e-05,0.0007008890631208
Ccdc37,-1.82848990650064,5.59779773643857e-05,0.0007012026667431
Slc6a15,-1.02208795853025,5.59789158457319e-05,0.0007012026667431
Snx27,0.759815370361454,5.62836519479647e-05,0.0007044690530143
Sparcl1,-2.74229055018427,5.6399317535951e-05,0.0007053657035468
Pkd1,-0.673822769332369,5.66408773478862e-05,0.0007078342402421
Ralgapb,0.227049637609432,5.75904408510826e-05,0.000719139869739
Dgkz,0.898331322357648,5.81198649799507e-05,0.0007251856361711
Nceh1,1.45744396290933,5.84546143298673e-05,0.0007287948452753
Ckap2,-1.84132809551671,5.90316685629798e-05,0.0007354170777974
Ccdc114,1.1674313896049,5.93447417895576e-05,0.0007387428968224
Lrrtm2,-2.02193232054986,5.94008720047929e-05,0.0007388675235937
Apip,-0.380311526634826,5.96207457158622e-05,0.0007410271273187
Cog7,0.522740928353954,5.97061239536974e-05,0.0007415130324513
Efs,-1.23784885263496,5.98220241458906e-05,0.0007423769549506
Plekha1,0.550031332844274,6.00747167042679e-05,0.0007449357866246
Chsy1,-0.755170786718045,6.01944760878852e-05,0.0007453795121803
Zfp704,0.829904984039724,6.02035508870471e-05,0.0007453795121803
Scap,0.418921065818352,6.03030905850234e-05,0.000746035377809
Ctso,1.26035094666073,6.06116035398281e-05,0.000749273534191
Gmip,1.25915763449481,6.13634528559727e-05,0.0007579829438747
Aplp1,1.78850919736713,6.15902366546825e-05,0.0007601981367062
Ctdspl,1.30007498000597,6.16524366495638e-05,0.0007603800520112
Rpl8,-0.550710990859537,6.17490279022901e-05,0.0007609855200173
Sar1a,-0.33303487709526,6.20699478535025e-05,0.0007643525246433
Apoc2,3.0237928688126,6.21700186144011e-05,0.0007649968265908
Fst,-1.56991576152383,6.2419398603332e-05,0.0007674759670176
Bicc1,0.960406945270247,6.28322371750597e-05,0.0007719595642497
Tango2,0.458724065166106,6.37392868365433e-05,0.000782503535945
Ddx31,0.5703877526909,6.42858264565492e-05,0.0007886089017307
Rasal2,0.493789811875076,6.43693740369075e-05,0.0007890296415036
Dpp4,1.95434575011244,6.48429206518836e-05,0.0007942266297888
Nxph4,-1.44919313708031,6.5012469043194e-05,0.0007956950088166
Prr33,-2.07436198732395,6.52854833194977e-05,0.0007984265101234
Amhr2,2.49367200730598,6.55073020614101e-05,0.0008005282123004
Trim46,-0.518009356793658,6.59174729878957e-05,0.0008049267033072
Lag3,-1.96191913902181,6.59774403688214e-05,0.0008050453710197
Fermt2,-0.836183170262432,6.72771979440664e-05,0.0008202800519496
Dennd3,-1.04094116021417,6.73799855235197e-05,0.0008209085536671
Bcmo1,-3.617839576299,6.74397703089528e-05,0.0008210125836776
Gm20748,-1.16901911426482,6.75657441217364e-05,0.0008219216298969
Nup62cl,-1.29534952869874,6.80693295834761e-05,0.0008274193696941
Rassf6,-1.49998863306181,6.85621586472356e-05,0.0008327781225832
Cln5,0.821551957174878,6.86500886267757e-05,0.000833214446886
5430416N02Rik,-0.880570193296533,6.89585066428514e-05,0.0008360448891093
Prex2,-0.950501921871904,6.89876626554251e-05,0.0008360448891093
Clcn3,0.708620354881182,6.93228306204535e-05,0.0008394717077628
Sema6c,-1.1018521339641,6.94292851470082e-05,0.000840125813701
1700048O20Rik,-1.59122008679298,7.03215556238658e-05,0.0008502804850188
C3,3.6447648160557,7.0445314908254e-05,0.0008507398287657
Elovl6,-1.77841332512068,7.04657482536795e-05,0.0008507398287657
Pnck,-1.56490852505316,7.09955548699301e-05,0.0008564908016349
Lfng,1.33464910250215,7.10587304841737e-05,0.0008566079165439
Edem2,0.499447029504084,7.13100954204456e-05,0.0008589917584443
Gaa,0.34708550670887,7.17757327575776e-05,0.0008639511754388
Smarca2,1.33467085489491,7.26146782945492e-05,0.000872738005219
Zfp462,-0.781284181104267,7.25705739659384e-05,0.000872738005219
Tfcp2l1,1.69094418312425,7.26967601001337e-05,0.0008730695603929
Dleu2,1.09464442057264,7.2877062765792e-05,0.0008745793427496
E330013P04Rik,1.53141790337998,7.35095494902632e-05,0.0008815093505864
Cenpb,-0.48705526444366,7.35887474322274e-05,0.0008817930419641
Galnt3,1.58166507184281,7.36432863209534e-05,0.0008817930419641
Zfp365,-0.562200718564541,7.40153000030035e-05,0.0008855856022017
Stc1,-2.52734789697208,7.42507772821793e-05,0.0008871948088747
Zbtb7c,1.22787954452063,7.42605479496297e-05,0.0008871948088747
Akap17b,-0.567698861481706,7.47669748287023e-05,0.0008925795109766
Lurap1l,-1.19060928486906,7.51485682674766e-05,0.0008964670232414
Slc39a14,-0.636237975734484,7.54401413201466e-05,0.000899275672686
Fat1,-0.729345483009046,7.58400419698417e-05,0.0009028605180341
Rhof,-1.53561175560559,7.5853583251606e-05,0.0009028605180341
Fbln1,-2.49780599597722,7.66830640928855e-05,0.0009120559538471
Ola1,-0.605623515966609,7.68893008028032e-05,0.0009138304808321
Itgb1,-0.610473184373106,7.7192445452664e-05,0.0009167532754611
Ift122,0.516129106305052,7.74317368256392e-05,0.000918913967173
Commd8,0.39794414433314,7.77863366945572e-05,0.0009224388602394
Brms1,0.541325142002796,7.79557539039919e-05,0.000923764151846
Ehd2,-0.943031178155329,7.80945753884085e-05,0.0009247251975592
Gak,0.418614031272568,7.82513686396052e-05,0.0009258974719166
Golga7,0.373959668752387,7.84877654380149e-05,0.0009266414812692
Ptp4a3,-0.788647277942478,7.84563680320785e-05,0.0009266414812692
Rprd1a,0.524269655496403,7.84047259437466e-05,0.0009266414812692
Arhgap28,-1.09910155497258,7.85893204599179e-05,0.000927157218769
Marveld1,-0.646183643669915,7.95749120598363e-05,0.0009380939412145
Jtb,0.458829956118569,7.97933834494111e-05,0.0009399777913551
Dos,-0.524981619848864,8.02400560229387e-05,0.000944545141472
Lcmt1,-0.427209411655586,8.03776783326243e-05,0.0009454704732503
Mro,2.46250231879743,8.06640831105133e-05,0.000948143268902
Hyal1,0.862747181661457,8.10853695965048e-05,0.0009519828908871
Rap1gap,-0.871532747732796,8.11095840497461e-05,0.0009519828908871
Nat6,0.685520151286583,8.12694223007282e-05,0.0009531606256807
Folh1,2.24343227255808,8.14895864692775e-05,0.0009548029206975
Lingo2,-1.74501453648016,8.15286433752105e-05,0.0009548029206975
Aagab,0.528411890522342,8.18720993340355e-05,0.0009581248381523
Scd1,-1.29651590468258,8.20839717110383e-05,0.0009599031465566
Degs1,0.531451440025649,8.31421510741359e-05,0.0009715684918736
Glrx3,-0.436084128737465,8.38803646712369e-05,0.0009794805556835
Pde4b,-1.54705845470902,8.42909672485968e-05,0.0009835583294171
Sned1,-2.93185492508053,8.4356383383969e-05,0.0009836052534167
B630019K06Rik,-1.31226680988058,8.45267571535772e-05,0.0009848750373508
F11r,1.10560629387605,8.4723252610998e-05,0.0009864471148843
Decr2,-0.618517886906456,8.55580235193477e-05,0.0009954430608594
Mylip,1.12680224428471,8.57383488507641e-05,0.0009961487839026
Rgs9bp,-1.3528609573943,8.57930937526174e-05,0.0009961487839026
Tmed1,-0.713791573224471,8.58052132691874e-05,0.0009961487839026
Xirp2,3.79197618865254,8.5994795415391e-05,0.0009976268047429
E130317F20Rik,-0.978094691347243,8.66514909855889e-05,0.0010045177547613
Rims3,1.95118037125112,8.67382090972534e-05,0.0010047959855004
Ncl,-0.446201771905996,8.68542559585298e-05,0.0010054133198783
Celf5,-0.585673692961715,8.69629861328154e-05,0.0010059451269558
Erlin2,0.366574924381341,8.72481243294142e-05,0.0010077881758338
Slc44a1,1.18552058951319,8.72381278728812e-05,0.0010077881758338
Adcy3,-0.61996093217704,8.75776109758599e-05,0.0010108652056514
Atf5,-0.631547794964796,8.82598517114623e-05,0.0010180065401507
Tnnt2,2.63708536195781,8.85909642952644e-05,0.0010210905316362
Med11,0.398007713157989,8.94921890487101e-05,0.0010307364203805
Acly,-0.462227950339682,9.01495297163413e-05,0.0010375615054493
Ssfa2,0.722069314417252,9.04685405357454e-05,0.0010404856338285
Cerk,1.27546161665479,9.05342174754376e-05,0.0010404940446011
Dpep1,-2.75860197527661,9.0649466678542e-05,0.0010410717603275
Myocd,-1.89447926692532,9.07489103249771e-05,0.0010414672581063
Gpld1,0.514782051577874,9.08242533739806e-05,0.0010415858005043
AI506816,-1.49054875609131,9.12475472519984e-05,0.001044944213384
Car12,-1.72079191605108,9.12173067688754e-05,0.001044944213384
Glmn,-0.752728855555813,9.13293688652536e-05,0.0010451341561358
Fam83d,-1.74555332545619,9.15647018080104e-05,0.001047079291696
Mybpc3,2.77400812459839,9.19833442381398e-05,0.0010511163752063
Mta1,-0.658055522232595,9.22385462196098e-05,0.0010532813606446
Mdga1,-1.30020741696178,9.23690968021924e-05,0.0010540208688518
Dock8,1.30396145946653,9.25139370119343e-05,0.0010549222668101
Tmem98,0.963505770363672,9.2735722194384e-05,0.0010566991502675
Nnat,-1.71425171273223,9.29399235992166e-05,0.0010582732878344
Kbtbd8,1.20685854188687,9.36041045085202e-05,0.0010650790897237
Npr3,-1.81031662538622,9.40532891729504e-05,0.0010694306216038
Msrb3,-0.678674295657712,9.42318348459274e-05,0.0010699420454051
Stab1,2.57985214272517,9.42065173909721e-05,0.0010699420454051
Dcaf12l1,0.862941870657195,9.58038695401315e-05,0.0010870211004974
Eif4ebp1,-0.563190948638114,9.59942284620194e-05,0.0010884101445081
Grb10,-1.30836538309112,9.6887668797797e-05,0.0010977633251835
Rpl35a,-0.646353883070951,9.7160843535063e-05,0.0010993492491873
Spef2,1.75535674803708,9.71648796485456e-05,0.0010993492491873
Cenpm,-1.77252367309002,9.73806270447203e-05,0.0011010127211598
2810408I11Rik,-1.09037152778277,9.76139596040165e-05,0.0011028725294893
Narfl,0.345301313895732,9.76854530471944e-05,0.0011029024970183
Khdrbs3,-0.925531112004141,9.91227507523577e-05,0.0011183419646503
Wscd2,-1.85572366613924,9.9213745133878e-05,0.0011185808661434
Atp6v1g1,0.627230846264041,9.94828680446739e-05,0.0011208263213387
Epha7,-1.18558451294794,9.97876228625342e-05,0.0011234697862829
Eef2,-0.476277471826154,0.0001002131539734,0.0011274683566073
1600014C10Rik,-0.851175883657067,0.0001003497270328,0.0011282126152931
Hcn4,2.38080584811139,0.0001006125855564,0.0011303746375879
Tspyl3,-0.885299424729356,0.0001008869047608,0.0011326622993506
Ipo9,-0.602506829360284,0.0001009688473344,0.001132788447581
Ly96,0.98047361982957,0.0001018464447658,0.0011418347736833
2010015L04Rik,-0.833173060907506,0.0001019386899047,0.001142069755919
Tm2d3,0.435656666730048,0.0001024415032077,0.001146900994333
Spin2c,-1.04588786839145,0.0001027429555167,0.0011494726887803
Zdhhc24,0.738779735547535,0.0001028906622438,0.0011503219119386
Abhd12,1.12498979792279,0.0001029898568865,0.0011503977077444
Pdzd4,-1.0654575350793,0.0001030670915454,0.0011503977077444
Uchl3,0.56376020720688,0.000103112858643,0.0011503977077444
Cebpa,2.31604501349068,0.0001038271026305,0.0011575602026751
Fabp3,1.3474227486607,0.0001040006296311,0.0011586885169133
Ptplb,0.578977552826865,0.0001044317697369,0.0011626833793996
Klf8,-1.69056940108222,0.0001048702097589,0.0011667539101031
0610040J01Rik,2.37561863711936,0.0001051113012728,0.0011686246757058
Slc24a2,2.53570384621805,0.0001053057922184,0.0011699751020336
Eaf1,1.07010132496993,0.0001054227492234,0.0011700601491508
Fhl2,-1.11066739441419,0.0001054595128502,0.0011700601491508
Cx3cr1,2.18718578524014,0.0001057766109438,0.0011727661480493
Prkrir,-0.493323858474417,0.0001059307259083,0.001173662627785
Ccne1,-1.26956236728047,0.0001061640936133,0.0011754353446984
Fads2,-1.29344841963756,0.0001063649931296,0.0011768463777137
Plscr1,0.573564742379022,0.0001077817931445,0.0011916991773423
Abca5,-1.13492430155845,0.0001090835715273,0.0012052606203027
Plekha6,1.88482576744227,0.000109367505996,0.0012075649990099
Mvd,-0.840757979793281,0.0001095702977766,0.0012089708957847
B3gnt5,-1.68555652052455,0.0001102295711902,0.0012154080936262
Prss50,3.07853551683999,0.0001109371242513,0.0012223684096497
Epn1,0.397275230030509,0.0001115337225712,0.0012280974359546
Cacna1h,-1.25938563071944,0.0001124248254126,0.001237059153802
Pdlim7,-0.859748640720566,0.0001126968912398,0.0012392017121163
Csf3r,2.81350747504568,0.0001133577478128,0.0012456134963716
Myo5a,0.921805061582541,0.0001134377000786,0.0012456376922275
Stim2,0.549093119163838,0.0001138078382855,0.0012488461487488
Baiap2,-1.07278561871818,0.0001140690483939,0.0012494091309338
Cks1b,-1.00847937566147,0.0001139514206084,0.0012494091309338
Lsp1,-1.25931102077003,0.0001140931002157,0.0012494091309338
Adam11,-1.35149101337217,0.0001157253474063,0.0012643652308657
Fam63b,0.752482485293446,0.0001157745330304,0.0012643652308657
Ptpn1,0.739700597292413,0.0001157414751418,0.0012643652308657
Siae,0.435337988068145,0.0001156668133214,0.0012643652308657
Tmem123,-0.705719673962541,0.000116019668898,0.0012661792339341
Vav2,0.799632334360862,0.0001173003608583,0.0012784143410285
Hdac11,-0.875536124585203,0.0001172417597703,0.0012784143410285
Il27ra,-1.93874412888656,0.0001196000991451,0.0013025922422875
Ilk,-0.793821384550485,0.0001203674726609,0.0013100592931397
Lepre1,-0.414810695218277,0.0001204627614835,0.0013102063148185
Arrdc3,-0.939541357423279,0.0001211587401883,0.0013161657548003
Trnp1,-1.02635930451426,0.0001211749883484,0.0013161657548003
Slc39a11,0.69758198227132,0.0001225135312787,0.0013298030383587
Chrm3,-1.66963424347028,0.0001228824281955,0.0013329041178882
Tmem59l,2.28932160921148,0.0001230760523768,0.0013341011063127
Gna14,-2.43904463650099,0.0001237285163688,0.0013400349202437
Kcnb1,1.72895569764727,0.0001238721805436,0.0013400349202437
Tppp,-1.33814050796436,0.0001238743971587,0.0013400349202437
Fam149a,-0.627210876309157,0.0001245058464481,0.0013441429689665
Podnl1,-2.18791521896949,0.000124459322553,0.0013441429689665
Spata25,2.11044486241873,0.0001244468186978,0.0013441429689665
Rplp2,-0.588837947016432,0.0001248272277042,0.0013457987988222
Hmgcs1,-1.06304399815731,0.000124775103506,0.0013457987988222
Alas2,1.75523269432479,0.0001253312186895,0.001349664835593
Ube2l6,1.11374092396893,0.0001253543021885,0.001349664835593
Gpsm3,1.56892149986449,0.0001259650249445,0.0013553295262833
Egr3,2.31733348486408,0.000126444973112,0.0013595804793474
Rcn3,-0.48600218647073,0.0001271941076633,0.001366718174966
Sema6a,-1.46513423498235,0.0001276616666201,0.0013708227620115
Pofut1,-0.243732917590645,0.0001281432163822,0.0013750719823582
Clec2e,1.81371536849272,0.0001291528540317,0.0013849784969491
Papln,1.63901381088849,0.0001293066856982,0.0013857006097473
Crocc,-0.85813470675263,0.0001294605372083,0.0013864219696619
Wfdc1,2.51484974969282,0.0001295693286271,0.0013866601295489
Tmem179b,0.549307047661116,0.0001303812833152,0.0013944182509975
Acaca,-0.725075410282463,0.0001307666979843,0.0013976072504389
Prr13,0.862936108733382,0.0001315237503902,0.0014047613366684
Etv5,0.957416618671982,0.0001322219891499,0.001411278140021
Unc45b,2.08686787997543,0.0001331376742472,0.0014201056452165
Sdc4,0.981358423464654,0.0001335420658937,0.0014234713490906
Rap1gap2,-1.42521599787479,0.0001340848283383,0.0014283065391016
Rnf144b,1.12192132751903,0.0001341932194803,0.0014285113417241
Pard3,-0.585011346842245,0.0001355718883399,0.0014422292318025
Trmt2a,0.360163353298021,0.0001362425498505,0.0014484020511977
Pom121l2,-2.73358754737203,0.0001367510817625,0.0014528442181152
Adarb1,-1.69976265055209,0.0001371717700905,0.0014563478652222
Rab3ip,-0.722929462638754,0.0001378247241883,0.0014623111961733
Tmed8,0.370043481898232,0.0001381171111641,0.0014644435724426
9130023H24Rik,-0.6051995456705,0.0001384242261376,0.0014667291844918
Dcaf12,0.317657032899207,0.0001386770129009,0.0014684364994623
Irf3,0.436593473041906,0.0001388183911519,0.0014689626450758
Olfml2b,1.67699464133269,0.0001390111697576,0.0014700316506181
Farp1,-0.96192342576873,0.0001398915986445,0.0014783662941191
Aif1,2.64385791876871,0.0001406310029588,0.0014852005922242
Zfp248,-0.775971191551817,0.000142518843155,0.0015034120253218
Grin2d,-1.01419206036827,0.0001425430913465,0.0015034120253218
Suclg2,-0.566763985820636,0.000142945232191,0.0015066615558769
Casz1,1.45873223783014,0.0001435539809445,0.0015110895720843
Exd1,-0.965424382377979,0.000143502365766,0.0015110895720843
Eef1a1,-0.37657308450872,0.0001444805261788,0.0015198440642879
Tmod3,0.597658153239282,0.0001466424970991,0.0015415744396487
Zmynd15,1.13114050892096,0.0001480912349126,0.0015557833931376
Paqr8,-1.05912084907737,0.0001484937646099,0.0015589899101024
Pcyt1b,-1.1138012149019,0.0001498650131918,0.001572355845676
Lca5,-0.886257534656207,0.0001503363216774,0.0015752375471515
Sim2,-3.85796672875105,0.000150295348867,0.0015752375471515
H2-M3,1.90242823377822,0.0001507100561817,0.0015770948306511
Mfsd2a,-1.90973057974715,0.0001507104541368,0.0015770948306511
Epha3,-2.25806627392996,0.0001512112882894,0.0015813029044945
Syt11,-0.979059981115735,0.0001514813275055,0.0015830935081317
Jph1,1.23303869843737,0.0001521881705344,0.0015894437288996
Dgkk,1.97878096740259,0.0001532462125953,0.001599451186964
Pamr1,1.56486422796894,0.0001534175972515,0.0016001974775823
Lif,0.875284705794475,0.0001538134642154,0.0016032827001921
Arhgap19,1.78604963715572,0.0001541341445053,0.0016055807081406
Limch1,-1.11995880005209,0.0001543592896761,0.001606881208513
Fdft1,-0.90915450477403,0.0001551171746508,0.0016137222435591
Gars,-0.445972927159624,0.0001554226548614,0.0016158509756879
Manr,-2.574434105519,0.000155649026675,0.0016171550300654
Prdm6,-1.74138188130689,0.000155792454513,0.0016175961851937
Pomgnt1,-0.527139179399788,0.000155971516324,0.0016184065175049
Dmpk,-1.68084694013253,0.0001565938596159,0.001622762111842
Fancc,-0.626175669342132,0.0001565696765791,0.001622762111842
Gper1,-2.89184454318421,0.0001577899908826,0.0016341004808856
Agpat6,-0.40760305708171,0.0001584083533074,0.0016394445919495
Kcnk6,1.28517204387347,0.0001586962129694,0.001641363478362
Nucb2,-0.702789929347573,0.0001595659109914,0.0016492938451577
Bbs4,0.60265202072839,0.000159830831279,0.0016502332627458
Pctp,0.747861870927639,0.0001598628065527,0.0016502332627458
Zan,-2.09527544435773,0.0001612093968446,0.0016630622967475
Tmc6,0.6999324594885,0.00016192263715,0.0016693452829996
Gramd2,-2.17760740452674,0.0001620746236114,0.0016698376494401
Csnk1g1,-0.348353001633634,0.0001625551686145,0.001672637351557
Scn3b,-1.2295984538184,0.0001625164521759,0.001672637351557
Trit1,-0.315117516733425,0.0001626797903122,0.0016728452635382
Slc17a5,0.827105080632257,0.0001633448998995,0.001678607210578
Glg1,-0.316138628324692,0.0001635312680683,0.0016794451575144
Stil,-1.25513412167103,0.0001640631268949,0.0016838279026159
Specc1l,-0.393543059818687,0.0001656007733283,0.0016985211200346
Igbp1,0.302095230062823,0.0001660730598367,0.001702275426516
Tesc,2.25325284092505,0.000166330555488,0.0017038246991518
1810032O08Rik,-0.736738676227683,0.0001669245482026,0.0017088167327509
Erc1,-0.691136917868947,0.0001677845396569,0.0017165236972186
Tmem151a,1.66478094519978,0.0001679163068952,0.0017167754644339
Col14a1,-2.48383705669678,0.0001686823864428,0.0017235079803573
Myc,-0.657641992368979,0.0001688368306114,0.0017239865285064
Srgap3,-0.830287321694954,0.0001696633083045,0.0017313222053161
Gjc1,-1.47223168263362,0.0001700467988363,0.0017341309765486
Pxylp1,-0.991747738925661,0.0001711206802573,0.0017439722763381
E430018J23Rik,-0.60246602839031,0.0001720038619262,0.0017518587869803
Nudt4,-0.432699152187743,0.0001722863203713,0.0017526439278294
Tpm1,-0.893070730981638,0.0001722997432327,0.0017526439278294
Adcy4,-1.01583734155542,0.0001726265137846,0.0017543801709955
Chst11,0.780444028149172,0.0001726894407128,0.0017543801709955
Snd1,-0.470922031549857,0.0001728301002698,0.001754696474286
Serpinb1a,2.05741792022771,0.0001742744757815,0.0017682402637726
Atp1a3,2.40094957643181,0.0001751865288384,0.0017763692269119
Slc31a2,0.985428142782496,0.0001754480847354,0.0017778961198902
Gdpd1,0.457345134377475,0.000175778157201,0.0017801149535513
Piezo1,0.442081635296709,0.000175927543426,0.0017805023204224
Asic1,1.02756866029872,0.0001762772976081,0.0017829157733457
Papss1,-0.330316069037887,0.0001769084621388,0.0017870431727148
Ptpdc1,-0.596966552319074,0.0001768966159487,0.0017870431727148
Ccdc159,-1.06623168509166,0.000178144529116,0.0017983954007364
9430020K01Rik,-0.501806058406428,0.0001784741032469,0.0018005879144326
Wdr26,0.549450032259454,0.0001789833627359,0.0018045893356781
Duox1,-2.09123587741223,0.0001802129274307,0.0018135623808843
Slc15a4,0.832605878479493,0.0001799913080635,0.0018135623808843
Tpp1,0.378353373353562,0.0001801013118798,0.0018135623808843
Tbc1d22a,0.577974346122714,0.00018086679611,0.0018189999626358
Pde7b,1.23321774034349,0.0001810984255524,0.0018190456901413
Rrm2,-1.54415963122133,0.000181095911343,0.0018190456901413
Cdc25c,-1.81097196316204,0.0001812376249965,0.0018193032519229
1110007C09Rik,0.959599650548128,0.0001814984413858,0.0018207805444228
Abl2,0.595733480708303,0.0001824992005856,0.0018296744008655
Ctsb,1.6376764867435,0.0001827052922015,0.0018305950508823
Gstm5,-0.727238678884993,0.0001828672174051,0.0018310723062795
Creg1,1.77230520694,0.0001839011419478,0.0018389908036366
Fgfr2,-1.01652991619081,0.0001838089744617,0.0018389908036366
Il21r,2.20081236659231,0.000184002388005,0.0018389908036366
Arrb2,1.53336216995019,0.0001841902353095,0.0018397205485627
Mrpl24,0.439486717450218,0.000187127156918,0.0018678904554421
Pclo,-1.51740049418196,0.0001873496018904,0.0018689464333045
Eci2,-0.440542885351984,0.000188420196359,0.0018784567304716
Atl1,-0.459144675763552,0.0001899383528356,0.0018924143972511
Ank3,-1.59568720121105,0.0001904889915795,0.0018943663153916
Dusp27,-1.2807506133078,0.000190456562275,0.0018943663153916
Ttll7,-0.593866112102677,0.0001904702898255,0.0018943663153916
Lctl,2.95929294357475,0.0001907561657826,0.0018946711295744
Gpr20,-2.1106543226655,0.0001906565492556,0.0018946711295744
Prkcdbp,-0.984651190037905,0.0001917166744156,0.0019030314998843
Slc16a3,-1.13247654437372,0.0001923926020872,0.0019085584384147
Eef1a2,3.15296340912355,0.0001926175363384,0.001909607394603
Aldh7a1,-0.535682095361259,0.0001934101084989,0.00191627912694
Gipc2,2.12975177309084,0.000193804068168,0.0019189956589124
Acta1,-2.24754378703599,0.0001942666692144,0.0019223880836837
Tpmt,-0.859512517711014,0.0001946412032159,0.0019249053806935
Tmem82,1.982343941997,0.0001948789893005,0.0019260680367577
Myh14,2.08094282563137,0.0001966604733317,0.0019424768454052
Calr,-0.415212804382825,0.0001969772257355,0.0019444067366049
Chst2,-1.16793164129301,0.0001973865881818,0.001947247862846
Ssc5d,-1.06293551098304,0.0001981986272599,0.0019540555122039
Fbn2,-2.42665595315409,0.0001997000664523,0.0019664380852082
Adamts20,1.71936840627334,0.0001995942293158,0.0019664380852082
Ssu72,0.384062243307271,0.0002002621543724,0.001969551857091
Myo5b,2.05298960149613,0.0002001718003296,0.001969551857091
Sorbs1,-0.773958498645762,0.0002009999336053,0.001975595052939
Gpc2,-0.992597285962755,0.0002018509556377,0.0019827432006577
Fbxo32,0.849433961074963,0.0002020148920458,0.0019831376136437
Vim,-0.500621271459478,0.0002022858737851,0.0019845817415259
Foxm1,-1.562495602336,0.0002027677474454,0.0019880918493417
Akr1c13,1.77041023348179,0.0002031620237296,0.0019895312565663
Styk1,-1.10735214005157,0.0002031629196518,0.0019895312565663
Scamp1,0.508440860173269,0.0002033486842999,0.0019901339469576
Agap2,1.61581991005425,0.0002042498179662,0.0019977328044179
Gspt2,-0.576542975654343,0.0002068217439561,0.0020216541549245
Kcna7,2.30158238201654,0.0002105577255284,0.0020569178784703
Kcnab2,1.63913234858528,0.0002109349033321,0.0020593467923728
Cobll1,0.895990443558116,0.0002117415599793,0.0020634498372444
6330419J24Rik,-1.4982180488582,0.000211555565997,0.0020634498372444
Fam84b,1.44493122160936,0.0002116909848941,0.0020634498372444
Rps18,-0.526370323530575,0.0002119508174733,0.0020642334630643
Dner,-1.85212719047073,0.0002122845749959,0.0020662279319626
P2ry13,2.83205761056503,0.0002126073729283,0.0020673408580711
Rbm11,-1.58408029277808,0.0002126569960739,0.0020673408580711
Mogat2,-1.88047171059751,0.0002129483947994,0.0020689182735486
Ambra1,0.381600842903508,0.000213231270696,0.0020704110229224
Apmap,0.394606999559172,0.000213596274955,0.0020714485895966
Rab39b,-1.51618596364457,0.0002135967211793,0.0020714485895966
Slc17a9,-1.40649818857836,0.000214061760201,0.0020747026377377
Gmds,-0.525609799924341,0.0002150287137133,0.0020828144029029
Mapk6,-0.48225551832414,0.0002152662753222,0.0020838555872732
Best1,-1.6433271259986,0.0002167964975274,0.0020974013809704
Hspb7,1.76983656065279,0.0002180542460074,0.0021082963640829
Spata5,-0.443606703165359,0.0002182298574788,0.0021087216807408
Atp6v0a1,0.736336281421239,0.0002185806542137,0.0021108382526576
Ccdc112,-0.820961165469322,0.0002195052922852,0.0021184905347602
Man2c1,0.307863934014475,0.0002208553538659,0.002130236980305
St5,-0.958381762345754,0.0002220220300508,0.002140201530352
Glce,-0.526017664786256,0.0002232418578381,0.0021506661481813
Yipf6,0.573350398584576,0.0002234203907807,0.0021510925965739
Sirt2,0.534279309847626,0.0002246051866519,0.0021612010182291
Aak1,0.309124177914578,0.0002249504325649,0.0021621399164105
Tmem33,0.694334917498171,0.0002249726759039,0.0021621399164105
Lrp10,0.432981758243841,0.000225822757381,0.0021683182871393
Snrnp35,0.779875326039758,0.000225886225656,0.0021683182871393
Dgcr6,-0.444842360643857,0.0002265515904294,0.0021721798683867
Glt25d1,-0.625568110610767,0.0002265596754306,0.0021721798683867
Mif,-0.691876555064327,0.0002273576669874,0.0021772657467626
Rnf17,1.44554877219454,0.0002273619371034,0.0021772657467626
Arl4d,1.48293126728295,0.0002281044501336,0.0021830713235316
Bend4,1.28844328309751,0.0002288164341278,0.0021885779648734
Tox,-1.7466844630856,0.0002290487425153,0.0021894927827202
Zbtb4,0.424551656145445,0.0002297002953608,0.0021944117066049
Cttn,-0.356306625263908,0.0002300465765305,0.0021964101326559
Cnn3,-0.714303642535177,0.0002312446464087,0.002206533936935
Stat5b,0.529069491683794,0.0002314066078717,0.0022067650385195
Card6,-0.622876161131855,0.0002320543724602,0.0022116258781595
Ppp1r12b,-0.706511388980707,0.0002322326171673,0.0022120087750527
Dio2,-1.84213027453407,0.0002333861563263,0.0022191386446251
Rnf215,-0.36250283318095,0.0002333644051092,0.0022191386446251
Zdhhc4,-0.3519190600503,0.0002333967053363,0.0022191386446251
Rsad2,2.2870114835097,0.0002347303128658,0.0022304948650204
Pfkm,-0.64296451689734,0.0002364735332754,0.0022457276091317
Arhgap18,1.09118038613016,0.0002374977602335,0.0022541182563397
Jade2,1.1837133383834,0.0002378900390001,0.0022565046268922
Nt5e,1.64352835104118,0.0002384983663465,0.0022609362883064
C330006A16Rik,0.477093784335016,0.0002392576219425,0.0022658557423001
Hist1h2ad,-0.799337789062486,0.0002393001632839,0.0022658557423001
Flot1,-0.551114650887381,0.0002398718934273,0.0022699277050201
Gpr34,3.39515330359465,0.0002407156166398,0.0022765672338766
Fbxo28,0.411017808677848,0.0002416564006868,0.0022841163394715
Manf,-0.634470003260882,0.0002423632104371,0.0022894463410455
Ext2,-0.400345529415944,0.0002436631862739,0.0022990152575348
Tmem180,1.20604148876069,0.0002436322082871,0.0022990152575348
Ccdc6,-0.730123083835525,0.0002453885582052,0.0023139317781085
Psat1,-1.21873682208915,0.0002457209344208,0.0023143416169057
Sfmbt1,0.894571972672556,0.0002456473713999,0.0023143416169057
Rbl2,0.47391562342111,0.0002462218707346,0.0023176971745237
Trim62,-0.662242206249243,0.0002475593222997,0.0023289183221167
Fbxl21,-0.86572439410833,0.0002489543393505,0.0023406675297737
Spen,0.455909114828028,0.0002492045140687,0.0023416454662139
Ceacam1,1.95972854003952,0.000249705901152,0.0023449813847345
Zc2hc1a,-0.761945068586826,0.0002505136989922,0.0023511892041912
Hrasls,1.36297557427342,0.0002515382682879,0.0023566635065739
Dcbld2,0.69342773902433,0.000251337224581,0.0023566635065739
Dlg2,2.43770043152872,0.0002514976509615,0.0023566635065739
Acot4,1.62716198902984,0.0002532184789667,0.0023696339086015
Mical2,0.646891037912391,0.0002531784473433,0.0023696339086015
Shank1,2.50847805266977,0.0002539713609647,0.0023752919871662
Nlrc5,2.33683168101284,0.0002551052082239,0.0023845043996243
Rep15,1.02682573714688,0.0002590039368123,0.0024195347356681
Mcpt8,-3.35677411156703,0.0002596706911374,0.0024204107085757
Nxnl2,1.57749816616175,0.0002597020166058,0.0024204107085757
Pmvk,-1.11779213875948,0.0002592917380275,0.0024204107085757
Pnpla7,1.35328741915032,0.0002594417233729,0.0024204107085757
Hdx,-0.833446493573065,0.0002608880854163,0.0024294210749563
Vstm2a,1.86467309593957,0.0002609720785219,0.0024294210749563
Prx,-1.21915122142556,0.0002618536265505,0.002436211934359
Dstn,-0.539597004159327,0.0002622316338164,0.0024383128295844
Fnip2,1.39840867832107,0.0002627781452513,0.0024419771839159
Pdgfc,0.717890220311615,0.0002646358095959,0.0024578146698762
Alpk2,1.82496707668492,0.0002653410015508,0.0024629363765043
Smarcd3,-0.601958431515854,0.0002656842715753,0.0024646946814755
B3galnt2,0.614386588838024,0.00026804585364,0.0024851635539159
Kif26a,-1.32522675810794,0.0002694576665533,0.0024953648993358
Leo1,-0.277559873432689,0.000269361525876,0.0024953648993358
Thbs4,2.16074255359507,0.0002698133349026,0.0024972151579872
Hrh1,1.32986655856299,0.0002720627114621,0.0025165800810248
A530072M11Rik,-1.57750638276599,0.0002726369747492,0.0025204367988797
AI317395,-1.6883709685597,0.0002732807483218,0.0025220223898991
Ankle1,-2.36033516397192,0.000273225306458,0.0025220223898991
Eva1a,-1.38675971936181,0.0002732162778049,0.0025220223898991
Pde9a,-2.44644168629595,0.0002737586337226,0.0025249781640014
Terf2ip,0.316280909297626,0.0002743692594709,0.002529154146136
Erg,-2.67587003415919,0.0002756798557103,0.0025397739898421
Cradd,0.696989994934901,0.0002763724420112,0.0025446913180816
Extl1,1.47174603295113,0.0002785594977545,0.0025633553782454
Fam117b,0.295828232012576,0.0002795174711442,0.0025706942624579
Fastkd5,0.434251220544992,0.0002801079988639,0.0025746473033844
Adamts10,-1.02577829579336,0.0002807588566891,0.0025791500246652
Tatdn2,0.706914927460223,0.000283182670649,0.0025999252529901
Sft2d2,0.527892846155697,0.000283591530987,0.0026021878109646
Mtcl1,-0.559117786344745,0.0002840263752977,0.0026046860667692
Tnfrsf21,0.963722190994845,0.000284640382066,0.0026088235475286
Ppia,-0.599366772434421,0.0002854292746341,0.0026145582669608
Inpp4b,1.4524995937308,0.0002885327024799,0.0026414756722465
Pou2f2,2.27815777289696,0.0002891875876603,0.0026459590759035
S100a8,2.55977662816013,0.0002893975593538,0.002646368891785
Tex2,0.558972886560286,0.0002897616766412,0.0026481870059725
Atg4c,0.48918050322538,0.0002910588532589,0.0026585255918249
Runx1,0.800229468052379,0.0002926042495621,0.0026711183374561
Cacna1c,-1.98402210169633,0.0002943427807149,0.0026854588210903
Rgl3,-0.957226561602147,0.0002950126235272,0.0026900382706493
Frmd7,2.91474430165556,0.000295351934068,0.0026916003047241
Lin7c,0.58150927202709,0.000296465302145,0.0027002106911121
E130102H24Rik,1.07334398109927,0.0002976609941945,0.002709560674995
Ercc1,-0.564946115198496,0.0002992025346876,0.0027220464555537
Usp24,0.307342727183916,0.0003006763630535,0.002732351680363
Vwa7,1.43126463286213,0.0003005466726139,0.002732351680363
Hbp1,0.424063322700419,0.000301563677529,0.0027388614952908
Mpp7,-0.851922084520943,0.0003053336573984,0.0027715300425951
Slc18a1,1.29306234316879,0.0003064816753655,0.0027803753799724
Apoc1,2.42773779515112,0.0003075778668449,0.00278716346421
Bmyc,-0.806461656947116,0.0003075122627872,0.00278716346421
Ppfibp2,1.4764173769232,0.0003079719705711,0.0027891571173097
Rab3gap1,0.309063155642421,0.0003100091933605,0.0028022813512364
Plekhg1,-0.867138703564253,0.0003100872372985,0.0028022813512364
B3gnt7,1.94479711510852,0.0003101207687249,0.0028022813512364
Atg16l2,-1.029209618599,0.0003100733881021,0.0028022813512364
Msi2,0.832290221481574,0.0003122098653703,0.0028195683501119
Il1r1,1.20529571741014,0.0003134995110119,0.0028296200934776
Wwp2,0.644628680187062,0.0003147580009989,0.0028393794673444
Crebrf,0.512033609430145,0.0003178074137996,0.0028652743818146
Ms4a6d,2.60801842409562,0.0003183574397032,0.0028686189772138
Sdsl,0.773913527927141,0.0003198846618448,0.0028807600716223
Pkib,2.42323666921668,0.0003203169488949,0.0028830324933967
Gsta3,1.86213109425246,0.0003210982687023,0.0028884420903318
Lox,-0.830609348146821,0.0003215099560527,0.0028889012932814
Ppp6c,0.311429607794342,0.0003214992114634,0.0028889012932814
Atp6v1a,0.834791371940988,0.00032336076606,0.002902786361216
Aven,-0.641260046780203,0.0003234176177998,0.002902786361216
H2-T10,2.15210326372843,0.000324618212377,0.0029119307841504
2410006H16Rik,-0.577922518467017,0.0003259600147592,0.0029223309437373
Pck2,-0.783338027041392,0.0003261996679712,0.0029228438929351
Oas1a,2.43116184834024,0.000328827957837,0.0029447471841856
Gm684,-1.51580599936452,0.0003293999097199,0.0029469795289277
P2rx7,0.872404710066456,0.0003296290690867,0.0029469795289277
Pknox1,-0.373760330253556,0.0003295938574658,0.0029469795289277
Matn3,-3.21531392164049,0.0003300871433237,0.0029493771920458
Ttc32,0.754865697083507,0.0003302654442625,0.0029493771920458
Fgd1,-0.725678490042825,0.0003316420404711,0.0029600206854528
Lamb3,1.98706341170144,0.0003339446367956,0.0029789125980531
Hmha1,1.85192391244381,0.0003346933823241,0.0029839302605537
Fndc1,-1.68816669515839,0.0003353944621154,0.0029885176182152
Prss23,-0.771700728671288,0.0003368184103689,0.0029995373832805
Tmem9b,0.650224846940984,0.0003373232881477,0.0030023646663414
Chst15,-1.16553357551869,0.0003376569016215,0.0030036653086502
Kifc2,-0.94658065005033,0.0003386316360887,0.0030106645070912
Igsf11,1.7070158720852,0.0003391609463865,0.0030136980155621
BC037034,0.464659617813497,0.0003411884699651,0.0030300335240083
Mill2,-1.51529542254761,0.0003416012860185,0.0030320189491984
Msln,2.25613902135658,0.0003420337003056,0.0030341760313377
Dsp,1.918440317054,0.0003434640461239,0.0030451784631721
D030025P21Rik,-0.949877026110915,0.0003438668433124,0.0030470634384453
Clec16a,0.368488429296561,0.0003470683402679,0.0030737323822184
Olfr111,2.6057919272376,0.0003476740654438,0.0030773956919756
Fam53b,0.60423550145108,0.0003483717473032,0.0030818684503283
Rras,-0.542669436563033,0.0003487626267022,0.0030836236437072
Kif3a,1.28112113456646,0.0003501694714196,0.0030943547168306
Map3k11,0.833630456779837,0.0003510442489863,0.003100374814228
Arl4c,1.03464648404982,0.0003541776267183,0.0031263249353472
Sfrp1,-1.57606414374933,0.0003551664335555,0.0031333267797323
Kctd6,0.507276088030719,0.0003560656368949,0.0031395308578391
Mrps28,-0.379475904192877,0.000357179518188,0.0031458895332003
Gfm2,0.333850629936788,0.0003570309122718,0.0031458895332003
Klhl6,1.3884595597888,0.0003583673558203,0.0031534250182281
Wtip,-0.612528125154583,0.0003584287471564,0.0031534250182281
Egfr,-1.17641964196285,0.000358753472573,0.0031545496070765
Tigd2,0.456410810540096,0.0003590304944186,0.0031552537307079
Dnajb6,0.438599540106608,0.0003599821336577,0.003161882545686
Acat2,-1.05465921556064,0.0003604016373817,0.0031638326753382
Gys1,-0.702066186489694,0.00036274983412,0.0031827026793191
Ctsd,1.40081145363371,0.0003633700589115,0.00318399680552
Gabra4,0.781738968209428,0.0003634935495472,0.00318399680552
Mlana,1.69257127322667,0.0003634855034512,0.00318399680552
Fbln2,-1.34668264190916,0.0003650968440766,0.0031962931906845
Snhg4,-0.723077814514798,0.000366026491937,0.0032022275508155
Nfix,-0.977167043448108,0.0003661992978543,0.0032022275508155
Nhs,-1.24531658795539,0.0003663743274854,0.0032022275508155
Spcs3,0.721755749617997,0.0003671278532916,0.003207063979054
Dock3,1.65647439431086,0.0003686271737278,0.0032184065124219
Cdkn1c,-1.10159048098213,0.0003694305537866,0.0032236638900957
Rab11fip1,1.19634377115798,0.0003726145292297,0.0032484144029534
Spata7,-0.661567537394241,0.0003726724719198,0.0032484144029534
1700030J22Rik,-1.05980037890629,0.0003749056698338,0.0032661031736861
F5,2.46387405066583,0.0003781648701209,0.0032927061870698
Anln,-2.07929898267856,0.000378921729303,0.0032957139115981
Ubl3,0.646765255476973,0.000378824664032,0.0032957139115981
Lonrf3,1.93561996630926,0.0003804935396879,0.0033075892562893
Actn3,1.69437888610921,0.000383260212205,0.0033298328957359
Nsf,0.351586038455581,0.0003853713217692,0.0033463598623659
A330009N23Rik,-1.41534746229433,0.0003859299917297,0.0033493956649527
Nap1l1,-0.630624237841343,0.0003862707497167,0.0033505379974075
Atxn1,0.458040758541108,0.0003872472481258,0.0033571905639738
Pofut2,-0.335619763027423,0.0003905659879187,0.0033841307152221
Sbf2,0.58169116502194,0.0003953317665558,0.0034235730983739
Itga5,-1.13709504347355,0.0003986764070842,0.0034506724569943
Plcg1,-0.621985406433393,0.0003989859623439,0.0034514870964966
Fbxo16,-1.46617372302768,0.0003998755149926,0.0034573155022649
Smurf1,-0.328618193382862,0.0004008183825363,0.0034635983315072
Nipal3,0.722551172714466,0.0004051527058395,0.0034991652292484
Got1,0.487386519494529,0.0004062410149763,0.0035066741923142
Aimp1,-0.356114639108659,0.0004074346978612,0.0035150841650157
Slc27a4,0.321188916518356,0.0004088992689179,0.0035258208758525
Itgb4,1.62077196013722,0.0004092510132947,0.0035269556126924
Slc39a8,1.46235789888807,0.0004119681592277,0.0035484633757998
Adamtsl4,-0.827493188317731,0.0004127203770712,0.003553032327275
Ryk,-0.507163289458379,0.0004129665177894,0.0035532419879186
Rara,-0.744868449514484,0.0004168642164462,0.0035848532537229
Camk4,-0.936234034483378,0.0004175252303054,0.0035886114349374
Dtx1,-2.00476332232204,0.0004180716765963,0.0035894567688911
App,-0.356485103971831,0.0004179427781726,0.0035894567688911
Rassf9,1.98413164369594,0.0004186953537044,0.0035928860534004
Gsn,-0.396647405690141,0.0004215478878346,0.0036154275754816
Praf2,-0.41924628449995,0.0004222468945666,0.0036182763356394
Sgce,-0.569333172206447,0.0004225575821722,0.0036182763356394
Tnfrsf19,1.02514171178658,0.0004225518808083,0.0036182763356394
Rnh1,0.614492560071494,0.0004232917783424,0.0036226269128339
Atp8b2,-0.403487928250297,0.0004236475845578,0.0036237362264824
Traf6,0.525810011237744,0.0004252439150319,0.0036354497133016
1700025G04Rik,0.668600929319796,0.0004258803394748,0.0036389487566539
Ten1,0.524129250759051,0.0004275969769098,0.0036516690656038
Dut,-1.17747353187961,0.0004303714384457,0.0036714487834611
Gm5124,-1.28481175364921,0.000430368792153,0.0036714487834611
Tmem151b,-1.65296530555716,0.0004318112419369,0.0036817711054137
Gnb5,-0.458473505657189,0.0004323940670594,0.0036847794406169
Ssbp4,0.590216805966179,0.00043308203588,0.0036886801152757
Ube2r2,-0.222660770614234,0.0004343698552835,0.0036976830241752
Cdh18,-1.42359062998741,0.0004350017530992,0.0037010956380261
Socs6,1.01551024614433,0.0004373470211381,0.003719074642067
Ccdc102a,-1.4233937982377,0.0004386167427175,0.0037278932812084
Bzrap1,-1.95916441975136,0.0004397940974005,0.0037341110774204
Ppp1r36,-1.20611025138489,0.000439814468703,0.0037341110774204
Ccl3,2.27699369760861,0.0004403979910812,0.0037370848596992
Ube4a,0.259965176188791,0.0004416434229758,0.0037456692850692
Cln8,0.889146667943339,0.0004422824841466,0.0037491045918057
Leprotl1,0.360190636335684,0.0004426099441928,0.0037498963066703
Sphk1,-1.23443575155555,0.0004431253576782,0.0037522787290504
Ttc33,0.363502596478522,0.0004448139886228,0.0037645879089944
Lrrc39,0.763238760208989,0.000445609156846,0.0037693264529198
Ppil2,0.269067511464829,0.0004458535321438,0.0037694033976131
Gm12522,-1.39173147299896,0.0004480550134344,0.0037860176003344
Ddc,1.09491580192298,0.0004490657713584,0.0037925581038135
Cnpy3,0.366792608042167,0.000449486358168,0.0037941100865172
Tmem119,-1.08861239992928,0.000450561404892,0.0038011818155745
Sgsm3,0.49022861643054,0.0004511252397694,0.0038039355086033
Prrt2,-1.15565361783334,0.0004529045167166,0.0038169296487727
Elf4,0.514064769399726,0.0004546033043463,0.0038292321445491
Cybrd1,1.60648665149506,0.0004558363002841,0.0038376002978731
Dtnbp1,0.541592877540203,0.0004604210864973,0.0038727687520426
Itga3,0.823715856708631,0.0004604971270608,0.0038727687520426
Tmem248,0.342483864234021,0.0004614695253745,0.0038789104228883
Atp10a,-2.15764823999749,0.0004619671432407,0.0038810569490614
Pnkd,0.405115199799748,0.000465394831718,0.0039076588047374
Tns4,1.95037145184557,0.0004656214130356,0.0039076588047374
Tbl2,-0.778732308957548,0.0004691471495609,0.0039351866403748
Ppm1l,-0.822828409412778,0.0004723646487441,0.0039601015371692
Lyl1,2.2809729198419,0.0004728450032888,0.00396205533352
Arfgef2,0.332630339767706,0.0004741244108912,0.0039706989999421
Fam46b,-1.495435769864,0.0004749626569454,0.0039735648704556
Tor4a,0.51274745549967,0.0004747988093853,0.0039735648704556
Pfdn5,0.314988088839731,0.0004759541212359,0.0039797813028817
Myh9,-0.594423272129446,0.0004789179424558,0.0040024748858033
Rab27b,1.17019220465761,0.0004792585754895,0.0040032333878612
Rab30,-1.00063840189489,0.0004795536590199,0.0040036108239496
Enpp4,1.17643647919263,0.0004806231213326,0.0040104494931619
Robo4,1.9393216884815,0.0004817201772321,0.0040175111709714
Sec13,-0.23524731741119,0.0004820549803316,0.0040182116752828
Fads6,2.07575774029491,0.0004826142567417,0.004020781595039
Galnt2,-0.327539196846331,0.0004839799182779,0.0040300635502762
Pdlim4,1.6095621977826,0.0004848731371787,0.0040354039120729
Slc39a9,0.270695761835349,0.0004865542656928,0.004047292778123
Cish,0.880305968894325,0.0004874762066648,0.0040525350597815
Larp7,-0.473033390595409,0.0004876903810785,0.0040525350597815
Ntan1,-0.412619837468112,0.0004883634137104,0.0040560239767007
Wfdc17,2.65767471073759,0.0004898137847308,0.0040659619923179
Homer3,0.341273026187115,0.0004904247369775,0.004068925277637
Mlx,0.43169404052878,0.0004949076802493,0.0041039937604942
Mamld1,-0.794027589955367,0.0004979117378852,0.0041267687287428
Foxl1,-1.60093921079154,0.0005030168600817,0.0041669250855067
Gli2,-1.94449251501027,0.0005043342868778,0.004175679385049
Plin4,-1.78801045356104,0.0005048594936472,0.0041778687746496
Rpn2,-0.30874052891462,0.0005062295656076,0.004187043815488
Zfpm1,1.0511478044441,0.0005066412160821,0.0041882863379012
Vav1,2.29387863105191,0.0005069852387407,0.0041889688034373
Akap2,0.553687493792095,0.0005093780435038,0.0042065699149353
Pnmal2,-1.6017228521219,0.0005145975655807,0.0042474845946263
Ivd,0.534728849083725,0.000516496737357,0.0042609651025731
Snhg11,1.77801894743797,0.0005170033931399,0.0042629497485819
Bcas3,0.332482880200953,0.0005174911753101,0.0042647768105163
Ptpn13,1.0109676241031,0.0005184918880937,0.0042708270124165
Rpl7a,-0.736266294431767,0.0005190417752123,0.0042731594453631
Ano3,-0.711269901077355,0.0005201562825743,0.0042767593985159
Atp1b1,1.60328158259357,0.0005205468339745,0.0042767593985159
Grap,1.91488994430451,0.0005205337620971,0.0042767593985159
Psap,1.07754726336565,0.0005197626975549,0.0042767593985159
Ppp2r3a,-0.704282530693875,0.0005209781983656,0.0042781095417815
Os9,0.448278493491531,0.0005217725667358,0.0042824376494236
Mcf2,2.76604717888281,0.0005242798667173,0.0043008129773058
Eif3l,-0.284417798534141,0.0005254244677428,0.0043079966211404
Il18,1.29121899918497,0.0005261259227669,0.0043115413854984
Psen2,0.95084424198006,0.0005272660379788,0.0043170371655292
Sv2b,1.94858458777651,0.0005273354804906,0.0043170371655292
Tmcc2,-0.682220396760099,0.000528335919375,0.0043230182657345
Arhgef40,-0.574216099816534,0.0005295553344695,0.0043306345403637
Decr1,-0.403380410959166,0.0005298073590358,0.0043306345403637
Fbxo41,-2.22203456792335,0.0005307386906387,0.0043360349631431
Pstpip1,0.77334413686466,0.0005320928800801,0.0043448827888705
Kiss1r,-1.05305185057136,0.0005362908233626,0.004376930861484
Adamts1,-1.06071433236995,0.0005382109167542,0.0043903651208349
Ror1,-1.49220906542804,0.000539188814096,0.0043961038120272
Slc30a2,3.23927313893964,0.0005394865443931,0.0043962939612015
Arhgdib,0.901518510669028,0.0005397691053073,0.0043963603640713
Fmo2,4.02564494163471,0.0005403404257983,0.0043987774195706
Chic2,0.436803225776345,0.0005411395256089,0.0044030453731749
Calm3,-0.343134102325936,0.0005440643177526,0.0044245961597542
Hck,2.33192726597227,0.0005450264080199,0.0044301715286082
Plscr3,-0.462987162116052,0.000547310506562,0.0044464408736355
Sgpl1,0.936100966590568,0.0005475830374934,0.0044464408736355
Rpl41,-0.485936444635642,0.0005509947354944,0.004471877739289
Gpr68,1.25204635547474,0.0005518633342036,0.0044766594821653
Gm11974,-0.498906273748152,0.0005531147406518,0.0044845401113273
1810058I24Rik,0.448945703173578,0.0005535579752095,0.0044858635917211
Spcs2,0.328296478086717,0.0005541127017257,0.0044880887736845
Rilpl1,-0.554215098457488,0.000554494120859,0.004488908696454
Tfpi,-0.670766217170814,0.0005556144049117,0.0044957062530767
Adc,-0.369639954553902,0.0005564196789771,0.0044999493573412
3110045C21Rik,-1.3109890317467,0.0005576032932616,0.0045072463982568
Capn1,-0.461631678171174,0.0005586375435782,0.0045099286292328
Cd24a,-0.954071007870085,0.0005584713458762,0.0045099286292328
Ranbp3l,-1.91959093034598,0.0005587796223099,0.0045099286292328
Cct5,-0.288312653037991,0.0005614509764783,0.0045291546137671
Pyhin1,2.98200018795822,0.0005617271217499,0.0045291546137671
Cdc20,-2.11602648113733,0.0005641301067969,0.0045459717605863
Slc25a19,0.442758883771782,0.0005643803652584,0.0045459717605863
Enpp2,2.02877616898271,0.0005651509999762,0.0045498915430251
Fam118a,-0.632061472083625,0.0005654846071166,0.0045502907536994
Pold2,-0.689648406023615,0.0005660296624403,0.0045523901716646
Camk2d,-0.442845552421854,0.0005665848853166,0.0045545692160849
Eif5a,-0.512807963622568,0.0005674652169053,0.0045593581946038
Ly86,2.42475480036717,0.0005679361457261,0.0045608546319188
Dact3,-0.912197192506234,0.0005684416958146,0.0045626274592419
Tnf,2.99603149630892,0.0005692712834492,0.00456699811324
Renbp,0.643469393802919,0.0005736878012148,0.0046001262578893
Ocrl,-0.455044197926071,0.0005758176479945,0.0046148947166183
Copg2,0.348497977645202,0.0005782674619125,0.0046322115036503
Tmem87b,0.462917801355964,0.000581999202696,0.0046597747258336
Gabpb1,-0.366433779142234,0.0005834412289507,0.0046666559805393
Hsd17b10,-0.568340360853574,0.0005832714458665,0.0046666559805393
Frmd5,-1.70231293076838,0.0005857270848808,0.0046826016102173
Tex26,-2.26862616501703,0.0005863180084256,0.0046849879366519
Dapk1,0.567865729924315,0.0005878396301213,0.0046948049422602
Spag9,0.344480414863861,0.0005885571508788,0.0046981933802838
Pef1,0.47491092525774,0.0005896037891532,0.0047042043356697
Ankrd27,-0.339454517695146,0.0005901630202145,0.004706322422527
Kirrel,-0.747205152259253,0.0005912688130679,0.0047127948528167
Gpr116,-1.19625036047988,0.0005927878018161,0.0047225526468906
Ctsa,0.61382926634876,0.0006015026744341,0.0047895995760977
Synpo2,-1.25246387118424,0.0006029891331183,0.0047990506218031
Plcb1,-0.780725507669643,0.0006036027674424,0.004801549124725
Phykpl,-0.539238204519993,0.0006042325259212,0.0048041733487766
4921507P07Rik,-1.82821412575567,0.0006046103921517,0.0048047932007254
Flrt1,1.12591012583107,0.0006057970291631,0.00481183649193
F2r,-0.702769324204278,0.0006099001037925,0.0048420265425475
Serinc4,-0.659951670978083,0.0006103173885818,0.0048429395158341
2700099C18Rik,-1.91072481477664,0.000613286047324,0.0048616802395734
Sepp1,1.96992512932553,0.0006130401871214,0.0048616802395734
Fam198a,-2.57188756497958,0.0006170300217867,0.004888940642456
Mfsd7a,-2.24165912145116,0.0006262138902854,0.0049592549363636
Smad6,-0.574552465700213,0.0006265625123768,0.00495956423458
Lin7a,-1.79206421323517,0.0006298878175579,0.0049834235679483
Osgin1,1.14671967907741,0.0006328776457202,0.0050046064965864
B430306N03Rik,2.26075609481419,0.0006346063145142,0.0050151732451814
Fam84a,1.47559622223216,0.0006353520778091,0.0050151732451814
Lrrc28,-0.377954651888272,0.0006348510534436,0.0050151732451814
Nsmf,-0.465980802991682,0.0006354660562835,0.0050151732451814
Pabpc4,-0.536393372894341,0.0006378407439762,0.0050314360212916
Ago4,0.938458273901447,0.0006392023112628,0.0050372160495535
Sc5d,-0.551963612406023,0.000639010787853,0.0050372160495535
Cabp1,-1.44650094432759,0.0006399541639178,0.0050406615831507
Ptcd2,0.27443136501004,0.0006405395847139,0.0050427934578386
Kdsr,-0.396187521586799,0.0006423717814551,0.0050535265854566
Tead3,-0.653345204415755,0.0006425337778275,0.0050535265854566
Gstt1,-1.41276036688138,0.0006462553957138,0.0050803030886809
Tollip,0.40576136567624,0.0006474008594339,0.0050868117552678
Gstm7,-1.24355429521214,0.0006495418866269,0.0050986333001718
Enpp5,0.911997835911764,0.0006494556013207,0.0050986333001718
Tubgcp4,0.507263861270139,0.0006498623613168,0.0050986507789704
Hmbox1,0.394475579384692,0.0006509937586513,0.0051050274142701
Hmgcs2,1.8553451527435,0.0006513953590512,0.0051056776161256
Tpx2,-1.33850392831304,0.0006542550418148,0.0051255843642616
Notum,2.2590846592963,0.0006553163481035,0.005131389644656
Fam188b,-0.696209670547848,0.0006601513745326,0.0051614840701791
Ildr2,1.14384592842023,0.0006604483080873,0.0051614840701791
Mpzl1,-0.627549466376058,0.0006604362975737,0.0051614840701791
Slc35f2,-2.55732246205919,0.0006598045790096,0.0051614840701791
St8sia1,2.11068617163851,0.0006638957235985,0.0051858963372856
Dlk1,1.91171581384336,0.0006750974599132,0.0052708267082213
Selm,-0.866507574560003,0.0006770225719297,0.0052832823306805
Abi3,1.71775926006339,0.0006783013467584,0.0052906844578467
Siglec1,2.41963021996658,0.0006801531338307,0.0053025466457922
B4galt1,0.4212866852172,0.0006831212706924,0.0053230962440487
Pycr1,-0.920133245618091,0.0006855110918462,0.0053391216346466
Calhm2,-0.449168052577681,0.0006887258955919,0.0053615537285126
Mgea5,0.420251761273965,0.000689565617588,0.0053654836131025
Trh,2.85923733343565,0.0006912698737803,0.0053761333241914
Snai1,-0.637509633400361,0.0006941820305076,0.0053961622080363
H19,-3.59327218483899,0.0006988593507502,0.0054298863522647
Fabp4,2.01463163202715,0.0007002834639554,0.0054383138032142
Rftn1,1.09121897733351,0.0007081377057404,0.0054966444688309
Ldlrap1,0.793664194522242,0.0007119468925775,0.0055235356736003
Foxd2os,-2.14296901123857,0.000714035377435,0.0055370574936526
Bin3,0.400181403619079,0.0007166746027402,0.0055516531627568
Csmd3,-1.50985095745356,0.0007168825147208,0.0055516531627568
Dmrtc1a,1.22754304435311,0.0007169571433583,0.0055516531627568
Slc39a13,-0.373550472741832,0.000718502443034,0.0055609312269796
Hipk1,0.445493180695247,0.00071900891158,0.0055613110165112
Nudt22,-0.662200646045421,0.0007195928929048,0.0055613110165112
6720489N17Rik,-1.24678506063226,0.0007193565815541,0.0055613110165112
Cenpf,-2.24187763995752,0.0007226513080284,0.0055822548726733
Plcb3,-0.621631211307009,0.0007252386603025,0.0055995414827503
Ndn,-0.463615350543491,0.0007280003273372,0.0056181566687238
Lrrc8b,0.540574978504023,0.0007313532509939,0.0056413146048019
Sh3glb2,0.575925219020476,0.000732068466955,0.0056441140082225
2700081O15Rik,-0.812377138929513,0.0007337109391362,0.0056539691847068
Abhd8,-0.413473672084589,0.0007340525500399,0.0056539691847068
Celsr1,1.15833364109912,0.0007345181510312,0.0056548367600536
Nfil3,-0.719603143819101,0.0007377637251625,0.0056770954086592
Cst7,2.82225406239096,0.0007393982569146,0.0056869416581996
Plxna2,0.903615242924876,0.0007423358775671,0.0057067961106061
Dpf1,-1.26644254885578,0.0007431691456408,0.0057104618140585
Prr16,-1.3795532470091,0.0007468420031663,0.0057359327577791
Aldh1a3,1.95083789066837,0.0007483840033959,0.0057450216187858
Fbxo8,0.419633764780324,0.0007507331425667,0.005760294864493
Atp5o,-0.381470125670455,0.000751884989501,0.005766371190424
Tpm4,-0.869660079103557,0.0007538968921431,0.0057790345019258
Lclat1,-0.615303516724389,0.0007552952467839,0.0057869847674443
Phf19,-1.61451187747247,0.0007556848376827,0.0057872020958485
Zfp105,-0.6254136889509,0.0007581511397278,0.0058033155325273
Gpd1l,0.429557853200355,0.0007591961226605,0.0058085391982542
Fam78a,1.92392739624196,0.0007651204567142,0.0058510715212497
Idh2,-0.838385854864349,0.0007686221297828,0.005875045391818
Hspb1,1.22127784545729,0.000769727960142,0.0058806922505651
Gmfb,0.748651286166376,0.0007743768076949,0.0059133893403626
Cd33,2.21857990031653,0.0007761478059199,0.0059240895658139
Rgma,-1.31632666673211,0.0007771776976069,0.0059291256635053
Acbd4,-0.59483207409393,0.0007791719379503,0.0059415105273212
Eml1,-0.658784106704774,0.0007806246779941,0.005949756406348
Chml,-0.803187212628578,0.000782376739146,0.0059602747208078
Scml2,-2.5472687417079,0.0007832360559831,0.0059639851962484
Celsr2,0.847253848151402,0.0007860479502895,0.0059825530696384
Gda,1.49057734201588,0.0007888360211197,0.0060009220770934
C430002N11Rik,1.18571904198612,0.0007905868476884,0.006011386752167
E2f1,-0.469488522559115,0.0007912428611213,0.0060135208150022
Pspc1,-0.439884294275429,0.0007922604033003,0.0060183992040182
Inpp5k,0.59868574526712,0.0007927262743494,0.0060190841902144
Pld3,0.904755190517707,0.0007975664537794,0.00605296644055
D630003M21Rik,-1.62936027295892,0.0008003561664856,0.0060712623784405
Siglecg,-1.45304785442757,0.0008034498342479,0.0060918456197283
Cdkn2d,-0.580474229049666,0.0008124216080804,0.006154045665748
Fmnl1,2.28317642660713,0.0008123279507847,0.006154045665748
Tmeff2,-1.06419111424311,0.0008130406754857,0.0061558245094318
D430041D05Rik,-2.48038963745633,0.0008147192079503,0.0061603249040769
Nrros,1.93781365732925,0.0008147886194207,0.0061603249040769
Zadh2,-0.46274480245606,0.0008145051258391,0.0061603249040769
Msantd4,0.307616211384057,0.0008161676279232,0.0061678403617728
Mir143hg,-1.20335833857408,0.0008199794729577,0.0061908063790083
Slc6a8,0.660189480516136,0.0008199025065697,0.0061908063790083
Ppm1h,0.761366288550135,0.0008222335425255,0.0062049004167696
Chchd2,0.466020518788075,0.0008272169307534,0.0062395680073447
E130309D14Rik,-1.54466354820459,0.0008286985927523,0.0062478024256402
Hist1h1d,-0.990697803000628,0.0008304067959001,0.0062577362545228
Ophn1,0.545797753741734,0.0008315040664577,0.0062630590732109
Ifi204,2.3196592575371,0.0008380921653078,0.0063097154983072
Ppp2r5a,0.798732785327606,0.0008406231067811,0.0063257974606577
Lyst,0.756031432018916,0.0008421387017912,0.0063342272964307
Ccl4,2.20264984010937,0.0008459792183182,0.0063550308492487
Inpp5a,-0.815920618942747,0.0008460945509922,0.0063550308492487
Map4k5,-0.482327650318057,0.0008458968042753,0.0063550308492487
Cacna1d,2.19194013816375,0.0008496069726378,0.0063784223564346
Ms4a6c,2.62642986303819,0.0008519441038374,0.0063899796290168
Crmp1,-1.8498431982845,0.0008517941294309,0.0063899796290168
Atp1a1,0.392612038626132,0.0008541578844874,0.0064005909576111
Rnf113a1,-0.592174125225521,0.0008539413807825,0.0064005909576111
Slc25a24,-0.47441098770865,0.0008563121918284,0.0064137342801703
Eif4a1,0.415224706418273,0.0008589322597524,0.006430352211913
Oas3,2.25315774616314,0.0008675762814996,0.0064920315767892
Rasal3,1.99174899636394,0.0008720810978081,0.006522694336127
Krt20,-1.65544384363121,0.0008742370701365,0.0065327201962021
St6galnac6,-0.533779256627534,0.0008741247878028,0.0065327201962021
Mfsd7b,0.96885329681224,0.0008749551732224,0.0065350381492759
Rarres1,-1.70961630127587,0.0008790357069459,0.0065624562259929
Zbtb8b,1.97250446260735,0.0008811400139559,0.0065751020789887
Cand1,-0.261814097687929,0.0008835767049454,0.0065902152653312
Lzts3,-0.763485538248311,0.0008919342224603,0.0066494547129072
Hif1a,-0.86375287429317,0.0008948592376832,0.0066681580683365
Coro2b,-0.937790944352465,0.0008998857804911,0.0067024965547416
Fam129a,-0.980272413348311,0.0009005889324504,0.0067046167689537
Kdm3a,0.350768026248291,0.0009013006441857,0.0067067987090109
Camta1,0.616357810309092,0.0009042661338055,0.0067257417500922
Crip1,1.38975973373905,0.0009050941161527,0.0067287762574861
Kcnip2,2.07201257474795,0.0009060991383856,0.0067331235139501
Msmo1,-0.646808352832281,0.0009070826971841,0.0067354907830048
Nufip2,0.388787018524721,0.0009072585425207,0.0067354907830048
Chd2,0.648626064173491,0.0009083538043485,0.0067404985175861
Endov,-0.492178224336876,0.0009126464581068,0.0067692170858007
Hap1,1.76054130107465,0.000913364915661,0.0067714110660833
Slk,0.45214649204909,0.0009138165087939,0.0067716254798279
Rps6ka4,-0.41628237908993,0.0009157095965493,0.0067825166187316
Acss2,-1.09413388951588,0.000917064748507,0.006786049787538
Agtrap,0.344767453200993,0.0009174573272459,0.006786049787538
Gcat,-0.986505776141257,0.000916941729137,0.006786049787538
B3gat3,0.498190183494755,0.0009194086996963,0.0067973450751434
Pf4,1.82693979976059,0.0009204964583305,0.0068022480437792
Mgat5,0.891407787703773,0.0009247971219726,0.0068308781425188
Ankrd13c,0.288326726347662,0.0009280854424087,0.006852007775498
Galk2,0.372241495823338,0.0009302357613371,0.0068647200057037
Fam83g,0.811082147434207,0.000931876445417,0.0068736613867524
Akap10,0.438888060216093,0.0009348437539122,0.0068923754171321
Snx21,-0.578910017432475,0.0009374729485694,0.0069085805469327
Pcdhgc4,-1.10925949674155,0.0009398658757568,0.0069230304347127
Dhcr24,-0.804153415340338,0.0009425041356998,0.0069392733263087
Nr2c2ap,0.673431462239398,0.0009441504810273,0.0069482015877533
Cenpc1,-0.375929480265979,0.0009451414955198,0.0069523011477147
Chp1,0.454988463114158,0.0009489207752614,0.006976897540369
4933412E12Rik,-1.06689116345389,0.0009518310052591,0.0069938938191621
Pcdhga5,-0.739013521626397,0.000952105512739,0.0069938938191621
Creg2,2.24065860995856,0.0009540016669247,0.0070046107725947
Gata2,-1.37615733443091,0.0009608000992146,0.0070512956433889
1300002K09Rik,2.40087410444417,0.0009618685761863,0.0070559049721072
Inpp1,-1.18382349994449,0.0009628387373174,0.0070597892039185
Ptpn3,0.861507287846902,0.0009635743843327,0.0070606312138635
Slc39a4,1.76513142544521,0.0009638349956132,0.0070606312138635
Ptafr,2.37628297084082,0.0009680974998847,0.0070886151945403
Erc2,0.994255032635127,0.0009691384880814,0.0070929957595031
9-Sep,-0.645362316786714,0.0009777569416286,0.0071528054620238
Kpna1,0.461701935895877,0.0009817871367007,0.0071790103683626
Pip4k2c,0.550465609562918,0.0009840735295028,0.007192446175258
Mroh2a,1.75073530720266,0.0009873402420247,0.0072130314717186
Wnt11,0.87391888556639,0.00099050806575,0.0072328758985328
Rab11a,0.567662604702513,0.0009919771218087,0.0072403031747141
Rere,0.535710034617615,0.0009953791671668,0.0072618258821402
Csf2ra,1.50200208422451,0.0009967333663079,0.0072683956584524
Kcnj15,-1.17395162162905,0.0009978174849063,0.0072729908670083
Gab2,0.70265578580501,0.0009984170059723,0.0072740513200012
Nedd4,-0.633528428682879,0.0010046269729211,0.0073159676059864
Slc13a4,2.79969545867571,0.0010072029021992,0.0073313937738001
Cd80,-1.5789323637807,0.0010095915333118,0.0073370444917346
Cmtm6,0.824905014741259,0.0010086444741252,0.0073370444917346
Emc1,-0.39424771848752,0.0010097179014619,0.0073370444917346
Eps8,0.994716929736313,0.0010098110669917,0.0073370444917346
Gale,-0.6985690161301,0.0010146048713127,0.0073685333831832
Fbxl3,0.559146400766659,0.0010170629681399,0.0073830384288943
Eif2b5,-0.307356849710024,0.0010180445790591,0.0073834731557746
Serbp1,-0.359870739297063,0.0010175867020208,0.0073834731557746
H2-D1,1.58398805265424,0.0010186652173965,0.0073846314243937
Vkorc1l1,-0.364026626269843,0.0010210337906655,0.0073984542561068
Bpifc,3.01395006672219,0.0010241264078781,0.0074108081213256
Rbpms2,-0.851940602552447,0.0010234902242774,0.0074108081213256
Sumf2,0.383056421475921,0.0010239922428825,0.0074108081213256
Grin1,-1.73109418771401,0.0010247052722483,0.0074116492851873
Rxra,0.675336256373911,0.0010270349240555,0.0074251473458003
Galt,-0.489079963863507,0.0010287802096061,0.0074310584932825
Kptn,-0.791071340005145,0.0010283401535341,0.0074310584932825
Arl13b,-0.479787045584414,0.0010329614547707,0.0074545384985957
Fetub,1.08392639259713,0.0010329221565768,0.0074545384985957
Cdc16,-0.376286087821951,0.0010334687027728,0.0074548411018114
S1pr3,-2.64494367900888,0.0010379723664444,0.0074839582730899
Lsr,1.49200153198622,0.0010403527352346,0.007497746815652
Trim8,0.477066869423961,0.0010409348466375,0.0074985688749907
Rnf157,0.655894075873995,0.0010445682667608,0.0075213609895618
Ranbp1,-0.470748345909693,0.001045490025743,0.0075246162185215
Runx2,-0.583805937775227,0.0010461600150168,0.0075260572970745
Phldb2,-0.548559234447268,0.0010496078524882,0.0075471566835166
Slc22a17,-0.686738636396686,0.001050035094411,0.0075471566835166
Susd1,1.7580660040846,0.0010518980670898,0.0075565329924726
Calml4,-1.62535534434489,0.0010527546120216,0.0075565329924726
Eif3k,-0.219349014482027,0.0010526659946239,0.0075565329924726
Gba,0.453111879402177,0.0010546024000391,0.0075664062028785
Mtm1,0.844777776316637,0.0010574494195025,0.0075834365039615
Cad,-0.781239489138711,0.0010610054270892,0.0076021323557231
Slc12a4,-0.306151430769516,0.0010606541854554,0.0076021323557231
Abcb9,-0.815595999692374,0.0010629889781318,0.0076129398384671
Rhoh,2.10914485869591,0.0010674862867147,0.0076417327075318
Entpd6,-0.741364871801467,0.0010679831801735,0.0076418751806877
Pigu,0.504634025726917,0.001069220729203,0.0076473148672151
Flot2,-0.365374942218429,0.00107160250241,0.0076609298041546
Taldo1,0.99161436045662,0.0010730598644873,0.0076679268907009
Nup107,-0.589403044973645,0.001074062851772,0.0076716722907889
Lyz1,2.56302765404129,0.0010766113784862,0.0076864487053152
Lbr,-1.03193745565036,0.0010793648423287,0.0077005965792714
Klhl26,-0.47632535574051,0.0010795543297574,0.0077005965792714
Ccdc3,-1.48227503202476,0.0010801966705377,0.0077017493808119
Ranbp9,0.420287389940238,0.001084150500676,0.0077265014107347
5031439G07Rik,0.775482768094688,0.0010859644217059,0.0077337670779105
Scube3,0.87863415726352,0.0010861354425628,0.0077337670779105
Cln3,1.38792844422219,0.0010876924618036,0.0077414131188606
Cacna1s,2.00940314934979,0.001088389893592,0.0077429371604077
Ezh2,-1.00757252383823,0.0010912496626881,0.0077598361499897
Fkbp1a,-0.4587269227784,0.0010943285150616,0.0077782773468514
Gm13293,1.38551894062,0.0010950156644839,0.0077797099603979
Ctnnal1,1.05733599739823,0.0010974973987294,0.0077922701200588
Zfp518b,-0.707459903891285,0.0010977562986687,0.0077922701200588
Brdt,-0.807987215631,0.0010987494646109,0.007795865886861
Isl1,-2.42838233040146,0.0011002115441917,0.0078027840413879
Tmc7,-1.1154158873604,0.0011107279867099,0.0078738818916282
Tpd52l2,0.31405809239808,0.0011115402895453,0.00787615523167
Lrrcc1,-0.70489037691397,0.0011126408948367,0.0078769862024653
Rragd,0.839824906383842,0.0011122189989499,0.0078769862024653
Rbks,1.15511136373488,0.0011131367335763,0.0078770157281921
Atp5b,-0.379464562949739,0.0011145156445717,0.0078832914532824
1190002F15Rik,-2.03035800363127,0.0011165348967193,0.0078906067844463
Mmp24,2.43806077923464,0.0011163490517121,0.0078906067844463
Prep,-0.535638065854208,0.0011224216545188,0.0079287113434951
Synj1,0.576485101637075,0.0011233651599048,0.0079318789012056
C920025E04Rik,1.5384424002959,0.0011250843132775,0.0079405179660881
Mast1,0.97297092786991,0.0011259037110043,0.0079428020052843
Trak1,0.240327384309866,0.0011271764479789,0.0079482807539924
Agpat9,-1.06859955874471,0.0011299250770634,0.0079641573513563
Mmp23,-0.995015288070263,0.0011324414456102,0.0079783836412141
Pam,0.415374948297822,0.0011360257778763,0.0080001182362007
Dchs1,-2.06610004223366,0.0011385592265558,0.0080109167187752
Thnsl2,-0.773296831611957,0.0011381960154746,0.0080109167187752
Ptpn9,0.343256600777327,0.0011396769639316,0.0080117440277087
Ly9,2.23476423899865,0.0011393113450501,0.0080117440277087
Frem2,-1.83668937795745,0.0011408780783843,0.0080166700411381
Lmo1,-2.10180405037591,0.0011464399355787,0.0080522201700602
Rcsd1,1.00352479153394,0.0011484607907237,0.0080628791972764
3110057O12Rik,-0.755791306104582,0.0011569996456586,0.0081192690858945
Pold4,0.352996102373668,0.001157804441812,0.0081213594405736
Unc13b,1.19459241376061,0.001161882097271,0.0081463952211728
Tacr1,-1.81567322039661,0.0011656046755474,0.0081689206067127
Rtkn,-0.59867100949303,0.0011682255395403,0.0081837085128882
Adcy2,-1.32158695646126,0.0011751351717669,0.0082285142425169
Hdac2,-0.360542154003048,0.0011757805887297,0.0082294367898814
Dnajb14,0.539782520443266,0.0011789237383814,0.0082478328439342
Ccdc60,1.52499194808546,0.0011800330133641,0.0082519899201689
Gse1,0.367732297521109,0.0011809480376591,0.0082547855634108
Shisa6,-1.0688860198934,0.0011817667013838,0.0082569055049585
Dcst1,-1.39509232855398,0.0011824563557312,0.0082581226134136
Adck1,0.371973660438732,0.001185789340684,0.0082750408741767
Ppfia2,-1.30889055275559,0.0011859118561331,0.0082750408741767
Ccnb2,-1.97026365602147,0.0011910614584705,0.0083073555185705
Pfkfb3,0.588230722425051,0.0011973924055887,0.0083478780373962
Rhou,0.730590045348257,0.0012014939719901,0.0083728294585708
Adamtsl1,-1.19343170628253,0.00120536572903,0.0083961584107786
Stra6,1.51284286980571,0.0012121263545208,0.0084395811932978
Arrdc2,-0.518244867973283,0.0012150044532682,0.0084559454152084
Htr2b,1.68309567683188,0.0012161256483104,0.0084564014807215
Rmnd5a,0.409175894976521,0.0012156730004007,0.0084564014807215
Atp6v1e1,0.666616061586222,0.0012183123275899,0.0084679313667326
S100a1,0.870980663106444,0.0012276503564597,0.008529135455699
Rgs10,1.19790789367107,0.0012283252399768,0.0085301251277279
Itpripl2,-0.594247311236348,0.0012302732381946,0.0085362527280715
Cep63,-0.333834296496442,0.0012300356854801,0.0085362527280715
Spata6,-0.322841735203169,0.0012312848429245,0.0085395733629846
Adora2b,-1.85487740745499,0.0012332869804209,0.0085460599971124
Tk1,-1.64263124238285,0.0012330550054058,0.0085460599971124
Lin7b,-1.42073185934415,0.0012375810179796,0.0085689577924061
Pdk1,-0.79465682068596,0.0012376610905454,0.0085689577924061
Rspo1,1.25988355581836,0.0012408808116832,0.0085838305198522
Snap29,0.506611619482747,0.0012408551602364,0.0085838305198522
Coq10a,0.472539912486973,0.0012439494319335,0.0086013439141165
Arxes1,-1.33818011197124,0.001244999431302,0.008604890374845
Cbx7,0.520622964568409,0.0012476563109948,0.0086190493340484
Cryab,1.55122858363057,0.0012481239906992,0.0086190493340484
Kif18b,-1.70112877149519,0.0012503644755625,0.008630801061175
Snrpd2,-0.686933920256206,0.001254387806614,0.0086548436906817
Dot1l,0.617170556962946,0.0012582715151494,0.0086779026879935
Fads1,-0.742862937400808,0.001262911422279,0.0087061548607283
Gpr143,2.29093553261509,0.0012643146799965,0.0087120797798816
Dhcr7,-0.916781531280854,0.0012650388347161,0.0087133220855489
Parpbp,-1.97498954069546,0.0012700149592571,0.0087438374139488
AI507597,1.97215443953865,0.0012729003369257,0.0087599382722885
Slc29a2,-0.644163644168703,0.0012740588450767,0.0087641463104225
Bin2,2.42043494814029,0.0012770088797673,0.0087806692114817
Clu,1.67296122995437,0.0012784317925749,0.0087866820029358
Wdr91,1.18761457019747,0.0012799530476957,0.0087933652560606
Eef2k,-0.538774306317297,0.0012820939701568,0.0087948411690304
Hdac5,0.54318565638264,0.0012819586921257,0.0087948411690304
Slc9a9,1.80329251657958,0.001280925572053,0.0087948411690304
Tfr2,1.18376831365094,0.0012823637083112,0.0087948411690304
Hoxd3,2.77569166607756,0.0012870200023584,0.008820565158175
Srcrb4d,-0.684305905112007,0.0012872156132459,0.008820565158175
2410004N09Rik,-0.801612515891941,0.0012880755094444,0.0088226839404916
Gm4788,2.05085253449378,0.0012900117195718,0.0088246275658667
Slc22a18,1.6009575554387,0.0012889643664476,0.0088246275658667
Crls1,0.834221435812208,0.0012896422780964,0.0088246275658667
Cntrob,-1.07984003641775,0.0012927886958126,0.0088379069382011
Fam174a,0.774415508735553,0.0012930562301444,0.0088379069382011
Banf1,-0.352613305017072,0.0012937929625602,0.0088391714512485
Cd86,2.47453481074841,0.0012956798328811,0.0088482892594155
Manbal,0.336939093249779,0.0012966054202802,0.0088508374257816
Msi1,-1.17965368158031,0.0012978285988543,0.0088554139617738
Upk3b,1.14931869116145,0.0012993960791853,0.0088623348593563
Aqp1,-1.58439044713677,0.0013044808287906,0.008893228663002
Col7a1,-1.19753259376575,0.0013051019723833,0.0088936787322644
Medag,-1.27579851880622,0.0013081742994245,0.0089098496199008
Parp14,1.67444194494018,0.0013085872389755,0.0089098496199008
Snrpa1,-0.555353805126952,0.0013127259636113,0.0089342322272797
Cand2,-0.777221272328234,0.0013229977427712,0.0090003171282117
Ccdc115,0.478070856370605,0.0013310267664127,0.0090510950019942
Tpra1,0.567337424981454,0.001331877466256,0.0090512198445458
Rnf130,0.999394799500599,0.0013321750448435,0.0090512198445458
Ric8,0.280874717811078,0.0013398794825092,0.0090954803857107
Trmt10a,-0.406750623147927,0.0013403925591825,0.0090954803857107
Vangl1,-0.600647966340286,0.0013393868798836,0.0090954803857107
Nr1h4,1.40029747515079,0.0013440394110083,0.0091125075767093
Smim15,-0.594335135739091,0.0013435068879062,0.0091125075767093
4632434I11Rik,-0.887139378246322,0.0013451852470064,0.0091138855489597
Cdh24,-0.975646614351821,0.0013453803959359,0.0091138855489597
Fcrls,2.89373363477316,0.0013469500569448,0.0091206622410457
6330408A02Rik,-0.535789098749141,0.0013504354885133,0.0091404000682182
Lsm3,-0.44919653959074,0.0013565492202773,0.0091777330487497
Pik3cb,0.626600199078564,0.0013570969098363,0.0091777330487497
1700052K11Rik,-0.775055967950908,0.0013622642770679,0.0092087915539686
Ccdc141,-0.560906169720718,0.0013629538430488,0.0092095670685304
Adap2,2.27014315431646,0.0013652639740323,0.0092212875750305
Tmem104,0.873962900402566,0.0013726524999851,0.0092672843245944
Cd2ap,1.03797956914794,0.0013749707015793,0.0092790251095209
Epb4.1l4a,0.85808880766835,0.0013775334364938,0.0092924055520288
Unc13d,1.98466934184386,0.0013807436947824,0.0093101408813595
Ppp2r5c,-0.251653306665353,0.0013820665194408,0.0093151399696938
Slc1a2,1.13204154483485,0.0013851409254787,0.0093319355622769
Adrb3,0.884968276880585,0.0013873003648303,0.0093386298928347
Ermp1,0.494461913527429,0.0013869445643882,0.0093386298928347
Spon2,1.2557635937812,0.001391012495787,0.0093596855081914
Cdk5r1,-1.18831365543526,0.0014016438081753,0.0094089698793585
Ethe1,-0.841187753626634,0.0013999672287174,0.0094089698793585
Hs6st2,-1.13333341439281,0.0014004529880704,0.0094089698793585
Klhdc8a,1.1979829486902,0.0014018607516402,0.0094089698793585
Nqo2,0.499391306509894,0.0014014400170456,0.0094089698793585
Plxdc2,-0.612734528717231,0.0014000144874647,0.0094089698793585
Plk5,1.93724746564919,0.0014032929685063,0.0094146384624955
Lcp2,2.38822577007914,0.0014075057049117,0.009438948890076
Chchd4,0.583929822375404,0.0014132513636459,0.0094735146849255
Syt14,0.958923885295483,0.0014165598344133,0.009491721082031
Tmed10,0.394574817900203,0.0014193308718342,0.009506312666244
Rnf180,1.85579554891979,0.001420516730503,0.0095102793729164
Lims2,-1.02109228034781,0.0014216136210658,0.0095136473780686
Lrig3,-0.71576180105559,0.0014278597317229,0.009536946229614
Ltbp3,-0.423838052755706,0.0014278061756731,0.009536946229614
Pcyox1l,-1.2122647005082,0.001427413756641,0.009536946229614
Slc50a1,-0.354919824859021,0.0014280715314177,0.009536946229614
Tgoln1,0.844001751499155,0.001425958400636,0.009536946229614
Aass,-1.10411587503093,0.0014335146641693,0.0095693076811068
Oas1g,2.6478107950863,0.001438792398732,0.0096005385339803
Stip1,-0.42049549155537,0.0014483448329219,0.0096602550242475
Tmem196,1.16509258534004,0.0014537106435812,0.0096920092471139
Dnaja2,0.556666015525898,0.0014545771374374,0.0096937522125146
Cep131,-0.681230664005494,0.0014600774272266,0.0097225682838561
C4bp,1.71565462654909,0.0014601148050033,0.0097225682838561
Serpind1,2.34303813040736,0.0014619680067596,0.0097268228556045
Slc11a1,2.43469508138703,0.0014614059936706,0.0097268228556045
Ly6a,-1.53415148896445,0.0014641519281103,0.0097373092736636
Il1b,3.83550124674713,0.0014697802501619,0.0097706843932965
Nedd9,-1.16162403843679,0.0014704529047136,0.0097711016119525
Six5,-0.886277311431521,0.0014739249710445,0.0097901127533599
Prkch,1.66170836484508,0.0014751652122848,0.0097942900397911
Eepd1,1.36893250160883,0.0014796240650977,0.0098198248330282
Pbld2,-0.6525543788773,0.0014843004749228,0.0098467817427488
Echdc3,-0.990861433307307,0.0014865629762856,0.0098549278559062
Hemk1,-0.618363549709498,0.0014870025167284,0.0098549278559062
Zfp408,-0.473337481915739,0.001487373794119,0.0098549278559062
Flywch2,0.678764724282278,0.0014926998984937,0.009886128596018
Fbxo22,0.270658924009079,0.0014955685966906,0.0099010349122233
Rbp4,1.67443314376631,0.0015017248943802,0.0099376846480238
Pask,-0.96425638923706,0.0015027598472301,0.0099404275443742
Herc1,0.473084681417849,0.0015080177773306,0.0099710907183718
Hecw2,0.783945416602211,0.0015103194217203,0.0099821895442993
Man2b1,0.880156129774996,0.0015156909887095,0.0100135609608725
Dcun1d2,0.332124177558354,0.0015165034391134,0.0100147986801466
Plin2,1.27870663584014,0.0015213952820731,0.0100346948596514
Slfn8,2.06427016208067,0.0015206646514303,0.0100346948596514
Syde1,-0.574495690749479,0.0015208980368072,0.0100346948596514
E2f4,0.353818881398603,0.0015221263122598,0.0100353850406234
Ccdc120,-0.74920965816022,0.0015249087580216,0.0100495940815568
Lamc3,1.53083307981373,0.0015268577076037,0.0100583007127962
Dgkd,0.628343905082825,0.0015287705497141,0.010062626531212
Glrp1,1.94385888507516,0.0015286086046811,0.010062626531212
Tenm4,0.661994102905268,0.0015304031849924,0.0100692359042153
Sash3,1.95698653717505,0.0015339816509369,0.0100870925625138
Nccrp1,2.78394118399648,0.0015343764168807,0.0100870925625138
Orai2,0.521028796128203,0.0015392599869515,0.0101150468625722
Myl7,2.59641082718197,0.001540825781153,0.0101211848461884
Rpl10a,-0.592477921847843,0.0015422069463289,0.0101261055275148
Fgf9,1.00859609133211,0.0015477698863107,0.0101584683935209
P2rx5,-0.902194858882409,0.0015489535364979,0.0101620739591458
Depdc7,0.748975091046084,0.0015498850755278,0.0101640232480684
Fbxl12,-0.526226865528182,0.0015528001728014,0.0101789736368463
Acan,-3.51154170973474,0.0015606335341836,0.0102261389984279
Fam109b,-1.18090629468313,0.0015636481328492,0.0102417034899336
Ip6k1,0.216270769537614,0.0015655275544311,0.0102498230280105
Abca1,0.828238554456356,0.0015727722106802,0.0102930488510244
Por,0.800188373804556,0.0015751860381536,0.0103046367975742
Unc5b,0.708398105435986,0.0015773730846892,0.0103147323223697
Zfc3h1,0.354405179167528,0.0015786891727907,0.0103191265757977
Pdf,0.379333030399998,0.0015800084008947,0.0103235377613112
Rps27l,-0.414116843868233,0.001583632575429,0.010342999384814
Gpr176,-0.52585673931694,0.0015880252095115,0.0103632390556351
Hoxa6,-2.019109627983,0.0015879638069141,0.0103632390556351
Rgmb,0.393712898762548,0.0015918250704917,0.0103838067810867
Ranbp17,-1.16745530392241,0.0015940899199992,0.0103943486399302
Hivep2,-0.748588885432692,0.0015966896312256,0.0103986034885637
Hpdl,-1.42126887048009,0.0015963909264213,0.0103986034885637
Spag5,-1.74134660350485,0.0015964877789103,0.0103986034885637
Rnf207,-1.17127768993016,0.0015982277624822,0.0104043912973298
Ddah2,-0.77773438849262,0.0016022255046259,0.0104234442099182
Itga2b,-0.777587034686954,0.0016024557199318,0.0104234442099182
Gpr160,1.71022493459667,0.0016084197324234,0.0104579920994952
Diap1,0.552540092061735,0.001611192592435,0.0104717714090879
Pfdn2,0.511635961605168,0.0016143896957051,0.0104858346754092
Tnfrsf10b,-0.382583663443913,0.0016146653856959,0.0104858346754092
Gpr107,0.222525457622715,0.0016163310952087,0.0104923988964097
Prr5l,1.16051451385673,0.0016352068119582,0.0106106311601389
Plin3,0.298420752056111,0.0016406373697832,0.0106415592312944
Tcf19,-1.14600949145199,0.0016413708928755,0.0106420085288381
BC068157,-1.23668823486312,0.0016431706441754,0.0106464542920872
Cib2,-1.18502711991529,0.0016433856478579,0.0106464542920872
Fam195b,0.462270964846731,0.0016496304149146,0.0106825904920563
BC021891,-1.33236309628774,0.0016541647918133,0.0107076259109665
Aldh18a1,-0.588514918932482,0.0016574121763741,0.0107199840442833
Dalrd3,0.448792233938253,0.0016569457967947,0.0107199840442833
Gm13247,2.52116083306535,0.0016610570430462,0.0107392231180966
Abhd10,0.600261245906417,0.0016637264107477,0.0107521423261756
Nr3c2,0.924538120174485,0.0016656496713095,0.0107602312032458
E130012A19Rik,-1.29890510138646,0.0016683350011128,0.0107695905896565
Rabgap1,0.188025643571961,0.0016684429089025,0.0107695905896565
Tapbp,0.752719544052006,0.0016722534324619,0.0107898398072786
Ska3,-1.27927448448625,0.0016759450778543,0.0108093059952914
Cd200r2,2.26935214428083,0.0016774299447931,0.0108145292336141
Trem1,1.94936423014752,0.0016781766266181,0.0108149910438652
Galnt6,2.0527973309061,0.0016836709147854,0.0108373209022811
Lynx1,-0.950439011302465,0.0016832290986965,0.0108373209022811
Prr14l,0.269376326739937,0.0016830485939623,0.0108373209022811
Krt8,2.32436310217349,0.0016886647457978,0.0108650995551919
Gpbar1,2.14449315820163,0.0016914411158511,0.0108785941858895
Adssl1,1.31865403432304,0.0016968122747241,0.0109087598127432
Dennd1c,1.87936915159703,0.00170459182472,0.0109533546127684
Uap1l1,0.478026855669,0.0017051161852721,0.0109533546127684
Vipas39,0.326769153617548,0.00170653978813,0.0109581057898321
Kars,-0.45405871262936,0.0017089703954909,0.0109693167893271
Dhx16,0.262655701050907,0.0017117398479297,0.0109826928729204
Ccr1,1.8884736957855,0.0017133110430751,0.0109883731869922
Gpr88,1.81093622762232,0.001718051170885,0.0110143648694476
Nr2f2,-0.788159892228545,0.0017214871947122,0.0110319785385937
Dpt,-1.7703182551594,0.0017327839416342,0.0110910633355661
Rhbdl3,0.746602930145677,0.0017326460867992,0.0110910633355661
Zfp41,-1.03149291006368,0.0017323858238916,0.0110910633355661
Serpina3n,2.41568645277551,0.0017346245031685,0.0110984102097698
Snhg1,-0.603274432150763,0.0017396465595389,0.0111260988145203
Plb1,1.9074228089175,0.0017478889055822,0.0111743528157755
Slc22a4,1.87389290621927,0.0017519699232065,0.0111959753249667
Tnfrsf1b,1.39526638579777,0.0017543483745942,0.0112067046688094
Fzd7,-0.523578387182138,0.0017563926557619,0.0112146808704845
Glis2,-1.01455709630748,0.0017569970029908,0.0112146808704845
Zbtb20,0.647077476758941,0.001757866100317,0.0112157597742651
Cenpn,-1.36881504159307,0.0017651885419029,0.0112579958717466
Gpsm2,-0.776726621446258,0.0017672761395253,0.011266824922935
Ndrg1,0.607914488059839,0.0017687543186297,0.0112717633010214
Klhl2,0.456651975341394,0.0017708158027297,0.0112804135091586
B230209E15Rik,1.74574361659629,0.0017719465905489,0.0112831304957016
Ilf3,-0.705203721870435,0.0017760569322503,0.0113048105330086
Cltc,0.318506784364984,0.0017805369541368,0.0113214657411946
Ggn,-0.981646388137245,0.0017798125276573,0.0113214657411946
Tbx5,-1.05121827078695,0.0017807935626871,0.0113214657411946
Ift46,-0.418624605981622,0.0017828861603895,0.011321852662521
Lamb1,-0.575237968237961,0.0017829744877061,0.011321852662521
Limd1,0.309361068296311,0.0017828553158489,0.011321852662521
Galnt16,-1.17676298077328,0.0017862864908343,0.011338389805728
Cst9,2.85882234687445,0.0017906272386764,0.0113593955251624
Gltscr2,-0.334425895988898,0.00179101386284,0.0113593955251624
Mybl1,-0.931116539609822,0.0017942069353762,0.0113751441676547
Sh3gl3,-1.41611481325977,0.0017955193776002,0.0113789620049578
Runx1t1,-1.45797176559289,0.001796526946085,0.0113808454737951
Il1a,2.0208802638206,0.0018088008696397,0.0114540706452561
1700018A04Rik,1.89659937234566,0.0018112168834201,0.0114648382810247
Haghl,0.562948753138384,0.0018139573363267,0.0114776502706519
Mid1,-1.00491074472997,0.0018206792217527,0.0115110899020128
Reps2,1.97397366502966,0.0018200143229729,0.0115110899020128
Mafg,0.438256417028403,0.0018241677490872,0.0115285962556711
2810468N07Rik,-1.41875562419093,0.0018298091911651,0.0115596896891392
En2,3.15016131621519,0.0018328483163524,0.0115743251384635
Nme2,-0.883650515245964,0.0018375453404525,0.0115994144599646
Tab1,0.418260742148758,0.0018388570852411,0.0116031230258559
Map3k6,-0.6264327203548,0.0018482253234408,0.0116552981789621
Wdr34,0.560859311790537,0.0018485807797729,0.0116552981789621
Nup210,1.25231194291045,0.0018498721379549,0.0116588518970011
Amph,-2.14408545086886,0.0018561974076326,0.0116895199165421
Marco,3.06860728912604,0.0018560784461752,0.0116895199165421
Arntl2,-0.64354321986874,0.0018608537631758,0.0117142389547507
Zak,-0.511178131096723,0.0018689092141915,0.0117603277771261
Tcn2,0.359509983658655,0.0018726640493019,0.0117654708760258
Mrpl13,-0.441146746592817,0.0018722398805177,0.0117654708760258
5031414D18Rik,1.43773086965053,0.0018714523459389,0.0117654708760258
Htr1b,-0.938000308119752,0.0018706859883147,0.0117654708760258
Bcl10,0.349935761934645,0.0018793806121958,0.0118030406852174
Ms4a4d,-1.97335963062458,0.001884900471653,0.0118330683606398
Pik3c2a,-0.751188387297775,0.0018909131414854,0.0118661650762781
Ntrk3,-2.21089204553683,0.0018967218649388,0.0118979565380524
Nlrx1,-0.469802751664422,0.0019026614502573,0.0119305436769363
Tmem140,1.30655408629672,0.0019126930979404,0.0119887543513711
Il12rb1,1.31868986082705,0.0019181453951634,0.0120135290758067
Tspan33,1.17286507479837,0.0019178066224413,0.0120135290758067
Tnip1,0.487463376137541,0.0019314353923524,0.0120920384606791
Bbs9,0.457091475084997,0.0019352197487866,0.0121109982794184
Dnase1l1,1.17421032513561,0.0019405266669063,0.0121394680712638
Ywhag,0.404824016084137,0.0019421847522688,0.0121429184205638
Ddx1,-0.195680718543679,0.0019425940897512,0.0121429184205638
Kcnj10,1.84116278759858,0.001947406560658,0.0121682529283552
Eif3e,-0.40685199731534,0.0019489890792372,0.0121733933873137
Vgf,1.2710275457951,0.0019506380056156,0.0121789444614065
Cisd3,-0.535629354546986,0.0019537841424394,0.0121938355068259
Cadm3,1.39360994130101,0.0019552947644304,0.0121946902034383
Plag1,-0.963523590036539,0.0019554434262925,0.0121946902034383
Bst2,1.25843048968999,0.0019568577736044,0.0121987620198119
Dlgap5,-2.00952580156248,0.0019712112839552,0.0122834601245613
Daglb,0.746659585883485,0.0019745001367705,0.0122991705642306
6430584L05Rik,2.52727951144496,0.0019773918116921,0.0123106080822331
Bcl2a1d,2.47987209086054,0.0019778731167634,0.0123106080822331
Cd200r1,2.17372921487108,0.0019883990220557,0.0123713167892639
4930429B21Rik,-0.880704317957625,0.0019903130635354,0.0123784183194494
Osbpl9,0.392337749473478,0.0019926670807354,0.0123882496315337
Cyp4f13,0.414310406857339,0.0019935220844985,0.012388757686482
Selo,0.390575753371422,0.0019985737026829,0.0124153351262827
Ikzf1,2.2742790510339,0.0020010770491241,0.0124260679860532
Smyd1,1.16663406036164,0.0020039625528539,0.0124391646878235
Folr2,1.37959837909602,0.0020068995791796,0.0124525709364975
Sirpa,1.9006236920499,0.0020119465577639,0.0124790537367157
Sytl5,-1.58013498838004,0.0020132362859223,0.0124822207959606
Slfn2,1.95409880887747,0.0020145113456599,0.0124852944947071
H2-DMb1,1.38038523109028,0.0020154351792595,0.0124861898711977
Il3ra,0.578628617276748,0.0020169893528337,0.0124909881800346
Rasef,2.25969313283064,0.0020219949825566,0.0124961777735252
Prc1,-1.89197869452633,0.0020228156696145,0.0124961777735252
Slc22a15,-0.510216087410441,0.0020206118801336,0.0124961777735252
Brap,0.254661099395178,0.0020186711281021,0.0124961777735252
Adi1,0.532161995769471,0.0020215529682792,0.0124961777735252
Nagpa,0.526758598923248,0.0020232872570079,0.0124961777735252
Snrpa,-0.317660486014886,0.0020217533240653,0.0124961777735252
Park7,-0.270283736480156,0.002028635853425,0.0125243834326483
Samsn1,2.21199249094667,0.0020296045754317,0.0125255373278087
Trmt12,-0.43665702178628,0.0020314075369382,0.0125318367921784
Cyp1b1,0.705483423493708,0.0020424508738856,0.0125951137222946
Nudt16l1,0.329443741433049,0.0020434569540454,0.0125964693577382
2700086A05Rik,-2.155041587453,0.0020483873278222,0.012622005145785
Serpina3g,-2.23425811401508,0.0020515139395105,0.0126364109284501
Impdh2,-0.513782807877632,0.0020533352779339,0.0126427688269713
Ier3,0.839731246369646,0.002057653057299,0.0126644869884705
Rpsa,-0.579986113697974,0.0020620154772548,0.0126864631187022
C1qa,2.36216783459701,0.0020647420263709,0.0126901699409953
Cyb5,0.984088860730036,0.0020649942597949,0.0126901699409953
Trp53bp2,0.506944499497398,0.002063524420694,0.0126901699409953
Ablim3,1.60907128612013,0.0020696846814983,0.0127141174395266
Spire2,-0.890678584249555,0.0020792077031901,0.0127664068418965
Ggh,0.783014555240615,0.0020797903911959,0.0127664068418965
Hmmr,-2.04350465931052,0.0020827671201572,0.0127766098966105
Tbxas1,2.1293690334281,0.0020830475656917,0.0127766098966105
Ifit1,1.905682413793,0.0020892724880148,0.0128098869232628
Rorc,2.16290555952614,0.0020943549515007,0.0128361364491174
Oxr1,0.418076610169164,0.0020976037669254,0.0128511319120122
Slc35f3,2.22677538794117,0.002099758778421,0.0128594171976619
Dbn1,-0.489326498881242,0.0021099237216405,0.0129167321147894
Fignl2,-1.20147318467079,0.0021130066089014,0.0129257269496796
Plcb4,-0.699895706214688,0.0021130016470715,0.0129257269496796
Prl3a1,-1.57386285966101,0.0021150919519313,0.0129335450999591
Dclre1b,0.435924173558169,0.0021185501601955,0.0129497489952283
Fbxo17,-0.508231037694483,0.0021221735608421,0.0129669498925444
Fermt3,2.03531170334419,0.00213234240863,0.0130241165568667
Mfsd12,1.56261648232915,0.002134440651834,0.0130269052454643
Trpc6,1.19359971262146,0.0021338373981788,0.0130269052454643
Arhgap35,-0.344774159093968,0.0021352383231127,0.0130269052454643
Hmox1,1.6180838227508,0.002137225896399,0.0130340677907155
Zfp706,0.381448400949223,0.0021386140912399,0.0130375709116268
Tbc1d16,0.526761133305917,0.0021411007801367,0.0130477655376836
Pole,-1.59233149150338,0.0021431765024269,0.0130504867903391
Prl7a2,3.09599078378561,0.0021429003201885,0.0130504867903391
Serf1,-0.537575288030912,0.0021460773914119,0.0130631861275875
Abcc3,1.68764813236608,0.0021469488151056,0.0130635271427297
Klhl7,0.475734103536607,0.0021528006233356,0.0130847337278437
Plxnc1,2.09848892681081,0.0021526782572809,0.0130847337278437
Znrf2,0.61426855913653,0.002152884221122,0.0130847337278437
Procr,1.32329493770163,0.0021545671310624,0.0130899962103722
Csad,-0.453625019246308,0.0021605920460058,0.0131216244007052
Dusp13,1.94903719877526,0.0021627331026278,0.0131296502604021
Pmepa1,-0.466144335680598,0.0021719281578817,0.0131804776581148
Zfand5,0.53043734978424,0.002172985750354,0.0131819025772141
Slc25a12,0.368767652644165,0.0021756897169601,0.0131933099755559
Fam134c,0.333441543747157,0.0021770417686414,0.01319651387643
Ogdhl,0.410807930860516,0.0021787045653857,0.0132015982761139
Twsg1,0.479225023083496,0.0021843545453961,0.0132308295545523
Chl1,2.03072685270189,0.0021880303525066,0.0132480855168211
2610002J02Rik,-0.478933790890647,0.002192320203195,0.0132656158585501
Irf8,2.17765625314758,0.0021934096753822,0.0132656158585501
Mdh1,0.433546791300823,0.0021930929473781,0.0132656158585501
Aff3,-1.07602901160322,0.0021962608162056,0.0132778469948796
Srl,-1.21770463400204,0.0021976670357131,0.0132813366952699
5730559C18Rik,-1.15461027986631,0.0022022443904873,0.0133039809125177
Gdf6,1.34926196061184,0.0022040964562958,0.013310150518777
Adh7,2.67643496608949,0.0022078492940121,0.0133277895777574
Prr15,2.37482787571774,0.002209376832405,0.0133319872813414
Dnm3os,-1.80214698809254,0.002212565141946,0.0133461996005711
Chrna7,-1.34774632476218,0.00221646814821,0.0133647106520412
Cdk18,1.13278495482569,0.002221923328362,0.0133925634475877
Akr1a1,0.773040229568141,0.0022234867623602,0.0133969467543335
Vamp3,0.296204727684165,0.0022248092972357,0.013399875846246
Ubtf,-0.448687359891665,0.0022391462848984,0.0134811584480866
Apoe,2.87784053099309,0.0022402269960755,0.0134825983110919
Hdgfrp2,-0.546067174758687,0.0022532802191049,0.0135393159981006
Hdhd3,-0.884270160074903,0.0022538765224976,0.0135393159981006
Mapk13,-0.852916300037536,0.0022513118983681,0.0135393159981006
Nek2,-1.56249356356483,0.0022536544768676,0.0135393159981006
Rassf2,1.1221546547737,0.0022515070530692,0.0135393159981006
Usp28,-0.601616785646521,0.0022549796909266,0.0135408656777873
Fbxl17,0.270127760632083,0.0022562202010446,0.0135429301356777
Plgrkt,0.451272469802655,0.0022570141353385,0.0135429301356777
Golph3l,0.362825112031655,0.0022591261751883,0.0135505280616596
Inpp5d,2.28222195528639,0.0022672578011676,0.013594213036118
Pln,2.65413079693609,0.0022765381497633,0.0136411897254545
Lrfn4,-0.860234860734803,0.002276795538722,0.0136411897254545
Dnm1,1.49979232189584,0.0022786919434326,0.0136474480843869
Eea1,0.724152228025908,0.0022821079318246,0.013662134320803
Igf1r,-0.564525057163883,0.0022828496084382,0.013662134320803
Kif26b,-1.07875775488282,0.0022850991947126,0.0136704907387942
Ccdc88b,1.92687097105118,0.0022894159497182,0.0136912030348774
Vps33a,0.448537723530534,0.0022952290436948,0.0137168972090974
Wdr6,-0.692712788400737,0.0022954248434923,0.0137168972090974
Nat8l,1.87583189367755,0.0022993361537902,0.0137351470991324
Mum1,-0.70715238960364,0.0023044119233204,0.0137577747644515
Nfatc2,1.52579109621261,0.0023048416121208,0.0137577747644515
Nfe2l2,0.433368645351176,0.0023075464955761,0.0137687904676443
E130307A14Rik,-0.807878081981272,0.0023115480127824,0.0137875319109409
Itpk1,1.01095122469057,0.0023135647433851,0.0137944252898301
Pcdhga4,-0.716614480105972,0.0023181828736905,0.013816818385192
Slc25a42,-0.52400962542374,0.0023192056868335,0.0138177740084642
Aco1,-0.396282276513488,0.0023237898249235,0.0138347962783726
Gata3,-0.89674000507351,0.0023234224397322,0.0138347962783726
Tnfsf12,0.702646844750961,0.0023251263880437,0.0138376113903598
Cdc25a,-0.281987708956173,0.0023264350607036,0.013840258487758
Fam134b,0.883343573981916,0.0023302368508283,0.0138430000204328
Hal,2.24730844762831,0.0023298132144119,0.0138430000204328
Slit3,1.14657944449594,0.0023302335830391,0.0138430000204328
Steap2,-0.845811311482295,0.0023303521038079,0.0138430000204328
Cd300lb,2.11046526460604,0.0023488242410228,0.0139475586232122
Zbtb46,0.73258334180004,0.0023538164125208,0.0139720239885128
Plcxd2,-0.708481017981281,0.0023596591398818,0.0139917208395258
Rab5b,0.394708405402352,0.002359754678759,0.0139917208395258
Traf4,-0.725196838827961,0.0023584497003704,0.0139917208395258
Armc7,0.54236246098172,0.0023609075437625,0.0139933776391487
Itm2b,0.602242270580075,0.0023657406781635,0.0140168385372997
Lrrc25,1.87470312451847,0.0023781687878634,0.0140848095202664
Fgl2,1.76446135479988,0.0023789710106635,0.0140848095202664
Atxn3,0.409846053008706,0.0023804520983009,0.0140883720232282
Tmem70,-0.361194075848129,0.0023829762723726,0.0140981029762488
Ncapd2,-1.56584080827153,0.0023857149538328,0.0141078016169572
Nupr1,-0.336527897766036,0.0023863767793492,0.0141078016169572
9130015A21Rik,1.83743708314432,0.0023934258533376,0.0141442551074595
Ccdc47,0.249888127289053,0.0024019365052141,0.0141893159107805
Gcsh,-0.331423090251647,0.0024120072631386,0.0142383081660809
H1f0,-0.552519949019534,0.0024116077324533,0.0142383081660809
Cyp4f18,2.14835750214824,0.0024171514523386,0.0142634193067835
Oplah,0.977306308326765,0.002420642014483,0.0142787576266692
Btbd11,-0.999146389757411,0.0024219167357754,0.014281018779484
Prss16,-1.82089872725637,0.0024281059439043,0.0143122462572814
Lrp11,0.776579634033565,0.0024413743668128,0.0143851631962888
Mfng,2.23766035348181,0.0024483102139844,0.0144207271831784
Rapgef6,0.353011059122736,0.0024494593930836,0.014422193655492
Kifc1,-0.960837664083193,0.0024531445616585,0.0144385852396517
Tnk2,-0.67590623423599,0.0024661119349442,0.0145095774181936
Abcd2,1.40106446309571,0.0024679918595104,0.0145153074820912
Srebf1,-0.441852239588281,0.0024711143828723,0.0145283389093569
Ckmt1,3.19213327981858,0.0024738406469806,0.0145390319168294
Rnf34,0.268142290363889,0.0024898115261339,0.0146275285882622
Ldb1,-0.512272949379574,0.0024967074234504,0.0146626648207843
Cenph,-1.3525440584189,0.0025003389874445,0.0146732347684431
Cers5,-0.404852447305845,0.0024998885238223,0.0146732347684431
Cd28,2.39532242952227,0.0025071496230272,0.0147078154926838
Spry1,-1.12860791435859,0.0025162437601791,0.0147557618161896
Tmco1,0.449277477159469,0.0025174030004898,0.0147571582403396
Dnah8,1.42884438349786,0.0025226079139559,0.0147822609325123
Zfp697,0.508966092441919,0.0025301837542999,0.0148212336115683
L2hgdh,-0.592190614235863,0.002532623402043,0.0148301021652527
Xxylt1,-0.328729607533258,0.0025396549699785,0.0148658429937983
Rem1,-0.56842156635588,0.0025469450739091,0.014903070500036
Ccdc80,0.562244847794247,0.0025569363156779,0.0149547963838707
Dcc,-2.11502159319182,0.002557651962537,0.0149547963838707
Kank2,-0.464821007626974,0.0025639854231401,0.0149854225588275
Ubn1,0.296517774602424,0.0025647605428066,0.0149854225588275
Maged1,-0.440030182237689,0.0025671921222131,0.0149941614983508
Tm4sf4,2.28637045987536,0.0025762842659096,0.0150417821516538
Anpep,2.01551499268865,0.0025846945726538,0.0150853886151137
Cspg4,-1.1736024764829,0.0025903551708238,0.0151129206816347
Lemd2,0.257146520912929,0.0025996062632149,0.0151613731135661
Tnfsf13,1.06442711734904,0.0026021800473588,0.0151708611858576
Agpat5,0.349723449103256,0.0026042910501726,0.015172126150842
Pkdcc,0.89002874878902,0.0026042437771278,0.015172126150842
Nat1,1.91405361951721,0.0026057364741795,0.0151750287360343
Vdac2,0.445088479836003,0.0026122507428232,0.015190878094654
Klf9,0.755398565188441,0.0026121875665969,0.015190878094654
Ece2,-0.574227375409789,0.0026113278008752,0.015190878094654
Bri3bp,-0.396625573441177,0.002610164667381,0.015190878094654
2810442I21Rik,-1.78723009225821,0.0026143788286508,0.0151977370151722
Tram2,-0.571918869519959,0.002628254674457,0.0152728575043439
Wdr45b,0.224880295909562,0.0026387992294364,0.0153285723186372
Tmem62,0.688305976197702,0.0026398878786708,0.0153293380587841
Smpdl3a,1.22877430824847,0.0026572395955631,0.0154245056378687
Sh3bgrl2,1.60439603113436,0.0026657798333618,0.0154684747230317
5830416P10Rik,1.08208271466822,0.0026747280559016,0.0155147784879075
Padi3,2.46587352718723,0.0026769323172538,0.015521944500443
Cpne2,-0.622465807793984,0.0026849627148974,0.0155516224350587
Kdm5a,0.269310076693686,0.0026842188901262,0.0155516224350587
Melk,-1.82115918803008,0.002683060528464,0.0155516224350587
Was,2.01990805201589,0.0026859784424403,0.0155518831320337
Lekr1,0.657625189949833,0.002694373976183,0.0155948574683631
Oas2,2.37988849728914,0.0026986315388878,0.0156138591132259
Atp8b5,1.62292670955962,0.0026997137241551,0.015614481434906
Dlg5,-0.505427128743186,0.0027068695101212,0.0156502188457785
Sirpb1a,2.44098011409231,0.002713353286294,0.0156820465366943
Ell2,0.65316949896836,0.0027153995031676,0.0156849664616424
Fstl1,-1.0065273107784,0.0027162935954215,0.0156849664616424
Lrriq3,-0.876067600921481,0.0027167955764969,0.0156849664616424
Slc2a13,1.14130727579286,0.0027222411372265,0.0157107439695631
Popdc3,1.61750945787195,0.0027301627000218,0.0157507874026107
Bscl2,0.460981001295919,0.0027320969381062,0.015756272514543
Sh3bp5,0.860596284451029,0.0027369699191812,0.0157786956010086
AA414768,-0.738501202821494,0.0027426754562904,0.0158059005342552
Nckap1l,2.19064837512025,0.0027465602840288,0.0158225970192111
Timm10,0.438146244860957,0.0027497403668115,0.0158352230110306
Idh3a,-0.361852879851256,0.0027547092205327,0.01585244124359
Rpp25,1.35459457772896,0.0027539298803913,0.01585244124359
Fbxo45,0.250779481736095,0.0027598890562286,0.0158765467037123
Fibin,-1.76573143608257,0.0027649318278802,0.0158998466670742
Mafb,1.61605159328595,0.0027676223401577,0.0159096080056213
Rpl21,-0.540505192610423,0.0027848478971813,0.016002886714757
Fhl3,-0.721448724778972,0.0027870321876871,0.0160096961918018
Mon1b,0.30045219561947,0.0027882856165711,0.0160111555064824
Taz,0.260720236267774,0.0028007004125402,0.0160766826618803
Slc7a15,2.11591117783176,0.0028027971883611,0.0160829562158788
Dcp1b,0.434490065000744,0.0028134835561277,0.0161384962594782
Scara3,-1.34313204788436,0.0028204725825539,0.0161727957212231
Psmb10,0.916934681469534,0.0028250047454592,0.0161929878450811
Cops7b,-0.283608854995885,0.0028270772963582,0.0161990720189398
Kifc5b,-0.866859242981526,0.0028312467550607,0.0162171627682616
Igf2bp3,-0.95273729982194,0.0028341752922416,0.0162281352240898
Syne2,1.17809138778285,0.0028385152820004,0.0162413761903319
Igsf6,1.99522864153289,0.0028375483981877,0.0162413761903319
Npy,2.28594665350141,0.0028402750905915,0.0162456434224802
Tead4,-0.820869449119075,0.0028425777874064,0.0162530116816698
Dis3l2,0.401610052752339,0.0028451316987127,0.0162618105405196
Rnf7,0.260024322726248,0.0028462313913598,0.0162622942656832
Fhod1,-0.580365490995166,0.0028514313898969,0.0162861968975182
Ephb3,-1.00616267624316,0.0028553037175541,0.0163025020880025
Ccdc109b,-0.721374693146818,0.0028568630893811,0.0163055944264249
Cds2,0.437198824165076,0.0028607286633075,0.0163218425622684
Plekhg3,0.812926382766034,0.0028625540620602,0.0163264430858908
Gm16796,-1.26735362570735,0.0028671492073516,0.0163468318330892
Rsu1,-0.48278784884433,0.0028732628310787,0.016375860482644
Zfyve20,0.210227970244012,0.0028757197195978,0.0163840347182353
Prg4,1.34577261414618,0.0028783987530032,0.0163876426516931
Gngt2,2.02429077604181,0.002878031743262,0.0163876426516931
Dsg2,2.48488641041993,0.0028841619832055,0.0164146213616112
Baiap2l1,0.869409474789792,0.0028928860266759,0.0164584257931021
Sesn3,-0.695563126172627,0.0028949729194837,0.0164644519499643
Fbxo4,-0.461598420239164,0.0029004761982399,0.0164898967963105
Arhgap30,2.12679747173017,0.0029115924268113,0.0165402392743486
Clmn,1.31839983318869,0.002911353511897,0.0165402392743486
D2Wsu81e,-0.439020800460033,0.0029124283748166,0.0165402392743486
Ttn,1.35712295718359,0.0029307637487552,0.016638471303617
Treml2,2.5661717834217,0.002933527077281,0.016648259760935
Atoh8,-0.723259719365752,0.0029380637310483,0.0166681016413334
Clock,0.360388152858005,0.0029411284840145,0.0166795821035036
Nmrk1,-0.621232456045555,0.0029468466624583,0.016706097091028
Ndufv3,-0.427943625717972,0.0029485515821162,0.0167098496275504
Sptlc1,0.287447758497775,0.0029525759789379,0.0167267396600297
Slc25a16,0.32524127309444,0.0029669743096455,0.0168023667072575
Pgap1,1.38821447083428,0.0029697894668113,0.0168113600322492
Rasgrf2,1.83917249657062,0.0029706610231132,0.0168113600322492
Ypel4,0.762358931827955,0.0029738006299667,0.016823184990359
C5ar2,2.32346443077676,0.0029761375869745,0.0168304625065014
Srxn1,0.978543499156321,0.0029877795054308,0.0168903371406168
B2m,0.655871640576777,0.0029894465729985,0.016893800192596
Kif3b,0.314341526973183,0.0029920471954063,0.0169025345971808
Cass4,-1.48706087543006,0.0029943496796148,0.0169095792094147
Bnip3,-0.640411208716865,0.0030077786617421,0.0169794298589752
Klf11,-0.654490150328917,0.0030101377451091,0.0169807805684484
Pi4ka,0.425688764737449,0.0030092596912276,0.0169807805684484
Dclk1,-1.18167630418345,0.0030125966341366,0.0169886697203463
Fam174b,-1.26962769990828,0.0030140723793644,0.0169910111153408
Smap2,0.453533220838517,0.0030159729583553,0.0169957449053152
Clca1,-1.31477847283308,0.0030217175462684,0.0170221296795944
Gnai1,0.573266034994744,0.0030265490928377,0.017043354311548
4933404O12Rik,-1.32935301896048,0.003037194196284,0.0170972903087373
Bambi,1.22408697177346,0.0030406292872988,0.0171106153185161
Aldh1a2,0.978149382118547,0.0030433008123579,0.0171196356442368
Atp6v0d1,0.477769800846698,0.0030454320812987,0.0171216227697254
Aurka,-1.43327827973312,0.0030494675485352,0.0171216227697254
Bcan,-1.27279559109937,0.003045920966991,0.0171216227697254
Car9,-0.752911318739626,0.0030500662495971,0.0171216227697254
Nf2,0.289231387785492,0.0030478510275739,0.0171216227697254
Ptgfr,-1.66906907316848,0.0030486252500728,0.0171216227697254
Lrig1,-0.599129436106601,0.0030527463015651,0.0171306649728108
Hdgfrp3,0.839271558412702,0.0030565581550131,0.0171400483729315
Pbx1,-0.84500540369819,0.00305566467677,0.0171400483729315
Pde8b,-0.906282303700982,0.003063521377984,0.0171730846734368
Foxf1,-1.29151272942059,0.0030664825195716,0.01718367136973
Hhex,1.74478021809502,0.003072315233081,0.0172103364857315
Aes,-0.34047202870913,0.0030799735281237,0.0172472058350474
Sh3bgrl3,0.75490659023585,0.0030830137340506,0.0172581981248166
Mmp28,-0.893434384627,0.003085683845028,0.0172670314580558
Fbxo25,-0.356141702913756,0.0030867472751933,0.0172670314580558
Kif2c,-2.1700677220651,0.0030925746972847,0.0172935913526002
Ccdc27,1.52742670352159,0.0030958285141436,0.0173057462055463
Mapk10,2.07220208274607,0.0030991130630214,0.0173180643120564
Opcml,1.55451279110679,0.0031063687524566,0.0173525571070808
Cdc42ep1,-0.752685424248679,0.0031099279772336,0.0173603331439932
Gltp,0.867435197319639,0.0031092488579851,0.0173603331439932
Alpk3,1.7035119145022,0.0031173748843143,0.0173958422227795
Mapk11,-0.892342741988408,0.0031188500382898,0.017398014088942
Arhgef1,0.250223026130809,0.0031374758768514,0.0174885982576477
Dnajb5,-0.66082025712794,0.0031371441515174,0.0174885982576477
Rab4a,-0.551649620435312,0.0031383633974619,0.0174885982576477
Pcdh20,-1.66108878791863,0.003152668147061,0.0175622031933465
R3hdm2,0.218072275669561,0.0031540586827888,0.0175638422512897
6330416G13Rik,0.927918845274064,0.0031598979192601,0.017590244810447
Axl,-0.52913346809035,0.0031619159466171,0.0175953648422208
Nek9,0.271860415619366,0.0031653141193035,0.0175968943299923
Kcnh3,2.06703535911518,0.0031654858909579,0.0175968943299923
Lad1,2.4317777613676,0.0031633061255288,0.0175968943299923
Papola,0.321372196591513,0.003166849809241,0.0175983700290846
Ago3,0.652954863888217,0.0031680414152226,0.0175988874872682
Orai1,0.511854531369058,0.0031700997649099,0.017604217793283
4930404N11Rik,1.5544509466656,0.0031764372762167,0.0176332992384854
Megf9,0.853499048701154,0.003178652357515,0.0176394836923273
Aacs,-0.576745542281816,0.00318528785049,0.0176686833104119
Mbd4,-0.668993676594579,0.0031872226931583,0.0176686833104119
Pgm2,-0.273293957478986,0.0031868112049508,0.0176686833104119
Smpd3,1.45528337410704,0.0031901322372492,0.0176786954593465
Tnfrsf1a,0.231979600197282,0.0031915880577777,0.0176806473975302
Kansl3,0.204734452721692,0.0031928555128484,0.0176815548466456
Pkd2,-0.621309936318987,0.0032017269511848,0.0177245568365349
Mab21l3,-0.791984827142423,0.0032040225511801,0.0177311382702787
Tnnt3,-1.41293644589168,0.0032225352897059,0.0178212764502514
F2rl1,-1.019980760279,0.0032223797539574,0.0178212764502514
Cbr2,-2.2831941008914,0.0032269997389382,0.0178398077355176
Calm2,-0.284995370985636,0.0032343360104661,0.0178741970416276
Arap3,1.68932454444694,0.003236779362469,0.0178815317814196
1700110C19Rik,2.50948370245169,0.0032417517447847,0.0178966590982757
Pik3r5,1.83280846759389,0.0032415165875437,0.0178966590982757
0610007P14Rik,-0.488197101611076,0.0032475772644351,0.0179226439385172
Crct1,3.00856078968683,0.0032529246055711,0.0179459728325948
Fig4,-0.291813624738188,0.0032555832709546,0.0179544576881117
Clcn2,-0.607215338199431,0.0032575956017957,0.0179593734123775
Irg1,2.90433155848801,0.0032617651005554,0.0179761742951491
AB124611,1.99760718112815,0.0032689262792193,0.0180094456393992
Tbx3,-0.915893276765385,0.0032744209430383,0.0180335159602672
Gm715,-1.01836033622832,0.0032762914277375,0.0180376168260423
Srpk3,1.65068826126011,0.003277897637801,0.0180402604105844
A530064D06Rik,2.01183425905606,0.0032791436590168,0.0180409205223585
Dmp1,2.45369485367733,0.0032841903788932,0.0180500905867061
Naip5,2.07366016262627,0.0032828709540759,0.0180500905867061
Tmem97,-0.451501050133476,0.0032833351392953,0.0180500905867061
Manba,0.355866214311476,0.0032942259875401,0.018092833234961
Msr1,2.18835301346111,0.0032939020207205,0.018092833234961
Amz2,-0.319957823676617,0.0032954294263426,0.0180932401780106
Lgmn,1.39432488372804,0.0033047759119224,0.0181383401455665
Trappc11,0.243490425500105,0.0033194983595642,0.0182129052118422
Stx4a,0.326427511195266,0.0033311566712693,0.0182706131565922
Ncf2,1.92560310843449,0.0033390130766065,0.0183074361739606
Armc10,-0.446252896689258,0.0033442008412592,0.0183296071425982
Hhipl1,-1.11916829327071,0.0033457651416372,0.0183319094850102
2210408I21Rik,0.440233401299845,0.0033559134207458,0.0183812269790666
Scn7a,1.63468428233043,0.0033596702126221,0.0183955148586535
Sh2d1b1,1.69629296019839,0.0033629572990126,0.0184009354123914
Sdha,0.181190199529073,0.0033628893443185,0.0184009354123914
Ddx51,0.338998380458235,0.0033690150512248,0.0184277876871537
Dach2,-1.01444106686157,0.0033755357808391,0.0184571531552302
Erf,-0.32023047776417,0.0033920904613319,0.0185413446881606
Dmxl2,0.894907958240303,0.0033985086557827,0.0185637596912018
Psmb8,1.68072424225585,0.0033975756001445,0.0185637596912018
Tacc3,-1.14419748841923,0.0034065151048536,0.0185965815400006
Tnfaip2,0.954108543799204,0.0034068389501218,0.0185965815400006
Ptpn6,2.05154846441403,0.0034144137324353,0.0186315812014125
Akap8l,0.375797609803478,0.0034213791355795,0.0186568805756021
Lrtm2,2.04489519542583,0.0034210480147048,0.0186568805756021
Sec61b,-0.314380588698601,0.0034269677720598,0.018674643087133
Sprr1a,1.94823768277963,0.0034265747395801,0.018674643087133
Lcp1,1.88765751605467,0.0034381599273099,0.0187228960555515
Nes,-0.982763168799064,0.0034380358049316,0.0187228960555515
Cd74,1.872958774821,0.0034414327588777,0.0187343507407338
E030011O05Rik,-0.941446195533062,0.0034437855166322,0.0187407906800155
Ndfip2,0.486023756142736,0.0034469495564163,0.0187516396751598
Cfi,3.12385795441786,0.0034536849783133,0.0187819032714046
Sntb1,-0.938194751804849,0.0034553212193407,0.0187844252646957
0610031J06Rik,0.442633452986202,0.0034660517098127,0.0188363685355866
Tnfaip1,-0.23728013330186,0.0034838685257904,0.0189267743817186
Traf5,-0.648476267222947,0.0034874704236813,0.0189399198839997
Il6st,-0.791372395132192,0.0034998801603906,0.019000874296719
Fam120c,0.366393063151494,0.0035035188893829,0.0190141856798115
Mif4gd,0.390893061368958,0.0035317716593086,0.0191610273463541
Pdgfrl,-1.16710948810265,0.0035391070792303,0.0191943244808225
Flcn,0.382331032657062,0.0035429977344371,0.0192089227422732
Mgat1,-0.318400264139435,0.0035467094521569,0.019216040626651
Slfn5,2.09820679159257,0.0035459845251925,0.019216040626651
F630028O10Rik,1.85297897589877,0.0035479588346606,0.0192163111866456
Vasp,-0.790385335771577,0.0035615754458582,0.0192651335162874
Grk6,-0.509377656154376,0.0035587793108758,0.0192651335162874
Araf,0.283468019990688,0.0035604790189159,0.0192651335162874
Ccdc116,-1.17409117648331,0.0035617830020125,0.0192651335162874
Nuf2,-2.07327400721528,0.0035704125434942,0.0193052917176242
Trappc10,0.274905751444877,0.0035879229196068,0.0193934254706551
B4galnt2,1.4503692928735,0.0035905970109303,0.0194013337983526
Lipa,1.4596415262887,0.0036045792497735,0.0194680128362935
Tshz2,-1.24389385987994,0.0036053675853743,0.0194680128362935
Mcoln2,1.95371509724689,0.0036084648862935,0.0194781724876378
Ces2e,1.0652956760568,0.0036137196875065,0.0194999673673096
Apold1,-1.30844755503104,0.0036157936125459,0.0195045890459925
Lmbrd1,0.620236015883921,0.0036190721991111,0.0195091371810091
Sbno2,0.635517849820782,0.0036179823832036,0.0195091371810091
Kcnj5,2.47642514153513,0.0036255857757574,0.0195376756520049
Mfap3,0.322745974225667,0.003632522637021,0.01956847517408
Rgag4,-0.475605629552448,0.0036471222229807,0.0196405193728989
Cd69,2.6942826782236,0.0036714807454407,0.0197650514189202
Ptrhd1,0.444255891864855,0.0036758512025262,0.0197819321853119
Scube2,-1.5395629060176,0.003685973433817,0.019829744923836
Sec23b,0.377530576894788,0.0036873031174265,0.0198302394240655
4930461G14Rik,2.03780233446193,0.0036934681707745,0.0198422276121252
A630001G21Rik,1.64511500512007,0.0036944862971705,0.0198422276121252
Dnajb3,-0.771210783158932,0.0036919916733369,0.0198422276121252
Mtus1,-0.723298186879178,0.0036944393284625,0.0198422276121252
Nup35,0.688257106276423,0.0036978310901026,0.019853536157686
Sf3b6,0.340122611786351,0.0037128272256091,0.0199273718530937
Dusp3,0.293072245819274,0.0037235764602731,0.0199783718921754
Skap2,0.688216413733168,0.0037320833909765,0.0200173110166838
Wipf2,0.315141841881048,0.0037357918325835,0.02003049563247
Tmem175,0.359817897818148,0.0037409199952041,0.0200512811117986
Ddost,-0.231212331750851,0.0037513826013713,0.020100635671094
Psmd10,0.376220740797474,0.0037564257423347,0.0201209283911552
Fn1,-1.00872789713166,0.0037644017993712,0.0201569121750421
11-Sep,-0.768043877901811,0.0037708790520756,0.0201848490789523
Myom2,1.730157006133,0.0037725321135744,0.0201869529029983
Ranbp10,0.324632839769128,0.0037739443031753,0.0201877668384548
Ubash3b,1.22413823602443,0.0037757727469165,0.0201908061342955
Tjap1,-0.411435357697506,0.0037773160944586,0.0201923193691429
Rinl,1.29693340843211,0.0037862953296887,0.0202335682044506
Nin,-0.60226299058966,0.0037877557833023,0.0202346233425431
Dmxl1,0.52297373995903,0.0037911401359275,0.020245952039232
Sgsm1,-1.09221409697119,0.003805592610897,0.0203163609527431
C920009B18Rik,1.60382833821187,0.0038152869127789,0.0203564257648168
Elmo1,1.68125619987682,0.0038156386350255,0.0203564257648168
Kif13a,0.318301597179765,0.0038200634350507,0.0203732477672929
Rragc,0.472543508896412,0.0038217283813461,0.0203732835046711
Trim66,-0.533575648626735,0.003822613458276,0.0203732835046711
Gm7694,1.41735051099484,0.0038377057475472,0.0204469184507665
Marveld2,1.03693296913821,0.0038459742581558,0.0204841601030304
Abcb1a,1.42675339871443,0.0038479535975322,0.0204878911884561
A330076H08Rik,-1.2340944762726,0.00385591389109,0.0205166378110775
Scn1a,-1.53385585276527,0.0038551017763442,0.0205166378110775
Hoxb2,-0.664913769278837,0.0038598165970983,0.0205169614141048
Rdh12,-1.11512209530539,0.003857863469421,0.0205169614141048
Wipi1,-0.683014029493047,0.0038597351769581,0.0205169614141048
Hmgn3,-0.477097593592177,0.003866296557653,0.0205445894362054
Thsd7a,-0.889910033332662,0.0038750869303507,0.0205844720527683
Pdap1,-0.237349640624939,0.0038766154024706,0.0205857657815653
F2rl2,2.46314911780452,0.0038792381818265,0.020592867763765
Trim71,-2.42438042274599,0.0038889180794041,0.0206374152203161
Grem1,-0.843790182082741,0.0038939668467584,0.0206573651827539
Zwilch,-1.26383646152717,0.0039010136718835,0.0206878980593332
Eya3,0.284568461058218,0.0039065807561187,0.0207105659476432
Bcl2a1b,2.18820093575817,0.0039102493289375,0.0207231572937175
Slc15a3,2.0074981520264,0.0039171762397643,0.0207461423263682
Tlr9,2.281316453721,0.0039162502737413,0.0207461423263682
Cacna1b,-0.987300210814776,0.0039295285438635,0.0208046849971044
Ifi27l2b,-2.18762027198826,0.0039551193488892,0.0209263431600247
Sp140,1.65282560274896,0.0039546895746216,0.0209263431600247
Ppm1e,1.06332349402657,0.0039567653642279,0.0209281406075591
Ccdc18,-1.59929315254546,0.0039611315094387,0.0209374094070335
Mpzl2,2.08806184820025,0.0039609214205321,0.0209374094070335
Zdhhc2,-0.746892401742225,0.003965149254917,0.0209517335794938
Lrrc1,0.875662432940948,0.0039739791836367,0.0209914673593949
Cd68,2.02419233042325,0.0039847924173137,0.0210319752009715
Folr1,1.36088279387542,0.0039842305097335,0.0210319752009715
Syt8,1.48137164102884,0.0039855862124804,0.0210319752009715
Carm1,-0.485418743352428,0.0039938924398278,0.0210688675595921
Ptges3l,-0.34352719419357,0.0040028822397224,0.0210986152199002
Dnah11,-1.76785350294743,0.0040034823212344,0.0210986152199002
Diap3,-1.01769279075501,0.0040010725201204,0.0210986152199002
Usp22,-0.29903212014122,0.0040162348981234,0.021158861987121
Bmper,0.621676366467561,0.0040284156387651,0.0212160575110641
Ell3,-0.836876689088407,0.0040351462213545,0.0212271971795589
Mreg,0.927166529510002,0.0040333504117356,0.0212271971795589
Naip2,2.0081408284531,0.0040358306353496,0.0212271971795589
Ttc9,1.02552411022929,0.0040332197458245,0.0212271971795589
Thumpd3,0.369330043957437,0.0040461977573267,0.021274740489049
Isg15,1.42105511718159,0.0040632005349022,0.0213431264818585
Ocln,2.15190725480677,0.0040624493506832,0.0213431264818585
Pik3cg,1.87203016124587,0.0040630644086418,0.0213431264818585
Napepld,-0.718493648167013,0.0040704694324588,0.0213602983221169
Pcp4l1,1.93797423240685,0.0040678905536058,0.0213602983221169
Uprt,0.496838125008289,0.0040700331387009,0.0213602983221169
Tgfbrap1,0.370810496686881,0.0040756918796542,0.0213807005906812
Kif4,-1.82759277601982,0.0040817476260407,0.021405459481767
Xrcc2,-0.776573150675822,0.004095114452902,0.02146853031739
Ctif,-0.423385175692356,0.004097707066548,0.0214750948358411
Rbm46,-1.34608427400044,0.0041032122439057,0.0214969141136739
Mterfd2,-0.657557054072375,0.0041058127034797,0.0215035061531381
Porcn,-0.609653211393129,0.0041239450366183,0.0215914128861644
Cd55,0.914566189847011,0.0041315230585174,0.0216054680266994
Hspa8,0.30686355819567,0.0041320238458153,0.0216054680266994
Sema4d,1.98853677077926,0.004130617514876,0.0216054680266994
Usf2,0.342562820178353,0.0041288938514603,0.0216054680266994
Oat,-0.30336291860699,0.004134212903816,0.0216098613155097
2010107G23Rik,0.821521059617743,0.0041435900015774,0.0216518119423589
Fam175b,0.359141698489655,0.0041534545786824,0.0216962816449533
Arsi,-1.31617696470295,0.004165551204228,0.0217452902714036
Artn,-1.31210114322349,0.0041652394627442,0.0217452902714036
Slc7a8,1.83771530730849,0.0041728311586596,0.0217680933131637
Ccdc134,-0.333088749864183,0.004173995546972,0.0217680933131637
Ddx3x,0.490809763509217,0.0041737880414704,0.0217680933131637
Coq10b,0.377099957876922,0.004176432431958,0.0217737142832412
3830406C13Rik,0.41681307908658,0.0041833486587858,0.0217945747529858
Chtf18,-1.43008297365315,0.0041845148205595,0.0217945747529858
Sae1,-0.313423929703699,0.0041831129608879,0.0217945747529858
Capn2,-0.416216627605523,0.0041960071497814,0.0218473287444421
Gabpa,0.256261500929012,0.0042007667373265,0.0218650045155
Gcnt2,0.832333149903312,0.0042035299212278,0.0218651795025947
Syngr2,0.330538226506161,0.0042030080210168,0.0218651795025947
Mrc1,2.04102619873036,0.0042077812702872,0.0218801894616269
Lace1,0.39470109829361,0.0042150855893269,0.0219110597750183
Adam22,0.589713803962141,0.0042184043676647,0.0219211989537324
Zfp39,-0.536309235353211,0.0042197914723013,0.0219212967502399
Pts,0.476091926915506,0.0042440979823841,0.0220332773090653
Gm3716,-1.37868435552513,0.0042440240909025,0.0220332773090653
Anapc4,-0.29968961621079,0.0042538585711105,0.0220767956487729
Atp13a2,0.848274970985749,0.0042618022511588,0.0221108594125051
D10Bwg1379e,1.6618408253317,0.0042730975901257,0.0221622843934621
Clec4d,2.5090456528549,0.0042810303801218,0.0221890610546526
Nhlrc3,0.527114807943717,0.0042800923373299,0.0221890610546526
Map2k6,-1.20195710611927,0.0042836031079162,0.0221952151979065
Tex14,-1.05619658421394,0.0042913655361844,0.022228246768578
9530077C05Rik,-1.16167517241414,0.0042941437441409,0.0222301884526841
Kcnk13,2.1555893308919,0.0042945155271866,0.0222301884526841
Ntn3,-0.78210086524716,0.0042985575191923,0.0222367420132322
Zdhhc16,-0.488632678200719,0.0042976346771492,0.0222367420132322
Slc35d2,-0.756674344021565,0.0043004781093219,0.0222394963813577
Fcrl1,2.38801813387791,0.0043042213140464,0.0222444934426898
Arpc5l,0.348847637540908,0.0043039439161693,0.0222444934426898
Prkcd,0.749713359009546,0.004306801666806,0.0222506512427925
H2-T24,1.03622129515052,0.0043095880854185,0.0222578693476759
Naip6,2.25612781871805,0.004312980507764,0.0222682116387005
St18,2.13565387568995,0.0043171978426571,0.022282804973328
Serhl,-0.432680726410631,0.0043188030717253,0.0222839111150117
Tprn,0.529400510773405,0.0043272895615338,0.0223205106456323
Arl6ip1,0.507922444196449,0.0043310641624659,0.0223327901341703
Bcl2l13,0.307095764135511,0.0043417170207236,0.0223746608718523
Grina,0.403697158185044,0.0043424646719221,0.0223746608718523
Nptx1,1.55999031126305,0.0043439670013779,0.0223746608718523
Tspan12,-0.909684124068463,0.0043447706118427,0.0223746608718523
Myo19,-0.534965178231998,0.0043466572946806,0.022377183971105
4833439L19Rik,0.23034879449226,0.0043535604185225,0.0224055224751526
Sytl1,1.05851666857904,0.0043584633075103,0.0224235519106049
Sh3bp2,1.46182859762208,0.0043614730431057,0.0224318329449748
Map3k8,1.08923612818634,0.0043681889810409,0.0224591642057948
Eif1ax,-0.448624644623478,0.0043713863274617,0.0224683927982883
Atf6b,0.32893187494997,0.0043815676011762,0.0225057763226875
Tonsl,-0.965783152103193,0.0043824352163716,0.0225057763226875
Zswim1,0.433113322207508,0.0043828738609815,0.0225057763226875
Btk,1.98250644378338,0.0043942505482254,0.0225497399209227
Nrsn1,2.04333873439862,0.0043938889818524,0.0225497399209227
Spta1,-0.54934276436202,0.0043956925810787,0.0225499170161586
Egr1,1.23036636468725,0.0044047826309037,0.02258247740664
Zfp13,-0.747943395900182,0.0044048587413863,0.02258247740664
Rnf217,-0.389180127230352,0.0044081908775445,0.0225923307898724
Mtx2,0.470719537169955,0.0044148790926313,0.0226156724055395
Pank2,0.210832699348095,0.0044155685215983,0.0226156724055395
Ndufa10,-0.304337007072117,0.0044203466546927,0.0226329094774154
Wdfy4,1.97610439531418,0.0044222721854911,0.0226355344037551
Grpel2,0.366251626095162,0.0044269800339922,0.0226523944824625
Mrps18a,0.436450805541497,0.0044357691372787,0.0226901204815909
Clec4n,2.10431490569569,0.0044387698037966,0.0226982224789741
Atp6v0e2,0.752319139887805,0.0044473418644865,0.0227348002587551
Ubxn6,-0.331089592837992,0.0044550179132451,0.0227667757537803
Anapc11,0.259131865683581,0.0044600653963879,0.0227853022052078
Lhfpl1,1.61148758406145,0.0044694301446574,0.0228113221878166
Stk32a,-1.20021874801036,0.0044681055427149,0.0228113221878166
Wdr17,-0.963920665348516,0.0044670828175411,0.0228113221878166
Lrrn4,1.47996043864215,0.0044815182289197,0.0228657336132238
Celsr3,0.744615392795525,0.0044829715578451,0.0228658667074936
Sparc,0.470618450776768,0.0044918898939592,0.0228967763255238
Zfml,0.346606797625177,0.0044912513192748,0.0228967763255238
Raf1,0.472339109363495,0.0044995939168407,0.0229287513173361
Fundc1,0.387126004829778,0.0045115552794448,0.022975088090269
Rhobtb3,-0.975251935126083,0.0045107226973616,0.022975088090269
Birc5,-1.62021046144252,0.0045138373368652,0.022979405139472
Igfbp4,1.726624124986,0.0045219862978316,0.0230135776612329
B230118H07Rik,0.616100341106073,0.0045242171420565,0.0230176191911364
Nipal1,-0.940085849810814,0.0045340589817874,0.023045785689995
Sh3yl1,-0.422564483302572,0.0045340688156085,0.023045785689995
Tnfaip8l2,1.851144354377,0.0045330692549845,0.023045785689995
Sdf2l1,0.644773918106507,0.0045372223560736,0.023054500274867
Prkag2,-0.477274724668079,0.0045478724164723,0.0230939663975603
Tcf7l1,-0.757332666391169,0.0045474959262339,0.0230939663975603
Csf1r,2.03887584133341,0.0045603456390552,0.0231499675168895
Slc46a3,1.09773948896469,0.0045754934006155,0.0232195057875394
H2-L,1.30251150275506,0.0045824874991039,0.0232476352828195
Atp6v0b,0.749999005287302,0.0045847930635914,0.0232519688736306
Rhov,1.89206647016594,0.0045906549590209,0.0232743300944541
Asap3,-1.24960154559807,0.0045925115048533,0.0232755437399181
Gnptg,0.58633194778439,0.0045957453842999,0.0232755437399181
Prosc,0.304076666859275,0.0045944398499847,0.0232755437399181
Sgol2,-1.30244599015757,0.0045967055984708,0.0232755437399181
Gemin4,-0.436572479897837,0.004614047241231,0.0233559718331002
Lpar4,-0.960043399976436,0.0046247480197264,0.0234027441642569
Parp3,-0.490102834944076,0.0046465742266757,0.0234983477542839
Spata24,-0.959893452070744,0.0046463068330615,0.0234983477542839
Ydjc,-0.66886375291973,0.0046600523476789,0.0235590718403798
Fyn,-0.576013710957392,0.0046655459011255,0.0235794040637012
Cpt1c,-0.502415559581978,0.0046686728153271,0.0235809657318962
Rnf149,0.814226669556272,0.0046687986581096,0.0235809657318962
Lrrn2,1.32131748501531,0.0046730191584947,0.0235916937594397
Neurl3,1.1023682648514,0.0046738677980439,0.0235916937594397
Npm1,-0.450852275393238,0.0046900623451329,0.0236659807342914
Fth1,1.42329473898804,0.0046944117105058,0.0236804691479894
Itprip,-0.609440710370003,0.004697881424998,0.0236905125306559
Cyp27a1,0.680749987505838,0.0047079251005619,0.023733690382663
Cd84,2.17958499558611,0.0047115253971025,0.0237369020084841
9030617O03Rik,-0.612331631060127,0.00471011489522,0.0237369020084841
Cd248,-0.60713527348132,0.0047176167006774,0.0237601185669771
Nadsyn1,-0.586145757301982,0.0047268011061337,0.023798893941348
Zc3h10,0.333710846489486,0.0047414005004448,0.023864900225456
Sbk2,2.02243031636998,0.0047461865561933,0.0238814870655697
Il10ra,2.10053679133287,0.0047518660918589,0.0239025578203051
Pianp,1.68671009272714,0.0047596670904247,0.0239342832566523
Pik3ap1,2.04393942709791,0.0047844940155149,0.0240515778545856
Ncam2,-1.0440216996238,0.0047895933412624,0.0240696596362501
AI593442,-1.54233519669955,0.0047946649867038,0.0240875910166142
Kcna5,-2.3223076582866,0.0047985441294428,0.0240995220996251
Fanca,-1.52207312984893,0.0048005252120631,0.0241019161461813
Figf,-1.54011437072804,0.0048047665174354,0.0241156529999477
Ccdc61,-0.497357965500258,0.0048073729774284,0.0241182745621514
Isoc2b,-0.470777698400492,0.0048082996661576,0.0241182745621514
Pip5k1a,0.288055153234957,0.0048114184964629,0.0241196814362083
Lrrc4,0.984110964497489,0.0048115911534936,0.0241196814362083
Chrna2,1.26910600541431,0.0048206349999331,0.0241499041069195
Cyp26b1,-1.08566102735893,0.0048200399609796,0.0241499041069195
Pik3c2b,-1.21305770981626,0.0048411876319955,0.0242452851054084
Gna15,1.36683741694235,0.0048523531997109,0.0242919284481285
Itgb2,2.00198261548205,0.0048535336722089,0.0242919284481285
Ms4a7,2.49984910075279,0.0048619110409442,0.0243262575849368
Evi2a,2.03864850544959,0.0048745153638576,0.024378890940754
Tgfb1,0.929630573050866,0.0048754738514559,0.024378890940754
Mvk,-0.673858783359697,0.0048775886053053,0.0243818555524482
Tox2,1.78306212287679,0.0048807872971318,0.0243902349617434
Ctps,-0.579473206624579,0.004884932919532,0.0243925334900892
Fcgr2b,2.58175500091564,0.0048858148660942,0.0243925334900892
Naip1,2.02938840632897,0.0048832574157862,0.0243925334900892
Nrn1l,2.06505378129042,0.0048915843057581,0.0244137296456547
Klhl29,-0.745590319428042,0.0049009615751633,0.0244508180211526
Cbl,0.536336668901834,0.0049020677538195,0.0244508180211526
Sntb2,0.408606012832153,0.004904563905011,0.0244556546287527
Rhbdl1,0.90929578134464,0.0049093495868412,0.0244719009741084
Lyz2,2.41912722988673,0.0049200349125601,0.0245175363403192
Edn2,3.43066184509144,0.0049254721776799,0.0245369993030505
2610203C22Rik,1.26901818709058,0.0049292308813826,0.024540462383664
Cers4,-0.764081242097959,0.0049290273394378,0.024540462383664
Rnf181,0.564719575270835,0.0049346974277322,0.0245600458184833
4930506M07Rik,1.54637469913902,0.0049400414986771,0.0245629667121833
AU022793,1.73914460105519,0.0049402691645486,0.0245629667121833
Rpl3,-0.405052389778555,0.0049414169972765,0.0245629667121833
Slc29a4,-1.25049449145877,0.0049381853447703,0.0245629667121833
Tlr4,1.11613418264724,0.0049547778281958,0.0246217418069248
Cenpe,-2.02810264729647,0.0049593528351829,0.0246368346581291
Mastl,-1.29454940292656,0.0049645303918713,0.0246510983044406
S100a4,-0.708268474129825,0.0049653014311484,0.0246510983044406
C77370,-0.91399968193901,0.0049705246392441,0.0246693851441546
Iqsec1,0.448933333203868,0.0049754532953093,0.0246861992084704
Mapkapk3,0.421044946150156,0.0049952128691171,0.0247765651319275
Tmod1,1.33714244287483,0.0049991471227387,0.024788404844753
Kctd1,0.562712531622817,0.0050009443039367,0.0247896437788892
Hk3,1.98968634337139,0.0050362649341409,0.0249570060346032
Eif3i,-0.235371104638773,0.0050460485966759,0.0249967419521449
Park2,1.50966522656311,0.0050489642941851,0.0249967419521449
Tmem65,0.481159604503609,0.0050477489319064,0.0249967419521449
Pgd,0.735755204802925,0.0050578009282723,0.0250327552276338
Myl6b,-0.791017249647618,0.0050616384929515,0.0250440118269229
Pih1d1,-0.358958687224628,0.0050711490215544,0.0250833215419337
Cenpi,-1.48650253996053,0.0050741050760493,0.0250850473466338
Spred3,0.34084783119013,0.0050746294519967,0.0250850473466338
Fcer1g,2.09431717320981,0.0050814932824402,0.0251112288334286
Letm1,0.270511756829291,0.0050924643299785,0.0251576845607729
Foxj3,0.199838525365714,0.0051069336466739,0.0252213883949951
Stk32b,-2.5431578853609,0.0051114904890778,0.0252361137520853
Cd53,2.0789712890097,0.005116999423976,0.0252555291964019
Cpt2,-0.411346743926182,0.0051241868273211,0.0252754301602562
Tgif2,-0.719002322433295,0.005123424433911,0.0252754301602562
Ccsap,-0.76681863121196,0.0051301857928486,0.0252972319443608
Rad18,-0.744125967227399,0.0051405741648445,0.0253406580599922
Ndst4,-1.29331773283726,0.0051485071097295,0.0253719570608975
Gm19510,2.30886111224325,0.0051629117899689,0.0254351198607298
Gm960,-1.59340630099704,0.0051710366896975,0.0254673159562387
Zfp207,0.333454380340174,0.0051790938650313,0.0254991588234994
Mbd3,-0.293019245600019,0.005187416571333,0.0255322890597011
Cystm1,1.18837675419197,0.0051928525006355,0.0255355094882388
Il10,2.724260975043,0.0051918858758588,0.0255355094882388
Rraga,0.194230106634915,0.0051905213349944,0.0255355094882388
Serinc3,0.487242561693688,0.0052030655303913,0.025577880596011
Irx1,-1.28566004073979,0.0052068663006984,0.0255887131912547
St3gal1,0.673426133351452,0.0052130270173808,0.0256111333472736
Mpnd,-0.360951637849162,0.0052199193979092,0.0256371332538027
Cd48,2.05944778582307,0.0052227562872461,0.0256432051725315
Gpr108,0.236392981737104,0.0052275204204064,0.025650874320163
Mapkbp1,-0.700729077550739,0.0052271815373985,0.025650874320163
Rpl31,-0.470491453615238,0.0052293032427608,0.0256517658457659
Trhde,-1.46144599891915,0.0052316376758565,0.0256553618625337
Luzp1,-0.437180217591651,0.0052406774095471,0.0256877825066718
Oasl2,1.39060576055856,0.00524145565285,0.0256877825066718
Chka,0.367836650601108,0.0052448532396667,0.0256942204493718
Slitrk4,1.54554930081405,0.0052459768485047,0.0256942204493718
Cdca2,-1.72477055854409,0.0052544527987434,0.0257225724434673
Pcsk1,2.07544341037937,0.0052549765687203,0.0257225724434673
0610030E20Rik,0.37686748838049,0.0052581333797412,0.0257301633710552
AI854703,-1.06649191565208,0.0052620200023774,0.0257413198345309
Clec4a3,2.03550968260151,0.0052708965612858,0.0257768723468743
Fam132a,-0.513481836062102,0.0052756239312939,0.0257921180968141
Fam134a,0.313216976240407,0.0052922940514918,0.0258657239167027
Nab1,0.499754246761058,0.0053013007834279,0.0258939450766158
Sdhd,0.205372418991027,0.0053009911464811,0.0258939450766158
Cit,-1.2462805140556,0.0053058198099932,0.0259002252211768
Jph4,-0.998676367190538,0.0053048139281996,0.0259002252211768
Siah1b,-0.640519548051053,0.0053101597421005,0.0259135148425808
Fgf13,-0.86937625469304,0.0053128325802142,0.0259186634493338
Hoxa4,-0.998808954836886,0.0053205492180521,0.0259484076171732
Larp1b,-0.551485910910189,0.0053262316688466,0.0259682159362725
Sox8,-1.17069604188716,0.0053388402378851,0.0260217704445263
Sirt7,0.416801891551185,0.0053427265004399,0.0260327923550938
Cd180,2.10004242012151,0.0053497255415838,0.0260442682234694
Sgip1,-0.966196703240176,0.0053499585995529,0.0260442682234694
Ubap1,0.595664088390165,0.0053470934400618,0.0260442682234694
Fam171a2,-0.75170725314722,0.0053572565171483,0.0260718732263771
Afg3l2,0.399833363940458,0.0053893542122154,0.0262201165605536
Rpl23a,-0.976394447024417,0.005396750255685,0.0262402289518892
Tmem206,0.693900103327954,0.0053967638971646,0.0262402289518892
Plxdc1,1.49305765456438,0.0053996436484543,0.0262462654404998
Ampd2,-0.346024928610351,0.0054162670397756,0.0263190822700169
Fmn1,0.333402118977442,0.0054266885746565,0.0263617276090274
Cdc37,-0.27697520248728,0.0054362726804426,0.026400280270801
Dazap1,-0.497677303683076,0.0054409778506945,0.0264151230745388
Atg3,0.254232062719378,0.0054446683995605,0.0264170298090127
Rab26os,-0.885806216971483,0.0054432859138845,0.0264170298090127
Rnf5,0.445946503296289,0.0054466010097094,0.0264184059269012
Dnm3,-0.5536611126294,0.0054589308967729,0.0264701973054478
Gpr98,-0.989596741906565,0.0054665971076893,0.0264993501550047
Hivep3,1.37703027394907,0.0054751591321955,0.0265328265144902
Zfhx3,-0.442932094030255,0.005483769075424,0.0265665147739244
C130050O18Rik,1.50164542608999,0.0055009551999397,0.0266417180345329
Polq,-1.05291940990179,0.005510011792331,0.0266775155409293
Lrp2,0.977622250630586,0.005515231942525,0.0266947223417506
Mfsd6,0.718806045065798,0.0055449270051062,0.0268303459827266
E2f7,-1.62654006826296,0.0055715332025775,0.0269428111797449
Lins,-0.343010814106204,0.0055703986116584,0.0269428111797449
Gjb4,0.706450246578305,0.0055758652493184,0.0269556237656399
Card9,1.8891319241309,0.0055871199113025,0.0270018847960719
Slc35a5,0.477100875729282,0.0056010783935298,0.0270611812251936
Necap2,0.550837947850546,0.0056265468918077,0.0271760348970912
Ngdn,-0.327882066717232,0.0056315892019045,0.027192191260914
Ik,0.327323391004929,0.0056347371523082,0.0271991937080837
Rps6ka6,-1.3058321693153,0.0056383599865761,0.0272084835376313
Sfr1,-0.305927633372563,0.0056401529090198,0.0272089400046392
Knstrn,-1.61525516257448,0.0056435478709143,0.0272171223479588
Map3k12,-0.537478570606033,0.0056580417439869,0.0272788103461975
Cysltr1,1.91902687404355,0.0056615262671286,0.0272868832146357
Ephb2,-1.2161774029393,0.0056631225696687,0.0272868832146357
Aim1,1.80170248274046,0.0056654405657954,0.0272898446496117
Spred2,0.399448483537026,0.0056681870594176,0.0272948677123325
Tet1,-1.33730980152012,0.0056772924350573,0.0273304994297036
Cnst,-0.475590336113442,0.0056800433122931,0.0273355283587409
Sec14l5,-1.33009891228235,0.005716018144632,0.027492376676081
Slc32a1,2.75025264644683,0.0057160668315352,0.027492376676081
Alg3,-0.355149268145201,0.0057272559065567,0.0275379252337771
Pkhd1l1,1.49802568744869,0.0057339195327084,0.0275616936194185
Efcab14,0.246215957078346,0.0057381947459896,0.0275739706135272
M6pr,0.549941200570069,0.0057411572233366,0.0275799339955253
Stx7,0.6323691665646,0.0057524197578018,0.0276257544783401
Zfp773,1.07823268850246,0.005758869042143,0.0276484389943581
Phc1,-0.609206560949448,0.0057701146544599,0.0276901646783747
1700071M16Rik,2.02260506903052,0.0057710167817922,0.0276901646783747
Cd93,2.07484773133431,0.0057802876577535,0.0277263438816975
B4galt4,0.733000156611956,0.0057864713932648,0.0277393950303697
Lilra5,2.52678873917482,0.0057854004828059,0.0277393950303697
I830077J02Rik,1.89709877981924,0.0057909514177554,0.0277525673538318
Robo2,0.864839203859764,0.0058077747976175,0.0278248684308108
Abr,1.04397512012327,0.0058104888474499,0.0278295491255592
Megf6,2.62997863152481,0.0058203648507533,0.0278685192091811
Rpl18a,-0.451106794553315,0.0058307826937957,0.0279100596167619
Pak1ip1,0.370605950638177,0.0058481282937485,0.0279847262228631
Gcnt1,0.902459371372686,0.005864770725328,0.028055984410415
Cd200r4,2.18597376969156,0.0058777197788217,0.0281095368885085
4931428F04Rik,-0.819426329299875,0.0058885522643715,0.0281529381759166
Nipsnap1,-0.631195066585288,0.0058982399135482,0.0281827113805435
Apobec1,1.51242432274021,0.0058982979376419,0.0281827113805435
Yars,-0.28714707581249,0.0059000623478933,0.0281827366951697
Aspm,-1.67583306263046,0.0059146032319434,0.0282437729892595
Slc16a1,1.05954413123607,0.0059164028266825,0.0282439480590824
Ap3m2,0.450524059189735,0.0059675777731555,0.0284797627356943
Raph1,0.430713173047051,0.0059860765746091,0.0285595392500933
Suv39h1,-0.584391815444389,0.0059990171960053,0.0286127581117005
Apcdd1,-0.848213946402289,0.0060045508990357,0.0286306279623366
Prnp,0.794640415384641,0.0060069941504335,0.0286337558119893
Bdp1,0.394010389943028,0.0060173773975031,0.0286747184073166
Ctla2a,1.30374681272346,0.0060204874850148,0.0286810080277797
Poldip2,-0.330898675215252,0.0060249582805792,0.0286937742607491
Ackr4,1.04637301801974,0.0060336180060223,0.0287264766937545
Lxn,-0.569364376874114,0.0060396012921525,0.0287464207669564
Zfp511,-0.273377012559642,0.0060477295497188,0.0287765592860248
Mylk,-1.36772091134983,0.0060522723759197,0.0287896246242904
Cmas,0.542063085354377,0.00606339657233,0.0288254232894065
Igf2bp2,-0.522868107320548,0.0060629343307117,0.0288254232894065
2410002F23Rik,-0.44329200424924,0.006073496212153,0.0288648717932079
Nlrp3,1.80776504109055,0.0060954539606539,0.0289520509646122
Sigmar1,-0.295310569758399,0.0060941957065257,0.0289520509646122
Gm5082,-2.06049589137624,0.0061401673662155,0.0291557858251746
Il18rap,1.17277834852757,0.0061688747360019,0.0292834198949589
Fam102a,0.523804660525009,0.006173431470839,0.0292963701404953
4833424O15Rik,1.47016669108257,0.0061780478106682,0.0293095954914763
Clasp2,0.243826892287793,0.006190350574114,0.0293519963505675
Pcdhga3,-0.820515618753543,0.0061906495018143,0.0293519963505675
Rffl,0.655776159309767,0.006210570473017,0.0294290297391912
Znf41-ps,0.906523747003445,0.0062101979027007,0.0294290297391912
Rtel1,-0.677766613367754,0.0062223024273853,0.0294759039589417
Epsti1,2.10752386874535,0.0062258487637648,0.0294839855289025
Sorl1,1.39826749219682,0.0062318087331357,0.0295034892770592
Pm20d2,1.06002019022503,0.0062382818268022,0.0295254100877989
Sp100,1.37221217618403,0.0062437106573824,0.0295336546920356
Shc1,-0.460026738463791,0.0062429118962696,0.0295336546920356
6-Sep,-0.726925122718344,0.0062506044720174,0.0295575366724294
Btbd2,-0.446597902667475,0.006288191104811,0.0297265003511884
Mr1,0.58651103744744,0.0062922469847687,0.029735564615435
Trappc3,0.356206838801145,0.0062938205861644,0.029735564615435
Erap1,0.872945245802576,0.0063227917484733,0.0298636340219022
Spg11,0.23875886736343,0.0063313875697616,0.0298954200575157
Cald1,-0.625694184076585,0.0063507972275754,0.0299782328765426
Pla2g7,1.79197987806405,0.0063551337517729,0.0299898668150676
Recql4,-0.878479889655761,0.00636905775287,0.0300467238688842
Bcs1l,-0.450804922952082,0.0063924296583098,0.0301416321304498
Tmem144,-0.361968291297972,0.0063929383920646,0.0301416321304498
Dusp14,-0.769504532049767,0.0064244276530057,0.0302678338741289
Gga3,0.506371085427404,0.006425373135629,0.0302678338741289
Prmt1,-0.470578096522822,0.0064220889213,0.0302678338741289
Fn3krp,-0.445492239895735,0.0064369199797408,0.0303133142255814
Aim2,2.11049061556766,0.0064477018449778,0.030355166399762
Lats2,0.45866324837236,0.0064553460572649,0.0303822265521273
Tpgs2,-0.386641415557731,0.0064643318335168,0.030415583055734
Cat,1.10520537115312,0.0064680581686601,0.0304192392823028
Hectd3,0.328843162798207,0.0064689063251236,0.0304192392823028
Anks1b,-0.598420281347808,0.0064872193720221,0.0304964030396616
Cd300lf,1.71365328284012,0.0064981138219464,0.0305207509649383
Chaf1a,-0.749047876244185,0.0064980595273113,0.0305207509649383
Fam46c,1.1663991918586,0.0064978363590768,0.0305207509649383
Litaf,0.720870166016886,0.0065067017594826,0.0305435421953243
Ogfod1,0.21892807558866,0.0065067791968442,0.0305435421953243
Dkkl1,1.96332947809018,0.0065104862018668,0.030551991634478
Traip,-0.960687869864978,0.0065137337613246,0.030558280699907
Ptgds,1.82345997643557,0.0065264023740145,0.0306087507125546
Ppp3cc,0.426527349129474,0.0065292429587515,0.0306131113380621
Casp1,2.01929928327942,0.0065360378170365,0.0306360040569758
Slc35f6,0.41647667264104,0.0065456566704754,0.0306721162672382
Cd109,-0.656646369578813,0.006558895081575,0.0307251631876939
Hnmt,1.34567640676102,0.0065875726345541,0.0308280650809605
Nme5,1.33806992316801,0.0065885584443673,0.0308280650809605
Pdgfa,-0.430756582061004,0.0065855938401757,0.0308280650809605
Sat1,0.768552741109564,0.0065869378373751,0.0308280650809605
Cd200,1.18467914973734,0.0065929692252084,0.0308324345646362
Fech,0.317116688661315,0.0065933412907086,0.0308324345646362
Mfge8,-0.574159472973145,0.0065966347890875,0.0308388345363207
2410016O06Rik,0.405919518945105,0.0066164584466878,0.0309119098883125
Naca,-0.273504500248347,0.0066199839477435,0.0309119098883125
Pds5a,0.244935915757751,0.0066180476957341,0.0309119098883125
Rab14,0.40819869800621,0.0066184878188171,0.0309119098883125
Abcb7,0.734877381173007,0.006622051797491,0.0309125558996515
Ippk,0.414435132223401,0.0066240508200204,0.0309128803342696
Chrna1,1.6800577415014,0.0066281608010594,0.0309159242596357
Ptprz1,-1.52644018494485,0.0066285625012077,0.0309159242596357
Sec16b,-1.01056989133208,0.0066437319474944,0.0309776570229362
Swt1,0.456690273648886,0.0066463422261805,0.0309808114069359
Coq5,0.351662663596513,0.0066601074209695,0.0310275130326987
Mitf,1.32676177165072,0.006660234524652,0.0310275130326987
Klhl24,0.313211824085571,0.0066679343268046,0.0310543534446912
Zfp287,-0.375422732539973,0.0066710559383724,0.031059862594788
Fabp5,1.40344479978975,0.0066796689705232,0.0310909286974878
Cyth4,1.68322986154706,0.0066941706252606,0.031149377748272
Gp49a,1.89107939577972,0.0067005840272116,0.0311701674506266
Kynu,2.57360812690163,0.0067039910466342,0.0311769638775406
Ube2o,-0.364715013552315,0.0067073706038591,0.0311836286838151
Ebp,0.320833888396602,0.0067095842710972,0.0311848707882939
Pcdhga10,-0.878512534076906,0.0067737176152965,0.0314738195808194
Nlgn2,-0.484698136255301,0.0067788290271771,0.0314884371830692
Gm14461,2.14463318709871,0.00678267057518,0.0314971493579592
9230114K14Rik,-0.471179156110444,0.0067938075690253,0.031539725025603
4933433G15Rik,-1.54374518100728,0.0068116900647713,0.0316135824240157
Obscn,1.26035311414204,0.0068216011358619,0.0316504117572096
Fh1,-0.348441589265991,0.0068344277272324,0.0317007430856954
AI607873,2.35488940073246,0.0068380980347024,0.031708587153102
Anxa10,2.33151499120936,0.0068620949519529,0.0318053568658466
Ldlrad3,0.463659431765012,0.0068629373126041,0.0318053568658466
Rrp36,0.236055673768849,0.0068866072430669,0.0318965986242196
Spag4,-1.06304711163904,0.0068855067516581,0.0318965986242196
Gpr65,2.07455494213152,0.0068917200020851,0.0319110538015626
Neurl2,0.490857602697093,0.0068959670677774,0.0319214933235662
Ccl5,1.98389732052928,0.0069141289987304,0.0319963202451361
Mdfi,-0.982194369089342,0.0069328946308011,0.0320738968755604
Klrg2,-0.758258275670133,0.0069388603381219,0.032092229063814
Exoc3,0.380251871925703,0.0069562327556182,0.0321632914798728
Psmd1,0.277376515673253,0.0069616280143606,0.0321789504956928
Caprin2,-0.660465333250402,0.0069712293713464,0.0322140368498244
Adamts5,-0.505568216394455,0.0069804020258588,0.0322471225075794
B430319G15Rik,-0.637699030282206,0.0069854744819804,0.0322612530054218
Pcx,0.506287285572847,0.0069914354660715,0.0322701779319884
Tmem214,0.247517062010366,0.0069905463239689,0.0322701779319884
Zfp874b,0.549977724573595,0.0069953556975275,0.0322789728197261
Cib1,0.443190686545434,0.0070018977107289,0.0322910088404385
Ppfia3,-0.984226961609777,0.0070019951758119,0.0322910088404385
Gstp2,1.16168244915845,0.0070228723826226,0.0323779678969777
Ick,-0.427688004665457,0.0070352609664825,0.0324257525730774
Gm15328,1.2334932686157,0.0070390449669471,0.0324292306285064
Trp53i13,-0.450912508164412,0.0070400639239713,0.0324292306285064
Serpinb6c,2.49607429821434,0.0070425007881578,0.0324311311086742
Trank1,-1.1774220041274,0.0070475033989847,0.0324355219635549
AV051173,1.45784477210718,0.0070457185559267,0.0324355219635549
Podxl2,0.756576709565077,0.0070590893183957,0.0324795146381442
Zbed3,-0.660768281841532,0.0070612057843451,0.0324799247404517
Tmem184a,2.0194569382354,0.0070854250467805,0.0325819732131086
Dppa3,1.68931586814795,0.0070882420654166,0.0325855742123503
Hic1,-0.898077980689743,0.00710025622463,0.0326314414729772
Cadm2,1.27751062385433,0.0071190958222581,0.0326992643831416
Tal1,2.09023465675641,0.0071183648053017,0.0326992643831416
Thyn1,-0.393262087795884,0.0071229046712769,0.0327073819829546
Cdk1,-0.935684144474309,0.0071388611316273,0.0327712590801725
Lrch2,-1.18261116700467,0.0071495146237528,0.0328107630441547
Gm14005,-1.07882923009596,0.0071555510880317,0.0328196633213157
Prrc2b,-0.278090869883504,0.007153504286684,0.0328196633213157
Itgal,2.79700636427882,0.0071581568779293,0.0328222184720396
Fcgr4,1.74583079618753,0.007178370494376,0.032905486034449
Fbxo21,-0.46640602031598,0.0071822936794862,0.0329140523567075
Iqgap2,1.94194700583555,0.0072046370469348,0.033002885013823
Tcf3,-0.559073935912797,0.0072057981261065,0.033002885013823
Itgb5,-0.538485840321592,0.0072291153440213,0.0331002163265409
Snapc5,0.507766507438909,0.0072345765279335,0.0331157573011495
Rac3,-0.588365758705733,0.007237853059705,0.0331212921649627
1700113A16Rik,0.573271706254063,0.0072429642365329,0.0331352170284109
Zfp940,-0.639352262032704,0.0072473257211086,0.0331457052177795
Yipf2,0.339196791579173,0.0072585780933919,0.0331876939595414
Alad,0.868695185994157,0.0072641720122203,0.0332037945243316
Smyd2,-0.360373437256373,0.0072695836581212,0.0332190529910897
Rbp1,0.986457787527541,0.0072785418784931,0.0332505045438661
Wrn,-0.429026238338832,0.0072987834897282,0.0333334692955919
Ptpre,1.29431496605626,0.007304920335489,0.033351988798766
Pole2,-1.23879932531305,0.0073370571823965,0.0334891718288246
Armc2,1.28382265210123,0.0073422740419149,0.0335034384578524
St6galnac2,-1.58295929161937,0.0073468035699887,0.0335145615019334
Ugt1a7c,1.115465059148,0.0073631667683757,0.0335796455440216
Csf2rb2,2.01152950424231,0.007367801348472,0.0335912195230138
Ccdc40,0.767376053731575,0.007380969003165,0.0336321116040122
Kcns3,-1.81637200243214,0.0073797125185177,0.0336321116040122
Ormdl1,0.444114898938444,0.0073864655325951,0.0336475872327855
Cnr2,1.79219841084141,0.0073969569561222,0.0336762283018
Nfam1,2.20010559623641,0.0073949671590222,0.0336762283018
Fuca1,0.570668041405462,0.0073998097089856,0.0336796452692213
Ak2,-0.358745937008842,0.0074098068188535,0.0337120721460668
Mctp1,1.96495392722866,0.0074111427562853,0.0337120721460668
Cage1,-0.546940451491787,0.0074276910868109,0.0337777572812373
Stom,0.807021115255909,0.0074747512669185,0.0339677314064051
Mus81,-0.436690727346592,0.0074801927733115,0.0339677314064051
Gprin3,-2.02246298759905,0.0074736063947056,0.0339677314064051
Fastkd2,0.3372651225116,0.0074771521906948,0.0339677314064051
Bahd1,0.465548080609475,0.0074861138471134,0.0339677314064051
Arpc3,0.537146293874166,0.0074864277882789,0.0339677314064051
Arl6ip5,0.499684881017393,0.0074858821217816,0.0339677314064051
AF251705,2.02319274910279,0.0074820654946338,0.0339677314064051
Arhgef6,1.18918314296214,0.0074935215228312,0.0339902911430575
Grb14,-0.617236706646402,0.007500263104299,0.0340112412097296
Naga,0.354545593881104,0.0075099025042517,0.0340453163612388
Pecr,-0.51266796735014,0.007514487415339,0.0340564647471419
Angpt4,1.06539075253422,0.0075217466621826,0.0340797237768181
Ufsp1,-0.630683394753335,0.0075285678129248,0.0341009852787302
Txnrd2,0.403824179077166,0.0075404128500639,0.0341449842484101
Mlycd,0.428802037260751,0.0075431584438419,0.034147765309068
Micall1,0.471145005591428,0.0075634559531757,0.0342299796118159
4930503L19Rik,-0.580428344685273,0.0075718214779421,0.0342581620723273
Tubb3,-0.951945110038978,0.0075780420217149,0.0342690454478461
Chek2,0.438402881743157,0.0075785049635927,0.0342690454478461
Fam65b,-0.824680077398095,0.0076150590654628,0.0344246222595315
C2cd2l,0.665128248400738,0.0076187715892172,0.0344316895996755
Rpl36al,-0.324298617638947,0.0076361794103184,0.034500628971436
Yod1,0.521630352553026,0.007648703009879,0.0345474685427889
Nos1ap,1.03414208924194,0.0076531372037939,0.0345577539859027
Ednra,-1.46110288459534,0.0076593276381454,0.0345759617049108
Lamtor4,0.339147018409229,0.0076629268899826,0.0345824652688485
Tax1bp1,0.354201116492753,0.0076675787056407,0.0345937140081865
Mbd5,0.321786879596851,0.007681076883868,0.0346266244732961
Spi1,2.04473439363982,0.0076813571798323,0.0346266244732961
Zfp811,-1.66090773471134,0.0076780479088672,0.0346266244732961
Acadm,-0.398963139540382,0.0076893566275604,0.0346451466289473
Ptprc,2.031079537573,0.0076897909876122,0.0346451466289473
Hgs,0.295334674004744,0.007692637174683,0.0346482260825407
Ncoa3,0.731566664712615,0.0076974087974955,0.0346599736775368
Chst5,-1.85936248745895,0.0077133627864558,0.034722052599553
Fez1,-0.629766819877362,0.0077156904925849,0.0347227745454224
Atg2a,0.333768465259229,0.0077178758219721,0.0347228555304173
Fam83b,1.41483114643421,0.0077237704456106,0.034739619963259
3010026O09Rik,-0.64435852899594,0.0077317115748347,0.0347655770812314
B3galt1,-0.604384320454604,0.0077522158952128,0.034828449483232
Gm10814,-1.23240626581054,0.0077517837168959,0.034828449483232
Orc1,-0.860162226545808,0.0077493848592372,0.034828449483232
Hsf2,0.307574168996873,0.0077563525578832,0.0348372650209835
Lamtor1,0.278679717855007,0.0077656741677915,0.0348693570185504
A730017C20Rik,1.88779624312229,0.0077788126562166,0.0349185647422941
Gbp9,1.71888939569202,0.0077832548935626,0.0349287189495148
D630041G03Rik,-1.38727222865472,0.007786778137944,0.0349347444827786
Ppapdc2,-0.522111055265464,0.0078081308997898,0.0350207349231616
Ncor2,-0.412200926441858,0.0078204132193144,0.0350660062095261
Ndc80,-1.64466006634202,0.0078357043058016,0.0351247394189278
Sh2d4b,1.90813328229963,0.0078480204180869,0.0351701077253627
Zfyve16,0.333164883473879,0.0078614563441702,0.0352106212160892
Hist1h3d,-0.767096750069058,0.0078608681531001,0.0352106212160892
Bmp2k,0.621389326474841,0.0078639923252243,0.0352121355624424
Iqck,0.845350514547822,0.0078689279376405,0.0352243907485159
U90926,-2.14615095572207,0.0078758349770935,0.0352454614994456
Kif21a,0.698084864417078,0.0079100882163605,0.0353888643714917
Ckap2l,-1.89680998771946,0.0079245766418113,0.0354437862586431
Hoxd4,2.16950985937969,0.0079314702723402,0.0354647181783877
Art4,-1.57740280110919,0.0079401954385919,0.0354839249990743
Dusp22,0.388279933926597,0.0079394403368996,0.0354839249990743
Slc41a1,-0.293621582295021,0.0079536009179448,0.035533920888565
Dram2,0.867187730820682,0.0079583476600591,0.0355353087686198
Rad9a,-0.571578979322155,0.0079582946910066,0.0355353087686198
Fcgr1,1.86765450746613,0.0079614271516388,0.0355391541923673
Prtg,-1.32666189066918,0.0079647941655297,0.0355442805921871
Hpgds,2.03620778728532,0.0079697296679254,0.0355564018406666
Sgca,1.45465599806567,0.0079755007741481,0.0355623428618502
Nelfe,-0.314236273516197,0.0079747023660673,0.0355623428618502
AK010878,0.549774668162349,0.0079853565530734,0.035596382119307
Dnajb9,0.515537188549791,0.0080021487090735,0.0356513972380607
Mycl,-1.32848118947646,0.0080010644611467,0.0356513972380607
Mir3061,1.74895680859051,0.008024264235079,0.0357399881318323
Armc9,0.380568564813328,0.008055206585965,0.0358678334390622
Gpr183,1.76957591739304,0.008088504028026,0.0360060914234523
Sdk2,-1.0351862979675,0.0081256340166051,0.036161328494453
Slc26a10,-1.30847044035983,0.0081323612608806,0.0361812162623075
Dhfr,-1.06742983380829,0.0081376838604859,0.0361948453994574
Cep104,0.267262493629505,0.0081419479592571,0.0362037602706798
Pex1,0.363999845826943,0.0081455510091753,0.0362097316087675
Dab2ip,-0.473543192821213,0.0081510230288985,0.0362240055328665
Stx12,0.274996517622248,0.00816812927852,0.0362899609459706
Cdkn3,-1.45528793892123,0.0081712607175563,0.0362938086930887
Parvg,1.85774573208055,0.0081801826585006,0.036323366511042
Slc38a9,0.463138410742762,0.008189280023905,0.0363536866896598
Dok6,0.86938102171215,0.00819683385071,0.0363771399230542
AI504432,1.60363610998423,0.0082079557266824,0.0364164106056989
P2ry12,2.07252283070865,0.0082329754762832,0.0365173034622185
D6Wsu163e,0.276817558749811,0.008254358601258,0.0366020147109757
Top3b,-0.389223118192479,0.0082825249099677,0.0367131362159928
Trim29,1.66612103669329,0.0082840014618821,0.0367131362159928
Zeb2os,1.19494242202184,0.0082980472972364,0.0367652145323629
Prim1,-1.45158178749255,0.0083124929327672,0.0368190349117677
Arhgef26,0.880713075452495,0.0083382084169658,0.0368921394775503
Atp6v1c1,0.57815058017506,0.0083355003415634,0.0368921394775503
Bcap29,0.560002020952603,0.0083336713252879,0.0368921394775503
Lonrf1,-0.445131482524311,0.0083359563808921,0.0368921394775503
Vti1a,0.308427437269046,0.008356568243462,0.0369631639504431
Pnrc1,0.388041488214982,0.0083671902905719,0.0369897228601692
Fxn,-0.629377184047985,0.0083654968410862,0.0369897228601692
Npr2,-0.363058009768047,0.0083971027404719,0.0371117194496828
Katnbl1,0.682122847013739,0.0084022884092744,0.0371141611814133
Tceb1,-0.305224486415045,0.0084020336175911,0.0371141611814133
AI115009,-1.70285462621435,0.008433316266156,0.0372409481532764
Lrrc8e,-1.03571775424831,0.0084502907383067,0.0373056235652832
Gxylt1,-0.390873243804947,0.0084579438752591,0.0373291236433958
Exog,-0.427734075887287,0.0084612715132026,0.0373335254511207
Tlr13,2.34617624791931,0.0084704425672155,0.0373637005422246
Slc16a10,1.20649329449766,0.0084868507571653,0.0374257737353555
Tm4sf5,2.29422589888245,0.0084919940777225,0.0374278506517724
Wasf3,-1.06067198792734,0.0084896653615792,0.0374278506517724
Slc40a1,1.463380371895,0.0085014084315611,0.0374590386364249
Tmem136,-0.544358921913878,0.0085066581450328,0.037471864212695
Zbtb7a,0.524694727067832,0.0085176916478757,0.0375101533509119
AA467197,1.64727786110415,0.0085212055878977,0.0375153159449599
Vwf,1.89647986306769,0.0085445821167377,0.0376078983769934
Frmd4a,-0.896637281185508,0.0085774067970281,0.037742003376871
Slc2a8,0.440026212233921,0.0085978402451943,0.0378215262405982
Ssh2,0.515981831862174,0.0086009808148661,0.0378249557054546
Cks2,-1.1170682511222,0.0086164419245901,0.0378379215806675
Gpr17,-1.18948709815237,0.0086167313115368,0.0378379215806675
Hcls1,1.70978485285036,0.0086163841144668,0.0378379215806675
Itfg2,-0.292402020116332,0.0086169473593523,0.0378379215806675
Mmab,-0.629862175145493,0.0086130483511913,0.0378379215806675
Rabl6,0.21095522043853,0.0086180997345893,0.0378379215806675
Camk2n1,-0.723805917745685,0.0086260728474451,0.0378568540979066
Shcbp1,-1.82184640624353,0.0086271377761348,0.0378568540979066
Cecr5,0.337490380214578,0.0086371639011746,0.0378904717581376
Rasd2,1.91714802696767,0.008656692411318,0.0379569103533027
Stxbp3a,0.600915931475119,0.0086570470277116,0.0379569103533027
Ptpn22,1.51789813509816,0.008688103280539,0.0380826546258594
Dnajc9,-0.503028033276097,0.0087055192161543,0.0381485567182738
1700003M02Rik,1.90730793920846,0.0087084554130664,0.0381499060578249
Ube2c,-1.97475920549478,0.0087105896235892,0.0381499060578249
BC023829,0.295488394504717,0.0087190903222549,0.0381503538379127
Ccdc117,0.399683300255398,0.0087225982216012,0.0381503538379127
Gdf11,-0.380713323160471,0.0087191581605851,0.0381503538379127
Gm5086,1.99743721505654,0.008719049059108,0.0381503538379127
Matk,1.05823120455579,0.0087214989925926,0.0381503538379127
C130074G19Rik,-0.8831883543777,0.0087499051176935,0.0382533047169102
Qk,0.462238213920208,0.0087509120396651,0.0382533047169102
Fstl4,1.39882956316338,0.0087620425127039,0.038291512028377
Lilrb4,1.80988149856431,0.0087855586360834,0.0383733464854669
Nudcd3,0.212486890333755,0.0087853012785466,0.0383733464854669
Metrnl,0.83926209233305,0.0087959013210337,0.0384080498948711
Dtl,-1.41724630665825,0.0088269558458286,0.0385331497564088
Sema5a,0.836397492052734,0.008831075503989,0.038540632157289
Cbs,-1.18392674086099,0.008871594574669,0.0386858510290617
Stk39,0.516672759565919,0.0088699378971961,0.0386858510290617
Tifab,2.21190012778175,0.0088705856082849,0.0386858510290617
Cpne1,-0.503415867565362,0.0088830828490099,0.0387043433026894
Cs,-0.309798242923385,0.0088828525075224,0.0387043433026894
Zfp54,-0.745737922022897,0.0088820752770819,0.0387043433026894
Gbp6,1.77701450525283,0.0088884612235371,0.0387129327217317
Kmt2d,0.262182681626064,0.0088898869910274,0.0387129327217317
Myh10,-0.734743171661507,0.0088924858814473,0.0387137272572465
Cdca3,-1.32494426025513,0.0088974989723844,0.0387250288064579
Smarca5-ps,1.10905375859405,0.0089047996984367,0.03874627810121
Pja1,-0.316534136845192,0.0089099849984711,0.0387562489786265
Rnf26,-0.391299900741433,0.008911929419965,0.0387562489786265
Dctn1,-0.310716535332831,0.0089230484778257,0.0387940731786284
Nfyb,-0.393506107531601,0.0089338120099533,0.038830331582057
Ttk,-1.54688616829487,0.0089488995596642,0.0388853593288256
Sarm1,-0.954748478751898,0.0089548924446833,0.0389008492018092
2610005L07Rik,-0.580159233401667,0.0089658484682179,0.0389378851475521
Zswim6,-0.500290730679793,0.0089690984091201,0.0389414432554236
Syt1,-1.42032876171185,0.0089772270853167,0.038966175869374
Sgpp1,0.503734296185305,0.0089925171056248,0.0390219708963205
Sprr2k,-1.93748904011618,0.0089977906381274,0.0390342821049118
Eid2b,-0.387404608918672,0.009004463041686,0.039042084544209
Map10,-0.494242511836234,0.009002722036211,0.039042084544209
Gjb5,0.923838684633155,0.0090086716905953,0.0390497643817715
Srebf2,-0.532649980053137,0.0090270564944423,0.039118872625767
Jade3,-0.433971971384124,0.0090337695907792,0.0391373776673539
Slc25a45,1.26433755910849,0.0090389323975145,0.0391491581347881
Hexim2,-0.681585709160727,0.0090489514480712,0.0391607917745945
Prpf38b,0.524785727873607,0.0090479711689818,0.0391607917745945
Efcab11,-1.15119532089597,0.0090445239490992,0.0391607917745945
Ak4,-0.458171065390814,0.0090951737244259,0.0393501966619034
Id3,-0.550681197056668,0.0091137678653335,0.0394182888222253
Zfp503,-0.555955970091491,0.0091158329746173,0.0394182888222253
Tceal8,-0.398945410005208,0.0091263866721426,0.0394532760049641
Abt1,0.275700725126974,0.0091302707665268,0.0394594194633197
Cenpa,-1.36741542509461,0.0091453143822531,0.0395137760836239
Med17,0.278152097816538,0.0091576278631234,0.039556310594527
Plekho2,0.49527416883888,0.0091730925591911,0.0396124301592457
Milr1,1.84177684169982,0.0091798057668043,0.0396307378577127
Ralgds,-0.692443283078027,0.0091994762372663,0.0396942657681778
Tnni3k,-1.25240005240249,0.0091989504475388,0.0396942657681778
Havcr2,1.53610356691889,0.009215218281319,0.0397300893662576
Abcb8,0.299067300197271,0.0092142906187554,0.0397300893662576
Nthl1,-0.452959288526582,0.0092141099070867,0.0397300893662576
Lmna,-0.325632343825997,0.0092250534034781,0.0397617919228206
Atp6v1d,0.419328232532412,0.0092470851084418,0.0397909560241072
Dnajb2,-0.289842549513853,0.0092455718992083,0.0397909560241072
Gm10677,2.23485762864485,0.0092472337047951,0.0397909560241072
Hoga1,-0.642623318951508,0.0092387661065634,0.0397909560241072
Pld4,1.91484846940288,0.0092419522718119,0.0397909560241072
Slc41a3,-0.546935467907299,0.0092415124816428,0.0397909560241072
Thbd,-0.801534979786119,0.0092492054324808,0.0397909560241072
Fbxo7,0.415313890842765,0.0092618224281991,0.0398284685101864
Rgs18,2.04880106390933,0.0092628970519289,0.0398284685101864
Ssr4,-0.273292059778856,0.009274255547301,0.0398384549233954
Prelid1,-0.326108217191482,0.0092785506110513,0.0398384549233954
Treml4,2.44411832207355,0.0092738185598607,0.0398384549233954
D5Ertd605e,-1.08977552187703,0.0092751797936235,0.0398384549233954
6430548M08Rik,0.560179677780875,0.0092696664863117,0.0398384549233954
Pex6,0.297889223499041,0.0092801394278828,0.0398384549233954
Prdm4,-0.282861066266389,0.0092827383346356,0.0398389367423514
Kcnj2,1.42554039435721,0.0092854620045474,0.0398399536086915
2410004P03Rik,-1.74175249560473,0.0092884766609294,0.03984221809498
Otulin,0.573814587007895,0.0092957933053614,0.0398629294821186
Ccdc171,0.893942779987699,0.0093145030415049,0.0399324734353626
Hlf,-1.68692943375859,0.0093235702744665,0.0399606525862035
Eif3f,-0.228992768915875,0.0093272379907577,0.0399656806231427
Mcoln3,1.80783041632026,0.0093340209052667,0.0399840505142455
Clec7a,2.02645657763506,0.0093458234591897,0.0400159522681089
Tmem176b,0.749661648935312,0.0093464636032247,0.0400159522681089
Bcl9l,-0.426277745159151,0.0093607516305956,0.0400664178129235
A530013C23Rik,0.849452508609636,0.0093653585240037,0.0400754297310534
Casp4,1.41914301474303,0.0093726438341556,0.0400851913686619
Mmp17,-1.38750787951632,0.009371831211692,0.0400851913686619
Tesk1,0.389582750157465,0.0093840606605306,0.0401233082045268
Tulp4,0.30272344075649,0.009415407796475,0.0402465977340785
Arpc1a,0.357518554942349,0.0094208412133434,0.0402590816428315
Lmln,0.542588374496138,0.0094250978575261,0.0402665314067803
Amigo2,1.1151143351714,0.0094350057238308,0.0402901754924286
Blmh,-0.406012693585098,0.0094356618468005,0.0402901754924286
Iqgap3,-1.8654937653887,0.0094390719400745,0.0402939972160764
Tomt,0.582038553887434,0.0094453643437653,0.0403101177814236
Ccr5,2.2504575290091,0.0094614034842941,0.0403678149725371
Ppp1r7,-0.2756271931832,0.0094668447113617,0.0403802766562103
Scml4,-1.24333936644216,0.0094787096087284,0.040420124205866
Abhd14a,-0.407240585075372,0.0095067702443492,0.04052899576496
Mns1,-1.22977631970534,0.0095156273127232,0.0405451769088134
Padi1,1.9334545394149,0.0095141290468254,0.0405451769088134
Gpatch4,-0.439200613901135,0.0095294126344568,0.0405931188026146
Ccl8,1.42492286173294,0.0095327397519466,0.0405964974922747
Rnasek,0.63720750513387,0.0095904649785512,0.0408021041684354
Mpc2,-0.371688711898573,0.0095923729215399,0.0408021041684354
Rhox5,-1.76139638079024,0.0095918342688755,0.0408021041684354
Capn10,-0.279271774836873,0.0095877368321972,0.0408021041684354
Fam105a,1.37994791995384,0.0095937535985579,0.0408021041684354
A530046M15Rik,-1.70034645894182,0.009598207612038,0.0408102134162584
Ncapg,-1.68905460867663,0.0096007712924022,0.040810283065953
Rassf1,-0.333209150647582,0.00960715319187,0.0408265785907028
Sdcbp,0.814756900916528,0.0096264086006998,0.0408975582582372
Foxk1,-0.309463191351863,0.0096415878720261,0.040951187512654
4930581F22Rik,-0.79891445880581,0.0096507025649462,0.0409681785355072
Cldn11,1.59432671877888,0.00965004551823,0.0409681785355072
Zfr,0.244391139612989,0.0096601396012197,0.040997376569839
Adamts2,-1.31058200156496,0.009667874221665,0.0410084757493501
Tcirg1,1.15119818356183,0.0096662665015182,0.0410084757493501
Tlr1,2.13448467006782,0.0096994510743198,0.0411315261147905
1-Mar,1.85535852741929,0.0097062442006528,0.0411494412116059
Mir6236,3.26791935215657,0.0097110532391664,0.041158937551504
Fam136a,-0.392938990188734,0.0097161405168756,0.0411696078341352
6030419C18Rik,0.654869352124308,0.0097281165986637,0.0412094542641968
Yap1,-0.331528206725731,0.0097413922684962,0.0412547833818603
A630007B06Rik,-0.272740417138989,0.009749326899157,0.0412774752249987
Elavl4,-1.47428016906493,0.0097608015169737,0.0413151389969447
Adam8,1.92044353512862,0.0097648270170503,0.041321260866393
Dhx35,-0.433784078728347,0.0097692806486509,0.0413217508002014
Gpcpd1,0.613979298266229,0.0097701012440648,0.0413217508002014
Ifi202b,2.39058165182324,0.0097775707131486,0.0413424281856305
Glyctk,-0.63879903130945,0.0098107089415341,0.041471601042828
4930473A02Rik,1.32914257954077,0.009824942759645,0.0415145712426827
Arsj,-1.36158889535435,0.0098303234682565,0.0415145712426827
Itpripl1,-0.783477517397214,0.0098279304987509,0.0415145712426827
Magi2,0.438875197438839,0.0098338304641396,0.0415145712426827
Psmd9,0.345909911633716,0.0098335604635901,0.0415145712426827
Mcl1,0.650596948434276,0.0098417712071566,0.0415262092467362
Micu3,-0.520014755441623,0.0098410751781189,0.0415262092467362
Dkk3,-1.15099323210025,0.00989346376947,0.0417333288706372
Mkl2,0.34582074156851,0.0098979127958263,0.0417411057915069
Clca6,2.2319111751974,0.0099258536998283,0.041847921611829
Islr,-1.26395418562416,0.0099370017797811,0.0418642825525863
Mecp2,0.246316323671257,0.0099401866818574,0.0418642825525863
Perp,0.826803072688146,0.0099383413734568,0.0418642825525863
Rad51c,-1.15530246767204,0.0099328559671332,0.0418642825525863
AI662270,1.904859894264,0.0099507033452107,0.0418755498538537
Dnpep,-0.417820926341023,0.0099493406229248,0.0418755498538537
Rtn4r,-1.05240961924625,0.0099494260030503,0.0418755498538537
Myo1f,1.83400339520584,0.0099539688334857,0.0418782916705031
Tyw5,-0.344155548852707,0.0099841783556438,0.041994361101541
Rpia,0.373362255939019,0.0099958983678513,0.0420326214570463
Cables1,0.955146236331582,0.010005028907914,0.0420599758944346
Gclm,1.04053157521072,0.0100181766478404,0.0421041993900972
Rnf216,0.203096445790282,0.0100253612992,0.0421123003079399
Hcst,1.94587080773716,0.0100228488663169,0.0421123003079399
Pcgf2,-0.762708098780607,0.0100441534516781,0.0421801788858021
Fgfr1,0.56080860874779,0.0100549506175303,0.042214455933819
Mtmr1,0.260722186358377,0.0100601359402576,0.0422251605708323
Acyp2,-0.50873171405266,0.010068391997773,0.042248744944034
Clip2,-0.402914384598145,0.0100842483608895,0.0423042008352475
Ctnnd1,-0.439247778882827,0.0101092196760501,0.0423978556099471
AF529169,1.64503377923906,0.010117058633076,0.04241962741704
3-Sep,-0.662801804476226,0.0101206368893684,0.0424215627068445
Arl8b,0.924664103147565,0.010122815943341,0.0424215627068445
Cds1,0.864076581024327,0.0101291275337421,0.0424369121909211
Zfand2a,0.812617649377378,0.0101773616798458,0.0426278461366821
Mbtps2,0.574151194235088,0.0102205686903451,0.0427976296361783
Trpa1,-2.20403115006479,0.0102258933209176,0.0428087371033238
6030498E09Rik,1.75249289348593,0.0102352049173102,0.0428365250732045
Vps11,0.285172444574027,0.0102770032288405,0.0430002268814974
Appbp2,0.244846244232057,0.0102927495895754,0.043054867147412
Lss,-0.812377533700449,0.0102985208433677,0.0430677636208805
Prkcz,0.740782065722101,0.0103097854313494,0.0431036201450021
Pax3,-1.60290944880659,0.0103173449156711,0.0431239715350815
2810408A11Rik,-1.203348954836,0.0103326946943542,0.0431768653360065
Dock2,1.90155186196009,0.0103451142356393,0.0432174902657568
Naaladl1,-1.68411930253903,0.0103478295807347,0.0432175645758473
Zbtb9,0.23102668569548,0.0103515365409966,0.0432217792346379
Cep55,-1.50796370389008,0.0103614217350997,0.0432405151388465
Fbxw26,-2.12126390040099,0.0103597360149435,0.0432405151388465
Ddr1,0.55862534138884,0.0103938186766837,0.0433644190154034
Accs,-0.439831769423262,0.0104006837230483,0.0433817635842118
Cd300a,2.38543624011782,0.0104079170104805,0.0434006346759263
Ticam2,1.74334891573225,0.0104139284388779,0.0434112351662072
Layn,-0.542320153260664,0.0104158784082704,0.0434112351662072
Arl11,1.8472986595784,0.0104325192860616,0.0434692825700893
Adamts7,0.990156365601924,0.0104419189405887,0.0434971355556869
Fam64a,-2.12747921647817,0.0104465967243284,0.0435053096232038
Hoxd1,2.41891822606775,0.0104668324004171,0.0435782541286599
Draxin,-1.43091036435471,0.0104783462396734,0.0436148571332316
Phospho2,0.35246046265629,0.0104911807857214,0.0436569369787122
4930577N17Rik,-0.71509319457548,0.0105013165999098,0.0436877676570122
BC005624,0.359223731469161,0.0105319625642481,0.043799807419108
Pdp1,0.852159345853964,0.0105337156223596,0.043799807419108
1700037C18Rik,0.623285914831676,0.0105802596016065,0.0439705159733689
Ttll12,-0.389031406870305,0.010579795744238,0.0439705159733689
Dock10,1.69679601354477,0.0105948613616512,0.0440083676108412
E330011O21Rik,1.58337488622773,0.0105927338048232,0.0440083676108412
Ccl25,0.777240318902889,0.0106011570044097,0.044023104294362
Amacr,-0.465646795849535,0.0106308509875941,0.0441349737424837
Sltm,0.299719803777054,0.0106354300040235,0.0441360788927716
Myadm,-0.563062143204825,0.0106366269649205,0.0441360788927716
C1qb,2.18161794689611,0.0106686045633987,0.0442458487471424
Smcr8,0.469202188889134,0.0106673370145938,0.0442458487471424
Wwox,0.43718121663691,0.0106782969037322,0.0442745845483163
Arhgef7,0.359557831118176,0.0106856829963392,0.0442835093826174
D3Ertd751e,0.433672570855894,0.0106859776089632,0.0442835093826174
Ssx2ip,0.610373688130163,0.010709336438625,0.0443688334841507
Eva1c,-1.0899668717568,0.0107474445697741,0.0445152040983325
1600016N20Rik,-0.896806915431921,0.0107750215506087,0.0446178909956841
Sall2,-0.66336284955099,0.0107923298084151,0.0446780144342684
Gpnmb,2.16411160898218,0.0108047196880529,0.0447062019943943
Pdzk1ip1,1.71622619768645,0.0108020553284687,0.0447062019943943
Kcnc2,1.61862340966414,0.0108105505783025,0.0447187789349302
Kif2a,-0.208791183359229,0.0108230046111725,0.0447587395135762
Ppm1n,2.41960817570328,0.0108313274494325,0.0447815992431892
Cyp4v3,0.787714695861979,0.0108481229617374,0.0448394680005149
Chmp1b,0.317921894962102,0.0108587118136642,0.0448716590061168
Naalad2,-1.05436822613132,0.0108783515742992,0.0449299562208752
Zfp710,0.826008065015488,0.010878428324123,0.0449299562208752
9030624G23Rik,-0.611011061086346,0.0108918352202337,0.044972958106318
Atp9b,0.281254646186087,0.0108944541795531,0.044972958106318
Nudt8,-0.467254184750888,0.0109012449789943,0.0449893987141854
Tsc22d2,-0.355978140254024,0.0109042319977979,0.0449901367078857
Polr1d,-0.367121517869489,0.0109073084769752,0.0449912433340936
Zfhx4,-0.767664555734777,0.0109109958645094,0.0449948686603101
Cxcl14,1.3237922590638,0.0109295652452489,0.0450598468332819
Ugt1a6a,1.10086086024294,0.0109432706455091,0.0451047437642657
1700029J07Rik,0.863467506962235,0.0109569128857678,0.0451493573412772
Lmbr1l,-0.404999818349371,0.0109769776168228,0.0452087810794649
Mdfic,0.72440474717097,0.0109754957439002,0.0452087810794649
Fap,-2.64422151432578,0.0110166918688637,0.0453283377970301
Tlr7,2.32058122820629,0.0110190973319959,0.0453283377970301
Ramp3,-1.35797305870814,0.0110196817338982,0.0453283377970301
Ddx4,2.22951196894069,0.0110146150498945,0.0453283377970301
Golm1,-0.45882290305074,0.0110229825889289,0.0453283377970301
Lmo2,1.82998282524865,0.0110213752521546,0.0453283377970301
Gpm6a,1.52548169923708,0.0110274765621881,0.0453351814223287
Ly6c1,-1.45235060777072,0.0110365782910262,0.0453609596717626
Coro7,0.46682404822525,0.0110449142803128,0.0453835782726063
Zfp574,-0.272932004226655,0.0110481289517198,0.0453851471629495
Dcakd,0.459554758292983,0.0110567734687908,0.045409015058574
Hbs1l,-0.280123064236777,0.0110684217546749,0.0454452037241536
Fbxl4,0.291265868772682,0.0110713134442938,0.0454454298465364
Rfc4,-0.607298625627428,0.0110969141688816,0.0455388478226567
Adipor2,0.214151093098345,0.011113795739994,0.0455964459796271
Amz1,1.29730400043359,0.0111698911530158,0.0458060772725963
Zkscan2,-0.655695740184006,0.0111706100682875,0.0458060772725963
Kpnb1,-0.276156260128967,0.011191165277748,0.0458786230590587
Tsfm,-0.293524455578604,0.0111975251523081,0.0458929522806674
Kntc1,-1.70392299590538,0.0112220805898904,0.0459818294451748
Mef2a,0.475484905953608,0.0112313043531617,0.0460078565691649
Vmn2r29,1.17877501399386,0.0112363927282337,0.0460169345345174
Atp9a,0.868445345161084,0.0112467429573514,0.046047551474502
S1pr5,1.81830673900306,0.0112498779434555,0.0460486189402405
St8sia4,1.85982327350458,0.0112622231007979,0.0460873758104428
Mto1,0.36664074936823,0.0112758036461674,0.0461286489767149
Stk11ip,0.477347833296401,0.011278067414131,0.0461286489767149
Lhpp,0.55128953032101,0.0112983898883824,0.0461881868848619
Ntf5,1.00429163394559,0.0112958350897396,0.0461881868848619
Atxn2,0.238481739289714,0.0113070569259058,0.0462000405534142
Desi2,-0.391264108893844,0.0113062593442631,0.0462000405534142
Hdac8,0.365014788473505,0.0113141876710531,0.0462146901722205
Dvl2,-0.529950733391415,0.0113164115564335,0.0462146901722205
Klf7,-0.693637358860277,0.0113215427779868,0.0462238626009496
Dnah1,-1.62268773206767,0.0113344632082366,0.0462648242188938
Tmem106a,1.50050395055643,0.0113384927945998,0.0462694837142849
Cenpq,-1.14569791585651,0.0113417983425032,0.0462711869735786
Gpd2,0.367370045511188,0.0113517278234509,0.0462999061760456
Ehf,1.9887221666946,0.0113982618345077,0.0464572627467444
Gm6583,1.57092022821357,0.0113990075436897,0.0464572627467444
Psme3,0.196249095140911,0.0113933441286676,0.0464572627467444
Mamdc2,1.29819212211471,0.011407346166614,0.0464794234321776
Usp2,1.00388229046063,0.0114247556430063,0.0465385227959837
Ube2q1,0.149370711124908,0.0114377129883764,0.0465794610540872
Atp8b3,-0.953362078237277,0.0114668645586339,0.0466834142216949
Socs5,0.490454367458021,0.0114690667484296,0.0466834142216949
Cpne5,2.08813925219602,0.011472369148966,0.0466849952084287
Rbms2,-0.404144493778508,0.0114848445276073,0.0467238938996436
Dusp16,0.365051209074599,0.0114952921827476,0.0467545255292711
Faxc,-0.425223545822412,0.0115022693688749,0.046771029837245
BC100451,0.852044294497468,0.0115068822796535,0.0467779144892992
Hoxd8,2.66649461859052,0.0115287466208549,0.0468430255167935
Mylk3,1.36921274168365,0.0115268714354274,0.0468430255167935
Pmf1,-0.947356873832146,0.0115324129425347,0.0468460415193581
2700062C07Rik,-0.529618697649414,0.0115414539290755,0.0468708829905497
4833418N02Rik,-0.726559203039145,0.0115463172920078,0.0468724547128577
Ttc12,0.34788316643327,0.0115476923258005,0.0468724547128577
Kctd3,-0.389429880807102,0.0115540405574415,0.0468863434069834
Sar1b,0.303780226530288,0.0115623925005992,0.0469083540775132
Ptgfrn,-0.25974605040486,0.0115857738902638,0.0469913122774473
Snhg18,-0.703004329301883,0.0116151624485787,0.0470985870890101
AA986860,-0.558356303883005,0.0116346447893189,0.0471417916463524
Degs2,1.20275362758779,0.011632165751422,0.0471417916463524
Tslp,-1.26446182500203,0.0116320196156934,0.0471417916463524
Stard4,-0.828256754325632,0.0116493262638841,0.0471893441399967
Rps21,-0.386311382367148,0.0116576678468215,0.0471992662557308
Colec12,0.876633223402688,0.0116552749197444,0.0471992662557308
Alx1,-2.32712877798506,0.0117004157907803,0.0473262073744135
B3gnt8,1.24295821941063,0.0117001590521358,0.0473262073744135
Kcnj11,2.30890588691193,0.0117023380977917,0.0473262073744135
Steap4,1.62372781467083,0.011703790875565,0.0473262073744135
Tlk1,0.339250912425982,0.0116978481832264,0.0473262073744135
Ccnyl1,-0.588343500734557,0.0117475020724704,0.0474789936183272
Ndufb6,-0.296565139172555,0.0117451778907438,0.0474789936183272
Cdc42se1,0.331864534184178,0.0117605724405112,0.0475198312911551
Xk,-0.670730636855579,0.0117683720803316,0.047539356807613
Kctd8,-1.33389002552835,0.0117761453259157,0.0475587658851764
Cog3,0.305089062501105,0.0117955164077499,0.0476129927862336
Dnajb12,0.178139033734178,0.0117951648738389,0.0476129927862336
Akr1c14,1.18714737204362,0.0118021419708598,0.0476221800062406
Csf2rb,1.85920319898221,0.0118060344036371,0.0476221800062406
Agtr1a,1.36679070463185,0.011806709879832,0.0476221800062406
Tinf2,-0.359939759154215,0.0118317812890584,0.0477112932373533
Ccdc14,-0.586463302823056,0.011847716785608,0.0477635306044854
Klf2,0.500326674749654,0.0118735500393852,0.0478556340077965
C1qc,2.23531811659424,0.011897332428737,0.0479273731055556
Wdr5,0.379464067092764,0.0118945529065618,0.0479273731055556
Cpm,-0.794098610894989,0.0119153631800382,0.0479879420581679
Hexb,0.878516724703369,0.0119233242851062,0.0480061431419455
Ticrr,-1.48427698650404,0.0119258753951029,0.0480061431419455
Gm15708,0.841902789528445,0.0119545781049182,0.0481095945287351
Slc35c2,0.295759811300338,0.0119694644743371,0.0481574059124447
Plekhm2,0.59330971180281,0.011983766306909,0.0482028420795856
Slamf7,2.20950648821622,0.0120208888923075,0.0483227044699964
Dcaf4,-0.392794620758638,0.0120226140701208,0.0483227044699964
Pigk,-0.195175779896679,0.0120187923596579,0.0483227044699964
Pla2g12a,0.461190003926039,0.012026914001897,0.0483278628603943
Abca8b,0.987906326034352,0.012030462548857,0.0483300001241821
Yeats2,-0.610822617176169,0.0120361590586346,0.0483407631683093
Nup93,-0.362482313688067,0.0120431016718645,0.0483565242819401
Dst,-0.301872429217175,0.0120545665920564,0.048390080684801
Slc7a14,2.04133615806583,0.0120574996625507,0.048390080684801
Pibf1,0.320817896161786,0.0120695546842318,0.0484263299764784
Ankrd9,-0.484847462386701,0.0121041492049719,0.0485529730628078
Acox3,0.534175017785117,0.0121083479706771,0.0485576577817817
Cebpb,0.728573415615187,0.0121230687071332,0.0485709054605517
Dcaf11,0.264412229148947,0.0121227251884469,0.0485709054605517
Map3k3,0.319412685203325,0.0121237782246268,0.0485709054605517
Timp2,0.987039265278269,0.0121192423086766,0.0485709054605517
Aatk,1.30531618728564,0.0121311689773539,0.0485883645465467
Eps8l1,-1.3178474094506,0.0121517404018931,0.0486585935962834
Atp6v0a4,-1.46580164243857,0.0121586370249584,0.0486740439222536
St14,1.07250288833293,0.012162451622831,0.0486771514987198
Slc35f5,0.379240904664547,0.0121701168060413,0.0486956646727242
Cxcr4,1.93390401741099,0.0121734184792118,0.0486967134720232
Themis2,2.03543776530744,0.0121827206665157,0.0487217593105961
Tg,-1.00532101432808,0.0121987224795114,0.0487735794470309
Pabpc5,-0.811676879807389,0.0122559523551775,0.0489901728249249
H2-Ab1,1.22771385162701,0.0122668655340912,0.0490215646599338
Gins4,-0.341583452080963,0.0122749295917172,0.0490293310867367
Sp110,1.48469516913959,0.0122741616135188,0.0490293310867367
Cpxm2,-1.83448347350968,0.0122828171885352,0.0490363852921811
Tpcn1,0.722268770028766,0.0122826154752817,0.0490363852921811
Plekhg2,-0.800631992226043,0.0122899400575937,0.0490525983215517
Laptm5,2.13522783979971,0.0123058220548122,0.049091527674339
Ptgs2os,-0.841730362461501,0.012302811562879,0.049091527674339
B130024G19Rik,-1.08341763210073,0.0123100683961795,0.0490962424135404
Wdpcp,0.334134952390078,0.0123386331075347,0.0491979196156827
4933408N05Rik,1.63262642665967,0.0123638752625986,0.049286301463571
Secisbp2,0.303002737217037,0.0123681635202322,0.049291131282995
Ddx23,0.248117207096726,0.0123975674148979,0.0493960277428696
Spns1,0.233889870623317,0.0124119054324278,0.0494408595059489
Amdhd1,2.11977913570726,0.0124194172714318,0.0494569215296981
Hspa2,0.497222932309866,0.0124221117430563,0.0494569215296981
Grk5,-0.32254232034786,0.012428585266754,0.0494704011325876
Bmp7,2.09855345901345,0.0124347117944747,0.0494824932089615
Fgf11,-1.24638153747185,0.0124435375563633,0.049505317901787
2210408F21Rik,0.678602201142859,0.0124547377003696,0.0495370057172001
Cep95,0.408945148658658,0.0124576865385806,0.0495370057172001
Atp7a,0.523289076450284,0.0124674804776437,0.049551353195815
Col5a3,0.781433304782732,0.0124660013438323,0.049551353195815
4632428N05Rik,0.94754523208774,0.0124726329961951,0.049559537011915
Fry,0.551319841906179,0.0124838971152118,0.049580253929075
Plk1,-1.82009132599226,0.0124840362243236,0.049580253929075
Krtcap2,-0.217135094351465,0.0125040528047988,0.0496474423756336
Gen1,-1.42420978182455,0.0125242973295606,0.0497155023580007
Ankib1,0.360244389933187,0.0125341615480915,0.0497423339514428
Gpr137b-ps,1.21310172327517,0.0125435281644778,0.0497671779898708
Tdrp,0.660607749220375,0.0125491651514724,0.0497772158682195
Eif1b,0.317387526677569,0.0125628807842996,0.0498125832167079
Zbtb11,0.28737297388781,0.0125642999050444,0.0498125832167079
Slc26a7,-0.80953836042792,0.0125742075571412,0.0498395297558039
Vamp4,0.371531052999274,0.0125804818190035,0.0498520651056778
Fancd2,-1.28239591471792,0.0125874954400523,0.0498675233543714
Crebl2,0.508903498774084,0.0125951464279645,0.0498731687895251
Slc12a7,-0.505654674374311,0.012594080593956,0.0498731687895251
Nsl1,-0.879320996241367,0.0126029814694309,0.0498918621501734
Mamstr,-1.35662311441156,0.012609776965664,0.0498941063884672
Ubl4,0.448234966678562,0.0126070141239773,0.0498941063884672
Fem1a,0.353278838150056,0.0126174991316522,0.0499123342193087
Col8a2,1.14347278913076,0.0126327559858441,0.0499603514315497
