gene,log2FC,pvalue,adjusted_pvalue
Ccl2,7.5700017043359,3.96856491237298e-136,5.864745227504791e-132
Bcl3,3.60346386882993,6.15065130516502e-103,4.5447162493864395e-99
Cxcl1,11.0150705042936,6.99912398927091e-75,3.44776847711485e-71
Zc3h12a,3.86068670880949,1.1073951604965e-74,4.09127142045433e-71
Nfkbia,4.58170098038951,3.21550447111795e-64,9.50374501483622e-61
Ccl7,6.83784670213272,5.24100548308262e-61,1.29085965048325e-57
Plscr1,2.28581544077266,5.75825874504408e-56,1.2156506819180202e-52
Relb,2.98973817851603,9.595108385077139e-56,1.77245639643337e-52
Rsad2,9.30480689223889,2.21994296028559e-52,3.64514634078893e-49
Gbp2,6.52408914228997,2.6586479615381997e-50,3.92894995756116e-47
Nfkbie,4.66476645641061,3.10690214838878e-50,4.1739818135354003e-47
Gbp3,6.71148618702381,5.38591229629022e-49,6.6327509928814006e-46
Cmpk2,8.9056794168503,1.8529649312601e-48,2.10639351955091e-45
Gbp5,10.1354905919123,2.5183477927558003e-46,2.65829597723894e-43
Ccl20,7.93075016674196,5.81851991218052e-43,5.732405817480249e-40
Cxcl10,9.85710640516663,1.56524749639364e-41,1.44570171885658e-38
Nfkbiz,4.64316731751742,4.6518708232892194e-40,4.0438439427393e-37
Tnfaip3,5.39305084270395,4.31604650862249e-39,3.5434741835790596e-36
Cebpd,3.22772022864964,8.23183419485797e-39,6.402633985874259e-36
Tlr2,5.26626144735781,1.1588334934849301e-38,8.562620683360169e-36
Isg15,6.31494324159032,1.6409477778111701e-38,1.15475839335683e-35
Lif,2.95814043626935,3.85471474767779e-38,2.5893170245992e-35
Ccl5,8.74179857754997,2.99971997415798e-37,1.92738529470029e-34
Ripk2,3.97591131679585,5.0761540704238204e-37,3.1256418688634697e-34
Saa3,6.1306868959445,5.50873461615514e-37,3.25632320630163e-34
Neurl3,4.86380192220748,2.3032486593234597e-36,1.3091311033647e-33
Csf1,2.29395002502093,1.99450347928116e-35,1.09165823765989e-32
Pglyrp3,5.58792709187279,2.30198958037446e-35,1.21495721495621e-32
Irf1,4.44099851831584,4.58721460887334e-35,2.33758129275622e-32
Gbp6,7.50313092872767,2.69121397647411e-34,1.32569200481115e-31
Stx11,3.72456454010454,3.06478920159885e-34,1.4610146716525101e-31
Icam1,3.98856046921656,3.41442409180423e-34,1.57682372589634e-31
Ifi205,9.15281271797415,6.9323780267387195e-34,3.1044449236104503e-31
Mx1,8.9772550830009,1.57285805362439e-33,6.83638126954742e-31
Ifit2,6.00050045234138,8.4753790296189e-33,3.57854717999166e-30
Steap4,7.16078211436286,4.87186067123919e-32,1.99989880554369e-29
Gm12250,8.64549162486902,7.35406063233035e-32,2.93725156823184e-29
Traf2,1.20398685487417,7.69981157205681e-32,2.99441619504883e-29
Tnip1,1.82476169728887,1.44760693562915e-31,5.48531674223783e-29
Nos2,10.2598590222239,5.38651874783995e-31,1.9900493513894698e-28
Cd69,8.96382383045955,1.08482229347238e-30,3.9101228909597e-28
Vcam1,4.2045015729261,2.7548811525185097e-30,9.693246112361549e-28
Mx2,7.04490263303744,3.9463196873784096e-30,1.35624912418786e-27
Oasl2,5.56516903340985,6.84924196488451e-30,2.30041131266053e-27
Ifi47,4.93521595233092,9.586780357281249e-30,3.14829866933116e-27
Cxcl3,8.88163599518337,1.7718866333286998e-29,5.69237840594164e-27
Ifit1,6.90614137619947,2.61113042335452e-29,8.21006072262405e-27
Mnda,6.27343798817064,2.994672433615e-29,9.21984775499217e-27
Parp14,5.81266767850216,4.13097195606388e-29,1.24586741972882e-26
Oasl1,6.39678548868819,5.73842643016698e-29,1.69604931570015e-26
Igtp,5.96563590053604,6.0027454502362e-29,1.73938376987433e-26
Gbp7,5.58601108101575,2.55994710231419e-28,7.275172745769059e-26
Nfkb2,2.96532683274902,6.66890492590523e-28,1.8594920187741e-25
Nlrp3,6.9340043158626,2.03074164459499e-27,5.55746296737495e-25
Ifih1,5.19199071592444,3.07846259409189e-27,8.271549130089091e-25
Tnf,9.25480597920383,5.50446460182913e-27,1.4525888908184101e-24
Birc3,2.94576249185843,1.59999112422076e-26,4.14818751469023e-24
Sod2,2.78604930436273,1.7818522366498e-26,4.5400366126225504e-24
Rtp4,5.72824257342036,1.91975005876187e-26,4.80848582514966e-24
Il1a,6.60023035250987,5.0708368384366e-26,1.2489471133069301e-23
Nfkb1,2.77123552345427,6.8353216035999e-26,1.65594069931146e-23
Cxcl2,10.2841860846838,7.566039051652601e-26,1.8034020178277702e-23
Zbp1,7.00002750012363,8.593036141383869e-26,2.01568076345033e-23
Nupr1,1.15887649929758,1.11704597160256e-25,2.57932896380353e-23
Il27,9.47579828864486,2.10254665538354e-25,4.78022068819352e-23
H2-M2,8.69880284211129,6.23775195791076e-25,1.3966893702122e-22
Slc2a6,4.86187678032879,1.11967682192141e-24,2.46963941408278e-22
Fas,2.78609852193106,2.47230705736073e-24,5.372904954952489e-22
Il6,6.14151129940648,5.9321954998928904e-24,1.27052152315097e-21
Helz2,4.62211094044107,9.46056987759635e-24,1.99726145215884e-21
Gbp4,9.27431109788029,1.04809203253869e-23,2.1815076136418e-21
Irg1,9.57343653402527,1.23111362417974e-23,2.52686071362892e-21
Clec4e,8.842546909277,1.87259435638751e-23,3.79084923269788e-21
Irgm1,3.58474259338448,2.2084031635442397e-22,4.41024080416984e-20
Irgm2,4.83475410904679,2.4319785845472198e-22,4.79197060299184e-20
Pde4b,3.76913749032922,7.926153728254809e-22,1.54121973415986e-19
Ccl3,6.19644900401984,8.065929009897859e-22,1.54802985595157e-19
Il12b,10.4614854767991,9.95992547607219e-22,1.88702280365891e-19
Jak2,2.66344545542614,1.54719787032181e-21,2.89423925666022e-19
Bcl10,1.05834816906679,1.97676802781494e-21,3.65158473938115e-19
Ccrl2,6.46592602810131,2.01544872378158e-21,3.67707422716594e-19
Ptx3,4.44724533821061,2.69324587996965e-21,4.85375458709652e-19
Myc,1.64234468983309,3.7567211265453004e-21,6.68877407326343e-19
Slc7a2,5.20083742794854,4.3271213862401e-21,7.61264283879241e-19
Psd,2.36422775244826,5.6501324149551006e-21,9.82325374449488e-19
Ifit3,5.56125111341608,5.8456562411183e-21,1.00450125501449e-18
Ets2,2.41222961469263,7.82881112417784e-21,1.32981805509311e-18
Traf1,7.22059939934462,7.96408578631997e-21,1.3374234062526898e-18
Gpr84,5.32822452042959,8.392760382608381e-21,1.39357542622682e-18
Irf7,4.85096029951313,8.60823082705224e-21,1.4134715018019799e-18
Ccl4,6.12662387496243,1.05597486858087e-20,1.7148567700975899e-18
Exoc3l4,2.2527277584723,1.2375837060534301e-20,1.98793608783234e-18
Herc6,4.46557514934241,1.89666802717021e-20,3.01386667801306e-18
Csf3,6.91124083842601,2.0793819788451802e-20,3.2690539237632e-18
Slfn8,5.81305308474839,3.58046704124078e-20,5.56969915110065e-18
Gm4841,7.62032077013353,5.70493587884243e-20,8.782035668493069e-18
Tnfaip2,2.97543605186877,6.2881783760978e-20,9.5800721692756e-18
Ddx60,5.47370218328977,7.21083273206772e-20,1.08736414402548e-17
Gadd45b,2.29644128791088,1.1580052797252202e-19,1.72858606300801e-17
Tmem2,1.38107106999403,1.8038475820267902e-19,2.6657259567191802e-17
Dtx3l,4.08760115592308,1.8713002773550502e-19,2.73802727710425e-17
Sdc4,2.27610329653827,7.005980303270371e-19,1.01504291099735e-16
I830012O16Rik,6.06696759869955,7.32887256379979e-19,1.05151532764887e-16
Tgtp1,4.7191498517317,7.61416333624523e-19,1.08194332483685e-16
Trim30d,4.85640240042706,8.96626947925664e-19,1.26193838442338e-16
Nod2,5.23805886177734,1.7918205873827002e-18,2.4980683622963697e-16
Parp9,3.66968122937624,2.09182842670661e-18,2.88906920466077e-16
Arid5a,2.78125399813626,2.1744203280542497e-18,2.9753318155542298e-16
Fam26f,6.76257148720155,2.2450202764466498e-18,3.04375317847052e-16
Cd40,6.0050193538519,2.32222838419898e-18,3.11980827833568e-16
Stk40,1.68696536019188,2.86710570404063e-18,3.81712505354166e-16
Rnd1,2.94947502333273,3.9903909755552294e-18,5.26517837828171e-16
Tgtp2,7.27224685364906,4.8895771977468795e-18,6.39452848038083e-16
Psmd10,1.10211439210334,6.3681008066927e-18,8.255069624675849e-16
Egln3,1.6847306608289,7.91309452830211e-18,1.01686705164564e-15
Trex1,3.45736243903348,8.71996211621997e-18,1.1108931047715402e-15
Cxcl16,2.93435828320924,1.1553932338125801e-17,1.45935053070789e-15
Bid,1.71733138655717,1.3472504047783101e-17,1.6872598713401502e-15
Ifi35,2.94558678166194,1.62359648221775e-17,2.0162612448919303e-15
Il23a,7.29608067278227,1.9125379313524802e-17,2.3552904624605802e-15
Mlkl,2.66281775387922,3.46192095798488e-17,4.2281213154628605e-15
Zfp598,0.697430327127003,3.72982906433519e-17,4.51798474694635e-15
Tnn,7.27663638073058,4.08023683282574e-17,4.90225527768283e-15
Serpina3g,6.05886303979744,4.11621300505219e-17,4.905596434569461e-15
Usp18,5.15892649134323,4.49132360558069e-17,5.30982241946172e-15
Phf11d,5.28986869774641,4.84542497643441e-17,5.6829912937895105e-15
Cd274,5.05923343259085,6.075072564391841e-17,7.06908837453406e-15
Oas1b,4.91153234696631,6.5118911613612e-17,7.5181818423903e-15
Il1rn,4.98212715321838,7.41736530952624e-17,8.49719570109912e-15
Map3k8,3.10629005873578,8.80462011707039e-17,1.00088212376974e-14
Angptl4,2.33553160905161,9.89534668140922e-17,1.11223373313982e-14
Daxx,3.23680123620743,9.934690267590751e-17,1.11223373313982e-14
Ccl8,4.01870529547551,1.03977634860526e-16,1.15532442704425e-14
Rhbdf2,1.98823121310956,2.1609122363739898e-16,2.38313142008469e-14
Sele,6.49164994397452,2.3669022519613e-16,2.5909689984803102e-14
Pyhin1,6.34863964526683,2.61920014373522e-16,2.8460690973617e-14
Socs3,4.17908390204611,3.14935426747732e-16,3.38983917960588e-14
Plk2,2.23545390287906,3.16550146694824e-16,3.38983917960588e-14
Il15,4.74504893584197,3.42824970417084e-16,3.64479669987314e-14
Ifi203,6.01177686898487,3.47193522341736e-16,3.66487562369012e-14
Xaf1,3.97371271766631,4.45186811625155e-16,4.6659366682245e-14
Tnip3,4.44279497802744,4.653015307610601e-16,4.84241269125841e-14
Casp4,4.3683166415518,4.79127403333558e-16,4.9514299066177104e-14
Zfp36,2.39871373646367,4.89401375232775e-16,5.02248161332636e-14
Hivep2,1.91761852969907,5.677966903732301e-16,5.78682723471421e-14
H2-Q4,3.67043356742947,6.62894222768101e-16,6.70976083840205e-14
Eepd1,-3.74855678084514,6.73966693785787e-16,6.77542843589548e-14
Gabpb1,0.85197543307486,8.03809481991335e-16,8.02614630058645e-14
Slfn5,5.72938240859108,9.81005257787032e-16,9.72972865743406e-14
Lfng,-2.75620316483851,1.28390173184983e-15,1.26489998621845e-13
Nmi,3.23472087110928,1.92835182670637e-15,1.8872306817924998e-13
Adora2a,6.02658615671625,2.32844119626895e-15,2.2637963156883199e-13
Il1b,8.5727995936145,2.3691275441045604e-15,2.28829848671746e-13
Stat2,3.30524897921327,2.4049924095324603e-15,2.30785570312147e-13
Psmb10,2.40411479750967,2.9980983335476604e-15,2.85844497891402e-13
Gem,3.39669588103486,3.1095487416574504e-15,2.9456994425778e-13
Fpr1,5.33993763836025,3.43622976132268e-15,3.23443333839659e-13
Cdk6,1.10248015901828,4.051610467118261e-15,3.78953794196669e-13
Pim1,3.00683477062679,4.11666273973019e-15,3.82616616149262e-13
Trim21,3.66143219952683,5.051162058707041e-15,4.66537955647329e-13
B4galt5,1.39449744564163,5.17759676282197e-15,4.75245496652069e-13
Ch25h,4.70418906523978,6.716566696214031e-15,6.12700139732413e-13
Gbp11,7.4350559909938,6.8149481411229305e-15,6.178607584632799e-13
Mapkapk2,1.79522116377017,1.04635413056158e-14,9.42867154965798e-13
H2-K2,3.50790100150092,1.44966429157109e-14,1.29837205459622e-12
Dhx58,3.97410434780963,1.47022848558836e-14,1.3088576240978699e-12
Hcar2,5.43173957637987,1.48596934157639e-14,1.3149493969949599e-12
Tap1,3.23498385190832,1.58465673161923e-14,1.3939319749922e-12
Tapbp,1.83311284096283,1.787348096158e-14,1.56292486183567e-12
Gm4951,7.17153694356123,2.16055842859872e-14,1.87816073281364e-12
Tor3a,2.8146557687099,2.38984867920523e-14,2.0653323848710498e-12
Paqr7,-1.63344659933335,2.7983737576924803e-14,2.40432368553369e-12
Btg1,1.36604838973335,4.0825759435198804e-14,3.4874166065512597e-12
Parp12,2.92507390312342,4.30373133531041e-14,3.65520354443777e-12
Cdk20,-1.22176961768878,5.91961270626466e-14,4.9988592327530996e-12
Peli1,3.08926838948412,6.85986888116024e-14,5.75995126851057e-12
Gpr157,-3.11131462621148,7.277794675891481e-14,6.076341792108719e-12
Chic2,0.921612548922315,9.14902705436482e-14,7.59574841625861e-12
Samd9l,3.67296110848071,1.05911344543535e-13,8.743898601476899e-12
Malt1,3.39092027880377,1.08404535891077e-13,8.90001239665742e-12
Hivep3,3.64216587327733,1.21778274268392e-13,9.94275876871986e-12
Klhl25,1.52317719906478,1.4174395320288599e-13,1.1509297474902399e-11
Ifi204,5.05587009027985,1.66498768832266e-13,1.3445457955208898e-11
Zc3h12c,2.83177106069747,1.90877981202202e-13,1.5330406555468098e-11
Pou3f1,5.52012809202088,1.9727137516071499e-13,1.57582507141894e-11
Trim30a,4.58515372193647,2.04844451586444e-13,1.6275222072819697e-11
Slfn9,4.4708463206638,2.17889906511645e-13,1.72191285477491e-11
Cnr2,-5.42592203699643,2.3482426460119e-13,1.84586860759382e-11
Gbp10,6.63783808087587,2.36281343591768e-13,1.84749507703659e-11
Phf11b,5.51914045442032,2.46925935617457e-13,1.9205639350288297e-11
Rffl,1.72534668646472,2.81261687222652e-13,2.17617026899285e-11
Icosl,3.79993524484728,3.55463782200953e-13,2.7359602986279597e-11
Map4k4,0.716949451863227,4.31272345582228e-13,3.3022501155513796e-11
Ablim2,3.15440618056138,5.08124639067595e-13,3.8706525340932595e-11
F830016B08Rik,7.11976310936165,5.93491802663808e-13,4.4835563704809e-11
Psme2,2.00356830602167,5.94652218577789e-13,4.4835563704809e-11
Arhgap19,-3.41313526511778,6.10901958002659e-13,4.5826949925702e-11
Rrs1,1.31809065528108,6.27055658087131e-13,4.68011541172304e-11
Rnf144b,-2.14724531548031,6.50191956546467e-13,4.82841041901693e-11
Gnl1,0.647751221671,7.948219033809939e-13,5.872939044082159e-11
Oas3,4.58276956046482,8.186889638927299e-13,6.019196770351629e-11
Pnkd,0.810541591230356,8.47534457028488e-13,6.187682189704009e-11
Il15ra,3.77027293221258,8.49979350730758e-13,6.187682189704009e-11
Stx6,1.28704342907211,9.89415456869883e-13,7.16744197138389e-11
Gbp9,4.52037946857418,1.21805878070401e-12,8.78071837133849e-11
Rnf14,0.738052474471873,1.3224056777354499e-12,9.486655876492459e-11
Cish,1.74073662932404,1.47990158058954e-12,1.0565210414469601e-10
Tapbpl,1.89321895516418,1.5011444685179199e-12,1.06653427671913e-10
Cdan1,-0.930804031397666,2.08462733585733e-12,1.47400108944018e-10
Ehd1,1.49511312429593,2.11654746028198e-12,1.48944468419272e-10
AW011738,3.67188767302333,2.33591853057994e-12,1.63602862772087e-10
Ier3,1.90720651856397,2.3575988888956497e-12,1.64342435755189e-10
Iigp1,6.4471452959531,2.42197330626827e-12,1.68037190234895e-10
Olfr56,5.10204714304427,2.43928134057412e-12,1.68447194630861e-10
Mtss1,-1.86251411958641,2.6853938599259698e-12,1.84580234706912e-10
Pnp,2.10259003682483,2.80682727585537e-12,1.92033766123105e-10
Rassf2,-2.61608598794139,3.35135442970602e-12,2.28231869871869e-10
Orai2,1.13281803596875,3.54673971926716e-12,2.40429906290505e-10
Has1,2.53527886451749,3.86259519810055e-12,2.60645807477305e-10
Rab3il1,-3.18754775353364,3.9720608130160795e-12,2.66814157703417e-10
5430435G22Rik,-3.09284818751701,4.09533245998896e-12,2.73849878252113e-10
Gdf15,4.04537246802227,4.45403514547485e-12,2.96494285494718e-10
Adar,2.02132966028653,4.8647812627356295e-12,3.22384473097342e-10
Xcr1,4.69105162608612,5.53051997849814e-12,3.64866179652882e-10
Edn1,3.43695024355085,5.6664805165457995e-12,3.72174440326728e-10
Heatr9,6.00868715239283,5.78712667748502e-12,3.78416628495016e-10
Tnfsf10,7.1855865442882,6.0369329398308196e-12,3.93012312708457e-10
Gpr68,2.42649315704532,6.18226590181334e-12,4.0070844516227004e-10
Zswim4,0.896645678234377,6.6771162252540494e-12,4.30892679374692e-10
Zmynd15,1.93700423297981,6.81712537278497e-12,4.38015125039201e-10
Ogfr,1.69471847803511,7.38498748208245e-12,4.72447380996599e-10
Oas2,5.08265875414323,8.905954654690669e-12,5.67293956409563e-10
8430427H17Rik,-1.62017962883618,9.17235882301939e-12,5.81755874191333e-10
A630072M18Rik,3.39144782739859,9.96658317564255e-12,6.29428060554041e-10
Cd300lb,-4.75074174068587,1.03098198306135e-11,6.48334116837471e-10
Mndal,5.15351655475704,1.0372057277564198e-11,6.494841629145901e-10
Rassf4,4.60346727955498,1.0580801096696699e-11,6.597598253459231e-10
Eif6,0.882076766670303,1.06918764829569e-11,6.63884666660242e-10
Mcc,1.65380802059644,1.0778387283455399e-11,6.664560973845331e-10
Bcl2a1a,5.87615146558613,1.1021482205150499e-11,6.78647766782145e-10
Traf3,0.835412234571136,1.16305664447831e-11,7.13180543240685e-10
Uap1,1.71986472719568,1.2347184836862099e-11,7.53994617847718e-10
Engase,-1.10519153744137,1.2531317983290498e-11,7.620897825393691e-10
Stip1,0.892989041430758,1.3166037288062099e-11,7.97408602635173e-10
Rrad,1.57984135136047,1.5521879629386497e-11,9.362544374003021e-10
Ddx58,2.60099162526183,2.01356755164159e-11,1.2096138730959102e-09
Gm12185,4.36574416859991,2.05732437958218e-11,1.2308963433791701e-09
Arl5c,3.6578905224273,2.2136772917403297e-11,1.3191017345701102e-09
Fpr2,5.94750132810567,2.24372697950907e-11,1.33163844591105e-09
Znfx1,2.43437960916258,2.33400795664798e-11,1.3796787833337501e-09
Abtb2,1.26872744078641,2.4782232614127e-11,1.4590909704046602e-09
Cd44,1.96585908209102,2.5061958292061598e-11,1.46970483984161e-09
Abcd2,-3.16102520957922,2.70906875799891e-11,1.5823959725576202e-09
Rela,1.18895762819139,2.7659721935741297e-11,1.6092731132534802e-09
Isg20,2.80342529127975,3.0651156211136094e-11,1.7763246528947801e-09
Ereg,2.59653454224181,3.11194319153745e-11,1.7894278787758901e-09
Trim12a,2.10085414680705,3.1100646542435195e-11,1.7894278787758901e-09
Clic4,1.88639597730961,3.2677964392827496e-11,1.87176340231475e-09
Adamts4,1.58022985940981,3.29169173813343e-11,1.87817067591258e-09
Nfkbid,2.81434456307024,3.3629737739781395e-11,1.91146255507111e-09
Dnaja2,1.15763347862225,3.3950604628424695e-11,1.9223066482714902e-09
St3gal1,1.59429504854117,3.5131589352040397e-11,1.9815825474979103e-09
Ccl12,5.7729543965565,3.54295399587976e-11,1.99078989167722e-09
Jdp2,1.57846242508629,3.8749875801462696e-11,2.1691123658864202e-09
Myd88,1.9414964666375,4.00191645976162e-11,2.2317102431078203e-09
Zhx2,1.37967583423407,4.6291241609654796e-11,2.5717743176972904e-09
Ttpal,0.43618934905174,4.9050582031760596e-11,2.71486704593767e-09
Psmd7,0.384934410644748,5.4080204493734896e-11,2.9820793358522902e-09
Junb,2.3967784289961,5.4959959472770593e-11,3.0193244650134e-09
Ccrn4l,2.07466541902497,7.168750473805139e-11,3.9236960926626805e-09
Trip10,0.835188546304883,7.283646874488579e-11,3.97187208528385e-09
Slc4a7,1.30002061285124,7.42334315690962e-11,4.03316783723568e-09
Bcl2a1d,4.74205300110913,7.624081810153939e-11,4.12705791173828e-09
Hivep1,1.40665161673626,7.785039810985189e-11,4.19880723820216e-09
Parp8,1.56032612206268,7.85107991689664e-11,4.21902760043267e-09
Hdc,5.19715407170397,8.088733504684409e-11,4.33098926566037e-09
Tap2,1.99563583113985,8.412408624421729e-11,4.47687065257032e-09
Mrgpre,-2.58525325683026,8.42177589264143e-11,4.47687065257032e-09
Nfkbib,2.19526284173098,8.488228537379629e-11,4.49602298657334e-09
Cflar,2.42473061350637,9.232569763571239e-11,4.87281842735914e-09
Sp100,3.20697272948402,9.362027016180959e-11,4.92355997313602e-09
Lhx2,6.21169878166073,1.0117868179055e-10,5.3021934734069e-09
Mtmr14,2.28138535188588,1.04808299755602e-10,5.4729931229267805e-09
Ptpn2,1.3307443428322,1.35764824773017e-10,7.064551339773381e-09
Nfil3,1.36196859998094,1.47018164622351e-10,7.59748773353148e-09
Pxn,0.738108082230038,1.47034882378536e-10,7.59748773353148e-09
Ikbke,2.39292451410211,1.47857182903804e-10,7.613356964991e-09
Setdb2,3.00155910098957,1.56513480703251e-10,8.03109797858557e-09
Lyl1,-4.28485715410011,1.57668350021585e-10,8.062362894875361e-09
Slfn2,4.03026057114704,1.70623599449602e-10,8.69474328505593e-09
Zbtb7c,1.93189287817049,1.84885413225285e-10,9.38912933554384e-09
Nhs,2.21838641367211,1.88613578991826e-10,9.545655720346591e-09
Parp10,2.46735740637151,1.92233650560926e-10,9.695661733752112e-09
Il18bp,2.64201868917509,2.11632140025044e-10,1.06377543037078e-08
Whamm,1.5587327073327,2.36770511090658e-10,1.1860998687789e-08
Gm5431,4.44849223159618,2.50050518792589e-10,1.24839411037733e-08
E2f2,-2.30540455631514,2.59571004776396e-10,1.29156239346316e-08
Arrdc4,2.58731842929107,2.76463860700923e-10,1.37100098437525e-08
Nod1,1.61172749123858,2.85008095611168e-10,1.4086453635257e-08
Clec2d,2.66658232455549,3.1580584606409803e-10,1.55565959771175e-08
Gm14446,5.92737294679965,3.40801377130387e-10,1.67321021635643e-08
Zufsp,2.60669010512422,3.55233373383592e-10,1.73829099068302e-08
Adtrp,3.27685062486703,3.58841860203236e-10,1.7501534686744e-08
Trim47,1.04811074849577,3.76790918954582e-10,1.83165006589171e-08
Tnfrsf1b,2.78599903272277,4.05889802454387e-10,1.96663590185932e-08
Rab12,0.855257765928997,4.5582651542320303e-10,2.20137393624971e-08
Map3k1,-1.32116970669309,4.80224129473086e-10,2.31164566298152e-08
Rab32,1.67862612449051,4.89987410432914e-10,2.35098504914857e-08
Slamf8,4.33535418250902,5.03464762196434e-10,2.40783244522295e-08
Calcrl,2.92332834440098,5.0610178243008e-10,2.41263617443604e-08
Slc25a37,1.56286109850179,5.70172316031462e-10,2.70932684447361e-08
Eif2ak2,2.39909396016698,5.74896510698942e-10,2.7230194343298e-08
Pnrc1,0.90581309348682,5.96968736561445e-10,2.81853162584825e-08
C130050O18Rik,-3.7327726009049,6.18485103913694e-10,2.91081938396069e-08
Rab20,1.87286716259065,6.26012127314837e-10,2.93689118014561e-08
Marcksl1,2.05361080175816,6.41234706260681e-10,2.99878686364568e-08
Katna1,2.19009336672637,6.463140418929451e-10,3.01300596564478e-08
Socs1,3.77181489988549,6.48556959746137e-10,3.01395432425422e-08
Stat1,2.4005212209569,6.94668340656374e-10,3.21812186151094e-08
Micall2,1.6278428894416,7.50966893055424e-10,3.46805898299158e-08
Ube2z,0.464108166997079,8.42721393193492e-10,3.87966876903845e-08
Sp140,3.45025385698421,9.28763499457666e-10,4.26250527794577e-08
Apol9a,4.10081228836319,9.40164333945042e-10,4.30147013221047e-08
Trib1,1.44132239440747,1.18837244753238e-09,5.42029877457826e-08
Ifnar2,1.2836620650469,1.2014381596934802e-09,5.4462739644019e-08
Nub1,1.15763970311234,1.1989995581065902e-09,5.4462739644019e-08
Daam1,1.26373976244618,1.21628812424449e-09,5.49672963305353e-08
Notch1,2.21350349825108,1.36595499025307e-09,6.1355874911732e-08
Slc11a2,1.80707246087494,1.3655810575792701e-09,6.1355874911732e-08
Tlr3,3.26498206692076,1.38887159172404e-09,6.21961950984783e-08
Ccdc86,1.26837959311842,1.5811048582475e-09,7.05908386561377e-08
Cers6,1.80936472723823,1.6381236222838e-09,7.29162376208134e-08
Ptpn23,0.599870067944287,1.8223399299793602e-09,8.08724909466514e-08
Tspan14,-1.2237010015812,1.88199292458788e-09,8.32697348489811e-08
Ninl,1.19469584748182,1.92811682915749e-09,8.50558522426549e-08
Zcchc2,1.66341319366572,2.0133905008278e-09,8.85532286346226e-08
3-Mar,1.58020431595611,2.05356231811086e-09,9.00520591603631e-08
Dusp16,0.85824549982876,2.2078318057419e-09,9.65305870569641e-08
Gpr146,-1.39603055360532,2.22181993323326e-09,9.68556193903277e-08
Chek2,-0.991571331681692,2.31731407331653e-09,1.00538710502541e-07
Papd7,1.63437122824874,2.3199147571637902e-09,1.00538710502541e-07
Tank,1.45779882865244,2.5375247693253503e-09,1.09647780821901e-07
Ifi44,4.28933874670333,2.65198899073962e-09,1.14259747245336e-07
Casp9,-0.877608889875305,2.7445892444601403e-09,1.17905639112302e-07
Eif4e2,0.291196383174197,2.8272286583832e-09,1.2081875605692e-07
Mtdh,1.12200194709017,2.82875149517487e-09,1.2081875605692e-07
Arrb1,-2.22444658170129,2.8466348908991604e-09,1.21159355898725e-07
Vnn3,3.97927637550791,2.8531232814153704e-09,1.21159355898725e-07
Irf2,1.87029010790941,3.15468898527614e-09,1.3358164419602e-07
Spsb1,1.61983758046557,3.18925278512611e-09,1.34659364738839e-07
Olr1,1.64831420087083,3.62857455130151e-09,1.52772292647104e-07
Rasgrp3,-2.18627552447867,3.69779847850242e-09,1.55244505441218e-07
Lacc1,2.41000557404877,3.74792643744353e-09,1.56703565993901e-07
Slco5a1,1.53525094221849,3.75375980253357e-09,1.56703565993901e-07
Rbm7,0.883619793580879,3.81828861256345e-09,1.58948363708345e-07
Madcam1,3.78490301262835,4.27685506253544e-09,1.77537539646485e-07
Rnf31,1.8334107236194,4.39909052455652e-09,1.82100167428281e-07
Mast1,-1.79953412550427,4.6609873819334e-09,1.92402434441932e-07
Fam46a,3.16194721484204,5.093647396120931e-09,2.09676660779596e-07
Kpna3,2.1146208699797,5.25108026646624e-09,2.15556844938439e-07
G0s2,-2.29580337314747,5.4507770196778306e-09,2.23134578384485e-07
Armc2,-3.08429811820968,5.476502554833561e-09,2.23568383302018e-07
B3gnt8,-3.0205054482311,5.5213336059719106e-09,2.24777597876179e-07
Trim25,2.33203129499044,5.605709496299731e-09,2.27585645429444e-07
Smurf1,0.540702892492716,5.808975749761151e-09,2.35191900356083e-07
Tbc1d2b,0.919925096151011,6.1208316488763404e-09,2.47141120511187e-07
Lpar5,-4.46574824318785,6.2481938345647805e-09,2.51596208411985e-07
Cd14,3.24174880513548,6.27997131451042e-09,2.5218863066803e-07
Phc2,0.937639736803775,6.564991229873911e-09,2.62919892669584e-07
4933412E12Rik,1.86310305960062,6.938403183296921e-09,2.77123573629086e-07
Trim56,1.6504434755769,6.9787100647040505e-09,2.77982149154168e-07
Cdv3,0.59807827817849,7.063105008314051e-09,2.80587542507702e-07
Phlda1,1.45101406770096,7.3325142753072e-09,2.90509104451715e-07
Prokr2,4.81030405572106,7.37850759331525e-09,2.91549693085596e-07
Tnfsf15,3.68440224487781,7.895419369048961e-09,3.11142686495481e-07
AI467606,-3.94198471160954,8.523516523247341e-09,3.35001402075929e-07
Slamf7,5.0162725272682,8.99065203361022e-09,3.5242402056417e-07
Dgkz,-1.28687549439229,9.022328146464411e-09,3.52730067059394e-07
Gm6548,2.02991244192321,9.105897487365371e-09,3.55057923663022e-07
Rel,2.54578251512238,9.45250041950692e-09,3.67602766314403e-07
Arg2,3.05841170106209,1.00253945456199e-08,3.88859004186801e-07
Rxra,-1.1808902247036,1.00681651817655e-08,3.89495667686204e-07
AI837181,0.56726405099848,1.01402520178661e-08,3.91260167937403e-07
Dcp2,2.26883636304535,1.03806094994891e-08,3.994912687069e-07
Sash3,-3.58963451265758,1.04333997014885e-08,4.00479950100252e-07
Nbeal2,-1.86792819618743,1.05005650056597e-08,4.0201385920632e-07
Foxp4,0.999250233518846,1.06146764882565e-08,4.05332530086446e-07
Msantd3,0.75625202955488,1.11905151969623e-08,4.26220189641003e-07
Nfatc2,-2.94093884078787,1.31971673988527e-08,5.01356657635591e-07
Adhfe1,2.3187611095583,1.32778648213502e-08,5.03128939307472e-07
H2-Q5,4.14884228944828,1.38708147470823e-08,5.23848059837285e-07
Slc25a25,1.14224972972831,1.38955501053062e-08,5.23848059837285e-07
Gab3,-2.51634475187585,1.39668754436542e-08,5.25197163629316e-07
Nampt,2.29869203555188,1.40610574895544e-08,5.27396719747804e-07
Larp1,0.983683753733945,1.43106020746224e-08,5.3539766445258e-07
Bbs10,-1.18003835211917,1.44140339342583e-08,5.37905539092094e-07
Src,0.885236657771856,1.46133744846447e-08,5.43970902100956e-07
Psme1,1.50911904937553,1.49588895674135e-08,5.55433341776976e-07
Pwp1,1.58826345928229,1.55505980323134e-08,5.75956736144178e-07
Fmnl2,2.462934999846,1.61049061242956e-08,5.94995756762101e-07
Dll1,4.29222672403078,1.64175829272655e-08,6.0503501371354e-07
Rcsd1,1.72298591698414,1.72222659022351e-08,6.33111058465748e-07
Idnk,0.942985424346615,1.80249605057746e-08,6.60974854477261e-07
Zfp263,1.19394934862903,1.83266282730205e-08,6.70373546085885e-07
Pex10,-0.944479668993665,1.83954910168266e-08,6.7123102776954e-07
9930012K11Rik,-2.21764767341576,1.89369841020867e-08,6.89287564188762e-07
Trim34a,2.46398396688966,2.07272560682871e-08,7.52598010263258e-07
Creb5,2.67784468054237,2.25122015107102e-08,8.15405181189401e-07
Ext1,0.990556384016268,2.39917669254272e-08,8.66871226464456e-07
Gsap,2.57873295104235,2.40830850282921e-08,8.68048367190488e-07
Ppp4r2,1.28246142654451,2.42323880625501e-08,8.71304697781909e-07
Nt5c3,2.07852265855964,2.4665481134403e-08,8.84724466515067e-07
Uba7,2.63324924809527,2.6190861361411e-08,9.371635573824e-07
Ppfia3,2.01535486416861,2.66295749842897e-08,9.5056004617834e-07
Ldlrad3,-0.96222113427049,2.86146701522301e-08,1.01895806146905e-06
Fam129a,1.6374500641755,2.90205972027025e-08,1.03092881120562e-06
Irf9,2.19688229238643,2.98971540325748e-08,1.0595207249242e-06
1110038F14Rik,1.26746225365621,3.01929306317326e-08,1.06744289204724e-06
Acbd3,0.539178969153415,3.0636250411471e-08,1.08053104673203e-06
F10,4.5419525938872,3.11001417205347e-08,1.09428070082396e-06
Naa25,1.35478444661619,3.16967644074081e-08,1.11262419100398e-06
2610507I01Rik,-1.05975434349657,3.45943483914887e-08,1.21145801073322e-06
Spryd7,1.66022321776966,3.66660789437981e-08,1.28097237501525e-06
Amigo2,2.3376069534071,3.69070111708644e-08,1.28634861104489e-06
Tnfsf4,3.65940558051669,3.76506722247596e-08,1.30918031561764e-06
Tor1aip1,1.73012998944427,4.03239974628256e-08,1.39884515142168e-06
Dusp2,4.32264365334415,4.17661150133205e-08,1.44547926854063e-06
Ms4a4c,4.94610822875065,4.2320072641523e-08,1.4612290502253e-06
Mov10,1.94566653624954,4.344270876968e-08,1.4964949888073e-06
Rnf114,1.38330296675136,4.38291344315068e-08,1.50629522936932e-06
Ets1,1.07250406269635,4.41365586710553e-08,1.51334121587205e-06
Mmp13,2.49191849319523,4.42950883566626e-08,1.51526114753417e-06
Fry,-1.21955819087276,4.61396152851236e-08,1.57471416786041e-06
Trp53,0.79827513789303,5.0028240867403e-08,1.7025921928545e-06
Rnf19b,1.7842342965945,5.01169037685553e-08,1.7025921928545e-06
Pdxk,-1.35428006407317,5.19652954975479e-08,1.76133746986872e-06
Rcan3,-0.553514357669226,5.2343475289428e-08,1.77009583026812e-06
Rbbp8,1.25586547590059,5.30058254438225e-08,1.78840202833062e-06
Nup54,0.933633658615285,5.36480632676579e-08,1.8018433612942e-06
Vegfc,1.46542512168806,5.3616863984085e-08,1.8018433612942e-06
AA467197,3.35802396588325,6.00813420887284e-08,2.01333803489167e-06
Hip1,-0.721170969739956,6.04111402764439e-08,2.01980957241015e-06
Eva1b,0.884311501353051,6.13049071737878e-08,2.04506527813597e-06
Osgin2,2.22935267141171,6.4391906221868e-08,2.14320628411434e-06
Asb10,-3.37061024216932,6.59702632915923e-08,2.19080573241158e-06
Endod1,0.994215447835008,6.7504570458938e-08,2.23460557023754e-06
Rgs16,2.58271166665264,6.75916016982122e-08,2.23460557023754e-06
Nol10,0.731464044857154,6.77519956364845e-08,2.23490846320529e-06
Denr,1.0332109560307,7.04704592895937e-08,2.31424988307026e-06
Gdap10,2.645906377118,7.03745140216179e-08,2.31424988307026e-06
Zc3hav1,1.91712820131257,7.15877768260373e-08,2.3457298579494e-06
Tfeb,-1.05586209356616,7.46722284844624e-08,2.44138538173315e-06
Tsc22d3,-0.672645884368915,7.56091237827795e-08,2.46112694110554e-06
Arhgap18,-1.60457233086778,7.55489912400472e-08,2.46112694110554e-06
Wdr43,1.07283103610602,7.68186836382053e-08,2.49500331166021e-06
Csrnp1,1.86232791519878,7.81980114480088e-08,2.53423292363744e-06
Birc2,1.4833323200604,8.26074428395095e-08,2.6712752522588e-06
Tnfsf9,2.53020393517014,8.36388211691569e-08,2.69872161405633e-06
Samhd1,2.21446448899358,8.91461516273022e-08,2.87015648964765e-06
Ago4,-1.4845026308681,9.08596452198212e-08,2.91896486317069e-06
Ube2l6,1.54240924111245,9.27398508326882e-08,2.97290567376457e-06
Ccdc25,1.30396224136177,9.32565459668774e-08,2.98299834696648e-06
Pttg1,0.923687779389644,9.8437365947141e-08,3.14191661763898e-06
Htr2a,2.30830669666998,9.94716916301228e-08,3.16808762696111e-06
Usb1,1.70008157230271,1.00932688127418e-07,3.20770594655266e-06
Lrig1,1.0751533154761,1.03825634260858e-07,3.29256485645271e-06
D630003M21Rik,2.53847697049307,1.14474800308386e-07,3.62250235322768e-06
Sema4b,1.34163770910441,1.16149199658699e-07,3.66763434306892e-06
Ddx24,0.826318052512811,1.23477255740947e-07,3.8907183056284e-06
Rasgef1b,3.28528044733005,1.32672307410166e-07,4.17155608278178e-06
Smim3,0.966812530029627,1.38607789270719e-07,4.34892974488894e-06
Adi1,-0.911114949044205,1.45133910382296e-07,4.54404433819825e-06
Phf11c,3.31837015279159,1.4755841868496e-07,4.61018670470683e-06
Tbc1d16,-0.904522724264702,1.50239089202093e-07,4.68403641398426e-06
6430548M08Rik,-1.1372492783697,1.57129781524489e-07,4.88855560288189e-06
Ifitm3,1.90509427316749,1.60901787530524e-07,4.99539205068505e-06
Abcd1,-0.833833930577049,1.65212886238711e-07,5.10777412727128e-06
Sec24b,1.21656743666196,1.6503838661202e-07,5.10777412727128e-06
Nrros,-3.04250887684659,1.72934236127836e-07,5.3353280615807e-06
Ascc3,1.00392813200309,1.74530052606139e-07,5.37334399461149e-06
Fam78a,-3.0587968760463,1.75427078155492e-07,5.38973255921384e-06
Sh2d1b1,-3.69106772177944,1.7722726430409e-07,5.43374380059302e-06
Zbtb10,0.798174445056046,1.9525819987489e-07,5.97417324586154e-06
Ralgds,1.38052789562704,2.03701247435791e-07,6.21962197232668e-06
Cfb,2.61025247270642,2.04465861085785e-07,6.23009586623861e-06
Aida,1.19622668722142,2.07179990328e-07,6.29980637256621e-06
4930523C07Rik,1.33374438989844,2.15389226456432e-07,6.52944985414932e-06
Enpp4,1.74032441668299,2.16057719493776e-07,6.52944985414932e-06
Zdhhc5,0.505223898862039,2.15673927113927e-07,6.52944985414932e-06
2310014L17Rik,2.91455268238013,2.17217976738546e-07,6.55111685763722e-06
Sde2,0.508110307302206,2.18096053277286e-07,6.56420259741698e-06
Gtpbp4,0.553224337556935,2.28329596008152e-07,6.85824140204973e-06
Zbtb5,1.53038525597072,2.30684012785631e-07,6.91490535688854e-06
Gmeb2,0.922159559110919,2.36192914202278e-07,7.06570624712805e-06
Psma5,0.725979782509875,2.50769204668223e-07,7.48660061936767e-06
B930041F14Rik,-0.834627635681884,2.56282614325614e-07,7.63577515020952e-06
Batf,2.57175788187017,2.67931579899001e-07,7.96678649446163e-06
Akap13,1.09625517189302,2.88846121880695e-07,8.57142166496568e-06
Slc7a11,3.17087824659753,2.90574566042645e-07,8.60543273943528e-06
Car13,1.92225847372337,2.91286188581905e-07,8.60925458972678e-06
Stxbp1,0.885103582422932,3.04927710841852e-07,8.99445451261655e-06
Abcc1,1.03810029621029,3.37366602919872e-07,9.91173689453254e-06
Fam83b,2.0932937128498,3.36886252863279e-07,9.91173689453254e-06
Osmr,2.48638544778256,3.44921656203452e-07,1.01135957051084e-05
Sumo1,0.605610361374044,3.6844366068844e-07,1.07819018171362e-05
Slc26a11,-1.12355004927858,3.72180052594028e-07,1.08697170301078e-05
Tmem132e,2.89271483266962,3.73325444567143e-07,1.08816635499275e-05
Fam105a,-2.72153760163828,3.76810694411678e-07,1.09616307913696e-05
Casp7,1.64338846565171,3.87716062501426e-07,1.12374757193493e-05
Ldlrad4,0.694005305907409,3.87813818978762e-07,1.12374757193493e-05
Maff,1.55147146415638,3.89029889409011e-07,1.1250653044396e-05
Slfn4,4.6036372338014,3.90070135242062e-07,1.12587040207172e-05
Fam208b,1.57631173620243,3.95305556119969e-07,1.13654192769278e-05
Pcgf5,1.58863397037113,3.94747103705167e-07,1.13654192769278e-05
Tma16,1.8181014469385,3.9688093179591e-07,1.13885561360776e-05
Dolpp1,-0.785446763975766,4.07852750061803e-07,1.16807130628165e-05
Pip5k1a,0.51503718903957,4.16867759674971e-07,1.19158060976339e-05
Oas1g,3.74949489140339,4.22058646824243e-07,1.20408932099781e-05
Dnttip2,0.345835494112653,4.2846058914593e-07,1.21999818620396e-05
Gphn,1.60625278872746,4.32353466937545e-07,1.22494715164368e-05
Mitd1,1.72423797807215,4.32685351981324e-07,1.22494715164368e-05
Snx29,-1.10734364142998,4.3170177332372e-07,1.22494715164368e-05
Lad1,3.73855246710288,4.46987085872245e-07,1.2630162820306e-05
Trafd1,1.61694713403964,4.48414157190431e-07,1.26463061354202e-05
Arhgef3,2.36947029110237,4.62832574390853e-07,1.30280757797105e-05
Znrf1,1.09457419278167,4.81957367182203e-07,1.35406197190467e-05
Vasp,1.36449309073402,4.83323964697168e-07,1.35532477235194e-05
Aebp2,0.988763382787561,4.85400321964674e-07,1.35856931022613e-05
Serpina3h,4.00115092089811,4.97729147223644e-07,1.39044259691323e-05
Narf,-1.02758983955492,5.03633392851731e-07,1.40428193954017e-05
Kat6b,-1.04983877423083,5.07585263161213e-07,1.41120741566531e-05
Smad9,-1.20144565357041,5.08027030135299e-07,1.41120741566531e-05
Ubtd2,1.24222162391823,5.12113852513778e-07,1.41989090289843e-05
Gsdmd,1.03904069096547,5.16554084601886e-07,1.42951989929713e-05
Gfpt2,1.92541639363925,5.18308966653896e-07,1.43169531013295e-05
Ell2,1.08588512160074,5.61571306032205e-07,1.54830238069849e-05
Trim12c,1.63083316095788,5.75666739484723e-07,1.58420913893952e-05
Eya1,-1.66030877937039,5.88635949891423e-07,1.61688886012927e-05
Spred1,1.71642506112023,5.92843468628382e-07,1.62542500545273e-05
Itpripl2,0.916737822002698,6.17356169423563e-07,1.68949805032248e-05
Aatk,-2.65166852095023,6.48471891672307e-07,1.76979030132107e-05
Rmdn3,1.13157344301461,6.49090772307498e-07,1.76979030132107e-05
Ppp2r2a,0.787921702170065,6.5468579757734e-07,1.78175814301988e-05
Cep250,-0.742580880678909,6.5803926337865e-07,1.78759269011207e-05
Cerk,-1.62193723780302,6.59604663681161e-07,1.78855737979453e-05
Usp16,0.43076492779309,6.63287735807792e-07,1.79525021241164e-05
Rassf7,-0.929554813811797,6.8122403755487e-07,1.84042574533562e-05
Rnf122,2.21454264763103,6.91397251553227e-07,1.86450156632365e-05
Zc3h15,0.454349814287207,7.02856404797657e-07,1.89195117488156e-05
Tslp,2.45219724899413,7.11689625511446e-07,1.91224532469239e-05
Nlrc5,3.13001037296326,7.91872869459804e-07,2.1234599424804e-05
Nlrp1b,-3.56912643432933,7.93172207503846e-07,2.1234599424804e-05
Dnmbp,-0.624946278674201,8.0221563544077e-07,2.13991744775157e-05
Ptprj,2.01069154346064,8.01432804290307e-07,2.13991744775157e-05
Lbp,2.34467170428388,8.14464394630481e-07,2.1647760474549e-05
Cx3cr1,-2.80617599490228,8.1397993937341e-07,2.1647760474549e-05
1700017B05Rik,-0.960785343073097,8.6250691569198e-07,2.28835317775513e-05
Psmb9,2.67023267259578,9.14328336631055e-07,2.4214953689487e-05
Cd74,2.50889655579601,9.1974411978582e-07,2.43148096640337e-05
Foxo3,-0.78784964040515,9.21838911674075e-07,2.43266704227134e-05
Fbxo31,-0.785684542470057,9.26638495664229e-07,2.44097391959465e-05
Mfsd7a,3.20556036110914,9.40037286497895e-07,2.47186317079464e-05
Zc3h7a,1.12014381276434,9.60252902403317e-07,2.52053594879507e-05
Ttc39c,1.56323775426381,9.6362571624127e-07,2.52490440330026e-05
Cxcr4,-3.78888616114943,9.90466292712194e-07,2.59063909269041e-05
Sqstm1,1.50034200871685,1.06230261696928e-06,2.77362333455337e-05
Usp12,1.67133953938598,1.08659131448584e-06,2.8320364101361e-05
Ptpn9,0.512022578241577,1.09735746951093e-06,2.85299339552144e-05
Tor1aip2,1.09883310731238,1.09849319397192e-06,2.85299339552144e-05
Akna,2.01668394285877,1.1023644961237e-06,2.8580250041607e-05
Traf3ip3,-3.67829378705901,1.1150692952731e-06,2.88590088363325e-05
Neurl2,-0.900188953170671,1.1221291870617e-06,2.89909530181779e-05
Kctd12,2.28185183937721,1.16916953507551e-06,3.01535556533088e-05
Sp110,2.84562955501066,1.20076719468645e-06,3.09145254408995e-05
Timm10,0.69393948113768,1.22810187406921e-06,3.15632860782519e-05
Lcp2,3.59677445897371,1.3262887094233e-06,3.40275947011415e-05
Chst14,-0.484662751347626,1.38384195800395e-06,3.54426628342849e-05
Mapkbp1,1.21027144470866,1.39072731052176e-06,3.5557384420226e-05
Hyal1,-1.05936315066113,1.39913770006862e-06,3.57106337333575e-05
Plagl2,1.67444008307195,1.41605715341417e-06,3.60801596778527e-05
Dyrk2,1.18779281280719,1.42282909207928e-06,3.6190306923834e-05
Bambi-ps1,2.48147281714568,1.43489266192211e-06,3.64344394465378e-05
Nat6,-0.840698348137379,1.44262422356799e-06,3.65679258591556e-05
Nfe2l1,0.547748270318765,1.47951188400854e-06,3.74387442155448e-05
Sec22c,-0.563766552227766,1.54965323592094e-06,3.91466248212644e-05
Pglyrp2,3.98466785204452,1.57424197427357e-06,3.96999110850083e-05
Slc39a14,0.770966213185702,1.63485929678468e-06,4.11583487016763e-05
Sema6b,-2.12240943383084,1.71942081789593e-06,4.32136068824253e-05
Rnd3,0.852740243983796,1.72312459142558e-06,4.32331667437814e-05
Nat8l,-2.97011089467937,1.72842114114407e-06,4.32925552946222e-05
Kcnj10,-3.0225387477198,1.74428433856852e-06,4.3615962699434e-05
Sntb1,1.52641049528766,1.74823371188174e-06,4.36408746523452e-05
Srgn,3.4344207205572,1.7911592557636e-06,4.46370176756737e-05
Klc4,-0.697727776105831,1.79656049984022e-06,4.46962475869341e-05
Ampd3,1.80331730712178,1.80916457971524e-06,4.4836966982804e-05
Ddx21,0.565016517285234,1.81398884386656e-06,4.4836966982804e-05
Oas1a,3.15771220483204,1.81435283906596e-06,4.4836966982804e-05
Pnpt1,1.62195912785071,1.805303320336e-06,4.4836966982804e-05
Mvb12b,-0.449078858219486,1.81791185838891e-06,4.48499189370139e-05
Lrch1,1.55615708888605,1.82251355686094e-06,4.48885089054849e-05
Tmem200b,1.97786139665369,1.86208805508235e-06,4.57869172678983e-05
Elavl1,0.389821528184471,1.86633787779739e-06,4.58151846479897e-05
Prdx5,1.03879400404412,1.86982079668285e-06,4.58245634052723e-05
Ttc5,-0.476144520585205,1.90098381186077e-06,4.65111569067524e-05
Spata5,0.571589896823792,1.95954503464338e-06,4.78647215239006e-05
Nedd4l,0.619935835625043,1.97548497605546e-06,4.81744504556891e-05
Slc25a22,1.52479024111857,1.99624715904369e-06,4.86005609824508e-05
Azi2,1.10436526219512,2.00493668942225e-06,4.87318328886218e-05
Tmem86a,-1.41021760638842,2.02460315053344e-06,4.91290399976735e-05
Sf1,0.392504974339108,2.0285250319657e-06,4.91435129875233e-05
Samd1,-0.958579917299695,2.14274235756921e-06,5.18256081180979e-05
Sav1,1.06021178678576,2.16727238363151e-06,5.23332537341609e-05
Arhgef39,-1.93759341921937,2.32763702256247e-06,5.61138987266366e-05
Itpkb,0.880173211012108,2.33420625771722e-06,5.61806190171743e-05
Aph1c,-2.89913252362973,2.34691343445726e-06,5.63946125762755e-05
Kars,0.68269437852018,2.41140846484359e-06,5.78503154114586e-05
Wnt9a,-1.33404883748184,2.453446841993e-06,5.87634318168113e-05
Trim13,1.31222533719827,2.53571803065072e-06,6.0635665140706e-05
Notch2,1.28029467502889,2.58458869570892e-06,6.17044454687988e-05
Rtn4rl1,-2.88847587898578,2.60768666642999e-06,6.21554734782298e-05
Tmem144,-0.649503047677018,2.63462972258659e-06,6.26965507896693e-05
Rasgrp1,1.7892788580387,2.72713797615887e-06,6.47936414978711e-05
Usp25,1.38396668638456,2.7409054013585e-06,6.50162119121604e-05
A930015D03Rik,2.45643087140857,2.79389268225395e-06,6.60610336933583e-05
Slc46a3,-1.83227702679959,2.79015394472791e-06,6.60610336933583e-05
Crat,-0.560732175144042,2.82835746448821e-06,6.67691159907455e-05
Apol9b,3.13303419477757,2.88425330313074e-06,6.79800563216365e-05
Lsg1,0.420938766088797,2.96491884091854e-06,6.97700169284938e-05
Clasp1,0.396756406671105,3.01626185651746e-06,7.07528852628811e-05
Fam83c,2.20057378195798,3.0135539315099e-06,7.07528852628811e-05
4930453N24Rik,0.895350795905896,3.03086828127598e-06,7.08705244631272e-05
Zfand4,-1.14743509783406,3.02706413082887e-06,7.08705244631272e-05
Arel1,1.23486996276948,3.06585120414007e-06,7.14968817204503e-05
Trim26,1.34857834525639,3.06733137168531e-06,7.14968817204503e-05
Gm6377,3.46292455427763,3.1211815198654e-06,7.26375125993241e-05
Nmd3,0.623198643731425,3.1399064116391e-06,7.29583914327085e-05
Ino80,0.835126455807223,3.18552899693265e-06,7.39022723966573e-05
Ep400,1.08431493245557,3.19287312045146e-06,7.39565501160372e-05
Lhfpl2,-1.82965395168801,3.26894326212393e-06,7.56000681184153e-05
Prpf38a,1.24509858227141,3.33990974038216e-06,7.71206033490118e-05
Wdr59,1.11887214124839,3.35086757505077e-06,7.7252918914353e-05
Polr3g,-0.854893624182326,3.42799758321566e-06,7.88281977487254e-05
Tlk2,1.02301282414692,3.42986406499056e-06,7.88281977487254e-05
Ltv1,0.506277055720568,3.49613607592311e-06,8.02265511335275e-05
Mknk2,-0.805099455616054,3.50402154015075e-06,8.02828377059656e-05
Gm16712,2.85759114497845,3.5391157285097e-06,8.0961381170149e-05
Bfar,0.581574410919833,3.60199473663612e-06,8.22724547418988e-05
Peli2,-1.26615523607009,3.6506078751874e-06,8.32541407091348e-05
Rars,0.77352322517699,3.68099444380863e-06,8.38177748699598e-05
Cebpa,-2.76155326325216,3.79614155781215e-06,8.63067383713046e-05
Ldlrap1,-1.08678899248402,3.80631498640835e-06,8.64051042536753e-05
Slx1b,-0.89282040001947,3.83386013684344e-06,8.6896909666062e-05
Lrsam1,-0.48850714088564,3.8448832837852e-06,8.7013300410073e-05
Tsr1,0.549406391675036,3.85137732494444e-06,8.70269940489739e-05
Ptges,2.23053373732354,4.06693762219712e-06,9.17575636348535e-05
Adrbk2,2.29222631903963,4.08918470746841e-06,9.21188591569636e-05
Rbm43,1.49996403227345,4.16358853351464e-06,9.36522242743977e-05
Rttn,-1.45429480720332,4.19089069493368e-06,9.412307399655e-05
Ccl9,3.3417758366536,4.32006096404819e-06,9.68768754578212e-05
Sub1,0.498259276867849,4.37908614760274e-06,9.80517198322322e-05
Ankrd33b,3.09391720892169,4.47419324271887e-06,0.0001000296940104
Tbc1d4,-1.21528287750658,4.49107568038899e-06,0.0001002554628471
Ctns,-0.594280854345827,4.54185226640372e-06,0.000101236037395
Mllt6,1.48963500451372,4.60553727715758e-06,0.000102254912612
Slco3a1,1.52083579240048,4.60734115454544e-06,0.000102254912612
Fgd4,-1.1191721270234,4.60832127484305e-06,0.000102254912612
Itga4,3.26428692188773,4.66108960339875e-06,0.0001032707378696
Smg7,0.937451952903756,4.6910774557232e-06,0.0001037795548513
Psma4,0.435151248059349,4.74545115206305e-06,0.0001048255263455
Klf6,1.44398375384464,4.84146241461073e-06,0.000106786763527
Snx4,0.372580895602399,4.94005033366687e-06,0.0001087989028776
Ccnl1,0.96804716036834,4.99304752783933e-06,0.0001098024648309
Jade1,-0.939831485865719,5.12554370629226e-06,0.0001125487145491
Rgs9,1.77771648386493,5.1348648008084e-06,0.0001125861009292
Nup98,0.649234260202586,5.22609639765501e-06,0.0001144166704659
Socs7,1.02334106642266,5.33668711714842e-06,0.0001166650328657
Zcchc11,1.80902156456475,5.53245048321453e-06,0.0001207659575198
Il6ra,-1.64822096774147,5.64137427826869e-06,0.0001229619897997
Mak,-2.14019106997,5.78195029959004e-06,0.0001258404440756
Sap30,1.33654149802736,5.82002182179347e-06,0.0001262970374191
Usp42,1.32440797193812,5.81746174456436e-06,0.0001262970374191
Irak3,1.23386161610532,5.908742929901e-06,0.0001280343152757
Celf5,-0.710067848838098,6.02339334174331e-06,0.0001303275355846
Fbxo21,-0.791954459436938,6.04275191912495e-06,0.0001305552454105
Fam83f,-2.27065420959364,6.07860283388297e-06,0.0001311380915023
St3gal3,0.834135290484401,6.10651534976605e-06,0.0001315482271703
Ston2,-0.933515630633318,6.29199510492908e-06,0.0001353465846588
Prokr1,-2.35017401579802,6.35601517912135e-06,0.0001365249888329
H2-T22,1.96683021553454,6.50034357842842e-06,0.0001394224635733
Dtwd1,1.01225956997653,6.69571730392319e-06,0.0001434047975614
Rfx5,1.32186805038368,6.82174455803246e-06,0.0001458925341224
Iqsec1,-0.719319125722984,7.03070072509966e-06,0.000150144068375
Dhrs3,-1.47682383548953,7.11803065910776e-06,0.0001517896927565
Arhgap12,-0.430158957919512,7.18580589440403e-06,0.0001526892564349
Fam117b,-0.367572234419614,7.19489462766866e-06,0.0001526892564349
Ptgs2,2.20291473708647,7.18195908994146e-06,0.0001526892564349
Tgif1,0.763858093059135,7.20154362803883e-06,0.0001526892564349
Atf4,0.515659553951678,7.28925844973254e-06,0.0001543275950861
Lbh,-1.34646462829184,7.30015075486176e-06,0.000154337092783
Msrb2,-0.586426774784964,7.32202373872668e-06,0.0001545783811584
Spata2l,-0.895608601055863,7.40357356703987e-06,0.0001560456816762
Myo1e,-1.17474876908114,7.41264504917516e-06,0.0001560456816762
Top1,0.712277569251008,7.47434765777099e-06,0.0001570536467918
Zbtb1,-0.657906290406519,7.48178152263185e-06,0.0001570536467918
Uspl1,0.399288685202363,7.51398191332941e-06,0.0001575058506598
Ski,-0.657712189062658,7.56121877481553e-06,0.0001582715170739
Rhob,0.811376470847693,7.59533204778474e-06,0.0001587607029733
Baz2b,0.736457397957148,7.64296514710183e-06,0.0001595307047229
Stau1,0.4805644234987,7.66723696653315e-06,0.0001598116049244
Tmem19,-0.532144102595479,7.82551565771277e-06,0.0001628809442108
Rassf10,2.77997301686022,7.95742587098443e-06,0.0001653935858247
Sord,-0.721653321560248,8.20245168356946e-06,0.0001702469536233
Mvp,0.54612897880475,8.31726084377995e-06,0.0001723877710369
Psma6,0.565833810395167,8.33185498716904e-06,0.0001724483935579
Psme2b,1.55891463957412,8.38658274003595e-06,0.0001733383492758
Elk4,0.599342479864904,8.4162480428538e-06,0.0001737085385157
Serpinb2,2.89159306901826,8.56217383189404e-06,0.0001764739259243
Tnfsf11,3.93352958216926,8.76836473873643e-06,0.0001804719973663
Adrb1,-2.05279434991232,8.83640860438633e-06,0.0001816195359605
Cdc25b,-2.02255249523211,8.86522960712875e-06,0.0001819588376863
Eif1a,0.798798440177035,8.94718137669819e-06,0.0001833861947085
Il21r,-2.63570817911153,8.96845086190791e-06,0.0001835675440959
Rapgef2,1.38778269172568,9.00141196972966e-06,0.0001839873666509
Amigo3,1.11076141483845,9.04864251167372e-06,0.0001846972914882
Optn,0.849965789631263,9.07330304954042e-06,0.0001849452034015
Abi3,-2.29586884866727,9.12802450915624e-06,0.0001857065543816
Skiv2l2,0.351143344775059,9.1357873213886e-06,0.0001857065543816
Ppa1,0.857930516372603,9.19663324120604e-06,0.0001866781817291
A3galt2,2.17350924967413,9.20885062122866e-06,0.0001866781817291
Foxj2,-0.467180819142623,9.24120972375796e-06,0.0001870775305447
Ppp2r1b,0.49155472601311,9.25813180016223e-06,0.0001871637096344
Col9a3,1.09252086732149,9.30813828982617e-06,0.0001876612109782
Tmem67,1.65610145518163,9.29926298080263e-06,0.0001876612109782
Usp31,0.927224587023807,9.62930970397633e-06,0.0001938718512334
Eif2s1,0.499416063390352,9.6461355522479e-06,0.0001939463825729
Bud31,0.521699562875333,9.71903740498385e-06,0.0001951466505038
Gpr183,-3.17290815033561,9.8062050406864e-06,0.0001966297124711
Ddhd1,1.76167679523629,1.00882900135284e-05,0.0002020118561245
Slc39a1,0.410414250170298,1.03366377485127e-05,0.0002067047803078
Tfec,3.0488079243212,1.05327057382812e-05,0.0002103409802707
Mtmr7,1.62521188928321,1.05977321962002e-05,0.0002113539627468
D330045A20Rik,-1.71001272077126,1.06492742193762e-05,0.0002120956528489
Samd4,0.600025469434231,1.07473074067569e-05,0.0002137600388385
P2ry1,-1.64209665843519,1.08431139446238e-05,0.0002153757229484
Fnbp4,1.27557846173534,1.08633728979758e-05,0.0002154884895117
Pcbp1,0.393392930567819,1.11682361891439e-05,0.0002212388664921
Psmb8,2.50193293208352,1.12151212241418e-05,0.0002218702295185
Foxs1,1.84649126158686,1.12837861948008e-05,0.0002229302037256
Ebi3,3.52596402196083,1.15342588094257e-05,0.0002272710355809
Cacybp,0.860867094695661,1.15254030216867e-05,0.0002272710355809
Kmt2a,0.626768076762188,1.15596315630157e-05,0.0002274676900642
Mat2a,0.353120318372251,1.16231189637734e-05,0.0002284128351684
Otud5,0.601544236802248,1.19972231912153e-05,0.0002354514798403
Etf1,0.580062127111437,1.23516183386264e-05,0.0002420851668544
1810034E14Rik,-1.16652940976308,1.24740415224638e-05,0.0002441607756542
Mtcl1,-0.717801484124454,1.26165060732322e-05,0.0002466226544315
Parp3,0.755725879845416,1.27361360144852e-05,0.0002481883636276
Gm13889,3.00055108382015,1.27469866012557e-05,0.0002481883636276
Adipor2,-0.369508940477947,1.27365540118576e-05,0.0002481883636276
3110001I22Rik,1.24304125626597,1.2787031545882e-05,0.0002486404634013
Rcl1,0.637782595456779,1.28100976194071e-05,0.0002487616591584
Rtn1,3.1115234167594,1.29193783839822e-05,0.0002505545587381
Etnk1,1.34226028800288,1.31057408203912e-05,0.0002538356983535
Armc8,1.04353627427605,1.33150880739998e-05,0.0002575008547711
H2-K1,1.56081121931885,1.33298250033794e-05,0.0002575008547711
Ubr4,0.694076300511128,1.34991075091386e-05,0.0002601965589765
Plekhn1,1.69732297634717,1.35221922651221e-05,0.0002601965589765
Ccdc69,-1.41736144570073,1.35119303674066e-05,0.0002601965589765
Areg,2.80606085687713,1.37680563594727e-05,0.0002645830128482
Srfbp1,0.654458978389514,1.38894059453541e-05,0.0002665683650135
Tmem171,2.85259282200341,1.45534773775292e-05,0.0002789510877887
Idh1,-0.645488435461774,1.46347822370972e-05,0.0002801461294039
Hes6,-0.628024305107803,1.50938688092123e-05,0.0002885604052555
Eif4ebp2,-0.577538537811644,1.51488180938098e-05,0.0002892367361632
Rnf24,0.719454542735124,1.53296866662804e-05,0.0002923123994248
Asic3,1.53391178923895,1.54059916058791e-05,0.0002933888452985
Amigo1,-0.998951982267346,1.54323385412809e-05,0.0002935123538777
Rgs18,-3.55374902528437,1.54685313874299e-05,0.0002938225666368
Spty2d1,0.892573828636922,1.57007410920932e-05,0.0002978505158651
Tbc1d2,-0.906550781062793,1.58457341863702e-05,0.0003002157177002
Ranbp1,0.620164405439938,1.58784899571732e-05,0.0003004511198298
Adm,1.77236467140075,1.59018721747115e-05,0.0003005087813272
2810474O19Rik,0.959060783524832,1.60000515594976e-05,0.0003014345973599
Nfam1,-3.55954938756702,1.60120556859905e-05,0.0003014345973599
Nufip1,0.760780519299775,1.60001083538757e-05,0.0003014345973599
Madd,-0.921884802548751,1.64673240208941e-05,0.0003092174261509
Cdk19,-0.723004953895781,1.64506052435888e-05,0.0003092174261509
Wdr48,0.387339059597016,1.6518609424798e-05,0.0003097868148219
4933426M11Rik,0.68438218391286,1.69963125334912e-05,0.0003183415799999
Heca,0.582166609705637,1.70301045579725e-05,0.0003185707407059
Dhdh,-1.25890448701204,1.76346703927179e-05,0.0003294629065279
Hnrnph2,0.452386718152123,1.78562319017359e-05,0.0003327609016946
Twf2,-0.569298661697236,1.78406136254747e-05,0.0003327609016946
Acad12,-0.830114028383753,1.82248257726909e-05,0.0003392021099103
Inpp5d,-3.207650322351,1.84352429134776e-05,0.0003426868173275
N4bp1,1.07072739864392,1.85863060760803e-05,0.000344718280607
Nr4a3,2.38509720451823,1.85911807852115e-05,0.000344718280607
S1pr1,-2.22397736674321,1.86241073109077e-05,0.0003448960624568
Ncoa5,0.69661195952798,1.86704760479368e-05,0.0003453220213221
Zfp316,-0.721169116777958,1.87600402063866e-05,0.0003465448427124
Snx10,1.46773878564884,1.88234090873991e-05,0.0003472813227135
Gm14005,1.71206091470073,1.8978703649173e-05,0.0003497098285878
Mapk6,0.557000246871597,1.93660606784267e-05,0.0003564030444654
Cbx8,-0.861632054070668,1.94924909751616e-05,0.0003582836214315
Elf1,1.04741787902106,1.95330801363031e-05,0.0003584840440274
Shisa3,3.1523765580801,1.95519109139338e-05,0.0003584840440274
Ptplb,0.627025292955949,1.99169136938675e-05,0.0003647238544832
Bin2,-3.22017995607115,1.99417062303119e-05,0.0003647259092469
Ankrd37,-1.92783401790499,1.99809660477985e-05,0.0003649922327
Aff1,0.851491703972867,2.01530926894333e-05,0.0003676819799561
Fam133b,0.701508585605706,2.04098409158609e-05,0.0003719070641856
Il20rb,1.00010264824488,2.06172337319935e-05,0.0003752234976495
Stat3,0.591937698055685,2.06571187562941e-05,0.0003754869630756
Rap1b,1.20336670699858,2.09178372642833e-05,0.0003797589669429
Nav2,-1.15387607654362,2.16938848314484e-05,0.0003933646994345
Abhd16a,0.577870003076974,2.18788986941758e-05,0.0003962332903217
Rrp7a,0.650857613746577,2.19443718597467e-05,0.0003967229052531
Supt6,0.337541411651377,2.19596248813841e-05,0.0003967229052531
Nrp2,1.09441846740719,2.22406005418637e-05,0.0004013084185685
Pml,1.64633468577999,2.23500592911037e-05,0.0004023010672398
Rps6ka4,0.532904731837753,2.23448458948943e-05,0.0004023010672398
Csde1,0.443609453612886,2.26267781173081e-05,0.0004067865292184
Ralb,0.644172514510275,2.3069363625986e-05,0.0004142394358017
1810011H11Rik,-3.11400872870069,2.31533791328097e-05,0.000415243491292
Mafk,1.12499966746817,2.3347788885867e-05,0.0004182225747337
Cep85l,0.997415219805953,2.33830825378037e-05,0.0004183476921836
Zeb1,0.603888246730668,2.34553187053534e-05,0.0004191326479174
Cd47,1.30065054191099,2.37464906796436e-05,0.0004238232358258
Slc44a1,1.27212577950509,2.37925538390837e-05,0.0004241331250108
Ube2e2,0.44242407899953,2.38366491451235e-05,0.0004244072302007
Tox4,0.760259421589476,2.38745205695399e-05,0.000424569993955
Adrb2,-1.20256676978287,2.40301461306109e-05,0.0004268239176901
Sdad1,0.977298330808659,2.40786210410319e-05,0.0004271715026943
Gprc5b,1.1128481831269,2.47284991100681e-05,0.0004381747720007
Dnajc28,-0.676640378456744,2.53182341903031e-05,0.0004475512737611
Tbccd1,-0.538492303576725,2.53076348465912e-05,0.0004475512737611
Gfi1,3.80626499259881,2.54837654822677e-05,0.000449939171203
Nckap5l,-0.819163940565519,2.55576911054495e-05,0.0004507059178476
Efcab4a,-1.07063808033668,2.56113762289112e-05,0.0004511143240892
Rnf4,0.493585205505522,2.59288486162202e-05,0.0004560982535125
Fam102b,1.23785090677566,2.59560584114265e-05,0.0004560982535125
Zfp382,1.28632600458846,2.63330436006911e-05,0.0004621730621508
Slc31a2,1.09916388066776,2.69499589778654e-05,0.0004720768069588
Usp3,0.504080406737095,2.69612143100055e-05,0.0004720768069588
Tef,-0.679133448677583,2.71879926052798e-05,0.0004754842067702
Plekha4,1.71246681641853,2.73080477890099e-05,0.0004770193028675
Mn1,-1.46213285360274,2.76865683424707e-05,0.0004830603388016
Scfd1,0.382733614749444,2.78726933290153e-05,0.0004857342712455
Ncoa2,-0.422274947464476,2.87698027531267e-05,0.0005007775560491
Rasa2,0.707247456387504,2.93502186390612e-05,0.0005102794482918
Ctsc,1.95789734520169,2.9510406583724e-05,0.0005124615610978
Clcf1,1.16212503033509,2.97481935298225e-05,0.0005159845117179
5-Mar,1.17185402896588,2.98491063238887e-05,0.0005171278936159
Nudt9,0.61403445401452,2.99269635758396e-05,0.0005178696343369
Arid3a,-1.44805743789432,2.9962213681733e-05,0.0005178732091095
Abi1,0.794793959383116,3.07540871227277e-05,0.0005309391349295
Gch1,1.70721722936877,3.0894712071842e-05,0.0005327445215842
Fn3k,-2.30099070318522,3.14219568846058e-05,0.0005412047538935
Morc3,1.19597525185082,3.15841007858126e-05,0.0005433641925643
Sec23b,0.539220591750577,3.19060099132762e-05,0.0005477286386142
Cblb,-1.02577620014849,3.19119202765523e-05,0.0005477286386142
Gmppb,0.584903530797864,3.20934389757612e-05,0.0005502051521853
Ppcdc,-0.710012556152234,3.21857076203098e-05,0.0005511476097484
Lrrc41,0.42534990851518,3.25375582827503e-05,0.0005565278197945
Osbpl7,-0.567881027546629,3.291445651163e-05,0.0005623235125189
Morf4l2,0.363720821625926,3.42941630761349e-05,0.0005852184087056
AU022793,-2.60793297942385,3.43390176140561e-05,0.0005853079611309
Vcpip1,0.993298079823093,3.5309576085154e-05,0.0006011577366202
Klhl6,-1.61451693723089,3.56493542842915e-05,0.0006062441399462
Tpra1,-0.732672409307218,3.57198981491197e-05,0.0006067455802847
Zbtb46,0.965189638857168,3.60536081176099e-05,0.0006117109308404
Nop58,0.686923549095839,3.61672306927087e-05,0.0006129350174046
Ece2,0.787416508990568,3.6821986896075e-05,0.0006226033436501
Ifngr2,0.526876652168179,3.68155255718726e-05,0.0006226033436501
Lrrc8c,0.494335322334887,3.76317823969848e-05,0.0006355685488715
Lrrfip2,0.858965385994307,3.77534634832127e-05,0.0006368957572544
Ephb3,-1.3990928290367,3.80331000960648e-05,0.0006408815886198
Tifab,-3.57167443626545,3.84160833081249e-05,0.0006458622060608
Sipa1,-1.27897176747341,3.83769217581754e-05,0.0006458622060608
Syvn1,0.465757284257984,3.89973687614741e-05,0.0006548899040421
Raph1,0.642911544124665,3.91806525450572e-05,0.0006572209799215
Misp,2.67849995692444,3.9520444597343e-05,0.0006621690819269
Sertad2,0.630909994563845,3.97143053661636e-05,0.0006642360015822
Taf7,1.1916353729579,3.97337004600544e-05,0.0006642360015822
Creg2,-2.80723692146296,4.10133792441948e-05,0.0006848539191759
Bhlhe41,-1.24708955163711,4.1099575923853e-05,0.0006855186602739
Cln6,-0.848312254742231,4.11724205823592e-05,0.0006859594491162
Hlx,-1.13323761840912,4.12684698271067e-05,0.0006860128763835
Eif2s2,0.505054376774547,4.12398049988732e-05,0.0006860128763835
Appl2,-0.526003795365633,4.1371381331652e-05,0.0006869508688979
Bdkrb1,3.1208212337603,4.18265335668055e-05,0.0006937289708757
Slc43a3,1.87660285235401,4.2065521809595e-05,0.0006969106292625
Gpd1l,-0.524566213822357,4.22477153499781e-05,0.0006991452826897
Trim65,-1.07826113058315,4.23542520933105e-05,0.0007001243148041
Golph3,0.46107135504435,4.26936896127706e-05,0.0007049467542989
Gspt1,0.353347453286071,4.27478355450452e-05,0.0007050530286659
Hap1,2.12647165404764,4.30663916332266e-05,0.0007095152012885
Pard6g,0.57178682456583,4.31682608352484e-05,0.0007104015129435
Acsl4,0.701595696209198,4.3302329471954e-05,0.0007118151556579
Mast3,-0.93108363075359,4.37716119176282e-05,0.0007187298676874
Pparg,-2.26991150160028,4.42070126215003e-05,0.0007250735100116
Rnaset2b,1.80307228720532,4.46170352189489e-05,0.0007309873020683
Irak2,1.27701535149005,4.48302809119168e-05,0.0007336676537279
Nlrp1a,-2.7901759793656,4.50815622368104e-05,0.0007369638570083
Lrch3,0.606256494181722,4.5742026347025e-05,0.0007469344368578
Tnfaip8l2,-2.67278174618708,4.59135073086854e-05,0.0007489070761674
Rsl24d1,0.674075993753288,4.64634336157252e-05,0.0007570414795735
11-Sep,1.07953368795562,4.66952497055721e-05,0.0007599806169041
Stard13,-0.9057713637173,4.70839234790825e-05,0.0007654633896302
Ttc38,-0.743881471775395,4.7171077755408e-05,0.0007660375682081
Kif21b,-1.41072311594443,4.74314519389999e-05,0.0007694204135615
Fbxw11,0.549914485570718,4.77518228424136e-05,0.0007737680240846
Tbc1d1,1.16577430710285,4.84559613803425e-05,0.0007843178502504
Gprc5a,0.910683263618471,4.87156960281855e-05,0.0007876592515366
Kcng3,2.62080758302236,4.89776690424981e-05,0.0007910295006667
Adam17,1.17704583218265,4.93642676602177e-05,0.0007964029994352
Rfx2,-1.01346918215064,4.95563017867322e-05,0.000798629256057
Anks6,-0.83190821170726,5.04435446769352e-05,0.0008120421603875
Cpsf2,0.624866712371291,5.0511835013895e-05,0.0008122566897011
Sesn1,-1.00734760592943,5.06713514043158e-05,0.0008139361207097
Ankfy1,0.900414628137479,5.10201564002087e-05,0.0008186491544867
Siae,-0.459348611486054,5.16525349551543e-05,0.0008278971383592
Camkk2,0.964492445132839,5.25617968643512e-05,0.0008415582167512
Abi2,0.617244339792064,5.29878430540636e-05,0.000847461411962
Kiz,1.11521559129719,5.327137749154e-05,0.0008510750449405
Map4,0.283294157750234,5.37374137657235e-05,0.0008575934132071
Cmtr1,0.720256557791851,5.45051500060955e-05,0.0008689073428156
8430419L09Rik,-0.888321890918122,5.47091602059175e-05,0.0008697062536185
Il17ra,1.05010192330133,5.47906700581207e-05,0.0008697062536185
Mblac2,-0.891943615659018,5.4739694957284e-05,0.0008697062536185
Zfp281,1.22977329460271,5.46789468985637e-05,0.0008697062536185
Ccdc142,-0.942505282338674,5.50063017148223e-05,0.0008712573705698
Cdca7l,-2.00886074576898,5.49487709412603e-05,0.0008712573705698
Fbxl8,-0.74989965665151,5.53635389296547e-05,0.0008759768504308
Fndc3a,1.35951997568839,5.55544456240532e-05,0.0008780573234569
Bcar3,-0.90172706876398,5.60528804205041e-05,0.0008849887466391
Vps13c,-0.603706803345216,5.64612519668637e-05,0.0008904849323012
Depdc7,-0.963639153821216,5.71209252410558e-05,0.0008999286068361
Rnf135,1.25705015464204,5.75824276741356e-05,0.000906233350552
Lonrf3,-2.19292563603817,5.77565370979768e-05,0.0009080064949296
Tspyl4,-0.823259037910533,5.86591755762091e-05,0.0009212171059141
Def6,-0.935132293269574,5.88895248490165e-05,0.0009238528643511
Sbds,0.865539050885418,5.9863184095064e-05,0.0009381316379181
Hmha1,-2.07236953763646,6.03803168406276e-05,0.000945233392236
Lgals9,1.65836744871584,6.16167827073612e-05,0.0009635691162427
Serac1,-0.569124619688464,6.20625599572773e-05,0.0009695142822924
Kif13b,-0.72016042671088,6.29186506095934e-05,0.0009818498613606
Zfp811,2.4837852795425,6.33033743808218e-05,0.000986811462658
G3bp1,0.521521505591756,6.45208329058285e-05,0.0010047301039856
Arhgap39,-0.654770009620545,6.47019204981922e-05,0.0010064894538129
Zfp513,0.760508003230058,6.54547783972617e-05,0.0010171300895423
Bzw1,0.331005501371912,6.57626444130883e-05,0.0010208407133788
Lzts1,-2.42761724929861,6.69381205175919e-05,0.0010379974239338
Gba2,-0.626342474192823,6.72489129435089e-05,0.0010417237269173
Tet2,1.12768638756778,6.83955514283376e-05,0.0010583763968669
Aste1,0.48586279778392,6.86841350128002e-05,0.001061637762709
Zranb3,-1.03022377346921,6.87499890995122e-05,0.001061637762709
Ly75,1.0277914354805,6.99784682679163e-05,0.0010794799624877
Parp11,1.41732327112549,7.02045108549146e-05,0.0010807106889728
Rnf115,0.70907951346097,7.01846380382408e-05,0.0010807106889728
Pla2g15,-1.46888198568693,7.19028691161904e-05,0.0011057030174808
Lrrc20,-0.511203402923248,7.2065134825467e-05,0.0011070463227138
Extl2,0.359221472659283,7.29248935249335e-05,0.0011190904221302
Ggct,1.035516425745,7.30413953603852e-05,0.0011197154985848
Wdr7,-0.617091577965811,7.32721891458736e-05,0.0011220895452826
Lmln,-0.83682906040643,7.36227974878259e-05,0.0011262916162268
Gltscr1l,-0.528345684731504,7.4183782313284e-05,0.001133700036221
Lats1,0.310417484080454,7.56984400451736e-05,0.0011556524245739
Zfp773,-1.60942251349176,7.62669523423745e-05,0.00116313005337
Gm16515,-0.494989614645979,7.65311851087605e-05,0.0011659565500384
Triobp,0.891861566358552,7.67548157479279e-05,0.0011681592864293
Hnrnpab,0.37632687670939,7.6851084926008e-05,0.0011684211245232
H2-T23,1.27945196462561,7.70306986995725e-05,0.0011699482686354
Hspa9,0.324086951549369,7.72197805662614e-05,0.0011716159314252
Taz,-0.347266134323994,7.78729612402789e-05,0.0011803144832911
Mex3c,0.355542557650944,7.89515442694503e-05,0.0011954363946864
Zfp362,-0.792546186108269,7.97104501043786e-05,0.0012056919464099
Igf2bp2,0.751293451930293,8.05209044819505e-05,0.0012167054462518
Cbx2,-0.998883476490176,8.09421376864016e-05,0.0012218211549843
Plau,1.15393586051521,8.1800275731566e-05,0.0012335147701643
Rinl,-1.78237712271618,8.19246110834625e-05,0.0012341303798077
Skil,0.912465798035756,8.31495057610435e-05,0.0012513069207094
Epsti1,2.96414713756406,8.38182023427415e-05,0.0012575283190061
Gpr65,-3.07029887104617,8.37752400785743e-05,0.0012575283190061
Riok3,0.685538653708095,8.36732728879438e-05,0.0012575283190061
Trmt10a,0.499709858163247,8.40635485344124e-05,0.0012599301422328
Stat5a,1.09380854599414,8.46265762468017e-05,0.0012670836309779
Dclk3,-2.70126227802932,8.4975791286739e-05,0.0012710245380925
Ivd,-0.606160173130505,8.6585933367225e-05,0.0012937987091009
Med13,1.11808518976901,8.7542307715143e-05,0.0013067679024387
Mob3c,1.02940178088006,8.78348335832278e-05,0.0013084910994888
Slc16a9,1.66522191826191,8.77665198881331e-05,0.0013084910994888
Dffa,-0.500189885482827,8.80250788354645e-05,0.0013100046475634
Atp13a4,3.15982727695979,8.8723509418085e-05,0.0013190704448495
Mdn1,0.562232334853439,8.94409004241542e-05,0.0013283996245911
Fam20c,1.9356846638421,9.07862916932107e-05,0.0013470279303637
Camsap1,0.548626684837908,9.15570336433575e-05,0.0013571011466214
Palb2,-1.19471536841043,9.29674607066247e-05,0.0013766263870966
Perm1,1.7130042279322,9.3339714159453e-05,0.0013807550508993
Ago3,0.860968710209121,9.38643543287436e-05,0.0013857416865835
Ythdf2,0.341503506080534,9.38132865712376e-05,0.0013857416865835
Etv3,0.810517623499485,9.40299377414812e-05,0.001386800818307
Mkl2,-0.524865177110757,9.43198727453526e-05,0.0013896900094026
Flcn,-0.512535336702678,9.5290104595438e-05,0.0014025868184376
Ms4a4d,2.47332970104175,9.55687362278502e-05,0.0014052883422638
Zfp775,-0.589237420798727,9.61903509598387e-05,0.0014130228692688
H2-T10,2.10372471391393,9.72299374085677e-05,0.0014268758838369
Bbs12,-0.987301792566137,9.84036528122266e-05,0.0014426678385506
Plin3,-0.369849899307973,9.85923171260928e-05,0.0014440012512283
Syf2,0.518126350258591,9.87567527838233e-05,0.0014449775174646
Plekha3,0.421283545281596,0.0001001054940376,0.0014632630968228
Gatc,-0.453378735458335,0.0001011602124129,0.0014772189911452
Sh3bp5,1.1131425222971,0.0001028557289651,0.001500495520876
Dlg4,0.361477350747087,0.0001034410820746,0.0015060613900481
Etv6,0.908163501745977,0.0001034152607206,0.0015060613900481
Ube2f,0.869578873336483,0.000104458072592,0.0015193714535084
Zfp395,-1.57156670281449,0.0001055931623998,0.0015343714394736
Card14,-2.04382922213481,0.0001079911798961,0.0015667438201622
Szrd1,0.6207929369507,0.0001080330188621,0.0015667438201622
Zfp800,1.417804399114,0.0001081688991722,0.0015671764627128
Sh3rf3,-0.898387505726499,0.0001087270009514,0.0015737195103427
Tagln2,1.06774588581098,0.0001096118716086,0.0015849747931825
Trim36,2.29732035179441,0.0001098267047955,0.0015865288792463
Plxnb2,-0.219392045658451,0.0001102194974005,0.0015906481763532
Slc15a3,2.68520580617939,0.0001116399343785,0.0016095755612158
Ttc7,-1.083660862818,0.00011245440442,0.0016197380005068
Mbd1,1.05941260194755,0.0001134799795668,0.0016329183427841
Il18rap,1.6031932838238,0.0001138364156303,0.0016364538425922
Irf2bp2,-0.828869234676665,0.0001149670750479,0.0016511014917965
Iffo1,-0.481816739013178,0.0001158020107258,0.0016614777810744
Pitpnc1,-0.734980002121187,0.0001166711334124,0.0016723239666038
Dnmt1,-1.23070454441636,0.0001169376744642,0.0016745203035203
Nfe2l2,0.546579743979474,0.0001188900350665,0.0017008295626457
Rap2a,-0.999469986865978,0.000119520116123,0.0017081898221142
Mfsd7b,-1.1212676579971,0.0001204535042542,0.0017198665563959
Rab22a,0.556422538045395,0.0001212098574331,0.0017289954374009
Ppif,0.510616587674045,0.0001213287355838,0.0017290222318781
Igbp1,0.305572051896743,0.0001228850333665,0.0017495135097221
Map2k6,-1.71825511948323,0.0001230784184561,0.0017505802386376
Nadk,0.332915018771558,0.0001233649722595,0.0017529688077425
Pstpip2,1.76419738254217,0.0001235022479736,0.0017532336412627
Rasa3,-1.14596773218182,0.0001270799569703,0.0018022913667059
Zkscan4,-0.902312497137984,0.0001273255171892,0.0018040426586986
Ptch1,1.03603323895985,0.0001286381128255,0.0018198436043945
Myo10,1.01118527054488,0.0001286870054535,0.0018198436043945
B3gnt2,1.09075666184976,0.0001304648776368,0.0018432217607241
Snw1,0.435136978856238,0.0001305962236726,0.001843315179976
Cfdp1,0.311331695629864,0.0001312175260567,0.0018472377670882
Mapk11,1.15271869381953,0.0001312491308324,0.0018472377670882
Nsun2,0.318918206226926,0.0001310384906981,0.0018472377670882
Fzd5,1.19527535897585,0.0001327162352736,0.0018643350996898
Mxd1,1.1629769388419,0.000132611606399,0.0018643350996898
Adamts15,-2.7083771544075,0.0001333226151536,0.0018710746502755
Mafb,-2.06380538275881,0.0001356139420667,0.0018978797488621
5730409E04Rik,-0.430085242463042,0.000135617878928,0.0018978797488621
Dennd4c,-0.67885295542117,0.0001354419833755,0.0018978797488621
Prr12,-0.608120460534873,0.0001377359338738,0.001925696907084
Mtmr3,-0.389204595843918,0.0001386697053969,0.0019369195712244
Ifitm2,0.645624175493187,0.0001388957916097,0.0019375997059351
Vps54,1.16542693805643,0.0001389806258148,0.0019375997059351
Gypc,0.995167925359884,0.0001393482016856,0.0019408932370504
Dram1,1.78792240852032,0.0001401820478623,0.0019488337754557
Tra2a,1.13847327805259,0.0001401180140068,0.0019488337754557
Eid3,1.27604098710154,0.00014090445253,0.0019570357138048
Kctd12b,-1.7651585331894,0.0001417251822232,0.0019627752883768
Polr2g,0.682998523992252,0.0001416412091226,0.0019627752883768
Tdrd7,1.10980767447555,0.0001418489652176,0.0019627752883768
Trim30b,3.63521234703911,0.0001417652616904,0.0019627752883768
Nck1,0.794724179123189,0.0001427737624665,0.0019737237247251
S1pr2,-1.17100572385588,0.0001432966495725,0.0019785337166641
Gsg2,-1.05635465380055,0.0001433894715487,0.0019785337166641
Plekhm1,-0.971848894356896,0.000143885681333,0.0019835285436006
Rrp9,0.579948801556954,0.0001473238242523,0.0020290321293586
Hddc3,-0.830828899983433,0.0001498782061339,0.0020603722141836
Map2k1,0.657302064914423,0.0001498526317985,0.0020603722141836
Rem1,0.713176048075512,0.0001554189435496,0.0021345549700531
Zfc3h1,-0.424683234878176,0.000158027994981,0.0021683729896286
Pik3r2,-0.51231716030166,0.0001582926627634,0.0021699051467841
Zbtb14,-0.520257553790137,0.0001584333234118,0.0021699051467841
Stard5,0.914571512664769,0.0001595363673636,0.0021829892934261
Schip1,1.23962760397089,0.0001599360968923,0.0021844137152271
Palm3,-1.28026226212296,0.0001597894693386,0.0021844137152271
Klf10,0.764188976672879,0.0001605101598793,0.0021902300486583
Stam2,0.39274069206557,0.0001630478682518,0.0022228057168136
Syt8,-2.01567849108289,0.0001634870174601,0.0022267383815915
Alkbh1,0.612009857708622,0.0001636937603855,0.0022275012808272
A4galt,1.73017500479011,0.0001671893237521,0.0022729750012969
Frat1,-1.45007162116147,0.0001675075555486,0.0022752083234357
Dse,1.10171708124777,0.0001681498415228,0.0022818350395081
Steap3,-0.826305893304083,0.0001687186840629,0.0022853572072252
Tmem243,1.85833609971834,0.0001687073514323,0.0022853572072252
Slfn3,2.50131914080381,0.0001692402833637,0.0022903231754121
Galnt12,-1.35356414656578,0.0001697524312197,0.0022951522676719
Serpinb9,1.24941725764038,0.000171265898753,0.0023124099954012
Sptlc2,0.584682287710397,0.0001713417881285,0.0023124099954012
Ier2,0.862439603280053,0.0001724129806158,0.0023247436382679
Siah2,0.584286757850454,0.0001733733498451,0.0023334347577513
Vmac,-0.684559960993834,0.0001733421443188,0.0023334347577513
Ahr,-1.78172079102001,0.0001739020550158,0.0023384208999314
Ap5s1,-0.833495717634239,0.0001742770371396,0.0023413327771366
Tst,-0.820162345024721,0.0001748741264527,0.0023472205637776
Casp8,0.459167151661398,0.0001753218205638,0.0023510942507187
D6Wsu163e,-0.395881701169106,0.0001758461928486,0.0023538542010126
Rgl3,-1.04311176328756,0.0001757650232237,0.0023538542010126
Myt1l,3.73743197218715,0.0001763364962016,0.0023582812134546
Il13ra1,1.69483380786216,0.0001778989592917,0.0023770260582402
Noc3l,0.574486656281599,0.0001781800497859,0.002378631233728
D030025P21Rik,0.997097192961329,0.0001789623576982,0.0023869185217185
Plaur,1.30293305913403,0.0001798893240363,0.0023971185127223
Kdm6b,0.735488965750041,0.0001808976103422,0.0024067038200051
Fem1c,0.672069632577694,0.0001809343581016,0.0024067038200051
Fbrs,0.696562172234641,0.0001812064680513,0.0024081557417832
Ran,0.400586330453696,0.0001823706412099,0.002421449538006
Vta1,0.433886465822663,0.0001828905877219,0.0024261733441242
Apol6,2.72786056174515,0.0001840459181866,0.0024393099362888
Zfp358,-0.442857207666655,0.0001846642899312,0.002445312613445
Bcor,0.561272118586761,0.0001867572312421,0.0024708132169175
Crlf3,1.29688802226103,0.0001874230944314,0.0024761222376093
Mul1,0.508357636928666,0.0001874936245692,0.0024761222376093
Ebna1bp2,0.381670359470394,0.0001884241778449,0.002486189732315
Eef1e1,0.566676152244626,0.0001895708191974,0.0024983663266749
Pdgfb,1.42738231542079,0.0001896851413269,0.0024983663266749
Gramd1b,1.11897856362346,0.0001922356731031,0.0025297050553146
Skida1,-1.28294511411391,0.0001927007750129,0.0025335694422962
Bcl6b,2.40750666709645,0.000196775226632,0.0025825437825645
Mmadhc,0.460965685200697,0.0001967728283703,0.0025825437825645
Gzf1,-0.304865859485301,0.0001972672428664,0.0025867039175514
Plxna2,0.993880182903276,0.0001982331134565,0.0025970646725711
G530011O06Rik,2.28694476890032,0.0001998026638606,0.0026153089163263
B3galt4,-0.873231833671275,0.0002028775836921,0.002650862008667
Hscb,-0.452989814291802,0.000202751298462,0.002650862008667
Clcc1,-0.45160232387513,0.000205296092291,0.0026800933320465
Chst11,0.76846210690811,0.0002067304724559,0.0026964368243189
Klhl30,-0.98341032012785,0.0002070235621741,0.0026978784848412
Fnbp1l,1.55664706909819,0.0002090354492376,0.0027216968007347
Gcnt1,-1.21559282564735,0.0002096253113343,0.0027245759462616
Vps37c,0.540549582324331,0.0002095525164517,0.0027245759462616
Zfp524,-0.70222064386357,0.0002100938221128,0.0027258705032347
Hist1h2ad,-0.914616759235074,0.000210055294612,0.0027258705032347
Gmnn,-1.13275187484856,0.0002104645940238,0.0027282857635833
BC021767,-1.28855522676218,0.0002127820310858,0.0027510873625428
Cpeb4,1.70491183885963,0.0002126854483437,0.0027510873625428
Lap3,0.430792992179263,0.0002125117943576,0.0027510873625428
Hmgxb3,0.384935457896865,0.0002134036403183,0.0027567124096367
Arcn1,0.226415822287312,0.000214531580871,0.0027664465114415
Baz1a,0.638215733565446,0.000214356181539,0.0027664465114415
Pprc1,0.52458140507395,0.0002162093349429,0.0027856508733977
Tbc1d5,-0.347362349434143,0.0002177884216271,0.0028035516505275
Tti2,0.68090935112039,0.0002180134494631,0.0028040058800401
Gtf2f1,0.425430696591537,0.0002198297583744,0.002824907973267
Slc5a3,-0.782402754031255,0.0002201455732845,0.002826508498696
Atp10a,2.27496289888694,0.0002225396079354,0.0028520732761421
Ptgs2os,1.23372944007477,0.0002227156963505,0.0028520732761421
Sh3pxd2a,0.368368373694866,0.0002226862769079,0.0028520732761421
Pabpc5,-1.45012686716479,0.0002233322264491,0.0028574923311394
Rab11fip1,1.23534099289831,0.0002257748630774,0.0028812615946106
Epb4.1,-0.548655798831774,0.000225699113125,0.0028812615946106
Nfatc4,-0.620065666712115,0.0002254406892429,0.0028812615946106
Ankrd17,0.764755713535208,0.0002300729657172,0.0029335791953139
Vezf1,0.533877307333202,0.0002306598258269,0.0029385266431639
Atl1,-0.476235839303421,0.0002324529859955,0.002958124942793
C2cd5,-0.709270979268007,0.000232598537253,0.002958124942793
Mettl16,0.31186712110299,0.0002339316198131,0.0029725206170242
Ly6e,1.76408596261099,0.0002353883689341,0.0029884616117777
Cx3cl1,1.26794673925708,0.000237101383615,0.0030076259631447
3110057O12Rik,-0.931520564993756,0.0002384909486649,0.0030226580097512
Erp29,-0.611800301197684,0.0002397883982155,0.0030364978139072
Arhgap8,3.20324187311211,0.0002414572369547,0.0030550128833192
Chmp4b,0.554829407696753,0.0002421059509692,0.0030606002937756
Cdc37,0.365315961760406,0.0002476961591876,0.0031285930260465
Aox1,1.21049946672162,0.0002491061852148,0.0031437158028225
Kcnab2,-1.62114253176342,0.0002500612216388,0.0031530757110736
Nudt16l1,-0.393523054054907,0.0002519043340773,0.0031736080554087
Trerf1,-0.984376948373717,0.0002522710496742,0.0031747765676609
Rab5a,0.456405816547563,0.0002524267469888,0.0031747765676609
Nfxl1,1.08438715586128,0.0002529433073669,0.0031785681941057
Tusc1,-0.861033020956997,0.0002558347670569,0.0032121717821306
Ddx5,0.41619212828854,0.0002623951208379,0.0032917445634495
Tbrg1,0.579416064848831,0.0002630990982251,0.0032949817572639
Zcchc6,0.657064601573702,0.0002628876460609,0.0032949817572639
Reps1,0.687738080944784,0.0002634382836719,0.0032964360339581
Ahctf1,0.41553457203588,0.0002644526073947,0.0033063287919453
Pbx2,-0.564132070528483,0.0002684517267175,0.0033534908008721
Fam110b,-0.645500241535458,0.0002694557586755,0.0033628329048331
Ccdc146,2.28069923606367,0.0002696546888772,0.0033628329048331
Eif3d,0.253951799076138,0.0002699438687044,0.0033636007518674
Edaradd,-2.21844749795903,0.0002716340765576,0.0033818099270163
Rhog,1.04328399087092,0.0002730103727483,0.0033939742312663
Sgsh,-0.77537932594855,0.0002730704669762,0.0033939742312663
AI314180,0.481171386977679,0.0002747413100839,0.0034118714961516
Cars,0.463277964612381,0.00027500445497,0.0034122719022225
Phf7,-0.733901910559241,0.000275521117455,0.0034158146591866
Gpr162,-1.63089769663833,0.0002785738695096,0.0034507666752833
Ido2,1.71862565578014,0.0002789064536755,0.0034519929417224
Plscr2,0.993165625810331,0.0002794239542025,0.003455503929042
Atxn1,0.466288718864654,0.0002796736409717,0.0034556998881939
Cct5,0.303852042411222,0.0002807526883279,0.0034661346934919
Apbb2,0.472372347326161,0.0002815071683633,0.0034725483589931
Txnl1,0.503387906002951,0.0002831619529724,0.0034900478240425
Xrn2,0.636267932590678,0.0002834781193653,0.003491033039984
Bcl2a1b,2.74257815727657,0.0002863783274596,0.003523812592172
Kdm2b,-0.705064097713885,0.0002866265001189,0.0035239321287502
Pram1,-1.28623403357908,0.0002890671500743,0.0035480351692685
Smpd5,-1.71812836985121,0.0002890234080253,0.0035480351692685
Tmcc3,1.60546942062442,0.0002913045695329,0.0035725302311681
Cep350,0.830304794087228,0.0002943356786852,0.0036067103313518
Intu,1.20531639934555,0.0002948451044747,0.0036099593653091
Tnrc18,-0.690613174877842,0.0002971534775068,0.0036352103398972
Gdpd1,0.437887949240065,0.0002980549260701,0.0036423431932144
Sfxn5,-0.646512913753971,0.0002982294805649,0.0036423431932144
Txnrd1,1.11337008267811,0.0002989725238351,0.0036484029374362
St6gal1,-0.9864502151159,0.0002992301373898,0.0036485338039168
Syde2,-1.20138584328715,0.0003013380478328,0.0036712066536472
Otud1,0.965934893851148,0.0003016869323835,0.0036724295607607
Tmem184b,0.524884707064691,0.0003044587045731,0.0037031199474753
Esf1,0.441715158308359,0.0003064936213715,0.0037248048820963
H3f3b,0.729747453478836,0.0003078496455795,0.0037382104045809
Pqlc2,-0.540940344444582,0.0003112227407665,0.0037760670468371
Hps4,-0.477850540995365,0.0003118781224295,0.0037809145966065
Slc30a7,0.536507074243472,0.0003132976830534,0.0037950107870199
Tjp3,-2.14047946149133,0.0003137522020952,0.0037974038022631
Rbl1,1.66950711578118,0.0003146141681588,0.0038041429356345
Tmem194b,-1.20533600189999,0.0003148238469536,0.0038041429356345
Xpr1,-0.348730513531155,0.0003152165112566,0.0038057758197304
Rnf19a,0.763011900047471,0.0003160748305257,0.0038130235473552
A730017L22Rik,-1.02966775141871,0.0003185500408596,0.0038397491874577
Tjp2,0.419120220691296,0.0003204535548052,0.003859545748095
Clint1,0.297998912459083,0.0003243816145173,0.0039036738593948
Cyp7b1,1.96044490386622,0.0003279253896495,0.0039431093639061
Ifnar1,0.636604366515495,0.0003294744945079,0.0039585155120642
Depdc5,0.543117889657736,0.0003337281825352,0.0040063648103216
Adamts14,1.25514123492594,0.0003341873381637,0.0040079905377765
Has2,1.40715678438021,0.000334406031471,0.0040079905377765
Prkch,-1.8793952632635,0.0003363441955185,0.0040279534208857
Wars,0.977819625258824,0.0003374687901885,0.0040381488108558
Ranbp2,0.547431440466775,0.0003393743809071,0.004057665534827
Lgals3bp,1.49058401274034,0.0003396643447017,0.0040578493823789
Klhl2,0.520713114574659,0.0003399437178101,0.0040579065119538
Ppfia1,0.347808979336622,0.0003406408964593,0.0040629468667279
Col24a1,2.10812519164159,0.0003410637847458,0.0040647101701404
D16Ertd472e,1.06153685908768,0.0003429005351886,0.0040767370144951
Helb,-0.844626120642915,0.0003426529732805,0.0040767370144951
Marco,3.43058197188186,0.0003426545637842,0.0040767370144951
Kcnj2,-1.96590299569863,0.0003435960434645,0.004081722130481
Pfkfb4,-0.838427752383648,0.000346279194375,0.0041102923168474
Tmod1,-1.71815357652641,0.0003469320543296,0.0041147366764712
Hhex,-2.12088237105546,0.0003484216810675,0.0041290902989701
BC023829,0.400122731505171,0.0003497815705612,0.0041418846552513
Zfp467,-1.02654068497569,0.0003557235985372,0.0042088737703625
Snx30,-0.764496993337142,0.0003565155727769,0.0042148697075981
Med13l,0.643619234532465,0.0003584116883926,0.0042338992254734
Vps39,-0.339919955949561,0.0003660631497751,0.00432083165126
S100a10,0.610560290421905,0.0003672238320611,0.0043310724582596
Arhgap22,1.64888071271049,0.000368260585811,0.0043363784359485
Fam204a,0.424167945306988,0.0003680813241871,0.0043363784359485
Cebpb,1.03006072446835,0.0003712778423307,0.0043684267149398
Sh2d3c,-1.57520881714595,0.0003743980463445,0.004401634310962
Yrdc,0.569670208649251,0.0003750687027094,0.004406013742957
Hilpda,0.870823612847318,0.0003769400018902,0.0044244792279065
Mdm2,0.674833535310203,0.0003777761629841,0.0044307747115713
Arrdc2,-0.590534432342592,0.0003823230947997,0.0044805477358849
Dlgap4,0.592418598566353,0.0003834418299644,0.0044900977521509
Snx24,-0.80519058290543,0.0003843652105098,0.0044973468574145
Cdkn1a,0.611529359713929,0.0003850468409051,0.0045017580814048
Cnot4,0.62476199656278,0.0003859946355346,0.0045092717185222
Hhat,-0.543865310657117,0.0003863923588737,0.0045103525114027
Tbk1,0.687050900350433,0.0003874140468815,0.0045151457293496
Inpp1,1.27312853480943,0.0003873128061441,0.0045151457293496
Vps9d1,-0.418789697109637,0.0003877575260074,0.0045155876432921
Surf4,0.293497364511567,0.0003890186057444,0.0045267062643242
Dhx15,0.41963313250735,0.0003894229476654,0.0045278460429578
Ppp1r15b,0.641513748353153,0.0003902452843512,0.0045338402611186
Zswim5,2.07047254872602,0.0003923162118294,0.0045543197002474
Dock10,2.35019260482529,0.0003929323269803,0.0045578916233244
Nostrin,-1.39511577340557,0.0003950218697303,0.00457853583598
Slc2a1,0.545917737970133,0.0003969611084664,0.004594098992047
Cry1,0.638850425609511,0.000396986358969,0.004594098992047
Mgme1,-0.580638850286104,0.0003987403862669,0.0046107867200721
Ctps,0.729058508788552,0.0003993877120237,0.0046146611479964
Cyth4,-2.2001030995562,0.0003999537911255,0.0046175915041044
Nlrx1,-0.546656308473799,0.0004015158219884,0.0046320068831732
Cachd1,0.707686805819738,0.0004044452415579,0.0046590631777544
Nckipsd,-0.54953593117956,0.0004044916806779,0.0046590631777544
Ppp1r15a,1.09938072599309,0.0004052619807739,0.0046643002740479
Trp53bp2,-0.58251032656402,0.0004095525393514,0.0047027631416805
Lemd3,0.67039433864013,0.0004089252923429,0.0047027631416805
Fgfr1op,0.672945419015376,0.0004095585440075,0.0047027631416805
Dennd2c,-0.686021104042248,0.0004166370437011,0.0047803278197321
Gnb4,1.17486269824794,0.0004172500796322,0.0047836475382508
Inf2,0.661854241132226,0.0004192433929501,0.0048027743108657
Xrn1,0.976245376700902,0.0004213645895506,0.0048233353248488
Ptpn12,0.847725980142488,0.0004226576750582,0.0048343925092968
Nanos1,-0.966656809097961,0.0004235189181382,0.0048404969622943
Sh3bp1,-0.561754871335366,0.0004250641719098,0.0048544036572522
Fblim1,-1.11013969955639,0.0004271453052075,0.0048744041083835
Ptgir,1.40617693273544,0.0004307728725596,0.0049120073384924
Tmod3,0.552891549405028,0.0004318508680606,0.004920502797379
Acp5,0.97796771555078,0.0004330344413961,0.0049301871917968
Coq10a,-0.516788779699258,0.0004345035967662,0.0049431055835343
Maml2,0.73542760980288,0.00043738437895,0.0049682293252297
Tmem173,0.897821101815562,0.0004373078752899,0.0049682293252297
Phlpp2,0.704134844342002,0.0004446556984465,0.0050395154888688
Rfc2,-0.511652491459453,0.00044468319106,0.0050395154888688
Dbnl,0.546605155558524,0.0004446441703304,0.0050395154888688
Ncor2,-0.545545550458818,0.0004453938094585,0.005043700931938
Zc3h11a,0.414770216887931,0.0004479929058143,0.0050692489755935
Caml,0.532045624038392,0.0004494704712981,0.0050820769891686
Cul2,0.750223978638837,0.0004540607563497,0.00513005340775
Rae1,0.315332229180624,0.0004548294742392,0.0051348128115409
Best1,1.56617426671991,0.0004564149197205,0.0051487783844502
Heatr5a,-0.363842708512928,0.0004573526984783,0.0051554219512679
Wdr81,-0.47320319013102,0.0004577134308003,0.0051555557014993
Sh3rf2,-1.45701863651352,0.0004610694841376,0.0051894020080624
Gramd1a,0.82987320545211,0.0004627861397761,0.0052047591884412
Mnt,-0.686203083176868,0.0004672526258356,0.0052509956688966
Fosl1,1.89702224349756,0.0004682191259711,0.0052578588477221
Fam43a,0.932329303217057,0.0004686442754765,0.0052586371321125
Ccng2,0.896164847185486,0.0004706946756771,0.0052776372664315
Nxph1,2.34240301023275,0.0004743597506145,0.005314699313557
Ndrg1,0.67840798566553,0.0004784321242986,0.005356265100671
Zdhhc7,-0.419400599625201,0.0004818004979483,0.0053898923229978
Chd1,0.574893226178714,0.0004841313480618,0.005411870697169
Heatr1,0.643950158388061,0.0004847137130284,0.00541428514825
Dnajc13,0.545862361330795,0.0004869019758952,0.0054346203925828
Btbd6,-0.585651310738296,0.0004898365977515,0.0054632492389228
Slc7a1,0.638440244748639,0.0004944284885671,0.0055103048295962
Mpp6,0.881540598146676,0.0004961998252624,0.0055258786870595
Nav1,-0.747155999655987,0.0004999895478658,0.0055638897126215
Trps1,0.994854137803416,0.0005027785417674,0.0055907157940105
Smu1,0.267405716544676,0.0005042577555776,0.0056029482044556
Ubash3b,1.45872492132076,0.0005050574793849,0.0056076179040953
Acadm,-0.524920830531729,0.0005055512807714,0.0056088865069369
Atad1,0.673249563236464,0.0005072267921377,0.0056190386313429
Gm10432,2.60691536885907,0.0005070657179684,0.0056190386313429
Aftph,0.763653921022313,0.00051086802973,0.0056551368864053
Arhgap20,-1.43256268484384,0.0005123809884145,0.0056676394062801
Fbxl20,-0.348557854601949,0.0005169335313989,0.0057137200650814
Nipal1,1.15012141904631,0.0005175077003525,0.0057157913272126
Hist2h2be,-0.639096903636199,0.0005203272869081,0.0057426412590949
Ccdc28b,-0.645872831212663,0.0005211006464667,0.0057468845921532
Rhof,1.35289307967338,0.0005238736113846,0.0057731575160645
A130010J15Rik,-0.811506515919861,0.0005267906539,0.0058009778564343
Zfp704,-0.71736960042422,0.000527887722531,0.0058087302781564
Ccdc63,2.5785487032536,0.0005290595877981,0.0058172935926203
Polr3d,0.378088498100817,0.0005296009271738,0.005818916358197
Treml1,-2.95342910446049,0.0005303037371256,0.0058223095298984
Arfgef2,-0.330056845811936,0.0005331844207116,0.0058495912169836
Trim69,1.29192276101106,0.0005347187509338,0.0058620724787091
Irak4,-0.461386879554735,0.0005360697634979,0.0058725270311135
Slain1,1.78207671058096,0.0005366393968094,0.0058744125970742
Zfyve28,-1.54559599574527,0.0005392864336742,0.0058990191834478
9130401M01Rik,0.338694659818289,0.0005406891593223,0.0059099884589238
Zfyve21,-0.597152384227475,0.0005425987971963,0.005926478215054
Medag,-1.37947071593944,0.0005438854276123,0.0059346504642105
Runx3,-2.271125280397,0.0005441501812833,0.0059346504642105
Utp11l,0.401235223618304,0.0005448325392015,0.0059377103719179
Mapk1ip1l,0.489880911201504,0.0005532626979838,0.0060251408627889
Cept1,1.02347501902074,0.0005575967467026,0.006067867984368
Fzd2,-1.04268862266237,0.000558970962146,0.0060783464890319
Gnai3,0.574932025655803,0.0005598989665524,0.0060839609762593
Zc4h2,-0.5599324525558,0.0005622071062318,0.0061045529874313
Ak6,0.342198131155629,0.0005661506014776,0.0061383518625363
Hectd3,-0.417481626002178,0.0005660261562971,0.0061383518625363
Atg3,0.313985724257252,0.0005667872640825,0.0061407494051408
Tpst1,0.76222506612171,0.0005684882573716,0.0061546662765112
Dcaf13,0.413171735863291,0.000569628942294,0.0061625011048476
0610040J01Rik,-2.07948081115413,0.0005706204272997,0.0061642022475405
AU019823,0.464781802092798,0.0005703235244943,0.0061642022475405
Scyl2,0.396353911577412,0.0005723354414111,0.006178212675803
Dnaja1,0.476602898688394,0.0005741294887872,0.0061906819858024
Tnfrsf8,2.16435785293987,0.0005743283937295,0.0061906819858024
Tle3,0.657460320206734,0.0005759360551662,0.0061989679703182
Wrb,-0.494583651980503,0.0005757371189191,0.0061989679703182
Dst,0.413933786399792,0.0005774499206528,0.0062107386662354
Ncoa7,1.55111747326578,0.0005784017579876,0.0062164517669396
Brinp1,1.1531263941057,0.0005848818936474,0.0062815295234896
Psme3,0.265888076418172,0.0005868195479493,0.0062931925105913
Inpp5j,-1.38246673990475,0.0005864851466548,0.0062931925105913
Cct6a,0.312277553041929,0.0005883999463726,0.0063055651976032
Hmg20a,-0.322299440585064,0.0005924011315642,0.0063438434219252
Bst2,1.39342579259976,0.0005939701290168,0.0063560395123898
Med6,0.306202885531962,0.0005992333646141,0.006407721173855
Myo7a,-1.05343463755175,0.0006017268258695,0.0064297317662334
Ythdf1,0.61957670451204,0.0006039907904688,0.0064492600444715
Acsl5,0.61869578326124,0.000613476928185,0.006545820970916
Hoga1,-0.918970109689727,0.000620874224523,0.0066199706277069
Mib2,-0.333350407337793,0.0006236584078727,0.0066448622577815
Igsf6,2.27801942375443,0.0006253933854108,0.0066585471538914
Mina,0.628135891708147,0.0006260415796056,0.0066606497216793
8430408G22Rik,2.508912267003,0.0006273554833865,0.006669826858623
Fhod3,0.999200552169655,0.0006288026880821,0.006680406990998
Fam13b,0.282174360311441,0.0006318657662251,0.0067069171891865
Tox2,-2.21017118769937,0.0006322056871387,0.0067069171891865
Eif1,0.368087244674943,0.0006333385661721,0.0067141157323467
Rgs1,3.05568289622085,0.0006355798162919,0.0067330455377509
Seh1l,0.835423488601953,0.0006364977469051,0.0067379396158766
Lancl2,0.919739503475743,0.0006383000638182,0.0067521820637839
Tomm70a,0.425574835884706,0.0006393511043549,0.0067584625323015
Ier5,0.645437285449386,0.0006411989641608,0.0067731510310005
Ccdc94,0.673857270039971,0.0006450596166957,0.0068090650110926
Ing4,-0.551922388769565,0.0006478406695464,0.0068335399104621
Lck,1.72707108246141,0.0006505785699892,0.0068544593722932
Phactr1,0.623780544140086,0.000650751556322,0.0068544593722932
Ldb1,-0.579311496204505,0.0006516090529118,0.0068586029800085
Abtb1,-0.692983384968446,0.0006536345977359,0.006875026395261
BC030336,0.66663129893441,0.000661532647887,0.0069531504057434
Tab2,0.603046166849396,0.0006628863796048,0.0069624270915423
1500012F01Rik,0.41239105139356,0.0006643837811852,0.0069731985215595
Rassf3,-1.09412143055951,0.0006661815173777,0.0069871046584874
Rin3,1.34622692274551,0.00066868359778,0.0070083731971588
Ambra1,0.348562264046492,0.0006758881409739,0.0070788624715187
Fam96b,0.591677226489301,0.0006811674725983,0.0071291026275205
Rbfa,-0.417551067821775,0.0006835674950421,0.0071491581328608
Ranbp6,-0.599565022277014,0.0006859881968491,0.0071643346805915
Cd86,2.55972026040163,0.0006859699706963,0.0071643346805915
Cyp27a1,-0.823526921241472,0.0006893060063716,0.0071939012444636
Oma1,-0.408825277630994,0.0006941285798443,0.0072391193739875
Arhgap28,0.945094773981048,0.0006948440413602,0.0072408484830814
Eif3c,0.406544047204106,0.0006952743265321,0.0072408484830814
Rps6ka1,-1.27253294137185,0.0006981939492751,0.0072559143336059
Cdca4,0.362933578873456,0.0006978868353641,0.0072559143336059
Cops8,0.296654450607128,0.0006975697849468,0.0072559143336059
A430105I19Rik,-0.983718700255932,0.0006989243082675,0.0072584001599282
Trpm4,0.673849634863206,0.0006995126306097,0.0072594084656962
Dennd5a,0.320305355807661,0.0007004318030834,0.0072601813946791
Zfp579,-0.926978007126546,0.0007005696757891,0.0072601813946791
Ccdc59,0.284225666140643,0.0007062521409104,0.0073139412322176
Dcun1d5,0.408310235259536,0.0007112093583259,0.0073601203762893
Bmf,-1.43695589404735,0.0007123274319374,0.0073613809714487
Frs3,-0.786594228198094,0.0007122356943674,0.0073613809714487
Drd4,-1.56860534356622,0.0007212484115255,0.0074483640988987
Taf4a,-0.290241257789481,0.0007224106586937,0.0074551569233071
Slc25a17,0.462115452833829,0.000726151395015,0.0074879159426429
Hk2,0.932610101929035,0.0007265984207436,0.0074879159426429
Tcp1,0.270501809193681,0.0007311366323369,0.0075294335558716
Fam217b,-0.671915096509063,0.0007359514209711,0.0075737396233372
Tgs1,0.889402293383551,0.000737311513613,0.0075824561921875
Ccdc141,-0.606823336177381,0.0007409892005908,0.0076049492247553
Rrp15,0.498125224001339,0.0007410425553963,0.0076049492247553
Slc25a45,-1.64163244699289,0.0007403690762108,0.0076049492247553
Cct3,0.351047085687102,0.0007416317381515,0.0076057139669696
Tnfrsf14,1.78366868642934,0.0007481346800969,0.0076670834275121
Fzd1,1.17212256673828,0.0007506503775707,0.0076875338043941
Prdm1,2.64190305827521,0.0007566238002677,0.0077433424656205
Brd4,0.35117785811249,0.0007584304218512,0.0077542304132767
Fut11,-0.480175543321274,0.0007589461940965,0.0077542304132767
Mfsd9,-0.697436252935228,0.0007592618357024,0.0077542304132767
D19Bwg1357e,0.325598739628381,0.0007689220213414,0.0078474652150442
Elp5,0.520904747912426,0.0007709071716415,0.0078622955020837
Hck,2.25020712508835,0.0007801841598231,0.0079514217337013
Tnfsf12,-0.776912641078869,0.00078664609764,0.0080117546732769
Tagap,1.59298979556756,0.0007931041990054,0.0080719654634317
Map3k6,0.676487196505172,0.0007958568361758,0.0080888392881749
Tnfrsf1a,0.263411121934702,0.0007956568229125,0.0080888392881749
Bach1,0.678211019700798,0.0007993661999229,0.0081189235068462
Smarcd2,-0.337528019437398,0.0008000947645986,0.0081207420544222
2310067B10Rik,-0.610490830518313,0.000805063492801,0.0081655650628781
Bend7,1.09230198056146,0.0008114141535441,0.0082243335809847
Dld,0.447031748202485,0.0008188363350904,0.0082938748183456
Aoah,2.38715812653672,0.0008216506403056,0.0083166802482441
Mycl,1.67497134957905,0.0008241101772005,0.0083358659812932
Enc1,0.450473079102627,0.0008259106627665,0.0083483637307549
Cdyl,0.506543049717004,0.0008275346812128,0.0083590618721555
Agfg1,0.679487975320997,0.0008290799935481,0.0083632383239958
Deptor,-0.89600309774265,0.0008290642744372,0.0083632383239958
Gpd2,0.48327325618804,0.0008307645667627,0.0083745148483084
Ppap2b,0.70064756149301,0.0008417324056963,0.0084792920868309
Ak4,0.587160116503752,0.0008425944535738,0.0084821940292333
Kctd7,-0.53974852189031,0.000844916660026,0.0084997810768316
2610008E11Rik,-0.612008479388601,0.0008619137189215,0.0086648713865457
Cars2,-0.447431912934684,0.0008642138731059,0.0086761906363856
Fli1,-1.35276976106205,0.0008639098545202,0.0086761906363856
Iqce,-0.42495318556369,0.0008693277968172,0.0087216063688832
Chmp2a,0.29986547054599,0.0008723697539619,0.0087461873975917
Pwwp2b,-0.840728382806206,0.000878158239815,0.008798252520669
Garem,0.742449750099947,0.0008822442360348,0.0088332014363981
Synpo2,1.21459671719177,0.0008841278392642,0.0088460671690233
Nifk,0.403111230102414,0.0008888526133734,0.0088873233561792
Vav2,-0.690308161356994,0.0008943637060988,0.0089363805603301
Ppp6r1,0.654225629215944,0.0009006524034826,0.008993135958558
Patz1,-0.77924635732579,0.0009054823137784,0.0090352583612541
Sowahd,-2.3981959677645,0.0009076927951773,0.0090512038644603
Map2k4,0.308537494669567,0.0009120295793427,0.0090883163341384
Hoxa1,-0.823104297541662,0.0009185151405257,0.009146776783484
Pcca,-0.342629371858166,0.0009194151925763,0.0091495742194569
Pomk,-0.387805113948345,0.0009218057962698,0.0091671911556365
Gm12216,2.47306606922685,0.0009229406465303,0.009172304555767
Zfp41,-1.12636710353176,0.0009253807638921,0.0091903742801059
Nuak1,-0.755315253098899,0.0009282300874341,0.00920629814235
Prdm4,0.360644190150265,0.0009281131987072,0.00920629814235
Oas1c,1.44711788971373,0.0009303871920174,0.0092215036375818
Ttc39b,0.584011159274169,0.0009329707986845,0.0092409131789281
Zfp791,-0.892604210272305,0.0009375429372409,0.0092799795891132
Agrn,0.930266669421342,0.0009408542415285,0.009306522075843
Dync1h1,0.397925887872286,0.0009492552644396,0.0093833406674846
Slc7a7,1.04526613359529,0.0009542585556971,0.0094185849397917
Fn3krp,-0.556972259929355,0.0009548023003975,0.0094185849397917
Ankrd13c,0.285600609291256,0.0009539271729212,0.0094185849397917
Cp,1.80021641577886,0.0009553700652827,0.0094185849397917
Slc25a42,-0.585242245394196,0.0009597266606715,0.009455227060936
Mfsd11,-0.629839407028186,0.0009614329956246,0.0094657273879688
Cnpy3,-0.34615064510008,0.0009627394651442,0.0094722795045948
Rab21,0.56832053472782,0.0009653312345357,0.0094914604018428
Rnf157,-0.661483231323993,0.000969487753341,0.0095259907040389
Smg8,0.353565168219703,0.0009742714577881,0.0095666336233841
Hexim1,-0.541741738989884,0.0009781722941166,0.0095985592048177
4930487H11Rik,1.17469194263571,0.0009824116864526,0.0096308156614771
Akap17b,-0.492875771079195,0.0009827628919682,0.0096308156614771
Fam221a,-0.9705741935642,0.0009962187025194,0.009756209400817
Lrp5,-0.430919295290872,0.0009980132650896,0.0097673112791356
Wdr76,-1.34076405639023,0.0010045341116562,0.0098246228339219
Prkab1,0.382129605249204,0.0010086956274975,0.0098587989306607
Tceb1,0.381343418333635,0.0010106174101711,0.0098658473088502
Ifrd1,0.951659598512387,0.0010107519844092,0.0098658473088502
Sbno2,0.716266984282005,0.0010132567870522,0.0098837681841965
Rrbp1,0.631471666022013,0.001014531497907,0.0098874987854597
Anxa7,0.616070056883253,0.0010149773756626,0.0098874987854597
Cep131,-0.718605365093962,0.0010162854900564,0.0098937200079408
Mthfr,0.810535287809061,0.0010204537924893,0.0099158624771275
Prickle2,-0.825627269767769,0.001019755600966,0.0099158624771275
Ralgapa2,1.11565133391484,0.001020572934613,0.0099158624771275
Zfp398,-0.687392366726234,0.0010229404973729,0.0099323355257404
Nlrc3,-0.921125936535045,0.0010243002495639,0.009932486278252
Smarcal1,-0.461412477291239,0.001023696982012,0.009932486278252
Arhgef1,-0.278903517930151,0.001025511337048,0.0099377092058338
Pabpc1,0.3738392801288,0.0010328527779269,0.0100022924981682
Clec4a1,2.24427107937546,0.001043112844994,0.0100950370814158
Tpr,0.478419280110777,0.00104390619105,0.0100961032011367
Abracl,0.796412799893304,0.001048551818731,0.0101332514331584
Sppl2a,1.13142559072576,0.0010491186014841,0.0101332514331584
Rtcb,0.189470836766783,0.0010509926042702,0.0101447215583973
Coro1c,-0.72321759827324,0.0010541579316912,0.010168633103481
Adprh,0.409490230875554,0.0010585174455741,0.0102040253168267
Apol7a,1.64674659695601,0.0010682484784097,0.0102911186531544
Csnk2a2,0.303657514959639,0.0010701292630923,0.0103025213354912
Arl5b,0.894415957901154,0.0010711712416525,0.0103058389382429
Wipf1,-1.33039141498451,0.0010744647842132,0.0103308006383236
Fbxw17,0.867265926427055,0.0010889644738343,0.0104566062341285
Zbtb17,0.416621138098777,0.0010887874012994,0.0104566062341285
Crnkl1,0.24471008938428,0.0010911795361468,0.0104710721981678
Agap2,-1.40839361055413,0.0010947776958295,0.0104806441650953
Lrrc59,0.424474083258601,0.0010939038581677,0.0104806441650953
Phtf2,0.607931565002428,0.0010930435537851,0.0104806441650953
Wdr36,0.354290733748776,0.0010950138442892,0.0104806441650953
Agpat2,-0.47224256782047,0.0011115700179892,0.0106157061944961
Chst10,-1.06458505377851,0.0011099210305343,0.0106157061944961
Coro7,-0.601137298815382,0.0011119984564271,0.0106157061944961
Rgs11,-1.08793394338079,0.0011114513283374,0.0106157061944961
Arhgap29,-0.857502248712988,0.001117844369905,0.0106577445796497
Tyk2,0.813641185125447,0.0011172010706146,0.0106577445796497
Strip1,0.550715004254022,0.0011239395825016,0.0107020484215266
Phka2,-0.646538663798864,0.0011234986211652,0.0107020484215266
Traf5,0.724010261815178,0.0011268268858308,0.0107226321434696
Fchsd2,0.781436739546758,0.0011291890123969,0.0107381951256128
Klf8,1.42559437748402,0.0011308772486531,0.0107404267227481
Znrf3,-0.511792212850457,0.0011307280685667,0.0107404267227481
E530011L22Rik,-0.976421320290129,0.0011341424099063,0.0107645192894005
Trip12,0.415328194296648,0.0011355558212704,0.0107710166410363
Aagab,-0.436833464528769,0.0011470627616361,0.0108731837661698
Vash2,-1.03641217013999,0.0011510461028201,0.0109039482740234
Ptplad2,-0.86740578347802,0.0011532074127141,0.0109174241800703
Fgfr1,0.707381413676347,0.0011590341978072,0.010965561699869
Ahdc1,-0.720367723651722,0.0011616323854747,0.0109831115755248
BC030867,-1.65035263906828,0.0011632977910873,0.0109878973474923
Fam53c,0.531580277343107,0.0011636256157007,0.0109878973474923
Ttc9c,0.787104012393832,0.0011650888739482,0.0109946892587526
Zbtb8a,-0.956509471536915,0.0011715977007511,0.0110490560444799
Usp6nl,0.506759210003361,0.0011755465370971,0.0110792262278195
Fmo5,-0.737700793443909,0.0011849442602038,0.0111606795903716
Rbfox1,1.13922366037051,0.0011875378854372,0.0111779839942625
Aim1,2.09912426739753,0.001198568666617,0.0112746325622321
Max,0.628561643164307,0.0012001581555581,0.0112824028135103
Tsku,0.357435067334136,0.0012051778876155,0.0113223895887999
Eif4a1,0.401682328628331,0.0012078324740384,0.0113401196323632
Igsf8,0.895619027051088,0.0012176900799771,0.0114254120646997
Rcn1,0.321671246665627,0.001220872262059,0.0114407420981028
Zfp608,-0.833096621848582,0.0012207884071939,0.0114407420981028
Zfp319,0.646304481186118,0.0012230167790008,0.0114535753866123
Pi4k2a,0.762464254801462,0.0012257358985858,0.0114673128530846
Eno2,0.581419933316477,0.0012275875580985,0.0114673128530846
Ap2b1,0.275019037241305,0.0012263930998705,0.0114673128530846
Efcab11,-1.58007598509532,0.001227015644623,0.0114673128530846
Ctrl,2.02081695275149,0.0012332448548719,0.0115128821638019
Kank3,-0.596616241839604,0.0012490343214871,0.0116529224766015
Snn,0.535966166933126,0.00125022881671,0.0116567075415401
Lcn2,2.8784077473404,0.0012532091168182,0.0116759608920859
Esr2,-1.27074659704193,0.0012538781170955,0.0116759608920859
Fam160b1,-0.286760207281388,0.001254664088282,0.0116759608920859
Tgm2,1.08361068398727,0.0012613167441904,0.0117304838550323
Dusp23,-0.682265783090507,0.0012681393067563,0.011785069919777
Acot2,-0.766099414565922,0.0012687810422496,0.011785069919777
Tarsl2,-0.613766523806,0.0012715157311004,0.011803052433544
Mark2,0.56437246444643,0.0012770808612763,0.0118472699108233
3010026O09Rik,0.779696222156082,0.0012800188231296,0.0118670753878354
Mir221,2.36544636067005,0.001291843617859,0.0119691943477878
Kpna4,0.751919416547484,0.0013086850490308,0.0121176363750483
Fbrsl1,0.565868953668538,0.0013110276136691,0.01212737202608
Pvrl4,1.66618500900642,0.00131137775732,0.01212737202608
Snrnp35,0.666419760658555,0.0013131833795044,0.0121364752860012
Bak1,0.517549957689264,0.0013155546993612,0.012150792091975
Fxr1,0.278135259848679,0.0013176364264487,0.0121624179325798
Gm10336,-0.559974310024977,0.0013318969229128,0.0122863749855214
Mknk1,-0.545997433339398,0.0013360478874575,0.0123169779668418
5930430L01Rik,-1.06091371993231,0.001345910039695,0.0123947528570653
Nr3c1,0.615678904787903,0.0013461617496,0.0123947528570653
Ppm1k,1.08574464420407,0.0013488885657109,0.0124121265405208
Usp47,0.412534689765318,0.0013507535469664,0.0124215531531237
Nupl1,0.286176078003021,0.0013549547795132,0.0124524388878398
Slc22a17,-0.690881227822423,0.0013665606714867,0.0125279364784317
Slc16a10,1.46256801841392,0.001365677252052,0.0125279364784317
Dhcr7,-0.919023969301405,0.0013650358315237,0.0125279364784317
Dusp5,0.838659422260079,0.0013661060222087,0.0125279364784317
B2m,0.70683995218923,0.001373726931947,0.0125858255426615
Mb21d1,1.60893450497467,0.0013829914313092,0.0126628546294226
Fam117a,-0.599211548581994,0.001388676325436,0.0126991700107021
Txnrd2,-0.486661886094871,0.0013883987178098,0.0126991700107021
Rab3a,-0.886904285184208,0.0013896120010222,0.0126998677496023
Fam13c,-1.43700590531739,0.0014002653322245,0.0127893208155838
Agl,-0.426830948140468,0.001403172712017,0.0127925928225888
Rgl2,-0.668396350701254,0.0014032205281781,0.0127925928225888
Tra2b,0.827685850641335,0.001402372195701,0.0127925928225888
Dclre1a,-0.50885459127928,0.0014069212548052,0.0128184231217706
Clip1,-0.328915582518261,0.0014120204643619,0.0128569552817874
Mak16,0.432887244664037,0.0014155010456508,0.0128807108698451
Nynrin,-0.884793749213666,0.001418268417951,0.0128916419784692
Bmyc,-0.740047492975686,0.0014184470061571,0.0128916419784692
Magoh,0.322114066892557,0.0014194305476609,0.0128926518951033
Flnb,0.521513387031741,0.0014331423048575,0.0130091996198922
Slc29a3,-0.632224233822066,0.0014413032243941,0.013075248035664
Klf15,-1.01725146617251,0.0014428976952593,0.0130816822948113
Epor,-1.4346568965271,0.0014452651275011,0.0130951122343421
Txn1,0.503743471694254,0.0014478485228975,0.0131104812937378
Smtnl2,-2.48030658721646,0.0014492546850853,0.013115178038084
Zkscan16,-1.4840410991389,0.0014529160315953,0.0131402650642079
Rdh14,-0.425915816084395,0.0014549842202427,0.0131509215943407
Golga3,0.301648113058928,0.0014558954972209,0.013151114705337
Wbscr27,-0.490950795106661,0.0014619939598019,0.0131900773735974
Stard3,0.805316189964671,0.0014618840151093,0.0131900773735974
Tmem82,-1.68479878337068,0.0014683492196025,0.0132393317677157
Cd83,3.01117988432058,0.0014766622292013,0.013306167331181
Eif3b,0.324966046831796,0.0014954383044035,0.0134671464122338
1700021K19Rik,-0.37926764043693,0.0015138370349099,0.0136245333141895
Ankrd9,-0.646368037934699,0.0015189043997924,0.0136618193670923
Rhbdd3,-0.364102780258549,0.0015203577960188,0.0136665739109281
Kif16b,-0.356541508137547,0.0015254358320693,0.0137038849400128
Vegfb,-0.61382068659072,0.001529432745863,0.0137147798048322
Hdac5,-0.535131302438748,0.0015286379857249,0.0137147798048322
Slc46a1,-0.532560431241649,0.0015292978014501,0.0137147798048322
Wdr75,0.466404021774194,0.0015416009490872,0.0138155117195946
H2-T24,1.12935494914751,0.0015426295427417,0.0138163511409922
Pias3,-0.471798737323828,0.0015493711785707,0.0138683266365346
3110035E14Rik,-2.01037775085888,0.0015503969064602,0.0138691074356351
Nbn,0.391658802292004,0.0015764205491917,0.0140933713708138
Plek2,1.2300065688592,0.0015882135747145,0.0141902177794022
Apobec3,2.19973691227926,0.0015896964602885,0.0141948847674586
Clp1,0.476061918954193,0.0015961259468516,0.0142436891561435
Il2rg,1.8491430637344,0.0016010995142665,0.0142794499830003
Itprip,0.680609548285885,0.0016045871316889,0.0143019231797948
Acaa1a,0.459711580415025,0.0016084365754486,0.0143275923520075
Pctp,-0.62574246767405,0.0016095238749559,0.0143286408578914
Slc3a2,1.01290066946576,0.0016198425469165,0.0144118200832825
Slc25a19,-0.406036842713261,0.0016219168281028,0.0144215925906765
Snrpd1,0.496413519230238,0.0016307668973716,0.014491565369428
Hey2,-1.33326297627762,0.0016343227004885,0.0145144356176802
Pkn2,0.441014593337501,0.0016394559123792,0.0145512789628474
Cic,-0.479604565891662,0.0016644949608872,0.0147601367015008
Cux1,-0.259414724871679,0.0016649849696441,0.0147601367015008
Trmt2b,-0.445718200360561,0.0016686808805747,0.0147840324059551
Gnpda1,-0.639184096809152,0.0016792115078059,0.0148601598788414
Stim2,0.444243279669912,0.0016792845444353,0.0148601598788414
Atmin,-0.265591457849921,0.0016804440546193,0.0148615213878906
Gpr132,2.04267875112323,0.0016838797349512,0.0148741032415482
Hexim2,-0.902368344954976,0.0016832579345805,0.0148741032415482
Gjb4,0.774459934369296,0.0016898142114831,0.0148919408359162
Lrrc56,-0.786390666989052,0.0016888606619213,0.0148919408359162
Pkib,-2.11402460932654,0.0016872292900126,0.0148919408359162
Tbc1d30,-1.55235521210401,0.0016899299486961,0.0148919408359162
Mon1b,0.313238462126404,0.0016939745661842,0.0149186866144641
Mrpl3,0.340733582561238,0.0016977286873068,0.0149428436813702
Marf1,0.634947784580211,0.0016996516808483,0.0149508646068911
Slc25a28,0.573747172690133,0.0017064373554742,0.0150016247704924
Mtr,-0.347618984917083,0.0017124888294958,0.0150369340001721
Fam69b,-0.548445208515706,0.0017119760666061,0.0150369340001721
Pi4k2b,0.413319061782614,0.0017250386234586,0.0151381358536056
Tcp11l2,-0.545856535824182,0.0017341166802347,0.0152087693178094
Hmgcl,-0.562699786202647,0.0017402001828056,0.015253071353204
Atad2,-0.921848351602974,0.0017413880027493,0.0152544350353465
Col27a1,0.757521118022731,0.0017510317622101,0.0153161060467963
Srsf5,0.284693612276195,0.0017515373676468,0.0153161060467963
Wtap,0.466206475147369,0.0017502815364473,0.0153161060467963
Scarb1,-0.566579756241351,0.0017546403739094,0.0153341664373943
Eif5b,0.321041555023141,0.0017589864250206,0.0153630622866162
Plet1,2.43004427244706,0.0017624513436272,0.0153842326970605
Tmem65,-0.537400528495499,0.001765151196247,0.0153987038831991
4931406C07Rik,-0.279458841838253,0.0017781202611994,0.0155026909852536
Cnksr3,-0.821736436947327,0.0017843796938556,0.0155480914597873
Plekho2,0.592962498951577,0.0017943496054841,0.0156257504241868
Ddi2,-0.559835035636978,0.0017977234686888,0.0156459113193665
Aqp9,2.19103640545892,0.0018008748816586,0.015664113596911
Mettl6,0.510104739123738,0.0018049241667305,0.0156900996093786
Rsl1,0.576987070796653,0.0018155342644801,0.0157624862685908
E2f5,0.742208267855695,0.0018164510837332,0.0157624862685908
1700113A16Rik,-0.670631863138575,0.0018152890610825,0.0157624862685908
Hif1a,0.81089186985493,0.0018204411864253,0.0157878402893155
Frat2,-0.938952062125359,0.0018362528786721,0.0159156275900391
2500004C02Rik,-0.828605451208476,0.001837409467445,0.0159163171804819
2810006K23Rik,-0.516460521910068,0.0018430573705068,0.0159558885889574
Glipr2,1.30248205026099,0.0018470268616928,0.0159808916639908
Ttyh3,-0.931005316703305,0.0018704582055895,0.0161741552733779
Zfp961,-0.706925500740628,0.0018738237867995,0.0161937824101309
Slc38a9,-0.546569124418529,0.001879660766526,0.016230025817442
Frmd4a,1.0604988708313,0.0018802141155407,0.016230025817442
Ccsap,-0.899220146670261,0.0018833153900228,0.016247305799041
Sncaip,-1.4189742419843,0.0018892067808818,0.0162886218248959
Utp18,0.35889070506961,0.001904514974365,0.0164110334059278
Cd38,1.47845362890482,0.0019131423443017,0.0164565876391681
Gpatch4,0.526806119892774,0.0019118168616421,0.0164565876391681
Rab39,-1.9385706630724,0.0019125000317153,0.0164565876391681
Wdr62,-0.71686798528875,0.001914270624097,0.0164567139516615
Ccdc3,1.41186659311367,0.0019200758335287,0.0164970236441209
Abcf1,0.199997247534915,0.0019257614060124,0.0165362591853872
Cst7,2.35048552418762,0.0019321014057389,0.0165810653739892
Suv420h2,-0.826320138140156,0.0019343465171021,0.0165906981019943
Dusp3,-0.313532181035006,0.0019400134824861,0.0166296515337475
Mid1ip1,-0.565691677730853,0.0019449837341923,0.0166625910863154
Gcfc2,-0.626729577444142,0.0019564600687295,0.0167414979129616
Gng4,2.08837874729817,0.0019560332905437,0.0167414979129616
Sik2,0.509183359567959,0.0019578616334904,0.0167437958447466
Gna13,1.01194364017786,0.0019666145073212,0.0168089237647152
Trmt112,0.524928073340885,0.0019722189082514,0.0168470815179996
Ggps1,0.35336099930182,0.0019857443200041,0.0169528189260665
Zdhhc18,0.835488032209439,0.0019885623697229,0.0169572848815729
Zfp763,-0.697976473543568,0.0019876380329828,0.0169572848815729
Map3k4,-0.560116610474893,0.0019951517342384,0.0170036633959491
Ech1,-0.337526864555483,0.002001520247944,0.0170481073337853
Acot9,0.547845662558573,0.0020027780040277,0.0170489938614759
Mef2a,0.57828546637503,0.0020185905780521,0.017164502572304
Telo2,-0.511092438056986,0.0020186700142552,0.017164502572304
Tor2a,-0.460732914761099,0.0020211375274046,0.0171756011385772
A930024E05Rik,-0.937277278069931,0.0020234190112765,0.0171851069819795
Erap1,0.984704727428864,0.0020255587750214,0.017193398953054
Arhgef2,0.451627470489801,0.0020272192370864,0.0171976153189801
Rnf139,0.992484560916298,0.0020284356181528,0.0171980617126005
Tmem39a,0.392785468105947,0.002049001065904,0.0173624643072992
Mapk9,0.288296111072187,0.0020649586299599,0.0174876553773915
Socs6,-0.889885716356595,0.0020727769980477,0.0175438135607956
Cuedc1,0.496304778723469,0.0020776428872733,0.0175553261004752
Susd3,-2.49067587384512,0.0020777009980871,0.0175553261004752
Zfp647,-0.800232561770417,0.0020770616001069,0.0175553261004752
6330416G13Rik,-0.968677512832137,0.0020855657279464,0.0176117087586239
Rhov,-2.06118195443715,0.0020890916313789,0.0176314084114896
Pdlim2,-0.972337144273943,0.0020927567872143,0.0176475696909501
Ppp4c,0.489047358882266,0.0020933948889048,0.0176475696909501
Armcx2,-0.915763435929282,0.0020946845925414,0.0176483745202839
Crkl,0.398700040065782,0.002102928957132,0.0176899592360135
Hp,2.15003197099588,0.0021042385737671,0.0176899592360135
Ankrd13d,-0.473251942288303,0.0021044084677839,0.0176899592360135
Cenpo,-0.585385784354241,0.0021008586675635,0.0176899592360135
Zrsr2,0.357350344876179,0.0021164588405043,0.0177811419812239
Asap3,1.35480852656625,0.002124228148602,0.0178362747613867
Parp4,0.671718595348119,0.0021279856945333,0.017857678928912
Dpf2,0.356374864916885,0.0021302129628424,0.0178662242706506
Gpr56,-0.781180746789141,0.0021664204027721,0.0181595920091696
Atoh8,-0.764111482339441,0.0021740715293015,0.0182133951587401
Cela1,-1.6460676654738,0.002181015814706,0.0182612190989948
Tbc1d14,-0.330291800012153,0.0021848606492117,0.0182811411339998
Arf4,0.425489218855662,0.0021858692910933,0.0182811411339998
Prickle3,-0.728640680720956,0.0021912554708813,0.0183158220297992
Trmt1l,0.500902337069943,0.0021960543709335,0.0183455576561085
Coasy,-0.440774205177574,0.0022106352061216,0.0184465087950684
Mrm1,-0.438277623369124,0.0022103090169303,0.0184465087950684
Klhl24,-0.353572675030745,0.0022129979478263,0.0184558034271882
Cecr5,-0.395907059066778,0.0022158147887995,0.0184688725035982
Panx1,-0.752519614131162,0.0022228803014926,0.0185173196704948
Trim62,-0.574727801512639,0.0022243027610936,0.0185187302554602
Ppp1r3d,-0.776832081715376,0.0022323523587293,0.0185728899410489
Midn,-0.559176344545349,0.0022333215201816,0.0185728899410489
Mroh6,-1.09192957832445,0.0022368506512387,0.0185917766726693
Rpf2,0.483407790238543,0.0022400150920343,0.0186076127206765
2610203C22Rik,-1.390669059446,0.0022673822557014,0.0188068542192153
9330151L19Rik,-0.681404976267592,0.0022689875630072,0.0188068542192153
Marveld1,-0.502934511698457,0.0022690906125904,0.0188068542192153
Tbc1d13,0.536278352564675,0.0022684756840446,0.0188068542192153
Rnf6,0.223325451066764,0.0022774964580233,0.0188659431931999
Zim1,-1.10872458314413,0.002285239968405,0.0189194824947285
Camta2,-0.472525284704978,0.002288795316204,0.0189277096714401
Dusp6,0.715974878092777,0.0022876266231229,0.0189277096714401
Ankrd10,-0.470537560724113,0.0022916321976485,0.0189405708147932
2700060E02Rik,0.312995559107312,0.0022979155903657,0.0189692360166547
Crtc2,0.367810630006541,0.0022989512590221,0.0189692360166547
Dars2,-0.553309842437894,0.002297713393309,0.0189692360166547
Spsb2,-0.55283128179484,0.0023042944311702,0.019002713785622
Soat1,-0.785332103936296,0.0023188702444639,0.0191048878088748
Numb,0.381652606192375,0.0023192697746055,0.0191048878088748
Vdr,-0.978942020206745,0.0023212680109849,0.0191106956358412
Tmbim6,0.497967070566428,0.0023359440525631,0.0192208135906339
Acads,-0.433268762889388,0.002339719388677,0.0192306680437906
Slc27a1,-1.00968705957738,0.0023405043830052,0.0192306680437906
Tssc4,-0.354626794214191,0.0023410455955325,0.0192306680437906
Prkag2,-0.51706682249407,0.0023465602669181,0.0192652597913978
Fam189a2,-0.902548144451118,0.002353201727161,0.0193090589250335
Abcc10,-0.648457192326569,0.0023580265204828,0.0193219989763489
Setd8,0.320463585979238,0.0023587011878017,0.0193219989763489
Wnt10a,1.63268921758814,0.0023567272862705,0.0193219989763489
Gabpa,0.27142615335237,0.0023671426780958,0.0193804069234905
Fgf7,1.29501444527829,0.0023735458994962,0.0194220715962098
Gtf2f2,0.340869284040004,0.0023876304664095,0.0195265097026008
Unc119,-0.419420345026617,0.0024022826656823,0.0196354719211582
Xpc,-0.49240995673091,0.0024098268359115,0.0196862470873964
Cct8,0.291731009071001,0.0024208251687476,0.0197651681457196
Il4ra,0.584963441065987,0.002426713943649,0.0198023073767234
Pwp2,0.423704994256135,0.0024334684971582,0.0198464665844396
Crocc,-0.701588376900667,0.0024352821231903,0.0198503029324359
Nceh1,-1.09903545567596,0.0024392189663742,0.0198714321306935
Fbxl22,0.856847592128651,0.00244102645342,0.0198752005116478
Hsd17b1,-1.08442652537067,0.0024573903815738,0.0199974201866177
Coq9,-0.371510737530978,0.0024642813299296,0.0200424598204181
Lrrc39,-0.658144601686661,0.0024666025726582,0.0200503040807167
Ankib1,0.435973715634641,0.0024744472754793,0.0201030136542243
Hs1bp3,-0.459394014233248,0.0024779783081463,0.0201206392515313
Tmem128,0.414252407492886,0.0024841082526073,0.0201593364948007
Arf5,0.365264007119779,0.0024921319463982,0.0202133512095898
Acsl1,1.03999177117887,0.0024948738555391,0.0202244903111123
Nol12,0.268879761109929,0.0025034709732485,0.0202830559444445
Nudcd1,0.491782863894312,0.0025054883828431,0.0202882779844692
Wac,0.423975684355942,0.002511312987271,0.0203243063120986
Pars2,-0.513770086769677,0.0025392567671952,0.0205279740183868
Vezt,0.281009178921739,0.0025384061394536,0.0205279740183868
Adck3,-0.640467729006005,0.0025415920852558,0.0205356193744725
3110043O21Rik,0.808044479063626,0.0025463897433405,0.0205631407798287
Tarm1,3.01528552914597,0.002548335732606,0.020567616306091
Lrrk1,-0.503085242769197,0.0025507882119874,0.0205761725964798
Rreb1,-0.488995197950149,0.0025607346670257,0.0206451374300636
Ifitm1,1.84575469826668,0.0025650743049251,0.0206688484613868
Fnip2,-1.15533263839953,0.002569352147397,0.0206838108858829
Rhbdf1,0.505687798683307,0.0025697304632887,0.0206838108858829
Tpcn2,-0.751635073612713,0.0025719416429906,0.0206903394665844
Taf15,0.655589420797595,0.0025971104246619,0.0208700912755057
Spata2,0.349703427729798,0.0025962275189053,0.0208700912755057
Gtf2b,0.491674376434498,0.002636611103879,0.0211556723969111
Naa20,0.541646476946563,0.0026363181434363,0.0211556723969111
Rpp25,-1.36318256916598,0.002636943331649,0.0211556723969111
H13,0.231439593886574,0.0026390839136397,0.0211613576102918
Slc40a1,-1.67237378546688,0.0026405409026931,0.0211615582754876
Cacna1a,-0.888993348220564,0.0026446795705231,0.0211832383160928
Mier3,0.650100889517803,0.0026495110873647,0.0212104414133676
Ppm1e,-1.11059702889274,0.0026658720836531,0.021309882125213
Rasal3,-1.79820968447488,0.0026635487460528,0.021309882125213
BC052040,-0.757761305687185,0.0026677007667914,0.021309882125213
Pla2g16,1.20308831943331,0.0026668599496029,0.021309882125213
Daglb,-0.725678056037132,0.0026702837998398,0.0213153816676557
Zfp275,0.533807596528598,0.0026712739781092,0.0213153816676557
Arrdc1,-0.571092492861187,0.0026863479545562,0.0214180594176154
Slamf9,1.59946860737809,0.002687040341065,0.0214180594176154
Pmpca,0.271282029686185,0.0026915821393045,0.0214426958785138
Otud4,0.560602460915736,0.0027031203255782,0.0215230130233811
Stmn1,-0.984293762333632,0.002704841068859,0.0215251164865903
Gda,1.3202351928893,0.0027212736968952,0.0216325888610636
Atp5sl,-0.378993445354336,0.0027200069419407,0.0216325888610636
Taf9b,0.4822204314988,0.0027240372462076,0.0216429152819658
Klhl3,-1.30586276377372,0.002736522733173,0.0217304314620261
4930506M07Rik,-1.64969069938237,0.0027404655082823,0.021740466134686
Cul1,0.64089075915174,0.0027407286783678,0.021740466134686
Mical1,-0.559016907793732,0.0027430835492955,0.0217474724739753
Ccne1,0.982096134631818,0.002761131048532,0.021872389448252
Upp1,1.50678384927857,0.0027617998856704,0.021872389448252
Whsc1l1,0.436341888206475,0.0027773689400274,0.0219725381661454
Utp3,0.264749604425165,0.0027774192241412,0.0219725381661454
Epn2,0.396078206038585,0.0027846065304132,0.0220176111859003
Akap10,-0.397045290750105,0.0028032139058342,0.022152885080438
Rps5,0.288407036206792,0.0028076968491276,0.0221747851357856
Tmem104,-0.816262320052133,0.0028089861804162,0.0221747851357856
Cog2,0.247248123042121,0.0028201876057993,0.0222319452728089
Gpr89,-0.304248139471295,0.0028182833355301,0.0222319452728089
Rwdd4a,0.333749845231678,0.0028207401127701,0.0222319452728089
Elac1,-0.30743415402034,0.0028266570490493,0.022264771050994
Dnajb2,0.333169287909608,0.0028279182069776,0.022264771050994
Lsm8,0.456121698105028,0.0028300615829465,0.0222664730901679
Pdcd10,0.827335608920092,0.0028311478506175,0.0222664730901679
Dip2b,-0.442409198201796,0.0028429952106576,0.0223477570335634
Rabgef1,0.731896979343459,0.0028578796961179,0.0224528156029936
Slmo2,0.295920398367233,0.0028615546094537,0.0224697417739147
Hykk,-0.663108293031212,0.0028799484504241,0.0226021657994521
2810047C21Rik1,1.97346934697946,0.0028820114213359,0.0226063507348742
Bdp1,0.42600180866597,0.0028862181239408,0.0226273376316172
Zfp61,-0.725205606464486,0.0028945640868242,0.0226807359889124
Kbtbd2,0.460579400506437,0.0029068463524319,0.0227649048204768
Tssk6,-1.18070729506766,0.0029110736465204,0.0227859355658257
Dmtf1,0.394722107897762,0.0029299676284743,0.0229216842845919
Dna2,-1.25348224783425,0.0029338549790831,0.0229399517888313
Ddx10,0.471071448093378,0.0029609627765529,0.0231396657387094
Lincrna-cox2,1.41573935564758,0.0029803674083318,0.0232790008246975
Psma7,0.257917568193198,0.0029870950219289,0.023319223578482
Nsl1,-1.08194138165038,0.0029920801087463,0.0233458077333968
Ngf,1.1954583828295,0.002994813418094,0.023354803531712
Naa15,0.494165546504759,0.0030416868994069,0.0237078317507572
Lgals8,0.528359411575172,0.0030510593811966,0.0237683476728116
Cntnap1,0.821061882991416,0.0030553543194997,0.023789265613049
Bdkrb2,1.74610854548447,0.0030586248692568,0.023802189740852
Lats2,-0.498759220312628,0.0030742985191425,0.0238989918547548
Yme1l1,0.542202056890757,0.0030736831201577,0.0238989918547548
Brat1,-0.508851784925179,0.0030867246336803,0.0239829740465445
9430083A17Rik,-1.37964774519827,0.0030906334235737,0.0240007255562649
Rere,-0.481513188840645,0.0030979369396625,0.0240448067722338
Gga2,-0.443651196852838,0.0031171424173078,0.0241811709411947
Arhgap25,-1.99870831457023,0.003121472623972,0.0241893667734969
Tgfbrap1,-0.382431639538842,0.0031209835856019,0.0241893667734969
Il7,0.833957107638426,0.0031302161565882,0.0242444100430092
Polr2c,0.376821403793645,0.0031340915278582,0.0242617101093182
Gatad2a,0.395163919136993,0.0031388693224406,0.0242859742654593
Rap2c,1.12719290293002,0.003156944334945,0.0244130420626993
Eef2k,-0.497097764965504,0.0031635364267935,0.0244512245372151
Erbb2ip,0.625137106985,0.003168991504302,0.0244805836124281
Ergic2,0.272445414270363,0.0031741860952465,0.0245079007918252
Homer1,0.535619518763453,0.0031766710622371,0.0245142793513006
Zfp759,-0.662310708787127,0.0031843637491121,0.0245608181024948
Mecp2,0.281129568044602,0.0031872006656781,0.0245698755541949
Dnajc25,0.264296197367113,0.0031923141335783,0.0245964641637229
AI607873,2.56262156994957,0.0032006225331414,0.0246347915597728
Tmc8,-1.02235210302135,0.0031995539664023,0.0246347915597728
Crem,0.609437795318065,0.0032068019235378,0.0246695048547853
Oxa1l,-0.335363076501204,0.0032284950592055,0.0248234651326427
Mccc2,-0.466128919573814,0.0032615271186993,0.0250644034114089
Kcne4,-1.1813878217689,0.0032662010945567,0.0250872763905197
Atg14,-0.333883598112464,0.0032855253912811,0.0251964163115478
Zbtb25,-0.555706732441392,0.0032840914256271,0.0251964163115478
Zscan2,-0.668213240049714,0.0032841330947989,0.0251964163115478
Selo,-0.372988688203293,0.003292423197766,0.0252362188882709
Nin,-0.616059827884876,0.0033170737245085,0.0254119831523007
Fcf1,0.413879965450349,0.0033333311305526,0.0255232991954962
Agpat9,-1.00231711921262,0.0033496793138923,0.02562675568474
Asf1a,0.401570377692165,0.0033503107310135,0.02562675568474
2810403A07Rik,0.26899473139492,0.0033633124817333,0.0257128980108928
Vwa5a,0.729288542390789,0.0033673053904581,0.025730113267937
1600010M07Rik,-2.298512433542,0.0033750178049271,0.0257757173753038
F630028O10Rik,-1.87336820194452,0.0033786928134076,0.0257904557833362
Pkp2,-0.932322358451417,0.0033831392360079,0.0258110643416242
Zfp945,0.82782443264626,0.0033917165775317,0.0258338745985517
Msrb1,-0.903363580145317,0.0033891332028773,0.0258338745985517
Sdccag3,0.263302058824413,0.0033932810388138,0.0258338745985517
Dnajc6,-1.38861810747788,0.003390907647416,0.0258338745985517
Gne,-0.371442727282918,0.003396617833603,0.0258338745985517
Arxes1,-1.36840399813322,0.0033961243802927,0.0258338745985517
Nqo2,-0.45886701648535,0.0034016287113739,0.0258586775188703
Hsp90aa1,0.342415111600531,0.0034095303247257,0.0258921064433696
Slc2a8,-0.492205546924578,0.0034080534353007,0.0258921064433696
Pik3r5,1.82061495180449,0.0034159077044834,0.025913903519947
Sec23a,0.210491747043089,0.0034158939930691,0.025913903519947
Rtn4ip1,-0.344826649784088,0.0034422094035384,0.0260941253134941
Foxo4,-0.373431878491549,0.0034431955854184,0.0260941253134941
Atp13a2,-0.868428097291175,0.0034477551754777,0.0261152875362428
Letmd1,-0.378702235653544,0.0034504692276707,0.0261224560689131
Ddx26b,-0.66296542439109,0.0034547039515178,0.0261411239096419
Efna4,-0.701851242089219,0.0034582140909176,0.0261542926487107
Exph5,-1.75624441759709,0.0034680791005608,0.0262049641562979
Smad3,0.542117332009486,0.0034684605420028,0.0262049641562979
Ift57,0.362548182726566,0.0034780063693502,0.0262636577037598
Atp13a1,0.354187693733699,0.0034958360345102,0.0263713450321555
Il16,-0.964690708379035,0.0034955491990868,0.0263713450321555
Lat2,-1.75587048453907,0.0035147955801706,0.0265008413692659
Recql4,-0.981495937377821,0.0035179834637361,0.0265113511611899
Mapre1,0.302550231563823,0.0035344830897124,0.0266085537950943
Napepld,-0.754227252138576,0.0035337698114681,0.0266085537950943
Ccdc115,-0.435918976618305,0.0035400900849748,0.0266371951505899
Nap1l3,-0.576677658454338,0.0035582947139363,0.0267605492532066
Cd28,-2.31015758677869,0.0035617159556821,0.0267726543199753
Mybbp1a,0.357714755319522,0.0035683609602076,0.0267849776116292
Pfkfb2,-0.425676612410903,0.003567711535341,0.0267849776116292
Hspbap1,0.41972267172916,0.0035687928621801,0.0267849776116292
Arhgef18,-0.493096696934319,0.0035862965179846,0.0269026852501404
Cables2,0.354354202930467,0.0036114674179121,0.0270399106240644
Chd3os,-0.871855427942503,0.0036097327727882,0.0270399106240644
Dgkd,-0.57738574759014,0.0036110269373566,0.0270399106240644
Srpk2,-0.328693290484107,0.0036119084836854,0.0270399106240644
5730508B09Rik,1.45754259659923,0.0036170035939835,0.0270643438541209
3110009E18Rik,1.0380712880033,0.0036239422372664,0.0270888307447262
Tmem11,0.312038718395925,0.0036238257088651,0.0270888307447262
Pld1,-0.379905210226323,0.0036287177355491,0.0271108143053312
Ptp4a1,0.75329531093017,0.0036382300548295,0.0271681474230779
Adcy9,-0.527242564350112,0.003644792053766,0.0272034025103808
D10Wsu102e,0.30841023433535,0.003650329690641,0.0272172412554458
Oxct1,-0.328565222800712,0.0036492476329321,0.0272172412554458
Rab9,0.449065484240507,0.0036602173323824,0.0272772020867106
Zfp719,0.41656590746149,0.0036737050358816,0.0273639178529534
D17Wsu92e,0.493987025233731,0.0036844875984384,0.0274304069167375
Tsc22d2,-0.407218425765693,0.0037001885932274,0.0275334275079133
Cdk12,0.501244255822659,0.0037075968135569,0.0275746681986635
Rassf9,1.53660433861786,0.0037168537485141,0.0276157188011778
Samd10,-0.599683107855303,0.0037164992760269,0.0276157188011778
Itfg3,-0.307059502743104,0.0037251457014095,0.0276634186811204
3110052M02Rik,-0.534024425446303,0.0037329033249214,0.027668105804961
Taf4b,0.378185663103807,0.0037324989872627,0.027668105804961
Trit1,0.243873347588473,0.0037319788929645,0.027668105804961
Zfp652,-0.532307287587056,0.0037332658664969,0.027668105804961
Mthfd2,0.921503423956438,0.0037354964897911,0.0276707604642272
Wdr74,0.326918396434469,0.0037468672736745,0.0276994520111871
Tmtc2,0.892381338836147,0.0037456678176244,0.0276994520111871
Slc38a6,-0.900352807944914,0.0037434892584405,0.0276994520111871
Psmb6,0.693565492916874,0.0037442574756245,0.0276994520111871
Dhdds,-0.191518462175689,0.0037561406337374,0.0277541231426856
BC037032,-1.07981226882516,0.003773016956638,0.0278648898476743
Alg9,0.324854336112924,0.0037833947048856,0.0279099014943765
Kcnk5,-1.26958988479264,0.003784010908706,0.0279099014943765
Rpl7l1,0.290937341251059,0.0037847775473494,0.0279099014943765
Acox3,-0.616810253175658,0.0037987295307612,0.0279988154641347
P2rx7,-0.703507281141015,0.0038097826667476,0.0280662852687918
Tcerg1,0.474770165698034,0.0038246972789288,0.0281621207713059
Apba1,-0.580211547303687,0.0038267067854574,0.0281628848981525
Atp2b4,0.458527729439113,0.0038586580614102,0.028383896879801
Akt3,0.498176661157818,0.0038612031918577,0.0283884879449122
Mcur1,0.61578942410211,0.0038663565804441,0.0284122414449545
Hnrnpc,0.22556400304779,0.003874266220595,0.0284509853677718
Ubn1,-0.284509334897742,0.0038754793304455,0.0284509853677718
Dhtkd1,-0.380993166170535,0.0038916295614586,0.0285553632866114
Xpo6,0.382528605548605,0.0038951408188291,0.028566943434569
Asph,-0.378191354778409,0.0039015936414397,0.0286000748180539
Nim1k,-0.581874239495137,0.0039192708949104,0.0287011820044533
Tspo,0.467855844877563,0.0039176319858489,0.0287011820044533
Slc28a2,1.66444621202776,0.0039284050392367,0.0287538235115605
Cpeb2,-0.560562749017104,0.0039307530247678,0.0287567664356533
Camk2g,-0.475364954937639,0.0039439652699131,0.0288391483220075
Golph3l,-0.343081648876105,0.0039728562250182,0.0290360382261717
Rpf1,0.322217623121166,0.0039767353970247,0.0290500225888445
Aifm2,-0.305049965980847,0.0039844938263052,0.029092317077638
Plcb4,0.656165373686235,0.0040073874790725,0.0292450232917203
Lpar1,0.812458686491857,0.0040119605948601,0.0292639455433581
Lrrc34,-1.65785787112494,0.0040218963753835,0.0293219460460867
Nlrp1c-ps,-2.35105395771847,0.004042672105575,0.0294588798699153
Tmem41a,-0.50472722603733,0.004059320757742,0.029565619594831
Cradd,-0.549022052347828,0.0040742187177509,0.029659509463509
Arhgef6,-1.27796618095435,0.0040821752344311,0.0297027994162595
Grwd1,0.57957642901514,0.0040882745820111,0.0297325402425986
Taco1,-0.378662148415603,0.0040944093203294,0.0297625090682877
Stxbp5,-0.558297117778296,0.0040968580625826,0.0297656678706224
Sos2,-0.226221175148422,0.0041173897431265,0.0298864540797481
Ttll1,-0.476513699652987,0.0041175274398678,0.0298864540797481
Kdm4b,-0.280203136709394,0.0041258058488233,0.0299318403701084
Gtf2h1,0.224048427415286,0.0041430374514862,0.0300329106228221
Gxylt2,0.96255378550095,0.0041454897340366,0.0300329106228221
Ifngr1,0.66838292181596,0.0041458341907265,0.0300329106228221
Pdss1,1.13827299139341,0.004151817546424,0.0300615187168319
Kif23,-1.6552838366621,0.0041601348568999,0.0301069896744695
Tnrc6b,-0.328794813960246,0.0041733694121221,0.0301879849105926
Atxn7,0.485070081721992,0.0041794725009545,0.0302173408116955
Dok2,-1.36134474079425,0.0041931287271746,0.030301250039211
Dbp,-1.08463740486106,0.0042018846643981,0.0303496830745241
Mettl18,-0.583140614419539,0.0042197656232058,0.0304639454712926
9930111J21Rik1,1.40605210462011,0.0042317157967284,0.0305203982645448
Trp53cor1,-0.553687017137029,0.0042308805642655,0.0305203982645448
Med1,0.538992258918573,0.0042466651350999,0.0305685423119859
Dedd2,-0.663326965197006,0.0042461366813108,0.0305685423119859
Agtrap,0.296291074601106,0.0042464957020255,0.0305685423119859
Cirh1a,0.393366333624826,0.0042413373817435,0.0305685423119859
Pdk1,-0.712910337586783,0.0042505580909019,0.0305816686793325
Snx33,-0.469879416133573,0.0042602202955842,0.0306362703299967
Arl1,0.32103156291828,0.0042764198989386,0.030725765208247
Usp15,0.327748220764676,0.0042768235913766,0.030725765208247
St7,0.410871602310667,0.0042811321675369,0.030741774135987
Orai3,-0.35213978499379,0.0043005740286445,0.030866383193448
Mstn,-1.68436315599451,0.004313491129373,0.0309440640339201
Myo1f,-2.03051487517141,0.0043324410353378,0.0310649265503265
Timp1,0.588211994041078,0.0043514819927626,0.0311863243884804
C87436,-0.383173094354395,0.0043648969822104,0.0312673037339339
Cdyl2,0.829963349057209,0.0043783944181632,0.0313308864189942
Filip1,-1.08831293792097,0.0043801333970525,0.0313308864189942
Kcnn3,1.05026428688856,0.0043797780313338,0.0313308864189942
Stxbp3a,0.649680892748917,0.0043946022131354,0.031419173442533
Cwc15,0.262469750011178,0.0044008276392223,0.0314369423706128
Rragd,-0.733722050090337,0.0044013421142778,0.0314369423706128
Gse1,-0.323575796228481,0.0044160074423115,0.0315264531316325
Tmppe,-0.524534012188144,0.0044242625067232,0.0315507310552432
Slc35c2,-0.335826508295307,0.0044220325298919,0.0315507310552432
Fubp1,0.293845931662701,0.0044258130651995,0.0315507310552432
Asns,0.61733276525677,0.0044294890921104,0.0315617115733884
Ssb,0.350475338554483,0.0044359021891347,0.0315921747233897
Rala,0.370887822810881,0.0044550662305827,0.0317133760864893
Mphosph6,0.438968628395546,0.0044780188189163,0.0318614165170658
Rab3ip,0.54036996024991,0.0044813305527598,0.0318696356634672
A930004D18Rik,-1.19647754992772,0.0044951680067881,0.0319526660915418
Acrbp,-0.790619158553906,0.0044973830856956,0.0319530419425051
Il6st,0.769868835168765,0.0045056753905225,0.0319658525785611
Inha,-0.88235387504655,0.0045025406892524,0.0319658525785611
Rdh10,0.556306443789395,0.0045047058150618,0.0319658525785611
Rassf8,-0.505298452081634,0.0045201239056118,0.0320529707663782
Nhp2,0.497052877480808,0.004530526901033,0.0321113316755234
Peg3,-0.728416158437643,0.004533864225011,0.0321195807848579
Tcof1,0.75978367788234,0.0045433095909563,0.0321710728965757
Tfdp2,-0.526538670688015,0.0045540034806574,0.0322149459283938
Usp48,-0.322761646602863,0.0045560452693424,0.0322149459283938
Ehf,1.7354487746281,0.0045554229623913,0.0322149459283938
Itpripl1,-0.880904356301557,0.004560687742214,0.0322323498108269
Tbl1xr1,-0.549942659927607,0.0045688519623535,0.0322746148659943
Fam63b,-0.553569386591629,0.0045773750434488,0.0323193733359232
Tmem183a,0.293220642800608,0.0046111535252041,0.032542324162114
Dnmt3a,-0.681436462799598,0.0046468532569178,0.0327786145254093
Zfp248,-0.598090500814783,0.0046505370982149,0.0327889490636546
Gm8773,1.33600762372611,0.0046561180097258,0.0328126427981538
Il1rap,0.782689032489881,0.0046626391618542,0.0328429368607634
Efcab4b,-1.34998443342358,0.0046849025223184,0.032968328321344
Rab40c,-0.451261647717997,0.0046834644045973,0.032968328321344
Msn,0.408163547825118,0.0046884871501635,0.0329778501214263
Nrg2,-1.16019869675964,0.004691935428965,0.0329864042670055
Fhod1,-0.556240357234201,0.0047062888557779,0.033071581888106
Rnf2,0.613383158005429,0.0047175100981235,0.0331346788165734
Fam160a1,-0.490057956204802,0.0047436699963708,0.0332863166457074
E2f1,-0.399645670844669,0.0047458566228519,0.0332863166457074
Nt5c2,-0.256050815864942,0.0047422300361761,0.0332863166457074
Xylb,-0.697870961079818,0.0047545716774108,0.0333316225089078
Dscr3,-0.2323739981419,0.0047604088413997,0.0333567197051708
Ldb2,-1.39366048886209,0.0047879005825787,0.0335334572556156
Usf1,0.394617433568829,0.0047929929902758,0.0335532214165304
Gm5113,-0.511399838317743,0.0047994146345604,0.033582267741257
Ptger2,1.25634491396367,0.0048218707241983,0.0337234290403232
Slc17a5,-0.618276787800407,0.0048421734369119,0.0338137518017901
Slc17a8,1.44640257061273,0.004841782910876,0.0338137518017901
Pan2,-0.619829581115159,0.0048439377834882,0.0338137518017901
Pkn1,-0.442885463288471,0.0048373890818036,0.0338137518017901
Rp9,-0.383103163084674,0.0048853259840946,0.0340704801288109
Tcea1,0.518957594652,0.0048836790260371,0.0340704801288109
Plec,0.40435225917763,0.0048917210767483,0.0340989877698994
Trim14,1.99731269663901,0.0049036488133053,0.0341660170499889
Klf7,0.771475531228744,0.0049190673787356,0.0342572939316473
4930404N11Rik,-1.48225236947983,0.0049284631289722,0.0343065605840562
6230400D17Rik,1.10661901635128,0.0049309722479795,0.0343078662338239
Mbd4,-0.66123660515486,0.0049454664898874,0.0343925194294383
D1Ertd622e,1.23292226825116,0.0049496736482658,0.0344055866293853
Gltp,-0.824747204814579,0.0049528950522734,0.034411792704512
Cep72,-1.00635968136714,0.0049572393616734,0.0344257910182379
Pmpcb,0.351709991685759,0.0049609336075865,0.0344352639046096
Casc3,0.277782475023731,0.0049774067601738,0.0345333883107272
Acbd4,-0.507384730442313,0.0049943301711398,0.0346238512030984
Zfp407,0.384601877534399,0.0049951313279879,0.0346238512030984
Asrgl1,-0.469897469788144,0.0050168479522012,0.0347580773734786
Rfc4,-0.695833579328244,0.0050251177088775,0.0347827585488491
Cd80,1.34853969966988,0.0050236586172281,0.0347827585488491
Adora2b,1.61470550056447,0.0050397633561872,0.034786372198849
Asb6,0.402723918988821,0.0050286181423234,0.034786372198849
Plxnd1,1.20058844294559,0.005037798064366,0.034786372198849
Prkx,0.766493351762567,0.005035696305619,0.034786372198849
Rhoc,0.397571968336122,0.005034199115925,0.034786372198849
Zfp12,-0.416176407995799,0.0050369130202835,0.034786372198849
Psmd14,0.354174525878906,0.0050430087157683,0.0347925223163513
Csrp2bp,-0.384746342244486,0.0050459194069446,0.0347963588407971
4933402J15Rik,2.27757468425334,0.0050542418872653,0.0348374937546674
Pygo2,-0.303393956736937,0.0050590845989482,0.0348546164117748
Ppid,0.325383734938621,0.0050653795350949,0.0348817235646007
Fam214a,-0.55637587649951,0.0050688575179542,0.0348894161156624
Vgll4,-0.458163104454989,0.005082296080328,0.0349656291783464
Rab10,0.472077545860658,0.0050875794170029,0.0349856903789991
Cnst,-0.4858714530835,0.0051016685650889,0.0350621259362686
Pank1,-0.764905026279788,0.0051034397678247,0.0350621259362686
Pcnt,-0.532379659178931,0.0051141444340328,0.0351030313265851
Rnf144a,2.16420922664677,0.0051136751614371,0.0351030313265851
Zswim3,-0.492843853509708,0.0051243749769449,0.0351406094706696
Ammecr1l,0.271918821207825,0.0051234769736915,0.0351406094706696
Rnmt,0.310090336198505,0.0051368034882607,0.0352094999765849
Zfp296,1.33009367224282,0.0051491476190573,0.0352777484999673
2010002M12Rik,1.87014865891507,0.0051679702257837,0.0353850263243988
Mif4gd,-0.376240988219968,0.0051695947918782,0.0353850263243988
Jmy,-0.295451855685473,0.0051986074384043,0.0355671392244161
Dhrs7,-0.627327819508212,0.0052057053080137,0.0355992193622519
Ccdc93,0.366445448560912,0.0052320690920543,0.0357629588540147
Fv1,-0.511149856780811,0.0052350293677225,0.0357666500213611
Cep78,-0.664295940954985,0.0052491614588382,0.0358466303321218
Plcd3,-0.850209836889834,0.0052599956315799,0.0358874494198933
Trmt6,0.347264951870566,0.0052583282168107,0.0358874494198933
Dusp27,-1.00358000256809,0.0052678888349217,0.0359247167524105
Bsn,-1.08976879813757,0.0052780537140857,0.0359774344034866
Immt,0.245142490685835,0.0052887331723126,0.0360336094146776
Ptcd2,-0.224486634140146,0.0052960707742139,0.0360669741480802
Nsmf,0.381971017327051,0.0053018207574955,0.036089501222602
Fam98b,0.188843614969577,0.0053403446984144,0.0363349972160078
Sox2,-2.69048207633817,0.0053557057984656,0.0364227428852857
Wscd1,-2.09069633902063,0.0053681011595004,0.0364902479002288
Gmeb1,0.337476700696598,0.0053717158270905,0.0364980305713765
Shroom3,-0.727313958005826,0.0053743537702546,0.0364991728018492
Cd2ap,0.901969830720289,0.0053829942505569,0.03652810523175
Rmnd5a,-0.352376391759915,0.0053835575311105,0.03652810523175
Pms2,-0.456625332307026,0.0053988646548707,0.036615154598293
Mfng,-2.05563260717565,0.0054126951616365,0.0366921142654425
Tom1l1,-0.412749935426342,0.0054193552818859,0.0367035895305729
Kalrn,0.954706960601911,0.0054188975830482,0.0367035895305729
Dbr1,0.425289915127518,0.0054353129204945,0.0367948027205992
Nipal3,-0.567914802630194,0.00546266899677,0.0369630597226498
Ftsj3,0.307079180600639,0.0054686330303974,0.0369695603491367
Nip7,0.291523225063164,0.005467261512961,0.0369695603491367
Ywhaz,0.282518214969761,0.0054959807587931,0.0371374502301993
Parp16,-0.609018072588486,0.0055140844874003,0.0372427516246809
Pold1,-0.924453018888693,0.0055624874843199,0.0375525080142895
Ino80d,0.521148516717731,0.0055760418411267,0.0376268248073841
Primpol,-0.498136336222626,0.0055807508678311,0.0376414132016471
Rasd2,-2.03244927348544,0.0055843162392122,0.0376482780032293
Zbtb18,-0.489591367191988,0.0056064036892352,0.0377799515364882
Rbm17,0.255322975113775,0.0056384495635409,0.0379785814266215
Dnah10,0.694039977610843,0.0056732502755783,0.0381955774817754
Rps6kc1,0.398567197848928,0.0056813560594214,0.0382327321703687
Mphosph10,0.399055113583054,0.0057097602614032,0.0384063892321427
Adra1d,-1.05773482818657,0.0057173943275952,0.0384402426629673
Gpr88,1.58110552284524,0.0057329489635552,0.0385272941261567
AI462493,-0.355338868283257,0.0057479752977281,0.0386107177044665
Syne1,-0.437184327310286,0.0057574219391945,0.0386566021887399
Arv1,0.401312463033505,0.0057671000987179,0.0387039987551563
2810408I11Rik,0.7845883019556,0.0057818814778623,0.0387855853290287
Ankra2,-0.260390805486718,0.0058260165806122,0.0390639169819814
Traf3ip2,0.429850692834715,0.0058360922916709,0.039113728746627
Cenpj,1.00055525579848,0.0058709422964603,0.0393116380865839
Mypop,-0.516156037094805,0.0058687429687444,0.0393116380865839
Ccdc55,0.30066609416987,0.0058837252775536,0.0393737245533931
Hspa4l,0.48803726028048,0.0058855432087187,0.0393737245533931
Slc9a3r2,-0.494754159089079,0.0058884029402149,0.0393750310635734
Exoc3l,-0.655441840616275,0.0058922082478242,0.0393826564841008
Xpo7,-0.272823398209889,0.0059012235477149,0.0394250820922839
Rictor,0.457851937660995,0.0059063693974591,0.0394416298941035
U2surp,0.496332747365547,0.00591935888432,0.0395105174311115
Actr10,0.224923922504948,0.0059326499770893,0.0395813550164451
H2-M3,1.35805846668765,0.005979229616997,0.0398741224187646
Zfp174,-0.609239416124731,0.0059866828367489,0.0399058182054468
Map3k19,1.40099461614985,0.006001791285252,0.0399884903577346
Usp2,-1.09291777731518,0.0060236710944354,0.0401145088955625
Fam167a,1.91076472855858,0.0060261341012416,0.0401145088955625
Casp1,2.02962014956974,0.0060645130553761,0.0403518117660283
Mki67,1.63818925868055,0.0060681739319394,0.0403579992647168
Fam175a,-0.691142109523303,0.0060810063658971,0.0404069748539697
Tob1,-0.468308900774164,0.0060805576843964,0.0404069748539697
Sipa1l2,0.954489745672704,0.0060871579232164,0.0404296718154122
Zhx1,-0.350936457622211,0.0060948912441307,0.040462849418582
Tppp,-0.994104802996978,0.0061123595464059,0.0405605969361417
Zbtb4,-0.316081631536418,0.0061281033120188,0.0406468181081751
Noc4l,0.475522417357477,0.0061508266354941,0.0407792355403014
Dpy19l1,0.379685603761498,0.0061674620401855,0.0408711901479201
Fgf16,-1.30000599666463,0.0061734229129384,0.0408923549114318
Vps26b,-0.288340201438576,0.0061929213218805,0.0410031323005157
Gpr98,0.978568349909043,0.0062144362254338,0.0410927030428018
Osgin1,-0.918453955083741,0.0062113063021636,0.0410927030428018
Thap3,-0.491894382582741,0.0062147916700948,0.0410927030428018
Cmtm6,0.685443706759564,0.0062182808069079,0.0410973854045105
Sorbs3,-0.55922161637214,0.006307616875757,0.04166918291906
Rgs8,1.77906605683789,0.0063690588291592,0.0420562785421427
Rnasel,-0.82234052114896,0.0063926662549052,0.0421933103684634
Cdc42bpa,0.287618651217131,0.0064032489279167,0.0422442913646221
Rnf25,0.221386151653157,0.0064165523722745,0.0423131686557224
Eif4g2,0.376238215864638,0.0064194562780405,0.0423134366087796
Tmem154,-1.07457657989156,0.0064232830234508,0.0423197844496462
Oprl1,-1.03100878174668,0.0064333932122982,0.0423675066360713
A430033K04Rik,-0.64120981556283,0.0064441359461479,0.0424193501167813
Tars,0.279095967218813,0.0064489890273106,0.0424323953007999
Tnfaip1,0.221658535042982,0.00645490537951,0.0424524217616375
Klhdc1,-0.569185549710827,0.0064579841554416,0.0424537766232728
Aars,0.341257300452578,0.0064649131203971,0.0424804295656866
Psma2,0.416457891583567,0.0065184997964317,0.0428135066629634
Dnajb6,0.327820303734827,0.0065281798456909,0.0428580372099604
Sec13,0.183807802604218,0.0065362429502842,0.0428919175485352
Fancg,-0.656255151954379,0.0065555981796171,0.0429628154196606
Kcnk6,-0.924217079554617,0.0065557686271034,0.0429628154196606
Sgms2,0.608924262953119,0.0065538967685778,0.0429628154196606
Zfp108,-0.500579174796028,0.0065754906892087,0.0430729616157475
Kti12,0.354093276239482,0.0065840552096525,0.0431099547577513
Prune2,-0.478582568333162,0.0065923485684246,0.0431207851629865
Rras,0.41302399229279,0.0065944630172113,0.0431207851629865
Zswim1,-0.414589292385052,0.0065927299176677,0.0431207851629865
Aen,0.309653295881871,0.0066686832567137,0.0435482992345188
Gpr160,-1.4676132380455,0.0066673906809961,0.0435482992345188
Ppp1r13b,-0.571390119845117,0.0066659521116952,0.0435482992345188
Mfsd12,-1.37946646772806,0.0067175453381055,0.0438286468019975
Ccdc78,-1.10694022001002,0.0067168751589265,0.0438286468019975
Tubgcp6,-0.313377768380074,0.0067290565075982,0.0438843764648222
Acsf2,-0.50265529944282,0.0067505474032853,0.0440051122742615
Ddx1,0.171454804921575,0.0067801705162052,0.0441787301095597
Arsj,1.43011375951136,0.0068067997255671,0.0443131657904981
Nr1h2,0.303963532657468,0.0068047115698769,0.0443131657904981
Rtn4rl2,1.29844557533188,0.0068173594289865,0.0443487320851979
Sertad1,0.473187644951806,0.0068182649409642,0.0443487320851979
Sec23ip,0.306876631408429,0.0068240221790271,0.044366651896904
Tut1,0.241999881920351,0.0068351017889452,0.0443996194448498
Hopx,1.37725692857869,0.0068344984069246,0.0443996194448498
Srpr,0.267398655504725,0.0068464823210745,0.0444540051585412
Bmp6,0.952433950732099,0.0068538406152284,0.044462711418721
Cep164,-0.270426175109899,0.0068533154361943,0.044462711418721
A230050P20Rik,1.21199385193717,0.0068847729017681,0.0446241990975132
Man2c1,-0.225764029192583,0.0068830210267498,0.0446241990975132
Synrg,-0.435146281661777,0.0068949603569954,0.0446706375079693
Gm996,-1.2184983505434,0.0069014557037381,0.0446931254994925
Tmem185b,0.375345355222496,0.0069077283986946,0.0447141525518659
Swap70,0.895971929036391,0.0069291113801732,0.0448247635954342
St8sia1,-1.67097781845206,0.0069308827186065,0.0448247635954342
Sort1,-0.424132176615007,0.006947217841102,0.0449107547050768
Fbxo38,0.20097717797479,0.006974746131512,0.045068997958673
Egr3,1.56749468547738,0.0069983466466223,0.0452017337166895
Bbs9,-0.398821704199731,0.0070017502329952,0.0452039602198353
Poli,-0.621955174699038,0.0070082050719819,0.0452258753509825
Ssh2,-0.530260835488264,0.0070282467193132,0.0453232384929597
Ube2e1,0.43332220338761,0.0070294263517298,0.0453232384929597
Ube2d1,0.313048237077328,0.007043566336318,0.0453946024065013
Golm1,-0.489921965101286,0.0070588395751307,0.0454732045515615
Med22,-0.355287056915217,0.0070633530776133,0.0454824539350635
Clcn5,0.44671968171015,0.0070725453738534,0.0455218099019188
Axl,0.482788444505368,0.0070849717720807,0.0455819385493293
Gtf2h2,-0.42415502369738,0.0071014244308982,0.0456679069799021
Ftsj2,-0.454759451307243,0.0071104749801928,0.045706219772636
Rnf39,-1.18332133451051,0.0071149363828103,0.0457150129848568
Icam5,1.03059245594239,0.0071182828136081,0.0457166377312041
Serpina3n,2.05902681238091,0.0071271144787349,0.0457336073672364
2610015P09Rik,-0.426546510005456,0.0071247391529505,0.0457336073672364
Ephb6,-0.673580941328795,0.0071822773339571,0.0460475897792703
Tbca,0.276937640812125,0.0071811656075542,0.0460475897792703
Usf2,-0.321863340058831,0.0071916161333113,0.046087468871672
Dcps,-0.451551863087798,0.0072027121037159,0.0461385693405784
Dthd1,1.81177800364645,0.0072186403337461,0.0461905400889362
Tbc1d22a,-0.414954494999218,0.0072202021657492,0.0461905400889362
Zfp414,-0.597664681954209,0.007220024060298,0.0461905400889362
Fgd6,0.449655068183988,0.0072293202396417,0.0462288595852123
Gpr19,-0.677865028497948,0.0072355566206735,0.0462431570211115
Zeb2,0.891865051275067,0.0072378144667634,0.0462431570211115
Grm3,-1.0905701970783,0.0072566429060187,0.0463434178328195
Rcor2,-0.968164319002834,0.0072800764698374,0.0464729892316446
Smyd4,-0.578675291077405,0.0072854043679047,0.046486919580698
Cdkn2d,-0.476906962381634,0.0072939205655777,0.0465211731195978
Akap8l,-0.344911193903109,0.0073434117886257,0.0468166261485383
Mcph1,-0.453489194499044,0.007353269658603,0.0468390599201877
5031414D18Rik,-1.23874414322687,0.0073518942282319,0.0468390599201877
Nop16,0.365248375157729,0.0073595484271733,0.0468588568103264
1600014C10Rik,0.587781367310355,0.0073665672350099,0.0468833465111871
Plaa,0.214524436180314,0.0073735488763112,0.0469075786888193
5430417L22Rik,-0.350541146079511,0.0073880100826841,0.0469793515498738
Aco1,-0.350911475162568,0.0073931270081989,0.0469916692159843
Wwp1,-0.753082804225594,0.0073975485710482,0.0469995583761609
Sugt1,0.269994099894584,0.0074069601766271,0.0470204276940669
Etaa1,-0.677819754725781,0.0074071968921226,0.0470204276940669
Jmjd1c,-0.325958252139127,0.0074200639394242,0.0470616759213781
Gng12,0.585210384881668,0.0074195536384637,0.0470616759213781
Ccdc134,-0.320324082089478,0.0074343762742537,0.0471322233294387
Carhsp1,0.301785595262976,0.0074389223935091,0.0471408212398276
Tonsl,-0.930303731468119,0.0074502511220358,0.0471923750884896
Mavs,-0.365451402095706,0.0074540470747049,0.04719619008997
Kdm4a,0.498020048197686,0.0074681339051122,0.0472651318414344
Fbxo32,-0.611409945449567,0.0074744215483307,0.0472846753601161
Dnaaf2,-0.50226811425623,0.0074860369375536,0.0473355407933375
Kdm7a,0.627683744087355,0.0074888682077969,0.0473355407933375
Abca1,0.700276775841582,0.007497092695194,0.047367266288832
Etv1,-1.48162210251772,0.0075080574818339,0.0474162707121977
Nmrk1,-0.583303859992524,0.0075467329923042,0.0476401623922566
Gpsm3,-1.0911591962733,0.0075858886416334,0.0478668925474208
Sh3d21,0.823462143061854,0.0076083081790636,0.0479878695135309
Brd2,0.42845001158878,0.0076222047644878,0.0480550093897614
Msantd2,0.493535245803166,0.0076387615567931,0.0481388564120634
Tmem206,-0.6657690784299,0.0076537420159018,0.0482127022638522
Capza2,0.561597049896096,0.0076764072014207,0.0483348724425204
Ctdspl,-0.864576176499148,0.0076985047270262,0.0484533657819393
Prrc2c,0.46499979348884,0.0077103040047081,0.0484941938236085
Tead4,-0.764974882432765,0.007711554708721,0.0484941938236085
Arl11,-1.9224108321443,0.0077251559590152,0.0485590620001392
Raf1,-0.443130001992116,0.0077362544610331,0.0486081498406241
C5ar1,1.87045055357881,0.0077676815174774,0.0487681048503462
Numa1,-0.399233334309966,0.0077683122762021,0.0487681048503462
Lilrb4,1.83733162011921,0.007778024838561,0.0488083444009577
Fzd4,-0.756742895923735,0.0077904501009574,0.0488655651918287
Tceanc2,-0.205511621371505,0.0078184086791269,0.0490201287484676
Cnnm3,-0.416333993693521,0.0078219426022499,0.0490214876064671
Osbpl3,0.839869925834082,0.0078330336257969,0.0490493944584859
Stxbp4,-0.466773769369246,0.0078327195203492,0.0490493944584859
Acvr1b,0.761780366788118,0.0078445885059014,0.0490593859247614
Nf1,0.273796489489235,0.0078385089458269,0.0490593859247614
Sec14l1,-0.534688118703987,0.0078435112383731,0.0490593859247614
Pdf,-0.320107012897853,0.0078509125063933,0.0490781662518956
Evc,-0.439689357227414,0.0078858433114735,0.0492756839141466
Hn1,0.4951114296844,0.0078929071805099,0.0492989781545123
Pgap1,-1.24032933241921,0.0079561777687219,0.0496731707081422
Gtpbp2,0.568514590522545,0.007978657047656,0.0497714621571383
Spred3,0.319718440604344,0.007977236842134,0.0497714621571383
