gene,log2FC,pvalue,adjusted_pvalue
Mpeg1,-8.92166035931453,0.0,0.0
Xist,9.86262263860266,0.0,0.0
Laptm5,-7.9528882112357,1.3046755146097e-298,8.61259796377684e-295
Cd84,-5.43043261897607,9.65080357447495e-244,4.7781128497225506e-240
Tbx4,7.0773962455296,2.88162155452457e-223,1.1413526653160901e-219
Lyz2,-8.74409165559669,2.28993420573862e-219,7.55830950174126e-216
Tiparp,2.47015895520794,5.15781755239163e-200,1.4592202686794802e-196
Specc1,-1.52632158928946,1.36827795809689e-199,3.38717208526886e-196
Lcp1,-4.84866284453622,1.59500142423837e-195,3.5097120228463e-192
Ahr,3.95107118084582,7.9339892006489e-195,1.57124722129651e-191
Slitrk5,3.03161179204117,8.26813675579924e-192,1.4885652755622602e-188
Sema4d,-4.22660034717398,7.01179926577506e-189,1.1571806054950798e-185
Synm,3.80336126163676,2.16494727390538e-186,3.2980473701863202e-183
Slc33a1,1.30662254259788,9.06344231461275e-174,1.28208865427565e-170
Plek,-5.80770369207774,6.96865845507222e-166,9.20048746961668e-163
C3ar1,-8.29783015382033,3.3667805653463e-157,4.16723264475738e-154
Mmp12,-5.0584301075499,9.29418256516684e-155,1.0827175971797901e-151
Cd36,-8.0779055162218,2.2490436057730603e-154,2.47444775381832e-151
Csf1r,-5.83335028792019,5.1766012650746e-154,5.39565323439671e-151
Cybb,-7.82916364556949,9.788216684583951e-154,9.692292161075021e-151
Pirb,-6.57437313461641,2.33246200438322e-152,2.1996227397526303e-149
Uty,-6.89784840545065,2.30239145033811e-150,2.07257092193164e-147
Ncf1,-5.99504390973369,4.89330694120405e-149,4.21335002885239e-146
Trem2,-5.88729002489507,1.06437991988876e-146,8.78290830561545e-144
Nckap1l,-8.0062142304406,4.07740419919623e-143,3.22995651043529e-140
Emr1,-8.97766778036194,8.93825564347534e-140,6.80820056782253e-137
Ddx3y,-8.87309747374855,1.46139001402293e-138,1.0719025125077799e-135
Rab3b,3.46883088538023,2.93506441421378e-138,2.07592913068177e-135
Penk,5.879742040437,6.93032249073775e-136,4.7326933312610504e-133
Pitx1,8.27504124842942,6.89499569877624e-135,4.55161649395216e-132
Fcer1g,-7.41075534894639,1.7710566487126098e-134,1.13141954422918e-131
Clec4d,-7.21758952248312,4.45895579236568e-133,2.75953626600031e-130
Ctss,-8.87139814734394,2.70546813918288e-131,1.62360881904175e-128
Itgb2,-8.07764376393143,2.8730674948325e-131,1.6734773137547898e-128
Kifap3,1.05204300692438,5.21171467033251e-130,2.9489370666075698e-127
Clip4,3.3427883202996,2.45379170115909e-124,1.34985807915985e-121
Ptprc,-6.55394557029513,8.29150293585677e-124,4.4379709227488505e-121
Igfbp4,2.42701116136781,1.90557394177609e-123,9.93104903761412e-121
Got1l1,6.89254310514671,2.05116403451506e-123,1.0415705779368302e-120
Cd59a,2.28299737724099,4.17514322270223e-123,2.0671134095598703e-120
C1qb,-8.96042691547914,8.62618688427038e-121,4.16665865990465e-118
Gfpt2,-2.29870150988189,9.35904111414267e-121,4.41301071963051e-118
Aqp5,4.73220402910284,3.82586935922293e-120,1.7620352741872303e-117
Csf2rb2,-5.83905663033723,4.885245498859961e-117,2.1988045877141497e-114
Mab21l2,6.02380226917703,2.7282391632611397e-114,1.20066774198275e-111
Tlr7,-5.67131803584963,8.08004041742151e-113,3.47863305275251e-110
Arap3,-5.36536468779563,2.17445595158784e-112,9.16232460962671e-110
Rac2,-5.545011527136,3.2495537860056503e-111,1.34071173287617e-108
Fyb,-4.13363409727596,1.1645447660052999e-109,4.7066621522385597e-107
Cd300a,-4.20189447320884,2.39545127752266e-109,9.48790342001174e-107
C1qc,-8.85443965660821,3.8860585866952e-109,1.50900988727278e-106
Exoc3,1.42766847125326,1.42810456250639e-108,5.438881299207011e-106
Clec12a,-5.19642636451416,9.55887737014619e-108,3.57177372525236e-105
Plagl1,4.19995373485313,6.33826389835029e-106,2.32449959709128e-103
Hcls1,-5.75533631566956,3.52428501017858e-105,1.26899891530139e-102
Lilrb4,-7.36399716150108,1.2596444082180701e-104,4.45464247506263e-102
Hpgds,-6.01465076692684,6.40004180252513e-104,2.22362154135452e-101
Itgam,-7.27585296815652,6.126492064561109e-103,2.09188015252704e-100
Mrc1,-6.02728206465958,8.68111717741352e-102,2.91391262002538e-99
Ucp2,-2.38130097284004,6.1981778989602e-101,2.0458119185168002e-98
Pld4,-6.52650373880647,4.15898980218834e-100,1.35023990233669e-97
Bmper,-2.41188315975464,5.31572567265631e-100,1.68225703428141e-97
Clmp,-2.50826940749368,5.35155489596691e-100,1.68225703428141e-97
Lat2,-5.3725655228967,3.10710285963143e-98,9.61454141127201e-96
Fermt3,-5.35759931686502,4.90323490531032e-97,1.4939025240733198e-94
Ncf2,-6.35981388837001,7.76939661169929e-97,2.33128985603171e-94
Fblim1,-2.11121851394652,1.63873037507356e-96,4.84379348476968e-94
Slc15a3,-5.35421166822999,2.0485636392989102e-95,5.96614034009935e-93
Pcsk9,-3.50442279244679,2.08186347962538e-95,5.975249905869711e-93
Ms4a6d,-5.65111052390946,1.93153288266394e-94,5.4645824583252395e-92
Igf2bp2,-1.15452954260696,7.20756243974565e-93,2.01040234586934e-90
Cpox,1.2849743616096,1.6212162267716002e-92,4.45924529930343e-90
Klhdc7a,3.37424137836172,2.53443930230412e-92,6.87562136203162e-90
Inpp5d,-6.83356341658342,8.37916786271775e-89,2.2424464912603e-86
Tyrobp,-9.23168877282173,1.14301080547537e-88,3.01815813221789e-86
Adam8,-5.64245044632414,2.85711244087643e-88,7.44503352356801e-86
Myo1f,-8.72892643409372,1.34917046379407e-87,3.469996346101e-85
Stard9,-2.41809055274456,2.31390564010249e-86,5.87494708930637e-84
Emp3,-0.943834357888588,2.12877847684027e-85,5.3364973361195695e-83
Adamts7,-1.94781112879801,5.05703104674306e-85,1.25186803562124e-82
Tubb2b,-2.52505424557084,9.15258208303699e-84,2.23774982188228e-81
Sox6,4.85046267506973,2.6081615349683597e-83,6.29902817542846e-81
Ptpn6,-5.85841095442808,3.35883250642432e-83,8.0142552960514695e-81
Cryab,2.27805662845138,1.92527500370028e-82,4.53906502062862e-80
C1qa,-8.90281098106877,4.9524872017823096e-82,1.15387125345996e-79
Fkbp14,0.776403406135071,6.4818412910109e-82,1.4926323828741798e-79
Alox5ap,-6.03241524553376,3.48545187845831e-81,7.93401022999866e-79
Cyth4,-7.29457940221285,7.32209289479516e-81,1.64780372373322e-78
Unc5c,2.89033722734108,2.1129355863076798e-80,4.70163779227386e-78
Wnt10a,5.45898730970998,9.496926829312799e-80,2.08974598808568e-77
Coro1a,-4.22889500598595,1.46539201221887e-79,3.1890794956024796e-77
Limd2,-1.54336785446726,2.13391502885431e-79,4.593484046894649e-77
Stab1,-6.62494634702819,2.55264278455521e-79,5.43575674250875e-77
Gldn,5.88965379172666,4.57813727815283e-79,9.64525858048284e-77
Slc11a1,-5.25360912090988,7.91708980728755e-79,1.6504215425634e-76
Gp49a,-8.37512568855426,4.359842335488699e-78,8.99399141791856e-76
Rassf4,-2.86891305482018,5.426356237067659e-78,1.10787174143183e-75
Nebl,2.59470589801147,7.560447244644829e-78,1.52782752278517e-75
Fmnl1,-5.19296607715484,1.38122176689469e-77,2.76300160319014e-75
Ano1,3.2939020554364,8.459744938274009e-77,1.6753678875757901e-74
Colec12,-1.34399406076184,2.89182924962691e-76,5.67027588709023e-74
Slc4a10,4.55706792360268,1.38169033063316e-75,2.6826465988097202e-73
Dock2,-7.53916376799853,2.37585436480581e-75,4.56809901365187e-73
Elmo1,-2.5854313559984,2.42942082907873e-75,4.62617789414185e-73
Gpx7,-1.70907509780968,5.63668543777508e-74,1.06313255628284e-71
Shc2,-2.88910149949576,7.15307934590554e-74,1.33641116383314e-71
Tmed3,0.73775972369104,1.30679313822714e-73,2.41866647751872e-71
Nav1,-1.55592868898465,2.1738364724401e-73,3.9861719907596e-71
Arhgap19,-2.88576447300406,2.36307425983477e-73,4.29342409557502e-71
Ms4a7,-8.84350654239439,2.82491711880909e-73,5.08587805644503e-71
Pcdh20,3.84727958433269,1.5070980273591799e-72,2.6888801201640798e-70
Tlr13,-8.81925929081762,2.7281944585641e-72,4.8240324158395996e-70
Efhd2,-1.62049961586363,1.70461597532372e-71,2.98745263498327e-69
Mme,3.42223165160388,7.91204757309875e-71,1.37447535208463e-68
Msi2,1.05244495514594,6.69368187809485e-70,1.1527102253373101e-67
Il1rn,5.7564661627287,1.34511162330554e-69,2.2964302230985302e-67
Arhgap30,-7.03808644713202,8.97849645424027e-68,1.5197448186305501e-65
Fes,-2.12858166555316,1.2803700906224e-67,2.1488516334479603e-65
Atp6v0e2,1.84359942886059,2.6125325922337704e-67,4.34778113080653e-65
Tubb3,-2.14380957600481,6.6491115172377e-67,1.0973250373948e-64
Crip1,-3.38355461898807,8.18872406105457e-67,1.3402437297944199e-64
Ctsf,1.06778589989026,9.64930594369141e-67,1.56635126974479e-64
Rgs10,-3.65508088264437,6.98292083398927e-66,1.1243070259863701e-63
Nt5dc2,-3.18611311327653,4.7680884723568505e-65,7.615098718270581e-63
Eif2s3y,-9.35631840964589,6.54716466025592e-65,1.03728039145367e-62
Aph1c,-3.36748587607994,1.21293450724818e-63,1.9064249985351503e-61
Pygl,-3.78191429757024,4.84569871738809e-63,7.556237590484551e-61
Mnda,-2.26525409954679,9.97179740144613e-63,1.54282402920499e-60
Cd200r4,-4.94588511612789,2.0039623168195298e-62,3.0764705211080703e-60
Cd200r1,-4.28407133344657,8.81681202745136e-62,1.34313957993574e-59
Gmip,-1.35603287812838,2.4389623428515803e-61,3.68711528533073e-59
Cd72,-5.54692979433703,2.4658533509303903e-61,3.6995272546837403e-59
Cyld,1.19143619426387,6.42995075561719e-61,9.574341711597211e-59
Adcy7,-1.69701607236957,3.59673510182156e-60,5.3156523848115106e-58
Sox12,-2.68151853393621,4.33006535841531e-60,6.35204550800421e-58
Apobec1,-2.33973424473615,1.75429678437911e-59,2.55456569984146e-57
Msr1,-7.92486332959411,1.88778670699275e-59,2.72888525148061e-57
Hspb2,3.61114613050719,1.90810597848637e-59,2.73827034767711e-57
Hoxc13,3.28480758948525,2.24026400409827e-59,3.1918121105872e-57
Irf8,-4.43612577545038,3.3412919452751e-59,4.7264961203020096e-57
Coro2a,-4.32609304268613,5.1442302881288e-59,7.225272101142039e-57
Ptpn3,1.14202163548715,9.23168881392062e-59,1.2874955300766498e-56
Slc9a5,-1.5338943462137,1.02393487757135e-58,1.41804239967993e-56
Ccl9,-4.00561662497733,1.2637612190958801e-58,1.73802272103992e-56
Cfp,-2.62958803708748,2.37024983483369e-58,3.2372708778652697e-56
Myo1g,-6.19712822970718,2.62931455169373e-58,3.55730161604232e-56
Zc3hav1l,-2.39120768421173,2.6404935243295303e-58,3.55730161604232e-56
Prex1,-1.38611199160549,6.02393939590458e-58,8.0606821484117795e-56
C5ar1,-7.57724448876509,1.08806653852992e-57,1.4461791764460798e-55
Cyp26b1,2.1831226763512,1.60443301852487e-57,2.11827943325777e-55
Cd68,-5.4775699281778,3.69800471167901e-57,4.85001889470802e-55
Wdfy4,-7.07780799842762,5.29571007782864e-57,6.89975278824462e-55
Arl11,-5.69082436288992,6.35389406715462e-57,8.22434758862288e-55
Bdnf,1.71050888449386,1.6059722578800998e-56,2.0652386100686702e-54
Phlpp1,-1.15296121494062,1.6957968576807498e-56,2.1666813528715902e-54
Crabp2,2.2899753460608,4.480287698935859e-56,5.68766779421319e-54
Sgms2,1.44337134476507,1.06488401419848e-55,1.34324605205011e-53
Aldh1a1,4.06135794288651,1.5352974837335299e-55,1.9243690739151201e-53
Fcgr2b,-7.63788273283517,1.62974810271314e-55,2.02990763686359e-53
Pik3cd,-2.02988123018844,2.0550698150861797e-55,2.54366266362292e-53
Prss35,2.68090231347614,2.1591458596828697e-55,2.65588351584842e-53
Ipo5,-0.567604583885298,2.22144707255475e-55,2.71565048301694e-53
Ptpn7,-4.42914561522657,3.6089141331534394e-55,4.384719968893901e-53
Lrp1b,3.89824869011629,5.6844224464174e-55,6.8642867151738e-53
Baz1a,-1.06923195535709,1.67473056769019e-54,2.01008267651737e-52
Wdr35,1.09211250912414,2.79234449517411e-54,3.3313006254474703e-52
Tmem106a,-2.84860535150665,6.932457658052591e-54,8.2209815245553e-52
Nrros,-3.86601798833444,9.07649498264179e-54,1.06994587283475e-51
Evi2b,-4.11974906852407,1.0524812123021701e-53,1.23333360523267e-51
Ptafr,-5.23533802729329,1.81159182488747e-53,2.11039791176891e-51
Gng2,-2.01770099833301,3.28332971205312e-53,3.80251822324562e-51
Htr2b,-3.54087378831764,8.56612627006358e-53,9.86299794490344e-51
Pam,1.25391495835603,3.1359680039192e-52,3.58986765026682e-50
Crybg3,-3.51018171846614,3.4147201402709105e-52,3.88650101482328e-50
Capzb,-0.483463220819413,3.71485232378683e-52,4.20393916687282e-50
Ccl3,-3.70902412851526,8.90499308450585e-52,1.00201410821337e-49
Pik3ap1,-7.7534865204987,2.55286340188245e-51,2.85632241869379e-49
Fat3,-2.39917672382326,6.8422824819867e-51,7.61261585804857e-49
Diap1,-0.794984392977149,1.1109477938510299e-50,1.22911788320814e-48
Ephx1,0.945678489132312,1.44540499948463e-50,1.59026670054409e-48
Rbp1,-3.45250823863022,2.54809703338002e-50,2.7879841795059597e-48
Prkaa2,2.11732240973491,3.16252919365169e-50,3.44124879950979e-48
Cd180,-7.76022015656652,3.40514596519432e-50,3.68500058441029e-48
Hsd17b7,-0.893922294625175,3.7010578863581697e-50,3.98346469464333e-48
Mettl7a1,1.44598286623129,7.80653749237499e-50,8.35679289183753e-48
Parp1,-0.88394299365094,1.02929660407213e-49,1.0959241907013201e-47
Kdm5d,-8.80721353409871,1.43115267300186e-49,1.5156442532689301e-47
Rab3il1,-2.05689911199246,1.6871450471399798e-49,1.77724577199788e-47
Bin2,-4.28047935952037,6.437165727123289e-49,6.745059791531721e-47
Angptl1,-4.0493651970405,6.935244506250029e-49,7.22871485272503e-47
Scx,2.93137365684274,7.459941065928289e-49,7.7349043387248005e-47
Evl,-1.93428706388199,1.41050223854049e-48,1.45487428812791e-46
Lgmn,-1.27479052668419,2.0763294534238798e-48,2.13055069925422e-46
Cbr2,2.74985742999736,4.5366694015372e-48,4.63114437257952e-46
Eps8l2,2.03912792091522,1.21637270181327e-47,1.2353356403441e-45
Arap2,0.981832052638344,2.02434719896251e-47,2.04541693511497e-45
Gid4,0.789239757664121,2.70013316499595e-47,2.7143876751055802e-45
Hoxa11,4.45295257384913,2.9629607177460703e-47,2.96355929566885e-45
Hoxc10,3.726648924785,6.496541627533231e-47,6.4652015272195e-45
Gas6,-1.34479202298654,1.00850329933378e-46,9.98619967000304e-45
Sema3f,3.66112436666026,1.05318401136141e-46,1.03767443587071e-44
Cs,-0.493958895867797,1.54612731172126e-46,1.5158170931350402e-44
Eif5a,-0.788654228545333,1.58812847047692e-46,1.54932493740517e-44
Cgref1,1.90610989336921,2.66225680470813e-46,2.5844771451196e-44
Was,-4.29784646233635,4.14736894657986e-46,4.0065607130764704e-44
Vav1,-7.14396397731761,4.8911973664216305e-46,4.70219770119485e-44
Clec7a,-6.50567209398174,5.81106761516326e-46,5.55953541307697e-44
Ifi27l2b,-3.32897045590985,6.53164559784295e-46,6.21888026056163e-44
Tcirg1,-1.66854927024028,1.91483836869503e-45,1.81442387816442e-43
Tctn2,0.964274165605596,2.97623978643286e-45,2.80673584431031e-43
Twsg1,0.756189018570521,3.24775666053371e-45,3.0482735974032997e-43
Tlr8,-7.00188437456365,5.00200255636611e-45,4.6726254068997395e-43
Dlg2,2.02207225275726,5.12299753405304e-45,4.76318512508856e-43
Gpsm3,-3.15849089672454,1.2886161941614502e-44,1.1925119209894099e-42
Ms4a6c,-3.54801909843875,1.4473755166076102e-44,1.3332011502742798e-42
Sdc4,1.94858685288144,1.6195221741487402e-44,1.48486190448341e-42
Vasp,-1.03240376943607,2.1295570819910602e-44,1.94349071206226e-42
Nek6,-1.21917672864196,2.41361211706119e-44,2.1926226773522798e-42
Ccdc3,2.63184983599384,2.44425621013583e-44,2.21032191714749e-42
Pdxk,-1.00302432633555,3.63387776226465e-44,3.2711506910858696e-42
Mcoln3,-5.57819069495912,4.44954689947786e-44,3.98727723064522e-42
Spi1,-7.2477956648186,4.52496774263277e-44,4.0365973502297e-42
Tmem123,-0.808938483496295,5.37487749335001e-44,4.7732768555293096e-42
Hn1,-1.13008212136731,5.50025626274114e-44,4.8628158494341795e-42
Dock8,-2.45502354919423,7.17863039099846e-44,6.31847094503705e-42
Arrb1,-1.03622055655276,1.01634644778506e-43,8.906073031829819e-42
Abcc3,-3.0846387071227,2.15749156033875e-43,1.8822450599536899e-41
Spint2,2.79424084815111,2.55046306938957e-43,2.21532327307856e-41
Tbx2,2.29904567191159,2.96833129249421e-43,2.5670232714653e-41
Hck,-2.75387595118503,3.73512860046936e-43,3.21610812189979e-41
Prkcb,-4.45544442712812,8.00195177416332e-43,6.86020142578054e-41
Ptms,-1.19534893491252,9.02559952525608e-43,7.69447830918906e-41
Spink5,6.57977993169059,9.05278451848642e-43,7.69447830918906e-41
Pik3r5,-3.02408035122818,9.23586380218775e-43,7.81654045891137e-41
Pdzrn3,-1.41509990587039,1.08048460258536e-42,9.10549662536194e-41
Hmgcll1,3.65808538708123,1.12263219113409e-42,9.42059657339814e-41
Tbxas1,-3.87783641718146,1.26496439818275e-42,1.0570191958485798e-40
Adrb3,2.72193367317311,2.23076836827049e-42,1.85622423383314e-40
Adamts4,-2.36339790324721,2.5860844840202398e-42,2.14287937747016e-40
Fcrls,-8.35764879458664,3.0314973636409795e-42,2.50149057456442e-40
Ebf3,-1.47519931827509,4.6049273523297394e-42,3.78406561350781e-40
Copg2,0.751897115486413,8.25595270537464e-42,6.756235015588409e-40
Kcnab2,-1.78301579488659,9.279761573667229e-42,7.56281474094262e-40
Tnfaip8l2,-5.50770594154006,9.60136837524903e-42,7.79284833210786e-40
Shroom3,2.5834656193778,1.06350829951578e-41,8.59661974024921e-40
Raet1e,-1.72045810627313,1.07114659704872e-41,8.62316553168814e-40
Hk3,-9.0276776922599,1.09092877922162e-41,8.74686378287653e-40
Mctp1,-2.1192866280124,1.70772919288536e-41,1.36370439257668e-39
Sh3bp2,-2.03794746094133,1.97725781993357e-41,1.57259493437608e-39
Vangl2,-1.92622152173358,1.99013644519832e-41,1.5765064864283e-39
ENSMUSG00000037266,-0.545930060811753,2.24729208653503e-41,1.77312240963107e-39
Syk,-1.84904911671116,3.24078231463521e-41,2.54684337139031e-39
Pik3cg,-6.19262448037732,3.69251233783244e-41,2.89037606080765e-39
Stac,4.68550679401647,3.88285208581274e-41,3.0274016813951e-39
Smoc2,-3.9182745179716,8.36914530705643e-41,6.49970798670375e-39
1-Mar,-3.45455710532437,8.681410604293899e-41,6.71588498466549e-39
Ric3,1.46210363293025,1.02196832536286e-40,7.87512090096736e-39
Osbpl2,0.774940609428501,1.33456821771467e-40,1.02441042572175e-38
Mcoln2,-5.09342021828814,1.4242209107152299e-40,1.08900659906581e-38
Idh2,-1.62554753600337,2.0113782564729797e-40,1.53205134581503e-38
Aldh1a7,2.82237737271034,2.3816117340246498e-40,1.80710493412353e-38
Rgma,-1.61617749564568,2.5646600546805e-40,1.93856976041575e-38
Ccpg1,1.17429544907528,2.97978103678946e-40,2.24378645066838e-38
Slc16a3,-1.75702521968635,4.43369878556145e-40,3.32594586171435e-38
Hoxa3,-2.57138478926761,5.074420349043039e-40,3.79221964499805e-38
Apoe,-4.85069646518639,5.269950172653649e-40,3.9235373390689103e-38
Gchfr,3.04066831989796,8.31478907712542e-40,6.16726902184988e-38
Itgal,-5.98638326398922,1.31077396496718e-39,9.68603268739181e-38
Rorc,4.4078609751749,1.41241349684088e-39,1.0398303677114e-37
Wipf1,-1.28296090047648,1.4796589957736202e-39,1.08530247230744e-37
P2ry6,-2.37069004930587,1.91854222976468e-39,1.40202252096899e-37
Hpse,-2.44171479605687,2.51764803192304e-39,1.83306991265455e-37
Pmaip1,1.06543110719557,2.80113574204468e-39,2.03200337858802e-37
Mreg,1.98980138632815,3.02970432499208e-39,2.18979067343588e-37
Bcl2a1b,-7.24903908841032,3.5003387995977e-39,2.52075307589938e-37
Cdh10,-2.83344007625187,3.5397881120578e-39,2.53992622359393e-37
Foxl1,3.06512793756329,3.79405736440927e-39,2.71254556118271e-37
Ckmt1,3.58596588663971,4.86102351527895e-39,3.4628672552728202e-37
Ddx39,-0.797557984708578,5.5135808908968804e-39,3.91365433560293e-37
Lair1,-7.24074831416394,5.7456538281694303e-39,4.06381887189526e-37
Rps6ka1,-1.81664139090505,7.09596719644732e-39,5.00101545759583e-37
Fam131b,-2.03238357671262,7.42063042865614e-39,5.21128244713142e-37
Vkorc1,1.16337376279585,7.95701813470571e-39,5.56822569398275e-37
Arl6ip5,0.975568273603625,9.42526927432875e-39,6.57246594045094e-37
Nsg1,-2.15377567786753,1.20249672070062e-38,8.35587545851052e-37
B4galt1,-1.06023767798131,1.29096164883635e-38,8.93923234040388e-37
Aldh3a1,5.59269367533643,1.34485097584639e-38,9.27994032253027e-37
Rab3d,-1.43700732613328,1.60860722087113e-38,1.1061408820184699e-36
Ccl4,-4.26396802550534,1.63653957159113e-38,1.1214543140412001e-36
Rai2,2.13862187845248,1.93830811737278e-38,1.3236639295327798e-36
Smad3,0.88111385625292,2.2170039884323e-38,1.50878168339908e-36
Rprm,1.79832593770298,2.61789816142633e-38,1.7755087393454498e-36
Prelid1,-0.646396556663632,2.9560870457457903e-38,1.99803234996415e-36
Tm6sf1,-3.99329399131299,3.1401647395313e-38,2.1152320578802e-36
Iqgap1,-0.958088462521565,3.3094113782672803e-38,2.2216807774645797e-36
Ntrk2,3.26102641497977,3.38846086797073e-38,2.26706348071934e-36
Esm1,6.7059587258773,4.02727898054968e-38,2.6853950481752797e-36
Epb4.1l4b,2.13690816966949,6.83480468291088e-38,4.5421634879317794e-36
Sh3rf2,2.32480466979866,8.80305870363588e-38,5.83062791193328e-36
Bag2,-1.14112035003181,1.08351172091953e-37,7.152622040363479e-36
Adap1,-3.95113030952801,1.10666819888139e-37,7.281214953703349e-36
Tbx18,1.88675938766391,1.42214882568668e-37,9.325905743012901e-36
Atp1a3,-4.63790940679582,2.55787020844366e-37,1.67181721478608e-35
Crebl2,1.09295572616616,2.65481294478983e-37,1.7294709065334801e-35
Arpc4,-0.684240032190465,3.28011481290679e-37,2.1298161886821702e-35
Nup188,-0.755983929735811,4.47274176295824e-37,2.89471169521651e-35
Tbc1d8,1.50149932431543,4.95023382103094e-37,3.1933039280683e-35
Peg10,-1.72244644112931,6.47815331909564e-37,4.16536845231721e-35
Ly9,-4.89706240248798,8.21270351068403e-37,5.26357217882157e-35
Lmcd1,3.0541289135359,1.10259063869419e-36,7.04377580925795e-35
Mcm3,-2.01470774051833,1.9899828037155798e-36,1.2671903358451299e-34
Pold1,-1.1583817902155,2.1740713555228497e-36,1.37997785656329e-34
Nfam1,-7.55263116523761,2.9980243704801398e-36,1.8968969531306299e-34
Fgfr1,-1.30648967505334,3.0321302341974e-36,1.91236647000145e-34
Sh3kbp1,-1.09295755021385,3.32487341050481e-36,2.09034263560753e-34
Metrnl,-1.08339474329119,4.14694384649527e-36,2.59892645367064e-34
Lipa,-1.09066998962131,4.47947638901146e-36,2.79847162170293e-34
Acot7,-1.06449968716058,5.1732079761683005e-36,3.22170474088167e-34
Brinp3,-4.5517867050205,7.773938167057659e-36,4.826177788727579e-34
Selplg,-5.12464967681271,2.2386838213121102e-35,1.3854654499145299e-33
Pip4k2a,-1.09186250136173,2.69132068210393e-35,1.66040232985627e-33
Sipa1,-2.39446346815319,3.1135023526329203e-35,1.9149006394888898e-33
Slc35g1,2.09487982084246,3.18105768097714e-35,1.95039214594648e-33
Hoxa7,-1.78350887429646,3.54468928884883e-35,2.1666366258136498e-33
Il7r,-7.44355580426065,3.57718893514006e-35,2.1797738360465798e-33
Car5b,1.67159611381082,3.9291754033880704e-35,2.38691379413182e-33
Gorab,1.73375916558353,4.48225670026476e-35,2.7145752811022398e-33
Kif20a,-2.64839452693412,5.48002438242792e-35,3.3087317948049496e-33
Folr2,-3.89019342955986,6.42125705021652e-35,3.86524542925495e-33
Fhl3,-1.11001778941889,7.245759367804451e-35,4.34833389454544e-33
Acy3,1.57258431619353,8.65724149011799e-35,5.17969820151954e-33
Stard8,-2.01853437148142,9.040862359506131e-35,5.39292886047167e-33
Lonrf2,1.64105355723815,1.17138127689746e-34,6.96637681912232e-33
Carm1,-0.70247911064604,1.2121042504791099e-34,7.186979813319839e-33
Arhgap25,-5.10245983381427,1.3752978693673e-34,8.13026835968656e-33
Setd8,-0.80550565237107,1.49353255071476e-34,8.80295197451044e-33
Ccser2,0.830956188527902,1.5444023120717299e-34,9.07576955141502e-33
Galnt6,-8.09670114124408,1.61105073780351e-34,9.43942272528424e-33
Tagln2,-1.95593139614415,1.97909656696535e-34,1.15616602985787e-32
Erlec1,0.964289578116604,2.8685640315228197e-34,1.6708541788317e-32
Plcg1,-0.710492748089831,4.39189994311411e-34,2.55065062971941e-32
Tmem45a,1.58910621380584,5.34721085117457e-34,3.09637905545793e-32
Mllt3,1.00683454308058,6.50837233108553e-34,3.75777859022793e-32
Nod1,-1.1160132588907,7.3062817201186994e-34,4.2062093949195e-32
ENSMUSG00000025764,-1.44881967009368,8.46428075852667e-34,4.8587424968655703e-32
Dcxr,1.21252435445696,9.57639896764859e-34,5.48124292356395e-32
Rbm47,-2.98436270607949,1.0044940839224e-33,5.73285326743494e-32
Cks1b,-1.2009353644117,1.1266942623081599e-33,6.41179688814681e-32
Cnr2,-3.5096920387535,1.29503204919707e-33,7.32888497842504e-32
Pfkfb4,-1.08802181773795,1.29524830460956e-33,7.32888497842504e-32
Nbeal2,-1.50313027013703,1.4746354737414e-33,8.32013701480763e-32
Plekha2,-1.88723178535919,2.0258454562183698e-33,1.1397682788337701e-31
Pitrm1,-0.587901274377749,2.49093476219538e-33,1.3974637968985102e-31
Abcb1a,2.64200390293324,3.1669865915661e-33,1.7717232333156801e-31
Kif21a,1.40701923618652,3.87241166451071e-33,2.16026029870338e-31
Ccdc8,-1.55206400821031,6.1404501231201e-33,3.4158841078165804e-31
Mecom,1.44731127711294,6.32035538881265e-33,3.5061153535026802e-31
Glt8d1,0.582878205148921,6.93810519349211e-33,3.83805126402005e-31
Arid3a,-0.989997401290522,7.3366981637805e-33,4.0472415163094505e-31
Zmiz1,-0.568882602655499,8.51013631175309e-33,4.68152054216551e-31
Hoxa2,-1.88881444563914,1.23544735433984e-32,6.77750676048373e-31
Tex15,2.16963089075555,1.30561910947663e-32,7.1426742663191305e-31
Tshz1,-0.993219058101338,1.36159407115669e-32,7.4283771309055505e-31
Aim2,-2.36985651477332,1.42782563980619e-32,7.76831290404447e-31
Plcg2,-2.26722327752338,2.06191640965688e-32,1.1187450021053398e-30
Ptprn,-2.74864961160438,2.38415860587077e-32,1.29005128499084e-30
Cd300ld,-6.65577968169968,2.93816652851665e-32,1.58118070463977e-30
Vps41,0.596052090958296,2.93156100598824e-32,1.58118070463977e-30
Hoxa10,4.28284668492516,3.14934329614345e-32,1.69023291698712e-30
ENSMUSG00000086320,-1.85792083527512,3.45847045239052e-32,1.85112294159843e-30
Fam105a,-2.07743715696281,3.54399501277522e-32,1.8917864483288498e-30
Tspan14,-1.25042500893161,3.97910521412505e-32,2.1183387005519497e-30
AF251705,-7.71422616350411,4.45720336173056e-32,2.3665001441209697e-30
Mov10,-1.10977380376687,5.27007908865238e-32,2.7906055152853398e-30
Hoxa11os,3.61814404370221,9.70875555885929e-32,5.1272585356706495e-30
Isyna1,-1.13970231035063,1.0918532574797801e-31,5.750814338066349e-30
Gpr64,3.41057893429258,1.24283039664931e-31,6.52865070961353e-30
ENSMUSG00000092500,-2.06251169434656,1.2804427659226401e-31,6.708436120722759e-30
Traf4,-0.862174416699995,1.37811762574685e-31,7.20111911881017e-30
Krit1,0.551476788353702,1.38951993262634e-31,7.241592827824209e-30
Phactr2,0.829023454322418,2.3211537477520202e-31,1.20651256746669e-29
Pfn1,-0.920541357236461,2.39444954704649e-31,1.24135284894525e-29
Smoc1,-2.53570680140393,2.59006302661436e-31,1.33925869919245e-29
Sema3b,2.47771922253334,2.85779385426223e-31,1.47384764296378e-29
ENSMUSG00000085042,2.44081214301342,3.34291003987259e-31,1.71955819297758e-29
4632428N05Rik,-1.57984876238276,3.38814811644594e-31,1.73831309062424e-29
Anpep,-3.70855847429277,3.8677684251232503e-31,1.97925803336281e-29
Dcaf10,0.589666611616357,4.25208910549035e-31,2.17031888260647e-29
Themis2,-5.70152440223167,4.5059731501902605e-31,2.29399208910972e-29
Pstpip1,-1.40722293978633,5.02102243230918e-31,2.54964944229362e-29
Cd83,-3.73497401732029,6.148683771819981e-31,3.11428474212591e-29
Cd93,-4.69921631971641,9.030411836560799e-31,4.56220091865434e-29
Grem1,0.928249651266603,1.06890273533914e-30,5.386399432737e-29
Clic5,2.64239802721435,1.0733018442999099e-30,5.39484003160289e-29
Abracl,-0.746139344916057,1.0909989421208199e-30,5.46990963285081e-29
Rasgef1a,-2.39695796737686,1.4666362441836399e-30,7.33466267166989e-29
Smurf2,0.574051328201553,2.0323440997670698e-30,1.01381719274023e-28
Ahrr,2.87273015382722,2.04218168763919e-30,1.01616497844237e-28
Gm4737,-0.747442907490081,2.4168898180258597e-30,1.1966021489046e-28
Ptpro,-2.75181070053517,2.4125812386841197e-30,1.1966021489046e-28
Bcorl1,-0.970750103586917,2.4877076166950097e-30,1.22859255962663e-28
Snx30,-0.558286431318005,3.00806999757495e-30,1.481886025671e-28
Caprin1,-0.372214861382954,3.1383842793751196e-30,1.54224720269838e-28
Ccng1,0.711552601902809,3.2206451951489e-30,1.57875389714675e-28
Aktip,0.768901715084675,3.3388008143538295e-30,1.63263237845588e-28
B430306N03Rik,-3.37781106867039,3.4084915941137396e-30,1.6626051115721298e-28
Srgn,-3.39539886166257,3.522732920195839e-30,1.71410817571397e-28
Gnb2l1,-0.572997857701744,3.66352964457904e-30,1.7782485559128299e-28
Col15a1,3.51368064067273,4.19708600083309e-30,2.0322516176161e-28
Pxdn,-1.60219535095296,4.911533992611559e-30,2.3723907119434e-28
Ccl6,-4.35171348526906,6.105146144798749e-30,2.94175947084171e-28
Itsn2,-0.547477446826764,6.17851257304029e-30,2.96988502418665e-28
Pfkl,-1.05050748167159,6.70515664097023e-30,3.2152281384449e-28
Slc26a7,4.73416144876416,6.89648964386479e-30,3.29898746152411e-28
Zdhhc24,0.955812345359823,7.26154708870173e-30,3.46524526613612e-28
Wfdc17,-6.79708222802437,7.78431345873395e-30,3.7057823013646e-28
Il10rb,-0.95682411869642,8.890089186957739e-30,4.222046193249669e-28
Sumf1,0.677270525362414,9.70980078151819e-30,4.60030848510015e-28
Perp,2.41864774980544,1.25469680263391e-29,5.9303139568883e-28
Itga5,-1.45308117891588,1.34909229239049e-29,6.3612913710717395e-28
Stap1,-6.26582768213759,1.49459431684483e-29,7.03062846812235e-28
Rerg,3.6310964162834,2.18427440109243e-29,1.0250561668065e-27
Card9,-4.50320619259558,5.45326895496364e-29,2.55310965447045e-27
Cxcl12,-1.84701522966105,5.54663243315017e-29,2.59069596004967e-27
Ccdc88b,-3.28912129855065,6.04696526825963e-29,2.81774353347326e-27
Chmp4c,1.52612106957216,7.019795155053039e-29,3.26338082748052e-27
Sirpa,-2.20064242030452,7.31625653711272e-29,3.39323523327823e-27
Mndal,-3.10345791139667,7.842377939506109e-29,3.62874889518643e-27
Btk,-6.68868472719204,8.79926557047423e-29,4.06201993840726e-27
Sema4g,-1.66144595070558,8.82331379156886e-29,4.06364898437744e-27
Ppfia4,1.94133939808868,8.955696653423749e-29,4.11504910729476e-27
Gamt,-1.5857985052658,9.24079699345427e-29,4.23622091801779e-27
Lhx9,2.37519170117214,9.79882189973803e-29,4.48165978989404e-27
Ttyh2,-1.05711588632336,1.04191295032519e-28,4.75438803415672e-27
Rapgef5,-3.64037178243813,1.7366444256121e-28,7.90632326547633e-27
Pls1,3.71878090071297,1.9074235401462698e-28,8.66390270391212e-27
Cd48,-8.10998068831085,2.41242741740083e-28,1.0932657339635199e-26
Lcp2,-3.1265378464265,2.74535563427102e-28,1.2413018945457399e-26
Cd5l,-5.83678135480567,2.97301971329487e-28,1.34117727567407e-26
Rbpms,-1.44062082248309,3.5550015125697498e-28,1.60007386261208e-26
Atn1,-0.746311654384835,6.712148603785559e-28,3.01422655213989e-26
Diras2,-2.18409546847835,8.06530625361655e-28,3.61369513680141e-26
Plekha6,2.25428203782073,8.18542725112052e-28,3.65923704923681e-26
Gm12505,-2.2326524542703,8.60510150458766e-28,3.83818536479401e-26
Stx3,-0.692977106728474,8.74155098346874e-28,3.8902848466655e-26
Fmo2,-4.76868497194099,9.471917589142959e-28,4.20587120931361e-26
Podnl1,-2.1406886592779,9.879087474094829e-28,4.37685566749383e-26
Dhh,3.59792481015125,9.990890764001299e-28,4.4165089439795e-26
Edil3,2.08522995069251,1.07092928915114e-27,4.7235375595432496e-26
Dpyd,2.35643228942853,1.07975517246702e-27,4.75188254123042e-26
Sp140,-3.90529259955053,1.30985815038587e-27,5.75175849451037e-26
Cd52,-6.20799616402318,1.3854549406112e-27,6.07025434598766e-26
Ugp2,2.11847145383167,1.62674424488765e-27,7.11170927720862e-26
S1pr2,-1.20489061427474,1.6636691050124e-27,7.25711518847257e-26
Vwf,-1.84328554309281,1.6866971535920998e-27,7.34139569884351e-26
Adrbk1,-0.633566894793301,1.79622259476107e-27,7.80096321637024e-26
Pip5k1c,-1.09945997339018,1.81354188941365e-27,7.858946078325601e-26
Serinc3,0.994272452653762,2.31551223075081e-27,1.0012315331395e-25
Arhgap5,0.986115230235538,2.89296059059321e-27,1.24819589403285e-25
Gabrb3,1.66606780589898,3.130226098705e-27,1.34763038388595e-25
Lif,1.71938161924935,3.89970275879031e-27,1.67526493351591e-25
Cd37,-7.07769330398628,3.94591477781948e-27,1.6914479709943102e-25
Tulp4,-0.751079415310887,3.97456328444086e-27,1.70004862386753e-25
Rab3gap1,0.57313757360671,3.98652454844844e-27,1.70148991718692e-25
Igsf3,-1.17708020940751,4.0083122152794496e-27,1.70711000239557e-25
Alcam,1.07861818916335,4.80429387321675e-27,2.04172179968207e-25
Psme1,-0.78005724846946,5.33358810523203e-27,2.26180682732366e-25
Igsf6,-2.368831408022,5.44836398427653e-27,2.30554274240625e-25
Itih2,2.0035270931569,6.02218524156976e-27,2.5429287105340602e-25
Vopp1,0.757045893040097,6.98684624138686e-27,2.9439894247750104e-25
Chd5,2.54145126075667,7.18873831585356e-27,3.0226278897487e-25
Cadm4,3.43617225630362,8.40372084491897e-27,3.52600185620287e-25
Lpl,-1.74672823722075,9.06347491004744e-27,3.79477922026595e-25
Lrrc20,-0.780976663282443,9.73091342449258e-27,4.065633110942e-25
Celsr2,2.14840561663688,1.21777808893813e-26,5.077237320701211e-25
Arhgap4,-3.66344026629588,1.45451821270861e-26,6.051529135395221e-25
Mal,5.32776503111713,1.73263967243958e-26,7.1935421536674e-25
Tes,-0.77163166512995,2.12405023951573e-26,8.80014454882209e-25
Hyal1,1.68854633928518,2.5040079788444002e-26,1.03317733350755e-24
Rb1cc1,0.509440678829926,2.5041664314463002e-26,1.03317733350755e-24
Gm15987,2.53255845499469,2.88302247349505e-26,1.1870140761974201e-24
Arhgef4,0.913649483380968,3.1635809295895e-26,1.29982482841474e-24
Pkmyt1,-2.26015921445431,3.52756712514012e-26,1.4463755558235e-24
Degs2,-3.45005010764241,3.74478792906037e-26,1.53226818485768e-24
Trim28,-0.879187133213902,3.75543403335627e-26,1.53345599168222e-24
Zfp710,-0.921044284277005,3.88501001088846e-26,1.5831016101982501e-24
Tmem62,0.988273193054469,4.85786516081699e-26,1.9754653315158002e-24
Antxr1,-0.715838428736843,6.77766443417311e-26,2.75050955849107e-24
B4galnt3,4.30975226048255,7.05236096118118e-26,2.8561340792481e-24
Il10ra,-6.89756667915312,9.05742320828504e-26,3.6606777391199404e-24
Ncf4,-6.85747370173177,9.47217660021956e-26,3.82050886742868e-24
Gpr137c,1.54315415010835,1.02946463995912e-25,4.14380441661594e-24
Lpxn,-2.98247726544589,1.0713187609400601e-25,4.30352875084318e-24
Casp1,-5.54698187205588,1.33987959933806e-25,5.37145254762975e-24
Slitrk6,5.1099102851092,1.36299402124239e-25,5.45307749427964e-24
Gja1,2.44211848451685,1.62184276463061e-25,6.47559961910174e-24
2200002D01Rik,1.47097791527194,1.73748119981609e-25,6.92335567025308e-24
Bzw1,-0.444695727979855,1.7882368822250302e-25,7.11129381839047e-24
Tspan3,0.58881470954923,1.8510811955284802e-25,7.346455309868951e-24
Tcfl5,2.12143140754321,1.97773173950691e-25,7.83339987383898e-24
Hhex,-3.29734839281203,2.81111672803505e-25,1.11120470423166e-23
Ikzf1,-5.31674082573805,2.83522489104987e-25,1.1185018673775201e-23
Irf5,-2.8389999312225,2.9045439968094503e-25,1.14274638854899e-23
Nlgn2,-0.791038039820568,2.90822146954499e-25,1.14274638854899e-23
Mcm2,-1.18922619860423,2.92650081055399e-25,1.1476519218259701e-23
Sipa1l2,-1.27518798774128,3.79843310627304e-25,1.48664366080299e-23
Rtn4rl1,-3.71581963162005,4.33897579239029e-25,1.69485358170606e-23
Trip11,0.501397444969226,4.4591709650224705e-25,1.73837444471073e-23
Ddx11,-1.52643009791071,4.99416652383261e-25,1.94311343493086e-23
Gsto1,-0.936128053301868,5.7005871218557605e-25,2.21361622276924e-23
Gm9581,-4.33904862608226,6.2505296411392905e-25,2.42241661473821e-23
Nup93,-0.807371747071999,6.552629157616841e-25,2.53453648120007e-23
Derl3,2.6375919360505,9.249653103891161e-25,3.57076276938519e-23
Limk1,-1.55963671306151,1.12771424432667e-24,4.34499083553413e-23
Klhl6,-4.51886887573064,1.37963814324912e-24,5.30531141532146e-23
Pm20d1,2.10257413482757,1.4060941934821801e-24,5.39656771467465e-23
Agbl2,1.34593352086826,1.53215538210506e-24,5.86901454298037e-23
Baz1b,-0.471025500326103,1.66258047807072e-24,6.3563211945391e-23
Gda,2.17933645302791,1.9022232827704802e-24,7.25850286936158e-23
Pdk2,0.794529360351179,2.00635255585991e-24,7.626450291026811e-23
Tmem56,2.53614314531517,2.0035825764069302e-24,7.626450291026811e-23
Cnksr1,2.74098729142549,2.49045647921634e-24,9.448467454865961e-23
Rft1,0.52684842717655,2.56102588386066e-24,9.697620765578681e-23
Shox2,1.84919189579826,2.56644060280168e-24,9.69957818661916e-23
Mfsd12,-1.62564526706696,2.59688540076115e-24,9.7959463765093e-23
Cdr1,3.76270176761017,2.62350329752305e-24,9.877539791662841e-23
Lyl1,-4.43371015764622,3.0760946785735e-24,1.15595785606204e-22
Sla,-3.41135985346642,3.35437894892899e-24,1.25814622546572e-22
Rnh1,-0.782568255968803,3.46246197999326e-24,1.2962305680867e-22
Dock10,-3.62998288536466,4.45447021191535e-24,1.6644590203164399e-22
Gngt2,-2.16857734020031,4.9714144712006504e-24,1.85412226342105e-22
Mfsd7c,-1.7467240391446,5.01178673773648e-24,1.86566587507769e-22
Slfn5,-3.32063651433363,5.12911047871371e-24,1.90575804728792e-22
Clec4n,-6.05542221936002,5.14797986361687e-24,1.90918713893387e-22
Mesdc2,0.561985407092019,5.49836860860003e-24,2.0353213443872e-22
Siae,-0.806454968543031,6.05948487902845e-24,2.2388440026917797e-22
Cpeb2,0.887704483709274,6.09678839566559e-24,2.24710881730688e-22
Tmcc3,-0.9770293411043,6.10454728191829e-24,2.24710881730688e-22
Sdf4,0.694062256128037,6.18252640922172e-24,2.27159096490217e-22
Ncl,-0.342458296332677,6.73950721336719e-24,2.47165186765785e-22
Arsb,-1.08501503443877,7.31148905394754e-24,2.67646449582952e-22
Rab26,2.81828607284172,8.980694543248521e-24,3.28143311318254e-22
Efcab14,0.556964889984013,9.31647479921956e-24,3.39785390283138e-22
Sox10,6.42015938361966,9.87946955246565e-24,3.59656277604834e-22
Asb16,3.03015078565263,1.01941144038067e-23,3.7042980119814097e-22
Dnajb4,1.08311690146642,1.0935889589066201e-23,3.96656332274481e-22
Lyn,-1.28098060592091,1.2394924561988999e-23,4.48755184690365e-22
Robo1,1.10584785780721,1.32677150619789e-23,4.7947779030553005e-22
Cdr2l,-1.23012923854689,1.55844556425313e-23,5.62175882595065e-22
BC004004,0.624178837386847,1.60815654297523e-23,5.79053312310573e-22
Slc35f1,2.13812646695216,2.28839530720772e-23,8.2249329698623595e-22
Pigb,0.797354021639802,2.5310577485447302e-23,9.08062819785868e-22
Dennd6b,1.14446513397924,2.69928429030521e-23,9.66665932824673e-22
Mid2,0.666605218971822,3.23795119603075e-23,1.15747988242226e-21
4930506M07Rik,-2.6952873296488,3.4243809382374e-23,1.22191783965502e-21
Ube2c,-2.89415504476761,3.4515423950847704e-23,1.22939470489674e-21
Ctnnd1,-0.561527571700543,3.8313025755131704e-23,1.36221034480185e-21
Nek2,-2.2656053640887,4.2436864424695705e-23,1.5061284284349e-21
1700007K13Rik,1.34742631282057,4.4308510549941305e-23,1.56974193726483e-21
Hspa12b,-1.16888632143259,4.48882624115456e-23,1.58744133713973e-21
Cnbd2,1.38109942105772,4.62574092518012e-23,1.6329442652810501e-21
Hfe,1.38121261898974,4.6911946697154104e-23,1.6531035451787201e-21
Sema4c,-0.879620010612135,5.1504258886869404e-23,1.81170576020526e-21
Gpc2,-1.02046658490328,5.41445587184094e-23,1.901203618545e-21
Ppp2r2c,2.54278302869892,5.72102034762088e-23,2.0052935745891e-21
Plxna4,-1.21327769989127,5.762275908237031e-23,2.0161857259138902e-21
Postn,-2.98336735675526,5.924327599069411e-23,2.06923075435574e-21
Gpr153,-1.02713411134967,6.22473128932208e-23,2.17032708545307e-21
Mgp,3.19392123673387,6.51470951312431e-23,2.26743949381219e-21
Rrm1,-1.46648836259179,7.136550081580811e-23,2.4795129441338e-21
Kcnd1,-1.95834431669556,8.06551522692338e-23,2.79736363492103e-21
Tead2,-1.05147478857672,8.482094501598671e-23,2.93670278863042e-21
Irx3,2.32182621661694,8.636102147053981e-23,2.98480570541461e-21
9530068E07Rik,0.509655975563498,9.05086042028267e-23,3.12270452549265e-21
Gm10521,-3.53351958984108,9.412372820749431e-23,3.24178489290646e-21
Plac8,-5.66208424808097,1.02612426967039e-22,3.52801476329035e-21
Zbed3,-0.716451691311902,1.03163671080358e-22,3.54082035021736e-21
Srgap2,-0.644261036736444,1.05838842304296e-22,3.62635369030153e-21
Adap2,-6.45353629620113,1.11029278875069e-22,3.797623210435e-21
Exd2,0.855884030541686,1.2219152458548e-22,4.17220853946697e-21
Serpine2,3.13890272465241,1.47621091349731e-22,5.03182115850272e-21
Cyp27a1,1.24940064047784,1.51469942429528e-22,5.1541421647325905e-21
Lrmp,-4.99760373781368,1.80547499467965e-22,6.1330406165756004e-21
Hoxc6,-1.06304430543974,1.811559396153e-22,6.14317162352981e-21
Ide,0.377497853553257,1.8211886733455298e-22,6.16526845930509e-21
Smarca5-ps,2.18853277342139,2.0216769115721798e-22,6.83230197214598e-21
Uba7,-1.42576391520095,2.03055060989911e-22,6.85060038815025e-21
Cenpa,-3.04371872612039,2.07825966634995e-22,6.99963510755009e-21
Dlx1,2.50104618596159,2.1121855687028e-22,7.1018205437335e-21
Atl2,0.545852178833236,2.49323390384008e-22,8.36881427655066e-21
Atp6v0d2,-4.80487980282512,2.51075295773599e-22,8.413358980542041e-21
Tiam2,1.07388649868526,2.54389044521029e-22,8.51000107718659e-21
ENSMUSG00000085328,0.547102637830952,2.92738299338616e-22,9.77637315362893e-21
Hiatl1,0.550736404695271,3.00758254664607e-22,1.00273004635991e-20
Birc5,-2.38049623103767,3.06778618495393e-22,1.0210829849887001e-20
Tmem86a,-0.736595983966526,3.26192044619963e-22,1.0838770556466001e-20
Cyp1a1,5.83610473663509,3.4560729226362097e-22,1.14454963478073e-20
Rgs1,-7.03114771860426,3.4535153840809e-22,1.14454963478073e-20
Kif20b,-2.07810775849449,3.7080147616367097e-22,1.22593529782059e-20
Gusb,-0.597944968194019,5.00162346999075e-22,1.65086918666161e-20
Galnt12,-2.53047083670138,5.043713774646839e-22,1.66199180687364e-20
Tsga10,0.899808054867189,5.38840487829954e-22,1.7726240898645202e-20
Cd300lh,-8.10471785813024,5.47035260779908e-22,1.79659806044532e-20
Pde10a,-1.32843039196017,5.59776153653085e-22,1.83539850114995e-20
Cdc20,-2.79961683442484,5.752250245686289e-22,1.8829349399268002e-20
Lmo2,-4.97272872254117,5.8011109511198e-22,1.8957954005936702e-20
Sp3,-2.08195131228528,6.75037460995359e-22,2.20237922200199e-20
Rb1,1.32337931064516,7.35757619026519e-22,2.39653682355282e-20
Aff2,1.60030726784244,8.123801594184559e-22,2.64176956931414e-20
Bmp4,4.14805901745966,8.94165327193761e-22,2.9029590393025e-20
Bahcc1,-0.822569920527114,1.0442441955463501e-21,3.3846500897872203e-20
AB124611,-2.95753273118308,1.08137212682018e-21,3.49926366005667e-20
Pif1,-3.76139131683089,1.63004813109253e-21,5.2661457076927504e-20
Rpa1,-0.943295403126775,1.6512508446498e-21,5.32595630740142e-20
Tmem255a,2.4462993308793,1.67559812594288e-21,5.3956984205159003e-20
Fignl2,-1.670609105832,1.82456450152059e-21,5.8658563941743e-20
Atrn,0.462616023241002,1.8907933119842302e-21,6.068925567347761e-20
Vsig10l,-1.4983283105337,1.97299230292527e-21,6.32251449306345e-20
Trip13,-2.16168719859566,2.05064090981986e-21,6.56072577997941e-20
Tspan13,1.32044379052516,2.08160469169238e-21,6.6490482764961e-20
Creg2,-2.94837278960333,2.09837849566261e-21,6.69183377264128e-20
Btbd11,1.10896750577847,2.12693419938952e-21,6.771994354454999e-20
Foxc2,1.41334671139798,2.1698680122200602e-21,6.89760290754511e-20
H60b,2.30623637459358,2.52130362687341e-21,8.00190657477582e-20
Acer3,0.729769953434924,2.63521080971183e-21,8.336695667018061e-20
Capn1,-0.761435400632575,2.63111174573207e-21,8.336695667018061e-20
Ccm2,-1.01213555978555,2.6449913462797903e-21,8.35429164620812e-20
Hoxc5,-1.569949332568,2.7578821650915402e-21,8.69699019068039e-20
Mcm6,-1.85289025040001,2.9799269634728702e-21,9.382269250336531e-20
Tnfrsf11a,-2.98967331794542,3.0798393914438e-21,9.6814506838338e-20
9-Sep,-0.937754086340281,3.50265295853845e-21,1.09931123915841e-19
Cpne2,0.62443611448349,3.662049194428e-21,1.1475193393426e-19
Slc37a3,0.516660435127976,3.84087355172626e-21,1.2016533936554e-19
Nxpe5,-3.51099263011291,3.96274804703873e-21,1.23782748144409e-19
Tmem176b,1.84252817810894,4.07005289545749e-21,1.2693437408132301e-19
Hs2st1,-0.692361543855372,4.12390827661075e-21,1.28411760235848e-19
B3gnt3,-3.78488059169592,4.53840037748888e-21,1.41096516602496e-19
Maff,0.961226195916867,4.78975084877277e-21,1.4867746992021302e-19
Csmd3,2.48619630650341,5.4919462943535004e-21,1.70207362149259e-19
Tnxb,-1.82811594325589,6.26676422739922e-21,1.9391718556158502e-19
Fas,1.58556082031015,6.88314824414949e-21,2.1265814013593802e-19
Tmem178b,2.8668637064012,6.97716058317266e-21,2.15226928643538e-19
Cldn25,0.706378039189399,8.741521171397701e-21,2.6923341411875603e-19
Fam115c,-0.820394371415595,9.20128895262903e-21,2.82953923009108e-19
Slc35b1,0.654667885466328,1.05125267529693e-20,3.22775317543881e-19
Knstrn,-2.53687696596973,1.1855385832744801e-20,3.6344281893448603e-19
Etv6,-0.704201244733428,1.22589034049383e-20,3.7523233853384503e-19
Nucb2,1.67995506379125,1.22848317020014e-20,3.7544568985560904e-19
Tfpi2,-3.52857623298115,1.2554395494301701e-20,3.8309283261810603e-19
Trps1,1.30876005482489,1.29652145803244e-20,3.9502016853652998e-19
Gm3512,-2.36696886826369,1.29889373415935e-20,3.9513504625640303e-19
Slc19a2,0.785281272689062,1.31989100146452e-20,4.00906769831338e-19
Prdm16,1.99851435698886,1.39055207191708e-20,4.21722714123214e-19
Fbp2,5.81307085952569,1.45570758350714e-20,4.40807843788614e-19
Ints7,-0.844721236089268,1.65197600464823e-20,4.994768365809711e-19
Smyd2,-0.674539925680052,1.66878076549833e-20,5.03788632315989e-19
Incenp,-1.1162738583905,1.74982689585479e-20,5.27451626263444e-19
En2,5.21761866740174,1.9210876192944202e-20,5.781948208587661e-19
Klhl5,-0.645835058606788,2.0793343509160102e-20,6.24873102967233e-19
Chaf1b,-1.82718900217106,2.14748178920759e-20,6.44374687173743e-19
Kif22,-1.71238354641969,2.17435557828639e-20,6.514514050284971e-19
Grik5,1.66104420174631,2.27276544792347e-20,6.7990705333348e-19
Ltbp4,-2.01893263882279,2.6388686265332702e-20,7.882376211141001e-19
Sppl2a,0.736878105558164,2.6696217096866802e-20,7.96222715943299e-19
Nfyb,0.832686985881895,2.71466290423656e-20,8.08438859481216e-19
Acly,-0.636835636722306,2.96963273675381e-20,8.83042142923009e-19
Ppargc1a,3.36328941607005,3.2132277749124603e-20,9.54044420605194e-19
Pigg,0.64693895321451,3.2447841973687e-20,9.61971650369607e-19
Snx20,-4.38693149126659,3.2702389288424904e-20,9.68068934929696e-19
Trf,-2.45523975076112,3.2990259424083903e-20,9.75132981544116e-19
Tacc1,-1.1158947512129,3.33016166480233e-20,9.82869174511854e-19
Sp110,-4.21243368733638,3.46911151374317e-20,1.0223554228894299e-18
Col18a1,1.56434923603894,3.48312037082328e-20,1.02495863036827e-18
Btg2,0.981401266849247,3.5977585686172e-20,1.05712182036936e-18
Clptm1l,0.453050684356431,3.67073054456414e-20,1.07696515117849e-18
Il21r,-2.91148657390387,3.9378267801308103e-20,1.15362014132708e-18
Fam196a,1.75796285516768,4.4548061510917004e-20,1.30314595297223e-18
Slc35d1,0.541231729013888,4.5138246644368703e-20,1.3184628857597e-18
Aptx,0.564342444111237,4.63843102789926e-20,1.3528643310238098e-18
Wdr6,-0.686626151054072,4.7444351857904003e-20,1.38174697675578e-18
Arl4c,-1.1483124162985,4.8399851361778805e-20,1.4075046349025899e-18
Arhgap9,-6.69570165395555,4.9141840466165004e-20,1.4269868161172001e-18
Sel1l3,-5.6491639345423,4.96437624502747e-20,1.43945105646448e-18
Enpp4,1.47613057984032,5.69456474102775e-20,1.6487596510426e-18
Prc1,-2.63906869381827,5.74976174510053e-20,1.66231068029154e-18
Gprc5a,2.49658622352241,5.994788572897531e-20,1.73062380317293e-18
C430042M11Rik,3.42411999352835,6.16996032942349e-20,1.7786010824439998e-18
Rnf122,-0.890775938007146,6.216690700084141e-20,1.7894671893091e-18
Ccnf,-1.71341248811054,6.985486059497831e-20,2.00784565924957e-18
Nptx1,-2.04766719123869,7.000286097394231e-20,2.00918356337384e-18
Sdc3,-0.783421822536886,7.07092514757579e-20,2.02652100756282e-18
Zc2hc1a,0.922843169381217,7.23700675051311e-20,2.0711225677335497e-18
Ndc80,-2.61767855688847,8.075660831974941e-20,2.3077977938879002e-18
Ak2,-0.761245723821928,8.10342620227992e-20,2.3123955693076598e-18
Ip6k3,2.55036476219273,8.14023310838242e-20,2.31955649609216e-18
Gm10052,-0.840527745951966,8.5642011156201e-20,2.4368597542204098e-18
Trdmt1,1.33405513106841,8.58343516779743e-20,2.43882855183731e-18
Klhl8,1.56968992855127,9.3337074159678e-20,2.6444169050905003e-18
Nr3c2,1.69021502188524,9.330536430495751e-20,2.6444169050905003e-18
Gm13212,-1.84886307905492,9.807122346860671e-20,2.7745750136747e-18
Eef1g,-0.562312423752207,1.0521639221293301e-19,2.9724756510484097e-18
Fcgr4,-5.50871171665361,1.0738829461289701e-19,3.0295125164014397e-18
Nap1l3,1.59677202739651,1.11659591236119e-19,3.14552851328605e-18
6-Sep,-1.24045365759415,1.17367114799711e-19,3.3016169623487e-18
Sdc2,1.45661515343504,1.30537277492619e-19,3.6668939623600296e-18
Arhgef39,-3.3044697223507,1.3254276515617999e-19,3.71795597897024e-18
Wasf3,0.850561924916437,1.39992072782513e-19,3.9213621066264296e-18
Nog,2.32640909208799,1.47880489095664e-19,4.1364762797324e-18
Ngfr,5.17940840460838,1.52207855157952e-19,4.25151532235272e-18
Hpcal1,0.676262856514225,1.6649178143146998e-19,4.64394822460398e-18
Reep5,0.667797993685293,1.74785365621662e-19,4.8684238829414696e-18
Fam188a,0.927508757846798,1.81022550829916e-19,5.0350710626905394e-18
Srm,-0.579571125157363,1.9104103259515701e-19,5.3062785547187694e-18
Naa10,-0.864313509682095,1.9491153217967802e-19,5.4062016572638e-18
Slc43a3,-2.01703235347336,2.10018409618267e-19,5.817069348363849e-18
Ppp1ca,-0.557998982445607,2.36864921506681e-19,6.5514984713943005e-18
ENSMUSG00000097815,-1.27969469420507,2.4024392275371203e-19,6.6356912778445005e-18
ENSMUSG00000046807,1.25253675529185,2.4200884949061703e-19,6.6751298820504e-18
Cyyr1,2.33225614357791,2.48374951447857e-19,6.84119268216044e-18
Ago2,-0.625220718941706,2.7292644682947e-19,7.506993545848369e-18
Mmd,-1.82784243167613,2.85322702407787e-19,7.83707461648239e-18
Zfr,0.573206012362712,3.08646542538342e-19,8.465978017215129e-18
Pgap1,-1.52700400550813,3.09315653633771e-19,8.47259641018424e-18
Nek8,-0.965170771036817,3.5475942431431404e-19,9.7039442529291e-18
Gpx8,0.512254798416985,3.6557289971120104e-19,9.98593890466293e-18
Igsf9,-2.60723366018282,3.9099346902334304e-19,1.06656124800803e-17
Dmxl2,0.706951688471796,4.756281635337931e-19,1.2956451376373101e-17
Slamf9,-4.94440597936394,4.76463705932842e-19,1.29613835608434e-17
Ccnyl1,-0.99529676861999,5.19421400289964e-19,1.41105917851062e-17
Dock11,-0.837813984084282,5.66468079587528e-19,1.5346557931807702e-17
Vwa7,2.51340875251335,5.66084829888867e-19,1.5346557931807702e-17
Unc5d,1.62249505312566,5.81151448984169e-19,1.57228460323531e-17
Cmtm3,-1.16583298285354,5.88040843780502e-19,1.5887531882986402e-17
Gtf2e1,0.596934546936514,5.95695331813587e-19,1.60724119226652e-17
Kcna6,3.3540715504848,6.05603987915237e-19,1.63175256825488e-17
Ces1g,5.52946491257014,6.091353732296461e-19,1.63903762655434e-17
Dsp,2.49730382967566,6.45143295162496e-19,1.73357093858861e-17
Fam212b,1.00645428836298,6.6361542240885905e-19,1.7807913042527202e-17
Cyb5r2,3.07979968161522,6.7861575855725e-19,1.81858003822297e-17
Uprt,0.79731786605107,6.849456621226799e-19,1.8330626881996702e-17
Lrp11,0.661347149455089,7.06879012500418e-19,1.8892080922480802e-17
Ngfrap1,-0.645232627203061,7.18475612133934e-19,1.91761334537742e-17
Grin3a,1.5898637090899,7.62686007852309e-19,2.03287129199288e-17
Ubr3,0.381786330416495,8.13893323438507e-19,2.16644400233551e-17
Tmem35,2.00653122777869,9.65689987278431e-19,2.5670502695385302e-17
Cp,4.23523103267653,1.0308594022939599e-18,2.7366138878055702e-17
Cep55,-2.43363327165911,1.16169008613274e-18,3.0798005978276804e-17
Adam22,1.42793405042402,1.2756920662568e-18,3.3775141283622703e-17
Cdk18,-1.07966015874625,1.31211619325433e-18,3.46931229522145e-17
Pcdha2,1.310039803163,1.39783477383713e-18,3.6910293148093997e-17
Herc3,1.77219843020253,1.4053511281138199e-18,3.70100714643165e-17
Notum,3.27657784953544,1.40365136157483e-18,3.70100714643165e-17
Csf2rb,-4.44218545631393,1.44697987719315e-18,3.80557629321822e-17
Ctsc,-1.47398966827635,1.49107928508564e-18,3.91635731589336e-17
Higd1a,0.963947262475813,1.55426691873635e-18,4.07691417995427e-17
Scara3,1.1376440299758,1.5988884758665798e-18,4.18841102857959e-17
Miip,-0.638214457499993,1.61342165005567e-18,4.22089859414828e-17
Enpp3,-2.28766127271373,1.72628673154952e-18,4.5102087640642e-17
St14,1.92219927314545,1.7343534797004098e-18,4.5253144021063204e-17
Lonrf1,-0.89621438890375,1.8737239400759198e-18,4.88253011963994e-17
Herpud2,0.676657357602441,1.97529525474648e-18,5.14043984559781e-17
Fcgr3,-4.1992198564336,2.15063312056237e-18,5.58938823092088e-17
Lss,-0.698947799132506,2.2327766522443897e-18,5.79526983237848e-17
Gnb4,0.687124076357429,2.25934960191781e-18,5.85656538172516e-17
Wdr91,-0.816000886155057,2.48022568962756e-18,6.42070451730512e-17
Limch1,2.73836081572559,2.6317643177115097e-18,6.80410712114343e-17
Ccdc6,-0.49316758308662,2.67874454083597e-18,6.916539359415321e-17
Emx2,-1.03477726312236,2.7783425557346297e-18,7.16436145491779e-17
Stk38,-0.544270847548984,2.81704285689685e-18,7.25470958881473e-17
Ficd,0.610182277237871,2.85713967148294e-18,7.348414812214051e-17
Marcksl1,-0.717427648185357,3.53459100407774e-18,9.06723319232585e-17
Pdgfc,1.01950480264916,3.53369098767547e-18,9.06723319232585e-17
Ncapd2,-2.06658050357825,3.5885699654721e-18,9.19379554931558e-17
Rps2,-0.548340601970102,3.77251085741812e-18,9.65255878815354e-17
Ids,0.853610819480067,4.00205382558226e-18,1.02266676079782e-16
Pdp2,-0.80556877030267,4.12651663414452e-18,1.05311256987884e-16
Arrdc3,1.23029391692539,4.53275071734505e-18,1.15529723560233e-16
Nuf2,-2.8949159408377,4.6982990077723295e-18,1.19595261632292e-16
Tmem176a,1.85588297770208,5.2657294495949096e-18,1.33867145083155e-16
Hgf,-1.19160672014428,5.3150422891388096e-18,1.34947560889878e-16
Aif1l,-0.975470998023266,5.7997081156127695e-18,1.47064557646089e-16
Dnmt1,-1.16717591116799,5.91608579989626e-18,1.49823738083306e-16
AK129341,1.18022352423603,6.14057151280491e-18,1.55310189322591e-16
Braf,0.539664200014154,6.652121635930209e-18,1.68033950099441e-16
Tmem181b-ps,1.91292634284719,6.80700609484355e-18,1.7172732318762002e-16
Gca,1.53184828901389,6.99050450031174e-18,1.7613225333864299e-16
Glrb,2.76369059211302,7.06674199402029e-18,1.77826884942284e-16
Cerk,-0.889033368341763,7.22920226414074e-18,1.81684164516552e-16
Als2,-0.757407171418649,7.7430612544469e-18,1.94351818863202e-16
Fcna,-2.34662440706869,7.945635794734169e-18,1.99184014277108e-16
Ednra,-1.24571031660091,8.2146321679884e-18,2.05666972762127e-16
Lst1,-4.19796897024286,8.30946676533968e-18,2.07778636137357e-16
Map4k4,-0.800728320319488,8.64602344453901e-18,2.15921624584679e-16
Plk1,-3.09748001279748,8.95335689253503e-18,2.23315213979551e-16
Rab33b,0.527173074433367,9.09836092955461e-18,2.26646465218742e-16
Unc93b1,-3.54814295893111,9.13031003469968e-18,2.27156607948734e-16
Gcnt2,-1.49007668117838,9.36650412196623e-18,2.32740586739547e-16
Tmem198b,-0.875599086650905,1.06490857156283e-17,2.64278813925192e-16
Melk,-2.55690661996582,1.13511750959286e-17,2.81350027033503e-16
Cpsf6,-0.408072879708265,1.1388212182047301e-17,2.81915192566581e-16
Vac14,-0.739962195847385,1.16982881668453e-17,2.89229586587022e-16
Gstm6,1.78004318307197,1.18284107621416e-17,2.92082103158919e-16
Tfrc,-0.746354542046568,1.21435977763405e-17,2.99491669193832e-16
Khsrp,-0.713519358531873,1.2513304235981e-17,3.08225717772846e-16
Itm2a,1.6061848056227,1.2625596969378e-17,3.1060536941809003e-16
Abl2,-0.76748264364182,1.2720053557009401e-17,3.12540869284137e-16
Ndnf,3.46389544523775,1.4023930159336e-17,3.44151069238526e-16
Eno1,-0.700172592170415,1.45115878759055e-17,3.5567758204756597e-16
Pmf1,-1.67267340834954,1.48253926826269e-17,3.6291974868571497e-16
Mab21l1,3.31506623381296,1.55409556317363e-17,3.79966772013463e-16
Armcx5,0.878567082380311,1.57766784329146e-17,3.8525442624592005e-16
Cryl1,-1.03945363720051,1.59430627737469e-17,3.8883794971833e-16
Tcta,0.750235571230145,1.7453488795226902e-17,4.25152388807716e-16
AI662270,-5.17097118530493,1.75806285206637e-17,4.27723301257031e-16
Tatdn2,-0.904485815561453,1.8337308334220402e-17,4.45585342639142e-16
Rasal3,-4.03488437001283,1.87460128708193e-17,4.54958380997187e-16
Dusp9,-1.81247952200846,1.9392780288969402e-17,4.70079095278764e-16
Fam184a,1.99275654205383,1.97594876969226e-17,4.783825114301419e-16
Cap1,-0.540412376742589,1.9941912105881102e-17,4.82209557197642e-16
Ache,3.18066986983902,2.19995340165781e-17,5.313155752003819e-16
Tceal3,1.66125363466456,2.21312030256549e-17,5.3384451244832e-16
Axin2,3.2201178996902,2.22024283184804e-17,5.3491105890412e-16
Lfng,-2.26677299931215,2.36604489743395e-17,5.69345724772563e-16
Ncapg2,-2.19290793008808,2.61962175649784e-17,6.29599384292273e-16
D17H6S56E-5,-3.04531907575939,2.7889508162974e-17,6.694834177691349e-16
Epm2aip1,0.625416963842068,2.86656131000188e-17,6.872806317588029e-16
Rnpep,-0.856446667397233,2.9160587341086e-17,6.9830262600105e-16
Uhrf1bp1,-0.704782257828487,3.04570995627153e-17,7.28469081811612e-16
Fanca,-2.36955129793358,3.08118034395654e-17,7.3606387854904e-16
Bub1b,-2.33853845538699,3.08939898228838e-17,7.37138041508904e-16
Fkbp1a,-0.480172953831758,3.14205803080682e-17,7.479004476213739e-16
Mapk13,1.01954932907532,3.13957505045435e-17,7.479004476213739e-16
Stat3,-0.457547377171775,3.25494309328226e-17,7.73840252333275e-16
Txndc12,0.949248824615259,3.3586715341617504e-17,7.97543537920135e-16
A630001G21Rik,-1.7133869855552,3.38767056102867e-17,8.03466201085171e-16
Pyhin1,-2.67313991257895,3.4074397263432e-17,8.07188233738047e-16
Espl1,-3.28975433671978,3.47227938695318e-17,8.21565364148396e-16
Dtnbp1,-0.522165630310474,3.73695102462594e-17,8.8313339011565795e-16
Cfl1,-0.631864270429741,3.84651135591676e-17,9.07941726967526e-16
Tmem229a,3.98119916572499,3.94821260488077e-17,9.30838124131652e-16
Pilra,-3.0388521887869,4.12033394234108e-17,9.70262703854015e-16
Prkch,-3.36819885589409,4.14979345747766e-17,9.76039306792013e-16
Scrn3,0.899063323395238,4.2089353524539e-17,9.88483258140656e-16
Hoxc11,3.79812716483836,4.21268364911489e-17,9.88483258140656e-16
St18,-3.86055705856642,4.24618562084381e-17,9.95165207517051e-16
Hmgn1,-0.776119682782661,4.30680655680074e-17,1.0081796341711801e-15
Dlgap5,-2.77861847849405,4.3555670002778e-17,1.01839018740852e-15
Pcyt1b,-1.03711316604491,4.55430168498083e-17,1.06360130388397e-15
Snx16,1.20717272550119,4.73129063932609e-17,1.1036334490131201e-15
Neurl3,-1.51597933064032,4.7519328469041904e-17,1.1071444482363601e-15
Tmeff2,1.08138074282411,4.8566742490039504e-17,1.13021829409253e-15
Lmx1b,3.62308367917839,4.9026972576962905e-17,1.13958939543917e-15
Mut,0.721873001605584,4.9344758533378503e-17,1.14563141617236e-15
Pacs2,-0.912637453259425,5.92664158045027e-17,1.3743701388669402e-15
Smarcc1,-0.711053927461855,6.08254393751799e-17,1.4088736858316502e-15
Atp9a,1.63280433451945,6.10484204639327e-17,1.4123865874622902e-15
Ttc39c,-0.724206504479084,6.32730927781598e-17,1.4621474088432601e-15
Spag5,-1.90327012717392,6.56777603613864e-17,1.5159468137493e-15
Sgol1,-2.32766064805062,7.16505708643873e-17,1.6518834754346102e-15
Ccdc141,1.10300270958717,7.408510042564241e-17,1.7060248009644402e-15
Adck3,0.933284180040658,7.45814467502327e-17,1.71545989714473e-15
Ncapg,-1.98660974332388,8.03435098631363e-17,1.845850196438e-15
Rnf144a,-2.65486526874494,8.7783062231832e-17,2.01443309900255e-15
Lhx6,-2.28124110373854,9.39667486453421e-17,2.1538396876994903e-15
Tob1,1.28084997249878,9.47652333589714e-17,2.1696308455966103e-15
Rcsd1,-1.5733968842962,9.70538854815717e-17,2.2194632194885103e-15
Psd4,-1.26462812956525,1.04995942248258e-16,2.3983156173985e-15
Ilf3,-0.678445501396939,1.0612254791897499e-16,2.42125684215136e-15
Bmp5,2.79290166823561,1.18781004435496e-16,2.7069493807141203e-15
Erich1,0.675174169449957,1.19724396639897e-16,2.7253125874212804e-15
Phb2,-0.718684673426226,1.2552505508748e-16,2.85407369799363e-15
Aqp1,3.90057827639622,1.26520062069333e-16,2.8733982903911504e-15
Zdhhc2,-1.66202503194666,1.34113970712661e-16,3.04237465749547e-15
Bok,-1.18057675273805,1.39567328726521e-16,3.1624615310068802e-15
Nlrc4,-2.97323320495967,1.3997395702146e-16,3.1680505655462903e-15
Ildr2,1.04888792129604,1.4479317706186099e-16,3.2733836512935e-15
Mxd3,-2.16305328441683,1.45088570618254e-16,3.27632161063159e-15
Hvcn1,-1.79023047753887,1.48531816362921e-16,3.35025522921558e-15
Dcaf15,-0.575615750813192,1.50634029094854e-16,3.3938069535773402e-15
Ssr3,0.426729582243203,1.54379296870596e-16,3.47423590366509e-15
Tmem59l,3.37598458243903,1.58376765722408e-16,3.56015149644331e-15
Milr1,-2.68589841654919,1.65025224113943e-16,3.705396301987e-15
Sim1,-3.28333160283288,1.84463417693008e-16,4.13716140882483e-15
Nt5e,3.10481318848254,1.93254792856852e-16,4.329432033639251e-15
Slco4a1,-2.04756638226723,2.03710588349038e-16,4.55851354990321e-15
Cttnbp2,1.88130578089412,2.17126645427399e-16,4.8523526405817e-15
Ly75,-1.39508871550447,2.17331690173499e-16,4.8523526405817e-15
Ulbp1,-3.58687536654197,2.31218944686981e-16,5.15659907723083e-15
Srrt,-0.842460894726374,2.33557963329497e-16,5.20290428096441e-15
Mob3a,-0.921141276175876,2.3532638303126003e-16,5.23640863994503e-15
Lig1,-1.49393238312159,2.35661673386587e-16,5.23798404012118e-15
Mmadhc,0.37082197353527,2.4526233886118e-16,5.4452638551645806e-15
Hoxa5,-2.49613479304439,2.61899873104035e-16,5.80813559569128e-15
BC055324,-1.43763992154056,2.68620988807641e-16,5.9505257968081805e-15
Cit,-2.94548318998744,2.90677978799198e-16,6.431940438144481e-15
2010111I01Rik,0.466210843202837,2.97656258760806e-16,6.5790006121640605e-15
Med12l,1.47153994911726,3.02666922644559e-16,6.68229179047141e-15
Hipk3,0.325190421791964,3.2718884444363e-16,7.21564351376576e-15
Cdca8,-1.50501176580564,3.3275260476843097e-16,7.330180850760851e-15
Chd3,-1.27555800455495,3.60007473711789e-16,7.92176445487585e-15
Mob1b,0.519775836584876,3.75983411717514e-16,8.264123735464641e-15
Cd53,-1.7754242597378,3.78128369862515e-16,8.30205569485282e-15
Exoc2,0.448925506498942,3.79343553029292e-16,8.31951242989159e-15
Steap3,-1.12518269416447,3.8862035664776297e-16,8.513537105146341e-15
Arap1,-1.66047085221132,4.03680413564313e-16,8.83368719362171e-15
Tpm3,-0.561483483955298,4.12670877198809e-16,9.020457011087421e-15
Ptpdc1,0.832841624381966,4.31321242069979e-16,9.417735256839981e-15
Wtip,-0.764950850905323,4.50914137669994e-16,9.83469557534864e-15
Esyt1,-1.32943035856831,4.583570472541519e-16,9.986031863389691e-15
Tmbim4,1.36613736349693,4.983921828499e-16,1.08463283397356e-14
Myo1b,-2.36360607803251,5.127956207812289e-16,1.11475350976416e-14
Sh2b3,-0.838520560353026,5.39774155820688e-16,1.17211484450361e-14
Cdc42ep4,-0.729551742413394,6.50149257267118e-16,1.4102470855331901e-14
Sort1,0.698635978000211,6.61634954396711e-16,1.43359066048933e-14
AU020206,-2.37988008209773,7.05446664613911e-16,1.52684871541135e-14
Vimp,0.637416454304038,7.07073936371729e-16,1.5287000257539e-14
Pcdh17,1.50710110859249,7.14639688174748e-16,1.5433723429239602e-14
Dhfr,-2.13970150147916,7.217929060632549e-16,1.55542836906167e-14
Cygb,-3.04224443904402,7.21708510051629e-16,1.55542836906167e-14
Bmp1,-1.47856247128089,7.67664841859528e-16,1.65248201393327e-14
Gm53,0.52850378116691,7.69972825429938e-16,1.65565057924153e-14
Bcap29,0.890777856833015,7.98745382416152e-16,1.71565656761057e-14
Dach1,3.68821198401256,8.07255706969018e-16,1.7320576403916e-14
Svop,1.51507856266396,8.09957186976205e-16,1.7359731743373102e-14
Acin1,-0.626754185940613,8.14123364013744e-16,1.74301611901926e-14
Anxa4,-1.50639516393247,8.195381145677101e-16,1.75271412752688e-14
Fgf13,2.0621238251732,8.40431192657199e-16,1.79545839691296e-14
Blzf1,0.616907717804281,8.976118889473401e-16,1.91555019921478e-14
Ercc6l,-2.15453717519277,9.07356908761231e-16,1.93426224123869e-14
AI597479,0.585709909023545,9.25928163152688e-16,1.9717291766748202e-14
Tubb6,-1.30229793591151,9.66699725872507e-16,2.0563395672587702e-14
Rell1,-0.804617402224604,1.0172941702376602e-15,2.1616409600200102e-14
ENSMUSG00000061331,0.61207582351998,1.0188489729623801e-15,2.1626243366073998e-14
Tmem203,0.694819733970327,1.05672536920978e-15,2.24061982996043e-14
Faim2,3.61096508544133,1.1067517731197001e-15,2.3441831138890402e-14
Traf3ip3,-3.33269134590333,1.10894785051726e-15,2.3463251315858802e-14
Gdap2,0.474282191248429,1.1775211671816201e-15,2.4887544498254802e-14
Topbp1,-0.914997172143587,1.2441052487048701e-15,2.62668020739353e-14
Fip1l1,0.686565838650675,1.2557237020940202e-15,2.6483868153642102e-14
Zc3h12d,-3.34197761463523,1.2936302010978302e-15,2.7254311172916402e-14
Hoxa6,-1.86355696352271,1.2995801624678601e-15,2.7350569115317202e-14
Kcnj15,-2.20296845015962,1.31604788559286e-15,2.76677413230159e-14
Ly86,-4.948813595175,1.3350516514386501e-15,2.80375004295768e-14
D5Ertd579e,0.549950316180215,1.3400254787435501e-15,2.8112144683302202e-14
Sec14l1,-0.4777248275598,1.3475061028987402e-15,2.8239164933128602e-14
Plekhg1,1.15270602017356,1.3787613251725701e-15,2.88636250356423e-14
Mef2a,1.03337339806404,1.4006023257082e-15,2.9289892775422604e-14
Coro1c,-1.04534600999847,1.40838589118369e-15,2.94215972457826e-14
Sp4,0.705580377575587,1.4123831061184901e-15,2.94740095190417e-14
Lyst,-0.616898717968846,1.42921554184812e-15,2.97938785165897e-14
Acy1,-1.10284285414426,1.4374967030030302e-15,2.99349996911377e-14
Meis1,-1.82031383814882,1.44863069471772e-15,3.01351704602834e-14
Nipal2,1.44923147169448,1.5023431669461e-15,3.12197314566638e-14
Clca1,-3.61418135041711,1.5231877153563701e-15,3.16196505333464e-14
Sp6,2.20003555111777,1.52478116841779e-15,3.16196505333464e-14
Nfasc,4.35766088164066,1.5497714241055801e-15,3.21042607562625e-14
Aurka,-2.20955338679645,1.5680124538378201e-15,3.24481908420107e-14
Ephb6,1.34783694005337,1.5874986423398302e-15,3.28171431241106e-14
Qpct,-0.932906700571678,1.6003089389590901e-15,3.3047464261882904e-14
Tnfrsf19,2.64352761320749,1.6179286097809202e-15,3.33765189459389e-14
C130021I20Rik,4.31031569971643,1.63497410865581e-15,3.36930564493442e-14
Slc38a1,0.563204683447336,1.6436247172061501e-15,3.38361163196991e-14
Msh6,0.736690531683492,1.73031890487458e-15,3.55838375826959e-14
Pcx,1.36671250440535,1.7479006754599402e-15,3.59081171958595e-14
Shcbp1,-2.91156331453729,1.84548403706635e-15,3.78735397617223e-14
Dkc1,-0.76889591765948,1.86154805694624e-15,3.8163662235779804e-14
Tacc2,0.45202321708009,1.92014356079613e-15,3.9324222417793705e-14
Srsf2,-0.429455892235926,1.92604123047878e-15,3.94042567442167e-14
Naalad2,-3.07996733303747,1.93365264710424e-15,3.95191506947908e-14
Bend5,3.11934586349687,1.9560388203643003e-15,3.99354564932934e-14
Tmem129,0.457314523242576,1.9668638692132504e-15,4.0115110263542e-14
Pcdhga9,-0.530676309430282,1.9855963504130803e-15,4.04555042423669e-14
E2f4,-0.643124516862957,2.0344861682191e-15,4.14090072717483e-14
Stard4,-0.876046227474059,2.047681071796e-15,4.16347802318768e-14
Pura,0.722995781837123,2.2000417815092e-15,4.46410117223445e-14
Serpinb10,3.47832556647188,2.2000167695796002e-15,4.46410117223445e-14
Ppfibp1,-0.292349576860651,2.22983674686164e-15,4.5199270148257905e-14
Foxd1,-2.77674847706714,2.3455776592029e-15,4.74967484282764e-14
Mtmr4,-0.831718426798132,2.5458002235081603e-15,5.14984960432642e-14
Mcm5,-2.25597733848761,2.5869792606179903e-15,5.22780992625293e-14
Npy,-3.97317235579873,2.6129791204036604e-15,5.27496824673539e-14
Aoah,-3.96905020720132,2.66659391109578e-15,5.3722508459146203e-14
Cog6,0.565694195898221,2.66506384360067e-15,5.3722508459146203e-14
Arhgef7,-0.536435713397656,2.7902116725936304e-15,5.6155845491914804e-14
Spdl1,-1.3120756911419,3.08442832452107e-15,6.20142320191017e-14
Canx,0.395502204249067,3.1484399578017e-15,6.32370232498021e-14
Tm4sf1,0.819891449604073,3.2250825690084905e-15,6.4710775275222e-14
Parpbp,-2.22474034320655,3.3639202369740704e-15,6.7428214952464e-14
U2af2,-0.497976881170883,3.3705781993602503e-15,6.74933575936606e-14
Nrd1,0.348593649864536,3.38539219889436e-15,6.7721522330206e-14
Manba,-1.17598353184306,3.4917622532888204e-15,6.977886948953761e-14
Gfra2,1.62790637762345,3.53625632844904e-15,7.05967946860936e-14
B4galt5,-1.1277802691317,3.83727958589941e-15,7.652918924385891e-14
Srpr,0.478043797158805,3.88180301892638e-15,7.73392625621912e-14
Mbnl1,0.406046043573116,3.9921194138908e-15,7.9457218967531e-14
Ipo9,-0.820154598528495,3.99807211399011e-15,7.949580335889571e-14
Cdc25b,-1.5081499755215,4.2709197273730905e-15,8.48358016859545e-14
4933426M11Rik,0.485755118543059,4.31169542926112e-15,8.555993615339399e-14
Cdadc1,0.634660583155758,4.3269492609595e-15,8.577667984388591e-14
Cyb561,1.78665214038631,4.4170041240506404e-15,8.74743496726989e-14
Pafah1b1,0.490561321210951,4.434634258601361e-15,8.773576109624499e-14
Zcchc2,-0.853495446850989,4.5228641519245906e-15,8.93920176294556e-14
Ndrg3,1.01868357815594,4.61632668580124e-15,9.11482888191503e-14
Ubash3b,-1.17765951248096,4.8017030539472605e-15,9.4714070996386e-14
Slc27a6,-2.3209135734562,4.8568244535752406e-15,9.57060213717452e-14
C230004F18Rik,3.53794918195343,5.009397367223031e-15,9.861441894680411e-14
Hap1,2.36266042350862,5.0413619316196e-15,9.91451158826163e-14
Plekho1,-1.74627602884707,5.09867050078969e-15,1.00172689084959e-13
Pex19,-0.302477842940204,5.146776766680241e-15,1.01017608609847e-13
Csrp2,-1.42680059354034,5.2007183198083906e-15,1.01975272876718e-13
Gpm6b,2.4986782649715,5.25180037462332e-15,1.02875029296776e-13
Rnf43,1.94027696394145,5.267835001771e-15,1.03087158473392e-13
Tmed10,0.44861336557612,5.47730426066255e-15,1.07080487243989e-13
Nmnat2,2.04829940362044,5.615465857109851e-15,1.0967326019152199e-13
Osbpl3,1.4809630401754,5.6426552101397e-15,1.10095708159218e-13
Arhgap18,-2.24496771670228,5.845206318672621e-15,1.13935497967512e-13
Slc35a5,0.575312709388578,6.473293540257131e-15,1.26054184140858e-13
Nbeal1,0.63545020469365,6.55262758885539e-15,1.27473709989874e-13
Srpx,-3.5833993231018,6.577643666039241e-15,1.2783479407482e-13
Ormdl3,0.701902876432215,6.6080999215701506e-15,1.28300794947819e-13
Cdk4,-0.775255605872666,6.678798129689241e-15,1.29546442860299e-13
AI467606,-5.23252528734763,7.81005623566205e-15,1.51340854883612e-13
Spcs3,0.541558971157983,7.87273666998788e-15,1.52406331390459e-13
Ddit4l,1.32510024464534,7.933567624493041e-15,1.53433958237754e-13
Trim25,-1.18940898845914,8.2387506284472e-15,1.59180699947091e-13
Slc16a11,-2.99252246522837,8.26071761623065e-15,1.59449563032975e-13
Fam120c,0.817807687846501,8.921569107573561e-15,1.7203773574137e-13
Cacnb2,2.30504294315282,9.26845710762937e-15,1.78553039454759e-13
Cdh24,-1.72286768822805,9.359951952960981e-15,1.80140416400816e-13
Eif2s3x,0.901314999240943,1.00061193538335e-14,1.92389502605164e-13
Cdkl3,0.774579639286962,1.04020861749066e-14,1.9980884055077599e-13
Prkcd,-0.904684627542403,1.07718131964949e-14,2.06710260216459e-13
Rpl5,0.57898094310867,1.0837755464464801e-14,2.07774355487184e-13
BC003331,0.636701191988907,1.09261926645617e-14,2.0906504302316899e-13
Il1rl2,-1.99173035698015,1.09246281947324e-14,2.0906504302316899e-13
Arrb2,-2.2824584835088,1.09453412077271e-14,2.09229283086707e-13
Srgap3,0.665558874273309,1.1206923400858901e-14,2.14023057888728e-13
Ybx3,-0.729088008551556,1.1576541672660901e-14,2.20868816267221e-13
Dzank1,1.34866785384249,1.22847046521884e-14,2.34154274236708e-13
Rgl2,-0.724276510748467,1.25219607600061e-14,2.3844702970304e-13
Oas1a,-2.43050262579211,1.3709227046445801e-14,2.60554253769495e-13
Shisa9,-5.13464472195135,1.37016574569119e-14,2.60554253769495e-13
Dmc1,3.18727795433518,1.40598007916322e-14,2.66960973036897e-13
Hmgcr,-0.50408390425923,1.4207324509149e-14,2.69503692125657e-13
1700017B05Rik,-0.675371943777171,1.4394055221413602e-14,2.7278456421519e-13
B630005N14Rik,0.689609120515225,1.44282706522448e-14,2.73171579347089e-13
Pfkfb3,-1.12489860873551,1.44699241862953e-14,2.73698546881941e-13
Impdh2,-0.692660898172554,1.4911311848555102e-14,2.8177826321448997e-13
Fam124a,1.3433283114279,1.60296326680385e-14,3.02622350198126e-13
Epdr1,0.722619397337915,1.68675868152644e-14,3.18138751704281e-13
Dffb,0.728632026902389,1.73465008737374e-14,3.2686023149714097e-13
Rbfox2,-0.688685342250178,1.78663409652638e-14,3.36335566992475e-13
P2rx7,-2.24122327038276,1.84304550906227e-14,3.46625577031996e-13
Gltscr1l,0.515747064105072,1.96133692269678e-14,3.68522926158321e-13
ENSMUSG00000074918,0.877036929265209,2.0448847212714e-14,3.83856843792026e-13
Ticam1,-0.612740396988398,2.07941116949012e-14,3.89968359854e-13
Ppp2r5c,-0.367756049691396,2.1896579113383102e-14,4.10255300625771e-13
Mycl,-1.32346089203196,2.20276566103782e-14,4.12321088385566e-13
Mamdc2,-1.30540533752455,2.25863994068555e-14,4.22380598539533e-13
Lrch1,1.32206604706574,2.31592037159926e-14,4.32683839991998e-13
Emc7,0.646483932927419,2.35532371187787e-14,4.39630827427233e-13
Mdh2,-0.453973243176733,2.3781622008935e-14,4.43475746012194e-13
Fhod1,-0.836036666538861,2.41702340625859e-14,4.5029850929016997e-13
Susd3,-5.15301382005423,2.42185302081462e-14,4.50774222032074e-13
Gm8206,-4.43642668176123,2.42855908593767e-14,4.51597973125911e-13
Pyroxd2,-2.22911021421919,2.44951955291654e-14,4.55068341706934e-13
Cnrip1,-1.02012201269101,2.4543835246958e-14,4.555446234590029e-13
Prrt1,2.77474237656543,2.4927138669816e-14,4.61905011961647e-13
Sgca,3.88950267297167,2.49331679351141e-14,4.61905011961647e-13
Iqsec2,-0.47666703834895,2.5547011612842902e-14,4.72834596243683e-13
Snhg12,1.50121597298852,2.5920169331821998e-14,4.79293215170311e-13
Hoxa4,-1.85958039348892,2.61255567217659e-14,4.82640415408444e-13
Lrpap1,0.562805097114043,2.6347265797471202e-14,4.86282620552767e-13
Shank1,2.5303321677696,2.69195250949267e-14,4.96382006499002e-13
5730596B20Rik,-2.01516189385131,2.93448050475668e-14,5.40599552708849e-13
Pou3f4,2.6595588225941,2.9652295022816e-14,5.45756552631829e-13
A530020G20Rik,-3.53002052600146,3.05928779237012e-14,5.62545361560798e-13
Tyms,-0.97555155162226,3.10629244249747e-14,5.70658771161594e-13
Tmem59,0.697347778565837,3.1468693583092804e-14,5.77577393623326e-13
Ppp1r9a,2.11152762725153,3.17014956879942e-14,5.8131150056022e-13
Bcar3,2.00488438618402,3.2585411899314997e-14,5.96967157496793e-13
Dcaf6,-0.402328208062411,3.29410369029382e-14,6.02924486899989e-13
Scrn1,0.612374894551648,3.29959799931869e-14,6.03372472562395e-13
Rbp4,3.72588778438816,3.32927006550391e-14,6.08236756247596e-13
Gne,0.428746955528255,3.44769855403934e-14,6.29292370176914e-13
Syncrip,-0.414085788247367,3.4859663770297304e-14,6.356913271703199e-13
Slc26a2,0.579887232582399,3.64677016051814e-14,6.64403277450794e-13
Tusc3,0.666924476922076,3.76017312610431e-14,6.84434453946413e-13
Letm1,0.487973469659298,3.83100455405356e-14,6.966869989759119e-13
A4galt,1.17402169457912,3.86568407980289e-14,7.0234869281116e-13
Nusap1,-2.58081776585424,4.19125376828292e-14,7.60802838011685e-13
Ifi204,-1.84789553717608,4.3118862647007805e-14,7.81983476063501e-13
Gnal,1.14690443449218,4.3170422364006505e-14,7.82202236502091e-13
BC028528,-2.45083698023046,4.4340715682817e-14,8.02672333987667e-13
Entpd2,1.82047007411484,4.59687029755173e-14,8.31382825321593e-13
Igf2bp1,-0.514981094605426,4.6706259707354404e-14,8.439514299675609e-13
Rnf13,0.787176575964296,4.6761379602725904e-14,8.44177175617487e-13
Alg10b,0.314228753509412,4.72797771653925e-14,8.51982444934881e-13
Ppap2b,-0.955710128520507,4.72473846404148e-14,8.51982444934881e-13
Arl13b,0.763758020030684,4.82836283813467e-14,8.69280887694719e-13
Sec62,0.772428234141205,4.87773508165942e-14,8.77372075905387e-13
Gtpbp8,0.88637058077582,4.96648379943019e-14,8.92524910743334e-13
Pkp2,-1.2790856461533,5.1256672198140605e-14,9.202965876808479e-13
Crym,3.51308949137421,5.16344935430205e-14,9.26240498302516e-13
Trappc2,0.720270624356498,5.1926024763756103e-14,9.30627144272784e-13
Hmgcs2,3.536237167513,5.2087600742271505e-14,9.32678883453838e-13
Slc25a48,2.21007854116162,5.30040539242098e-14,9.48231512118384e-13
Lpar2,-1.46977749290134,5.64070542397717e-14,1.00819973119534e-12
St3gal1,-0.879445053035251,5.75945549120482e-14,1.0284964521895399e-12
Ctsl,1.17930849007382,6.01180858817235e-14,1.07259330883032e-12
Cdk1,-1.53661092361179,6.08794094374013e-14,1.0851987619246599e-12
1700012B09Rik,5.42976539354854,6.09940480963144e-14,1.08626450404623e-12
Shf,-0.901112480791722,6.338244135492931e-14,1.12778604545644e-12
Masp1,2.7443956090625,6.34878165439416e-14,1.128646964844e-12
Npm3,-0.751752762815141,6.621725276280031e-14,1.17611342934036e-12
Cox6b2,1.78866422389635,6.98361710700881e-14,1.23927915042296e-12
Cdyl,0.628811924293505,7.08137578108806e-14,1.25550193347062e-12
Mdc1,-0.774274502728493,7.1651711155602e-14,1.26922226093519e-12
Aldh3b1,-1.46854690127457,7.26877881399589e-14,1.28642444711684e-12
Vav2,-1.09006069913102,7.45359308330815e-14,1.31795497698067e-12
Troap,-3.24270835033489,7.532243260132261e-14,1.33067391189705e-12
Hrasls,3.32925495936393,7.56693301330742e-14,1.33561088587826e-12
Fam64a,-3.49365929223457,7.80837004296328e-14,1.37699875628535e-12
Tgm2,-1.32671471665652,8.07142791362713e-14,1.42212240570704e-12
Nup210l,-1.39552652589141,8.13017332806693e-14,1.4311995785692199e-12
Mvd,-0.844502440718967,8.21092640682935e-14,1.4441313193680998e-12
Acbd5,0.73921393231832,8.273671382578851e-14,1.45387567045778e-12
Prtg,-1.70679211083299,8.908383764074781e-14,1.56402156084873e-12
Dpep2,-3.08635385235969,8.96748121114504e-14,1.57300263866711e-12
Uhrf1,-2.95783494303565,9.02500364108246e-14,1.5816917885663498e-12
Lypla1,0.464211661740106,9.09539890180791e-14,1.59261962733337e-12
B3gnt1,0.825582798074446,9.44344530291328e-14,1.6521023920396998e-12
Mfsd7a,-1.57553247242318,9.582020193393871e-14,1.67486608923188e-12
Ssr1,0.390197473322984,9.691270326493121e-14,1.69246840869374e-12
Tbx20,2.61004473137337,9.757792904658051e-14,1.70258441131144e-12
Hcfc1,-0.487377056431342,9.82014677894191e-14,1.7119558698077998e-12
Abcg4,1.78570902784006,1.00262445805204e-13,1.7463478247372499e-12
1700025G04Rik,-1.242501967014,1.01832675146815e-13,1.7721391024670699e-12
Cdh17,2.02750383848128,1.0406474287266299e-13,1.8093925968834198e-12
Akap9,0.354203520363934,1.08244240470393e-13,1.88041134936461e-12
Bach1,-0.575728471663357,1.08580384807063e-13,1.88459766934187e-12
Kcnab1,-2.24369285048535,1.12134154601903e-13,1.9445751293660998e-12
Rbm15,-0.678736184606656,1.1806137844799e-13,2.04557090007349e-12
Man2a2,-0.439686203981588,1.2118534045892499e-13,2.0978623098326497e-12
Scn1b,1.44989197456483,1.23591980916687e-13,2.13765553718259e-12
Angptl2,0.672397554106936,1.23700990839615e-13,2.13767401621966e-12
Fgd2,-4.65418773000039,1.29668753869071e-13,2.23884917316747e-12
ENSMUSG00000058736,2.08645636445077,1.30126718886515e-13,2.24479925159281e-12
Bsg,0.499829343858529,1.30697850456612e-13,2.25268949559857e-12
Stx1a,-1.24757936027897,1.3176327404159e-13,2.26907815575622e-12
Tmem167b,0.60367382393272,1.34740194252326e-13,2.31832737356478e-12
Mex3a,-0.777343255977921,1.36045306751351e-13,2.3387510893261698e-12
Vcpip1,0.573027885122075,1.3671823492925e-13,2.34828094062347e-12
Slc25a44,-0.517771455429602,1.42728998430644e-13,2.44939782055501e-12
ENSMUSG00000099297,-2.76324444367637,1.4303117093251599e-13,2.4524582763182097e-12
Wdr61,0.946882086657568,1.43871939235704e-13,2.46474038462273e-12
Eml4,-0.708253554805578,1.48285215871202e-13,2.53815074772108e-12
Il18rap,-1.95396291170208,1.53911581396038e-13,2.6321804472945996e-12
Ube2r2,0.824937146237478,1.54918986248443e-13,2.6471230402624297e-12
Smagp,-4.60381356596658,1.63528778227495e-13,2.79183096898044e-12
Eme1,-2.33877020369661,1.6413357464310998e-13,2.79974273232744e-12
Suv420h2,-0.924578319065605,1.67487423204567e-13,2.85449305434014e-12
Map1b,-1.51784298791957,1.75660097650926e-13,2.9912059964565298e-12
Ska3,-1.57465234516262,1.8243589214147799e-13,3.10391787626274e-12
Gm16529,-1.86123005396801,1.83091379477592e-13,3.11239629113668e-12
Stx2,-0.82688594959552,1.87616229705679e-13,3.1865795995637e-12
Klf9,1.24680411241055,1.9708560643322998e-13,3.34454442999458e-12
Calm1,-0.435447138891402,2.00449459231975e-13,3.39871668718324e-12
Casp9,-0.934298057572182,2.0206256136268498e-13,3.4231368393726397e-12
Atg4a,0.475960911471976,2.02872912690051e-13,3.4339274896698998e-12
Hcn1,3.22516323992326,2.0751394825584899e-13,3.50948439902547e-12
Dbf4,-0.927502972218076,2.10474731588215e-13,3.55652012318516e-12
Aebp2,0.593468405120053,2.1739232669321998e-13,3.67027931614026e-12
Ehmt1,-0.357011311191142,2.18573919812308e-13,3.68708510047952e-12
Ugcg,-0.817974281094159,2.20599110756995e-13,3.71808067185661e-12
Ttl,-0.759463444184447,2.30152212574796e-13,3.87579457298576e-12
Mlph,2.89646911453233,2.31786786414647e-13,3.90000468832258e-12
Elmod2,0.449387688671627,2.33628136939525e-13,3.92625979563689e-12
Snhg5,0.971747286523994,2.33743703244592e-13,3.92625979563689e-12
Slc38a2,-0.550220879438632,2.34934880817249e-13,3.94292405059729e-12
Ptbp3,-0.606520083330328,2.38771441255251e-13,4.00392008689161e-12
St3gal5,0.686747379196681,2.44802534676621e-13,4.101581553922e-12
Tnf,-1.63647525999505,2.50399929214787e-13,4.1918175808703696e-12
Cd22,-3.02094305061732,2.52280537620044e-13,4.2197329113406594e-12
Eif4ebp2,-0.572964833775222,2.52733381757178e-13,4.22373999351828e-12
Otub2,0.675672831500513,2.72743244275887e-13,4.5543062475882395e-12
Dtx4,-1.13825491385648,2.77018472706524e-13,4.6179072672390495e-12
Spc24,-2.00050411308561,2.76914087260677e-13,4.6179072672390495e-12
Hps3,0.539917531568272,2.8037082333615297e-13,4.66986020634918e-12
Ahi1,1.09030853030591,2.92403700954659e-13,4.86618730563535e-12
Csf3r,-3.02342145418691,2.98341473468077e-13,4.9608350466513795e-12
Piezo2,-2.93901793144068,3.04085558957061e-13,5.0521060483101e-12
Taf1b,0.801630340758737,3.17881262096535e-13,5.27688224187743e-12
Slc4a7,0.852085023837713,3.3203132993704996e-13,5.50715951262423e-12
Arfip1,0.555610882613048,3.42666174190402e-13,5.6787957436541696e-12
Capn6,1.94103681872331,3.58871585752656e-13,5.9423853547204e-12
A530064D06Rik,-4.53066190306518,3.62315417408632e-13,5.99439810055183e-12
Hid1,2.04874440456249,3.70232519564102e-13,6.1202711330947196e-12
Foxq1,4.14949733259053,3.76731715681758e-13,6.22251450989286e-12
Drp2,-1.37719903348141,3.80870103114641e-13,6.2856262684019595e-12
Acadsb,0.584730769820088,3.92455369691014e-13,6.47142892702818e-12
Sqrdl,1.15747396172189,3.9834561243918597e-13,6.56309193739238e-12
Aco1,-0.619635772426233,4.05481077265228e-13,6.67510162440613e-12
F3,-2.06134015077458,4.07729426435988e-13,6.7065395026065595e-12
Cdo1,1.9246740921033,4.26211911914436e-13,7.0047308743182496e-12
Hoxb7,-1.03794146080586,4.28033415807796e-13,7.0288339690361396e-12
Etnk1,0.617410146880766,4.34284198182654e-13,7.125571052866009e-12
Ccdc28a,0.657910945052923,4.38910056781263e-13,7.1955089110067396e-12
Tmem14c,-0.546937045243287,4.5325583897837597e-13,7.42454808530005e-12
Prkar2b,-1.54333054794987,4.59885755238539e-13,7.526923551028129e-12
Skp2,-1.35194948349861,5.04154817988512e-13,8.24465897229108e-12
Golga5,0.315040835670423,5.11081341598419e-13,8.35103538697614e-12
Fbln2,-3.01492431965019,5.3497802258276e-13,8.727104414521399e-12
Kcnk13,-2.83263051125616,5.34634522173694e-13,8.727104414521399e-12
Fbxl4,0.528003492297105,5.44508283632021e-13,8.875260945718969e-12
Hapln1,7.38465719287311,5.49722873453341e-13,8.95288798180095e-12
Celf1,-0.413496552758232,5.61777915859992e-13,9.14170077706761e-12
1110032A03Rik,1.13328970842919,5.805273993136049e-13,9.43905140887244e-12
Coro7,-0.561745541226739,5.93493866819361e-13,9.64196270589879e-12
Pagr1a,-0.601768979237377,6.017334169522319e-13,9.767810319116399e-12
ENSMUSG00000074749,0.855834060643505,6.095529715638239e-13,9.8866396796478e-12
Snx9,-0.61092988109228,6.13527476587418e-13,9.942960839883169e-12
Elmod1,3.01539210189633,6.150000388422949e-13,9.95867601736125e-12
Sdhaf1,0.648551022475967,6.21788464985807e-13,1.0060374804394499e-11
Gas7,-1.12135383188325,6.23921443004622e-13,1.00866451079702e-11
Rab17,3.97423543256025,6.28336292363775e-13,1.0149732409439e-11
Dpysl4,1.09928641334092,6.30056453251982e-13,1.0169224124044199e-11
Kank1,0.641577498651999,6.52633875778542e-13,1.0525049898956198e-11
Anxa8,2.33266465398315,6.62408406689755e-13,1.06739919333474e-11
Apln,3.09879503595206,6.89819315441391e-13,1.11066518073181e-11
Trip10,-0.796974868293686,7.00103601545505e-13,1.1263080199031001e-11
Esrrb,2.96939261901941,7.03060364895927e-13,1.1301467099349798e-11
Fbxo21,-0.482752806066448,7.23669707193503e-13,1.1614742312979898e-11
Ica1,0.938384261926046,7.237220770661099e-13,1.1614742312979898e-11
D330045A20Rik,-3.26813505224041,7.324418853371999e-13,1.17451652609052e-11
Zfp688,0.747360539237913,7.35255765000905e-13,1.1780748519480499e-11
4430402I18Rik,1.56140857704473,8.16844392530013e-13,1.3077434397465099e-11
Nrn1,2.21570697085219,8.213914762842499e-13,1.31396096900915e-11
Habp4,0.423719320458156,8.25533156549738e-13,1.31952047072728e-11
Gas5,0.911281956682126,8.31555020913776e-13,1.32807384146584e-11
Net1,1.28299957871876,8.669578606054349e-13,1.3834998768275598e-11
Sox5,1.62439544865112,8.68443725104514e-13,1.38475519581077e-11
Ndrg2,1.24842661468291,9.103153847663289e-13,1.4503528463324498e-11
Slc9a3r1,-0.768565864216094,9.25373153859641e-13,1.4731583552280002e-11
Tpm4,-1.19174454494009,9.42935048320951e-13,1.49991049774684e-11
Poglut1,0.695824983883295,9.60608966260693e-13,1.52679775022687e-11
Mgea5,0.327955838669968,9.76244717672898e-13,1.5504050031109898e-11
Gpr155,-2.02852049084047,1.01827620090946e-12,1.6158607277893397e-11
Dnajc6,3.11056756993128,1.02575063685543e-12,1.6264183836897398e-11
Pard3,-0.449571761825334,1.0321068769607599e-12,1.63518756730647e-11
Adamts6,-1.74380050044646,1.04748102556008e-12,1.65821856356449e-11
Fam132a,-0.777661545975354,1.05997471862555e-12,1.6766564958195198e-11
Nphp3,-0.642664551224163,1.06381910849147e-12,1.68139454306186e-11
Ripk3,-1.01849134944841,1.08092139959316e-12,1.70625412663194e-11
Rps18,-0.527626660803243,1.08127091947237e-12,1.70625412663194e-11
Gm8995,1.29575074446742,1.1197985269533598e-12,1.76564411049238e-11
Lin52,0.842781977989452,1.12937964467478e-12,1.77933448553217e-11
Pabpc4,-0.493632029623675,1.18366909860408e-12,1.86338496254016e-11
Chaf1a,-1.01185785737503,1.1960511093223699e-12,1.8813817449579197e-11
Ankrd33b,-3.3900203465599,1.2431690551431099e-12,1.95394602921064e-11
Kcnj2,-2.21786748316566,1.2752860392063299e-12,2.0028362189089797e-11
Klrg2,1.06526904189421,1.27932346997375e-12,2.0075849444817898e-11
Racgap1,-1.31416871211188,1.30354187858284e-12,2.0439701792125598e-11
Ube4a,0.340804111280989,1.3355905354082998e-12,2.09256605721725e-11
Ift88,0.528779151588126,1.34497422605519e-12,2.10560233777051e-11
Mtmr1,0.515701459644296,1.35369984658343e-12,2.1175886067723698e-11
Gabpa,0.337656751081423,1.3819078356805699e-12,2.1600081119035397e-11
Ccnb2,-3.75574151749187,1.38383777128891e-12,2.1613188661360797e-11
Lyrm1,1.10497549407428,1.40633517940284e-12,2.19472512946365e-11
Ccbe1,-2.1175758000943,1.44727655158088e-12,2.2568397501974498e-11
Tet3,-0.727342339949239,1.47557673425747e-12,2.2991598462025897e-11
Gata3,1.83281100367243,1.49142585057566e-12,2.32202810886796e-11
Polm,-0.693973563701015,1.4996456676095899e-12,2.33299157905266e-11
Vma21,1.12243376383358,1.50189294826874e-12,2.3346536850482e-11
Gys1,-0.620028462814475,1.5098909465234498e-12,2.3452455141137597e-11
Myh14,2.83995708677871,1.5176905841583399e-12,2.3555128784225598e-11
ENSMUSG00000028327,-1.9470399087739,1.52439006343272e-12,2.3640580122334798e-11
Alg12,0.612060353526734,1.53450644437537e-12,2.3778846341478798e-11
Kcna1,3.35904125105348,1.5485732365842698e-12,2.3978064407595697e-11
Kcnip3,-4.12760625514139,1.5542997235968299e-12,2.4047931036024796e-11
Gm2670,1.52836143477134,1.5989542922263499e-12,2.4719508823770897e-11
Oxr1,-0.547623741107367,1.63206359387629e-12,2.5211690649864298e-11
Fbxo28,0.671060451736521,1.6346376404823299e-12,2.5231772277562e-11
Sae1,-0.427709413896523,1.72977835300382e-12,2.6679540890099396e-11
Ebi3,-4.62149481552612,1.7687982748343998e-12,2.7260140883128797e-11
Mknk2,-0.947320041233806,1.80927592413672e-12,2.7862286470920397e-11
Lonp2,0.442895945780174,1.8140913892070998e-12,2.7914736497169696e-11
2900089D17Rik,-1.23440967236657,1.9198383923053098e-12,2.9519005839452095e-11
Lancl1,0.810787662534851,2.0815158543011997e-12,3.1980093078806096e-11
Mta1,-0.564327765591672,2.11195173127939e-12,3.24225520048505e-11
Pole,-2.13558495374412,2.18207322121307e-12,3.3473104626571294e-11
Obsl1,-0.618895907482694,2.2058163794697297e-12,3.38111358970732e-11
Gpr161,-1.05421128387218,2.2086099538494e-12,3.3827773802036695e-11
St8sia1,2.03998947115459,2.22431611129986e-12,3.4042006389631e-11
Pde3b,-2.97332429055348,2.24014858023701e-12,3.42578397552229e-11
Sh3pxd2b,-1.04771694226771,2.28096312205088e-12,3.48550877076355e-11
Tmsb10,-0.805763420279862,2.2867348548801898e-12,3.4916343150383396e-11
5430427O19Rik,-2.56017480132375,2.32627000109655e-12,3.54926433757443e-11
Cntfr,-1.36484052353446,2.34352081591956e-12,3.57283188902779e-11
Ticam2,-1.72966173610789,2.35545061729355e-12,3.5882572326831896e-11
Rassf9,2.68681487404088,2.37309525231552e-12,3.61235806124955e-11
Gm3435,1.40894138298881,2.41844002300629e-12,3.67855500887991e-11
Kif2c,-2.99732634447663,2.49828317148871e-12,3.7970836475949595e-11
Exoc3l2,1.89579547561645,2.5210221695423998e-12,3.8287057550320294e-11
Mcm10,-2.53276774665342,2.5250322153113097e-12,3.83185731739657e-11
Dnah8,3.41716207649943,2.53994707676149e-12,3.8515399623418595e-11
Psmb8,-1.75255705191241,2.5513112950790996e-12,3.86581246271971e-11
Trank1,2.68253327000882,2.66193134522928e-12,4.030343146859379e-11
Stard13,0.832611883384334,2.66809432098348e-12,4.03658823015713e-11
Top2a,-2.88865422179946,2.68813866566772e-12,4.0638090179300494e-11
Rnf19a,0.597095862150273,2.73687437905383e-12,4.1343295349185395e-11
Grm4,3.1655714715228,2.7704183957255697e-12,4.1818114259869796e-11
Abcg3,-3.11010599098503,2.83623737645126e-12,4.2779013711531495e-11
Ing5,-0.649828856011177,2.92294357274982e-12,4.40197524826901e-11
Tbc1d2b,-1.51054405862123,2.92146686996151e-12,4.40197524826901e-11
Pbk,-2.60794254283654,2.93414074970354e-12,4.4154805020614593e-11
Ralb,-0.770613344982577,2.99220342468787e-12,4.4994378604797595e-11
Dgkz,-0.804804488263112,3.0470050456930797e-12,4.57735225254103e-11
Kpnb1,-0.622920282397982,3.04864048732661e-12,4.57735225254103e-11
Elk3,-0.450795919095023,3.06546609092346e-12,4.59912806550365e-11
Stac2,-1.39369434058071,3.14794162270756e-12,4.71929113520822e-11
Bend4,-1.57296540513401,3.21538391276391e-12,4.81675211863665e-11
Dync2li1,1.24283655818366,3.3016344254774998e-12,4.94221981573367e-11
Polk,0.625413880657124,3.3146716956790397e-12,4.954245906507749e-11
Soat1,-1.09659178532456,3.31229906878818e-12,4.954245906507749e-11
Cdca3,-2.01749850671648,3.3400824028054297e-12,4.9884609279908495e-11
Matn2,-1.18078625389651,3.4077980739309597e-12,5.0857598384422595e-11
Nipal3,1.04030735068427,3.43690063271126e-12,5.1253298290823696e-11
Olfr1314,1.79179341607401,3.48139364887411e-12,5.1877742529949494e-11
ENSMUSG00000056445,-1.76610729804846,3.5954755452489397e-12,5.3537441878278195e-11
Atg3,0.502256800612767,3.68660046987294e-12,5.485306965091189e-11
Atp5b,-0.35116147039618,3.7609135580345095e-12,5.59167658433299e-11
Gyg,0.790286062763382,3.90637278604756e-12,5.8035863957153696e-11
Irf7,-1.28593040868157,3.95611387159555e-12,5.87307939378398e-11
Galnt3,2.77782532625633,3.99357560252444e-12,5.92425252677108e-11
Pbx2,-0.510100040919168,3.99722399949271e-12,5.92522635373905e-11
Glb1l2,2.45504431254126,4.05438530208466e-12,6.00546346465854e-11
S1pr1,-1.7429950392468,4.1659463134976694e-12,6.1660987139393e-11
Il13ra2,2.60170433822161,4.1825930387209396e-12,6.18611445398278e-11
Tmed1,-0.504381882266112,4.19336900212676e-12,6.19742385956107e-11
Golgb1,0.424923312778414,4.28766280015774e-12,6.328534132670549e-11
Gbp8,-5.38136724536257,4.288473442761e-12,6.328534132670549e-11
Nat10,-0.443284150649556,4.34557215849655e-12,6.408020180704819e-11
Mpv17l,1.20310041555191,4.3793710699115e-12,6.448257596173029e-11
Parp3,-0.60407262600967,4.3792062630431294e-12,6.448257596173029e-11
Fignl1,-1.95716005865775,4.3996315977515894e-12,6.4732766836458e-11
Zfp536,4.16289537169848,4.47621022031688e-12,6.58105918360471e-11
Dnajc18,0.443377542968365,4.56247865545277e-12,6.702917454939669e-11
Sepw1,0.759138380283457,4.63250231808436e-12,6.79570932646983e-11
Yif1a,0.557382754372457,4.63094285855579e-12,6.79570932646983e-11
Setd1a,-0.533176768840696,4.6461383977978e-12,6.810668011101969e-11
Gab1,0.570503994805254,4.68273006637917e-12,6.8580459677399e-11
Rpl8,-0.64088143405699,4.6853848688911795e-12,6.8580459677399e-11
D8Ertd82e,-1.01094575299229,4.73733997405468e-12,6.928971997502139e-11
Gnptg,0.913041072779292,4.95509259376598e-12,7.24211466619495e-11
Prr11,-2.24465331919443,4.97941933097141e-12,7.272302391634059e-11
Pfn4,1.41727968113783,4.989402515046699e-12,7.28151270508363e-11
A2m,4.02913938532051,5.18841829424985e-12,7.566379668580559e-11
Cdca7l,-1.43969190679561,5.20341286452435e-12,7.582662867479049e-11
Auts2,-0.817852788240525,5.31092991378716e-12,7.733651177400069e-11
Fmnl2,1.04682360545955,5.35056391612826e-12,7.78564054335078e-11
Rnaset2b,0.8041780861914,5.71097247041394e-12,8.303972012046819e-11
Nrip1,0.491144589833197,5.75196406501296e-12,8.357439203486189e-11
Cenph,-1.61298771993843,5.85702839294282e-12,8.50385559339e-11
Ube2m,-0.479768854229429,6.23746912472116e-12,9.049585241463579e-11
Ect2,-2.00801818317131,6.24973028857355e-12,9.060736356874859e-11
Heatr5a,-0.500853561458092,6.623874264335599e-12,9.596137961294969e-11
Etfb,-0.779417832635478,6.83756769808682e-12,9.89847885182101e-11
Abi3,-2.98146521423987,6.90530747599275e-12,9.989240997411279e-11
Cd59b,1.07475595857151,6.9644026872927695e-12,1.00673745123464e-10
Rab39b,2.12950931452519,7.03401202746481e-12,1.01605816332541e-10
Patl1,-0.484752306694212,7.08765360902163e-12,1.02306043785032e-10
Hmmr,-2.24743127736402,7.14058381397487e-12,1.02994990423859e-10
Kank4,2.76334981914676,7.38730996432279e-12,1.06476191072379e-10
Mgam,-1.56588475897125,7.47458725654823e-12,1.07655800748132e-10
Slc24a2,2.69985844121552,7.625815568691739e-12,1.09689691037548e-10
Tcof1,-0.561653079685709,7.62687863859339e-12,1.09689691037548e-10
Hoxb4,-1.3707327899808,7.88403875346796e-12,1.13305880604992e-10
Fam20b,0.305139260074015,7.94215508470535e-12,1.14058331615304e-10
Stat2,-0.518140636943543,8.111797554716219e-12,1.16410173024348e-10
Trim30a,-1.37103811075134,8.237245677367109e-12,1.18124846773771e-10
Evc,-0.447907304603014,8.451158293518549e-12,1.21104731436209e-10
Tifab,-4.76089822406884,8.730552532646149e-12,1.25017977119685e-10
Zfp287,0.656264254288231,9.26030745273877e-12,1.32508041036155e-10
Rnf20,0.32526297338739,9.37305766255493e-12,1.34024573248547e-10
Dtl,-2.16451069677559,9.690048903625489e-12,1.38457235560894e-10
Rnf145,-0.427991041370364,9.830274837702749e-12,1.40359598331554e-10
Ccdc120,-1.30316391594588,9.875641056277309e-12,1.40905760431207e-10
Fgf9,1.78106390145186,9.90611631048966e-12,1.4123882463134401e-10
Sybu,2.53693303595949,1.00197483322605e-11,1.42756184152581e-10
Xkr4,2.28762640407884,1.0039999882076799e-11,1.42941881858122e-10
Emcn,-3.19115325977138,1.01064185277654e-11,1.43784132560249e-10
Slc5a7,1.06277474761486,1.0206399776879e-11,1.45102326763324e-10
Usp53,0.570030361333066,1.0261951966791199e-11,1.45787443866809e-10
Ldhd,1.42541715546405,1.0403757544741599e-11,1.47696067681765e-10
Dcakd,-0.557316350635974,1.0462945162775899e-11,1.48429918340697e-10
Ttll4,-0.71471505419649,1.07958887836533e-11,1.53043508569413e-10
Golm1,-1.25213965860626,1.1306348324765698e-11,1.60120280456032e-10
Jmy,0.487806783936892,1.1311264005149899e-11,1.60120280456032e-10
Gp1ba,1.27551014076694,1.1792932334772799e-11,1.66819451398458e-10
Ddx50,0.688591735093029,1.18126228928359e-11,1.6697871789416301e-10
Bcl2a1d,-4.52383427535654,1.18373023717855e-11,1.67208228367219e-10
Lmo1,2.80148380148207,1.19013821455654e-11,1.67993565225073e-10
Gna12,-0.793558267173263,1.1995884727208799e-11,1.69206909642196e-10
Llph,0.671265629541709,1.2502528862615798e-11,1.76227816082023e-10
Fbxo32,1.68461908751014,1.2637756001015099e-11,1.7800719761316e-10
Cxxc5,1.17171691132459,1.2812280491087898e-11,1.80337173308817e-10
Cytip,2.46228187130628,1.3040165717051099e-11,1.8340606111861e-10
Pou2f2,-3.99984962051216,1.3048835594633399e-11,1.8340606111861e-10
Slc8a3,1.47297087143483,1.3139884264996198e-11,1.84554799988642e-10
Ces2g,1.25972897024151,1.3165504492418698e-11,1.84783593882254e-10
Mmp28,1.14884048667896,1.3274773399510098e-11,1.86185277906443e-10
Ccdc90b,1.03513313885753,1.33254758978792e-11,1.86764136363482e-10
Sytl5,-1.84838370434383,1.3376890269967398e-11,1.8735214632704e-10
Fbxo17,-0.864246426679142,1.3868713744505e-11,1.94103185156308e-10
Spry4,0.904758267415895,1.3963452743139098e-11,1.95291114495146e-10
Fus,-0.504610397878922,1.4110309787424898e-11,1.97205769252055e-10
Bpgm,1.44426236285173,1.4233904508327598e-11,1.98792838422369e-10
Gpr37,5.22776065094976,1.44999189076435e-11,2.02365323500333e-10
Tspan4,-0.673585530949559,1.4618327185786398e-11,2.03874191258671e-10
Rnf19b,-0.797137723040908,1.48875331164986e-11,2.07482551610935e-10
Slc44a2,-0.494377151839051,1.4912582224128097e-11,2.07685498148125e-10
Kif23,-2.47503491775056,1.4999745091852298e-11,2.08752601404809e-10
Prcp,-1.08147104353683,1.53569711858714e-11,2.1357405713834001e-10
Akr1b7,2.88519732029854,1.5603445893002797e-11,2.16849573659669e-10
1810021B22Rik,1.0283802329409,1.64392798036825e-11,2.2830539777849101e-10
Scube3,2.67483204247048,1.64877351651965e-11,2.28817874710267e-10
Nme2,-1.77462612584123,1.6519832336612298e-11,2.29102772825119e-10
1700003E16Rik,1.41888089580662,1.66125986037731e-11,2.30228063505334e-10
Slc22a21,0.75965987587125,1.6641179717601e-11,2.30462883305853e-10
Pnpla7,-0.412135196996008,1.69893779964979e-11,2.3512064419472e-10
Rer1,0.3527171584861,1.7519864557925297e-11,2.42292875492426e-10
Tmed7,0.659833643290641,1.7557971492287498e-11,2.42650430867593e-10
Eid2b,0.789852348831728,1.7762174831000397e-11,2.4530133218489e-10
Fam83g,1.78691302464318,1.8279501751991197e-11,2.52269862506226e-10
Apbb1ip,-1.3802944218225,1.8306281149505297e-11,2.52463504098053e-10
Mum1,-0.713866174439556,1.86434648725898e-11,2.56934710046464e-10
Lats1,0.365131370857797,1.87360018113118e-11,2.58030444973031e-10
Clec16a,0.454100409796075,1.9415941180326e-11,2.67208685986919e-10
Cdc25c,-2.86455053937604,1.97637209376796e-11,2.71806062117922e-10
2310030G06Rik,2.31744968136698,1.97784340214357e-11,2.71819644247407e-10
Rmdn1,0.612435223708094,2.0890453745806298e-11,2.86903291249617e-10
Fam168b,-0.513125690113061,2.1917684297015298e-11,3.00802369936307e-10
Afg3l1,-0.335357758747191,2.2337482463020798e-11,3.06351456161817e-10
Osbpl8,-0.639185386260981,2.2603634901983498e-11,3.0978711806151e-10
S100a7a,1.6691888607975,2.3185737269140797e-11,3.17545187329229e-10
Hoxb6,-1.53052018129198,2.3521619691481298e-11,3.21922706544641e-10
Ahcy,-0.561220392399575,2.39217836409914e-11,3.2717334476947e-10
Grasp,-0.960914205647052,2.42484244581723e-11,3.31411868854137e-10
Rarb,2.09974529226059,2.4671345423986197e-11,3.3695953432870503e-10
Aldh1a3,-1.27853868353658,2.5037078587131598e-11,3.4171902435531004e-10
Tacc3,-1.40888164268785,2.5213271468010497e-11,3.43886796248264e-10
Map7,1.71904880483349,2.5420756728324398e-11,3.46478091017024e-10
Wnt10b,2.01912576093827,2.5720803584256896e-11,3.50326543454349e-10
Zfp609,-0.471352428130711,2.6223891363919e-11,3.56933295237836e-10
Rinl,-1.40807958051925,2.68980021880927e-11,3.65857167124305e-10
Slc9a6,0.795952807298704,2.7320779457003397e-11,3.7135258501475303e-10
Aga,0.582109295685234,2.7608375874181698e-11,3.75004304398007e-10
Fbxl20,0.31109080442596,2.8041132462506897e-11,3.80621375796769e-10
Rps6ka2,-1.6015463306311,2.8127854608998e-11,3.815370086826e-10
Glipr2,-2.29782545675595,2.8209862929806197e-11,3.82387491760357e-10
Kif11,-2.45702230521862,2.8304018015836096e-11,3.83401349374568e-10
Pld2,-1.27648260022698,2.8679175929726497e-11,3.88217635073345e-10
Rbmx,-0.782933744125377,2.8792075075288e-11,3.89479682234292e-10
Aox1,0.573576802221924,2.9292968518789596e-11,3.95984947813044e-10
Dlk1,-1.803698348228,2.94893901872733e-11,3.98368269623983e-10
Gxylt1,-0.927281916817384,2.9819047073888095e-11,4.0254697222309403e-10
Gm14002,-3.23133091243266,3.09513587306096e-11,4.17263926685495e-10
Hic2,-0.959230818584144,3.09398148736976e-11,4.17263926685495e-10
Flrt1,2.05187242041178,3.24841827235684e-11,4.37630445345271e-10
Rest,0.484970546268668,3.27230261201511e-11,4.4054847673927403e-10
Plekha1,0.372271698392818,3.2999067758746894e-11,4.43963001286836e-10
Mtus2,1.15555211869147,3.3199626796397897e-11,4.46358050968e-10
Sema4f,2.03597276839023,3.36595671138247e-11,4.52234780951279e-10
Aurkb,-2.36186762475813,3.4679892673542896e-11,4.65627521699555e-10
Cyp2d22,-2.34767036870287,3.48600081278823e-11,4.67728726940772e-10
Creb3,0.45911236215603,3.5393303801041796e-11,4.74562619144097e-10
Efna5,1.33837491819717,3.60486540534309e-11,4.83022696125944e-10
Dvl2,-0.671345214928948,3.60973622187498e-11,4.83254654168784e-10
Plb1,3.24115784148321,3.6114769146122e-11,4.83254654168784e-10
Plp1,4.18534818021099,3.6232258548810495e-11,4.84499424916032e-10
Eaf2,1.09104593226445,3.6672748500600896e-11,4.90058779558636e-10
Pole2,-1.99698258048037,3.74518313226334e-11,5.00132210056259e-10
2810417H13Rik,-2.91780109974808,3.77632241547965e-11,5.039507352840901e-10
Kif14,-2.64184013557569,3.7851045221769493e-11,5.04782558634292e-10
Bdh1,-1.55425935502282,3.83548312348793e-11,5.11156849108714e-10
Tm9sf2,0.628216747874311,3.8829487992153395e-11,5.17134620172567e-10
Letm2,0.933026820717741,3.90868783070959e-11,5.20212727146322e-10
Msn,-0.601782217982497,3.937328070858e-11,5.23342675550428e-10
Ube2t,-1.57638868817812,3.9374903381647003e-11,5.23342675550428e-10
Insc,3.66331764529181,3.94307370355209e-11,5.23733277163954e-10
Tshr,1.52458852398254,4.04852175285003e-11,5.37378852502962e-10
Tnfsf15,3.49582248455159,4.1639365066458495e-11,5.5232818873151e-10
Dpy19l1,-0.371787989203723,4.26608223202747e-11,5.654986112655421e-10
Aldh6a1,0.785394738192072,4.30926588634385e-11,5.708408134659101e-10
Tpx2,-1.19430424277945,4.38626999338318e-11,5.80653014364709e-10
Yipf4,0.805823322451964,4.4056729288717395e-11,5.828319751728521e-10
Agtpbp1,0.564093754235963,4.5026585654779796e-11,5.95264687788558e-10
Tarbp2,-0.467642902322539,4.55125017474501e-11,6.01287247902937e-10
Slc16a10,-0.888708460682709,4.6052991813614295e-11,6.08022299917879e-10
D930015E06Rik,-0.687823943315149,4.63242144511211e-11,6.11195698194538e-10
Rhpn2,1.57355862650756,4.8126266116297596e-11,6.34548984132595e-10
Slc4a8,1.40645047328072,4.829863056642879e-11,6.36397923977083e-10
Celf5,1.08492330304296,4.8687694608374896e-11,6.410978085267661e-10
Serp2,1.43991215941251,4.88231418491242e-11,6.4245415360801e-10
Gcat,-0.830536318923606,4.96949258643559e-11,6.53491574912154e-10
Arhgdia,-0.58200888982909,5.1038534002761e-11,6.707147494297801e-10
Emc3,0.358339343626566,5.14383752182117e-11,6.7552094351556e-10
Lin7a,4.04495438260041,5.26415702946258e-11,6.90863921878574e-10
Eif4b,-0.32398015049214,5.35186063502581e-11,7.019089272586171e-10
Baz2a,-0.471687187485868,5.39490642811024e-11,7.07086213780908e-10
Plod1,-0.382693413821158,5.6650177681601896e-11,7.41997433073045e-10
Ptgir,-1.54785844952928,5.7007019048377e-11,7.46177795924691e-10
Pik3r6,-3.53090812066518,5.7194508477779796e-11,7.481374147252e-10
Sh3tc1,-1.63542702335127,5.7237552906715395e-11,7.48206269151546e-10
Ehd3,0.528249978070349,5.7516367032427e-11,7.51354968806191e-10
Angel2,0.332961843921115,5.778888571567469e-11,7.5441733204563e-10
Golga3,0.242982296328868,5.859303796430979e-11,7.64411412282735e-10
Il16,1.67941348015597,6.25741781053141e-11,8.15812391835182e-10
Dock1,-0.936747685244195,6.2855834976885e-11,8.18945365711993e-10
Svil,-0.912705879453142,6.296663228314839e-11,8.19849563271184e-10
Tmod3,0.460493349223681,6.36831708469283e-11,8.28634372833487e-10
Sult4a1,1.15179818887777,6.378441421202049e-11,8.29406788611198e-10
Ggh,1.51249183540894,6.41046800203235e-11,8.33024332757538e-10
Sspn,0.609490853521824,6.51405866419347e-11,8.45930608430738e-10
Gm2897,-2.76066512507916,6.61848419225338e-11,8.58928315487457e-10
Tcf7l1,-0.723639197887636,6.668188217170409e-11,8.64812046187575e-10
Fam81a,1.51375608893657,6.92235208998402e-11,8.97187570615469e-10
Itih5,3.37085407623269,6.982137436082309e-11,9.043443412961021e-10
Rps6ka4,-0.749152087703859,7.07514621300864e-11,9.15792128120412e-10
Tcaim,0.82701121771094,7.37399308321853e-11,9.538508100591751e-10
Pla2g12a,0.866722798648479,7.399390512140109e-11,9.56511290485788e-10
Cdkn1a,0.52943600827102,7.446703528782259e-11,9.61999456516659e-10
ENSMUSG00000085894,-1.79717649212866,7.4615629624681e-11,9.63290696927759e-10
ENSMUSG00000070354,-3.907358743171,7.593651023729979e-11,9.79704657159274e-10
Stmn1,-1.50835986639598,7.824969802780469e-11,1.0088912888949502e-09
Chml,-0.887182807305001,7.95346407408798e-11,1.0247911680106602e-09
Ms4a6b,-3.5671953544047,8.029501236645219e-11,1.0339157509136702e-09
Aifm1,-0.418848986735616,8.116670364336259e-11,1.04446094798775e-09
Trim14,-2.65826642712518,8.288741179356829e-11,1.0659105864674202e-09
Trabd2b,2.10038467654367,8.385365379098059e-11,1.07763644365774e-09
Tspyl1,0.337282272757668,8.443454439291919e-11,1.08439800075056e-09
Mmp14,-1.13320177378101,8.813870457006219e-11,1.13123713888886e-09
Nnmt,-1.20624598464243,8.8302513144379e-11,1.13260555071974e-09
Efcab2,1.3024097053483,9.06152924107775e-11,1.16151796174954e-09
Zfp280b,-0.444370145495285,9.233801717153149e-11,1.1828344709346802e-09
Prrg4,0.615837241225104,9.250996834525549e-11,1.1842711138393301e-09
Stau2,0.721693001215546,9.303457028274679e-11,1.19021746116248e-09
Lasp1,-1.20722700749839,9.348923882795269e-11,1.19526203082555e-09
Mrps6,-1.27898467536178,9.421877735033959e-11,1.2038120429975e-09
Pnma2,-2.54169958147671,9.57228642052089e-11,1.2222408786073202e-09
Cc2d1b,-0.343450629858995,9.607854801759669e-11,1.2259919877193801e-09
Slc24a5,-1.39477687984167,9.80165798692573e-11,1.2499165149586402e-09
Dcp1b,0.866916154074155,9.883373055834409e-11,1.25952586871136e-09
5830432E09Rik,-2.73620057446967,9.997458450786509e-11,1.2732454479702602e-09
ENSMUSG00000095134,-3.77379312584029,1.05313236776717e-10,1.3403748978959502e-09
Akt3,0.981630938564555,1.0772678942206701e-10,1.36933333614545e-09
Ubxn4,0.367986159959287,1.07721218555521e-10,1.36933333614545e-09
Des,3.26915953831283,1.08492998571783e-10,1.3781881614596502e-09
Tep1,-0.823968204336957,1.09405892269963e-10,1.38889377597073e-09
Lpar5,-2.74350499728732,1.10875472621359e-10,1.4066482125518201e-09
Frmd4a,-1.13934210465911,1.13786392915814e-10,1.4426541135113801e-09
Arhgap17,-0.410828349158134,1.14258649154588e-10,1.44771483548142e-09
3110002H16Rik,-0.421672544431373,1.15362295187143e-10,1.4607639986484601e-09
Cndp2,-1.33269969522238,1.15591274144511e-10,1.4627281745417901e-09
Lyrm2,0.953713455862139,1.17987777479042e-10,1.49210085900061e-09
Ezh2,-1.00395231174818,1.24940286374319e-10,1.57901559116593e-09
Tgfbr3,-1.61320896755858,1.26200363101852e-10,1.59392346356447e-09
Serpinf1,-0.901629937880091,1.27132111257959e-10,1.6046681525510602e-09
Nes,1.36710741848791,1.3020209211794501e-10,1.64237084860113e-09
Cxxc4,1.96906407229088,1.35272840232091e-10,1.70416242236407e-09
Prmt1,-0.66966825632218,1.35211751484213e-10,1.70416242236407e-09
Xdh,-2.16279726821349,1.36748193602015e-10,1.7216536720243502e-09
Foxm1,-1.9451442735402,1.3785719146467002e-10,1.73451322729754e-09
Igf2bp3,-1.3062144885434,1.38397552161854e-10,1.7402064273100702e-09
Cnga3,2.29358756259403,1.40676637738071e-10,1.7677412016273802e-09
Il7,1.93260909486515,1.41406602605338e-10,1.7757871642334302e-09
Nat6,0.990410868169165,1.42872839556781e-10,1.7930631904832e-09
Mapk11,-1.50423917360779,1.43102135211835e-10,1.7948034741831402e-09
Plekhg3,-1.29240428759319,1.43476055745099e-10,1.7983543088455301e-09
Sgol2,-1.51561866258979,1.44039522921859e-10,1.8042749601167e-09
Cenpm,-2.19313854107417,1.47819711226577e-10,1.8504561069096901e-09
Sh3glb1,-0.42379141451402,1.50149139674619e-10,1.8784292875023e-09
Ttc9,1.74759538080798,1.50435284103514e-10,1.880820938375e-09
Tnfrsf11b,2.9543844442686,1.53784999735034e-10,1.9214877821783e-09
Slc35f3,3.61268934532924,1.53982140111553e-10,1.9227378958191704e-09
Hnrnpm,-0.510178536452989,1.57339762357639e-10,1.9634257427414603e-09
Cldn15,-2.54524441406659,1.5836554737974002e-10,1.97498192714633e-09
ENSMUSG00000057110,-0.50686641687126,1.64054594614536e-10,2.04440462588572e-09
Fam135a,0.751873815450969,1.64138727285311e-10,2.04440462588572e-09
Plekho2,-0.995614382841534,1.67934271186445e-10,2.0903647432912303e-09
Tmem121,-4.04372561218054,1.69044316526287e-10,2.1028603294513703e-09
Gch1,1.37658624746229,1.69947390922145e-10,2.11276718758454e-09
Stil,-1.77046112760507,1.7312642067252002e-10,2.15093829046336e-09
Nr4a2,1.14846940716034,1.75185131945597e-10,2.17515131852702e-09
Dhrs4,-0.851333575031543,1.82251388238066e-10,2.26147023350041e-09
Cenpf,-2.39804846469763,1.8819772421663101e-10,2.3337931937296e-09
Tfe3,-0.57813337899595,1.92726964848961e-10,2.3884635869016402e-09
Psrc1,0.460139151434255,1.93811106056629e-10,2.4003972134743504e-09
Mex3d,-1.32991842938048,1.99553842247573e-10,2.46997768241934e-09
Cx3cr1,-3.18452780854928,2.00664044219773e-10,2.48216785242247e-09
Atat1,-0.510243942217164,2.0178478622821002e-10,2.49447310016447e-09
Lrrn4cl,-1.11113373580988,2.023758397534e-10,2.50021904583677e-09
Zfp874a,1.06076378217814,2.03681991540616e-10,2.5147868830862604e-09
Irak2,-0.646626649649256,2.17656521491481e-10,2.68565093558709e-09
Tufm,-0.370067873681356,2.1798951349385002e-10,2.68808488495156e-09
P2rx4,-0.700075567463529,2.24163877814773e-10,2.7625024494360703e-09
Atl1,0.591143985005049,2.24628355402253e-10,2.7665049442700403e-09
Slc25a23,0.866138722893936,2.24777541516462e-10,2.7666217726488502e-09
Nostrin,-1.9437077922191,2.28257327425308e-10,2.8077069020688104e-09
Polr3g,-0.945308543351067,2.2898443554473002e-10,2.8149023969756802e-09
A630033H20Rik,0.636246129541779,2.29752670432147e-10,2.82259422161182e-09
Kcna2,4.11016071164828,2.3380097441813103e-10,2.8705483554722e-09
Gm4070,1.10109074137387,2.34105659594923e-10,2.8725083535426602e-09
Ninj1,0.635322839629941,2.41550637006264e-10,2.9620240342241802e-09
Cadm2,3.29740489628236,2.42435223717597e-10,2.97103166491541e-09
Cmpk1,0.484834177055791,2.52306524979079e-10,3.0900917876844104e-09
Eif2ak4,-0.538562664908285,2.5379644342413e-10,3.1064182729119103e-09
Acap3,-0.718124664248547,2.5427363064749303e-10,3.11033661602406e-09
Cdkn3,-2.2888393327752,2.54700228588014e-10,3.11363168330681e-09
Ptpn18,-3.40841372682779,2.5699337575793003e-10,3.13972659685999e-09
Cdca7,-1.51139028804952,2.58773424571725e-10,3.15952459939484e-09
Rnf103,0.630928280359228,2.59695206819507e-10,3.1688255550545404e-09
Ankrd42,0.640929600511095,2.66668609250752e-10,3.2519120305430304e-09
Crip2,0.74748427135086,2.6745092813173e-10,3.25944503428972e-09
Tnpo1,-0.217655717995928,2.78043907897638e-10,3.3864585190681603e-09
Aig1,1.03518678531829,2.81503349271402e-10,3.42648575843322e-09
Casp2,-0.540738057657328,2.81928560543572e-10,3.42955357064183e-09
Usp25,-0.481468975865361,2.8531501308945e-10,3.46861787552085e-09
Il33,1.72835919115261,2.86133133966966e-10,3.4764298067986505e-09
Dnaja4,0.890130121808566,2.9325009972196803e-10,3.56071427032118e-09
Tk1,-1.96035967772791,2.97759434297962e-10,3.61325235100297e-09
Tmem9,0.524476571536517,3.0668530263867e-10,3.7192870382463104e-09
Bbs5,0.61874510406342,3.12446248556853e-10,3.786833235263111e-09
Plekhf1,-0.884661785420365,3.12844679528174e-10,3.78934313967948e-09
Pim1,-0.665395615350145,3.17682145208526e-10,3.8455850878420806e-09
Wdr45,0.441754871930425,3.1893241407963e-10,3.8583613490733e-09
Plxnc1,-3.13235666828972,3.22608462476416e-10,3.9001805249484404e-09
Rbm24,2.12683899562243,3.22783068086775e-10,3.9001805249484404e-09
B4galt7,-0.741876285735485,3.23531841817898e-10,3.90684426546442e-09
Mbd3,-0.575832295628293,3.25383707325864e-10,3.926812272932e-09
Stc2,1.74007768324788,3.38993932467524e-10,4.08608389445334e-09
Rad51,-1.67509499241785,3.3898168748092503e-10,4.08608389445334e-09
Cad,-0.530828514969326,3.4582474674645403e-10,4.16588399304548e-09
Eps15l1,-0.365826165486776,3.5299341554770203e-10,4.24965446900102e-09
Rnpc3,0.617278126237419,3.56002833085342e-10,4.2832807450924106e-09
Reps2,-1.61728762014433,3.64710715850837e-10,4.38538616679416e-09
Cpne1,-0.928725001495995,3.6575226899735203e-10,4.3952414655482806e-09
Pramef12,3.40582729902698,3.7547689946502303e-10,4.50936598969395e-09
Fbxo5,-1.71139912408927,3.76607707776286e-10,4.52020548169792e-09
Maneal,1.57566092651257,3.82862108641693e-10,4.5924901269170806e-09
Gstt2,1.23716709930287,3.87910913950191e-10,4.65023470936416e-09
Cd82,0.502276788723319,3.97463337500136e-10,4.76186565992299e-09
Abca8b,1.16849598944104,4.03451308214611e-10,4.83068301564822e-09
Ttc39b,0.464179395854986,4.04736823295524e-10,4.8431468571266205e-09
Cacnb1,0.747314507536118,4.05757538411371e-10,4.8524289195041e-09
Ces1d,6.47587281493171,4.06557426762612e-10,4.85906051877295e-09
Nwd1,1.63762958675257,4.08997099940789e-10,4.885270547181771e-09
Mageh1,0.593993992478677,4.30819047649058e-10,5.1428212294406e-09
Gm5428,-6.00577726119972,4.32746533555661e-10,5.16271828345561e-09
Gm14461,-2.23469196954074,4.35432548394892e-10,5.191635272975581e-09
Helz2,-0.939939581734931,4.3786044052202006e-10,5.21744173531774e-09
Akap12,-1.39216729362467,4.4531375095634403e-10,5.299875915828991e-09
Tspo,-0.646325046158955,4.4531370034055003e-10,5.299875915828991e-09
Timeless,-1.39547778142656,4.56887746249916e-10,5.43435731335335e-09
Fanci,-1.97494575958549,4.59861874819752e-10,5.46644932108666e-09
Xylt1,-1.42199132824916,4.66299480108186e-10,5.53964901263499e-09
Mapre3,0.71621470441087,4.70860966146555e-10,5.59048595537552e-09
Rangap1,-0.421013379050893,4.74849689114643e-10,5.63446569396428e-09
ENSMUSG00000097695,0.368269244988489,4.76640806249741e-10,5.652332052077771e-09
Ppm1m,-0.531929359859189,4.88561930292517e-10,5.79023367295811e-09
Gvin1,0.733642643683169,4.90658894073418e-10,5.81160809702749e-09
Tmem9b,0.643012093899632,4.94464801770448e-10,5.853186452039421e-09
Wnt5a,0.838885699311901,4.95777831516787e-10,5.8652235217195105e-09
Uso1,0.35264502897184,4.97782763109885e-10,5.885426770524271e-09
Acss3,2.24032527813722,5.031537331550941e-10,5.94537979200685e-09
Ptpru,1.40801562122885,5.09316456719938e-10,6.01461127542137e-09
Srcin1,1.88249843786064,5.32370806931144e-10,6.2831176760812704e-09
Erbb3,2.65031008959143,5.40664286352977e-10,6.377198050586281e-09
ENSMUSG00000092392,1.36305004377216,5.5569445014444e-10,6.550579101583621e-09
Gins2,-0.77064054019486,5.58491029599911e-10,6.579629000711871e-09
Bet1l,0.472751343227554,5.7130330595063e-10,6.7265699590049105e-09
Epm2a,0.93906371983489,5.781785101491331e-10,6.8034742810418504e-09
Mesdc1,-1.12366294833941,5.80333487629526e-10,6.824776953096871e-09
Scyl3,0.868502339333444,5.80885945414779e-10,6.827219740649431e-09
Mast3,-1.09349639537921,5.86831258833294e-10,6.893004893199621e-09
Man2a1,-1.28799094129313,5.90760416987607e-10,6.93504404150715e-09
Aldh1a2,2.48821782191125,6.04862249515913e-10,7.096381510315851e-09
Slc8a2,2.50758081778963,6.13011068922613e-10,7.187727181138791e-09
Ttll3,-0.907536955939226,6.19784295983324e-10,7.262845087369081e-09
Gpr149,-2.07426304931089,6.27894211828859e-10,7.3491826070087e-09
Mustn1,2.05401159339592,6.27831701202555e-10,7.3491826070087e-09
C78339,0.645427646835072,6.30692779327654e-10,7.3775781463702706e-09
2810032G03Rik,1.01874245162883,6.32594333174702e-10,7.395453467645691e-09
Ckap2l,-3.27232785526688,6.38108330914817e-10,7.45551468167376e-09
Mmp15,1.58919238710393,6.57144569348804e-10,7.67340274256116e-09
Scamp1,0.790459721267915,6.63513783284077e-10,7.7432097608473e-09
Tubb5,-1.19381604490819,6.70355279944439e-10,7.818442852779551e-09
Cd244,-3.80312934901542,6.93045637033263e-10,8.0783259539769e-09
Tcf7,1.8984971406324,6.935614976652261e-10,8.07958347044831e-09
Ccne1,-1.02076609014275,7.04204142598667e-10,8.19874123458201e-09
Lum,1.80692530611098,7.24723798683627e-10,8.432685140499741e-09
Erp29,-0.477832079679086,7.29443295783515e-10,8.48261598925234e-09
Ccnb1,-3.46952447731571,7.445112125388121e-10,8.652758247135341e-09
Zfp275,0.27965262195311,7.530692194285631e-10,8.74708669886409e-09
Ncaph2,-0.405132790746415,7.79974704614862e-10,9.054290181824581e-09
Tlr9,-2.7555567211941,8.06822212125351e-10,9.36046109486259e-09
Morc4,0.726907334228385,8.09441649042361e-10,9.385352703533321e-09
Adipor1,0.253907108122191,8.12929607765115e-10,9.420279667747411e-09
Cyp2u1,0.903678311959688,8.23274007682095e-10,9.534572191892522e-09
Tap1,0.664130431161589,8.28552019566961e-10,9.5900901201076e-09
Grb14,-1.13563781281228,8.48637341591225e-10,9.815919001139952e-09
Nudt18,0.55570406584587,8.49054193544371e-10,9.815919001139952e-09
Gm17552,1.24909206162945,8.52476841831739e-10,9.849738258830671e-09
1700112E06Rik,-2.63406424488277,8.67459399382953e-10,1.00170063821458e-08
Slc22a18,1.18980306538747,8.71177719616849e-10,1.00540813282588e-08
Gal3st1,1.55298274228671,8.73247339217367e-10,1.0072096858393e-08
Pon2,0.441468223342816,8.806364240085501e-10,1.01514107922383e-08
Mdk,-2.33624692775076,9.048994858922601e-10,1.04250316571322e-08
Plekhg4,-3.01622210492971,9.158224807091781e-10,1.0544737446491e-08
Tfcp2,0.366249764206797,9.24490357107404e-10,1.06383538827165e-08
ENSMUSG00000048200,-0.838981485624787,9.30112492183116e-10,1.06968337951187e-08
Rprd1b,0.504846903402554,9.603513748826402e-10,1.10381884086917e-08
Smarca4,-0.539624417873438,9.62030484201958e-10,1.10510740772248e-08
Ssbp2,0.84449932842369,9.776465527895731e-10,1.12239491776491e-08
Pros1,0.391829127623897,9.83103894480019e-10,1.12800634567105e-08
Jag2,1.93350895929083,1.02630570691275e-09,1.17689393281413e-08
Spata18,3.31632081870084,1.03148401816761e-09,1.1821475402657e-08
Msx2,1.6543813567194,1.03761180444256e-09,1.18848260122501e-08
Rftn1,-1.15877019325796,1.07409435277073e-09,1.229558645218e-08
Slc36a1,-0.467875651189726,1.0896426208126901e-09,1.24663676849073e-08
Ncaph,-1.51977752636031,1.0917285046935e-09,1.24830203850751e-08
Ep400,-0.466674996115445,1.0931164398471202e-09,1.24916780004226e-08
1500009L16Rik,1.61944938786266,1.09529596523724e-09,1.25093663757545e-08
Cep97,0.425647302742658,1.1028864079811202e-09,1.258879678597e-08
Mgat4a,-0.862829247453839,1.1125374649595e-09,1.26916428318306e-08
Eif2ak3,0.795674841344504,1.12619374697512e-09,1.28400350979248e-08
Sucla2,0.437847611048229,1.1388486460899502e-09,1.29768461376096e-08
Dok3,-1.97433961156461,1.14336086020947e-09,1.30207696811894e-08
Ubl3,0.641319248589715,1.1478301187392101e-09,1.30641538342019e-08
Atp11b,0.409595973898029,1.15153791451055e-09,1.30988264554664e-08
Syt7,2.08463296336871,1.1983143390970702e-09,1.36230867804124e-08
Rnd1,1.12637047485283,1.2019486787281201e-09,1.36565643336384e-08
Hoxb8,-1.17664601346361,1.2070946030133801e-09,1.37071683016496e-08
Ypel3,0.580745669330752,1.20820231773118e-09,1.37118846420334e-08
Tmem51,-2.86544475389546,1.2106556136858702e-09,1.37318578312915e-08
Enpp5,1.44269024681974,1.2210687096597101e-09,1.38420404843165e-08
Fbxl8,-1.24968382574242,1.2284692773652702e-09,1.39179665726211e-08
Gm11847,1.99637307042879,1.29352625551294e-09,1.46466517805479e-08
Serpinb7,4.18047304242533,1.30109470356386e-09,1.47239311482164e-08
Dok2,-1.86194690619295,1.30466021575468e-09,1.47558486081129e-08
Gimap6,1.7363695473916,1.32544389949838e-09,1.49823578685308e-08
Cenpe,-2.78968210929824,1.33644460190304e-09,1.50980883605749e-08
Tmcc1,-0.457327658516849,1.3495778013866202e-09,1.52377644120072e-08
8-Sep,-0.414215965407032,1.35208714735406e-09,1.52573982143589e-08
Fbxl2,0.746088266323757,1.3593267506681701e-09,1.53303570445515e-08
Golt1b,0.368855814092726,1.3604056887676602e-09,1.53337929768667e-08
ENSMUSG00000098318,-2.06973767901105,1.38757478148372e-09,1.56311325213331e-08
Gm13285,-5.26901920465567,1.3907877357563602e-09,1.56584197378732e-08
Fzd1,0.548450892658415,1.3968705950113502e-09,1.57179688997755e-08
Glipr1,-3.47473644936195,1.41447838710646e-09,1.59070584771473e-08
E130012A19Rik,-1.44367273120579,1.44404952831603e-09,1.62303954930594e-08
Ccnh,0.542442683265854,1.47729402295463e-09,1.65946289453167e-08
Tmem164,-0.823433228313069,1.4806671448031902e-09,1.66230907798653e-08
Nlrp3,-3.25660888382627,1.4900041931077402e-09,1.6718437983176e-08
Cd33,-3.50082757133891,1.4937724615197e-09,1.67512286681405e-08
Cav2,0.676247834523388,1.504625810257e-09,1.68633896696829e-08
Ldhb,0.924870259858313,1.5200406859588702e-09,1.70265190863854e-08
Cacna2d3,3.28068866666065,1.54896210615243e-09,1.7337674075336e-08
Trp53,-0.395161694733517,1.5495699410899101e-09,1.7337674075336e-08
Slamf7,-3.69067685353219,1.5568205777940602e-09,1.7408963705609e-08
Btc,1.6416328159321,1.57291934370897e-09,1.75790602047474e-08
Gm11427,-3.7546748098923,1.6184095830940101e-09,1.80772607916491e-08
Cdk2,-1.018692058703,1.6378637158659602e-09,1.82842463523165e-08
Csgalnact2,0.592597802040819,1.6508246323209501e-09,1.84185526864699e-08
B230206L02Rik,2.53601978602964,1.6579762149762902e-09,1.84879284692514e-08
Tph2,2.08976951066045,1.6943590336150102e-09,1.88829973560561e-08
Zc3h6,0.695104894579326,1.7079833868941501e-09,1.90241299179144e-08
Ept1,0.368508883694414,1.71436969719628e-09,1.90845292205032e-08
Thbs2,-2.8817161771631,1.7195619525554e-09,1.913157579124e-08
Comp,5.5116040641041,1.7500558264994102e-09,1.94599133003899e-08
Elavl2,1.64351779618907,1.7644593139092702e-09,1.9609064114848e-08
Zan,-2.32482132036204,1.7716270029427201e-09,1.96776787247771e-08
Gnai1,1.13982283479429,1.8119502473238701e-09,2.01142728127814e-08
Gm16907,0.680830343831975,1.8565703610264702e-09,2.05980501007105e-08
Wbscr27,0.696771973779105,1.86202314325404e-09,2.06469800274373e-08
Lrrn1,2.32465882366849,1.86601275687218e-09,2.06796399759914e-08
Aida,-0.364374006290223,1.87495456533381e-09,2.07555059876304e-08
Wnk3,1.09998310637374,1.8745583686411e-09,2.07555059876304e-08
Pvrl2,-1.40255061678108,1.9151053203419902e-09,2.11881261251691e-08
Wdfy2,-0.786316272028049,1.9205318388319603e-09,2.12362995735501e-08
Ivd,0.406616014206225,1.93045631854144e-09,2.13341277524524e-08
Csrp2bp,-0.477505997938055,1.9668580934361603e-09,2.17242931859508e-08
ENSMUSG00000035835,-1.16889933790574,1.96937436022912e-09,2.17399608862751e-08
Ggct,1.28941164543582,1.9736564145109103e-09,2.17750928317404e-08
Wt1,-2.62412330133197,2.0062014635855e-09,2.21218339559283e-08
Ap3m2,1.07551163472824,2.0188320931321903e-09,2.22487205188591e-08
Abcd1,-0.934098480971098,2.0231950103566403e-09,2.22844015490005e-08
Jph3,1.9489360681412,2.06887714446893e-09,2.27748988154879e-08
Phka2,-0.567878171246923,2.0865559502997502e-09,2.29567522442979e-08
Bbs2,0.842425707778911,2.09401537560514e-09,2.30260302601245e-08
Poli,0.971215511957364,2.09913762328624e-09,2.30695457777806e-08
Snrpn,0.389706098449449,2.11526246574208e-09,2.32338645987555e-08
Dhx38,-0.422032748442635,2.11679292316902e-09,2.32377866133255e-08
Aif1,-4.52297821635673,2.12647989461184e-09,2.33311954752869e-08
Arhgap1,-0.373494020753286,2.1305984074558503e-09,2.33634390150917e-08
Lgalsl,0.820484149665063,2.1464109363173202e-09,2.35238086235906e-08
Extl1,1.28174977487763,2.15188239314523e-09,2.35707294877479e-08
Ctbp1,-0.555368895745144,2.1607407314048603e-09,2.36546763099734e-08
Nin,-0.852243558888531,2.18335031119735e-09,2.38889887088134e-08
Lrp4,-0.995303581318998,2.18716081577742e-09,2.39174670323887e-08
2810408I11Rik,-1.40261811689972,2.1906555426580902e-09,2.39424626748348e-08
Ccnd3,0.48022958588656,2.2008028599179503e-09,2.40400991934998e-08
Scg5,2.65899641113461,2.24065170185191e-09,2.4461888811177e-08
Cntrob,-0.978097334417847,2.24214803966042e-09,2.44647381693857e-08
Orai2,0.750830029821363,2.25363509067431e-09,2.45765359778161e-08
Arhgap29,1.03046544625369,2.32743916636265e-09,2.53635120016655e-08
ENSMUSG00000064246,4.32784501241644,2.3283611805205e-09,2.53635120016655e-08
Rhbdl2,1.45630664243049,2.3323537024884803e-09,2.53930361319857e-08
Kif9,1.09833783753427,2.3536012658929203e-09,2.56102854229359e-08
Susd4,1.29983791629675,2.35651888489328e-09,2.56279516729415e-08
Tnfaip6,-1.80789634200893,2.3756985073239e-09,2.58223563331737e-08
Ap3d1,-0.554478659506197,2.3774020428967903e-09,2.58266977825167e-08
Poc1a,-0.921252692277025,2.4165218867095204e-09,2.62372803971466e-08
1700001C19Rik,1.92588064182268,2.42890124860866e-09,2.63572385355868e-08
Lrrc8d,0.63407032124252,2.43835465198152e-09,2.64453316143713e-08
Depdc1a,-3.27259033498525,2.44233338430161e-09,2.64739848619098e-08
Atxn1,0.791333160750962,2.44484976109888e-09,2.64867640420144e-08
Fxyd1,2.78274428102184,2.4466954452274e-09,2.64922671390287e-08
Aoc3,-3.49927193215905,2.5026841061606803e-09,2.70836918242657e-08
Dclk1,-0.372062049236681,2.50871595655141e-09,2.71341402531645e-08
Rab21,0.25938578589181,2.5109782750859e-09,2.71437848033849e-08
Rab2b,0.874782634669622,2.52483938579859e-09,2.72787338768987e-08
ENSMUSG00000087060,-3.1157259181529,2.5844892395903102e-09,2.79079743188912e-08
Znrf1,-0.670505361680573,2.6219002735140204e-09,2.82965193551344e-08
Cd14,-1.95493695768675,2.64080060132871e-09,2.84849755494083e-08
Ppp1r14b,-0.682637597834249,2.65432234674095e-09,2.86152421093401e-08
Chtf18,-1.80419758118705,2.6996672634648803e-09,2.90882538006847e-08
Bard1,-1.61777853167903,2.71699949902819e-09,2.92590854153095e-08
Srpk1,-0.314506055046391,2.7609099000904e-09,2.97157932942339e-08
Foxk2,-0.247756235437685,2.77989080555582e-09,2.99038335215792e-08
Adamts14,-3.23526553837814,2.7818771932541604e-09,2.99089554479943e-08
Gm13152,-0.727499698876936,2.89638299824161e-09,3.11231518704161e-08
Cbl,-0.521434176745811,2.90491060897427e-09,3.11978577549493e-08
Ces1f,6.13038570595671,2.94424419478481e-09,3.16031501536685e-08
Wfdc1,4.23946508961601,2.9658286015520103e-09,3.18175891793803e-08
Acad8,0.560366810012036,2.98681438775586e-09,3.20080996120615e-08
Plekha7,1.63187534193865,2.9884354768078e-09,3.20080996120615e-08
Reep2,1.76619078806201,2.9879116814289e-09,3.20080996120615e-08
Endov,0.42589628695974,3.0047614120131204e-09,3.2165564866761e-08
Apbb2,-0.824440691243297,3.0379298365612603e-09,3.25030591481681e-08
Cd86,-2.00454396520219,3.1567931787308203e-09,3.37565508161907e-08
Olfml3,-1.05536684884131,3.1779964692348503e-09,3.39649444558699e-08
Gjc2,-2.26195441285576,3.2073056015932102e-09,3.42596980226278e-08
Ghitm,0.752769130474095,3.30139545074792e-09,3.52457334267449e-08
Sorl1,0.758742841296922,3.3139428203030504e-09,3.53606269468113e-08
Mocos,-0.632810173955577,3.33575055041607e-09,3.55741539582336e-08
BC030867,-2.91495114761378,3.3964097191361602e-09,3.6182086109614e-08
ENSMUSG00000031736,1.70453972547157,3.3952472331139505e-09,3.6182086109614e-08
Fzr1,-0.560490352234025,3.4490916383259705e-09,3.67235541964557e-08
3632451O06Rik,1.39965668491062,3.4803447825363705e-09,3.70364041232404e-08
Tmem53,0.840694195068427,3.4888120919536104e-09,3.71065707137751e-08
Sgce,-0.893369150810617,3.5623231833271804e-09,3.78680882032268e-08
Hoxb3os,-1.39829601682665,3.56712287486029e-09,3.78987668528611e-08
ENSMUSG00000087371,1.14224398141513,3.5882970213355204e-09,3.81032891209269e-08
Rnf208,2.8509139598847,3.6845460121062503e-09,3.91043672153013e-08
Irf9,-0.596121831154961,3.68799041037582e-09,3.91199582683892e-08
Tdrd7,0.362153250359605,3.6909580134695204e-09,3.91304777830569e-08
Tcf19,-1.21038814982335,3.71042300313093e-09,3.93157930197993e-08
Ktn1,0.524447697722711,3.74143628183982e-09,3.96232107623293e-08
Arhgef9,0.817971971182929,3.74777744167662e-09,3.96668329438888e-08
Msh3,-0.850351481267354,3.74956126393455e-09,3.96668329438888e-08
Fbxo36,0.997604347568129,3.78048533099685e-09,3.99726276001397e-08
Tlr1,-2.0697341351381,3.8172412291133e-09,4.03397253475772e-08
Cnksr3,0.854994801783291,3.82630174286291e-09,4.04139091816837e-08
Fahd1,0.729542895548793,3.993905416521141e-09,4.21616753031901e-08
Rad52,0.533632011922026,4.01519819358246e-09,4.23638705517886e-08
Mtbp,-0.560181675175404,4.04801608458763e-09,4.26873858036067e-08
Bcl2l11,-1.11310185280344,4.0593874030643505e-09,4.27845173657724e-08
Clk2,-0.401717917766624,4.07853958518233e-09,4.29614236866044e-08
Kdm6a,1.32413974947915,4.08051090459013e-09,4.29614236866044e-08
Hltf,0.42917416136471,4.11934327430955e-09,4.33472232754656e-08
Zfp426,0.501846807604608,4.1582410680258105e-09,4.37333011742874e-08
Tpd52l1,1.05223692934269,4.176247761538911e-09,4.38993687205502e-08
C2cd4c,-2.69420955032994,4.2243170704778905e-09,4.43811009356733e-08
Snai1,-1.24693660198794,4.234787905541891e-09,4.44675183888397e-08
Slitrk4,3.28532776006328,4.23868603188106e-09,4.44848638979187e-08
Ptch1,0.749319330011616,4.29341955468027e-09,4.50354241847924e-08
Tmtc1,1.42969509277111,4.3523026333648e-09,4.5628904897383e-08
Hspb6,1.38532809421127,4.46838992158589e-09,4.68211608503105e-08
A330069E16Rik,0.930659156283266,4.49017784590888e-09,4.70245806770912e-08
Sh3bp1,-0.492396971100006,4.5281610972164605e-09,4.73973056920057e-08
Pick1,0.454761029290798,4.6370314069053704e-09,4.85112361238003e-08
Usp28,-0.637201337218132,4.690037739188651e-09,4.9039866624547e-08
Grn,-0.707506215231837,4.70153984384358e-09,4.91341926477458e-08
Agrn,0.911250947580436,4.70705640953289e-09,4.91658993324839e-08
Rab40c,0.407387227597682,4.74046944367869e-09,4.94888017198802e-08
Gas1,1.20650321244545,4.745765798202391e-09,4.95179904465754e-08
Rgs17,1.80858481653804,4.761476390687151e-09,4.96557548400044e-08
Rbm14,-0.410796241947302,4.82742017761817e-09,5.03169627355528e-08
Esam,2.17372225911963,4.872728804958171e-09,5.07625046046248e-08
Abcc1,-0.81624292617002,4.979300009370921e-09,5.18454560386865e-08
Onecut2,1.96395454314175,5.02105199162394e-09,5.22527134220286e-08
Abcg1,-0.655939739091992,5.02422863227703e-09,5.22583108369823e-08
Stard10,2.56869895055954,5.0690689768982304e-09,5.26970299309672e-08
Arrdc1,-0.678589019736679,5.084263223785491e-09,5.28272554479789e-08
Adam5,-2.28289627776162,5.10972631971451e-09,5.3063985335934e-08
Clasp1,-0.375782071606476,5.114617104392031e-09,5.3086937701981e-08
Tspan15,0.976243504521789,5.12563784530339e-09,5.31734582966937e-08
Hcfc2,0.532664840764708,5.1503039958702e-09,5.34013719027295e-08
5430435G22Rik,-1.96026373318131,5.1787736469963205e-09,5.36684632679828e-08
Cd38,-0.869329030191595,5.2057043715653e-09,5.39193354469034e-08
Dnajb9,1.17299328520536,5.3501911968789e-09,5.53869244448457e-08
Ap1g2,-1.03626475160037,5.55072833084773e-09,5.74329278286878e-08
Nfatc2,-1.37039821266518,5.588271112425741e-09,5.77911859584749e-08
Vegfc,0.866500468440723,5.597680754631711e-09,5.78582827060158e-08
Itga2,2.99098527578704,5.68625440317018e-09,5.87431310382797e-08
Mmgt1,0.388545507534112,5.7549355196039e-09,5.94216595569529e-08
Rab8b,-0.701796966093611,5.775020107011961e-09,5.95979667531343e-08
Rtn4ip1,0.608134412601034,5.779644907033611e-09,5.96146290306737e-08
Plcb3,-0.442226342918847,5.8174059054538e-09,5.99728821195247e-08
Aldh1l1,-2.5950928283655,5.9004078191067604e-09,6.07781317073154e-08
Stmn2,2.78455737462925,5.9016535686309604e-09,6.07781317073154e-08
Zfyve28,-1.4494568089867,5.933174710873121e-09,6.10709937495485e-08
Itm2c,0.84757052281401,5.95929324498527e-09,6.13079706097082e-08
Homer2,2.31404628767178,5.997315478963671e-09,6.16671005947022e-08
Ddx21,-0.39805305774963,6.00738940162105e-09,6.17386298441636e-08
Lmbrd1,0.821029047699289,6.0288977448025705e-09,6.19275367936048e-08
Ccp110,0.64112570204485,6.23086277313294e-09,6.39688990975245e-08
Rabl3,0.496520015320136,6.2473074146684e-09,6.41044953575611e-08
Usb1,-0.621122613836047,6.2976688711033104e-09,6.45877961280838e-08
Ticrr,-2.3347895207857,6.411590446080591e-09,6.57221207009213e-08
Stxbp3a,0.460193564886771,6.44509721536142e-09,6.60314046834028e-08
Nans,-0.411256550467434,6.4807879096783e-09,6.63627320389188e-08
Syt1,-2.23095526670551,6.5658408444611e-09,6.71989209734924e-08
Napb,1.05468715047006,6.631347951463981e-09,6.78343051811945e-08
Txndc16,0.452073529141868,6.6593352610042505e-09,6.80854287604172e-08
Nudt12,0.876238474854051,6.68561321543891e-09,6.83188256545677e-08
Gabra1,2.60817579710891,6.8160270454555e-09,6.96155748366172e-08
Carns1,1.00930786718399,6.859461872047761e-09,7.00230839763061e-08
Crlf1,1.25394911020734,6.871314513831461e-09,7.01079405625545e-08
Ngrn,0.956559160546591,7.05293398919401e-09,7.19239468187426e-08
Cyp4b1,2.0280213129998,7.1506667766416606e-09,7.28830699148798e-08
Zeb2,-0.407204601022409,7.156284491279911e-09,7.2902807646763e-08
Arhgap31,-0.794861666558917,7.1748306726242305e-09,7.30541627972495e-08
Apex2,-0.601188280018301,7.291809514943571e-09,7.42070892260752e-08
Sec63,0.248302518572288,7.341919344689981e-09,7.4678670109009e-08
Pprc1,-0.383007612043875,7.3704125442389e-09,7.49300051468723e-08
Tmem246,0.801021260860169,7.55882749666999e-09,7.68060645172153e-08
Tob2,-0.681896708186892,7.56552505297977e-09,7.68346964867751e-08
Grk6,-0.760605011139281,7.61379196959976e-09,7.72852568764498e-08
Rasgrf1,2.20941540551749,7.65610322372227e-09,7.76749325013298e-08
Bet1,0.817152196502316,7.728185228931061e-09,7.83660933301335e-08
Nell1,-2.32869064235362,7.81455355514723e-09,7.92013401259651e-08
3830406C13Rik,0.729304104160722,7.82395017510496e-09,7.92560149707308e-08
Nln,-0.549576380216037,7.83228242730914e-09,7.92998574593202e-08
Dact2,-2.3356801240912,7.841425585911341e-09,7.93518611667799e-08
Dnajc25,0.384812088234403,7.94209461110545e-09,8.03295412044598e-08
Triqk,0.976234028461605,7.956692551208521e-09,8.04361098949125e-08
Exo1,-2.52361303802621,8.06879089307971e-09,8.1527721860485e-08
Scfd1,0.548417908344718,8.22630358891297e-09,8.30768568459115e-08
Chmp3,0.480600358726036,8.41607349672917e-09,8.49500099537332e-08
Mal2,3.56155826467126,8.54193342856791e-09,8.61764898723173e-08
Cers4,0.423927502534783,8.55641962498822e-09,8.62786834283435e-08
4933421O10Rik,0.678110000855304,8.62576922361209e-09,8.69337067198035e-08
Il17rb,3.6092039841253,8.638743470558021e-09,8.70201809211246e-08
Hn1l,-0.770659747171408,8.810035110360841e-09,8.87005263475272e-08
AI661453,1.23692803001065,8.8149696174748e-09,8.87051109270686e-08
B4galt4,-0.989784827393756,8.83822648028596e-09,8.88939752237598e-08
Cox11,0.870565554624328,8.9616902083009e-09,9.0090006540706e-08
Mcm4,-0.963332681976418,9.09337917083025e-09,9.13674688478551e-08
Parvg,-4.34986568771252,9.110042648313431e-09,9.14884810381335e-08
Dusp15,1.08553755195771,9.12269341701124e-09,9.15690929703449e-08
1110057K04Rik,0.30277340721134,9.20292180311508e-09,9.23275903692457e-08
G6pc3,0.657943804739224,9.23830468371942e-09,9.26356384589263e-08
Zfp414,-0.705832769628336,9.34925751776385e-09,9.37007570252001e-08
Tm7sf3,0.809321092454396,9.37078328454523e-09,9.38689894623842e-08
Arhgap6,1.49844879065135,9.397263234647321e-09,9.40866537406246e-08
Sh2d1b1,-4.00395010616329,9.45477730825772e-09,9.46146588240201e-08
Fam179b,0.286772110074655,9.494152178006071e-09,9.49607018854708e-08
Zadh2,-0.298429766525837,9.5143335733231e-09,9.51145189732916e-08
Fndc3a,1.13616521808234,9.72823716878858e-09,9.72038389963114e-08
Odc1,0.568646761613778,9.9319561716882e-09,9.91893393969305e-08
Gins1,-1.62132841523195,9.99225745452277e-09,9.97412634220609e-08
Taf4b,0.556349157359844,1.00674904555317e-08,1.00441602509496e-07
Fam110b,-0.782898087256739,1.01441289383439e-08,1.01155251508037e-07
Dynll1,-0.290205977483178,1.02230763398151e-08,1.01891194682284e-07
Cacna1i,2.14195291588247,1.0343159004185e-08,1.03036177524587e-07
Pja2,0.402125515309041,1.04217215822983e-08,1.03766603426765e-07
Dnm1l,0.637811484645601,1.05857198402535e-08,1.05346530510744e-07
Leprot,-0.256142956514136,1.05943583402812e-08,1.0537954423452e-07
Tmem184c,0.814388894038586,1.07981166718833e-08,1.073523607279e-07
Zkscan17,-0.364718092755594,1.08408723788664e-08,1.07723350020607e-07
Myo5c,1.9409307453479,1.08815548375711e-08,1.08073376130019e-07
Chst7,1.80769206714561,1.090245221614e-08,1.08226648465381e-07
Ppp4r1,-0.350744635483711,1.11625099460118e-08,1.1074675984326e-07
Rcc1,-0.565210890333229,1.11675055244896e-08,1.1074675984326e-07
Uhmk1,0.324400436702532,1.14042734416732e-08,1.13038153773221e-07
Ppip5k1,0.7212788778999,1.16436020998148e-08,1.15352624304518e-07
Ero1l,0.796224382579488,1.16814447405323e-08,1.1566966582075e-07
Nfkbid,-1.74103625670854,1.17423026026363e-08,1.16214173284663e-07
Qrfpr,2.77228632604669,1.19363897872067e-08,1.18076055617304e-07
Asf1b,-2.12607208522817,1.21490804006045e-08,1.20120014105627e-07
Micall2,-0.806321663742734,1.22745809221188e-08,1.21300299691438e-07
Fam111a,-2.12873992186347,1.22839589681696e-08,1.2133243062625e-07
Lhfpl1,1.67635116051811,1.23493570655096e-08,1.21917580919916e-07
Brf1,-0.368776372296094,1.25656330439171e-08,1.23990930145359e-07
Tfdp2,0.641576815286655,1.25949069811703e-08,1.24217897338196e-07
7-Sep,0.609422299839994,1.26230794343094e-08,1.24433780546074e-07
Kntc1,-3.40073189418521,1.26413711978765e-08,1.24552097115794e-07
Mtfr2,-1.43424404727418,1.26685935298728e-08,1.24758242797414e-07
En1,-1.72131437151202,1.31720139242895e-08,1.29651373636496e-07
Zranb1,0.569561408668596,1.32287973082064e-08,1.30145604516502e-07
Slc37a2,-1.35632845717816,1.34263678297187e-08,1.32023728152805e-07
Lrrc59,-0.598779205228363,1.35312365278977e-08,1.32988887443418e-07
Cdc7,-1.16199419601964,1.36101774274782e-08,1.33698389768739e-07
Gabra2,4.81232893811523,1.37463411079174e-08,1.34969032871193e-07
Irf2bp2,-0.897637454506966,1.37573314245119e-08,1.3501000571409e-07
Adh1,-2.97999121363636,1.37818714038725e-08,1.35183844121987e-07
Gnb1l,0.87801761839239,1.38789308433241e-08,1.36068488327322e-07
Ift122,0.641773421804756,1.393977367893e-08,1.36597366619262e-07
Fam110c,1.21644701176091,1.41670268850342e-08,1.38755588739474e-07
Camk2a,2.33794991039377,1.42729818573117e-08,1.39724237618488e-07
Tmx2,1.32076716771572,1.45229716256191e-08,1.42101250036443e-07
Clybl,-1.10718376733826,1.46746730296707e-08,1.43514678854122e-07
6820431F20Rik,0.492105962293471,1.47543014692853e-08,1.4415105392093e-07
Pde1c,1.35785314626946,1.47531095000116e-08,1.4415105392093e-07
Senp6,0.598045443356451,1.48453089536892e-08,1.44968687632575e-07
Map3k6,-0.751186492026438,1.49872060190864e-08,1.4628222178511e-07
Nynrin,-1.46568500844991,1.51384095673984e-08,1.47685252745201e-07
Rlf,0.617635244439132,1.51469893653579e-08,1.47696197632471e-07
Cdhr1,-0.542600527388952,1.57763933195254e-08,1.5375772308065e-07
Atf7ip2,-2.74793056596773,1.57889659580285e-08,1.53804565584258e-07
Dazap1,-0.573418892683234,1.60260864531477e-08,1.56037667708032e-07
Tmem30a,0.835161589409473,1.61447041892496e-08,1.57115342390122e-07
Vnn1,1.51079052816714,1.62380031569168e-08,1.57945684931032e-07
9130208D14Rik,2.16698596636484,1.62588626025035e-08,1.58070945007354e-07
Gpd1l,-0.456268317705521,1.67514948621736e-08,1.62780473135666e-07
Smarca2,0.646404150384629,1.68675969603647e-08,1.6382829338061e-07
Ier3,1.11342409010678,1.70145235366463e-08,1.65174325548894e-07
Plcb2,-3.85391883227904,1.72511965131241e-08,1.67389855828471e-07
Eva1c,1.30564828909585,1.73496425770023e-08,1.68262645247283e-07
Vcan,-2.7866949165911,1.75968271525798e-08,1.70576390078164e-07
Spata1,0.857910257881322,1.77091059677987e-08,1.71580789915012e-07
Pycard,-1.28055024699038,1.78457787061219e-08,1.72820440829358e-07
Tbc1d19,0.468576834395025,1.78938290985806e-08,1.73201071098871e-07
Ccdc13,2.00032965369674,1.80051925599275e-08,1.74193860995019e-07
Pcbp4,-0.683519138884211,1.8170571659587e-08,1.75708008372295e-07
Morn2,1.15642193350753,1.84505240315097e-08,1.78328051693518e-07
Snap47,0.455096702293705,1.89082470165496e-08,1.82662889715e-07
Efna2,-1.63011336224822,1.90117122249173e-08,1.83483405897789e-07
2010107G23Rik,1.52380619934365,1.90093427824718e-08,1.83483405897789e-07
Zc3hav1,-0.858952004166292,1.90239336866166e-08,1.83511925343281e-07
Ate1,0.326934125930086,1.90867269650791e-08,1.84028014029419e-07
Sgcg,3.14551033850876,1.94048742491998e-08,1.87004442642896e-07
Stat6,-0.445725430076296,1.94286306299106e-08,1.87142315658925e-07
Mta2,-0.491075294398287,1.95803052166691e-08,1.88511601609584e-07
Tmem175,0.455766633787514,1.96104614212268e-08,1.88710193384827e-07
Dbt,0.586970232103537,1.96257272410714e-08,1.88765372647974e-07
Ifi27l2a,-4.5028420721366,1.9693021609084e-08,1.89320679585583e-07
C630028M04Rik,4.3224718741656,2.0206312726989e-08,1.94160998178209e-07
2010300F17Rik,-1.72381729214818,2.02511197247168e-08,1.94497175086465e-07
Epas1,-0.920156046164877,2.0452738743334e-08,1.96338360675224e-07
Tert,-1.24478052656237,2.08105370243654e-08,1.99676296138824e-07
Ppm1f,-0.28953867896175,2.08551822120281e-08,2.0000776199855e-07
Ddx26b,-0.837665424090431,2.08948461035587e-08,2.00291157906523e-07
Rpusd2,0.649240355284781,2.09617958504544e-08,2.00835706348524e-07
Ahnak2,-0.913544459377039,2.11115389258884e-08,2.02172590371515e-07
Clspn,-2.54068301440166,2.11340575843128e-08,2.02290418752891e-07
Mfsd10,-0.788639084117343,2.12352687970374e-08,2.03160996742285e-07
Snx24,-0.869859305322213,2.16086399677664e-08,2.06633271811514e-07
Igsf8,-1.08610900081243,2.16704775971892e-08,2.07124584138386e-07
Tbc1d16,-0.442470330954808,2.18032839716863e-08,2.08293408478184e-07
Slc1a2,0.974886207298968,2.18821166493855e-08,2.08945727157392e-07
Mettl7a3,1.73364984091881,2.20057954401589e-08,2.10025432721401e-07
Kctd15,-0.817555538297023,2.20814347567878e-08,2.10645825589318e-07
Gm9913,-2.8124536846788,2.24643565101162e-08,2.14195530248599e-07
Smcr8,-0.298585113044686,2.26516490037031e-08,2.15877409465513e-07
Srr,0.76546907276118,2.29150652056948e-08,2.18282804874257e-07
Mdga1,-1.40659716102378,2.29644253178288e-08,2.18647826439559e-07
Abca5,0.406525677661686,2.32055584333546e-08,2.20837520045245e-07
Nme5,2.14377190735341,2.33161913019397e-08,2.21783790847077e-07
Isl1,3.94106056540156,2.3392209042541e-08,2.22400051789958e-07
Qars,-0.261664160178577,2.35666457510395e-08,2.23950984862566e-07
Pkd2,0.74826767942912,2.37799784857451e-08,2.25869877185466e-07
Mtx3,0.349077444851272,2.40147004242929e-08,2.27989993865147e-07
Samd14,-0.590919043017963,2.407398696353e-08,2.28443333888715e-07
Flrt3,1.79465975367666,2.42357780118976e-08,2.29868461564952e-07
Ufm1,0.420351452971416,2.45806917641237e-08,2.33028252607327e-07
Cpne7,2.11610776721494,2.48019042948161e-08,2.350128768682e-07
Cpq,0.819116257977045,2.51071977826774e-08,2.37791939210016e-07
Bend7,3.1052516488896,2.51231431128305e-08,2.37829219027961e-07
Tex2,0.429918119854495,2.53003429550789e-08,2.39392256035539e-07
Crat,-0.374695211247575,2.54062928265242e-08,2.40279953742352e-07
9330182L06Rik,-1.51881887164646,2.54306119985925e-08,2.40395150367602e-07
Itfg1,0.723325289754906,2.57476714230362e-08,2.43276185525672e-07
Gm14440,0.60464245062895,2.59657958858247e-08,2.45220134345671e-07
H2afx,-0.741345072516156,2.61288444239814e-08,2.46642342694246e-07
Sema6c,-0.589407564480554,2.62415293174646e-08,2.47588016485502e-07
ENSMUSG00000031629,-1.47291906641443,2.6362481070324e-08,2.48610750055569e-07
Kdm4c,0.502234327554311,2.66683302772968e-08,2.51375351171626e-07
Ano6,-0.863617676118257,2.67399436384573e-08,2.51911058205405e-07
Efna1,2.84568810985575,2.67506036864254e-08,2.51911058205405e-07
Rnf39,5.23482172735508,2.68498489336472e-08,2.52725479221459e-07
ENSMUSG00000085685,0.85448096948809,2.70284417951928e-08,2.54285634827552e-07
Rragb,2.25658184459904,2.70727164866974e-08,2.54581233287063e-07
Cxcl16,-1.51211896966925,2.72522099346079e-08,2.56147491953002e-07
Nhsl1,-0.790980725476788,2.78509690139954e-08,2.61651133943627e-07
Naip5,-2.56979849192454,2.78893803682786e-08,2.61887761409857e-07
Zfyve9,0.489195046934652,2.80356083792279e-08,2.63136108219066e-07
Creld2,0.750551744285899,2.82525209775158e-08,2.65046388175615e-07
Pmvk,-0.549677151320071,2.85101479749177e-08,2.6733663375723e-07
Aaas,0.42020872959121,2.85817742060343e-08,2.67881427532562e-07
Erf,-0.68058266397008,2.88912130284732e-08,2.70653539648006e-07
Hmbs,-0.419942968235534,2.8949213459822e-08,2.7106866352639e-07
Sp100,-2.19315460315068,2.90117710664815e-08,2.71526046408601e-07
Wdr90,-1.08751237683608,2.90428527017277e-08,2.71688547427971e-07
Acsl1,-0.500847496250572,2.93031488690661e-08,2.73994126630304e-07
5031439G07Rik,-1.01733012773887,2.93185236687494e-08,2.74008514740874e-07
Isg20,-0.953387307846462,2.94641863077752e-08,2.75239974358104e-07
Olfm1,1.3130079716469,3.00742812426723e-08,2.80806725945253e-07
Pus1,-0.544470829945273,3.05918622094528e-08,2.85504825257306e-07
Emr4,3.1741828763004,3.07187543102164e-08,2.86554032199494e-07
Col7a1,-2.76744219083177,3.1334817751755e-08,2.9216324423529e-07
Ackr3,2.18449274514153,3.13579894888357e-08,2.92241705335012e-07
Fasn,-0.713594288864004,3.18416921885514e-08,2.96610005692414e-07
Zfp174,0.735892080899531,3.1912621075744e-08,2.97130958055493e-07
Eepd1,-1.88599587955156,3.29350924819895e-08,3.06506847515658e-07
Pdrg1,0.515086296413239,3.30862569434754e-08,3.07769014799712e-07
Spry3,-1.65784313090886,3.32218336027939e-08,3.08885066981094e-07
Ndst3,-1.77286336098385,3.36134791362081e-08,3.12379793905896e-07
Leprel1,1.31256812973615,3.36893437059454e-08,3.12937975024645e-07
9330159F19Rik,-1.68318231160766,3.39017154958078e-08,3.14763044387707e-07
Mylk2,2.19269944537933,3.41014366382757e-08,3.16469002429434e-07
Gemin5,-0.512518292572508,3.42155011672273e-08,3.17378822068276e-07
Sdf2l1,0.691407228314647,3.45748319577943e-08,3.2056178468734e-07
Mfng,-2.40693672283109,3.4789227709929e-08,3.22398626844845e-07
Fam49a,-1.04672172238007,3.48981357279222e-08,3.23256632346011e-07
Akt1,-0.714515059430411,3.51513975037358e-08,3.25450339487603e-07
Rev1,0.428988686570175,3.52656821715014e-08,3.26355873702997e-07
Rint1,0.356929514933988,3.5338585599573e-08,3.26877790384841e-07
Raf1,-0.257634344282568,3.56636566109656e-08,3.29730651504932e-07
Phc1,-0.56489640366019,3.57268427945569e-08,3.30160706814468e-07
Dennd5a,0.389943847079073,3.58060865776874e-08,3.30738684041288e-07
Cpne8,0.937092507628066,3.58799055282576e-08,3.31266036867885e-07
Slc43a1,-2.43135488838637,3.61887558094798e-08,3.33961845317306e-07
Ralgds,-0.835401401699161,3.65388185849561e-08,3.37035287962958e-07
Eef1d,-0.316163012853403,3.71423673301955e-08,3.42283593581755e-07
Slc25a16,0.646945267650767,3.71392698338623e-08,3.42283593581755e-07
Trim59,-1.66376184059148,3.74115350307382e-08,3.44603739418018e-07
Galm,-0.540684014006728,3.74504510505308e-08,3.44700617151668e-07
Ppp2r4,-0.573118227791416,3.74568636694804e-08,3.44700617151668e-07
Arhgef11,-0.323449465141182,3.76823475673358e-08,3.46583864445983e-07
Zrsr1,1.01858740360846,3.76965079790269e-08,3.46583864445983e-07
Ppp3cc,0.766255762491767,3.86246820601954e-08,3.54952762654344e-07
Galnt5,1.64198680533744,3.8829790025645e-08,3.56672152907177e-07
Lphn1,0.476316059631796,3.88787013362445e-08,3.56955865212325e-07
Rgs16,-1.83239015833918,3.97081003918037e-08,3.64401862909768e-07
Echs1,-0.61542062802908,3.97618378272894e-08,3.64726001079963e-07
Ccdc68,1.69036339386311,3.97961045941035e-08,3.64871321935938e-07
Ssr4,0.532050375800885,3.99012208499997e-08,3.65665792555944e-07
Exoc7,0.414629218034336,4.0163373024833e-08,3.67897983063734e-07
Cox19,0.66276828385332,4.0341661792052e-08,3.6936027282931e-07
Epsti1,-3.88489836957619,4.12843126034745e-08,3.77816324768581e-07
Cdca5,-1.49365222986748,4.13310003996793e-08,3.78068883101732e-07
Apol7d,2.53403616036601,4.17172330809443e-08,3.81425708187914e-07
Spn,-4.32804901811236,4.17511514439657e-08,3.81559669218411e-07
Rnasel,-1.74472275218203,4.18919448104252e-08,3.82669776303349e-07
Igfbp6,-2.5096359123113,4.21350677164032e-08,3.84713177065767e-07
Lmnb1,-2.03338215087807,4.22826409425338e-08,3.85852156974756e-07
Trpm3,1.6798446477367,4.22987796804785e-08,3.85852156974756e-07
Mfge8,0.649652047130146,4.28953642153189e-08,3.91114085138202e-07
AI593442,2.8794826409511,4.34682494954782e-08,3.96155183160815e-07
Klhl40,3.3973772833545,4.4399003756103e-08,4.04451642311805e-07
Etfdh,0.382845917427425,4.4811130282644e-08,4.08018217985049e-07
Trim54,4.13856484035903,4.48836938177327e-08,4.08491117815432e-07
Trpv2,-1.36964517077953,4.49161292973746e-08,4.08598541389622e-07
Ccar1,-0.34394428213019,4.54355861205744e-08,4.13134227516922e-07
Bace1,0.346673285578476,4.60099948874364e-08,4.18165185291781e-07
Itgb6,4.34844124790423,4.61964343769225e-08,4.19667057981915e-07
Ddx17,-0.313924356986461,4.72394314070801e-08,4.28945300131047e-07
Rad54l,-1.79053949790704,4.73785561361788e-08,4.30011423336794e-07
Tvp23b,0.61668756444398,4.75725279321562e-08,4.31574137960798e-07
Lrif1,0.569861961111297,4.76051053127225e-08,4.31671934804558e-07
Tmem194,-0.784708183674203,4.77602439996995e-08,4.32880490695674e-07
Nras,-0.429750034295347,4.78565155383457e-08,4.33554635737145e-07
Irf6,1.61849215378023,4.79927797515738e-08,4.34590311019738e-07
Pdgfd,1.19323024556072,4.84751482622656e-08,4.38757694783322e-07
Fam78a,-1.80983991477727,4.877568624616e-08,4.41276240483761e-07
Ada,-0.805224241179251,4.88170403506098e-08,4.41448706439943e-07
Nap1l1,-0.320018296540598,4.89696483102519e-08,4.4262661576277e-07
Tpp1,0.442936416631432,4.93171013610931e-08,4.45563811749583e-07
Gm7334,0.881359659432999,4.9661051413434e-08,4.48466695025831e-07
Stxbp6,1.59074561770123,4.97189649837236e-08,4.48785042177604e-07
Rnase10,-2.52549579170069,4.99639122709224e-08,4.50790577955967e-07
Rundc3b,2.01390500427125,5.01082982380404e-08,4.51887403600251e-07
Matn3,-2.73572186951835,5.02936242261644e-08,4.53352268627656e-07
Tuba1a,-0.808554520850492,5.05058335615615e-08,4.55058019951394e-07
Nek4,0.802222144535974,5.08090780190145e-08,4.57582074164877e-07
1500012F01Rik,0.580506048492528,5.0988443046418e-08,4.58988693677846e-07
Foxs1,-2.7700238733888,5.11400717394814e-08,4.60144471026211e-07
Smim20,0.492429474176424,5.19640193352923e-08,4.66960355321433e-07
Aloxe3,-1.21592309258516,5.19683206992748e-08,4.66960355321433e-07
Gsn,-1.24735736953945,5.19622607017909e-08,4.66960355321433e-07
Helb,-0.513704795793406,5.24237145143485e-08,4.70838658613223e-07
Lhfpl2,-0.84732105812523,5.26229117551191e-08,4.7241348340815e-07
Rragc,-0.292312560249011,5.38392245006106e-08,4.83113729954732e-07
Tmco3,0.370598621170037,5.43185166580879e-08,4.87193797054698e-07
Snx12,-0.3118614793307,5.47243141798927e-08,4.90611280225711e-07
Ints5,-0.564907312294882,5.50866745119692e-08,4.93636426260198e-07
Polr2a,-0.301332961976083,5.56474445368551e-08,4.98435998013514e-07
Cotl1,-1.7925466325265,5.57700140927966e-08,4.99308028523393e-07
Klhl7,0.955551557493681,5.70597512373065e-08,5.10624181429561e-07
Ifrd1,0.89532768093201,5.86317173294066e-08,5.24454620592398e-07
Cybrd1,2.11215080559294,5.8759206131518e-08,5.25357705746538e-07
Sat1,0.971769207620591,5.88012490946367e-08,5.25496361493766e-07
Ttf2,-0.376840904167022,5.88693622763e-08,5.25867771998126e-07
ENSMUSG00000040651,0.55216938337959,5.89439041945138e-08,5.26296248272386e-07
Cdk7,0.585786414951943,5.89964985933661e-08,5.2652846243489e-07
Catsperg1,1.3659618881563,5.94638187686789e-08,5.30460120222936e-07
Snx13,0.679263354789887,5.96616577979175e-08,5.3198535390813e-07
Herc6,-0.960221343239434,6.06206904847525e-08,5.40293498811899e-07
Slc41a3,-0.553663187906851,6.1123667863368e-08,5.44531317303707e-07
Ralgps2,-1.16962533341128,6.15247512502205e-08,5.47857991798277e-07
Gata2,0.602610561063618,6.17950333611286e-08,5.50017456487097e-07
Rtn4r,1.47041821263568,6.23944904384807e-08,5.55103543865081e-07
Srd5a1,-0.893082890264465,6.31210823374917e-08,5.61315632964385e-07
Tril,-1.77073496984999,6.31639434877352e-08,5.61444675417912e-07
Kansl1,0.278968515572969,6.3500117726247e-08,5.64179601368594e-07
Rara,-0.616434174432933,6.36207538688912e-08,5.64997941533417e-07
Ldb1,-0.334199956385104,6.43890445971764e-08,5.71564607441722e-07
Kif4,-3.42858704319501,6.47363747292203e-08,5.74390306961236e-07
Ccdc122,1.02386242124959,6.48726036752002e-08,5.7534126430079e-07
Cys1,0.941831769071994,6.53162138491006e-08,5.79016248463558e-07
Nedd4,-0.415567941473645,6.61521061667776e-08,5.86163897327456e-07
ENSMUSG00000085057,1.73454059244745,6.77579137859494e-08,6.00124206000421e-07
Rpl18,-0.387531691259775,6.79842445844614e-08,6.01859624385639e-07
Dach2,1.02419424490085,6.83223874031037e-08,6.04582913374024e-07
ENSMUSG00000095258,-1.91320754982262,6.88086635357041e-08,6.08614011907586e-07
Gpr173,-0.905488435699356,6.91472634132968e-08,6.11335894927201e-07
Etv5,0.643938053582431,6.93062781029026e-08,6.12468331793789e-07
Cyp2c44,2.63130062816138,6.96842438819607e-08,6.15533793861887e-07
Ctnna1,-0.274251807932062,7.0141271666651e-08,6.19294580511081e-07
Ppp1r26,1.05038365089968,7.05354282133173e-08,6.22497157012717e-07
Egln3,-1.20900529545693,7.08131499060439e-08,6.24669764249129e-07
ENSMUSG00000079179,0.605473585277799,7.1777552923926e-08,6.32895217322097e-07
Aprt,-0.791462945024142,7.20385188605225e-08,6.34913585898437e-07
Ttll12,-0.525071823754512,7.26336211176549e-08,6.39873768956422e-07
Kif15,-2.57585314163695,7.29157965384759e-08,6.42074003845254e-07
Panx2,2.04572236344801,7.30418406954793e-08,6.42898050281454e-07
Cenpi,-2.23864563365938,7.31928250468963e-08,6.43940785086066e-07
Ccdc65,2.37517585674035,7.35605468260738e-08,6.46888574308866e-07
Rdh14,0.966396220965356,7.49860480001383e-08,6.59131688679423e-07
Emx2os,-1.11039742548149,7.51185522460265e-08,6.60003464365709e-07
Entpd1,-2.65106607589415,7.60976115386394e-08,6.68309134772158e-07
Prokr1,-2.84245088345667,7.63101055237346e-08,6.69878249021295e-07
Szrd1,-0.349716239243037,7.70526901775924e-08,6.76097242479858e-07
Hr,0.955932401035191,7.71077906293423e-08,6.76281083092779e-07
Ldb3,1.05245319940852,7.75842600932726e-08,6.80158781269221e-07
Hdac10,-0.734018914652806,7.8932532094355e-08,6.91672506901153e-07
Dixdc1,0.866696441230117,8.09898539505139e-08,7.09386584536036e-07
Ranbp17,-0.930292273494475,8.1961945983086e-08,7.17283848047146e-07
Rad51ap1,-1.59268411995632,8.19639137613963e-08,7.17283848047146e-07
Kpna2,-0.617874198121397,8.20940847549492e-08,7.1810567777695e-07
Ybx1,-0.347107954047588,8.26942054783517e-08,7.23035781586436e-07
Ppm1g,-0.369876338321577,8.28920181397142e-08,7.24445510696778e-07
Icosl,-1.63114880334062,8.3935991480439e-08,7.33245864701639e-07
Lrrtm2,2.82922904992617,8.61571458585153e-08,7.52317511720474e-07
Gm3892,-1.91372585918468,8.77997106353996e-08,7.66322375241716e-07
Arid5a,1.01187693143738,8.79233257901031e-08,7.67063235219032e-07
4930404N11Rik,-2.16990994145529,8.84421344507118e-08,7.70910224763159e-07
Coro1b,-0.445738845196566,8.84368003051656e-08,7.70910224763159e-07
Zfp711,3.20178964739589,8.8625307862942e-08,7.72167002603478e-07
D930007P13Rik,2.52517594980743,8.89341501734689e-08,7.74517110833499e-07
Mospd2,0.376702437843843,8.92547186907278e-08,7.76967230308208e-07
Npepl1,-1.34353085992625,8.93998855031423e-08,7.77888986161788e-07
Nrxn1,2.0123943913073,9.00537007299598e-08,7.83233855624121e-07
Epha7,1.60426523164551,9.04847857944945e-08,7.86637707583042e-07
Acer2,0.856231415483065,9.12709893678677e-08,7.92998590397447e-07
Scrib,-0.581587547114617,9.12965454507261e-08,7.92998590397447e-07
Spcs1,0.590083567454448,9.16741345942294e-08,7.95929224683963e-07
Cenpn,-2.11373565406085,9.26077410455784e-08,8.03682604586606e-07
Kcnj4,1.21209437914791,9.33694128293073e-08,8.09937736168025e-07
Acads,-0.542274859805056,9.36742053981498e-08,8.12225903548581e-07
Cxx1c,-0.90807040145872,9.37371179895386e-08,8.124157044485e-07
4930461G14Rik,4.56457074401119,9.39099225284068e-08,8.13201620355299e-07
Rab9b,2.20778418920483,9.39009807935588e-08,8.13201620355299e-07
Pmp2,2.00529549954737,9.62106294126472e-08,8.32760185702826e-07
Akap1,0.429476619336296,9.65644117848626e-08,8.35457235031638e-07
Nat9,0.644901048001579,9.7423741302396e-08,8.42523918232598e-07
Ciz1,-0.413914131671853,9.75319479932242e-08,8.43091531234313e-07
1700009P17Rik,0.874720807340305,9.80972790517657e-08,8.47608426850422e-07
Btrc,0.467492425235196,9.8903931481578e-08,8.54205607963877e-07
Zranb3,-1.2940516267101,9.90014511524247e-08,8.54675125816311e-07
Nr1h3,0.640714769800644,1.00919868184708e-07,8.70857110906298e-07
Tmsb4x,-0.364394565100686,1.01007543283495e-07,8.71234053652585e-07
Mastl,-1.08486889676988,1.01592591461291e-07,8.75898859947497e-07
Crebrf,0.996242540067868,1.02617356178592e-07,8.84349052115248e-07
Cd2bp2,0.209829537042479,1.02796221506212e-07,8.85505163422805e-07
Slc7a8,-3.15707635616287,1.03153602690468e-07,8.881973685574e-07
Tchh,0.762075793502554,1.03418257861789e-07,8.90089169358918e-07
Nkx6-1,3.08930625012691,1.03816637496885e-07,8.93129751949746e-07
Hapln4,2.18150508483893,1.04409280312789e-07,8.9783820552083e-07
Blnk,-1.59806262282999,1.04533382642455e-07,8.98515238650683e-07
Tgm5,2.42079911431552,1.0470576154308e-07,8.99606464902017e-07
Tubg2,0.728960421114748,1.04826265017166e-07,9.00251236947077e-07
Tfcp2l1,1.44391792865553,1.06213247002635e-07,9.11767292431809e-07
Larp1b,-1.00896410920204,1.06405536686942e-07,9.13022204743586e-07
Prkag2,-0.494573590944456,1.06672008299836e-07,9.14912279068841e-07
Aldh16a1,-0.66699331228975,1.06815178665222e-07,9.15743635621668e-07
Fam216a,0.471805295832489,1.07174061172159e-07,9.18422807206161e-07
Morn4,1.38660093309345,1.07965068399657e-07,9.24801130876648e-07
Setd7,-0.559877930883966,1.08391029893665e-07,9.28048402946018e-07
Tcn2,0.584945224349547,1.08999292558234e-07,9.32853063882138e-07
Akap6,2.09862627728238,1.09188297042085e-07,9.34066969598901e-07
Tmem168,0.464261120663064,1.11488451915962e-07,9.53332168283124e-07
Parg,0.379281697608382,1.11950352306318e-07,9.56868699643644e-07
Slfn8,-0.998772790823832,1.12012246760371e-07,9.56984700104565e-07
Myl12b,0.437087242711855,1.13149898303299e-07,9.66287445449995e-07
ENSMUSG00000094365,-5.26392453240346,1.13529148524709e-07,9.68690761474944e-07
Il17ra,-0.45862526325793,1.13487367237482e-07,9.68690761474944e-07
Tmem140,1.14576434905717,1.13632244838133e-07,9.69152875441165e-07
Phtf1,0.277138161259774,1.14074459008747e-07,9.72505633322956e-07
Stambp,0.498216483405407,1.14813773026941e-07,9.78387246568647e-07
Got2,-0.433691182852312,1.15140436920317e-07,9.80748908718258e-07
Mtmr11,-0.685406003634779,1.15387033689e-07,9.82426833696026e-07
Tm9sf3,0.436095515030047,1.15726696709639e-07,9.84895359534889e-07
Adam23,-0.747444618966327,1.16032515133261e-07,9.87073852963528e-07
Vmac,-0.76426959730071,1.1738834234306e-07,9.98178931628149e-07
Ubxn11,1.15859522842341,1.18549178896407e-07,1.00761714114353e-06
Swsap1,0.654082654827104,1.19602632135354e-07,1.0161349321358e-06
Rab27b,2.63890382666957,1.20186604099956e-07,1.02065845094147e-06
Rgs19,-0.619567707087169,1.21306298337543e-07,1.02972564606802e-06
Gm10094,1.27838481962884,1.21691160347402e-07,1.03255001693228e-06
Gm12454,-1.96034727071054,1.22234992102351e-07,1.0367202499336e-06
Fgf1,1.1359967995475,1.2435892093425e-07,1.05428256429019e-06
Ei24,0.426251457815199,1.24738365789804e-07,1.05704689606387e-06
Tmem33,0.95676065041289,1.28159531433996e-07,1.08557372135109e-06
Arnt2,0.685093883758859,1.29911180340087e-07,1.09994057950196e-06
Lpo,4.17922816777443,1.30007326287327e-07,1.10028422640778e-06
Mtpap,0.558187094980322,1.3116495588128e-07,1.1096073414237e-06
Fam154b,1.6502374171256,1.31909850262958e-07,1.11543239735594e-06
Ttc23,0.627962838175387,1.32643221205225e-07,1.12115508013157e-06
Ttbk1,1.47465767935348,1.32912297130118e-07,1.12295014179388e-06
Pink1,0.662767297561404,1.34975855840373e-07,1.13989844309712e-06
Fhl4,1.20219369400143,1.35332029670283e-07,1.1424192308569e-06
Gm6984,-3.70483449605292,1.35919522485329e-07,1.14688974149956e-06
Pcgf3,0.265913864565674,1.36794914778626e-07,1.15378470710218e-06
ENSMUSG00000097873,1.50733625016802,1.37482703796365e-07,1.15909215239813e-06
Pigf,0.857745487798048,1.37602297806879e-07,1.15960676841167e-06
ENSMUSG00000090061,5.17319911426348,1.37999165456467e-07,1.16245660259458e-06
Scd2,-0.42908008364993,1.3928252169688e-07,1.17276830768921e-06
Shank3,-1.44309951294948,1.40157238669066e-07,1.17963193990743e-06
Nup205,-0.305851992634061,1.40813174551077e-07,1.18464915412469e-06
Ggact,0.459141679026344,1.43580133930171e-07,1.20741442562764e-06
Fam109b,-1.08400097937813,1.44391509765714e-07,1.21372218140925e-06
Igdcc4,0.973272016675191,1.45989912108111e-07,1.22642422402428e-06
Pyroxd1,0.650743393656333,1.46026475472089e-07,1.22642422402428e-06
Rtp4,1.43016173602315,1.47729134678515e-07,1.24019829723328e-06
BC029214,0.784723757649641,1.48603831825772e-07,1.24701283282948e-06
Agpat5,0.630737815253652,1.49824291480897e-07,1.25672184179911e-06
Ltn1,0.430126744777858,1.51783584284189e-07,1.27261731717362e-06
Mettl21a,1.05356330511786,1.53329466694709e-07,1.28503459941685e-06
Elac1,0.563229591447011,1.54486327118836e-07,1.29418241212412e-06
ENSMUSG00000092400,0.497706362082518,1.55121892721255e-07,1.29895727841511e-06
Ifi47,1.05334718473045,1.55692515213652e-07,1.30318451871985e-06
Ramp1,1.61464808862642,1.58604185434417e-07,1.32696059512742e-06
Kat2a,-0.374511314174363,1.58667071766397e-07,1.32696059512742e-06
Arhgap10,-2.02335000052531,1.60852937794957e-07,1.34467352473251e-06
Ppp1r18,-0.956166086062614,1.61278906337086e-07,1.3476655954007e-06
Ap3b1,-0.281677073140558,1.63100832107424e-07,1.36231500592806e-06
Csmd1,3.64374995456248,1.64381083503433e-07,1.37242958587773e-06
Fchsd2,0.531913204496297,1.66812403243418e-07,1.39164957164121e-06
Glis3,1.90830395337177,1.6682367618038e-07,1.39164957164121e-06
Nacc1,-0.490638578271527,1.67309842904588e-07,1.39511752795051e-06
Hotair,3.34003939127567,1.70336868945211e-07,1.41976067028239e-06
Cdkl4,2.49944778409801,1.70713908771863e-07,1.42230469049978e-06
Gstm7,1.25534163558077,1.71037807399527e-07,1.42440401082432e-06
Dner,-1.42283107728412,1.71426041536832e-07,1.42703712761472e-06
Slc19a1,-0.645030029455416,1.71542017243143e-07,1.42740256700975e-06
Sppl3,-0.275460518381557,1.72702445714507e-07,1.43645494957165e-06
Nkiras1,0.923690578929968,1.73251854325216e-07,1.4404196990162e-06
2900026A02Rik,1.39307074027208,1.737159663125e-07,1.4436722605341e-06
Ints2,-0.228618882014386,1.74858551423458e-07,1.45255820150594e-06
Rasa4,-0.709691148678836,1.75009690295823e-07,1.45320415371844e-06
Ptchd2,3.41152049712539,1.76288662017721e-07,1.46321067166762e-06
Itga2b,-0.729257149993434,1.77671843863101e-07,1.47407339583781e-06
Vcam1,-1.44648074328956,1.78233580010664e-07,1.47811466437654e-06
Ppp1r3e,-1.34514928187706,1.79474452664895e-07,1.48778236106135e-06
Lztfl1,1.18277945895848,1.82028185178078e-07,1.50832057709902e-06
D630045J12Rik,-0.447698108071392,1.82118935915872e-07,1.50844140814636e-06
Ppp4r1l-ps,-0.442957144504618,1.82795995439382e-07,1.51341634351234e-06
Pdzd8,0.353360079425272,1.82892543738594e-07,1.51358292361016e-06
Syne2,-2.18065828113855,1.84000077307202e-07,1.52211258604504e-06
Kars,-0.342245673749403,1.84427460393128e-07,1.52501103366409e-06
Cklf,-0.710962034930854,1.86211159797306e-07,1.53911761628792e-06
Hagh,0.683368268925576,1.86940697200008e-07,1.54450294841425e-06
Mis18bp1,-1.58815361658821,1.87160820860803e-07,1.54567677077871e-06
Zwilch,-1.183230544423,1.87697083257133e-07,1.5494593734157e-06
Sri,0.309353413548999,1.8818653877685e-07,1.5528525891403e-06
Map4k1,-1.12486543529057,1.89216385251981e-07,1.56005049689018e-06
Ubap2,-0.676308623447616,1.89203081802889e-07,1.56005049689018e-06
Ldb2,-1.64893958599951,1.90119214281874e-07,1.56684183089398e-06
Ikzf4,1.16347244451356,1.90400346206359e-07,1.56850601342377e-06
Ptprj,-0.554538330834236,1.92274623216691e-07,1.58328758344422e-06
Bag5,0.861571674459528,1.94085433328466e-07,1.59753446452076e-06
Gsg2,-1.33554894560877,1.94521300177073e-07,1.60045692925083e-06
Zfp106,0.206292642277074,1.95375035086116e-07,1.60681361912186e-06
Scmh1,0.560166275829332,1.95654834004153e-07,1.60844679643763e-06
Chmp2b,0.765665969889433,1.95939769134617e-07,1.61012082487218e-06
Por,-0.787266309502374,1.96390524370903e-07,1.61315551416067e-06
Abhd15,-2.05030264144531,1.96796757874403e-07,1.61582213637839e-06
Scml2,-1.92439346438133,1.97019802211468e-07,1.61698307625193e-06
Ppfia2,4.09369792074687,1.97318056723044e-07,1.61876006435093e-06
Ap4m1,-0.844530132628284,1.98308340565451e-07,1.62621050789159e-06
Mfsd8,0.888152454606958,1.98953647483571e-07,1.63082700114431e-06
ENSMUSG00000085180,0.648809830294836,1.99483055506391e-07,1.63449004189018e-06
A230046K03Rik,0.337966488872584,2.02285395905236e-07,1.6567659141883e-06
Wdr62,-0.764184866456513,2.02789739239288e-07,1.6602100024369e-06
Mpzl3,0.504817605539431,2.03928550424977e-07,1.66884339364308e-06
P2ry12,-3.70116655686737,2.04115643976097e-07,1.66968451602752e-06
Trnt1,0.588970951116383,2.04233989075295e-07,1.66996280745134e-06
Zdhhc21,0.41781134893532,2.04444266392776e-07,1.670992262337e-06
Fgfrl1,0.436452387154237,2.06685870125068e-07,1.68861673760596e-06
Lysmd4,0.374549603300616,2.07219698090278e-07,1.69227995916695e-06
Adcy9,0.882424413178828,2.08746800237361e-07,1.70391201739078e-06
Dpp3,-0.5232050688282,2.08816121299103e-07,1.70391201739078e-06
Gss,0.844647701382841,2.09140989475867e-07,1.70586003112853e-06
Atxn2l,-0.552727689472541,2.09276655813569e-07,1.70626385003373e-06
Zfyve26,-0.378250377598066,2.10129183616884e-07,1.71250961002007e-06
Pgap3,-1.48539731454041,2.11196086982206e-07,1.72049662961564e-06
Rcn1,-0.461552104965275,2.1133165112884e-07,1.72089309989949e-06
Cbln2,2.81994134897943,2.11418639646171e-07,1.72089385102868e-06
Mirg,-0.665260176684137,2.11982901249044e-07,1.72477788674448e-06
Frrs1,-0.89049766886294,2.12892706750641e-07,1.73146906139207e-06
Mns1,-1.03445856559271,2.14543327003068e-07,1.74417735959309e-06
Kank3,0.826226551204434,2.17605746565104e-07,1.76834805292381e-06
Anxa6,-0.946500479560284,2.1782414777129e-07,1.76939680986982e-06
Rtkn2,-1.6384910586791,2.18480204995271e-07,1.77399835167132e-06
Gnpnat1,0.755077070183781,2.2025153570195e-07,1.78764812009894e-06
Efcab11,-2.04132790179437,2.23826264388533e-07,1.81591779596498e-06
Chp1,0.830500594781247,2.26783043130783e-07,1.83915290178625e-06
Bcl11a,1.00589008243347,2.27228435393196e-07,1.84201061585217e-06
Per1,-0.741400807941742,2.27535610512892e-07,1.84374600269939e-06
Slc31a2,0.474179421808373,2.2887351455228e-07,1.85382866347377e-06
Wwp2,0.307133708887268,2.3091777056968e-07,1.86962204757234e-06
Yap1,-0.206009178509653,2.34216691424015e-07,1.89555674579534e-06
Rabggtb,0.789482141140692,2.34448467621863e-07,1.89665745620236e-06
Gm13135,3.76198555043731,2.35136031636599e-07,1.90082294973034e-06
Plxdc1,-3.02899915716461,2.35155333611358e-07,1.90082294973034e-06
Fbxo38,0.326481848200071,2.35264453775155e-07,1.90092910753291e-06
Nqo1,1.66032423557921,2.35562210353518e-07,1.90255873321414e-06
Gpr116,-2.76296852442765,2.37073274033539e-07,1.91398251894016e-06
Fbxl3,0.830009345746249,2.41778116110621e-07,1.95117107231244e-06
Ufsp2,0.528268307674324,2.43165703972551e-07,1.96156969510077e-06
Slc12a1,-2.58233690084201,2.43775151390575e-07,1.96568530054518e-06
Kctd2,0.602687445748093,2.44816741056634e-07,1.97328072441415e-06
Anxa2,-0.935461919067075,2.44968721866441e-07,1.97370242792636e-06
Proser1,-0.584133278374996,2.45911613134796e-07,1.9804935284756e-06
Klhl30,1.9454144835632,2.47341915286838e-07,1.99120296355306e-06
Nasp,-0.956502621717546,2.47811011650484e-07,1.99416874226988e-06
Fkbp5,-2.13042239113391,2.48787259354146e-07,2.00121156955707e-06
ENSMUSG00000097705,-3.10728369014331,2.49503864733074e-07,2.00616099763451e-06
R74862,0.576885960884109,2.51135538638896e-07,2.01846112305386e-06
Upf3a,-0.411010448140582,2.54837120976437e-07,2.04738107254254e-06
Gm15319,1.55352875723384,2.55164975358379e-07,2.04918376804434e-06
Mapk14,-0.616189403254872,2.62422798321644e-07,2.10661576731327e-06
Zfp503,-1.08875713997737,2.63489448730733e-07,2.11432133009054e-06
Lag3,-1.61903356034229,2.6458075484397e-07,2.12221841592952e-06
Txlna,-0.395004800293242,2.64958871622579e-07,2.12439088810265e-06
Nhlrc1,1.13223032823905,2.68815278865296e-07,2.15443860082895e-06
Zfp931,0.711295284733544,2.70964382942863e-07,2.17078423940148e-06
Csf2ra,-1.02296654101986,2.71116643793536e-07,2.17112576372309e-06
Pth1r,0.912405195449581,2.71740105603824e-07,2.17523890516497e-06
Stk10,-0.798008889309939,2.71906510088782e-07,2.17569152557504e-06
Car9,-0.898420500297959,2.72185366336314e-07,2.17704321281274e-06
Strn3,0.61919057041681,2.76023321495506e-07,2.20684935764917e-06
Nrg1,-1.35552958953627,2.7779360722353e-07,2.22010677863389e-06
Ckap2,-1.1918713396879,2.79257131441059e-07,2.23090287658682e-06
Zfp365,0.48170948722754,2.795080410042e-07,2.23200695324483e-06
Ly6e,-1.52921911988356,2.79650978258582e-07,2.23224827627286e-06
Paqr4,-1.20234657527027,2.79997145886846e-07,2.23411098998514e-06
Crmp1,-2.29639605496952,2.81430236635889e-07,2.24464132353489e-06
Fnbp1,-0.87370885768217,2.87425593392125e-07,2.29072143403993e-06
Lrrc8b,0.518820533380576,2.87439040779096e-07,2.29072143403993e-06
Tnfsf12,-0.539118571450169,2.88642774021594e-07,2.29938917808675e-06
Ndfip1,0.9026114243006,2.89464432766782e-07,2.30500748955101e-06
Nptx2,-1.86975624413239,2.89638028557419e-07,2.30546282859772e-06
Smim8,1.10157636846217,2.91756558363418e-07,2.32139288140986e-06
5530601H04Rik,1.47602917151959,2.92246985289448e-07,2.32436116332218e-06
Gnb2,-0.666067535500365,2.93367161050817e-07,2.33233370431569e-06
Art3,3.12963825073263,2.93913927297861e-07,2.33574294390323e-06
Fam174a,0.920505586636154,2.9540608015479e-07,2.34665945101703e-06
Slc10a3,0.608672331216497,2.96666951975374e-07,2.35573068040108e-06
1700030J22Rik,0.890316023587196,2.99330720180165e-07,2.37593009316553e-06
Tubb4a,-1.5823716222789,3.02246444472389e-07,2.39811241439551e-06
Pgbd5,-1.7447732719394,3.03285314669613e-07,2.40539141838887e-06
Kri1,-0.392756371860055,3.05031076402341e-07,2.41826878986067e-06
Pias1,0.644988700679686,3.09383546308258e-07,2.45179341780262e-06
Gm15417,0.808372038784502,3.11208139763149e-07,2.46526639994776e-06
Clic1,-0.43654634650688,3.12318624256842e-07,2.47307398431927e-06
Neil3,-2.45332693380151,3.15999181166791e-07,2.50121813901963e-06
Fut11,-0.689520429554982,3.1733788403148e-07,2.51081080917276e-06
Camkk1,-0.852579192949125,3.2031333742249e-07,2.53334078846446e-06
Lekr1,0.995062247945995,3.25105418300594e-07,2.57021465230537e-06
Tmem50b,0.379694374975329,3.27261764476888e-07,2.58622984185966e-06
Ifitm10,1.86328645911883,3.28062520766696e-07,2.59152379787142e-06
Ubap2l,-0.341314994992936,3.28194852339212e-07,2.59153542891777e-06
Mis18a,-0.775066994616392,3.32152840382985e-07,2.62174366319037e-06
Ttll7,0.662379008147216,3.32846186009225e-07,2.62616966841701e-06
Rqcd1,-0.430056802443921,3.33147998151827e-07,2.62750416383862e-06
Gm13509,-0.394989045102065,3.33774869546234e-07,2.63140028522835e-06
Egf,1.09859205440591,3.36337321536878e-07,2.65054688249755e-06
4931406P16Rik,-1.11013593515756,3.40190388610127e-07,2.67934497084627e-06
Med15,-0.623353617465433,3.40262199640394e-07,2.67934497084627e-06
Iscu,0.859257313495645,3.41085161453155e-07,2.68475776526959e-06
Tm2d1,0.942596898796219,3.42605364286233e-07,2.69565221864305e-06
Stk38l,1.35411777287405,3.42853278627596e-07,2.69653150513936e-06
ENSMUSG00000097095,0.496520786217321,3.46346051630508e-07,2.72292068538729e-06
Araf,0.4393030632726,3.51430567153428e-07,2.76179799678829e-06
Abca2,0.604235885959343,3.53865508079442e-07,2.77983043316354e-06
Krcc1,0.45531799224443,3.54538835982694e-07,2.78401550666189e-06
Akr1c14,1.67904247014673,3.54876169571987e-07,2.78555991367563e-06
Edc3,0.319435961659171,3.56572149479248e-07,2.79776341057331e-06
Fgf11,-1.41506111246852,3.59240967456132e-07,2.8175873740599e-06
Ankrd13c,0.306159147452265,3.61079780901645e-07,2.83088835351393e-06
Plagl2,-0.341752112853458,3.64147658920329e-07,2.85381093678599e-06
Gmfb,0.575649829265092,3.64543406956621e-07,2.85578229088961e-06
Klhl33,-3.37533751607007,3.65803242770937e-07,2.86451855272267e-06
Sap18,1.24917572386783,3.68066729966064e-07,2.88110415820076e-06
Mmp9,-2.30006640558198,3.68757368065035e-07,2.88536978157249e-06
2410089E03Rik,-0.324948301142153,3.72429203902196e-07,2.91294942894119e-06
Grb2,-0.3119524030245,3.76945174540801e-07,2.94710708117095e-06
Aacs,-0.668223848366424,3.7724106909125e-07,2.94825656364764e-06
Gm14964,1.94399061577355,3.79040873558229e-07,2.96115402759257e-06
Tet1,-0.790475546714684,3.86542244933385e-07,3.01856570136465e-06
Apoh,2.20808576690964,3.88351724049216e-07,3.03150080530969e-06
Ehhadh,-1.3485449776321,3.89715271305084e-07,3.03974841785187e-06
Xkr6,0.705446752718156,3.89702742263644e-07,3.03974841785187e-06
Abhd4,0.6511050115227,3.951568550435e-07,3.08097888081948e-06
Cbx2,-1.32292971925691,4.008099322475e-07,3.12382522559209e-06
Agpat4,0.272697582557765,4.0218931631723e-07,3.13334273027003e-06
Dnajc9,0.656400097871711,4.05367746493514e-07,3.15686309538245e-06
Krt19,-2.10547951881637,4.11633626604289e-07,3.20439950521672e-06
Slx4ip,0.507190654330802,4.1234855712255e-07,3.20870366414734e-06
Slc30a7,0.313674193831973,4.13518848798383e-07,3.21654645781743e-06
Eml1,-0.421202302693023,4.14655722460657e-07,3.22325797356658e-06
Parp9,0.553130518401016,4.14707196356677e-07,3.22325797356658e-06
Pvt1,0.72521761990477,4.20133586300433e-07,3.26415282192773e-06
Mpc1,1.14780946658455,4.2127362253065e-07,3.27172659631255e-06
Ngly1,0.616893941035772,4.24024779228431e-07,3.29180193172867e-06
Zfp811,-1.29683415624392,4.24981813598836e-07,3.2979388074104e-06
Sh2d5,-1.21834808100023,4.30192239764412e-07,3.33706506709534e-06
Rab11fip2,0.45051676998202,4.31535751373123e-07,3.34617620211171e-06
Lama5,2.02536147286892,4.33005913153917e-07,3.35626188027404e-06
ENSMUSG00000046413,2.06584807928078,4.33408946300854e-07,3.35807150725435e-06
Dact1,-0.675891975773647,4.38818419276832e-07,3.39865466380852e-06
Zfp322a,0.390956436282673,4.40033391443201e-07,3.40673232374556e-06
Pum1,-0.211085315488551,4.41180986822132e-07,3.414282244246e-06
Rora,1.20823442158757,4.43485646015016e-07,3.43077723971929e-06
Pola2,-0.653760338913559,4.43934748866188e-07,3.43291049064662e-06
Arntl,0.590333061186969,4.48260388756464e-07,3.4650073141815e-06
ENSMUSG00000022574,-0.773558519710875,4.496468677113e-07,3.47436854005251e-06
Samd12,1.47842872199795,4.50813917730866e-07,3.48202762353435e-06
9930012K11Rik,-1.07029641178196,4.51738700066988e-07,3.48781022071214e-06
Gm2115,-0.92319599815142,4.52620733919574e-07,3.49325838446736e-06
Naip1,3.04680511462648,4.54218421501943e-07,3.5042234590668e-06
Capn11,-2.8580310621498,4.5481590881752e-07,3.50746661145723e-06
Tonsl,-0.735131591659335,4.55151319621189e-07,3.50868693412924e-06
ENSMUSG00000035173,0.401844772304447,4.59239283420417e-07,3.53744642896069e-06
Hand2,2.21343176150516,4.59079647749352e-07,3.53744642896069e-06
Dot1l,-0.748994966708163,4.64124806552936e-07,3.57229991021156e-06
Twist2,-1.20855477560982,4.64075174079143e-07,3.57229991021156e-06
2310057M21Rik,0.552522198483303,4.6730736056291e-07,3.59539820069459e-06
Car2,2.59289013416381,4.70910815184334e-07,3.6217156442371e-06
Haus2,0.642311854494076,4.71432610213346e-07,3.62432120056875e-06
Smpd5,-2.9931513269478,4.75987009200867e-07,3.65791491277221e-06
Arhgef6,0.973903529862534,4.79980837490618e-07,3.68661605214581e-06
Ap3m1,0.257045869631943,4.80094061729148e-07,3.68661605214581e-06
Rfk,0.817118110222787,4.84394454073681e-07,3.7181968094865e-06
Cep290,0.759425072716045,4.88241298001671e-07,3.74494349896334e-06
Clec1a,-2.89398118080681,4.88257125546523e-07,3.74494349896334e-06
Vwc2,2.42301339667501,4.91964154213294e-07,3.77191564461482e-06
Rbm48,0.9100973816535,4.92928948249556e-07,3.77785019006742e-06
Tmed9,0.315261399939338,4.96076844655366e-07,3.80050515727461e-06
E330013P04Rik,-1.75034136472887,4.96868948342941e-07,3.80363071240186e-06
Med12,-0.689633375818647,4.96684483012532e-07,3.80363071240186e-06
Prkcz,0.646174430047319,5.016126630922e-07,3.8384610432295e-06
1110059G10Rik,0.84467439240868,5.03445188579851e-07,3.85099595003297e-06
Gm14421,0.705027639814156,5.04538558173839e-07,3.85786934597479e-06
Ttyh3,-1.55040333028348,5.04773322278449e-07,3.8581747874961e-06
Vwa1,1.84179160383688,5.06647414739308e-07,3.87100517033073e-06
Pdgfb,-1.41280159612503,5.12636970922222e-07,3.91525745165587e-06
Lysmd1,0.546732308089946,5.13974786026086e-07,3.92396170488073e-06
Tmem64,0.652602104578304,5.15859423656849e-07,3.93683238000009e-06
Aph1b,-0.398431236162653,5.16101674692983e-07,3.93716393128653e-06
Tmem171,-1.61947267741385,5.16330692706315e-07,3.93739431588597e-06
Dctn2,-0.383087979133973,5.19754057503885e-07,3.96197434750074e-06
Nek9,0.283811449962741,5.21464618900149e-07,3.97348415263507e-06
Gm8898,0.671405505942146,5.22883357505785e-07,3.98276231232483e-06
5730455P16Rik,0.638721318544994,5.23905002789382e-07,3.98900987129601e-06
Usp32,0.286516530728053,5.30469722179861e-07,4.0374413443697e-06
Olfr1309,2.05561997327433,5.37292454121663e-07,4.08779860216113e-06
Atl3,-0.452972848206091,5.42681108742831e-07,4.12721070566169e-06
Fli1,-1.51379498046841,5.43202070290445e-07,4.12958687141342e-06
Me1,0.604403748532615,5.43470837202485e-07,4.1300446891627e-06
Arhgap44,0.688280231176075,5.44944985479495e-07,4.13965880032065e-06
Epha3,1.38826713562459,5.46090528048122e-07,4.14677025209548e-06
Snapin,0.384484851932274,5.47080317286864e-07,4.15269398372904e-06
Kdm6b,-0.881807969768985,5.50117221308022e-07,4.1741461497257e-06
Pde4a,-1.03339629738927,5.54531005231465e-07,4.20441501822509e-06
Slc2a12,1.02277913262313,5.54464807665461e-07,4.20441501822509e-06
Morc2a,-0.235573912799253,5.5766493271094e-07,4.22655810463355e-06
Zhx1,0.414609706653121,5.63728551846857e-07,4.27087996969211e-06
Gmfg,-2.87323300246641,5.66239974252532e-07,4.28826632890904e-06
Exph5,1.71145938845568,5.69600664826529e-07,4.31150562856023e-06
Prps2,0.593880382763648,5.69744002723799e-07,4.31150562856023e-06
Jakmip2,-2.12045840684105,5.7243207661127e-07,4.33019283621451e-06
9230114K14Rik,0.70793107179476,5.74268907672378e-07,4.34242896049781e-06
Cdca2,-1.83546051736195,5.79525163130173e-07,4.37883110668826e-06
Dkkl1,2.14214696620172,5.79460040707284e-07,4.37883110668826e-06
Aox3,-2.36126331855238,5.82837333013657e-07,4.40085845279805e-06
Ier5,-0.629322594206389,5.82884857689824e-07,4.40085845279805e-06
Ilk,-0.795294531995192,5.88285277686833e-07,4.4399396491273e-06
Cluh,-0.494049140955518,5.89565812884656e-07,4.44790908890199e-06
ENSMUSG00000078521,-2.34654347105112,5.89891432208615e-07,4.44867095333565e-06
Kcnc3,1.16892465791112,5.93621761358457e-07,4.47509910998968e-06
Col22a1,2.80530475520551,5.99098832383936e-07,4.51467019654927e-06
Tmem74,0.980828204418824,6.00184998045306e-07,4.52113491871025e-06
Flot2,-0.607730710080179,6.0872352514901e-07,4.58371128975323e-06
Plekhh2,1.33491117201839,6.09030324231017e-07,4.58427842686091e-06
Bag6,-0.4857465635724,6.13449672087284e-07,4.6157892500063e-06
Tbc1d8b,0.727087122623754,6.14658846346128e-07,4.62313095064137e-06
Ostn,2.71530416430028,6.18137546199135e-07,4.64753073839319e-06
Mybl2,-1.65920987294767,6.25729228404965e-07,4.70282415154912e-06
Yipf2,0.628166317054123,6.26713169524375e-07,4.70843232521272e-06
Gm14137,1.09470236891193,6.33214871096714e-07,4.75547489844494e-06
Cst3,1.81665201976623,6.36089879241276e-07,4.77525548464527e-06
Car12,1.16453392074788,6.37523793760072e-07,4.78420659781147e-06
Proser2,1.93263306331143,6.39107251071458e-07,4.79427272735574e-06
Atxn7l3,-0.307326985826101,6.39597680167298e-07,4.79613497085694e-06
Opn3,-1.89197538796669,6.40576495231644e-07,4.80165666599829e-06
Gm14168,1.42468290489958,6.44618082939409e-07,4.83012353936135e-06
Clec11a,1.42710963445888,6.47199534223753e-07,4.84763221473797e-06
Mfap1a,0.715906675248503,6.51346442282986e-07,4.87684874970596e-06
Il6ra,-1.17254754715758,6.53064532377828e-07,4.88786470113776e-06
Mios,0.446214721925476,6.5418384526778e-07,4.89439247135743e-06
Gnptab,-0.392491466525613,6.55633497540119e-07,4.90338587057572e-06
Fuca1,0.882535898618497,6.60303859378396e-07,4.93645059687797e-06
Cpxm1,-1.81087851184807,6.64240611963391e-07,4.9640079544615e-06
Zfp57,-1.44681342439064,6.65171978591299e-07,4.96909312109471e-06
Phlda3,0.457073767717519,6.78344237549058e-07,5.0655841932208e-06
Pear1,-0.952252955154476,6.8167547678349e-07,5.0885417045685e-06
ENSMUSG00000064347,1.53742604324138,6.82503356029594e-07,5.0928019829729e-06
Cul7,-0.686958189394292,6.85797677806011e-07,5.11545657674962e-06
Mark2,-0.397253389389602,6.92450292409493e-07,5.16313463511958e-06
ENSMUSG00000096808,0.804095628339478,6.96303789468805e-07,5.18796096562837e-06
Wdr19,0.531444946533657,6.96217012826876e-07,5.18796096562837e-06
Ttc21a,2.28252463966103,6.97255919557189e-07,5.19310125269296e-06
ENSMUSG00000064346,1.81513659379837,6.98212220104756e-07,5.19826872441901e-06
Ndnl2,0.471626627154678,6.99583947675347e-07,5.20652405101938e-06
Col4a1,-2.54654099030853,7.01173241876478e-07,5.21639176638684e-06
Sox11,-1.34966017011101,7.03726738612471e-07,5.2334225803535e-06
Mum1l1,1.36183716365147,7.04844869551093e-07,5.23923710339128e-06
Tuba1b,-1.32950491974859,7.05037713620368e-07,5.23923710339128e-06
Fgf10,0.704758592109963,7.0858218019382e-07,5.26162785772719e-06
Zmym5,0.695115920451886,7.08350116536958e-07,5.26162785772719e-06
Rnf170,0.366416873144362,7.1170554131678e-07,5.28153150646798e-06
Sf1,-0.364895082021025,7.11795980143558e-07,5.28153150646798e-06
Hs6st1,-0.431608480587882,7.13902648934534e-07,5.29517904850169e-06
Trib1,-0.619833025028605,7.16421042783448e-07,5.31186908696495e-06
Tcea3,0.821625445854234,7.25871062501678e-07,5.37992160246378e-06
ENSMUSG00000086681,2.8522715962081,7.29323809253135e-07,5.40348998071421e-06
C530005A16Rik,1.48786212714725,7.36496556653257e-07,5.451869831702e-06
Klhl15,0.901590197409114,7.36954935339642e-07,5.451869831702e-06
Rhog,-0.570515638436218,7.36739868311547e-07,5.451869831702e-06
Socs7,0.351936380043821,7.36814627048587e-07,5.451869831702e-06
Fbxl5,0.464233216813323,7.38303785110162e-07,5.45980887241286e-06
Slfn10-ps,-2.23747403806602,7.41568030565251e-07,5.48190118600755e-06
Synb,0.893627942376666,7.42219054654439e-07,5.48466647700616e-06
Neurl1b,-1.85942208889897,7.44914877756808e-07,5.50253421823791e-06
Lars,0.320107546562679,7.46647842125485e-07,5.51327884617939e-06
Bub1,-3.21931899454019,7.5028585616979e-07,5.53807718806803e-06
Fam120b,0.407609230092642,7.55015977639811e-07,5.57091520908302e-06
Fam71e1,1.79379876021541,7.6115790619832e-07,5.61414196437673e-06
Tslp,1.83508969272233,7.62607860280662e-07,5.62274239203211e-06
Hdgfrp3,1.43963269310517,7.6909525403988e-07,5.66846386714022e-06
Wdr36,0.524731610736325,7.69669353123949e-07,5.67058477279267e-06
Qtrt1,-0.620520645534616,7.71099635456973e-07,5.6790097361807e-06
Lama2,-2.81084909138673,7.71782015670834e-07,5.68192231908744e-06
Tor1aip1,-0.217133521739718,7.7412329887024e-07,5.69704117830778e-06
Micu3,0.611186970736429,7.84647247559432e-07,5.77234550173365e-06
Ankle1,-2.24981117842654,7.85710569450891e-07,5.7780215809155e-06
Chd4,-0.351133370695639,7.91262255093977e-07,5.81668808458839e-06
Dynlt3,0.370052696640626,7.93949131139637e-07,5.83269824482407e-06
Fnbp1l,-0.725668725137627,7.94029209656923e-07,5.83269824482407e-06
E2f8,-2.76165688868891,7.9452763363875e-07,5.83419549743485e-06
Nudcd2,0.593449285628148,7.98227616966366e-07,5.85919189266194e-06
Cd80,0.659763957191963,8.1721436238518e-07,5.99633687761249e-06
Ogdhl,0.396670468114657,8.20310483287799e-07,6.01682548556725e-06
Ahcyl2,0.516203087900766,8.22336095287655e-07,6.02944984490067e-06
Kcnu1,2.07419162239124,8.41624379742582e-07,6.16858964338345e-06
Erbb2ip,0.364425718838414,8.46753134055302e-07,6.20388422746252e-06
Ecscr,-2.70516193882368,8.55676395017095e-07,6.26694353806159e-06
Otud4,0.32577289587841,8.56472598756283e-07,6.27045595037687e-06
Prrx1,0.294714010321128,8.66137821283489e-07,6.33887413625211e-06
Gapdh,-1.06722083795892,8.68366398589771e-07,6.35283640844914e-06
Llgl1,-0.520239580870102,8.71708141775699e-07,6.37492911363587e-06
Rock1,0.523634164241587,8.81662423051532e-07,6.44534611521319e-06
Tprgl,0.328841249592631,8.92705994192069e-07,6.52367140552758e-06
ENSMUSG00000085733,2.36904139884964,9.06841559348789e-07,6.62452609418791e-06
Cd276,-0.545221408137235,9.09512311189967e-07,6.64158621342408e-06
Ptbp1,-0.672138971632427,9.13208020433383e-07,6.66611560510974e-06
Zbtb33,0.536764217404945,9.13976428130749e-07,6.66926646378089e-06
Npl,-1.06631594759115,9.18495806269627e-07,6.69977567122052e-06
Fam19a1,1.35544672159928,9.2236294455992e-07,6.72550653684266e-06
Pafah2,0.29530662726067,9.24230562279432e-07,6.73664411313282e-06
Ttc19,0.336925570399716,9.25800328707824e-07,6.74560327804627e-06
Mtap7d3,-1.96373629387366,9.3681362479612e-07,6.82333836905567e-06
Map3k11,-0.901336472121843,9.46646047680958e-07,6.8924185030418e-06
AI504432,-2.50535103627218,9.56019833738019e-07,6.95810980791904e-06
Scp2,0.627729474326179,9.61619395211641e-07,6.99629335149572e-06
Gimap9,-1.36537944117804,9.70319009220003e-07,7.05699510047482e-06
Grik1,-2.46684036100181,9.75471108482055e-07,7.09186117194516e-06
Kcnk6,-1.32967895979006,9.77024798893123e-07,7.10055013478143e-06
A230087F16Rik,1.96171527385179,9.80489515780271e-07,7.12311605668103e-06
Osbp,0.254128257008048,9.88756229539282e-07,7.18053845610412e-06
Fah,-1.35056375101557,9.89411877290491e-07,7.18266598895194e-06
Anapc15,-0.387664971537819,1.00325875754556e-06,7.28051903057244e-06
D930048N14Rik,-1.90139209503885,1.00930600185613e-06,7.32172016877613e-06
Dhrs1,0.340939382282378,1.02646056991782e-06,7.44343651653335e-06
Mettl1,0.516559991162915,1.0283658445379e-06,7.45452312782889e-06
Dusp10,0.749883312459666,1.03241194302729e-06,7.48111456996429e-06
Ltbr,-0.415229514431743,1.04014297198698e-06,7.53437871881131e-06
Amd2,2.69745560457362,1.0479115762223e-06,7.58787599835703e-06
Abhd14a,0.512592523343154,1.06259489497811e-06,7.68857482650586e-06
Dlx3,5.10454236665705,1.06248971863686e-06,7.68857482650586e-06
Gm10108,-1.32176232216074,1.06443684194902e-06,7.6990895609782e-06
Capns1,-0.372271053820878,1.09702440244238e-06,7.93189896530444e-06
Synrg,0.629068169542836,1.09841336540849e-06,7.93904317100356e-06
Lzts3,-0.533857483669173,1.10410811206749e-06,7.97729188302974e-06
Cystm1,1.47210164458215,1.10456413980149e-06,7.97767623071797e-06
C2cd5,0.734191255970731,1.10502702092339e-06,7.97810977847862e-06
Galk1,-0.676831820112713,1.11080105334987e-06,8.0168746576315e-06
H2-Ab1,2.67697439758338,1.11247671814539e-06,8.0260433246453e-06
Esco2,-2.39918457989527,1.12437027720969e-06,8.10889620169724e-06
Cdc73,0.364144975381388,1.13398058220208e-06,8.17522804875503e-06
Sez6l2,-2.46489412513708,1.13897577283676e-06,8.20825189419914e-06
Zyx,-1.42146613339817,1.14299788220708e-06,8.23424156392468e-06
Adora1,2.47933679176936,1.1476866130506e-06,8.26501297631057e-06
Zfp949,0.668485267099839,1.15902887120993e-06,8.3436596748242e-06
Tomm20,0.504375863486619,1.16322161572208e-06,8.37079973755816e-06
Zmpste24,0.532635767873265,1.16864079317409e-06,8.40674256012341e-06
Lingo2,-1.90561576208788,1.16966658561066e-06,8.41106647110878e-06
Mettl10,0.624543007476948,1.17363377031638e-06,8.43384736303375e-06
Tle2,-0.644670705154064,1.1736862922905e-06,8.43384736303375e-06
Hmgb2,-0.92547945723795,1.17554840801193e-06,8.44416419015897e-06
Ubxn2a,0.888072211117794,1.18336734928452e-06,8.49724691270145e-06
Ier3ip1,0.524424218360722,1.18668451169241e-06,8.51797755330064e-06
Impad1,0.491823063484372,1.18817841287387e-06,8.52561061179497e-06
ENSMUSG00000085586,1.09086214762241,1.18987268239412e-06,8.53467533579613e-06
Commd10,-0.429213493802354,1.19226694174565e-06,8.54875253958394e-06
Mical3,0.58878246538131,1.23317260233443e-06,8.83885277474884e-06
Lrrc61,0.474111517788385,1.24659240976532e-06,8.9318075553518e-06
Dock3,1.38135504616715,1.26399935745981e-06,9.05325254073562e-06
8430419K02Rik,-2.66975347306199,1.27871420810224e-06,9.1553348435491e-06
Kcnb1,1.93586172239295,1.28087436313921e-06,9.16748676819982e-06
Shisa2,1.55119517544245,1.28161974317249e-06,9.16950772896967e-06
Ndufaf1,0.63195470281704,1.28684630439625e-06,9.20357681916333e-06
Syngr3,1.74642996643101,1.28850131025703e-06,9.21208662394595e-06
Gstz1,0.565245510189845,1.31178766673544e-06,9.37518691881225e-06
Srgap1,-0.493513053162108,1.3134151875204e-06,9.38343231372798e-06
Ogfod1,0.271045935020801,1.32215030424459e-06,9.44243224856111e-06
ENSMUSG00000061411,0.518369330165077,1.32507003455381e-06,9.45987273406762e-06
Dpcd,0.782371407370432,1.3273140461517e-06,9.47247833152728e-06
Slc37a4,0.756466986689919,1.33572406431798e-06,9.52906317354227e-06
Kif7,-0.550644784869578,1.34263411320239e-06,9.57491032692117e-06
Ebf2,-1.61717936060254,1.34381133284758e-06,9.57985588038645e-06
Ccdc39,1.16000119709327,1.34996769442885e-06,9.62028075583627e-06
Lrrc58,0.361250154837833,1.35634820663379e-06,9.66227333963148e-06
Dynlt1b,1.02138980840859,1.3831301555694e-06,9.84951801542484e-06
H2afy2,-0.621611584233001,1.38609796057668e-06,9.86710424560047e-06
Dctn5,0.199532011175883,1.39009737582973e-06,9.89201883971683e-06
Inpp5j,-2.66962292997844,1.3940177095541e-06,9.91635298850912e-06
Alox5,1.26327005208959,1.40113906199658e-06,9.96343195108805e-06
Acyp1,0.969612863012916,1.40809400749542e-06,1.00092942298777e-05
Ccdc55,0.702359156750462,1.41078281820486e-06,1.00248090892462e-05
Rrm2b,0.511557770447437,1.41954940604691e-06,1.00834850923074e-05
Msln,5.05108827948122,1.42513404432906e-06,1.01195247808866e-05
Tmem159,0.550101783021026,1.43769945504197e-06,1.02014331808137e-05
Btbd2,-0.463691016877243,1.43754368705922e-06,1.02014331808137e-05
Kctd19,2.93847409381618,1.44252686672221e-06,1.02320207981972e-05
Lrriq3,0.982558735917168,1.44768136358025e-06,1.02649057373231e-05
Agbl3,0.749403835657644,1.44906411963992e-06,1.02710328651929e-05
Ptov1,-0.571944351617187,1.45720043314242e-06,1.03250080064231e-05
Nup107,-0.508779010848676,1.45831079403126e-06,1.03291798873373e-05
Tns4,1.91110658067712,1.46486831454858e-06,1.0371917090211e-05
Sh3yl1,0.589602174875334,1.48766050213233e-06,1.05295313024405e-05
Nfya,-0.488821294123511,1.50439288592591e-06,1.06441574536894e-05
Asb5,2.71933115837083,1.53549809703328e-06,1.08603586834454e-05
ENSMUSG00000085696,-1.30613867905988,1.5419288676447e-06,1.09019490520656e-05
Mki67,-3.78618703825366,1.5495095573217e-06,1.09516371424693e-05
Supt20,-0.356859844382311,1.55219788415636e-06,1.09667238308357e-05
Polr1a,-0.329877515660013,1.55841152848007e-06,1.10066982560697e-05
Nrp2,-0.494571208711581,1.5796199722268e-06,1.11525112049838e-05
Usp21,-0.368957683274221,1.58772168432044e-06,1.12057164063727e-05
Ets2,-0.958357049735966,1.59019519115436e-06,1.12191754775992e-05
Ccna2,-2.27383753460416,1.5934318368195e-06,1.12380071568282e-05
Raver1,-0.494191420160479,1.60639176227319e-06,1.13253764542749e-05
Taf7,0.926935814717448,1.608770263399e-06,1.13381090022612e-05
Lyrm7,1.03962152496539,1.62340398823187e-06,1.14371727438435e-05
Rab43,-0.518221081163773,1.63486446125275e-06,1.15138178487374e-05
ENSMUSG00000097754,-1.64038620062653,1.6387459180522e-06,1.15329510167398e-05
Rapgef1,-0.420312075593615,1.63856746563106e-06,1.15329510167398e-05
Cdkn2b,1.14493390792365,1.64392258705975e-06,1.15652727936523e-05
Zfp747,0.662300690548165,1.66196226629413e-06,1.16880329267361e-05
Bnip2,0.146849590977027,1.66736608484424e-06,1.17218736046345e-05
4930427A07Rik,-0.735502029136125,1.68618500422634e-06,1.18499672901698e-05
Syt4,3.40778182623198,1.69217774800514e-06,1.1887863824581e-05
Oas1g,-2.51945134827425,1.71113400414393e-06,1.20167722759101e-05
Ptger2,-2.15191855799189,1.71644169480117e-06,1.20497735993769e-05
Paqr6,1.91132332818816,1.71997810264507e-06,1.20703211710783e-05
Trp53i11,0.787363741873246,1.72879472710563e-06,1.2127896130216e-05
Mmp17,-2.23291886783847,1.7401520952719e-06,1.2203247908911e-05
Lrrc39,1.39569809014107,1.74585350416797e-06,1.22345657454149e-05
Sapcd2,-2.47220594777503,1.74532348999155e-06,1.22345657454149e-05
Tra2a,0.314358110244013,1.76566432444787e-06,1.23690188473172e-05
Whamm,0.604289359957516,1.76651194047062e-06,1.23705807882179e-05
Ephb3,-0.686862105603646,1.78450690097159e-06,1.24921790975049e-05
Phf19,-2.39347598864742,1.79280340072743e-06,1.25458228084827e-05
Klf16,-0.688794829530285,1.7968081874837e-06,1.25694063387238e-05
Cyp1b1,1.45584162380935,1.79990739804933e-06,1.25866405759071e-05
Cnih1,0.279823961895626,1.81160610930806e-06,1.26595086057646e-05
Gga3,-0.570876380637561,1.81137355049497e-06,1.26595086057646e-05
Slc15a2,-2.05959780313772,1.82801960320413e-06,1.27697002546224e-05
Polh,-0.51325070395102,1.85209371578206e-06,1.2933308867189e-05
Syne1,0.34030657889188,1.85782783909953e-06,1.29687777671932e-05
Slc1a3,2.19840299896877,1.87356232819162e-06,1.30740057602209e-05
Npbwr1,3.62918488637381,1.88472206833348e-06,1.31472475664939e-05
Gm10275,-0.463718194917692,1.89955204541787e-06,1.32457755388883e-05
Ifi30,-0.453466683219213,1.90018422066157e-06,1.32457755388883e-05
Sephs2,-0.847724701732958,1.90236970021065e-06,1.32563439630443e-05
Ccdc37,1.05966922869106,1.91508406244694e-06,1.33396368445771e-05
Upp2,1.01320525037432,1.91566992455955e-06,1.33396368445771e-05
Nudt7,0.494748466253305,1.91959629701143e-06,1.33622794608135e-05
Snai3,2.89373490810178,1.95029246950982e-06,1.35711848440522e-05
Anxa10,3.18894084473337,1.97032284605254e-06,1.37057511918597e-05
9930021J03Rik,0.319038089451607,1.97212663547696e-06,1.37134817025933e-05
Casc4,0.561747202671239,1.98751486353062e-06,1.38156350850686e-05
Pusl1,-0.479362025464101,1.99327343395028e-06,1.38508024862987e-05
Zfp687,-0.286256050170397,1.99751503240981e-06,1.38754078224637e-05
Strn4,-0.331955780896995,2.00357958645362e-06,1.39126543233266e-05
Ccdc87,1.13304195671004,2.02922150077019e-06,1.40857702773406e-05
Relt,-0.64294110137948,2.03140937626485e-06,1.40960165688679e-05
Haghl,0.585748631081272,2.0709997512694e-06,1.4365701952413e-05
Phc3,0.372325326092603,2.07311015555127e-06,1.43753058545299e-05
ENSMUSG00000064343,2.51832458984981,2.07809331432165e-06,1.44048162397011e-05
Dopey1,0.686155594952417,2.11795468263527e-06,1.46759882907309e-05
Erlin1,-0.488554791627676,2.13173749535964e-06,1.47663271626801e-05
Lgi4,2.33283391590122,2.13594329823322e-06,1.47902870902834e-05
Rps6ka6,-0.869974299427378,2.13915271480028e-06,1.48073332275095e-05
Kctd21,-0.471252254950821,2.15909731038392e-06,1.49401688102177e-05
Tyw5,0.772873795989466,2.16174086429013e-06,1.49532364919322e-05
Inca1,0.832459135056436,2.16838780644999e-06,1.49939776951591e-05
Oas2,-1.7459126987926,2.17041554306817e-06,1.50027607032887e-05
Mttp,-0.782596146088734,2.17187181416951e-06,1.50075887675551e-05
Cenpk,-1.48400402858041,2.18656258607164e-06,1.51038316897673e-05
Pabpc1l2b-ps,1.26300805611004,2.20498452363873e-06,1.52257717943311e-05
Recql4,-0.730456026874826,2.21848420282776e-06,1.53136497569889e-05
Synj2bp,0.237982795028129,2.24448468495714e-06,1.54877263766172e-05
Rrp36,0.575207005712903,2.248360958051e-06,1.55090701543859e-05
Intu,0.426058632086904,2.25164556073652e-06,1.55263191799534e-05
Hoxc8,-1.83156446422663,2.25679318966347e-06,1.55563983042448e-05
Elovl6,-0.585838487973287,2.25882498477594e-06,1.55649860815946e-05
Syt9,3.14696438049465,2.25973213109712e-06,1.55658209127817e-05
E130311K13Rik,0.603190010284591,2.27892998785546e-06,1.56926041305597e-05
Dpm1,1.22235023700118,2.27987972535397e-06,1.56936872022628e-05
Ptpn22,1.93101577258227,2.29524313441984e-06,1.57939524093296e-05
Zbed4,-0.459735506470834,2.30226949889533e-06,1.5836799290074e-05
Ccdc53,0.406958953732646,2.3035511064712e-06,1.58401132335263e-05
Golga4,0.391867886512748,2.31331574543554e-06,1.59017372518589e-05
ENSMUSG00000007987,0.622845224128224,2.3340012057289e-06,1.60383622061954e-05
Nup62,-0.442455027432072,2.35630062996044e-06,1.61818090818543e-05
Pomgnt2,0.618524149625455,2.35651067421065e-06,1.61818090818543e-05
Arl16,0.515832654570949,2.39713179732507e-06,1.64550426739084e-05
Sdr42e1,0.725091646416578,2.40354114298692e-06,1.6493322521037e-05
Mlh3,0.406753986113514,2.44476157960968e-06,1.67703700459266e-05
Zfp612,0.524215777599883,2.44935877995986e-06,1.6796087700251e-05
C5ar2,-2.24843472901871,2.45246759048497e-06,1.68057675300915e-05
Hdac7,-0.918347499393181,2.45241103302082e-06,1.68057675300915e-05
Snap91,0.86993853218167,2.45622632793255e-06,1.68257025936964e-05
Ywhah,-0.450884572967408,2.49081728713514e-06,1.70567584904649e-05
ENSMUSG00000097164,0.47475490915047,2.49435436834751e-06,1.70750756691165e-05
Aspm,-2.81718230671834,2.49587298736178e-06,1.70795676025268e-05
Ccdc163,0.737197338914557,2.50150234196859e-06,1.71121769880297e-05
Xkr5,-1.89624839841876,2.50492984737888e-06,1.71297067325591e-05
Myct1,3.5450391434864,2.51333865791005e-06,1.71812767625995e-05
ENSMUSG00000087502,-1.06462082594538,2.53323216709741e-06,1.73112939396815e-05
Sft2d3,0.57505501747356,2.56536203842617e-06,1.75248119382518e-05
D17H6S53E,-0.483643966065833,2.59293968002208e-06,1.77070956631577e-05
Hoxb5,-1.31017211008105,2.59593667544559e-06,1.772145119632e-05
Ankrd46,0.761438193012286,2.60353445326687e-06,1.77671937672285e-05
Gabrb2,3.126382447865,2.61004812087079e-06,1.77993777499054e-05
Gpr88,-1.74675766266959,2.60999824100481e-06,1.77993777499054e-05
Rnmt,0.626067766159788,2.64955106023267e-06,1.80625504980543e-05
Car11,1.41994233698548,2.66432987645776e-06,1.8157050541421e-05
Fhl2,-1.57978491374772,2.67008713642164e-06,1.81900260232866e-05
Oacyl,-1.75043184384318,2.69223198901594e-06,1.8334581262198e-05
3222401L13Rik,-0.919359901743135,2.69616827567586e-06,1.83550761538277e-05
Rfesd,0.95647948581851,2.70580426073709e-06,1.84080204670688e-05
Nrap,2.7118853841168,2.70497778385385e-06,1.84080204670688e-05
Ndufs2,-0.290978179136505,2.71638279492101e-06,1.84736417824917e-05
Gipc2,1.31109946597164,2.72038060951261e-06,1.84944790905553e-05
Rchy1,0.664163756568096,2.7223337425372e-06,1.85014061212103e-05
Hmgn2,-0.880942980384134,2.72564417973342e-06,1.85175496862575e-05
Prim1,-1.39028531753447,2.72887959419727e-06,1.85331726623741e-05
Acvr1c,2.34296481666451,2.75491102214373e-06,1.86971411523422e-05
Mb21d1,-0.930678959826873,2.7546879641821e-06,1.86971411523422e-05
Mtch1,-0.49607388797418,2.76025767006991e-06,1.87270102425709e-05
Dph6,0.491373224343074,2.76407330149819e-06,1.87464752270103e-05
Adam19,-1.94422928676701,2.76811360975323e-06,1.87647598553916e-05
Gatad2a,-0.438825355249951,2.76866432526026e-06,1.87647598553916e-05
Psma7,-0.332005581410275,2.80855797426413e-06,1.9028628847871e-05
Ttc21b,-0.38048968819203,2.83720269963992e-06,1.92161293651399e-05
Ppp1r2,0.336879222896503,2.88811386685033e-06,1.955425880995e-05
Rbm5,-0.18924801587518,2.89162784505529e-06,1.95646729905962e-05
Hnrnpul1,-0.374284530929366,2.89120534546601e-06,1.95646729905962e-05
Entpd5,0.539475396367714,2.89670527930098e-06,1.95923331117748e-05
1700008F21Rik,1.47897028774655,2.91518386183085e-06,1.97105842265955e-05
Olfr1033,-1.98813397281882,2.92628918619704e-06,1.97789184448622e-05
Dmrta1,1.79190720562754,2.93530116507982e-06,1.98330618468921e-05
Chmp2a,0.428784664857948,2.96526832765169e-06,2.00287087178766e-05
Gen1,-1.94276595644276,2.99671359496005e-06,2.0234202534807e-05
Dut,-1.58069509090322,3.03370173360501e-06,2.04769697110816e-05
ENSMUSG00000031532,0.631321660089893,3.06208552181585e-06,2.06615133472031e-05
Litaf,-0.756891736237576,3.08087612535866e-06,2.07812230199601e-05
Naga,0.430671999187801,3.09180676951169e-06,2.08478519793699e-05
Pla1a,-2.08524532310941,3.1002819549895e-06,2.0897884219405e-05
Btbd1,0.687257990516448,3.11026171892942e-06,2.09580207831501e-05
Ercc6l2,0.325210300302529,3.11433891219268e-06,2.09783564003618e-05
Tmed5,0.473684028212702,3.12393826758628e-06,2.10358631252222e-05
Gramd1a,-0.500735765448848,3.12767489836149e-06,2.10538659711594e-05
Tgtp1,2.29811388938187,3.13168608687564e-06,2.10737041333623e-05
Gm12185,0.972080749824354,3.14482755031677e-06,2.11549278710989e-05
Vps13d,0.40781047578866,3.14589287923583e-06,2.11549278710989e-05
Rtl1,-0.929017099330347,3.15124885881048e-06,2.11837516632324e-05
Pfkm,-0.436197947796892,3.15703234843499e-06,2.12154287846646e-05
Prrt2,-2.01198091877531,3.17543984420973e-06,2.13318896454307e-05
Pcmtd2,0.680029859433471,3.18072982675747e-06,2.13601809050882e-05
Gpc1,0.82834249163195,3.25753251646393e-06,2.18685335444243e-05
Plscr1,-0.860148452007954,3.26820932381358e-06,2.19327744658774e-05
Tomm40,-0.544263223690036,3.29841155677371e-06,2.21279615414453e-05
Myof,-0.701004483472732,3.30275911437611e-06,2.21496246194055e-05
Slc12a5,1.45792166251117,3.31550840120183e-06,2.22275993153016e-05
Slc12a7,-0.332025059200884,3.33305973277874e-06,2.23377038740948e-05
ENSMUSG00000043419,1.43251893073772,3.34562972132745e-06,2.24143609611532e-05
Fbxo48,-1.67211957465823,3.35901563474747e-06,2.24964307171251e-05
Dusp5,-0.806870571804652,3.36479235977538e-06,2.25275009780229e-05
Depdc1b,-2.56823323204041,3.37451064766414e-06,2.25849303367153e-05
Armcx2,-0.226810967391349,3.38684278651195e-06,2.26598089675955e-05
ENSMUSG00000073650,0.917763941508973,3.39497076502884e-06,2.27065184162888e-05
Rusc1,0.346796871117533,3.3981889353854e-06,2.27203692357774e-05
Rhd,1.83136402126695,3.42062396871966e-06,2.28626517301803e-05
Eda2r,0.441534100910758,3.43005827330439e-06,2.29179736992308e-05
Gm21451,-3.64038627141819,3.45248555476139e-06,2.30600417964569e-05
Agt,-2.24539882111744,3.45833953139752e-06,2.30913540390413e-05
Ubtf,-0.351896107356474,3.46219576733739e-06,2.31093107436298e-05
Gfra1,-0.738973344182197,3.467246900571e-06,2.31352283082574e-05
Herpud1,0.37455680469936,3.4858004638007e-06,2.32511931239842e-05
Zswim8,-0.51185505850507,3.50418342793136e-06,2.33659422918359e-05
Chsy1,-0.418179089731811,3.51048781092152e-06,2.34001011805755e-05
Eif4e3,-0.44491631060518,3.52340384486043e-06,2.34782939917954e-05
Dnajc30,0.659135173140185,3.53467675565472e-06,2.35375717784082e-05
Rpsa,-0.548552142820395,3.53422575068341e-06,2.35375717784082e-05
Rhov,-1.95877881192952,3.55782254671713e-06,2.36837370471214e-05
Ttc18,2.32342589144976,3.57228054971444e-06,2.3771990593597e-05
Ret,-1.63301100716615,3.57844181029327e-06,2.38049921434491e-05
Polr2m,0.314256526111904,3.58819979266131e-06,2.38618900919626e-05
Rpsa-ps10,-0.452549303087199,3.590510466876e-06,2.38692411164862e-05
Bbs4,1.25562539265786,3.59619449329665e-06,2.38990052836399e-05
Elf4,-0.597295465187552,3.61170879445414e-06,2.39940560098523e-05
Klhl24,0.237550462636418,3.6372893248251e-06,2.41558946307298e-05
Kng1,-2.33843064745128,3.64437756708309e-06,2.41948552928305e-05
Frmd4b,-1.52274416353209,3.70683247830311e-06,2.46012434317409e-05
Ctbs,-0.370079069139687,3.71766262851665e-06,2.46648545042358e-05
Abhd13,0.648075800407948,3.7247741782062e-06,2.47037601557922e-05
Gm13461,-0.650850358245448,3.73281259407461e-06,2.47487849390872e-05
ENSMUSG00000097157,2.42915729459292,3.74262977904447e-06,2.4805568990695e-05
Ostc,0.379604414083807,3.75722177675513e-06,2.48939511766004e-05
Tfb2m,0.763412335132576,3.76072200504137e-06,2.49088088922539e-05
Trrap,-0.536686814568979,3.8011737587688e-06,2.51683199995511e-05
C330027C09Rik,-1.35900467797067,3.82454877561984e-06,2.53146269894303e-05
Xlr,-4.0807804120987,3.82866561902654e-06,2.53334092613437e-05
Trim68,0.577513260808178,3.84848057716695e-06,2.54560151470322e-05
Ndst2,-0.58200682825033,3.85321777922165e-06,2.54788396994008e-05
C2cd2,-0.691778018097053,3.85829911889715e-06,2.55039238153001e-05
Cnnm3,0.444413461146201,3.87637768689234e-06,2.56148761131851e-05
Erc1,-0.639474436390425,3.89352609671904e-06,2.571961001315e-05
Gm14399,1.04044263910479,3.99819039435758e-06,2.64021882527034e-05
Gna15,-1.13745160476744,4.0033107346431e-06,2.64271885962907e-05
Itgb3,-1.26047164018801,4.0256154532292e-06,2.65655742871546e-05
Gm6483,0.549303115384476,4.03509250204056e-06,2.66192444738212e-05
Gprc5c,1.15471843557709,4.04909742894273e-06,2.67027390885054e-05
Amer1,-0.654441293854517,4.05347741179333e-06,2.6713832500218e-05
Zfp938,0.999958014128891,4.05256661966828e-06,2.6713832500218e-05
Med22,-0.47214725848327,4.07299680909931e-06,2.68335425174327e-05
3110039M20Rik,-0.949093315394078,4.08370981941879e-06,2.68951743477784e-05
Dad1,0.509403316992498,4.08511254174012e-06,2.68954683432917e-05
Phkb,0.530810092427654,4.11721154762053e-06,2.70977924523353e-05
ENSMUSG00000087128,1.81725369066467,4.12814084100771e-06,2.71606980781783e-05
Zfp518a,0.437394305874375,4.169258428132e-06,2.74221168750336e-05
Rilpl2,-0.638432313051095,4.18289952826611e-06,2.7502703272836e-05
Pm20d2,2.39521195296287,4.19771974957878e-06,2.75909863659669e-05
Rnaseh2a,-0.60599904874071,4.2078635659491e-06,2.76484837624605e-05
Phc2,-0.417217560553646,4.21735128422506e-06,2.77016334437125e-05
Rptor,-0.290314789781611,4.22741079804623e-06,2.7758502468338e-05
Tbc1d13,-0.500549176111894,4.23841779350227e-06,2.78215531927474e-05
Col4a2,-2.24052445916734,4.25614904395176e-06,2.79286864368525e-05
Usp2,0.833035633047688,4.2578867909214e-06,2.79308347159349e-05
Prpf38b,-0.364193111836693,4.28814920867154e-06,2.81200354067984e-05
Akap11,0.685028247722452,4.31479578311763e-06,2.82854073779747e-05
Serpinb9,-0.661141542190021,4.32706826873799e-06,2.83564725327886e-05
Khk,-0.898603317290014,4.34183832646152e-06,2.8443852536303e-05
Mmp27,-2.14027635580748,4.34523537370837e-06,2.84566935651192e-05
Msx1,3.0120212337193,4.35163662818934e-06,2.84891939784006e-05
Dlst,-0.349617893474675,4.37238543889951e-06,2.86155721189577e-05
Nt5c3b,-0.739599860135466,4.3773459440207e-06,2.86382648774047e-05
Zfp853,2.29574265925792,4.37874500347311e-06,2.86382648774047e-05
Kcnk2,2.32647955647052,4.3816887525239e-06,2.86480568025696e-05
Cdc45,-0.855951209985107,4.41102578825643e-06,2.88303480893169e-05
Ubxn1,0.443638403674185,4.42202013174049e-06,2.88926712929689e-05
Smarce1,-0.295598782642496,4.43342928049135e-06,2.89576627542384e-05
Zfp335,-0.595635944256185,4.44089143545041e-06,2.89968394288361e-05
Gltscr1,-0.581086362407841,4.45526952115536e-06,2.90811330247069e-05
Foxn2,-0.362802869236346,4.4604611903287e-06,2.91054278132684e-05
ENSMUSG00000064368,1.48596177983348,4.46272633295535e-06,2.91106166988958e-05
Sepp1,-1.57129764296373,4.48211379461845e-06,2.92274552481475e-05
Elmod3,0.621893063846579,4.48508089054516e-06,2.92371764174971e-05
Slc6a6,-0.491089554202788,4.50125220697487e-06,2.9332938041109e-05
Swt1,0.632486915468828,4.51278257399095e-06,2.93984033208279e-05
Tctn3,0.50191654713583,4.55282253986918e-06,2.96494895033111e-05
Pik3r3,0.819274642548949,4.56254350567167e-06,2.96950013016807e-05
Schip1,0.731201999557457,4.56280998591267e-06,2.96950013016807e-05
Gm8113,-1.00761280618319,4.59371671004633e-06,2.98863225117469e-05
Mpp5,0.454312613577343,4.60202229859399e-06,2.99305253206422e-05
Ncs1,-0.569507478726279,4.61757752962128e-06,3.00218336824097e-05
Ankle2,0.391522068805001,4.64424444104118e-06,3.01853025633015e-05
Zfp456,0.962696386443813,4.66810973964943e-06,3.03304610511868e-05
Clec4a2,-2.65247551652923,4.6837816750252e-06,3.04223064257786e-05
Efs,-1.68231308568906,4.72671913873246e-06,3.06911297781828e-05
Kng2,-1.3734424470081,4.82832064674073e-06,3.13405644339736e-05
Myo7a,-0.539543561811846,4.83458821998832e-06,3.13709649766214e-05
Caps2,1.14634505925119,4.87105646160403e-06,3.15972493172637e-05
Cd200r2,2.85044753812147,4.88189226108672e-06,3.1657169069601e-05
Tor3a,0.408611847173843,4.91051899293481e-06,3.18323790952802e-05
Igf2,4.34065771600537,4.92239121777602e-06,3.18988991089124e-05
Eif4a2,0.632934358056677,4.95740665218145e-06,3.21095805288927e-05
Sp1,0.23114517266893,4.95814468073893e-06,3.21095805288927e-05
B3gnt8,-1.08870714243081,4.96605996311875e-06,3.21503273977129e-05
Sox4,-0.683414559827309,5.04807119473378e-06,3.2670588869447e-05
Rnf146,0.704762446070997,5.06606942144808e-06,3.27758931455328e-05
Ggcx,0.326835202551453,5.06765223245917e-06,3.27758931455328e-05
Slc9b2,-1.43103380789077,5.08186407200297e-06,3.28570800136947e-05
Bscl2,0.691058057310051,5.16051345511806e-06,3.33547025016835e-05
ENSMUSG00000097752,3.36020170091408,5.1881150352743e-06,3.35221631838735e-05
Nap1l5,2.19464750034817,5.22114118900935e-06,3.37245531986762e-05
Adcy5,1.58088816360422,5.25902384673197e-06,3.39581702838865e-05
Nudt11,1.59295779649195,5.34338441036478e-06,3.44916508679479e-05
Iqgap3,-2.92615769205455,5.37740515885525e-06,3.46999451827857e-05
Ralgapb,0.210336875316947,5.38079344459453e-06,3.47104994712541e-05
Hmgcs1,-0.648404771591746,5.41867635428775e-06,3.49321180079149e-05
Igsf1,3.03514535810414,5.41714471551391e-06,3.49321180079149e-05
ENSMUSG00000097728,0.942099322030639,5.44207995202773e-06,3.50715754539398e-05
Tasp1,0.420698457698981,5.44524402483392e-06,3.50805506401467e-05
Rnf180,-1.82382963752542,5.46649876804646e-06,3.52060297893958e-05
Smim19,0.94737642571468,5.4923121566165e-06,3.53607769667208e-05
Timm50,-0.493816243548436,5.5506307795847e-06,3.57027978480029e-05
Atp6ap1,0.430620544744191,5.55084399989905e-06,3.57027978480029e-05
Dstyk,0.51043893269176,5.54851803204786e-06,3.57027978480029e-05
Ripk1,-0.455501273816655,5.56234649974308e-06,3.57651656106857e-05
Gm4524,1.68933832619535,5.57541882065195e-06,3.58375833574136e-05
Vash2,-1.16462292052352,5.59446947836773e-06,3.59483690946121e-05
Cmtm7,-0.663059342931283,5.66099675899113e-06,3.63640544323906e-05
Agtrap,0.316754009499354,5.66923008635679e-06,3.64051337970849e-05
Acad11,0.526522615794435,5.67664915710157e-06,3.64377329512363e-05
Eya4,-1.15474805501385,5.67798646170043e-06,3.64377329512363e-05
Tmem132c,1.79243048134386,5.75196040468087e-06,3.69004936359897e-05
Rnf44,-0.723389387179105,5.79427299807974e-06,3.71599036444207e-05
Flot1,-0.576044426263543,5.79630733057217e-06,3.71609162753808e-05
Gli3,-0.778565025393947,5.83551385428511e-06,3.74001671101172e-05
Thnsl1,0.661537705053728,5.83981601510054e-06,3.74156313047723e-05
Gm10614,-1.20381119876678,5.8680604113443e-06,3.75722820518146e-05
Dmp1,2.07030596233902,5.86692973914366e-06,3.75722820518146e-05
Ntng2,0.974198987263959,5.88763550181513e-06,3.76854342204094e-05
Mthfd1l,-0.488636981875314,5.89134832079213e-06,3.76970152326227e-05
Cenpp,-1.4699467567198,5.91243665817531e-06,3.7819733713987e-05
Atg16l2,0.502810830085473,5.92679036536359e-06,3.78993078449017e-05
Asap3,-0.768540737908712,5.95863848809309e-06,3.8090663853517e-05
Casc5,-2.58952335047274,5.96697238843324e-06,3.81316299388615e-05
ENSMUSG00000094030,0.828049753674627,5.97148285746756e-06,3.8148144035254e-05
Nagk,-0.556976689480986,5.99632186206302e-06,3.82944721561742e-05
Med16,-0.500185665088256,6.01047706234629e-06,3.83724976604468e-05
Bche,1.40671349276448,6.01869887094951e-06,3.84126047181064e-05
Snapc4,-0.274649152506208,6.02347663821702e-06,3.84307124172841e-05
Hhipl1,-1.08541547333192,6.09841692942649e-06,3.88963120355434e-05
Fmnl3,-0.671856273346737,6.12113581663142e-06,3.90286457542075e-05
Plscr3,-0.566333560734934,6.14492560659137e-06,3.91448045483073e-05
Map3k2,0.502704759160436,6.14528364677274e-06,3.91448045483073e-05
Cyp2j9,1.44739356437018,6.14410228793345e-06,3.91448045483073e-05
Efcab7,0.696113628417583,6.15761865855418e-06,3.92107652456614e-05
Hoxd8,0.918931658666588,6.17947093916066e-06,3.9337268556457e-05
Slc8b1,-0.556457702596728,6.19896322198084e-06,3.94486721234282e-05
Pla2g7,-0.8030036575066,6.23733365705746e-06,3.96801014276794e-05
Apeh,-0.446403331086957,6.26396703562455e-06,3.983673833446e-05
Nhs,0.919790203945868,6.26910863134204e-06,3.98566379887954e-05
Trak1,-0.420963382946644,6.28425985553991e-06,3.99401419060053e-05
ENSMUSG00000082387,-1.79413554945099,6.28899464960859e-06,3.99574109851936e-05
Itfg3,-0.199082390453559,6.29764394917497e-06,3.99995319979029e-05
Ltv1,0.45857941820182,6.31750739582132e-06,4.0102932759679e-05
Rabac1,0.731094753187813,6.31797365230249e-06,4.0102932759679e-05
Lrrc57,0.582255889624323,6.33343415826284e-06,4.01881865011974e-05
Dmrtc1a,1.58601094292157,6.34900178675224e-06,4.02740651456891e-05
Abcf1,-0.355234554066649,6.39610288369412e-06,4.05598531888179e-05
ENSMUSG00000064369,1.48155852353308,6.40021688610532e-06,4.05729498119173e-05
Prkar2a,-0.805145904284724,6.40838096889276e-06,4.06117045465447e-05
Chst1,-0.770738205086541,6.42063809722674e-06,4.06763649640046e-05
Meis3,-0.456786345498024,6.42862093626473e-06,4.07139139820233e-05
Ccdc12,-0.716592468416926,6.46763555077362e-06,4.09479074320718e-05
Chst12,-1.00796481748419,6.51044645911295e-06,4.12057787396206e-05
Surf1,0.670553927794178,6.51671833972642e-06,4.12322971245821e-05
Smim13,0.7183375382647,6.5192386704069e-06,4.12350695077414e-05
Alg8,-0.390052086484345,6.57242837303618e-06,4.15582284481509e-05
Smyd1,2.60205437162489,6.58824043572402e-06,4.16449133702772e-05
Ttk,-2.52066897464081,6.60788975318388e-06,4.1755790897273e-05
Rnf2,0.825457997199381,6.66476771879049e-06,4.21017734937566e-05
Gria4,1.61842531806431,6.69443508434299e-06,4.22622226363814e-05
Gsc,2.7397124852897,6.69301479075945e-06,4.22622226363814e-05
Acvr1,-0.315068251403114,6.72698716622936e-06,4.24541917909516e-05
Camsap3,1.64761873741999,6.74638012291455e-06,4.25494624057961e-05
Tmem132a,-0.743973525357479,6.7445609675076e-06,4.25494624057961e-05
Xk,0.59668666687078,6.75573580372875e-06,4.25949034883935e-05
Bcl2l12,-0.537616381788874,6.78335110642239e-06,4.27554058916578e-05
Ctsh,1.50357898772694,6.87113189184587e-06,4.32949080452166e-05
Sgcb,0.700016990313826,6.91546076496743e-06,4.35603641823839e-05
ENSMUSG00000064367,1.36771155357193,6.94067688517797e-06,4.37052988979537e-05
Pcdh10,2.39317149820499,6.98936953165847e-06,4.39979256849855e-05
4933411K16Rik,-2.08835483340668,7.01915413423696e-06,4.4171378606428e-05
Tbcel,0.496684401433748,7.0949355055555e-06,4.46340860076306e-05
Abr,-0.593366576170482,7.15735708585055e-06,4.50124800661112e-05
Gdpd3,-1.98761413608333,7.19874421497971e-06,4.52583906137962e-05
Cited2,0.7545630444333,7.21579121525621e-06,4.53511676378718e-05
Gstt1,-0.909969471524062,7.23651281268552e-06,4.54669732685356e-05
Cchcr1,-0.660998446106678,7.23892151993598e-06,4.54676821379043e-05
Akap8,-0.417688016462582,7.27376355405689e-06,4.56720397668176e-05
Tmem194b,-0.808268910494004,7.27636091632287e-06,4.56738673809376e-05
9430065F17Rik,1.65374016931921,7.28474971655702e-06,4.57120352936297e-05
Mnat1,0.5526802799789,7.29813773394207e-06,4.57815393357583e-05
Cks2,-0.84110224812376,7.33461496622018e-06,4.59957931573859e-05
Klhl26,0.628753101482593,7.36128300481754e-06,4.61484167861369e-05
N4bp2l2,0.489420540808633,7.3906101322334e-06,4.63176085628957e-05
Sptlc2,-0.413090624872015,7.42079178395153e-06,4.64920469754433e-05
Fnip2,-1.22319985353618,7.47375612425395e-06,4.68090658711971e-05
Hmha1,-2.7170799983485,7.50815214528173e-06,4.70096253825986e-05
Ankrd52,-0.760428000566786,7.51989511229399e-06,4.70533974103855e-05
Rapgef4,2.39977565155724,7.51893423402206e-06,4.70533974103855e-05
Gm21685,0.58084370339762,7.53915145916129e-06,4.71589878386703e-05
Ptgfrn,-0.422834517530644,7.65885800911096e-06,4.78926504617725e-05
1-Sep,-1.46317603303731,7.71950564576372e-06,4.82566571365861e-05
Rad51d,0.422439898957104,7.74783639137181e-06,4.84184764577871e-05
Smc4,-0.92969265844435,7.81484757089559e-06,4.88218426795004e-05
1700109K24Rik,-0.873658150321391,7.87570066164242e-06,4.91864950814148e-05
Lsp1,-0.79345144104037,7.91071564628328e-06,4.93896004599603e-05
Snrpa1,-0.319050923001065,7.92612722808889e-06,4.9470224905475e-05
Calm3,-0.672420709020036,7.93617100013803e-06,4.95173063915355e-05
Zfp654,0.839090445483271,7.96642747837546e-06,4.96904345769284e-05
ENSMUSG00000037315,-0.515289953531592,8.03757993798862e-06,5.01184613009845e-05
Klhdc8a,1.59518602537618,8.04531990422021e-06,5.01509333909906e-05
Klc4,-0.470230649793947,8.05000822271423e-06,5.01643684212186e-05
Eftud2,-0.326033142755771,8.08527228929757e-06,5.03682706565741e-05
Yipf1,0.263395749264722,8.16883267203727e-06,5.08728183135302e-05
L3hypdh,-0.701681139675636,8.21201308080205e-06,5.11256545275711e-05
Hadhb,0.466946093915217,8.22675327748222e-06,5.12013268093205e-05
Meis2,-0.243841505634614,8.25996905053189e-06,5.13779304397507e-05
Axin1,-0.336746007258853,8.26291195973571e-06,5.13779304397507e-05
Foxj3,0.321639206114303,8.26129130471207e-06,5.13779304397507e-05
Tgoln1,0.794314903539657,8.3532760982502e-06,5.19235027776983e-05
Rnf113a2,0.401517742599668,8.3916331215666e-06,5.21455608219344e-05
Serpinb1a,0.693995999805012,8.43976564523441e-06,5.24282054072215e-05
Zfp712,1.09128803625738,8.48086764084888e-06,5.26670124676611e-05
Gm11520,1.10823319118502,8.51372824675804e-06,5.28545060184314e-05
Dnajb1,0.490188621286828,8.60268014944245e-06,5.33732699497363e-05
Smarcal1,0.65756115898641,8.60034980485965e-06,5.33732699497363e-05
Rdh10,0.927795929120099,8.63231477311076e-06,5.35403575843049e-05
H2-Q4,0.600268091034523,8.68729736196929e-06,5.38645075004508e-05
ENSMUSG00000094114,-0.499865202007239,8.76565953767294e-06,5.4333371356518e-05
Ccrl2,-2.02958330115016,8.77516028684917e-06,5.43752422780854e-05
Galns,-0.48791694873931,8.79500153338275e-06,5.44811418101695e-05
Tmem25,1.69106280561199,8.80821581278774e-06,5.45459368219039e-05
Ly6c1,1.44037073796892,8.81501355975498e-06,5.45709685956198e-05
Mir143hg,-1.0806954155803,8.82603103654585e-06,5.46220995774232e-05
Coq10b,0.512366778772061,8.91006972697343e-06,5.51249674704723e-05
Ppil1,-0.494925181800677,8.91438199215737e-06,5.51344225398765e-05
4931428F04Rik,-0.729142058010601,8.95890841309258e-06,5.53752254097645e-05
ENSMUSG00000089967,1.55942767646727,8.95640649595483e-06,5.53752254097645e-05
Prss16,-3.19275305823542,8.98515833576847e-06,5.55201484185831e-05
Pck1,-2.32677318347258,8.99537353053691e-06,5.55659318149572e-05
Myo18a,0.325463806367274,9.04271618648132e-06,5.58409577041086e-05
Lnpep,0.437985383037108,9.16238380044066e-06,5.6562297002471e-05
Aldh2,-0.555473067429617,9.17430125349877e-06,5.66182181440603e-05
Oplah,0.768475780384011,9.27252320495464e-06,5.7206557492499e-05
Plxdc2,0.970989318466381,9.35112227865162e-06,5.76735053274421e-05
Slc17a6,-2.34282080420506,9.35801126726656e-06,5.76980246379038e-05
Trdn,5.01814003411534,9.38349906801649e-06,5.78371663688137e-05
Usp30,0.303794362862063,9.43773599585491e-06,5.8153367660831e-05
Arxes1,2.11205698602976,9.45913683922008e-06,5.82671060540947e-05
Mdm1,-0.685662757805927,9.52988982557699e-06,5.86846822468056e-05
Zfp800,0.627116006734702,9.54307426941371e-06,5.87476042373233e-05
Mapk1ip1,0.60642341170565,9.56568100893393e-06,5.8868473182389e-05
Dbnl,-0.426156576949439,9.63525687571822e-06,5.92782314901285e-05
Cilp2,1.50330573473511,9.65589597233494e-06,5.93867589553171e-05
ENSMUSG00000097884,2.91468702799373,9.66589605765181e-06,5.94113611190988e-05
Sin3a,-0.452463493151867,9.66334979941798e-06,5.94113611190988e-05
Mlxip,-0.384793387984699,9.72823258239379e-06,5.97759596840604e-05
Epb4.1,0.426248373112975,9.77352766480111e-06,5.99984320749291e-05
Tsnax,0.471763327711865,9.76833287358428e-06,5.99984320749291e-05
Ttll11,1.12411621669619,9.77306884378161e-06,5.99984320749291e-05
Safb2,-0.443502910093187,9.78401264034839e-06,6.00441854135294e-05
Psen1,-0.223236868346002,9.92027105631466e-06,6.084522407016e-05
Hoxa9,1.73908693708877,9.92068413060729e-06,6.084522407016e-05
Chuk,0.295598697042773,1.00673353105011e-05,6.17099118559102e-05
Pfkfb1,-1.10819890163898,1.00679016969524e-05,6.17099118559102e-05
C130074G19Rik,-1.63926599188827,1.00964974189627e-05,6.18660380213916e-05
Smc2,-0.907099322200041,1.01976570802767e-05,6.24665638162079e-05
Hmgn3,0.88504360587606,1.02224438981005e-05,6.25990349282568e-05
Ccs,0.266525965901746,1.0229041256168e-05,6.26200720362135e-05
Pkp4,-0.362149037474529,1.03068336100379e-05,6.30768024762643e-05
Cox6a2,1.76705284075665,1.03702415094313e-05,6.34452464790786e-05
Zfp37,0.932622614177514,1.03779269271606e-05,6.34726574630911e-05
9530051G07Rik,1.01903079698595,1.04344510559277e-05,6.37986627698646e-05
Iglon5,-1.22369763368753,1.0450685028004e-05,6.38714362856541e-05
Ufl1,0.569236378873432,1.0452803726611e-05,6.38714362856541e-05
Brix1,0.906083038095504,1.04811493184986e-05,6.40248862133088e-05
Rexo4,-0.321423046814635,1.05348349870236e-05,6.43329855328449e-05
Fam89b,-0.5809367128798,1.06222062194218e-05,6.48465388315132e-05
Zfp488,0.3185450309071,1.06636203253426e-05,6.5079302595712e-05
Nxph4,-1.33625074180845,1.06750333242622e-05,6.51288847670017e-05
Tacr1,2.51641548757365,1.0716222822851e-05,6.53600482857224e-05
B230118H07Rik,1.11836846782539,1.07225247056153e-05,6.53783495289423e-05
Ift172,0.547185701977616,1.08173583787263e-05,6.59159893330139e-05
Igf2os,3.22438397325413,1.08172118483699e-05,6.59159893330139e-05
Nid1,-2.08970233503996,1.08234871262405e-05,6.59330480000209e-05
Cyb5d1,0.411199026764933,1.08395907969464e-05,6.60108413723019e-05
Cebpa,-2.42975993110583,1.08912259017261e-05,6.63048994029458e-05
Ufd1l,0.347460326469583,1.0933694106283e-05,6.65429865030203e-05
2210418O10Rik,0.619257260860401,1.09526369098089e-05,6.66173284280882e-05
Ctla2b,-1.64984612193037,1.09511230875727e-05,6.66173284280882e-05
Hic1,-1.80828916575907,1.09577076099152e-05,6.66277069409765e-05
Sh2b2,-1.1139831277969,1.09697511460854e-05,6.66804639954189e-05
Gm4425,-0.689431579640657,1.10639923693978e-05,6.72326802342908e-05
Cntnap1,-0.927203848331518,1.10713681169245e-05,6.72568632477218e-05
1700008I05Rik,2.55423746825608,1.11577345711516e-05,6.77607407074781e-05
Tmed4,0.562590402701039,1.12343255563632e-05,6.8204961164383e-05
Slc2a6,1.23510294786571,1.12729414018697e-05,6.84184282937869e-05
Ocel1,-0.578541327131284,1.13547266790099e-05,6.88910094128926e-05
Srp9,0.511239193275628,1.13577633676578e-05,6.88910094128926e-05
BC034090,-1.15283617192943,1.13626253579321e-05,6.88993976082323e-05
Sod3,1.55209337294114,1.13782362425708e-05,6.89729386433645e-05
Gjc1,-1.35812470533861,1.13842808106838e-05,6.89884630277791e-05
Praf2,0.794115141300885,1.13987986676109e-05,6.90553101295097e-05
Nos2,1.45463032592189,1.14068744951222e-05,6.90831016823853e-05
Trpt1,0.748776616188456,1.14899151374409e-05,6.95647445374135e-05
Foxp1,-0.373165977244243,1.15113528974573e-05,6.96732374025809e-05
Mybl1,1.1209242422536,1.15790448900591e-05,7.00615352895601e-05
Tshz3,-1.16964201618314,1.16178051755862e-05,7.02745918440164e-05
Fam134c,-0.426028063561828,1.16424726082834e-05,7.04022984837999e-05
Lpcat1,-0.571935125565579,1.16686397603977e-05,7.05389932279964e-05
Dcaf4,0.369422170569151,1.16749143062693e-05,7.05553869152755e-05
ENSMUSG00000078952,-1.02922193891946,1.17021101596415e-05,7.06981664434228e-05
Pou4f3,4.08712974254949,1.17667885073651e-05,7.10672398901673e-05
Stk40,-0.558642288747235,1.18898566832635e-05,7.17886346815091e-05
Ankrd29,1.03924979215198,1.19044150952858e-05,7.18546286336605e-05
Lrfn1,-1.80209567326949,1.19205816972816e-05,7.19302863902999e-05
Tmem161b,0.523293449507183,1.19968893211981e-05,7.23686859936058e-05
ENSMUSG00000086191,1.54865157414351,1.20084566869276e-05,7.24164056723244e-05
Eid1,0.459753633029491,1.20560811069196e-05,7.26814703931314e-05
Trpm2,0.653409475621027,1.22291128532627e-05,7.37021761856405e-05
Traip,-0.939749671500524,1.2272745372223e-05,7.39426374662321e-05
Inpp4a,-0.317609170661871,1.22828307093119e-05,7.39808939681303e-05
4833403I15Rik,-2.33643849314588,1.22944796075754e-05,7.40285418511471e-05
Snf8,0.264927505312721,1.23725082574157e-05,7.44757305561887e-05
Gabbr1,-0.428251578712225,1.24290182940725e-05,7.47931565772746e-05
Ezh1,0.539087858721773,1.25538966288763e-05,7.55216794769948e-05
Chd6,0.281792331453114,1.25683535043798e-05,7.55856886731668e-05
Ccdc158,1.52251615789226,1.26147652730758e-05,7.58417764019408e-05
ENSMUSG00000083732,2.21488740685295,1.26508277628198e-05,7.60355062260646e-05
Khdrbs3,-0.598630292865143,1.26575726257281e-05,7.60399660753099e-05
Nus1,0.305912395389812,1.26592490481871e-05,7.60399660753099e-05
Ncald,1.45495693498741,1.27097561788384e-05,7.63201975032491e-05
Dpf1,-0.862032577209446,1.27427023739049e-05,7.64948401978817e-05
Esyt2,-0.403269198829992,1.27492719033137e-05,7.65110850827956e-05
Amigo1,0.781676225705351,1.2761404066137e-05,7.65606925555219e-05
Cdsn,1.52449939312405,1.27668963606424e-05,7.65704468583166e-05
Stk35,0.246611291837488,1.28621779084365e-05,7.71185501963902e-05
Add1,-0.2993130139899,1.29832660483812e-05,7.78210050914469e-05
Cirbp,0.738108723676173,1.29962167218847e-05,7.78750608049031e-05
Olfr31,2.37145329308587,1.30369071966661e-05,7.80952541206219e-05
Gart,-0.372026572851322,1.30514958720362e-05,7.81229857828036e-05
Nsun3,0.933429178744667,1.3053371033897e-05,7.81229857828036e-05
Spink2,-3.44520593124648,1.30482482478467e-05,7.81229857828036e-05
F5,2.05700433785601,1.31364494042162e-05,7.85964483387002e-05
Mbd6,-0.541597697712932,1.31772543360838e-05,7.88167758598015e-05
Tnfaip8l1,-2.09175833331694,1.32053153676163e-05,7.89607685810006e-05
Gm2163,-2.40342791607523,1.32336251351879e-05,7.91061612367225e-05
Cenpw,-1.02775311041808,1.32684003236948e-05,7.92901025982051e-05
Kctd1,0.408722677547438,1.33499405957238e-05,7.97533102738201e-05
Myrf,1.27590373119387,1.34304488449092e-05,8.0210075067727e-05
Senp1,-0.251560444260494,1.34931617558142e-05,8.05603181827386e-05
Samd15,1.35128103761352,1.36087481303328e-05,8.12259336868927e-05
Ric8b,0.493902530746157,1.36794913300332e-05,8.16235752636265e-05
Kmt2b,-0.451170681624278,1.37085063584544e-05,8.17720662418167e-05
Spryd4,0.383381068837746,1.37418154985834e-05,8.193525343571e-05
Zufsp,0.747078474263249,1.37441381495369e-05,8.193525343571e-05
Tnks2,0.316969411086667,1.3765171696513e-05,8.20359495268564e-05
Myoz2,2.48401601974378,1.3824546564134e-05,8.23650180975059e-05
Aff4,0.163592308028381,1.3915495114365e-05,8.28687390999112e-05
Arhgap15,-2.85825162422478,1.39195985695786e-05,8.28687390999112e-05
Greb1l,-1.00212120007759,1.39216468887803e-05,8.28687390999112e-05
Pola1,-1.22236548092266,1.39423393288146e-05,8.29669735780783e-05
Atp8b4,-1.93875566821606,1.40445719917085e-05,8.35251362533917e-05
Slc16a1,0.929853015541451,1.40437323743743e-05,8.35251362533917e-05
C1qtnf6,-1.04985593595608,1.40980006556396e-05,8.38177138950128e-05
Dhcr7,-0.572976950375942,1.41363796491394e-05,8.4020667038282e-05
Cdan1,-0.311994502821329,1.41634608941816e-05,8.41563695014619e-05
Zkscan3,-0.289222525449575,1.42445988475488e-05,8.46130880554456e-05
Brd4,-0.33757072435732,1.42520431291673e-05,8.46319226776699e-05
Cluap1,0.829339700592777,1.42824129196022e-05,8.47868421642092e-05
Nars2,0.651123570564434,1.43388068566848e-05,8.50961135720067e-05
Esr2,1.51210511772791,1.43496227624787e-05,8.51092929584089e-05
Vtcn1,2.79000936594759,1.43475665738905e-05,8.51092929584089e-05
Repin1,0.528957427414003,1.43651657918574e-05,8.51759710604625e-05
Dgke,0.403433382071985,1.45566467230042e-05,8.62854928770951e-05
B230219D22Rik,0.291765888601946,1.47054717143568e-05,8.71415804401923e-05
Pik3c2b,-0.91836565047068,1.47401719761652e-05,8.73210786168042e-05
Iws1,0.233954209451294,1.48839588960872e-05,8.81465077685736e-05
Ulk3,-0.631536779544416,1.49008072368993e-05,8.82199062838726e-05
Jup,-0.596457632358528,1.49059187532169e-05,8.82237940791113e-05
Irs3,1.91087224419998,1.49337043992093e-05,8.83618410283663e-05
Maml1,-0.461733155728955,1.49737173650154e-05,8.85721322272298e-05
Hoxd9,1.37336097082534,1.52309262682724e-05,9.00666658157259e-05
Mansc1,1.44674390946224,1.53671073918712e-05,9.08448342652587e-05
Rab4a,-0.384575914799991,1.54125330564963e-05,9.1086184616787e-05
D17Wsu92e,-0.34727894236756,1.54296446094569e-05,9.11601079491896e-05
Edem3,0.36037329960379,1.54915817679532e-05,9.14987430159691e-05
Camk1d,-1.07625426106099,1.55989882661531e-05,9.2105654031871e-05
ENSMUSG00000057858,1.02677478589599,1.57129781231998e-05,9.27510637114301e-05
Zfp354c,0.496850293092222,1.57409249028629e-05,9.28883423052137e-05
Tmem117,1.35702363196712,1.58070416679934e-05,9.3250715875169e-05
Gbp5,1.45890190673697,1.58303811983511e-05,9.33605923919434e-05
Mmp24,2.06710420848852,1.58370180312947e-05,9.33719276843584e-05
Tle3,-0.466377920513582,1.58742068926737e-05,9.35633313400327e-05
Gm7976,0.814039291760091,1.59760647677125e-05,9.41356699374527e-05
Ccdc9,-0.351957328463738,1.60459246626337e-05,9.45191826349787e-05
Adra1a,-2.43476815304338,1.60821958381076e-05,9.47046703472742e-05
Foxd2,-2.0462495093413,1.61410634118666e-05,9.5011343057871e-05
E130102H24Rik,1.19252268789241,1.61438683796069e-05,9.5011343057871e-05
Doc2g,-1.08578266262646,1.61516988330363e-05,9.50291870735149e-05
Art4,2.4160762644174,1.61915525553797e-05,9.52353747569765e-05
Hsdl2,0.877538298238417,1.62499317296858e-05,9.5550370538806e-05
Kif21b,-0.958847368769757,1.62631440149576e-05,9.55996747023509e-05
Fbxo10,-0.465973487129204,1.64224078798365e-05,9.6507230163882e-05
Cacnb3,-0.711755358240777,1.65240415730375e-05,9.70756806029175e-05
ENSMUSG00000086507,-1.92242918463247,1.66715504969719e-05,9.78935089012154e-05
Scoc,0.740613671833463,1.66731370189759e-05,9.78935089012154e-05
Hp,-3.28894468118831,1.67201793396219e-05,9.81406140017407e-05
Rad54b,-1.58498853911478,1.67608085310427e-05,9.83499413774134e-05
Cdc42bpg,0.667221522732438,1.68080259757899e-05,9.85977921873648e-05
Gpi1,-0.3144828792884,1.6853607812013e-05,9.88359043852845e-05
Muc15,1.92999670565123,1.69271408015029e-05,9.92377431713923e-05
Agfg2,-0.655515201191844,1.69343701928175e-05,9.92507449832964e-05
Slc25a45,-1.50395934316668,1.70439018755221e-05,9.9863145781905e-05
Bhlha15,1.86802507005545,1.72048502209334e-05,0.0001007763542665
Egfr,-0.890279397322244,1.72125073402624e-05,0.0001007913942538
Atg9b,1.51917937462713,1.73579450591459e-05,0.0001016129896397
Serinc1,0.903222935138441,1.7418324476003e-05,0.000101936317353
Tmem179,1.59243108161992,1.74516937604953e-05,0.0001021014307925
Lce1f,-3.00953375955507,1.7499163040054e-05,0.0001023489146028
Clu,1.82859570429532,1.75617179638687e-05,0.0001026844589774
H2-T22,-0.303350219918182,1.75970080226209e-05,0.0001028604329633
Prpf6,0.418676788511858,1.7657841529426e-05,0.0001031855690908
Mab21l3,0.837598622555735,1.76745020440121e-05,0.0001032421236672
Traf3ip1,0.36052694636816,1.76779459379685e-05,0.0001032421236672
2410006H16Rik,0.845432828532712,1.77288948681803e-05,0.0001035091491655
Frzb,0.836602719766427,1.7783603158472e-05,0.0001037979596081
Shpk,0.543635899957926,1.79224312274156e-05,0.0001045774390181
Abra,3.9282041427119,1.79371858820319e-05,0.000104632703743
Hmga2,-0.975613457145682,1.81650597790229e-05,0.0001059307549657
ENSMUSG00000098495,-1.76015345249114,1.82091596844147e-05,0.000106156667174
Xpnpep1,-0.256691693356676,1.82359138510622e-05,0.0001062813531213
Lmtk2,0.289014451891816,1.83746100890844e-05,0.0001070581871739
Plk3,-1.06025745526922,1.84132148685776e-05,0.000107251560958
Cdnf,0.90609608653938,1.86011124305383e-05,0.0001083141518889
Smpdl3b,0.737274431814486,1.86298136174238e-05,0.000108449391205
Nadk,-0.27094746756577,1.86642427718111e-05,0.000108617885352
Tspyl3,-1.48868404301048,1.86977065614275e-05,0.0001087806641429
ENSMUSG00000095375,-1.0450019318279,1.87274142638699e-05,0.0001089215013455
Tmem106b,0.63654825911449,1.88107187234073e-05,0.0001093738912502
Ulk2,0.325434499457182,1.89347746537082e-05,0.0001100628932321
Mmp16,1.71129368755698,1.8955344251666e-05,0.000110150128392
Ska1,-2.10781741220995,1.9111911441506e-05,0.0001110273670248
Tbl1xr1,0.80506038256531,1.91518766448162e-05,0.0001112269105788
Ptpre,-0.566410283855982,1.91850889267857e-05,0.0001113871301982
Klf15,1.54084658895889,1.92280669512654e-05,0.000111603938424
Hccs,0.540963902329892,1.94584904966791e-05,0.0001129082759438
Bloc1s2,0.500808107472459,1.95128282823807e-05,0.000113190407529
Fam103a1,0.879964715560506,1.95410454824685e-05,0.0001133208974333
Man1c1,-1.62008485779555,1.95665725190793e-05,0.0001134357149203
Cdc42ep2,-1.37168399598457,1.96410678542089e-05,0.0001138342721055
1700029J07Rik,1.29249386435921,1.97302682123978e-05,0.0001143177974483
ENSMUSG00000085286,-1.53214529920131,1.97398948888375e-05,0.0001143401223686
Fbf1,0.286576574998719,1.98462217929306e-05,0.0001148969608523
Tmem151a,1.16687342057458,1.98476319468817e-05,0.0001148969608523
Vps28,0.584349522209673,1.98867858090008e-05,0.0001150899784224
Laptm4a,0.681609166183958,1.99270893710765e-05,0.000115289534883
A830018L16Rik,1.91003292943302,1.99465600503269e-05,0.0001153684799172
Tmem218,0.700502696833096,1.99936743651205e-05,0.0001155734755186
Fbxo9,0.511593324933734,1.99914482511417e-05,0.0001155734755186
Zmat1,0.638046491027403,2.00173679103357e-05,0.0001156766717526
Txnip,-0.588408001242376,2.00673986614999e-05,0.0001159319612288
Olfr1310,2.07967020229494,2.01479338188321e-05,0.0001163632783167
Raly,-0.508654046901305,2.02060678933114e-05,0.0001166650054108
Nolc1,-0.336756686834341,2.02132669997712e-05,0.000116672556008
Sytl3,2.47983764897055,2.03803704139498e-05,0.0001176028134259
Inppl1,-0.615558165702853,2.04171856013215e-05,0.0001177809331921
Iah1,-0.308441477781123,2.04446552723805e-05,0.0001179050532947
Eif2ak1,0.352025192127659,2.05048267931434e-05,0.0001182176389552
Serpina3n,1.90732117695215,2.05719669802423e-05,0.000118570207822
Kcns3,-1.60581816334014,2.06373377389947e-05,0.0001189123760788
Sfpq,-0.407203346832796,2.0676720688591e-05,0.000119104647038
C330006A16Rik,0.347612527056664,2.09021233582753e-05,0.0001203680287837
Rab18,0.657689941461915,2.09725585714786e-05,0.000120738531962
ENSMUSG00000096463,1.00384520209069,2.09789053639799e-05,0.0001207399714699
Kirrel3,3.88856680573793,2.10378103559943e-05,0.0001210438106595
Zfp879,1.31106576157139,2.10524708493422e-05,0.0001210929807436
Actb,-1.17835997715123,2.10942017825991e-05,0.0001212798048997
Parp4,-0.296288793690883,2.1097198943635e-05,0.0001212798048997
Gosr1,0.651446551454274,2.11107009754234e-05,0.00012132220607
Mad2l1,-0.957467230048976,2.11264798746009e-05,0.0001213776638922
Gm3788,-0.608699157230146,2.11909287178404e-05,0.0001217126311856
8030462N17Rik,0.539175039285446,2.12391571904827e-05,0.0001219542676138
Lefty1,-1.15419067299854,2.12803938195976e-05,0.0001221556287545
Kndc1,2.4874801737935,2.13319553998138e-05,0.0001224161242358
Foxo1,0.653934842834691,2.13555401332358e-05,0.0001225159666276
Zbtb40,-0.52112252938361,2.15730188060834e-05,0.0001237277916118
Gak,-0.172563931354891,2.16321060481369e-05,0.0001240307551179
Fancd2,-1.82220321619427,2.17615816322696e-05,0.0001247370080015
Gm15452,-1.25075097791456,2.18526776200277e-05,0.000125222924649
Snx19,0.212475124508911,2.1906902892918e-05,0.0001254973401479
Krt80,2.3295405181732,2.20240331137346e-05,0.0001261318541886
Kptn,-0.631622790593363,2.21047271592752e-05,0.0001265573913449
ENSMUSG00000086450,0.571921079054366,2.22684995705571e-05,0.00012745819812
Zkscan5,0.45502813095883,2.22849599956795e-05,0.0001275155584381
Ptdss1,0.341503966688181,2.22926740257717e-05,0.0001275228528036
Ptprt,2.75609759843091,2.23762839898312e-05,0.0001279641721439
Def6,0.44756894186246,2.24699100488764e-05,0.0001283883723623
Fam46a,0.964709973621146,2.24641321435139e-05,0.0001283883723623
Gm15697,2.24352963568807,2.24647773939211e-05,0.0001283883723623
Bcl3,-0.930271962603016,2.24793645086998e-05,0.0001284053460427
Gnai2,-0.365568905884313,2.24909082380439e-05,0.0001284342406996
Abca4,1.07346184752514,2.25746089216357e-05,0.0001288750519123
Arhgef26,1.59416217112139,2.27613407023115e-05,0.0001299036286076
Tmem144,-0.501526472225583,2.27802422901202e-05,0.0001299740473389
Eapp,0.548613016332375,2.28410834081464e-05,0.0001302836451079
Got1,0.316588654357316,2.28722594493708e-05,0.0001303863633089
Lrr1,-2.3293759215616,2.28714745655472e-05,0.0001303863633089
Klhl9,0.56743357749198,2.30277002329559e-05,0.0001312346979607
Tfap2b,3.84487405314819,2.30990785943157e-05,0.0001316036111857
Lins,0.635259600731824,2.32688272999559e-05,0.0001325326016244
Otos,2.54389175045149,2.32793972798112e-05,0.0001325546819233
Tuba1c,-1.18146964465943,2.32912947972958e-05,0.0001325843064575
Slc16a13,-1.49067796326522,2.33718254289141e-05,0.0001330044916075
Rnf152,1.33495435442805,2.33885254444504e-05,0.0001330612921292
Lef1,2.33677510829101,2.34339321308127e-05,0.0001332813302465
Kif5c,1.73757182619447,2.35454414602078e-05,0.0001338770952276
Wls,0.544599853510799,2.36415942851983e-05,0.0001343852276762
Cherp,-0.440012456683129,2.36606495735267e-05,0.0001344549509767
Tmem80,0.365030909443261,2.36941612937939e-05,0.0001346067614062
Mctp2,-0.864758920351431,2.39111991791837e-05,0.0001357618659818
Wasf2,-0.494847136033478,2.39094909700118e-05,0.0001357618659818
Olfml1,2.33150632122079,2.40070845491554e-05,0.0001362672119264
Nsun5,-0.451234810827461,2.40331270486622e-05,0.0001363759450062
Ttc33,0.880776375925814,2.40547449696483e-05,0.0001364595157201
Phykpl,-0.280439238090772,2.41216822199897e-05,0.0001368000557516
Per3,-0.526553263110231,2.41512177252688e-05,0.0001369283469313
Ass1,0.602238306906469,2.42315791049103e-05,0.0001373446458482
Rcan1,1.7371932739677,2.42570587619052e-05,0.0001374497258142
Ssc5d,-0.52041353504623,2.43023572039533e-05,0.0001376670143212
Hdgfrp2,-0.491063442672656,2.4475119115126e-05,0.0001385663976432
Sec11c,0.698074922766022,2.44744106969918e-05,0.0001385663976432
Erp44,0.408271830536857,2.45375575490317e-05,0.0001388801913978
Ccdc106,0.592438884475237,2.46117265372562e-05,0.0001392601806696
Cep128,-1.25491546782144,2.48704690979119e-05,0.0001406840245687
Pqlc1,-0.693484150692928,2.49184697823929e-05,0.0001409152985638
Myeov2,0.855174116601859,2.49807787354285e-05,0.000141227331452
Polr3f,0.306369895563534,2.5020187096882e-05,0.0001414097560692
Ptplb,0.511841494246439,2.51479044420392e-05,0.0001420910412468
Popdc3,2.16913466474722,2.52088699898615e-05,0.0001423948834224
Ccdc47,0.326563349080679,2.52775051433303e-05,0.0001427418625202
Chac2,0.675815690076259,2.54574523554724e-05,0.000143717042887
Sema4b,-0.587880367685746,2.54895871841372e-05,0.0001438574478753
Klhl11,0.464542530854415,2.55359130896202e-05,0.0001440778412612
Cisd3,-0.463514314956891,2.55869035666127e-05,0.0001443244198898
Cd302,-0.795407798911212,2.55992932833699e-05,0.0001443531902573
Ptger4,-0.659145858587037,2.56286927352515e-05,0.0001444778340247
Jrk,0.415632614375766,2.5702429835615e-05,0.0001448522824315
Setd5,-0.20299829129288,2.57193561904174e-05,0.0001449064381209
Slc25a12,0.551894715508499,2.57631906244741e-05,0.0001451121237562
C1galt1c1,0.408797235139053,2.57856963997368e-05,0.000145197592124
Shoc2,0.290465875340857,2.57983864111027e-05,0.0001452277556809
Lbr,-0.621441901916139,2.59435624007103e-05,0.0001460034980914
Mau2,-0.234856542655289,2.60987086038239e-05,0.0001468348935199
Endod1,1.05416353022477,2.61585389479737e-05,0.000147129708982
Tgfb2,1.23881910504128,2.61691022674152e-05,0.0001471473314321
Sec22c,0.501526454713781,2.63018315794536e-05,0.0001478187991674
Vamp7,1.08584878214147,2.63034461859207e-05,0.0001478187991674
Fgfr3,1.05987949469685,2.63358780020423e-05,0.0001479590717595
Runx2,-0.37955649318868,2.63475185502611e-05,0.0001479824893276
6430548M08Rik,-0.597983741550881,2.64107799787292e-05,0.0001482957433225
Fbxl19,-0.62103631416418,2.64215846441429e-05,0.0001483143600602
BC068281,0.369576279330168,2.64602920132719e-05,0.0001484895503062
Gm16201,-1.02394418806776,2.64879279296938e-05,0.0001486025282491
Cx3cl1,1.10223803160892,2.65380877036827e-05,0.0001488417697206
Mn1,-1.99051439307027,2.66347381893749e-05,0.0001493415501422
Setbp1,0.592415971545464,2.67418605679996e-05,0.0001498997471521
Rbm11,1.3208705575853,2.68342665127832e-05,0.0001503751595979
Sall1,3.82920328227668,2.70316545334775e-05,0.0001514384402775
Arl4a,1.12411770813837,2.74781197285213e-05,0.0001538961207872
Trim36,-0.864307954797574,2.74920431849855e-05,0.0001539305691929
Igf1,-1.88705969596939,2.76416879476563e-05,0.000154724699863
Dcn,-0.821397671145712,2.77490800201867e-05,0.000155281938604
Clec2d,-0.449444606152422,2.77662449792156e-05,0.000155334100443
Ifnlr1,1.41047386135221,2.82865409714014e-05,0.0001582001291718
Src,-0.482078330931063,2.83738078215773e-05,0.0001586433907675
Agfg1,0.478289016075533,2.84481244434748e-05,0.0001590140153763
Eva1a,0.982851933159641,2.84831223756174e-05,0.0001591647165707
Dtx1,1.49892912881795,2.85852513858204e-05,0.0001596903578123
Ptgs1,-0.383668003800778,2.89073881376513e-05,0.0001614444203829
F630040L22Rik,2.64417591444446,2.89872865552363e-05,0.0001618450022384
Lipg,2.50961865778358,2.91674588685833e-05,0.0001628050607196
Cenpt,-0.41267781074985,2.92465350794068e-05,0.0001631085273761
Gm4980,-2.20102745668809,2.92388004482768e-05,0.0001631085273761
Nav3,-0.918211062366002,2.92446677236434e-05,0.0001631085273761
Asb1,0.327449958407014,2.92794288303695e-05,0.0001632460046612
Usp38,0.439241297317309,2.94157660163686e-05,0.0001639599859803
Unc50,0.411715096285125,2.97611409203038e-05,0.0001658383890786
Cwf19l2,1.09240210940826,2.98491927496267e-05,0.0001662822540685
Kcp,-1.81986543775765,2.9926289665557e-05,0.0001666648595435
4930480K23Rik,1.05571986217711,3.02927730676042e-05,0.0001686584418979
Prnp,0.994878583010657,3.03808087383416e-05,0.0001691010500995
Mlana,1.91586915899639,3.04669368664646e-05,0.0001695327950838
Eef2,-0.426106317867258,3.04849337327747e-05,0.000169585288664
Ldoc1,4.65430180378031,3.0644937564045e-05,0.0001704275044982
Strn,0.29703968591136,3.09901456567288e-05,0.0001722989457006
Sap30bp,0.537606655984689,3.1033261820365e-05,0.0001724902377464
Tmem158,-0.955267664607859,3.10970836823688e-05,0.0001727964773416
Mfap1b,0.968598133296387,3.12077906812833e-05,0.0001733629976583
Mxd1,0.471999369703604,3.1268338883801e-05,0.0001736506402845
Mt3,1.99762523338383,3.15077345358691e-05,0.000174931083473
4921524J17Rik,0.614923879022056,3.1654471407644e-05,0.0001756477878786
Trim32,0.265798371036315,3.16545624590444e-05,0.0001756477878786
Prkrir,0.35377197346939,3.16694497801766e-05,0.0001756811718337
Dnah12,1.15771358661027,3.1755990965117e-05,0.0001761119140501
Oip5,-1.47689551166461,3.20217408389023e-05,0.0001775359898022
Appl1,0.623864823474879,3.20574911287599e-05,0.0001776844540481
Alx1,-1.2995182546434,3.21094340211376e-05,0.0001779225605357
Camk2g,-0.496937428089249,3.21420590679176e-05,0.0001780535210576
Ereg,0.918975176837159,3.22029397185191e-05,0.0001783408887543
Tarsl2,-0.555281410410991,3.2244973641703e-05,0.0001785237511882
Kat6b,-0.201517869935773,3.24019902549273e-05,0.0001793429332053
Ppp3ca,0.251571563608091,3.25064919661734e-05,0.0001798710720587
Dcaf11,0.37096625793478,3.27196961613821e-05,0.000181000241
Tmub1,0.757633621782444,3.28728878046111e-05,0.0001817968919526
Osmr,-1.15662692464583,3.28998472085372e-05,0.0001818951909876
Gpalpp1,0.410784807228455,3.29762228011246e-05,0.0001822665688957
ENSMUSG00000074305,-0.917124044970147,3.3062829469899e-05,0.0001826942731087
Pex3,0.736910071442648,3.31426707068124e-05,0.0001830843656004
Eva1b,-1.2306625521162,3.31633522203963e-05,0.0001831475257592
Pea15a,-0.437109789440417,3.33678150073736e-05,0.000184225315976
Cux1,-1.01880350434837,3.33961099661643e-05,0.000184227454532
Gm16998,1.56326869918227,3.33842399066888e-05,0.000184227454532
Chmp5,0.56323962494811,3.33883174934434e-05,0.000184227454532
Mxra7,-0.48580825754103,3.35178665592846e-05,0.000184847627218
Kctd5,-0.455691304574808,3.3558645078362e-05,0.0001850209930768
Nipsnap3b,-0.473848842770334,3.35779762634172e-05,0.0001850760484054
Sdk2,0.972673844837002,3.36386457969427e-05,0.0001853588595889
Smim3,0.568598934683975,3.37449775662928e-05,0.0001858930558338
Hoxb2,-1.26952953426062,3.39312442062344e-05,0.0001868198216793
Prrc2a,-0.560845948170252,3.3932079306226e-05,0.0001868198216793
Higd2a,0.442675885488011,3.39995410013756e-05,0.0001871392190081
A730020M07Rik,-2.00074722694065,3.40676177562342e-05,0.0001874618232966
Igfbp5,3.18466358105536,3.41569659062646e-05,0.0001879012646687
ENSMUSG00000036864,-0.728574767012204,3.43573707189445e-05,0.0001889512273585
Tjp3,-2.34426317587821,3.44126654607291e-05,0.0001892027836713
Rangrf,-0.783120047698222,3.44592482538322e-05,0.0001894063148539
Midn,-0.545470496134289,3.447193828587e-05,0.000189423492179
Dock6,-0.732688782730657,3.44999533384467e-05,0.0001895248476878
Akna,-0.840249847770679,3.46500645941004e-05,0.0001902966941823
Cdkl2,0.630323470036144,3.48181530868709e-05,0.000191166815562
Dcaf12,-0.216039153662304,3.49109582922823e-05,0.0001916232311586
Wdr1,-0.759595735622857,3.49353605085354e-05,0.0001917040397647
Ctnnbip1,-0.467619518247304,3.50083987739277e-05,0.0001920516147697
Slc25a32,0.487722539557689,3.51774806617298e-05,0.0001929257344294
Adamtsl3,1.45402117519657,3.51958337875537e-05,0.0001929729491496
Ccdc181,0.941341870620128,3.53738864760933e-05,0.0001938955017361
Zfp446,0.499236501554076,3.54240897540206e-05,0.0001941169544794
Gm9936,1.25617144514689,3.5501709846463e-05,0.0001944884818255
Eif3e,0.310962215380862,3.57011224098376e-05,0.0001955268330211
Slc20a1,0.611684071952311,3.58168950918828e-05,0.0001961066603261
Clec4a1,-2.28460299910968,3.61334421003523e-05,0.0001977851540506
Slc9a2,1.34552453461312,3.63141216537953e-05,0.0001987192222248
Vdr,-1.73731067624596,3.63745011405765e-05,0.0001989946465712
Ccdc103,1.13944148438744,3.66439559413776e-05,0.0002004133950464
Slc26a6,-0.574512980154834,3.67169760420705e-05,0.0002007573146154
Ltc4s,-2.55574453693062,3.6734590600044e-05,0.0002007981872048
Oxsm,0.267585204735164,3.6771160496705e-05,0.0002009426220962
Rpl24,0.773265658038839,3.68089220334569e-05,0.0002010934874346
Lamc1,-1.28790083390584,3.70306230631443e-05,0.0002022488855881
D3Ertd751e,0.997403429947266,3.70791746721481e-05,0.0002024582231064
Plekhm1,-0.494414856162424,3.71595414145732e-05,0.0002028411130579
Cmss1,-0.691371777663355,3.71896881378274e-05,0.0002029497337783
Hs3st4,1.41681379144176,3.72785027598831e-05,0.0002033783660211
Kirrel,-1.28006426088229,3.73222295340458e-05,0.0002035608465139
Irx5,0.75569764992399,3.73714911896468e-05,0.0002037734062554
Gapvd1,-0.21821551972687,3.74807488590837e-05,0.00020431289579
Ccl20,3.17365294887888,3.76118160767239e-05,0.0002049559046524
Gnb1,-0.281351007610332,3.76194058478954e-05,0.0002049559046524
Zcchc24,-0.653300658656674,3.76680386258769e-05,0.0002051644216025
Srprb,0.406835377976621,3.7809756709305e-05,0.0002058796870693
Fabp3,0.840475898004669,3.80254521816258e-05,0.0002069972663564
ENSMUSG00000090939,-2.98111748123852,3.81676506855741e-05,0.0002077142495677
Gm2237,-1.23351724690917,3.83510213815436e-05,0.0002086548427033
Gm16880,1.88087215183626,3.86237910255244e-05,0.0002100811748062
Col23a1,2.39873473970314,3.89539825153121e-05,0.0002118189647812
Ptp4a1,0.654963113632233,3.90423007230373e-05,0.0002122409342627
Tbc1d20,-0.364235138544629,3.90657384384593e-05,0.000212310066969
Osbpl7,-0.3751439983965,3.93725660356022e-05,0.0002139020062041
Plekha5,0.270025060456609,3.93802623015769e-05,0.0002139020062041
Gm10600,-2.05575078744319,3.94006207508544e-05,0.0002139539054976
Rab2a,0.587708138914553,3.9471683812213e-05,0.0002142810378884
Eif4g2,-0.504585401189993,3.95610883133743e-05,0.0002147075343814
Csk,-0.472663078522736,3.9635277981124e-05,0.0002150512452433
Ttc7,-0.918033480626663,3.96839235037801e-05,0.0002152250176837
Rasa2,0.486311807539327,3.96890408291862e-05,0.0002152250176837
Usp36,-0.286150870504744,3.97072945774158e-05,0.0002152650593515
Mpped2,-2.11301428948033,3.97247588206869e-05,0.0002153008001326
1810011O10Rik,0.762073681372104,3.97652532181742e-05,0.0002154613063564
Sec24a,0.311046068128391,3.99263916036021e-05,0.0002162752350431
Sec13,-0.172113996551064,4.00018815875097e-05,0.0002166249010005
Shc4,0.544936242443069,4.01717132906202e-05,0.0002174851312212
Pip4k2b,-0.427939331690388,4.04042009406466e-05,0.0002186840107757
Dnph1,-0.759612794137388,4.08789997581833e-05,0.0002211329448814
Zfp27,0.713458571135237,4.08774053761136e-05,0.0002211329448814
Dgkg,1.79134124822909,4.09629982889179e-05,0.0002215268208939
Ehbp1l1,-0.659609093585745,4.10944490745227e-05,0.0002221770323428
Gigyf1,-0.432671223705576,4.11881882939703e-05,0.0002225623140446
Zfp605,0.37190614599845,4.11853845705658e-05,0.0002225623140446
Ndp,2.12947413463467,4.12105430514753e-05,0.0002226223662278
Fubp3,-0.252731718492149,4.12863503999637e-05,0.0002229710617182
Rnase1,4.27798275484552,4.13333837169973e-05,0.0002231642124131
Megf9,1.65764580864147,4.13772979036488e-05,0.0002233404218271
Dennd2d,-1.610411922023,4.14394486953926e-05,0.0002236149433143
Tmem43,0.32470302464902,4.16795614870417e-05,0.0002248493695694
Brd8,-0.23451643067214,4.21017862518874e-05,0.0002270652981841
Hspd1,-0.330989298354377,4.2223188798766e-05,0.0002276580536266
Slc30a9,0.541232481418272,4.22726664938545e-05,0.0002278627891247
Rcn3,0.594237511505688,4.24637675284911e-05,0.0002288305992202
Gtf2h5,0.294179398217947,4.27546182503836e-05,0.0002303352719887
Pla2g2e,2.24474225788813,4.35040341154206e-05,0.0002343089180369
Afap1l2,0.456946961264419,4.36847546161267e-05,0.0002351410154261
Ago1,-0.326692686465429,4.36800954705241e-05,0.0002351410154261
Tnfaip8l3,2.68168601330243,4.3694149503553e-05,0.0002351410154261
Tbc1d24,0.272924507271597,4.3754004339012e-05,0.0002353991583618
Hjurp,-0.674811769393033,4.38905654724623e-05,0.0002360697334645
Mmachc,0.363667454642235,4.41306604363763e-05,0.0002372966601363
Tspan31,0.363544724183024,4.43140187523096e-05,0.000238217922739
Asb7,0.291245540275222,4.52482631247139e-05,0.0002431741120547
2010001A14Rik,1.16906175266638,4.5345664122593e-05,0.0002436314520574
Desi1,-0.229916226545214,4.53693833131557e-05,0.0002436927765483
Retsat,0.367330200637768,4.57077888323699e-05,0.0002454438855846
Tmx3,0.514803061704188,4.57854770780543e-05,0.0002457944125925
Npr2,0.659794335387775,4.59151543045717e-05,0.0002464237712324
Plcd4,1.28793042873832,4.59502695627679e-05,0.0002465454181579
ENSMUSG00000064363,1.25962097950914,4.60168523789982e-05,0.0002468357921217
Ppp1r8,0.227204549409791,4.60881535940799e-05,0.0002470844054621
Vat1,-0.525689066077334,4.60835749515327e-05,0.0002470844054621
Ptpn14,0.72389910720003,4.61420131310867e-05,0.000247306205155
Pnpla8,0.243323625283385,4.63273644227634e-05,0.0002482324472479
BC031181,0.707332308330602,4.63970872429911e-05,0.0002485387924696
Slc25a24,-0.38514681320733,4.65729591876823e-05,0.0002494134353036
Murc,1.36306842874194,4.71298424358954e-05,0.0002523274938092
Myom3,1.63804602517989,4.71495685770328e-05,0.0002523648800269
Ddx56,0.324018134607008,4.71646546950395e-05,0.0002523774173414
Dnajc13,-0.179427119486684,4.74011263586809e-05,0.000253574258889
Ltbp3,0.508467359247526,4.7460436753189e-05,0.0002538229785201
Ppt1,0.796516032360616,4.76586614366236e-05,0.0002548142902513
Sltm,-0.599392989932212,4.76865788511852e-05,0.0002548947388849
Olfr613,0.292668837068528,4.80095646112673e-05,0.0002565519205508
Alkbh6,0.70796903779395,4.81238148559506e-05,0.0002570930751031
ENSMUSG00000031901,0.366350885565517,4.84058972826081e-05,0.0002585303100821
Psmf1,0.321266813275132,4.85123454463711e-05,0.000259028980647
Klf13,-0.476474144975625,4.8550887204863e-05,0.0002591648976294
Npas2,-1.95874041267571,4.86065628389348e-05,0.0002593921774352
Aspa,2.38674036609768,4.88307861593001e-05,0.0002605185584856
Nufip2,0.203351881620704,4.88578394771007e-05,0.0002605926886626
Smpd1,0.33700503630503,4.88770388821168e-05,0.0002606248998442
Stxbp1,-0.485695291792618,4.90434702314574e-05,0.0002614419608247
Fez1,-0.320395060109757,4.9237345379007e-05,0.0002624048406581
Nr3c1,0.228566164807914,4.93911636814633e-05,0.0002631537814225
Rabgap1,0.3202095004532,4.96585057222197e-05,0.000264507005735
Slc43a2,-0.601177322536181,4.97233922488841e-05,0.0002647814090069
Fmo3,-1.88627575650519,4.97806277458649e-05,0.0002650149333008
Txn2,-0.302338429059059,4.99249266082062e-05,0.0002657117029155
Crls1,0.384022132525179,5.00273868790738e-05,0.0002661854835446
Arf2,0.358176234901553,5.02745426527633e-05,0.0002673568857935
Ttyh1,1.51898967868074,5.02678233118571e-05,0.0002673568857935
Snx8,-0.695913792555635,5.0335941679762e-05,0.0002676115406781
Shkbp1,-0.567684613164561,5.03655505273593e-05,0.0002676970914234
ENSMUSG00000074292,0.967816736609186,5.04581279061512e-05,0.0002681171894428
Chchd3,-0.335880654212138,5.06599205928868e-05,0.0002691172391152
Bmp15,3.03016653041009,5.10642005001283e-05,0.00027119212301
Psmd13,-0.15641293350743,5.11218051524046e-05,0.0002714252625303
C1galt1,1.57647547999662,5.1322043648573e-05,0.0002724153718617
Hsp90ab1,-0.267404203446937,5.14513984378099e-05,0.0002730288035001
Hist2h2ac,1.99675429590292,5.14910728381193e-05,0.0002731661415714
Pla2g4c,-2.03587885358545,5.16683313793087e-05,0.0002739597415356
Soga3,-1.38518145588228,5.16634378567093e-05,0.0002739597415356
Slc39a8,-0.342204359970334,5.18147202364677e-05,0.0002746623981699
ENSMUSG00000099083,-0.239104209506785,5.18641118085999e-05,0.0002748506476471
Ccdc107,0.453058205154478,5.23957415215053e-05,0.000277582727839
Dmtf1,0.365701711566395,5.2407686295195e-05,0.000277582727839
Vprbp,0.192478320840672,5.25251273879261e-05,0.0002781303804252
Clec2g,1.63673394737056,5.27695729262638e-05,0.0002793500727697
Exosc8,-0.465531314855272,5.30571418218807e-05,0.0002807973374239
Nkain3,-1.79863603143721,5.31778108874261e-05,0.0002813607712569
Rsbn1,0.627401766611854,5.31968783229377e-05,0.0002813864792487
AW549877,0.563499196066293,5.34429676827983e-05,0.0002826126921201
2010204K13Rik,-1.49968577101784,5.35233854603405e-05,0.0002829623933947
Ankrd13b,-0.84023276605533,5.3999618045696e-05,0.0002854039059986
Adamtsl2,-1.53404418983344,5.41035119701645e-05,0.0002858767211998
Crisp2,1.80998442107761,5.4295837432487e-05,0.0002868094866152
Zbtb38,0.361644075085585,5.43090070090462e-05,0.0002868094866152
ENSMUSG00000070392,0.582846290459788,5.45523140987052e-05,0.0002880176028821
Nav2,-0.81884931125078,5.46985273808246e-05,0.0002887125896188
Sh3bgrl3,-0.283317489604071,5.47881593629098e-05,0.0002891086352312
Pgrmc1,1.46373168404904,5.50656204279512e-05,0.0002904953508138
Gm14308,1.79816947986954,5.51917293513936e-05,0.0002910055932042
Tram1l1,0.416660871262959,5.51879494535889e-05,0.0002910055932042
Plcd1,-0.493409848920836,5.52937662022296e-05,0.0002914659957064
Vapa,0.657425765683555,5.53213908373934e-05,0.0002915340138753
Mir196a-1,1.29416579614103,5.5521604865249e-05,0.0002925112696864
Gm17690,-0.585401202369166,5.57327590345146e-05,0.0002935456276381
Mdga2,1.83755803938304,5.59826819455179e-05,0.0002947835770404
Ascl1,3.57935732686224,5.60062981964755e-05,0.0002947854669354
Podxl2,1.03730796264607,5.60128111532112e-05,0.0002947854669354
Rbl2,0.538726724057422,5.66577022327893e-05,0.0002980363080426
Tdrp,0.78089369801944,5.66606089567977e-05,0.0002980363080426
Rab19,-2.13159719657769,5.67262260356409e-05,0.0002983022252814
A830010M20Rik,0.342505752560538,5.67810394483855e-05,0.0002985112039383
Phf1,-0.431927041433343,5.72325560643991e-05,0.0003008050796972
Rwdd3,0.813030136225513,5.7455227581676e-05,0.0003018952844328
Mdfic,-0.517071073616253,5.76115410947931e-05,0.0003026363288703
Gsta1,1.96462116145953,5.78193727191766e-05,0.0003036475357545
Prss37,3.54825786919062,5.78471861623595e-05,0.0003037130632978
Acox3,0.272384322388254,5.79413510628531e-05,0.000304126826517
2410018L13Rik,-0.474958372932448,5.8019841391484e-05,0.0003044581184199
Gm2a,-0.879209741273398,5.80437205521856e-05,0.0003045027395537
1810010H24Rik,1.12480931341798,5.81664825545816e-05,0.0003050659482285
Gm1045,2.62608666701519,5.86373458603281e-05,0.0003074314728366
Ldlr,-0.648425421205815,5.86485611177888e-05,0.0003074314728366
Akr1e1,0.644912341321828,5.86795812262365e-05,0.0003075126823509
Zbtb44,0.332493190388629,5.88989217797554e-05,0.0003085804886048
Zcchc17,0.397093005610654,5.92556795019742e-05,0.0003103674892507
Cnpy2,0.459799417415072,5.94573978348893e-05,0.0003113310527381
Zbtb25,0.856335546077983,5.94710852609856e-05,0.0003113310527381
4930550C14Rik,0.982069751735405,5.95105933312494e-05,0.0003114555471279
4632427E13Rik,0.668726518061617,5.97173742177707e-05,0.0003124551859996
Lsm2,-0.528879839596503,5.9759139068934e-05,0.0003125911225887
Sec22a,0.43377864509673,6.06530169894694e-05,0.0003171140350247
Scarf2,-1.37696767191412,6.06558253218418e-05,0.0003171140350247
Fam210a,0.562806863122312,6.07340599928618e-05,0.0003174392515435
ENSMUSG00000082985,-2.33204514776147,6.07775820280556e-05,0.0003175829114732
ENSMUSG00000081043,1.57220514220568,6.09836275887984e-05,0.0003185755106221
Hira,-0.262865850579186,6.1750156002717e-05,0.0003224947493348
Trap1,-0.242302775496151,6.19723952651667e-05,0.0003235700806304
Ap2m1,-0.240179084209332,6.20002959878932e-05,0.0003236304327212
Spef2,2.22868747438561,6.2261787279643e-05,0.0003249097326181
Rpl6,-0.397965561404156,6.23001992681943e-05,0.0003250245380156
Tubb2a,-0.681360069449129,6.24996729965136e-05,0.0003259793321103
Palm,-0.707767534992597,6.25891988559852e-05,0.0003263603196798
Derl2,0.335683860581328,6.26373969205901e-05,0.000326457800936
Tmem198,0.669132470905339,6.26408626316356e-05,0.000326457800936
Flt3l,0.56484339537675,6.27247148272631e-05,0.0003268088009574
Padi2,-1.24494575369532,6.31424592124614e-05,0.0003288988064817
Lctl,3.58060394339824,6.32288179012358e-05,0.0003292620325311
Fzd5,0.784234981593711,6.33133845201374e-05,0.0003295291109163
Stam,0.418519532847349,6.32982284067933e-05,0.0003295291109163
Tnni2,-2.59003004211487,6.33965730721324e-05,0.0003298753896795
Stard6,0.411605722107228,6.34210498671397e-05,0.0003299160681819
Gm7331,-1.25651553754825,6.35349391453805e-05,0.0003304217265848
Tmem19,0.323194002042942,6.37585959204294e-05,0.0003314978297737
Gm4518,-2.17622335484172,6.37973112787987e-05,0.0003316120610407
G3bp1,-0.236969822154751,6.38382396509938e-05,0.0003317377323663
Asic1,1.29700744651247,6.38744051573724e-05,0.0003318385938448
Rnf167,0.328963448014371,6.40628141329613e-05,0.0003327301261707
Rfc5,-0.891422930943364,6.41786825206682e-05,0.0003332445276977
Gfra3,3.49814331483438,6.49237033888794e-05,0.0003370246453246
ENSMUSG00000092569,-1.46280443597087,6.49937031870508e-05,0.0003372996063722
Vps45,0.675132805873172,6.51197941395856e-05,0.0003378654448887
Txnrd3,-0.531419475772574,6.52774533124468e-05,0.0003385060710656
Wnt11,1.26993521518993,6.5271758347662e-05,0.0003385060710656
Zfp1,0.876664093663438,6.53563436323995e-05,0.0003388264474596
Txnl1,0.588867184415285,6.61015083045708e-05,0.0003425999137565
Brip1,-1.15854518977246,6.63467732632086e-05,0.0003437811349305
Kdm5a,0.194381439355313,6.64685905704925e-05,0.0003443222515453
Zbtb26,0.776944599615323,6.68666142423526e-05,0.0003462935220856
C920006O11Rik,0.604241457108021,6.70861963670223e-05,0.0003473398778699
Ube2s,-0.522520041737711,6.71385577420792e-05,0.0003475201248102
Best3,2.37331795776933,6.72090599856533e-05,0.000347794153111
Telo2,-0.535223819790945,6.76139786253288e-05,0.0003497981276635
Thra,0.369099430282445,6.77910592829863e-05,0.0003506226529225
Mier2,-0.552865240644309,6.78518573265891e-05,0.0003508454784584
Meig1,2.53385944454358,6.79774181787424e-05,0.0003514029730127
Gpd2,-0.416420254393681,6.83314769939936e-05,0.0003531410674292
Hnrnph1,-0.46677916434756,6.84988280846616e-05,0.0003539135902396
4930483K19Rik,-1.64687082731728,6.88798283213467e-05,0.0003557892853614
St3gal2,-0.62586446916514,6.92731154941245e-05,0.0003577274522152
Myh9,-1.00557172273003,6.9334438557952e-05,0.0003579507875916
Slc25a35,1.16917872609177,6.94184753002432e-05,0.0003582912392092
Zdhhc4,0.393995189932166,6.94621276950689e-05,0.0003584231310247
Acyp2,0.793443166879556,6.9775350833975e-05,0.0003599455712206
Abcb6,-0.506292211182302,6.9952979086436e-05,0.0003607616110389
Zfp3,0.925804204731541,6.99699731367747e-05,0.0003607616110389
Insr,0.193858319208592,7.00128126337428e-05,0.0003608885323786
ENSMUSG00000086158,0.963281824815636,7.05173384043469e-05,0.0003633945796928
3110009E18Rik,1.27583802803201,7.0801715248894e-05,0.0003647651323592
Mdn1,-0.380020630361432,7.09560968026501e-05,0.0003654654203068
Pfas,-0.408580003932956,7.11617453596799e-05,0.0003664293305
Mapkapk2,-0.494975901127358,7.11897292407617e-05,0.0003664781382594
Gm12843,1.46540496947313,7.141079373709e-05,0.0003675206234847
Dgkk,-1.31194837058638,7.14985687678109e-05,0.0003676857065379
Gm14005,-1.09233139742605,7.1486295900668e-05,0.0003676857065379
Hace1,0.488012335266187,7.14814752956033e-05,0.0003676857065379
Spg20,0.393483845677832,7.15964286887709e-05,0.0003680933732482
Mrc2,-1.07195280164127,7.16428064264545e-05,0.0003682362155384
Hpgd,-3.20156923860921,7.17263110951309e-05,0.0003685697625656
Acp2,0.312847643273065,7.18367990806146e-05,0.0003690417558994
ENSMUSG00000085246,1.43484980186235,7.19896855732225e-05,0.0003697312585819
Odf3l1,2.46061721913728,7.22610234438082e-05,0.0003710285995025
Lipe,0.739701730423903,7.25588545125443e-05,0.0003724612635475
Vps9d1,-0.67865433732664,7.32280055993477e-05,0.0003757987620858
Siglec1,-0.815950847423862,7.33974982137102e-05,0.0003765709986073
4933427G23Rik,1.25716979607372,7.37269351165721e-05,0.0003781632279328
D030062O11Rik,1.03525024244271,7.40019176393493e-05,0.0003794753953727
Gm5620,-2.87160248965312,7.40802600160637e-05,0.0003797787909288
Nalcn,2.50546725135084,7.41754233092623e-05,0.000380168240998
Prkag1,0.297165476834764,7.43336126292258e-05,0.0003808804306621
Tgif1,0.297392441771401,7.46172957617781e-05,0.0003822351074149
Dlg4,-0.61092189579509,7.47004718387986e-05,0.000382562230229
Ap4b1,0.329307051307019,7.48137959151204e-05,0.0003830435404092
Dbn1,-1.27884530909437,7.50324091414629e-05,0.0003839642973223
Hras,0.220231179326572,7.50294103404519e-05,0.0003839642973223
B3gnt7,-3.11293499318972,7.53201699258784e-05,0.000385337288869
ENSMUSG00000095649,1.96317140748822,7.5964223158233e-05,0.0003885318893144
Elmo2,0.333720124445829,7.60632543712124e-05,0.0003889379523799
Birc2,0.604146890407634,7.61366422371146e-05,0.0003892127162787
Hacl1,0.709075220419285,7.61611934291213e-05,0.000389237748302
Pcbp2,-0.314722651361312,7.62481428213129e-05,0.0003895815842191
Spns2,1.40128026095979,7.63737857307656e-05,0.0003901228920846
Grhl1,3.21199612277655,7.64679843069248e-05,0.0003905033422419
P4ha1,0.272527357242758,7.6571252431408e-05,0.0003909299002711
Gm15411,1.3568208474412,7.70470681435414e-05,0.0003932577674006
Cnih4,-0.34993561167401,7.7104369688213e-05,0.000393448837234
Brd7,0.217424491553121,7.72447277185144e-05,0.0003940635207979
Hmga1,-0.721521397329401,7.81002449505959e-05,0.0003983253286123
Adprm,0.861017962134826,7.85310977945017e-05,0.0004004196345835
Satb1,1.11615728287816,7.86646751722172e-05,0.0004009974844557
Elfn1,1.85302683144452,7.93314989190438e-05,0.0004042925899621
Tbc1d12,0.587152041782043,7.9384532310442e-05,0.0004044587800041
Sptlc1,0.271727284729498,7.97119175988397e-05,0.0004060223292508
Ccdc109b,-0.429335793947223,8.02276615072202e-05,0.0004085442552041
Gyk,-0.91488398669867,8.03448798519867e-05,0.0004090359898685
Olfr212,1.74373431781091,8.03739503146278e-05,0.0004090788260166
Hipk4,-1.59829355214024,8.04681640405524e-05,0.0004094531142495
Lrrc4,1.4661866904706,8.05076218864459e-05,0.0004095486626866
Hoxb3,-1.73559410203593,8.05696636273496e-05,0.0004097590186122
9130011E15Rik,0.290488941852789,8.11374635970591e-05,0.0004125407776832
Heca,0.309928691753281,8.1425005837038e-05,0.0004138965132435
Polr3c,-0.246291426850632,8.16533368135766e-05,0.0004149506497962
Dgki,1.03542027887482,8.19222377964436e-05,0.000416210363602
Pcyox1l,-0.644228628775143,8.27014128697081e-05,0.0004200612414649
1110012L19Rik,0.3511731491401,8.28581050463714e-05,0.0004207492082918
Ccdc77,0.384649165821584,8.29316967378891e-05,0.000421014950576
Abca3,0.498268802679653,8.35367679652496e-05,0.0004239779991757
Prpf31,-0.256886130929614,8.36466208441986e-05,0.0004244267689465
Hdac8,0.324025060497387,8.40391968302548e-05,0.0004263094912977
Jak1,0.15418180241154,8.41964627037313e-05,0.0004269978866542
Grm7,-2.24051879682955,8.44429273878467e-05,0.0004281381807447
Cyp39a1,0.518976982814805,8.48925519058796e-05,0.0004303076779994
Sccpdh,0.699244679511002,8.49433772074269e-05,0.0004304551285096
Eif4h,-0.290070529448053,8.49917698602773e-05,0.0004305901791539
Thyn1,0.54240401219569,8.50641954891341e-05,0.0004308468868201
Tmem156,-3.10528707650656,8.52001659931881e-05,0.0004314252332725
Slk,0.383722403005228,8.55584738621631e-05,0.0004331288385394
Cfl2,0.299655718282369,8.59356656799735e-05,0.0004349271462116
Ctdspl,-0.685767890929425,8.64703964218409e-05,0.000437521648119
6030419C18Rik,0.907255746625626,8.69162542891219e-05,0.0004396652617986
Dvl1,-0.525279475306521,8.71153780659327e-05,0.0004405599967358
Gm4924,1.29720279804962,8.73806358996344e-05,0.0004417886426745
Maf,-0.71542648436292,8.76160101727462e-05,0.0004428656113989
Jam3,0.45525466852499,8.77143648189808e-05,0.0004432496251276
Azi2,0.449448010713275,8.78718777706946e-05,0.0004438221674934
Dusp1,0.360292832936945,8.78808064842433e-05,0.0004438221674934
Kcnb2,-1.93921647020341,8.78948970364139e-05,0.0004438221674934
Fgf5,1.83302089761058,8.79582828638728e-05,0.0004440290170369
Emc1,-0.349178242269283,8.88467978213671e-05,0.0004484000978731
Mfap5,-2.18351466781581,8.89147007108813e-05,0.0004486284669753
Ddb1,-0.388636170676377,8.90245907752006e-05,0.0004490685164829
Rab5a,0.53711079800509,8.90567092765739e-05,0.0004491161371309
Fkbp7,0.68028403018472,8.91832103710144e-05,0.0004496395871149
Ube2q2,0.406606276821826,8.93921115986038e-05,0.0004505781059044
Spop,0.218606932586998,8.98765197806254e-05,0.0004529044777952
Mfn1,0.505570561006271,8.99202433568195e-05,0.0004530095394145
Fgf16,4.05150663817969,9.00367172164032e-05,0.0004534809633147
Cacna1h,1.75921732713344,9.0687985133399e-05,0.0004566450184545
Tmem81,0.559047710351605,9.10105777728245e-05,0.0004581528932925
Cmtm8,-2.546769778178,9.1355573038435e-05,0.000459655937107
D6Wsu163e,0.476375410367049,9.1339202385356e-05,0.000459655937107
Wdr47,0.555141905835823,9.21853419136187e-05,0.0004635953558296
Rnf11,0.742256925112832,9.21832046707569e-05,0.0004635953558296
Gm6634,0.628416266277339,9.24167788791878e-05,0.0004646412513133
Micu2,0.350414604195129,9.27186210936845e-05,0.0004660405005429
Ubxn7,0.28903520408786,9.27971926207272e-05,0.0004663170775592
Dock4,0.463832169671701,9.32901407108143e-05,0.000468675278193
Zfp933,0.425338866302801,9.339155980805e-05,0.0004690658002634
Tmem14a,0.827259384416003,9.37132296664457e-05,0.0004705620690452
Nfic,-0.460252676727617,9.38818353364768e-05,0.0004712891931568
Rbbp6,-0.233199204124311,9.39364403789537e-05,0.0004714438077204
Ppl,-2.02273464496802,9.40910552420864e-05,0.0004721001413768
Rbms1,-0.339526553180946,9.41637315706158e-05,0.0004723451215867
Tspyl5,1.2743451460012,9.42207630865388e-05,0.0004725115199204
Fundc1,1.24034970352562,9.45474894158619e-05,0.0004740299950358
Csrp1,-0.88887467244604,9.46590421554506e-05,0.0004744691649826
Ppapdc3,1.18187699914411,9.48475384642855e-05,0.0004752936871828
Mdm4,-0.328456723087797,9.50167397018897e-05,0.0004760211265004
Lrrc28,0.44798474836939,9.56879423243771e-05,0.0004792625214446
Steap4,1.70597406098845,9.57928150454528e-05,0.0004796664751353
Cep192,-0.363989770463444,9.59339575294905e-05,0.0004802517934565
Oas3,-0.973696453700127,9.61211450894362e-05,0.0004810672624086
2610203C22Rik,-1.11416230234638,9.64441906943085e-05,0.0004825620900732
Zim1,1.38111514023549,9.67233818883291e-05,0.0004838367908351
Mylk,-2.11303431339005,9.68849671757104e-05,0.0004845226994817
4930433N12Rik,2.87253757289912,9.70482125418451e-05,0.0004852165617719
Mtmr6,0.238358387809442,9.73349789700369e-05,0.0004865274920551
Cdk9,-0.338643433295336,9.74760978201998e-05,0.0004871099271337
Kif27,-1.29232662797635,9.75045924769184e-05,0.0004871294019709
Camta1,0.793534263885951,9.75859414052617e-05,0.0004874128584085
Trim39,0.246058807867673,9.78102477951436e-05,0.0004884100220209
Fndc9,1.30630970708874,9.79346596447138e-05,0.0004889079908252
Hnrnpf,-0.388867990673524,9.80350918151612e-05,0.0004892860277992
Plag1,0.55324957167029,9.84285489141449e-05,0.0004911259719565
Prelid2,-0.728502055914757,9.8916505221999e-05,0.0004934363902812
Sfrp4,-1.02020529241224,9.92972886873403e-05,0.0004952111571805
Epn2,0.586307711978742,9.94203021535535e-05,0.0004956998146648
Rab28,0.399216534549374,0.0001004464499176,0.0005006900312531
D630036G22Rik,-0.702117143822951,0.000100774512756,0.0005020725661937
Tmc7,-1.00972525698901,0.0001007667439793,0.0005020725661937
ENSMUSG00000045502,-3.37454043219638,0.0001014143448115,0.000505133220485
St7l,0.624560178060179,0.0001017249486894,0.0005065529001371
Rpgr,0.684688363765754,0.0001017693135856,0.0005066464269105
Pde4b,-1.11412458028921,0.0001018733011844,0.0005070366566112
Slc16a5,0.861523704043335,0.000102284911775,0.0005089573851239
Tmem132b,1.89996303795235,0.0001026953266924,0.0005108712006574
Garnl3,-1.01078009486357,0.0001028958320328,0.0005117400948215
Utp3,0.45007764178282,0.0001033107410646,0.0005136745960445
Me2,-0.353245758316718,0.0001034989760472,0.0005144813558333
Pet100,0.700812749087833,0.0001036112548916,0.0005149102363546
Lmln,0.52889899526775,0.0001036950964397,0.0005151976141226
Stim1,-0.40200549768315,0.0001040982875206,0.000517071102598
Mob4,0.612703416812803,0.0001046236728837,0.0005195504558147
Rian,-0.700997193377206,0.0001048110114387,0.0005203502809056
Dact3,-0.635008715763747,0.0001050273708432,0.0005211631300875
Veph1,0.87217450092693,0.0001050110260019,0.0005211631300875
Tha1,0.77975678849177,0.0001062183838777,0.0005269411007802
Upk3bl,1.71560472606466,0.000106249295721,0.0005269624473977
Fam161b,1.24017573243107,0.0001064523237826,0.0005278372108639
Dip2a,-0.663693086232398,0.0001066463010088,0.0005286666696317
Zdhhc17,0.440313594703847,0.0001070613234834,0.0005305912037703
Pgpep1l,2.21093641551457,0.0001075040040128,0.0005326518127271
Ggn,-1.16926927787831,0.0001076337100596,0.0005331610790446
Map3k5,-0.893132148027619,0.0001078209794515,0.0005339551580541
Thoc7,0.442284033327075,0.0001078871385791,0.0005341492231051
Thumpd3,0.788440439376999,0.0001081178318614,0.000535157596147
Ranbp3l,3.09265557538709,0.0001084264543555,0.0005365510999643
Nono,-0.409511724413438,0.000109335358855,0.0005409136764341
Sema6d,-0.617284151406038,0.0001099128826249,0.0005436350468291
Colq,2.05444773419735,0.0001099735878311,0.000543799483997
Tmem209,0.309113352276404,0.0001101953907129,0.0005447602390613
Adam12,-3.15500465088781,0.0001102765896646,0.0005450256006287
Trub2,0.421694022710175,0.000110323071223,0.0005451192870514
2900076A07Rik,0.64047866549634,0.0001109327170405,0.0005479948935573
Arvcf,0.849160051490245,0.0001112050055508,0.0005492029750444
Nudt8,-0.450096120761737,0.0001113122562915,0.0005495955930184
Sipa1l3,-0.690709783304868,0.0001114234405131,0.0005500074316857
Asap1,-0.646814793162815,0.0001116696982335,0.0005510856475995
Memo1,-0.418343670391606,0.0001117019626874,0.0005511075408723
Ptpn2,0.564587393099454,0.0001118097105082,0.000551227161291
Pttg1,1.13739702232559,0.0001118007027653,0.000551227161291
Siah1a,0.858087395107212,0.000111789231336,0.000551227161291
Cebpg,0.243997875288221,0.000112184823855,0.0005529388381344
Mb21d2,0.846356481884893,0.000112281147221,0.0005532758993693
Erbb4,3.3183336144843,0.0001124141116996,0.0005537933005221
Ddx39b,-0.32595315476354,0.00011370502982,0.0005600135315983
N4bp1,0.246201334646786,0.0001139499016872,0.0005610800231266
Gm21092,0.359963901923103,0.0001141539464513,0.0005619450051012
Rps16,-4.82574359987286,0.0001145582566109,0.0005637951575353
Gm12942,0.500996498288006,0.0001148803292483,0.0005652397615983
Synpo2,-1.95957052387713,0.000114960636193,0.0005654943962161
Dolk,0.433508321115199,0.0001150321896427,0.0005655654130299
Sec61g,1.02662165181573,0.0001150064938831,0.0005655654130299
Sf3b3,-0.513486761486959,0.000115991307694,0.0005701394533564
Wdr81,-0.7881691415484,0.0001168370353702,0.0005741540070651
Cpxm2,-1.31528857311648,0.0001172273478077,0.0005759291480983
Gclc,1.9005135271978,0.000117496242258,0.0005771070391067
Car6,1.67040957352104,0.0001178336566421,0.0005786208123335
Pls3,0.767340176846326,0.0001179960878914,0.0005792747953899
Tenm1,2.96322560978143,0.0001184876330398,0.000581543763252
Bhmt,2.17693688472419,0.0001188256606673,0.0005830583210745
Lrrc3b,2.57491041131587,0.0001191336416883,0.0005844247312352
Dse,-0.373590685751346,0.0001192306524315,0.0005847557802757
Zfp708,0.909988356601576,0.0001203004476947,0.0005898564164758
ENSMUSG00000097108,-2.13010205164448,0.0001206241431636,0.0005912971611914
A430057M04Rik,-0.963634692078002,0.0001211332378844,0.000593645791404
Foxo3,0.353733402086258,0.0001214836590597,0.0005952158297918
Rxrg,2.09364067906138,0.0001216573662373,0.0005959194857689
Ccdc113,1.58884456429835,0.000121824987401,0.0005965929897353
Tecta,-1.08207666815305,0.0001218772697835,0.0005967014711481
Fpgs,-0.780080748559361,0.0001219178678722,0.0005967527076967
1700088E04Rik,1.43629973935498,0.0001222927092202,0.0005984395387689
Tor2a,-0.403333442624735,0.0001224633998467,0.0005991267713846
Heph,1.80365818758624,0.0001226461425397,0.0005998726122146
Hist1h1d,0.58004528880318,0.0001228421709673,0.00060068305033
Axdnd1,-1.49333910749068,0.0001229818026591,0.0006012173833281
4933430I17Rik,-1.63132876263299,0.000123030472944,0.0006013068820787
Spock2,1.40143816523274,0.0001235642592293,0.0006037667381636
Ttc14,0.373367162233834,0.000123966104214,0.0006055808406153
ENSMUSG00000078439,-1.7846033467145,0.0001249147617433,0.0006100645971798
Rpe,0.521551977702378,0.0001252820092493,0.00061170732524
BC030336,0.635171128486532,0.0001253906827937,0.0006120870303298
Zfp644,0.502818930509273,0.0001256699925236,0.0006132992932327
Cyba,-1.6690626201948,0.0001257321997471,0.0006134517082515
Mrs2,0.324884766067373,0.0001258295797987,0.0006137756153534
Pknox2,-1.59693976851834,0.0001261390131279,0.0006151334686002
Foxo4,0.337088246230047,0.000126378969141,0.0006161519214351
Lipn,-3.06647178409292,0.0001266818896987,0.0006173248384828
Srp72,0.167243620292826,0.0001266652014868,0.0006173248384828
Meiob,2.23277699764566,0.0001269520100523,0.0006184889562302
Blvra,-0.739784486446825,0.000127360131984,0.0006203246566187
Taf1a,0.561168426313147,0.0001275759458164,0.0006212230221169
Olfr1372-ps1,-2.61904043512628,0.0001276733607407,0.0006215445516492
Fbxo7,1.10820125237969,0.0001279716930564,0.0006228437968273
Xrcc4,0.533030407189871,0.0001288980982558,0.0006271985105305
Zfp593,0.44382872109606,0.0001296938639177,0.0006309155689087
Rab5c,-0.331217518577207,0.000129745336199,0.0006309485685946
Smim11,0.68170199419236,0.0001297799197208,0.0006309485685946
Mcm3ap,-0.213876266592604,0.0001297962264418,0.0006309485685946
Tll1,-2.12409829919397,0.0001304129288174,0.0006337908324664
Eed,0.645652831311887,0.0001306201845615,0.0006346423295036
Clpb,0.375782326278178,0.0001318609970218,0.0006405139036108
Mbp,-1.91400346390485,0.0001319401143789,0.0006407410557038
Emc2,0.537776999855598,0.0001321049812732,0.0006413844199889
Mgat5,0.587057009181798,0.0001323905087122,0.0006426131457198
Wsb2,-0.291736562503386,0.0001325573854184,0.0006432654890531
Dusp7,-0.69935177343738,0.0001329568440489,0.0006450458940581
Ifnar1,-0.426453063722951,0.0001331245523228,0.0006454720907501
Mlf2,-0.373705288238327,0.0001330963931422,0.0006454720907501
Rarg,0.377363336989621,0.000133142470749,0.0006454720907501
Zfp939,0.794171969126154,0.0001335328649843,0.0006472062795276
Tbc1d25,-0.709436156058943,0.0001335729492853,0.0006472421550398
Twistnb,0.628914952113624,0.0001338635511855,0.0006484916261443
Rasal2,0.6776824800749,0.0001342950789086,0.000650423023406
Hmg20a,0.288397947372853,0.0001347176956247,0.0006523103286435
Adrb2,0.960636346015285,0.0001348901614761,0.000652985763352
Cdt1,-1.54135030057338,0.000136291471009,0.0006596080869657
Cacng7,0.89236003254998,0.0001363380195637,0.0006596545479294
Procr,1.18281963733848,0.0001363676893164,0.0006596545479294
Tanc1,-0.218349507167572,0.0001370400173545,0.000662744933746
Polq,-1.5553623128216,0.0001375347527985,0.0006649751573295
Sbf1,-0.341005235705728,0.0001376279072772,0.0006652631378369
2810468N07Rik,-1.83563179083835,0.0001379206568921,0.0006658655994859
Alg2,0.58666236293238,0.0001378454098246,0.0006658655994859
Nup50,-0.184618990456886,0.0001379168164094,0.0006658655994859
Prosc,0.395193453875397,0.0001378742627633,0.0006658655994859
Zbtb41,0.349875345303443,0.0001379026438204,0.0006658655994859
Itsn1,-0.613133532445456,0.0001381707372236,0.0006669103777665
Usp10,-0.419196807650269,0.0001382826131384,0.0006672877364994
Nubp1,-0.345915763480628,0.0001385471375653,0.0006684013428368
S1pr3,-2.10071780389779,0.000139353961906,0.00067213001987
Plin4,1.73283725727346,0.0001395659993451,0.000672988812036
Spats2,-0.386961537290917,0.0001397584444221,0.0006737527345023
Mthfd1,0.208884303385884,0.0001401891073023,0.0006756644149464
Tsku,0.764617359859602,0.0001402310691802,0.000675702212663
Atp2a3,-1.7413521062686,0.0001402897723275,0.0006758206400325
Cacfd1,0.335726162076923,0.0001406279511242,0.000677285005852
Sema3c,2.11601558605011,0.0001407203084587,0.0006775650349421
Cd34,1.38975077551505,0.0001415314429991,0.0006811687634044
Slc16a8,1.80960209336566,0.0001415375409719,0.0006811687634044
Ccr1,-2.31616995280232,0.000141583423832,0.0006812240343952
2610027K06Rik,1.29497825245073,0.0001422378672344,0.0006841047441005
Pias3,-0.44158271073534,0.000142251228853,0.0006841047441005
Kifc2,-0.655768794984357,0.000142405734597,0.0006845976879811
ENSMUSG00000097243,0.928401302024341,0.0001424228678288,0.0006845976879811
Lace1,0.426744103461059,0.0001425053727391,0.0006848280518626
Sdf2,0.436526019125167,0.0001427807279242,0.0006859848461454
Sall2,-0.288966462089507,0.0001431237151282,0.0006873957816176
Wash,-0.291337839771159,0.0001431438196016,0.0006873957816176
Fndc4,-0.910627384503032,0.0001433580413052,0.0006882576121233
Bmp8b,1.45644101634217,0.0001444070535703,0.0006931258577089
Kcnh5,2.47034665375957,0.0001450215339387,0.0006959065805965
Ccdc93,-0.261947161271805,0.000146298633643,0.0007018648596577
Farsa,-0.399826242413677,0.0001466251728676,0.00070326106163
3300005D01Rik,-2.15243638774248,0.0001468844561628,0.000704334084709
1300002E11Rik,0.481615449982643,0.0001480039524595,0.0007093587305202
ENSMUSG00000090353,0.535975385452615,0.0001479712719763,0.0007093587305202
Selk,0.939059923542674,0.000148427062055,0.0007110424617654
Gprin3,1.76330982357568,0.0001484094327281,0.0007110424617654
Trac,-2.49864561198625,0.0001486529813607,0.0007116492158734
Atp6v0a4,-2.54697590417639,0.000148661523231,0.0007116492158734
Mboat1,-1.49187919354036,0.0001486059731191,0.0007116492158734
Wnk4,0.547275083815072,0.0001488361840489,0.0007123131437664
Fyco1,0.560704362083076,0.0001492162860243,0.0007139597314389
Tlr4,1.00629165473168,0.0001500779741011,0.0007179092268354
Scn4b,2.02188239179143,0.0001505371041961,0.0007197578009416
Tnk2,-0.810801899379249,0.000150506769354,0.0007197578009416
2310001H17Rik,-0.764520324024259,0.000151611699219,0.0007247207558134
Armc8,0.389934053056997,0.0001517230978382,0.0007250782407306
Glo1,0.478938411627137,0.0001519965104206,0.0007262096242147
Suclg2,-0.692596229528783,0.0001521697750975,0.000726862090215
Tnn,1.01304542579661,0.0001526255896158,0.0007288635584161
Sulf2,0.649757687283657,0.0001540317624148,0.0007354014037763
4933407K13Rik,-0.443018254522929,0.0001551296293235,0.0007404644924376
Oxgr1,2.50491159107064,0.0001551698555248,0.00074047802863
Msrb1,-0.573498844300602,0.0001558273202419,0.0007434363406581
Ermard,0.50627400084696,0.0001562721001588,0.0007453787744571
R3hdm1,-0.318764623925467,0.0001563481856287,0.0007455621161067
Frmpd4,2.29845225613792,0.0001569880135425,0.0007484329851219
Mon2,0.288372752119889,0.0001572165412558,0.0007493420897789
Grik3,2.84392019307881,0.0001575053832314,0.0007505381639834
Cetn2,1.21344271965545,0.0001576002210831,0.0007508094246648
Map2k4,0.305481192790738,0.0001580510280154,0.0007527759881716
Sema3g,1.71131335226807,0.0001591070699237,0.0007576235664268
Gm5127,2.4995563731833,0.000159505463919,0.0007593380306376
Mex3b,-0.977387028393512,0.0001604822760647,0.0007638046131187
Gm2000,-0.362593835875184,0.0001605595627897,0.0007639888470657
Ppp6r1,-0.401836205675853,0.0001609662376768,0.0007657399401756
Sap130,-0.340125936781503,0.0001614154871993,0.0007676926773526
Ppara,-1.12367817922225,0.0001614549708654,0.0007676960967631
Trim65,-0.392048428581911,0.0001617970581434,0.0007691380075546
Srp54a,0.59833617460116,0.0001618513856678,0.0007692116250936
Pum2,0.545542632918159,0.0001619072407096,0.0007692924652144
Fzd10,1.73685915598815,0.0001620443741087,0.0007697593631206
Fam120aos,0.973825089604735,0.0001628007385444,0.0007731668647804
Fam19a5,1.89845721653707,0.0001628802025311,0.0007733587942763
H2-Aa,3.23339655817938,0.0001630945358227,0.0007741908407081
Cenpc1,0.609215359067598,0.0001631525759585,0.000774245242256
Cthrc1,-1.40673941163209,0.0001631841870923,0.000774245242256
Gm3248,-1.77200814315342,0.000163829999058,0.0007771231859509
Adcy4,-0.735419146256627,0.0001640649518923,0.0007780513187923
Gm5862,-3.14236821984691,0.0001643005727423,0.0007789821744287
S100a11,-0.873047216408673,0.0001645307039918,0.0007798865633926
Fen1,-0.615530617394175,0.0001651787957295,0.0007827712061806
ENSMUSG00000086368,1.57922369323728,0.0001656532296431,0.0007848317128834
Pde1a,-1.19816865596909,0.0001660107887618,0.0007863376370818
AI464131,-0.602459121483197,0.0001671339441536,0.0007914683476848
Rnaseh2b,-0.358100703560985,0.0001689151388429,0.0007997120271684
D3Ertd254e,0.55874787778571,0.0001690033375307,0.0007999383595745
Cdc42ep5,-2.25891157514656,0.0001698029771584,0.000803531220943
Dhx32,0.374465568021932,0.000170185421873,0.0008051486131806
Cyb5d2,0.370282727076927,0.0001706684625029,0.0008072410392665
Cdc6,-1.23222096176106,0.0001709063874959,0.0008081733758287
Bak1,-0.558142706726707,0.0001710055913855,0.0008084494465981
Espn,0.733159152347845,0.0001712272800961,0.0008093043090751
Trp53cor1,0.582788377294527,0.0001715772992757,0.0008107651717624
Ino80,0.248858772721259,0.0001718680717895,0.0008119454422044
Chrna1,1.36083368362164,0.0001724167723881,0.0008143433723764
Zfp462,-0.73571762515103,0.0001733887862809,0.0008186348083276
Cnot3,-0.492718866761562,0.000173408049936,0.0008186348083276
Fam57a,-0.612084703585575,0.0001737185724673,0.0008197099378467
Zfp945,0.496637898658093,0.0001737012496772,0.0008197099378467
Tmem8b,0.875721230690519,0.0001742897270772,0.0008222090888606
Psd,-0.779517464407994,0.0001743838419398,0.0008224571578413
Zfp420,0.789824356876126,0.0001746640449871,0.0008235825587918
Deaf1,-0.318279692161959,0.0001752948307965,0.0008263601116628
Unk,-0.453415713767096,0.0001771347114722,0.0008348347991422
Map2k2,-0.56609061889652,0.0001773976614028,0.0008358751573688
ENSMUSG00000065947,1.22028070898232,0.0001783589204931,0.0008400047708552
Gm10222,1.22028070898232,0.0001783589204931,0.0008400047708552
4632415L05Rik,0.565455611503946,0.000178667987239,0.0008412602994013
Nr4a1,0.877014467980838,0.000178893715245,0.0008421229229171
Chpt1,0.825784054451426,0.0001810528516402,0.0008520842856188
Pml,-0.668730798727193,0.0001811085234031,0.0008521437865233
Yipf5,0.504016888118821,0.0001816143223123,0.0008543206743644
2610015P09Rik,0.609357011924877,0.0001818868628191,0.0008553995324793
R3hdm4,-0.227918248526312,0.0001825414533521,0.0008580704823607
Slc1a5,-0.490746815889383,0.0001825222711919,0.0008580704823607
Gpr183,-2.53132417041298,0.0001828189405367,0.0008591709298505
Hexb,-0.662495516072019,0.0001836420773818,0.0008628345671339
Prim2,-0.861792626644486,0.0001846488855685,0.0008673592338232
Fam185a,0.641829193705321,0.0001851406707625,0.0008694630883994
Gbp6,1.50127303103437,0.0001852577105668,0.0008698064722773
Ankrd35,-1.30359897466226,0.0001853712955812,0.0008701334765799
Hebp1,0.268313614857012,0.00018555239303,0.0008705708579878
Slc45a1,2.22523930751711,0.0001855307069029,0.0008705708579878
Mcam,-1.39829018072212,0.0001858114680399,0.0008715798941408
Syn2,1.1843587735458,0.0001865566730983,0.0008748681870803
C030039L03Rik,1.11264439724482,0.0001867950039146,0.0008757784700583
Zscan18,0.701139272479144,0.0001879330961622,0.0008809058074312
Gm7452,0.948258962887423,0.0001884580856235,0.0008831575787241
Gyltl1b,1.97746916058526,0.0001886645446969,0.0008839159316721
Esyt3,1.4039545257159,0.0001887890459844,0.0008842900346915
Kif18b,-1.70537313169723,0.0001891155292185,0.0008856098228054
Cend1,0.992625217769506,0.0001905611123555,0.0008921683851274
Nradd,-0.79905724873651,0.0001908421384202,0.0008932729163968
Tbx5,2.16107448438312,0.0001917143612055,0.000897143480462
Nacad,-0.588335325920005,0.0001919096877529,0.0008978170529364
Nlgn1,2.51820554817222,0.0001919489700127,0.0008978170529364
Erlin2,0.224813783976373,0.0001921798175156,0.0008986845586964
Hbegf,0.64596268828185,0.0001922480320404,0.000898791318822
Pak6,1.64934528070525,0.0001926899337506,0.0009006446655645
Arhgef5,0.325510127625085,0.0001934894197151,0.000904168114214
Zfp583,0.430124093619645,0.0001937432625728,0.0009051407341334
Acadvl,0.347164790492675,0.00019384479723,0.0009054015010246
Ten1,-0.415484473171205,0.000193978059156,0.0009057082841505
Accs,0.318461190940604,0.0001940019461405,0.0009057082841505
Sash1,0.513951079409434,0.000194134908515,0.0009061154202764
Mpp2,0.570487260878407,0.0001942676277406,0.000906521229919
ENSMUSG00000097028,-1.11186010550775,0.0001944875579168,0.0009073337095371
Efnb2,0.523364969359751,0.0001945586726437,0.0009074517082046
4930562C15Rik,-1.42176088705804,0.0001947257932272,0.0009080173320162
Gm12608,2.02009563750647,0.0001961107339116,0.0009142601163811
Bmp8a,1.32784982415889,0.0001964764466917,0.0009157494822976
Exosc9,0.416248244160708,0.000197374433137,0.0009197184173755
Apod,1.82462458625202,0.0001975357405477,0.0009202535417094
Psma8,2.72503128485483,0.0001979767935139,0.0009220913496588
Sepsecs,0.390508495474542,0.0001980530452845,0.0009222296047059
Hspa12a,-1.17156732304041,0.0001982465319895,0.0009229135682937
Zbtb34,-0.406432757452376,0.0001986080996888,0.0009243795079289
Crebbp,-0.271140934635003,0.000199894027114,0.0009301459851894
Apob,1.60913917164932,0.0002009294800891,0.0009347445204807
1700064E03Rik,-1.54636986308522,0.0002011141656014,0.0009353839679592
Znrf2,0.462530704407961,0.0002016611236969,0.0009377076528983
Evi2a,-1.77780458288803,0.0002017323980417,0.0009378188757792
ENSMUSG00000064351,1.434788332909,0.0002028595878412,0.0009428376619592
Nt5c,-0.240475478606942,0.0002029214115365,0.0009429037151736
Ntng1,1.67193752752901,0.0002031578981677,0.0009437811436346
Tead4,0.777355521971166,0.0002033383302328,0.000944397817057
Olfr456,-1.89912286914972,0.0002041422783947,0.0009479094211791
Zfp558,0.503810245221015,0.0002044437794799,0.0009490868750165
Fez2,-0.424925924294616,0.000205772492144,0.0009550312712492
Fam160b2,-0.313664542792921,0.0002060904281524,0.0009562827645573
Gng3,-1.68457193188771,0.0002063884347656,0.0009574412185755
Itch,0.207307019160717,0.0002074084303235,0.0009619476707558
Cnot11,0.275881239421018,0.0002098666415999,0.0009731208078307
Pdha1,0.250051847659229,0.0002111029761327,0.0009786243771845
Impa2,-0.768685303844732,0.0002111535600385,0.0009786297924183
Glud1,-0.459664212369391,0.0002113043004106,0.0009790992899703
Arhgap22,0.428634749955224,0.0002113584191646,0.0009791209668158
Mrps14,0.454269305293455,0.0002116437364849,0.0009802134137855
Nedd4l,-0.616525955518143,0.0002146831098831,0.0009940575889938
Dctd,-1.0845735341618,0.0002148492089075,0.0009945941405342
Slc6a8,-0.59485517660036,0.0002151455904352,0.0009957334127083
Vezf1,0.164374297064659,0.0002155317602671,0.0009972876122268
Gbp7,0.544687888037333,0.0002157050320959,0.0009978562148163
Ces2e,1.20306277700754,0.0002174168331044,0.0010055401594585
Ccdc30,0.801450008400308,0.0002175757314196,0.001006040108577
4933438K21Rik,1.998319437466,0.0002195566498391,0.0010149626268472
Cir1,0.533211726366523,0.0002201145259278,0.0010173041006945
Cdh4,-1.93626476126675,0.0002202261847726,0.0010175826792435
Utp14b,-0.623252943876372,0.0002224393958029,0.0010275693479079
Apopt1,0.659719218200461,0.0002248964248183,0.0010386774246973
Akap7,0.391378153845276,0.0002261062562779,0.0010440215200114
Ppp1r1a,1.30912580604749,0.0002278906459173,0.0010520154666076
Dlec1,0.634103007569871,0.0002280108478538,0.0010523250596358
6430571L13Rik,1.06630319337193,0.0002280743567812,0.0010523729174502
Fam195b,0.287326539097502,0.000228591248709,0.001054512250043
Stap2,-0.725927972249798,0.0002292022979848,0.0010570848414748
Mllt10,-0.273712162897279,0.0002294356875154,0.0010579148674171
Tomm40l,-0.310420058269139,0.0002295745521849,0.0010583087596535
Nbl1,-0.565130998645888,0.0002297369190866,0.0010588107855697
Golga1,0.309688184598438,0.0002298353093147,0.0010590177909888
Lrfn5,1.57127644820872,0.0002301756605363,0.0010603393303702
Gm16938,0.960550468721821,0.0002304504576693,0.0010613583403914
Plekha3,0.480139304772137,0.0002314419164847,0.001065676752863
Gareml,-1.36704576481394,0.0002315159336841,0.0010657697700329
Gm3604,1.04394956456706,0.0002316783500675,0.0010662695897601
Traf7,-0.480874017121694,0.000234412758071,0.0010786036851391
Ift52,0.432709085461026,0.0002347313707006,0.0010798188305121
Dock7,-0.512415364557031,0.0002353222829757,0.0010822857622041
Sbno2,-0.359038552574811,0.0002359217451257,0.0010847908614976
ENSMUSG00000087578,1.42696660255478,0.0002366982781587,0.0010881087977382
Alg11,0.468789034654497,0.000236910322786,0.0010888308267473
Snhg1,0.37380005865589,0.000237717457312,0.0010922868966605
ENSMUSG00000081679,1.66954703509322,0.0002379916498915,0.0010930671301932
Map3k9,-0.558840576865436,0.000237997650242,0.0010930671301932
Gm5141,0.887331704175456,0.0002387241658521,0.001095930859525
Zfp629,0.229188354403146,0.0002387318586139,0.001095930859525
Zfp217,-0.608680785940671,0.0002395352512909,0.0010993641058088
Cep250,-0.246099649660125,0.0002403983278214,0.001103069620986
Txlng,0.758443724285153,0.0002405951833766,0.0011037171673828
Aldh3a2,0.361784246922417,0.0002411288418754,0.0011059091210055
Cstf2t,0.352941716988829,0.0002412263221413,0.0011061000425298
Eftud1,0.317264842981091,0.0002413054006589,0.00110620651728
Arl15,0.382461138553495,0.000241544871959,0.0011070480546812
BC037034,-0.474103232023884,0.0002418131490773,0.001108021194893
Pcdhb14,1.95300544308017,0.0002421817676336,0.0011094535568396
Ddx3x,0.54195130185131,0.000242846290859,0.0011122405051276
Fam179a,2.38046691821079,0.0002432973130976,0.0011138203678603
Zfp395,-0.598948087274273,0.0002433037220442,0.0011138203678603
Nos1ap,1.46365377301921,0.0002438043242711,0.0011158541340109
Wdfy1,0.235414232376854,0.0002440793689068,0.0011168548571699
Lrrc27,-0.519799894244312,0.0002448193128219,0.0011199819060121
Sft2d2,0.335331593809743,0.0002456711202789,0.0011236191376454
Zfp661,0.475014520805039,0.0002471810537434,0.0011302640471795
Dnal1,0.369775675158928,0.0002472929270554,0.0011305145723469
Tmem230,0.637153984139437,0.0002478694853005,0.0011328888268849
Spopl,0.779244685385573,0.0002485280626919,0.0011356367682398
Zkscan1,0.573046921143852,0.0002487161678952,0.0011362341381771
Gm8430,-0.424220270416699,0.0002490923952942,0.001137690451201
Gm13341,1.40743411542509,0.0002495091376577,0.0011393310957283
B2m,0.884530469546914,0.0002498066284828,0.0011404265722625
Mogat2,-1.71459104510124,0.0002510857855158,0.0011460020503237
2700099C18Rik,-1.42512748132699,0.0002512130517736,0.0011463187274943
2300009A05Rik,0.876485773947329,0.0002513251840403,0.0011465662162486
Gm15270,1.28240720095765,0.000252163861897,0.0011501273885325
Pfn2,0.783272504313308,0.0002525033043688,0.0011511453590518
Slc20a2,0.554401947326013,0.0002524525731852,0.0011511453590518
Tmc6,0.573223366085711,0.0002525732108076,0.0011511990487535
Slitrk3,3.25457048240109,0.0002527120174166,0.0011513017697076
Rsph4a,1.41421653933864,0.0002526841311385,0.0011513017697076
Akr1c19,1.93198576106413,0.0002534971497455,0.0011546130527969
Vars,-0.497359122735149,0.0002537472923061,0.0011554866352795
Pawr,-0.613269036103241,0.0002547122553473,0.0011596141390574
Dusp28,0.887484326874031,0.0002558470883331,0.0011645129251552
Cd24a,1.1391894982845,0.0002560339106352,0.0011648901904332
Gm15453,-1.47204303036384,0.0002560476165903,0.0011648901904332
Ankrd49,0.306210515579687,0.0002571019532468,0.0011694182549609
Rims3,1.4581610591655,0.0002580893896928,0.0011736400168717
Dcaf12l1,0.774471156577209,0.0002581859069278,0.0011738093895313
Gk5,-0.455543100932824,0.0002597031990399,0.0011804365741994
Bcar1,-0.487641201300344,0.0002603034439165,0.0011828933922265
Trav14-2,3.24678353638308,0.0002613786758645,0.0011875070651115
Mdfi,-1.23616936988573,0.000261780537557,0.001189060038023
Gm12258,0.667312980592166,0.0002620750382875,0.0011901247553878
Zfp874b,0.52448682858186,0.000262384002933,0.0011910263422728
Cyp3a13,2.25007109720401,0.0002623938563591,0.0011910263422728
Gm11545,-2.87323210268449,0.0002634226866153,0.0011954222927886
Ccdc18,-1.85538215054911,0.0002637260304636,0.0011965246981217
Plxnd1,-0.691639699159115,0.0002639827694963,0.0011974152008947
Tnfrsf26,-1.93499361910369,0.0002643986707244,0.0011990270838166
ENSMUSG00000094472,0.481364090167506,0.0002646284480042,0.0011997943645322
4933406M09Rik,2.05928329110622,0.0002655375895491,0.0012036407469513
Fam73a,0.750108287894738,0.0002660625123059,0.0012054760413908
Filip1,1.42962497942504,0.0002660642181841,0.0012054760413908
Spty2d1,0.390622401069497,0.0002665399478665,0.0012073552441787
10-Sep,-0.554352519790045,0.0002677534338785,0.0012124438263823
Rnf217,0.605917917386253,0.00026778576533,0.0012124438263823
ENSMUSG00000085573,-2.29303050404425,0.0002681937426632,0.0012140134582177
Srsf10,0.394718777734681,0.0002691647624779,0.0012181304744315
A230006K03Rik,1.05523268221743,0.0002700395002948,0.0012218099757455
Ncam2,2.03588005996267,0.0002704718709233,0.0012233364949165
Slc39a9,0.238535257249592,0.0002705004297737,0.0012233364949165
ENSMUSG00000097016,2.17625302694725,0.0002706694775461,0.0012238215372885
Lin54,0.403553572106772,0.0002725418446877,0.0012320060927175
Ankdd1b,1.03667793882344,0.0002733165370369,0.0012349442618023
Phf2,-0.424630251214334,0.000273292465203,0.0012349442618023
Rpl10a-ps1,-0.57929721556401,0.0002752728430725,0.0012434998595368
Gpr179,1.47074380757099,0.0002753413695675,0.0012435257657733
Gpcpd1,0.397029347306132,0.0002755669015579,0.0012442605833228
Tle6,-0.541870717984991,0.0002769885444337,0.0012503946054174
Fbln7,-0.84900220680003,0.0002770633908166,0.0012504474457004
Trappc6b,0.366567839315989,0.0002771483475895,0.0012505458819011
Gpc5,2.19092037772613,0.0002778521363868,0.0012534359246027
Dio2,1.50417114665964,0.0002781931122682,0.0012546883159555
A230050P20Rik,-0.840095738653544,0.0002784991086916,0.0012557824108673
Gstm4,-0.692243733988251,0.0002787866433686,0.001256792780622
Ikbkb,-0.376062873637839,0.0002791903100739,0.0012583261039383
Armc10,-0.384034872910551,0.0002797407068487,0.0012605198995294
Derl1,0.329873613940943,0.0002799821342036,0.0012607472000386
Rap2c,0.452672680817576,0.0002799018379652,0.0012607472000386
Sepn1,-0.736924223117018,0.0002799728067762,0.0012607472000386
E2f2,-1.66963016233191,0.0002803550984972,0.0012621396614322
Itga3,1.27074509260899,0.0002815283172765,0.0012671333625785
Camk2d,-0.204603293003336,0.0002817916793368,0.0012674635799548
Fam160a2,0.384480541665066,0.0002816735112731,0.0012674635799548
Fmo6,-3.07999323546784,0.0002818576856251,0.0012674635799548
Zfp119b,0.741644310383572,0.0002818543964572,0.0012674635799548
ENSMUSG00000083563,1.33920837509221,0.0002821997795698,0.0012684258816618
Gab3,-0.862730304154708,0.0002821624590028,0.0012684258816618
Plch2,1.44238675582831,0.0002826395257836,0.0012701141748625
Sobp,1.50616150746763,0.0002840295582055,0.0012760710913572
Sco1,0.56787803916499,0.0002843115244239,0.0012770481809233
Brpf1,-0.219418520216832,0.0002844322078509,0.0012770742471739
ENSMUSG00000098292,2.55980744675382,0.0002844462989438,0.0012770742471739
Tmtc3,0.433776751697785,0.0002846854737066,0.0012778374016977
Vapb,-0.52570046154196,0.0002847453268881,0.0012778374016977
Slc25a37,-0.425055653893485,0.0002849339939526,0.0012781048281398
Zfp597,0.542544417347317,0.0002849259731872,0.0012781048281398
Lrig1,-1.07380307024053,0.0002857893929142,0.0012816515256508
Sec24c,-0.209416468885206,0.000288057927213,0.0012915325312492
Paics,-0.376498974017188,0.0002882867546164,0.0012922659321918
F2r,-1.28880652582627,0.0002889324580051,0.0012948672546579
4931440P22Rik,1.01467684719833,0.0002897772557062,0.0012983594506803
Zmynd15,-0.911662022491603,0.0002906295800569,0.0013018837827296
Dock9,-0.84048542252396,0.0002909462003527,0.0013030073613263
ENSMUSG00000092389,-1.62338031285896,0.0002920192071673,0.001307517155492
Slc12a2,1.01337896745582,0.0002923307592555,0.0013086162649856
Cmklr1,-1.24176720761498,0.0002932114965391,0.0013122622547936
Apoo-ps,1.04446871346726,0.0002946985779298,0.0013186196650072
Col28a1,1.24435222143943,0.0002959354103894,0.0013238547249497
Tram2,-0.740457143167271,0.0002966611787232,0.0013268017126096
Zfp964,1.17983900166376,0.0002967288755464,0.0013268048433781
Sar1a,0.210752111942407,0.0002972876055921,0.0013290031018391
Map7d1,-0.639510776748407,0.0002985061694055,0.001334149442317
E430018J23Rik,0.602455998946558,0.0003034437166403,0.0013559114089228
Ankra2,0.655688901596203,0.0003042849505505,0.001359363672615
Gnas,0.315766728865429,0.0003048658389584,0.0013616515730116
Ndufa1,0.634160963703277,0.0003060946624476,0.0013668317238133
Rpl21,-0.465944778889531,0.0003069018760542,0.0013701273114018
ENSMUSG00000094286,-1.44525854180131,0.0003077053417847,0.0013734046853067
Gm13204,-1.0256715991261,0.0003078091373047,0.0013735583945882
Atp5s,0.327716264183583,0.000308056625854,0.0013740435627059
R3hcc1l,0.342416875706486,0.000308026038903,0.0013740435627059
Camk2b,1.40823927589803,0.0003086626348744,0.0013764365730811
Afap1,-0.668794635034797,0.0003097277584539,0.0013808754003652
Gpatch2l,0.222795076428661,0.0003107296926881,0.001384873777324
Nmral1,-0.674275125378835,0.0003107764959931,0.001384873777324
Snhg11,1.03950420385527,0.0003108343738742,0.001384873777324
Ppap2c,-0.687591312077385,0.0003111631232178,0.0013860266514182
A430105J06Rik,1.02280512779515,0.0003113462547505,0.0013862738967799
Gm11536,-1.79371693363193,0.0003113586292101,0.0013862738967799
Mettl14,0.357960376750247,0.0003123623604042,0.0013901177944821
Rhbdl3,0.671489844947682,0.0003123481383645,0.0013901177944821
Snupn,0.359034136335651,0.0003131192671911,0.001393173212189
B230217O12Rik,0.767492388014884,0.0003135987189547,0.0013949930436163
Ddah2,-0.722407206394518,0.0003145969929984,0.0013991194361872
Prkcq,0.774097246303915,0.0003152066403465,0.0014015160093
Ifi35,-0.327508509223877,0.0003157141202364,0.0014034573371855
Atf3,-0.780103473537584,0.0003173452147918,0.0014102037333177
Larp4b,0.393482177566032,0.0003173741688243,0.0014102037333177
Mybbp1a,-0.348140979970449,0.0003177963285104,0.0014117627837193
Kidins220,0.218754017510404,0.0003207795162003,0.0014246955682509
P4htm,1.19103968718666,0.0003225131875481,0.0014320742525121
ENSMUSG00000095306,-1.56746700630434,0.0003230170573643,0.0014339900928139
Dak,-0.247952401314372,0.0003250597352951,0.0014427348717583
Mir1895,3.64233888387258,0.0003258115769149,0.0014457478084748
Iars2,-0.231497396003799,0.0003270417293225,0.0014508813636882
Cep152,-0.637699086409393,0.0003276090650864,0.0014530727715503
9430008C03Rik,-0.271272952714318,0.0003279556808319,0.0014542844386915
Actg2,-3.34482904234791,0.0003284131444183,0.0014559869962077
Anapc5,-0.241030099815593,0.0003291882117236,0.0014588042955954
Nsl1,-0.785535185172092,0.0003291959400634,0.0014588042955954
Ercc5,0.525520308779938,0.0003293869524195,0.0014593242070956
Homez,0.49537537451714,0.00032986029338,0.0014610944419812
Fst,-1.79199270673258,0.0003300060824103,0.001461413339905
Cyp2j8,3.03259497279889,0.000330882185752,0.0014649655279753
Ggt1,1.70134286609069,0.0003330863013636,0.001474394526644
Chst2,-0.330076943862371,0.0003331637955355,0.0014744080015165
Pcdhb21,-0.697466945454522,0.0003345978916634,0.001480423736931
Cyfip1,-0.260284124980889,0.0003351746603523,0.0014826443988425
Jph1,-1.16373207106856,0.0003353097052362,0.0014829105409779
Sf3a1,-0.252675909198416,0.0003366867463979,0.0014886680789607
Gja3,1.95527087543321,0.0003369721865211,0.0014895975852377
Rab32,-0.335917345519538,0.000337072888007,0.0014897102151511
Kcne4,-1.54191671801013,0.0003381672338674,0.0014942132752142
Pik3r2,-0.434269267597264,0.0003388332496714,0.0014968221451022
Lsm11,-0.395119637527858,0.0003396434462045,0.0015000666388568
Tnks1bp1,-0.690060923498225,0.0003406651488244,0.001504243613672
Fancf,-0.530591729526425,0.0003461088406305,0.001527940142632
Zfp639,0.508478738551713,0.0003467869487003,0.0015305925411324
Brsk1,-0.460112668701986,0.0003479898974615,0.0015355596990481
S100a10,-1.04120300379777,0.000348569772958,0.0015377758484433
ENSMUSG00000097911,0.622769436362343,0.0003486922081391,0.0015379733830709
Cap2,0.46129044845701,0.0003490645593117,0.0015392728863528
Ang,-0.720812283002695,0.0003504719661761,0.0015451350886359
Leprotl1,0.647964724195733,0.0003508338395296,0.0015463862359326
Myo6,0.430892793156282,0.0003511289639045,0.0015473426793872
ENSMUSG00000038225,-0.342726923235025,0.0003519205148979,0.0015504858458373
Zfp516,-0.495420336638501,0.0003541163550284,0.0015598132328701
Atp10d,0.707300551115552,0.0003550540846104,0.0015635959732322
Cnpy4,0.360429599074265,0.0003583212364424,0.0015776331183875
Sat2,0.724595619390418,0.0003596596622295,0.0015828222112876
Spocd1,-2.37051555383253,0.0003596443734595,0.0015828222112876
11-Sep,-1.14022626923118,0.0003613981203123,0.0015901196122341
Samd1,-0.521137835006634,0.0003634318750828,0.0015987127619149
Plp2,-0.829054793074339,0.0003635747336499,0.0015989860149243
E130308A19Rik,-0.486868362264702,0.0003670187956886,0.0016137744737605
ENSMUSG00000087135,-1.84494122163741,0.00036808828104,0.0016181177175843
ENSMUSG00000064585,2.89149321360448,0.0003682737508441,0.0016184939797232
Zfp114,1.40331641328683,0.0003683373241068,0.0016184939797232
Apmap,0.276430299872071,0.000368672681197,0.0016196082028453
Gm16861,-0.711271776208233,0.0003693668816334,0.0016222980092855
Utp23,0.523040173651837,0.0003694968468685,0.0016225089923248
Pex5l,3.29399975124335,0.0003697995638101,0.0016234782890039
Gm1821,0.534991720622013,0.000370069004069,0.0016243010985336
Gucd1,-0.55247601756806,0.0003706041312925,0.0016262894341053
Fibin,-1.19456378779598,0.0003712814272681,0.0016289006171065
Stx12,0.436422972223528,0.0003720185698278,0.0016317731465935
Myd88,-0.449037033171264,0.0003725026911361,0.00163353483066
Mkks,0.698228574264884,0.0003726981492727,0.0016340301412877
Gata6,-1.05299685480718,0.0003728494605196,0.0016343317211445
Gas2l3,-0.987726135431124,0.0003730641519831,0.0016349109240703
Pus3,0.79138483649073,0.0003735159853411,0.0016365288879857
Rpl3,-0.469321292625915,0.0003736229991731,0.0016366356725559
Acot2,0.649663118170646,0.0003772388985467,0.0016521094973063
Tmem200c,2.60279232906264,0.0003774372804843,0.0016526128460563
Gmnn,-0.85548609545815,0.0003775415392385,0.0016527039440939
Gm15246,1.40582783586825,0.0003777579985596,0.0016532860560167
Hook3,0.320176132800015,0.0003782342706181,0.0016550047492979
Srebf2,-0.375217652296629,0.0003787169167152,0.0016567505674021
Stat5b,0.310436831458739,0.0003798972530433,0.0016615470846446
Exoc6,0.565834727076328,0.0003807588392968,0.0016649476823657
Skp1a,1.06804871995205,0.0003822863526844,0.0016712580416251
ENSMUSG00000084823,1.81056822051471,0.0003835078697044,0.0016762281729479
A230072E10Rik,1.05110519847674,0.0003840748062501,0.0016783357155733
Nab2,-0.634801843291619,0.0003847679060411,0.0016809935167083
Pelp1,-0.346456710709505,0.0003848638818981,0.0016810419755428
Tnni3,-1.19928127340184,0.0003850835842033,0.0016816307169928
Pdlim2,-1.62368533735815,0.000385416011982,0.0016827113539003
9430037G07Rik,-0.571855396345991,0.0003859483902004,0.0016846642978904
Rpl7a,-0.53865742158642,0.0003877124169062,0.0016919913407692
Gm14290,2.00504461258883,0.0003884693085585,0.00169492094882
Ankrd13d,0.420918159819416,0.0003897248103009,0.0017000242606165
Nmi,0.441967066905087,0.0003917523755696,0.0017084924126362
Rmnd5a,0.221567593773641,0.0003919201038969,0.0017088475864321
5730422E09Rik,1.8015029101294,0.0003921170960901,0.0017093301719062
Tyw1,0.361859791993518,0.0003932316994305,0.0017138117463736
Tcp11,1.75483082178081,0.0003938861848286,0.001716286469603
Dnah2,2.08861421755768,0.0003944387916943,0.0017183162848032
Asic3,-0.998459207804162,0.0003953156118007,0.0017217572852655
Camsap1,-0.159733299250257,0.0003994874574843,0.0017395447686937
Abca8a,0.746008803810122,0.0004000260937573,0.0017415073116664
Sh2d4b,-1.7525040486904,0.0004010651597533,0.0017456471261
Faf2,0.155453724347982,0.0004014440505127,0.0017469123217654
Fgf12,1.43974861548484,0.0004026374866829,0.0017517207351206
Dlx2,1.73596013499192,0.0004036849325956,0.0017558920283602
Casp8,-0.31302268863961,0.0004042521155093,0.0017579729678407
Daglb,-0.234949360526703,0.0004046933113492,0.0017594198896383
Dctpp1,-0.59808422637951,0.0004047625235908,0.0017594198896383
Klhl28,0.282922971450801,0.0004049846831146,0.0017599992680275
Slc19a3,0.892978495685807,0.0004056351446038,0.0017624393163087
Sycp3,1.94593062324869,0.0004057733684099,0.0017626531669204
Abi2,-0.352806322405723,0.0004061913224331,0.0017640817871635
Akirin2,0.60963633467708,0.0004062863476806,0.0017641076144416
Wfs1,0.55611269649234,0.0004065386239239,0.0017648160693094
Rap1gap,0.806043838389254,0.0004072105926013,0.0017673457321667
Srpk2,0.216632001422924,0.0004076720010796,0.0017689606286989
Prkab2,-0.502459633016315,0.0004079464189336,0.0017697636101996
Syap1,0.548645129351554,0.0004081119500179,0.0017700939680585
Gm15122,-0.892399163192872,0.000410190308571,0.0017787188243795
Gm13594,2.92948945902466,0.0004110559057797,0.0017820821274216
Tmem147,0.325077997155527,0.0004115957098064,0.0017840318312555
Atpaf1,0.61143232115579,0.000412780345581,0.0017887750468025
Slc41a2,-0.181527325401523,0.0004136169140818,0.0017920081746832
Prmt7,-0.577796387682429,0.0004142282004875,0.0017942640600296
Rpl28,-0.724300341056156,0.0004163009268489,0.0018024537724786
Vegfa,-0.558566588689974,0.0004162395382269,0.0018024537724786
Ssh3,0.413721654996208,0.0004172180492293,0.0018060297807513
Nrbp2,-0.590813118505379,0.0004176995060842,0.0018077187540411
Taf13,0.589672297674656,0.0004193826304312,0.0018146064262748
Ccdc114,0.429649935048996,0.0004200571490896,0.0018171279555639
Tmsb15b1,1.38822474499007,0.0004204353928238,0.00181796998242
Zfp260,0.581604206987677,0.000420421357812,0.00181796998242
Fbxo8,0.620875385697037,0.0004212014815716,0.0018208849904049
Rbpsuh-rs3,-2.11411333888632,0.0004222730903259,0.0018251192232247
Kif3b,0.200591004082315,0.0004228942340939,0.0018274050648041
Synpo,1.25086674732905,0.0004230340790635,0.0018276105806663
ENSMUSG00000085399,-2.06036859155758,0.0004250612666644,0.0018359680098195
Ahctf1,-0.184891915165473,0.0004258609948072,0.0018390211821115
Phospho2,0.539269241333926,0.000426946499876,0.0018433068418456
Ooep,1.33245378242107,0.0004277832110559,0.0018465167200855
Gm12669,0.50083442371128,0.0004340018620416,0.0018729511605735
Pigh,0.602526988544542,0.0004352509647633,0.0018779324850049
Iqck,1.06561945171596,0.0004356208955759,0.0018791191932008
BC005624,0.627201484359054,0.0004360010945015,0.0018803496680113
Nlrp10,1.57231480493531,0.0004361338077345,0.0018805125034563
Hspa4l,1.08450112062264,0.00043668034882,0.0018824592137642
6430562O15Rik,-1.30649100953091,0.0004370328785837,0.0018835689069579
Med7,0.585256386164842,0.0004381252405209,0.0018878660276928
Atic,-0.356565433269064,0.0004385539331454,0.0018893021735942
Ccdc116,-0.847783164636402,0.0004396406351548,0.0018935718004801
Gpr157,-0.541505955019981,0.0004436293063223,0.001910335895283
Mrps23,0.56795562538696,0.0004473003456038,0.0019257252270301
Polg,-0.475154960625315,0.0004481114416382,0.0019287978678989
Ebag9,0.78328142917654,0.0004482911833685,0.0019291522371643
Anln,-2.61286244956909,0.0004492088310311,0.0019326812274041
D130007C19Rik,0.636890787875419,0.0004504096554106,0.001937426762761
ENSMUSG00000036162,3.10646925697772,0.0004511651786578,0.0019402552004647
Kcnk1,2.53551572808687,0.0004539296240957,0.0019517199903585
Ager,-1.63749673122607,0.0004554993438385,0.0019580440645492
Fam173a,0.73381384738,0.0004566481144981,0.0019625562629171
Lmf2,-0.431220205209482,0.0004582342961722,0.0019689459755682
Mfsd7b,-0.664931805784655,0.0004587608590971,0.0019707809226811
Tpbg,-0.851242622785908,0.0004607831894734,0.0019790393156219
Klk10,0.991785146732981,0.0004609982127438,0.0019795335223718
Tpcn2,-0.582965653231725,0.0004616873746214,0.001982063032084
Poc5,0.344448085008362,0.0004619806226338,0.001982892121942
Kitl,-0.600295011462224,0.0004624875007668,0.0019846375872559
Ctage5,0.323937391803328,0.0004634330944773,0.0019882645153875
2210404O09Rik,0.876306771647973,0.000464100257624,0.0019906955819765
Gng8,-0.496220613649914,0.0004651063473369,0.0019945790607754
2500002B13Rik,0.846055873217989,0.0004666077337434,0.0020005203629874
Susd1,-1.11334299475093,0.0004666938031206,0.0020005203629874
Fyttd1,0.57166077071506,0.0004671528228373,0.0020020546426034
Pepd,-0.444470616065864,0.0004678765261248,0.0020047223546898
Prkcdbp,-0.689017350342662,0.0004692262284737,0.0020100705664489
Klhdc8b,0.411102376724513,0.0004714727393857,0.0020192573812272
Rpl37a,-0.362791965975278,0.0004716124304086,0.0020194189344459
C630043F03Rik,1.40973983284277,0.0004720073044939,0.0020206728616945
Grb10,-1.13147592840811,0.0004741723234212,0.0020295026351921
Inadl,0.754068162135266,0.000474344452676,0.0020298006786508
Smad2,0.229975204689231,0.0004750420673446,0.0020323467491237
Ints3,-0.256442992457729,0.0004756549713772,0.0020345293851306
Rassf2,-1.2738975324259,0.0004760073449535,0.0020355969465472
Slc25a46,0.431570587361662,0.0004777510694108,0.0020424041521036
Gp1bb,-0.812662548844762,0.0004778722480291,0.0020424041521036
C030037D09Rik,1.00130408923413,0.0004779085457911,0.0020424041521036
Lrp10,-0.36787085912664,0.0004796906879851,0.0020495780765605
H2-Q6,1.06964383353235,0.000480343339157,0.0020519239621797
Plec,-0.990304085889247,0.0004809641005347,0.0020541326389888
Itgb4,-0.854132459382323,0.0004837949615094,0.002065777364755
1110037F02Rik,0.180920214286082,0.0004869797461883,0.0020789279787702
ENSMUSG00000090761,-0.857266752822494,0.0004883323263826,0.0020842528861385
ENSMUSG00000037957,0.333120574713263,0.0004888773327573,0.002086129432865
A630014C17Rik,2.4714257782133,0.0004903728620277,0.0020920603532091
Ttc37,0.377564811691435,0.0004909015499348,0.0020938648061401
Flt4,-1.22013684807554,0.0004927644791121,0.0021013582567479
Zfp622,0.649646578150976,0.0004943172365647,0.0021075260609103
Tmem163,0.925653413426244,0.0004946241216128,0.0021083805648775
Gde1,0.619648969595609,0.0004961182170833,0.0021142942051039
Rspry1,0.622015518227597,0.0004969581388755,0.0021174180254501
ENSMUSG00000064370,0.967645442395104,0.0004974709661849,0.0021191471314963
7-Mar,0.396355031112945,0.0004976703920741,0.0021195407407818
Cnot1,-0.219071048334245,0.0004979692486069,0.0021199017625562
Cxcl14,2.79451055148133,0.0004979438699708,0.0021199017625562
Wwp1,0.316891028701885,0.0004984729802149,0.0021215901354345
Trp53inp1,0.602173556790981,0.0004997462908718,0.0021265525449991
Speg,-0.42817731097048,0.000501261172877,0.0021325405515913
Prickle2,0.470954109510713,0.0005045031198937,0.0021458719472454
Wdr5,-0.252315149548381,0.0005057737058027,0.0021508143589686
Msto1,-0.444688651662186,0.0005060600584778,0.0021515700725838
Rheb,0.284346212235403,0.0005066257443506,0.0021535128227344
Gm14023,1.03360709723542,0.0005073972231085,0.0021563293146872
Micu1,0.208170308227029,0.000508466363329,0.0021604093240437
Rin2,0.784674632328055,0.0005092203578201,0.0021631488559137
Itpripl2,-0.646233421454026,0.0005102844343625,0.0021672041471405
Tax1bp1,0.575455683038715,0.0005106901021002,0.0021684620030004
Efna4,-0.450614496722451,0.0005109427642759,0.002169069775717
Oxld1,0.5800016046441,0.0005112565426769,0.002169936684778
2810408A11Rik,-0.839749244001753,0.0005119150453678,0.0021722660292403
Plekhg2,-0.998090898888372,0.0005128417637143,0.0021757322811906
Socs5,-0.51556026345986,0.0005137988865217,0.0021789634165918
Tatdn1,0.597108116593033,0.0005138234273623,0.0021789634165918
Mob2,0.333804726836852,0.000514339592883,0.0021806853559102
Ergic3,0.411765730093892,0.0005162133552928,0.0021876929784334
Fzd6,0.842678038804524,0.0005161529160417,0.0021876929784334
Cdc23,0.211167846191104,0.0005170256991921,0.0021906668692344
4930402H24Rik,-0.361764040400107,0.0005181271129309,0.0021943166216402
Ints8,-0.222398063658173,0.0005180698634631,0.0021943166216402
Taok3,-0.268266789955145,0.0005182194930019,0.0021943166216402
Kif26b,-0.524230023721444,0.0005186840242795,0.0021954655431545
Clca5,-2.82235735641629,0.0005187125467794,0.0021954655431545
Man2b2,0.601397193706436,0.0005192432824785,0.002197242300471
Fuca2,0.926891143509445,0.0005197535993894,0.0021989319124778
Lpin1,0.437675987026489,0.0005211666289237,0.0022044391113211
Mnt,-0.492583254126231,0.0005213333007695,0.0022046732198248
Kcnma1,-1.74880538718073,0.0005227185299793,0.00221005930139
Fdx1,0.606312276196864,0.0005239205644032,0.0022146686995608
Cntn1,1.45463097139263,0.000524261537235,0.002215637107
Fxyd5,0.649071051706409,0.0005254839142634,0.0022203293019146
Churc1,0.614104767732186,0.0005259051541009,0.0022216351689025
Basp1,-0.38389748744724,0.0005262186008497,0.0022224852145934
Maoa,0.491521858268224,0.0005265071762988,0.0022232298762096
Oscp1,0.478772954495139,0.0005269582269064,0.0022246601419004
Arxes2,1.53263649154177,0.0005287815131651,0.0022318817320381
Itga9,-1.57105060844089,0.0005317701274246,0.0022440178145146
Fam126b,0.418161755119712,0.0005323409840357,0.0022457619723941
Casd1,-0.306740355719467,0.0005324102434049,0.0022457619723941
Tmem38a,0.322604263352965,0.0005341396816814,0.0022525771414009
Etnppl,3.38235330788053,0.0005354336001165,0.0022575531225693
Ung,-0.797202686478875,0.0005373543839205,0.0022651694804519
Rftn2,0.863183030813325,0.0005380910276531,0.0022677920220563
ENSMUSG00000085781,-1.60401469265249,0.0005395468205139,0.0022734436666933
Sec22b,0.626668981228005,0.0005397132815294,0.0022736613119356
Raph1,-0.844367642788594,0.0005406037567853,0.0022769282857031
6-Mar,0.408536480208269,0.0005409716208224,0.002277098094981
Gcc1,0.325762700006491,0.0005408508398907,0.002277098094981
Tmod2,0.867907052954084,0.0005409890192327,0.002277098094981
Ifrd2,-0.457989685560995,0.0005415657728969,0.0022790413443372
Gpsm1,-0.433605285119852,0.0005423381756767,0.0022818069324626
Pknox1,-0.224157400927197,0.0005441771565801,0.0022885717581043
Kctd11,-0.598192677709653,0.000544078905126,0.0022885717581043
Lacc1,-0.477453330037127,0.0005445984145495,0.0022898571128957
Tk2,0.56156626660865,0.0005464522722502,0.0022971642537984
Kcnq3,0.840352653339183,0.0005468705720583,0.0022984348066731
Srp14,0.569341740715468,0.0005489222575908,0.0023065682981815
Nck2,-0.604473659735403,0.0005491997644528,0.0023072448314008
Gdf6,-1.33911443298617,0.0005500769692967,0.0023104399363633
Tnfsf13,-0.831723735235779,0.0005514201239084,0.0023155903591777
ENSMUSG00000090104,-0.888079129954367,0.0005517026730259,0.0023162857190176
2210408I21Rik,0.473234242992292,0.0005529403670884,0.0023204982050899
Spink10,0.783349514925875,0.0005528716585433,0.0023204982050899
Pcdhb17,-0.593323388829553,0.0005532103992018,0.0023211395647868
Casc3,-0.309120206382862,0.000553474490127,0.0023217557302429
Fam98b,0.513587020805347,0.0005536313111188,0.0023219217461663
Gm5421,1.14091001196474,0.0005540677278443,0.0023232600639908
Trmt112,-0.602334684137401,0.0005561201390734,0.0023313724035161
Jakmip3,1.21430274583802,0.0005582063949884,0.002339623163249
Cbx6,-0.252800584946003,0.00055957933125,0.0023448813110615
Glt8d2,0.536338406703794,0.0005597764826982,0.0023452112255883
Acaca,-0.412137190247249,0.0005601588406027,0.0023463167680406
Fbln1,-1.69695663144881,0.000560470044039,0.0023471238638506
Tox2,-2.21167825260606,0.0005625832419807,0.0023554753750924
Tmem237,0.37776606153362,0.0005627942422203,0.0023558607425348
Pabpn1,-0.405730199638968,0.0005642258767877,0.0023613544513746
Mrgbp,0.759896638534754,0.0005643556174024,0.0023613984041912
4930412C18Rik,0.579591808657875,0.0005658256309427,0.0023670491751565
Ankrd27,-0.308486336888278,0.0005695289055184,0.0023820381087408
Zfp810,0.618607883332695,0.0005697116262358,0.0023822992073425
Mkl2,-0.175259577524173,0.0005699040445332,0.0023826007384288
Mical1,-0.307407776867922,0.0005700435403529,0.0023826809356583
Arpc1b,-0.395610050893926,0.000570941007395,0.0023859286158371
Ensa,0.206094629152908,0.0005742163514917,0.0023991098364856
4-Sep,-1.17027871355511,0.0005748540657219,0.0024012676476602
Fabp5,-1.38742022804764,0.0005756326871438,0.0024040130190206
Gm5124,0.760918004480857,0.0005800563915477,0.0024219769720033
Plin3,-0.442234719861662,0.0005803681718236,0.0024227679752942
Ccdc51,0.363067211957451,0.0005832641132611,0.0024343440461588
Slu7,0.474596037425347,0.0005835560710246,0.0024350493954007
Ubc,0.377989197487752,0.0005862119265887,0.0024456163880688
4930451G09Rik,1.64055582817124,0.0005911787494999,0.0024658180191865
Heg1,-1.27286141611289,0.0005922129221538,0.0024696114361623
Acvr1b,-0.272584756958299,0.0005929587901532,0.0024722012379358
Cd200r3,1.73215500051178,0.0005945111363676,0.0024781516616764
Vrk2,0.474386717866985,0.000594861249375,0.0024790892640201
Nek7,-0.287481975313121,0.0005980860108723,0.0024920040730731
Mkl1,-0.743522700372891,0.0005985266804483,0.0024933156036176
Mark1,0.581915239716994,0.0006005310333541,0.0025011391344994
Snph,-0.78665552666508,0.0006032187475919,0.0025118048943041
Lrrc1,0.746484011796051,0.000603419448026,0.0025121124130141
4932441J04Rik,0.731693089616322,0.0006068013794645,0.002525660890903
ENSMUSG00000064352,1.41810706471493,0.0006081116233171,0.0025305825989015
Panx1,-0.626787479927785,0.000610761331914,0.0025410750876523
Crnkl1,0.586454681389705,0.0006114990665825,0.0025436100639782
Zfp445,0.387303243342019,0.000613062115245,0.0025495762558408
Ccdc127,0.60472755771954,0.0006164511146409,0.0025631320332455
Styxl1,1.31715375545462,0.0006182238985054,0.0025699634941229
Gosr2,0.154578529703018,0.0006187336933562,0.0025715429303731
Nme7,0.53195668121038,0.0006232188959567,0.002589097339108
Sike1,0.248746006119704,0.0006231231531926,0.002589097339108
Bmpr1a,0.341764652736015,0.0006236415357961,0.0025903097682272
Slc39a12,-3.08618099697674,0.0006245813718379,0.0025936670308541
Rab11fip4,2.80013008121548,0.0006247117621275,0.0025936670308541
E2f7,-1.74414112891391,0.0006274859257896,0.0026046387076795
Dis3l,0.261847753546911,0.0006289147313893,0.002609475663196
Mtx1,-0.337299314242496,0.0006288010882547,0.002609475663196
Gm10307,-2.54230753835104,0.0006315111479956,0.0026191511570484
Zfp40,0.568843324526044,0.0006315038084216,0.0026191511570484
4930430E12Rik,-0.897620646252673,0.000635405241406,0.0026347498745404
Slc12a4,0.390729861968226,0.0006379244895914,0.0026446423679858
Gcnt1,-1.23821346646638,0.0006392505625602,0.0026495852115831
Pdlim4,-0.874761833163969,0.0006394151052063,0.0026497126477311
Actr6,0.824894434123186,0.0006397369358096,0.0026504916897016
ENSMUSG00000093385,0.635131474913172,0.0006400077260241,0.0026510589847694
Chsy3,-1.31286594101484,0.0006404398133579,0.0026522940325682
D10Bwg1379e,-0.764974835260142,0.0006414002001105,0.0026551608618287
Aebp1,-0.725739477912982,0.0006413087208504,0.0026551608618287
Ak3,-0.408233235030591,0.0006419426112907,0.0026568508827591
Mr1,1.03557323449475,0.0006422262048228,0.0026574692353346
Spsb1,0.386747243667998,0.0006435813752673,0.0026625204837672
C630016N16Rik,0.832017309736466,0.0006442138483746,0.00266458042047
Cdca4,-0.289979572111052,0.0006446689855996,0.0026659061580319
Sntb1,1.64095233151977,0.0006448358881127,0.0026660396509779
Cox7a2l,0.265320879110653,0.0006453314623606,0.0026675316803569
Wdr72,1.86129124643967,0.000645647373333,0.0026682805887911
2310067B10Rik,-0.372438234568178,0.0006459722667127,0.0026685095473467
4931406C07Rik,-0.289130508109252,0.0006458591100251,0.0026685095473467
Gm10044,1.04305220100499,0.0006497821937824,0.002683496047761
Rgs6,2.70986741462375,0.0006498710889245,0.002683496047761
Impdh1,-0.6445145912361,0.0006522944087322,0.0026929411028836
Maz,-0.440730720234465,0.0006525594591888,0.0026934738494738
Dpysl3,-0.783371866180634,0.0006546914135732,0.0027017105135245
Tmem52b,-1.83485830242266,0.0006564401568643,0.0027083626805295
Gpr174,1.32537189281897,0.0006586414328954,0.0027164618567929
Xrcc1,-0.264548678919583,0.0006586775316259,0.0027164618567929
Pithd1,0.669095033773209,0.0006597451958312,0.0027202985338834
Ap1s1,-0.288530117755775,0.0006600028822204,0.0027207945627589
Col10a1,1.54731229633406,0.0006605726344025,0.0027225765768383
Arhgdib,-0.585871693949866,0.0006610597815729,0.0027240174603143
Zfp846,0.928998510688531,0.0006635421890821,0.0027336778682303
Psmd3,-0.307386552858769,0.000665327077815,0.0027404611998855
Srf,-0.606191257309958,0.0006674065835127,0.0027484549760627
Prdm15,-0.39932400370653,0.0006693010570166,0.002755683603567
Rufy1,-0.259736087462477,0.0006709351163741,0.0027612633093669
Tmem173,-1.15123349571172,0.0006708871222558,0.0027612633093669
Immp1l,0.520074207443802,0.0006745991187216,0.0027757658315318
Rnf149,-0.441825681865704,0.0006763768736503,0.0027819715497151
ENSMUSG00000086804,-1.66959248706287,0.0006763882554977,0.0027819715497151
Slc30a4,1.11027183461783,0.0006779429585609,0.0027877870330858
Ythdc2,0.312632467861818,0.000679313724245,0.0027928438851876
Med8,-0.26736711445025,0.0006815678206835,0.0028015294978862
H2-M3,-0.716172844785525,0.0006830711293925,0.0028071260938972
AI854703,0.949448444704906,0.0006878460554347,0.0028261625066035
Mbnl2,0.396143593859728,0.0006881082195139,0.0028266532211685
Rps9,-0.272187254506551,0.0006895211654971,0.0028318700044599
Ost4,0.598738043973748,0.0006910763913116,0.0028376688479237
Gm6472,-0.358879316266795,0.0006919435525669,0.0028406405711102
Abhd14b,-0.257408312625486,0.0006924446847074,0.0028421087121132
Papolb,-1.18634201875463,0.0006947910384142,0.0028511483060001
Fzd8,0.856448750217129,0.0006956434251281,0.0028540547734074
Map9,0.892623148529609,0.0006968132704062,0.0028582622218571
ENSMUSG00000097232,-1.75054709761969,0.0006995653528806,0.0028689567712669
A730017C20Rik,2.52126456046233,0.0007003998869711,0.0028711900976148
Abca1,0.712228587839351,0.0007003712054091,0.0028711900976148
Pogz,-0.188190363253899,0.0007016152290997,0.002875576986153
Myo18b,2.42197103976279,0.0007021343664976,0.0028771092476968
Lig3,0.416519197988629,0.0007046402214609,0.0028867800880869
Pou4f1,2.24570677038561,0.0007053997966112,0.0028892942238032
Rgcc,-1.85063622472315,0.000707129549614,0.0028957803144245
Ksr1,-0.559483198297545,0.0007076198578326,0.0028971890974814
Plek2,1.39512735828225,0.0007081255524616,0.0028986602813044
Laptm4b,0.790435958939759,0.0007089093140395,0.0029012688686173
Fkbp15,-0.205677287186424,0.0007109552896944,0.002909041024196
Dusp12,0.807284349777242,0.0007115362441348,0.0029105250388745
Vcp,-0.199094067010303,0.0007116119086159,0.0029105250388745
Vamp4,0.917049023022534,0.0007119337231335,0.0029112400274491
Tcerg1,-0.236925932692975,0.000712827844867,0.0029142945168757
Cttn,-0.251027119502838,0.0007141684327933,0.0029191726817417
Fam98c,-0.484984593280331,0.0007164127178791,0.0029277419448779
Elk1,-0.240032118174314,0.0007187180799044,0.0029365572218748
Sstr4,2.50139320502961,0.0007197603529678,0.0029402091646402
Gfer,0.349685192736911,0.0007220663486277,0.0029490208224839
Gm9821,-0.788061277082662,0.0007231627854715,0.0029528898563874
Peg3,0.875317952049545,0.0007236283389297,0.0029541817407059
Olfm3,3.73152283632964,0.0007238579689605,0.0029545101437126
Rnf34,0.569600585477212,0.000727476632475,0.002968668293743
Neb,-1.8927549023585,0.0007278589147827,0.0029693698543265
Uba1,-0.231587639838362,0.0007279484267196,0.0029693698543265
Naa30,0.422102405258403,0.0007337740347764,0.0029925166772471
Zdhhc6,0.212207609879134,0.0007341812461984,0.0029935609223212
Gm15958,-2.60786983395195,0.0007347470232423,0.0029952511420937
Zfp94,0.744289328104403,0.0007349467168529,0.0029954486068235
Oit3,-1.39852704538027,0.000735963968601,0.0029989774555916
Gm13302,-2.51207417945149,0.0007372787764518,0.003003099318974
Tbc1d2,0.562301611325432,0.0007372427428708,0.003003099318974
Lgals1,-0.435305258097135,0.0007376084637271,0.0030038243914565
Trmt11,0.98816126085467,0.0007380076746471,0.0030048322345212
Slain1,1.90931895523449,0.0007396600996266,0.0030109411331975
Fggy,-1.28673973375751,0.0007411294195206,0.0030163023066558
3110007F17Rik,-0.757059731747288,0.0007427222898803,0.0030215911160518
Zbtb2,-0.376828171042251,0.0007427340715481,0.0030215911160518
Tbc1d23,0.20922820514069,0.0007432879986576,0.0030232235624187
Mapkap1,0.226787131973676,0.000746117706516,0.003034109868551
Nova2,0.66044391240582,0.0007493402551312,0.0030465888755119
Pde6d,0.384659192388385,0.0007501364456122,0.0030491999525668
Slc52a2,0.416016862861707,0.0007507501265989,0.0030510682345917
Gng10,-0.601134298830708,0.0007539612648202,0.0030634897186091
Cited4,2.25507837215484,0.0007555564103467,0.0030687118848456
Serpinb8,1.52072837442111,0.000755421772542,0.0030687118848456
Zic1,-1.68425715800266,0.00075628310137,0.0030710335328137
Acot4,-1.68971285246681,0.0007611948787174,0.0030903450959655
C130071C03Rik,2.70846979093472,0.0007629797329401,0.0030969564728729
Ly96,0.932265598062699,0.0007639437400077,0.0031002339809657
Gm10676,-1.10360457597487,0.0007688676424949,0.0031195427817868
Whsc1,-0.432231917533339,0.0007690167572552,0.0031195427817868
Mllt1,-0.447225714897315,0.000769460499239,0.0031207036098568
ENSMUSG00000059355,0.404258278017059,0.0007699266885282,0.0031219549835409
Iqgap2,-1.52992301077291,0.0007711293412773,0.0031261914994178
2700069I18Rik,1.24850947145716,0.0007717985770581,0.0031276394515358
Myo1a,-1.40163181691518,0.0007718023631415,0.0031276394515358
Madd,-0.307885499103384,0.000772504397169,0.0031297468864234
Ankib1,0.162550180442213,0.0007726384835247,0.0031297468864234
Gli2,-1.77842389530895,0.0007729964872873,0.003130556735018
Crem,0.554590998287196,0.0007759276910592,0.0031417853186948
Ap4s1,0.476646600818234,0.0007781888880777,0.0031502969622836
Tgm7,2.61320347794468,0.0007792402880892,0.0031539085766032
ENSMUSG00000097488,0.452875886493847,0.0007811002203775,0.0031607905117199
Gpn3,0.354834210217602,0.0007812812512088,0.0031608772010093
Kif19a,-1.7438367017461,0.0007820522305116,0.0031633501578948
Nts,3.33251431299272,0.0007841619934898,0.0031712362914179
Gm12416,-1.63466226709322,0.000785610339912,0.0031764449104978
Pitpnc1,0.69399756036055,0.0007861077031879,0.0031778070940872
Eif1a,0.409796450032686,0.0007905227400395,0.003193951189877
Pdlim7,-0.699538703314931,0.0007904143976605,0.003193951189877
Pten,0.465926393296393,0.0007905851713177,0.003193951189877
Erbb2,0.359315560634658,0.0007908970214677,0.0031945593744947
Appbp2,0.190946691116288,0.0007917406954352,0.0031972198669561
Ranbp10,-0.324295161379184,0.0007918785824792,0.0031972198669561
Six1,0.790365821284465,0.0007922999420925,0.00319826906914
Tnik,-1.67207771429618,0.0007929061904802,0.0032000640302163
Serpinb9b,-0.808303897725166,0.0007949469354118,0.0032076465177051
Reep4,-0.274054856028926,0.0007954959487987,0.0032092079384824
Olfr658,3.1355622356694,0.0007981048025781,0.0032184214030253
Smyd3,-0.288152294053646,0.0007979682362303,0.0032184214030253
Ankrd37,-1.05401268090672,0.0007987731195108,0.0032200114027962
Bphl,0.322499901937329,0.0007988242790314,0.0032200114027962
Cdh12,2.58704048667025,0.000799483661549,0.0032220135191936
Inpp5e,-0.231332091454588,0.0008009779196323,0.0032273787833974
Vmn2r55,0.798429919603682,0.000802057301625,0.0032304134230999
Zkscan4,1.07593214660723,0.0008019802784153,0.0032304134230999
Slc30a6,0.61074687954726,0.0008023809335028,0.0032310597818402
Nt5m,0.422232552763217,0.0008027188458,0.0032317633710558
Bfar,0.223369814252093,0.0008030954121584,0.0032326222647125
ENSMUSG00000074735,0.886171371237434,0.0008041657701366,0.0032362728940838
Tmem181c-ps,2.17417325019602,0.0008057759850864,0.0032420941911118
Mapk15,1.51743727683145,0.0008069124826983,0.0032460074766113
Ano7,1.517104306106,0.0008075843516318,0.0032480504670426
Pa2g4,-0.154967786783301,0.0008100427532982,0.0032572764845315
Mast4,-0.41222579464876,0.0008142054434835,0.0032721842767008
Nudt4,0.745201944346277,0.0008142458147637,0.0032721842767008
Sft2d1,-0.351304345746748,0.000814144986904,0.0032721842767008
Gm13032,2.00791878556107,0.0008167347156825,0.0032815204522982
Chic1,0.916933534483852,0.000817869668775,0.0032847599036142
Clec4e,-0.980384018059305,0.0008178727067623,0.0032847599036142
Mkx,1.22195174240221,0.0008196230584166,0.0032911222726853
Mfhas1,-0.649582480957142,0.0008209718287112,0.0032958698754912
Dhx9,-0.387507822150757,0.000821802928468,0.0032985377372074
Fap,-0.528651497743703,0.0008228426568209,0.0033020417377269
Zfp2,0.999998832017624,0.0008254602195443,0.0033118748354653
Gpr35,-1.33697587367921,0.0008263771845612,0.003314882269202
Il6st,0.514372566867999,0.0008268092193391,0.0033152722777469
Tom1l2,0.471408019648145,0.0008267735080524,0.0033152722777469
Ryk,-0.22213358594908,0.0008296177068271,0.0033258601348189
Rcc2,-0.397965746102962,0.0008323171035357,0.0033360064599115
Ap5m1,0.366731245806958,0.0008334011121412,0.0033396753591349
Slc16a12,2.00415864816863,0.000834372433265,0.0033428912944325
Zfp719,0.626965980713822,0.0008367278107317,0.0033516499926643
Ccdc63,1.03876125841168,0.0008373729203807,0.0033535557765865
Myh1,3.33327157253821,0.0008382864710915,0.0033558571403873
Krtcap2,0.52104981501092,0.0008382506019158,0.0033558571403873
Smpd4,-0.17961936910391,0.0008387096665745,0.0033568727236948
Csf1,-0.867352083963328,0.0008417447467403,0.0033683396573946
Prdm11,0.53905845721234,0.0008433563886955,0.0033741070548942
Ddx24,0.386942830952,0.0008453587627193,0.0033814350508772
Emc6,0.442983139879768,0.0008471656733643,0.0033879783916209
Usp16,0.291260117964296,0.0008481973747009,0.0033914195050632
Hipk2,0.268542552828283,0.0008506995061254,0.0034007373878298
Csgalnact1,-0.925059311310626,0.0008517591785532,0.0034042863313963
Asb10,-2.0482329693174,0.0008519789858772,0.0034044777716531
Myot,2.38186766276022,0.0008524789749146,0.0034057885049849
Blcap,0.21300390811586,0.0008560154244935,0.0034192274035235
Kdelc2,-0.723143812305214,0.0008562754896153,0.0034195764864575
Ubb,0.416492404486552,0.0008581580442994,0.0034264036107472
1700049G17Rik,0.321881207528714,0.0008586839763718,0.003427812430572
Hsbp1l1,1.80355619189262,0.0008596379880173,0.0034309292048961
Tfpi,-1.7823236092009,0.0008603145547323,0.0034329376268225
Nipbl,0.152485754567358,0.0008607983291776,0.0034341760900551
Rad23b,-0.271113988302671,0.0008623742256446,0.0034397702245048
Kctd18,0.26918903481362,0.0008627916192352,0.0034407420916903
Cetn4,0.603294751527416,0.0008640431715927,0.003445039454444
Cnksr2,2.06688265775114,0.0008644532843555,0.0034459808460905
Plvap,1.36909621451161,0.0008652135105813,0.0034483172395961
Gm7292,0.51074840817754,0.0008662937938468,0.0034519280268294
Rpsa-ps9,-1.44411732078552,0.0008694581896496,0.0034638402711369
Fut9,2.88513108384167,0.0008728085855074,0.0034764885815343
Pi4ka,-0.254428598690327,0.0008736766796592,0.0034786028108756
Rsad2,-1.04120916419429,0.0008736906878052,0.0034786028108756
Pex12,0.506495405830235,0.0008743347745936,0.0034804675127745
Nelfa,-0.292394335000861,0.0008771370323374,0.0034909207774139
Crbn,0.77763899371261,0.0008778631675835,0.0034931087343427
Scyl1,-0.287973266977699,0.0008783515778781,0.0034942408168716
Bysl,-0.307390276933559,0.0008785005568169,0.0034942408168716
Tmem39b,-0.58841953431717,0.0008840577578429,0.0035156385213498
Bola3,0.384158846372293,0.0008865589536618,0.0035248772371652
Atp1b2,1.1553281723204,0.0008867501906939,0.003524929902951
Klhl18,-0.532927418400893,0.0008875873560049,0.0035275496685372
Egfl6,3.09043164176596,0.0008902571196946,0.0035368437899434
Gabarapl2,0.945115392228835,0.0008902830889147,0.0035368437899434
Mcph1,-0.39081659479859,0.0008907112959587,0.0035378352397045
Plekhh1,0.665076467002477,0.0008910274935808,0.0035383814884451
Snca,1.01732236960288,0.0008919456028461,0.0035413173052855
Hbp1,0.344686540321673,0.0008940516563305,0.0035489675289576
Emp2,0.234718437938284,0.0008963100036968,0.0035572191008443
Orc3,0.406646913181201,0.0008988561774074,0.0035666094444753
2310035C23Rik,0.176553189243424,0.0008994518836752,0.0035682582340354
Slfn9,-0.797992755818443,0.0009006632852201,0.0035716330998197
Cox14,0.58843744354637,0.0009005624353669,0.0035716330998197
Stk25,0.194496488378496,0.0009011611770605,0.0035728920821837
Ccdc142,-0.45770355389613,0.0009022304207168,0.0035764153826814
Zfp74,0.54774792071949,0.0009043725552157,0.0035841893302966
Sirt1,0.766031370058018,0.0009051523509121,0.0035865620563151
Ttc1,0.609721835209426,0.0009076377980113,0.0035956909285491
Ankrd16,-0.208581694326437,0.0009082058757863,0.0035972218328146
Zfp429,0.625953584055705,0.0009118741607543,0.0036110289701219
Plekhh3,-0.479880287638069,0.0009141338398147,0.0036192536112938
Slc16a14,2.93203294610842,0.0009143880846202,0.0036195366036016
9330175E14Rik,0.863590233810042,0.0009178220997419,0.0036324038495781
Traf6,0.372464379763624,0.0009223499146033,0.0036495939478132
Atraid,0.360277822849308,0.0009246439480978,0.0036579402213602
Dld,0.531029482406157,0.0009253389288095,0.0036599584873465
Tmbim6,-0.329099697589175,0.0009258260385435,0.0036601183015161
Setd3,0.23226620096858,0.0009259337856289,0.0036601183015161
Ppp1r14a,0.996922362845986,0.0009258507478518,0.0036601183015161
Apold1,0.937663015864939,0.0009287066307917,0.0036696141492815
Gtse1,0.420678022863225,0.0009286858848486,0.0036696141492815
Eno3,-1.81537400139889,0.0009302056615542,0.0036748040936404
Gm20603,1.34842024818305,0.0009315797663436,0.0036787648440017
Klhdc3,-0.35683837447882,0.0009315368206346,0.0036787648440017
Nr4a3,0.683605649827931,0.0009329267843428,0.0036833496884221
Kazald1,1.25679926547466,0.0009336698173566,0.0036855485475245
Rere,-0.474281490831897,0.0009374511461263,0.003699737444776
Tmem150a,-0.590969311960037,0.0009378206690916,0.0037004583643538
Tmem120a,-0.272666963094605,0.0009380321815143,0.003700555641974
Ribc1,1.32344557818833,0.0009390171065155,0.0037029659055026
Stxbp5,-0.398268593931703,0.0009388960357157,0.0037029659055026
Kcna3,-2.06682738865193,0.000940417066484,0.0037064149532185
Bloc1s5,0.449471414137535,0.0009404531983398,0.0037064149532185
2510003E04Rik,0.620074594633456,0.0009403822334415,0.0037064149532185
Hcst,-2.20180513759591,0.000942059711294,0.0037120076646371
Mak16,0.384145708279904,0.0009428658115854,0.0037137061520761
Rhou,-0.398701461745253,0.0009427077558516,0.0037137061520761
Ppp1cb,0.668073949037608,0.0009434972478582,0.0037154542645822
Sars2,-0.407496566509113,0.0009455712486045,0.0037228813135912
Ndufaf4,0.755156938248825,0.0009496059869509,0.0037380236465071
Frmpd1,1.90555707952372,0.0009520394177532,0.0037468578356885
ENSMUSG00000085039,0.921569812576185,0.0009561397912945,0.0037622476508636
Fer,-0.579656605290106,0.0009637733187827,0.0037915309505706
Angpt4,-1.74136818282473,0.0009642723986542,0.0037927409300793
Slc18a2,0.506198023338661,0.0009646050261893,0.0037932958575563
Hdac1,-0.253586088125831,0.0009706290645167,0.003816227515126
Nvl,-0.301148226629305,0.0009735477126552,0.0038269430133831
Atxn10,0.181700368763452,0.0009748853434675,0.0038314406314806
Dysf,-1.02759037607729,0.0009753346236527,0.0038324458108766
Gm15801,0.583028739743933,0.000979403007678,0.0038469054272226
Gm8783,0.583028739743933,0.000979403007678,0.0038469054272226
D330023K18Rik,0.722610676907231,0.0009817433610634,0.0038553332386479
Irs2,0.625126095557767,0.0009827902913886,0.0038586794073474
9330154J02Rik,-1.45923509491715,0.0009835561482432,0.0038609209038276
ENSMUSG00000030641,0.64942740671682,0.0009856941650599,0.0038685468182417
ENSMUSG00000097237,2.48366259166828,0.0009866363863411,0.0038714775104219
Farp2,-0.773546113688177,0.0009869422285062,0.0038719104384583
Dph1,-0.40566438893756,0.0009875328009757,0.0038734600100068
Exd1,0.545024477121361,0.0009879014995382,0.0038741388706644
Llph-ps2,0.621710730151757,0.0009893760558185,0.0038791533180422
Zfp759,0.954743189491996,0.0009899546270893,0.0038806534906725
Spef1,-0.391894169357303,0.000994488185099,0.0038976536745896
Prune2,-1.13746578480961,0.0009957433384729,0.0039018007667428
Ccnc,0.610026821687465,0.0009961415896738,0.0039025891279725
U90926,-1.45570805315802,0.000998626066223,0.0039115487767962
ENSMUSG00000078677,2.57338914282428,0.0010001431106815,0.0039167162673396
Mill2,-1.44809341849221,0.0010004657735845,0.003917205255055
4833422C13Rik,0.768761616910811,0.0010012348340119,0.0039194415206114
Mafb,-0.775514819451892,0.0010044364742293,0.0039311976157385
Ddx23,-0.316673316173205,0.0010050370709191,0.0039327710240037
Pts,0.511625166290702,0.0010062823062981,0.0039368658225858
Gm9905,1.04514204022565,0.0010116398082099,0.0039570441954947
Nudt10,1.173734714075,0.0010131572577666,0.0039621971431299
Pi4k2b,0.200168256263371,0.0010151162128149,0.0039690743294346
Gm11110,-1.26991440941049,0.0010177384151436,0.0039785415660295
Asb2,-1.57267263910068,0.0010179746557118,0.0039786797082529
Dnajb11,0.443217902698857,0.0010182882509143,0.0039791200712524
Gm14698,0.39900919885216,0.0010209147916338,0.0039885966726213
Aifm2,-0.369555137046649,0.0010225071769293,0.0039940300062938
Cdk16,-0.319461536262118,0.0010228064851368,0.0039944112860679
Leprel4,0.33718293498246,0.0010255860342829,0.0040044767001062
A530017D24Rik,0.48829615112735,0.0010272730621471,0.0040102731564678
Kif5b,0.371786330253218,0.0010299570298287,0.0040191663091088
Tub,0.92361774801794,0.0010297724310923,0.0040191663091088
Ahcyl1,-0.200204999406816,0.0010303294344346,0.0040198274467185
Hdx,-0.404730098192707,0.0010312143344137,0.0040224874293343
Syf2,0.519825343053417,0.0010335813073784,0.0040309263905717
Aftph,0.529519691878977,0.0010359270370954,0.0040392791972116
Gcc2,0.588575559869944,0.0010463686038197,0.0040791897303241
Saysd1,0.56415917858702,0.0010468871010029,0.0040804078229211
Plscr4,0.848023875899404,0.00105207941923,0.0040998388072475
1700071M16Rik,-1.60431839577709,0.0010526684737605,0.0041013272583817
Zfp423,1.00051499975484,0.0010548508954436,0.0041090218594347
Axl,-0.683060336451359,0.0010625781542852,0.0041383083121857
Snrnp70,-0.471343128275364,0.00106342527158,0.0041407931730968
Dyx1c1,0.836128156816117,0.0010650345184054,0.0041462440736193
ENSMUSG00000025507,0.37010169644534,0.0010662864703177,0.0041503021340747
Cenpj,-0.467793229787282,0.001067542977627,0.0041543763271617
Ch25h,-1.09835043010614,0.0010680667818206,0.0041555981428635
Slc10a6,-1.55120739479058,0.0010717976637955,0.0041685890400481
Thap2,-0.330317931507305,0.0010718266709717,0.0041685890400481
Caskin1,1.37737155258353,0.0010841573288119,0.0042148904082826
Cpsf3l,-0.330689339524719,0.001084131195874,0.0042148904082826
Gm1661,1.78680995963294,0.0010869744267512,0.0042241839771156
Ncoa3,-0.311764786385982,0.0010868065348525,0.0042241839771156
Lyrm9,0.628723822818777,0.0010890531712804,0.0042314320196268
Acrv1,1.89727740043807,0.0010940001619368,0.0042498193815216
Dcx,2.41865248190747,0.001097167983627,0.0042612894190526
Atp6v0e,0.757614430769238,0.0010975445030217,0.0042619159485964
Trim44,0.197368939459237,0.001098656576499,0.0042653979300112
Rspo3,1.56675663732996,0.0010988940309061,0.0042654836119295
Slc17a8,-1.46659010446461,0.0010996016755121,0.004267393999969
Pde7b,0.695977835913577,0.0011015100648522,0.0042739626419148
Rpl29,-0.449265578385843,0.0011046038261951,0.0042851271643426
Sec23a,0.17453684094341,0.0011048405188291,0.0042852059606136
Sirt7,-0.302094269924326,0.0011056273724146,0.0042874181482865
Zfp653,-0.558178114709111,0.0011060421504291,0.0042881869121179
ENSMUSG00000097889,-0.890971936834399,0.0011065063850982,0.0042891470836729
1110051M20Rik,0.431812946442786,0.0011084385732819,0.0042957959892908
Slc25a21,2.39565083711007,0.0011173492678857,0.0043294824694205
Pik3ip1,0.632876122248963,0.0011177321497622,0.0043301188368331
Kdm4a,-0.337386288380402,0.0011210083497195,0.0043419615407482
1110008L16Rik,0.464344637028219,0.0011217724580958,0.0043440715213393
Frrs1l,1.34922606425441,0.0011225858309198,0.0043463714165271
Sptb,-1.63064624630541,0.0011233106706053,0.0043478602038041
Zfp143,-0.264634525662976,0.0011234094457112,0.0043478602038041
Tceal1,0.842620202834339,0.0011245147529018,0.0043512876448747
Clip2,-0.488431337850528,0.0011251536011047,0.0043529091455905
Trpm4,-0.44704792080218,0.0011257339426534,0.0043543037109976
Senp7,0.309865464378058,0.0011294799759646,0.0043679401374737
Eif4a1,-0.459346249281891,0.0011298537610843,0.0043685325819044
Klhl32,0.810539798555881,0.0011309209032857,0.0043712378297083
Pmpcb,0.240123598996445,0.001130994881813,0.0043712378297083
Polb,0.538991141526073,0.0011332202645783,0.00437898421848
Spata7,0.760457625726154,0.0011368266527725,0.0043920630182419
Icmt,-0.327892358643855,0.0011384078832259,0.004397314164113
Epb4.1l4a,-1.35996132571795,0.0011408579716878,0.0044059187346539
Trex1,-0.434752119265059,0.0011426063974573,0.0044118107029138
Kbtbd3,0.68545450785435,0.001143208543193,0.0044132752415974
Smarcd2,-0.233429076095876,0.001145750123504,0.0044222247994297
Chm,0.609891760937894,0.0011466855883144,0.0044249729912274
Pcsk1,0.740675950114171,0.001151231454676,0.0044411852637794
Qtrtd1,0.452206110909921,0.0011513353435792,0.0044411852637794
Ninl,-0.296220837992338,0.0011530719365382,0.0044470178444406
Ap2a2,-0.842607003830396,0.0011534753188091,0.0044477074014207
Ism1,1.49154561074854,0.0011554224767417,0.0044543482050601
Arhgef38,2.53349188477457,0.0011568788970265,0.0044590949156702
Btla,1.90769693648157,0.0011573755375612,0.0044601411064144
Dock5,0.345135930455307,0.0011587128311577,0.0044644258576358
Lamb2,0.574202290990836,0.0011615920644771,0.0044746487541149
Kcnh2,0.78397623908912,0.0011635126081477,0.0044811753581793
Trim23,0.583522681507268,0.0011654939128455,0.0044879333949044
ENSMUSG00000085604,1.86379032523455,0.0011658314161409,0.0044883602965115
Ska2,-0.517693382255137,0.0011701424448461,0.0045040818226886
ENSMUSG00000064345,1.00218212646493,0.0011715710597793,0.0045087044826798
C330007P06Rik,0.519341993872158,0.001172975446731,0.0045124447803506
Csnk1d,-0.297380390024472,0.0011729986734621,0.0045124447803506
Gm13880,2.0506805216088,0.0011744845582288,0.004517283393118
Ighm,2.44210787846631,0.0011761622197897,0.0045228575923721
Bcat1,-1.03014669813523,0.0011775414887427,0.0045272824001282
Zfp7,-0.487737934597804,0.0011784164660468,0.0045297670212715
AI118078,1.3903267856134,0.0011828412211923,0.0045438585893222
Fbl,-0.513478246012119,0.0011825210359024,0.0045438585893222
Grtp1,1.0688035529513,0.0011827871828457,0.0045438585893222
Timm22,0.336952669010748,0.0011830001457556,0.0045438585893222
Cyfip2,0.382691170708242,0.0011865717323277,0.0045566931524178
Oasl1,-1.31520226241505,0.0011882305500872,0.0045621787153796
Sarm1,-0.874901656168966,0.0011894311115147,0.0045659030301293
Lmnb2,-0.439616801173425,0.0011902228401085,0.0045680568072692
C030006K11Rik,0.507075890452082,0.0011921065442982,0.0045743999231316
Itga11,-2.73655210241082,0.0011930873238249,0.004577276513179
Galnt4,-0.449676922322096,0.0011949239924863,0.0045834349694362
Ap1m1,-0.214635188487876,0.0011966197337971,0.0045890505825172
Paqr7,-0.681946680472885,0.0011972775691394,0.0045906844103072
Slco5a1,-0.975758980944487,0.001198053177623,0.0045927690920726
Adal,0.400886254246307,0.0012021243059604,0.0046074839859186
Sprr3,-1.68800282892034,0.0012025005389195,0.0046080341859061
Ubr4,-0.245209095720205,0.0012041934027224,0.0046136285833848
Ehbp1,0.518077427511456,0.0012056410732462,0.0046182815888913
Smg5,-0.514996585588569,0.0012065449416975,0.0046208501306087
Palb2,-0.600378387204795,0.0012080263536417,0.0046256291391184
Gm14230,-1.78533581499659,0.00121078739344,0.0046353051497557
Prr12,-0.568449154003789,0.0012116645821204,0.0046377667924843
Pik3r1,-0.304701224698473,0.001212815378248,0.0046412745412222
Zyg11b,0.215441753801079,0.0012182517780835,0.0046611781710137
Ppfibp2,1.37041048209489,0.0012198251732949,0.0046662966451481
Cdc42se1,-0.19879726126523,0.0012230055714775,0.0046774405900374
Efhb,-1.65814737263396,0.0012232107057061,0.0046774405900374
Adamts10,-1.08306173206208,0.0012249986473234,0.0046833732068712
Fgf7,-0.546581172791757,0.0012298220035474,0.0047009061876573
ENSMUSG00000037872,2.08343173721098,0.001233170675165,0.0047127966134636
Gm20878,-1.23222825736586,0.001233499458325,0.0047131435988172
Vmn2r79,1.39975465252493,0.0012348633446324,0.0047174447679593
Rfwd2,0.286938848676303,0.0012430832218769,0.0047479305932595
Rxrb,-0.326911621818914,0.0012450669340651,0.004754590351374
Rpap1,-0.314409426233745,0.0012456656196324,0.0047559595009063
2610528A11Rik,-2.04826294807541,0.0012509925109457,0.0047747262019527
Fgfbp1,2.46009494333653,0.0012510631317881,0.0047747262019527
Slc35a3,0.451027161918607,0.0012558714254305,0.0047921537011995
Rab11a,0.375141033312826,0.001257567391041,0.0047977007536462
Pex13,0.653022567068286,0.0012580486251123,0.0047986122826896
Spcs2,0.536598308795418,0.0012643660339085,0.0048217802687319
2010110K18Rik,-1.93144905134,0.0012654579142859,0.0048250151202386
Irf1,0.700132889242314,0.0012660481403244,0.0048263363563011
AW551984,-1.85193701600744,0.0012674725257757,0.0048308363934686
ENSMUSG00000075265,-1.06125819036817,0.0012683842362917,0.0048333810689861
Rnf183,-2.61977873558249,0.0012689697604146,0.0048346820190941
Mzt1,0.593133605648078,0.0012716759545055,0.0048440605122193
Ocrl,0.426535565188016,0.0012773659827289,0.0048647992157624
Agpat6,-0.225296487276993,0.0012821012264724,0.0048804727545225
Slc41a1,0.350874281363106,0.0012820947162375,0.0048804727545225
Sphkap,2.45344848100492,0.0012822207504433,0.0048804727545225
Cd97,-0.980884141134374,0.0012828760472635,0.0048820286779412
Slc5a6,0.795957803914897,0.0012845391947616,0.0048874186768606
Slc25a53,0.631895975527647,0.0012877258637284,0.0048986021907947
Zfp784,0.564322302706409,0.0012895423513493,0.0049045701413716
Dnaja3,0.35219427328451,0.0012928251206371,0.0049161114994427
Foxred2,0.574373747817069,0.0012949874150331,0.0049233885135949
Ccnl2,-0.50254719679399,0.0012978895562204,0.0049325282616368
Zfp398,0.554804896737363,0.0012977819740827,0.0049325282616368
ENSMUSG00000057577,0.375059243032493,0.0012991547264821,0.0049363891410691
Mgst2,-0.783457893970478,0.0013008424497275,0.0049418538028783
1700086O06Rik,-0.797020512706011,0.0013015895691734,0.0049437437337765
Slc44a3,-1.52950116705596,0.0013047261598646,0.0049547069741053
Zscan26,0.41227533366865,0.0013062389787281,0.0049595009077325
Gnaz,0.776779319732624,0.0013108022565572,0.0049758727024841
ENSMUSG00000064356,1.28065305859543,0.0013118720997376,0.0049789795061716
Gm2382,-0.682521378465365,0.0013126959500691,0.0049811516756406
Wfdc3,1.79090320936455,0.0013158024001732,0.0049919828990482
Atp8b2,-0.728857645388034,0.0013193435286536,0.0050044587706296
Ptrhd1,0.474321144990113,0.0013233249622195,0.0050185996843729
Fam151b,0.547544434520966,0.0013238661121873,0.0050196906922762
Bend3,-0.283319431332985,0.0013252572691977,0.0050240036292481
Fads2,-0.740819066092523,0.0013280930545815,0.0050337904024751
Sgip1,-0.475289664815829,0.0013310018407396,0.0050438500677395
Dclre1b,0.431622899872428,0.001332493171609,0.0050485354449103
Gm6169,2.3657879172573,0.0013345387924266,0.0050553187156117
Ifi203,-1.21372461623059,0.0013414910135235,0.0050798858819222
Ift20,0.444104633999184,0.0013417686973575,0.0050798858819222
Ppp2r3c,0.694284846664327,0.0013417937309803,0.0050798858819222
Lrba,0.945456674852258,0.00134344945048,0.0050851821325128
Nt5c2,0.342395955379502,0.0013496320476047,0.0051076080777307
2500004C02Rik,0.535498231589314,0.0013529587803717,0.0051192196573331
Naa60,0.535886747033775,0.0013566344141762,0.0051321466930939
Tchp,0.538008527185528,0.0013577803005566,0.0051355005867501
Kcnh7,1.4090559525519,0.0013593921155105,0.0051406151337734
Aars2,-0.479237667368463,0.001360339350928,0.0051432150641042
Gm561,0.604854765279075,0.0013610214345867,0.0051448116989036
ENSMUSG00000064354,1.11548056579309,0.001361315777857,0.0051449423024201
Rsf1,0.405014894984583,0.0013648557279129,0.0051573369272252
Efcab1,1.66344047790354,0.0013654880609839,0.0051587419991845
Gng7,0.650681544525256,0.0013758818418344,0.0051970177371141
Fam188b,0.635181940586117,0.0013764324702133,0.0051981061479987
Gm11496,-2.04860417341014,0.0013784064246072,0.0052045683189553
Ugt2b36,2.57234388037294,0.0013790840195658,0.0052061341828976
2810029C07Rik,0.563836420418421,0.0013806152216798,0.0052099283251044
Tmem216,0.718349653227312,0.0013805846215703,0.0052099283251044
Pon3,-0.451733685084882,0.0013826168070043,0.0052164875682824
Hmgxb4,0.276225263369373,0.0013833965508721,0.0052174414956145
H13,0.177421757216608,0.001383341416288,0.0052174414956145
Slmap,0.134263104765263,0.001384548127214,0.0052207903867758
Cog7,0.31855425615413,0.0013850958082156,0.0052218612956221
Stk32c,-1.12149328909643,0.0013878819423512,0.0052313692398789
Arhgef28,0.690841552868723,0.0013883450987632,0.0052321191885646
Gga2,-0.59886162306129,0.001393050580488,0.0052488534429194
Cdk15,-0.770125322469655,0.0013993930787005,0.0052717482462595
Capn2,-0.614114984431233,0.0014030324619727,0.0052844531907396
1700003M07Rik,0.796520255009829,0.001405290890181,0.0052919529928019
Prickle3,-0.439582979881102,0.0014068687008792,0.0052968874053636
Ankrd26,-0.489199957444327,0.0014075010893478,0.0052982610859998
Smim12,0.368960611775907,0.0014098406926723,0.0053060594978492
1810062O18Rik,0.905098991847374,0.0014170503300996,0.0053321802654936
Zfp354b,1.03722206196998,0.0014241867104461,0.0053580155041176
Eid2,0.370918054727215,0.001424679852126,0.0053588527619192
Gm6981,1.40266729076909,0.0014267640483777,0.0053656732271313
Mbip,0.742021262188704,0.0014279499662562,0.00536911356213
Dnajc10,0.223135742963521,0.0014289022060376,0.0053716741245954
Loxl1,-0.887696334714788,0.0014329315635202,0.0053857993326922
B430203G13Rik,-1.43003314629889,0.0014375151289232,0.0054020018241357
Acaa1b,0.613219486376612,0.0014412593691259,0.0054140175542813
Hspa13,0.550738386532192,0.0014410940000876,0.0054140175542813
Kdm4dl,2.12174539466506,0.0014425667819247,0.0054179011092809
ENSMUSG00000093484,-1.61552466823049,0.0014430844762378,0.0054188177791834
Dmtn,0.826869772372702,0.0014439900024033,0.0054211901436201
Ccr5,-1.34143037120524,0.0014497572783716,0.0054418106787096
Myo16,1.80531161470961,0.0014504520336187,0.005443347546047
Usp9x,0.221780277842502,0.0014507164384991,0.005443347546047
Bcl11b,1.01855330498826,0.0014518542279266,0.0054459824223413
Catsperd,1.03187073951037,0.0014519686522905,0.0054459824223413
2610021A01Rik,0.847141531126306,0.001454990936479,0.0054562848903674
C1d,0.613257320261544,0.0014573706717406,0.0054632870471258
ENSMUSG00000095552,-1.44866145689101,0.0014579616261391,0.0054632870471258
Gm21093,-1.44866145689101,0.0014579616261391,0.0054632870471258
Gm3883,-1.44866145689101,0.0014579616261391,0.0054632870471258
Ddc,-1.57238062357347,0.0014590014335396,0.0054661491467685
Zfml,0.583454594278622,0.0014599020598936,0.0054684888205285
Gbas,0.266052251499008,0.0014638221923095,0.0054821359108355
Fbxo3,0.629363179122703,0.0014641086502572,0.0054821720003203
Tmx1,0.631915251977786,0.0014689419206455,0.0054992298291991
Arhgdig,-0.553623496167374,0.0014704615482228,0.0055038783785682
8-Mar,0.319218430013976,0.0014724957254932,0.0055104507459689
Hist2h3c2,0.590597032607521,0.0014738135211558,0.0055143402556149
Ceacam16,-2.54218675634834,0.0014743021696169,0.0055151265899308
Acat2,-0.599551448063274,0.0014749975377161,0.0055166857860115
Sncaip,-1.59762654611989,0.0014798598681515,0.0055335362752365
Dmxl1,0.181888827460812,0.0014803411021108,0.0055335362752365
Eif3b,-0.213588497293844,0.0014802385235474,0.0055335362752365
Setd1b,-0.654171955629047,0.0014806544744417,0.0055336631839674
Oasl2,-1.37948589667265,0.0014829858811091,0.0055413306395255
Ncoa2,0.168319920364754,0.001485512329926,0.005549723859999
Pex5,-0.3622115994522,0.0014881332002433,0.0055584665970611
Shc1,-0.446624191635353,0.0014914596604792,0.0055698410552763
Gm12481,0.343724605889027,0.0014918400263899,0.0055702111392582
Gm17655,0.842531917165431,0.0014943009037935,0.0055783478037186
Ripk2,0.869690051836178,0.0014974706392262,0.0055891271276358
Ppp1r9b,-0.327069934083802,0.0014983053011776,0.005591188653575
Tbc1d1,-0.591593458055103,0.0015004242270345,0.0055980409555749
Klhl31,1.73717855024433,0.0015014006779853,0.0056000745092117
Siglece,-1.90785072962596,0.0015015348234656,0.0056000745092117
Zfp384,-0.26800734521284,0.0015074592827879,0.0056200533953938
Smarcd1,0.247440694115651,0.0015072716620171,0.0056200533953938
Cdk5r1,-0.680211372928887,0.0015089679586045,0.0056246191327319
Bmp2k,-0.736269149531729,0.0015102951950787,0.0056280739325247
Hoxc9,0.694259198298848,0.001510463186799,0.0056280739325247
Amy1,0.586829964440471,0.0015140935382413,0.0056405395845243
Gm15708,-1.52272623751687,0.0015150065132036,0.0056428792528654
Myg1,-0.551353130427023,0.0015164648329624,0.0056472488815323
Akr1b10,0.655608813833975,0.0015170871667931,0.0056485042773398
Cct2,-0.220122886782935,0.0015183194204473,0.0056520296621313
Akap13,-0.360456125848228,0.0015205852828263,0.0056585864106665
Ccdc174,0.735273927328201,0.001520652235789,0.0056585864106665
Pcdhb8,1.85919653880805,0.001522604874997,0.0056647880789857
Ube2b,0.686563745763535,0.0015243467748563,0.0056702035178914
Mul1,0.26679551041152,0.0015257710595032,0.0056744356924698
Mycbp,0.469048573838463,0.0015264715901523,0.0056759750978926
Kif24,-0.452798644050325,0.0015271379169778,0.0056773867670039
2810001G20Rik,-0.755045379652767,0.0015284519090317,0.0056812052564687
2700089E24Rik,0.482518229968967,0.0015292205073551,0.0056829954827662
Vamp2,0.467080867930678,0.0015379415287014,0.0057143328394752
Cyp7b1,-0.931201538115851,0.0015393129887394,0.0057183557360714
Lynx1,0.428298433476559,0.0015399534275955,0.0057196619805142
Gpr75,1.35652800420349,0.0015411970062215,0.0057232074838198
Olr1,-2.71393816218409,0.0015419990510344,0.0057251123372113
Rab1b,-0.322511238675217,0.0015461486439772,0.0057394428763496
Gm9967,-1.12928432979108,0.0015470620244238,0.0057417571836001
Gm13961,2.63634609138904,0.0015486689023994,0.0057466439840957
Gm13977,0.73790292911839,0.001550046314493,0.0057506776343611
Cpa6,-0.782751625793536,0.0015506929925772,0.0057519992554783
Supt7l,0.220564277819901,0.0015559454135449,0.0057704013052141
Rreb1,-0.449780025311108,0.0015600803697166,0.0057846529941712
D430019H16Rik,-1.24768871313947,0.0015647173668622,0.0058007605266453
Stom,-0.387267458157855,0.0015702726822414,0.0058202658055604
2310014L17Rik,1.21762697327242,0.0015706152332468,0.0058204461226086
Vps37a,0.413229888674505,0.001572516083828,0.00582640009806
Pik3c3,0.489190133800987,0.0015798093134347,0.0058523276549312
Snrnp48,0.413393248976359,0.0015802326506099,0.0058528010870917
Ptchd1,1.61211029076568,0.0015806079078212,0.0058530962988954
Fam71f1,-1.26675177184955,0.0015810386329813,0.0058535967634254
ENSMUSG00000034173,0.338962149309012,0.0015840253311977,0.0058635584409419
4930523C07Rik,0.504979502661686,0.0015851176982612,0.0058665054936209
Ndfip2,0.344276944885179,0.0015866002954565,0.0058708954131578
Creb1,0.523220592761347,0.0015898917581204,0.0058819757851331
Zfp108,0.614348751232884,0.0015905103554888,0.0058831653119351
Pcnp,0.681902292980431,0.0015914486686154,0.0058855367755854
Ccdc25,0.410811018576594,0.0015918501679113,0.0058859224655183
Lingo1,0.78120508735611,0.0015958965419349,0.0058997825492774
Adck4,-0.45887263780896,0.0015962130472485,0.0058998512855
Noc2l,-0.413547083683737,0.0015982549774517,0.0059062962443466
AU019823,0.376983060729965,0.001599330187319,0.0059091669831468
Il17rc,-0.395894746929544,0.0016021208414793,0.005918373651307
1500011K16Rik,0.626909647344913,0.0016029148823686,0.0059202025979912
Rab1,0.416777502597541,0.0016034326553673,0.0059210106856041
Plekhb2,0.202787103424816,0.0016062793831562,0.0059304170216306
5-Mar,0.38908157813104,0.0016100859770325,0.0059433630361885
Sf3a2,-0.390790644347222,0.0016137447434418,0.0059557586468732
2010315B03Rik,0.678633616409374,0.0016143503515362,0.005956883615022
Smc1a,-0.248253269642398,0.0016166496650268,0.0059642567001102
Ptgis,-2.66243375630925,0.0016174822951109,0.0059662170557601
Ncoa7,-0.946252595565822,0.0016181805590672,0.0059676811530295
Senp8,0.55407067058756,0.0016186183527446,0.0059681842967334
Fxr1,0.499301838079659,0.0016269736686993,0.0059978753788014
Adora2b,-0.801899057521661,0.0016301724552522,0.006008099676778
ENSMUSG00000064357,0.963621329698827,0.0016303538508889,0.006008099676778
Thbs3,-0.724764641591409,0.0016314240491748,0.0060109249990436
ENSMUSG00000085881,-1.4628972050226,0.0016370307358132,0.0060293391653421
Sertad2,0.265766523136176,0.0016369364954545,0.0060293391653421
ENSMUSG00000098753,0.764427989845611,0.0016377679171803,0.0060304276274768
Gm12057,1.94668408559637,0.0016382397816514,0.0060304276274768
Olfr78,2.69332653088346,0.0016381823875149,0.0060304276274768
Acvrl1,-0.98377412011804,0.0016389162732183,0.0060317966688006
A330035P11Rik,0.706791507368158,0.0016406664636506,0.0060371160620842
Lurap1l,-0.398217724391823,0.0016458259359839,0.0060549761910136
Tmem68,0.332180574176835,0.0016466183395917,0.0060567662699249
Gm10561,1.04714199535704,0.0016517288317653,0.006074435985939
BC068157,-1.48768540858872,0.0016554281968229,0.0060869105105609
4930558J18Rik,-1.94396129467778,0.0016565209399457,0.0060897977899916
Gm12918,-0.357253005893458,0.0016575000146474,0.006092266200831
ENSMUSG00000085569,0.702075067126809,0.0016585263432875,0.0060949073487599
Zfp740,-0.165663536716039,0.0016612911325409,0.0061039349886534
Ube2e1,0.62793660271189,0.00166193239731,0.0061051584485863
Akr1c12,-2.6390962240174,0.0016640957363067,0.0061108384872649
Cep68,-0.436552388476247,0.0016640560357232,0.0061108384872649
Fam102b,-0.582581589420541,0.0016655606994325,0.0061139507120597
Pomp,0.192886279252618,0.0016653973333029,0.0061139507120597
Foxp4,-0.420625334249622,0.0016746914850328,0.0061463287934749
Usp13,-0.278351139250967,0.00167576117238,0.0061491151116942
Igsf9b,0.86426220393129,0.0016772613347805,0.0061534797098913
Wdr53,0.424269091189282,0.0016824943547783,0.0061715351365124
Gm10535,-1.85393555732237,0.0016832451825491,0.0061731458509636
Prokr2,-1.59757090953465,0.0016848818151652,0.0061780039747329
Zfp788,0.660503846184871,0.0016857979779006,0.0061802190215374
Ep300,-0.172973723326147,0.0016889857133968,0.0061907594055361
Ppan,-0.507210025654468,0.0016932114523818,0.0062050998525109
Tmem221,-1.14956601823413,0.0016939283930459,0.0062065787041409
Ehmt2,-0.365376257520626,0.0016959308726246,0.0062127663709688
1110034G24Rik,0.504805518861702,0.0017036711515585,0.0062399673544414
Atp8b3,0.710597404711288,0.0017111883508633,0.0062663413647371
Faah,1.08611465144992,0.001715935796562,0.0062824602640402
Flcn,-0.364544625694486,0.0017162245015379,0.0062824602640402
Nuak2,-0.423003360222109,0.0017235503933937,0.0063081116227626
Entpd4,0.394572808405791,0.0017313069053643,0.0063353292597627
Uqcrc1,-0.21754314930543,0.0017379450427367,0.0063584451554329
Fbxw7,0.371203446136824,0.0017406561906077,0.0063667461767989
Hells,-0.843552456979913,0.0017408569252356,0.0063667461767989
Arhgef16,2.20375341423546,0.0017426641118123,0.0063721787426757
Cables1,1.16696203555986,0.0017440136251866,0.0063759360962149
Ccdc126,0.656626569400444,0.0017467159063121,0.0063846367310086
Ube3b,-0.23485423884169,0.0017504177394648,0.0063969870663149
Dusp27,1.48233562471999,0.0017522161653642,0.0064023780330025
Pde6g,0.743710529725336,0.0017546843121569,0.0064102136354835
Vwa5a,0.191319527761034,0.0017577805023094,0.0064203402928322
Hoxc4,-0.344019973961825,0.0017584783666469,0.0064217048816293
ENSMUSG00000021519,0.331512268229366,0.0017613189795002,0.0064308925276589
Kif26a,1.03299816806882,0.0017623753041897,0.0064328988749255
Syn1,0.867210990271722,0.0017625959207692,0.0064328988749255
Zfp869,0.704205261221332,0.0017628429708251,0.0064328988749255
Vbp1,0.515421204422814,0.0017647878914754,0.0064388097646978
Col2a1,3.4572673554103,0.0017658904105737,0.0064404592432786
Zdhhc12,-0.470987158562045,0.0017657018904869,0.0064404592432786
Txndc9,0.400306491744227,0.0017667568824531,0.0064424329405455
Usp29,2.44923332999712,0.0017708536323294,0.0064561828672038
Slc22a15,0.462749436240171,0.0017732458476285,0.0064637144793733
Zcwpw1,0.732085580847273,0.0017758993717625,0.0064721956493162
Emilin1,-0.399406664375,0.0017775163426386,0.0064768967156607
Dnal4,0.334005684325261,0.0017844925220586,0.0065011202919149
Rpl15-ps3,-0.290571262175617,0.0017857204942148,0.0065043974006679
Rwdd4a,0.502835625507622,0.0017881527840829,0.0065120591643948
Mfap3l,-0.278808631505862,0.0017931327026265,0.0065289943082948
Mkln1,0.554426646072217,0.0017949824537289,0.0065345280355971
Ptp4a3,0.263157914746441,0.0017968309817108,0.0065400552769347
Chrm2,2.43111494143951,0.0017976109697104,0.0065416919596005
Abcc5,-0.278248088227802,0.0018015576342047,0.0065548497864764
Hint2,0.541777329340734,0.0018091169846321,0.0065811448867846
Ywhag,-0.448552584419052,0.0018101269056237,0.0065836094102797
Irak3,-0.68186891941704,0.0018107312938371,0.0065845983369721
Snora31,-1.93080536576369,0.0018119132609854,0.0065876868405648
Ergic2,0.356116665528872,0.0018186070704067,0.006610810283101
Eif2s2,0.263292429227438,0.001823090296782,0.0066251491460667
Nol8,0.407626266939656,0.0018232207052142,0.0066251491460667
Hist2h2be,0.560161247918301,0.001824941035324,0.006630183867833
4933427I04Rik,0.828133999572468,0.0018263675271341,0.0066341493960683
Naip2,-0.679400124106903,0.0018302683001809,0.0066470994712604
Nmu,2.8155327159412,0.0018321462346729,0.0066526996757356
Hsd17b10,-0.452469869349,0.001834414692391,0.006659715594521
Fam212a,-0.470691430187844,0.0018370448294296,0.0066680417525703
Rab31,-0.385104795331332,0.0018437618908111,0.0066911967171748
9030612E09Rik,1.95079904644565,0.0018460656469488,0.0066983298043558
Gtf3c3,0.422320158556688,0.0018507772005733,0.0067141952152692
Flna,-1.15275649562717,0.0018533682124686,0.0067223633845659
Map3k7cl,-1.78107628447811,0.0018548115772563,0.0067263666866846
Nt5dc1,0.698812344695423,0.0018563690721775,0.0067307823334684
Nfrkb,-0.376601644437732,0.0018609027379173,0.0067459853233966
Rprd1a,0.547879770574931,0.0018658445670674,0.0067626621168016
ENSMUSG00000089679,-1.5189221883251,0.0018670304952998,0.0067657222193812
Trnp1,-0.426095556847361,0.0018684933061651,0.0067697843826006
Lyrm4,0.853231189513553,0.001873428329945,0.0067860079069572
Sfmbt2,0.568833619930455,0.0018736563944274,0.0067860079069572
H2-K1,0.247789180530772,0.0018855477887829,0.0068278274655434
Zmat2,0.745509457525889,0.0018935572697542,0.0068555773620133
Klhl22,-0.158604338332929,0.0018989896107611,0.0068739883479277
Dscc1,-1.01144208833779,0.0019035059547875,0.0068890774723341
Pold3,-0.416076959006311,0.001906159982031,0.0068974223066219
Myl6,-0.640925399240912,0.001907655251765,0.006901571904632
Aaed1,0.621219715475855,0.0019085364927617,0.0069034096066648
Gm7666,-0.58659596294558,0.0019088603820489,0.0069034096066648
Pcbd2,0.436908576945655,0.0019130934729637,0.0069174553840742
Mrps33,0.598844341276329,0.0019176259780745,0.0069325784720313
Slc6a4,-0.994114379154966,0.0019239931812919,0.0069543276076485
C430014B12Rik,-1.18429799093663,0.0019260656608223,0.006959278297195
Hist1h1b,0.851589911150131,0.0019257568546869,0.006959278297195
C1ql3,-0.625557896714368,0.0019267387988802,0.0069604405642146
Ubxn6,-0.271019094487043,0.0019281239910626,0.0069641742693787
Mynn,0.658370490103884,0.0019286653040929,0.0069648591689017
Cxcl1,1.06431669418281,0.001930211912064,0.0069691735107597
Nfkb1,-0.427490279516185,0.0019313856078342,0.0069721400979855
ENSMUSG00000090286,0.529988993567715,0.0019450050048044,0.0070187461944511
Zmym3,-0.273205260326125,0.0019449201229148,0.0070187461944511
Hscb,0.947894558678113,0.0019453995160859,0.0070188908756723
Cyp4f17,0.234397203657436,0.001946837858598,0.0070228009019445
Fam149a,-0.178158950291151,0.0019504333235907,0.0070344894446168
Tg,0.779380105757179,0.0019548629618976,0.0070491817366024
Nfe2l2,0.344399643142622,0.0019609902730718,0.0070699893260359
Ina,2.07818903453754,0.0019640198493102,0.0070796230607463
Eif3l,-0.176871400470199,0.0019709219347147,0.007103209826222
2010012O05Rik,0.330623500975069,0.0019714126791008,0.0071036857163232
Sfxn2,-0.607404777659028,0.0019752249660262,0.0071161279292675
Gm10145,-0.891404052456763,0.0019845269919151,0.0071483398595648
Ccin,-1.95654068030011,0.0019901921642056,0.0071674423749644
Nudcd1,0.529033311642992,0.0019951982533227,0.007184164765237
Fam71f2,1.44203294828265,0.0019972502164638,0.0071902460074259
E530011L22Rik,1.09026450498273,0.0020009446354599,0.0072022369248725
Clec2e,-1.28722404941322,0.0020014327919271,0.0072026849012039
ENSMUSG00000086775,1.30624987102828,0.0020182186476144,0.0072617736368743
Rrad,-0.582806910762329,0.0020189176483821,0.0072629691387029
Siglecg,-2.37533817723168,0.0020230481379222,0.0072725440775842
Inpp5k,0.154212814473996,0.0020220316172484,0.0072725440775842
ENSMUSG00000085237,1.76743154558809,0.0020228991698469,0.0072725440775842
Ccndbp1,0.582150037180197,0.0020228974140456,0.0072725440775842
Slc22a17,-0.46765302200429,0.0020266752519625,0.0072842607422623
Mllt4,0.626619513824809,0.0020364931040271,0.00731821982075
Tmem26,-1.118655392678,0.0020379480210098,0.0073221194862263
Gcsh,-0.366128715749838,0.0020386500056984,0.0073233130260932
Pygo1,0.790113654757801,0.0020427214295888,0.0073366077605327
Slc8a1,-1.2587532157273,0.002044733086585,0.0073425011870771
Rap1gap2,0.85548022296394,0.0020528280959213,0.0073702334321294
Wwtr1,0.319611428801607,0.0020595856607146,0.0073931546900114
Tmem40,0.699341045276762,0.0020615621021833,0.0073989082768463
ENSMUSG00000087633,1.42184140915115,0.0020678348573779,0.0074200763753418
Epc1,-0.203326393376628,0.002069219080222,0.0074236983088257
Nefm,0.684846901244196,0.002070123450014,0.007425597682318
Cntnap3,2.26904589718581,0.0020706422221702,0.0074261134675586
Ubp1,-0.247976467669903,0.0020778349274349,0.0074505600041501
Rasgrp4,-1.04216516412711,0.0020825773398516,0.0074648618350084
Slc29a3,-0.413458562811336,0.0020825198665626,0.0074648618350084
Slc4a2,-0.392855851503379,0.0020832954148862,0.0074660844003631
Tac1,2.2918994712644,0.0020877371501938,0.0074806489094336
Cdkn2aip,0.493626016974029,0.0020910148992186,0.0074910381809201
Rab3a,0.984613041475774,0.0020937177311905,0.007499364432718
Trafd1,0.178143127915525,0.0020943433708208,0.0075002488455219
Uvrag,-0.252088911313993,0.002096777850361,0.0075076095730519
Pafah1b3,-0.701686529531553,0.0021003530863387,0.0075190514320052
Cyth1,-0.445765091749927,0.0021031535630398,0.0075277160965915
Apbb1,0.413130609112684,0.0021047074942424,0.0075319167358107
ENSMUSG00000085526,1.39431147272028,0.0021054248588492,0.0075331226566666
Cck,-1.03392700526947,0.0021146726473308,0.0075648441307335
Ptx3,1.71107181839102,0.0021184802919476,0.0075757283679544
Gm7645,-2.21530261088797,0.002118298630396,0.0075757283679544
Alx4,-1.58394044342473,0.0021214879796387,0.0075826280030219
Dagla,0.360964209433078,0.0021208369613019,0.0075826280030219
Zdhhc20,-0.131518526029458,0.0021215583601668,0.0075826280030219
Snrnp35,0.426306629216794,0.0021250978377925,0.0075939078996107
0610040B10Rik,0.797319810352891,0.0021275924442894,0.0075996502241544
Ptpn12,-0.356183678944396,0.0021278560135799,0.0075996502241544
Zfr2,0.492882981664508,0.002127833137645,0.0075996502241544
Rcn2,0.364398019061493,0.0021303342068561,0.0076071292161157
Gdf10,-2.000296029468,0.0021328525214289,0.0076147487532683
Hist1h2br,1.50944662598912,0.002134985358818,0.0076209895540794
Nkap,0.602982669104904,0.0021557982199464,0.0076929283574031
Tmem241,0.551060752103581,0.0021559155919807,0.0076929283574031
Zfp870,0.307284059004116,0.0021574607623944,0.0076970551141164
Stard5,0.369508219975095,0.0021584599752683,0.007699232952128
Rbm3,-0.305909429918812,0.0021589172987201,0.0076994774327127
Prnd,2.00042107867784,0.0021635915531,0.0077147582134665
ENSMUSG00000038521,0.312050438394586,0.0021641242895936,0.0077152686644667
Smpd2,-0.310632417512234,0.0021679094414677,0.0077273719544324
Enoph1,-0.340932670212435,0.0021697329709207,0.0077324800712822
Inpp4b,-1.708565887205,0.0021731540739342,0.0077432787477857
Sec16b,-0.63620695454025,0.0021762483781273,0.0077529093147028
Pgam5,0.232533084207877,0.0021785272679098,0.0077596320168501
Sertad4,-1.19226943695913,0.0021827190550728,0.0077717670202556
Wdhd1,-0.815682509835139,0.0021826021242151,0.0077717670202556
Ppp1r15a,0.529665132653827,0.0021856088201236,0.0077806573923652
Mysm1,0.322891930182582,0.002186413614251,0.0077812086553747
Ppm1h,-0.433945006410622,0.0021865494933932,0.0077812086553747
Hs3st6,1.25876258740508,0.0021880283837532,0.007785072603638
Ifit2,0.448100290451909,0.002189621607455,0.007789341892229
Entpd6,-0.631512864015871,0.0021904850437597,0.0077910139738897
Cdc40,0.3739949072671,0.0021950460252646,0.0078058343480591
Zbtb24,0.392785544961111,0.0022004796593209,0.0078237520957256
Mest,1.49383661525603,0.0022032857427631,0.0078323228952938
Hnmt,1.03868004010677,0.0022041195272425,0.0078338806743558
Kpna1,0.469587718500082,0.0022108601436255,0.0078564281866785
Rab6a,0.519226175900313,0.0022130419765018,0.0078627705960967
Cd320,0.469529051300546,0.0022152938346798,0.0078693594801793
Tsr3,0.476546190926888,0.0022167235975995,0.0078730262063956
Hdac9,0.878275927822675,0.0022203935239467,0.0078846464673197
Papola,-0.218948176960905,0.0022224339967668,0.007890477388306
ENSMUSG00000039781,-0.436389130733042,0.0022311561911495,0.0079200245939283
Trappc12,0.185688290586689,0.0022343956127447,0.0079297349568455
Trp53bp2,0.226588149216016,0.0022346925264671,0.0079297349568455
Sncg,0.843806280823568,0.0022379745175724,0.0079393800104814
Pstpip2,0.795717306371859,0.0022382124115591,0.0079393800104814
Zfp119a,0.37579701921092,0.002239833285411,0.0079437067307093
Cnot4,0.172368132795953,0.0022410268282642,0.007946516617179
Lrrc48,0.616558127010332,0.0022415725890673,0.0079467878064245
Sec23b,0.310438036337457,0.0022420889827065,0.0079467878064245
Slfn4,2.35930356403346,0.0022423071229196,0.0079467878064245
E030010N08Rik,-1.86047631880803,0.0022567786744396,0.0079956199086128
Pdik1l,0.628243548072062,0.0022568933189833,0.0079956199086128
Uggt2,0.433812970434835,0.0022579600767381,0.0079979684063175
S1pr5,2.54419897786898,0.0022593131424202,0.0080013300201162
Dnah7a,1.86691561698554,0.00226097730279,0.0080057919729042
Git2,-0.23615064745376,0.0022618335320324,0.0080073920751467
Antxr2,0.383024089329985,0.0022648426720367,0.0080166120244891
Rcan2,1.46966418670157,0.0022665317225795,0.0080211569395934
Rasgrp3,-1.39545964407691,0.002269194370629,0.0080277108460052
Prdm1,-1.04548777553817,0.0022691003905098,0.0080277108460052
Zbtb37,0.364620326059639,0.0022712156357797,0.0080334264066765
Phlpp2,-0.312792354527961,0.0022722799719798,0.0080357558151945
Scube1,1.89578417483739,0.0022743362171332,0.0080415915808082
Fam222b,-0.319078229379638,0.0022754836297361,0.0080442123890208
Zfyve20,0.183067457070472,0.0022772828622201,0.0080491361419611
Mboat2,-0.537270169044494,0.0022782291326203,0.0080510438512514
Stk11ip,-0.271097443741322,0.0022790893903339,0.0080526469734474
ENSMUSG00000062691,0.459865404906145,0.0022843400279894,0.0080697591712991
ENSMUSG00000086907,-0.48611060161802,0.0022875577621832,0.0080796850226997
Traf5,-0.590931088128374,0.0022901269397946,0.0080873170320423
Hip1,-0.389352762376666,0.0022963622672107,0.0081078905936603
ENSMUSG00000052248,-1.02204527697982,0.0022990663031606,0.0081159909211754
Gtf2a1l,2.20176788636138,0.0023029317099713,0.0081281874147697
Cyp2ab1,1.20336632544578,0.0023049214683997,0.0081337606486437
Slc26a11,-0.273738603569102,0.0023072550630577,0.0081399020511984
Becn1,0.23384976643274,0.0023074838474766,0.0081399020511984
Rhot2,-0.352163232356046,0.0023104559583366,0.0081489349597328
Zfp940,0.919646609485202,0.0023122781298511,0.0081539095590404
Nckipsd,-0.404992711169489,0.0023147428936756,0.0081611479911613
Mtmr14,-0.473210395913861,0.0023171842334443,0.0081683012743203
Esf1,0.60844790523984,0.0023269312843876,0.0082012007752291
Gstm2,-1.22297373766769,0.0023308093238751,0.0082134070907515
Naf1,0.365196843279524,0.0023334642426163,0.0082212997439556
Gmpr,0.463006324873308,0.0023365431516483,0.0082306831332701
Asxl2,0.191123500911598,0.0023437551798078,0.0082546198792307
2210013O21Rik,0.517378398899748,0.0023483437143307,0.0082693099072911
Mipol1,0.635388506892416,0.0023527264629545,0.0082832701995291
Las1l,0.375123963489684,0.0023582408951134,0.0083012091515867
Tcea1,0.480111570153431,0.0023592447289362,0.0083028277258027
Gpsm2,0.511240234192526,0.0023595392062622,0.0083028277258027
Fam26e,1.19323438515921,0.0023621912671833,0.0083106832217622
H2-T23,0.5150031475079,0.0023657410201957,0.0083216936348057
Gm4793,-1.71190121407506,0.002367893356,0.0083233510866567
Hmga1-rs1,-0.607874240782482,0.0023675144306577,0.0083233510866567
Krt222,0.964902766042081,0.0023675537109314,0.0083233510866567
Rnasek,0.485261098319831,0.0023671532039988,0.0083233510866567
Ubxn8,0.363269816510516,0.0023691627606118,0.0083263352814831
Slain2,0.14911635642068,0.0023697474044333,0.0083269122777496
Dr1,0.457693265946425,0.0023738043450113,0.0083396879986882
Fbxo27,1.37290155974617,0.0023744918337543,0.0083406236742944
Arl6ip4,-0.367392183754764,0.0023756252682503,0.0083431251662403
Tmem18,0.380454735765541,0.0023822319336935,0.0083648441870332
Rorb,0.968435385288735,0.0023836929122098,0.0083655244432753
Sdhaf2,0.428383857977424,0.002383012232357,0.0083655244432753
Hdhd2,0.256481604646515,0.0023835897846925,0.0083655244432753
Elovl1,-0.318085581803484,0.0023901256715358,0.0083866138906971
Ift81,0.728857825754373,0.0023937012009734,0.0083976720255233
Ccdc40,0.584612287273033,0.0023970832835122,0.0084080477057522
Lactb2,0.343061717863769,0.00239893657362,0.0084130582440182
Ctla2a,0.667967945569915,0.002400898738871,0.0084184487649792
Wdr17,0.997676397581172,0.0024029707080264,0.0084242223228459
9430015G10Rik,-0.497354605951727,0.0024037108854388,0.0084253257301292
ENSMUSG00000097609,0.637452513381567,0.0024075478551179,0.0084357886982935
Kxd1,0.456966657362891,0.0024072817261023,0.0084357886982935
Ttc34,2.06006094287332,0.0024138926948893,0.0084565241340152
ENSMUSG00000092190,-2.69724747219734,0.0024159780434792,0.0084623327154338
Aoc2,-0.540138359863515,0.0024169590162828,0.0084642716814261
B3galt6,0.601753931851328,0.0024205264351724,0.0084752661814277
Ntn3,0.581471450851505,0.0024222006810794,0.0084781304857013
Dedd,0.301824928433355,0.002422054660178,0.0084781304857013
Zfp266,0.508486550305109,0.0024255537085951,0.0084883664331186
ENSMUSG00000099122,1.79502725341449,0.0024275321230755,0.0084937890751568
Dynlt1a,-0.822273568295658,0.0024316995388815,0.0085068676325756
Bbs1,0.603942193411432,0.002434134985448,0.0085138836545059
Bai1,1.79771117886497,0.0024370334790638,0.0085225165141056
Tfb1m,0.49363938063971,0.0024441504074018,0.0085458959513041
Tcf3,-0.489677152392896,0.0024465422998798,0.0085527491097653
Mroh1,-0.448585492264086,0.0024533501280775,0.0085750345810886
Slc2a3,1.20874559178506,0.0024647087705849,0.00861321554485
Gm17388,-0.682569582350406,0.0024662974011514,0.0086172466006358
Xpo5,-0.252063291008051,0.0024667944640529,0.0086174629680902
Ccdc96,0.956217324480155,0.0024696468399173,0.0086259058232316
Cacna2d2,1.08371092931313,0.0024722566943195,0.0086329199158917
Tmc8,0.841155345887811,0.0024725268512895,0.0086329199158917
Fgfr1op,-0.31825148358815,0.0024751018271994,0.0086403872000452
Invs,0.362393367267041,0.00247908921872,0.0086527816157088
Arhgap36,2.91224178333859,0.0024796730023726,0.0086532941214077
Peli3,0.691410188490923,0.0024853691385511,0.0086716438371857
Gm11525,0.978047013649793,0.0024869970914987,0.0086757953848936
Ywhae,-0.23647312961368,0.002497434532559,0.0087106716243042
Ppig,0.402567324225216,0.0025019687232448,0.0087249495677302
Ccdc58,0.530993521787476,0.0025109090439559,0.0087545849835394
H2-M9,-2.10386796486015,0.0025113895389818,0.0087547189632101
Cops2,0.490189680649519,0.0025153477356932,0.0087654313844219
Hspa5,0.611654904242419,0.0025150540538722,0.0087654313844219
Abca7,-0.314226337462434,0.0025158904201013,0.0087657800632805
Pde1b,-0.432832966511251,0.0025200355617302,0.0087771340598848
Unkl,0.219069142299165,0.0025198433790067,0.0087771340598848
Il1a,1.07032293109963,0.0025219851734815,0.0087823798796604
Pbdc1,0.904535954039208,0.0025236442688705,0.0087866123594783
Calr4,1.84525304974958,0.0025243059045102,0.0087873710903358
Peg12,-0.35842983437715,0.0025252160760842,0.008788994581858
Btf3l4,0.363454175705907,0.0025273775487297,0.0087906800775826
Gm5602,1.24406364875526,0.0025264711161287,0.0087906800775826
L3mbtl3,0.360333931178888,0.0025274758817287,0.0087906800775826
Rhobtb2,-0.338831788930145,0.0025266925366279,0.0087906800775826
Arfgap2,-0.122389926920505,0.0025297723824839,0.00879712243419
Wwox,0.302454394682149,0.0025334803738958,0.0088084700359256
ENSMUSG00000097142,-0.663504444707031,0.0025365673846374,0.008816107491288
Kctd12,-0.663504444707031,0.0025365673846374,0.008816107491288
Gzf1,0.530584313192493,0.002539409338938,0.0088244363130951
Dnm2,-0.284431044748759,0.0025436785931236,0.0088377212031965
Cckar,1.82679562037982,0.0025441683841776,0.0088378724224266
Irak1bp1,0.694929670599632,0.0025448972532026,0.0088388539464092
Tmem38b,0.441059444726888,0.0025495972074632,0.0088536249511839
Gm14686,-2.30594787661568,0.0025569342374467,0.008877546570546
Flad1,-0.234564250273251,0.0025598009924329,0.0088859419551519
Abca6,-0.867753932057895,0.0025616325130419,0.0088907413754439
Cggbp1,0.302450012824652,0.0025698987188137,0.0089178682718392
Dnajb2,0.339900129603245,0.002574283186849,0.008931517910364
C130079G13Rik,2.56377064125866,0.0025767317081736,0.008938447144626
Rfc2,-0.494006431359935,0.0025785927079855,0.0089433362502531
Fam83c,1.09839187128432,0.0025798864317047,0.0089462565038488
Rab3ip,-0.27578195736717,0.0025809888252776,0.0089485123767152
Cacna1g,-1.36184591663882,0.0025880486443237,0.008971418755853
Islr,0.74847944092015,0.002588608080255,0.0089717876131206
ENSMUSG00000098088,-0.876539849953773,0.0025913673064979,0.0089797792017296
Otub1,-0.281288714861286,0.0025929477003538,0.0089836837399943
Lce1h,-1.59875560842266,0.0025983461221772,0.0090008127695642
Anapc10,0.571987805105776,0.0025989272387239,0.009001251317889
Kynu,-1.20252293080954,0.0026019847931732,0.0090102652288865
Osgin1,0.865050890399104,0.0026078456297327,0.0090289816173473
Ube2e3,0.441147408498812,0.0026217896365236,0.009075672428197
Amz1,-0.900625548479667,0.0026251358637822,0.0090843452533399
Med31,0.73173270578282,0.002625212476513,0.0090843452533399
Irak1,-0.324436578760281,0.0026291011015587,0.009096212127056
Rgl3,-0.819737858234618,0.0026339128429821,0.0091112681122128
Copb1,0.270890921516246,0.0026376181834287,0.0091224922292389
Tmem69,0.480032934523665,0.0026406135907434,0.0091312574735609
Eif5,0.48182307806765,0.0026416787951093,0.0091317519389677
Mvk,-0.452621943654347,0.0026413547363702,0.0091317519389677
Tnpo2,-0.285177120552652,0.002643202803582,0.0091354255361499
Gpr176,-0.933969490998057,0.0026442822563562,0.0091375616480334
P2ry10,1.98033508162758,0.0026553127081084,0.0091740776118946
Ptgr2,0.243046754986498,0.0026577511417888,0.009180900682363
Wdr55,-0.407522074584532,0.0026599545200896,0.0091869095423536
Col14a1,2.58710705332793,0.002660527017049,0.0091872845763975
Shisa4,0.170545509133273,0.0026620872442224,0.0091910696974514
A230083N12Rik,1.03565274102525,0.0026662652786935,0.0092027498314191
Pax8,2.06366508117618,0.0026663996431368,0.0092027498314191
Abcb4,-1.23888163605058,0.0026680098692907,0.0092067028143291
Adat3,-0.555919826265777,0.0026712711189802,0.0092163507387256
C1qtnf4,1.77869554902958,0.0026791623243049,0.0092419666731466
Fra10ac1,0.488378717672841,0.0026851479593242,0.0092552999487365
Lmo7,-0.663585361814565,0.0026853642448717,0.0092552999487365
Lyrm5,0.57773486561618,0.0026842862518327,0.0092552999487365
Nhsl2,-0.842927765299329,0.0026846382159737,0.0092552999487365
Sec14l5,1.00842898136171,0.0026853432145431,0.0092552999487365
Ift74,0.69744819500171,0.0026880993888163,0.0092631147200485
Gm4076,1.3800591862247,0.0026893396703043,0.009265776414528
4930430F08Rik,0.929751046499219,0.0026908604964773,0.0092694035957971
Lemd3,0.439922455853972,0.0026926232342091,0.0092715986458523
Naip6,-1.29379894826711,0.0026923538194916,0.0092715986458523
Scn9a,-1.78278966186377,0.0026929022122269,0.0092715986458523
Taf12,0.20294325448325,0.0026952228189289,0.0092779754399562
Pphln1,0.219159395557334,0.0026966389813549,0.0092812371196998
Tfeb,-0.548023900137836,0.002698813499986,0.0092871073073369
Fam46d,1.89550236947208,0.0027009838288775,0.0092923384207862
Ncbp2,0.209185343520675,0.0027012720808153,0.0092923384207862
Zc2hc1c,0.834293662730991,0.0027204643366043,0.0093561657894715
Zdhhc13,0.356596198922439,0.0027207714997761,0.0093561657894715
Actn3,-1.2971161858896,0.0027227243020738,0.009361255569144
Dgkd,-0.3492992893125,0.0027232477905396,0.0093614301759844
Tex16,2.0113398279534,0.0027237637732913,0.0093615789250713
Gdf5,2.45255781573585,0.0027283441885711,0.009375694657377
Cenpl,-0.399845459777074,0.0027319939792444,0.009384979837807
Nat2,0.401265804141547,0.0027318131768144,0.009384979837807
Il1rl1,-1.77973185240081,0.0027365375911138,0.009398957761779
Kmt2d,-0.448752300420944,0.0027377260554516,0.0094014091905954
Pald1,-0.34085485328983,0.0027388656336198,0.009403691922366
Eif4enif1,-0.217790511049784,0.0027463416331508,0.0094277257242016
Fam175b,0.339438468506641,0.0027481371042516,0.0094322542829463
Rhobtb1,-0.559302850558611,0.0027511617159318,0.0094409992414337
Smg9,-0.308959770112687,0.002752780401694,0.009444917372687
Dph7,0.734861674322852,0.0027541824046818,0.0094480908266618
Itga8,1.49961679338966,0.0027613704160459,0.0094711083684403
Rpl13,-0.402848060630238,0.0027619653654957,0.0094715085884463
Abhd17b,0.645484355674646,0.0027637503054158,0.0094759887549266
Gm6055,1.01233017553284,0.0027682979203297,0.0094899380325794
ENSMUSG00000097278,-1.66622324099529,0.0027718770771827,0.0095005631077408
Thrap3,-0.21115388663481,0.002773570009078,0.0095047206194466
Arl3,0.30376734868637,0.002775293099528,0.0095089800247498
Ccnt1,0.324332819383406,0.0027794559874117,0.0095215959824773
BC037032,0.891916002590454,0.0027847127198133,0.0095379541167732
Trip4,0.522636613487545,0.0027856733628488,0.0095395945491715
ENSMUSG00000086506,-0.935141570569278,0.0027883838367452,0.0095472257093537
Lphn2,-0.930416993503562,0.0027913490037275,0.0095557261313433
Rrp9,-0.550440061767994,0.0027933307208019,0.0095608575172418
Dnpep,-0.266699713190763,0.0027950850740546,0.0095652090559148
Amdhd2,-0.508068742926022,0.002798325199742,0.0095746427532294
Creb3l4,0.521463231100429,0.0028014301201265,0.0095836106579696
Sdr39u1,-0.311575376897248,0.0028095805470669,0.0096098330145273
Trim63,0.93933978212068,0.0028102534830684,0.0096104748711253
Zmynd12,1.04650921820993,0.0028119277239785,0.0096145401667249
Fyn,-0.571123169320001,0.0028130344248802,0.0096166638616136
Zkscan14,0.474901328074043,0.0028186058073286,0.0096340471881837
ENSMUSG00000086291,-1.29685532655542,0.0028213694922416,0.0096418294088615
Cers2,0.221323580818865,0.0028432036834355,0.00971309397046
Gm8822,-0.439916445952352,0.0028427841805761,0.00971309397046
Zic4,-1.29439606859964,0.0028482019800059,0.0097284912059395
Spsb4,-1.32012394732442,0.0028570634742893,0.0097570762277679
Aamp,-0.233730835419835,0.0028590650574536,0.0097607432619311
Arhgap21,-0.457483395031262,0.0028595748959189,0.0097607432619311
Rabepk,-0.240179154413552,0.0028596158556718,0.0097607432619311
Itprip,-0.887370786165036,0.002860250595913,0.0097612274343378
Lpin3,0.534659042186844,0.0028617079497083,0.0097645183039323
Rplp0,-0.209518206457347,0.0028623940154745,0.0097651767583905
Pkn1,-0.502246921527309,0.0028645171120258,0.0097707366322012
Fdxr,-0.398069156736147,0.0028738145888011,0.0098007618592419
Sgtb,-0.285578136921067,0.0028790765586168,0.0098170165576529
Aven,-0.239784795347014,0.0028825675025561,0.0098272278913104
Pter,-0.37769764283519,0.0028837532345078,0.0098295781508079
Kif5a,-0.359321370857116,0.0028892512498203,0.0098466239462127
Olfr1315-ps1,1.93346767208646,0.0028921685859384,0.0098548703847082
Slc2a9,0.72508879866327,0.0028995814850097,0.0098784296798784
6330419J24Rik,-1.2729245217934,0.0029069182011738,0.0099017213718689
Amigo2,0.850635912219774,0.0029075779324629,0.0099022654126389
Phospho1,1.19166085019045,0.0029186268558397,0.0099381853942659
Gm3839,0.623445948173695,0.0029246992525369,0.009955438981994
Rbms2,-0.274438354490069,0.0029243018475774,0.009955438981994
Mtpn,0.278204044202263,0.002925424661098,0.0099561969390592
Bex4,-2.1762445323817,0.0029365047690363,0.0099887565176908
Myom2,0.776020801534974,0.0029361100447572,0.0099887565176908
Ppid,0.406997335366254,0.002936045874004,0.0099887565176908
Tgfa,0.871199762823692,0.0029392330139201,0.0099963198708012
Rbm6,0.355721830303239,0.0029451165600138,0.0100146099509811
Cdc42ep1,-0.565283951283217,0.0029475051238738,0.0100210114117078
Mknk1,-0.457000418888235,0.0029491610863687,0.0100249203835303
ENSMUSG00000097031,2.14464996647781,0.0029515550725432,0.010031336306272
Tcf4,0.402625703628027,0.0029534351033341,0.0100360035666489
Abhd5,0.338261334343765,0.002958657420369,0.0100485768398196
Grap,-1.64323540426114,0.0029578929457139,0.0100485768398196
Kif1b,0.247909158028067,0.0029582907050596,0.0100485768398196
Golph3,0.343763847001254,0.0029686226988798,0.010080693403398
Gm7008,1.16170970662632,0.0029700309716198,0.0100837465047077
Rnf25,0.376287465881359,0.0029734715464098,0.0100936973783167
ENSMUSG00000064340,1.3113509892091,0.0029805292290698,0.0101159213114824
Zfp932,0.522485481337977,0.0029841656556385,0.0101265278691341
Atg4c,0.295025047463962,0.0029849945238243,0.0101276051995576
Alpl,2.05302615613859,0.002989476790512,0.010141075429822
Tgfbr1,-0.473536149911296,0.0029909390598355,0.0101442981916396
Pwwp2b,-0.447947924870939,0.0030021057598877,0.0101804285049343
Ccdc79,1.08888976620656,0.0030041534478924,0.010184928797196
Rpp38,0.755272916948339,0.0030044614236123,0.010184928797196
Ubtd2,-0.77790970811582,0.0030075118130506,0.010193524550001
Col16a1,-1.33503949858843,0.0030085946985895,0.0101954499334133
Pdcl3,-0.246495733449502,0.0030121067462313,0.0102056051329967
Zc3h18,-0.234187108433028,0.0030146708017092,0.0102125454254277
Aasdhppt,0.616523722678369,0.0030205642597109,0.0102307601503875
Rpl18-ps1,-2.18336778988278,0.0030213320637985,0.010231610839854
Rnaset2a,0.686237911070956,0.003022679761996,0.010234424689104
Cdc14b,0.347714574983454,0.0030233722296207,0.0102350194248561
Mrpl1,0.593581716440436,0.0030253875977144,0.0102396402549483
Tgif2,-0.788641724961922,0.0030257712973115,0.0102396402549483
Ywhab,-0.133306350627061,0.0030277237476118,0.0102444970267736
1700020L24Rik,1.02274870902169,0.0030284841558502,0.0102453194777003
Csn3,1.18060966083815,0.0030294407118698,0.010246805099551
Rala,0.384067158811864,0.0030311693885443,0.0102509013952753
Nckap5,2.06160616775697,0.0030389368134192,0.010275414828915
Angptl6,1.16547878048609,0.003040677969026,0.0102795470294626
Pcdhb5,-0.486231444412106,0.003047553705817,0.0102981443419729
Xylt2,-0.430292827672865,0.0030474625070254,0.0102981443419729
Zfp84,0.375333441851608,0.003047739042027,0.0102981443419729
Arhgap26,0.364796390981205,0.003049125647454,0.0103010720440429
Ddx10,0.519848654718202,0.0030652559400689,0.0103537998698832
Has1,-1.70375895369431,0.0030659277630225,0.0103543031069063
Gba,0.287109908246396,0.0030772432730041,0.0103907460833035
Myo9a,-0.204905747265348,0.0030895681150574,0.0104305842056935
Phf20l1,0.228025668648163,0.0030905133719747,0.0104319970715167
Egr2,-2.19955080688806,0.0030919124815361,0.0104349411697923
Furin,-0.541216945866062,0.0030987568150863,0.010456258300557
Fam132b,-1.1733247979905,0.0031031124912763,0.0104691720233795
Commd3,0.571266347717567,0.0031074620134214,0.0104820605882811
ENSMUSG00000086027,2.74356270307217,0.003115768642017,0.0105082905630969
ENSMUSG00000064355,1.33093235567619,0.0031171204865297,0.010509270363506
Rps26,-0.376429957348575,0.003116669209458,0.010509270363506
ENSMUSG00000091744,1.28909381564114,0.003128295727412,0.010545152099688
Srcap,-0.461177530819972,0.0031346168372486,0.0105646616482084
Orc2,0.566266382395401,0.0031351695633827,0.0105647265668254
Flywch2,0.826591086890641,0.0031373420476302,0.0105702487089605
Rrbp1,-0.386440125158094,0.0031379989618734,0.0105706636232254
Shq1,0.375650328830493,0.0031406223255427,0.010577701451539
Cox4i1,0.295369781139212,0.0031425833877058,0.0105825066162431
Ube2w,0.520954307677701,0.003152047487586,0.0106125719898255
Mical2,-0.973963760608507,0.003154038040199,0.010617468867602
Cers5,-0.196097798369874,0.0031580664241206,0.0106292228863505
Phkg2,0.205830825917691,0.0031609856432428,0.0106372403872185
Gm4631,0.561268820537676,0.0031666671453887,0.01065454912458
Cyp2j6,1.1987776774958,0.00317075498235,0.010666490856202
Acpp,-0.951228615327592,0.0031718249045099,0.0106682779227097
Gm16300,0.350588867760743,0.0031743086238219,0.0106748188123907
AA987161,0.636008081233432,0.003177439124185,0.0106817186242337
Arhgef40,-0.393420564372004,0.0031771817017561,0.0106817186242337
Gpam,-0.262055269770452,0.003181011427923,0.0106919128171398
Rpia,0.319282498770815,0.0031824752950852,0.0106950179439789
Mff,0.621598311323302,0.0031839641997349,0.0106982061437989
ENSMUSG00000028789,0.608580590636832,0.0031859021752351,0.0107029018962439
Uqcrh,0.605368739116781,0.0031867327948601,0.0107038765721525
Mapk7,-0.337718607696876,0.0031891779037791,0.0107102728856101
Sap25,-1.08078044148022,0.003192483193691,0.0107195553014338
Akap17b,0.511237929959556,0.0031930821412413,0.0107197488939047
Adhfe1,-1.01113092886202,0.003197169410519,0.0107316513569356
Zfp317,0.29862545574317,0.0031981391308317,0.010733087162683
Eif3j1,0.300904870611697,0.0032158007418607,0.0107887036916502
Lztr1,0.275324364979868,0.0032157079971983,0.0107887036916502
N6amt2,-0.245185345660592,0.0032172284867449,0.0107916654728146
H1f0,0.8619016818781,0.0032204648332584,0.0108006918810925
Trappc11,0.31728029015682,0.0032213362085742,0.0108017850109388
AI987944,0.610532940754085,0.0032263128219015,0.0108166411249261
Gm9875,1.65421542720114,0.003243814245731,0.0108734761886354
Mrps31,0.674622127157071,0.0032455083880938,0.0108773139478439
Hebp2,0.2909526647612,0.0032518281780297,0.0108966506324368
Il1rapl1,2.29956939341736,0.0032595824640572,0.0109207868580933
Baiap2,-0.446596958686705,0.003269526906106,0.0109503992640832
Spire1,0.198803370031281,0.0032692525253623,0.0109503992640832
Orai3,-0.257769377831312,0.0032780223768233,0.0109769961363897
Gm11410,1.22648267658958,0.0032809998570668,0.0109851092424939
Ikbke,-0.68782797356325,0.0032831162077363,0.0109903369469253
Ntf3,2.14789881728353,0.0032852074484221,0.010995478842074
Nxt2,0.744558430619703,0.0032871380221516,0.0109998366521042
Setmar,0.659306125087251,0.0032876203364878,0.0109998366521042
Ssh2,-0.392728053830727,0.0032899746422268,0.0110058543605844
ENSMUSG00000071295,-1.51058504142367,0.0032917857072141,0.0110100530561844
Acta1,-2.7343401247379,0.0032949589384843,0.0110188056092104
Xpa,0.33055089652235,0.0032993156794513,0.011031512361279
Fam115a,-0.212475811440567,0.0033008401542696,0.0110347465251784
Slc2a8,0.34162764309246,0.0033081358588286,0.0110572696283953
Hddc3,0.830920914950688,0.0033157411336705,0.0110808196778961
Rin3,-1.81965366420208,0.0033183177735871,0.0110875595053348
Rbm19,-0.481918509032539,0.0033283072955524,0.0111190616870985
Lage3,0.432920917928243,0.0033418988125583,0.0111625845983987
D630023F18Rik,-1.58084296078668,0.0033620740204826,0.0112280799159593
Efcab12,0.548743876845879,0.003362928608387,0.0112290403238067
Rpl28-ps1,-0.281505266815995,0.0033679906033465,0.0112440468490685
Zranb2,0.592867504512503,0.0033696066498633,0.0112475459453724
Gm20036,0.677672566269192,0.003371270964101,0.011251204949959
1110004E09Rik,0.755659732801924,0.0033728177806328,0.0112544706533534
Palmd,2.00069766835947,0.0033858692730515,0.0112961177701335
Npy1r,-0.383606719405073,0.0033906307871388,0.0113100980475826
Man1a,0.473887474906247,0.0033941674662135,0.0113168146178634
Timp2,0.78976946700913,0.0033933758418901,0.0113168146178634
Trbc2,2.20327209905736,0.0033943586563375,0.0113168146178634
ENSMUSG00000089855,2.8196482890304,0.0033955900653366,0.011317215273742
Hist1h2bq,-1.5165925218443,0.0033956217509884,0.011317215273742
Snx27,-0.228985122054825,0.0034002405149088,0.0113307021970815
Gm14443,0.423518240505831,0.003403774430374,0.0113386625431669
Zbtb7c,1.21336161656094,0.0034035199663482,0.0113386625431669
Lars2,2.40355025919104,0.0034046033769141,0.0113395165281546
Ift57,0.64608672583635,0.0034053319662515,0.0113400360281899
ENSMUSG00000097373,1.7080228952623,0.0034075342328105,0.0113454619950537
Itgav,-0.688509257501095,0.0034217228056767,0.0113903573461079
Rec8,1.37010250188261,0.0034221685623783,0.0113903573461079
ENSMUSG00000098973,2.51714862365411,0.0034250523475641,0.0113961251161224
Lrrc15,-1.70193946677321,0.003424986958896,0.0113961251161224
Hoga1,-1.16511481426622,0.0034261528852939,0.0113978719536975
Gdf3,-2.53020058921489,0.0034324244998092,0.0114149008890382
Kif17,0.789925006693452,0.0034320412354133,0.0114149008890382
Stag2,0.609216877744309,0.0034386183815325,0.0114325661125021
U2surp,0.534826787885106,0.0034388909478981,0.0114325661125021
Slc25a17,0.580805893819365,0.0034430391227256,0.0114444355130009
ENSMUSG00000097467,-0.843649140900514,0.0034450965485,0.0114493525837382
Cops3,0.306873503152101,0.0034589167428539,0.0114933535529328
4930506C21Rik,1.05431907990718,0.0034613400253512,0.011499476239231
Colgalt2,1.82434175812193,0.00347178073431,0.0115302944260064
Mrpl44,0.341272598503399,0.0034715518001633,0.0115302944260064
Gm11407,1.36849145294507,0.0034748027090093,0.0115383958499699
Gm3383,-1.31514540991589,0.0034844505405219,0.0115684926243916
Mrps34,0.552329290244389,0.0034926331609863,0.0115937155749538
ENSMUSG00000056458,0.618760977557396,0.0034957509924016,0.0116021204379959
Sdad1,-0.194795983806544,0.0035091471989109,0.0116446298805684
Gm166,0.663873879630548,0.0035124168210487,0.0116520773186572
Orai1,0.426606844282219,0.003512568248454,0.0116520773186572
Echdc1,0.68637029089198,0.0035183638284599,0.0116693480587542
Hist1h2be,0.421449978225175,0.0035198703401597,0.0116723898554124
Ptges,-0.597278444734724,0.0035208747963749,0.0116737660250141
Skint8,0.436228557553878,0.0035265603129427,0.0116906595978436
Ppp3r1,0.599357397675993,0.0035339927734652,0.0117133377214571
Gm16141,-2.12234110961754,0.0035368097423566,0.0117207128744362
2610018G03Rik,1.48557703644194,0.0035389223925296,0.0117252122339763
Dhrs3,-0.39110864306512,0.0035393515822414,0.0117252122339763
Pstk,0.414899221837968,0.0035404740277486,0.011726968999086
Cct3,-0.259834979325915,0.0035413390485632,0.0117278726618306
Zp3,-1.7771192898117,0.0035441456796135,0.0117352049889763
Fam102a,0.769095057368684,0.0035449957802427,0.0117360575780555
Smim15,0.310256316366286,0.0035525649686537,0.0117591503659064
Foxa3,1.96717237366644,0.0035545659841116,0.011763807611856
Pla2g15,-0.473813887089273,0.003561398136499,0.0117824805705358
Spg11,-0.155833642641822,0.0035608574332903,0.0117824805705358
Fam189a1,1.35784023211128,0.0035647012537247,0.0117914387220251
A230083G16Rik,-1.09057390730451,0.0035688991089934,0.0118033530318145
Nhlrc3,-0.233446570621754,0.0035719934870507,0.011811614462774
Nkpd1,1.19273804835355,0.0035831187265997,0.0118464245845711
Luc7l2,0.214257280469261,0.0035840782513634,0.0118476190435656
Acad9,0.182378613881234,0.003596838697471,0.0118878160154735
Parp14,-0.520743004291554,0.0036081575109395,0.0119232356660514
Purb,0.243332277626791,0.0036091634474987,0.0119245700557666
ENSMUSG00000087253,1.66827617522653,0.0036187251075067,0.0119541671441306
Pank4,-0.244744637381045,0.0036196255773963,0.011955147587518
ENSMUSG00000096401,0.425335836303411,0.0036202659997002,0.0119552689441493
Yif1b,-0.428472887824407,0.0036276154915781,0.0119775420465511
Ppp2r5e,0.34799820739682,0.0036285251750141,0.0119785485190833
Atad1,0.604732312114479,0.0036421969497061,0.01202167806533
ENSMUSG00000097902,2.08917592953268,0.0036483040613134,0.0120398289668807
2210015D19Rik,0.296367905327464,0.0036596825729098,0.0120713447158404
Ippk,0.397615430981559,0.0036592987932209,0.0120713447158404
Rhod,0.447719417931683,0.0036591578738514,0.0120713447158404
Thop1,-0.347220916780664,0.0036651852231421,0.0120874817916913
1700030K09Rik,0.25477056115411,0.0036660323304431,0.0120882624495666
Jam2,1.065781919567,0.0036702401047488,0.0121001223629841
Shc3,2.14264250035343,0.0036739470572488,0.0121103274836478
Slc38a9,0.398365077235855,0.0036825378296,0.0121366249255116
Mettl17,-0.241612089250656,0.0036846415390155,0.0121415376104265
Ttc32,0.587265515882819,0.0036852702227936,0.0121415890021968
8030451A03Rik,-0.889619121424419,0.0036911955716975,0.0121563249508942
Lsg1,0.361266541237615,0.0036907767529085,0.0121563249508942
Wipf3,1.62523540452274,0.0036915844402483,0.0121563249508942
Slc25a5,-0.271859382812124,0.0036981332519735,0.0121758654899558
Wdr89,0.296731268039916,0.0037028949808684,0.0121895166557709
ENSMUSG00000078868,1.05630549378065,0.0037158476542333,0.0122301224770547
Ptp4a2,0.292596234272323,0.0037185529106137,0.0122369926623122
Spg7,0.270284404971085,0.0037232156913771,0.0122453323079695
Slc25a51,-0.159886293835917,0.0037235604503429,0.0122453323079695
ENSMUSG00000031631,0.54512594974685,0.0037229425342672,0.0122453323079695
Pabpc1l,-0.917708318381395,0.0037221624026672,0.0122453323079695
Dusp16,0.424139934787546,0.003728395915345,0.0122591985235752
ENSMUSG00000097542,-3.10350878080365,0.0037292429917262,0.0122599482417242
Hhip,1.58425703781627,0.0037299983333439,0.0122603961815011
Glul,-0.24897420867274,0.0037313686271877,0.0122628649672794
Hprt,0.337170271094574,0.0037400752066535,0.0122894390895249
Dgcr8,-0.291197632219041,0.0037492217109766,0.0123154066618314
Foxf1,-0.830686185215916,0.0037487052043049,0.0123154066618314
ENSMUSG00000020014,1.22907165811817,0.0037705977718966,0.0123815152171514
Iqub,1.58551941558684,0.0037701675272759,0.0123815152171514
Cul2,0.543500370972753,0.0037781382851376,0.0124042192637378
1500015O10Rik,1.89068959832396,0.0037833258007655,0.0124191918048005
Bgn,-0.641988990919685,0.0037863510235112,0.012427062590258
Zfp180,0.561470862296193,0.0037917370028065,0.0124426776476522
Cdh8,2.0430482179965,0.0037937617040595,0.0124472592424114
Bace2,0.573534782321209,0.0037960320647389,0.0124526451896786
Rps8,-0.39856661786772,0.0038096298869345,0.0124951822260438
Edem1,0.181584563933603,0.0038133019028059,0.0125051549732024
Gramd1c,-0.966780700201134,0.0038180080725394,0.0125185152100283
Os9,0.28002591471198,0.0038274768579848,0.0125474841409589
Adamts12,-1.6096613927557,0.0038302080306713,0.0125543594570367
Gm17638,-0.76450692693769,0.0038314771476657,0.0125543635725302
Kcnc2,1.53806755963096,0.0038309000680441,0.0125543635725302
Ccl11,-2.39042037459469,0.0038326964092388,0.012556281172633
Trav14-3,-1.55383622888506,0.0038377509150066,0.0125707606881891
Ccdc60,1.40931309347529,0.0038388865409855,0.0125724010348399
Atp5h,0.512984541642486,0.0038426490524723,0.012579377340194
Itgb7,-1.45202244747131,0.0038424726073398,0.012579377340194
Phyhd1,0.386330350957033,0.0038429222837898,0.012579377340194
Tfdp1,-0.292395200883369,0.0038581535880572,0.0126271481834217
Tmem130,-1.76946610635522,0.0038593261100604,0.0126288985928018
Atp6ap2,0.861937510146664,0.0038640115580448,0.0126387417729038
Eif4a-ps4,-0.475018884657039,0.0038655250918237,0.0126387417729038
Gabre,0.933795730432569,0.0038654429207041,0.0126387417729038
Rbm46,-1.02848937469277,0.0038647738584283,0.0126387417729038
Smap1,0.14933023573975,0.0038634458370093,0.0126387417729038
Ndufc2,0.568200931039798,0.0038686164165503,0.0126467612270325
Mlf1,-1.17383395365939,0.0038711860974004,0.0126530730273839
Pef1,0.211160886820756,0.0038745264072522,0.012661901150037
Met,0.398755043404931,0.0038848603763734,0.012693577774905
ENSMUSG00000083797,-1.63702489225065,0.0038925180382703,0.0127165006977739
Unc13c,1.77454462202423,0.0038954782378537,0.012724072410103
Wdfy3,-0.426734164116368,0.003900520157594,0.0127384401716676
Klf7,-0.278172768490163,0.0039014380879911,0.0127393371631618
ENSMUSG00000085081,2.39391460590738,0.0039087625799267,0.0127611497086828
Lpcat3,-0.160949108870607,0.0039171000427822,0.0127862616197889
Fam181b,1.61401239132868,0.0039184088445006,0.0127884259651434
ENSMUSG00000093726,-1.44678500886071,0.0039236640383682,0.0127994521010844
Hilpda,0.503401719695959,0.0039237262020644,0.0127994521010844
Rnf181,0.550340601005503,0.0039230021862625,0.0127994521010844
Tsc22d4,-0.569290443590898,0.0039311153592082,0.0128214440997628
Dph3,0.324791591077757,0.0039399188464996,0.0128480409741608
4930579K19Rik,1.11938734308278,0.0039419046894069,0.0128524004723435
Pik3c2a,0.384729922612902,0.003959566591377,0.0129078611976346
ENSMUSG00000097030,1.90672721112513,0.0039733839913815,0.0129507729699341
Decr2,-0.295441590016372,0.0039773480532603,0.0129615601195933
Cnn3,-0.147335344562582,0.0039789739412163,0.0129647252273524
Zfp229,-0.608751779443134,0.0039809947951923,0.0129691760032882
Pde12,0.387299980198772,0.0039849195562409,0.0129798267914138
Gpbp1l1,0.323589684093602,0.003986451168137,0.0129826803048488
Gm11992,1.1844876436894,0.0039881082529463,0.0129859414405375
Catsper3,1.2344747323414,0.0039889526170014,0.0129865555855822
Mplkip,0.590414180807865,0.004007252026974,0.0130439873672245
Rsph1,1.30996436319276,0.0040128647503356,0.0130601106845764
St6galnac2,-1.42499811093203,0.0040142103230189,0.0130623432857489
Acbd3,0.412967723325873,0.0040159940564309,0.0130660007053653
Smim14,0.626229780706019,0.0040232487438683,0.013083155685315
Snrnp27,0.630129586936898,0.0040219725365547,0.013083155685315
Wdr25,0.426553475863485,0.0040227880108632,0.013083155685315
Tdrkh,-0.59115481117052,0.0040283711395397,0.0130976624605887
Ano4,0.845518775724111,0.0040329952870346,0.0131036851025701
Gm12606,-0.722347917853915,0.0040335318312092,0.0131036851025701
Hnrnpa1,-0.775842501345126,0.0040334790716456,0.0131036851025701
Jrkl,0.296126125639781,0.0040326558997561,0.0131036851025701
Pogk,-0.240763799659155,0.0040333095678788,0.0131036851025701
Col9a3,1.20305333782974,0.0040346926004354,0.0131053062586556
Myo9b,-0.448774462792451,0.0040441608041117,0.0131339062913463
Fbn1,-1.78585277453615,0.0040498911958278,0.0131503599347722
Hmbox1,-0.513900917499669,0.0040514035853088,0.0131531141972878
Slc35b3,0.308356842827455,0.0040596495265013,0.0131777248357371
Htra4,-1.80648087045162,0.0040636277622007,0.0131884765982668
Zmat5,0.471701817402383,0.0040726999423012,0.0132157544907969
Trim27,-0.222328920753761,0.0040737514186309,0.0132170008346276
Calcoco1,0.297171155079062,0.0040767924744695,0.0132247007640286
Sh2d2a,2.09699396724837,0.0040782070527954,0.0132271229075599
Gm22,-0.995889331810984,0.0040789394854245,0.013227332171172
Mst1r,-1.53664370312438,0.0040842663786364,0.0132424380095802
Carkd,0.341381405867369,0.0040915700097175,0.0132592771588557
Sec24d,-0.150400538077215,0.0040916578672133,0.0132592771588557
AI606473,-1.79249948715062,0.0040921380526624,0.0132592771588557
Azin1,0.377337973007528,0.004091292521439,0.0132592771588557
Plcd3,0.332411089934109,0.0041016794335143,0.0132880188943756
Decr1,-0.251188446732122,0.0041081447890642,0.0133067876026542
Tapt1,0.366584464881007,0.0041219841827789,0.0133494316853235
ENSMUSG00000097747,0.685871614463199,0.0041275356699625,0.0133652250503497
ENSMUSG00000086421,-1.94774001993528,0.0041317945084569,0.0133768282565769
Pvr,-0.433815792366069,0.0041328875766936,0.0133781800537499
Ciao1,0.306405819735586,0.0041341699411047,0.0133801440617155
Gm10639,1.67223186937212,0.0041405040182326,0.0133984545060585
Rbm20,-0.938350912291347,0.0041449376911685,0.0134106103636501
Gm4943,2.47230313023171,0.0041488730179219,0.0134211501546761
Eya2,2.23014322146439,0.0041506803773869,0.0134248038859662
Cgrrf1,0.556478221001367,0.0041536124933273,0.0134320936998455
Nsmce1,0.417269848906924,0.0041586671071354,0.0134462438187282
0610040J01Rik,1.39683120640232,0.0041608703745436,0.0134511715470882
4933413J09Rik,-1.33896040489144,0.0041696103081111,0.0134772258106468
Cyp4v3,0.817558037424544,0.0041743667676912,0.0134891681779301
Kbtbd7,0.693710967446709,0.0041746673279405,0.0134891681779301
Hdac11,-0.266332545361774,0.0041795926967777,0.0135028798967353
Rbm27,0.567969710165964,0.0041999425750988,0.013564198101314
Tgfb1i1,-1.15544436615902,0.0041994543232569,0.013564198101314
ENSMUSG00000086473,-2.01958017265437,0.0042212024809634,0.0136293484426173
Gm10177,0.518866787447628,0.0042214917868619,0.0136293484426173
Rpl10-ps3,-0.331520162154376,0.0042224838741609,0.0136303293633061
Il31ra,2.07191450066129,0.0042277214608983,0.0136450123552201
Ppil3,0.415179722658291,0.0042399629852735,0.0136822921558347
Ifitm3,-0.451245698538914,0.0042414098493638,0.0136847312898016
Ccdc130,0.279659755047492,0.0042422091436981,0.0136850806127705
C330011M18Rik,0.650708144910974,0.0042460072222802,0.0136951021221559
Trem1,-2.07832424856257,0.0042485678677679,0.0136990616992996
Hnrnpa3,0.438789787705807,0.0042493100393252,0.0136990616992996
Eif3c,0.16676217812751,0.0042492365934939,0.0136990616992996
Zc4h2,0.704758456471976,0.004251838250408,0.0137049812355276
Rc3h2,0.158662392576045,0.0042575326695626,0.0137211028458939
Actr10,0.308433903209322,0.0042606766427663,0.0137290010142115
Rxfp3,-1.35803561640329,0.0042751654893351,0.0137734467790457
Zfand5,0.914316578929481,0.0042915087894631,0.0138238516698971
Tlk2,0.295715548551393,0.0042933945271042,0.0138276768929536
Tldc1,0.305231778243977,0.0043201751297238,0.0139116663852115
Rfx1,-0.515552898245435,0.0043269460452744,0.0139312045977264
Tspan6,0.485653468565359,0.0043287787026854,0.0139348396339373
ENSMUSG00000086353,1.96417518876873,0.0043351148403605,0.0139529683566553
Ccdc102a,-0.621327619787389,0.0043393514906495,0.0139637547320465
Gm16685,0.755723805390111,0.0043398763065919,0.0139637547320465
Dnah9,1.53235639240457,0.0043414122833011,0.013966427689814
ENSMUSG00000098066,0.94579158705963,0.0043437108486271,0.0139715526467778
Fam184b,1.51867235874411,0.0043516677267272,0.0139948729555221
Trim17,0.897277583096105,0.0043703584443957,0.0140526998916729
Mmaa,0.391632812339893,0.0043711773812833,0.0140530514381389
Naa38,0.904366032935423,0.0043830437170393,0.014088913775726
Epn3,1.40925230142181,0.0043959720923738,0.0141281777535495
Zfp623,0.520029870318911,0.0043977327719561,0.014131543049784
Gm12184,-0.462451723065696,0.0044020605477961,0.014143154946229
1700021F05Rik,0.362245688328733,0.0044044074109833,0.0141438113129746
Hpcal4,1.98627138209088,0.0044040400806554,0.0141438113129746
Npas4,-1.09801707757723,0.0044039434176606,0.0141438113129746
Polr1d,-0.401651217803632,0.0044082133437529,0.0141537381743974
Cul5,0.32234122729718,0.0044236757822301,0.0141964879468437
ENSMUSG00000064358,0.785554895144527,0.0044236784043613,0.0141964879468437
Kpna6,-0.175378843047678,0.0044234303956621,0.0141964879468437
Epb4.1l2,-1.12298195726251,0.0044264957446301,0.0142032277586935
Pp2d1,1.04148356978472,0.0044300863200219,0.0142101440689528
ENSMUSG00000064342,1.78817137203463,0.004430031266008,0.0142101440689528
ENSMUSG00000032068,-1.47330170229285,0.0044416559380801,0.0142418262581388
Ephb4,-0.743862428283729,0.0044408719892469,0.0142418262581388
Fnta,0.35020240439539,0.0044421208239003,0.0142418262581388
Actl6a,-0.255815301942174,0.004443353152563,0.0142434713229781
D6Ertd527e,-1.13267531880359,0.0044451782147761,0.0142461768148554
Dpy19l4,0.34993803073697,0.0044456358672897,0.0142461768148554
H2-Q10,-1.33226619489035,0.0044484399731427,0.0142528563708329
Stk16,0.156004352052539,0.0044553732055745,0.0142727613981234
Ddo,1.84315374204393,0.0044566482096958,0.0142745368178582
Xrcc6bp1,0.668586324490232,0.0044578742480237,0.0142761548525004
Crtap,-0.569750145414708,0.0044599693239851,0.0142805549704451
Ptpn1,-0.467838513760755,0.0044798374992841,0.014341751024352
Zfp36l2,-0.353047170721125,0.0044805298721301,0.014341751024352
Serp1,0.392684372709001,0.0044825403206523,0.0143458675679053
1700018A04Rik,1.91057698009082,0.0044869248219767,0.0143555085057655
ENSMUSG00000097901,-1.15060187969,0.004487002507104,0.0143555085057655
Akap3,-1.92375421955948,0.0044923294205335,0.0143702296630992
Pdk1,0.431954586652027,0.0044958474238186,0.014379160591296
Ralgapa2,-0.45343314455887,0.0045048111719884,0.0144031773409848
Rnpepl1,-0.324635763831961,0.0045041042677892,0.0144031773409848
Gm14636,0.992758032425649,0.004510317455212,0.0144162438313544
Mmp11,-0.591085066712706,0.0045103538062549,0.0144162438313544
Gm4890,0.844022466149249,0.0045236682662881,0.0144564670559256
Foxp2,-0.895718979176543,0.0045244978436993,0.014456785301165
Smarcd3,0.271311197833516,0.0045323984048077,0.0144796931777404
Fam228b,0.839196846942446,0.0045442254143744,0.0145151355010114
A430108G06Rik,-1.64451606639882,0.0045490466606792,0.014528192238041
0610009E02Rik,1.10024615981675,0.0045578941098158,0.0145541010884866
Zfand4,-0.715889707716402,0.004561029677418,0.0145617655540202
Dcc,1.98950579400207,0.0045627044934479,0.0145647646338237
Trpm7,0.281724155158974,0.0045652016903582,0.0145703874739491
Kat5,0.252527684648889,0.0045737797300768,0.0145954131122207
ENSMUSG00000099226,-1.6047847983424,0.0045748792578549,0.0145964485452075
Usp31,-0.18739380023555,0.0045755782957305,0.0145964485452075
C87414,1.47984023554522,0.0045771052269447,0.0145989679359661
Ankrd17,-0.117680876570253,0.0045937142556012,0.0146493761189473
Nfs1,0.284535167134722,0.0045943887636225,0.0146493761189473
ENSMUSG00000098428,-0.836768048268187,0.0045986833998499,0.0146607092805262
Prpf18,0.335263244200671,0.0046030219975589,0.0146721789215608
Dynlrb1,0.268603184986638,0.0046130809966262,0.0147018757736056
Trmt61b,0.856798440268056,0.0046157224860089,0.0147079272908966
Acp6,0.522884701805537,0.0046243496767519,0.0147330471361641
Cnnm1,2.28670483707477,0.0046271160622363,0.0147394895442381
Gm7808,-1.86731203133216,0.0046288221864766,0.0147425530043394
5330438D12Rik,0.751763636707547,0.0046304128055268,0.0147452476605008
Eif2b2,0.258310298387535,0.0046445813991004,0.0147879887504479
Fitm2,0.268697010508318,0.0046501760674979,0.0148034217715366
Gorasp1,0.275316683439692,0.0046538641780097,0.0148127814499045
Sirt5,0.386290951574473,0.0046550297247978,0.0148141103438691
Alad,-0.418908569855913,0.0046564894782154,0.014816374940003
Piwil4,-1.75271799719884,0.0046726485496144,0.0148654027110947
Nfat5,0.277779715239149,0.0046792614404579,0.0148840497216237
Ccdc22,-0.435275821550801,0.0046801397082938,0.0148844526711179
Elovl7,0.746101430148772,0.0046884524558086,0.0149084958951242
Slc30a5,0.385219111872135,0.0046970125407568,0.0149333177648337
Pir,0.415617701794554,0.0046988395308447,0.0149367284219663
Tmem109,-0.154254436834114,0.0047092823842587,0.0149675218003308
Spata2l,-0.635583439427535,0.0047105044240233,0.0149690034681256
Macrod2,0.709480006595009,0.0047151369102507,0.0149813206113598
Fam213a,1.25562540910256,0.0047169617526036,0.0149847145570361
5830462I19Rik,-0.75686390064524,0.0047331594113069,0.0150337592592658
Fahd2a,0.473983570771023,0.0047349514924622,0.0150347920921566
Pdss1,-0.625439866061021,0.0047350029427782,0.0150347920921566
Coa5,-0.152267418866823,0.0047387392406553,0.0150442436553283
Bloc1s1,-0.229932863427412,0.0047435123167223,0.0150569831576165
Ifitm1,-1.58573589364887,0.0047461052726858,0.015062799490428
ENSMUSG00000085234,0.437225235948771,0.0047515316395236,0.0150754878874011
Gm11423,0.691349875727661,0.0047516257015329,0.0150754878874011
Mblac1,0.656485497079408,0.0047538746779391,0.0150802072916719
Epha4,-1.12533954275768,0.0047551648222494,0.0150818840710808
Pvrl1,-0.314590740971849,0.0047673870982002,0.0151182280372709
Pkia,0.458301984670391,0.0047760304015537,0.0151432126276609
Slx4,-0.337484730001115,0.0047794177039582,0.0151515268463564
Lrguk,0.778850098745716,0.0047858090812656,0.0151669327965091
Efhd1,2.11516455231278,0.0047853983883405,0.0151669327965091
Hps6,-0.332084551484592,0.0047973423369456,0.0152010508225394
Ranbp6,0.74924354845621,0.0047999999824441,0.0152056956643637
Taf1d,0.399341223815738,0.0048003438342558,0.0152056956643637
Bmpr2,0.369971560481171,0.0048090670288596,0.0152308913224909
Nop56,-0.403975955440518,0.0048195811607371,0.0152617501290757
Cep89,0.27107559374335,0.0048266069926268,0.0152815547373274
Dcps,-0.307328205820708,0.0048281645932612,0.0152840427757267
Stradb,0.469732559402515,0.0048389531653069,0.0153157469211666
Actr1b,-0.303289880697007,0.004843005376617,0.0153261231189714
Pwwp2a,-0.319849738615803,0.0048481724025886,0.0153400233680885
Nup85,-0.381107443390169,0.0048498426260974,0.0153428567679288
Clhc1,0.917667880945992,0.0048570919518489,0.0153608829470482
Rap1gds1,-0.283102974259912,0.004856474319279,0.0153608829470482
Pi4kb,-0.296554145430583,0.0048609071627047,0.0153704942440051
Vars2,-0.550280170916791,0.0048665070614235,0.0153832890414098
Treml4,-2.25754603786,0.0048658986676487,0.0153832890414098
Apba1,-1.33126155267099,0.0048710904085424,0.0153953198931973
Abca17,1.38637886203036,0.0048764760269251,0.0154098821185934
ENSMUSG00000085208,-0.343266681476082,0.0048797075858973,0.0154176338594624
Bloc1s6,0.583891280181099,0.0048815006014691,0.0154188154411624
Morn1,0.760804086921716,0.004881638700065,0.0154188154411624
Pcdh1,0.971274145055713,0.0048836253216239,0.0154226305006284
Lin7c,0.538497492124615,0.0048855766883317,0.0154263330254658
Gpr50,2.05389066844254,0.0048872573570704,0.0154291797703527
C030034L19Rik,2.05844511493526,0.0048960903626316,0.015454602094606
ENSMUSG00000084849,1.40817714000071,0.0049021929572348,0.0154713990956302
Prdm2,0.237722690235779,0.0049152303816416,0.0155076027525938
Zbtb6,0.448346415182231,0.0049147132292095,0.0155076027525938
Serf1,0.349198977353602,0.0049175615159252,0.0155117495250684
ENSMUSG00000086413,-2.14439170722009,0.0049181112536813,0.0155117495250684
Tm2d3,0.442947156072881,0.0049309792328413,0.0155498587145206
ENSMUSG00000098449,1.56568303103398,0.0049391318024801,0.0155730880777449
Cln6,-0.334778624624237,0.0049413098833498,0.015577475474349
Nudt6,0.487925901380303,0.0049436035207243,0.0155822257081688
Gm10658,-1.07709669454315,0.0049501428159988,0.0156003546034438
Rcor1,-0.17583794991419,0.0049581864494624,0.0156232178910348
Taf6,0.356616536919807,0.0049608761241987,0.0156292062939281
Nfia,0.491816052184673,0.004965535066685,0.0156413959695611
Pitpnm1,-0.402750578603532,0.0049705995176106,0.0156548589132888
A730020E08Rik,0.744196617011818,0.004976631232705,0.0156711048742106
ENSMUSG00000085973,-1.32179999448436,0.0049773404190459,0.0156711048742106
Nrm,-0.790345854563532,0.0049848373523977,0.0156922141037808
Gm5641,-0.422589383857672,0.0049875395288969,0.0156957306261363
Smurf1,-0.292395664054851,0.0049867523118582,0.0156957306261363
Ern1,0.466269472535747,0.0049900186642002,0.0157010374365779
Tmem67,0.559206941404415,0.0049994673534933,0.0157282687003306
Fam120a,-0.448339954074227,0.0050016518153799,0.0157301433304406
Fgl2,-1.63076446228285,0.005000931980394,0.0157301433304406
ENSMUSG00000091542,-0.495931924603143,0.0050028316767215,0.015731355751952
ENSMUSG00000085118,-1.19638475744883,0.0050165717197049,0.0157720568879244
Sgcd,1.37498759160242,0.0050274209322726,0.015803657800433
ENSMUSG00000084850,1.52749002447676,0.0050327169173032,0.0158176342815699
Uba5,0.304847602373823,0.0050334645143634,0.0158176342815699
Gm8707,0.92362580642691,0.0050448899812052,0.0158510235106757
ENSMUSG00000063897,-0.79462661003668,0.0050484056032545,0.0158570379963289
Fbxo44,1.17342382354329,0.0050481066767325,0.0158570379963289
Sun2,-0.321573247535543,0.0050572723202679,0.0158823693356466
Tnmd,-2.43080209290362,0.0050646451932293,0.0159030019671338
4930503L19Rik,-0.445182659156907,0.0050713329688023,0.0159214771899431
1700110I01Rik,0.787515999588972,0.0050724898777712,0.0159225851227425
ENSMUSG00000053178,0.764368498227596,0.0050742606331934,0.0159256192677912
Ccl2,-1.37084156884307,0.0050839168060434,0.0159533969936437
Il12rb2,-0.749969379914873,0.0050861778108188,0.0159579634609406
Fam53b,0.441699035551332,0.0051020971402704,0.0160053749035189
Ttc38,-0.208635427445932,0.0051107576274995,0.0160300038097878
5830444B04Rik,-1.57992604961365,0.0051183823694612,0.0160488354092481
Hivep2,0.308522419887865,0.0051180168603494,0.0160488354092481
Amd1,1.0675412297023,0.0051362107068247,0.0161021872467876
Spry2,-0.583656921227373,0.0051385914524142,0.0161071011591661
Actg1,-0.871378997453891,0.0051401747664785,0.0161095143338092
Atxn1l,-0.499210776235619,0.005142501307989,0.0161142556809201
Hmcn2,0.869454860420101,0.0051569934928845,0.0161571110794315
ENSMUSG00000034807,-0.485638889924658,0.0051587550264126,0.016160073480398
Ckmt2,2.34921929162501,0.0051671594858277,0.0161838409706362
Syt12,0.51557104536653,0.0051688548482427,0.0161865909890258
Dll1,-1.28852803865324,0.0051726375086797,0.0161958756082044
Slc37a1,0.801141032918433,0.0051796965513935,0.016215414243408
Maml3,-0.297518246917591,0.0051864572893362,0.0162340129853034
Gm10131,-0.418932871869981,0.0051904397093284,0.0162439108728732
Slc25a36,0.360420490381917,0.0051971386746911,0.016262305943053
Pank1,0.763360895609428,0.0052156594183855,0.0163176807459253
Rnf121,0.201390501494496,0.0052251276305339,0.0163447208332166
BC022960,0.659318171612568,0.0052278940860558,0.0163507919267609
Sptbn4,0.726583412916024,0.0052322245394729,0.0163617518995297
Gm3636,-1.3890513181093,0.0052342358365217,0.0163654572949914
Ralgapa1,0.217172703256502,0.0052366472571804,0.0163704123569379
Nfkbiz,-0.591933964821933,0.0052442393457649,0.0163915587126782
Crlf3,-0.315182836528876,0.0052557955255522,0.0164250867268481
Chchd7,0.594869879415922,0.0052650235544451,0.0164513295159723
Raet1d,-0.530120270691509,0.0052733367993031,0.0164747061008675
Gm14018,0.918010558452829,0.0052795311143007,0.0164914564964688
4930470G03Rik,2.07132938958925,0.0052836110198965,0.0165015979558477
Stac3,-0.610503475385554,0.0052866462516527,0.016508474040954
ENSMUSG00000095562,-2.01720647063852,0.0052889271154708,0.0165129926840271
Sorcs1,1.73146768173969,0.0052940908953494,0.016525143982659
Uba1y,0.564010658179976,0.0052944879100167,0.016525143982659
Socs2,-0.50419999703715,0.0053040005018604,0.0165522259594775
Actr8,0.499509966098119,0.0053085118255993,0.0165636943743767
Dmd,1.05333186244843,0.0053105126087627,0.0165673269854972
Tspan33,0.576365225750182,0.005316170267917,0.0165823650946338
Bag4,0.614051843083944,0.005325290445142,0.0166081971615107
Myo19,-0.417998327636808,0.0053326305519212,0.0166284703905288
Fsd1,0.703562376041324,0.0053335264722333,0.0166286458211759
Sdc1,0.32645350722471,0.0053392004069447,0.0166419288546718
Gm5532,1.80587869909634,0.0053394675794074,0.0166419288546718
Emc10,0.447676996781511,0.005340972037366,0.0166439984623128
Tlr5,-1.22579260159489,0.0053456349777402,0.0166559086059105
Trio,-0.56082803112772,0.0053477744813068,0.0166599537246816
Bbip1,0.276848538305121,0.0053612364815676,0.0166992650646375
Rabep1,0.263314986037794,0.0053696727153429,0.0167229121645937
ENSMUSG00000086146,1.41580824765648,0.005387109915635,0.0167719422683913
Sstr2,1.85581282859715,0.0053865006228256,0.0167719422683913
Angptl7,1.89114074100565,0.0053882346485956,0.0167728071331009
Lyzl4,-1.8145357487049,0.0053932311334985,0.016785722044288
4833417C18Rik,-1.2973634148968,0.0054000129899204,0.0168041887574458
Zfp518b,-0.433934259345129,0.0054159868907317,0.0168512497068424
Psg16,0.177228143356389,0.00542553464651,0.016878304765863
Clasrp,-0.394697627597774,0.0054540954680391,0.0169644898145197
Tpm1,-0.987763994595364,0.0054675597723115,0.0170036987642678
Gm16701,1.30169320531542,0.0054779486554389,0.0170333325753356
F11r,0.394683891136582,0.0055082858392792,0.0171249753157122
Dmrta2,-1.72005260649991,0.0055194887320927,0.0171571111050644
Fkbpl,0.413675931923195,0.0055254469519185,0.0171729365090701
Sprr2a2,-1.46707932187284,0.0055311860256002,0.0171880759533953
Gnb5,0.73427632033623,0.0055377497722357,0.0172030739591149
Slc18b1,0.322912969231219,0.005537509342837,0.0172030739591149
Dlg3,-0.375831391657024,0.0055483985113887,0.0172334510852481
B230312C02Rik,0.990385994650712,0.0055558813507194,0.0172512816352535
Zbed6,-0.553041880614527,0.0055552668793257,0.0172512816352535
Fam46b,-1.63087308790794,0.0055662086044932,0.0172806388467445
Lias,0.512527533515325,0.0055719463227436,0.0172957405917893
Mettl2,0.444438052474044,0.0055765713055848,0.017307384130356
Pcnt,-0.330922282455664,0.0055840817802706,0.0173279779969413
Mtmr7,-0.551930005608042,0.0055858691192507,0.0173308087165348
Tiam1,-0.61775547491613,0.0055894557681478,0.0173392202431703
Crkl,0.130802644934475,0.0055961742410157,0.0173573429395578
Bcl9,0.250264267181984,0.0056000002241392,0.0173664898902057
Vipr1,-1.00278515415127,0.0056127838104227,0.0174034085770491
Irgm1,0.558080548529313,0.0056142552730101,0.0174052459966644
Zfp101,-0.393817754218525,0.0056171728727033,0.0174115654360647
3-Sep,1.12318860440634,0.0056188917365886,0.017414167754523
Alx3,3.14710252647718,0.0056474778657901,0.0175000237293236
ENSMUSG00000081401,-1.56685952633084,0.0056499215050492,0.0175048569283472
Dnajc8,0.453234871189737,0.0056622749968207,0.0175403869915591
Cebpz,0.41960923492251,0.0056943981571862,0.0176371381146256
Tanc2,-0.424916728482074,0.0057058135542538,0.0176697312945182
Ccdc148,0.777598408139421,0.005714195556987,0.0176929219528724
Ing3,0.860784334125098,0.0057200246461712,0.0177082019841761
Riok2,0.602532160551807,0.0057243919747621,0.0177189525895888
Zfand1,0.502233935208371,0.0057347835305088,0.0177455707872184
Phb,-0.248754587143104,0.0057340086811261,0.0177455707872184
Plat,-0.989428138504542,0.0057366396264937,0.0177485410346951
Apcdd1,-0.938907062000576,0.0057551977895189,0.0178003962242125
Morf4l1,0.572395930367342,0.0057551772096285,0.0178003962242125
Ikzf5,0.217766601552139,0.0057577842486721,0.0178056151250316
Cml1,0.649348585306066,0.0057593870836953,0.017807791070336
Rab13,-0.324564140543632,0.005773115339579,0.0178446661752807
Zfp867,0.355484718986823,0.0057724514996659,0.0178446661752807
Pde11a,-2.12726106410685,0.0057933936892286,0.0179045519072229
2210016F16Rik,0.298481417918558,0.0057960935849259,0.0179101010073138
AA474408,2.22374839024364,0.005800238546325,0.0179201129752607
C1qtnf3,-2.38507819922039,0.005802201985257,0.0179233829536782
Vps4b,0.345739075799253,0.0058175142844373,0.017967880987055
2700097O09Rik,0.446054729826566,0.0058238771581282,0.0179847284016174
Pop4,0.341639732315854,0.0058340326529347,0.0180076656263592
Hsbp1,0.405234057969811,0.0058338968888743,0.0180076656263592
3-Mar,0.765609257295917,0.0058336561533156,0.0180076656263592
Zfp280d,0.302751302903637,0.005840443972132,0.018024645850725
9030025P20Rik,0.42436975172094,0.0058530572923073,0.0180607582762317
Safb,-0.284954498854558,0.0058560073459961,0.0180670461878966
Xpot,0.244177912632472,0.0058659158440512,0.0180947970990015
Elp4,0.295373965528435,0.0058722140271387,0.0181114042350811
Dram1,-0.581982323458347,0.0058792033391746,0.0181301374850538
2700094K13Rik,-0.646869506532001,0.0058808951096462,0.0181325310215528
2010002M12Rik,0.923688278695031,0.005885243159845,0.0181403369430096
Rttn,-0.384583857651418,0.0058852587789758,0.0181403369430096
Egflam,-1.38967463386622,0.0058876164589577,0.018144780011391
Ano8,-0.454830121247595,0.0058996912210877,0.0181768519455124
Rmdn3,0.489551069692009,0.0058998588318397,0.0181768519455124
Isg20l2,-0.236046396106882,0.0059236918230797,0.0182474401717641
Mrps25,0.252139735714508,0.005941840317004,0.0183004985440042
ENSMUSG00000086233,-0.59537377726084,0.0059470242411673,0.0183136165560686
Zfp189,0.632840613842344,0.0059499728087554,0.0183198478707391
Eif2b3,0.235908773727654,0.0059578649247694,0.0183412959692421
ENSMUSG00000020462,0.370818823212089,0.0059632406612291,0.0183549919264815
Max,0.364416354606507,0.0059727606905099,0.0183814378733268
Srpx2,-0.552068224399979,0.0059750994815746,0.0183857784544909
Stmn4,1.33393960966474,0.0059806789736278,0.0184000879903255
Esrra,0.471655896124925,0.0059862603480023,0.0184143988710527
Comtd1,-0.761194932948445,0.0059940701006629,0.0184355589802034
Acd,-0.340087077386612,0.0060071304147822,0.0184699907986876
Lgr4,-0.265792074083976,0.0060067052326513,0.0184699907986876
Gm12286,-1.55846416078498,0.0060152434934742,0.018492064909153
Zswim1,0.337294660861223,0.0060186035287,0.0184995226264745
Cntf,0.496418331182609,0.0060282456324798,0.0185234098534727
1700009N14Rik,-1.75209053078841,0.0060274867171102,0.0185234098534727
Gtpbp10,0.364302092202042,0.0060308534634907,0.0185285482455741
Creg1,-1.06163478903302,0.0060354693173542,0.0185398533210615
Gm9761,-0.525556254263453,0.0060377291009797,0.0185439185973639
C530008M17Rik,-1.60157753312831,0.0060388662518951,0.0185439906821357
Tjp1,0.381795950267082,0.0060396253231557,0.0185439906821357
Ccdc80,1.62540332875155,0.006043886815777,0.0185541984963026
Epha2,1.05128100737371,0.006045328675056,0.0185557484626179
Fam169b,1.45777873014407,0.0060502944889784,0.0185623597303997
Gpt,-0.591065125423875,0.0060496274495299,0.0185623597303997
Rfx5,-0.337065295579608,0.0060494152291631,0.0185623597303997
Cbx7,0.972514645154728,0.0060513868876357,0.0185625413973203
Gm12715,-1.96930865848558,0.0060522283277366,0.0185625413973203
Tln1,-0.70172704439406,0.006054063100373,0.0185652935335689
Ppp1r3f,0.39432410892851,0.006061555167159,0.0185853906998634
Gm13247,1.25549157357542,0.0060893735369537,0.0186677946634416
Gm7120,-0.421397115892992,0.0060939891904177,0.0186790530764637
Tug1,0.202947118789868,0.0060977710367199,0.0186877526479729
Lcn2,2.00067931848655,0.0061030231679788,0.0187009547916838
Zfp97,0.920411372182932,0.0061140948895996,0.0187319825485199
Bbs12,0.588843695721398,0.0061167920713736,0.0187344494558435
Ube3a,0.347136583673298,0.0061159844605071,0.0187344494558435
Pcsk5,-1.37532680510355,0.0061272002754321,0.0187634257390845
Erdr1,-0.758314197437717,0.0061403960108768,0.0188009280456717
Fam46c,0.476447574858988,0.0061462812818247,0.0188160387239537
Zfp958,0.808712292665965,0.0061492566804007,0.0188222379132391
Dpcr1,-1.4129515652619,0.0061508054871613,0.0188240692115197
ENSMUSG00000074354,2.49629574429809,0.0061554336213401,0.0188353225335323
Snx31,1.39559006218859,0.0061624565472102,0.0188538991906307
Cacna1b,0.976959991975631,0.0061723159355854,0.0188811468625786
Tnfrsf14,-1.68245850669719,0.0061793540175147,0.0188997570599016
Cdk12,-0.120117612695935,0.0061918632122435,0.0189350925039022
Rnf126,-0.497246473000428,0.0061945099168446,0.0189402616015427
Zfp41,-0.461462901960233,0.0061981946020464,0.018948602330801
Pgr,1.27816998704655,0.0062016225460383,0.0189561557187442
Iqcg,0.677101296143978,0.0062075861512583,0.0189714561943703
Vmo1,-1.60595497447975,0.0062160333849999,0.0189943411752105
Tmeff1,-0.427011591941593,0.0062193279240506,0.0190014764282473
Myo1e,0.196958741503741,0.0062203194543141,0.0190015743441675
Slc28a2,-2.74308143657041,0.0062233868878236,0.0190080126351728
ENSMUSG00000080242,-3.5085760777026,0.0062250095211405,0.0190100367859163
Rasa3,-0.270905450737994,0.0062341438351361,0.0190349960701566
Zfp35,0.565786362590352,0.006235194358769,0.0190352688578791
ENSMUSG00000085174,-1.20532217017096,0.0062370171218448,0.0190378987486151
Mapk12,-0.614516029138469,0.0062399008402434,0.0190432481993861
Ccdc88c,-1.29277425060937,0.0062406928304391,0.0190432481993861
ENSMUSG00000065282,-1.53480957123301,0.0062437159580289,0.0190495379499005
Adam15,-0.320484393776298,0.0062576012965854,0.019085729088309
Fbxl6,-0.354866531780171,0.0062584692334618,0.019085729088309
Gtf2b,0.703276251837756,0.006258203831095,0.019085729088309
ENSMUSG00000087067,1.91396927539162,0.0062737129332121,0.0191263255740968
Ggps1,0.570048365535706,0.0062734906488104,0.0191263255740968
Pex2,0.334393288930137,0.0062847042980194,0.0191568853190667
Sirt3,0.523404032683154,0.0063037247416585,0.019211905937797
Abca12,-1.42809897644823,0.0063158257385377,0.0192444432789589
Dars,0.405868061875772,0.0063163442392058,0.0192444432789589
Cd9,0.275723349782373,0.0063193721451514,0.0192507069624027
Erp27,0.886116371929339,0.0063259473727463,0.0192677732651291
Socs3,-0.898952312386853,0.0063413291313557,0.0193116534087912
Msantd4,0.462835692830103,0.0063503094242141,0.0193360282652425
Man2c1,-0.459281496929369,0.0063737291381539,0.0194043553961569
Gm10699,0.811988160408894,0.006378706463015,0.0194165236387259
Ly6a,0.868084705797093,0.0063808206752309,0.0194169919168763
Pbx1,-0.195881666138809,0.0063808212176848,0.0194169919168763
Dusp14,0.968390733791666,0.006386977357054,0.0194299866644232
Enpp2,0.999691442938464,0.0063870537863762,0.0194299866644232
E130317F20Rik,0.614014206738229,0.0063886746285968,0.019431932475001
Ace,2.15531712390992,0.0064120285819805,0.0194969774355202
Ddx59,0.354956119715871,0.0064114845255708,0.0194969774355202
Sacm1l,0.587980076032603,0.0064615334828458,0.0196444901894809
Fkrp,-0.307218064215954,0.0064639764074518,0.0196489008093902
Taf6l,-0.354630374124629,0.0064770189676701,0.0196855254198496
ENSMUSG00000087042,1.31938301767702,0.0064791571369562,0.0196890022925091
Eif2c5,2.07369713267607,0.0064938907649822,0.019730747577433
Acat3,-1.32378548716762,0.0064979044761256,0.019739914134866
Cpm,0.453496031924454,0.0065025507623489,0.0197509992787666
Lnx1,1.41062460483624,0.0065090019539387,0.0197675624437668
Ythdf3,0.434241486284885,0.0065101609492811,0.0197680508187004
Qrsl1,0.39144621175658,0.0065154576833953,0.0197811013279106
Shmt2,-0.487443781429242,0.0065194968122559,0.0197903302988836
Fam131c,1.23829862041501,0.0065330405848828,0.0198253655750873
Ifit1,0.680676559806477,0.006532273575233,0.0198253655750873
Gm12791,1.31978519539885,0.0065383328894746,0.0198383858653525
ENSMUSG00000098975,-0.465243190249778,0.0065418388348121,0.0198459828867371
ENSMUSG00000062470,0.606709564220812,0.0065461019609849,0.0198558742893776
Nrip3,0.773751941069954,0.0065623947306969,0.0199022458264505
ENSMUSG00000051950,0.449002227099024,0.0065651778789724,0.0199076378372638
Rad51b,-1.42513156669039,0.0065767926691343,0.0199398043508169
2310043M15Rik,-1.03389100997009,0.006592094652576,0.0199831382978137
ENSMUSG00000084775,2.07011065673896,0.0065993221198376,0.020001985806744
2900011O08Rik,1.62035620851753,0.0066041813515873,0.020013650724841
Gja8,1.80233535302095,0.0066098011984596,0.0200245529959148
Mks1,0.292123111307577,0.0066091724408697,0.0200245529959148
Vps26b,0.22856914867717,0.0066144655432021,0.0200356187851905
D930019O06Rik,-1.18629075354194,0.0066195312755406,0.0200478968314432
1600020E01Rik,0.426112451879053,0.0066243109316969,0.0200562381426887
Tigd2,0.809993418695647,0.0066237145828128,0.0200562381426887
Rapgef6,0.26671189808375,0.0066253809225762,0.0200564114629624
ENSMUSG00000073179,0.848409601140936,0.0066276181233761,0.0200570521569899
Gnl2,0.280558200972457,0.0066275379474587,0.0200570521569899
Gabarapl1,0.323970429479072,0.0066544909629418,0.0201353000809933
ENSMUSG00000038065,0.444802497763031,0.0066607122419375,0.0201510457133106
Ggnbp2,0.483387071948644,0.0066649401442382,0.0201607567766144
Tinag,-1.23661428612732,0.0066708184736042,0.0201754564830877
C430049B03Rik,-1.48156122438583,0.006676244360377,0.0201858658521347
Asap2,-0.333005764119482,0.0066762987947627,0.0201858658521347
Hdlbp,-0.376405824970074,0.0066853000302844,0.0202099956952762
Cnep1r1,0.492533611337439,0.006686876532045,0.0202116762577258
9530046B11Rik,0.821831193774611,0.0067155410339681,0.0202935492392476
Tax1bp3,-0.503716706148807,0.0067160130132311,0.0202935492392476
Camk2n1,1.14382048436162,0.006724828945877,0.0203170144645213
ENSMUSG00000097887,-1.30959786758788,0.0067258304801758,0.0203170144645213
Kcnn4,-0.813584763586854,0.0067297932598031,0.020325884660232
Serpinh1,-0.651606594252969,0.0067435125760487,0.0203642151656099
Tmem50a,0.534537900073579,0.0067490115228341,0.0203777137060845
Dip2b,-0.197477514877415,0.006762998052345,0.0204168313153416
Nf2,0.126127496432112,0.0067735394375714,0.0204455380310418
Ino80e,-0.309951102069922,0.0067772944134092,0.0204537547337939
Gm15234,1.67341992665386,0.0067849751267475,0.0204738149337359
Snrpc,-0.394905027603938,0.0067867359911187,0.0204760084655874
C87436,0.444107734793233,0.0067907069703144,0.0204848683686378
Mre11a,-0.232485764710406,0.006795098455273,0.0204949938788041
Srp54b,0.481054684342827,0.0067981028379295,0.0205009332423264
Arih1,0.298590225134766,0.0068002143992445,0.0205010573850875
Dhx36,0.516772868544175,0.0067997190449059,0.0205010573850875
4933402E13Rik,1.91010496874267,0.0068022750645098,0.0205041484592927
Pltp,0.943134605387608,0.0068114919960131,0.0205288064965828
Tpt1-ps5,1.00598402909636,0.0068144538604843,0.0205346080725855
Trim8,-0.225690753526111,0.0068285946557075,0.0205740892380392
Asrgl1,0.499228831002094,0.0068346905315681,0.0205893232867622
Tbpl1,0.292592675963897,0.0068467536538208,0.0206225261384437
Fam45a,0.278485492653421,0.0068486528554213,0.0206251096637415
Gm15590,-1.05488825562722,0.0068598376501234,0.0206556522461678
Stpg1,1.51282429628244,0.0068774746735068,0.020705610889956
Miat,-1.55072321692994,0.0068787034116271,0.0207061623900081
Fmo5,-0.692477206951502,0.0068844922931313,0.0207204385065613
Dck,-0.533535762950821,0.0068862373800062,0.0207225414182714
Tmub2,0.142299281216917,0.0068895574845381,0.0207293826228794
Ccnd1,0.687823022194976,0.0069008570622286,0.0207539215277717
Rasip1,0.466093024909177,0.0069005861789837,0.0207539215277717
Zfp799,0.474010244000672,0.006899898386043,0.0207539215277717
Acot1,-1.44100884028177,0.0069056829985943,0.0207652818257156
Ptplad1,0.686489376439927,0.0069136596821095,0.0207861114839072
Arhgef1,-0.432580698396886,0.0069176737645841,0.0207950229559538
ENSMUSG00000093577,0.657579661064055,0.006934804617131,0.0208433556894314
Rcan3,0.165522512600249,0.0069699946440771,0.0209459444508808
Cyb5r3,0.525071921565771,0.0069721241277977,0.0209491649562899
ENSMUSG00000086324,2.32465827061879,0.0069981232371073,0.0210209058983275
Rtn1,-1.40125898856351,0.0069979608813282,0.0210209058983275
Ust,-0.55970452799524,0.0070007135902257,0.0210237622846284
Commd8,0.337884685562538,0.0070011973473603,0.0210237622846284
Ift80,0.479978633319068,0.0070027856419028,0.0210253436707466
Gm8522,2.08144262012024,0.0070073232872718,0.0210357784418875
Shprh,0.258908063909522,0.0070108557459279,0.0210431929664074
1700008O03Rik,1.11891951287219,0.0070146930127819,0.0210515199916856
Zfp12,0.374240542386337,0.0070245280915734,0.0210778415644727
Prdm8,0.604820550095025,0.0070281379226377,0.0210854784759761
Sema3d,1.54305327174799,0.0070408006083558,0.0211202688954678
Ndufb6,0.468770577867483,0.0070482167166464,0.0211393130177899
Ccdc88a,0.520817462275145,0.00705143891006,0.0211457747084841
Gm12394,-1.2664802950378,0.0070556625070737,0.0211552369856303
Vmn1r4,1.81492464997127,0.0070590968610248,0.0211623303414676
Srrm1,-0.214004837835795,0.0070642831933808,0.0211746729774049
Lyve1,-1.78154670265411,0.0070687651308099,0.0211849008248427
Vps4a,0.220435178153688,0.007070674856353,0.0211874178930572
Gm14296,0.279090837973317,0.0071294662729511,0.0213603555324545
Rps15a-ps3,2.04977289512766,0.0071520812914015,0.021424870351674
Lrrc16b,-0.662191591961205,0.007153445856237,0.0214257171410947
Gm5460,1.4527265514927,0.0071548776757076,0.0214267650823701
Caap1,0.321170934585487,0.0071595249865138,0.0214374407065194
Gm14322,0.939338580391063,0.0071617782899145,0.0214409459188914
Eif3d,-0.200855250379979,0.007165638094158,0.0214492588900704
Cox7c,0.688925816551076,0.0071712488355213,0.0214563245110536
Myc,-0.837757583117786,0.0071700373880856,0.0214563245110536
Prkd3,-0.429895532243234,0.00717099552195,0.0214563245110536
Harbi1,0.418664949476219,0.0071730332074756,0.0214584213958986
Pak1ip1,0.395066780655885,0.0071749726744277,0.0214609815502744
Ccr3,-2.18404401176932,0.0071984032570678,0.0215278130629675
Lrrc46,0.781326992380216,0.0072079439109655,0.0215530909274893
Atg14,0.423446940401264,0.0072166455106235,0.021575852610566
Heatr1,-0.239239909759536,0.0072383308352534,0.0216374194507711
Fbxo45,0.403259025358897,0.0072590469782946,0.0216960709867411
Yme1l1,0.502987413659434,0.0072682753241177,0.0217203749085299
Bptf,-0.175763951777138,0.007273782814297,0.0217335538404251
Ccdc153,2.01655281659989,0.0072891243410153,0.0217761077763565
Tmem136,0.504679760494011,0.0072940529409062,0.0217875451646616
Zdhhc14,-1.30945323635657,0.0073071272373387,0.0218233068629554
B4galnt2,1.04130113390586,0.0073134384786188,0.0218388624292171
Adamts16,-1.67809731676513,0.0073209264406784,0.0218516624424518
Oxnad1,0.598973279192029,0.0073210351598499,0.0218516624424518
Secisbp2l,0.321965268939166,0.0073189592745512,0.0218516624424518
Amn1,0.573482704474637,0.007333888454918,0.021886727992947
Rab44,2.11480467001767,0.0073537460459518,0.0219426829432019
4930515G01Rik,0.68772089751716,0.0073613909115373,0.0219621852383376
Adam18,-2.04912336871434,0.0073667314389488,0.0219748078651818
Tbc1d10b,-0.322095652275243,0.0073691126344351,0.0219786003934267
Celf3,-0.943675542115921,0.0073721121477274,0.0219842356533044
Spa17,1.33615234390073,0.0073750262653877,0.0219896145979732
D10Jhu81e,0.341334341441458,0.0073828421298701,0.0220096049284883
Zfp62,0.606791341520214,0.00739801704154,0.0220515246072637
4933406P04Rik,0.953888491604089,0.0074083109480329,0.0220788848780804
P4ha2,-0.60519130569972,0.0074130995464638,0.0220865087134302
Sik2,0.248071982676092,0.0074129241466267,0.0220865087134302
Syt14,0.718405186453039,0.0074201252694797,0.0221028502240527
Tmem229b,0.437585407322914,0.0074219326393633,0.0221028502240527
Tmod1,1.40901060256743,0.0074218689341305,0.0221028502240527
Ppbp,-1.57387412689209,0.0074263474328807,0.0221126724644068
Gm10863,1.81055805583569,0.0074282319312886,0.0221149586841914
Anapc13,0.188005012002565,0.0074373437330131,0.0221387577466694
Nmt2,-0.323361268039907,0.0074436348042084,0.022154154442823
Erg,1.76529912446016,0.0074455619188541,0.022156560216527
Fbxo46,-0.30648072665711,0.0074785430427926,0.022241337501046
Serpinb6b,-1.52957552185985,0.0074778414876381,0.022241337501046
Taf15,0.314154806003404,0.0074772536528378,0.022241337501046
Tdg,-0.171938547070135,0.0074782448021537,0.022241337501046
Tmem245,0.346463974761409,0.0074901522626707,0.0222725188303199
Gpr125,0.648030217072562,0.0074976202712403,0.0222913784494285
Dctn4,0.257783648703611,0.0075030675841134,0.0223042255232337
Galnt14,2.26230116267261,0.0075098814664622,0.0223211305060512
Dhx33,-0.172021552597801,0.0075137893868682,0.0223260442636969
Srpk3,1.00350838005348,0.0075131843932185,0.0223260442636969
Kdm5c,0.394352476596929,0.007517435984074,0.022333528687159
Gprin1,-0.76249460603904,0.0075252482202712,0.0223533846939031
Rho,1.18712659947572,0.0075296886612475,0.0223632204930033
Cox6c,0.479958277533436,0.0075337382744136,0.0223718927555087
Zfp397,0.227806148109067,0.0075364480581502,0.0223732300020399
Fis1,0.260811361380805,0.0075354318061207,0.0223732300020399
ENSMUSG00000054779,2.11208405515013,0.0075432274082016,0.0223899993393324
Pspc1,0.668142275555262,0.0075859617150019,0.0225134700740146
Acap2,0.416942549039751,0.0075888804529937,0.022518757640259
Prorsd1,0.268965535140678,0.0076030622483908,0.0225540810016676
Zfp286,0.391959656405664,0.0076026666205596,0.0225540810016676
Prg4,-1.13899969859857,0.007629362901841,0.0226287109342609
Scn8a,0.963435000363808,0.0076428809324419,0.0226654108993831
Snx6,0.373374302322089,0.0076465539510891,0.0226729082867749
Scaf11,0.26376618075033,0.0076481483141963,0.022674240900351
Gm14735,0.452945437592578,0.0076604417891265,0.0227072877102023
Gm17501,0.699298515289499,0.007677565944812,0.0227545057346375
Pcm1,0.426692990850882,0.0076786690478985,0.0227545057346375
Prr5,-0.508875033639943,0.0076818585013392,0.0227605514303593
Cnnm2,0.618291441396795,0.0076857005807207,0.0227685286911882
Stxbp2,-0.613289032522005,0.0076958117446758,0.0227950726580257
Ndufa4l2,-1.12489852021285,0.0077038112231635,0.0228153547874279
Ctsb,-0.706084549792153,0.0077189227182886,0.0228566904176118
Slc25a15,0.541432814432814,0.0077283435814763,0.0228811655385793
Diablo,0.352737339927921,0.0077332405868751,0.0228922416416257
Atad2,-0.710922759225122,0.0077402766474908,0.0229096456025869
Aldh7a1,-0.428942206165315,0.0077486074469521,0.0229308759532936
Rps15a,-0.337400888802231,0.0077689886352514,0.0229877560036634
1700020A23Rik,-1.39665024256671,0.0077733284210138,0.0229971610471702
Gmpr2,-0.254017533739394,0.0077845222820224,0.0230268378301977
Zfp955a,0.664627100556522,0.0078106059309572,0.02310054358672
Aimp2,-0.236103122278875,0.007812607823823,0.0231030140873514
Fam155a,1.84860128411709,0.0078193259801154,0.0231194284428494
Gm5148,1.38553172729598,0.0078441813376006,0.0231894562188152
Zfp809,0.697031096671571,0.0078554768821982,0.0232193827126946
Tirap,-0.256322793429995,0.0078584013429419,0.0232245605425493
Fbrs,-0.392044967738448,0.0078627049324946,0.0232338120685055
Aldh4a1,0.345550277973732,0.0078648620885339,0.0232367192005559
Cutal,0.478751681620749,0.0078715781555818,0.0232530927495739
Armc1,0.402334067824267,0.0078843052659197,0.0232872157324793
Icam1,0.96351346832686,0.0078885637262712,0.0232963191224391
Gm7332,-0.401788435467217,0.0079079979826743,0.0233502299163386
Bckdhb,-0.710713585825948,0.0079145865581806,0.0233662003873299
A830039N20Rik,-1.73003245489874,0.0079238823855413,0.0233886184856201
Btbd8,0.785837232564242,0.0079257316424817,0.0233886184856201
Cdk2ap2,0.328968477368251,0.0079247853335055,0.0233886184856201
ENSMUSG00000086754,1.07840297604932,0.0079269040232014,0.0233886184856201
Pars2,0.401705382016056,0.0079300258302401,0.023390859627953
Dalrd3,0.406975369626943,0.0079292167607032,0.023390859627953
Arhgef25,-0.613238957494655,0.0079433140618318,0.0234265661475081
Srsf5,0.162305868485613,0.0079516048763625,0.0234475257551344
ENSMUSG00000064341,0.77544324074724,0.0079549938740085,0.0234540268990421
Wrn,0.265246655174135,0.0079576611387428,0.0234583985102207
Pcgf2,-0.331206517237972,0.0079738802186018,0.0235027122859341
Ptprf,0.752751676188853,0.007979042940971,0.0235144295242546
Dnajc14,-0.141342123437667,0.0079995950379973,0.0235714893814162
Gm16316,1.89849231689518,0.0080040676456896,0.0235811597225883
Arhgap11a,-0.608669837617354,0.0080105384374888,0.0235967132553962
F11,1.97086378299995,0.0080119712837451,0.0235974240486748
Mms22l,-0.49554045632552,0.0080286169946698,0.0236429339721102
ENSMUSG00000093760,0.667946015018596,0.0080412189346074,0.0236765239043957
Papd4,-0.1888467997652,0.008061699363229,0.0237332977834678
1810059H22Rik,0.779345064735331,0.0080648733370861,0.0237391128965002
Yipf7,-1.71265718475798,0.0080678417028804,0.0237407930288031
Csdc2,-0.592643282034756,0.0080669815925427,0.0237407930288031
Polr1e,0.254944565620818,0.0080705619262177,0.0237452694082329
ENSMUSG00000084911,0.273871037252751,0.0080759189705684,0.0237575013804422
Tmem185b,0.474966488216959,0.0080790521849106,0.0237631886930002
Rab23,0.439246732499962,0.0080808148999037,0.0237648438190812
Dnajc1,0.242777104893871,0.0080974658674162,0.0238102767688657
Rundc1,0.433899609152421,0.0081005484232391,0.0238158047763997
6230400D17Rik,-0.602845789157582,0.0081321134273707,0.0239015099904498
ENSMUSG00000085843,1.53241796763982,0.0081314562603407,0.0239015099904498
Gm8428,1.90554187406637,0.0081379531599413,0.0239151245554945
Kbtbd8,1.08596763438718,0.0081432049100471,0.0239270074241207
Rapgef3,0.335632582426446,0.0081503168787657,0.0239443517975191
Pcgf5,0.31382878507734,0.0081627144938692,0.0239772171220094
Bcap31,0.463287650684533,0.0081649768585104,0.0239803057549964
4732491K20Rik,0.53454039123656,0.0081773395587291,0.0240130534728754
Pthlh,2.08351312182987,0.0081808993493261,0.0240199452504157
Tmem44,-0.512402988720932,0.0081905815324206,0.024044808281657
Chchd10,1.2686049489361,0.0081973600690648,0.0240611410712553
Appl2,0.364079383464946,0.0082028774031128,0.0240737676483768
Ets1,-0.738059157946743,0.0082175080256177,0.0241131321587397
4833439L19Rik,0.360455219112577,0.0082191328194378,0.0241143268675773
Exosc10,-0.17088006510153,0.0082269125808869,0.0241335767666843
Lypd6b,2.35273257610046,0.0082289897542679,0.0241360949486853
Fxyd6,1.08385859205227,0.0082362569325308,0.0241538327101792
Gm9903,0.909603874151605,0.0082392847567039,0.0241591346345522
AI317395,0.752256086089939,0.008241381795358,0.0241617061547402
Klhdc10,0.336756867486271,0.0082445418299659,0.0241673928952997
1810037I17Rik,0.246214749201713,0.0082504912565785,0.0241812533439813
Asf1a,0.721743161349804,0.0082571305243341,0.0241971312376316
Rufy2,0.213006215719731,0.0082611012679276,0.0242051856058646
Ptprn2,1.281291565368,0.0082831325021357,0.0242661473479728
ENSMUSG00000095123,0.20760455559083,0.0082870999460767,0.0242741794604503
Napg,0.41597496164863,0.0082906904207949,0.0242811051602221
ENSMUSG00000086680,1.2279051849372,0.0083013781335312,0.0243075268267418
Hpn,0.890897433906766,0.0083021668075177,0.0243075268267418
ENSMUSG00000097125,1.73000272967695,0.0083061904271885,0.0243157125232877
Pgf,1.37335698239686,0.0083161977320786,0.0243414099742959
Smad6,0.710496218702981,0.0083180712738965,0.024343295922602
Uqcc1,0.262560734259439,0.0083193164075665,0.0243433425141029
A330040F15Rik,-1.41361097495141,0.008322101031993,0.0243478931655475
Arl14epl,-1.20522570573073,0.0083339856078666,0.0243790621828938
Mettl5,0.49044152913711,0.0083472064567339,0.0244141303602361
Gale,-0.387089590821987,0.0083500103025423,0.0244187247536249
Mrpl39,0.517620303843674,0.0083578622525669,0.0244380782592403
4632404H12Rik,0.421684350880347,0.0083831918825847,0.0245085225926645
Gm14567,0.697116746066858,0.0083878930693639,0.0245186471358941
Brd3,-0.215786331167482,0.0083975704545026,0.0245433124676758
Gm9992,-1.70622466939894,0.0084004788030604,0.0245481897913249
Pxdc1,1.03280727393076,0.0084022261321604,0.024549673402376
Pask,-0.456545486735989,0.0084137042545456,0.0245779517783085
Zfp955b,0.638979738097687,0.0084143866419375,0.0245779517783085
Tulp2,1.63582784717129,0.0084173701506752,0.0245830406229128
Timm10,0.834382049654256,0.0084192899214871,0.0245850217642483
Lgals3,-1.38337349541039,0.008430746861973,0.024614847538628
ENSMUSG00000082515,-1.21389523087383,0.0084433349206832,0.0246479665048955
Dpp6,1.66749589891915,0.0084460652431498,0.0246523030324745
Dynlt1-ps1,1.89183229289714,0.0084763409871839,0.0247333810093106
Zfp59,0.706285111582722,0.0084762184833956,0.0247333810093106
Tm7sf2,0.708713313192996,0.0084811139746851,0.0247436625154192
2610524H06Rik,0.293491261605703,0.0084897059507562,0.0247650812562642
Rbbp9,0.481163567648919,0.0085044492560441,0.0248044349140941
2700060E02Rik,0.339766640726116,0.0085131606812128,0.0248261867369664
D630029K05Rik,1.5972868259276,0.008525742283116,0.024855557216963
Ndufaf3,0.696485212530054,0.0085252502121772,0.024855557216963
Wnt5b,1.96697141903837,0.0085327824732495,0.0248724203856687
Nxpe3,0.664375846096693,0.0085344579892524,0.0248736432699273
ENSMUSG00000097339,1.32259822757335,0.0085358086903064,0.0248739192617466
Pcyt2,-0.287730153080458,0.008553641207097,0.024922217223091
Gm15441,1.19076298673,0.0085809702730163,0.0249981664146536
Tango2,0.215675069329037,0.0085983359353988,0.0250450720495128
Wapal,0.244507809914958,0.0086018505454459,0.0250516247355898
Slc9a1,-0.364321127804014,0.0086248698085539,0.0251149715760332
Unc5b,0.714034400780513,0.0086393777140956,0.0251535190017569
Haus8,-0.408275434607471,0.0086461382954502,0.0251586818771624
Gm20783,0.461210464225076,0.0086436938348029,0.0251586818771624
Clec2l,-1.29471764015479,0.008644986191911,0.0251586818771624
Fam107b,0.833721845468432,0.0086462325215091,0.0251586818771624
BC016548,1.82850364103947,0.0086563981477837,0.0251845613219787
Nfyc,-0.211946290583135,0.0086594726354157,0.0251898055334568
Pqlc3,0.580293406126329,0.00866670167872,0.025204349844996
Sirt4,0.259504442984519,0.0086670178976178,0.025204349844996
Etohd2,0.668579111099467,0.0086726785212366,0.025209705773458
Npc2,0.678658262460086,0.008671124595236,0.025209705773458
Wdr44,-0.183511254893578,0.0086726292523052,0.025209705773458
Degs1,0.356605633062291,0.0086742044889469,0.0252104411064142
Gm10451,-1.70663987866715,0.0086808454902637,0.0252260402185156
Mecp2,0.294756558117332,0.0086969343817279,0.0252690857534831
Rasl12,-0.733080845131788,0.0087107671301427,0.0253055643604732
Gm4987,1.04617493844185,0.0087141998209025,0.0253118235924249
Opa3,-0.323831637273402,0.0087178909560619,0.0253188315726428
Dennd4a,0.266556546127703,0.0087352687260058,0.0253655809163958
Padi1,1.80467121022953,0.0087384991425318,0.0253675222835973
Ruvbl2,-0.415115140623623,0.0087383759009095,0.0253675222835973
Fbxo30,0.388976645025395,0.00875668593897,0.0254165921640572
Csrnp3,1.80513916515871,0.0087605412232448,0.0254204563659783
Trpc6,1.54804085552985,0.0087605844626238,0.0254204563659783
Alg5,0.296787716341134,0.0087673681719222,0.0254364136063212
Pdcd6,0.372251887250995,0.0087696517503091,0.0254393120350259
Fgf18,1.17167856642805,0.008779372586976,0.0254637807136017
Abca9,-1.54159390587413,0.0088017137904113,0.0255248411048918
Trim12c,0.532142095360593,0.0088056501392539,0.0255325176219305
Dcaf8,0.137773376394992,0.0088133362030842,0.0255510628262158
1700021J08Rik,-0.780525901995966,0.0088217100397424,0.025571596256888
Pllp,1.36115051427645,0.0088240150726976,0.0255745345382268
Pebp1,0.332501423314999,0.0088315074552755,0.0255925041914366
Ccno,1.35702769134058,0.0088405167062654,0.0256148636211968
Ppard,0.401414839716294,0.0088453861156239,0.0256252233226766
Tmem37,0.830066914628715,0.0088537176099044,0.0256456082414139
Mipep,0.287670771298533,0.0088571180687704,0.0256517060886122
Gm4755,1.13584594725016,0.0088895626225007,0.0257419064448026
Ikzf2,0.400199860086053,0.0088965131437711,0.0257582670028135
Rtel1,-0.455057064503351,0.0089033239939003,0.0257742184439707
Fam98a,0.248067321805035,0.0089103255708786,0.0257907172764806
Zfp930,0.768216075535543,0.0089324363711549,0.0258509381695678
Lsm4,-0.393770106909769,0.0089337513129052,0.0258509659556948
Drc1,0.857764647918363,0.0089471838833594,0.025876055444776
Pdpk1,0.152613877911926,0.0089454287313635,0.025876055444776
Plekhj1,-0.247517983853729,0.0089449126414331,0.025876055444776
Sugp2,-0.242155794983371,0.0089476483380037,0.025876055444776
Lsm14b,-0.413422597202608,0.0089599578143663,0.0259023264203944
ENSMUSG00000040429,0.724620644950773,0.0089598639149106,0.0259023264203944
Apc,0.139238511718555,0.0089606563475117,0.0259023264203944
1520401A03Rik,-1.11367440270695,0.0089645776853808,0.0259060990050025
ENSMUSG00000046417,-0.353943217111032,0.008963960302962,0.0259060990050025
Gdf11,-0.478400715933444,0.0089715549053035,0.0259224793324528
ENSMUSG00000092412,-1.33359698562186,0.0089860878617167,0.0259606832988239
Ctf1,0.51036556431388,0.0089901016715459,0.0259684908843779
Fnip1,0.56164456274718,0.0090065742808546,0.0260122789934441
E030013I19Rik,1.72912289970677,0.0090143260087795,0.0260308708483333
Zfp871,0.2329848357778,0.0090221998567261,0.0260498098793709
Itgb1,-0.478788380610334,0.0090343328147469,0.0260810389305027
2410152P15Rik,1.71582090399655,0.0090360384090208,0.0260811199507402
Tcf25,-0.171779098203332,0.0090369948041799,0.0260811199507402
Gm4149,0.898969420104311,0.0090537330394361,0.0261256198620128
Rab12,0.394880956007232,0.0090887048463784,0.026219894228306
ENSMUSG00000064360,0.889881656389423,0.0090890513975621,0.026219894228306
Sgpl1,-0.304020782589663,0.0090931312994399,0.0262278433227656
Cdc27,0.370705293270167,0.0091027180227104,0.0262478491149909
Ddx49,-0.309276471952445,0.0091014462911704,0.0262478491149909
Eif4e2,-0.0968466028718788,0.0091072882960186,0.0262572044568866
Arv1,0.672525104266938,0.0091123646581494,0.02626801596652
Pcdh11x,1.58436755069525,0.0091176963416556,0.026279560231429
Hsd11b1,-1.71557877025711,0.0091247443704433,0.0262960473679073
Mppe1,0.464469267239282,0.0091449257132737,0.0263503723011309
Tbca,0.412646372240306,0.0091621786727218,0.026396244753358
Stt3a,0.171828460228254,0.0091830575695183,0.0264525486700713
Nlrp4f,1.82865828475582,0.009194270374786,0.0264809962917776
Tcp11l2,0.283689691067556,0.0092166168250153,0.0265414976883239
Adcyap1r1,-2.56918727873582,0.0092183449408303,0.0265426145984595
Suv39h1,-0.379711826723588,0.009226560722714,0.0265562379592755
Trove2,0.52130986979965,0.0092260150911929,0.0265562379592755
Cic,-0.459274557920787,0.0092270992424648,0.0265562379592755
1700101I11Rik,0.980039217167334,0.0092552106583611,0.0266332740305412
Ago4,-0.226038436929102,0.0092711028903251,0.0266751302687781
Thtpa,0.249838466917764,0.0092755517666184,0.0266840539201208
ENSMUSG00000040904,0.693602765043993,0.0092824671823323,0.0267000697282368
Ubox5,0.402324035407104,0.0092911452145929,0.0267211501350274
Pdgfrb,-0.838516212524892,0.0092985208226225,0.0267384792175429
4833418N02Rik,0.406880394770122,0.0093003290877667,0.0267397963493224
E230016K23Rik,0.748624167366667,0.0093036739179433,0.0267455303049717
4933404O12Rik,-0.365353661208965,0.0093171399585729,0.0267803540986325
ENSMUSG00000081455,1.1521927007967,0.0093325754142163,0.0268208276742331
Dbpht2,1.93230646095845,0.0093434178456407,0.0268480915576131
Gm4202,-0.615639237696071,0.0093499743146053,0.0268630337046923
ENSMUSG00000083608,1.93748284631089,0.0093589134190045,0.0268848159776567
Snrpd2,-0.208293391830903,0.0093641483093943,0.0268959525916238
Kpna4,0.283314128139967,0.0093658275353104,0.0268968747838295
Isca1,0.328001942638386,0.0093675554274771,0.0268979364485656
Chmp6,-0.294268787740541,0.0093920087954785,0.0269642421260739
Gm8349,-1.41013400175902,0.0094032090630653,0.0269924847492313
Gspt2,0.507656189448239,0.0094111207827787,0.0270112805771233
Dync1i2,0.31218503706722,0.0094282770240147,0.0270566002294721
Dus4l,0.481127474064943,0.0094466485211224,0.0271053936992625
Ccdc173,0.565736925908585,0.0094635795797173,0.0271500405615995
Gm5087,1.68769690967299,0.0094761476809873,0.0271782228347969
Mc4r,2.17071562505903,0.0094760199520882,0.0271782228347969
Gm14117,1.15921918033845,0.0094857002200122,0.0272016807351757
Dnah6,-1.77700949219691,0.0095162213789538,0.0272852538278272
Rab8a,-0.234167936552793,0.0095291833742243,0.0273184637439403
ENSMUSG00000086035,1.11040296654795,0.009542995806396,0.0273541017440827
ENSMUSG00000092354,-0.850611068205409,0.0095628636486264,0.0274070841819679
ENSMUSG00000082803,1.83041928258142,0.0095648170520003,0.0274087160899746
Tns3,-0.511669075514267,0.0095825468978874,0.0274555495899541
Pacsin1,1.28768732516768,0.0095912163502852,0.0274764138002386
Smg8,0.280575296840268,0.00960562595562,0.0275137136860138
2410131K14Rik,0.140604742582216,0.0096097982079289,0.0275216838336694
Pnpla6,-0.234025670902126,0.0096158245500072,0.0275349608716518
Wdr4,-0.26628904950639,0.009617544401018,0.0275359041951369
Paip2,0.392269844335459,0.0096427613107288,0.02760411173716
Abhd12,-0.331122513488488,0.0096447532600117,0.0276058236105322
Serinc2,1.10323662304473,0.009662669302752,0.027653107351402
Fam193b,-0.303178382456018,0.0096714776508343,0.0276743163411536
Gif,-1.24656433241003,0.0096835525088591,0.0277048647624163
4933431K23Rik,-1.37417447656389,0.0096916725929479,0.0277240912943436
Msra,-1.01987728294936,0.0097088930677947,0.0277693411777306
Atp1b1,0.393048454564564,0.0097232380743093,0.0278063547759744
Il1b,1.28980487435741,0.0097278935071921,0.0278156516050292
Mxi1,0.601374460281786,0.0097340487962174,0.0278292337751249
Gm16702,0.525689528277626,0.0097368774108504,0.0278333025757046
Dnali1,1.35627285608223,0.0097396017971779,0.0278370723035519
Zfc3h1,-0.411348997741931,0.0097456726585513,0.0278504042323162
Ganab,-0.227261963413587,0.0097536289876838,0.0278691196756732
Gm16062,0.894003070440467,0.0097584926911297,0.0278789944107231
Ndufb9,0.451045835294768,0.0097675133613712,0.0279007406041536
Tmem107,0.5132633336745,0.0097848941636013,0.0279463576602194
Gm16223,1.60125498917105,0.0098019646694976,0.027991075459947
Calml4,0.871106162078825,0.0098162304130723,0.0280277720733109
G430049J08Rik,-1.29680302363707,0.0098213089826056,0.0280382302279836
ENSMUSG00000098650,0.787407957994683,0.0098238811566004,0.0280415310500598
Gm5388,-1.70713561407201,0.0098388999467552,0.0280803537318838
Prkar1a,0.369555361500744,0.0098960509627994,0.0282393938425476
Psg19,-2.36640169036215,0.0099058441472719,0.0282632671794516
Clstn1,0.241902402194549,0.0099094316294241,0.0282694301338397
Man2b1,-0.298659688028157,0.0099299081061905,0.0283167747543648
Pramef8,0.283586816559485,0.0099290836140774,0.0283167747543648
Rars2,0.356042160277687,0.0099303171414393,0.0283167747543648
Zfp93,0.329853896459502,0.0099357992380272,0.0283283282622937
Fam101b,-0.741352894535205,0.0099644461174965,0.0284059149144814
B3gnt5,-0.660213444842648,0.0099663190991914,0.0284071651468607
Dcun1d1,0.523907421454432,0.0099738878084092,0.0284246473100788
Cd300lf,-1.08233894243136,0.00997773696135,0.0284315255802267
Gm14017,1.9498826535338,0.009983094005057,0.0284426979824702
Gm14633,-2.20368672282435,0.0099916119033223,0.0284628714231008
Ccl7,-1.86462785712337,0.0099970171733894,0.0284741734649511
Sv2b,1.50654154145906,0.0100453647675915,0.0286036526035056
Gm15789,1.13127305291331,0.0100441494735515,0.0286036526035056
Gm17276,1.28209643784688,0.0100699865678042,0.0286696397338692
Taf1c,-0.382287750731672,0.010077488784524,0.0286868747863609
Hsd17b1,1.04373837945905,0.0100893103110563,0.0287132281197783
Sprr1a,-0.982088061174255,0.0100896462576014,0.0287132281197783
Grk4,0.352329807864436,0.0100921730450318,0.0287162923827313
Dnajc17,0.558219603375594,0.01009924328082,0.0287217207985097
Gas2,-0.446013799070985,0.0100978277095359,0.0287217207985097
Mif4gd,-0.419361869839676,0.0100998820258949,0.0287217207985097
Rab37,1.41905680802991,0.0100987084001797,0.0287217207985097
Prl2c3,-2.08585836402834,0.0101158264378601,0.0287629327746419
Ipo11,0.191862258360818,0.0101202161410038,0.0287712834419234
Ola1,-0.285233025146698,0.0101245352342561,0.028779431000317
Cdc37l1,0.416567345686342,0.0101562678586275,0.0288654891894746
Uxs1,0.433706764062958,0.0101623259863882,0.0288740404485965
Polr2g,0.611224004436655,0.0101636505739833,0.0288740404485965
Gm10369,-1.27489424490753,0.0101632525997544,0.0288740404485965
ENSMUSG00000064419,-1.88431785689878,0.0101652723110424,0.0288745055719855
Fam175a,0.760301053342578,0.0101760487705045,0.0289009708663519
Asprv1,1.31948540721089,0.0102161977405672,0.0290066781439704
Mesp2,1.20535260840877,0.0102155503182913,0.0290066781439704
Vangl1,-0.171693337089465,0.0102525633662336,0.0291057575838432
Col11a2,-0.760433812594763,0.010264764735068,0.0291362191218699
Baiap2l1,0.499508381961143,0.0103022142613614,0.0292383277775869
Trpv6,1.50127705944204,0.0103552023668218,0.0293802904974985
Ttll9,1.19300982042028,0.0103549260705671,0.0293802904974985
Tpm2,-1.46135245770935,0.0103689133794341,0.0294149778779992
Nop2,-0.253799882649567,0.0103823452495952,0.0294488635524182
Tigit,0.97114510621414,0.010402337410851,0.0295013447063575
ENSMUSG00000097111,-1.40187002363933,0.0104066101582762,0.0295092364797397
ENSMUSG00000084401,1.34323681219391,0.0104102112616239,0.029515221735891
Rgs7bp,0.748346173993376,0.0104163818517203,0.0295284892916504
Dsc2,-0.910682940306532,0.0104194781762129,0.0295330393304308
A930002H24Rik,-1.2033570532562,0.0104281511167477,0.0295533922032158
Cox6b1,0.236660696724274,0.0104386005860983,0.0295787732160667
Fam193a,-0.15664371993736,0.010442118110337,0.0295845074473698
F8,0.347507737734905,0.0104534989914695,0.0296125152377431
Mex3c,-0.341215556909408,0.0104714653399499,0.0296549262966349
Tmem191c,-1.00655467666938,0.0104710244977703,0.0296549262966349
Ogfr,-0.262697867181822,0.0104877513880226,0.0296968013280525
Cct5,-0.242211457140421,0.0104921512226188,0.0297048847242335
Dyrk1b,-0.372070628541895,0.0104936060154887,0.0297048847242335
Ascl4,1.01598476836406,0.0105315947835403,0.0298081610823542
Scd4,0.848456513856237,0.0105353660446482,0.0298145740423283
Adarb2,0.559042341607323,0.0105392377902624,0.0298212694954073
Cdc26,0.376597920664319,0.0105414900063747,0.0298233811551777
ENSMUSG00000091228,-0.417277514824038,0.0105501503853179,0.0298436192302293
ENSMUSG00000098434,1.12337321477722,0.0105575842003159,0.0298603823911821
Aasdh,0.197253961322047,0.0105616996616254,0.0298677566898229
Gpr126,1.29240923654444,0.0105789749881944,0.0299123387587381
Sdccag8,0.255146367460164,0.0105814265999414,0.0299149996267294
Acsl6,0.886307356594186,0.0105835418683356,0.029916708986657
Xbp1,0.170360486646286,0.0106017172058533,0.0299638086976907
Ak9,1.26641618442014,0.0106046016358211,0.0299676841888984
Lamtor2,0.322074503733404,0.0106075453488426,0.0299717260791095
Slc12a6,0.205032256683568,0.0106099319361085,0.0299741928762758
Itm2b,0.678995729539039,0.0106222559255623,0.030004729189821
Zfp330,0.355652985861685,0.0106290261552191,0.0300195713031886
Srrm2,-0.177921013897738,0.0106503070399473,0.0300753858005298
Gria2,1.28157279912603,0.0106577306243781,0.0300920583526068
Tceanc,0.515463616957443,0.0106625901465879,0.0301014875642234
Mapk1ip1l,-0.194620552783071,0.0106664063450058,0.030107969107254
Pdk4,0.686436778194166,0.0106720750742516,0.0301176819511079
H2-Eb1,0.70160687510982,0.0106728889079416,0.0301176819511079
6720427I07Rik,0.378776175862816,0.0107021279582044,0.0301958886001252
Gm13033,0.70269664337788,0.010704345332119,0.0301978425865078
Zfand2b,-0.249249362140801,0.0107122232898686,0.0302157627165016
Igbp1,0.327018631734982,0.0107278756642245,0.0302556037673457
Mchr1,-1.6926180558271,0.010738661669213,0.0302773997290852
Msl2,0.405109410354421,0.0107372675947951,0.0302773997290852
Gsg1l,-1.20186792439364,0.0107407468541506,0.0302789680711173
Deb1,0.703929179363822,0.0107533489410023,0.0303101796794207
Scaf1,-0.475464689202879,0.010759801676343,0.0303197371084657
Selenbp2,1.53617588507727,0.0107593452619987,0.0303197371084657
Pycrl,-0.347540910437501,0.0107676364681122,0.0303374978822725
Cerkl,-0.799731452892664,0.0107788634525048,0.0303648096462882
Gadd45b,0.683775169239402,0.0107851832145495,0.0303739716127615
Dynap,-1.44053702126366,0.010783860069666,0.0303739716127615
Gm5544,1.75705835808394,0.0108014921067244,0.0304155765223333
Klhdc4,-0.185553333821744,0.0108044182636276,0.0304194909429744
Gprasp2,0.708523034614458,0.0108159829161203,0.0304477221991252
Unc5a,-0.679138093430807,0.0108285285241944,0.0304787064941935
Alyref,-0.376491715813905,0.0108345461503101,0.0304869781132057
Srsf6,-0.142681874050973,0.0108335438677634,0.0304869781132057
Athl1,0.208370467504863,0.0108403071581291,0.0304988553714431
Gdf7,1.59876802937263,0.0108434787061421,0.0305034449284714
ENSMUSG00000032235,0.426971927494976,0.0108514723888554,0.0305215962489549
Fam171a1,-0.316418812496902,0.0108577386305701,0.030534884385091
Fzd9,1.37164083939993,0.0108610313096119,0.0305398074762962
E130309D02Rik,-0.330976687704771,0.0108733029891854,0.0305699733670964
Ireb2,0.253240074650378,0.0108956165130294,0.0306283590381881
Gm10516,0.357185077370732,0.0109073255258726,0.0306569223267643
Ypel2,0.513540809089248,0.0109109877122424,0.0306628637226122
ENSMUSG00000086341,1.52593143585622,0.010913691291123,0.0306661098651249
Kansl1l,-0.253798237231679,0.01093003306403,0.030707671272528
ENSMUSG00000097572,-0.530664312056465,0.0109473228310383,0.0307518838788485
Cox7a1,-0.798033148038285,0.010952965989088,0.0307633723511416
Papln,1.4628612369457,0.0109727551319956,0.0308117817942387
Rpp30,0.582646580672827,0.010973313320277,0.0308117817942387
Sp7,1.78477106932171,0.0109756698251408,0.0308140296593549
Hspb8,0.485873375120778,0.0109816082864626,0.0308263317512551
Usp17lc,0.970430812064099,0.0110312770144093,0.0309613676294448
Bnip3,0.846446912940569,0.0110508684881348,0.0310119596909483
Zfp455,0.49560189475901,0.01106958455017,0.0310600811039341
Camk4,1.22165572714104,0.011087033427808,0.0311046338014322
ENSMUSG00000052371,0.727137550793612,0.011092477639219,0.0311075878220009
Gpr84,-1.33344680263672,0.0110905742099287,0.0311075878220009
2810455O05Rik,-0.622022115755028,0.0110927986870819,0.0311075878220009
Hars2,0.374196385593108,0.0110981184279811,0.0311180995820102
Rfx3,-0.293826489414726,0.0111092396425842,0.0311448728598157
ENSMUSG00000093972,-1.76281286659672,0.011120602527598,0.0311723159881883
AI427809,-1.14928755388062,0.011137983179019,0.0312166174465457
Cwc15,0.363171660899742,0.0111468357605828,0.0312370079811209
Fam19a3,1.57124587246235,0.0111661634089112,0.0312867430885792
Serpinc1,1.18461148746542,0.011197548806747,0.0313702442451292
Bnip3l,0.536503079081242,0.0112056699087715,0.0313885554276254
Scamp5,0.24549971299324,0.0112202097672975,0.0314203951119288
Zswim7,-0.542665203478253,0.0112193568312087,0.0314203951119288
Mdh1,0.48507841506837,0.0112354627616251,0.0314586603324223
Amd-ps3,3.76037578386799,0.0112714078460854,0.0315548432264455
Fsip1,1.15082726512834,0.0112927712549464,0.0316101826053652
Piwil2,-0.756447152374513,0.0112957670864947,0.0316140999690419
Map3k15,-0.376342481783844,0.01131375550378,0.031659970891177
ENSMUSG00000086171,1.08366424932051,0.0113192020773374,0.0316707372053673
Wdr18,-0.333581949054957,0.0113336123718745,0.031706577117192
Tlk1,0.352661247944696,0.0113369671347344,0.0317114826463672
Tspan18,-1.05081643582859,0.0113465449852035,0.0317337913976796
Thnsl2,-0.851685836023726,0.011353664652762,0.0317447373688124
Tnfrsf1b,-0.453909257647685,0.0113530697946158,0.0317447373688124
Exoc3l,-0.80020564960243,0.0113574988831187,0.0317509751385209
6430590A07Rik,0.72341880209557,0.011363389237303,0.0317629584270358
Parp11,0.252601700870718,0.0113668555103915,0.0317681634953139
Ociad1,0.453463710803572,0.011378604314685,0.031796511901795
Hist1h1e,0.786252830090331,0.0114051807128957,0.0318662808744621
Grhl3,1.48147678379099,0.0114121002174262,0.0318786615819208
Olfr1311,1.77957532104758,0.0114128312773086,0.0318786615819208
Erich2,2.24573430096167,0.0114252663391109,0.0319088950190032
Stx18,0.255484985577164,0.0114485450880114,0.0319694002993482
Snx14,0.227325593205881,0.0114562220626034,0.0319863276085996
1110001J03Rik,0.574062046592486,0.0114597971083289,0.0319894095177924
3300002I08Rik,0.475957669212506,0.0114605564799403,0.0319894095177924
9130024F11Rik,1.17431380028766,0.0114696499737787,0.0320102801692099
Fam150a,-1.05173977564363,0.0114759698951085,0.0320234053547597
Tada2b,0.200061771370669,0.011501443392729,0.0320899668849823
Hnrnpl,-0.383943832382072,0.0115447304404326,0.032206203922007
Hrsp12,0.593930927101181,0.0115692279948693,0.032269998762027
Aqr,0.29877215598107,0.0115784762313338,0.0322870139919451
Lhx4,1.6897228965676,0.0115801030116146,0.0322870139919451
Tmem17,0.511296373393798,0.0115802191670767,0.0322870139919451
Tyr,1.02176099810869,0.0115835718158358,0.0322918153492134
Gm15800,-0.253307056101956,0.011589411755398,0.0323035482623365
Heatr3,-0.156117239979639,0.0116012931563375,0.0323297308524238
2810055G20Rik,0.521616753103852,0.011602070145838,0.0323297308524238
Mgat1,-0.427227019173442,0.0116055321524183,0.0323348281860569
Rcbtb2,-0.541188078308368,0.0116380005565115,0.0324207290787951
Mgat2,0.251868966609522,0.0116461574074898,0.0324388890714385
Nrip2,0.894136828645764,0.0116480996664799,0.0324397364357992
Copg1,-0.214155100789855,0.0116621926686392,0.0324744183928192
Epb4.1l1,0.550932016772115,0.0116955065837529,0.0325626054245246
Gm12295,1.89059340699191,0.0116991098371982,0.0325680589282927
Abca13,1.14927726000442,0.0117032856773027,0.03257510464558
Mllt11,0.393556438118272,0.0117091665935804,0.0325868936508243
Ap2b1,-0.218018252154137,0.0117184050946096,0.0326080222697272
Atp1a1,0.300891170443656,0.0117227630944711,0.0326155662156372
Mtif2,0.328111959012299,0.0117275403859729,0.0326242744491934
Slc22a5,0.322143204075255,0.0117325689468756,0.0326336791325738
Nup214,-0.313213598786424,0.0117613066781184,0.0327090180386823
Abcf3,0.313085053060453,0.0117637486446296,0.0327112156919748
Cntn3,1.3510432650573,0.0117703599193912,0.0327250046109256
Prss46,-1.31425769328656,0.011778246076955,0.0327423337041013
Ado,-0.139707364749046,0.0118118491481368,0.0328311383199581
ENSMUSG00000098755,-1.45968623399573,0.0118296065580435,0.0328758810378182
A930017M01Rik,1.47422389306298,0.0118316150471288,0.0328768492203366
Slc36a4,-0.209242339756275,0.0118385066213255,0.0328913839967355
Tgtp2,1.64553398616861,0.0118432334736293,0.0328999012079892
Zkscan8,0.331758285488966,0.0118549436007141,0.0329278124920815
Rsl1,0.562702638029252,0.011859814941664,0.0329367234756294
Selo,0.22516782981429,0.0118639437980776,0.0329435702435681
ENSMUSG00000087616,0.993038450448576,0.0118688422461942,0.0329525517795641
Xrcc3,-0.480030453262263,0.0118797121493089,0.0329781075700748
Lrfn4,-0.731426489335504,0.0118838220354786,0.0329848930049922
Ddn,1.5737493765298,0.0118997285524736,0.0330244148336866
Rpl32-ps,1.18522017519997,0.0119018770785686,0.0330257494274867
Agps,0.162976534507797,0.0119046582652992,0.0330288389305108
Cdk8,-0.185856380278886,0.0119306410570329,0.0330962901657766
Nae1,0.432150540151875,0.0119393239467367,0.0331157382970833
Gm13583,-1.8698143727103,0.0119642931228844,0.0331803474311165
Poldip2,-0.148995020187409,0.0119747638256553,0.0332047357607503
Fgl1,-1.26720086671742,0.0119786182697844,0.0332107736546004
Sbds,0.381406741264737,0.0119846367863601,0.0332228089189636
Rbm28,0.167233554095627,0.0119864825793423,0.0332232751576339
Ss18l1,0.266420843691832,0.0119964587112475,0.0332462732042465
Apitd1,-0.717746542443281,0.0120256619572852,0.0333225422417905
S100b,0.637610290481295,0.01207810537933,0.0334631783620944
Ascc3,0.230038065664213,0.0121045506522338,0.0335262498798591
B130011K05Rik,1.30638787269569,0.0121059489441967,0.0335262498798591
Zfyve27,0.23491777481815,0.0121028893163378,0.0335262498798591
Cdhr4,1.34568425037294,0.0121205715234263,0.0335620523559751
Minpp1,0.141573767471466,0.0121250480636419,0.0335697542083551
Smyd4,-0.339273172195976,0.0121280350633796,0.0335733304997441
Mlycd,0.318928780254477,0.0121338806264686,0.0335848178793269
Mast2,-0.410705878820688,0.012138004481166,0.0335915372757144
Xrn1,0.233704444755044,0.0121437167503267,0.0336026500661549
Dhx40,0.463698957889865,0.0121712545865947,0.0336714083734966
Rgmb,0.782225456127278,0.0121719658930449,0.0336714083734966
Anks6,-0.271158645453304,0.0121747545913127,0.0336744189841279
AW146154,0.611903775386375,0.0121871186807067,0.033702885269323
Lrrtm3,1.57352610242905,0.0121915492508572,0.033702885269323
Map1s,-0.691872806651116,0.0121916430908736,0.033702885269323
Rgs3,-0.343236899114971,0.0121918536694319,0.033702885269323
Slc13a5,1.48964630615578,0.0121979020581935,0.0337148991431212
Ppp3cb,0.247822821183237,0.0122112757115621,0.033747153808509
Unc93a,-1.0070057226068,0.0122224066147656,0.0337732022601951
Gpr123,-0.798722054021089,0.0122352766641606,0.0338040484175553
Tox3,-1.49112383136642,0.0122414878182099,0.0338164911078015
Tlr2,0.534916109657391,0.0122456813461304,0.0338233575144723
Gm4944,0.470599837915907,0.01225151446589,0.0338347500324204
Cmtr2,0.44611396705882,0.0122701979164226,0.0338788070435187
Gm5859,-1.49939871843584,0.0122725995622199,0.0338788070435187
Gm6297,0.97310528757893,0.0122714346837699,0.0338788070435187
Ranbp2,0.350339961364599,0.0122754436446287,0.033881935322401
3110040N11Rik,0.361760774313542,0.0122812052353062,0.0338906776972101
Syt3,0.961898768737787,0.0122820336211309,0.0338906776972101
Fam65c,0.87377825378368,0.0122846382165687,0.0338931422737428
Csnk1e,-0.160755729430636,0.01229162792725,0.033907702949054
Gbx1,-1.53500136333591,0.0122943581877714,0.0339105110794742
Pax1,1.79586714933177,0.0123063849661072,0.0339389566729964
Zfp105,0.443358116009026,0.0123257267486005,0.0339875650973661
4930578M01Rik,1.43891211855547,0.0123439457970651,0.0340330645364161
Asb3,0.546680375268355,0.0123637424592781,0.0340829002872415
Tmem41b,0.471814497086975,0.012366942857226,0.0340869779185112
Gm14124,1.11911272019063,0.0123742617645223,0.0341024046736153
Atxn7l2,-0.341772508255038,0.0123776986752087,0.0341071301744585
Slc14a2,2.23001953978853,0.0123797101512219,0.0341079270777406
4930505A04Rik,1.3746385726632,0.0123823138698093,0.034108338435674
Zfp560,0.51264897114361,0.0123833040472882,0.034108338435674
Tmed2,0.274270996994912,0.0124032321082169,0.0341584770784491
Akt2,-0.225085758276602,0.0124050775057671,0.0341588090828993
Snurf,0.668253396225032,0.0124378519716008,0.0342442959051276
Fam72a,-0.456323767661127,0.0124416646760576,0.0342500315880796
Ppm1d,0.563113369771761,0.0124618903715463,0.0343009418927177
Gstk1,0.395072162760917,0.0124686405712073,0.0343147523446621
Wfikkn2,0.927346591747517,0.0124831034986146,0.0343469163871216
ENSMUSG00000084965,1.59839058805867,0.0124837964125682,0.0343469163871216
Dtymk,-0.421356166240726,0.0124909227923952,0.0343617495458529
Ghr,0.265164459415912,0.012513552451011,0.0344144414303321
Zfp942,0.166188736862143,0.0125131858375434,0.0344144414303321
B230354K17Rik,0.316501355371293,0.0125158593283868,0.0344160064064665
Gm7278,1.38921375436816,0.0125445631131149,0.034490146868267
Scn3b,1.6087386859552,0.0125468041462613,0.0344915198934702
2810403D21Rik,0.496115915461693,0.0125580294819692,0.034517587211786
Zfp133-ps,1.04519293294452,0.0125688808499496,0.0345426195326674
Galnt1,-0.293015200575268,0.0125894784235654,0.0345944263494228
Extl2,0.490315032369773,0.0126138940643456,0.0346567089414956
Fam58b,0.452722160734249,0.0126167758521545,0.0346598181406669
Samd4b,-0.367558687646326,0.0126216818025499,0.0346684863270039
Stard3,-0.383748444971752,0.012642824737448,0.0347217447095298
Chek1,-0.664681474323756,0.012666243379209,0.0347812373657592
Cbwd1,0.444560808356118,0.0126791405123213,0.0348118256905603
Klhl36,-0.796019739533554,0.0126908650097211,0.0348391863948596
Fads6,-0.849590379940691,0.0127128983377239,0.0348948355759229
Pdap1,-0.271983441192606,0.012731522151974,0.0349411120700795
Pcsk7,-0.408767481844642,0.0127450639488122,0.034973430295452
Slc22a30,1.95624991146557,0.0127610293349321,0.0350123891589076
Gpr107,0.234018162724806,0.0127691746978729,0.0350287282002405
Stoml2,-0.277014964533446,0.0127722907662056,0.0350287282002405
Tmsb15b2,0.667845204436702,0.0127719216186287,0.0350287282002405
Tacr3,1.63473356293425,0.0127976193280302,0.0350933333110371
ENSMUSG00000093256,2.04696760710884,0.0128220612476172,0.0351554895400542
Usp45,-0.174190254302849,0.0128262141942407,0.0351620080153298
Fam117b,0.439971356223173,0.0128281035962407,0.0351623202242147
Ccdc43,0.470581601129521,0.0128580834973571,0.0352396188183864
Plac1,2.24876254074231,0.0128627844592408,0.0352427481226902
Iigp1,0.786082017872136,0.0128618035742396,0.0352427481226902
ENSMUSG00000091193,1.14087282882351,0.0128708621614759,0.0352600019706554
Ppp1r42,1.42748585893175,0.0128948781398261,0.0353209082546496
Riiad1,0.75020863017303,0.0129068743899125,0.0353488784978326
Sap30,-0.55517778152774,0.0129274051032823,0.0354002116517427
ENSMUSG00000098061,-0.424400926341764,0.0129311535610836,0.0354055806890225
Egln2,-0.351088544694058,0.0129345057438967,0.0354098633884616
ENSMUSG00000098274,-0.299115821460134,0.0129469792084434,0.0354391121277143
Zbtb4,0.260308117048016,0.0129585191176959,0.0354657977621406
Tyrp1,1.99836376596624,0.0129725767813593,0.0354993658391652
Lgi1,1.95976118559131,0.0129904338506735,0.0355433202512764
Myl1,1.90344343487059,0.0130099470105261,0.0355917931477357
Paox,-0.680299937667886,0.0130127952219702,0.0355946680353451
Zfp39,0.417469651975598,0.0130210885572774,0.0356124344411436
Ccdc74a,0.801972098807722,0.0130412063575405,0.0356576074423211
Sox2ot,1.01102768638975,0.0130395805911907,0.0356576074423211
Tcf24,-1.6316437491712,0.0130592176828107,0.0357019253161765
Rap2b,0.300656665832487,0.013089269906798,0.0357791444077609
Gdpd2,1.8747951380451,0.0131089902486536,0.0358281041794556
Clcn7,-0.220510394890386,0.0131210303053431,0.0358560623936821
Klhl12,0.34032970592785,0.0131308705533608,0.0358780022680404
Gabpb1,0.184806549906289,0.0131626171933299,0.035959783542103
E330020D12Rik,-0.653497493685225,0.0131874408898302,0.0360226316389237
Rab30,-0.312613867236927,0.0131948928115504,0.0360380164446206
Bpnt1,-0.168993600805811,0.0131979727766068,0.0360414579244238
Zfp595,0.518301571830661,0.0132056855977329,0.0360575482665796
Nsmf,-0.29646610652564,0.0132140373537121,0.0360753785157038
Slit3,-1.57047031042064,0.0132232915891325,0.0360932719720724
Zfand2a,0.54721498989819,0.0132242365900504,0.0360932719720724
Lcmt1,0.395765929355784,0.0132328139137128,0.0361117054908596
ENSMUSG00000092353,-1.23827283097016,0.0132380979432302,0.0361211479288689
Zfp30,0.335380242085266,0.013259945129496,0.0361707924716995
Gm10654,-1.60554420146032,0.0132584498857895,0.0361707924716995
Yipf6,0.502994918835315,0.0132644597885726,0.0361781244529529
Sec11a,0.288136190358266,0.0132837032603351,0.0362256209539627
Bicd1,0.80857274697771,0.0132939008312778,0.0362456317047293
Dnajc12,0.86577622660018,0.0132947015099553,0.0362456317047293
Btn2a2,1.09976768846879,0.0133000682913105,0.036255272187352
ENSMUSG00000028730,1.29317367900371,0.0133044122578393,0.0362621222618014
Nckap1,0.216850420645252,0.0133099260901709,0.0362721585647096
Rpl31-ps16,-2.03039277869065,0.0133134465536612,0.0362767605322931
Lrtm1,1.35731638471206,0.0133307017546098,0.036318780788044
Exoc3l4,0.572555831187678,0.0133487555208413,0.0363629648328392
Gria3,0.439166615909559,0.0133808219354367,0.0364352808482591
Lgr6,0.755583870326991,0.0133793531209639,0.0364352808482591
Synj2,-0.20621577755411,0.0133794969259183,0.0364352808482591
Arglu1,-0.198718118876361,0.0133834926485633,0.0364375430866302
Ctnnal1,0.353003445881732,0.0133871175365463,0.0364424021572181
ENSMUSG00000091784,-1.01886869069597,0.0134102218579932,0.0364952636630064
Mphosph8,0.47577849974788,0.0134089135010261,0.0364952636630064
Slc39a14,0.313656992566386,0.0134219037857767,0.0365220366273046
Emc4,0.404774228062176,0.0134443473443386,0.0365780814407585
Ell2,0.217002203739534,0.0134614933286033,0.0366196997087445
ENSMUSG00000081574,1.75741057956037,0.0134760996197136,0.0366520240084285
Mrpl32,0.687877676682237,0.013477077298999,0.0366520240084285
Cmtm4,-0.433610956890628,0.013515862289053,0.0367524559621591
Rhot1,0.353062110903625,0.0135207867212659,0.0367607990428267
Slc35e2,0.341815797196566,0.0135362463956135,0.036792729017119
Supt4a,0.423977944649275,0.0135349773179839,0.036792729017119
Ykt6,-0.194033624109604,0.0135490242011438,0.0368224063784071
Uqcrb,0.473250320316872,0.0135574698767944,0.0368403037102137
Thumpd2,0.570362840713116,0.0135939522593654,0.0369293046014366
ENSMUSG00000084862,0.862969862652058,0.0135923439285537,0.0369293046014366
Wnt8b,1.78631899591419,0.0135979655236722,0.0369351404787827
Slc38a10,0.286374778645284,0.0136023911612583,0.0369420947007076
Ercc1,-0.334213804178311,0.0136147181603475,0.0369705030093956
Gm14659,1.68195310413008,0.0136181707878961,0.036974808648683
Arl1,0.409075574324893,0.0136238914552122,0.0369852702370148
Gm11627,-1.20389106491805,0.0136287588748573,0.0369934129327951
Eif3i,-0.152592311768679,0.0136377336560531,0.0370127007433842
Tdrd3,0.2825248698246,0.0136446856146025,0.0370264940958602
Gal3st4,-0.784614683310796,0.0136643624359909,0.0370748093824311
Klhdc1,0.502684323816317,0.0136817239938122,0.037116830407323
Hnrnpab,-0.304974319727778,0.0137252318241157,0.0372297618195846
Gpr3,1.47965059775191,0.0137284021608939,0.0372332616261766
Areg,-1.74331372457304,0.0137382857259368,0.0372549651535605
Zfp872,0.897026237125459,0.0137407579127034,0.0372565675935347
Carf,0.302549965982529,0.0137498165683115,0.0372760256425517
Adamts20,1.65397044272465,0.0137629208701008,0.0373058397794606
Arhgap24,0.601694442076037,0.0137645814617511,0.0373058397794606
Gm17315,1.37153679955297,0.013775725295302,0.0373309337367489
Gtf3a,-0.307190510776827,0.0137839641215501,0.0373481496050318
Mbtps2,0.473544494769441,0.0137935740573303,0.0373690753257686
Ugdh,0.369219179692589,0.0137986060706354,0.0373775946686998
Gm10074,1.67742566869316,0.0138177849477366,0.0374193098735095
Slc25a33,0.773925205327865,0.0138165296498392,0.0374193098735095
Ttll6,1.58697322111244,0.0138328300804115,0.0374549312158147
Cr2,-0.805271384531234,0.0138500448202493,0.0374964166261404
ENSMUSG00000082050,1.50558506247766,0.0138951304972052,0.0376133357526861
1700101E01Rik,1.90276445320395,0.0139336031561815,0.0377123243002621
Pigp,0.454544158957918,0.0139362225259509,0.0377142594840028
Vamp1,0.348756097434399,0.0139425925747111,0.0377263428541576
Cd164l2,1.93990124529486,0.013987086219435,0.037841564957608
Bcat2,-0.301499992682154,0.0139927566116713,0.0378465654107537
ENSMUSG00000086054,1.64715103150788,0.0139921112675065,0.0378465654107537
Psenen,0.881715868526462,0.0140068367502752,0.0378794749422983
Tmc4,-0.476614099183114,0.014029529124183,0.0379356628584544
Inha,0.887928066493456,0.0140359999515247,0.037947978572013
Gm10575,-0.894194407766766,0.0140427958359097,0.0379611696334091
Fam174b,0.70619001776931,0.0140522388539966,0.0379815119782377
Ccbl1,0.286356428643111,0.0140563884388195,0.0379823600276139
Rtn4,-0.351949802411134,0.0140553341784099,0.0379823600276139
Noc3l,0.286549016330163,0.0140732786330994,0.0380228117394134
Aamdc,0.368504728480359,0.0140812224310809,0.0380390845757914
Gm5415,1.97269402500377,0.0140857151933317,0.0380460315996646
Ralyl,1.00404458440047,0.0141029599000826,0.038087415499964
Icos,2.10254229730273,0.0141491392766169,0.0382065594035829
Arl2,0.464749759201012,0.0141511336622137,0.0382065594035829
Ckap4,-0.595571173281323,0.0141528640569927,0.0382065594035829
Gm10010,-0.944948631070737,0.014189216457286,0.0382994742701502
Wnt16,-0.334486052302129,0.0141972350873829,0.0383158958395381
Faim,0.334148666894413,0.0142015189951733,0.0383222349339709
Gm16364,-0.945624229020344,0.0142354562144093,0.0384085796825833
Cisd1,0.481202915570933,0.0142458737872083,0.038431451366554
Pnpo,0.531925172967493,0.0142858298243027,0.0385327283996385
Rabif,0.346109663926817,0.014287306838949,0.0385327283996385
5430405H02Rik,0.52919786510219,0.0143099885695811,0.0385886456470566
Tmem184a,1.3271082514624,0.0143250095510773,0.038623892328051
2410016O06Rik,-0.337350413123561,0.0143696285907216,0.038738922489879
Lman1,0.218093962881538,0.0143826172162085,0.038768660861548
Bcr,-0.21404039066569,0.0143894783648101,0.0387818766380919
Ttc25,0.458742165702677,0.0144031773849091,0.0388098895924803
Adam33,-2.19487600743657,0.0144037915827474,0.0388098895924803
Gm14326,0.497831897106111,0.0144162402674493,0.0388381474978325
Adcy3,-0.574214342033547,0.0144239891825448,0.038853737999336
Lrrc8e,-0.587606737953348,0.0144359616213362,0.0388806995714596
Gars,0.176463563621359,0.0144945197153141,0.0390331069407234
Cnot6l,0.357228350965594,0.0144975380815735,0.0390359271471764
Acsl4,1.10480690796884,0.0145020879724449,0.0390375628933395
Usp19,-0.229519486731836,0.014500532894882,0.0390375628933395
Mob1a,-0.189295938639679,0.0145119324743885,0.0390587538356605
Dimt1,0.21364265693577,0.0145301745823935,0.0391025380390978
Adam11,-0.422450860014226,0.0145662160386769,0.0391942041345052
Dscaml1,1.77066730335659,0.0145739729681492,0.03920974876528
Dsn1,-0.446208546575783,0.0145821025587548,0.039226291642703
Pygb,-0.474357206815204,0.0145952164420039,0.0392562361017854
Zfp191,0.369053912399469,0.0146034567262833,0.0392730658619384
Cecr5,0.199262469511929,0.0146162632494977,0.039302169367692
ENSMUSG00000089671,1.19103311433879,0.014621417864607,0.0393106922876291
Olfr49,1.83334589441662,0.0146256360559384,0.0393166955954669
Zbtb22,-0.245833325604237,0.0146537304407046,0.0393868726449124
Calhm2,-0.489980665926904,0.014655800082502,0.0393870898132541
Mettl8,0.278169271239573,0.0146891237032902,0.0394712897991802
Mcmdc2,-0.552552274741023,0.0147095418570376,0.0395207932352155
ENSMUSG00000097472,-0.663749095564089,0.0147129525491948,0.0395245947211413
Tradd,-0.442299775624439,0.0147599200415012,0.0396453894618053
Glrx3,0.2576064117583,0.0147728795094815,0.0396748177116587
Lrrc17,-0.775907263540657,0.0147752807164685,0.0396758860079923
Arhgap32,0.20456567732998,0.0147848201112999,0.0396961195070746
Nfatc3,0.244844851971316,0.0147883744090008,0.0397002801675277
ENSMUSG00000037361,0.619507085222058,0.0147987100609247,0.039722642185762
Cdc42bpb,-0.3968497955173,0.0148205331418756,0.0397758284783446
Ncor1,-0.189941221175202,0.0148246312927872,0.0397814360599402
Add3,-0.484798246508008,0.0148398224338839,0.0398168057825005
Pnoc,1.24428613405255,0.0148674202250091,0.0398854497610511
Ddx54,-0.400267935255297,0.0148761641491578,0.039894611407233
Radil,-0.839041929896319,0.0148768786731174,0.039894611407233
Sh3gl1,-0.424543218985211,0.0148764039240017,0.039894611407233
Crabp1,-2.53216932448816,0.0148988951404377,0.0399473681772688
Immt,0.216639511706982,0.0149005861808465,0.0399473681772688
5830473C10Rik,1.45981224914305,0.0149056373188062,0.0399555010099672
BC021785,-0.919532762412916,0.0149186572369793,0.0399795788797209
Gm10602,-0.499107572631209,0.0149179168890328,0.0399795788797209
Rhof,-0.319449409047444,0.014921766491447,0.0399825008248703
Nfxl1,0.215523941161621,0.0149400362659553,0.0400260387190177
A230107N01Rik,1.19872755807171,0.0149497157180119,0.0400465535073052
H2-Q5,-1.08838112540476,0.0149621874842131,0.0400745416469241
Ngf,-1.28644257271886,0.0149686189179131,0.0400863460514336
Usp5,-0.201170961808039,0.0149744849569594,0.0400966333271532
ENSMUSG00000097857,1.90317883789478,0.0150022541582824,0.0401655591930004
Znf512b,-0.42572973727536,0.0150156005223092,0.0401958573592607
Dnmt3a,-0.515739466529543,0.0150223587711757,0.0402085137321751
2810429I04Rik,0.540543779415606,0.0150435752101875,0.0402544201408665
Mettl9,0.160684296182312,0.0150426234609636,0.0402544201408665
Nme1,-0.353561450696416,0.0150491374050759,0.0402638634382767
Irak4,-0.491908687656551,0.0150997238790394,0.0403937500608533
Ccdc82,-0.434943513486918,0.0151061048769171,0.0404053620991987
Fam159b,1.71579197381696,0.0151106694284716,0.040412113080547
Arl6,0.367534106971728,0.0151153940101923,0.0404192901671414
Spon2,-1.70025369110579,0.0151212984809922,0.0404296199699703
Amph,-1.52333914800583,0.015134782691132,0.0404602100992411
Slc9a9,-1.71722102235074,0.0151625046861175,0.0405288490759713
Clock,0.129868048290473,0.0151888978637834,0.0405939181233964
B430319F04Rik,0.895274715668627,0.015264626595421,0.0407853029001237
Wdr46,-0.206141333484347,0.0152632838584865,0.0407853029001237
4930579G18Rik,-0.390213724377138,0.0152784945019413,0.0408168494693706
Mettl6,0.273518363360117,0.0152896381589245,0.0408411106149637
Tkt,-0.333946005102276,0.0152965544038548,0.0408540746343817
Arhgef12,0.159585802129161,0.0153073901159475,0.0408609723488643
Itgbl1,0.521436464910602,0.0153036228689234,0.0408609723488643
Pex6,0.37365336685485,0.0153073370017844,0.0408609723488643
Rps6-ps4,-0.242315101173352,0.0153047553239736,0.0408609723488643
Pacs1,0.191487793349834,0.0153095642501042,0.0408612682491998
Pianp,-1.13541863138231,0.0153330731207204,0.040918498865752
ENSMUSG00000080511,1.58211642286304,0.0153680184372808,0.0410062297402193
Pign,-0.120609288722217,0.0153727126702757,0.0410132293846343
Hist1h1c,1.04155795024524,0.0154174600585288,0.0411270715246638
Lrp1,-0.753489429361329,0.0154590013193814,0.0412323315998692
Naa25,-0.13518686836809,0.0155473192280431,0.0414623094522174
Cgn,0.837924417015597,0.0155600323797031,0.0414906262619685
1700016H13Rik,1.76681786903852,0.0155699546898295,0.0415059069427087
Gm6311,-0.667527036593288,0.0155692589659197,0.0415059069427087
Chic2,0.483958685514235,0.01559433357188,0.0415653004115089
Cers1,0.938661740813474,0.01560436655428,0.0415864453291565
Rep15,0.714434368217655,0.0156358787497962,0.0416648200700975
Ssbp3,-0.240066285841349,0.0156859351212797,0.0417925816146673
Ppm1b,0.238695928193225,0.0156917725923791,0.0418025106832762
Plekhf2,-0.366269290456563,0.015696511636383,0.0418095112907774
Nup155,-0.263561890776399,0.015740252978829,0.0419203832695977
ENSMUSG00000038658,0.24282216303365,0.0157482042288587,0.0419302818699003
Hist1h3g,-1.36501960117792,0.0157469448587277,0.0419302818699003
9430020K01Rik,0.501360820655032,0.0157563931816531,0.0419464458353889
ENSMUSG00000062093,1.41360079879227,0.0157648972256534,0.0419634441743065
Gm15964,-1.04128193370916,0.0158186378244547,0.0421008336884157
ENSMUSG00000085817,-0.858977089555492,0.0158207678950459,0.0421008448526592
ENSMUSG00000098816,2.42786372033121,0.0158298768066239,0.0421194250004541
S100a16,-0.614122339595559,0.0158477378658526,0.0421612843491865
Dnajc28,0.61467550372949,0.0158665003116123,0.0422055301774575
Haus4,-0.494453371629767,0.0158756884423956,0.0422242994780019
AI607873,-1.20049620610542,0.0158780080532586,0.0422247981048386
C1qtnf5,0.376293047576382,0.0158802226921794,0.0422250174806553
Fam222a,1.02278178795479,0.0158837187560715,0.0422286436092416
Gm17541,-1.64480494141877,0.0158967179905046,0.0422518592247956
Tmem179b,0.629444049757679,0.015894690414214,0.0422518592247956
Baalc,0.87880168536138,0.0159060166842939,0.0422709010219747
Ces1a,1.33693760584179,0.015927729121536,0.0423229233225411
Naaladl1,-0.909251944168469,0.0159545289143646,0.0423884478964418
ENSMUSG00000093765,1.79609860260375,0.0159769972165428,0.0424406512530718
Mtx2,0.407784775311695,0.015978463731716,0.0424406512530718
B3galt5,-1.6894074388216,0.0160061027871164,0.0425083625581405
Gstcd,-0.348212500521181,0.0160124940675973,0.0425196342873018
Hmgb3,0.668047179150385,0.0160332357731123,0.0425690040555994
Smim7,0.243325340613045,0.0160379514603943,0.0425758164506233
Gjb2,1.54391497819058,0.0160460302894985,0.0425858461341771
Tsr2,0.372896413864701,0.0160454748190107,0.0425858461341771
Dbi,0.73954923199076,0.0161300722218605,0.0428031556052158
Gpatch4,-0.226644424419488,0.016140290164056,0.0428245319411798
Fh1,-0.140277263926078,0.0161511861202908,0.0428454060880152
Irgm2,0.219708324251161,0.016154647912503,0.0428454060880152
Taok1,0.119968158298712,0.0161542602677626,0.0428454060880152
Zfp825,0.461704983825777,0.0161640107638947,0.0428644977461396
Mettl22,0.452105222238779,0.0161922885666194,0.0429337371499974
Atp5g3,-0.205601438844809,0.0162073749014309,0.0429679856155204
Rgs9,0.469495855879065,0.0162098891193792,0.042968898958665
1190007I07Rik,0.747470514027043,0.0162159324046127,0.0429791655970223
Cdh11,-0.829583500600595,0.0162265772688572,0.0430016240107651
Lamb1,-0.644617081370923,0.0162312684448583,0.0430083008137509
ENSMUSG00000097300,1.32335443117203,0.016243579469236,0.0430351635864547
Gm5430,-1.17712259821125,0.0162480452837471,0.0430412371320663
Zcchc10,0.516716926093918,0.0162542521860065,0.0430519205953822
Tnnt2,-0.858470676898396,0.0162675956466903,0.0430815009610931
4933416M07Rik,1.85696934523572,0.0162818772924151,0.0431129219638495
Amz2,0.225828896048036,0.0162838141935768,0.0431129219638495
Cars2,-0.34525176106135,0.016292012820912,0.0431231013255942
Gal,1.37472883932103,0.0162920139425417,0.0431231013255942
Klhl3,-0.854460028098248,0.0162963738445324,0.0431288771371268
Ncln,-0.639489686626306,0.0163346049113932,0.0432185057668979
ENSMUSG00000086331,-0.855001914688756,0.0163345475620121,0.0432185057668979
Cmya5,0.68042854361867,0.01637136237158,0.0433099733377999
Trerf1,-1.44197077680129,0.016377685761354,0.0433209147613002
Zfp36,-0.446551824386116,0.0163846652228859,0.0433335884180065
Nob1,-0.220191188658956,0.0163997321254344,0.0433676452145951
Prl2c2,-1.41255978280022,0.0164156504323597,0.043403944080434
1500015L24Rik,1.75341211909681,0.0164236439782728,0.0434192825184508
Cyp4f13,0.290938069321839,0.0164259888370151,0.0434196853881802
Dhcr24,-0.224429333532835,0.0164545840522778,0.0434894678461645
Ict1,0.531228125417146,0.0164641596948279,0.0435031645892424
Phf21b,0.674531269292102,0.0164621365414058,0.0435031645892424
Pole3,0.361715855599906,0.0164706993944115,0.0435088343079799
Psmg3,-0.408656964628417,0.0164704169369895,0.0435088343079799
Siva1,0.311770198861445,0.0164898036135877,0.0435534903658964
Dynlt1f,-0.718116602745882,0.0165318089380289,0.0436586137096578
Rnf40,-0.250716531149866,0.0165460421733509,0.0436864856577639
Wasl,0.112362089397405,0.0165467748393702,0.0436864856577639
Npff,-0.586332180210395,0.0165529354549364,0.043696925319856
Riok1,0.152868548907645,0.0165964410979759,0.0438059335604844
Rpl12-ps1,1.83266768642739,0.0166005797686285,0.0438110183552663
ENSMUSG00000083068,-2.24748124496156,0.0166069084743496,0.043821880802934
Krt10,0.485584649180851,0.0166524395139579,0.0439361726797792
St8sia2,-1.38624381140444,0.0166576039597735,0.0439439441613634
Prmt3,-0.147451885421699,0.016670751691463,0.0439669152347495
Slc35a1,0.218716978208948,0.0166695969017575,0.0439669152347495
A530083I20Rik,1.34422195698385,0.016684448153574,0.0439971785929932
Ptpla,-0.741007681930495,0.0167026777837061,0.0440393863438312
Arl5b,0.483364976775474,0.0167091275538932,0.0440505274330805
Mitd1,0.309707642797837,0.0167267400879267,0.0440910902038201
Ndrg1,0.546037332673737,0.01673677548122,0.0441074846020523
Hps1,-0.248250674758546,0.0167374139963857,0.0441074846020523
AI429214,0.708647191318967,0.0167594544378374,0.0441596907513215
Ankhd1,0.185316230830663,0.0167699739160535,0.044169778352643
Kcng2,1.27266811274918,0.0167682951210526,0.044169778352643
Snrpb2,0.469173360783225,0.0167669005412329,0.044169778352643
Shank2,-0.984238671913287,0.0167787104608146,0.0441869124954752
Fbln5,-1.73843306663232,0.0168016519415341,0.0442301203547511
Nipa1,0.270543780165675,0.0168018175837605,0.0442301203547511
Rnf138,0.309829863931519,0.0167983314628027,0.0442301203547511
5330439K02Rik,1.4939276077983,0.0168160587370478,0.044255844149966
Gm8292,0.692563378213952,0.0168143051376669,0.044255844149966
Fancb,-0.61667118735411,0.0168238813439639,0.0442705482508451
ENSMUSG00000097226,0.800206228531061,0.0168362377623747,0.0442912928594672
Lpar4,0.588662240406066,0.0168358610212958,0.0442912928594672
Dnase1l1,-0.69902646329261,0.0168522299634382,0.0443274753879574
Scrt1,-1.49635293322852,0.0168577382680195,0.0443360755192374
Bcas2,0.480779516264262,0.0168716910714207,0.0443668795616009
Prpf40b,-0.201862380420818,0.0168880496642336,0.0444040010024537
Tbc1d15,0.453675221296034,0.0168951784643691,0.0444168477775607
Cd55,1.10533996505161,0.0168981775755889,0.0444188357720948
Gm13408,1.61046810589709,0.0169189968183422,0.044463871818538
Pdia5,-0.690057192498648,0.0169198009505404,0.044463871818538
Tmem252,-1.26492229482034,0.0169221182978385,0.0444640613998135
Cdipt,0.212203443338733,0.0169291207661241,0.0444765597840704
ENSMUSG00000092395,0.814188599613971,0.0169522114751501,0.0445313166273873
Lzic,0.209693042451643,0.0169751598571367,0.0445856851207871
Slco1a6,0.567985681233063,0.0170083646786945,0.0446669744194226
Sec14l2,0.692240345989785,0.0170156043375475,0.044680062092388
Nkiras2,-0.217470169343079,0.0170275635579341,0.044705537412346
Yae1d1,0.565079526174052,0.0170559796088458,0.0447742073400825
Trpc1,0.580055260841074,0.0170734065784753,0.0448140150934558
ENSMUSG00000098898,-1.7186424826094,0.0170861664573748,0.0448415638115359
Shroom2,-0.521473050802921,0.0170984470816551,0.0448678476222469
Chn2,-0.871335879490993,0.0171170123062235,0.0449106136343999
Duox2,1.5588877911095,0.0171209032572591,0.0449148719177056
Them4,0.421666004929913,0.0171506256625845,0.044986886175076
Slc17a2,1.60725215269466,0.0171726085890978,0.04503858303516
Col6a1,-0.829312320305511,0.0171851410057807,0.0450654836438666
Gm13421,0.885762591704323,0.0171890403612261,0.0450697412039881
Setdb2,0.490878106356081,0.0172110266267657,0.0451214153185688
Abhd10,0.680220914777136,0.0172167514803708,0.0451304495456338
Scin,1.20895411126844,0.0172294249502112,0.0451517178396166
Yeats2,-0.381904167645574,0.0172280810621682,0.0451517178396166
Ndel1,0.211136156846895,0.0172614194779346,0.0452295781080997
Phf23,-0.256407728782377,0.0172695524548436,0.0452449023436596
ENSMUSG00000058331,0.472316431695658,0.0172729422677493,0.0452477974431888
Ubl5,0.442882968259075,0.0173007127805894,0.0453094726387227
Zfp619,-0.299590455910927,0.0173010620124228,0.0453094726387227
A230028O05Rik,-1.09934528708513,0.0173096000348781,0.0453258388325699
Eri2,0.317907311226722,0.0173180154963468,0.0453358861717979
Pggt1b,0.199036287033624,0.0173179795515393,0.0453358861717979
Gm5380,-1.39436593198512,0.0173446493613384,0.0453996082410713
Plin5,1.11910225057747,0.0173739423468741,0.0454702727947
ENSMUSG00000097479,-1.14302364372436,0.0173868260295888,0.0454979786852505
5031434O11Rik,0.47605320108956,0.0174063421335279,0.0455370144798396
Cxcr4,-1.39332430099229,0.0174053695323638,0.0455370144798396
AU022252,-0.335442257899474,0.0174229760693286,0.0455745103786797
Atp13a5,1.76649950698488,0.0174325161473871,0.0455934429190245
Ctdnep1,-0.293417889665205,0.0174568436947088,0.0456510408728395
Actr3b,0.679437478591637,0.0174688403423358,0.0456763815869577
Atpaf2,0.236299173250704,0.0174797832947924,0.0456808694075044
Fam221b,0.514762067080686,0.0174765629017063,0.0456808694075044
Snx29,-0.48074885710372,0.017477720708612,0.0456808694075044
Trim66,0.633196590815867,0.0174745896988969,0.0456808694075044
Nsf,-0.183330346708053,0.0174875603577529,0.0456951636528484
D16Ertd472e,0.297052210874487,0.0175210325655082,0.0457743485861223
Gm4925,0.598954371853713,0.0175225330706654,0.0457743485861223
Zfp626,0.721279416375105,0.0175247985750343,0.0457743485861223
Dopey2,-0.450346522000257,0.0175309201871477,0.0457842995366309
Cxcl15,0.956051644554998,0.0175461525685035,0.0458180386954962
Rps27,4.0988336101221,0.0175524307934425,0.045828390169194
Stxbp3b,1.7414739846232,0.0175913651629794,0.0459239909949437
Rnf5,0.571885095835532,0.0175999896197157,0.0459404500367537
Gm12355,-1.51721055154035,0.0176196934750211,0.0459858209777698
Dlgap1,0.646860182939919,0.0176254010447264,0.0459893398836741
Cdkl5,0.529130959219481,0.0176256862107194,0.0459893398836741
Flnb,-0.901433017840894,0.0176327123278925,0.046001611769409
Phpt1,0.540132446993178,0.0176356851523303,0.0460033072651144
Atp6v1g2,0.4083901243728,0.0176395846452187,0.0460074192432387
Gm12013,1.49865051499441,0.0176690690867906,0.046072184884108
Osgepl1,0.577180578647456,0.0176667963953891,0.046072184884108
Mrpl48,0.335270018330963,0.0176864643634896,0.0461081136184625
Shisa7,1.59309736954888,0.0176875045020935,0.0461081136184625
Acrbp,-0.480388132727614,0.0177056625234661,0.0461433005151628
Ddost,0.25693449907281,0.0177045271131782,0.0461433005151628
Gm14420,0.232136329568301,0.0177083793383193,0.0461443084757994
Gm4217,-1.05763122021188,0.0177129343549681,0.0461501055079316
Slc5a5,0.807834859260874,0.0177224915151901,0.0461689321187614
Fam126a,0.319083227091414,0.0177554654750115,0.0462487489500365
A530054K11Rik,0.565507029675997,0.017763803057871,0.0462643813464069
Rfxap,0.310844305207167,0.0177882125857189,0.0463218622021797
Alkbh1,0.372913446354604,0.0178122419826488,0.0463783381835888
Dnah5,1.85121131532165,0.0178294316039577,0.0464169927020874
ENSMUSG00000087526,-2.02114900463999,0.0178379277600707,0.0464269051597371
Rsrc2,0.354217333277477,0.0178356309258992,0.0464269051597371
Syt17,0.359817674266085,0.0178428486163909,0.0464336102495407
Kctd17,-0.432880268471589,0.0178561176186786,0.0464620356484444
Mrpl12,-0.312341144370558,0.0178771236468748,0.0465105828563727
Prss27,-1.6450692323206,0.0178827868163639,0.046519205321328
Cdc14a,-0.471963112449695,0.01789779295324,0.0465521265623806
Tpd52,0.560597087227607,0.0179027773353326,0.0465589760143042
B3gnt9,-0.699898973552382,0.0179103265824573,0.0465724931248667
Znhit3,0.862442524143766,0.0179585192510357,0.0466916785148368
Mgat3,0.451782954677304,0.0179706413064593,0.0467170622779103
Anp32b,-0.312997973976796,0.0179796083567987,0.0467342386006093
Cnot10,0.205003190377974,0.0179854000958718,0.0467431579394548
Piezo1,-0.888046164385056,0.018011939425561,0.0468059898154849
ENSMUSG00000097268,1.13602275006406,0.0180568920349982,0.0469166478432308
Asnsd1,0.246442598524052,0.0181598495728724,0.0471779694268878
Mthfs,-0.37729250364967,0.0181718893067732,0.0472030555917283
Ubl7,0.304798370678718,0.01817547662708,0.0472061821800252
15-Sep,0.159727625952807,0.0181868486020626,0.0472295239595132
Bri3bp,-0.443048032523376,0.0182001750163773,0.0472517391222255
C2,-0.502543776758142,0.0181987310564983,0.0472517391222255
Phyhip,1.2702783158628,0.0182066775731418,0.0472624253058724
ENSMUSG00000086515,1.9566675084182,0.018215919844578,0.047280219738142
Fsbp,1.11411130398129,0.0182183228725097,0.0472802602761345
Dcp1a,-0.298802666687206,0.0182214711271976,0.0472822345653853
4933439K11Rik,-0.869364292579409,0.0182260732075844,0.047287980322678
Otop1,1.75599743374282,0.0182311976195405,0.0472950795988185
Dhx30,0.180845255699825,0.0182438178162127,0.0473216199125444
Acacb,-0.696881674071881,0.0182678420442257,0.0473777296809645
Gm5345,-0.606566508429258,0.0182902366584297,0.0474295988979366
Gm9790,0.39827881462885,0.0183133056929312,0.0474832031870659
ENSMUSG00000082884,1.60650921144465,0.0183174618179994,0.0474877619902683
Camta2,-0.245968126455831,0.0183447926589136,0.0475523918608803
Mall,1.62482428768912,0.018352862813526,0.0475608594157707
Ptger1,-0.707454528601458,0.0183552640130648,0.0475608594157707
Smtn,-0.99150634673532,0.0183540250524619,0.0475608594157707
C4b,1.89180420317359,0.0183688333622301,0.0475845568476951
Ttc30b,0.478188345366495,0.0183692151636351,0.0475845568476951
Cstb,-0.460364956997671,0.0184094766684544,0.0476701459129278
Dennd2c,0.279979421569958,0.0184071786128971,0.0476701459129278
Gramd2,0.613687930863354,0.0184067336211523,0.0476701459129278
Ptges2,0.311531564126804,0.0184213583166715,0.0476946764418046
Zdhhc1,0.35617546702491,0.0184309224578605,0.0477132010922181
Gm14680,-1.55953014576412,0.0184595963878312,0.0477811850561507
Zfp748,0.747927648029841,0.018498002424239,0.0478743387362295
Bst2,0.304804274771259,0.0185279302113164,0.0479392644244723
C130073F10Rik,1.71445168560498,0.018526142736993,0.0479392644244723
Mylk3,1.02388363879798,0.0185453869830539,0.0479781637899933
Nupl2,0.252892040387281,0.018572233691113,0.0480413422177118
Fam83d,-1.30601145524378,0.0185813318933108,0.0480585995579375
Slc38a7,-0.302465801060037,0.0185886434061516,0.0480712319163524
Tm9sf4,0.219825969872864,0.0185944846166555,0.0480800591915714
Rab33a,-1.33695271014095,0.0186078689661713,0.0481083860321223
Imp4,-0.192164190716642,0.0186169342274904,0.0481255404570187
Arel1,0.318383343870782,0.0186264492771402,0.0481438529736994
ENSMUSG00000037143,1.21928015477142,0.0186415424854818,0.0481765767170144
Cdc42bpa,0.185055171513257,0.0186620447093362,0.0482232689749079
Rad51c,-0.930215487032001,0.018677905495996,0.0482579570049192
Gm15050,-0.554537808137952,0.0186958728032132,0.0482917784002652
Vps25,0.457738267100397,0.018694729483716,0.0482917784002652
Gm13154,-0.985983692555866,0.018698958832031,0.0482934507967581
Zfp574,0.289211395642682,0.0187094344474103,0.0483142052153492
C4bp,1.67642842728548,0.0187234005530875,0.0483439666953515
Cadm3,0.932017443904647,0.0187305159594373,0.0483560341625207
Reep6,0.587266573364159,0.0187413016869675,0.0483775728113534
Golph3l,0.530355524464749,0.0187526002547099,0.048400429485765
Crct1,1.36646985626317,0.0187665953248764,0.0484302389645363
1700007L15Rik,0.75925330172119,0.0187758295296381,0.0484477560918506
ENSMUSG00000034117,1.71102259806298,0.018780201651689,0.0484527245323149
Gm13433,1.3839865591726,0.0187888050361464,0.0484686068693296
Cpeb4,0.245411262421009,0.0188590352222484,0.0486434401590788
Fbxw8,-0.311744644348307,0.0188711029484327,0.0486682279972342
Soga1,-0.601693786733922,0.0188782520048017,0.0486803258727986
Copb2,0.180214449457429,0.0189099615286581,0.0487538569362796
Rictor,0.243468115680763,0.0189116910212331,0.0487538569362796
Eefsec,-0.378887102665435,0.0189215165812563,0.0487728380027592
ENSMUSG00000098221,1.01547505194099,0.0189404736928428,0.0488153489085187
Lrrc2,1.51588955367483,0.0189453720063172,0.0488216196763962
Gtpbp4,0.555307585061541,0.0189495083595494,0.048825925520754
Mrpl41,0.42293542618599,0.018968298689672,0.0488679832509775
Gpatch2,0.214508723387228,0.018972189869763,0.0488716503877194
Ucn2,-0.938407396892909,0.0189830877462535,0.0488933632106653
Gm16144,-0.66847651408855,0.0189904460409118,0.0489059549277265
Trim7,0.322808897600659,0.0190091919439007,0.048947865980628
5-Sep,-0.285274140856156,0.0190235703652065,0.0489721548826921
Rpl37,-0.339141717082171,0.0190232950883012,0.0489721548826921
Tmem167,0.234952830684989,0.0190503258160985,0.049034657195479
Gpkow,0.440735274614301,0.0190605701326004,0.0490546498903208
Zcchc4,0.466936619912996,0.0190707779751342,0.0490745435316473
Dlx6,0.70219717889375,0.0190789651765594,0.0490892329942291
4833420G17Rik,0.418541359136885,0.0190896105856901,0.0491102426654985
Psap,-0.37888094797809,0.0191686256568598,0.0493071129378428
ENSMUSG00000085213,-1.15739297962358,0.0191755262738374,0.0493184574450747
Klhl20,0.154344168453387,0.0191849045679207,0.0493361706353853
Zfp386,0.35599668466456,0.0192210480309599,0.0494226999746988
ENSMUSG00000086150,-1.40877068059546,0.0192304801926902,0.0494405335240862
Enpp1,0.422171827633565,0.0192380913720847,0.049453681403526
Casp12,-0.435775250843048,0.0192608477488901,0.0495057532536042
Ttc39d,1.20133685253978,0.0192755055117273,0.0495369985925574
ENSMUSG00000087338,-0.743992205704895,0.0192832658785417,0.0495440837387961
Sugt1,0.499351161592663,0.019283060111852,0.0495440837387961
ENSMUSG00000094431,-4.19235301604592,0.019303434603262,0.0495846204133795
Casq1,0.63819363200155,0.0193040508678629,0.0495846204133795
Tmem154,0.580835759900821,0.0193211803928157,0.0496221834391548
Phldb1,-0.583230517447849,0.019353309799641,0.0496982556110076
Fam73b,0.192702592214841,0.0193910991588251,0.0497694429909707
Mast1,-1.05508657601879,0.0193919577100298,0.0497694429909707
Pip5k1b,1.38150928046222,0.0193845042699951,0.0497694429909707
Rnf128,-0.527278050967692,0.0193935968269704,0.0497694429909707
Zfp790,0.304780143288466,0.0193909419624654,0.0497694429909707
Gm11218,-1.32016978759615,0.0194125451044893,0.0498116148288814
Akap8l,0.234986983992792,0.019420333404064,0.0498251435074599
4930513N10Rik,-0.942313697784277,0.0194247856075894,0.0498301106441322
Vwce,-0.891997027074518,0.0194322528555191,0.0498302579784649
Dclre1c,0.265513019662943,0.0194298239328015,0.0498302579784649
Nlgn3,0.754304315978212,0.0194323915556294,0.0498302579784649
Scarb2,0.636985352775116,0.0194761210033293,0.0499359270261436
Ints4,0.311802638069734,0.0194953959119611,0.0499788764583143
Rpl22l1,-0.31455639419309,0.0194980061197026,0.0499790982648965
