gene,log2FC,pvalue,adjusted_pvalue
Bcl2a1b,3.06428268133905,0.0,0.0
Tnf,8.30187809844074,0.0,0.0
Stat2,2.61439673863505,0.0,0.0
Slfn8,5.33109236341125,0.0,0.0
Slfn5,5.09389099923664,0.0,0.0
Slc7a2,4.43113635819384,0.0,0.0
Sele,8.18934896367153,0.0,0.0
Rsad2,9.02614020879188,0.0,0.0
Rassf4,4.21881450136643,0.0,0.0
Mx1,6.13740225495798,0.0,0.0
Mndal,4.01330627769639,0.0,0.0
Nos2,10.2342476723925,0.0,0.0
Irgm2,4.31119841821852,0.0,0.0
Ccl3,5.94632383012319,0.0,0.0
Ccl4,5.62033554906466,0.0,0.0
Mnda,3.6792192414984,0.0,0.0
Clec4e,7.74777005512834,0.0,0.0
Cmpk2,7.87020159053897,0.0,0.0
Ccl5,8.15856166798756,0.0,0.0
Gbp7,5.03244408298934,0.0,0.0
Gfpt2,2.10253691941475,0.0,0.0
Ifit2,4.69563321764174,0.0,0.0
Cxcl9,8.94210912410087,0.0,0.0
Nfkbie,4.44650412590183,3.9145907821515e-304,3.16494664736949e-301
Pim1,2.8832272673646,3.64463725742478e-291,2.82882165372282e-288
Nfkb2,2.4606684981232,2.74521872019747e-285,2.04877784795045e-282
Parp14,5.40520952249522,4.260008386355e-285,3.06152602699379e-282
Nfkbia,4.29046441461392,1.0202228977088e-284,7.07014468112199e-282
Ifit1,7.41492985811968,3.68307502813562e-272,2.4643582015842603e-269
Cxcl2,9.54937868746826,7.73816920409736e-272,5.00504784121017e-269
Parp9,3.20371257592439,5.598097189609769e-270,3.5040476731351e-267
Cxcl10,10.2655444236338,6.77041261701301e-268,4.1054089506412596e-265
Gbp2,5.84261709576992,7.52212414925509e-265,4.42300899976199e-262
Gbp5,9.36188099012343,3.77891182733536e-257,2.15664720875339e-254
Cxcl1,9.58472320466156,2.52498544650177e-256,1.39985193154058e-253
Znfx1,2.11190360180139,7.09068223757085e-256,3.82187772605069e-253
Neurl3,4.11929017745632,9.823601491469119e-248,5.15181522541802e-245
Sp140,3.45634232773194,3.23864945428286e-247,1.65375668449749e-244
Ttc39c,2.1037172337321,2.6543664336593802e-239,1.32064939176222e-236
Bcl2a1d,5.04019142621927,1.84287670836345e-233,8.93979491227108e-231
H2-K1,2.18749907708186,4.2367967061195994e-229,2.00514154354987e-226
Birc3,2.70174796141329,2.2272390378379e-226,1.02898443548111e-223
H2-Q4,3.53401909526656,3.4114406879700198e-217,1.5394324444039602e-214
Oasl1,5.91381558959843,3.29057863670924e-213,1.45114517878877e-210
Gvin1,3.1190224754875,6.42283983525318e-208,2.76952853696117e-205
Gm16685,6.12147044037136,2.42910506883124e-204,1.02465988599133e-201
Il12b,10.671033112062,3.80791120595402e-203,1.57210019234748e-200
Mx2,5.96448586012665,7.08682044811803e-202,2.86484716615172e-199
Zbp1,6.45004459319689,3.89156709838492e-200,1.5410605709604302e-197
Il1b,10.354318432454,1.1270253139149399e-195,4.3737598382411097e-193
Gm12250,7.02710973311469,7.82069351323527e-194,2.97554386138857e-191
A4galt,3.56414719470407,1.94028622787573e-193,7.24025268571166e-191
Rhof,2.6251509538215,1.249219712122e-191,4.57355835736138e-189
Ebi3,3.27412792061249,1.62858040811781e-191,5.85203226650334e-189
Cd83,3.95126687053529,9.850160021040438e-185,3.47513645542307e-182
Zc3h12a,3.91612496035185,1.24839017021765e-183,4.32567193980415e-181
Rgs1,2.1551729924791,6.42528325046936e-181,2.1873016875808299e-178
Tor3a,2.15569652375104,2.36542301668952e-179,7.913563485490249e-177
Il1a,7.37552487218011,5.72212393530107e-179,1.8818998786539298e-176
Irf7,3.72771690060309,4.49445311182215e-176,1.4535061363632802e-173
Il27,8.67905966787688,2.77914684211344e-175,8.840420544978541e-173
Lif,3.84239223801291,7.23652399751208e-174,2.2647985749633e-171
Ifi47,4.64631222335474,8.26687319997198e-174,2.54619694559137e-171
Nod1,1.7682001705482,3.91926006752498e-171,1.1882706617227299e-168
Gm4951,6.16249505202258,1.3777056983955001e-168,4.1127694417948e-166
Igtp,4.66459075542368,6.48591571792704e-168,1.9068592210705501e-165
C3,6.38786295186988,9.348312374828719e-168,2.70738288539069e-165
Gm8995,4.30048347499877,8.07481233472757e-167,2.30417144916256e-164
Usp18,4.82627580608486,2.38643859370388e-165,6.71108035829422e-163
Bcl3,3.67774722884635,6.27681225014562e-165,1.73993235574037e-162
Trex1,2.83558295606329,2.37295797420578e-161,6.485193877674509e-159
Adar,1.40574168717984,2.62141135323018e-161,7.06470359695534e-159
Rnd1,4.22998019481622,9.27521396441318e-161,2.46542810637635e-158
Nmi,2.48431466462669,2.73006206798731e-159,7.158665455030499e-157
Slamf7,4.10219313050734,2.94413677653418e-159,7.61707066824922e-157
Dcp2,1.84703121468507,8.91105461181848e-159,2.27513294325955e-156
Cybb,2.00675430784965,2.26106841477649e-155,5.69789240523676e-153
Tor1aip1,0.955375167449476,1.3483992223218101e-152,3.35440237306825e-150
Iigp1,6.60113085615715,1.95823138955435e-149,4.80981289657121e-147
Ube2l6,2.16564708181069,3.8540693336976e-149,9.34804516888353e-147
Nlrc5,2.44244948511561,1.83363176367547e-148,4.392566758315901e-146
Uba7,2.59560808000507,4.96049029284777e-148,1.17382138588315e-145
Phf11d,4.72464027101466,1.20010602897533e-146,2.80564546822137e-144
Hivep3,2.79701946408691,2.6450306596572704e-145,6.11002082380829e-143
Saa3,7.84951340307421,1.25457170613786e-143,2.86396581010577e-141
Helz2,3.19988423767636,2.5841405103289198e-140,5.83054214679329e-138
Relb,2.72733840388206,4.43997067755003e-140,9.90266563530813e-138
Rnf213,3.39212359163625,1.49946981085717e-137,3.30633093294007e-135
Ifi35,1.74873801882296,8.7055159619709e-134,1.89799810928183e-131
Il15,3.9835725817903,1.3718402951932801e-133,2.95768767643672e-131
Herc6,3.40374651129838,2.35829050232619e-133,5.02860097880631e-131
Slc15a3,2.32397341366001,9.65428535932482e-133,2.03621470774281e-130
Ifit3,4.62273343379562,1.12854789044638e-131,2.3546605662603798e-129
Traf1,6.04981068531457,3.03065317316602e-131,6.25604193320356e-129
Myo1f,-1.50189927921043,1.15127720428775e-129,2.3515139865262598e-127
Dtx3l,3.57768646117999,5.478380667033539e-128,1.1073176923241499e-125
Xaf1,3.30579056313977,8.933132828093649e-128,1.7869949422302e-125
Srgn,3.34316650414123,3.96778220019178e-127,7.85620875637972e-125
Sdc4,2.88827303253613,4.85043523403623e-127,9.506853058711e-125
Steap4,8.32192523019527,6.00805576401961e-127,1.16580314045036e-124
Cxcl5,6.92095298858778,1.23921451358522e-126,2.38076420015917e-124
Gm4070,3.5550402313137,1.5024773272582e-124,2.85824216256059e-122
Trim30a,3.64918728090033,3.0322748713323796e-122,5.7124525828479106e-120
Casp4,3.788839846061,1.22165818494201e-121,2.2793322519822e-119
Nlrp3,6.39074604379485,2.2766893035288703e-121,4.2073218329213597e-119
Trim30d,3.3622710157577,1.0139857551919599e-119,1.8561678862023403e-117
Inpp5d,-2.56090259488405,1.57761300377787e-118,2.86093483414072e-116
Trim34a,2.30883614220118,2.06961413107692e-118,3.7184067221682e-116
Kat6b,-0.991993220713364,4.0111613016768205e-117,7.14060310988412e-115
Irf1,4.29413414878039,5.0426434959541705e-117,8.89522312686316e-115
Rab11fip1,2.19833533120599,6.68017514121908e-117,1.1677668327947299e-114
Phf11b,5.35936718161879,2.96716328308899e-116,5.140610387951679e-114
Acsl1,1.62573235298112,3.7600712982098396e-116,6.4566746434038795e-114
Tlr2,4.17861312151539,3.37836487492984e-115,5.75033263448584e-113
Tnn,4.86888029187544,3.43780790406011e-113,5.8006282235115004e-111
Trafd1,1.09318031261489,2.46737423223768e-110,4.12732151744309e-108
Rtp4,5.10012316931915,2.67186274189759e-109,4.43118159348555e-107
Ifih1,4.40085210733999,5.59007048059654e-109,9.19234979707587e-107
Nfam1,-2.99392545420077,7.22395054741779e-108,1.1779288774965902e-105
Daxx,2.16751324221722,6.29352914321363e-106,1.01766366245764e-103
Usp53,1.51823614627937,6.75966284565141e-106,1.0840041145208299e-103
Plagl2,1.15129909917299,2.3495704885897902e-105,3.73697260332756e-103
Irf9,1.7554426279691,1.50516792747283e-104,2.37449418412056e-102
Zc3h12c,2.04324931526341,4.14314712220795e-104,6.48335699671961e-102
Samd9l,2.7862778686246,6.2278597262617e-104,9.66763121027056e-102
Mycl,2.44623821128606,1.41124813373874e-103,2.17332212595766e-101
Il15ra,2.5744711268589,1.80890412999377e-103,2.7637776171967798e-101
Cyth4,-2.65636457390835,5.02971833583937e-102,7.6247386397365e-100
Naa25,0.977121135220503,1.29994740308079e-101,1.95536274491315e-99
Fas,3.12062568720004,1.8163151824451e-101,2.71105998462805e-99
Tyk2,1.52536579506111,1.90659093261783e-100,2.8240832409554402e-98
Stat1,2.32588728877755,6.273550824250549e-100,9.222119711648301e-98
Ifi205,6.8696973466187,9.10867848678925e-100,1.32890825080946e-97
Gbp3,5.49422493058847,7.78320767894881e-99,1.1270549388233e-96
Ddx60,5.67120844157793,1.4371658618619101e-98,2.06568639878285e-96
Icosl,4.57758590934687,1.4597019699778701e-98,2.08265125187136e-96
Gpr84,5.05061803615758,1.8172810532599e-98,2.57390668302592e-96
Ncf1,1.43555488072195,7.30733793400738e-97,1.02747525559043e-94
Ms4a6c,2.0964152849013,2.36595840395288e-96,3.30280984678429e-94
Hck,2.03673555333594,4.23504114361934e-96,5.86976702505641e-94
Mir155hg,3.42153217242641,1.39231577147843e-95,1.9160634914728701e-93
Adamts4,2.83313805837784,1.7129654524993702e-95,2.3407311014294202e-93
Msr1,1.44646703388067,3.47452236037315e-95,4.6819188806028204e-93
Nfkbiz,3.6863029104554,3.45256764829101e-95,4.6819188806028204e-93
Fcgr2b,1.38873437099166,7.036800798339599e-93,9.416695357998721e-91
Nod2,3.73545184081837,1.3747553586657001e-92,1.82710636846228e-90
Slc41a2,0.828008249422177,2.7792029639066598e-92,3.66854791235679e-90
Tnfaip3,5.45652505323401,3.27988662339344e-92,4.30019730002205e-90
H2-T22,1.20050961488823,6.722539726084519e-92,8.75464166744591e-90
Gm20400,2.0534504466506,2.88984175998604e-91,3.73829930071794e-89
Lcp2,3.44519731784706,4.41648849575053e-91,5.67533395838035e-89
Il4i1,2.91520821530832,5.03258819582656e-91,6.42449614156701e-89
Tnfaip2,3.66609071964453,1.54976846334558e-90,1.96547106292533e-88
Ccl22,9.09453015030133,1.64039688521496e-90,2.06690007537085e-88
Gbp6,6.87869001618413,3.40618708044022e-89,4.26410671670077e-87
Tlr3,2.15569520857669,1.89159361471111e-88,2.35285144229836e-86
Tnip1,2.44770528264343,2.74944467954374e-88,3.39810347527814e-86
Cx3cl1,4.4818830639127,4.2591994931806e-88,5.23072828896686e-86
Spsb1,1.88789139149593,1.82387737685763e-87,2.2258186553802202e-85
Spib,5.76481644738048,9.94730014265516e-87,1.2063588248005e-84
Ccrl2,6.09523938446742,8.17755296413588e-86,9.85572905068898e-84
Itgal,2.2439127491012,3.89850372969521e-85,4.66954113401271e-83
Usp42,1.05278228882051,6.81006619930417e-85,8.10690334547841e-83
Fam26f,6.9106069301839,2.49285772905149e-84,2.94947630332409e-82
Ddx58,2.16547009358763,6.64012379980532e-83,7.80878558857105e-81
Arhgef3,2.39963134656202,1.0688916672544299e-82,1.2494442115304099e-80
H2-M2,8.19082497777543,2.65263483256723e-81,3.0821392988703297e-79
Zfp275,0.723296572699631,5.09680972792275e-81,5.88681523575077e-79
Pyhin1,3.44621868223336,8.802094530032959e-81,1.01062628556662e-78
Bid,2.13581986654658,3.54740125748322e-80,4.04904552942378e-78
Gm12840,2.27798988221054,3.90236109424727e-80,4.42815290484059e-78
Rab32,1.50024389490007,7.79079430955017e-80,8.78910306875067e-78
Ptprj,1.69081240498343,2.5033303749902298e-79,2.80778165296592e-77
Hcar2,4.31017462803359,1.06953526430793e-78,1.19271622233512e-76
Arl11,-2.34973667141845,2.69612162508721e-78,2.9894596578967e-76
Rcsd1,2.21810946761013,2.2638491343794596e-77,2.49589367065335e-75
Cd82,1.25349169562233,3.01398327909866e-76,3.3041430252898503e-74
Snx30,-0.773950590697419,3.18773238790869e-76,3.47498647499889e-74
Tap1,1.71158292053169,5.3725273005253e-76,5.82393965024542e-74
Cd69,9.86740034468235,5.55293187809727e-76,5.98606056458886e-74
Psme1,1.01977783746742,1.12989636737872e-75,1.21129884600092e-73
Stap2,2.33566297923982,2.05455867548659e-75,2.19047563401878e-73
Nfkb1,2.15340278804924,1.2331659600865201e-74,1.30756023439994e-72
Parp10,2.44818204108966,7.06993545774838e-74,7.455708022942909e-72
F830016B08Rik,4.42723297646187,2.28791631536984e-73,2.39971503694251e-71
Hivep2,1.69626916898415,2.1826833412556e-72,2.27703158890987e-70
Malt1,2.5477215842354,9.50749244611812e-71,9.865421573501389e-69
Ikzf1,2.67304345792299,2.5327962130646798e-70,2.61416902756952e-68
Ptgir,2.58532585191957,1.5332354520611399e-69,1.57412173078277e-67
Oas3,3.01149123564582,1.8222401593758e-69,1.86098673960674e-67
Ccl9,3.10933051992232,3.4717936347265e-69,3.52705150200173e-67
Zmynd15,2.99006731266899,1.00449870392953e-68,1.01517150265878e-66
Rab3il1,-2.06566398057244,3.46926471268241e-68,3.48795919610826e-66
Arid5a,2.74922741372374,3.68115361297942e-68,3.68191261372437e-66
Nrip1,1.05425133778899,4.10366449459874e-68,4.08346183862533e-66
Gm12185,2.90715732278683,5.6057184473567e-68,5.54966126288313e-66
Mlkl,1.23822970775811,8.171501838412341e-68,8.04872191231234e-66
Oas1b,3.56526788593485,1.1100939638097901e-67,1.0878920845336e-65
H2-Q6,4.30914276096643,1.9592807891763e-67,1.91044645392849e-65
Adora2a,4.25898172699051,7.804464054324331e-67,7.5718910255054604e-65
Fpr2,6.22298955900525,2.28014677588554e-66,2.20119243976533e-64
Ripk2,4.05641280823943,5.92020333668343e-66,5.68691215569333e-64
Coro2a,1.4354614439136,6.65551434274521e-66,6.36175370968611e-64
Icam1,5.36313619746041,1.12672466840255e-65,1.07171399341584e-63
Marcksl1,1.17447163214026,1.5868836151511601e-65,1.5020433984581998e-63
Gm16340,3.54725077205815,2.46125524479588e-65,2.31835906650579e-63
Rnf31,1.46682907496022,6.25845936123625e-65,5.86662538383711e-63
Csf3,6.81393711334416,1.58772568043962e-64,1.4811648607332001e-62
Isg15,5.72946773763148,2.0466621151607e-63,1.90016419533867e-61
Ccl8,3.1372023882917,3.34805179297367e-63,3.0935998567076703e-61
Cd84,-1.22689548108258,4.96267988312099e-63,4.5637839076815005e-61
Ifi203,5.13985395202521,2.61119807441262e-62,2.3899852564104901e-60
Irgm1,2.89848350713506,2.67419725844942e-62,2.4361560376973001e-60
Rnf19b,1.65052249568957,1.12396987597931e-61,1.0191360501636701e-59
Parp12,2.34853761813813,3.3302540227589605e-61,3.00559297942394e-59
Sp110,3.204829438097,1.40104413428251e-60,1.2586046472971201e-58
Vps54,0.926233161961975,1.4818374840613902e-60,1.32504951800587e-58
Pdxk,-0.997559278394023,2.54879717683707e-60,2.26866332198838e-58
Jade1,-1.68489115809129,9.0810561053941e-60,8.046064505436861e-58
Cd300a,-1.67874505979427,1.01062439163811e-59,8.91370713424814e-58
Tgtp2,8.64293258850821,6.47606810937536e-59,5.686046406982779e-57
Igsf6,2.21844366964875,8.37820724791572e-59,7.32300601074579e-57
Socs3,4.0453185249495,8.59012617110059e-59,7.47456539121237e-57
Bin2,-2.24963459221321,9.07399079712417e-59,7.86034452800881e-57
Ptprc,1.19969890104501,1.4726069127175302e-58,1.2699762015275998e-56
Tma16,1.20897028631895,2.29355681167942e-58,1.96921134397466e-56
Trim21,3.11042834534543,1.37378925617986e-57,1.17431747695656e-55
Tlr13,-1.39060337415856,2.10000433398726e-57,1.78721421476705e-55
Cnr2,-4.40699866454693,4.84750519047727e-57,4.1074668434943596e-55
Gm4841,4.59494252065773,7.81814664545342e-57,6.59579641340774e-55
Irf2,1.33974133356752,1.4662299085128799e-56,1.2316331231508201e-54
Gm26809,1.94403505934576,1.63842934420474e-56,1.37034840495469e-54
Dhx58,3.25410676856638,2.19464509171047e-56,1.82767782659012e-54
Hcls1,0.997306678496534,2.36877613327082e-56,1.96426205512765e-54
Gch1,2.88792867504499,8.92021002408362e-56,7.36543639605611e-54
Gm5431,3.85737226168823,2.7918088118443196e-55,2.29543466885709e-53
Tgtp1,6.66726263997715,3.0737028172251898e-55,2.51654554706488e-53
Il7r,-1.94380468141939,4.0376484787824295e-55,3.29187105387791e-53
Oas1a,3.01838869485957,1.00763277042644e-54,8.1807976055877e-53
Slc2a6,3.77153431848068,1.44512260456406e-54,1.16838162579005e-52
4930523C07Rik,2.09799156305287,1.6426859361597402e-54,1.3226007429561602e-52
Rhbdf2,1.53531093553027,2.33342031089022e-54,1.87097883109561e-52
Arhgap19,-1.95833972441845,4.3749200448252305e-54,3.49345467283081e-52
Nr3c2,2.46176779018533,1.0390453837300601e-53,8.2629658302861e-52
Tjp2,0.800944025242915,1.07310191746171e-53,8.498967186296771e-52
H2-T10,2.81768919885361,1.21974406353727e-53,9.62110317434029e-52
Clec2d,1.34727436648055,1.23453920064183e-53,9.69838001994094e-52
Ephb3,-1.95318626836406,1.40807986032704e-53,1.10170893587846e-51
Slc31a2,1.20067958131371,1.43659076411423e-53,1.11950229666155e-51
Plscr1,2.35612482563108,1.46704998290555e-53,1.13866551473197e-51
Oas2,3.83528903924922,2.77233944600169e-53,2.1432061597695998e-51
ENSMUSG00000093470,1.81864998860582,4.39289860895316e-53,3.38253192889393e-51
Psmb8,2.80232373500193,9.009179719895631e-53,6.90964914169387e-51
Psmb9,2.89980011237556,2.0287453167574e-52,1.54983362702207e-50
H2-Q7,3.55453374079079,2.2288465313620803e-52,1.69602110174705e-50
Stx11,3.75698567386177,2.6311203190273503e-52,1.99430697931276e-50
Arrdc4,1.76995100082056,4.06602501083608e-52,3.0699279887262e-50
Il23a,5.76065820233851,1.14765722280451e-51,8.63144990360412e-50
Slfn9,3.02043420372388,1.18776275669211e-51,8.89859016635275e-50
Fpr1,3.10704375383451,1.2849728260173999e-51,9.589851044631379e-50
Micall2,1.76679022616644,3.78188233344624e-51,2.81163390031382e-49
Ninl,1.11809037893909,4.21730745198991e-51,3.12338296940505e-49
Oasl2,5.28111394786675,7.36713541416571e-51,5.43543329188104e-49
Hivep1,1.81620283722359,2.46181326730011e-50,1.80943275146558e-48
Ell2,1.11681969089922,3.74144605181933e-50,2.73958562979254e-48
Tnfrsf1b,2.28984600099925,7.406831180388399e-50,5.40308842948332e-48
Serpina3g,3.85518322879484,1.06242058544101e-49,7.72105207486795e-48
Ifi204,2.96419233085832,1.8926731826401097e-49,1.37035188193838e-47
Aoah,2.04245065937744,2.1399174668327897e-49,1.54360440618675e-47
Traf2,1.0341806953419,2.7084797189757e-49,1.94649409137054e-47
Asic3,2.21848957242888,2.11920310165869e-48,1.5173807005382001e-46
Peli1,2.14577498079682,9.56259852704911e-48,6.82178903745812e-46
Oas1g,4.04368174879792,2.2263218002852303e-47,1.5766258471801e-45
Mtmr14,1.88901153533008,2.22626594335675e-47,1.5766258471801e-45
Csf2,7.57755704290436,3.2870121851412503e-47,2.3193157978356602e-45
Map3k8,2.68026524418715,8.070098581389481e-47,5.673630176568171e-45
Tenc1,-1.44973673174208,2.4255898497127203e-46,1.69913882468684e-44
Gm11131,2.16732037574233,3.64097908300559e-46,2.54135101174966e-44
Jak2,2.22272717838955,8.84111945448488e-46,6.148855981893361e-44
Gbp4,8.51628590397552,1.40399995675742e-45,9.72971970032889e-44
AW112010,8.27733585349898,2.29630903581155e-45,1.5856790224514998e-43
Ptgs2,2.18235579159302,2.34409857912533e-45,1.61293932018964e-43
Tnfaip8l2,-1.98538526736548,2.58845610185293e-45,1.77478453004785e-43
Aph1c,-1.90909471236778,3.54680513535085e-45,2.42331714247704e-43
Arhgap22,1.3773739739089,5.47241958624897e-45,3.72585367198509e-43
Bdkrb1,3.62153186601786,1.54860696136838e-44,1.05067026148224e-42
Wnt9a,-1.19245843819282,2.86278693965992e-44,1.9355232674969e-42
Isg20,1.60535302425883,3.3603578519090604e-44,2.2640411027237297e-42
Lat2,-1.18610592012454,3.66261589358321e-44,2.4591487473733096e-42
I830012O16Rik,4.77827133049042,3.6978489183309703e-44,2.4742434624584197e-42
Tdrd7,0.726720696240776,3.7567796364527603e-44,2.5050361534614896e-42
Cxcl16,3.20034044394722,6.6789474103346e-44,4.4382977928127596e-42
Nrp2,1.22946881575589,7.013932116105941e-44,4.62919519662992e-42
Themis2,1.31092243985185,6.995788985532031e-44,4.62919519662992e-42
Enpp4,1.9187333727005,4.1839144912278494e-43,2.75202294195882e-41
BC023105,5.53224255572101,4.21919413402872e-43,2.76585280326666e-41
C130026I21Rik,4.08607311653298,5.00795442593274e-43,3.27186355827605e-41
Eif2ak2,1.31157069058537,5.2613285727840494e-43,3.42586643041281e-41
Denr,1.11231374395582,5.39819260599896e-43,3.50322840557872e-41
Pik3ap1,0.832631036747688,1.04881197929494e-42,6.78371588207964e-41
Psmb10,2.28218352893049,1.1838874274252398e-42,7.63194406702968e-41
Lyl1,-3.57962123212225,1.44780710873437e-42,9.30240037678204e-41
Trim25,1.78219694303894,1.6338510740749597e-42,1.04631175714028e-40
Cxcl11,6.19386815261248,4.8661283540300794e-42,3.10599850597367e-40
Cd274,4.42339373592287,5.4683128913385694e-42,3.47892273257487e-40
Snx20,1.74048411781171,5.6195137832455395e-42,3.56343285784629e-40
Csrnp1,1.79336165956082,5.702954249699409e-42,3.60456430818135e-40
Zfp296,1.68093613068656,6.68336628537986e-42,4.2105207597893096e-40
Htr2b,-1.81608664998334,8.367459651843919e-42,5.25443971146859e-40
Runx2,-1.07299599145744,1.11937921697279e-41,7.0065917181097e-40
Coil,-0.847107277083971,1.18124381109059e-41,7.37004981041859e-40
Myo1e,-0.85203042988918,2.18819251642266e-41,1.36088742271363e-39
Zc3h7a,0.730559189158225,2.56286746877808e-41,1.58881406914281e-39
Cpeb4,1.20680767711628,3.6807329871714997e-41,2.27455232111707e-39
Agrn,1.80335656955801,4.61807077137402e-41,2.8447315951664e-39
Ptges,2.3402408958793,1.0736370401373099e-40,6.5926750401343e-39
Shisa3,4.02910619248761,1.2861003856544499e-40,7.87239491584822e-39
Igsf9,2.36417858157912,1.54616710493642e-40,9.43453663653656e-39
Zc3hav1,1.74289290107199,1.5610740228500098e-40,9.49563647002559e-39
Clic4,1.54151711615899,2.98158098218717e-40,1.80795616807374e-38
Klhl25,1.15790846987037,3.6267493218770396e-40,2.19231912279445e-38
Sec24b,0.733808619604897,5.65244764830666e-40,3.40621410458828e-38
Col27a1,1.78933389131193,8.21102505664241e-40,4.93271610523496e-38
Whamm,1.41607981869129,8.294102284186559e-40,4.96724570130729e-38
Traf3,1.17466200604155,9.18979835609921e-40,5.48673376313074e-38
Tlr1,2.64473145694632,1.66862972019279e-39,9.93192978239902e-38
Mov10,0.983961275272378,2.79253367242915e-39,1.6570741094744701e-37
Gm12505,1.87594867172441,4.39007040316848e-39,2.5971014055817502e-37
Slc4a7,1.31562634324509,9.6853219318136e-39,5.71227923297602e-37
Sdad1,0.70435892203101,9.82463024938551e-39,5.77688258663868e-37
St3gal1,1.29825574672789,1.08468321661419e-38,6.35866862090083e-37
Cish,2.23061726661201,1.17341664021064e-38,6.858125447785299e-37
Exoc3l4,2.49007892060129,1.50264837546587e-38,8.75597269595785e-37
Fam46a,2.53890430117359,1.77075823694545e-38,1.02873631226615e-36
H2-Q10,3.57517993823586,2.7202438950148e-38,1.57563022504081e-36
Pik3r5,2.22492284950885,4.19615760603756e-38,2.4232810174866897e-36
Rgs16,3.62592736494931,7.18732644323293e-38,4.13836446007394e-36
Rela,1.10642386888014,1.25958901744513e-37,7.23108440665839e-36
Mitd1,1.39148245728341,1.48960102635465e-37,8.52631808713442e-36
Gm20603,4.21896625530198,1.58068998492299e-37,9.02109072571931e-36
Ankrd17,0.453233269083344,1.7370573421468801e-37,9.88441661789384e-36
H2-Q5,3.91037667859078,2.60552098640134e-37,1.47829032807402e-35
Zeb2,0.763015698634985,2.66875398771581e-37,1.5097522559077998e-35
4933426M11Rik,0.682141836812647,2.76651056245671e-37,1.5605049695904102e-35
Olfr56,4.93832921151737,4.86136124778188e-37,2.73419865657854e-35
Mllt6,1.19863424712244,4.88244774082542e-37,2.7381218486409404e-35
Rel,1.95172804560964,6.55295780784588e-37,3.6643686830962997e-35
Pcgf5,1.23126412950762,9.07296143149684e-37,5.058958149907031e-35
Serpina3f,6.4209832005299,9.18819002607921e-37,5.108528345731841e-35
Meis2,-0.599315362902257,9.871324581369299e-37,5.472662347911141e-35
Lrig3,-0.910230049202472,1.3450675714195e-36,7.435809446103681e-35
N4bp1,0.689319728258671,1.40366432705182e-36,7.73769960287314e-35
Dusp2,4.29558308244701,1.7628980845123797e-36,9.690446014696381e-35
Vegfc,1.58073717594931,2.08270738824388e-36,1.1416060497594399e-34
Psd,2.01214972579946,2.3297216129748498e-36,1.27340614586377e-34
Plek,1.86805367908684,2.35165028876945e-36,1.28178152256411e-34
Trim47,1.37984896675925,2.7070637415314497e-36,1.4713687630441498e-34
Lbp,2.95329545525061,3.5963836082798895e-36,1.94928009874478e-34
Ralb,1.17238151551422,4.2537520990805696e-36,2.29915893399887e-34
Myd88,1.31871293056686,5.5381549334395594e-36,2.98506550912392e-34
Syk,1.40583248712439,5.65486421111669e-36,3.0395286745847097e-34
Maff,1.10394322915219,6.54239900391901e-36,3.50687044950399e-34
Aim2,1.46357320640726,6.65387102569912e-36,3.55679651191917e-34
Arrb1,-0.783805242637451,8.015467586515529e-36,4.27286079804251e-34
Psme2,1.63641389827654,8.17615885152974e-36,4.34658044808447e-34
Sh3bp5,1.10025523406729,1.2034429386820401e-35,6.38022043229133e-34
Ldb1,-0.666900165463621,1.21462016891376e-35,6.42193181406067e-34
Ms4a4c,4.53090437144482,1.46856511416419e-35,7.7434884443592e-34
Mxd1,1.19180940724956,1.4743940322476702e-35,7.75315495981943e-34
Pxn,0.974837894285192,1.9477651907643101e-35,1.02147123679975e-33
Papd7,0.953237637694331,2.3590977914076e-35,1.23385265618526e-33
Trim12a,1.6394133358308,4.8090828127182705e-35,2.50847964779531e-33
Tapbp,1.71498579749819,5.51294991735924e-35,2.86791635915385e-33
St5,1.49954281007532,7.778381557161471e-35,4.03560737259789e-33
Sod2,1.73193873435875,1.80005321799755e-34,9.31419537120652e-33
Ifngr1,1.04489893401731,1.81677950512328e-34,9.37574189292877e-33
Vezf1,0.459795063395416,2.02604195993075e-34,1.04279358595481e-32
Nfkbid,2.32350423835335,2.36798951807529e-34,1.21556795261198e-32
Gnb4,0.825566800407837,3.14361623856334e-34,1.60946515812884e-32
Cerk,-1.08244055136573,3.37579192825066e-34,1.72378596252042e-32
Fam105a,-1.75603579410163,3.43764501067037e-34,1.75076282905638e-32
Tap2,1.43016893317512,3.65337548305789e-34,1.85576172443077e-32
Slc11a2,1.57759510030753,4.9696860266863e-34,2.51780124443397e-32
Zufsp,1.78452580726427,7.2193394662876895e-34,3.6480224740585004e-32
Trp53,0.671076793951215,8.45289262359836e-34,4.26025788229357e-32
Camkk2,1.53754321360755,9.57469174799949e-34,4.81314297093736e-32
Usp25,0.771220952331726,1.55635885991437e-33,7.80351093482649e-32
Znrf1,1.14019451801196,2.05481838269705e-33,1.0276210282952e-31
Klhl6,-2.65668676399561,2.5997177136867e-33,1.29678464052382e-31
Usp31,0.656918499645653,3.3921414934653e-33,1.6877208599795e-31
Ctsc,1.66786021731069,3.6018551959453e-33,1.7874782153995602e-31
Lcn2,6.85801743048149,4.12067313726382e-33,2.0397332029455904e-31
Hdc,3.45982132956662,5.1135597298322e-33,2.52477132309578e-31
Slfn3,1.67941000609239,5.61579220861959e-33,2.7657063963465603e-31
Gbp9,4.43954051394103,7.27374696345885e-33,3.57315914123938e-31
Gm6548,1.10371518410507,1.12591798903436e-32,5.516998146268371e-31
Rrad,1.64136981541964,1.2673083221482002e-32,6.19416893777423e-31
Socs7,0.713989707474703,1.32725045255397e-32,6.4708461762204305e-31
Rxra,-0.670073144752605,2.03120592391499e-32,9.878075124723421e-31
Mmp9,2.72835226773474,2.10000229417699e-32,1.0187111129052599e-30
Heatr9,6.75173804023168,2.38242100049955e-32,1.15283035146367e-30
Pnkd,0.898529665522927,2.62930766303965e-32,1.2691314898910799e-30
Gm15987,2.48183164017305,2.71263339295171e-32,1.3061026887552099e-30
Tnfsf15,5.43502278665989,3.76591395130987e-32,1.80875728493111e-30
Gfra2,2.06312816017407,8.6295806800196e-32,4.1345279880271694e-30
Lrrc16a,0.879028275655157,1.02855517260699e-31,4.9157843766665096e-30
Sbno2,0.965904315177071,1.1715126462247502e-31,5.585265697136389e-30
Ddhd1,1.43758156435467,1.53238413371206e-31,7.28783865944823e-30
Csf1,2.61627644483241,2.6554759976186e-31,1.2598253363763199e-29
Slco5a1,2.46999662765934,2.8207914945722404e-31,1.33499117465073e-29
Ch25h,3.25257505092517,3.0719466814400996e-31,1.45031760113537e-29
Tmem132e,3.6771377943168,3.3473971106611203e-31,1.57652654211816e-29
Arhgap9,-1.5523187908101,3.5226196224275704e-31,1.65503416836766e-29
Gna13,0.991526303226386,4.6267010837204e-31,2.16851468184808e-29
Ier3,1.97158132613443,6.8523923608451e-31,3.19624570600573e-29
Ubd,7.76178898563476,6.851576065146451e-31,3.19624570600573e-29
Ebf3,-1.02772795727588,1.17259784367123e-30,5.44332262167382e-29
Mitf,0.991932696907698,1.1724077576165199e-30,5.44332262167382e-29
Slc6a4,2.05453046075423,2.0928506715251598e-30,9.69204640340674e-29
ENSMUSG00000085685,1.43722263322743,2.82973256419285e-30,1.3073364446571e-28
Pfkfb4,-0.833821053613089,3.2372527543852595e-30,1.49205825287628e-28
Rab8b,1.16906243065731,3.29168273686103e-30,1.5135500432713598e-28
Rasgef1a,1.19154595356274,3.45630405322704e-30,1.58548756143777e-28
Phf11c,2.32332864817484,4.23730969647005e-30,1.9391688054317198e-28
Pik3r6,1.91318655142536,5.467510477203679e-30,2.4962723129331797e-28
Batf2,5.1826030402089,6.617965059193929e-30,3.0144364790751e-28
Vcam1,2.71093781003689,1.06976875953371e-29,4.86130983840567e-28
Zbtb7c,3.95514438168877,1.09912152669483e-29,4.98302665980994e-28
Pagr1a,-0.805871663928475,1.20833578834683e-29,5.46539571959949e-28
Stard5,1.1466308039977,1.4122790730254e-29,6.37299142627555e-28
Spi1,1.07138322801484,1.68424323806467e-29,7.5826115525306e-28
Lcp1,1.41716824635836,1.87070863735634e-29,8.40259962945888e-28
Parp4,0.649733242277518,2.45685996043332e-29,1.10099100859695e-27
Tnfsf10,3.89910556781685,3.29778650118388e-29,1.47442970665834e-27
Gm6377,1.95969030044808,3.66729547071492e-29,1.63586669686787e-27
Usp12,1.12564931834056,3.85726600322733e-29,1.71666031024365e-27
Gpr68,2.30221721495761,3.98544897466498e-29,1.7696487849977e-27
Usp43,4.5679286892867,8.96280388244986e-29,3.97064489806066e-27
Ms4a6d,1.0106821310954,1.13079889183044e-28,4.99818261892432e-27
Casp7,1.28262248278104,1.41213939746024e-28,6.22753474279966e-27
Ccl2,4.68361259935995,1.58530129159952e-28,6.97532568303787e-27
Fam208b,1.12334430854392,1.84120372404039e-28,8.08296766092301e-27
1700017B05Rik,-0.831038231279127,2.12848317343886e-28,9.32304458180758e-27
Adtrp,3.05233013110908,2.18832461965044e-28,9.5635700269588e-27
Stxbp3a,0.749332041046009,2.2123702635859e-28,9.64692867294847e-27
Aebp2,0.771546119496753,2.24651735951674e-28,9.77386162422933e-27
Lfng,-2.49349558572446,2.3716517103482798e-28,1.0295196820491699e-26
Ogfr,0.964746064631456,2.38817158444786e-28,1.03437681751398e-26
Parp11,0.928119973158006,2.83965440662719e-28,1.22718606027158e-26
Ikbke,2.21301116376361,3.08704816766714e-28,1.33113516989807e-26
Pstpip2,2.32866265909109,3.37864671747857e-28,1.45364214869078e-26
Zfp36,1.72580554372728,4.61778002841899e-28,1.98237618742128e-26
Setdb2,1.92316384908964,5.26401374875805e-28,2.25481065741504e-26
Mbnl1,-0.493512992758872,6.097629602816569e-28,2.60613226460468e-26
Lpar3,3.09341274827068,6.77648728213398e-28,2.88991119170391e-26
Rbm43,1.12451377291403,1.00151629802188e-27,4.26171540500362e-26
Slc22a21,1.03842629073844,1.07600975957648e-27,4.5686856400048e-26
Mfhas1,1.79718535763971,1.15133781918177e-27,4.87785131952033e-26
Tapbpl,1.32710912314868,1.42668264261759e-27,6.03123093624219e-26
Lad1,4.63603921914061,1.44852222641739e-27,6.11024462639198e-26
Med13,0.576558420464072,2.12993329875467e-27,8.96512488699253e-26
Gm5345,2.08853440281909,2.19378496660856e-27,9.21389685975594e-26
Ep400,0.706473651164709,2.46058976593181e-27,1.0312156332211901e-25
Usb1,0.931494072659607,3.33453026037267e-27,1.3944660597472301e-25
Zhx2,1.46836421720661,3.81403272098018e-27,1.59155894447096e-25
Cflar,1.61267506778306,4.10520068971603e-27,1.70938442453326e-25
Dhrs3,-1.26552690654846,4.68392606285216e-27,1.9461863238454701e-25
E230013L22Rik,2.07852224234781,5.85603360086904e-27,2.42800162374493e-25
P2ry6,-1.4552375445869,6.1264438789935e-27,2.5347018556074603e-25
Nr4a3,1.85607111416853,6.14507032630765e-27,2.5369988215249704e-25
Mapkapk2,1.15091615448597,6.60844894339239e-27,2.7225125965517202e-25
Chst15,1.76811407001585,1.91072063499067e-26,7.855004915542151e-25
Zfp395,-1.53657834572378,2.19034275606363e-26,8.98549912022383e-25
Gm12216,4.28912704199059,2.28130858531257e-26,9.33892653784916e-25
Ednra,-1.29419086598965,2.4224613846708399e-26,9.89588225434801e-25
Gm16712,2.57892677447858,2.6641351453248297e-26,1.08602685630006e-24
Tgif1,0.684144507748824,2.72348809614838e-26,1.10789440288602e-24
Wnt16,-1.33780538571566,2.8830479119166897e-26,1.1703485707705301e-24
Ube2f,0.798178328399671,3.39009739507217e-26,1.37330793014573e-24
Rhog,1.03493619029894,3.79513837428298e-26,1.53418468780389e-24
Rap2a,-0.57765660469496,4.25303270151436e-26,1.7157140652845e-24
5730508B09Rik,1.45590218374325,4.5090090572097697e-26,1.81520356319706e-24
Pydc4,3.19688076091644,7.35539407396013e-26,2.9549496192779003e-24
Ninj1,0.906178650016743,9.40228553896718e-26,3.76946174789502e-24
Nipal1,1.15448389517447,1.0028582500797e-25,4.01226009990648e-24
Pdzrn3,-0.925750154595884,1.0686158838531401e-25,4.26654786219882e-24
Socs1,2.78583108272196,1.23256657549387e-25,4.91103117677271e-24
Elmod2,0.548717507477169,1.28566772906835e-25,5.11210996205783e-24
AI467606,-2.65995371964911,1.9598642334108102e-25,7.776933657485361e-24
Ifi44,4.79655468677335,2.03767008371244e-25,8.06917353150127e-24
Foxp4,1.18288626695521,2.5561063006859903e-25,1.01015655108983e-23
Dram1,1.84768658720038,2.89712742003476e-25,1.14259878980395e-23
6430548M08Rik,-1.29563650249816,3.20328928829148e-25,1.26078347565939e-23
Gm26584,4.05657882215924,4.40138575286181e-25,1.72883581272329e-23
Slc25a37,1.03200529329148,4.67552953404729e-25,1.8328075773465402e-23
Kctd12,1.4987744030616,5.334346219790861e-25,2.0868478638875402e-23
Kcnab2,-1.0786279044846,5.6734107756925005e-25,2.21502741834079e-23
Kctd7,-0.948251056117656,5.849274230607241e-25,2.27910275443179e-23
Mettl7a1,-0.901730128294076,6.90563359811967e-25,2.68530890456741e-23
Fnbp1l,1.28414773153173,7.17847136607064e-25,2.7858211677447e-23
Plscr2,1.60861391047594,8.208272108948341e-25,3.17910802399269e-23
A630001G21Rik,1.16719662437536,1.02244258109108e-24,3.95208682141263e-23
Gypc,1.05186373498926,1.04151101630564e-24,4.0177892167782605e-23
Gadd45b,2.3666514220814,1.3583984295016501e-24,5.22983395358136e-23
Zfp281,0.800507096969752,1.60278478090292e-24,6.158502156166391e-23
Tmem2,0.697040782195496,2.1549780239192e-24,8.26387224824666e-23
Stk40,1.09390528944323,2.7110131594023802e-24,1.03756408964583e-22
C1s1,0.884442607158513,2.98794446677188e-24,1.1413006778197198e-22
Hpgds,-0.943551213772191,2.9976845144527902e-24,1.1427715190263599e-22
Nfkbib,1.7977472158096,3.7929837932089e-24,1.44311877496913e-22
Vav1,-1.33002678890574,4.3272007265905704e-24,1.64315074165878e-22
Spire1,0.581377834782224,4.36307283315152e-24,1.65353643075141e-22
Susd3,-2.6788047888186,4.69953810423337e-24,1.7775796759170399e-22
Intu,0.757324577752053,5.6252175820568006e-24,2.12357435724183e-22
Fbxo21,-0.582327253392904,5.64101065365777e-24,2.1254013732733097e-22
Rnf135,1.23747360504198,5.8855547799821e-24,2.21324234400722e-22
Hoxa3,-1.590730269294,6.1661387168956e-24,2.31426993544763e-22
Gsap,2.30689411311311,6.2909825039035405e-24,2.35656804065143e-22
Stard9,-1.03570222252761,8.26022522479516e-24,3.0882738008078097e-22
Nfe2l2,0.963740883271601,1.11845829158796e-23,4.17357013268707e-22
Emr1,0.602579507791701,1.2549778633037801e-23,4.6740096851337e-22
B3gnt8,-2.5587052680527,1.2834659231840101e-23,4.77095263859435e-22
Hap1,2.64061131419998,1.5795172880496202e-23,5.8602205463317195e-22
Ccdc93,0.585315857216255,1.59356311409739e-23,5.901049363730109e-22
Traf3ip3,-2.69877287558279,1.97013535578201e-23,7.28162027497032e-22
Abtb2,0.924793967035708,2.1941972772138502e-23,8.09433535495391e-22
Ifnar2,1.03198523111993,2.2484664484120102e-23,8.278793731496509e-22
Npy1r,-1.14763210087979,2.5248899846034302e-23,9.27897069341761e-22
Tef,-0.812759721889911,2.59087880474353e-23,9.503480591161319e-22
Cyp7b1,2.01515696438752,3.51068390919399e-23,1.2853077466792501e-21
Fyb,0.816649312005761,3.8090935649677904e-23,1.39193317391026e-21
Sppl2a,0.684264874633634,3.90816769642948e-23,1.42545274401349e-21
Creg2,-2.13948230237167,4.35288149084446e-23,1.5846775318639e-21
Nbeal2,-0.967946917728296,5.1052917391662995e-23,1.85511387465886e-21
Birc2,1.29836924907514,6.09206567893391e-23,2.20954098007539e-21
Zfp362,-0.722900674592038,8.46576714119001e-23,3.06473405984424e-21
Pfkfb3,1.19890961830145,8.70184998207213e-23,3.14433327843813e-21
Sema6d,-1.3735004779724,8.796663320079451e-23,3.17268503834241e-21
Alpk1,1.12305582969491,9.029618391947511e-23,3.2506626211011004e-21
Gm53,-0.585808834494907,9.648812086359099e-23,3.46713980969837e-21
Dse,0.814139093697445,9.746620371777721e-23,3.49581186125647e-21
Ets2,1.6695947797726,9.9432859170981e-23,3.55976974050501e-21
Dusp1,-0.798598294705072,1.4702799649286099e-22,5.25401702384435e-21
Bst2,1.08312099121099,1.59259745507865e-22,5.68065459896069e-21
D630003M21Rik,2.63403441143889,1.97057096765828e-22,7.01595579017271e-21
Plk2,1.62658495672717,2.17567529310931e-22,7.73201527243463e-21
Plxnd1,1.57144608576897,2.42658443586282e-22,8.60794230228193e-21
Oacyl,1.86515771020063,2.47022469098771e-22,8.74675910655574e-21
Prex1,0.616480983656022,2.5192787062027e-22,8.904204738644311e-21
Zfp503,-1.78145475727703,3.1082064217567897e-22,1.0965752255958e-20
Tnfsf4,4.43410227236224,3.57399607297446e-22,1.25861741923768e-20
Rasa3,-0.832154906928337,4.54592993666808e-22,1.59799319730267e-20
Gm11419,3.5719343191442,5.1518934286398095e-22,1.80772766888475e-20
Tacc2,-0.484814036691469,5.470369071647119e-22,1.9160115788130103e-20
Gm17017,2.94719527660611,5.78500623095215e-22,2.02256325955668e-20
Tmem171,1.85160031772893,7.11942689169167e-22,2.4846287663018902e-20
Cep85l,1.06729598949694,7.21684879679444e-22,2.5141065359604903e-20
D130040H23Rik,1.32285489568581,7.266863876835929e-22,2.52699330942875e-20
Il18bp,1.56596534117794,7.282261536238179e-22,2.5278175822748803e-20
Arl5c,1.20390812327975,7.55273514333876e-22,2.61702272716688e-20
Ptpn7,-1.54259456386298,8.153484057722059e-22,2.82014625055328e-20
Rab30,0.983634614869748,8.67412857150345e-22,2.99488951604009e-20
Arap3,-0.715864620130433,1.02892970144821e-21,3.54624368150996e-20
Ampd3,1.63704610349485,1.0396014196832e-21,3.57667126729306e-20
Rap1b,0.830691954330883,1.09780504334298e-21,3.77023169221719e-20
A230050P20Rik,1.64216832915538,1.1836367155568001e-21,4.0578245280325504e-20
Rgs9,1.43054303494539,1.3520595667334e-21,4.6270482950432e-20
Ppp1r3c,-2.74063421240288,1.76777957490231e-21,6.039083604120481e-20
Ablim2,1.94756825014755,1.85663999188158e-21,6.33150130096136e-20
Nfxl1,0.711778898188945,1.93868298218696e-21,6.599685015150131e-20
Nub1,0.993865575518638,2.54184825036388e-21,8.63783247811922e-20
Casp8,0.702091441692535,2.64310410181749e-21,8.966222376165491e-20
Fam49a,1.51402836181389,2.80214931930081e-21,9.48916324462703e-20
Rnf19a,0.697294609294583,2.96373889791244e-21,1.0018883201235701e-19
Rasgef1b,3.37356381037147,3.35515531926271e-21,1.13223363156476e-19
Rfx5,0.976197416696685,3.71308198556051e-21,1.2508444938857e-19
Adcy7,-0.819092734062814,4.06152587297926e-21,1.3658552519807601e-19
Ptch1,1.03022151228234,4.13133193865863e-21,1.38692672902651e-19
Gpsm1,-1.02753428484954,4.44655970503024e-21,1.49017348042153e-19
Gm16098,2.94662343476361,4.98669960582247e-21,1.6683089508858501e-19
Klhl22,-0.413268363788511,6.82310047443088e-21,2.27875114640029e-19
Slc30a7,0.497599983608558,6.99361274490383e-21,2.33168490897103e-19
Kynu,2.03641805375905,7.8846150354351e-21,2.6242379099070803e-19
Cd86,1.58739704057757,9.56225928427554e-21,3.17715888959046e-19
Src,0.9190961088659,1.07116669638857e-20,3.55297753448271e-19
Mfsd12,-1.27176100302535,1.14637152933418e-20,3.79593739849835e-19
B4galt5,1.13181442081126,1.21253810704899e-20,4.00819240701508e-19
Pglyrp3,4.81202014227955,1.2673961892321401e-20,4.1824074244660503e-19
Cyp26b1,1.1685455391744,1.2985313901728e-20,4.27787828436553e-19
Col18a1,1.37236130936743,1.3289960343893701e-20,4.37082017818499e-19
Trim56,1.36745424908704,1.44714811499361e-20,4.7513472120703905e-19
Gm26778,1.65554795113414,1.4626314655986602e-20,4.79407110785074e-19
Atxn1,1.06317601021376,1.5915083728232e-20,5.20769451370342e-19
Lrrc55,2.4661832555806,1.66055539147285e-20,5.424480945477981e-19
A530040E14Rik,1.37540873215864,2.0891085079348702e-20,6.81295151058289e-19
Pdgfb,2.10735149185569,2.3624312202801903e-20,7.69137842253638e-19
H2-D1,0.801566954214202,2.5650861143945e-20,8.33717436578071e-19
Vangl1,-0.534922197138955,2.6924445046068802e-20,8.73648715173778e-19
Hoxa2,-0.999979001879178,2.99284212065823e-20,9.69500976782174e-19
AW011738,2.34216121738303,4.11465947153349e-20,1.3284667618242199e-18
Hdac11,-0.744819234843875,4.10996282558425e-20,1.3284667618242199e-18
Zswim4,1.31948163388384,4.78133003423161e-20,1.54114498312675e-18
Cilp2,2.61751293492141,4.8760099093343504e-20,1.56905632306341e-18
Mrgpre,-1.25155774598548,5.0041266486286004e-20,1.60761711076141e-18
Prdm1,2.23096939148853,5.05813253840131e-20,1.6222810541345299e-18
Myo10,0.875769028776956,5.5158882919491e-20,1.7661765085310298e-18
Adrbk2,1.96584695691515,6.31401564535349e-20,2.01840460597099e-18
Ptpn2,1.14351294509815,7.105191285900161e-20,2.26758440315143e-18
Ccl20,6.08662371796076,7.25413956986001e-20,2.31131895260367e-18
Rbpj,1.26592296663997,7.96336993996978e-20,2.5331349231995698e-18
Zbed3,-0.539989225047668,8.62683006551563e-20,2.73968920771302e-18
Pla2g16,1.16320447403058,9.87026993453499e-20,3.12945617336139e-18
Kcnk10,3.50535980500994,1.01156598367599e-19,3.20202713658221e-18
Gm14446,4.14139983298974,1.06619716255661e-19,3.36946087007305e-18
Cd14,2.51575046180559,1.1228336366124702e-19,3.54267705444363e-18
Il10ra,1.04543149046562,1.21429921764643e-19,3.82504253558624e-18
Slc43a3,1.58679041966272,1.5429076362667998e-19,4.85228197311522e-18
Cxcr4,-4.75466604554963,1.5542924134833999e-19,4.88017637398574e-18
Polm,-0.75763456503073,1.5702246561247102e-19,4.92223573949013e-18
Pnpla3,2.25676893757063,1.65330254148145e-19,5.17430363143647e-18
Sik1,1.75288619936762,1.8673134641727401e-19,5.8346780126904895e-18
Kmt2a,0.58275400282951,1.92491610230446e-19,6.00499550628871e-18
4930512H18Rik,4.44363123175977,1.98842364167068e-19,6.1931576794507e-18
Tank,1.20073255851407,2.32023287653854e-19,7.21503184877465e-18
Gm19684,4.83662685809254,2.56294476634727e-19,7.95702083939239e-18
Ncf4,0.875656961334696,2.6771410628803104e-19,8.29828197829546e-18
Zbtb5,1.03581731131403,2.81146607790908e-19,8.7007476516344e-18
Clic5,1.80503528889961,3.08239243456742e-19,9.52400363062837e-18
Fam78a,-2.90222835702597,3.3141373897138703e-19,1.02237713688407e-17
G3bp1,0.452457173257962,3.45077092472326e-19,1.06283744481476e-17
Gm10425,1.71820815671683,3.96121771399501e-19,1.21812152967289e-17
Pawr,1.22923568600424,4.23044660249861e-19,1.29885420688106e-17
H2-K2,3.43875804965455,4.3028585235837304e-19,1.31899947538102e-17
Tifab,-3.20079074983061,4.61707167150049e-19,1.4130860995866802e-17
Vwa5a,0.469623593033359,4.89497921041495e-19,1.4957823086439602e-17
Gm10521,-1.99960002893337,4.92589050408619e-19,1.50286131039762e-17
Selp,3.0915018788138,5.239544451449871e-19,1.59604584828781e-17
Otud5,0.520109075356913,5.26457491002803e-19,1.60115692091197e-17
Lpar5,-3.34507847953025,6.2001265682731205e-19,1.8827426593235e-17
Cd74,3.30704822509368,6.35127778171735e-19,1.9256280324444302e-17
Natd1,-0.494048061041464,6.93560840347794e-19,2.09950928956452e-17
Ereg,1.68984866937313,7.12381711921096e-19,2.15312379098395e-17
1110038F14Rik,1.05928250908018,7.481181183134381e-19,2.25761803542052e-17
Mfsd7a,1.30005783958782,7.97830385881335e-19,2.40389764093811e-17
Cabyr,1.75228613837762,9.379530313287081e-19,2.82171172401585e-17
Mkl2,-0.387038950496898,9.82209677814398e-19,2.9502781096456e-17
Parp3,0.65988438144127,9.87732435895714e-19,2.96228132706653e-17
Tbrg1,0.327546854062268,1.05288666844669e-18,3.15281063495981e-17
Cnot4,0.416290224834007,1.12985819196224e-18,3.37808449257864e-17
Batf,2.917398297617,1.1532209560219299e-18,3.44263068163838e-17
Taf4b,0.722753104015904,1.19316020943781e-18,3.5563872049049504e-17
Tbc1d23,0.464696297688936,1.22050744577002e-18,3.63232001192046e-17
Camkk1,-1.27335326726063,1.2307820914116299e-18,3.65728877515335e-17
Pnpla7,-0.459518128643603,1.2412605490234699e-18,3.68278588581826e-17
Syt7,2.61441226964671,1.25919497639381e-18,3.73029302625123e-17
Clec4d,0.853774386263207,1.31758212290659e-18,3.89731151110967e-17
Slamf8,2.60925254258025,1.40269470270296e-18,4.14275312195558e-17
Fmnl2,1.1525257827944,1.64984621249772e-18,4.86529117132307e-17
Dusp16,1.10152362628767,1.80652273065384e-18,5.3192362770268604e-17
Cgn,2.48612195031777,2.0140729767981e-18,5.92137455178642e-17
Inf2,1.01588396465191,2.4063717979911398e-18,7.064030010320731e-17
Zfp36l1,1.24262836833601,2.55157299305306e-18,7.47896108114827e-17
Cptp,0.591466374294254,2.56337261582046e-18,7.50221451544196e-17
Slamf9,1.70156679122776,3.1619662814067e-18,9.24017977777343e-17
Abracl,0.457926191859266,3.2895716854117797e-18,9.59862390732784e-17
Ube2z,0.31978573888526,3.3116602830114797e-18,9.64856698671994e-17
Fam177a,0.586369792461227,3.3305824281281597e-18,9.689148640989311e-17
Gm20496,3.35397278311811,3.36218074567162e-18,9.766430417516781e-17
Ptx3,4.1764997847755,4.5180097271298396e-18,1.31042542220071e-16
Metrnl,-0.618671452977498,4.5864916626763696e-18,1.32830274959063e-16
Hk2,1.12817497074374,4.77466330623277e-18,1.38073870035977e-16
Ccdc88b,1.362828202019,4.94668309885262e-18,1.42825983560097e-16
Mtmr7,1.29950101983063,4.95371505544965e-18,1.42825983560097e-16
Gm14636,2.53872609709197,6.34226646091873e-18,1.8258952286004002e-16
Map3k9,-1.16772347260277,6.51381466457587e-18,1.87250458891008e-16
Cd47,1.34916422933464,7.00592211630379e-18,2.01098983350235e-16
Fbxw17,0.693797141257287,7.1777631837188e-18,2.05727203569985e-16
Wdfy4,-0.751894237456745,7.231892370345959e-18,2.0697291969645003e-16
Szrd1,0.472618126089053,7.491998203143369e-18,2.14101227001169e-16
Nck1,0.970778179004859,8.26676874578924e-18,2.35894677563668e-16
Pogk,0.609074221190653,8.28763682358686e-18,2.36142885352246e-16
Lacc1,1.00868549165466,8.45258697028923e-18,2.4048973250952e-16
Klf8,1.16794118640668,8.49765352444405e-18,2.41417963379667e-16
Map4k4,0.688767663267476,8.90891970757607e-18,2.52731985388605e-16
Tslp,2.73751247821984,9.092937986963889e-18,2.57575720728536e-16
1700084C06Rik,2.01836129455438,1.10618122169921e-17,3.12891259852062e-16
Arel1,0.998810267890595,1.1274331480766301e-17,3.1843832322094497e-16
Vasp,0.521873699924712,1.42461944077657e-17,4.01792378325997e-16
Dact1,-0.976287465118288,1.45436211453604e-17,4.09585522067596e-16
Hes1,-1.4619072000085,1.47939303809556e-17,4.16031050887048e-16
Spata13,1.78835872494024,1.4853424371238e-17,4.17099633139656e-16
Ccdc50,0.610747832790561,1.5788828151442302e-17,4.42726042558651e-16
Tra2a,0.482360845530692,1.58697557151928e-17,4.44353160025399e-16
Igf2bp2,0.378437358157117,1.88054712871237e-17,5.25794473854969e-16
Zeb1,0.644363803268951,1.88501070703503e-17,5.26284140421695e-16
Ralgapa2,1.15478510242238,1.89116566959814e-17,5.27243946162101e-16
Slc26a11,-0.662067632420157,1.9010792376726502e-17,5.292473676872319e-16
Mcoln2,1.49022495794684,2.33572063704212e-17,6.493169518791601e-16
Trim30b,2.57759776289553,2.35952239132593e-17,6.54995314467644e-16
Zfyve28,-1.78007439866639,2.76418177426511e-17,7.66231187826287e-16
Ifngr2,0.616345844696548,3.26952015303366e-17,9.05018103416049e-16
Fbxl20,-0.344080612869115,3.30527343376635e-17,9.13611477333365e-16
Prickle2,-1.00543454243877,3.4340755025278e-17,9.478634573406749e-16
Trim36,1.25048855890668,3.6221783307705504e-17,9.98362902418634e-16
Phlpp1,-0.486824296477041,3.6771883174113e-17,1.0120874058304801e-15
Gm7592,2.31315383748661,3.84879507553562e-17,1.05781897515146e-15
Sh2d3c,-1.67412881565872,3.99947703500965e-17,1.0976782515887902e-15
Ctdsp2,-0.596008866936802,4.03664623838073e-17,1.1063147402477401e-15
Slc38a2,-0.545392667017901,4.30783405120767e-17,1.1789733699525201e-15
Phtf2,0.524618582197326,4.64954818210129e-17,1.27070187219005e-15
Cdan1,-0.517589176711165,4.6619699754204105e-17,1.2723047173425802e-15
Aim1,1.76842557711928,5.23670512046635e-17,1.4271492437855201e-15
Inpp5k,-0.367135408443989,6.707688920377491e-17,1.82546978697061e-15
Pfkfb2,-0.454063436490828,7.35238143649453e-17,1.9981177786238103e-15
2410002F23Rik,0.489062279391714,8.0587660082248e-17,2.1870251136167e-15
H2-M3,1.39204247231696,8.11242480621248e-17,2.1985124432925503e-15
Hmgcl,-0.614345476604031,8.478305875154231e-17,2.29446369876559e-15
9330175E14Rik,1.82609046838957,9.58525001534641e-17,2.59042049161256e-15
Mmadhc,0.321631010934693,1.00718949604644e-16,2.71815090143048e-15
Akna,1.42065843323078,1.08131353333455e-16,2.9141399723366104e-15
Sema4a,2.279647079574,1.18476404472539e-16,3.18851061357163e-15
Madcam1,3.91144553305736,1.31269927441023e-16,3.5279247535534802e-15
Arhgap25,-1.87723412762655,1.43909018275607e-16,3.862255312060691e-15
Il1rn,2.34432658216383,1.60260111601689e-16,4.2951480739215206e-15
Il27ra,1.56427758747495,1.67839251993359e-16,4.48588546236797e-15
Sema4d,0.533229048057838,1.67778292942491e-16,4.48588546236797e-15
Trim26,0.834386054509385,1.6908691249239799e-16,4.51301574965954e-15
Slitrk5,-0.893987296731081,1.77849324406156e-16,4.74036853128716e-15
Abi1,0.446808173151598,1.97064571917374e-16,5.24532366733159e-15
Prr5l,1.54017307462907,2.10468944836425e-16,5.59443754192602e-15
Gabpb1,0.513856559646104,2.16716319675608e-16,5.752617601895351e-15
Phf11a,3.81099121869152,2.44285650683395e-16,6.475572084509021e-15
Lancl2,0.590215122171563,2.61170554698905e-16,6.913715475276331e-15
Gata3,1.84332715245256,2.68080284594582e-16,7.086961637974491e-15
Rapgef2,0.902421952277328,2.875766784368e-16,7.592024310731511e-15
Tyrobp,-0.550096318130025,2.90499431797435e-16,7.65876491113782e-15
Ccdc25,0.911184087611856,3.18685569692912e-16,8.390467834899961e-15
Cebpd,2.7083142996443,3.912997512995e-16,1.02883202902649e-14
Tet1,-1.09103375121509,3.93605496920633e-16,1.03349405443139e-14
Orai2,0.881490633296126,4.53277248687418e-16,1.1885664504771201e-14
Rbbp8,0.686884970207223,4.554256097852501e-16,1.1925881959882601e-14
Cnst,-0.449224576812473,4.73171688885532e-16,1.23738860527424e-14
Serpina3i,4.2865274041004,4.967335754132001e-16,1.2972568367857e-14
Tspan33,1.34648855201916,5.00373729751212e-16,1.30500696936727e-14
ENSMUSG00000078821,0.868835914826118,5.23055715830461e-16,1.36233196107037e-14
Irak2,0.687350450245533,6.06788001241291e-16,1.57829951422065e-14
Skil,0.879945140955228,6.87991370476336e-16,1.7871197527072e-14
Zfp800,0.980990823717917,7.75589318102672e-16,2.01196993696046e-14
Foxn2,0.51844836115842,7.844522213463219e-16,2.03224444632898e-14
Otud4,0.458465384813758,8.48919618219287e-16,2.19632483625694e-14
Zadh2,-0.358543083354348,9.22554394792984e-16,2.38365452417617e-14
AU020206,1.54334544111502,1.03277396191269e-15,2.66488643044598e-14
Nhsl1,-0.985062868255075,1.09848843182197e-15,2.83068652471097e-14
Hs6st1,0.577520170739355,1.13457594867447e-15,2.91980261380363e-14
Ino80,0.452428125776851,1.15859905735699e-15,2.97767630582185e-14
Sertad2,0.580179122141757,1.20073719868678e-15,3.08189214329606e-14
Urb1,0.545233033704338,1.2060328005442001e-15,3.0913950411835804e-14
Klhl24,-0.355872571155516,1.58065052813305e-15,4.0462985287458804e-14
Etv6,0.494335500276611,1.5989712760550202e-15,4.08780482747979e-14
9930012K11Rik,-1.46110255928528,1.6450298280914901e-15,4.2000208926693805e-14
Ccdc146,2.5938393738059,1.74708436734031e-15,4.45472077054814e-14
Klf6,1.08756742710458,1.8121512626297103e-15,4.61456471129487e-14
Stxbp6,1.99610970308704,1.84793611264127e-15,4.6995219304968903e-14
Taf7,1.31165035631684,1.9759415920614e-15,5.01847783407845e-14
Psma6,0.860004359601219,2.11875941779903e-15,5.37417094679378e-14
Vcpip1,0.531118149428887,2.12189239842247e-15,5.3750913967349304e-14
Snx18,0.780036968826086,2.13555364118536e-15,5.40264443983844e-14
Itgb8,1.08414768805125,2.16558432585946e-15,5.4714841483042997e-14
Etnk1,0.584822621119256,2.17044027518082e-15,5.47662198954598e-14
Peli2,-0.804568874667755,2.2278069150982404e-15,5.61407342604758e-14
Shisa9,-1.60617890004134,2.3916679751346002e-15,6.01918617243991e-14
Fam20c,1.27595783940567,2.4666599077673e-15,6.199879384756041e-14
Camp,3.54325229429613,2.47575081824579e-15,6.21467902681001e-14
Tnrc6b,-0.445813115252877,2.5675167983802403e-15,6.43670490384627e-14
Lgr4,-0.662578523068435,2.67660507444973e-15,6.70152836962871e-14
Taf2,0.318931902014563,2.9035937907496502e-15,7.2604811747044e-14
Fgfr1op,0.69417820597824,2.9458978429407003e-15,7.35678272128974e-14
Pglyrp2,3.68572933186893,2.95746283455463e-15,7.37617080227482e-14
Gm11874,2.94670483135047,2.9826714965833102e-15,7.42949393064217e-14
Clec4a1,2.25092021516255,3.0335689148041403e-15,7.54658605421277e-14
Sort1,-0.602547932240485,3.0926734817037202e-15,7.68376904468362e-14
Gopc,0.64759968332245,3.4930896714073904e-15,8.66750792634131e-14
Eif4e3,0.58109051340711,3.5562254697348605e-15,8.81289898017053e-14
Gpatch2l,0.40913759807687,3.85309283873517e-15,9.53640477586954e-14
Nrros,-1.27436633503211,3.90435048594294e-15,9.650957557864571e-14
Cd180,0.72748264659403,4.33359502559294e-15,1.06983559639447e-13
Plekhm1,-0.813226147898645,4.56975258619725e-15,1.12670240384462e-13
Mob3c,0.986621077084306,4.62011194193592e-15,1.13767325027062e-13
C130050O18Rik,-2.46346752344017,4.8056505789266e-15,1.18186113857404e-13
Slc16a10,0.838272762730226,5.3475226224881005e-15,1.31345986033872e-13
Samd10,-0.803167090819531,5.41438407995549e-15,1.3282011212067799e-13
Slc39a14,0.855204264884285,5.60449115102045e-15,1.37310033200001e-13
Slc6a19,3.73593969318592,6.0634360124901e-15,1.48366850424159e-13
Relt,-0.905114404701934,6.630182599219071e-15,1.62030306240865e-13
Ifrd1,1.11229263469661,6.93770692395828e-15,1.69332408996838e-13
Osbpl6,-0.966413389506756,7.99574797207431e-15,1.9491142418358e-13
Apol9b,2.57551407491188,8.117219969413551e-15,1.97624261338144e-13
Zfp9,-0.505273276728433,8.181924585793541e-15,1.98949955717717e-13
Il34,1.75319236772415,8.47702728645211e-15,2.05867631372111e-13
Adamts7,0.545619093327099,8.54417271699019e-15,2.07238909250597e-13
Cdc42se2,0.416009286735402,8.740073439019741e-15,2.11725823983445e-13
Sall2,-0.505508451574094,8.909900108418891e-15,2.15570700378753e-13
Rtn4rl1,-1.40730951000083,9.63729216631994e-15,2.3287922440258e-13
Gpam,-0.594436272592734,9.93210725321249e-15,2.39704737737979e-13
ENSMUSG00000086886,3.13875175590427,1.01085400499995e-14,2.43659765379117e-13
Acox3,-0.45829197834377,1.03271886635852e-14,2.48621301275692e-13
Tmem229b,1.06729014036358,1.0513575953839401e-14,2.52794829997893e-13
Mmp25,2.44912172174376,1.06710059329689e-14,2.56262622677387e-13
Oas1c,0.863087961343377,1.06979122439316e-14,2.5659121036001e-13
Arntl,0.775159530748133,1.10347789800477e-14,2.64344260899809e-13
Pnp,1.27432569914986,1.1209572411198e-14,2.68200423017123e-13
Clasp1,0.423978550543365,1.16903212325769e-14,2.79358366006061e-13
Gm17334,3.82537612596507,1.17459318951769e-14,2.8034202028783897e-13
Efna3,-0.541847561303305,1.2091465915645101e-14,2.88234403718891e-13
Tspan14,-0.682358886633461,1.2720863649659e-14,3.02865813813477e-13
9130208D14Rik,2.57089310402198,1.2931847515877301e-14,3.0751172695843497e-13
Camsap1,0.289039139472027,1.39244969969895e-14,3.30711064540496e-13
Trps1,0.939714716683857,1.41561983955045e-14,3.35803024042015e-13
Ahctf1,0.34146749750756,1.4235184671972602e-14,3.37264375305196e-13
Foxf1,1.4347936251788,1.42756887676824e-14,3.37811542497695e-13
Sp100,2.47441937524975,1.43931394831365e-14,3.40175978722023e-13
Gltscr1l,-0.467299965986129,1.52750843304808e-14,3.6058118777207996e-13
Smurf1,0.687206616697371,1.53027107467693e-14,3.60794409878872e-13
Pxylp1,-0.677129693699805,1.54265490572233e-14,3.63272764449467e-13
Rnaset2b,0.776537824766577,1.54798700315405e-14,3.64086543141833e-13
Foxc1,-0.746497221242187,1.61598656651049e-14,3.79619895115854e-13
Gata2,-0.771064396328682,1.72808507731497e-14,4.0546267037750597e-13
Heca,0.515699881150509,1.76319701262535e-14,4.13201386871766e-13
Alox5ap,-0.550972762609755,1.77632125576372e-14,4.1577488114402e-13
Rasgrp1,1.00991438937239,1.77855295463691e-14,4.15795681105717e-13
Eepd1,-2.21442975853301,1.91573005487041e-14,4.47326425808731e-13
Lamc2,1.13303552421839,1.94125491715636e-14,4.52741711688726e-13
Gm8773,2.34042069708124,2.00839696969576e-14,4.67838352940895e-13
Tmem123,0.367896597374241,2.14055956153671e-14,4.98026591511491e-13
Efnb2,-0.937816612560003,2.17862908936746e-14,5.06276872456122e-13
Patz1,-0.809783918973529,2.27247834067544e-14,5.27454183283089e-13
Tnrc6c,-0.520768869968993,2.29725735066658e-14,5.32568478283564e-13
Cyld,0.481885266198616,2.3415377033359402e-14,5.42186128824946e-13
Osgin2,1.21585418140706,2.3885985654292e-14,5.52423916133353e-13
Fbxo42,0.632771788395229,2.4428963067689302e-14,5.64309046863622e-13
Hhex,-1.3230103168495,2.4520468876723902e-14,5.65749319957135e-13
Il13ra1,2.06587311140544,2.6765394607676902e-14,6.16812015400668e-13
9430008C03Rik,0.466218778986571,2.7893524552235202e-14,6.42047390761058e-13
Sema4b,0.875008576922276,2.8556633088089e-14,6.5653188203943e-13
Phc2,0.585717763695383,2.98080276723095e-14,6.84491087518928e-13
Arhgef40,0.873776130878836,3.04156454245927e-14,6.97618420589595e-13
Tcirg1,0.755176101467383,3.08910086838607e-14,7.07684926212082e-13
Stx6,1.1332743370617,3.27797858558917e-14,7.500695339006159e-13
Agl,-0.463392014171838,3.4227360778429304e-14,7.82270563656822e-13
Arfgef2,-0.347856718744283,3.69821739018517e-14,8.44237767519447e-13
Nol10,0.512007322163968,3.79608626038862e-14,8.6556119619954e-13
Prkcd,0.754874920983296,4.53403671745808e-14,1.03261089748306e-12
Ankrd33b,2.625695738739,4.69619062926958e-14,1.06828702192669e-12
Tshz1,-0.537953144897977,4.72696719859163e-14,1.0740289405324599e-12
ENSMUSG00000081448,1.11505464305355,5.22939062575984e-14,1.18679644096192e-12
Rcan3,-0.405096836828864,5.25516716654921e-14,1.1912530806042199e-12
Armc8,0.66379757220916,5.41198619873511e-14,1.2253696639469799e-12
Rsrp1,-0.260104239284827,5.46673312652175e-14,1.23632272245953e-12
Sema4g,-0.782114776689856,5.75677718220821e-14,1.30040168153164e-12
Ago4,-0.563030678977846,5.8760167475278e-14,1.3257933601049899e-12
Dll1,2.31312016072823,6.01813622415864e-14,1.35628240759087e-12
Tfec,2.4250596862491,6.1038280531829e-14,1.37399860259816e-12
Gm4925,1.50820920794775,6.11761182047329e-14,1.3755056751386299e-12
Slc25a25,1.16797509477392,6.363132804225811e-14,1.4290535756157098e-12
Swap70,0.983788818514152,6.82278474201166e-14,1.53051231368779e-12
Tmcc3,0.59805797265371,6.93875383579259e-14,1.5547295546156998e-12
Wdr6,-0.481815249983157,7.105850503331199e-14,1.59033360053793e-12
Pvrl1,-0.72349672490901,7.176495998895121e-14,1.6042941055594599e-12
Smim3,0.879060012556449,7.78645894888756e-14,1.7386472893465399e-12
Myo7a,-0.76074144769848,7.92700082279852e-14,1.76799452834003e-12
Irf5,1.6266476331555,8.431131264307411e-14,1.8782740648980598e-12
Akap2,1.05133542377913,8.64247598138505e-14,1.92314912778435e-12
Tnfrsf9,1.95722442763979,8.8278178351614e-14,1.96214177861938e-12
Elf1,0.565296261975073,8.87859776060628e-14,1.9711706057986798e-12
Misp,2.22888561266574,9.83185011808012e-14,2.18031108218545e-12
Scd2,-0.524793561509983,1.00008519259046e-13,2.2152572005736497e-12
Cyp27a1,-1.02437631513615,1.01656473924097e-13,2.2491929532761297e-12
Daam1,1.53087816901519,1.03320542130791e-13,2.28340751652149e-12
Bcl10,1.06610679235303,1.03536440208232e-13,2.28557575176398e-12
Nrxn3,3.2497854963355,1.0437821401303e-13,2.3015396189872997e-12
Hsd17b7,-0.379458549212114,1.05113561223792e-13,2.31512320316284e-12
Eif4e2,0.23007843265392,1.09738634686379e-13,2.41424996310033e-12
Helb,-0.59499337037108,1.13788931298614e-13,2.50052143025857e-12
Lrp6,-0.636304584304453,1.17838528084139e-13,2.58658235174732e-12
Gm26648,1.1638179639963,1.29093261085417e-13,2.83042444983212e-12
Pvr,0.960696730605328,1.5137893504798998e-13,3.31530119150248e-12
Ctrl,2.14055019863133,1.52444771537208e-13,3.33487975976098e-12
Kcnj2,-1.95596262491797,1.58966146070342e-13,3.47362511075329e-12
Id4,-1.92443704567252,1.63385232850779e-13,3.56617216899496e-12
Fbxw11,0.551177283621545,1.65751281296179e-13,3.61303153252993e-12
Ncoa1,-0.590138986076776,1.65904509146782e-13,3.61303153252993e-12
Cfb,2.57690329512735,1.66617010769059e-13,3.6244803553394797e-12
Gm7599,2.69712054407929,1.69539595939868e-13,3.68392644973931e-12
Vnn3,4.24084756227288,1.75702699493584e-13,3.81357402793456e-12
Meis1,-1.44004611757378,1.83926245778618e-13,3.98760321015454e-12
Wdr91,-0.580358850223944,1.84557215520865e-13,3.99681719862374e-12
Myo1g,0.643547124550081,1.8803359998759998e-13,4.06756295892909e-12
Erap1,1.00214984970005,2.4224830380516297e-13,5.2345056648501e-12
Rhov,-2.76422523871243,2.57745509906202e-13,5.56317449857613e-12
Clec12a,0.601832853365883,2.73225031296744e-13,5.89073167475779e-12
Ptbp3,0.510816447584915,2.74430693726729e-13,5.91015891351103e-12
Slc46a3,-1.23685938974084,2.93193394147962e-13,6.30723350337811e-12
Srgap3,-0.555927045082672,2.99394072405093e-13,6.43349123028618e-12
Rnf122,0.562285861078878,2.99936553445859e-13,6.43801867595514e-12
Mob1b,0.402105251943399,3.13577990011264e-13,6.72338930185477e-12
Ptpn12,0.723157719712541,3.15399771467251e-13,6.754985833941e-12
Abca5,0.455097851061313,3.33475237170452e-13,7.1342375987380996e-12
Fosl1,1.51540720036104,3.54819085483173e-13,7.58249948757212e-12
Baz1a,0.377529639038371,3.93450431396744e-13,8.39880326823149e-12
5730596B20Rik,-1.61640263262446,4.00102184950577e-13,8.5314096667923e-12
Fnbp4,0.861718959611538,4.01513268218683e-13,8.55210039134503e-12
Scube3,2.49664930286639,4.58733281275268e-13,9.76015415555406e-12
3110043O21Rik,1.49442150283574,4.68336824231049e-13,9.95356816799482e-12
Prkag2,-0.57324570622811,5.47514232849955e-13,1.1623595376608898e-11
Parp8,1.48827446287465,5.82042338702572e-13,1.2343114251568e-11
Mafb,-1.47574042026479,5.8666122130854e-13,1.2427482902042498e-11
Bmp3,3.15476418834809,6.31462319499742e-13,1.3361935493536498e-11
Slpi,2.934947103667,6.40154691138102e-13,1.3531112883272001e-11
Fgf1,1.32036701014396,6.68647387300168e-13,1.4117991189523899e-11
Osmr,1.7190139881993,6.86820165509415e-13,1.4485933142983298e-11
Foxs1,2.18704329218383,6.92174618269425e-13,1.45830144331161e-11
Ptpn9,0.350110383889128,7.37216525991826e-13,1.55151295773811e-11
Wdr59,1.10516225764471,7.47553123136597e-13,1.57156238367741e-11
Sqstm1,1.30902224432109,8.71822854131645e-13,1.83082799367645e-11
Klhl21,-0.907960831686741,8.91466551684623e-13,1.87005588852848e-11
Marf1,0.522539087232023,9.53464517597543e-13,1.9979509178685397e-11
1-Mar,-0.965351554004254,1.00422174546141e-12,2.1020408574901e-11
Dip2b,-0.448819474149121,1.04543767996329e-12,2.1859561144404698e-11
Aida,0.367531594853144,1.05687381858999e-12,2.20748972830142e-11
Fblim1,-0.582839460320606,1.09955995550195e-12,2.2941786426408398e-11
Fam83c,2.19723946836254,1.10214129951932e-12,2.2970944979455298e-11
Ier5,0.753083971754892,1.1262341048799899e-12,2.3447904046235298e-11
Epsti1,2.46837065812315,1.19089241481696e-12,2.47674988393443e-11
Frs2,-0.283687803775787,1.2087137898271298e-12,2.5111223102575598e-11
Ttpal,0.293997171661357,1.2405159059873899e-12,2.5744353625432397e-11
Ccr3,2.52568948480309,1.4192593384550899e-12,2.94223378241267e-11
Fam212b,-0.706981977576235,1.5078225271405398e-12,3.1224960850197595e-11
Il18,1.18372916752632,1.63427629296709e-12,3.3771562501313496e-11
Pigv,0.81564396847011,1.6326223877952899e-12,3.3771562501313496e-11
Il4ra,0.582714830692478,1.66600294650899e-12,3.43905544404898e-11
Chst1,-1.04018129643561,1.70498318344052e-12,3.51578041354727e-11
Adora2b,1.45316576948563,1.71749012737376e-12,3.53781087383868e-11
Itga4,1.81489730944802,1.7879921453697699e-12,3.67913039117233e-11
Samhd1,1.69132607758756,1.80647541910993e-12,3.71322553309419e-11
Rasa2,0.716973079003666,1.82102667411566e-12,3.7391747708508196e-11
Ccdc86,0.721857953840991,1.91795226115534e-12,3.9340323124163095e-11
Scrn1,-0.502811716460681,2.0639301980008597e-12,4.2289864373821197e-11
Efna4,-0.788046068004453,2.07980166492531e-12,4.25701176225851e-11
Gab1,-0.515957968148392,2.22040173661132e-12,4.5400079343736694e-11
Lrch1,1.05462889577266,2.3163797724817897e-12,4.731266642656479e-11
Dixdc1,-1.00680658940767,2.33565559189516e-12,4.760615662303959e-11
Ly9,0.996760982034505,2.3334618501303798e-12,4.760615662303959e-11
Dlgap4,0.984593954634523,2.43935708960698e-12,4.9667665232669296e-11
Ankfy1,0.354406023313952,2.4497287915816997e-12,4.9826559194812694e-11
Ccrn4l,0.726576728778738,2.46671024141888e-12,5.0119419397373693e-11
Rasal3,-1.65804505618937,2.53246795895234e-12,5.1401682296559895e-11
Pdcd4,-0.64714927127049,2.7711689780439e-12,5.6187839968614295e-11
Cmtm6,0.597852357727125,2.81567546490103e-12,5.7030654197223e-11
Tyro3,-0.387086535306392,2.8919208550611197e-12,5.851390226444829e-11
Ntn1,1.18024442292841,3.05174644159025e-12,6.168342495064289e-11
Ctu1,0.681228478438567,3.11887395556948e-12,6.29746412423206e-11
Daglb,-0.394827508195724,3.43552422197292e-12,6.92961663234538e-11
Fbrsl1,0.953073927634095,3.5293167618148698e-12,7.11140835371295e-11
Ttc38,-0.44293800074532,3.63543900748036e-12,7.3176409233557e-11
Il13ra2,2.356240204322,3.77899892842554e-12,7.598724891934629e-11
Pou3f1,3.38679663862543,3.91794457305785e-12,7.869958229359679e-11
Ccnl1,0.460019588039659,4.0153134692625494e-12,8.05720191908692e-11
Rhou,0.71130910965848,4.16920182702706e-12,8.3573545714497e-11
Pcyt1b,-0.697351434297139,4.39629076802825e-12,8.803470181921579e-11
Pbx2,-0.430159653933698,4.51103717621455e-12,9.023934573945059e-11
Morc3,0.578002559924595,4.5286998007899496e-12,9.049937274410729e-11
Gm26547,0.573408847392512,5.03434823898057e-12,1.00500507437427e-10
Kif21a,-0.74100075288251,5.5463919025931895e-12,1.1060862125171501e-10
Cdc25b,-1.1196146477984,5.5598231512407195e-12,1.10762636988373e-10
C5ar1,1.1067595729111,5.87380107237184e-12,1.16897677957234e-10
Zbtb1,-0.473405068796729,6.03855778893417e-12,1.20053458336556e-10
4930431F12Rik,1.83281184835817,6.19464610372505e-12,1.23030617192099e-10
Sash1,0.820006599922786,6.38499616971652e-12,1.26681457747627e-10
Dynlt1c,-0.502791116830624,6.5139101903250595e-12,1.29107163772285e-10
Stard13,0.706396020893418,7.19477920006463e-12,1.4245662816128002e-10
Smg7,0.731472517256123,7.33822714811318e-12,1.45148786525982e-10
Smcr8,0.30720299543298,8.74078582013171e-12,1.72715079484558e-10
Pde4b,1.66041068902507,8.86259169075321e-12,1.74943773313708e-10
Dgkz,-0.67568462658891,9.125915335272039e-12,1.79958598745547e-10
Bdnf,-0.649746629235898,9.71252725248018e-12,1.91042243571848e-10
Maml2,1.04183687227132,9.71751671848145e-12,1.91042243571848e-10
Mmp10,2.57024552312584,9.712174114272009e-12,1.91042243571848e-10
Azi2,0.67346043974118,9.792503968421689e-12,1.92321606278598e-10
Cd36,-0.483781458620363,1.01278933275555e-11,1.98707423789571e-10
Gm7609,1.48159247829989,1.03600786787542e-11,2.02852640446565e-10
Ticam2,0.988319289372534,1.0357418594457398e-11,2.02852640446565e-10
Fzr1,0.535689173915233,1.06031399083392e-11,2.07402547158684e-10
Gramd1a,0.623384906093872,1.0724810777466199e-11,2.09571226914355e-10
Btaf1,0.278555234367204,1.09340332970725e-11,2.13444649996372e-10
Slco4a1,-1.40779044292015,1.0967035392975799e-11,2.13873723382213e-10
Katna1,1.54465789918886,1.1075514028778e-11,2.15772363669084e-10
Tsc22d3,-0.561461143698077,1.12457094121457e-11,2.18868350484729e-10
Adam11,-1.04396832345511,1.1433966863536e-11,2.22309311643339e-10
Itga5,0.751802727269796,1.14663505121028e-11,2.22715781117961e-10
Fbxo10,-0.630734764798492,1.1718381182817399e-11,2.2738346847139002e-10
Rhbdl3,1.055327875137,1.2405635704577099e-11,2.40478476734879e-10
Gm12573,2.22431714557582,1.2430299327222399e-11,2.4071609595351503e-10
Dhx58os,3.21275314978171,1.2442771521115399e-11,2.40717386436415e-10
Wnk4,-0.900485394639103,1.2467557881556e-11,2.40913296155323e-10
Irx5,-1.1811092670239,1.2477729470011298e-11,2.40913296155323e-10
Bdp1,0.46688752255229,1.3935687947895001e-11,2.68795317038723e-10
Tfeb,-1.0785045488303,1.45236379993927e-11,2.7985766806377e-10
Dock10,1.95722144477092,1.46270451605681e-11,2.81570619340936e-10
Egln3,1.19682986250578,1.48467050257458e-11,2.85515821922271e-10
Bcl6b,2.73720252332727,1.54697116447459e-11,2.97202262133317e-10
Ccl17,2.7786284591666,1.5543804531827397e-11,2.9831305906214103e-10
Zcchc6,0.537557567739426,1.55582774567557e-11,2.9831305906214103e-10
Gne,-0.341352648935021,1.5717321269784e-11,3.0106505618844003e-10
Atl1,-0.57604357195035,1.5978758729401098e-11,3.0577103982771e-10
Fbxl5,0.544811599205023,1.6459548844148098e-11,3.14661168248128e-10
Cpeb2,-0.524511886718577,1.65453691153283e-11,3.15990494403377e-10
Ptplb,0.702018484508656,1.7037383589965697e-11,3.25067247964302e-10
Zdhhc5,0.31443011499059,1.76581090261059e-11,3.36579516250058e-10
Adam17,0.945914869693081,1.9561432065686e-11,3.72492667127156e-10
Sestd1,0.51269005699248,2.05259771688201e-11,3.9047653037626004e-10
Stra6l,-1.41282815713547,2.28217634225094e-11,4.3372526684659403e-10
Gm2564,2.62749555875204,2.3717720358623397e-11,4.50311786534959e-10
Cdkn1a,0.470304443707585,2.3846003755030598e-11,4.52304845418001e-10
AI838599,0.708794250765929,2.48261339540307e-11,4.7043584301173e-10
Apol9a,2.86537040165064,2.5407649680499698e-11,4.8098539941504e-10
Zc3h12d,-1.60976861173318,2.5537035123499698e-11,4.82963576546188e-10
Ubash3b,0.755131318497952,2.6181250203746396e-11,4.94665023323755e-10
Kctd18,0.458297896255539,2.6632349353190798e-11,5.02698547518788e-10
Mfsd11,-0.466286223202435,2.7006243319033198e-11,5.09260588301769e-10
Rnf114,0.79917610635021,2.9453050697789294e-11,5.548611609125281e-10
Pdhx,0.495557863552087,2.9736988033365395e-11,5.59666843646384e-10
4930599N23Rik,1.81835252782491,3.05779956977775e-11,5.74937430736119e-10
Atr,0.45389360532193,3.1281386529237497e-11,5.875934406711761e-10
Serpina3e-ps,3.71520657604821,3.43114850537957e-11,6.43887868456336e-10
Mina,0.957014697895658,3.6378979439647394e-11,6.82026779755476e-10
Lims1,0.245079185206612,3.6736665796259097e-11,6.88067821535339e-10
Tdg,0.349711813045066,3.8002666788599596e-11,7.11093294470575e-10
Narf,-1.01720529992356,3.81182436924877e-11,7.12568786713903e-10
Gpr155,-1.56922109337185,4.2070288769983194e-11,7.85689974295239e-10
Spry4,0.763644299657238,4.5097089005068e-11,8.41407610629174e-10
Phip,0.928068920999975,4.7086959755148094e-11,8.77690074052732e-10
Stat5a,1.06124407111,5.0736261841931095e-11,9.448046303079e-10
Pprc1,0.363286570875431,5.0932603992399195e-11,9.47551531992823e-10
Rab21,0.245069874305583,5.1762583481303094e-11,9.620700860835301e-10
Pdlim4,1.35807842828339,5.2385475296662295e-11,9.72715562350655e-10
Trim12c,1.14995435004216,5.5276794858223796e-11,1.02542153673898e-09
Trip10,0.613095219141097,5.6707390374982e-11,1.05095530356843e-09
Hs3st1,-1.95205624084789,5.704713945245129e-11,1.0562430285642801e-09
Wars,0.517451635942701,5.907732377793249e-11,1.0927896955071501e-09
Cd200r1,-1.06756049222227,5.960841494075869e-11,1.1015635081052202e-09
Insig2,0.510484638048181,6.274650111467209e-11,1.15845205292968e-09
Mul1,0.468970682465125,6.28099463475728e-11,1.15852110164287e-09
Prpf38b,0.437197147704656,6.403315389186249e-11,1.17996136573381e-09
Gcnt1,-2.06235911910926,6.4572621095475e-11,1.1887733773592e-09
Abhd16a,0.601131913752162,6.538484091714909e-11,1.20258526365532e-09
Sptlc2,0.514080621155043,6.660212381211689e-11,1.2238140250476501e-09
Pdk2,-0.460257281456773,6.8205092023234e-11,1.25208288138016e-09
Slmapos2,1.43233133728984,6.86756565876699e-11,1.2595297168498602e-09
Arhgap26,0.66565696205668,6.979234327922359e-11,1.27781089068567e-09
Mark2,0.439541533259738,6.98041405961045e-11,1.27781089068567e-09
Sav1,0.648249395522405,7.116776299048629e-11,1.30154502645372e-09
Itpkb,0.948132927830335,7.342273688364849e-11,1.34152051458598e-09
Mb21d1,0.999081135983481,7.485419657138749e-11,1.36638836337837e-09
Klc4,-0.590301017281867,7.548571824357779e-11,1.3766211248105102e-09
Map3k6,0.682681840309567,7.637367545855159e-11,1.3915068531434101e-09
Nav3,1.13554839562837,8.015146426918629e-11,1.4575998244417e-09
Usf1,0.635602795350246,8.00966602310156e-11,1.4575998244417e-09
Cep250,-0.375136179638989,8.477465111032989e-11,1.5402315825326202e-09
Gm15821,2.45642889289914,8.672920532274889e-11,1.5742689430146101e-09
Gm16617,1.5444849696596,9.0123218278202e-11,1.6343466611871302e-09
H2-T23,0.948539387494391,9.19330304689174e-11,1.66561019908392e-09
Gnl1,0.478471606233551,9.305561262147509e-11,1.6843760329357302e-09
Clec2g,2.23147903199833,9.704501324446849e-11,1.7549500810770402e-09
H2-Q1,2.69878970851431,9.737276987268989e-11,1.7592376411635702e-09
Gm20470,2.00632961705571,9.815756920245459e-11,1.7717669514459802e-09
Steap3,-0.762502728249707,1.01971667394769e-10,1.8389017045800201e-09
Ifnar1,0.618561131139608,1.03905337612603e-10,1.8720326564855603e-09
Gpr157,-0.859188486957664,1.0448189807399001e-10,1.88067416533181e-09
Tlr7,0.663513097251956,1.08055545763171e-10,1.94319722890507e-09
Prickle1,-1.07723923099991,1.27158175762868e-10,2.28460855787287e-09
Nfe2l1,0.66657241279846,1.3549032909760301e-10,2.43205767419972e-09
Gtf2i,-0.34784573957995,1.40881628816558e-10,2.5264945707546103e-09
Il17ra,0.462033088597759,1.4315365768792e-10,2.56486941253591e-09
Acer2,0.874062867449524,1.50320557262505e-10,2.6907934438391603e-09
Apobec1,-0.728605274903043,1.51809397971541e-10,2.7149396850136202e-09
Sox12,-0.63559249752582,1.55003276604249e-10,2.76950605822178e-09
Enpp2,2.02548238103265,1.56152481848915e-10,2.7874726382671102e-09
Pnrc1,0.714785863471775,1.60868868987348e-10,2.86902530682951e-09
Rgs2,-1.98326645016798,1.66028345989919e-10,2.9583232558203703e-09
n-R5s29,2.4614518350962,1.69159896992211e-10,3.01135655159345e-09
Tiam2,-0.624474998957385,1.73640075341055e-10,3.0882786635360605e-09
Nfatc2,-1.22656252493025,1.75418056807888e-10,3.1170439325094e-09
Il21r,-1.2546148069167,1.80786983551624e-10,3.2095065222650602e-09
Sgms2,0.514412413196624,1.83690861419349e-10,3.2580781306956603e-09
Gm9821,-1.29336020713059,1.896944033547e-10,3.3614887695841104e-09
Eif6,0.670468556002347,1.90198697377255e-10,3.3673499305732302e-09
Tnfsf8,2.95468365816864,1.93469578141503e-10,3.42213645784661e-09
Pde4d,-0.823605267980445,2.37252230868357e-10,4.1927525389522705e-09
Ivd,-0.376474185070635,2.39383229951181e-10,4.22656250588964e-09
Cenpj,0.750994468327659,2.39655228557023e-10,4.22751823174588e-09
Dzip1,-0.438519593307655,2.50789403278505e-10,4.41990697658139e-09
Rassf10,2.73589180155837,2.52571993783649e-10,4.44728399943551e-09
Tcp11l2,-0.603079844277978,2.55374793619956e-10,4.492558926021411e-09
Kpna3,0.992581662753296,2.73979513808789e-10,4.81548775900882e-09
Gm16091,1.06900667301562,2.93537203807801e-10,5.1545664277706506e-09
Mapk11,1.16183682108406,2.94807692583913e-10,5.17219572052283e-09
AI480526,-0.559375103527621,2.96864626491363e-10,5.20083201773706e-09
Prtg,-1.13122120581352,2.96975977924792e-10,5.20083201773706e-09
Zer1,-0.33050714072017,3.02153618845401e-10,5.286734734063271e-09
Bmp2,2.04452235097607,3.13478731316266e-10,5.47994711933408e-09
Lss,-0.430604400203179,3.14894914596234e-10,5.499748805423341e-09
Rrs1,0.88637790429961,3.20658341841777e-10,5.595372720411731e-09
Zfp945,0.717684156003489,3.21298675594007e-10,5.6015089858276e-09
Far1,0.338573137576845,3.24477648676413e-10,5.6518530475019e-09
Dock4,0.643373369392396,3.27190478760856e-10,5.69399466356561e-09
Mfsd2a,1.56422689314232,3.3135531369698e-10,5.761306905892641e-09
Gab3,-1.29349228267411,3.33158844929547e-10,5.78747916473853e-09
Tchh,-0.866302621881722,3.33481932537297e-10,5.78791003484232e-09
Slc25a22,0.657292926633184,3.37118646614702e-10,5.845800016900511e-09
Mllt3,-0.47290063861974,3.42215748847315e-10,5.92888784877973e-09
Abcg3,-1.49349927979042,3.4628633624959e-10,5.9940589371873706e-09
Noc3l,0.626783784853805,3.73991462021137e-10,6.467852343189071e-09
Cdhr1,0.461333472912749,3.75593797741161e-10,6.489779208699461e-09
Schip1,0.861730612815442,3.81374913492115e-10,6.5838067806058705e-09
Abcc1,0.754000641022536,3.8192466071821703e-10,6.5874365480678e-09
Vps37c,0.558395911182748,3.86988874157874e-10,6.668856229271211e-09
Casp9,-0.676727986960746,3.90011284166322e-10,6.7149768926027605e-09
Aph1b,-0.42291763579754,3.99534700935715e-10,6.872846929926081e-09
Tnrc6a,-0.248152243141408,4.03309544128244e-10,6.9316371959826904e-09
Ankrd10,-0.512238903610282,4.05202763331381e-10,6.958012760780631e-09
Mfsd7b,-1.0268519045162,4.09040951922222e-10,7.0177105491589806e-09
Mast4,0.661213081465523,4.12723741172027e-10,7.074639111044181e-09
Dcbld2,0.711437881093408,4.27290349009256e-10,7.3178657830323e-09
Bcam,0.908035231576993,4.3234193755161703e-10,7.397850931438781e-09
Heatr1,0.469934420870155,4.37712135995416e-10,7.48314210295599e-09
ENSMUSG00000097070,2.14344679238318,4.44705063412714e-10,7.59600092470097e-09
Map3k4,-0.4190304873726,4.59790365857196e-10,7.84676539937821e-09
Mab21l3,1.04484920408266,4.80556297155148e-10,8.1939493760971e-09
Iqce,-0.308377633504242,5.112577031834e-10,8.70978443597076e-09
Phka2,-0.50034877356903,5.30514325340998e-10,9.029912253435731e-09
Rbm5,-0.215461225128471,5.39777442278943e-10,9.17952803679283e-09
Grwd1,0.544065971428056,5.66409112811086e-10,9.62399511820167e-09
Smagp,-1.42097470372777,5.675367139129461e-10,9.634717757451271e-09
Cxxc5,-0.947105038180896,5.81195626096889e-10,9.857971965720311e-09
Rnf24,0.661206003111931,5.915548618496241e-10,1.00249175015984e-08
Fancf,-0.777480672027005,5.94628848104397e-10,1.00682182972231e-08
Gm17132,0.408888129550925,5.96919272378947e-10,1.00981879348222e-08
Csprs,3.44264062062866,6.167628374549851e-10,1.04247962525928e-08
9130008F23Rik,0.902912173594201,6.2934927501229e-10,1.06282796626096e-08
Il18rap,1.30841716941485,6.34455938879402e-10,1.0705202641753e-08
Pwwp2b,-0.807477044127804,6.4325846255484e-10,1.0844298181941e-08
Gm11626,2.44101867673956,7.082397795475601e-10,1.19294137867542e-08
Picalm,0.343453002812416,7.28169986046717e-10,1.22544756368174e-08
1110002E22Rik,1.76086934169211,7.41933025718226e-10,1.24752759367734e-08
Rhob,1.20112770145107,7.50293187193764e-10,1.26049255448552e-08
Zfp598,0.661048134785634,7.61937080386959e-10,1.27894698164607e-08
Slc39a4,3.15793582995944,7.995793693960601e-10,1.34097131233891e-08
Spty2d1,0.567301786390333,8.20585858367724e-10,1.37501278029079e-08
Trem2,-0.872509716170591,8.23098015870383e-10,1.37803226056505e-08
Gpr146,-1.53534978847613,8.261498687085301e-10,1.38194931486382e-08
Chst10,-0.687785721639869,8.34471557798757e-10,1.39466719272412e-08
A230052G05Rik,3.53692265256211,8.605077794423951e-10,1.43694431603272e-08
Plekha5,-0.355471243862015,8.79489761681515e-10,1.46737913462323e-08
Slc25a18,2.38847148201908,8.86170540104984e-10,1.47725542613377e-08
Gpr85,1.11873071748334,9.25927523716699e-10,1.54220580860076e-08
Gpd1l,-0.41789300523096,9.300257529535441e-10,1.54770323416043e-08
Bbs10,-0.717433505942187,9.40913147320494e-10,1.56447975240847e-08
E2f6,-0.604266457276807,9.61863880629946e-10,1.59667239465939e-08
Pnpt1,0.762239789697493,9.61920237763773e-10,1.59667239465939e-08
Ikbkb,0.539600852874686,9.86043182321566e-10,1.63531469314254e-08
Pip5k1a,0.429169061909804,9.90023587622726e-10,1.64051389361498e-08
Tmem140,1.14170066068837,1.04482058930676e-09,1.72983777430959e-08
Dtx4,0.793302873180776,1.0980685931901102e-09,1.81644697205975e-08
Card9,-0.78977294486277,1.1103521745276202e-09,1.83520218011363e-08
Tob1,-0.825773903425021,1.14848384702345e-09,1.89661111213983e-08
Atp7a,0.749003678925516,1.16359114264421e-09,1.91992538536294e-08
Pggt1b,0.432245526751144,1.23852912083908e-09,2.0418367936076e-08
Gm17041,2.75541406742071,1.2582325970114402e-09,2.07255902482259e-08
Nup188,0.293460783205193,1.3249414124276602e-09,2.18059059938476e-08
2410089E03Rik,-0.331229962672285,1.3303851424324301e-09,2.18769434777618e-08
Cebpg,0.327847331659693,1.3534735179092601e-09,2.22377647260892e-08
Mtcl1,-0.773996735131562,1.36763638714651e-09,2.24514521625981e-08
Mcc,1.68270812392676,1.3762793633843e-09,2.25742390254513e-08
Synj1,0.275702661187645,1.38566477212449e-09,2.27089858431619e-08
Gdnf,1.20266664123773,1.3901062941282102e-09,2.27625506592944e-08
Lrrc8b,0.521540965454244,1.3963468742904702e-09,2.28454593159631e-08
Icam5,1.32925957549969,1.3991628017105301e-09,2.28722451595545e-08
Tlk2,0.539092271596999,1.53238052995519e-09,2.50288819892681e-08
Stxbp1,0.620582194453691,1.53824345813427e-09,2.51035122469616e-08
Cacfd1,-0.465947447970109,1.5863792785966901e-09,2.58673138839413e-08
Xrn1,0.482152572823294,1.6413599497838701e-09,2.67413505168817e-08
Lyn,0.633649302808914,1.7464238492818602e-09,2.84292016539138e-08
Hist1h3d,-0.812155553699462,1.7802342669247401e-09,2.89552939777097e-08
Plcd3,-0.628428401571795,1.8049061970356801e-09,2.93319931719266e-08
Accsl,2.82705546074217,1.90191644854892e-09,3.08826667511659e-08
AI607873,2.57614275974908,1.90777233900411e-09,3.09518515602305e-08
1810034E14Rik,-1.11774512570272,1.91304880938009e-09,3.10115280678457e-08
Ifitm3,0.817376874211774,1.94283261993642e-09,3.14680502147298e-08
Unc119,-0.674254027878148,1.9785009279832203e-09,3.20190425409395e-08
Trim65,-0.525327794778724,1.9889587303436303e-09,3.21614626696565e-08
Riok3,0.577696599712941,2.00406909800716e-09,3.23788149689683e-08
Rcor2,-0.897395567986934,2.07653099904762e-09,3.35216368598336e-08
Kcne4,-2.23480808557904,2.11059533106406e-09,3.4043218457163e-08
Maf,-0.943104293648405,2.2473008883126e-09,3.62181282697821e-08
Bmf,-1.8774269055081,2.3251427647954e-09,3.74415520399087e-08
Pcdh10,2.7575373926517,2.32892069578471e-09,3.74712911948644e-08
Plekhh1,1.00548429350774,2.43578721193617e-09,3.91582560566773e-08
Kri1,0.37473001201261,2.48117276532586e-09,3.9854864518529e-08
Uap1,0.756836325222894,2.48549193934064e-09,3.98912205053481e-08
Zc3h11a,0.297188040136098,2.4973720282801502e-09,4.00487659807835e-08
Wtip,-0.461267918772576,2.54705175897137e-09,4.08117195136915e-08
Clec4n,-0.697396165390869,2.6757069034182402e-09,4.28378026022505e-08
Utp14b,-0.858892484755643,2.7003221223343103e-09,4.31962493501855e-08
Snx33,-0.520241906068716,2.7162110044555e-09,4.34146279493036e-08
Ypel3,-0.499125279287287,2.8310187255831102e-09,4.52124175730162e-08
Plekhf2,0.756221787452596,2.84780756190785e-09,4.54431397461019e-08
Etv3,0.48146915019176,2.93282052841635e-09,4.67612568064017e-08
Fchsd2,0.520277554119812,3.0082509445246104e-09,4.79245495300128e-08
Csf2rb2,-0.494016254310327,3.0181831854972303e-09,4.80433359568402e-08
2010111I01Rik,-0.29756202404848,3.1834662788785304e-09,5.06327702257041e-08
Sh3kbp1,0.441223340021543,3.19603710705956e-09,5.07910761878654e-08
Dnajc13,0.222687485053427,3.42887592212358e-09,5.44467335457332e-08
Zmym3,-0.448954761933989,3.4450901704151904e-09,5.46594682475358e-08
Ggct,1.10253026609604,3.4981149242852e-09,5.54554101232271e-08
Gm26637,1.26583357163544,3.5966395536770705e-09,5.69707705302448e-08
Gnao1,-0.532767485248336,3.6745495027949603e-09,5.81573887049213e-08
Zfp263,0.975959103020351,3.6812073866148805e-09,5.821527964945e-08
Sytl2,1.03060069366103,3.73133184134873e-09,5.89599047634615e-08
Nr3c1,0.285523678549178,3.9044982568868e-09,6.16459594602371e-08
5430435G22Rik,-1.7048572704619,3.91798460573557e-09,6.18085961704821e-08
Olfr1396,2.69138682315496,3.94539550271229e-09,6.21904584359296e-08
Ythdf1,0.334247569114289,3.9594483454214105e-09,6.23613114403872e-08
Kcnn1,1.08451832715783,4.06050612476741e-09,6.39011036861207e-08
Rab40c,-0.361275149442288,4.22373307293799e-09,6.64159777530703e-08
Tmem100,1.17609611044244,4.3160854518389204e-09,6.78132162813623e-08
Pld4,-0.475868112700457,4.7127367823722205e-09,7.39255816694831e-08
Zfp382,0.80181183215903,4.7103939405681305e-09,7.39255816694831e-08
Rest,0.369914475367314,4.80536356929771e-09,7.53176693850184e-08
Prnd,3.285745490773,4.91221600270772e-09,7.6930298076304e-08
Dscaml1,3.45226274503764,4.93395864526257e-09,7.72084948005443e-08
Nav1,-0.419547564209336,5.04164406524802e-09,7.88300253360778e-08
Ddx21,0.340057398701004,5.132719770673011e-09,8.01894480113841e-08
Acvr2a,-0.494015918475928,5.6377828024193205e-09,8.800928197759e-08
Slc40a1,-2.08819990853352,5.87465295710931e-09,9.16332523952967e-08
Laptm5,-0.369385760196088,6.067722135569881e-09,9.45687392117252e-08
Slc9a3r2,-0.767484816953554,6.106323144346291e-09,9.5093976158022e-08
Hrct1,-1.24899792001977,6.1902137109628e-09,9.63231009202263e-08
Kcnn3,3.52039067087037,6.596629939088371e-09,1.02564909726018e-07
Lrrc75b,-0.746096696006688,6.62930848451333e-09,1.02990473845874e-07
Zfp827,0.491991713746901,7.039201313124581e-09,1.09270929823895e-07
D10Bwg1379e,-1.1195850951451,7.143643890295e-09,1.10803569981842e-07
Ucp2,-0.495931275330393,7.84089272728722e-09,1.21521311885209e-07
Gm16026,2.61764754240473,8.044178770073791e-09,1.2457242207064e-07
Nup98,0.298517901185989,8.19346749751514e-09,1.26783128645761e-07
Gdpd5,0.692491173133838,8.51857642840433e-09,1.31708730690644e-07
Ldlrap1,-0.912391303814877,8.65781068902639e-09,1.33754903351806e-07
Dclk2,-0.643294487588935,8.686848913794911e-09,1.34096751251612e-07
Midn,-0.654775951592214,8.85961568257244e-09,1.36654994200823e-07
Zbtb46,1.40908808212859,9.05382716054083e-09,1.39539684053324e-07
Slc22a17,-0.751672772794865,9.1674302010677e-09,1.41178425096443e-07
Fam198a,-1.73120238629997,9.175797862202572e-09,1.41195227373655e-07
Tpr,0.256251415846869,9.2972565500737e-09,1.42950844768328e-07
Enpp3,-0.96260297116538,9.3183466866354e-09,1.43161677836479e-07
Atf3,1.06558872853456,9.353029919968731e-09,1.435808485499e-07
Slc12a7,0.342080551390956,9.6274439540825e-09,1.47676618565231e-07
Cep350,0.623435707607128,1.0384471188379e-08,1.59162937550795e-07
Zfp658,0.975418780339347,1.07458460475895e-08,1.64571741679105e-07
Bfar,0.326852573210025,1.08238966013954e-08,1.65636348307159e-07
Wsb1,0.597381566316508,1.09805631663581e-08,1.67901377210411e-07
H2-T24,0.885186821133541,1.13412586336938e-08,1.73280143722988e-07
Mdm4,0.405360548413759,1.15179403823635e-08,1.75841160644674e-07
Pi4k2b,0.296875285065814,1.18827115748536e-08,1.81267402042814e-07
Zfp456,1.03113504848877,1.19735625324897e-08,1.82509825122098e-07
Pidd1,-0.565724819066199,1.22752944658912e-08,1.86962177249727e-07
Slc10a6,1.71415822893614,1.23262827001134e-08,1.87591521186667e-07
Setbp1,0.693697191062379,1.26655890357934e-08,1.92604302233961e-07
Evc,-0.314004953674297,1.27292329410061e-08,1.93420545017449e-07
Samd1,-0.71380378324687,1.28116412022207e-08,1.94520411492873e-07
Serpina3h,2.85805564038845,1.30028610230531e-08,1.97269363011198e-07
Slc27a6,-1.13830995060016,1.30392867894599e-08,1.97667438173969e-07
Rfx7,-0.366565450854806,1.316924225202e-08,1.99481636735515e-07
Bcor,0.744466231094864,1.33776141681305e-08,2.02479894944153e-07
Fbxo31,-0.904709532491971,1.3599675051254e-08,2.05680510284125e-07
Sntb1,2.35167370999404,1.36430309565146e-08,2.06175523894245e-07
Gpc2,-0.484500856482448,1.41270888704585e-08,2.13158656642595e-07
Jmy,-0.357010717020271,1.41225146032951e-08,2.13158656642595e-07
Anks6,-0.523792248394432,1.43679774166705e-08,2.16624890282109e-07
AF251705,-0.583070654778804,1.4910730759545e-08,2.24633400355755e-07
Rsbn1,0.758147152349084,1.50004410148427e-08,2.25809586851828e-07
Secisbp2l,0.587338763401644,1.53597116928341e-08,2.31038640068026e-07
Gm17131,0.276263739493794,1.5568405487142e-08,2.33996390451203e-07
Rap2b,0.591169784308169,1.5975809270043e-08,2.39933903309532e-07
Gpm6b,1.57001953443194,1.62864641531491e-08,2.44410325156771e-07
Tmem144,-0.564103953406547,1.66373137949908e-08,2.49482563275116e-07
Il6st,0.750819813047111,1.71613452625587e-08,2.57141886853042e-07
Apol6,1.90796946489888,1.81387055064105e-08,2.71576729665424e-07
Ddx24,0.563938552683068,1.83219184030601e-08,2.74108330526583e-07
D030025P21Rik,1.35901787868803,1.89083023913717e-08,2.82663096765929e-07
2510009E07Rik,-0.441046480668872,1.92809996468862e-08,2.87791167037061e-07
Champ1,0.347682714856891,1.92720907133173e-08,2.87791167037061e-07
Zfp429,0.906705093530486,1.93016598193527e-08,2.87878099258047e-07
Hoxa6,-1.09638379029448,1.96975550948609e-08,2.93385136440411e-07
Tec,-1.00314963588757,1.97011354762861e-08,2.93385136440411e-07
Fam110b,-0.645231678788414,2.00882165503595e-08,2.9892005670489e-07
Cited2,0.816243993990624,2.04985340414585e-08,3.04791995816445e-07
Brd4,0.371902495963565,2.07835389664242e-08,3.08793101151987e-07
Flcn,-0.563139268857513,2.12595680036104e-08,3.15624068509607e-07
Nat8l,-2.13157842558658,2.16976773248862e-08,3.21882057195789e-07
Zbtb40,0.575757252830701,2.22377476219484e-08,3.29641905925353e-07
Prkch,-1.73677848019172,2.22661235398115e-08,3.29810581043131e-07
Rrp7a,0.356827791264639,2.23937015787716e-08,3.31447281033168e-07
Creb5,1.35175177029142,2.32833648190534e-08,3.44242715399859e-07
Il11ra1,-0.335177499420508,2.32936861121426e-08,3.44242715399859e-07
Gtf2e1,0.325215098998151,2.36137238964182e-08,3.48706772059436e-07
5-Mar,0.595024444537203,2.39377767731265e-08,3.53223285555701e-07
Gpr132,2.45376742625838,2.44896938201204e-08,3.61092719517945e-07
Mfap3l,-0.4296071817483,2.54247571984479e-08,3.74595283734764e-07
Dvl2,-0.481834796763742,2.5766933221014e-08,3.79348689089952e-07
Rmdn3,0.851998880527973,2.69031255683121e-08,3.95775775987512e-07
Gm19980,3.04706556165156,2.69309675532089e-08,3.95885223032171e-07
Odc1,0.477465135332589,2.69541094239795e-08,3.95925464998409e-07
Fcer1g,0.405629721003668,2.726792297109e-08,4.00232055469765e-07
D16Ertd472e,0.581214007954331,2.77009983336052e-08,4.06281308892876e-07
2310022A10Rik,-0.56423364130391,2.84738392737282e-08,4.1730088917479e-07
Tagln2,0.761422665989292,2.87208308084297e-08,4.2060301962775e-07
Cebpa,-2.64876521581397,2.88369185851915e-08,4.2198459142312e-07
Fam13c,-1.62427877597688,2.9017875984149e-08,4.24312634209817e-07
Nprl3,-0.316405255492059,2.91415193459106e-08,4.2579972996088e-07
Gm18852,3.82699764883741,2.93691750569905e-08,4.28803215053306e-07
Hipk3,0.190509542237315,2.95221521665387e-08,4.30712662134975e-07
Ppp1r15b,0.503203406026606,2.98364056068968e-08,4.34970409012941e-07
Mapk6,0.429482735401923,3.09202877092414e-08,4.50433380413003e-07
Stim2,0.516415921023196,3.11529082603703e-08,4.5348164432425e-07
Fscn1,1.07300088599343,3.11793528616558e-08,4.53526359016168e-07
Got1,0.35572485934026,3.15749365281257e-08,4.58936380817791e-07
Ddit4,-1.1153693671978,3.18647756982167e-08,4.62802475784579e-07
Pilra,1.23133825497309,3.26552589655573e-08,4.73928679856151e-07
E130308A19Rik,-0.644749256304184,3.28901383270613e-08,4.76980750447158e-07
Nuak1,0.668022640503736,3.29442225282336e-08,4.7740828524111e-07
Dbp,-1.74819694655746,3.33331455922367e-08,4.82683848561015e-07
Hmgxb3,0.365231783434936,3.34448255041072e-08,4.83939891186947e-07
Adap1,0.672432361744847,3.36501393496314e-08,4.86547916497948e-07
Orai3,-0.415732654357705,3.43558079544581e-08,4.96381308673347e-07
Itga2b,-0.633486845023934,3.66986826531932e-08,5.29837230805477e-07
Gm17296,-0.525477580026798,3.74336152199957e-08,5.40045999798362e-07
A230046K03Rik,0.309064786107637,3.76407629787088e-08,5.42631028855026e-07
Wdr43,0.778965581323598,3.80885723384568e-08,5.48679033151756e-07
Gm15601,1.36414482478208,3.865347820648e-08,5.56403628426215e-07
Speg,-0.583578853587934,3.91308991304959e-08,5.62858388975643e-07
Zfpm2,1.04637955623775,3.95352138072157e-08,5.68252806455713e-07
Mknk2,-0.636129779212139,4.1383329735077e-08,5.94376114122453e-07
Engase,-0.710178336036972,4.14954345703724e-08,5.95545423375374e-07
Sec16b,-0.985143443267364,4.16178106503127e-08,5.96860308838632e-07
Thra,-0.443688160249201,4.41248513953103e-08,6.31880897767233e-07
Crabp2,-0.74499265875293,4.40975643126065e-08,6.31880897767233e-07
Tab2,0.412874003023082,4.47775232375758e-08,6.40754469691682e-07
Rufy1,-0.354903691945055,4.55899337335394e-08,6.51899096658511e-07
Gm16174,2.17184692648516,4.60940107955759e-08,6.58621638790394e-07
Hgf,-0.590685974669698,4.67317210893802e-08,6.67242322309296e-07
Lrig1,1.39472680035457,4.75061936436771e-08,6.77801604016111e-07
Klf15,-1.8126737776039,4.90870029425449e-08,6.99841443862705e-07
Arhgap8,2.6188719167139,5.10106564032442e-08,7.26733316335206e-07
Ppcs,-0.51155065405218,5.12294982010633e-08,7.29315614888798e-07
Zfp467,-0.982252365474084,5.14587510765428e-08,7.32042233056626e-07
Cdk12,0.197650014264596,5.23770539059032e-08,7.44559966293147e-07
Sfrp4,1.08876247008786,5.24250061239024e-08,7.44696060635579e-07
Nup54,0.643913584323457,5.25450165788497e-08,7.45854792754938e-07
Cdyl2,0.35788388653646,5.27614106213554e-08,7.48378955918698e-07
Ncoa5,0.459061417849879,5.32423910522458e-08,7.54649639136433e-07
Hoxa1,-0.981232163171008,5.4307774466112e-08,7.69188361854334e-07
D2hgdh,-0.371573216114711,5.52037685339489e-08,7.8130847894438e-07
Lgals3bp,0.482621928355426,5.77679787666075e-08,8.17004271127735e-07
Trim24,0.298898251870681,6.04627519618114e-08,8.54493254965031e-07
Litaf,0.757265237573756,6.08300616632482e-08,8.59058600082727e-07
Pwp1,0.548955712528831,6.22074590060061e-08,8.77871661492759e-07
Ppp4r2,0.675196972599695,6.2358983091469e-08,8.79370427257896e-07
Pla2g4c,1.44992963658619,6.2446877939845e-08,8.79970384564091e-07
Akap13,0.530317914478039,6.42365850106126e-08,9.04533160773531e-07
Nr6a1,0.71051433947676,6.45569349259731e-08,9.08384891445673e-07
Depdc7,-1.00660644255001,6.81621136176499e-08,9.58418588867303e-07
Cep162,0.559943011134829,6.90057992583221e-08,9.69578949173412e-07
Msl1,-0.216365388911979,7.00960403021787e-08,9.8418492476373e-07
Mapkapk3,0.495472049803569,7.10855481396911e-08,9.97356454159484e-07
Has2,1.70799300932808,7.11511489071667e-08,9.97555558811173e-07
Ino80d,0.33149107250608,7.1701259354899e-08,1.00454240904149e-06
Pias3,-0.538393984464483,7.49482418332457e-08,1.04927538566544e-06
Cbfa2t2,-0.288771158675263,7.5204191381981e-08,1.05209958873537e-06
Sap30,0.99809010166634,7.55939664986448e-08,1.0567905806482e-06
Dimt1,0.394149958046576,7.58292895942723e-08,1.05931716003402e-06
Gm15050,-1.10904037021702,7.62713153138137e-08,1.06472561320089e-06
Fmnl1,-0.698074262806525,7.83336638502641e-08,1.09272926912331e-06
Lax1,2.44789656092687,7.88922776755599e-08,1.09973114656362e-06
Gramd3,0.421345089462679,8.00244085213608e-08,1.11471186141313e-06
Rab12,0.701940998915628,8.15997371137944e-08,1.13584024315356e-06
Stk4,0.559122248299183,8.23084550637481e-08,1.1448840588222e-06
Bahcc1,0.382648134205381,8.45039482740815e-08,1.17458066784404e-06
Gm16675,1.6544494634576,8.61425739195491e-08,1.19650000310303e-06
Themis,1.64437300114182,8.70304910132095e-08,1.20796827440652e-06
Mecom,-0.58595204138995,8.95921986403278e-08,1.24263546991917e-06
Ankrd37,-1.44687991546654,9.0950979053737e-08,1.26058056968479e-06
Sin3a,0.466931198937303,9.23782516729615e-08,1.27944867627562e-06
Gm14471,2.26925663375045,9.3786448808241e-08,1.29802585782818e-06
Abhd15,-1.65832068103469,9.4726993472802e-08,1.31010875363239e-06
Cdc14a,0.846277655356032,9.56567933039852e-08,1.32202593822687e-06
2810474O19Rik,1.16074434858496,9.8650000274792e-08,1.36152277968019e-06
Tecta,0.932654328224165,9.86549695026974e-08,1.36152277968019e-06
Gm15513,-2.18558746362004,9.88472082382132e-08,1.3627874985592e-06
Iqsec2,0.265519840017043,9.88870747253838e-08,1.3627874985592e-06
Aox1,0.397669864593354,9.92036407188375e-08,1.36617987544948e-06
Dcaf4,-0.396294570472828,9.9943232343402e-08,1.37538899318537e-06
Trp53cor1,-0.777597755255004,1.01755803164094e-07,1.39934061275413e-06
Dhcr7,-0.604416236606058,1.01926124682353e-07,1.40033475136103e-06
Zfp811,0.846696495737463,1.01972428554583e-07,1.40033475136103e-06
Fam161a,-1.14522273677808,1.02371716291599e-07,1.40482375029858e-06
Skida1,-1.03836111516293,1.05544168962406e-07,1.44733502088093e-06
Syngap1,-0.48312792921251,1.05834837009202e-07,1.45029602918542e-06
Arg2,2.31688196676866,1.0668688690009e-07,1.45990998124777e-06
Mfng,-1.55608574235281,1.06640348437433e-07,1.45990998124777e-06
Med13l,0.573401313256013,1.07950087525139e-07,1.476050275145e-06
Nkd2,-1.45265308546865,1.08018521475257e-07,1.476050275145e-06
Kars,0.297231010532155,1.08589512873246e-07,1.48280852061398e-06
Rab20,1.51024307448383,1.08877280277287e-07,1.48569250808754e-06
3110001I22Rik,1.01955266415583,1.10718022281036e-07,1.50974877325455e-06
Rbl1,0.781240892399463,1.11663273988548e-07,1.52156893853496e-06
Abi3,-1.68358963837957,1.11861767363954e-07,1.52320402381065e-06
Cracr2b,-0.58763464674527,1.1264357655522e-07,1.53277416513147e-06
Snx10,1.08114973632559,1.15373563717761e-07,1.56882174518531e-06
Arhgap20,-1.79903431942435,1.17356086180636e-07,1.59466211221923e-06
Tox4,0.426261787000942,1.17676581164885e-07,1.59789809721724e-06
Zan,-1.31938821551479,1.22435546187062e-07,1.66135618056906e-06
Fam167a,1.40626013195411,1.24379009933571e-07,1.68654808438226e-06
Cln8,-0.371179132788695,1.26923775267401e-07,1.71985260844179e-06
Nepn,2.91415356137689,1.28709881296337e-07,1.74283777855836e-06
Hist1h1d,-0.707695775247553,1.32751240237863e-07,1.79630757710983e-06
Stip1,0.528680766705739,1.37532720843142e-07,1.85971074232776e-06
Piwil4,1.56048816325527,1.43085642670121e-07,1.93344972867063e-06
Mgat4a,0.58386807070837,1.45349599619267e-07,1.96267476062092e-06
Heatr6,0.304284534285662,1.45506375597856e-07,1.96342539089068e-06
Abhd14b,-0.339243845477482,1.4982697606909e-07,2.02032150357514e-06
A930024E05Rik,-0.831967881690093,1.50764032404152e-07,2.03154533664595e-06
B3galt4,-0.62138832156293,1.51984364287917e-07,2.04656808094569e-06
Kcnk13,-1.56297396211766,1.55169090721974e-07,2.08800349262773e-06
Aff1,0.791069763558069,1.58020227781233e-07,2.12489570330356e-06
Plekhg5,-0.735781898478572,1.59747495104247e-07,2.14663462257813e-06
Tmem194b,-0.788990061691375,1.60759954964721e-07,2.15874475165083e-06
Ankib1,0.21637208630337,1.66546935758612e-07,2.23490784333341e-06
Nek6,0.365142590162476,1.66732354165504e-07,2.23584975827742e-06
Fgf11,-1.14920641255202,1.67639991017168e-07,2.24646849840962e-06
Rad52,0.407893498817254,1.68719060743442e-07,2.2593682916948e-06
Acsl5,0.357964866141241,1.69219192467483e-07,2.264502903889e-06
Patl1,0.304569176858307,1.7159428151263e-07,2.29470395483878e-06
Csrnp3,3.10121819685145,1.72585299308784e-07,2.30636718167193e-06
Mtmr12,0.492607651630489,1.73149018144201e-07,2.31230801656578e-06
Endov,0.322406837831001,1.77573062697134e-07,2.36975770878623e-06
Grasp,-0.630540436231124,1.78447578871838e-07,2.37979162916092e-06
B230307C23Rik,0.619856045231736,1.80122747606725e-07,2.40048200175886e-06
Klhl17,-0.398691348134791,1.86675077892554e-07,2.48609691930482e-06
Crkl,0.208569368325242,1.8776218513058e-07,2.49885969840451e-06
Iqgap1,0.333298361842264,1.8851459408297e-07,2.50715365564493e-06
Kif5a,-0.536963596224725,1.93373005824861e-07,2.57000671577096e-06
Tfdp2,-0.51287511081654,1.95079194425391e-07,2.59072782547772e-06
Hoxa4,-0.967424825546627,1.95199138365719e-07,2.59072782547772e-06
Myc,1.39239603317746,1.97027441301308e-07,2.61320606357524e-06
Acot9,0.291684423494638,1.98346045766776e-07,2.62710353041537e-06
Tmem110,0.356945735162943,1.98331854139755e-07,2.62710353041537e-06
Galnt6,-0.667856689277919,2.00633526366005e-07,2.65558863956751e-06
Bmp2k,1.03800216053046,2.02203763735552e-07,2.67454794241625e-06
Fzd4,-1.0574098310632,2.03205624162069e-07,2.68596861801144e-06
Ak4,0.762771536210313,2.08638597225205e-07,2.7540294833727e-06
Pbx1,-0.32221029828959,2.08549264263981e-07,2.7540294833727e-06
Abcd2,-1.5738392694978,2.10594501615319e-07,2.7779576542105e-06
Enc1,0.410965237774589,2.11063195383752e-07,2.78224880653962e-06
Trim5,1.01032188796248,2.11342157081005e-07,2.78403476985732e-06
Wdr37,0.593134665552704,2.13760835606329e-07,2.81398592544451e-06
Scx,-1.00167841839863,2.14435632032184e-07,2.82095525691695e-06
Il1r2,2.05504136329475,2.17903652827094e-07,2.86463582619033e-06
Kifc2,-0.756570563008783,2.23344238628661e-07,2.93417170369027e-06
Tnfrsf8,2.42756568151195,2.27603253767109e-07,2.98810117462583e-06
Madd,-0.404627923660018,2.32310409509932e-07,3.04783717791124e-06
Pstpip1,-0.477692441108487,2.33088319264722e-07,3.05597685608964e-06
Hdx,0.523273025390272,2.36470644517791e-07,3.09822848495828e-06
Was,-0.601900977443579,2.38694176815652e-07,3.12525088186972e-06
Rcor3,-0.282961052271491,2.40963571188815e-07,3.15283690852851e-06
Thap2,-0.445164076951213,2.42524180183392e-07,3.17111805409605e-06
Mvb12b,-0.286751894582991,2.44556243825077e-07,3.19553491931434e-06
Msrb2,-0.577427981598911,2.46551868284919e-07,3.21944310376889e-06
Tmod2,1.11927904783842,2.46858254054311e-07,3.22127610065222e-06
Klf9,-0.769624077326188,2.50154853115462e-07,3.26209997973954e-06
Insig1,-0.944112717611467,2.52038788512167e-07,3.28445980677642e-06
Pnpla6,-0.401829735753657,2.55366020274396e-07,3.32558540765395e-06
Btbd6,-0.439979013453073,2.55871019245995e-07,3.32992706737042e-06
Ppm1k,0.879595825609033,2.56752651010176e-07,3.33916115295003e-06
Tagap,2.47378820611582,2.61206965450191e-07,3.39481577869759e-06
Trib2,-1.22242102730185,2.62734368528359e-07,3.41238131654905e-06
Sike1,0.319683932963002,2.63253670436603e-07,3.41683894391428e-06
Lpxn,-1.16762356233749,2.71907247062123e-07,3.52679693983518e-06
Ankrd16,-0.275963473228396,2.7720689899592e-07,3.59073609353594e-06
Usp32,-0.255464772534595,2.77190883841215e-07,3.59073609353594e-06
Ccl7,3.21541910395246,2.77465124593687e-07,3.59168330728213e-06
Crat,-0.294139175116243,2.80925516132258e-07,3.63405247668689e-06
Def6,-0.480398821719219,2.9104450175433e-07,3.76244337910795e-06
Etv1,-0.907596473320341,2.93276539658621e-07,3.78625281140112e-06
Golga3,0.163477714529936,2.9309720073373e-07,3.78625281140112e-06
Slc37a2,-1.05191512789682,2.95757594091742e-07,3.81574491739107e-06
Crtc2,0.349908017771243,2.97988191996344e-07,3.84196868936682e-06
Rgl2,-0.409258878256553,2.98531730952466e-07,3.84642078844731e-06
Nol9,0.281149164605729,3.03107458730647e-07,3.90278508905739e-06
Fam217b,-0.630462823234126,3.05167797047092e-07,3.92670817897996e-06
Tbc1d2,-0.743610740763848,3.09962785443248e-07,3.9857640084432e-06
Rnf167,-0.36947956528556,3.1145759070274e-07,4.00233317218275e-06
AI837181,0.443432729771135,3.17576210973388e-07,4.07825863516057e-06
Nfatc1,1.01544421754432,3.21021479810095e-07,4.11977565756289e-06
Adhfe1,1.41153581804757,3.22692402230768e-07,4.13848207064496e-06
Vprbp,0.207389045153645,3.25074347714911e-07,4.16627651457076e-06
Dennd4b,-0.407965004007197,3.2765634585538e-07,4.19659652473782e-06
Mnt,-0.626454059443824,3.27925757073916e-07,4.19727664265321e-06
Cd44,1.04507752500207,3.32823872356524e-07,4.25716177930521e-06
Pcdh20,1.12891396153769,3.34707430348061e-07,4.27843410966652e-06
Clk4,-0.422063675630537,3.37059870757819e-07,4.30566802645472e-06
Appbp2,0.248323313762182,3.49627507536967e-07,4.46327115542586e-06
Mthfd2,0.396207464979697,3.51433333514066e-07,4.48337436128004e-06
Rffl,1.05741330992955,3.52629994513925e-07,4.49568489720645e-06
Jak1,0.171990440693549,3.55728875435192e-07,4.53221477278035e-06
Ido2,1.52114256939703,3.62403603204861e-07,4.61422540458473e-06
Ehd1,1.3375719154771,3.65616358869087e-07,4.65207857540706e-06
Zfp619,0.489394651935732,3.77433815630996e-07,4.79929604095927e-06
Btg2,0.470360607551068,3.8447081319718e-07,4.88557410561761e-06
Chek2,-0.529295507468487,3.8566998514435e-07,4.89760496841686e-06
Galnt12,-0.946012746489074,3.90001107837494e-07,4.94936657716071e-06
Gng12,0.318626105623599,3.91556674061268e-07,4.9658599369182e-06
Ly75,0.727154572308713,3.97455436481978e-07,5.03737772011515e-06
Casp1,1.53538321792537,4.18258467572191e-07,5.29757656969373e-06
Eftud1,0.374248580478142,4.18646299832766e-07,5.29902987733529e-06
Ttc9c,0.349995046262145,4.19700229361363e-07,5.30890694297776e-06
Stau1,0.170217782658939,4.2491835210102e-07,5.37141088219427e-06
Cep83os,-0.465732991339552,4.34541812639615e-07,5.48948524248639e-06
Abhd17c,0.827419140785924,4.37952146848731e-07,5.52896776672269e-06
Ccdc142,-0.591497911411503,4.38534270585595e-07,5.53271715633478e-06
Aatk,-2.4824755947606,4.42075518182944e-07,5.5737708608329e-06
Smpd2,-0.438006733564532,4.4546633789257e-07,5.61287585744639e-06
Tmem41a,-0.557885686207393,4.46013425366719e-07,5.61612232694083e-06
Twistnb,0.716886854752997,4.56302231459322e-07,5.74195103711848e-06
3-Mar,1.20105142916546,4.60959498886271e-07,5.79679722384265e-06
Il1rl2,1.05054047476928,4.65687477694286e-07,5.85170934391714e-06
Psmd10,0.784449487661897,4.65929238113378e-07,5.85170934391714e-06
Pcsk1,0.981775300461918,4.77278784764051e-07,5.99037357022098e-06
Elf3,2.61494442564122,4.82727936314814e-07,6.05484995232879e-06
Tbc1d2b,0.937315413270477,4.96258152014291e-07,6.22053823106285e-06
F730043M19Rik,0.50416300335172,4.96604169999107e-07,6.22085688486938e-06
Ms4a4b,2.01269061534186,4.98268505080862e-07,6.23767875650906e-06
Pgbd5,-1.30568798619567,5.18405786259285e-07,6.48558728341403e-06
Nostrin,-1.05717499294772,5.46239241476877e-07,6.82939835155755e-06
Fgfr2,0.429238320824447,5.67046549259642e-07,7.0849782626105e-06
Slco3a1,1.60959696967909,5.71973359044682e-07,7.14193761834171e-06
Hes6,-0.603140326127313,5.76425983116842e-07,7.19290660861686e-06
Bcl11a,-1.04918716160104,5.81890029515907e-07,7.25642296447728e-06
Phactr2,-0.318958630341595,5.84757876669435e-07,7.28459663490015e-06
Sec14l1,-0.255726528602437,5.84900100864483e-07,7.28459663490015e-06
AU019823,0.512767182533852,5.93996502871229e-07,7.38840265494444e-06
Tarsl2,-0.566125701713887,5.93747888490268e-07,7.38840265494444e-06
Pgap1,-0.715576433526804,6.03334143795307e-07,7.49974101614615e-06
Usp36,0.28763889537858,6.08076609927762e-07,7.55385309797586e-06
Rab27a,-0.86856673279097,6.21231029358865e-07,7.71232686735727e-06
Sema6c,-0.429262333238859,6.28380186383836e-07,7.79609279833245e-06
Gm10614,-1.0372999243383,6.31044660114983e-07,7.8241473385758e-06
Cacnb3,0.706285675587116,6.34550620879566e-07,7.86259275066864e-06
Bend4,-0.872771571123568,6.48503989047344e-07,8.0303582664165e-06
Cd52,0.725565044298114,6.53884968455133e-07,8.09182648463227e-06
Kcnh4,2.14400742350514,6.5896112066104e-07,8.14944651708529e-06
Limd2,0.320125477876167,6.63982510823436e-07,8.20631633122163e-06
AI118078,1.82517319231395,6.75962188539869e-07,8.3490581199412e-06
4931428F04Rik,0.660991555620526,6.78687246634746e-07,8.377383800064e-06
Myo18a,-0.31828695482182,6.92016257811561e-07,8.53648027118597e-06
Lrmp,-0.877394282553519,7.00100855046239e-07,8.63072235788895e-06
Rgs8,2.34983435991323,7.21791000169949e-07,8.89246512209378e-06
Nanos1,-0.829982103502103,7.36007284812249e-07,9.06185618940157e-06
Hrc,1.41346558946795,7.39625881435185e-07,9.09505808178395e-06
Srpk2,-0.263866888568092,7.39641396261342e-07,9.09505808178395e-06
Insrr,2.02087031141039,7.4207947255051e-07,9.1192590787651e-06
Gem,1.28164459101361,7.45184084919309e-07,9.14613700053114e-06
Wasf1,-0.849510935116799,7.45209369090896e-07,9.14613700053114e-06
Trmt1l,0.255255582490782,7.52487750080705e-07,9.22962850983944e-06
Pa2g4,0.19456005917886,7.61423211256684e-07,9.33332658952918e-06
Cacnb2,-1.39913381571286,7.65222612826342e-07,9.37397700712269e-06
Junb,1.48368357050703,7.77954890412015e-07,9.52393482243201e-06
Stap1,0.493091118123152,7.89846133857644e-07,9.66341385963034e-06
Atp2b4,1.91629681349447,8.1070534576699e-07,9.91236706317749e-06
Il16,-1.29220739216091,8.17533587887823e-07,9.98956028927917e-06
Hexim1,-0.834272027490009,8.19044645898543e-07,1.0001725808065e-05
Gm15287,1.64947117775684,8.257333080654e-07,1.00770623331453e-05
Raver1,0.428836580599562,8.27734936142174e-07,1.00951406039615e-05
Eif3a,0.192705260414356,8.53826481268405e-07,1.04068147252086e-05
Gorasp1,-0.418727515541418,8.58344766816117e-07,1.0455318176585e-05
Ppp1r13b,-0.577802933882086,8.60664395003239e-07,1.04769961860997e-05
Tbl2,-0.393802179375327,8.70397312331447e-07,1.05888335100184e-05
Mxd4,-0.626858382133035,8.75616115311248e-07,1.06456485598368e-05
Lphn1,-0.371763992511205,8.85564218616102e-07,1.07598547889961e-05
Pold1,-0.343403110735692,8.86511697444648e-07,1.07646263937522e-05
Pck1,-1.80402485594401,8.88514722478852e-07,1.07822011725951e-05
Smyd4,-0.573039633431189,8.89309437703733e-07,1.0785100205752e-05
Snx15,-0.476482039754144,8.97565907623449e-07,1.08784315250002e-05
Zfp513,0.501883449896685,9.11885791289879e-07,1.10450885731516e-05
Clint1,0.20740828727284,9.39510955293503e-07,1.13725954937711e-05
Gpsm3,-0.642768680774722,9.42002169736619e-07,1.13956422079609e-05
Slc44a1,0.980397245196737,9.49365371014262e-07,1.14775611583556e-05
Cdk18,-0.511416244082936,9.61247757839864e-07,1.16139797591063e-05
Sh2d1b1,-1.47649511587771,9.73817498055965e-07,1.17585281470305e-05
Mgat4b,0.832650671989056,9.77560733379428e-07,1.17963858647353e-05
Lrrc20,-0.278931479362861,9.82647075791997e-07,1.18503939457227e-05
Ddi2,-0.369371619805864,9.86603128353578e-07,1.18907124860701e-05
Ppcdc,-0.43102534005697,1.0031252154834e-06,1.20823349976659e-05
Osbpl2,-0.253777108351427,1.0442431658594e-06,1.25697856019453e-05
Plcg1,-0.240992648117704,1.10676202414826e-06,1.33140795515021e-05
Sik2,0.387187987014382,1.15149404535786e-06,1.3843612426347e-05
Pdpn,0.284807021895499,1.16187407066281e-06,1.39597550880131e-05
Adra1d,-1.76444029308411,1.19517869026619e-06,1.43398748003656e-05
Gas7,0.645747494195122,1.19553616928776e-06,1.43398748003656e-05
Smad9,-1.77278096699929,1.19572858312675e-06,1.43398748003656e-05
Rb1cc1,-0.203839874303264,1.20506481994733e-06,1.44429140001594e-05
D10Wsu102e,0.856141543120399,1.23174422980305e-06,1.47535586636409e-05
Inpp5j,-1.88342411853792,1.23296716710411e-06,1.47584723046558e-05
Lck,1.66008102769536,1.23367563791753e-06,1.47584723046558e-05
Gdap10,1.64158599413074,1.24401059223976e-06,1.48729399456686e-05
Pqlc1,-0.685694210920683,1.25124992841992e-06,1.49502793171553e-05
Tmem19,-0.341457623386208,1.27097359895048e-06,1.51765979778677e-05
Zfp652,-0.34025522395919,1.28105792871696e-06,1.5287606426091e-05
Sec22c,-0.507653489197599,1.2893796462117e-06,1.53774570713533e-05
Zfp160,0.49305242178353,1.2927389096798e-06,1.54080502478051e-05
Plekhm3,0.278926760688657,1.30243491318627e-06,1.55140865902188e-05
C1qtnf1,-0.557940972658105,1.32756339765117e-06,1.58037056245542e-05
Mgat3,-0.809340325461204,1.33252381133443e-06,1.58530300644594e-05
1500009L16Rik,1.118422850359,1.33453814609061e-06,1.58641886927023e-05
Usp48,-0.309719661471236,1.3350968942065e-06,1.58641886927023e-05
Col5a3,1.65623542537078,1.36400360711503e-06,1.61977515253734e-05
Gmeb2,0.300728857362554,1.37532801247772e-06,1.63222414398273e-05
Il17rd,0.647286503195923,1.37869428579082e-06,1.63521906610545e-05
Zfp455,0.79606076246369,1.38805743589866e-06,1.64531866134256e-05
Ahr,0.596423949687244,1.39137560927496e-06,1.64824495252572e-05
Jmjd1c,-0.356662520120355,1.39886188703505e-06,1.6561022608925e-05
Coro7,-0.314059588286639,1.44332191513858e-06,1.70769624642372e-05
Mical1,-0.369869505454952,1.45801635981577e-06,1.72403104484249e-05
Hipk2,0.334172337921993,1.46080594910333e-06,1.72627762706462e-05
Chml,0.462356457460772,1.4743279529095e-06,1.74119656714887e-05
Zfp28,-0.299803581210307,1.49083857237984e-06,1.75962479674321e-05
Pisd,0.25455335469473,1.52379456400088e-06,1.79742916230231e-05
Trim14,1.16852212867516,1.53593377617877e-06,1.81064756943942e-05
Kif13b,-0.31438957609735,1.55072742435351e-06,1.82697722781758e-05
P2rx7,-1.12252987251936,1.55202388779496e-06,1.82739511643043e-05
Ascc3,0.380028784095155,1.56353711075829e-06,1.83983469358119e-05
Sync,0.931590134871774,1.58878472204937e-06,1.86841083313005e-05
Uaca,0.472986887391741,1.5953746097476e-06,1.87502416278271e-05
Il10rb,0.332732454967582,1.60161730581928e-06,1.88008361779294e-05
Irx3,-1.09009324385875,1.60142371837503e-06,1.88008361779294e-05
Cdip1,-0.275671950455041,1.60842186971999e-06,1.88692974365458e-05
Itfg3,-0.179772462410608,1.63251223308728e-06,1.91403428222511e-05
1700007K13Rik,-0.602982816328599,1.63928779482105e-06,1.92081765523597e-05
ENSMUSG00000092400,0.392090058929186,1.64188224198768e-06,1.92269662181828e-05
Plppr3,-0.770255301741423,1.693147740781e-06,1.98153430410823e-05
Fat3,-0.567410519535987,1.73550271978669e-06,2.02987913048469e-05
Lair1,-0.461575415602723,1.76467499109661e-06,2.06275623658064e-05
Msi2,0.250523270871054,1.78678229971471e-06,2.08734038191838e-05
Stac2,-0.712068472800175,1.7922079831277e-06,2.0924189954639e-05
Ube4b,0.294740948565885,1.79689001876073e-06,2.09662380781919e-05
Atg2b,-0.178680425462213,1.80337902626571e-06,2.10293068663821e-05
Socs2,0.658109642849675,1.81580758477218e-06,2.11615197446963e-05
Tjp3,-1.91276716157073,1.82076701345157e-06,2.12065805096124e-05
Kcnq3,0.984708621294516,1.82219966063811e-06,2.12105352219687e-05
Acot11,-0.740106174705805,1.8240773200989e-06,2.12196620618699e-05
Prrt2,-1.61135414851263,1.83873398439907e-06,2.13773482524144e-05
Oprd1,1.9615160723212,1.84655970374422e-06,2.1455475743385e-05
Lats1,0.223898657202215,1.85090084883408e-06,2.14930461225473e-05
Gm11772,1.4213676358007,1.8819480435134e-06,2.18405022944581e-05
Fn3k,-2.08820436751104,1.88573656468869e-06,2.1871388105929e-05
Sirpa,-0.810294677445028,1.91929331509203e-06,2.22236174607623e-05
Aloxe3,0.814114688986276,1.91954147929487e-06,2.22236174607623e-05
Calcrl,0.753948615363109,1.91820460509906e-06,2.22236174607623e-05
Zswim5,1.55931189051293,1.97655160248763e-06,2.28700103128622e-05
Pus1,0.380633094586689,2.01558083272798e-06,2.33077058869212e-05
Arhgef2,0.440044303609507,2.03416476749049e-06,2.35085962765845e-05
Zfyve21,-0.578941639721605,2.05634043137088e-06,2.37507319823337e-05
Adck3,-0.493218985932399,2.0741391958546e-06,2.39420564880206e-05
Phlpp2,0.404674037110318,2.10469196282098e-06,2.42802870669312e-05
E2f2,-1.86339419319259,2.12125641404645e-06,2.44568386560649e-05
Efr3b,-0.595558963692042,2.1511838502303e-06,2.47871564310384e-05
Slc45a4,0.404508649648692,2.18604865153744e-06,2.51739394863101e-05
Rnf144b,-0.947111411181482,2.19140967322008e-06,2.52207077693727e-05
Cmya5,-1.20573362971016,2.1988095679636e-06,2.52908718771581e-05
Gpsm2,-0.699322977584,2.20813985514991e-06,2.53831432164271e-05
Phlda1,1.20973919339935,2.22265589612933e-06,2.55348815917665e-05
Gca,0.739819849260785,2.23939607552038e-06,2.57119771889926e-05
Ppp1r3b,-0.90352461985327,2.24223251241708e-06,2.57293197344418e-05
Cpt1c,-0.26249132066425,2.24841242626755e-06,2.57849850586853e-05
Hspa12b,-0.428252369302905,2.25333082923075e-06,2.58261260545739e-05
Rap2c,0.509172166925242,2.28288707683221e-06,2.61494337891689e-05
Ppa1,0.270146693319118,2.28832040558245e-06,2.61962059881545e-05
Coro1a,0.508815745505403,2.30246216204826e-06,2.63425564813588e-05
Ppp6r1,0.431939877483844,2.31186665231218e-06,2.6434567190021e-05
C2cd5,-0.63624479208422,2.3143107146759e-06,2.64469288030455e-05
Plekha4,1.01492081531003,2.32176773061838e-06,2.65165279840607e-05
Jarid2,-0.39940973432707,2.33652286502309e-06,2.66693468664165e-05
Tor1aip2,0.756348441766291,2.34561395577818e-06,2.67573740140622e-05
1700047I17Rik2,0.477218964498922,2.36909836147218e-06,2.70093916604032e-05
Prpf38a,0.575148608917293,2.38580437360828e-06,2.71838802498503e-05
Klf3,-0.500285734466858,2.4024175751929e-06,2.73571071766685e-05
Tnfrsf4,1.28639426805119,2.44805723134229e-06,2.78604706844374e-05
Fam227a,-0.624070014507501,2.46762407884213e-06,2.80666926294565e-05
Cd300ld,-0.607836269495198,2.48913441605798e-06,2.82947652074921e-05
Cdpf1,-0.417826552670297,2.50118310563084e-06,2.84150802000356e-05
Tnks1bp1,0.783766918866013,2.50932737276111e-06,2.84909235465516e-05
Fhdc1,-0.65033338246689,2.57396932157361e-06,2.92077781963826e-05
Lipa,-0.351885152542334,2.59161985251621e-06,2.9390877626081e-05
Wfdc17,0.474886082843496,2.64493850266204e-06,2.99780296177886e-05
Cdyl,0.342537144334155,2.66397899116219e-06,3.01762103587339e-05
Mal,2.27345103686307,2.6919901104088e-06,3.04757153456081e-05
Pcdh17,0.790979436708898,2.71335175500638e-06,3.06996369995007e-05
Nipal3,-0.621222815484658,2.75092383656441e-06,3.11066003057668e-05
Sgk3,0.86150368240853,2.79174952479355e-06,3.15498589278357e-05
Nlrc3,-0.518326348209163,2.82876725702729e-06,3.19495924652837e-05
Spred1,0.717063360299118,2.83629909707567e-06,3.19974114416607e-05
Shpk,-0.543577773709699,2.83535713150413e-06,3.19974114416607e-05
Igfbp4,-0.432132936952531,2.8455268134415e-06,3.2082860132492e-05
Tiparp,0.342506633809092,2.84781687902241e-06,3.20900341002037e-05
Slc7a11,2.49618509413551,2.86131516375379e-06,3.22234239335336e-05
D17H6S56E-5,1.43326760767087,2.89697116114085e-06,3.25871469047983e-05
ENSMUSG00000082946,1.96773128927112,2.89625679347581e-06,3.25871469047983e-05
Arhgap32,0.332367269071629,2.90966704452763e-06,3.27109961367405e-05
1600002H07Rik,-0.411538204416707,2.99393265527805e-06,3.36388356936974e-05
Irf2bp2,-0.636240617242841,2.99821493181576e-06,3.36674551718478e-05
Per1,-0.570723763525196,3.02818441106036e-06,3.39843205970013e-05
Itga2,2.0857445999491,3.03073013553299e-06,3.39932297976198e-05
Nat10,-0.251949310154863,3.06686623790604e-06,3.4378666944153e-05
Gm16793,1.50175836980745,3.13504387515552e-06,3.51226278022619e-05
Apobec3,0.883166222592877,3.15958753899201e-06,3.53771705750726e-05
Tubb3,-0.430296418245105,3.18347753684214e-06,3.56241050316522e-05
Pik3r1,0.374891548000776,3.18637822666933e-06,3.56360133200528e-05
Wdr35,-0.290698296922595,3.19987885582142e-06,3.57663878561975e-05
Rab4a,-0.348170867244015,3.28716436257252e-06,3.67208619984786e-05
Ints6,-0.26216641755206,3.29184024961884e-06,3.67519379767572e-05
Paqr7,-0.844709002244465,3.31805504291461e-06,3.70233122787321e-05
Arhgef7,-0.267289383019845,3.3209225044933e-06,3.70340116535563e-05
Slc25a28,0.63531281839451,3.33622305692732e-06,3.71832694983444e-05
Hoxa5,-1.20302591750205,3.43226568062025e-06,3.8231735514785e-05
Ktn1,0.357555711357827,3.43814138890549e-06,3.8275212570466e-05
Rasgrp3,-1.83794450446355,3.44630470105843e-06,3.83440919835653e-05
Gm8979,1.99952353352604,3.44830789768353e-06,3.83443933791697e-05
Cfap69,0.774495126922343,3.55632327805785e-06,3.95228504509935e-05
Erbb2ip,0.296668565670521,3.57709976859582e-06,3.96959852959509e-05
Rab3ip,0.351576942099966,3.57803949096156e-06,3.96959852959509e-05
Zfp346,-0.285319391702034,3.57467800392257e-06,3.96959852959509e-05
Rhox4g,2.47733914852823,3.631112020668e-06,4.02617700851668e-05
Faf2,0.174300115806043,3.64020126032818e-06,4.03395004314152e-05
Snx4,0.165533877264465,3.64328526746862e-06,4.0350632037649e-05
Nadk,0.251256471728511,3.67283563146041e-06,4.06547076970096e-05
Zbtb17,0.515398574779546,3.69557583211818e-06,4.08830977459642e-05
Usp2,-0.765772145981428,3.70974908313085e-06,4.10165078114364e-05
Gm15939,2.0155697528858,3.73125753770656e-06,4.12308207640422e-05
Ciita,1.78405389845717,3.75615160210162e-06,4.14586835535721e-05
Zdhhc21,0.320990491155566,3.7557798549913e-06,4.14586835535721e-05
S1pr2,0.432000388906418,3.78283744024207e-06,4.1729492717713e-05
Ehf,1.95161148043308,3.79318526233729e-06,4.18198675172686e-05
Slc4a2,0.508925743275788,3.89827014207514e-06,4.2954022621707e-05
1700021K19Rik,-0.356371359332156,3.99137115448628e-06,4.39359007288772e-05
Zfp647,-0.577406867730694,3.99190852324317e-06,4.39359007288772e-05
Klf7,0.377391757600456,4.01672826008882e-06,4.4184010860977e-05
Fpgt,-0.53162856095873,4.02579476678186e-06,4.4258652495544e-05
B230206H07Rik,1.65529201765358,4.09541589648372e-06,4.49985560902436e-05
Hist1h2ad,-0.960700198629897,4.10979324945196e-06,4.51309723895676e-05
Zfp810,-0.73515753639699,4.1359763450347e-06,4.53928082573831e-05
Ms4a6b,1.10181389828851,4.1753370336476e-06,4.57988919168445e-05
Zfp354c,-0.46613525467741,4.1870404770594e-06,4.59013183146105e-05
Mon1b,0.314639560184618,4.26449750666977e-06,4.67085039077905e-05
Slc7a7,1.88560421723724,4.26548489613506e-06,4.67085039077905e-05
Rab3d,-0.397748220165565,4.32777088225782e-06,4.73638275235932e-05
Miip,-0.26518967023187,4.35340848680517e-06,4.76175525805905e-05
Fa2h,2.99570257194187,4.38100360833744e-06,4.78923909950308e-05
Reps1,0.354178499889879,4.39127273269471e-06,4.79776216808604e-05
G0s2,-1.49937189430126,4.50748842012483e-06,4.92196428272944e-05
Pik3cg,-0.633936492263324,4.54136481993777e-06,4.95616664601082e-05
Parp16,-1.12537210430836,4.6380410806133e-06,5.05882794425073e-05
Ctns,-0.492500679370623,4.71158785560347e-06,5.13616015450167e-05
Rnh1,-0.303727261601507,4.73111022248631e-06,5.15454591561619e-05
Cdkn1b,-0.675355413727474,4.74228357609415e-06,5.16381989396918e-05
Sos1,0.22068086340022,4.86052811645482e-06,5.28960670620804e-05
Habp4,-0.240033052478687,4.94752910132847e-06,5.38126988128798e-05
Sipa1l2,-0.473897699706604,4.96664741756447e-06,5.39903789862302e-05
Adcy9,-0.695126671888124,5.05620552903603e-06,5.49331534632784e-05
Gm21781,-0.314875928305129,5.1358392698046e-06,5.5735920129356e-05
Map4k5,-0.449796967332492,5.13368940855414e-06,5.5735920129356e-05
Caml,0.361934680607398,5.20803114954389e-06,5.64877788852709e-05
Fnip2,-1.07612404568974,5.21682214894638e-06,5.65515178648914e-05
Cx3cr1,-1.70746213132298,5.2608848311632e-06,5.69973251054666e-05
Tmc7,0.983411638776368,5.27268127637613e-06,5.70932519457603e-05
Cdc42bpa,0.309217878340409,5.31273699171602e-06,5.74948960330495e-05
Nup62,0.362103860373618,5.37266168095887e-06,5.81109962415418e-05
Tbc1d1,0.728319633210097,5.38415420784205e-06,5.82028569632129e-05
Pde7a,-0.409116763587787,5.39363603375322e-06,5.82728917588795e-05
Oxr1,-0.303486647967437,5.43830431979109e-06,5.87227918871599e-05
Bhlhe41,-1.47024675057315,5.45324411258561e-06,5.88513619358238e-05
Gm16300,0.463103774343605,5.53298140761659e-06,5.96786944043315e-05
Nup93,-0.301751325090903,5.56109547814142e-06,5.99486092543645e-05
Mapre1,0.151504378605169,5.57759558958065e-06,6.00930954026779e-05
Pycard,-0.784174802368514,5.62547870319029e-06,6.05753544709792e-05
Nxpe5,-0.845973780508084,5.68118378183425e-06,6.11412590697236e-05
Tsc22d1,0.351230782141596,5.79570704911646e-06,6.23391904551307e-05
Phtf1,0.203604839678921,5.86217840098941e-06,6.30192297467027e-05
Tcp10b,2.37626124469919,5.92596887084544e-06,6.36697120541998e-05
St3gal3,0.709144439578864,5.95078905275448e-06,6.39010020916701e-05
Nt5c3,1.19034391467999,5.95842849682263e-06,6.39476474293951e-05
Rab35,0.445665098377539,6.00090703918678e-06,6.43679381914761e-05
Il6ra,-0.912694643776584,6.07792311791547e-06,6.51580221989125e-05
Rgs11,-0.761204782527505,6.20083577013378e-06,6.6438993530467e-05
Fmnl3,-0.577968028722308,6.3300805712185e-06,6.77716395807261e-05
Gm11218,1.37609774382039,6.33219864769411e-06,6.77716395807261e-05
Fgf7,0.658094014014436,6.33674784098081e-06,6.77829410729832e-05
Iqsec1,-0.570617160255395,6.35032132799438e-06,6.7890708015649e-05
Xpo5,0.321011055718395,6.36676153169656e-06,6.80289872032159e-05
Lonrf1,-0.378587446353261,6.37687825593297e-06,6.80995848531224e-05
Vash1,1.62914874984559,6.3852342417703e-06,6.81513120062217e-05
Ccser2,0.266102857924706,6.39011923180803e-06,6.81659557855981e-05
Mms19,-0.311075794439438,6.39642316314572e-06,6.81957115701537e-05
Mcf2l,-1.16098284765922,6.49108801938338e-06,6.91669807403159e-05
Ap5s1,-0.630870353423541,6.62590489416703e-06,7.05647961396362e-05
Ephx1,-0.247613997179034,6.6822109653651e-06,7.11254095293167e-05
Rgs9bp,-1.26207846906352,6.74339792751068e-06,7.17373318998998e-05
Daam2,-0.619228252134555,6.76655496637023e-06,7.19442370232592e-05
Wdr7,-0.420447874155698,6.8046162816905e-06,7.23092959090484e-05
Ccdc3,0.757772816026683,6.90046297006428e-06,7.3287675682062e-05
Ppfia4,-0.760579001244873,6.98691850066832e-06,7.41652990081883e-05
Palmd,-2.75248910486642,6.9924264751405e-06,7.41831838838854e-05
Gng4,1.54345667504246,7.00985516987884e-06,7.43274479324202e-05
Adrb3,-1.08477457011368,7.03974159360004e-06,7.4603575031248e-05
Eif1a,0.474284983504419,7.16105044082305e-06,7.58477198437393e-05
Pdpk1,-0.227325494827766,7.20226609324225e-06,7.62426466302633e-05
Apip,0.263419534451093,7.26423120685705e-06,7.685667521148e-05
Tgm2,0.681903137226995,7.36046099225074e-06,7.78323624488465e-05
Dolpp1,-0.436896135536996,7.42623084308556e-06,7.84850671455513e-05
Tmem67,0.769983655476864,7.46299570325177e-06,7.88306851529109e-05
Eif4ebp2,-0.295396465924849,7.50505190005494e-06,7.92317883942688e-05
Gpr123,-1.23764181007242,7.5428405826019e-06,7.958742722393e-05
Afap1l2,0.428515560506259,7.56419837346972e-06,7.97694050210905e-05
L3mbtl1,2.16047860394324,7.57259579600841e-06,7.98145838271305e-05
Sox4,-0.579563534631969,7.65389034266851e-06,8.06276266064819e-05
Wwp1,-0.353782225398735,7.68686307648731e-06,8.09310315443081e-05
4732463B04Rik,1.47145482319229,7.77050396854054e-06,8.1767277117983e-05
Spata2l,-0.859669757609006,7.81414577950386e-06,8.21819429298064e-05
Eno2,1.33790972346893,8.01593884795113e-06,8.42585468069576e-05
Tmem170b,0.518938644919392,8.122014886842e-06,8.53273291089779e-05
Rprm,-0.59839043810511,8.15674396257356e-06,8.56458116070223e-05
Rbm47,0.74580486922261,8.17904888606746e-06,8.58335665685522e-05
Milr1,1.09576828928219,8.61611289884653e-06,9.03713809130908e-05
3110062M04Rik,0.399685833992937,8.65039441896095e-06,9.06819304729975e-05
Pparg,-1.37618016582883,8.65721347080559e-06,9.07044115483324e-05
Fzd6,-0.949283760168828,8.70859852483912e-06,9.11935487188226e-05
Cds2,-0.253368714530384,8.71790322105017e-06,9.12417443911852e-05
Htra2,0.351105754712694,8.84930054863965e-06,9.25670230974684e-05
Tmem200b,1.53731855576038,8.86929719542651e-06,9.27262083944268e-05
Etl4,0.796804280124781,8.9194144043017e-06,9.31999553586808e-05
Snx24,-0.586557465933205,8.98302258413076e-06,9.38140851574129e-05
Fem1c,0.324458879588034,9.03552804683235e-06,9.43116655302501e-05
Tgs1,0.412538807556792,9.151474010304e-06,9.54705385462037e-05
Vmn1r-ps128,1.16869077668658,9.21042403232372e-06,9.60338892655612e-05
Tfcp2,-0.235337457603765,9.23183771081434e-06,9.62054666705916e-05
Pex1,-0.237253962149074,9.24865590798381e-06,9.63289958338797e-05
Aldh4a1,-0.501394839139446,9.31520541447795e-06,9.69700889820441e-05
Acaa1b,-0.790777574205095,9.41792659924016e-06,9.79868352448558e-05
Ppp1r15a,0.662508017214448,9.46208611426317e-06,9.83408242962842e-05
Rbm20,-1.24938847054509,9.45751109242599e-06,9.83408242962842e-05
Trp53bp2,-0.286936432663491,9.53303823584138e-06,9.90252001757314e-05
Cox18,0.320717462059808,9.57447776364654e-06,9.93847957948421e-05
Gm26543,2.6164891450086,9.57789982149839e-06,9.93847957948421e-05
Apbb1,-0.52082503196361,9.59120325374204e-06,9.94696461440997e-05
Arhgap31,0.522939212468134,9.6053381599707e-06,9.95630243889271e-05
Gm9869,1.33096326832237,9.96758567927567e-06,0.000103262697555
Bsn,-0.957096411425687,1.01225741346618e-05,0.0001048123951488
2610008E11Rik,-0.777918309051501,1.01484977157377e-05,0.0001050247731606
Arhgap17,-0.237677369772905,1.01655598954899e-05,0.0001051452687697
Mb21d2,0.836649316946381,1.01749235120958e-05,0.0001051860499886
Numa1,-0.259623303711538,1.03399259200955e-05,0.0001068348895386
Clmn,-0.945078723559883,1.03530654786297e-05,0.0001069137214195
Otud1,0.854367918741452,1.0404402006141e-05,0.0001073867109187
Bag2,-0.327719742660006,1.0470706820739e-05,0.0001079562142134
Sh3bgrl2,1.33415307110407,1.04698657371737e-05,0.0001079562142134
Usp16,0.331550971198885,1.05141336714189e-05,0.000108346388614
Mamstr,-0.849576017866516,1.05489317579439e-05,0.000108647278042
Xkr8,0.338272151792328,1.0605783356182e-05,0.0001091748648505
Ccdc28b,-0.680659491554482,1.06855866551961e-05,0.0001099380294047
Hif1a,0.462570068205938,1.0815691194709e-05,0.0001112176321897
Snca,-1.196486550238,1.0828296775893e-05,0.0001112882789403
E2f3,0.315120035680365,1.08799450131536e-05,0.0001117599010244
Gtpbp2,0.459422878579175,1.09507440642068e-05,0.0001124276390591
Sla,0.579843683437638,1.1011560404011e-05,0.000112992235896
Psme2b,1.14493286712107,1.11197258013825e-05,0.0001140418390327
Dnajb2,0.423648855967439,1.12905638680264e-05,0.0001157327529293
Usp13,-0.326475315250207,1.13096643503052e-05,0.0001158673321295
Frmpd1,-2.69224371833012,1.13547416835217e-05,0.0001162677612807
Klhl2,0.811547291686784,1.13914898197604e-05,0.0001165825255604
Mapkbp1,0.935092096474073,1.15877842364358e-05,0.0001185289221527
Klf4,-0.741860274397526,1.16751397565114e-05,0.0001193595425897
Pgs1,0.28326689634522,1.16874104246026e-05,0.0001194220704997
Dock8,-0.625165663861075,1.17230372575672e-05,0.0001197230604978
Zfp704,-0.436859964754301,1.17327086595373e-05,0.0001197588000156
Acvr1b,0.283538352655082,1.17966924400967e-05,0.0001203485910134
Sec22a,0.40859107988162,1.18242478678684e-05,0.0001205663193001
Nup153,0.270886804983268,1.18592789342798e-05,0.0001208600044331
Apaf1,0.329848295935439,1.19533605859218e-05,0.0001217548602673
Robo1,0.421208007627498,1.21809693184939e-05,0.0001240081472487
Syncrip,0.202714143576765,1.22268243600262e-05,0.0001244097010393
Tmem128,0.290375213033054,1.24346703143803e-05,0.000126458250933
Nova2,-0.762237204072535,1.24466587786422e-05,0.0001265138642958
Nhs,0.770560611802758,1.25158115888847e-05,0.0001271501612935
Gm16161,1.48920141293861,1.25825869759553e-05,0.0001277616523712
Gpr183,-2.14537018443312,1.27601823205718e-05,0.0001294971640943
Kif7,-0.415871686541393,1.28292434193762e-05,0.0001301299735021
Shf,-0.411834882481266,1.28712227769699e-05,0.0001304815338457
Slc41a3,-0.376482007448247,1.2877351953961e-05,0.0001304815338457
Ppp1r3d,-0.986068778596058,1.29400051825196e-05,0.0001310479439256
Larp1,0.5265810774569,1.30899268826448e-05,0.0001324971002769
Ppan,0.593437616673162,1.31570181633964e-05,0.0001331067676968
Rnf14,0.548176451243099,1.32430437557391e-05,0.000133907254318
4930429B21Rik,-0.552804679200563,1.32608890727503e-05,0.0001340178601914
Scyl2,0.439955512349167,1.3366271708828e-05,0.0001350125644133
Rab40b,-0.833842755009873,1.33826120703925e-05,0.0001351072864796
Wipf1,-0.357013759387136,1.34357173216979e-05,0.0001355728855487
Ppp1r12b,1.69721525359486,1.34746013511762e-05,0.0001358945762048
Ap4e1,0.316272437938804,1.35577649748216e-05,0.0001366622709462
Smap2,0.269920926983548,1.35685395134786e-05,0.0001366998653787
4930453N24Rik,0.614490015840743,1.36753217483743e-05,0.0001377041739519
Snx21,-0.475364327439102,1.37240331981859e-05,0.0001381229980174
Map3k5,0.766586603465988,1.37627897420311e-05,0.0001384412504688
Mapk1ip1,-0.526051139337581,1.3796179214507e-05,0.0001387052132011
Mapk1ip1l,0.284612664875394,1.38089630614855e-05,0.0001387618432133
Asb10,-2.12904749975414,1.43337403966054e-05,0.0001439606100702
Klhdc7a,-0.918871001903345,1.43447753250371e-05,0.0001439969065737
Pabpc5,-1.5135689394652,1.43745295808114e-05,0.0001442209782761
Ubtd1,-0.475651565190349,1.44637906797204e-05,0.0001450415474673
Lilrb4,1.020966045718,1.44796499808741e-05,0.0001451255827628
Arhgef11,-0.217481168589593,1.45907635665055e-05,0.0001461535419198
St18,0.773669677811758,1.45972770686783e-05,0.0001461535419198
Prokr1,-1.33459548774323,1.46172239574427e-05,0.0001462777790975
Plcb2,-1.18512013026877,1.47181661232917e-05,0.0001472120079671
Csnk2a2,0.218296362883031,1.49080909120969e-05,0.0001490348253778
4930404N11Rik,-1.31738015524889,1.49387734667797e-05,0.0001492646551747
Tfcp2l1,1.03625476762339,1.49877919186262e-05,0.0001496773620118
Sema6b,-1.23001367663606,1.50591976178676e-05,0.0001503131021487
Gm17193,0.890749681005089,1.50997635609406e-05,0.0001506405203786
Gosr2,0.167776512385356,1.52734830461757e-05,0.0001522953057697
Glul,-0.31952948196979,1.5515085826796e-05,0.0001546249231551
Hvcn1,0.787501811448649,1.56406548574416e-05,0.0001557963382206
Hoxa7,-0.524681366629305,1.59205438685068e-05,0.0001585029416236
Naa15,0.394718043860238,1.59802670111044e-05,0.0001590159492735
Erp29,-0.28754556956653,1.61522736342991e-05,0.000160645165351
Inpp5e,-0.253449931234432,1.64152210421389e-05,0.0001631767157283
Dgkd,-0.432871128150442,1.66787998423539e-05,0.0001657119468208
Pik3r2,-0.450132631191495,1.67063169813311e-05,0.0001659003964717
Fzd2,-0.729385872024005,1.6722028433912e-05,0.0001659714781235
4632428N05Rik,-0.484595513778706,1.69078512676544e-05,0.000167730033741
Tex14,1.50598702781795,1.70239147991598e-05,0.0001687951163836
Sel1l3,-0.765778856947304,1.70375900689531e-05,0.0001688444319192
Rbfox2,0.332485338167945,1.70825306402959e-05,0.0001692033815948
Elk4,0.378550335648268,1.70951575522567e-05,0.0001692420597673
Csdc2,-0.828716507055973,1.73718068130137e-05,0.0001718931868433
Sbds,0.563421880871256,1.75974719147013e-05,0.0001740373827894
Trim69,1.18020222060978,1.7745230103854e-05,0.0001754092944142
Foxh1,2.92604581502565,1.79570827592805e-05,0.000177413051864
Nupl1,0.248908101036994,1.82277540400541e-05,0.0001799955925665
Arid1b,-0.339546805537683,1.8460383119806e-05,0.0001822000376687
Tbl1xr1,-0.702577757660583,1.8712821353891e-05,0.0001845976540675
Spryd7,0.83156494785926,1.87387404778865e-05,0.0001847594106874
Zbtb21,0.414238199949406,1.90360947090345e-05,0.0001875959277471
Purb,0.308542582365017,1.91325700580545e-05,0.0001884509590895
Cep97,-0.265267858788959,1.91773957427593e-05,0.0001887966448465
Mbd1,0.331289739297905,1.93069698575066e-05,0.00018996818117
Nol4l,-0.401794319472714,1.93159771927657e-05,0.00018996818117
C920009B18Rik,0.609582088814194,1.93475910067403e-05,0.0001901752622227
Gm16907,-0.446411065427837,1.93566348634286e-05,0.0001901752622227
Ndrg1,0.84361112317349,1.94892323427164e-05,0.0001913811054544
Ccdc34,-0.396573924838013,1.96875558493089e-05,0.0001932308212948
Fam69c,1.81725190521478,1.97194618870864e-05,0.0001934461266213
Fbxl22,0.855613582663368,1.98937115092367e-05,0.0001950568863694
Ptgs2os,1.01765532759083,2.00840957014765e-05,0.0001968241378744
Tusc5,1.23294844234533,2.02187760299469e-05,0.0001980439828799
Mmp19,-0.425114145195863,2.03282157988296e-05,0.0001990154890819
Nceh1,-0.859293369930306,2.068987792438e-05,0.0002024540550906
Zfp414,-0.434182391122774,2.10700935419643e-05,0.0002060706124436
Rrp8,0.258614733088086,2.11199474521458e-05,0.0002064541362022
Agfg2,-0.555174581675933,2.12295557254203e-05,0.0002074210973293
Ltv1,0.372637097139325,2.12717582698499e-05,0.0002077288361691
Lmln,-0.518574215931504,2.1325035487708e-05,0.0002081443604645
Osbpl7,-0.323497638370565,2.14049273666454e-05,0.0002087141761921
Plekhn1,0.492722764233702,2.13952559468041e-05,0.0002087141761921
Tnfaip6,0.922344604580795,2.22704794225896e-05,0.0002170448933781
Ccnt2,0.269809664350593,2.25723918667764e-05,0.0002198768533046
Hykk,-0.500561512926042,2.2788373042059e-05,0.0002218693379368
Eya4,-0.929199708750631,2.2837450801806e-05,0.000222235654643
Ccdc63,1.12764848270907,2.28559109606715e-05,0.0002223038076595
Tet2,0.463285678237989,2.28695721035382e-05,0.0002223252390265
2310014L17Rik,1.40288045290787,2.29917559434385e-05,0.00022340111784
Twist2,0.868410941705792,2.30471846152361e-05,0.0002238276127497
Airn,-0.753999392909073,2.31111827546945e-05,0.0002243368635178
Fdxr,-0.481463755555344,2.33565428231493e-05,0.0002266051784701
Hoxb9,-0.242340843121106,2.36043287242436e-05,0.0002288947499076
Msx2,0.994742306296801,2.39995748219214e-05,0.0002326112636586
Gm5475,2.04539797719604,2.41332418110067e-05,0.0002337900270098
Dok3,-1.08157147435173,2.44438010270204e-05,0.0002366803967706
Eda2r,0.347151765985621,2.45026921885983e-05,0.0002371322888915
Pvrl2,0.835402617597736,2.47237593923742e-05,0.000239152456256
Gm13889,2.39234367244634,2.49210420179269e-05,0.0002409406573571
Agfg1,0.416665993199823,2.49437425439711e-05,0.0002410400300414
Ppp2r2a,0.426568860569735,2.50757147008801e-05,0.0002421947078426
Hip1,-0.4651188779628,2.53324702693538e-05,0.000244552862242
Olfml2a,1.11342598345482,2.54430401468824e-05,0.0002454981357583
Fbxo34,-0.333642031636108,2.56191678515491e-05,0.0002470747181866
Asb13,0.698415715952325,2.56515828165969e-05,0.0002472644376419
Stxbp5,-0.437634801352108,2.56909774172037e-05,0.0002475212144009
Gm17555,0.510071397115271,2.61403614460084e-05,0.0002517258429272
Acaa1a,0.445662327069617,2.63402979563233e-05,0.000253399673547
Atxn7,0.330942500298116,2.63309931627097e-05,0.000253399673547
2310067B10Rik,-0.392750544592262,2.63852700854133e-05,0.0002537065315844
Gldc,-1.03858237582838,2.64464831176481e-05,0.0002541691720727
6530409C15Rik,0.995119555262488,2.66873568704214e-05,0.0002563571647097
Gamt,-0.453216128690912,2.73707500994079e-05,0.0002627917045665
Vmac,-0.513887593906257,2.73961217623723e-05,0.0002629052159629
Stk38,0.222022545125933,2.7466176752992e-05,0.0002634472040113
Snai2,-1.3424873446472,2.76223444517749e-05,0.0002648142152876
Gm4117,0.484220481620666,2.80224631444227e-05,0.0002685174690638
Tmem158,-0.811455333302483,2.81197803664269e-05,0.0002693169882675
Hdac5,-0.567590572333093,2.82478035957356e-05,0.0002704096600748
Rab36,-0.540511579775439,2.88838255694356e-05,0.00027636181033
Stat3,0.193063154866586,2.89970979598869e-05,0.0002771722604993
Zfp593,0.41522208504773,2.89853388393455e-05,0.0002771722604993
Slc19a2,-0.308627024032865,2.91424411541642e-05,0.0002784243860932
Wbp1,-0.307899893657359,2.93887528248592e-05,0.0002806394487271
Adrb2,-0.93608634454294,2.97119549771739e-05,0.0002835862146468
Tcta,-0.325397214365076,2.98054788189788e-05,0.000284338992627
Pacs2,-0.391713237651472,2.98353344029893e-05,0.0002844839453344
Mdn1,0.342750813121795,2.98770563665852e-05,0.0002847418476116
8430408G22Rik,2.12243014509773,3.04613724362834e-05,0.000290025746199
Bpnt1,0.239067353179826,3.04478058660296e-05,0.000290025746199
Dok2,-0.954407724390232,3.05171977113799e-05,0.0002904147642921
Atp13a2,-0.645655946325636,3.06257217801975e-05,0.000291304659521
A430046D13Rik,-0.795418007253987,3.06427960622699e-05,0.0002913242600648
Ggact,-0.325390348561801,3.09716939892551e-05,0.0002943069295629
Ttc23,-0.439189742789533,3.10461947590195e-05,0.0002948704665217
Gm7030,2.47281158904854,3.11594527549019e-05,0.0002958013802622
Gm6904,2.9628229529769,3.15499803476782e-05,0.0002993622585165
Eps8,-0.774473741199117,3.17105176497962e-05,0.0003007384577109
Dnm3os,-1.1582556622322,3.20278408453369e-05,0.0003035995230888
Rere,-0.51566388621847,3.22203037708249e-05,0.0003052747921724
H2afy2,-0.452833866222632,3.2353721504681e-05,0.0003063267007745
Mtap,0.259282175768658,3.23944748499958e-05,0.0003063267007745
Reps2,-0.899318681410826,3.23742762455927e-05,0.0003063267007745
Slc17a6,-1.50985355604689,3.2393647073144e-05,0.0003063267007745
2510002D24Rik,-0.478525509920809,3.26870667410666e-05,0.0003089429337767
Fam89a,0.95812761989577,3.28917043791821e-05,0.0003107257214087
Lrrc75a,-0.482256365326838,3.32180019242312e-05,0.0003136555276582
Ier5l,-1.40313239483797,3.32736236029291e-05,0.0003140279145871
Ttyh2,-0.334769906954979,3.34192036967422e-05,0.0003152485311286
Btbd11,-0.44499384722583,3.39392801233803e-05,0.0003199989268775
Usp6nl,0.310473295567233,3.41538778482975e-05,0.0003218658794406
Rcl1,0.654267226302701,3.419422828519e-05,0.0003220897114785
Hcn1,1.58832304011834,3.42654345010936e-05,0.0003226038287526
Pcgf2,-0.445217211941755,3.43915726752929e-05,0.0003236343725467
Nphp3,-0.300891537278376,3.45655233998609e-05,0.0003251136287207
9930111J21Rik2,0.974095881950554,3.47464550889336e-05,0.0003266570806907
Qtrtd1,0.494935578824892,3.48662026075276e-05,0.0003276241139934
Dtwd1,0.650901582978489,3.53236681341439e-05,0.0003317620796103
Mef2c,-1.09652993379771,3.53523340129235e-05,0.0003318706769166
Cyp4f17,-0.274647636133597,3.54745949100907e-05,0.0003328573692627
Aftph,0.57691689937536,3.61548706558981e-05,0.0003390764186597
Ccdc184,1.62540314062841,3.63648421767824e-05,0.0003408808684049
Acp5,0.995804062137758,3.65870288638187e-05,0.0003427980241784
A930004D18Rik,-0.927320709410237,3.70528074229055e-05,0.0003468271467602
Zcchc14,-0.298640810179037,3.70524597410522e-05,0.0003468271467602
Zrsr1,-0.66927637375245,3.75500448879911e-05,0.0003513119918064
Map4k1,-0.682328621242185,3.79079364690784e-05,0.0003544894454197
Hmha1,-2.15537100091816,3.80747480973897e-05,0.0003558778478235
Pde4a,0.726564430881566,3.81181948891671e-05,0.0003561123994363
Gm8822,0.506018728015759,3.8183042166987e-05,0.0003565465592917
Egr1,1.16578152559665,3.82177082953108e-05,0.0003566986107562
1700025G04Rik,-0.577573394425347,3.87434472858577e-05,0.0003614316591994
Ctnnal1,-0.515332399977427,3.88015197009117e-05,0.0003617994657743
Gm26586,0.824983013194571,3.90515793006527e-05,0.0003639562174591
Tmem57,-0.240501835552418,3.93811021152149e-05,0.0003668511307938
Fam131b,-0.461711342586052,3.94416567661674e-05,0.0003672389193333
Trib1,0.398927267198042,3.95828936944179e-05,0.0003683772034755
Trp53inp1,-0.616004162138738,3.9687678065736e-05,0.0003691753140879
Gm24715,1.16323080318708,3.9835442979725e-05,0.0003703722738756
Fam84b,0.783367286330952,3.99334680283065e-05,0.0003711058494354
Macc1,1.21822611982412,4.01603644642306e-05,0.0003730357645112
Fndc7,2.17729499840909,4.05201158151255e-05,0.0003761972857783
Efcab12,-0.770257372462095,4.08336017664778e-05,0.0003789264508257
Irak3,0.758715206751633,4.09642751768112e-05,0.0003799573592403
Zbed5,-0.395723299297794,4.2035859151392e-05,0.0003897103731359
Gm18853,5.08741551635141,4.23563537367414e-05,0.0003924941202997
Ticam1,-0.274564360122797,4.25522472030522e-05,0.0003941211478415
Wdr36,0.375990294796522,4.26469384063833e-05,0.0003948097294071
Kank3,-0.586401914786719,4.27240268725622e-05,0.0003953347722628
4930506M07Rik,-0.879877962346188,4.3634507630807e-05,0.0004034838156072
Cd300lh,-0.447099430744371,4.3646285763739e-05,0.0004034838156072
Gm13772,0.908717390522938,4.44997436986341e-05,0.0004111776317753
Ammecr1l,0.299733797798877,4.45305741061325e-05,0.0004112666634723
Crlf3,0.388689252942941,4.46047413419822e-05,0.0004117556617506
Zfp202,0.549717152410822,4.4956375168447e-05,0.0004148043289436
Sox13,0.509871657310101,4.50843781825149e-05,0.0004157876778771
Impa2,-0.713715512599359,4.51866711081829e-05,0.0004165330955739
Brdt,-0.524887858087579,4.64421877989191e-05,0.0004279032345917
Ppfia3,1.15960476809987,4.69624273402573e-05,0.0004324911913195
Ccdc37,-0.959254183980382,4.70103009402533e-05,0.0004327266980287
Kansl2,-0.317002995126433,4.8010193994458e-05,0.0004417211020713
Sema6a,-0.832381133023552,4.823412785078e-05,0.0004435710980173
Btk,-0.458792984378204,4.8301306114758e-05,0.0004439784670065
Cdh10,-0.657304023373602,4.84446817803373e-05,0.0004450855138568
Wscd2,-0.877857418023961,4.92194213128399e-05,0.0004519894231681
Tbc1d8,-0.448021447413524,4.9262663094681e-05,0.0004521725235048
Sec23b,0.355857691283233,4.9899792821814e-05,0.0004578040566971
Hmg20a,-0.267231596174974,5.04648160071887e-05,0.0004627690405498
Fkbp15,-0.210486747619648,5.06586084220421e-05,0.0004643267065759
Cep131,-0.495263005867611,5.08046222318685e-05,0.0004652255260911
P2ry1,-1.27032230244362,5.08044115152937e-05,0.0004652255260911
Carns1,-0.66079805284377,5.09343731960897e-05,0.0004661936686306
Tle2,-0.458222519436297,5.1623076486865e-05,0.0004722744819194
Zc3h13,0.289495833093602,5.19163286974584e-05,0.000474733478815
Smad1,0.213220157979367,5.20089530991344e-05,0.0004753564417972
Efna2,0.846588378910014,5.22926796933006e-05,0.0004777203752328
Gm12219,1.46874528216734,5.23168314455731e-05,0.0004777203752328
Uvssa,-0.284753663305133,5.24644951044263e-05,0.0004788433974629
Tmed8,0.411390291541214,5.25333112936254e-05,0.0004792460612795
Cpox,-0.232360846644064,5.2805059779956e-05,0.000481498768783
Polr3d,0.345706833225693,5.28748198116329e-05,0.0004819084094057
Rnf6,0.204886618113233,5.30460233080676e-05,0.0004832418010656
Tcf7l2,-0.492572457788739,5.30860501882286e-05,0.0004833795015731
Pag1,-0.83133786443527,5.31722112801403e-05,0.0004839369548216
Hist2h4,-1.06097868062971,5.34635843115843e-05,0.0004863607079146
Bmp6,1.02181377529367,5.36486879442167e-05,0.0004878159048123
Rab11fip2,-0.316677820034644,5.39780478517575e-05,0.0004905808152297
Gngt2,-0.588072890933576,5.41143568677412e-05,0.0004915894104221
Pex11b,-0.265479939243865,5.41403622592792e-05,0.0004915955027042
Rit1,-0.427837145807233,5.42114442688827e-05,0.0004920106943841
Tnrc18,-1.21375170837834,5.42683205255945e-05,0.0004922966299572
Smim1,-0.533058159461987,5.44554432405509e-05,0.0004937632806727
Guf1,-0.337121133220984,5.47270485514496e-05,0.0004959942317105
Syt8,-1.57093791149247,5.49684528946025e-05,0.0004979495144569
Fndc3a,0.692093258618995,5.51344086203093e-05,0.0004989917225097
Scrn3,-0.380143822381662,5.513493367661e-05,0.0004989917225097
Kif16b,-0.192971462379298,5.54360138428987e-05,0.0005014827098403
Fancg,-0.573754224686337,5.604551380083e-05,0.0005067600884395
Pex11g,-0.418236783915285,5.61910625940221e-05,0.0005078394869932
Kcnk6,-0.916957212794103,5.65937905128724e-05,0.0005112411131805
Lsg1,0.431981665071243,5.71604301298806e-05,0.0005161195841043
Tpbg,0.838387746582889,5.76546666813967e-05,0.0005203400708306
Sri,0.205861634922161,5.84222731353046e-05,0.000527022681505
Coro6,-0.786002761877863,5.8651167300989e-05,0.0005285960289402
Fam160b1,-0.152714103922212,5.86251712000436e-05,0.0005285960289402
Rbm26,0.307298472715022,5.90935534190217e-05,0.0005323357987663
Rorb,-1.16586765733178,5.91809562300057e-05,0.000532875765516
Plekha3,0.452813550559827,5.9535086228676e-05,0.000535815776058
Tab1,-0.268877342070254,5.98130956242353e-05,0.0005380682927643
Cd2bp2,0.135230774357756,6.00096247839285e-05,0.0005395860793824
Dr1,0.522519490445951,6.00709695243498e-05,0.0005398874908061
Wdr5b,-0.71713250544149,6.05487011143154e-05,0.0005439291650102
Gjc2,-1.10324780606712,6.06131119811987e-05,0.0005440040818146
Ddr1,0.657432566408705,6.06013686083335e-05,0.0005440040818146
Scin,1.73518200034966,6.09267098532789e-05,0.0005465658243148
Slc2a8,-0.410764985864228,6.14486251829883e-05,0.0005509931252544
Atoh8,-1.36441552864599,6.19357823733338e-05,0.0005551048134744
Rgma,-0.392034408865997,6.2255687437669e-05,0.0005577143855219
Stk17b,1.14669860324767,6.24784976300158e-05,0.0005594521310626
Tbc1d24,-0.233009343761164,6.28903460965779e-05,0.0005628802009492
Slc25a19,-0.331152473342834,6.29950385676307e-05,0.0005635572744888
Map3k12,-0.62923917066955,6.41224301071802e-05,0.0005733786330874
Blcap,0.219458254915324,6.42864670877356e-05,0.0005745806574714
Etfdh,0.241523177387158,6.45680194349692e-05,0.000576831422245
Sepsecs,0.360204768317364,6.46134562739365e-05,0.0005769717006624
D930007P13Rik,1.70428367136085,6.46547011871632e-05,0.000577074435067
Lrsam1,-0.282336683207256,6.5460459442939e-05,0.0005839975885199
Aasdh,-0.270625293734268,6.56386889648683e-05,0.0005853185297216
Rev3l,-0.395351797121133,6.59202960006494e-05,0.0005875596801086
Pwp2,0.410757807113644,6.59975889292719e-05,0.0005879785195516
Krt16,2.36719806102586,6.62643132956171e-05,0.0005900838619495
6430550D23Rik,-0.646405473316444,6.63170122243674e-05,0.0005902822500924
Sirt4,-0.351314955715929,6.66604367139969e-05,0.0005930669940386
Pdss1,0.682095481449767,6.70587505859944e-05,0.0005963373035612
Zdhhc18,0.567642278796415,6.78071197929113e-05,0.000602716148631
Frmd4a,0.603808205460804,6.79680987776389e-05,0.0006038704160628
Pafah2,-0.209112240456462,6.80481796256666e-05,0.0006043052070738
Zfp101,-0.484464567525853,6.83287935827596e-05,0.0006065196297712
Nox1,1.81004388457403,6.84218859080452e-05,0.000607068255217
Myh15,2.15221851910109,6.87921566110193e-05,0.0006100745004022
Dnaja2,0.647795748337648,6.9208137877003e-05,0.0006132030627239
Lrrc8d,0.366430777882218,6.92068346456707e-05,0.0006132030627239
Amacr,-0.304663552228603,6.96676268988724e-05,0.0006169925295964
Pkdcc,-0.742483205847455,6.97621827918754e-05,0.000617548081612
Tbk1,0.550562029796079,7.16726875999413e-05,0.0006341709211989
Hoxaas3,-0.861757918624088,7.20537890925624e-05,0.000637252380835
Gltp,-0.196389206427731,7.21742154509703e-05,0.0006380266408248
Acad10,-0.444863747774119,7.22465321016073e-05,0.0006380845284021
Gm11851,0.736338399670839,7.2244599335058e-05,0.0006380845284021
Rab31,-0.424300374139918,7.22834451831135e-05,0.0006381200956929
Rnd3,1.23544980052003,7.33841150688926e-05,0.0006475422322859
Prkdc,-0.307885260056198,7.37736440134577e-05,0.0006506835401986
Cebpb,1.06534022189765,7.3982564517678e-05,0.0006522297509772
Fam53c,0.261648371378944,7.40737190650265e-05,0.000652736805058
Dhtkd1,-0.335976299919005,7.44405712866605e-05,0.0006556717409198
Tmem185b,0.466656759397522,7.53575508770324e-05,0.0006633872682943
Zfp607,0.620665844136361,7.53849168516271e-05,0.0006633872682943
Ick,-0.221191162531846,7.60680032459973e-05,0.0006690949841275
Ypel2,-0.694143875045497,7.69640686041627e-05,0.0006766700440394
Zcchc2,0.364803617448713,7.70078345070288e-05,0.0006767481978144
Pomk,-0.325800452292836,7.70608967139467e-05,0.0006769079401708
Gm10125,0.628455755736192,7.77418636826678e-05,0.0006825805985966
Tmtc2,1.08294572282833,7.80938424865328e-05,0.0006853608862997
Uhrf2,-0.50716457324751,7.84125281750524e-05,0.0006878466079153
Suv420h2,-0.417291261189741,7.89708567748464e-05,0.0006924313171527
Tulp3,-0.361640215576337,7.93354381804107e-05,0.0006953138403128
Ing4,-0.39699872967448,7.95276913315922e-05,0.0006964179924865
Lonrf3,-1.59369869575067,7.95332030174303e-05,0.0006964179924865
Olfr1033,-1.2048985207709,7.95926938590045e-05,0.0006966245519351
Auh,-0.349114474417136,7.96326016696044e-05,0.0006966596045072
Lman2l,-0.329999474950542,8.00118756191365e-05,0.0006993470425737
Tbc1d10a,0.560239096186977,8.00070494103742e-05,0.0006993470425737
Plcd1,0.411567600771242,8.04200639929123e-05,0.0007025983438624
Rsl1,0.756870641715024,8.16330820585769e-05,0.0007128750334224
2010002M12Rik,1.13062209895952,8.26745445936006e-05,0.0007213205320567
Pfkm,-0.316009181815632,8.26525681208597e-05,0.0007213205320567
Ubxn2b,-0.396304205890812,8.31724785049516e-05,0.0007253387743416
Gm15698,-0.754029692548473,8.35336516613905e-05,0.0007281612654257
Homer1,0.29760257081973,8.41748626240757e-05,0.0007334212098597
Gm11843,1.65383658159818,8.42774640044395e-05,0.0007339855976401
Chil1,2.78522908943401,8.4769302784068e-05,0.000737937887493
Nufip1,0.489704411372527,8.61298053176441e-05,0.0007494451759567
Efcab14,0.189310507777795,8.62244061029106e-05,0.0007499320376606
Tmem63b,0.295597788104607,8.6308330191521e-05,0.0007503256447295
Deaf1,-0.278410240129293,8.64228969747549e-05,0.0007509851737116
Mtdh,0.58655409298223,8.69678109583625e-05,0.0007553820070886
Tbc1d31,-0.481047152553981,8.75394947539455e-05,0.0007600073182127
Slc35d1,-0.207949727186088,8.77711820837694e-05,0.0007616780040936
Grm7,1.1460679708966,8.7848528363155e-05,0.0007620084239421
Zfp579,-0.683976659248759,8.80209434746114e-05,0.0007631628182222
Agbl5,-0.41670255581133,8.88113008423627e-05,0.0007696714968937
Itpripl2,0.630357574805526,8.93234805083072e-05,0.0007736880253662
Treml4,1.3686379354241,8.93545075678112e-05,0.0007736880253662
Syde2,-0.999907877592486,9.05713552496675e-05,0.0007838744769244
A430105I19Rik,-1.10664569696946,9.06262839186088e-05,0.0007840001841982
St6gal1,-0.971599362723321,9.09025715844646e-05,0.0007860398837009
Zfc3h1,-0.538442987414177,9.21685169533473e-05,0.0007966315826114
Abcb1b,0.741947096141543,9.31344271118619e-05,0.000803978804173
Hoxa9,-1.35096126569305,9.30787166251784e-05,0.000803978804173
Oxct1,-0.223184204218705,9.31428752721573e-05,0.000803978804173
Cnnm3,-0.33245304130773,9.34676602100067e-05,0.0008060194827712
Slc12a9,-0.423484736143656,9.35026054575604e-05,0.0008060194827712
Tet3,-0.343076953619225,9.35039092825283e-05,0.0008060194827712
Gm16897,0.829746102847631,9.48473429496185e-05,0.0008172370526618
Cp,1.62764785011858,9.50926407976685e-05,0.0008189869516369
Tra2b,0.475579540933875,9.64339725722767e-05,0.0008301707204048
Dtna,-0.376743792273115,9.65214047214131e-05,0.0008305549167247
Abtb1,-0.461546223833927,9.6755085512205e-05,0.0008321966663469
Tmod3,0.23782131308055,9.69294941201387e-05,0.0008333273832109
Pdgfrl,0.380434284195622,9.69948274576069e-05,0.0008335197661591
Evl,-0.415021489194765,9.73834030563001e-05,0.0008364885139019
Senp1,0.184092096711474,9.74598875378506e-05,0.0008367481493396
Trim63,-1.25149045647866,9.74998745442638e-05,0.0008367481493396
Gprc5a,0.927169844858164,9.81706169037695e-05,0.0008421320293548
Kpna4,0.367272280354059,9.83055503572735e-05,0.0008429168798641
Cdkl5,0.738923885152811,9.88526659931984e-05,0.0008472337150759
Siae,-0.249247677056712,9.92762677963863e-05,0.0008504886094132
6330416G13Rik,-0.805261836460689,9.93972751556129e-05,0.0008510481988632
Rc3h1,0.240798033342042,9.9429306680224e-05,0.0008510481988632
Nab1,0.472935926759569,9.97178680327435e-05,0.0008531417598356
Bcl11b,-1.13786130323842,9.99285353479401e-05,0.0008545673423937
Plet1,1.16442306149124,0.0001000516188353,0.0008552430008289
Khnyn,0.361979909111988,0.0001003786992178,0.0008576610654438
B3gntl1,-0.404079601880956,0.00010072928184,0.000860277722194
Slc25a24,-0.316677376190653,0.0001017112053236,0.0008682816665639
Med22,-0.341673246219455,0.0001031203691051,0.0008799242049767
Hs1bp3,-0.294600520637272,0.0001031952167259,0.0008801758177364
Bmpr1a,-0.336552986109093,0.0001032559940614,0.0008803072534131
Ddx26b,-0.494850823162014,0.0001044502586424,0.0008900487752355
Pigm,0.207228950985525,0.00010449036848,0.0008900487752355
Gm17435,0.61604263226886,0.0001045964692474,0.0008901710040687
Hdac9,-1.02825445101054,0.0001045557185469,0.0008901710040687
Rictor,0.347345130142868,0.0001055608108475,0.0008979842059124
Mtss1,-1.71608491375589,0.0001060290016244,0.0009015717561441
Lhx9,-0.738902762332864,0.0001062019572221,0.0009026468584928
Ddx3y,0.182242586210347,0.0001063140139498,0.0009032036456581
Mgst2,-0.760971944170474,0.0001078714175193,0.0009160336917051
Ankrd13c,0.199782245198949,0.0001081384310141,0.000917899438057
Zim1,-1.21556796336813,0.0001083912767089,0.000919643346419
Tmem156,-1.65979174321565,0.0001092284348568,0.0009263411494593
Dock5,-0.357316108156944,0.0001095983518741,0.000929072267263
Nipa2,0.219792891962096,0.0001102108039044,0.000933856086883
Mbd6,-0.413154715919647,0.0001106833090796,0.0009374187965301
Tmem86b,0.990200142629114,0.000110727885057,0.0009374187965301
Grpel2,0.541321323420421,0.0001109730590627,0.0009390847091377
Ankrd13d,-0.409021482298383,0.0001110451385992,0.0009392850346032
A830080D01Rik,0.357555014687575,0.0001115822364672,0.0009434168698952
Fes,-0.346832050421178,0.0001122935502404,0.0009490174428859
Hdac10,-0.441809820652839,0.0001129170060142,0.0009538709554637
ENSMUSG00000096952,-0.538792021932575,0.0001144232968428,0.0009661747832633
Foxred2,-0.61176715905346,0.0001151472863069,0.0009718651341888
Epm2aip1,-0.248806788169555,0.0001163163754148,0.0009813056298038
Arl13b,0.339575145082198,0.0001172915834937,0.0009891029492014
Syt3,-1.49314066833334,0.0001183628247658,0.0009977029764367
Perm1,0.623477999063238,0.0001190664464307,0.0010031981443954
Slc1a2,0.585593708442944,0.0001196104152839,0.0010073439662197
Gm15133,1.21199767740477,0.000120027638282,0.0010104192161494
Mthfs,0.502103728581184,0.0001203298019445,0.0010125236239951
Mmab,-0.450030937127543,0.000122391599895,0.001029140027409
Rps6ka1,-0.413017040685603,0.0001224105948907,0.001029140027409
Cpt1a,-0.452724063711011,0.0001228647571333,0.0010325109343504
A930001C03Rik,-0.622842092133121,0.00012318507196,0.0010347546044648
Gsdmd,1.75740089053606,0.0001242862417006,0.0010435526758804
Cdca7l,-0.639359405790462,0.0001244141921461,0.0010441751662644
Bcl7a,-0.671529931088417,0.0001247246152064,0.0010463279003312
Ocel1,-0.428804034027544,0.0001250358168332,0.0010484853024336
Ccdc88c,1.47639260784914,0.0001256292192832,0.0010530062077631
Alcam,0.333383144100764,0.0001257560989742,0.0010536145701623
S1pr1,-0.811778656934314,0.0001260329879029,0.0010554786781478
Gm11331,0.981533060082467,0.0001271547760555,0.0010639548402679
Kdm3b,0.176617144626361,0.0001271418157352,0.0010639548402679
Tcea3,-0.564926824277893,0.000128485754758,0.0010746282695364
Lrch4,0.449923717467852,0.0001287055970908,0.0010760031908452
Peg3,-0.859266710212859,0.0001287793437688,0.0010761560665334
D430019H16Rik,-1.23491405435414,0.0001289450730931,0.0010770771408951
Colec12,-0.237713823898793,0.0001291366192986,0.0010782129779999
ENSMUSG00000099297,-0.926578454570187,0.000131185196651,0.0010948462605668
Acot6,-0.565400638864442,0.0001318065321807,0.001099558878089
C2cd4c,-0.980905721674788,0.0001328134377332,0.0011074825723143
Lpar2,-0.631385823971929,0.0001334265261004,0.0011121169727034
Ip6k2,-0.385279723105811,0.0001350426830099,0.0011251044315696
Lactb,0.59040330835009,0.0001361337384557,0.0011337077514999
Crebl2,-0.29283834150411,0.0001364463945703,0.0011358240412885
Syne1,-0.239073051472184,0.0001368155771059,0.0011384088585609
Apbb2,0.456211164737498,0.0001379169690008,0.0011470813829802
Pdgfc,-0.392543097596341,0.000138081010456,0.0011479536961819
Urb2,0.304347675906086,0.0001393529540448,0.0011580320001227
Rusc1,-0.251325263481086,0.0001408431941917,0.0011699149572334
Penk,0.815354070525711,0.0001410000486911,0.0011707167072324
9030617O03Rik,-0.38053753732743,0.000141509600062,0.0011744449442274
4931414P19Rik,-0.353644704441598,0.0001418164760495,0.00117648862816
Ephb6,-0.573174902391042,0.0001423770886059,0.0011801302978683
Serpinb9,0.465210477076421,0.0001423520301251,0.0011801302978683
9330151L19Rik,-0.450476315616861,0.0001453997464117,0.0012046698033192
Cdk6,1.43268570609444,0.0001459386012816,0.0012086182754028
Gm14963,0.907624302697934,0.0001463267322051,0.0012113156619918
Gm16892,0.401274050578656,0.0001472984906294,0.0012178014112371
Gps2,-0.283487049743272,0.0001472499330244,0.0012178014112371
Mmp11,-0.683444884726442,0.0001472601011461,0.0012178014112371
Plxnb1,-0.483806681580581,0.0001478011960261,0.0012209171595107
Tcf7l1,-0.353028557467899,0.0001477480199905,0.0012209171595107
Siglec5,1.55326708925797,0.0001489698709987,0.001230047394408
Elavl1,0.341751800927879,0.0001498387899837,0.0012366958234135
Acbd4,-0.301998857410165,0.0001502069689889,0.0012392074941584
AI662270,0.546081034549698,0.0001503572760979,0.0012399203507881
Gm26981,0.561649438697707,0.0001522996693039,0.0012554047507106
Ankrd35,-1.07268996686594,0.000155894845036,0.001284494086233
9130017K11Rik,2.15549222960084,0.0001560368335826,0.0012851183017141
Angptl4,1.47505748112775,0.0001570690300035,0.0012930706229053
Gm20547,2.78763013804658,0.0001574285261488,0.0012954805434233
Hoxc6,-0.351100460025987,0.0001579342612203,0.0012990913118776
Map3k14,0.578194902762669,0.0001580024441671,0.0012991014519571
Fam131a,-0.595993033375678,0.0001608682087483,0.0013221036520768
Jup,-0.449093310620113,0.0001610737070797,0.0013232320966026
Cryl1,-0.354103244826593,0.000161386713979,0.0013252424028983
Ngef,-0.624098718079316,0.0001614714853225,0.0013253776231803
Hsd3b2,0.555497928910384,0.0001615561280497,0.0013255116738593
N4bp3,1.34765217097472,0.000161874893821,0.0013275656972539
Mfsd9,-0.336285021610274,0.0001632893850406,0.0013386004340214
Stx3,0.188594042979502,0.0001643110539797,0.0013464069642832
Plekho1,-0.719812414616559,0.0001656603333124,0.0013568902944679
Osbp2,-0.706732648911064,0.0001664437792417,0.001362732106501
Zkscan17,0.196548273779304,0.0001668147922951,0.0013651936860796
Gm11827,-1.24485022175397,0.0001683223106547,0.0013769503018318
Itga6,-0.373685879144369,0.0001715798453437,0.0014030068769701
Ogdhl,-0.263372541583851,0.000171799122149,0.0014030261642174
Map3k1,-0.710969760036661,0.0001717981623201,0.0014030261642174
Cers6,0.765383438635867,0.0001717098602727,0.0014030261642174
Edn1,2.14735329024241,0.0001720027682325,0.0014040983234265
Tspyl4,-0.766544466736339,0.000173874695332,0.0014187824172507
Ski,-0.700951719403309,0.000175902061152,0.0014347219817544
Nr2f2,-0.762204827840079,0.0001764348742359,0.0014384631511238
Wbscr27,-0.381358497804841,0.0001768814710099,0.001441498556689
Coa5,0.172881623785957,0.0001777825595485,0.001448233747053
Tpm3,0.222776656558223,0.0001782440089442,0.0014513834450497
Zbtb10,0.613824935758948,0.0001784300890385,0.0014522891978624
Rell1,-0.314563212650675,0.0001787947710354,0.0014546472692544
Zfp78,-0.850280646174349,0.0001789696362186,0.001455459690355
Cbx7,1.14824109886557,0.0001799940103598,0.0014631771164736
Arrdc3,-0.466163175367163,0.0001802140529138,0.0014643523797071
Csrnp2,-0.569921984175996,0.0001844357678821,0.0014980291502655
Gtpbp10,0.427204186435443,0.0001851199991298,0.0015029575159476
Atp8b1,0.98809149046518,0.0001853535440866,0.0015042242448591
Tcerg1,0.221063506079742,0.0001875982249631,0.0015218043299271
Pou2f2,-0.902236845810994,0.0001893328255419,0.001535233659346
Gpr162,-0.60814853524195,0.0001909369110822,0.0015475939108772
Lmtk3,-0.507883035667185,0.000192161703232,0.0015568708515719
Elmo2,-0.273082998727663,0.0001930209439479,0.0015631796312045
Ncl,0.108579576805701,0.0001935551359306,0.0015655455846592
P2rx6,-1.46302945986966,0.0001935237852339,0.0015655455846592
Zfp719,0.605047307779494,0.0001935374138465,0.0015655455846592
Atp2b1,0.326913594341613,0.0001944431131676,0.0015720725699601
Nfia,-0.569155319454588,0.0001997001751836,0.0016139034565863
Adam8,-0.873865072296702,0.0001998259942556,0.0016142479569259
Il2rg,2.10911715101475,0.0002026730254997,0.0016365657040351
Pygl,-0.385107421230233,0.0002039906877572,0.001646520509668
Nim1k,-0.642757077422615,0.0002044011332708,0.0016491474386646
Zmat3,-0.265275186574234,0.0002047817783203,0.0016515318481001
Zfp870,-0.330237436481393,0.000208940980903,0.0016843750699801
Cmtr1,0.40407756830772,0.0002120267649307,0.0017085412569419
Gmip,-0.239266642069016,0.0002123919531126,0.0017107735401404
Dph5,0.413725805681501,0.0002155210393174,0.0017352573638653
D630045J12Rik,-0.265062337969043,0.0002161716240646,0.0017390523189674
Mtmr3,-0.357965696570602,0.0002161558104731,0.0017390523189674
Jag1,-0.401613362561217,0.0002170069342011,0.0017450487158056
Fam219a,0.401148275555015,0.0002177730820727,0.0017504842106628
Scd1,-0.179578133502835,0.0002196935996616,0.0017651903138032
Dhx15,0.201304617797218,0.0002211187902194,0.0017759060452887
Abcd1,-0.49092574700529,0.0002220349933865,0.0017825266908038
Gm21860,2.1279397660819,0.0002227048133259,0.0017856876850313
Jdp2,0.929411154068988,0.0002225421239481,0.0017856876850313
Gm21748,2.1279397660819,0.0002227048133259,0.0017856876850313
Clstn1,0.298826520305536,0.0002277484120763,0.0018253738900993
Camk2g,-0.37964349652114,0.000229472030383,0.0018384290989072
Traf6,0.357391098908715,0.0002298520141698,0.001840713364817
Foxd1,-0.868258107696411,0.0002305254883356,0.0018453451219742
Pdzd2,1.78949680474449,0.0002328413723937,0.0018631150473931
3110002H16Rik,-0.203366949581339,0.0002345146637662,0.0018757306412697
Mtus2,-0.586103866994478,0.00023878247552,0.0019090791738735
Fam214a,-0.652269157232276,0.0002408948922387,0.0019251748307255
Acadm,-0.419744990237434,0.0002429032463364,0.0019404259332698
Neil2,-0.475995316172145,0.0002431346132119,0.001941474911426
1500002C15Rik,-0.59881625163761,0.0002434729556787,0.0019433768951012
C2cd2l,-0.548091228779107,0.0002448826432258,0.0019535448114313
Fam168a,-0.33707763863507,0.0002449481821383,0.0019535448114313
Tmem38a,-0.299896828902048,0.0002457406432625,0.0019590597542591
Nop2,0.310272647266779,0.0002463663315218,0.0019632411896716
Pqlc2,-0.395262137379706,0.0002474481542614,0.0019710525391174
Tmem231,-0.336576970405771,0.0002481140467371,0.0019755457377464
Plekha6,0.672585712409198,0.0002484762769354,0.0019776184075703
Coq10b,0.36559358710546,0.0002487736887985,0.0019791737012906
Susd2,1.5849180028364,0.0002490178199146,0.0019803040072225
Spata2,0.380197926335891,0.0002493015375231,0.0019817480680451
Arid3a,-0.22982658001431,0.0002522594801639,0.0020044401937355
Taf15,0.371661509797044,0.0002526322043769,0.0020065801447933
Rlbp1,1.83725899833493,0.0002530206190924,0.0020088429185232
Gm14324,-0.6100311598759,0.0002535576202074,0.0020122830521494
Ubr4,0.239339864244355,0.000254838143084,0.0020216186951772
Man2a2,-0.184991717115224,0.0002571254382618,0.0020389301201605
Setd1a,-0.240732783818391,0.0002580342031439,0.0020449107318436
Shroom2,-0.690623955039411,0.0002580904134346,0.0020449107318436
S100g,1.97606668664737,0.0002604107820741,0.002062453394027
Zfp316,-0.382859734361221,0.0002617865834958,0.0020725038213601
Ccdc122,0.601246653834329,0.0002628532074308,0.0020800993625562
Cnksr3,-0.476502697201907,0.0002629968962635,0.002080388004524
Cdk15,-0.734659121469303,0.0002643725766726,0.0020904178800961
Cby1,-0.400742066013308,0.0002658793918424,0.0021014760567457
Pou2f1,-0.248781189727273,0.000266077686222,0.002102187061666
Smarca2,-0.363944500634949,0.0002662021560687,0.002102314463312
Kl,2.10148510991089,0.0002666687020574,0.002105142186624
Rnf43,-1.0707377982356,0.0002702340975836,0.0021324206708064
Cd37,-0.415225291575884,0.0002704411735338,0.0021331872078254
C330006D17Rik,1.2810201603276,0.0002709457097456,0.0021362984770034
Agbl2,-0.468574526096567,0.0002718798303609,0.0021427929440794
Has1,1.68564073150863,0.0002731330862007,0.0021517963478036
Tm2d2,-0.281305596394411,0.0002768616651766,0.002179670175631
Wnt10b,0.984495857372489,0.0002769508695192,0.002179670175631
Adamts6,-0.762129080961269,0.0002770081763093,0.002179670175631
Efhd2,0.265879109439743,0.0002793527591374,0.0021972277820443
Pcnt,-0.373493186335409,0.0002801859731405,0.0022028884209154
Notch1,0.458866170568964,0.0002812200103564,0.0022101227545388
Hoxaas2,-0.643854908090739,0.0002822977286854,0.0022176943835675
Mafg,0.358000228380768,0.0002853185209439,0.0022405182437861
Gm15545,-0.597258782436406,0.0002859738084758,0.0022447555742986
Rapgefl1,-0.715174430778208,0.0002886970273326,0.0022652151711939
Duoxa1,-0.836886874941268,0.0002902215515593,0.0022762566638878
Slfn10-ps,1.27162090027486,0.0002904326248137,0.0022769917785398
Dbnl,0.298427929754749,0.0002910091337512,0.002280590158041
Tomm70a,0.332656649105177,0.0002917063554954,0.0022851312563718
Gcat,-0.364815737335602,0.0002944956230362,0.0023060504719112
4833418N02Rik,-0.521322353029579,0.0002961645781412,0.0023181837330587
Syt17,0.471262181352236,0.0002966126878811,0.0023207550788891
Rara,-0.349824500396186,0.0002979605108525,0.0023303610449752
Por,-0.472617611586948,0.0002989772260356,0.0023373707066867
Zfp618,-0.46583527354297,0.0003002278955857,0.0023462030148794
Kmt2c,-0.234503190727709,0.0003032177428896,0.0023686139625724
Jun,0.423031302525986,0.0003038162000474,0.0023723338212155
Pdp1,-0.56740121425869,0.0003041155157033,0.0023737157951362
Hmgb1-ps3,-1.864556971927,0.0003046258191494,0.0023767428205771
Mllt10,-0.228760614348245,0.0003066860943574,0.0023918556973119
Cdv3,0.315009933404769,0.0003084398465168,0.0024045668066745
ENSMUSG00000090286,0.520534520560925,0.0003109241594182,0.0024229607989366
Slc25a45,-1.07468786299283,0.0003131542113687,0.002439359420875
Zfp956,-0.396540909530491,0.0003139718405581,0.0024447470281662
Tex261,-0.140673909304891,0.0003171898766063,0.0024688136244159
Gm7331,-0.943241110018836,0.0003180789580885,0.0024747410195472
Shq1,0.389768744877437,0.0003185720950885,0.0024775843419227
Fam219b,-0.319318728199039,0.0003197637854144,0.002485855966419
Selplg,-0.377104853686409,0.0003199377936184,0.0024862126341097
Angpt2,-0.581739676344924,0.0003209786691184,0.0024933026803739
Gli3,-0.53241317248335,0.0003220786597937,0.0025007353467099
Gstt4,2.25139455377533,0.0003221932780238,0.0025007353467099
Ankrd42,0.317682935649088,0.0003241653129282,0.0025132160099753
Idnk,0.649745717054142,0.0003241228521317,0.0025132160099753
Ppp2r3a,0.283288477294263,0.0003242712341132,0.0025132160099753
Taf5l,0.230543023375762,0.0003243193614192,0.0025132160099753
Larp4,0.222983760926525,0.0003269119864304,0.002532295482913
Sipa1,-0.551825743605733,0.0003273692305701,0.0025348254389394
Bcs1l,-0.267311308547707,0.0003308569772012,0.0025608092483498
Nphp4,-0.361627766650562,0.0003338563504599,0.0025829938693481
1110012L19Rik,-0.280527595891142,0.0003351616183035,0.0025920590042096
Tbc1d9,0.267111636558704,0.0003353518946599,0.0025924972764863
Sirt7,-0.283296834049461,0.0003361933809343,0.0025979674885108
Gm15512,2.11092556612898,0.0003363874935996,0.0025984326933945
Cldn12,0.166555244258908,0.0003368018146189,0.0026005978554974
Irs2,-0.597500199073854,0.0003379830696501,0.002608680781023
Trav14-2,2.91050957569568,0.0003389201442803,0.0026148733517356
Gramd2,-0.849733092728316,0.0003404136855503,0.002625352605095
Cry2,-0.372624832537615,0.0003406660832516,0.0026262553354846
1700030K09Rik,-0.276949746729514,0.0003437852616015,0.0026492490929772
Gm5117,1.73788889581668,0.0003483035597305,0.0026830020932953
Apc2,-0.462152871866681,0.0003491187042498,0.0026882140227237
Wdr5,0.216047711272626,0.0003499714459357,0.0026937112006889
Abce1,0.176395011880378,0.0003502195193547,0.0026945517658839
Rnft2,-0.496537590403229,0.0003522880375023,0.0027093924215992
Ccdc102a,-0.671614987840327,0.0003525448826492,0.0027102935431564
Rbm14,-0.207703104295578,0.0003533646502639,0.0027155198707806
Nap1l5,-1.58059622915157,0.0003544274421293,0.0027226089022476
Tmem189,-0.34427665615785,0.0003561604838324,0.0027348389506471
Pdp2,-0.254441442089012,0.0003573238349597,0.0027426865876416
Coasy,-0.289567212015188,0.0003598675271367,0.0027611188203093
Ash1l,0.23308518797165,0.0003607326470414,0.0027666625625268
Iffo1,-0.508307319366713,0.0003614619910825,0.002771160993665
Brsk1,0.382144884184086,0.000363231044947,0.0027836236951627
C5ar2,-1.20100747919667,0.0003639205975047,0.0027878070564477
Adgb,0.841451398727481,0.0003642855069986,0.0027895011751392
Gm21897,0.406859969115621,0.0003651442574628,0.0027949740322716
Acad12,-0.525559455206668,0.0003694835743935,0.0028270738476076
Aldh5a1,-0.462384974650515,0.0003696494871506,0.0028272284779942
2610203C22Rik,-0.816567834026354,0.0003706373494843,0.0028336671116606
Tm9sf4,0.287329571425693,0.0003715844272225,0.0028397889822082
Abcg1,-0.330974262604022,0.0003723356889421,0.002843059038191
Foxj2,-0.385129370849475,0.0003724518694641,0.002843059038191
Phldb1,0.767761777473442,0.0003723098362247,0.002843059038191
Gas2,-0.532340648670407,0.0003745027250776,0.0028575898062946
Pkd1l1,2.01115968395692,0.0003773493008355,0.0028781783936369
Cdkn1c,-0.909804722006971,0.0003776132930634,0.0028790602509247
P2ry2,0.375124717221609,0.0003779483276261,0.0028804828551682
Ebf2,-1.02187354980886,0.0003800617768035,0.0028954529709843
Arhgef18,-0.715677390671183,0.0003804886643153,0.0028975675205557
Ifitm1,1.39186718455905,0.000383104616293,0.0029154888277647
Psen2,0.311042507068232,0.0003831424711812,0.0029154888277647
Dcaf6,-0.157221574091561,0.0003857297370235,0.0029328761039203
Tmem135,0.252956098227952,0.0003856489476078,0.0029328761039203
Pik3ip1,-0.598927875318944,0.0003874831666772,0.002945054197495
AI593442,-1.79595319075989,0.0003934477058198,0.0029892166341924
Zkscan14,-0.502555771131204,0.0003967792874032,0.0030133484511827
Mast3,-0.534042126382628,0.0003972485045525,0.0030157316049836
Sf3a1,0.212076135229701,0.0003991245780483,0.0030287889372119
Klra2,0.809295658350276,0.0003998108785286,0.0030328109018644
Mutyh,-0.715730255488831,0.0004019382376546,0.0030477567657093
Clcn2,-0.35286955420576,0.0004035155208556,0.0030585215494854
Gm13589,0.498111887886511,0.0004044073728998,0.0030640846012295
Gemin5,0.275225885925657,0.0004049580160602,0.0030670590724566
Msantd3,0.538431983718584,0.0004088705863472,0.0030954837524315
C330006A16Rik,-0.252668868944116,0.0004105589398699,0.0031070536931499
Prickle3,-0.408283791831705,0.0004107798910412,0.003107513842403
Gm26905,0.180803920916763,0.0004125195101883,0.0031194577457888
Abcb1a,0.708223750117316,0.0004139944010722,0.0031272488834845
Itgb4,-0.718708576638517,0.0004140249511405,0.0031272488834845
Top3b,-0.202027023122245,0.0004140333117744,0.0031272488834845
Tubgcp5,-0.28864129541663,0.0004180588738372,0.0031564258318824
Gnptab,0.237656525719989,0.0004184848964071,0.0031584134305268
1810037I17Rik,0.282730870667349,0.0004196851318289,0.0031659266303264
Slc7a4,-1.0546741624257,0.0004198067006715,0.0031659266303264
Isyna1,-0.278788514255087,0.0004206774806456,0.0031712610079443
Ubac1,-0.226105539014647,0.0004229429321087,0.0031871008367524
Ldb2,-0.945265163265692,0.0004237962333094,0.0031922911922114
Sbno1,0.160626298061056,0.0004243303869006,0.0031950744382695
5031415H12Rik,1.25377311950609,0.0004301806932631,0.0032378689573615
Rab3a,-0.988027320227535,0.0004312255896749,0.003244475122936
Ppp2r5c,-0.143635172862447,0.000432570062684,0.003252394270016
Srpk1,0.156537028111363,0.0004326133586328,0.003252394270016
Sesn1,-0.769397691995311,0.0004339539713727,0.003261209473477
Gal3st1,-0.927360135928803,0.0004350528528602,0.0032682019190473
Rtn1,1.47392302009094,0.0004370606332916,0.0032820141363744
Mturn,0.494647923230155,0.0004412632056974,0.0033110097615445
Pi4k2a,0.246109302061875,0.0004412188918738,0.0033110097615445
Zfp775,-0.441660467502679,0.000441607700032,0.0033123138041834
Ctnnd1,0.171034913588958,0.0004447907300904,0.0033348992761493
Ints7,-0.26371493752322,0.0004480975043042,0.0033583947367783
Zfp703,-0.283672111127959,0.0004484360585879,0.0033596344713672
Ppp1r21,0.23852661133967,0.0004498639904963,0.0033690315984525
Spaca6,-0.548385222885122,0.0004519525378262,0.003383366915116
Lpar4,0.746203708563237,0.0004533173380248,0.0033918423063524
Map4k3,-0.358840777721702,0.0004534342889444,0.0033918423063524
Gab2,0.307652771138308,0.0004591453845223,0.0034332397076191
Gm12221,1.7837719050797,0.0004601676801305,0.0034392296989858
Olfr99,2.0215177186138,0.0004603009445612,0.0034392296989858
Trim32,-0.194919743651091,0.0004662642019292,0.0034824444088662
1700003E16Rik,-0.730296431959517,0.000473412377374,0.0035344724011411
Tecpr1,-0.453920794159917,0.0004737693992045,0.0035357774700631
Acrbp,-0.598614124693168,0.0004792360434081,0.003575200379197
Pomp,0.184533184890684,0.0004799323295218,0.0035790188017074
Ide,-0.118308231318957,0.0004805947103508,0.0035825815442366
A430033K04Rik,-0.828119492303934,0.000485172746616,0.0036153194989778
Kctd15,-0.431944334971862,0.0004863177954805,0.003622460845875
Gba2,-0.404437003809604,0.0004914992067563,0.0036596510391024
Zfp41,-0.502017015945214,0.0004936686231048,0.0036743943086793
Ccdc69,-1.11973227434478,0.0004953512713878,0.003685504628071
Etohd2,0.761082398275405,0.0005021725628188,0.0037348242272656
Gm26835,1.63547004567585,0.000504350264173,0.0037495833433003
Arhgap18,-0.824602107141817,0.00050791724601,0.0037735794963703
Slc11a1,-0.621027439625328,0.0005079668957183,0.0037735794963703
4932438A13Rik,0.189786220607232,0.000512165733943,0.0038018607121009
Amt,-0.399331915468815,0.0005119886517758,0.0038018607121009
Rrnad1,-0.234574258144773,0.0005142640779105,0.0038159771196083
Galc,-0.354455809919183,0.0005188541451703,0.003848564920828
Trim3,-0.275270518245466,0.0005214673342085,0.0038664700622782
Ttn,1.09320768167481,0.0005225542186411,0.0038730489146343
Zkscan16,-1.27575964274958,0.000522794682249,0.0038733516664224
Tsr1,0.418348704794729,0.0005260929382875,0.0038963005246302
Slc25a23,-0.423364431435062,0.00052711622122,0.0039023896057056
Ncf2,-0.247248576559564,0.0005278841378578,0.0039065842147189
Zscan21,-0.284485149192033,0.0005303503358206,0.0039233388929716
Ank,-0.54620481116337,0.0005305941467638,0.003923646655414
Tnxb,-0.565808784879491,0.0005326995163169,0.0039377148246152
Pard6g,0.237882755268561,0.0005372154556408,0.003969584425459
Nars,0.191238806131284,0.0005375267554719,0.0039703727305587
Nmd3,0.324882727180305,0.0005379843683039,0.0039722407467923
F8a,-0.55808301550286,0.000539305585316,0.0039804813912031
Chd5,0.720024712023686,0.0005401329904635,0.0039850724513137
Zfp422,0.420045832342623,0.0005421377373798,0.0039983430848035
2410016O06Rik,0.382008654332471,0.0005433444477377,0.0040047251247562
Iws1,0.160237101799696,0.0005434158551578,0.0040047251247562
Slc23a2,0.59710727128454,0.0005480871171774,0.004037113218543
Adra1a,-1.57852102137245,0.0005482268259565,0.004037113218543
Fam89b,-0.391739294852771,0.0005490518164607,0.0040416545700317
Lrch3,0.326133621453432,0.0005505367056066,0.0040510482501291
Rin3,1.83875251426583,0.0005508381281241,0.0040511396241946
Thrb,-0.86983165864091,0.0005509666804911,0.0040511396241946
Rapsn,-0.908884109077978,0.0005516409839238,0.0040545612318405
Elk1,-0.208667467143204,0.0005569327278135,0.0040919055851924
Poc5,-0.299684005276255,0.0005584709212585,0.0041016539576457
Chd3os,-0.987855473826381,0.0005615949330354,0.0041226889001969
Pcyt2,-0.325336491349103,0.0005617599181674,0.0041226889001969
Tulp4,-0.207235373449394,0.0005635623882716,0.0041343533391389
Rtkn2,-0.788267742056927,0.0005661301269655,0.0041516209310805
Tgfbrap1,-0.307143799609479,0.0005682963678233,0.0041659322709647
Ttll4,0.301916010042736,0.0005700114144826,0.0041769265432859
Cln6,-0.351841576486243,0.0005730099619545,0.0041957303025536
Gda,0.646067606562228,0.0005728742385986,0.0041957303025536
Plcl2,1.06265057736539,0.0005783957580755,0.0042335689512252
Ccdc151,-1.1205992986566,0.0005812424367251,0.0042528009963104
Zfhx2,0.38770094284939,0.0005843920810561,0.0042742344292549
Mob1a,0.229438466482544,0.0005873395925582,0.0042941738711377
Atp1a3,-0.602906879533287,0.000588663733219,0.0043022339282046
Ext1,0.554492046760741,0.0005943048196855,0.0043418263257449
A330044P14Rik,0.552029799791704,0.000594639936647,0.0043426395674442
Katnal1,-0.17424560013236,0.000596096273594,0.0043516373562148
Gtf2ird1,-0.274204251026886,0.0005966186534162,0.0043538128435081
D5Ertd579e,0.205017089693677,0.0005969898318587,0.0043548837208222
Sesn2,-0.32934865501033,0.0005977556067722,0.0043588311889545
Gm8818,1.91780365094265,0.0005993355080415,0.0043687100668816
Limk2,-0.505374508126579,0.0006005203208079,0.0043757027055789
Aste1,0.337309749518061,0.0006060281305821,0.004414177870051
Eif2s2,0.250330624183751,0.000607517728434,0.0044233673555478
Zfp451,0.184641999046627,0.0006092759264813,0.0044345049052678
Arhgap35,0.279030434326134,0.000613934005975,0.0044667324529208
Pbx3,-0.29947915700309,0.0006180306974921,0.0044948529438299
Kmt2e,-0.16837345658908,0.0006224255869061,0.0045251203028576
Btbd2,-0.279590000644519,0.0006261083199983,0.0045501894536509
Gm11127,1.35372816687667,0.0006272299554747,0.0045566342403711
Gm12946,1.42457883655714,0.0006280919135939,0.0045611884324016
Poldip3,0.331571026322266,0.0006293217715766,0.0045684098973708
Kcna3,1.03930611322889,0.0006328822613987,0.0045925382947577
Atp6v0a1,-0.263970164152006,0.000633437078349,0.0045948460068355
Morc4,-0.362191326612486,0.0006367379295907,0.0046170638212924
Eif3c,0.172254047233585,0.0006379698834038,0.0046242688149305
Tmem17,0.588888631708828,0.0006409167401871,0.0046438941100042
Letmd1,-0.177572246634699,0.0006445427678091,0.004668423989014
Zfp672,-0.273846983853942,0.0006462420010675,0.0046737531825251
Neu1,-0.415027732328219,0.000646004011322,0.0046737531825251
Fbxo30,0.437685672322072,0.0006461133979441,0.0046737531825251
Mex3b,0.752856448837963,0.0006459789445426,0.0046737531825251
Ccbl1,-0.355721577900912,0.0006477596842862,0.0046829839470528
Bcl2l11,0.551647681953368,0.0006505817419214,0.0047016343092152
Evi2b,-0.519665690996832,0.0006517194966506,0.0047081031694004
Ago3,0.301368978031753,0.0006568174372553,0.0047431654456651
Epc1,-0.190894862250821,0.0006644927903883,0.004796807330616
Clec14a,-1.13083853311109,0.000664869101203,0.0047977389511875
Pdlim5,0.203984899906476,0.000666137013931,0.0048051013450995
Plxna2,0.47238227057702,0.0006682892556837,0.0048188349005155
Shroom3,-0.637201457200198,0.0006701304045282,0.0048303158876173
Gm20431,-0.687136851971158,0.0006717587827759,0.0048384585823993
Nedd4l,0.48590454347324,0.0006716278734939,0.0048384585823993
9630033F20Rik,0.239873670426569,0.0006734551263419,0.0048488769096618
Cpd,0.44954887023471,0.0006771829782191,0.0048739089426427
Bcl2l13,0.166304277657883,0.0006785486527694,0.0048819273482901
4833422C13Rik,-0.772521470112186,0.0006794939777806,0.0048869166585824
Celf5,-0.495532327063277,0.0006854125436722,0.0049276565385017
Igsf3,0.301993464886742,0.0006866412177767,0.0049346615517553
2900052L18Rik,-0.59875328547475,0.0006871053030864,0.0049357612048317
Mphosph9,-0.376251201587492,0.0006873029671951,0.0049357612048317
Piga,-0.342591249809934,0.0006876893074066,0.0049367085907947
Dctn5,-0.121637731440758,0.0006886503207293,0.0049417791506776
Adck2,-0.36093522336653,0.0006910361874819,0.0049570669803699
Klhl32,-0.781373394536765,0.000692558194187,0.0049661490022195
Cdr2l,-0.353674689991789,0.0006933998613402,0.0049685121526755
Mcoln3,-0.861109123855312,0.0006933330291864,0.0049685121526755
Foxo3,-0.271097026568978,0.0006965768153557,0.0049877214872569
Mtss1l,-0.423628934652384,0.0006965947861506,0.0049877214872569
Pip4k2a,-0.246852879791266,0.0006982559548631,0.004997771504303
Dpf1,-0.549928999956167,0.0007008509350934,0.0050144954072839
Gm16574,-1.2813233210569,0.0007014245312882,0.005016749578001
Dusp27,-1.53673665209457,0.0007027428110634,0.0050243262733514
Zmynd8,-0.47227248147385,0.0007051466457349,0.0050396558062028
Cyth3,0.583205696472079,0.0007056646425312,0.0050401829470545
Rnf145,0.181124415687347,0.0007057399024503,0.0050401829470545
Arhgef6,-0.573048263786607,0.0007071485733583,0.0050483851793394
Kifc3,-0.490889604858183,0.0007097197710892,0.0050648776896708
Trpc3,1.03768349361137,0.0007134110346784,0.0050893484253314
Fam76a,-0.346447043689168,0.0007161308933129,0.0051068738896895
Gm15775,-1.40206324177077,0.0007168009411714,0.0051097742330974
Rufy4,-1.13919776444097,0.0007211774204474,0.0051390843431374
Rhobtb2,-0.321657445502459,0.0007247864429498,0.0051629060715854
Fzd8,-0.747040027520792,0.0007362246191868,0.0052405365042928
Inafm1,-0.370397167142944,0.0007360708311733,0.0052405365042928
Top1,0.547584374405868,0.0007369672792131,0.0052438991880642
Crtc3,-0.399470133675419,0.0007386303248481,0.0052538060202907
Ccdc94,0.428834435487776,0.0007402865750541,0.005263657274588
Mtmr4,0.302620973016298,0.0007405827600678,0.0052638343869437
Acads,-0.291831255492015,0.0007437311014617,0.0052842761965447
Azin1,0.383530565259681,0.0007449408247317,0.005290934027487
Psrc1,-0.212332714123096,0.0007525906776717,0.0053433111999791
Jakmip3,-1.07573542626605,0.0007537066795779,0.0053492773996089
Arhgef4,-0.271246690526035,0.0007545461630408,0.0053513208141975
Stx5a,-0.199744008395619,0.000754315325823,0.0053513208141975
Ehd3,0.235940494079453,0.0007552771566212,0.0053545480259699
Rbmx,-0.333490039532975,0.000755801462089,0.0053547879006737
Ttc39aos1,-1.03767444481368,0.0007558629179522,0.0053547879006737
Cdc37,0.460480428240641,0.0007599264155838,0.005381610280288
Ficd,-0.210823525572289,0.0007605736010872,0.0053842284405313
Gm8783,0.513613115720732,0.0007625900368221,0.005392600974671
Creb3,0.202160550229925,0.0007622194873845,0.005392600974671
Gm15801,0.513613115720732,0.0007625900368221,0.005392600974671
ENSMUSG00000082387,0.946318017558592,0.0007634712688003,0.0053968657558477
Twf2,-0.381215213235853,0.0007670432775599,0.00542014120822
Recql4,-0.415240448022038,0.0007690490020657,0.0054323359432416
Dapk1,-0.503480003306739,0.0007721993581253,0.0054526042012603
Prkag1,-0.219516909780617,0.0007770755327743,0.0054850395190811
Coq10a,-0.540889275233323,0.0007779759404116,0.0054893982355448
Amigo1,-0.537248353993486,0.0007793190140883,0.0054968760993713
Snx32,-0.75253913907282,0.0007865321856216,0.0055457378378645
Adipor2,-0.226489117048843,0.000809997693047,0.0057091155960354
Serpine1,1.05554384369507,0.0008131376980388,0.0057291662646137
Dapk2,1.83737437517661,0.0008170970185849,0.0057528848144492
Meox1,1.6682582647951,0.0008170537700952,0.0057528848144492
Akap8l,-0.292748268355695,0.0008203896740065,0.0057739721561202
Rbak,-0.254080682363551,0.0008278091926716,0.0058240788885429
Galnt15,-1.34230263204913,0.0008300500908511,0.0058377281489219
Kcnh1,1.21949808096714,0.0008311158919499,0.0058431060751436
Nrg1,0.742464483780462,0.000831538833757,0.0058439621623401
Plekha7,-0.822629389561314,0.0008341993296946,0.0058605372170151
Stox2,-0.440277353652661,0.0008351603863509,0.0058651654494221
Prkd2,0.300293285073488,0.0008395099462809,0.0058935785085512
Mxd3,-0.579562217607816,0.0008444256510525,0.0059259440625767
Egfr,0.596438840933331,0.0008471177011979,0.0059426868669719
Hist1h4j,-1.81024988591593,0.0008540715875341,0.0059893043312297
Lhx6,-0.657019661483207,0.0008584722888087,0.0060179899899004
1700003F12Rik,-1.14084736219183,0.0008605067323772,0.0060300731798655
Strip1,0.43541630404076,0.0008622114939819,0.0060398382054968
Pear1,-0.550824219286523,0.000862832340711,0.0060420060408364
Ppp2r5a,0.384918647939898,0.0008631761725812,0.006042233208069
Pald1,-0.319699512896734,0.0008675407253529,0.0060705951080957
Gm10535,-1.5521607959911,0.0008734842770364,0.0061099815831347
St7,0.372012746550042,0.0008749812640067,0.0061182473682118
Bace1,-0.183583511400404,0.0008772309505661,0.0061317685031648
Tonsl,-0.404063670113745,0.0008827336377383,0.0061657895992349
Utp23,0.422058486679845,0.0008827242397639,0.0061657895992349
Trim68,-0.371710110146162,0.0008859939689217,0.0061863357225467
Rpusd2,-0.354276105837871,0.0008879863761247,0.0061980171375266
Sgol2,0.652266185038681,0.0008977839726385,0.0062641496602221
Slx1b,-0.582008450269144,0.0009012987105197,0.0062864127170829
Atp8b3,0.641248771040049,0.0009024216723572,0.0062919835179372
Smox,0.300080468633652,0.0009037590788233,0.0062990449588676
D6Wsu163e,-0.354392698342202,0.0009052371943776,0.006307081694687
Ulk2,-0.2194659681691,0.0009061522835863,0.0063111912816619
4632427E13Rik,0.478553049264226,0.0009066157651234,0.0063121536801062
Amotl1,0.364210198293452,0.0009156806344296,0.0063729795661665
Ankrd9,-0.653720252268195,0.0009219272032062,0.0064141539802846
Ifitm2,0.264578085621901,0.0009231704875549,0.006420501842479
Tesk2,-0.393092245849779,0.0009254752245159,0.0064342247425678
Gm13075,-0.661114725217652,0.0009278773354538,0.0064486145476884
Tbc1d16,-0.222409076742851,0.0009285226331637,0.0064507888198747
Eri1,0.329663566156953,0.0009318240548892,0.0064699203676304
Trpc2,-0.318057913571399,0.0009319432811547,0.0064699203676304
Synrg,-0.373201569283628,0.0009326641424774,0.0064726090917858
Lamb3,2.06130401398902,0.0009341775692908,0.0064807942633247
Rps6kc1,0.277563840628293,0.0009407739067615,0.0065242233333811
Nfil3,0.54927024480911,0.0009447982909202,0.0065497913672799
Gm21750,0.677602691247494,0.0009459902153527,0.0065557121923945
Slc16a4,-0.465849963224519,0.0009491538183885,0.0065752876444168
Pacsin2,-0.204209865879076,0.0009501007272501,0.0065771882276819
Eef2k,-0.63976054726022,0.0009501060916405,0.0065771882276819
Mat2a,0.154317196568112,0.0009536060740735,0.0065990628606718
Tmem198b,-0.284168772462503,0.000955241706491,0.0066080249813731
Gusb,-0.174888651841664,0.0009559631160967,0.0066106586973419
Pla2g15,-0.463891828725203,0.0009570953272772,0.0066161302923004
Trak1,0.261119606791849,0.0009613236724795,0.0066429930700829
Cln5,0.434872324647001,0.0009662777952082,0.0066748502450056
Erich2os,2.36291225523285,0.0009666626733587,0.0066751325672072
Cyp2u1,-0.471560628637163,0.0009690388404862,0.0066891603204536
Tead4,-0.617843075369033,0.0009745420545712,0.0067247560550852
Stxbp4,-0.331532181528355,0.0009761281166446,0.0067333060701647
Snx29,-0.573982977165241,0.0009768123762226,0.0067356316091767
Gm14321,-1.4845389831261,0.0009786988293727,0.0067462423037825
Il20rb,1.0262698340013,0.0009803677239402,0.006755346347776
Gm9761,0.525130610654425,0.0009827926895034,0.0067696518804135
Mettl6,0.319881677141875,0.0009855371439101,0.0067861471754549
4732487G21Rik,0.379119758968666,0.0009865435392154,0.0067906671993388
Slc27a3,-0.913772423423245,0.0009929457083645,0.0068323115337256
Larp4b,0.311186350824195,0.0009946903701104,0.0068418900891962
Rpgrip1l,-0.364057300053381,0.0009974747229892,0.0068586107458837
Atl2,0.161249786571067,0.0010080263336449,0.0069287081041609
Nudt16,-0.302035871339879,0.0010140168290618,0.0069674159175343
Hist1h2bg,-0.767349323860628,0.0010153160435807,0.0069714057005099
Klhl3,-0.993027057700762,0.0010151802685656,0.0069714057005099
Spred3,0.257339578647444,0.0010167716181476,0.0069789304840954
Fzd7,-0.449339128129968,0.0010275753166797,0.0070494984600401
Plod1,-0.163696895019407,0.0010277793827795,0.0070494984600401
Mn1,-1.34348225766754,0.0010309119322115,0.0070684859125913
2810429I04Rik,0.624702446038892,0.0010333177634575,0.0070824789410561
Adck1,-0.203854104756007,0.0010337276201463,0.0070827862787145
Sec24d,-0.147834151104321,0.0010343969519317,0.0070848706160549
Sim1,-0.876279582386312,0.0010399550015064,0.0071204258465882
Efcab3,1.76491421789,0.0010406942743373,0.0071225090689782
Epdr1,0.268168582934985,0.0010409933889724,0.0071225090689782
Sbk2,-1.70294417950585,0.0010431592318983,0.0071348120323424
Lace1,-0.327795093151904,0.0010467511489605,0.0071568566928931
Cep89,-0.276955667090765,0.0010517445530737,0.007188464708645
Cdkn2b,0.677987212985626,0.0010539600434785,0.0072010706632594
Gm11613,0.63990159354896,0.0010550061351542,0.00720314533657
Stk10,0.430602471880789,0.001054745333621,0.00720314533657
Purg,-0.496239018365374,0.0010558023557017,0.0072060460464425
Pigc,-0.307826810397872,0.0010597005053832,0.0072301085114123
Gmeb1,0.193082810432469,0.0010655264659159,0.0072673024761451
Gm12522,-1.10301072850541,0.0010692569849661,0.0072901836037537
Asap3,0.474269589955041,0.0010709840752558,0.0072993940977395
Tmem8,-0.68527543226747,0.0010718559324293,0.0073027712474928
Hectd3,-0.320922245458816,0.0010765871763833,0.0073324315796919
Slfn4,2.22674304904766,0.0010797426316872,0.0073513424650034
Spdl1,0.424912380965676,0.001087201262825,0.0073995276407776
3110057O12Rik,-0.450854865139488,0.0010945679183899,0.0074444788765091
Gm10660,0.679198843214492,0.0010945731928819,0.0074444788765091
Hyal1,-0.455209541400673,0.0010984294787818,0.0074680888599451
Snupn,0.278026390784252,0.001109300586122,0.0075393585194788
Rttn,-0.389105189563798,0.0011204057467867,0.0076121684561101
Nf2,-0.131162981544927,0.0011209338254782,0.0076130906368849
Gm26522,1.95876350012759,0.0011225137015244,0.0076211532065711
Sppl3,-0.145891257592532,0.0011288430599156,0.0076614448179793
Mblac2,-0.860317121308126,0.001130045423611,0.0076669235663455
Edrf1,-0.347907841513639,0.0011330148409608,0.0076843830737519
Cand2,-0.336080240262958,0.0011335839947467,0.0076855568952011
Bbs12,-0.633010587791783,0.0011345374936085,0.0076893347977577
Cmah,0.45535826201625,0.0011364320055769,0.0076994855573375
Tmeff2,-0.370043487958437,0.0011389200818888,0.0077136493085416
Man1a,0.455453101184376,0.0011419948652099,0.0077317754237731
Fam150a,-1.16480863575562,0.0011545727639091,0.0078142064565375
Ugcg,0.310290101763097,0.0011578276500773,0.007833503389854
Dgkq,-0.175333233140234,0.0011614617681917,0.0078553517427651
Ppp4r1l-ps,-0.231633007683206,0.0011664700504169,0.0078837286166109
Zhx1,-0.235421321751448,0.0011662243501358,0.0078837286166109
Dthd1,1.92512648325266,0.0011689029507883,0.0078974209112453
Yap1,0.110172634245172,0.0011704234256883,0.0079049412293967
Gm17552,-0.709046926885643,0.0011727653497547,0.0079180023822687
Atf7ip,-0.189169129543003,0.0011768940926255,0.0079431140776719
Ralgps2,-0.566598462912101,0.0011789342223557,0.0079541167074374
Arhgap21,-0.430152514040159,0.0011798695915056,0.0079576606025638
Mettl16,0.178456307074151,0.0011840605067505,0.0079831515194533
Tle6,-0.40993659943594,0.0011957424514845,0.0080591130700261
Fam63b,-0.354362915705425,0.0011966902416157,0.0080627005028863
4930412C18Rik,-0.505537142939364,0.0011987984647736,0.0080741011490692
Tubb4a,-0.737351477860825,0.0011992790559696,0.0080745353233989
Adipor1,-0.116086944425468,0.0011999168619698,0.008076027329054
Shroom4,0.32662875649821,0.001211087967012,0.0081483879722267
Cav2,-0.315515183970678,0.0012143606634686,0.0081675751521475
Pik3cd,0.293309292344327,0.0012157651319884,0.0081741880184003
Gm26740,-0.941094579159565,0.0012212898815904,0.0082084893877315
Zfp174,-0.389367346004725,0.0012220170106119,0.0082105325740698
Cnppd1,-0.23337349644042,0.0012224702301176,0.0082107346296999
Gpr31b,1.91093650935497,0.0012242555392802,0.0082198804443577
Mef2d,-0.502414518892237,0.0012343690937597,0.0082849179852347
Lrrc56,-0.433885599666957,0.0012369534689635,0.0082993931921744
Lpin1,-0.353560197257162,0.0012381631311092,0.0083046378831816
Baiap2l2,-1.14891837826134,0.0012442235552135,0.008342402856034
Ikbkap,0.135493825669024,0.0012447062550286,0.0083427565362954
Rmnd5a,-0.17519229344977,0.0012455171703528,0.0083453091068804
Aqp9,1.5944009003416,0.0012520566736356,0.0083862297877891
Rnf219,0.367495915992341,0.0012626626304142,0.0084543497862518
Rgl1,-0.435737133855675,0.0012650206446487,0.0084672164845686
Lrrcc1,-0.352808615382605,0.0012663596291672,0.0084707810780781
Rassf9,1.23196201840822,0.001266426299088,0.0084707810780781
Sfi1,-0.260007021045939,0.0012669765595042,0.0084715414061405
Cd22,-0.638436652448548,0.0012731503290374,0.0085098894194427
Dclre1c,0.314143723662839,0.0012746499463376,0.0085169791868921
Arhgap39,-0.37493401012882,0.0012766467546194,0.0085273850694096
Oxld1,-0.499675622220793,0.0012784659366116,0.0085365977405413
Appl2,-0.385260275122794,0.0012796595916974,0.0085416287297206
Gm10197,-0.597346996319607,0.0012802800588202,0.0085428315891845
Tnk2os,-0.846739768329068,0.0012877662186134,0.0085898300811192
Uspl1,0.200294680467557,0.0012887853479364,0.0085936738458275
Tnfaip1,0.320823453177816,0.0012906607527614,0.0086032226886233
Rinl,-0.475865575859577,0.0012941501784877,0.0086235199393461
Foxc2,-0.470458057734606,0.001301616093618,0.0086702913424527
Flot1,-0.351579196486665,0.001302691742734,0.0086744785779035
Arhgap27,-0.41918605405832,0.0013033821279613,0.0086760983914109
Gm21833,0.511619604006904,0.0013042498656682,0.0086788972542614
Arhgap4,-0.673534922509636,0.0013116270002774,0.0087249949651638
Slc2a12,-0.61430911646195,0.0013153655691656,0.0087468654914634
Ncoa2,-0.147358060280183,0.0013217155472828,0.0087860803287004
2010110E17Rik,1.21071126107825,0.0013309746633476,0.0088446001258899
Zfp61,-0.753261424176431,0.0013369452034175,0.0088812340729591
Porcn,-0.377665592430809,0.00134467237083,0.0089295081052655
Nxph1,1.72846021608105,0.0013492196324258,0.0089535765210643
Klhdc8b,-0.337285674850393,0.0013491657033396,0.0089535765210643
Srrm2,0.192882122740756,0.0013517727072289,0.0089674521747249
Izumo4,-0.551430197672999,0.0013580082264315,0.0090057387647565
Cacna1d,-0.691279363310159,0.0013600030615948,0.0090150413300365
Ccdc176,-1.07486426277443,0.0013603401883295,0.0090150413300365
Idh2,-0.325214108341859,0.0013661357820712,0.0090503580455137
Nipal2,-0.632396923459178,0.0013700471104646,0.009073172058517
Spin1,0.359168962111037,0.0013748038343124,0.0090984630289902
Zfp532,-0.177494067238778,0.0013745574833824,0.0090984630289902
Ccnd3,-0.223294633197329,0.0013868786357893,0.0091752448172028
Cc2d2a,-0.249173341955219,0.0013907978935248,0.0091980376025752
9230114K14Rik,-0.399633775364489,0.0013942624661057,0.0092178088219135
Ube2h,-0.19932816534017,0.001394859763777,0.0092186167766791
Arhgap30,-0.349489452523519,0.001397416071069,0.0092323668515574
Dnmt3a,-0.585864615660293,0.0013983752005147,0.0092355590166061
Mad2l1bp,-0.308941057601579,0.0013993445220771,0.0092388163002331
Zfp536,1.78225289050804,0.0014014249722541,0.0092494048168773
Ube2e3,0.404891635111928,0.0014025903687834,0.0092539488323269
Lipt1,0.368629938762537,0.0014070342035578,0.0092801127416166
Stk24,-0.194046763717032,0.0014132468969561,0.0093179214368118
Ska2,-0.435197057424754,0.0014141167174331,0.0093204893971033
Abcc8,1.91824022905679,0.0014243367581674,0.0093829945713948
Ganc,-0.22858261570638,0.0014245672030163,0.0093829945713948
Ak2,0.222415805272582,0.0014331184012814,0.0094361145091498
Camk1,-0.29094155046203,0.0014347111904136,0.0094433975369015
Palb2,-0.489626359490446,0.0014376539193934,0.0094595580372701
Pan3,0.193087662898282,0.0014544647982941,0.0095669271003727
Kdm4a,0.283647287557379,0.0014710213322593,0.0096725509763338
Dnajb14,-0.162390723960094,0.0014758918268904,0.009701288959682
Tmub2,-0.144832346050237,0.0014770743127856,0.0097057737776133
Cyp46a1,-0.647998644356248,0.0014826869374592,0.0097393559019836
Nynrin,-0.709844330645282,0.0014923544728517,0.009799541858279
Hyi,-0.247795343972298,0.0014934045338265,0.0098031196124391
Klf10,0.804091332715092,0.0015060330363983,0.0098793323320735
Zfp108,-0.561938639777981,0.0015059246983452,0.0098793323320735
Opn3,0.800031034972956,0.0015087713404394,0.0098939503514321
Limd1,0.298116583646432,0.0015158490132934,0.0099370048155225
Cggbp1,0.275053887013515,0.0015190709227294,0.0099547626425671
Rnf157,-0.599831555486134,0.0015249104515391,0.0099896564489078
Cnksr1,0.798344065281116,0.0015278815861235,0.010005742253507
Sult6b1,0.862099738574073,0.0015303837362993,0.0100187469700245
Fermt3,-0.394253354186909,0.001536506231824,0.0100554357242206
Optn,0.72691518143312,0.001537612207718,0.0100592809435469
Plekhm2,-0.309295425000089,0.0015386666480982,0.0100627865317487
Rai2,-0.518211868144763,0.0015457479863565,0.0101022882880641
Pcdh1,0.945871992971851,0.001545517059096,0.0101022882880641
Fgf10,-0.392137391937048,0.001549206317983,0.0101214812774893
Accs,-0.237702262022643,0.0015509454463922,0.0101294329995947
4930551O13Rik,0.979731447515055,0.0015549810945998,0.0101523732031009
Csrp2bp,-0.212744487488698,0.0015566880923234,0.0101600994764362
Rpusd3,-0.491905543118712,0.0015595643081404,0.0101754491712028
Kitl,-0.468264878391715,0.001561191743236,0.0101826435582363
Oscp1,-0.391963795672481,0.0015651316112548,0.0102049105459639
Gad1os,1.78721351224271,0.0015665081403769,0.0102104548054669
Per2,-0.604876827044678,0.0015694583527011,0.0102262491188092
Ado,0.144253459331361,0.0015803095754496,0.0102934968116901
Tmem80,-0.24017762985667,0.0015853861672217,0.0103230983854937
Hmbs,-0.198277356191683,0.0015863545381269,0.0103259387647821
Dact3,-0.444494589376567,0.0015873029351963,0.0103286472684604
Il1rap,0.367371727971331,0.0015890175863655,0.0103328744121438
Wdr19,-0.296212381813984,0.001588514712206,0.0103328744121438
2810029C07Rik,-0.526116308447866,0.001602553074626,0.0104174002881217
Cbx8,-0.615584595502106,0.0016031555842415,0.0104178268441468
Tnfsf12,-0.281120572412395,0.0016140739553305,0.0104852664979024
Ccnyl1,0.297317092468469,0.0016158175366596,0.0104930801477056
Bcl9l,-0.681102972204516,0.0016189467979094,0.010506369119276
Gm26869,-0.3941843073616,0.0016185536757664,0.010506369119276
Gper1,-1.2756151897307,0.0016300722142888,0.0105750321785561
Lyar,0.255413248656906,0.0016359868833555,0.0106049554814269
Spint2,0.594920020345359,0.0016361843162501,0.0106049554814269
Zxdc,-0.300758631055202,0.0016363242997006,0.0106049554814269
Dnajc18,-0.176880988815353,0.001642713050683,0.0106428060218544
Ezr,0.67808415287,0.0016467889179706,0.0106637503124375
Nacc2,-0.227434751034581,0.0016470449230248,0.0106637503124375
Rbm12b1,-0.515128470255394,0.0016479240089969,0.0106658830789115
Ece2,0.299806040868375,0.0016496802680837,0.0106736898705891
Edem1,-0.171152168484528,0.0016507071565969,0.0106767738888688
Vmn2r55,0.646273459423433,0.0016545461722724,0.0106980386293815
Col22a1,1.54102941999513,0.0016554274263194,0.0107001711460034
Podnl1,-0.378366359192414,0.001658983703913,0.0107195870099
Fam216a,-0.245144970316983,0.0016672143890767,0.0107691837568726
Gstt2,-0.56734066042174,0.0016718736523443,0.0107956859734076
Nol4,0.840376652382031,0.00167595259557,0.0108184245390688
Marcks,0.266720544708731,0.0016774825753964,0.010824699665112
Cytip,-1.10424266955285,0.0016781750924967,0.0108255683160928
Tnfrsf13b,-1.06599278062588,0.0016794161472455,0.010826375721313
Wdr54,-0.441910531842946,0.0016791830932752,0.010826375721313
Ptpn23,0.337718200197066,0.0016855082320704,0.0108620397658899
Gm14964,-1.68430274773771,0.0017088288068354,0.0110086700424421
Kifc5b,-0.489875589425475,0.0017104781670276,0.0110132065900714
Rassf5,0.394524691287164,0.0017106681438092,0.0110132065900714
Gnaz,-0.725261440512496,0.0017210806382795,0.0110765667347183
Cenpo,-0.281406067505202,0.0017221595873749,0.0110798357537874
Plxna4,-0.32516081996297,0.0017314787002292,0.0111360996682958
Dusp14,-0.97138979020994,0.0017459704456195,0.0112255833422137
Gm6480,0.352531468850876,0.0017495691293751,0.0112412713199985
Med12l,-0.573105201234347,0.001749429267881,0.0112412713199985
Chfr,-0.401366229191173,0.0017591464845597,0.0112953270636654
Dnmt1,-0.362195650389984,0.0017589309085188,0.0112953270636654
Golph3,0.313103272177833,0.0017631960592001,0.011317583967158
Elmsan1,-0.228688860143435,0.0017697225999464,0.0113557200163229
Celsr2,-0.608342819370552,0.0017904746786391,0.0114850812113433
Mef2a,0.350394952171461,0.001796431465356,0.0115194831968829
Sumo1,0.519780510502874,0.0017998982584131,0.0115379008279643
Epb4.1,-0.262088092770292,0.0018010913172099,0.0115417357725039
F9,1.50920088816642,0.0018044782425254,0.0115596222574987
Napepld,-0.544643040221792,0.001809355286827,0.0115870395992053
Mical2,-0.890991704251605,0.0018118179483416,0.0115989823390369
Smad7,-0.296942929678348,0.0018130258948831,0.0116028873563035
Thtpa,-0.261833592068005,0.0018158850527011,0.0116173536309308
Fancm,-0.293068348445878,0.0018209085671184,0.0116456525498899
Ngfrap1,-0.193825968242941,0.0018315272655124,0.0117097051268545
Emc9,-0.510663208499212,0.001832310652355,0.0117108550389647
Meox2,1.77506728972165,0.0018343492167308,0.0117200237739368
Fgd2,-0.689708009770585,0.0018369027752182,0.0117324757901038
Nr1d1,-0.646790148249515,0.0018389551559858,0.0117417195941918
Rasa4,0.363357751803538,0.0018407176980923,0.0117491073071655
Tut1,0.250781428578287,0.0018434545972026,0.0117627073344689
Prr3,0.244013472467751,0.0018531229296804,0.0118205119419854
Cog4,0.221939976971195,0.0018564337665015,0.0118377393378891
Kdsr,-0.226462598752771,0.0018610817671319,0.011863479175239
Cnnm4,-0.250680412225342,0.0018636253102396,0.0118757916321478
Olfr613,0.191517381464701,0.0018645189043192,0.0118775852985587
Usp17lc,1.01585871868942,0.0018714284527503,0.0119176887749154
Whsc1l1,0.12414268345399,0.0018821721016728,0.0119821743637991
Pnp2,0.878502551502868,0.0018953200849868,0.0120619189665744
Phf12,-0.178846362263146,0.0018984286480304,0.0120777408152077
Pnisr,-0.272250076563621,0.0019054934417707,0.0121187134526778
Pkdrej,-1.02344674120824,0.0019109580370977,0.0121455059783311
Rpp25,-1.3026945722446,0.0019108173078726,0.0121455059783311
Ets1,0.747925860796858,0.0019150265611293,0.01216737897582
Rhoc,0.284007560974782,0.0019315625390241,0.0122684253706135
Gprin1,0.66971596530254,0.0019365869006031,0.0122963128989865
Thap3,-0.388218892634505,0.0019373525421933,0.0122971503855805
Gng8,-0.372769451471465,0.0019480817322841,0.0123612092652847
Gm15443,-0.381379513908993,0.0019488015900511,0.0123617345712167
Tmem104,-0.399561500034746,0.0019500884744031,0.0123658551494508
Eml5,0.523814348763067,0.0019559071283479,0.0123987003980609
Dzip1l,-0.436970032827133,0.0019676239305674,0.0124665500533165
Zscan2,-0.498604860654671,0.0019678954243098,0.0124665500533165
Fcgr4,0.437841064626785,0.0019764816973889,0.012516857329026
Nudt13,0.317873136032268,0.0019874890207577,0.0125824590403863
Gm15612,-0.999435589960207,0.001993321208767,0.0126152657321971
C030014I23Rik,-0.380815179245617,0.0019984139892397,0.0126433730183266
St3gal5,0.252043070101613,0.0020042413213506,0.0126761077573296
Ubtd2,0.67892321842031,0.0020102228833008,0.0127097962944182
Gar1,0.380589422217935,0.0020188487306708,0.0127554436712132
Gm16267,1.55824271258217,0.0020196585535806,0.0127554436712132
Klhl26,-0.376833781431082,0.0020201660268078,0.0127554436712132
Neurl2,-0.653557989957781,0.0020207294292573,0.0127554436712132
Pkp1,1.14295828878199,0.0020201172110073,0.0127554436712132
Mdm4-ps,0.322077557045808,0.0020316761374179,0.0128203719578728
Slit1,-0.646899498469333,0.0020366146340573,0.0128473570738781
Med1,0.283224722754445,0.0020400733343835,0.0128649928438017
Aqp5,-0.625144453200954,0.0020418792238153,0.0128721976799585
Cdkn2c,-0.549530777017177,0.002049261000948,0.0129145373375755
Fadd,0.2260560647771,0.0020520510130909,0.0129279213824729
Abca8a,-0.644389219029036,0.0020542516364961,0.012937584795382
Ar,-0.611465566085087,0.0020589133917619,0.0129627370064075
Htr2a,1.4296009580414,0.0020669785666795,0.0130092935802303
Eif4enif1,0.189460586756485,0.0020677824192215,0.0130101329645184
Atf7ip2,-0.765092554348834,0.002068694274728,0.0130116511205261
Zfp248,-0.539426918373275,0.0020763719654778,0.0130557101808597
Parvg,-0.777594411559129,0.0020772060029971,0.0130567234474108
Rreb1,-0.376882014812706,0.0020909273045734,0.0131387154850853
C2,0.542525683787975,0.0020977830970921,0.0131775277487782
Adap2,0.385125593288083,0.0021054876282689,0.0132216446404306
Cdon,-0.537185810706433,0.002114862031718,0.0132762157435967
Kif26b,-0.397795934343285,0.002119828037647,0.0133030864303049
Fam83a,1.10697316319977,0.0021483888828011,0.0134779624577673
Ptgfr,-0.66258772064076,0.0021584326951551,0.0135365959976697
2610507I01Rik,-0.554654189132648,0.0021700170673462,0.0136048501372493
Peak1,-0.58596717861892,0.0021799893779093,0.0136629566824783
D330045A20Rik,-0.747495188954352,0.0021894058842264,0.0137175433572908
Stac,-1.5954939669196,0.0021920232022272,0.0137295087850281
4933411K16Rik,-0.933218121166837,0.0021983984644913,0.0137649963875412
Tnfaip8,0.912082589934731,0.0022041243651462,0.013796396510096
Mvp,0.577931617616534,0.0022087185388364,0.0138206947847737
Agpat9,-0.624799512224606,0.0022205748897844,0.0138859281860705
Gnl2,0.272897569976658,0.0022200497346969,0.0138859281860705
Ogfod2,-0.383354995007288,0.0022251820655534,0.0139102554123706
Epb4.1l4b,-0.483985554467958,0.002229578417164,0.0139332494707414
Pak4,0.355890172359328,0.0022333832781769,0.0139525335253527
Gm15743,-1.38796831225128,0.0022343009613985,0.0139537740119011
Slc28a2,1.89816053549202,0.0022358821681603,0.0139591562390551
Fam65b,-0.786835169750818,0.0022483318968218,0.0140323680044808
Dlx2,-1.35110010043989,0.0022509612512053,0.0140442611313146
Fbrs,0.386547545558652,0.0022754652079997,0.0141835039481186
Hr,-0.495186924486974,0.0022741226024339,0.0141835039481186
Pdgfa,0.38258128082907,0.0022754714383886,0.0141835039481186
Ssc5d,-0.323641430893231,0.0022774731928574,0.0141914225543373
Mapk9,0.152931846144309,0.0022931516531192,0.0142845311965094
Usp20,-0.352183572182157,0.0022950740408532,0.0142873329126459
Zfp821,-0.346249232509009,0.0022945417455065,0.0142873329126459
Fgf18,-1.24421578201974,0.0022986323200087,0.0143048946560135
1190002N15Rik,-0.995428096285787,0.0023020575405684,0.0143216173508146
Angptl2,-0.240222560263598,0.0023052790979578,0.014337062697684
Atp5g1,-0.258480094334131,0.0023159429239201,0.0143987685023217
Firre,-0.264211400170216,0.0023185248111647,0.0144102035348626
Gm5124,-0.61852966481094,0.0023261846019124,0.014453181561162
Peo1,-0.24615341585332,0.0023287380717296,0.0144644153469405
Itgb2,-0.269623136796123,0.0023370472818212,0.0145113809460672
1110054M08Rik,-0.477483212571456,0.0023461740035043,0.0145614365170993
2810408A11Rik,-0.586922546211271,0.0023466095644696,0.0145614365170993
Akap10,-0.213517738099053,0.0023479214075824,0.014564919115323
Cdca4,0.214698700271804,0.0023507055305194,0.0145775295986576
Gm4793,-1.25984680793226,0.0023577868716374,0.0146167720310709
Mterf2,-0.283840225610762,0.0023712986022304,0.0146958409701947
Fcgr3,-1.23627930373278,0.0023750361199177,0.0147143042371916
Tmem86a,-0.188237179028225,0.0023759570469721,0.014715311375502
Gm7976,0.499017140660591,0.0023778200760762,0.0147174547866612
Rnf38,-0.181970407250093,0.002377277278161,0.0147174547866612
Zfp418,-0.369108144919664,0.0023796245880195,0.0147239271383706
Prkra,-0.277656577215262,0.0023827161596095,0.0147336597708934
Arhgef9,-0.373144351777383,0.0023826785448477,0.0147336597708934
Ercc6,-0.257379551328954,0.0023866250337969,0.0147531290716141
Slc35f6,-0.247130860821375,0.0023946071305907,0.0147977569305679
Lonrf2,-0.384558355138709,0.0023986038190142,0.0148177230435825
Raf1,-0.120236165264866,0.0023993653784238,0.0148177230435825
Hist1h2ac,-0.33097137220949,0.0024183457997809,0.0149301883229238
Sec14l5,-0.944618209839307,0.002422375759216,0.0149503114605053
Sgtb,-0.244445298827945,0.0024380612057098,0.0150423337474064
Gm10478,0.812802073429972,0.002445724713877,0.0150848195639131
Fgd6,0.812514267187796,0.0024597263682673,0.0151615408036404
Tox,-1.30783852307397,0.0024595846764239,0.0151615408036404
1700071M16Rik,-1.14152530554031,0.0024609454170374,0.015164237812701
Idua,-0.215714467474577,0.0024633084485738,0.0151739800432151
Bivm,-0.338747404049384,0.0024765517047616,0.0152507170038701
Angptl1,-0.332130675455439,0.0024805023547935,0.0152701991409944
Mybbp1a,0.25213143376754,0.0024840466523288,0.0152835455745564
Lims2,-0.551239626255966,0.0024843245192278,0.0152835455745564
Ctdsp1,-0.12771460762381,0.0024855844559692,0.0152835455745564
Dzank1,-0.484696145420041,0.0024858209561585,0.0152835455745564
Spg20,-0.260484012021843,0.002492794895719,0.0153215686273466
Rps6ka5,0.538209249574108,0.0025002135373257,0.0153623000247843
Lrriq3,-0.595859645751206,0.0025046929112252,0.0153849513293496
Tmco6,-0.330727544618526,0.0025152759449543,0.0154450678594604
Dcaf12,0.132326225031088,0.0025161109205721,0.0154453072770584
Fut11,-0.342737531302148,0.0025213994502028,0.0154728763224973
Taok1,0.129847888832078,0.0025277502670011,0.0155069447299682
Znf512b,-0.456604685874489,0.0025344648966622,0.0155432227733357
Mir17hg,0.921467831373274,0.0025382451977208,0.0155614880937046
Smg8,0.281706468201105,0.0025419186461409,0.015579086989804
Ikzf2,0.397928187688767,0.0025485272319287,0.0156146581649337
Selo,-0.235496529166247,0.0025510001958631,0.0156248761996616
Fam13b,0.17780334033042,0.002552354170572,0.0156282361394065
Opn1sw,-0.999017517495982,0.0025554378594494,0.0156421817743713
Gata6,0.732195456768422,0.0025622989477718,0.0156792332962994
Faf1,-0.176281593398455,0.0025675651982453,0.0157065053930493
Gm27995,2.19404121697343,0.0025826408602222,0.0157937482671768
Wdr90,-0.498961515230122,0.0025853796713867,0.0158055157982321
Gm14391,-0.264058051639935,0.0025878816637251,0.0158158285993459
Zfp609,-0.180172361351291,0.0025966008579135,0.0158641193472778
Mdm2,0.186272973010714,0.0026084776025076,0.015931664903701
Sft2d2,-0.239570314980063,0.0026164172953853,0.0159751293894453
Eif3j1,0.264289399280457,0.0026323432182069,0.0160673129305088
Slc25a44,-0.176702823236637,0.0026443445906831,0.0161354913325836
Proser3,-0.44323713431831,0.0026517798667144,0.0161757738238687
Gm26532,-0.3970057227945,0.0026593068554347,0.0162165902648827
Sde2,0.400094178979763,0.0026613857626889,0.0162241688153367
Xrn2,0.262223170805016,0.0026633789600485,0.0162312202703458
Gm9752,-0.391840438643578,0.0026824611378259,0.0163423786242937
Xiap,0.387879334117773,0.00269128394862,0.0163909835966801
Arhgef26,0.988034119853691,0.0026987352502075,0.0164312076545428
Cd34,0.949361212356132,0.0027012081823207,0.0164359496926159
Cnrip1,-0.33482984160881,0.0027008025766621,0.0164359496926159
Serpina3n,1.16599823733469,0.0027132514462708,0.016498881561717
Slc9a1,0.357772944928378,0.0027124399324192,0.016498881561717
Gm14461,-0.84060088665655,0.0027160099058669,0.0165104812698755
Rnf166,-0.292824612469623,0.0027286072317361,0.0165818649309768
9530077C05Rik,-0.812335236877903,0.0027294986612476,0.0165820889238729
4930483K19Rik,-0.844280726459597,0.002733833544345,0.0165980306928886
Galnt5,-1.04025157374812,0.00273354324003,0.0165980306928886
Rasl11b,-0.99530107687083,0.0027405207241568,0.016633426378336
Kif18a,-0.467627295208341,0.0027423334329369,0.0166392238688895
Bcr,0.223756563957171,0.0027670851575256,0.0167812554332196
Gm20394,1.65333709859874,0.0027674715206299,0.0167812554332196
Ipo7,0.144011498964338,0.0027712473116829,0.0167989012295831
Cped1,-0.295507320207797,0.0027855548447323,0.0168803579660168
Zfp563,-0.498111144609315,0.0028024218118517,0.0169772690718609
Mum1,-0.269009152285154,0.0028126584402035,0.0170339651603337
Lrp11,0.193999830639168,0.002813927588208,0.0170363341409012
Abcc5,0.229714178418337,0.002816460545594,0.0170463507257352
Wdr77,0.222883538470341,0.0028182524372293,0.0170518772347983
Gm14002,-0.798804042544536,0.0028204883888025,0.0170600862519712
Nudt11,-0.984170297195161,0.0028542686645194,0.0172590305909426
Kctd16,-1.18832845693441,0.0028767684890866,0.0173896622312265
Gm27224,1.22087925392036,0.0028820072440277,0.0174159042550966
Gp49a,0.828584074064091,0.0029088471296201,0.0175726244405817
Fut7,-1.25357368900105,0.0029297928186041,0.0176936507476487
Tnpo1,-0.087860737288384,0.0029348724561579,0.0177188130489389
Psme3,0.199743532337394,0.0029382677907015,0.0177337941557614
Pcsk2,1.16324476826289,0.0029395883338762,0.0177362475219325
Seh1l,0.342978308430437,0.0029511180664331,0.0178002781974103
Mmgt2,-0.33232328300326,0.002952210164348,0.0178013318921718
Ube2e2,0.431128727221772,0.002961074049625,0.0178492329477864
Tvp23a,0.245891374619677,0.0029639364423934,0.0178609387354666
Il1r1,1.16346961093237,0.0029802332134971,0.0179535688527473
Ccl27a,-0.364781566444671,0.0029832944191381,0.0179664323119044
Nkiras2,-0.232810689484131,0.0029901126694358,0.0180019069927812
Mirg,-0.321448706109828,0.0029918443239326,0.0180067454285328
Camsap3,-1.20716565528692,0.0029938514920517,0.018013238558689
Acvr1,-0.177289783834368,0.0029974538875921,0.0180293227634338
Gm22,-0.882433243738495,0.0030055528271362,0.0180724347870319
8030451A03Rik,0.739108683583934,0.0030136527655248,0.0181155261035456
Fgfr1,0.265423258040334,0.003015929825685,0.0181235993612858
8430419L09Rik,-0.347167734224518,0.0030517954388456,0.0183296775229367
Zfp651,-0.56572671626856,0.0030521123519175,0.0183296775229367
Mafk,0.63209940575139,0.0030664201094869,0.0184099058801002
Mtf1,0.30488963418365,0.0030746925255484,0.0184538613565547
Paxbp1,0.177511049645472,0.0030789599139707,0.0184737594838243
Ncoa7,0.760366771422568,0.0030931122118516,0.0185496985418505
Rfx3,-0.289080108281395,0.0030935283694819,0.0185496985418505
Ifrd2,0.320482095010447,0.0030972790548008,0.0185664512756739
2610002M06Rik,0.257458545410072,0.0031251667712658,0.0187278369455351
Pxdn,0.357540401039245,0.0031267790667662,0.0187317138041164
Leo1,0.25159871971992,0.0031293092162303,0.0187410851949793
Rmdn1,-0.24732207580993,0.0031365303978701,0.0187785362049592
Nus1,0.178951315617101,0.0031425014805931,0.0188084820263508
Gm17034,1.76232995887327,0.0031441603454673,0.0188096748036903
Antxr1,0.171393269932308,0.0031446395105736,0.0188096748036903
Mtbp,0.220318534041572,0.0031500808986615,0.0188364159499627
Atrn,-0.125152272667385,0.0031726451341802,0.0189654979000719
Hmgcs2,-1.32675217727422,0.0031798277472781,0.0190025801072326
Ctc1,-0.22737132841478,0.0031997096354196,0.0191155067012569
Gm17147,-1.13184318834058,0.0032092795736569,0.01916677773076
Rapgef5,-0.4516120858153,0.0032135216727097,0.0191862075499262
Tnk2,-0.544715084109452,0.0032246774955465,0.0192468908408443
Depdc5,-0.20451372177307,0.0032260399417895,0.0192491017928916
Pcdh7,0.225083492658309,0.0032277577560109,0.0192534311397594
Igfals,1.32809432863076,0.0032310663362415,0.0192672437579687
Tmem255a,-0.77465849419456,0.003253207055529,0.0193933117374766
Nudt7,-0.274318030712453,0.0032571401215489,0.01941079450815
Ptp4a3,-0.215635421525578,0.0032751221301064,0.0195119649409228
3010026O09Rik,-0.993900498325365,0.0032820472536019,0.0195472206595739
Ptgs1,-0.232860033891682,0.0032835539036309,0.0195501932942787
1700020I14Rik,-0.16811014323925,0.0033011220254845,0.0196487643504606
BB218582,-0.810844276558334,0.0033099260788964,0.0196951259230013
Cacna1a,-0.579856414703582,0.003310945886996,0.0196951545037619
Fam107b,0.807387379801145,0.003317830495545,0.0197300591282733
Tmppe,-0.220353934525035,0.003328383920432,0.0197867529387447
Ptp4a1,0.404564080695956,0.0033515802496219,0.0199185492078606
Fan1,-0.326571248845494,0.0033682331944177,0.020011389131807
Gm28041,0.784623953178117,0.0033863579288766,0.0201129137593886
Mxra7,-0.295570838981085,0.003394441597621,0.0201542953885303
Slc39a8,0.202805211817447,0.0033954025780821,0.0201542953885303
Zdhhc13,0.300363611999081,0.0034120495011367,0.0202469139205067
Tgfbr1,-0.403103049106729,0.0034425901587201,0.0204218952735575
Mybpc2,1.55557374664579,0.003449779135641,0.0204582867811674
Bai2,-0.884598016391197,0.0034579936090913,0.0205007357136598
Rbfox1,1.46572220455049,0.0034633581790285,0.0205242567630883
Gm5388,-1.47116211328346,0.003464076525413,0.0205242567630883
Ube2d3,0.31503140492626,0.0034660620862837,0.0205297523572188
4933407K13Rik,-0.285205086274399,0.0034701080208625,0.0205474446252113
Ranbp2,0.353903529345686,0.0034792705556522,0.0205954136247335
Ythdc2,0.231113623909985,0.0034820509234853,0.0206055858857303
Atp11b,0.170122823696383,0.0034958446155035,0.0206809051583023
AA414768,-0.586275538391091,0.0034988023929574,0.0206857896505018
L3hypdh,-0.388013372306808,0.0034987858721729,0.0206857896505018
Pinx1,0.281292590582634,0.0035070909033255,0.0207284775778641
Rnf150,0.386971797508196,0.0035112494544665,0.0207467370324206
A530064D06Rik,-0.624338811922921,0.0035139181084857,0.0207498682218677
Aqp3,1.22889560196757,0.0035131537492873,0.0207498682218677
Mcur1,0.399499311453681,0.0035154761199565,0.0207527528541641
Slc16a6,-0.484146095992153,0.003531947744451,0.020843647820355
H13,0.139723188220218,0.00354714374887,0.020926961782631
Gm16576,0.681951028538214,0.003560679847947,0.0210004351883176
Stx16,-0.157733528841564,0.0035635809810392,0.0210111593303207
Foxp2,-0.794003183831328,0.0035727429872625,0.0210585997317211
Usp10,0.271001564156325,0.0035737976147473,0.0210585997317211
Zfp128,-0.354502460076369,0.0035801884676949,0.021089853378006
Dcps,-0.268808473314906,0.0035827995371714,0.021098829201601
Grap,1.2905071874521,0.0035885206711415,0.0211197012747436
Megf11,0.581482517665048,0.0035880955938105,0.0211197012747436
Wbp1l,-0.231406971925815,0.0035967286027376,0.0211615893897884
Ica1,-0.337673863506907,0.0036019927437939,0.0211861373751371
Atg16l1,0.185202522067238,0.0036166228321051,0.0212593000406446
Bach1,0.191389954787796,0.0036155422487653,0.0212593000406446
Txnrd1,0.541177631520708,0.0036188373795919,0.0212658753826776
Cttnbp2nl,0.55619640067032,0.0036212799848767,0.0212737865051617
Krcc1,0.225210803682851,0.0036297086856891,0.0213168484676489
Oxa1l,-0.199486429507384,0.003635290059808,0.021343167419218
Ascc1,-0.175317813262049,0.0036677877641035,0.0215208410719533
Cables2,0.207041732082192,0.0036697838302343,0.0215208410719533
Dusp7,-0.457059050736746,0.0036699888222579,0.0215208410719533
Zranb3,-0.597039078606099,0.0036668981424692,0.0215208410719533
Hcfc2,-0.232852054801457,0.0036784839821164,0.02156413993625
Cmtr2,0.446032964501201,0.0036882773608293,0.0216150208123024
Dqx1,0.503930746629856,0.0036916948040603,0.0216219879197062
Lgi2,1.09367180612555,0.0036906015578497,0.0216219879197062
Gm28048,0.766414966333941,0.0037008394321099,0.0216690067412977
Ccnj,0.290438235345299,0.0037020254987095,0.021669412602401
Haus4,-0.512411823649432,0.0037051213452431,0.0216744572152841
Snx9,-0.212027747020131,0.0037050614164301,0.0216744572152841
Ddit4l,-0.431779053477437,0.0037065995908569,0.021676569759189
Fem1a,-0.220584445466783,0.0037083154058177,0.0216800699410929
Oser1,0.469870477707194,0.0037311915803573,0.0218072413931487
Rabl6,-0.135272554119475,0.0037459515410828,0.0218869146953239
Aldh6a1,-0.30244234977071,0.003764482653357,0.0219885675513968
Gm14287,0.546930904777657,0.0038278729383855,0.0223521054759052
Myo5a,-0.280774916223699,0.0038398842218929,0.0224087559222888
Spata5,0.388823083281486,0.0038394629819141,0.0224087559222888
Xbp1,-0.167017688878396,0.0038439909562849,0.0224259773047964
Neu3,-0.370170630485151,0.0038475803023688,0.0224401707806329
Ubp1,0.199027550537233,0.0038529087701692,0.0224644957260712
Ap3m1,0.127322430612529,0.0038564560322421,0.0224688740472322
Brap,-0.13948286890446,0.0038571335524289,0.0224688740472322
Mertk,0.62325855133694,0.0038567159674386,0.0224688740472322
Yeats2,-0.400454089615075,0.0038635105785305,0.0224992674867366
Prkag2os2,-0.939298245455621,0.0038671263754342,0.0225135674134192
Atm,0.169669136664938,0.0038848769510814,0.0226094516756761
Slc35a5,-0.187322663230434,0.0038859266820439,0.0226094516756761
Snrnp35,0.343779144098546,0.003920990602421,0.0227904757772289
Nr2f1,-1.03040274556298,0.0039217377149127,0.0227904757772289
Ackr4,-0.911843788657742,0.0039206043608251,0.0227904757772289
B930041F14Rik,-0.574711949582181,0.0039197358334575,0.0227904757772289
Tbc1d13,0.268761796605475,0.0039327280169666,0.0228475013297067
Epn2,0.376178960195714,0.003934490616451,0.0228508997071583
Ston2,-0.997395463920106,0.0039503271413323,0.0229360107272328
Paqr4,-0.546929609745662,0.0039557904935148,0.0229608611235899
Nelfb,-0.1156616828297,0.0039611490324721,0.0229850884647396
Il1rl1,1.48066686164623,0.0039685374710744,0.0230210765586631
Sdccag8,-0.251166055998094,0.0039806323201859,0.0230843363840072
Fam188b,-0.506411107073585,0.0039907664985673,0.0231332414049667
Ifitm10,0.922118537509858,0.0039914498156992,0.0231332414049667
Gphn,0.650213231094617,0.0039936333419335,0.0231389851797191
Nr2c2,-0.209235962234419,0.0040104777740444,0.0232296449933008
Pim2,0.529103298923501,0.0040197690470185,0.0232727428203846
Commd9,-0.274405450710309,0.0040203171476978,0.0232727428203846
Ormdl3,-0.225867662948073,0.0040264909663861,0.0233015301854327
Sat1,0.446345498367069,0.0040411846869183,0.0233795908363039
Ankmy2,-0.445110534818893,0.0040513107808632,0.023431187598173
Dennd4c,-0.399061431155367,0.0040599189712799,0.0234739772701776
4930430E12Rik,0.567583519306406,0.0040671402076205,0.0235087246317155
Isoc2a,-0.219068411311563,0.0040757740156292,0.0235446022623607
Nedd9,-0.983229896651962,0.0040755687195734,0.0235446022623607
Bak1,0.366891254107639,0.004078224807378,0.023551748262608
Kcnab3,-0.567089588234313,0.0040931089816905,0.0236306714313368
Nfatc4,-0.720559813259541,0.0040992157055693,0.0236518529737936
Palm,-0.438288379124175,0.0040985228933108,0.0236518529737936
Dyrk2,0.523657733341142,0.0041044468451268,0.023674996011546
Prps2,-0.296753756328421,0.0041265685187474,0.0237938812757252
Zfp30,-0.342265009790511,0.0041275100172176,0.0237938812757252
Pomt1,-0.213704833312104,0.0041316723660237,0.023803880464357
8-Sep,-0.168518338248914,0.0041316980727661,0.023803880464357
Car13,1.0875989598843,0.0041371913205473,0.0238284536609975
Sh3bp4,0.494638995288294,0.004145178528409,0.0238673721558604
Zfp521,-0.626012757853943,0.004149647722836,0.0238860173283624
D1Ertd622e,0.601770022305118,0.0041531817175569,0.023899269883593
Ttll12,-0.24001199187275,0.0041630603098545,0.0239490134160742
Gm26908,-0.730427524997379,0.004174126218368,0.0240055557620669
Pde12,0.332832141712662,0.0041760407800376,0.0240094504580296
Dyrk1b,-0.358086241781407,0.0042103763323544,0.0241996867159376
Atp13a1,0.235622062930825,0.0042171230840672,0.0242201636778342
Etf1,0.288029458817194,0.0042171165898463,0.0242201636778342
Myo6,0.298463493560416,0.0042176836254072,0.0242201636778342
Cep83,0.200689661142533,0.0042303960748394,0.0242787948642958
Rap1gap2,0.687675291186864,0.0042293987973632,0.0242787948642958
Il23r,1.56280897809178,0.0042369337144479,0.0243091253090327
Smyd3,-0.203564623580146,0.004247099628702,0.0243602486536608
Kcnj15,-0.669721205800236,0.0042497929071359,0.0243684933717686
Rprd2,-0.162152663934439,0.0042588800412714,0.0244133850283105
Mapkapk5,0.179333646543403,0.004262506693612,0.024426958028012
4932441J04Rik,0.528086127215503,0.0042665531032479,0.0244429277872521
Cc2d1b,-0.127415817057984,0.0042732822897369,0.0244742531139478
Elovl2,-1.1204693198364,0.0042759097377777,0.0244820751111947
Prl7c1,1.68278891212614,0.0042795816697077,0.0244958710085575
Fbxo18,-0.134397270324361,0.0042818164239078,0.02450143494235
Gm12764,1.17431830499057,0.0042864362478608,0.024514897479134
Shb,0.474263515294639,0.0042866958950062,0.024514897479134
Fam171a2,-0.418914616545641,0.0042906787382265,0.0245304449724656
Rgs10,-0.413353158588241,0.0042929128655011,0.0245359885838541
Hist1h1b,-0.779092014333618,0.004295420042089,0.0245430890744096
BC052040,-0.510340719481304,0.0043030336242422,0.0245793536781856
Rfx2,-0.775424858648449,0.0043126297373695,0.0246269180176333
Slc27a1,-0.632388735556063,0.0043231352460367,0.0246796458705786
Lars,0.159601684840877,0.0043292213750004,0.0247071210472082
Gm26816,0.487770556627297,0.0043395826281758,0.0247589712781899
Camta2,-0.255713979801264,0.0043590041988427,0.0248624683933995
9230111E07Rik,-1.70008268444356,0.0043639011456128,0.0248830848749552
Xist,0.597528975536647,0.0043684527122205,0.0249017204547379
BC046401,-0.859647000033084,0.0043784444172971,0.0249513466881742
Bambi-ps1,0.690630581408869,0.0043844704753954,0.0249783514693402
1700082M22Rik,0.601268939822661,0.0044092966311046,0.0251124132168932
Kdm2a,0.156621175783753,0.0044280594236748,0.0252118735495855
Sh3pxd2b,0.366230613780261,0.0044316519078367,0.0252249262598016
Primpol,-0.228663778723962,0.0044350743727831,0.0252370038502887
Rpl21-ps8,0.63452809804965,0.0044474038358684,0.0252923282623656
B4galt7,-0.287324300616527,0.0044469250700442,0.0252923282623656
Ndrg4,-0.221099924838298,0.0044497870469828,0.0252984669966758
Mak,-1.07473554707013,0.0044627295958739,0.0253646177733855
Slc39a1,0.337405418024941,0.0044724364807977,0.0254123447945532
Kdm5b,-0.287276862203066,0.0044784215341374,0.0254389026488299
Tmem175,-0.202534656523507,0.0045227816754822,0.0256833642467247
Ptger2,0.700795183503079,0.0045407768187977,0.0257780085991667
Tmem55b,-0.334965878054163,0.0045465079902448,0.0258029953327612
Crebrf,-0.461194120535951,0.0045500448309223,0.025815517514391
Vps33a,-0.232426211521022,0.0045540497827289,0.0258306875136138
Radil,0.841425351671569,0.0045611462696402,0.0258633787890414
Lrrc57,-0.320020776412978,0.0045712394498399,0.0259130383536939
Atg2a,0.289806932792871,0.0045782223460437,0.0259382679527945
Atp5s,-0.228333013939899,0.0045783636228778,0.0259382679527945
Ppfibp2,1.04055002592316,0.0046059210397666,0.0260867752059636
Adcy4,0.407895137097891,0.0046185813434403,0.0261508469180381
Ccdc43,0.4631320979888,0.0046260586982092,0.0261855434597586
Brox,0.206039177249494,0.0046558280191831,0.0263396388196028
Hlx,-0.815386383599381,0.0046559967610409,0.0263396388196028
Utp11l,0.267018079078488,0.0046630865645944,0.0263720582044275
Atxn7l2,-0.323898533137615,0.0046665338342738,0.0263816793073657
Lrrfip2,0.384477600417335,0.0046675069605332,0.0263816793073657
Ctsf,-0.156284013848939,0.004668905777408,0.0263819009041425
Kbtbd11,-0.780882772546713,0.0046993838170827,0.0265463882348392
Ilvbl,-0.226389782010116,0.0047286468329139,0.0267039182613104
Casp12,0.447887016714213,0.0047476569405658,0.0268034725850275
Cers4,-0.182215034305669,0.0047633231253841,0.0268840959642097
Clock,0.129069215230994,0.0047783541442568,0.0269610886348243
Tmem154,-0.612209506289271,0.0047812944518969,0.0269698364955257
Ccin,0.908383407309406,0.0047926034340977,0.0270257707164289
Znhit6,0.152480739632223,0.0048039401187698,0.0270818286068015
Ptpdc1,-0.254039735141483,0.0048158284782852,0.0271409630533393
Gm26799,0.568308788840573,0.0048238584941995,0.0271775136040863
Serpinb8,-1.1049243909886,0.0048251151497669,0.0271775136040863
Zmym6,-0.283486723799048,0.0048272420824961,0.027181603415193
Sh3bp1,-0.198659413267232,0.0048410736775396,0.0272515792396224
Rnf217,-0.410526475655982,0.0048705325087382,0.0274094584685488
Gm26549,0.846679620643417,0.0048864640094784,0.0274911416758245
Dnmbp,-0.501868732707475,0.0048948167401644,0.0275301518916379
Hlcs,-0.283031758270285,0.0049047391001976,0.027577965082653
Vstm5,-0.678656921029005,0.0049162110782206,0.0276344611129184
Mfsd4,0.369429189462136,0.0049629637667173,0.0278891830087989
Zbtb8a,-0.625249956330086,0.004976281180427,0.0279559235741186
Fbxo24,-0.694934442739871,0.0049985550422931,0.0280566855772799
Shisa4,-0.138063177856493,0.0049971202160204,0.0280566855772799
5031434O11Rik,-0.51519016377725,0.0049984753779617,0.0280566855772799
Obsl1,0.202674568189253,0.0050071512068921,0.0280968079868522
Slc35a3,0.339238116061937,0.0050286563835198,0.0282093230603695
Hk3,0.424194271196229,0.0050415921729571,0.0282737151803643
Gm20574,0.815654142877848,0.0050453243358149,0.0282782996568897
Rab11fip5,-0.299895634213013,0.0050446992791915,0.0282782996568897
Slc44a2,-0.176715298245016,0.0050510560380948,0.0283022498883027
Ddhd2,-0.214520605758657,0.0050551635387906,0.0283170881370365
Abhd5,-0.27687320871899,0.0050667653150027,0.0283564612524631
Dtx1,-0.947389589366539,0.0050673577622472,0.0283564612524631
Duxbl3,-0.970170687648748,0.0050651029624078,0.0283564612524631
Syt12,-0.458198048868569,0.0050680379109225,0.0283564612524631
Plekhg3,-0.484786843781474,0.0050866248132714,0.0284358593709936
Gm5428,-1.21622350059616,0.0050844271934478,0.0284358593709936
Sft2d3,-0.312058900810474,0.0050856966382181,0.0284358593709936
Ceacam1,-0.76933403326781,0.0050960513241371,0.028480351351831
Plek2,1.00684280296881,0.0051061354181591,0.0285284916942012
1500011B03Rik,-0.268050803672878,0.0051166739352482,0.0285791424984332
R3hdm4,-0.144870562405084,0.0051257327261097,0.0286215015301967
Pcgf3,0.121973757862539,0.0051415437048642,0.0287015287828499
Gnai3,0.330444204284808,0.005156822123652,0.028778537960122
Mccc2,-0.255220972479036,0.0051663148390007,0.0288232240183932
Scd4,0.795855425371308,0.0051729389082481,0.0288518846150175
Pura,-0.222119626390514,0.0051756548189325,0.0288587373869446
Lrrn3,-1.40790750558376,0.005191070243773,0.0289363766188374
Tctn3,-0.271123820712669,0.0051937778112508,0.028943154695437
Ern1,0.401416793728512,0.0052118047731293,0.0290352741366069
Gm13375,-0.605522913185563,0.0052340510974991,0.0291508402686205
Clk1,-0.189500368409191,0.0052416051922829,0.029184535767879
Psmb6,0.251355998171301,0.0052471357118792,0.0291902010760622
Itpripl1,-0.522208736241154,0.0052467185234528,0.0291902010760622
2810468N07Rik,-0.974280480922661,0.0052443324946996,0.0291902010760622
Klhl33,-0.910227079355804,0.0052538536436754,0.0292191963605269
S1pr3,1.32770783074945,0.0052725009863608,0.0293139730948509
Tox2,-1.2450784401321,0.0052739167220225,0.0293139730948509
Acsf2,-0.295007064916124,0.0052833466269383,0.0293561478071544
Plekhh3,-0.341845355624959,0.0052845302149242,0.0293561478071544
Zfp458,0.33135028253291,0.0053114723414794,0.0294973695804428
Coro1c,-0.314350738704615,0.0053158869409234,0.0295134392565606
Vps26b,-0.203526119702031,0.0053331520409525,0.0296008244286738
Fam102b,0.444623450395828,0.0053451202877001,0.0296587686767328
Zkscan4,-0.807206581540332,0.0053493578221832,0.0296737962211673
Stk11ip,-0.211330911746665,0.0053516386246223,0.0296779639531785
Eva1c,0.56635549982228,0.0053563492933141,0.0296885665902322
Rab3gap1,0.129088904493911,0.005356610576809,0.0296885665902322
Tor4a,-0.303674720247539,0.0053734943239871,0.029773639024171
Vldlr,-0.573460801195331,0.005379126508411,0.0297963376446495
Gm13010,1.65924079447102,0.005390521643694,0.029850936636484
Tmem42,-0.39109268276043,0.0054034660231728,0.0299055489770812
Zfp280d,-0.265929412843546,0.0054021315987318,0.0299055489770812
Lbh,-1.03087486109348,0.0054194299554193,0.0299853489748951
Gm13421,-1.03655224158418,0.0054248935437052,0.0300070223266979
Vasn,-0.566027453364581,0.0054732841203598,0.0302660601514568
Kcna7,1.540807429299,0.0054926998148107,0.0303629753095363
Tmod1,-1.2964324448885,0.0054939397192219,0.0303629753095363
Rasal2,-0.428801298020291,0.0055041670374399,0.0304108363310035
Ahcyl1,0.145729318958529,0.0055118825175897,0.0304447960066355
Ifi30,-0.226620253665342,0.0055464278184095,0.030626888272174
Plin4,-1.09731281790902,0.0055499961936006,0.0306378737242183
Txnrd2,-0.249418820987164,0.0055632249335922,0.0307021662717363
Per3,-0.296396886315189,0.005564998356736,0.0307032209593706
Cacna1e,1.34225859252576,0.0055725698853096,0.030728316536436
Rexo4,0.169007497488481,0.0055727141770623,0.030728316536436
Prrx1,-0.143869026592497,0.0055810910486904,0.0307657644059063
Slc33a1,0.118049624539261,0.0055881754584482,0.0307960683316472
Mybl2,0.750477673981462,0.0056019505540032,0.0308632165104712
Snhg18,-0.213026124668534,0.0056349462453853,0.0310361898794939
Cry1,0.322983077588248,0.0056401991033611,0.031056306300119
Slc15a2,0.971567644969707,0.005646033555628,0.0310796127981294
Xpo6,0.186680963570423,0.005665905472983,0.0311801559267618
Haus8,-0.369113200835539,0.0056949528331054,0.0313311212853922
Bmp4,-1.10525342017195,0.0057038103489979,0.0313709569194888
Slc22a5,0.303673146838878,0.0057177351384637,0.031438632084656
Filip1l,1.3547899473567,0.0057213612688149,0.0314496583739616
Fam76b,-0.229006260475263,0.0057275212167122,0.0314746025740821
Gm10033,-0.528486442672091,0.0057330940772465,0.0314963073258471
Ltb4r1,-0.968148458260814,0.0057408318280386,0.0315298898361909
Cib2,-0.343746162825997,0.0057613357884901,0.0316335482851901
Slc25a3,-0.0928624128072891,0.0057683626322759,0.0316570797918968
Zswim3,-0.283484473819198,0.0057688844642417,0.0316570797918968
Stag3,-0.402047699535131,0.0057721744332109,0.0316644926379947
Wdr3,0.242133143045396,0.0057734990184098,0.0316644926379947
Heatr2,0.222798314726292,0.0057916999995736,0.0317553395851166
Elmod3,-0.330542515901541,0.0058160764122109,0.0318799849442209
Scamp5,-0.232003504774437,0.0058333749579032,0.0319657745504529
Chd4,0.169206863388993,0.0058369612663636,0.0319763965026877
Apobr,1.15421789346818,0.0058394720016914,0.03198112185177
9030025P20Rik,-0.371550127617739,0.0058421336923986,0.0319866710404357
Kiss1r,-0.679145102926489,0.0058448074185665,0.0319922829759845
Slc25a35,-0.730090334076677,0.005853900872459,0.0320330210178215
Gm13285,-0.699167092736887,0.0058770531189544,0.0321506452551994
Ebna1bp2,0.239328768469993,0.005887621070848,0.0321993797234315
Ppfia1,0.32241514561678,0.0059018922262044,0.0322683338284788
E530011L22Rik,-0.882807613445066,0.0059144238336559,0.0323277408642984
Zfp217,0.389342257063995,0.0059454691042038,0.032488280061383
Isg20l2,0.198264030612741,0.0059482182604615,0.0324941517809675
Jmjd8,-0.285394163951746,0.0059533757336815,0.0325131727375054
P2ry14,0.822774777441479,0.0059572218951033,0.0325250235375874
Gm20483,0.992303252842371,0.0059667485748123,0.0325678732336594
Zfand1,-0.435863373082607,0.0059939920558614,0.0327073739741103
Oaf,0.515416191145005,0.0060234249858032,0.0328587400687452
Vps13c,-0.311993579678989,0.0060251653108632,0.0328589959786368
Mir196a-1,-0.871898271413242,0.0060450413167223,0.0329581291682161
Pmm1,-0.383503285220237,0.0060599323324705,0.033030035668331
Paf1,0.184474784338054,0.006061747718639,0.0330306522697196
Tbc1d30,-1.31629378548552,0.0060746038413632,0.033091412952783
Gm12230,1.21114242416578,0.0060774255038711,0.0330974921350311
Psg16,-0.151612897411913,0.0060839740357094,0.0331238586388624
Zfp667,-0.690185355300871,0.0061041505453666,0.0332243863063938
Klrb1c,-1.42362150261264,0.0061134007661752,0.0332654033838656
Lrrc42,0.301213690267794,0.0061208318100206,0.0332965013853773
Ghitm,0.301992069126939,0.0061455436810994,0.033421560983199
Haghl,-0.297454441339975,0.0061709596980118,0.0335503788120541
Nt5m,-0.303565108979509,0.0061755821002754,0.033560510750738
Spg11,-0.125227618462869,0.0061762824103734,0.033560510750738
Mvk,-0.354840668260034,0.0061805442587116,0.0335742667402127
F11r,0.336644013185454,0.0061935666962485,0.0336355914284933
Mterf4,-0.25974950065192,0.006202099316212,0.0336725056328425
Nifk,0.378260203907819,0.006228918396609,0.0338086524665179
Ccdc51,-0.25637045894327,0.0062335620722804,0.0338243955398572
Ntn3,-0.471434436701323,0.0062795509408272,0.0340644133228435
Uhrf1bp1l,0.136422377892108,0.0063034164218739,0.034184318683634
E4f1,-0.198793290644054,0.0063289485386898,0.0343131929155457
D15Ertd621e,0.338834534367922,0.006333279985142,0.0343270851485182
Pik3r3,-0.423831941675764,0.0063556068187623,0.0344384793943772
Serpinb1a,0.368970031363317,0.006364026081894,0.0344744729461396
Arsi,-1.84639230719745,0.0063795740881313,0.0345394128365234
Hinfp,0.206636102828264,0.0063788885443478,0.0345394128365234
Smpdl3b,0.411489746646861,0.0063854832024306,0.0345617618019424
Ikzf5,0.184294515919304,0.0063904455232779,0.0345789751627676
Cd33,-1.30028128896353,0.0063992733391439,0.0346011675325094
Gm21685,-0.31101522678026,0.0063990762511146,0.0346011675325094
Rnf115,0.435120955288974,0.0063998964272405,0.0346011675325094
4930581F22Rik,-0.56730836545663,0.0064060991862634,0.0346154131468273
Cnr1,-0.698422362141057,0.0064059904354535,0.0346154131468273
2700038G22Rik,0.386584256169738,0.0064103625618215,0.0346288071129133
Cttnbp2,-0.620196937961165,0.0064161724785241,0.034650545720368
Lyzl4,0.976683830658813,0.0064306782588592,0.0347095635423935
Ldhd,-0.545931626830736,0.0064290135861573,0.0347095635423935
BC022687,-0.291882775574241,0.0064464326237091,0.0347849217548531
Gpr55,1.52377649468546,0.0064628375030769,0.0348529278064713
Loh12cr1,-0.351920828279417,0.0064644241999324,0.0348529278064713
Rbm4b,-0.271623156213111,0.0064623236913492,0.0348529278064713
AI504432,0.952613118076439,0.0064666560501421,0.0348552761102662
Tbx2,-0.490968910607778,0.0064916529598818,0.0349802927057894
Cyp2d22,-0.763978024497759,0.0064938831576029,0.0349825954442329
Dstyk,-0.266073737040773,0.0064973564733248,0.034991591731445
Nploc4,0.18271988977974,0.0065125262220753,0.035063556829398
Slc50a1,-0.173508260161369,0.0065153330345843,0.0350689381978015
Erf,-0.285790526309009,0.0065259889128656,0.0351165526525915
Coro2b,-0.434551773568034,0.0065338577495925,0.0351491477053213
Cd209c,0.373349456798787,0.006548570411015,0.0352167614172718
Mob3a,0.257339832432172,0.0065515562682505,0.0352167614172718
Baalc,-0.930253943387773,0.0065518711975031,0.0352167614172718
Herpud1,-0.190748693884118,0.0065633548198202,0.0352687169548027
Abat,0.761815170845936,0.006586836880163,0.035385100449248
Mrm1,-0.259817813656977,0.0066089224634,0.0354939195903169
Ccdc167,0.281501268826958,0.0066209796031927,0.0355488345933456
Dhdh,-0.451104450764299,0.0066279752096612,0.0355697854437091
Gm26945,-0.389335194601164,0.0066285479367373,0.0355697854437091
Arl5a,-0.136944998984976,0.0066346073783508,0.035592458271916
Alkbh7,-0.629882879286956,0.0066810026814278,0.035831447216812
Zfp322a,-0.183914949400278,0.0067162999832022,0.0360107999099355
Nyap1,-0.330726214884295,0.0067229824564748,0.0360366717086843
Gm20712,-0.588693428078725,0.006734916118395,0.0360906689757903
Gm26902,1.2798240987114,0.0067406089608046,0.0361112027265196
Mfsd3,-0.288771947700426,0.0067458685025865,0.0361294044781091
Extl2,0.460851076823683,0.0067485416286945,0.0361337477271495
Rhbdf1,0.443128795429599,0.006756712553972,0.0361675173509721
Gal3st3,-0.954368615854905,0.0067593410003664,0.0361716085965557
Lgi3,-0.908073016826947,0.006765476707821,0.0361944609976726
Flad1,-0.17640916513102,0.0067786003187893,0.0362497804636312
Gm12454,-0.740222703608821,0.0067795533551081,0.0362497804636312
Atp8a1,0.254049069200026,0.006790279570869,0.0362971307970091
Heatr5a,-0.169094880955109,0.0068125658309467,0.0364062317223051
A3galt2,0.808093805647424,0.0068145805414771,0.0364069715932884
Tmem120a,-0.18962099338019,0.0068464324650227,0.0365670728189655
R3hdm1,-0.195459254009535,0.0068607650956968,0.0366220888579149
Srp54a,0.371375305155224,0.0068623951292196,0.0366220888579149
Wwp2,-0.139767914477091,0.0068622137303304,0.0366220888579149
Cirbp,-0.401058314384401,0.0068693466786755,0.0366442428302227
Irgq,0.436400937495766,0.0068714746691126,0.0366442428302227
Tsc22d2,-0.838820919326015,0.0068722118975046,0.0366442428302227
Dclk1,0.139658204121366,0.0068919057197474,0.0367391589521921
Ust,0.477999074293476,0.0068993388773343,0.0367686821136487
Defb42,-0.475973562528284,0.0069057531458892,0.0367927605828762
Nmrk1,-0.296728782003422,0.0069165270050448,0.0368400466664533
Tnfsf13,-0.504045355530228,0.0069255959152372,0.0368782280843204
Acpp,0.720508968317679,0.006931554370284,0.0368998301785986
Dna2,-0.520786947810518,0.0069466829389224,0.0369702237374796
Papd4,0.162719748480682,0.0069492373336392,0.0369736773298426
Fam212a,0.332688514442996,0.006951569724707,0.0369759481738531
Cyfip2,-0.277952709301696,0.0069742748443258,0.0370865522278154
Rsrc2,0.348957838268997,0.0069778206694348,0.0370952417177299
Mxi1,-0.54542873521557,0.0069841079414434,0.0371184964381727
Pex10,-0.409922044520669,0.006995553896218,0.0371691478100259
Zbtb4,-0.24493011145092,0.0070013222392963,0.0371896131210802
Rnf207,-0.686983767512878,0.0070340972245828,0.037353481813302
Cdkn2d,-0.4775932218371,0.0070390340004701,0.037369470792099
Xrcc3,-0.441565943756389,0.0070591707877362,0.0374661241699218
Acap3,-0.260392644946497,0.0070612384801332,0.0374668502785084
Atat1,-0.177990696819167,0.0070942996807911,0.0376319822323867
Fv1,-0.514946141502951,0.0070999696777684,0.0376517659544736
2900076A07Rik,-0.401153755730944,0.0071057127587303,0.0376616362661578
Rasl11a,-1.09621444915636,0.0071048377018453,0.0376616362661578
Rnf169,-0.322436067364394,0.0071087361453686,0.037667371972893
Lmo2,-1.07519983605409,0.0071242174518994,0.0377390978533054
4930562F07Rik,1.37768768367814,0.0071385175755111,0.0378045292126688
4930458D05Rik,-0.831662384238082,0.0071424100209551,0.0378148223865248
Chd1,0.259233646873159,0.007152888263773,0.0378575099159856
Cyb561a3,-0.339583168675728,0.0071563258282743,0.0378575099159856
D17Wsu92e,0.185360341589339,0.0071545550303086,0.0378575099159856
Decr2,-0.237000617677568,0.0071670107438097,0.0379037003196741
Repin1,-0.287055522237621,0.0071753903414171,0.037937676889607
Supv3l1,0.257849330263536,0.007185430328022,0.0379804113552002
Serpinb1c,-0.770522481449719,0.0072003882917244,0.0380491106788183
Acot7,0.193986147701513,0.0072085735204722,0.0380819930822879
Mras,-0.151204385668348,0.007215917210555,0.0381104130521528
Lrrc59,0.244166632031559,0.0072244760762852,0.0381452336827862
Dffb,-0.237758021282861,0.0072297730679428,0.0381628173586405
Pcyox1l,-0.371759050446877,0.0072871171079775,0.0384520339124245
Prdx5,0.312425100797714,0.0072885271454286,0.0384520339124245
Kdm2b,-0.303516673002577,0.0073074603715806,0.0385414408943059
Arhgef19,-0.543722994727835,0.0073166986681063,0.0385796796075914
Atp13a3,0.352243975942816,0.0073418456490734,0.0387017584826465
Ccdc71l,0.595978191207723,0.0073749167291496,0.0388453873712183
Gm14584,0.421789504375905,0.0073737295758808,0.0388453873712183
Prrc2c,0.204326130554341,0.0073750982825998,0.0388453873712183
Dennd4a,0.235105842562133,0.0073963952723003,0.0389469888368291
Gm5278,-1.02422459889391,0.0074226117691473,0.039074432655598
Cep85,0.288054172345467,0.0074280655872663,0.0390925371997061
Trip12,0.115462501058265,0.0074668689379721,0.0392860967658384
Mgat5,-0.358392914687586,0.0074697740339267,0.039290727935569
Ahnak2,-0.377454323136313,0.0074775287666782,0.0393102054155039
Ap1b1,-0.17139646116721,0.0074760532518679,0.0393102054155039
Gm15774,-0.93905496181465,0.0074888349125003,0.039358979588883
Anapc16,-0.177961282719822,0.0074916160011706,0.0393629344399443
Mpg,-0.26654280466159,0.0074946055346041,0.0393679820772763
Hn1l,0.306845872345394,0.0075010385356295,0.0393911100799339
Hdac6,-0.132683939444816,0.0075109634689448,0.0394325582119606
Pxmp4,-0.34403985826212,0.0075165513385601,0.0394512204959212
Mau2,-0.127052342905721,0.0075440046394336,0.0395846041167038
Klf5,0.694258466490529,0.0075461907728265,0.0395853705747298
Ubox5,0.356311748062588,0.0075612714156957,0.0396355370464806
Nudt10,-0.92312660234435,0.0075611491198152,0.0396355370464806
Six1,-0.553957393985607,0.0075618819906241,0.0396355370464806
Osr2,-1.03204863519236,0.0075783820739282,0.0397112951019455
Speer7-ps1,-1.29052983945736,0.007584407399489,0.0397321385474311
Tnfrsf14,1.36877338306311,0.0076035499359787,0.0398109236259392
Zbtb14,-0.295912104772453,0.0076020271021393,0.0398109236259392
Tmem163,-0.686771888998804,0.0076156165263451,0.0398633458530352
Appl1,0.346642892192517,0.00765122106256,0.0400281190342179
ENSMUSG00000094503,0.996814135759312,0.0076506724997745,0.0400281190342179
Lrrc73,-0.563995019035185,0.0076538571651309,0.0400311170976282
ENSMUSG00000098495,-0.757580407455864,0.007667521308768,0.0400917767381663
Ccdc97,-0.20251155173979,0.0077014606681581,0.0402583897642619
Shc4,0.30590387421093,0.0077527480709416,0.0405155732745895
C87436,-0.382173064837407,0.0077613340922483,0.040549522543346
Hoxa11os,-0.992726430328954,0.0078065273888236,0.0407746588028894
5830432E09Rik,-0.63860850400767,0.0078115082874625,0.0407787212294653
Sh3rf2,-0.55833390268893,0.0078111317825569,0.0407787212294653
Ercc5,-0.338002786765349,0.0078324430450063,0.0408770104479031
Gm14017,1.74568340354278,0.0078519081035902,0.0409675786077075
Fam65c,0.80189543356808,0.0078704571560847,0.0410460560341567
Foxa3,1.62068986333943,0.0078711798857502,0.0410460560341567
Gm5067,-1.97804103619594,0.0078751924883983,0.0410559470835252
Snapin,-0.177556297405615,0.0078790421572472,0.0410649836205279
Fmo5,-0.583347393322623,0.0078863303479,0.0410919318127421
Vezt,0.239309832616391,0.0079054045551664,0.0411802603995841
Cacybp,0.393230825932024,0.00791669567229,0.0412280093465153
Prex2,-0.424774946409884,0.0079199245147197,0.0412337577900782
Gm28043,0.298188707340043,0.0079367917733375,0.041310490227962
Gm16565,-0.94364366083555,0.0079390006741131,0.041310906162642
Gm21982,-1.31127102529827,0.0079455069132342,0.0413336772505086
Gli2,-1.20237024022029,0.007962244615366,0.0413985515853596
Zfp879,-0.794896617021492,0.0079617575486723,0.0413985515853596
Tmx4,-0.418035528924846,0.0079734760486909,0.0414458422847035
Plin3,-0.294684761151715,0.0079871989226642,0.0415060546050822
Adamtsl2,-0.727805514879992,0.0079956096306169,0.0415386370207475
Gm16200,1.17282227388325,0.008024331157674,0.0416543932005103
Hdac7,-0.445946359453441,0.0080214135414792,0.0416543932005103
Tmem178b,-0.744898162951792,0.0080238697660622,0.0416543932005103
Arhgef39,-0.512781803515275,0.0080270244191911,0.0416572296951015
BC029214,-0.354289091251717,0.0080490981407969,0.0417606150598996
1810013L24Rik,-0.267292390857691,0.0080545731669727,0.0417638426334738
Actr3b,-0.68730606685669,0.0080554537446062,0.0417638426334738
Gm16529,-0.419866067549533,0.0080570891367135,0.0417638426334738
Trim2,-0.147967244174375,0.0080583295619318,0.0417638426334738
Pbld2,-0.419758252661374,0.0080634276225069,0.0417709062960707
Hexim2,-0.624289657791829,0.0080639978862647,0.0417709062960707
Pard6b,-0.539818217141631,0.0080777491956649,0.0418309702142199
Krit1,0.109217197062815,0.0080852917466324,0.0418588583382218
Rtl1,-0.415559336439823,0.0080880129193837,0.0418617771906432
Uty,-0.161026687247609,0.0081045390243128,0.0419361267274043
Prpf4,0.25980336438688,0.0081207408610989,0.0420087591758904
Cyp2s1,-0.869873326592344,0.008150392220716,0.0421509090220614
Supt6,0.214760739091912,0.0081774812790174,0.0422797353418744
Letm2,-0.345270270394112,0.0082253297892439,0.0425157962787664
Rrp9,0.414756759708053,0.0082461099156493,0.0426118553404156
A530072M11Rik,-0.801151012699589,0.0083068941793996,0.0429145299938953
Tnfrsf11a,0.642709422838794,0.0083203424403368,0.0429725644696026
Apc,0.121277890301236,0.0083225763542994,0.042972664071002
Ppp1r16a,0.34894488482541,0.008328785546099,0.0429932840480197
AI317395,-0.686964544275133,0.0083337936450628,0.0430076946512766
Sowahc,0.401917225053606,0.0083580594778718,0.0431214533657604
Zfp26,0.279772380645623,0.0084009686184698,0.0433313118215812
4933421O10Rik,-0.282242463431249,0.0084036510568727,0.0433336287822371
Dclre1a,-0.204389597415386,0.0084167669567032,0.0433897306131427
Arl10,-0.343123730283042,0.0084284201458469,0.0434382641460862
Nudt18,-0.209875832422826,0.0084490215480186,0.0435328768236201
Foxo4,-0.202160387086912,0.008464982995211,0.0436035386352734
Acot2,-0.421941250057728,0.0084712614888748,0.0436242988137281
Mavs,-0.169130870775802,0.0084773140578835,0.0436438848445666
Slc5a7,-0.357369172243907,0.0084825399819812,0.0436592057852426
H60b,0.640471763788578,0.008488414074562,0.0436778538060998
Cdc73,0.170294177551585,0.0084937860066824,0.0436802109281854
Gabpa,0.108424713772544,0.0084956254402685,0.0436802109281854
Khk,-0.430679701317428,0.0084923062414386,0.0436802109281854
Rogdi,-0.398753193037611,0.0084981576755656,0.0436816560362053
M6pr,0.390652613502557,0.0085051863672537,0.0437062066393517
Atf7,-0.128116391191578,0.0085432450447929,0.0438901580220179
Tom1l1,-0.222508688033832,0.0085493968747862,0.0439101368338679
L1cam,-0.415323984893175,0.0085556071102084,0.0439304049659923
Tmem71,-1.14724230592813,0.0085688240746679,0.0439866302499623
U90926,0.743315059064945,0.008581526734172,0.0440401863924555
Hist1h2bq,-1.17305233035636,0.0085889389893212,0.0440665711657297
Kif3c,-0.189453766679927,0.0086529629183095,0.0443833181250008
2810410L24Rik,-0.774195573769999,0.0086553401525693,0.0443837791544546
Ccdc57,-0.412247528300217,0.0086755477384783,0.0444571808341155
Cnot11,0.167939815504595,0.0086776790815792,0.0444571808341155
Gm14231,-1.39479460054027,0.008678818851764,0.0444571808341155
Pou3f3,-0.613159627139675,0.0086781048000886,0.0444571808341155
Piwil2,0.549261275418989,0.0087025822212132,0.0445671431566172
Fam181b,-1.33528226116575,0.0087894834034583,0.0450002997257797
Papolb,0.658708263113443,0.0087952318182869,0.0450178523350144
Pgpep1,-0.408216568298394,0.0087994259860572,0.0450274424666285
Mettl13,-0.230005683366426,0.0088279815277596,0.0451616539848794
Mbtd1,0.193832590532812,0.0088357467997663,0.0451775575501098
Tspan4,-0.224120002796326,0.0088349779047674,0.0451775575501098
Ccdc64,-0.57670520590853,0.008840243940437,0.0451886442097576
D330041H03Rik,-0.560427404605999,0.0088523338904539,0.0452385269450536
Ptgr2,-0.184011376156356,0.0088656462495163,0.0452946287060598
Atp6v0d2,-1.07726066179336,0.0088890504143372,0.0453902984841581
Zfp791,-0.835740811489819,0.0088887673609661,0.0453902984841581
Grhpr,-0.297191696917928,0.0088969756283036,0.0454188148096828
Gm16998,0.881867039471246,0.0089037847801989,0.0454416201670122
Gm21981,-0.528170041390397,0.0089140237108562,0.0454819132488703
Rpp38,0.576466416220283,0.0089258305843094,0.0455268049424647
Zfp358,-0.30216692621365,0.0089275145746278,0.0455268049424647
Rhobtb3,-0.226522765860441,0.0089310518644574,0.0455328771355577
Rnf4,0.239879582225227,0.0089342141563853,0.0455370348018128
Pdcd10,0.393172440085214,0.008955952877336,0.0456120420963741
Riok1,0.141232408695114,0.0089553867341936,0.0456120420963741
Serping1,0.8583515804867,0.0089559822916504,0.0456120420963741
Sox6,0.656587931250826,0.0089690076972137,0.0456663934286895
Mlh3,-0.197468731641815,0.0089792583119704,0.0457058577548071
Rmnd1,-0.193917135271075,0.0089814695742671,0.0457058577548071
Pmpcb,0.166179019776706,0.008989537412325,0.0457349197558351
Trim7,-0.31298918874949,0.0090114784033498,0.0458345286863957
Fam193b,-0.263131642083787,0.0090276412598021,0.0458926777587636
Hmgcll1,-0.657130775881266,0.0090266269570882,0.0458926777587636
P4ha2,0.50997786358604,0.0090364706203761,0.0459255306227812
A730020E08Rik,-0.694649886192823,0.0090410123806377,0.0459365813652514
Fam179b,0.112199000674181,0.0090561431672257,0.0460014141405364
Tldc1,-0.24435057428408,0.0090608818865169,0.046013439446735
Zfhx4,-0.450532150879341,0.0090759023943703,0.04607765830988
Gripap1,0.18490038327581,0.0091019342498402,0.0461977327187809
Gm14698,0.273904875504077,0.0091277001212962,0.0463163946531467
2900026A02Rik,-0.605235496164534,0.0091407476422311,0.0463704750980006
Gm12112,0.432472162600324,0.009188410803722,0.0466000844839057
Kcnd1,-0.414714359874421,0.0092060847300937,0.0466775197550927
5730405O15Rik,-0.571655562237338,0.0092302260599635,0.0467876976142979
Soat1,-0.353305403183529,0.0092402598138804,0.046826325784418
Gm12033,1.42667567422252,0.0092564001810739,0.0468958718312162
Btbd10,0.196087606851226,0.009285920438338,0.0470249909574614
Cers5,-0.148590209537071,0.0092867329081113,0.0470249909574614
Gtpbp8,-0.270765445640157,0.0093092294127169,0.0470956039380962
Hdac4,-0.411029199978657,0.0093092129759426,0.0470956039380962
Lyplal1,-0.438726296112081,0.0093103863485125,0.0470956039380962
Prickle4,-1.62886295291734,0.0093098690121556,0.0470956039380962
Gm11545,-1.03298704962156,0.009317902904285,0.0471213416613885
Ube3b,-0.167974487710611,0.0093280511228271,0.0471603710232774
Tbccd1,-0.429434542019536,0.0093642937629764,0.0473312727733251
Cd244,-0.744804456297726,0.0093703536971639,0.0473440032933453
Gmppb,0.147821433873957,0.0093741321713581,0.0473440032933453
Tnfrsf10b,0.384309017060083,0.0093726892709923,0.0473440032933453
Brf1,-0.139301652515123,0.0093789470006038,0.0473549872387938
Ppp3cc,0.316341045989803,0.009381187948151,0.0473549872387938
Tmem56,0.596992866637748,0.0093922749715138,0.0473986225090388
Gm12258,-0.41760767664081,0.0094084549946189,0.0474679305032727
Unc93a,0.726957093767364,0.0094329890304655,0.0475793395235646
Runx1t1,-0.92135192511395,0.0094497342235104,0.0476514144680344
Esf1,0.448996228432452,0.0094534309411694,0.0476572154221026
Gpatch8,-0.151735029148313,0.0094557967107346,0.0476572154221026
Slk,0.219381946332487,0.0094630045920263,0.0476811584273381
Hpcal1,-0.170132229842935,0.0094700971692768,0.0477045081704696
Cdh9,-1.44136293892472,0.0094753073790541,0.0477183660480576
Banp,-0.196257711186383,0.0094851092566151,0.0477501596061184
Pcsk2os1,0.962181360907221,0.0094865422223039,0.0477501596061184
B3gnt5,0.542412677894696,0.009493553796722,0.0477516876548253
Endod1,0.563601271406188,0.0094942285596946,0.0477516876548253
Tbkbp1,-0.456848135612516,0.0094915872301826,0.0477516876548253
9930111J21Rik1,1.32011192989255,0.0094987505874386,0.0477620514119358
Gm22174,-1.38580812252339,0.0095395518060971,0.0479423629229496
Pkib,-0.339685565165985,0.0095373369462367,0.0479423629229496
Tnfsf11,1.37880513086227,0.0095521296438703,0.047993144383651
Gm26602,-0.701797239593358,0.0095629442350033,0.0480216628588638
Zfp608,-0.564613539596896,0.0095652302076638,0.0480216628588638
Zfp786,-0.701020380118759,0.0095617341644341,0.0480216628588638
Cdk19,-0.382109964967048,0.0095952865618322,0.0481600984081205
Chn1os3,-0.590626617626212,0.0096321484931688,0.0483326116786783
Hoxa10,-0.862435148478965,0.0096534826707505,0.0484103937095019
Mcph1,-0.258059961872273,0.0096601239148212,0.0484103937095019
Pnpla1os,0.977451899581253,0.0096533950260029,0.0484103937095019
Rala,0.290090945317099,0.0096576970905955,0.0484103937095019
Rapgef1,0.195178251720507,0.0096560056336801,0.0484103937095019
A930007I19Rik,-0.572935504638573,0.0096831345759081,0.0484887044865528
Aldh1a2,1.01441502261426,0.0096793778134696,0.0484887044865528
Cspp1,-0.163180893651478,0.009683247262698,0.0484887044865528
Speer4a,-1.74308089952886,0.0096980418869268,0.0485502592296
Dym,-0.204371599625956,0.0097068671423517,0.0485568574452679
Gm11274,-0.685616838744224,0.0097027439364202,0.0485568574452679
Rassf6,0.711540516713605,0.0097066712722652,0.0485568574452679
Greb1l,-0.469481701635316,0.0097143019525089,0.0485815245068254
Uqcc3,-0.470273713853443,0.0097301056800742,0.0486480212873385
Abcc6,-1.13732007925356,0.0097588204560186,0.0487790190954624
Hebp1,-0.162072469855308,0.0097796362572142,0.0488704769340679
Trf,-0.561658012518401,0.0098192904937165,0.0490560022502768
Pak7,-1.43537455147209,0.0098309814162903,0.0491017666413638
Baiap2l1,-0.441903407888851,0.0098372750384173,0.0491205570883815
Selenbp1,-1.26987138287073,0.0098530589919431,0.049186713835777
Ggnbp1,-0.370494719337069,0.0098565362049718,0.0491914168007392
Fbxl17,-0.121826236127217,0.0098716768472374,0.0492543115309322
Doc2b,-1.20350886640882,0.0098864750916752,0.0493154659842845
Zfp213,0.292524646511365,0.0099001443757082,0.0493709589992913
Zfand2b,0.207517279059101,0.0099042776803556,0.0493788808092551
5031410I06Rik,-1.48504391943103,0.0099493543171217,0.0495908736628384
Maz,-0.287404237483422,0.0100030855018022,0.0498458836869464
Yrdc,0.36260719692474,0.0100106174489953,0.0498706087240836
Slc37a4,-0.355372047014587,0.0100227044392737,0.049918007428046
2900041M22Rik,-1.03996636765454,0.0100316761922374,0.0499498703705862
